timestamp,target_steer,target_accel,target_brake,target_gear,angle,gear,rpm,speedX,speedY,speedZ,track_0,track_1,track_2,track_3,track_4,track_5,track_6,track_7,track_8,track_9,track_10,track_11,track_12,track_13,track_14,track_15,track_16,track_17,track_18,trackPos,wheelSpinVel_0,wheelSpinVel_1,wheelSpinVel_2,wheelSpinVel_3
1.2775225639343262,0.13301745150238276,0.9999847412109375,0.0,1,0.00822276,0.0,5235.99,-0.00913045,-0.00302988,0.00318209,5.70304,12.6267,22.455,140.486,90.9268,77.357,71.6721,67.3518,64.5773,62.0267,59.6744,57.4982,54.7119,51.8501,47.2417,40.0655,31.0431,22.7658,11.2227,0.333439,0.0,0.0,0.0,0.0
1.2977769374847412,0.09598499536514282,0.9999847412109375,0.0,1,0.00822276,0.0,5386.69,-0.00913045,-0.00302988,0.00318209,5.70304,12.6267,22.455,140.486,90.9268,77.357,71.6721,67.3518,64.5773,62.0267,59.6744,57.4982,54.7119,51.8501,47.2417,40.0655,31.0431,22.7658,11.2227,0.333439,0.0,0.0,0.0,0.0
1.3185715675354004,0.09598499536514282,0.9999847412109375,0.0,1,0.00822276,0.0,5542.21,-0.00913045,-0.00302988,0.00318209,5.70304,12.6267,22.455,140.486,90.9268,77.357,71.6721,67.3518,64.5773,62.0267,59.6744,57.4982,54.7119,51.8501,47.2417,40.0655,31.0431,22.7658,11.2227,0.333439,0.0,0.0,0.0,0.0
1.338857889175415,0.09598499536514282,0.9999847412109375,0.0,1,0.00822276,0.0,5702.71,-0.00913045,-0.00302988,0.00318209,5.70304,12.6267,22.455,140.486,90.9268,77.357,71.6721,67.3518,64.5773,62.0267,59.6744,57.4982,54.7119,51.8501,47.2417,40.0655,31.0431,22.7658,11.2227,0.333439,0.0,0.0,0.0,0.0
1.358185052871704,0.11111789289861917,0.9999847412109375,0.0,1,0.00822276,0.0,5868.34,-0.00913045,-0.00302988,0.00318209,5.70304,12.6267,22.455,140.486,90.9268,77.357,71.6721,67.3518,64.5773,62.0267,59.6744,57.4982,54.7119,51.8501,47.2417,40.0655,31.0431,22.7658,11.2227,0.333439,0.0,0.0,0.0,0.0
1.3800842761993408,0.13879990577697754,0.9999847412109375,0.0,1,0.00822276,0.0,6039.26,-0.00913045,-0.00302988,0.00318209,5.70304,12.6267,22.455,140.486,90.9268,77.357,71.6721,67.3518,64.5773,62.0267,59.6744,57.4982,54.7119,51.8501,47.2417,40.0655,31.0431,22.7658,11.2227,0.333439,0.0,0.0,0.0,0.0
1.4000914096832275,0.18272180948406458,0.9999847412109375,0.0,1,0.00822276,0.0,6215.65,-0.00913045,-0.00302988,0.00318209,5.70304,12.6267,22.455,140.486,90.9268,77.357,71.6721,67.3518,64.5773,62.0267,59.6744,57.4982,54.7119,51.8501,47.2417,40.0655,31.0431,22.7658,11.2227,0.333439,0.0,0.0,0.0,0.0
1.4191570281982422,0.21778537333011627,0.9999847412109375,0.0,1,0.00822276,0.0,6397.68,-0.00913045,-0.00302988,0.00318209,5.70304,12.6267,22.455,140.486,90.9268,77.357,71.6721,67.3518,64.5773,62.0267,59.6744,57.4982,54.7119,51.8501,47.2417,40.0655,31.0431,22.7658,11.2227,0.333439,0.0,0.0,0.0,0.0
1.4392688274383545,0.23267197981476784,0.9999847412109375,0.0,1,0.00822276,0.0,6585.53,-0.00913045,-0.00302988,0.00318209,5.70304,12.6267,22.455,140.486,90.9268,77.357,71.6721,67.3518,64.5773,62.0267,59.6744,57.4982,54.7119,51.8501,47.2417,40.0655,31.0431,22.7658,11.2227,0.333439,0.0,0.0,0.0,0.0
1.4587814807891846,0.23267197981476784,0.9999847412109375,0.0,1,0.00822276,0.0,6779.4,-0.00913045,-0.00302988,0.00318209,5.70304,12.6267,22.455,140.486,90.9268,77.357,71.6721,67.3518,64.5773,62.0267,59.6744,57.4982,54.7119,51.8501,47.2417,40.0655,31.0431,22.7658,11.2227,0.333439,0.0,0.0,0.0,0.0
1.47894287109375,0.22516716364771128,0.9999847412109375,0.0,1,0.00822276,0.0,6979.46,-0.00913045,-0.00302988,0.00318209,5.70304,12.6267,22.455,140.486,90.9268,77.357,71.6721,67.3518,64.5773,62.0267,59.6744,57.4982,54.7119,51.8501,47.2417,40.0655,31.0431,22.7658,11.2227,0.333439,0.0,0.0,0.0,0.0
1.49900484085083,0.1894884705543518,0.9999847412109375,0.0,1,0.00822276,0.0,7185.91,-0.00913045,-0.00302988,0.00318209,5.70304,12.6267,22.455,140.486,90.9268,77.357,71.6721,67.3518,64.5773,62.0267,59.6744,57.4982,54.7119,51.8501,47.2417,40.0655,31.0431,22.7658,11.2227,0.333439,0.0,0.0,0.0,0.0
1.5185792446136475,0.1695575648918748,0.9999847412109375,0.0,1,0.00822276,0.0,7398.97,-0.00913045,-0.00302988,0.00318209,5.70304,12.6267,22.455,140.486,90.9268,77.357,71.6721,67.3518,64.5773,62.0267,59.6744,57.4982,54.7119,51.8501,47.2417,40.0655,31.0431,22.7658,11.2227,0.333439,0.0,0.0,0.0,0.0
1.5386204719543457,0.15688542369753122,0.9999847412109375,0.0,1,0.00822276,0.0,7618.85,-0.00913045,-0.00302988,0.00318209,5.70304,12.6267,22.455,140.486,90.9268,77.357,71.6721,67.3518,64.5773,62.0267,59.6744,57.4982,54.7119,51.8501,47.2417,40.0655,31.0431,22.7658,11.2227,0.333439,0.0,0.0,0.0,0.0
1.5586767196655273,0.15073389187455177,0.9999847412109375,0.0,1,0.00822276,0.0,7845.75,-0.00913045,-0.00302988,0.00318209,5.70304,12.6267,22.455,140.486,90.9268,77.357,71.6721,67.3518,64.5773,62.0267,59.6744,57.4982,54.7119,51.8501,47.2417,40.0655,31.0431,22.7658,11.2227,0.333439,0.0,0.0,0.0,0.0
1.5782256126403809,0.15073389187455177,0.9999847412109375,0.0,1,0.00822276,0.0,8079.91,-0.00913045,-0.00302988,0.00318209,5.70304,12.6267,22.455,140.486,90.9268,77.357,71.6721,67.3518,64.5773,62.0267,59.6744,57.4982,54.7119,51.8501,47.2417,40.0655,31.0431,22.7658,11.2227,0.333439,0.0,0.0,0.0,0.0
1.5989513397216797,0.15073389187455177,0.9999847412109375,0.0,1,0.00822276,0.0,8321.56,-0.00913045,-0.00302988,0.00318209,5.70304,12.6267,22.455,140.486,90.9268,77.357,71.6721,67.3518,64.5773,62.0267,59.6744,57.4982,54.7119,51.8501,47.2417,40.0655,31.0431,22.7658,11.2227,0.333439,0.0,0.0,0.0,0.0
1.6186838150024414,0.15073389187455177,0.9999847412109375,0.0,1,0.00822276,0.0,8570.94,-0.00913045,-0.00302988,0.00318209,5.70304,12.6267,22.455,140.486,90.9268,77.357,71.6721,67.3518,64.5773,62.0267,59.6744,57.4982,54.7119,51.8501,47.2417,40.0655,31.0431,22.7658,11.2227,0.333439,0.0,0.0,0.0,0.0
1.6390044689178467,0.15073389187455177,0.9999847412109375,0.0,1,0.00822276,0.0,8828.3,-0.00913045,-0.00302988,0.00318209,5.70304,12.6267,22.455,140.486,90.9268,77.357,71.6721,67.3518,64.5773,62.0267,59.6744,57.4982,54.7119,51.8501,47.2417,40.0655,31.0431,22.7658,11.2227,0.333439,0.0,0.0,0.0,0.0
1.6596112251281738,0.15688542369753122,0.9999847412109375,0.0,1,0.00822276,0.0,9093.88,-0.00913045,-0.00302988,0.00318209,5.70304,12.6267,22.455,140.486,90.9268,77.357,71.6721,67.3518,64.5773,62.0267,59.6744,57.4982,54.7119,51.8501,47.2417,40.0655,31.0431,22.7658,11.2227,0.333439,0.0,0.0,0.0,0.0
1.6792733669281006,0.15688542369753122,0.9999847412109375,0.0,1,0.00822276,0.0,9367.96,-0.00913045,-0.00302988,0.00318209,5.70304,12.6267,22.455,140.486,90.9268,77.357,71.6721,67.3518,64.5773,62.0267,59.6744,57.4982,54.7119,51.8501,47.2417,40.0655,31.0431,22.7658,11.2227,0.333439,0.0,0.0,0.0,0.0
1.6989178657531738,0.15688542369753122,0.9999847412109375,0.0,1,0.00822276,0.0,9648.33,-0.00913045,-0.00302988,0.00318209,5.70304,12.6267,22.455,140.486,90.9268,77.357,71.6721,67.3518,64.5773,62.0267,59.6744,57.4982,54.7119,51.8501,47.2417,40.0655,31.0431,22.7658,11.2227,0.333439,0.0,0.0,0.0,0.0
1.7192447185516357,0.15073389187455177,0.9999847412109375,0.0,1,0.00822276,0.0,9928.97,-0.00913045,-0.00302988,0.00318209,5.70304,12.6267,22.455,140.486,90.9268,77.357,71.6721,67.3518,64.5773,62.0267,59.6744,57.4982,54.7119,51.8501,47.2417,40.0655,31.0431,22.7658,11.2227,0.333439,0.0,0.0,0.0,0.0
1.7390437126159668,0.15073389187455177,0.9999847412109375,0.0,1,0.00822276,0.0,10209.6,-0.00913045,-0.00302988,0.00318209,5.70304,12.6267,22.455,140.486,90.9268,77.357,71.6721,67.3518,64.5773,62.0267,59.6744,57.4982,54.7119,51.8501,47.2417,40.0655,31.0431,22.7658,11.2227,0.333439,0.0,0.0,0.0,0.0
1.7587616443634033,0.15073389187455177,0.9999847412109375,0.0,1,0.00822276,0.0,10490.3,-0.00913045,-0.00302988,0.00318209,5.70304,12.6267,22.455,140.486,90.9268,77.357,71.6721,67.3518,64.5773,62.0267,59.6744,57.4982,54.7119,51.8501,47.2417,40.0655,31.0431,22.7658,11.2227,0.333439,0.0,0.0,0.0,0.0
1.778116226196289,0.13879990577697754,0.9999847412109375,0.0,1,0.00822276,0.0,10770.9,-0.00913045,-0.00302988,0.00318209,5.70304,12.6267,22.455,140.486,90.9268,77.357,71.6721,67.3518,64.5773,62.0267,59.6744,57.4982,54.7119,51.8501,47.2417,40.0655,31.0431,22.7658,11.2227,0.333439,0.0,0.0,0.0,0.0
1.7986187934875488,0.13879990577697754,0.9999847412109375,0.0,1,0.00822276,0.0,11051.5,-0.00913045,-0.00302988,0.00318209,5.70304,12.6267,22.455,140.486,90.9268,77.357,71.6721,67.3518,64.5773,62.0267,59.6744,57.4982,54.7119,51.8501,47.2417,40.0655,31.0431,22.7658,11.2227,0.333439,0.0,0.0,0.0,0.0
1.8184819221496582,0.13879990577697754,0.9999847412109375,0.0,1,0.00822276,0.0,11332.2,-0.00913045,-0.00302988,0.00318209,5.70304,12.6267,22.455,140.486,90.9268,77.357,71.6721,67.3518,64.5773,62.0267,59.6744,57.4982,54.7119,51.8501,47.2417,40.0655,31.0431,22.7658,11.2227,0.333439,0.0,0.0,0.0,0.0
1.8385114669799805,0.13879990577697754,0.9999847412109375,0.0,1,0.00822276,0.0,11612.8,-0.00913045,-0.00302988,0.00318209,5.70304,12.6267,22.455,140.486,90.9268,77.357,71.6721,67.3518,64.5773,62.0267,59.6744,57.4982,54.7119,51.8501,47.2417,40.0655,31.0431,22.7658,11.2227,0.333439,0.0,0.0,0.0,0.0
1.8586714267730713,0.13879990577697754,0.9999847412109375,0.0,1,0.00822276,0.0,11893.5,-0.00913045,-0.00302988,0.00318209,5.70304,12.6267,22.455,140.486,90.9268,77.357,71.6721,67.3518,64.5773,62.0267,59.6744,57.4982,54.7119,51.8501,47.2417,40.0655,31.0431,22.7658,11.2227,0.333439,0.0,0.0,0.0,0.0
1.879152536392212,0.13879990577697754,0.9999847412109375,0.0,1,0.00822276,0.0,12174.1,-0.00913045,-0.00302988,0.00318209,5.70304,12.6267,22.455,140.486,90.9268,77.357,71.6721,67.3518,64.5773,62.0267,59.6744,57.4982,54.7119,51.8501,47.2417,40.0655,31.0431,22.7658,11.2227,0.333439,0.0,0.0,0.0,0.0
1.8991985321044922,0.13879990577697754,0.9999847412109375,0.0,1,0.00822276,0.0,12454.7,-0.00913045,-0.00302988,0.00318209,5.70304,12.6267,22.455,140.486,90.9268,77.357,71.6721,67.3518,64.5773,62.0267,59.6744,57.4982,54.7119,51.8501,47.2417,40.0655,31.0431,22.7658,11.2227,0.333439,0.0,0.0,0.0,0.0
1.9189624786376953,0.13879990577697754,0.9999847412109375,0.0,1,0.00822276,0.0,12735.6,-0.00913045,-0.00302988,0.00318209,5.70304,12.6267,22.455,140.486,90.9268,77.357,71.6721,67.3518,64.5773,62.0267,59.6744,57.4982,54.7119,51.8501,47.2417,40.0655,31.0431,22.7658,11.2227,0.333439,0.0,0.0,0.0,0.0
1.9406249523162842,0.13879990577697754,0.9999847412109375,0.0,1,0.00822276,0.0,13017.4,-0.00913045,-0.00302988,0.00318209,5.70304,12.6267,22.455,140.486,90.9268,77.357,71.6721,67.3518,64.5773,62.0267,59.6744,57.4982,54.7119,51.8501,47.2417,40.0655,31.0431,22.7658,11.2227,0.333439,0.0,0.0,0.0,0.0
1.9571402072906494,0.13301745150238276,0.9999847412109375,0.0,1,0.00822276,0.0,13300.3,-0.00913045,-0.00302988,0.00318209,5.70304,12.6267,22.455,140.486,90.9268,77.357,71.6721,67.3518,64.5773,62.0267,59.6744,57.4982,54.7119,51.8501,47.2417,40.0655,31.0431,22.7658,11.2227,0.333439,0.0,0.0,0.0,0.0
1.9777042865753174,0.13301745150238276,0.9999847412109375,0.0,1,0.00822276,0.0,13584.3,-0.00913045,-0.00302988,0.00318209,5.70304,12.6267,22.455,140.486,90.9268,77.357,71.6721,67.3518,64.5773,62.0267,59.6744,57.4982,54.7119,51.8501,47.2417,40.0655,31.0431,22.7658,11.2227,0.333439,0.0,0.0,0.0,0.0
1.9986798763275146,0.13301745150238276,0.9999847412109375,0.0,1,0.00822276,0.0,13869.5,-0.00913045,-0.00302988,0.00318209,5.70304,12.6267,22.455,140.486,90.9268,77.357,71.6721,67.3518,64.5773,62.0267,59.6744,57.4982,54.7119,51.8501,47.2417,40.0655,31.0431,22.7658,11.2227,0.333439,0.0,0.0,0.0,0.0
2.0191092491149902,0.12735802307724953,0.9999847412109375,0.0,1,0.00822276,0.0,14155.8,-0.00913045,-0.00302988,0.00318209,5.70304,12.6267,22.455,140.486,90.9268,77.357,71.6721,67.3518,64.5773,62.0267,59.6744,57.4982,54.7119,51.8501,47.2417,40.0655,31.0431,22.7658,11.2227,0.333439,0.0,0.0,0.0,0.0
2.040053367614746,0.12735802307724953,0.9999847412109375,0.0,1,0.00822276,0.0,14443.2,-0.00913045,-0.00302988,0.00318209,5.70304,12.6267,22.455,140.486,90.9268,77.357,71.6721,67.3518,64.5773,62.0267,59.6744,57.4982,54.7119,51.8501,47.2417,40.0655,31.0431,22.7658,11.2227,0.333439,0.0,0.0,0.0,0.0
2.059605121612549,0.12735802307724953,0.9999847412109375,0.0,1,0.00822276,0.0,14731.7,-0.00913045,-0.00302988,0.00318209,5.70304,12.6267,22.455,140.486,90.9268,77.357,71.6721,67.3518,64.5773,62.0267,59.6744,57.4982,54.7119,51.8501,47.2417,40.0655,31.0431,22.7658,11.2227,0.333439,0.0,0.0,0.0,0.0
2.0801584720611572,0.12735802307724953,0.9999847412109375,0.0,1,0.00822276,0.0,15021.4,-0.00913045,-0.00302988,0.00318209,5.70304,12.6267,22.455,140.486,90.9268,77.357,71.6721,67.3518,64.5773,62.0267,59.6744,57.4982,54.7119,51.8501,47.2417,40.0655,31.0431,22.7658,11.2227,0.333439,0.0,0.0,0.0,0.0
2.099475145339966,0.12735802307724953,0.9999847412109375,0.0,1,0.00822276,0.0,15312.3,-0.00913045,-0.00302988,0.00318209,5.70304,12.6267,22.455,140.486,90.9268,77.357,71.6721,67.3518,64.5773,62.0267,59.6744,57.4982,54.7119,51.8501,47.2417,40.0655,31.0431,22.7658,11.2227,0.333439,0.0,0.0,0.0,0.0
2.1196634769439697,0.12735802307724953,0.9999847412109375,0.0,1,0.00822276,0.0,15604.2,-0.00913045,-0.00302988,0.00318209,5.70304,12.6267,22.455,140.486,90.9268,77.357,71.6721,67.3518,64.5773,62.0267,59.6744,57.4982,54.7119,51.8501,47.2417,40.0655,31.0431,22.7658,11.2227,0.333439,0.0,0.0,0.0,0.0
2.1397509574890137,0.12735802307724953,0.9999847412109375,0.0,1,0.00822276,0.0,15897.4,-0.00913045,-0.00302988,0.00318209,5.70304,12.6267,22.455,140.486,90.9268,77.357,71.6721,67.3518,64.5773,62.0267,59.6744,57.4982,54.7119,51.8501,47.2417,40.0655,31.0431,22.7658,11.2227,0.333439,0.0,0.0,0.0,0.0
2.1597516536712646,0.12735802307724953,0.9999847412109375,0.0,1,0.00822276,0.0,16191.7,-0.00913045,-0.00302988,0.00318209,5.70304,12.6267,22.455,140.486,90.9268,77.357,71.6721,67.3518,64.5773,62.0267,59.6744,57.4982,54.7119,51.8501,47.2417,40.0655,31.0431,22.7658,11.2227,0.333439,0.0,0.0,0.0,0.0
2.1793482303619385,0.12735802307724953,0.9999847412109375,0.0,1,0.00822276,0.0,16487.1,-0.00913045,-0.00302988,0.00318209,5.70304,12.6267,22.455,140.486,90.9268,77.357,71.6721,67.3518,64.5773,62.0267,59.6744,57.4982,54.7119,51.8501,47.2417,40.0655,31.0431,22.7658,11.2227,0.333439,0.0,0.0,0.0,0.0
2.199404239654541,0.12735802307724953,0.9999847412109375,0.0,1,0.00822276,0.0,16783.8,-0.00913045,-0.00302988,0.00318209,5.70304,12.6267,22.455,140.486,90.9268,77.357,71.6721,67.3518,64.5773,62.0267,59.6744,57.4982,54.7119,51.8501,47.2417,40.0655,31.0431,22.7658,11.2227,0.333439,0.0,0.0,0.0,0.0
2.2192814350128174,0.12735802307724953,0.9999847412109375,0.0,1,0.00822276,0.0,17080.9,-0.00913045,-0.00302988,0.00318209,5.70304,12.6267,22.455,140.486,90.9268,77.357,71.6721,67.3518,64.5773,62.0267,59.6744,57.4982,54.7119,51.8501,47.2417,40.0655,31.0431,22.7658,11.2227,0.333439,0.0,0.0,0.0,0.0
2.2399516105651855,0.12735802307724953,0.9999847412109375,0.0,1,0.00822276,0.0,17378.1,-0.00913045,-0.00302988,0.00318209,5.70304,12.6267,22.455,140.486,90.9268,77.357,71.6721,67.3518,64.5773,62.0267,59.6744,57.4982,54.7119,51.8501,47.2417,40.0655,31.0431,22.7658,11.2227,0.333439,0.0,0.0,0.0,0.0
2.2789978981018066,0.12735802307724953,0.9999847412109375,0.0,1,0.00871819,0.0,17972.4,-0.015692,0.0134417,0.00258141,5.70583,12.6461,22.5476,139.763,90.6258,77.14,71.4863,67.188,64.4269,61.8885,59.5467,57.3799,54.6051,51.7543,47.1628,40.0054,31.0006,22.7401,11.2173,0.33345,0.808148,-0.805134,1.05327,-1.08363
2.2980031967163086,0.12735802307724953,0.9999847412109375,0.0,1,0.00862521,1.0,5249.36,0.264551,-0.0184279,0.00407771,5.70534,12.6425,22.531,139.897,90.6805,77.1794,71.5199,67.2176,64.454,61.9131,59.5695,57.4011,54.6243,51.7713,47.1768,40.0161,31.0081,22.7447,11.2183,0.333443,-0.542628,0.270944,-0.531408,-0.414405
2.3195888996124268,0.12735802307724953,0.9999847412109375,0.0,1,0.00864619,1.0,5264.23,0.147416,0.00294944,0.00534806,5.70552,12.6436,22.5361,139.863,90.666,77.1686,71.5105,67.2093,64.4463,61.9062,59.563,57.3949,54.6186,51.7663,47.1725,40.0128,31.0057,22.7433,11.218,0.333436,0.755881,-0.127689,0.757773,0.814702
2.338627338409424,0.12735802307724953,0.9999847412109375,0.0,1,0.00860566,1.0,5235.99,0.295485,0.0100755,0.00466047,5.70524,12.6419,22.5288,139.92,90.6894,77.1852,71.5247,67.2216,64.4577,61.9165,59.5724,57.4039,54.6265,51.7734,47.1783,40.0172,31.0089,22.7453,11.2185,0.333441,-0.648744,0.503047,-0.543515,-0.543515
2.3600950241088867,0.11640824377536774,0.9999847412109375,0.0,1,0.00855416,1.0,5235.99,0.764159,-0.02114,0.00706683,5.70505,12.6402,22.5218,139.988,90.7166,77.2041,71.5406,67.2356,64.4703,61.9282,59.5831,57.4135,54.6351,51.781,47.1843,40.0216,31.0121,22.7474,11.219,0.33343,1.58657,1.22703,4.72407,4.72407
2.3796143531799316,0.10595056787133217,0.9999847412109375,0.0,1,0.00847119,1.0,5235.99,1.66761,0.0137813,0.0186484,5.70462,12.6374,22.5112,140.094,90.7567,77.2317,71.5636,67.2555,64.4883,61.9443,59.5977,57.4267,54.6468,51.791,47.1922,40.0274,31.0165,22.7504,11.2198,0.333423,2.29905,1.04415,5.87944,5.87944
2.3996574878692627,0.09118674788624048,0.9999847412109375,0.0,1,0.00827473,1.0,5235.99,2.61763,0.0322022,0.0374289,5.70347,12.6301,22.4825,140.354,90.8595,77.3036,71.6244,67.308,64.536,61.9877,59.6376,57.4631,54.6791,51.8195,47.2147,40.0441,31.029,22.7584,11.222,0.333425,2.05728,1.86565,6.34081,6.34081
2.4196619987487793,0.08195933047682047,0.9999847412109375,0.0,1,0.00805729,1.0,5235.99,3.54707,0.0399367,0.0584997,5.70216,12.6222,22.4536,140.636,90.968,77.3788,71.6872,67.3622,64.585,62.0324,59.6779,57.5,54.7116,51.8479,47.2369,40.0604,31.0413,22.7668,11.2245,0.333431,2.98411,3.14639,6.44468,6.44468
2.439939498901367,0.0775301605463028,0.9999847412109375,0.0,1,0.00782221,1.0,5235.99,4.46968,0.0498702,0.0768506,5.70072,12.6138,22.4246,140.934,91.0804,77.4557,71.7509,67.417,64.6345,62.0769,59.7185,57.5366,54.7438,51.8756,47.2582,40.0757,31.0532,22.775,11.2271,0.333439,3.75851,3.954,6.89108,6.89108
2.4589600563049316,0.0775301605463028,0.9999847412109375,0.0,1,0.00754946,1.0,5235.99,5.36921,0.0595241,0.0892229,5.69903,12.6041,22.392,141.278,91.2095,77.5435,71.8241,67.4795,64.6905,62.1273,59.764,57.5781,54.78,51.9066,47.2819,40.0928,31.0667,22.7845,11.2303,0.333452,4.56789,4.80714,7.57679,7.57679
2.4797043800354004,0.0775301605463028,0.9999847412109375,0.0,1,0.00722473,1.0,5235.99,6.24308,0.0700916,0.0934149,5.697,12.5924,22.3532,141.692,91.3644,77.6492,71.9115,67.5546,64.758,62.1882,59.8189,57.6279,54.8235,51.9441,47.3106,40.1133,31.0827,22.7958,11.234,0.333471,5.35184,5.70573,8.53696,8.53696
2.500746250152588,0.0775301605463028,0.9999847412109375,0.0,1,0.00684565,1.0,5235.99,7.08591,0.0790498,0.0913406,5.69461,12.5788,22.3074,142.18,91.5467,77.7738,72.0147,67.6431,64.8376,62.2601,59.8839,57.6867,54.8749,51.9886,47.3445,40.1377,31.1018,22.8092,11.2384,0.333494,6.10416,6.75232,9.83244,9.83244
2.521806478500366,0.0775301605463028,0.9999847412109375,0.0,1,0.00639313,1.0,5235.99,7.99535,0.0849084,0.0912152,5.69172,12.5627,22.2542,142.764,91.7636,77.9207,72.1369,67.7473,64.9311,62.3445,59.96,57.7556,54.9351,52.0403,47.3839,40.1657,31.1239,22.8248,11.2437,0.333526,7.70053,7.33132,11.4726,11.4726
2.5418102741241455,0.0775301605463028,0.9999847412109375,0.0,1,0.00592488,1.0,5235.99,8.83588,0.0933926,0.0963079,5.68871,12.5458,22.1989,143.377,91.9907,78.0754,72.2651,67.857,65.0296,62.433,60.0403,57.8282,54.9987,52.0951,47.4256,40.1952,31.1471,22.8412,11.2492,0.333563,8.47983,7.81873,13.0279,13.0279
2.5608103275299072,0.0775301605463028,0.9999847412109375,0.0,1,0.00540274,1.0,5235.99,9.67675,0.102281,0.106793,5.68534,12.5271,22.137,144.069,92.247,78.2496,72.4093,67.9806,65.1407,62.533,60.1306,57.9103,55.0704,52.1569,47.4728,40.2286,31.1733,22.8596,11.2554,0.333606,9.07728,8.46433,14.5585,14.5585
2.581378936767578,0.0775301605463028,0.9999847412109375,0.0,1,0.00482434,1.0,5235.99,10.5182,0.11063,0.121181,5.68158,12.5064,22.0686,144.847,92.5346,78.4449,72.5714,68.1194,65.2656,62.6459,60.2327,58.0026,55.1512,52.2264,47.5262,40.2661,31.2027,22.8802,11.2623,0.333657,9.65997,9.22919,16.0286,16.0286
2.602686643600464,0.0775301605463028,0.9999847412109375,0.0,1,0.00419205,1.0,5235.99,11.3593,0.118039,0.137481,5.67744,12.4836,21.9937,145.711,92.8529,78.661,72.7507,68.273,65.4037,62.7704,60.3451,58.1048,55.2405,52.3036,47.5853,40.3076,31.235,22.9028,11.2698,0.333718,10.3432,10.0827,17.4303,17.4303
2.619029998779297,0.0775301605463028,0.49999237060546875,0.0,1,0.00350588,1.0,5235.99,12.2018,0.12455,0.153412,5.67293,12.4591,21.9129,146.663,93.2018,78.8981,72.9473,68.4413,65.5551,62.9067,60.4686,58.2166,55.3386,52.3882,47.6502,40.3528,31.2703,22.9274,11.2781,0.333787,11.1335,10.9484,18.7794,18.7794
2.6400418281555176,0.0775301605463028,0.9999847412109375,0.0,1,0.0027706,1.0,5235.99,13.0352,0.132909,0.168183,5.66804,12.4328,21.8268,147.7,93.58,79.1547,73.16,68.6233,65.7185,63.0543,60.602,58.3378,55.4444,52.4795,47.7203,40.4015,31.3083,22.9539,11.287,0.333868,11.9522,11.7719,14.303,14.303
2.661206007003784,0.0775301605463028,0.9999847412109375,0.0,1,0.002011,1.0,5235.99,13.8529,0.146517,0.181581,5.66286,12.4056,21.7397,148.786,93.9725,79.42,73.3794,68.8108,65.887,63.2059,60.739,58.4618,55.5528,52.5729,47.7918,40.4507,31.3468,22.981,11.2964,0.333969,12.7376,12.5506,15.882,15.882
2.681934118270874,0.0775301605463028,0.9999847412109375,0.0,1,0.00120991,1.0,5235.99,14.6772,0.155514,0.19324,5.6573,12.3768,21.6487,149.95,94.3907,79.7022,73.6126,69.0104,66.0659,63.367,60.8845,58.5935,55.668,52.6721,47.8675,40.5023,31.3874,23.0095,11.3064,0.334088,13.5115,13.3166,17.4918,17.4918
2.6993496417999268,0.0775301605463028,0.9999847412109375,0.0,1,0.00035828,1.0,5235.99,15.5052,0.162206,0.203385,5.65133,12.3463,21.5524,151.213,94.8416,80.0061,73.864,69.2247,66.2584,63.5403,61.041,58.7352,55.7918,52.7787,47.949,40.5575,31.4308,23.0401,11.3172,0.334224,14.2778,14.0753,19.0609,19.0609
2.720059633255005,0.0775301605463028,0.9999847412109375,0.0,1,-0.000547234,1.0,5235.99,16.3356,0.167567,0.212391,5.64491,12.314,21.4505,152.586,95.3286,80.3338,74.1345,69.4558,66.4659,63.7273,61.2097,58.888,55.9253,52.8938,48.0369,40.6167,31.4772,23.0728,11.3288,0.334377,15.0432,14.8298,20.6019,20.6019
2.741905450820923,0.0775301605463028,0.9999847412109375,0.0,1,-0.00150949,1.0,5235.99,17.1679,0.171949,0.220819,5.63803,12.2795,21.3429,154.079,95.855,80.6876,74.4269,69.7056,66.6899,63.9288,61.3918,59.0529,56.0695,53.0181,48.1322,40.6803,31.5271,23.1077,11.3412,0.33455,15.8105,15.5841,22.1184,22.1184
2.7630393505096436,0.0775301605463028,0.9999847412109375,0.0,1,-0.00263721,1.0,5235.99,18.0856,0.175789,0.230278,5.62989,12.2393,21.2176,155.876,96.4835,81.1095,74.7752,70.003,66.9567,64.1691,61.6087,59.2494,56.2413,53.166,48.2456,40.7556,31.586,23.149,11.3558,0.334764,16.657,16.4155,23.7561,23.7561
2.784374952316284,0.0775301605463028,0.49999237060546875,0.0,1,-0.00372678,1.0,5235.99,18.9218,0.178427,0.239392,5.62195,12.2005,21.0973,157.663,97.1037,81.5251,75.1184,70.2959,67.2193,64.4056,61.8223,59.4428,56.4104,53.3119,48.3576,40.8294,31.6435,23.1891,11.3701,0.334982,17.4287,17.1728,25.2178,25.2178
2.801211357116699,0.0775301605463028,0.9999847412109375,0.0,1,-0.00487119,1.0,5235.99,19.7515,0.184279,0.249253,5.61352,12.1597,20.9718,159.592,97.7677,81.9691,75.4845,70.6079,67.4995,64.6576,62.0501,59.649,56.5906,53.4673,48.4767,40.9074,31.7043,23.2314,11.3854,0.335225,18.195,17.9286,20.8117,20.8117
2.8235020637512207,0.0775301605463028,0.9999847412109375,0.0,1,-0.00602705,1.0,5235.99,20.5629,0.19839,0.259672,5.60476,12.1186,20.848,161.591,98.4452,82.4206,75.8558,70.9244,67.7828,64.9127,62.28,59.857,56.7722,53.6237,48.5963,40.9842,31.7647,23.2738,11.401,0.335504,18.9382,18.6699,22.4735,22.4735
2.8415145874023438,0.0775301605463028,0.9999847412109375,0.0,1,-0.00722439,1.0,5235.99,21.3821,0.206361,0.270361,5.59547,12.0759,20.7211,163.724,99.1606,82.8959,76.2466,71.2568,68.0804,65.18,62.5211,60.0753,56.9627,53.7874,48.7214,41.0638,31.8274,23.3179,11.4176,0.33582,19.6929,19.4128,24.1372,24.1372
2.8628792762756348,0.07322401646524668,0.9999847412109375,0.0,1,-0.00847942,1.0,5235.99,22.2061,0.210445,0.281144,5.58561,12.0312,20.589,166.032,99.9272,83.4039,76.664,71.6117,68.3981,65.4657,62.7786,60.3081,57.1657,53.9621,48.855,41.1482,31.8936,23.3645,11.4352,0.336171,20.4529,20.1592,25.7386,25.7386
2.884713649749756,0.06904089823365211,0.9999847412109375,0.0,1,-0.00973779,1.0,5235.99,23.0339,0.203605,0.29188,5.57552,11.9866,20.4601,168.412,100.705,83.9167,77.0842,71.9685,68.7173,65.7517,63.0363,60.5408,57.3685,54.1364,48.9878,41.2302,31.9585,23.4105,11.4531,0.336551,21.2066,20.9171,27.2933,27.2933
2.9017064571380615,0.06498080585151911,0.9999847412109375,0.0,1,-0.0109795,1.0,5235.99,23.8648,0.195122,0.302613,5.56532,11.9428,20.3376,170.823,101.478,84.4239,77.4986,72.3192,69.0302,66.0324,63.2885,60.7679,57.5658,54.3053,49.1156,41.3073,32.0202,23.4548,11.4711,0.336958,21.9634,21.6775,28.8064,28.8064
2.923842430114746,0.05722969863563776,0.49999237060546875,0.0,1,-0.0122059,1.0,5333.8,24.6986,0.184997,0.313369,5.55502,11.9,20.2207,173.267,102.249,84.9254,77.9075,72.6642,69.3377,66.3071,63.535,60.99,57.7581,54.4694,49.2389,41.3797,32.0786,23.4973,11.4889,0.337393,22.7227,22.4406,30.3093,30.3093
2.9448859691619873,0.03692899737507105,0.9999847412109375,0.0,1,-0.0133541,1.0,5235.99,25.525,0.170697,0.3243,5.54497,11.8603,20.1183,175.597,102.964,85.3864,78.2807,72.978,69.616,66.555,63.7564,61.1882,57.9288,54.614,49.3461,41.4396,32.1281,23.5347,11.5059,0.337851,23.4682,23.2112,25.9406,25.9406
2.9626855850219727,0.023394957184791565,0.9999847412109375,0.0,1,-0.0141948,1.0,5235.99,26.3265,0.138307,0.335187,5.5365,11.8321,20.0624,177.242,103.433,85.6763,78.5092,73.1653,69.7795,66.6977,63.8812,61.2975,58.0198,54.6877,49.395,41.4585,32.1482,23.5542,11.5192,0.338321,24.1565,23.9851,27.7125,27.7125
2.984510660171509,0.012936563231050968,0.9999847412109375,0.0,1,-0.0147308,1.0,5235.99,27.1409,0.104129,0.3458,5.52973,11.8155,20.0527,178.159,103.648,85.7904,78.5903,73.2246,69.8256,66.733,63.9076,61.3164,58.0292,54.6889,49.3849,41.4357,32.1383,23.5556,11.5286,0.338787,24.8664,24.7596,29.4212,29.4212
3.0018577575683594,0.008137837052345276,0.9999847412109375,0.0,1,-0.0150402,1.0,5504.0,27.9622,0.0747936,0.356021,5.52423,11.8079,20.0786,178.518,103.67,85.7709,78.5588,73.1855,69.7825,66.6871,63.8591,61.2657,57.9767,54.6349,49.3297,41.3812,32.1059,23.5434,11.535,0.339245,25.5918,25.5331,31.2522,31.2522
3.0229268074035645,0.008137837052345276,0.49999237060546875,0.0,1,-0.0152076,1.0,5988.7,28.7908,0.0556453,0.366119,5.51951,11.806,20.129,178.512,103.566,85.6648,78.454,73.0827,69.6815,66.5877,63.7616,61.1699,57.8837,54.5447,49.2448,41.3055,32.0583,23.522,11.5395,0.339703,26.3342,26.3027,33.9587,33.9587
3.043978452682495,0.006784313358366489,0.9999847412109375,0.0,1,-0.0153359,1.0,5240.37,29.6155,0.0478504,0.369592,5.51497,11.8066,20.1898,178.397,103.421,85.5297,78.3245,72.9584,69.5606,66.47,63.6471,61.0584,57.7762,54.4415,49.1491,41.2218,32.005,23.4971,11.5433,0.340164,27.0875,27.0582,30.0683,30.0683
3.0605411529541016,0.006784313358366489,0.9999847412109375,0.0,1,-0.0154651,1.0,5699.8,30.4184,0.0400792,0.371074,5.51037,11.8079,20.2549,178.273,103.27,85.3895,78.1904,72.8292,69.4349,66.3478,63.5284,60.9431,57.6649,54.3349,49.0499,41.1353,31.9496,23.471,11.5468,0.340632,27.8212,27.7918,32.3374,32.3374
3.0812325477600098,0.008137837052345276,0.9999847412109375,0.0,1,-0.0155996,1.0,6309.9,31.2407,0.0357498,0.37303,5.50565,11.8099,20.3247,178.147,103.116,85.2455,78.0526,72.6969,69.3064,66.2227,63.4065,60.8246,57.5509,54.2254,48.9483,41.0464,31.8926,23.4439,11.5502,0.34111,28.572,28.5406,35.7476,35.7476
3.1031384468078613,0.011213961988687515,0.49999237060546875,0.0,1,-0.0157583,1.0,7226.27,32.0761,0.034467,0.377355,5.50069,11.8119,20.396,178.072,102.975,85.1098,77.9212,72.5694,69.1819,66.1011,63.2879,60.7087,57.4387,54.1176,48.8476,40.9578,31.8354,23.4167,11.5536,0.341603,29.3383,29.2997,40.8621,40.8621
3.122990608215332,0.012936563231050968,0.49999237060546875,0.0,1,-0.0159829,1.0,6685.97,32.9167,0.0376261,0.384449,5.49522,11.8122,20.4622,178.146,102.881,85.0048,77.8151,72.4638,69.0767,65.997,63.185,60.6071,57.3397,54.0207,48.7557,40.8746,31.782,23.3919,11.5576,0.342115,30.1169,30.0601,38.2464,38.2464
3.1448874473571777,0.014782190322875977,0.9999847412109375,0.0,1,-0.0162833,1.0,6118.15,33.7472,0.0408214,0.39394,5.48916,11.8106,20.5223,178.398,102.842,84.9363,77.7393,72.3836,68.9949,65.9141,63.1012,60.5229,57.2552,53.9369,48.6736,40.7981,31.733,23.3698,11.5623,0.342649,30.8882,30.815,35.0303,35.0303
3.1609909534454346,0.014782190322875977,0.49999237060546875,0.0,1,-0.0166476,1.0,7017.39,34.5723,0.0449017,0.405217,5.48254,11.8074,20.5769,178.804,102.85,84.8985,77.6885,72.3249,68.9322,65.8482,63.0329,60.4528,57.1834,53.864,48.6002,40.7268,31.6876,23.3499,11.5676,0.34321,31.6481,31.5602,39.6962,39.6962
3.181394338607788,0.012936563231050968,0.9999847412109375,0.0,1,-0.0170587,1.0,6452.8,35.405,0.0440944,0.417301,5.47546,11.8033,20.6295,179.322,102.89,84.8817,77.6542,72.2807,68.8822,65.7935,62.9745,60.3918,57.1195,53.7976,48.5319,40.6586,31.6439,23.3311,11.5731,0.343798,32.4159,32.3197,36.9211,36.9211
3.20293927192688,0.012936563231050968,0.49999237060546875,0.0,1,-0.0174573,1.0,7529.59,36.2349,0.0389675,0.429579,5.46826,11.8005,20.6889,179.801,102.914,84.8523,77.6092,72.226,68.8226,65.7303,62.9083,60.323,57.0483,53.725,48.4578,40.5861,31.597,23.3104,11.5783,0.344409,33.1689,33.0787,42.5543,42.5543
3.223133087158203,0.014782190322875977,0.9999847412109375,0.0,1,-0.017855,1.0,7044.86,37.075,0.0350755,0.441564,5.46088,11.7987,20.7547,180.273,102.93,84.8163,77.5582,72.1662,68.758,65.6619,62.8372,60.2497,56.9731,53.6483,48.3803,40.5106,31.5476,23.2881,11.5831,0.345042,33.9385,33.8464,40.2715,40.2715
3.243710994720459,0.012936563231050968,0.49999237060546875,0.0,1,-0.0182918,1.0,8428.73,37.9164,0.0358001,0.453002,5.45307,11.7965,20.8197,180.841,102.973,84.7971,77.5212,72.1176,68.7033,65.6022,62.7738,60.1837,56.9038,53.5767,48.3065,40.4372,31.4994,23.2665,11.5881,0.345703,34.7111,34.6069,47.5714,47.5714
3.2636654376983643,0.014782190322875977,0.49999237060546875,0.0,1,-0.0187982,1.0,8052.18,38.8521,0.0265588,0.464953,5.44411,11.7944,20.8944,181.528,103.034,84.7844,77.4858,72.0688,68.6472,65.5403,62.7072,60.1133,56.8293,53.4991,48.2261,40.3562,31.4457,23.2425,11.5936,0.346459,35.5666,35.4611,45.9698,45.9698
3.284933567047119,0.014782190322875977,0.49999237060546875,0.0,1,-0.0192898,1.0,7716.97,39.6983,0.0258881,0.475349,5.43557,11.7925,20.9638,182.232,103.11,84.7846,77.4634,72.0322,68.6026,65.4896,62.6513,60.0537,56.7654,53.4316,48.1547,40.2836,31.3971,23.2206,11.5985,0.347174,36.3465,36.2305,44.0727,44.0727
3.306152582168579,0.014782190322875977,0.9999847412109375,0.0,1,-0.0198105,1.0,7342.49,40.5331,0.0256908,0.485396,5.42661,11.7906,21.0346,183.013,103.204,84.7963,77.4498,72.0027,68.5645,65.4447,62.6008,59.9981,56.7049,53.3673,48.0856,40.2119,31.3487,23.1989,11.6034,0.347924,37.1158,36.9953,41.9469,41.9469
3.3258721828460693,0.014782190322875977,0.49999237060546875,0.0,1,-0.0203398,1.0,8905.4,41.3705,0.0244745,0.495137,5.41733,11.7894,21.1108,183.819,103.301,84.8076,77.4353,71.9725,68.5254,65.3982,62.5486,59.9413,56.6431,53.3009,48.0148,40.1386,31.2986,23.176,11.6081,0.348709,37.8783,37.7553,50.2297,50.2297
3.3469181060791016,0.014782190322875977,0.49999237060546875,0.0,1,-0.0209001,1.0,8694.43,42.1988,0.0184721,0.485207,5.40762,11.7883,21.1889,184.713,103.419,84.8319,77.4312,71.9501,68.4933,65.3582,62.502,59.8895,56.5852,53.2382,47.9462,40.0662,31.2487,23.1533,11.6128,0.349526,38.6453,38.5136,49.5841,49.5841
3.3632261753082275,0.014782190322875977,0.49999237060546875,0.0,1,-0.0214947,1.0,8518.31,43.0277,0.0123545,0.478811,5.39748,11.7873,21.2683,185.707,103.561,84.8713,77.4385,71.9376,68.4696,65.3253,62.4618,59.8431,56.5325,53.1796,47.8807,39.9953,31.1992,23.1308,11.6175,0.350376,39.4057,39.267,48.5929,48.5929
3.38417387008667,0.014782190322875977,0.9999847412109375,0.0,1,-0.0221069,1.0,8303.94,43.8584,0.00818712,0.477749,5.38711,11.7868,21.3523,186.756,103.714,84.9155,77.4501,71.9279,68.4485,65.2947,62.4233,59.7982,56.4801,53.1212,47.8151,39.9241,31.1487,23.1075,11.6219,0.351261,40.1674,40.0254,47.381,47.381
3.4034290313720703,0.014782190322875977,0.49999237060546875,0.0,1,-0.0227349,1.0,10320.3,44.7003,0.00242324,0.480513,5.37684,11.7871,21.4411,187.802,103.877,84.9653,77.4647,71.9205,68.4289,65.2653,62.3857,59.754,56.4283,53.0632,47.7493,39.8522,31.0973,23.0836,11.6261,0.352184,40.9344,40.7879,58.2137,58.2137
3.424039602279663,0.01675084326416254,0.49999237060546875,0.0,1,-0.0234111,1.0,10105.3,45.5593,-0.0085869,0.487314,5.36656,11.7872,21.5301,188.759,104.076,85.0381,77.4978,71.9291,68.4232,65.2481,62.3589,59.7192,56.385,53.0121,47.6888,39.7835,31.0469,23.0604,11.6304,0.353145,41.7233,41.565,57.6203,57.6203
3.443599224090576,0.01884252205491066,0.49999237060546875,0.0,1,-0.0241597,1.0,9959.69,46.4224,-0.0159238,0.497571,5.35619,11.7859,21.6139,189.698,104.338,85.1495,77.5625,71.9636,68.441,65.2519,62.3514,59.702,56.3568,52.974,47.6382,39.721,31.0002,23.0392,11.6351,0.354146,42.5206,42.3438,56.792,56.792
3.463660717010498,0.021057226695120335,0.49999237060546875,0.0,1,-0.0250052,1.0,9814.19,47.2878,-0.0221076,0.510227,5.34558,11.7823,21.687,190.669,104.685,85.3154,77.6717,72.0359,68.4923,65.286,62.3707,59.7092,56.3499,52.9547,47.6023,39.668,30.9587,23.0211,11.6404,0.355193,43.3228,43.1232,55.9623,55.9623
3.4838807582855225,0.023394957184791565,0.49999237060546875,0.0,1,-0.0259541,1.0,9674.22,48.1528,-0.0275474,0.523978,5.33464,11.7763,21.7478,191.669,105.125,85.541,77.8295,72.1493,68.5806,65.353,62.4201,59.7435,56.3667,52.956,47.5826,39.6255,30.9231,23.0066,11.6464,0.356295,44.1262,43.9026,55.1625,55.1625
3.503382444381714,0.02585571352392435,0.49999237060546875,0.0,1,-0.0270055,1.0,9545.7,49.0145,-0.0317218,0.537525,5.32341,11.7675,21.7958,192.691,105.664,85.8279,78.0363,72.3044,68.7058,65.4534,62.4995,59.8048,56.4075,52.9778,47.5791,39.5934,30.8933,22.9957,11.6531,0.357455,44.9273,44.6802,54.4261,54.4261
3.524085760116577,0.028439495712518692,0.49999237060546875,0.0,1,-0.0281685,1.0,9434.33,49.8701,-0.0316511,0.550062,5.31172,11.7557,21.8282,193.741,106.313,86.1848,78.2999,72.5069,68.8737,65.5916,62.6131,59.8976,56.4754,53.0232,47.5937,39.5734,30.8702,22.9888,11.6608,0.358687,45.7253,45.4515,53.7859,53.7859
3.5435962677001953,0.028370605774071068,0.9999847412109375,0.0,1,-0.0294197,1.0,9341.32,50.7267,-0.0374437,0.480603,5.29973,11.7417,21.8489,194.786,107.056,86.5996,78.6097,72.7485,69.0759,65.7611,62.7544,60.0147,56.5652,53.0874,47.6232,39.5628,30.8519,22.9847,11.6691,0.359996,46.3385,46.0964,53.2497,53.2497
3.5639469623565674,0.028290842468429358,0.49999237060546875,0.0,1,-0.0306752,1.0,11500.9,51.5681,-0.0510366,0.391048,5.28793,11.7288,21.8762,195.733,107.816,87.0206,78.9234,72.9923,69.2796,65.931,62.8959,60.1323,56.6545,53.151,47.6514,39.5507,30.8312,22.9792,11.677,0.361376,47.2168,46.9267,64.9419,64.9419
3.583552360534668,0.028209941582959145,0.49999237060546875,0.0,1,-0.0320905,1.0,11238.5,52.4215,-0.0761147,0.337415,5.27561,11.7112,21.8776,196.763,108.749,87.5493,79.3239,73.3087,69.548,66.1593,63.0898,60.2972,56.7852,53.2504,47.7077,39.5571,30.8207,22.9799,11.6863,0.362824,48.0517,47.724,64.0888,64.0888
3.602895975112915,0.02812891745967418,0.49999237060546875,0.0,1,-0.0336502,1.0,11056.6,53.2762,-0.104122,0.313918,5.26283,11.6896,21.8561,197.843,109.85,88.1807,79.8063,73.6939,69.8778,66.4421,63.333,60.5061,56.9546,53.3832,47.7902,39.5803,30.8192,22.986,11.6967,0.364345,48.8727,48.5118,63.0521,63.0521
3.6259570121765137,0.02804765634059161,0.49999237060546875,0.0,1,-0.035322,1.0,10877.1,54.1334,-0.13174,0.314269,5.24975,11.6652,21.8183,198.937,111.099,88.8995,80.3578,74.1362,70.2577,66.7696,63.6158,60.751,57.155,53.543,47.893,39.6166,30.8239,22.9959,11.7079,0.365946,49.6825,49.2962,62.0285,62.0285
3.646347999572754,0.027966158225711437,0.49999237060546875,0.0,1,-0.0370841,1.0,10699.3,54.9931,-0.156061,0.330913,5.24187,11.6501,21.7929,200.0,112.463,89.6807,80.9563,74.6166,70.6698,67.1246,63.9227,61.017,57.3728,53.7165,48.0057,39.6578,30.828,23.0025,11.7147,0.366938,50.4842,50.0797,61.0152,61.0152
3.665254592895508,0.027884508433520794,0.49999237060546875,0.0,1,-0.0368538,1.0,10525.4,55.8544,-0.174031,0.356992,5.22845,11.6231,21.7409,200.0,113.936,90.5247,81.604,75.1371,71.1181,67.512,64.2585,61.3088,57.6135,53.9098,48.1339,39.7096,30.838,23.0157,11.7266,0.36868,51.279,50.8646,60.0224,60.0224
3.685530662536621,0.025277122985257146,0.9999847412109375,0.0,1,-0.036599,1.0,10363.7,56.7133,-0.182448,0.386392,5.21516,11.597,21.6938,200.0,115.468,91.3957,82.2708,75.6719,71.5775,67.9084,64.6018,61.6068,57.8587,54.1067,48.2641,39.7617,30.8463,23.0276,11.7382,0.370422,52.0653,51.6504,59.0961,59.0961
3.7054696083068848,0.025201710487479035,0.49999237060546875,0.0,1,-0.0362844,1.0,12460.4,57.5883,-0.206653,0.414336,5.20212,11.5729,21.6589,200.0,117.021,92.2691,82.9358,76.2031,72.033,68.3004,64.9403,61.8999,58.0991,54.2987,48.3897,39.8099,30.8497,23.0368,11.7492,0.372169,52.8517,52.4435,70.4323,70.4323
3.725714921951294,0.02273364413173,0.49999237060546875,0.0,1,-0.0360367,1.0,12074.4,58.4802,-0.246588,0.437856,5.1889,11.5468,21.6108,200.0,118.751,93.2405,83.6764,76.7959,72.5418,68.7394,65.3204,62.2298,58.371,54.5174,48.5354,39.8706,30.8583,23.0488,11.7608,0.373896,53.6749,53.2405,68.8858,68.8858
3.745408535003662,0.022695915864109992,0.49999237060546875,0.0,1,-0.0357057,1.0,12659.7,58.964,-0.291396,0.197224,5.17637,11.5245,21.5822,200.0,120.474,94.1957,84.4001,77.3722,73.0349,69.1629,65.6856,62.5456,58.6297,54.7239,48.6706,39.9234,30.8595,23.0563,11.7711,0.37559,54.2581,53.8543,72.0491,72.0491
3.764756679534912,0.020372852789377796,0.49999237060546875,0.0,1,-0.0356859,1.0,12565.7,59.7502,-0.353602,0.132015,5.16259,11.491,21.4908,200.0,122.71,95.448,85.3574,78.1415,73.698,69.7374,66.1859,62.9833,58.9941,55.0216,48.8764,40.0222,30.8851,23.0787,11.7847,0.377248,54.8971,54.3969,71.6366,71.6366
3.784864664077759,0.020314826091681608,0.49999237060546875,0.0,1,-0.0356401,1.0,12383.3,60.5769,-0.411814,0.0992104,5.14922,11.4594,21.4071,200.0,125.055,96.7476,86.3466,78.9341,74.38,70.3276,66.6989,63.4308,59.3663,55.3248,49.0857,40.1219,30.9082,23.0993,11.7976,0.378871,55.6362,55.1378,70.6237,70.6237
3.8051090240478516,0.020253893496701494,0.49999237060546875,0.0,1,-0.0355431,1.0,12118.1,61.445,-0.451843,0.0967495,5.13626,11.43,21.3356,200.0,127.485,98.0773,87.3538,79.738,75.0701,70.9234,67.2159,63.8811,59.7395,55.6281,49.2935,40.2194,30.9268,23.1171,11.8099,0.380473,56.4129,55.919,69.1328,69.1328
3.8249499797821045,0.020191002579638732,0.49999237060546875,0.0,1,-0.0353797,1.0,11802.9,62.341,-0.473029,0.116622,5.12369,11.4033,21.2773,200.0,129.984,99.4263,88.3702,80.5462,75.7619,71.519,67.7313,64.3289,60.1097,55.9277,49.4971,40.3129,30.9407,23.1315,11.8213,0.38207,57.218,56.7326,67.3456,67.3456
3.8439924716949463,0.020127599270059728,0.49999237060546875,0.0,1,-0.0350967,1.0,11483.9,63.2443,-0.470937,0.148429,5.11163,11.3808,21.2433,200.0,132.471,100.747,89.3586,81.3274,76.4275,72.09,68.2233,64.755,60.4594,56.2087,49.6853,40.3955,30.9475,23.14,11.8314,0.383677,58.0316,57.5669,65.5221,65.5221
3.8640151023864746,0.020065459394082427,0.9999847412109375,0.0,1,-0.0346196,1.0,11215.5,64.1296,-0.440511,0.182171,5.10034,11.3651,21.2472,200.0,134.814,101.966,90.2606,82.0338,77.0259,72.5995,68.6593,65.1293,60.7638,56.4496,49.8414,40.4558,30.9413,23.1392,11.8396,0.385307,58.8308,58.4036,63.9713,63.9713
3.883925437927246,0.0200027228966821,0.49999237060546875,0.0,1,-0.0340289,1.0,13255.5,65.0234,-0.416538,0.269974,5.08936,11.353,21.2729,200.0,137.13,103.149,91.1299,82.7103,77.5962,73.0832,69.0711,65.4815,61.0474,56.6722,49.9822,40.5059,30.9288,23.1333,11.8466,0.386965,59.6812,59.264,74.9755,74.9755
3.9039969444274902,0.019938680851226673,0.49999237060546875,0.0,1,-0.033617,1.0,12784.3,65.9358,-0.436957,0.354533,5.07754,11.3343,21.2622,200.0,139.933,104.586,92.1904,83.5404,78.2998,73.6834,69.5857,65.9246,61.4095,56.9611,50.1735,40.5874,30.9335,23.136,11.8557,0.388613,60.5373,60.0698,72.9503,72.9503
3.924086809158325,0.019875965411053038,0.49999237060546875,0.0,1,-0.0332648,1.0,12438.4,66.8293,-0.457766,0.413652,5.06559,11.3138,21.2402,200.0,143.061,106.175,93.3619,84.4572,79.0772,74.3466,70.1552,66.4161,61.8117,57.2835,50.3894,40.6838,30.9458,23.1416,11.8652,0.390249,61.359,60.8749,70.9654,70.9654
3.943164587020874,0.019814864358259365,0.9999847412109375,0.0,1,-0.0328507,1.0,12152.0,67.6998,-0.463587,0.450279,5.05398,11.2956,21.2312,200.0,146.307,107.8,94.5524,85.3846,79.8612,75.0141,70.7269,66.9081,62.2132,57.6043,50.6026,40.7772,30.9558,23.1438,11.874,0.391874,62.1496,61.6745,69.3153,69.3153
3.9643499851226807,0.019753405332611874,0.49999237060546875,0.0,1,-0.0323695,1.0,14263.1,68.5754,-0.478841,0.467828,5.04279,11.2801,21.2368,200.0,149.669,109.454,95.7568,86.3188,80.6487,75.6828,71.2978,67.3984,62.6122,57.9218,50.8121,40.867,30.9634,23.1428,11.8819,0.393491,62.9315,62.4618,80.6867,80.6867
3.9833920001983643,0.019690935560083014,0.49999237060546875,0.0,1,-0.0320156,1.0,13809.6,69.4654,-0.525069,0.470247,5.03121,11.2605,21.2176,200.0,153.583,111.364,97.1472,87.3986,81.5597,76.4578,71.9617,67.9699,63.0795,58.2961,51.0637,40.9824,30.9844,23.1474,11.891,0.395075,63.7541,63.2456,78.7905,78.7905
4.003741025924683,0.019628929046541455,0.49999237060546875,0.0,1,-0.0317329,1.0,13455.2,70.3488,-0.569091,0.461655,5.01956,11.2387,21.1853,200.0,157.997,113.49,98.6898,88.5942,82.5686,77.3158,72.6967,68.6034,63.5981,58.7132,51.3462,41.1161,31.0146,23.1552,11.9007,0.396627,64.5674,64.037,76.7659,76.7659
4.022766590118408,0.019567505116271786,0.49999237060546875,0.0,1,-0.0314323,1.0,13121.0,71.2239,-0.598704,0.449284,5.00827,11.2184,21.1588,200.0,162.763,115.743,100.314,89.8482,83.6241,78.2119,73.463,69.2628,64.1372,59.146,51.6387,41.2545,31.0465,23.1616,11.9098,0.398145,65.3669,64.834,74.8676,74.8676
4.043030738830566,0.019500430830172263,0.9999847412109375,0.0,1,-0.0310092,1.0,12615.0,72.1795,-0.590501,0.518825,4.9976,11.2026,21.1578,200.0,167.645,117.996,101.925,91.0839,84.66,79.088,74.2095,69.9027,64.658,59.5615,51.9165,41.3821,31.0718,23.1619,11.9176,0.399661,66.1974,65.6897,72.0192,72.0192
4.0641748905181885,0.019431840423750693,0.49999237060546875,0.0,1,-0.0303578,1.0,14506.9,73.1567,-0.575309,0.598268,4.98795,11.1953,21.2044,200.0,172.338,120.1,103.411,92.2132,85.6,79.8776,74.8778,70.4722,65.1165,59.9231,52.152,41.482,31.0813,23.1511,11.9228,0.401184,67.0596,66.5951,82.1437,82.1437
4.084289312362671,0.019362702529435047,0.49999237060546875,0.0,1,-0.0297813,1.0,13828.4,74.1417,-0.597054,0.667843,4.97816,11.1855,21.2372,200.0,177.453,122.468,105.078,93.4783,86.6533,80.7629,75.6278,71.1118,65.6333,60.3324,52.4219,41.602,31.1012,23.1437,11.9286,0.402685,67.9849,67.4932,78.9501,78.9501
4.104098320007324,0.019297635698947126,0.49999237060546875,0.0,1,-0.0291876,1.0,13366.8,75.0687,-0.602848,0.709763,4.96868,11.1769,21.2761,200.0,180.754,124.988,106.841,94.8106,87.7598,81.6914,76.4132,71.7808,66.1729,60.7593,52.7034,41.7276,31.1232,23.1351,11.9341,0.404157,68.863,68.3681,76.2753,76.2753
4.123757362365723,0.01923739799244795,0.9999847412109375,0.0,1,-0.0284448,1.0,13060.8,75.9269,-0.579342,0.72628,4.95998,11.1742,21.3488,200.0,182.973,127.463,108.553,96.0946,88.8213,82.577,77.1587,72.413,66.6798,61.1573,52.9612,41.8374,31.1362,23.1191,11.9377,0.405619,69.6647,69.197,74.4879,74.4879
4.144540786743164,0.01917716730502434,0.49999237060546875,0.0,1,-0.0275951,1.0,15233.6,76.785,-0.568947,0.748267,4.95193,11.1757,21.4478,200.0,184.695,129.945,110.255,97.3622,89.8643,83.4443,77.8862,73.0273,67.1696,61.5395,53.2061,41.9381,31.1439,23.0977,11.9401,0.407066,70.4652,70.0065,86.2055,86.2055
4.164199590682983,0.019114865990309045,0.49999237060546875,0.0,1,-0.0270115,1.0,14736.2,77.6726,-0.606545,0.809887,4.94295,11.1681,21.4912,200.0,186.473,133.081,112.407,98.9689,91.1906,84.5518,78.8196,73.8204,67.8083,62.0448,53.5406,42.0924,31.1797,23.0888,11.945,0.408468,71.3229,70.7948,84.0827,84.0827
4.184050559997559,0.01905280332416296,0.49999237060546875,0.0,1,-0.0265676,1.0,14337.3,78.5568,-0.648437,0.861848,4.93378,11.1566,21.5074,200.0,188.177,136.731,114.896,100.824,92.7206,85.8289,79.8968,74.7368,68.5478,62.6318,53.9334,42.2802,31.2324,23.0857,11.9511,0.409813,72.1423,71.5797,81.8046,81.8046
4.203930139541626,0.016994233943181735,0.9999847412109375,0.0,1,-0.0260799,1.0,13974.0,79.4274,-0.669259,0.900751,4.92511,11.1474,21.5343,200.0,189.676,140.614,117.517,102.763,94.3141,87.1551,81.0118,75.6832,69.3094,63.2348,54.335,42.4715,31.2861,23.0802,11.9564,0.411118,72.9314,72.374,79.7199,79.7199
4.2238922119140625,0.015058164968704494,0.49999237060546875,0.0,1,-0.0254723,1.0,16129.1,80.3151,-0.70119,0.927299,4.91738,11.1436,21.5768,200.0,190.959,144.591,120.168,104.709,95.9049,88.4726,82.1154,76.616,70.0566,63.8233,54.7235,42.6527,31.3336,23.0683,11.9599,0.412384,73.7115,73.1733,91.3125,91.3125
4.243104934692383,0.015007169818193963,0.49999237060546875,0.0,1,-0.024951,1.0,15547.1,81.2284,-0.770986,0.941368,4.90984,11.138,21.5901,200.0,192.215,149.121,123.16,106.893,97.6865,89.946,83.3481,77.6575,70.8907,64.481,55.1597,42.8602,31.394,23.0616,11.9638,0.413577,74.5459,73.979,88.7257,88.7257
4.267960548400879,0.0149515458513281,0.49999237060546875,0.0,1,-0.0243771,1.0,15028.2,82.2246,-0.828654,0.945076,4.90228,11.1338,21.5933,145.635,193.503,154.605,126.735,109.484,99.7898,91.6796,84.7944,78.877,71.8648,65.2475,55.667,43.1021,31.466,23.0568,11.9675,0.4148,75.4521,74.8784,85.7598,85.7598
4.287281513214111,0.014893286418455344,0.9999847412109375,0.0,1,-0.023617,1.0,14412.0,83.268,-0.832107,1.00504,4.89615,11.138,21.6219,127.717,194.589,160.209,130.326,112.056,101.865,93.3795,86.2052,80.0602,72.8041,65.9819,56.1469,43.3248,31.527,23.0461,11.9684,0.415962,76.358,75.818,82.2815,82.2815
4.309899806976318,0.014832285430901683,0.49999237060546875,0.0,1,-0.0225274,1.0,16534.5,84.3605,-0.817621,1.08825,4.89191,11.1554,21.7005,115.954,195.413,165.509,133.656,114.407,103.745,94.9071,87.463,81.1073,73.6266,66.6168,56.5521,43.5013,31.5633,23.0229,11.9655,0.417091,77.3062,76.8238,93.6866,93.6866
4.333825588226318,0.014770597658774195,0.49999237060546875,0.0,1,-0.0215542,1.0,15662.6,85.4653,-0.84774,1.15712,4.88775,11.1704,21.7401,105.83,196.274,171.595,137.526,117.125,105.912,96.6652,88.9098,82.312,74.5742,67.3508,57.0247,43.7148,31.6177,23.0085,11.9632,0.418139,78.3432,77.8262,89.4323,89.4323
4.353854179382324,0.01471327627312423,0.9999847412109375,0.0,1,-0.0205436,1.0,15061.7,86.4919,-0.849279,1.19533,4.88452,11.1886,21.7725,97.6571,197.077,175.413,141.698,120.025,108.213,98.5242,90.4338,83.5776,75.5664,68.1168,57.5166,43.9367,31.6753,22.9956,11.9598,0.419106,79.3221,78.806,85.9508,85.9508
4.376588344573975,0.014657428961681512,0.49999237060546875,0.0,1,-0.0194351,1.0,17415.6,87.4921,-0.858045,1.22329,4.88228,11.2123,21.8081,91.1177,197.794,177.93,146.07,123.03,110.581,100.427,91.9874,84.8624,76.5689,68.8877,58.0079,44.1559,31.7308,22.9818,11.9548,0.420006,80.2617,79.7513,98.6465,98.6465
4.400200128555298,0.01460076085891885,0.49999237060546875,0.0,1,-0.0186756,1.0,16692.6,88.507,-0.924265,1.28219,4.87937,11.225,21.7658,84.5147,198.672,180.327,151.728,126.894,113.621,102.868,93.9816,86.5142,77.8629,69.8887,58.6568,44.462,31.8288,22.9888,11.9527,0.420789,81.2534,80.6585,95.2722,95.2722
4.420262336730957,0.014544958216391504,0.49999237060546875,0.0,1,-0.0180914,1.0,16112.6,89.5064,-0.988248,1.32937,4.87648,11.2332,21.6818,78.4977,199.605,182.507,158.505,131.464,117.194,105.726,96.3082,88.4376,79.3671,71.0519,59.413,44.8246,31.9533,23.0088,11.9518,0.421468,82.1865,81.5522,91.9525,91.9525
4.4449262619018555,0.014490947914093423,0.9999847412109375,0.0,1,-0.0173849,1.0,15613.3,90.4737,-1.00741,1.36328,4.87488,11.248,21.6096,73.6297,200.0,184.308,165.782,136.286,120.929,108.69,98.7067,90.4099,80.9001,72.2305,60.1724,45.1843,32.0748,23.0271,11.9488,0.422061,83.0649,82.4513,89.0796,89.0796
4.4638917446136475,0.014435625462406315,0.49999237060546875,0.0,1,-0.0164687,1.0,17998.0,91.4645,-1.03229,1.38644,4.87491,11.2728,21.5621,69.7715,200.0,185.768,171.43,141.188,124.687,111.646,101.082,92.3513,82.3978,73.3733,60.9003,45.5221,32.1841,23.0392,11.9429,0.422587,83.9279,83.346,101.973,101.973
4.487049102783203,0.014378253824226559,0.49999237060546875,0.0,1,-0.0157824,1.0,17208.4,92.492,-1.11477,1.39991,4.87489,11.2914,21.4665,65.9793,200.0,187.267,174.986,147.163,129.232,115.202,103.928,94.6708,84.1833,74.7355,61.7703,45.9334,32.3275,23.0678,11.9386,0.422986,84.8821,84.2423,98.2285,98.2285
4.5073347091674805,0.01431805687714958,0.49999237060546875,0.0,1,-0.015113,1.0,16425.7,93.5701,-1.16022,1.46595,4.87576,11.3119,21.3599,62.5985,200.0,188.658,177.68,153.913,134.307,119.141,107.059,97.2088,86.1264,76.2104,62.7077,46.3752,32.4837,23.1022,11.9335,0.423274,85.8409,85.1935,93.7911,93.7911
4.530789136886597,0.014261221265954275,0.9999847412109375,0.0,1,-0.013982,1.0,15796.9,94.588,-1.10261,1.53749,4.87942,11.3525,21.3147,60.1509,200.0,189.67,179.506,160.237,138.994,122.732,109.885,99.4786,87.8438,77.4992,63.5103,46.7391,32.6009,23.118,11.9229,0.4235,86.7576,86.198,90.1347,90.1347
4.553823471069336,0.01420357044705345,0.49999237060546875,0.0,1,-0.0123438,1.0,18078.5,95.6205,-1.03564,1.59246,4.88589,11.4149,21.3325,58.4749,200.0,190.325,180.703,165.712,143.045,125.796,112.267,101.373,89.2578,78.5444,64.1439,47.0089,32.673,23.1124,11.9065,0.423696,87.6325,87.1637,102.466,102.466
4.57352089881897,0.014144456721174219,0.49999237060546875,0.0,1,-0.0109588,1.0,17206.8,96.6792,-1.0528,1.62231,4.89232,11.4709,21.2987,56.6032,200.0,191.099,181.993,169.696,148.117,129.614,115.227,103.723,91.013,79.8459,64.9409,47.3621,32.7834,23.1254,11.8919,0.423757,88.6421,88.114,98.2267,98.2267
4.596935510635376,0.014089620043941774,0.9999847412109375,0.0,1,-0.0096036,1.0,16616.3,97.6613,-1.03705,1.66524,4.89965,11.5289,21.2478,54.8114,200.0,191.854,183.199,172.39,153.829,133.873,118.508,106.314,92.9382,81.2677,65.8091,47.7483,32.9083,23.1454,11.8766,0.423696,89.609,89.0686,94.8067,94.8067
4.619967460632324,0.014033962575389382,0.49999237060546875,0.0,1,-0.008157,1.0,18979.1,98.6581,-1.03836,1.70137,4.90841,11.5935,21.1978,53.2065,200.0,192.527,184.252,174.431,159.94,138.38,121.95,109.014,94.9299,82.7294,66.6943,48.1385,33.0341,23.1661,11.8595,0.423525,90.4979,89.9654,107.577,107.577
4.6401686668396,0.013975898569021376,0.49999237060546875,0.0,1,-0.00703599,1.0,18089.0,99.698,-1.11306,1.72985,4.91708,11.641,21.0915,51.4082,200.0,193.339,185.443,176.454,166.283,144.118,126.303,112.415,97.4294,84.5621,67.8078,48.6404,33.2095,23.21,11.8445,0.42318,91.4759,90.8672,103.269,103.269
4.663015604019165,0.01391961573565379,0.9999847412109375,0.0,1,-0.00596668,1.0,17394.5,100.706,-1.15917,1.75192,4.92695,11.6799,20.9697,49.6849,200.0,194.14,186.584,178.253,169.865,150.676,131.225,116.229,100.21,86.5868,69.0296,49.1893,33.404,23.2627,11.8288,0.422666,92.4145,91.7894,99.2753,99.2753
4.686627388000488,0.013862495360122995,0.49999237060546875,0.0,1,-0.00476745,1.0,19636.9,101.729,-1.20266,1.76765,4.9388,11.7173,20.8568,48.1633,200.0,194.842,187.578,179.758,172.374,157.705,136.432,120.224,103.091,88.6662,70.2695,49.7388,33.5967,23.3145,11.8106,0.422005,93.3197,92.7108,111.406,111.406
4.705743074417114,0.01380090809305509,0.49999237060546875,0.0,1,-0.00379583,1.0,18417.5,102.832,-1.28785,1.82028,4.9511,11.7392,20.706,46.5722,200.0,195.621,188.64,181.28,174.644,164.657,142.771,125.042,106.535,91.1362,71.7341,50.39,33.832,23.3856,11.7933,0.42116,94.3263,93.6628,105.184,105.184
4.730982542037964,0.012127111845016478,0.9999847412109375,0.0,1,-0.00267605,1.0,17601.5,103.884,-1.30258,1.87183,4.96556,11.7602,20.5664,45.1666,200.0,196.301,189.565,182.579,176.476,168.242,149.554,130.133,110.127,93.6835,73.2239,51.0423,34.0649,23.4556,11.7733,0.420161,95.2991,94.6575,100.472,100.472
4.75031590461731,0.007853671930544079,0.49999237060546875,0.0,1,-0.00115284,1.0,19737.4,104.94,-1.29768,1.91314,4.98321,11.7898,20.4675,44.0648,144.934,196.777,190.24,183.54,177.811,170.492,156.096,134.975,113.49,96.0378,74.5756,51.6185,34.2625,23.5097,11.7497,0.419037,96.2139,95.6435,112.013,112.013
4.774072885513306,0.005517591596848021,0.49999237060546875,0.0,1,0.000321478,1.0,18560.9,106.014,-1.34778,1.94276,5.0024,11.811,20.3532,42.9729,130.623,197.258,190.908,184.472,179.063,172.412,162.274,140.47,117.263,98.6539,76.0631,52.2496,34.4817,23.5736,11.7288,0.417714,97.22,96.6342,105.976,105.976
4.7937774658203125,0.0044987201552465555,0.9999847412109375,0.0,1,0.00215638,1.0,17883.9,106.993,-1.31428,1.96529,5.02519,11.8396,20.2727,42.1056,120.426,197.578,191.377,185.15,179.985,173.789,165.248,145.72,120.809,101.08,77.4168,52.8087,34.6682,23.6231,11.7063,0.416209,98.1333,97.6145,102.039,102.039
4.8174591064453125,0.003586865316610783,0.49999237060546875,0.0,1,0.00450444,1.0,19056.6,107.99,-1.26268,1.98033,5.05231,11.8811,20.2412,41.5082,113.587,197.696,191.59,185.521,180.532,174.643,166.918,150.201,123.782,103.081,78.5063,53.2398,34.8,23.6489,11.6807,0.414533,98.9758,98.5518,110.252,110.272
4.8373353481292725,0.002781080635786056,0.9999847412109375,0.0,2,0.00690408,1.0,18441.1,108.998,-1.22384,1.99442,5.08192,11.9182,20.2044,40.9291,107.598,197.808,191.773,185.851,181.021,175.396,168.274,154.998,126.93,105.182,79.6403,53.6861,34.9377,23.6778,11.6568,0.412626,99.9092,99.4918,105.248,105.248
4.861795425415039,0.0027739491271972657,0.9999847412109375,0.0,2,0.00990421,2.0,13843.3,109.616,-1.04928,2.00582,5.11676,11.9716,20.2246,40.6238,103.984,197.674,191.682,185.863,181.141,175.688,168.923,158.075,129.179,106.65,80.4029,53.9622,35.005,23.6768,11.6288,0.41052,100.661,100.365,97.1448,96.9371
4.88165807723999,0.0027750684740146,0.9999847412109375,0.0,2,0.0138806,2.0,13823.7,109.519,-0.769187,2.01142,5.15744,12.0555,20.3441,40.7558,103.479,197.124,191.155,185.375,180.694,175.303,168.655,158.36,129.613,106.88,80.4634,53.9265,34.946,23.6221,11.5932,0.408282,100.681,100.588,96.6196,96.5428
4.905817031860352,0.0027766263278325397,0.9999847412109375,0.0,2,0.0181056,2.0,12553.3,109.384,-0.545749,2.00785,5.19718,12.1431,20.4822,40.9856,103.7,196.468,190.518,184.763,180.106,174.75,168.167,158.13,129.575,106.792,80.3482,53.8159,34.8588,23.5566,11.5573,0.405848,100.552,100.511,96.2768,96.1263
4.925281763076782,0.0027699910245339078,0.9999847412109375,0.0,2,0.0222318,2.0,14100.1,109.959,-0.42243,2.01229,5.23461,12.2225,20.6011,41.1516,103.569,195.858,189.929,184.204,179.579,174.269,167.771,158.061,129.763,106.86,80.323,53.7478,34.7907,23.5008,11.5241,0.403117,100.761,100.694,107.715,107.715
4.949312448501587,0.002758855254650116,0.49999237060546875,0.0,2,0.0261053,2.0,14926.4,110.924,-0.391163,2.02911,5.26963,12.2884,20.683,41.1752,102.581,195.366,189.459,183.783,179.207,173.97,167.608,158.386,130.537,107.325,80.5219,53.78,34.7646,23.4638,11.4947,0.399984,101.578,101.452,114.116,114.116
4.9727911949157715,0.002747211739818255,0.9999847412109375,0.0,2,0.0298628,2.0,13988.8,111.933,-0.387721,2.04398,5.30328,12.3467,20.7443,41.1226,101.175,194.933,189.05,183.43,178.91,173.759,167.551,158.83,131.652,108.016,80.8465,53.8675,34.7614,23.437,11.4673,0.396406,102.485,102.33,107.48,107.48
4.992126226425171,0.00273548744738102,0.49999237060546875,0.0,2,0.0333463,2.0,14760.5,112.949,-0.373133,2.06108,5.33673,12.4062,20.8108,41.0971,99.9957,194.465,188.603,183.035,178.567,173.492,167.418,159.089,132.66,108.633,81.1279,53.9357,34.7505,23.4072,11.4397,0.392379,103.367,103.225,112.885,112.885
5.016211748123169,0.0027238439325491587,0.9999847412109375,0.0,2,0.0327303,2.0,13825.5,113.958,-0.35209,2.07751,5.37,12.4668,20.882,41.0964,99.0138,193.965,188.122,182.601,178.18,173.174,167.218,159.207,133.564,109.178,81.3678,53.9855,34.7322,23.3744,11.4118,0.388188,104.296,104.166,106.171,106.171
5.035393238067627,0.002712858178218206,0.9999847412109375,0.0,2,0.0322898,2.0,14694.3,114.91,-0.310522,2.08811,5.40365,12.5329,20.971,41.1711,98.5114,193.383,187.558,182.075,177.691,172.738,166.871,159.081,134.113,109.484,81.475,53.9774,34.6909,23.3319,11.3826,0.384065,105.139,105.042,112.353,112.353
5.05791449546814,0.002700695378780365,0.49999237060546875,0.0,2,0.031825,2.0,15367.4,115.964,-0.29425,2.07579,5.43674,12.5969,21.0552,41.2311,97.951,192.804,186.998,181.553,177.208,172.308,166.53,158.953,134.727,109.833,81.6051,53.9795,34.6541,23.2916,11.354,0.379987,106.079,105.979,117.533,117.533
5.081353187561035,0.0026888903087377547,0.9999847412109375,0.0,2,0.0312984,2.0,14384.9,116.987,-0.285861,2.06884,5.46913,12.6575,21.1306,41.2602,97.2426,192.244,186.456,181.053,176.747,171.905,166.22,158.86,135.491,110.279,81.7882,54.0045,34.6266,23.2556,11.3264,0.375942,107.06,106.948,110.496,110.496
5.101995229721069,0.00267770838022232,0.49999237060546875,0.0,2,0.0308236,2.0,15236.0,117.956,-0.267877,2.06999,5.50138,12.7191,21.21,41.3093,96.6743,191.656,185.885,180.52,176.252,171.462,165.861,158.687,136.157,110.658,81.934,54.0134,34.5929,23.217,11.2985,0.371945,107.955,107.854,116.504,116.504
5.124687194824219,0.0026666995465755463,0.9999847412109375,0.0,2,0.0303481,2.0,14373.9,118.91,-0.252307,2.08039,5.53326,12.7797,21.2876,41.355,96.1121,191.061,185.306,179.98,175.748,171.01,165.491,158.491,136.838,111.047,82.0842,54.0242,34.5602,23.1791,11.2709,0.367986,108.876,108.775,110.341,110.341
5.148722887039185,0.0026561869182189306,0.9999847412109375,0.0,2,0.0299475,2.0,15321.0,119.821,-0.228429,2.09682,5.56512,12.8422,21.372,41.4305,95.7353,190.428,184.691,179.398,175.2,170.506,165.058,158.204,137.363,111.331,82.1772,54.0105,34.518,23.1373,11.243,0.364077,109.69,109.604,117.144,117.144
5.167273998260498,0.002643977960149447,0.49999237060546875,0.0,2,0.0294998,2.0,15992.6,120.879,-0.225742,2.11647,5.59639,12.9019,21.4494,41.4824,95.25,189.808,184.087,178.831,174.667,170.021,164.647,157.942,138.007,111.693,82.3118,54.0147,34.4831,23.0989,11.2157,0.360199,110.618,110.523,122.329,122.329
5.1896936893463135,0.002631965176264445,0.9999847412109375,0.0,2,0.0289988,2.0,14954.4,121.92,-0.228336,2.13853,5.62711,12.9588,21.5193,41.5085,94.6481,189.202,183.497,178.279,174.152,169.557,164.261,157.707,138.79,112.144,82.4934,54.0388,34.4563,23.0641,11.1892,0.356345,111.596,111.49,114.878,114.878
5.212823867797852,0.0026205409149328866,0.49999237060546875,0.0,2,0.0285513,2.0,15776.3,122.91,-0.219797,2.15899,5.65781,13.017,21.594,41.5557,94.1775,188.567,182.878,177.696,173.603,169.054,163.827,157.406,139.462,112.52,82.6342,54.0455,34.4227,23.0265,11.1625,0.352527,112.49,112.394,120.659,120.659
5.235354900360107,0.00260948592265447,0.9999847412109375,0.0,2,0.0281194,2.0,14884.7,123.868,-0.209555,2.18016,5.68828,13.075,21.6691,41.6072,93.7472,187.919,182.245,177.098,173.038,168.533,163.373,157.076,140.11,112.88,82.7652,54.048,34.3876,22.9884,11.1358,0.348743,113.417,113.325,114.245,114.245
5.257355213165283,0.002599019452929497,0.9999847412109375,0.0,2,0.0277663,2.0,15841.2,124.775,-0.189883,2.20114,5.71881,13.1353,21.7516,41.6901,93.4943,187.231,181.574,176.458,172.427,167.962,162.86,156.667,140.58,113.122,82.8334,54.0241,34.3423,22.9462,11.1086,0.345003,114.22,114.144,121.137,121.137
5.279666423797607,0.0025866373999913535,0.49999237060546875,0.0,2,0.0273728,2.0,16490.4,125.848,-0.188661,2.21823,5.74883,13.1932,21.8281,41.7529,93.1529,186.553,180.912,175.829,171.829,167.405,162.363,156.278,141.158,113.434,82.9382,54.0157,34.3034,22.9069,11.0821,0.34129,115.155,115.071,126.149,126.149
5.302055835723877,0.0025747284730275473,0.9999847412109375,0.0,2,0.0269314,2.0,15445.5,126.88,-0.191912,2.22943,5.77838,13.2486,21.8981,41.793,92.7116,185.887,180.262,175.213,171.245,166.864,161.886,155.912,141.863,113.828,83.086,54.0252,34.2716,22.8707,11.0562,0.337596,116.138,116.045,118.625,118.625
5.320910692214966,0.0025635580841700235,0.49999237060546875,0.0,2,0.0265352,2.0,16308.1,127.848,-0.185322,2.2413,5.8079,13.305,21.972,41.8505,92.3714,185.196,179.586,174.57,170.633,166.292,161.371,155.497,142.294,114.156,83.1981,54.0197,34.234,22.8322,11.03,0.333934,117.019,116.934,124.728,124.728
5.343489408493042,0.0025527338850498196,0.9999847412109375,0.0,2,0.0261436,2.0,15427.7,128.786,-0.178462,2.25436,5.83718,13.361,22.0452,41.9078,92.0429,184.495,178.901,173.918,170.01,165.708,160.844,155.066,142.53,114.483,83.309,54.0138,34.1965,22.7939,11.0041,0.3303,117.936,117.852,118.392,118.392
5.366170644760132,0.0025424174308776855,0.9999847412109375,0.0,2,0.0258118,2.0,16411.0,129.68,-0.164179,2.26937,5.86646,13.4186,22.1239,41.9881,91.8397,183.763,178.187,173.233,169.353,165.087,160.274,154.58,142.55,114.718,83.3712,53.9877,34.1513,22.7524,10.9778,0.326705,118.722,118.651,125.502,125.502
5.389014482498169,0.002529943060676257,0.49999237060546875,0.0,2,0.0254363,2.0,17049.6,130.761,-0.166709,2.28428,5.89522,13.4737,22.1963,42.0473,91.5457,183.043,177.483,172.56,168.709,164.481,159.721,154.115,142.56,115.031,83.4738,53.9784,34.1129,22.7141,10.9522,0.323136,119.655,119.576,130.446,130.446
5.411257743835449,0.002517953356107076,0.9999847412109375,0.0,2,0.0250165,2.0,15968.1,131.8,-0.172371,2.30065,5.92352,13.5264,22.2625,42.0858,91.1639,182.332,176.788,171.898,168.077,163.888,159.184,153.668,142.56,115.423,83.6173,53.9861,34.0811,22.6787,10.9272,0.319587,120.647,120.558,122.63,122.63
5.430844783782959,0.0018830401245318355,0.9999847412109375,0.0,2,0.0246427,2.0,16835.4,132.766,-0.167663,2.31655,5.95183,13.5804,22.3329,42.1419,90.878,181.596,176.069,171.209,167.417,163.265,158.612,153.178,142.44,115.744,83.7232,53.9781,34.0435,22.6409,10.9019,0.316066,121.523,121.443,128.775,128.775
5.453085660934448,0.0018734270276036114,0.49999237060546875,0.0,2,0.0242714,2.0,17415.4,133.875,-0.17575,2.33261,5.97995,13.6339,22.4027,42.1973,90.5985,180.851,175.341,170.512,166.747,162.632,158.029,152.674,142.271,116.067,83.8293,53.9701,34.0059,22.6033,10.8767,0.312568,122.489,122.41,133.268,133.268
5.474828243255615,0.0013349580724413197,0.9999847412109375,0.0,2,0.0239069,2.0,16296.5,134.925,-0.17857,2.35018,6.00795,13.6873,22.4725,42.2544,90.3352,180.095,174.603,169.803,166.066,161.986,157.433,152.155,142.054,116.382,83.931,53.9602,33.9677,22.5654,10.8516,0.309084,123.498,123.42,125.147,125.147
5.497393608093262,0.0008897922726254911,0.9999847412109375,0.0,2,0.0236436,2.0,17167.7,135.887,-0.169237,2.36859,6.03633,13.7443,22.5532,42.3526,90.2696,179.291,173.82,169.046,165.334,161.284,156.773,151.559,141.695,116.529,83.9445,53.9143,33.9156,22.5218,10.8257,0.305628,124.374,124.317,131.324,131.324
5.518844842910767,0.0008851877421295891,0.49999237060546875,0.0,2,0.023407,2.0,17739.5,136.995,-0.164626,2.38223,6.06474,13.8022,22.6365,42.4608,90.2547,178.469,173.02,168.271,164.582,160.562,156.09,150.937,141.286,116.631,83.9353,53.859,33.86,22.4768,10.7996,0.302188,125.339,125.288,135.754,135.754
5.543917655944824,0.000880882423001652,0.9999847412109375,0.0,2,0.0231726,2.0,16624.4,138.031,-0.157968,2.39567,6.09305,13.8598,22.7194,42.5688,90.2427,177.639,172.211,167.488,163.822,159.831,155.399,150.304,140.856,116.732,83.9246,53.8032,33.8042,22.4318,10.7736,0.298758,126.344,126.294,127.648,127.648
5.5630457401275635,0.0008769386509433389,0.9999847412109375,0.0,2,0.0229985,2.0,17510.1,138.98,-0.141754,2.41109,6.12155,13.9196,22.8088,42.7009,90.3445,176.777,171.373,166.674,163.029,159.065,154.669,149.626,140.351,116.729,83.8609,53.7258,33.7403,22.3834,10.7471,0.295349,127.209,127.171,133.952,133.952
5.587439298629761,0.0008723133418802173,0.49999237060546875,0.0,2,0.0228181,2.0,18062.5,140.093,-0.134644,2.4268,6.14991,13.9788,22.8969,42.8292,90.432,175.911,170.531,165.855,162.232,158.295,153.934,148.945,139.837,116.738,83.8033,53.6511,33.6774,22.3356,10.7208,0.291952,128.174,128.136,138.238,138.238
5.609012126922607,0.0008680288013194999,0.9999847412109375,0.0,2,0.0226278,2.0,16937.8,141.124,-0.127983,2.44373,6.17812,14.0373,22.9834,42.9522,90.4986,175.041,169.685,165.033,161.432,157.523,153.198,148.262,139.319,116.766,83.755,53.5802,33.6161,22.2884,10.6946,0.288561,129.183,129.142,130.039,130.039
5.632122039794922,0.0005228748545050621,0.9999847412109375,0.0,2,0.022482,2.0,17830.3,142.062,-0.114355,2.46223,6.20649,14.0975,23.0746,43.0931,90.6483,174.147,168.816,164.188,160.607,156.723,152.432,147.545,138.749,116.716,83.6671,53.4933,33.5488,22.2388,10.668,0.285186,130.036,130.004,136.41,136.41
5.652735233306885,0.0,0.49999237060546875,0.0,2,0.0223276,2.0,18363.4,143.179,-0.108898,2.47777,6.23474,14.1571,23.1645,43.2296,90.7798,173.249,167.943,163.339,159.779,155.921,151.664,146.825,138.175,116.682,83.5872,53.4096,33.4827,22.1898,10.6416,0.281816,130.999,130.966,140.551,140.551
5.6741943359375,0.0,0.9999847412109375,0.0,2,0.0221925,2.0,17243.1,144.196,-0.1054,2.49385,6.26311,14.2175,23.2566,43.3739,90.947,172.336,167.056,162.475,158.935,155.103,150.879,146.087,137.572,116.614,83.4896,53.3187,33.4138,22.1395,10.615,0.278446,132.004,131.975,132.361,132.361
5.695599555969238,0.0,0.9999847412109375,0.0,2,0.0221293,2.0,18152.7,145.117,-0.0912153,2.51193,6.29189,14.281,23.3572,43.5486,91.2501,171.388,166.137,161.577,158.056,154.246,150.051,145.301,136.899,116.419,83.3269,53.2016,33.3348,22.0851,10.5877,0.275082,132.837,132.822,138.884,138.884
5.717632055282593,-0.0008453424100577831,0.49999237060546875,0.0,2,0.0220779,2.0,18680.2,146.231,-0.0812808,2.52549,6.32078,14.345,23.4594,43.7286,91.5753,170.429,165.207,160.668,157.165,153.377,149.211,144.501,136.209,116.202,83.1532,53.0798,33.254,22.0298,10.5603,0.271715,133.793,133.781,142.982,142.982
5.739216566085815,-0.0008411855800449849,0.9999847412109375,0.0,2,0.0220596,2.0,17566.2,147.233,-0.0730349,2.53868,6.35,14.4108,23.566,43.9235,91.9651,169.45,164.257,159.739,156.253,152.487,148.348,143.675,135.484,115.926,82.9487,52.9454,33.1682,21.9723,10.5324,0.268334,134.791,134.786,134.824,134.824
5.763818264007568,-0.0012511555781308562,0.9999847412109375,0.0,2,0.0221045,2.0,18486.9,148.141,-0.0568887,2.55421,6.37969,14.4795,23.6806,44.1465,92.4776,168.44,163.279,158.78,155.31,151.563,147.449,142.809,134.703,115.537,82.6869,52.7877,33.0733,21.911,10.5038,0.264948,135.606,135.615,141.447,141.447
5.785588979721069,-0.0012442260286118837,0.49999237060546875,0.0,2,0.0221718,2.0,18990.0,149.259,-0.042175,2.56956,6.40967,14.5496,23.7987,44.3806,93.0368,167.416,162.287,157.807,154.352,150.623,146.532,141.924,133.898,115.109,82.4044,52.6214,32.975,21.8481,10.4749,0.261546,136.558,136.571,145.373,145.373
5.8071675300598145,-0.0012380836461670696,0.9999847412109375,0.0,2,0.0222518,2.0,17876.6,150.25,-0.0281404,2.58622,6.43995,14.6208,23.9192,44.6222,93.6257,166.38,161.284,156.821,153.381,149.671,145.603,141.026,133.078,114.657,82.1093,52.4496,32.8742,21.784,10.4457,0.258119,137.558,137.574,137.188,137.188
5.828222274780273,-0.0012325300894863904,0.9999847412109375,0.0,2,0.0223433,2.0,18805.4,151.146,-0.0152227,2.60467,6.47045,14.6928,24.0418,44.8701,94.2412,165.334,160.271,155.826,152.402,148.709,144.664,140.118,132.245,114.185,81.8036,52.2732,32.7716,21.719,10.4162,0.254677,138.361,138.38,143.892,143.892
5.851187229156494,-0.0004961118615356585,0.49999237060546875,0.0,2,0.0224433,2.0,19254.3,152.266,-0.00366214,2.62029,6.50125,14.7658,24.1665,45.1241,94.8796,164.278,159.249,154.821,151.412,147.738,143.715,139.199,131.4,113.697,81.4892,52.0928,32.6671,21.6531,10.3864,0.251208,139.311,139.332,147.423,147.423
5.871368646621704,0.0,0.9999847412109375,0.0,2,0.0225192,2.0,18173.4,153.226,0.00764935,2.63641,6.53212,14.8383,24.2891,45.3692,95.4756,163.224,158.228,153.819,150.426,146.771,142.772,138.288,130.569,113.249,81.1948,51.9202,32.5654,21.5882,10.3566,0.247711,140.307,140.323,139.435,139.435
5.892733335494995,0.0008141001079572986,0.9999847412109375,0.0,3,0.0225538,2.0,19113.5,154.101,0.0106582,2.65408,6.5629,14.9093,24.4071,45.5971,95.9921,162.181,157.217,152.827,149.451,145.817,141.844,137.396,129.764,112.871,80.9357,51.7616,32.4688,21.5253,10.3271,0.244194,141.087,141.095,146.27,146.27
5.916250228881836,0.0012123461381718518,0.9999847412109375,0.0,3,0.0225405,3.0,15109.2,154.679,0.0120168,2.66647,6.5935,14.9784,24.5195,45.8042,96.4138,161.149,156.216,151.848,148.49,144.878,140.935,136.524,128.988,112.573,80.7175,51.6193,32.3784,21.4649,10.2979,0.24066,141.905,141.903,136.77,136.766
5.936778545379639,0.0012134944224605959,0.9999847412109375,0.0,3,0.0224781,3.0,15081.6,154.494,0.00661544,2.6632,6.62377,15.0452,24.6256,45.9888,96.7351,160.134,155.231,150.886,147.548,143.961,140.047,135.679,128.245,112.358,80.5417,51.4942,32.2947,21.4074,10.2691,0.237123,141.989,141.977,136.268,136.254
5.96152925491333,0.0016966552641615271,0.9999847412109375,0.0,3,0.0223822,3.0,14040.1,154.268,-0.00141149,2.65391,6.65372,15.1102,24.7269,46.1571,96.986,159.133,154.259,149.938,146.621,143.058,139.177,134.851,127.523,112.2,80.3954,51.3812,32.2157,21.3519,10.2408,0.233597,141.819,141.799,135.76,135.574
5.982835054397583,0.0012120916535456976,0.9999847412109375,0.0,3,0.0222187,3.0,14918.2,154.72,-0.011035,2.65483,6.68307,15.1717,24.8187,46.293,97.096,158.156,153.31,149.014,145.719,142.184,138.337,134.058,126.845,112.158,80.3085,51.2926,32.1462,21.3005,10.2132,0.230086,141.88,141.846,143.992,143.992
6.003700017929077,0.0012065550611913207,0.9999847412109375,0.0,3,0.0220526,3.0,15120.9,155.612,-0.0267582,2.67216,6.71245,15.2331,24.9103,46.4277,97.2009,157.174,152.355,148.085,144.813,141.305,137.492,133.259,126.159,112.12,80.2231,51.2043,32.0769,21.2492,10.1856,0.226567,142.567,142.533,146.037,146.037
6.024525165557861,0.001200528120410939,0.9999847412109375,0.0,3,0.0219084,3.0,15208.1,156.583,-0.0363353,2.69587,6.74206,15.2957,25.005,46.5727,97.3505,156.177,151.387,147.142,143.891,140.41,136.631,132.443,125.449,112.043,80.1178,51.1077,32.0042,21.1963,10.1577,0.223038,143.401,143.371,146.912,146.912
6.049266338348389,0.0011943273852517207,0.9999847412109375,0.0,3,0.0217778,3.0,15253.2,157.582,-0.0418481,2.72377,6.7718,15.359,25.1014,46.7239,97.5278,155.168,150.407,146.188,142.958,139.503,135.756,131.612,124.72,111.942,79.9998,51.006,31.9294,21.1425,10.1296,0.219503,144.282,144.254,147.356,147.356
6.070036888122559,0.0011881514778609077,0.9999847412109375,0.0,3,0.0216604,3.0,15301.4,158.577,-0.0442061,2.74976,6.8017,15.4231,25.1998,46.8813,97.7317,154.147,149.416,145.221,142.013,138.584,134.87,130.768,123.975,111.76,79.8695,50.899,31.8525,21.0878,10.1014,0.215961,145.176,145.151,147.815,147.815
6.09298300743103,0.0011820872954279183,0.9999847412109375,0.0,3,0.0215542,3.0,15372.7,159.554,-0.044422,2.76771,6.83172,15.4877,25.2997,47.0439,97.958,153.116,148.415,144.245,141.058,137.654,133.971,129.912,123.215,111.48,79.7288,50.7878,31.7739,21.0324,10.0729,0.212413,146.07,146.047,148.493,148.493
6.1146721839904785,0.0011761100101843477,0.9999847412109375,0.0,3,0.0214548,3.0,15463.8,160.517,-0.0436491,2.77679,6.86183,15.5528,25.4005,47.2097,98.1979,152.075,147.405,143.259,140.093,136.715,133.064,129.046,122.442,111.13,79.5815,50.6737,31.6942,20.9764,10.0443,0.20886,146.96,146.938,149.366,149.366
6.135069370269775,0.0011702010013038915,0.9999847412109375,0.0,3,0.0213571,3.0,15567.8,161.469,-0.0428378,2.78048,6.89195,15.6179,25.5016,47.376,98.4404,151.028,146.387,142.266,139.122,135.769,132.15,128.173,121.661,110.731,79.4323,50.5589,31.6142,20.9202,10.0158,0.205306,147.847,147.826,150.366,150.366
6.159866094589233,0.0011642981993655363,0.9999847412109375,0.0,3,0.021257,3.0,15673.2,162.42,-0.0426056,2.78335,6.92211,15.6829,25.6023,47.5411,98.6776,149.974,145.364,141.268,138.145,134.818,131.23,127.295,120.874,110.293,79.2845,50.4445,31.5342,20.8641,9.98713,0.201746,148.731,148.709,151.388,151.388
6.180314064025879,0.0011583643627166747,0.9999847412109375,0.0,3,0.021153,3.0,15770.3,163.376,-0.04304,2.79036,6.95226,15.7478,25.7026,47.7044,98.9064,148.915,144.336,140.265,137.164,133.862,130.306,126.412,120.081,109.825,79.1395,50.3312,31.4546,20.8081,9.9585,0.198182,149.614,149.591,152.329,152.329
6.201895475387573,0.0027517382557659103,0.9999847412109375,0.0,3,0.0210457,3.0,15859.7,164.337,-0.0438796,2.80198,6.9824,15.8126,25.8024,47.8659,99.1279,147.851,143.303,139.257,136.178,132.902,129.378,125.525,119.283,109.33,78.9969,50.2187,31.3753,20.7522,9.92988,0.194616,150.498,150.475,153.196,153.196
6.223086595535278,0.004176875590967635,0.9999847412109375,0.0,3,0.0208715,3.0,15944.8,165.3,-0.0420866,2.81602,7.01202,15.874,25.8929,47.9953,99.2126,146.802,142.284,138.265,135.209,131.961,128.471,124.662,118.514,108.869,78.912,50.1294,31.305,20.7001,9.90191,0.191051,151.388,151.352,154.019,154.019
6.247078895568848,0.004155075330709418,0.9999847412109375,0.0,3,0.0205826,3.0,16025.8,166.264,-0.0516319,2.83306,7.04069,15.9293,25.9673,48.0695,99.0639,145.784,141.295,137.306,134.275,131.057,127.605,123.844,117.8,108.479,78.9275,50.0804,31.2501,20.6546,9.87512,0.187499,152.284,152.224,154.804,154.804
6.2690534591674805,0.0041332750704512,0.9999847412109375,0.0,3,0.0202143,3.0,16105.7,167.228,-0.071342,2.85217,7.06857,15.9802,26.03,48.1046,98.7562,144.786,140.323,136.366,133.362,130.176,126.763,123.054,117.118,108.117,79.0138,50.0597,31.2063,20.6139,9.84924,0.183969,153.177,153.1,155.575,155.575
6.289132118225098,0.004111497424570844,0.9999847412109375,0.0,3,0.0198094,3.0,16185.9,168.191,-0.0925624,2.87277,7.096,16.0288,26.0868,48.1211,98.3787,143.792,139.356,135.431,132.454,129.301,125.929,122.271,116.443,107.745,79.1345,50.0527,31.1677,20.5754,9.82385,0.180458,154.064,153.979,156.35,156.35
6.312823534011841,0.00408976500744621,0.9999847412109375,0.0,3,0.0193889,3.0,16267.9,169.152,-0.111683,2.8938,7.12297,16.0758,26.1402,48.1282,97.9726,142.795,138.386,134.493,131.544,128.424,125.092,121.485,115.764,107.348,79.2725,50.0526,31.1321,20.5384,9.79889,0.176982,154.948,154.859,157.141,157.141
6.333544731140137,0.004068100433455159,0.9999847412109375,0.0,3,0.0189626,3.0,16352.0,170.11,-0.127624,2.91408,7.14959,16.1218,26.1915,48.1305,97.5582,141.793,137.41,133.55,130.629,127.542,124.249,120.693,115.075,106.922,79.4192,50.0559,31.098,20.5022,9.77425,0.173541,155.829,155.738,157.954,157.954
6.356846570968628,0.004046503702597692,0.9999847412109375,0.0,3,0.0185345,3.0,16437.8,171.065,-0.140472,2.93312,7.1758,16.1667,26.2409,48.1295,97.1424,140.784,136.428,132.6,129.707,126.652,123.398,119.892,114.375,106.466,79.5719,50.0618,31.0651,20.4668,9.74996,0.170142,156.708,156.617,158.781,158.781
6.377685308456421,0.004024929586118087,0.9999847412109375,0.0,3,0.018106,3.0,16524.5,172.019,-0.150708,2.95106,7.20159,16.2105,26.2886,48.1257,96.7276,139.767,135.438,131.643,128.777,125.754,122.54,119.082,113.663,105.982,79.7296,50.0698,31.0334,20.4321,9.72604,0.166789,157.585,157.494,159.619,159.619
6.401287317276001,0.0040033780840163435,0.9999847412109375,0.0,3,0.017677,3.0,16611.3,172.972,-0.158917,2.96762,7.22696,16.2534,26.3347,48.1191,96.3803,138.743,134.441,130.678,127.84,124.849,121.673,118.264,112.94,105.474,79.8924,50.0801,31.0029,20.3982,9.70249,0.163482,158.461,158.369,160.457,160.457
6.422790050506592,0.003981826581914599,0.9999847412109375,0.0,3,0.0172479,3.0,16697.6,173.925,-0.165532,2.983,7.25185,16.295,26.3788,48.1094,96.2215,137.711,133.437,129.706,126.895,123.936,120.799,117.437,112.206,104.941,80.0607,50.0927,30.9737,20.3652,9.67937,0.160229,159.335,159.244,161.291,161.291
6.445922613143921,0.003960297694190715,0.9999847412109375,0.0,3,0.0168191,3.0,16782.1,174.877,-0.170745,2.99885,7.27629,16.3357,26.4212,48.0971,96.6339,136.672,132.426,128.727,125.943,123.016,119.916,116.601,111.461,104.386,80.2338,50.1075,30.9457,20.3329,9.65664,0.157024,160.21,160.119,162.109,162.109
6.465813636779785,0.003938791420844695,0.9999847412109375,0.0,3,0.0163911,3.0,16865.6,175.828,-0.17479,3.01453,7.30019,16.3751,26.4617,48.0819,144.393,135.626,131.407,127.741,124.983,122.088,119.026,115.756,110.705,103.811,80.4122,50.1247,30.9191,20.3016,9.63439,0.153881,161.084,160.993,162.916,162.916
6.489371299743652,0.003917330376254394,0.9999847412109375,0.0,3,0.015964,3.0,16948.4,176.777,-0.17785,3.03058,7.32363,16.4134,26.5005,48.0642,143.282,134.571,130.38,126.746,124.016,121.152,118.127,114.903,109.937,103.215,80.595,50.144,30.8937,20.2711,9.61255,0.15079,161.956,161.865,163.716,163.716
6.511175870895386,0.003895937174797679,0.9999847412109375,0.0,3,0.0155382,3.0,17030.9,177.723,-0.180117,3.04664,7.34653,16.4505,26.5373,48.0438,142.161,133.509,129.346,125.744,123.041,120.208,117.22,114.04,109.159,102.6,80.7829,50.1657,30.8697,20.2415,9.5912,0.14776,162.826,162.736,164.514,164.514
6.531025648117065,0.0038745892020966856,0.9999847412109375,0.0,3,0.0151133,3.0,17113.4,178.667,-0.181738,3.06351,7.36888,16.4864,26.5723,48.0205,141.033,132.439,128.305,124.735,122.058,119.256,116.304,113.169,108.37,101.968,80.9761,50.1898,30.8472,20.2129,9.57034,0.144792,163.695,163.605,165.311,165.311
6.555584907531738,0.003853286458151415,0.9999847412109375,0.0,3,0.0146888,3.0,17195.6,179.609,-0.18294,3.08187,7.39072,16.5211,26.6053,47.9943,139.896,131.362,127.257,123.718,121.068,118.297,115.381,112.29,107.571,101.319,81.1751,50.2166,30.8261,20.1852,9.54995,0.141883,164.562,164.471,166.105,166.105
6.5770509243011475,0.003832051557339728,0.9999847412109375,0.0,3,0.0142649,3.0,17277.8,180.548,-0.183874,3.09986,7.41202,16.5545,26.6363,47.9652,138.751,130.276,126.201,122.694,120.071,117.33,114.45,111.402,106.762,100.653,81.3799,50.246,30.8065,20.1586,9.53005,0.139034,165.425,165.335,166.899,166.899
6.599660634994507,0.0038108392709059018,0.9999847412109375,0.0,3,0.013842,3.0,17358.4,181.486,-0.184474,3.11884,7.43276,16.5867,26.6654,47.9332,137.597,129.184,125.138,121.663,119.066,116.356,113.511,110.505,105.943,99.9721,81.5904,50.278,30.7884,20.1329,9.51067,0.13625,166.287,166.197,167.678,167.678
6.621605157852173,0.0037897174419835207,0.9999847412109375,0.0,3,0.0134207,3.0,17439.7,182.42,-0.184704,3.13802,7.45292,16.6176,26.6926,47.8985,136.435,128.083,124.067,120.624,118.053,115.373,112.564,109.6,105.113,99.2757,81.8062,50.3126,30.7718,20.1083,9.49181,0.133532,167.146,167.056,168.463,168.463
6.642934799194336,0.003768640841816863,0.9999847412109375,0.0,3,0.0130008,3.0,17521.9,183.352,-0.184774,3.15625,7.4725,16.6472,26.7178,47.861,135.265,126.975,122.989,119.577,117.033,114.384,111.61,108.687,104.274,98.5647,82.0278,50.3499,30.7568,20.0847,9.47348,0.13088,168.003,167.913,169.257,169.257
6.6652538776397705,0.0037476546991616487,0.9999847412109375,0.0,3,0.0125814,3.0,17604.3,184.28,-0.184841,3.17338,7.49153,16.6756,26.741,47.8205,134.086,125.859,121.904,118.524,116.006,113.386,110.647,107.765,103.425,97.8397,82.2557,50.3901,30.7435,20.0622,9.45566,0.128292,168.857,168.768,170.054,170.054
6.687537431716919,0.0037267137852621574,0.9999847412109375,0.0,3,0.0121621,3.0,17686.7,185.206,-0.18497,3.18986,7.50996,16.7026,26.762,47.7767,132.9,124.736,120.812,117.463,114.972,112.382,109.677,106.836,102.568,97.1016,82.4378,50.4335,30.7319,20.0409,9.43841,0.125772,169.709,169.62,170.85,170.85
6.709151268005371,0.003705818100118389,0.9999847412109375,0.0,3,0.0117417,3.0,17768.4,186.13,-0.185195,3.20857,7.5278,16.7282,26.7808,47.7292,131.705,123.606,119.712,116.396,113.93,111.37,108.7,105.899,101.701,96.3512,82.4552,50.4806,30.7222,20.0207,9.4217,0.123318,170.56,170.471,171.64,171.64
6.73125696182251,0.003684967643730343,0.9999847412109375,0.0,3,0.0113206,3.0,17849.7,187.052,-0.185605,3.2263,7.54502,16.7524,26.7973,47.6779,130.503,122.468,118.607,115.321,112.882,110.352,107.715,104.954,100.826,95.5886,82.3497,50.5314,30.7145,20.0017,9.40557,0.120934,171.408,171.318,172.425,172.425
6.753150224685669,0.0036641624160980183,0.9999847412109375,0.0,3,0.0109001,3.0,17928.4,187.972,-0.185899,3.24521,7.56162,16.7752,26.8117,47.6235,129.294,121.324,117.494,114.24,111.827,109.326,106.724,104.002,99.9416,94.8137,82.1509,50.5855,30.7087,19.984,9.39002,0.118621,172.253,172.164,173.187,173.187
6.775091171264648,0.003643402417221417,0.9999847412109375,0.0,3,0.0104814,3.0,18007.5,188.89,-0.185797,3.26559,7.57763,16.7968,26.8241,47.5665,128.075,120.171,116.373,113.151,110.764,108.293,105.724,103.041,99.0479,94.0262,81.8773,50.6424,30.7045,19.9674,9.37502,0.116376,173.097,173.008,173.95,173.95
6.797381639480591,0.00362273287585626,0.9999847412109375,0.0,3,0.0100644,3.0,18088.2,189.804,-0.185521,3.28485,7.59305,16.817,26.8346,47.5069,126.848,119.011,115.245,112.055,109.694,107.252,104.716,102.072,98.1451,93.2265,81.5423,50.7023,30.702,19.9518,9.36059,0.114202,173.939,173.85,174.73,174.73
6.818655252456665,0.0036021311776246877,0.9999847412109375,0.0,3,0.00964794,3.0,18169.6,190.715,-0.185315,3.3026,7.60784,16.8359,26.843,47.4442,125.613,117.843,114.11,110.951,108.617,106.204,103.702,101.095,97.2333,92.4154,81.156,50.7655,30.7013,19.9375,9.34673,0.112099,174.777,174.688,175.516,175.516
6.840698480606079,0.0035815747081488366,0.9999847412109375,0.0,3,0.00923133,3.0,18250.9,191.624,-0.185261,3.31969,7.622,16.8534,26.8492,47.378,124.37,116.668,112.968,109.841,107.533,105.149,102.68,100.111,96.3133,91.5934,80.7255,50.8326,30.7027,19.9245,9.33348,0.110069,175.613,175.524,176.302,176.302
6.863116502761841,0.00356108608180657,0.9999847412109375,0.0,3,0.0088128,3.0,18331.7,192.53,-0.185479,3.33939,7.63551,16.8693,26.8528,47.3076,123.119,115.486,111.82,108.724,106.442,104.087,101.651,99.12,95.3854,90.7612,80.2573,50.9042,30.7064,19.9129,9.32086,0.108112,176.449,176.359,177.083,177.083
6.885216951370239,0.0035406426842200254,0.9999847412109375,0.0,3,0.00839294,3.0,18411.7,193.434,-0.186013,3.35768,7.64837,16.8838,26.8541,47.2334,121.861,114.298,110.665,107.601,105.345,103.019,100.615,98.1217,94.4495,89.9189,79.7549,50.9801,30.7124,19.9026,9.30885,0.106227,177.28,177.19,177.856,177.856
6.905331611633301,0.004222506637473901,0.9999847412109375,0.0,3,0.00797358,3.0,18488.0,194.338,-0.186367,3.37848,7.66058,16.8968,26.8532,47.156,120.595,113.101,109.503,106.471,104.24,101.944,99.5727,97.1159,93.5054,89.066,79.221,51.0597,30.7203,19.8936,9.29746,0.104419,178.109,178.02,178.594,178.594
6.9298295974731445,0.004959805661123247,0.9999847412109375,0.0,3,0.00755654,3.0,18566.0,195.238,-0.186229,3.40026,7.67216,16.9084,26.8504,47.076,119.321,111.897,108.333,105.333,103.129,100.861,98.5221,96.102,92.5522,88.2021,78.6575,51.1426,30.7302,19.8859,9.28669,0.102686,178.938,178.849,179.347,179.347
6.948931932449341,0.006634990793696295,0.9999847412109375,0.0,3,0.00710385,3.0,18645.8,196.134,-0.185048,3.4203,7.68275,16.9168,26.8404,46.978,118.049,110.696,107.165,104.197,102.019,99.7806,97.4743,95.0908,91.6016,87.3396,78.0823,51.2438,30.7473,19.8816,9.27691,0.101034,179.766,179.67,180.117,180.117
6.971615791320801,0.007537586667537691,0.9999847412109375,0.0,3,0.00653201,3.0,18726.2,197.027,-0.190201,3.43833,7.69165,16.9174,26.8124,46.828,116.805,109.517,106.019,103.083,100.932,98.7237,96.4506,94.1047,90.6769,86.504,77.5281,51.3972,30.7836,19.8857,9.26897,0.0994711,180.599,180.479,180.894,180.894
6.994933128356934,0.00955209093892326,0.9999847412109375,0.0,3,0.00581281,3.0,18806.5,197.917,-0.212487,3.45717,7.69848,16.9087,26.7622,46.6151,115.596,108.37,104.901,101.998,99.8746,97.6966,95.4576,93.15,89.7849,85.7019,77.0023,51.6159,30.844,19.9001,9.26328,0.0980147,181.435,181.285,181.67,181.67
7.01807427406311,0.010612491300562394,0.9999847412109375,0.0,3,0.00492319,3.0,18885.1,198.805,-0.244745,3.47755,7.70289,16.8891,26.6866,46.3311,114.428,107.257,103.816,100.945,98.8503,96.7037,94.4997,92.2312,88.9299,84.9375,76.509,51.9124,30.9325,19.9265,9.26022,0.0966864,182.271,182.084,182.431,182.431
7.0382068157196045,0.011721809347867967,0.9999847412109375,0.0,3,0.0038681,3.0,18958.0,199.688,-0.291558,3.49608,7.70472,16.8587,26.5862,45.9797,113.3,106.178,102.762,99.922,97.8566,95.7423,93.5739,91.3451,88.1083,84.2066,76.0423,52.2884,31.0498,19.9654,9.25995,0.0955091,183.101,182.88,183.139,183.139
7.061767578125,0.011653496072888375,0.9999847412109375,0.0,3,0.00268568,3.0,19025.1,200.564,-0.342468,3.52032,7.70411,16.8189,26.4657,45.5774,112.198,105.123,101.729,98.9191,96.8834,94.8016,92.6691,90.4802,87.3075,83.4956,75.5858,52.7325,31.1916,20.0149,9.26233,0.0945033,183.922,183.673,183.787,183.787
7.081579685211182,0.014084281058348715,0.9999847412109375,0.0,3,0.00143303,3.0,19095.9,201.429,-0.394014,3.54315,7.70132,16.7725,26.3322,45.1473,111.107,104.076,100.705,97.9225,95.9164,93.867,91.7702,89.6208,86.5114,82.7872,75.1197,53.2247,31.3509,20.0725,9.26701,0.0936919,184.729,184.465,184.47,184.47
7.1044957637786865,0.01400332329388708,0.9999847412109375,0.0,3,8.41469e-05,3.0,19167.6,202.283,-0.435766,3.56332,7.69598,16.7177,26.1821,44.6802,110.033,103.044,99.6937,96.9376,94.9612,92.9442,90.883,88.7729,85.7261,82.0879,74.6521,53.7796,31.5326,20.1401,9.27445,0.0930968,185.528,185.243,185.162,185.162
7.127699851989746,0.015248503569193805,0.9999847412109375,0.0,3,-0.0013562,3.0,19239.1,203.127,-0.484167,3.58038,7.68791,16.6545,26.016,44.1791,108.976,102.025,98.6954,95.9629,94.0163,92.0316,90.0058,87.9346,84.9496,81.3955,74.1814,54.4,31.7374,20.2182,9.28484,0.0927435,186.318,186.014,185.854,185.854
7.147747993469238,0.015161916844767207,0.9999847412109375,0.0,3,-0.00287248,3.0,19309.7,203.961,-0.526465,3.60225,7.67711,16.5836,25.8357,43.6507,107.931,101.017,97.7061,94.9945,93.0775,91.125,89.1342,87.1015,84.1771,80.7051,73.7027,55.0833,31.9642,20.3063,9.29818,0.0926489,187.101,186.78,186.536,186.536
7.170365333557129,0.015076160688440624,0.9999847412109375,0.0,3,-0.00444724,3.0,19378.8,204.787,-0.569543,3.62168,7.66352,16.5054,25.643,43.1017,106.892,100.014,96.7216,94.0281,92.1405,90.22,88.2639,86.269,83.4042,80.0119,73.2115,55.8186,32.2118,20.404,9.31455,0.0928379,187.87,187.536,187.205,187.205
7.192954063415527,0.017774295726595446,0.9999847412109375,0.0,4,-0.0060346,3.0,19442.7,205.607,-0.604695,3.64381,7.64741,16.422,25.4434,42.5482,105.846,99.0051,95.7316,93.0544,91.1954,89.3063,87.3842,85.4265,82.6197,79.3046,72.6959,56.3786,32.4741,20.509,9.33364,0.0933216,188.627,188.289,187.824,187.824
7.214165925979614,0.019234881126334268,0.9999847412109375,0.0,4,-0.00767572,4.0,15745.8,205.756,-0.600055,3.6681,7.62826,16.3311,25.2316,41.9761,104.808,98.0023,94.7473,92.0857,90.2526,88.3946,86.5062,84.585,81.835,78.5949,72.1696,56.7519,32.7587,20.6244,9.35607,0.0941271,189.176,188.83,181.699,181.355
7.234612703323364,0.02082091660864962,0.9999847412109375,0.0,4,-0.00948559,4.0,15714.1,205.423,-0.607088,3.67365,7.60491,16.2269,24.9942,41.3491,103.816,97.0393,93.7998,91.1518,89.3414,87.5143,85.6593,83.7744,81.0806,77.914,71.6659,57.0309,33.0863,20.7583,9.38328,0.0952916,189.023,188.644,181.388,180.995
7.257796049118042,0.020873337212518477,0.9999847412109375,0.0,4,-0.0116238,4.0,15183.1,205.059,-0.650965,3.66943,7.57605,16.1022,24.7141,40.6227,102.913,96.1544,92.9252,90.2865,88.4933,86.6977,84.8763,83.0277,80.39,77.2965,71.2214,57.2887,33.4864,20.9216,9.41706,0.0968364,188.75,188.302,180.771,180.126
7.281344890594482,0.02083171755724897,0.9999847412109375,0.0,4,-0.0140289,4.0,15703.1,205.348,-0.742299,3.67587,7.54204,15.9602,24.3998,39.8238,102.082,95.3309,92.1077,89.4749,87.692,85.9275,84.1397,82.3271,79.7448,76.723,70.8154,57.5133,33.9532,21.112,9.45706,0.09878,188.688,188.184,186.559,186.559
7.301910400390625,0.0207409895890144,0.9999847412109375,0.0,4,-0.0165156,4.0,15751.1,205.978,-0.837728,3.69756,7.50414,15.8092,24.0725,39.0116,101.266,94.5199,91.3014,88.6737,86.8952,85.1601,83.4052,81.6279,79.0994,76.1469,70.3991,57.6605,34.4593,21.3188,9.50174,0.101144,189.183,188.658,187.159,187.159
7.324925899505615,0.0206491095195959,0.9999847412109375,0.0,4,-0.0189343,4.0,15783.5,206.616,-0.900407,3.72335,7.46321,15.6554,23.7473,38.2272,100.422,93.6851,90.4731,87.8516,86.078,84.3656,82.6425,80.8994,78.4228,75.5367,69.9398,57.7054,34.9806,21.5331,9.54991,0.103958,189.744,189.231,187.55,187.55
7.345769166946411,0.020557517475473384,0.9999847412109375,0.0,4,-0.021193,4.0,15817.0,207.252,-0.919618,3.75825,7.41977,15.5024,23.4328,37.4912,99.5261,92.8048,89.6025,86.9898,85.2226,83.5272,81.835,80.1246,77.6979,74.8753,69.4212,57.641,35.5004,21.749,9.60083,0.107237,190.302,189.821,187.941,187.941
7.369521856307983,0.020467077532534798,0.9999847412109375,0.0,4,-0.0232869,4.0,15858.5,207.88,-0.906782,3.7874,7.3738,15.35,23.1281,36.7999,98.5768,91.8783,88.6889,86.0877,84.3288,82.6459,80.9836,79.3051,76.9266,74.1648,68.8461,57.4808,36.0167,21.9662,9.65448,0.11099,190.857,190.41,188.431,188.431
7.389756917953491,0.020377357652836173,0.9999847412109375,0.0,4,-0.0252348,4.0,15905.3,208.503,-0.880847,3.80546,7.32522,15.1973,22.8308,36.1448,97.5792,90.9103,87.7367,85.1492,83.4001,81.7274,80.0936,78.446,76.1142,73.4111,68.2222,57.2397,36.5313,22.1853,9.71097,0.115207,191.413,190.996,188.985,188.985
7.41547155380249,0.020288213823729504,0.9999847412109375,0.0,4,-0.0271019,4.0,15955.5,209.122,-0.848225,3.81358,7.27365,15.0418,22.5343,35.5076,96.5517,89.9162,86.7602,84.1882,82.4497,80.7877,79.1786,77.5613,75.2749,72.629,67.5648,56.9402,37.0557,22.4105,9.77084,0.119877,191.975,191.577,189.58,189.58
7.4360411167144775,0.02019935801991882,0.9999847412109375,0.0,4,-0.0289892,4.0,16007.2,209.739,-0.826153,3.82006,7.2185,14.8795,22.2294,34.8639,95.5216,88.9198,85.7817,83.225,81.4974,79.846,78.2577,76.6701,74.4285,71.8384,66.8952,56.608,37.6099,22.6489,9.83507,0.124992,192.549,192.149,190.195,190.195
7.455682039260864,0.020110502216108144,0.9999847412109375,0.0,4,-0.0309342,4.0,16056.0,210.356,-0.820171,3.82423,7.15955,14.7092,21.913,34.2059,94.4989,87.9296,84.8088,82.267,80.55,78.909,77.3373,75.7792,73.5814,71.046,66.2203,56.2527,38.2029,22.9034,9.90406,0.130545,193.125,192.713,190.777,190.777
7.480001449584961,0.020020926349057503,0.9999847412109375,0.0,4,-0.0329202,4.0,16097.8,210.978,-0.821342,3.84299,7.09693,14.5317,21.587,33.5384,93.4787,86.9413,83.8376,81.3106,79.6041,77.9734,76.4141,74.8849,72.7303,70.2483,65.5369,55.8726,38.8078,23.1734,9.9777,0.136542,193.701,193.281,191.274,191.274
7.500121116638184,0.019932070545246827,0.9999847412109375,0.0,4,-0.0349243,4.0,16143.7,211.595,-0.825275,3.86231,7.03081,14.348,21.2537,32.8669,92.4545,85.9494,82.8629,80.3509,78.6551,77.035,75.4859,73.983,71.8708,69.4411,64.8406,55.465,39.2747,23.4575,10.0558,0.142984,194.273,193.848,191.819,191.819
7.524190187454224,0.019843502766732125,0.9999847412109375,0.0,4,-0.0369415,4.0,16189.6,212.21,-0.831119,3.87977,6.96119,14.1582,20.9136,32.1927,91.425,84.9528,81.8839,79.3872,77.7019,76.0925,74.5539,73.0728,71.0022,68.6238,64.1311,55.0308,39.6098,23.7557,10.1384,0.149876,194.84,194.413,192.365,192.365
7.54377293586731,0.01975493498821743,0.9999847412109375,0.0,4,-0.0389661,4.0,16235.2,212.825,-0.837519,3.89526,6.88811,13.9627,20.5674,31.517,90.3885,83.9499,80.899,78.4178,76.7436,75.145,73.617,72.1532,70.1236,67.7953,63.4076,54.5704,39.8375,24.0681,10.2255,0.157221,195.406,194.977,192.907,192.907
7.565732002258301,0.019666655234998717,0.9999847412109375,0.0,4,-0.0410071,4.0,16280.2,213.438,-0.843285,3.92079,6.81147,13.7612,20.2143,30.838,89.3473,82.9429,79.9101,77.4447,75.7816,74.1939,72.6769,71.2259,69.2366,66.9574,62.6721,54.0871,39.9772,24.3957,10.3172,0.165027,195.975,195.542,193.442,193.442
7.589491844177246,0.024261946876222885,0.9999847412109375,0.0,4,-0.0430576,4.0,16324.9,214.05,-0.850511,3.94287,6.73137,13.5539,19.8552,30.1573,88.299,81.9296,78.9155,76.4661,74.8144,73.2379,71.7318,70.2918,68.3398,66.1088,61.9232,53.5806,40.041,24.7384,10.4136,0.173288,196.537,196.103,193.973,193.973
7.610583782196045,0.03114573001116515,0.9999847412109375,0.0,4,-0.0452571,4.0,16365.0,214.664,-0.851242,3.97244,6.64674,13.3359,19.479,29.4498,87.281,80.9419,77.9443,75.5095,73.8681,72.3018,70.8059,69.3759,67.4557,65.2721,61.1838,53.0741,40.0593,25.1089,10.5165,0.182037,197.111,196.646,194.451,194.451
7.6326727867126465,0.040951664519884315,0.9999847412109375,0.0,4,-0.0478903,4.0,16410.0,215.271,-0.877439,4.00186,6.55554,13.0974,19.0651,28.6691,86.3677,80.0432,77.0552,74.6295,72.9947,71.4354,69.9465,68.5236,66.6273,64.49,60.4965,52.6096,40.0773,25.5347,10.6298,0.191324,197.709,197.156,194.984,194.984
7.655793905258179,0.049679698736043644,0.9999847412109375,0.0,4,-0.0512823,4.0,16457.3,215.873,-0.963589,4.02527,6.45539,12.828,18.5921,27.7781,85.645,79.3063,76.3151,73.8884,72.2538,70.6953,69.2077,67.7865,65.9003,63.8081,59.906,52.2308,40.1384,26.0501,10.7584,0.201228,198.33,197.623,195.545,195.545
7.6773741245269775,0.05181369733189544,0.9999847412109375,0.0,4,-0.0555969,4.0,16505.9,216.469,-1.13768,4.04125,6.34476,12.5231,18.0527,26.7634,85.1602,78.7705,75.7598,73.3195,71.6769,70.1115,68.618,67.192,65.3004,63.245,59.4303,51.954,40.2594,26.6806,10.9059,0.211867,198.963,198.065,196.122,196.122
7.697669744491577,0.05158437309165796,0.9999847412109375,0.0,4,-0.0606214,4.0,16554.4,217.06,-1.38767,4.06378,6.22449,12.1907,17.4667,25.6708,84.8646,78.3935,75.35,72.8858,71.2283,69.6498,68.1448,66.7085,64.8045,62.7633,59.0317,51.7422,40.4094,27.3306,11.0715,0.223342,199.583,198.532,196.698,196.698
7.7209086418151855,0.05374363824461276,0.9999847412109375,0.0,4,-0.0659702,4.0,16601.3,217.65,-1.64572,4.08152,6.09638,11.8432,16.8625,24.568,84.6621,78.0932,75.01,72.5163,70.8407,69.2459,67.7263,66.2769,64.357,62.3057,58.6524,51.5396,40.5407,27.9077,11.2518,0.235734,200.158,199.032,197.257,197.257
7.742025852203369,0.05350364965222464,0.9999847412109375,0.0,4,-0.0714367,4.0,16641.9,218.241,-1.85407,4.10622,5.9611,11.4864,16.2528,23.4863,84.5015,77.8256,74.699,72.1734,70.4776,68.865,67.3295,65.8659,63.9285,61.8603,58.2629,51.3187,40.6323,28.4065,11.4453,0.249126,200.706,199.549,197.742,197.742
7.763866901397705,0.053265691420178236,0.9999847412109375,0.0,4,-0.0768929,4.0,16685.9,218.827,-2.01409,4.13261,5.81885,11.1229,15.6441,22.4407,84.3504,77.5637,74.392,71.8334,70.1171,68.4861,66.9342,65.456,63.5007,61.4153,57.8475,51.0651,40.6743,28.8274,11.6514,0.26359,201.24,200.083,198.264,198.264
7.786214828491211,0.055439371972270314,0.9999847412109375,0.0,4,-0.0822469,4.0,16730.9,219.409,-2.12861,4.15363,5.66983,10.7548,15.0399,21.4396,84.1835,77.2859,74.0697,71.4784,69.7419,68.093,66.525,65.0325,63.06,60.9581,57.3952,50.7695,40.6609,29.1718,11.8693,0.279168,201.764,200.626,198.798,198.798
7.808593511581421,0.06271049073664471,0.9999847412109375,0.0,4,-0.0875669,4.0,16776.1,219.99,-2.20057,4.16823,5.51349,10.3797,14.4354,20.4715,84.021,77.0093,73.7473,71.1226,69.3655,67.6983,66.1141,64.6073,62.6173,60.4987,56.9181,50.4426,40.6038,29.4529,12.1006,0.295893,202.288,201.157,199.336,199.336
7.829720497131348,0.06503413764927536,0.9999847412109375,0.0,4,-0.0932244,4.0,16821.3,220.565,-2.26134,4.19219,5.34781,9.9887,13.8127,19.4944,83.9754,76.8271,73.5101,70.8451,69.0629,67.3733,65.7691,64.2444,62.2326,60.0929,56.4818,50.1303,40.5443,29.705,12.3516,0.313823,202.839,201.643,199.872,199.872
7.851212024688721,0.070084826130867,0.9999847412109375,0.0,4,-0.0993314,4.0,16866.1,221.136,-2.38553,4.21094,5.17209,9.58007,13.1689,18.5003,84.0898,76.7742,73.3893,70.6743,68.8607,67.143,65.5137,63.9665,61.9267,59.76,56.1087,49.8442,40.4939,29.9398,12.6253,0.333022,203.404,202.117,200.405,200.405
7.874621629714966,0.07251016224224431,0.9999847412109375,0.0,4,-0.105784,4.0,16904.5,221.707,-2.5188,4.23828,4.98664,9.15686,12.5107,17.5051,84.3452,76.8333,73.3686,70.5944,68.7441,66.9932,65.3341,63.76,61.6871,59.4877,55.788,49.571,40.4418,30.1521,12.9219,0.353552,203.95,202.589,200.863,200.863
7.895789623260498,0.07219195921213055,0.9999847412109375,0.0,4,-0.112494,4.0,16947.4,222.27,-2.65685,4.26649,4.79159,8.72124,11.8428,16.5198,84.7267,76.9907,73.4349,70.5935,68.701,66.9122,65.2191,63.6143,61.5034,59.2668,55.511,49.3004,40.3804,30.3381,13.2415,0.375484,204.487,203.069,201.371,201.371
7.91729474067688,0.07187658214143167,0.9999847412109375,0.0,4,-0.119304,4.0,16991.6,222.828,-2.79632,4.28814,4.58743,8.2765,11.1717,15.56,85.1936,77.2116,73.5563,70.6414,68.7029,66.873,65.1428,63.5047,61.3525,59.0753,55.259,49.015,40.2953,30.4893,13.583,0.398863,205.011,203.568,201.896,201.896
7.940105438232422,0.07431496730229506,0.9999847412109375,0.0,4,-0.1261,4.0,17035.7,223.383,-2.9096,4.3025,4.37452,7.82471,10.5047,14.6344,85.7149,77.4696,73.7085,70.7157,68.7287,66.8552,65.0859,63.4127,61.2172,58.8975,55.0178,48.7036,40.1776,30.6003,13.9243,0.423714,205.518,204.075,202.42,202.42
7.961984157562256,0.07125091472698065,0.9999847412109375,0.0,4,-0.132994,4.0,17079.2,223.935,-2.99883,4.32638,4.15222,7.36371,9.85159,13.7325,21.9451,77.8018,73.9244,70.8464,68.8062,66.8853,65.0734,63.3619,61.1192,58.7533,54.8047,48.4006,40.0393,30.6814,14.2398,0.450089,206.033,204.57,202.939,202.939
7.983779191970825,0.07094005919134555,0.9999847412109375,0.0,4,-0.139913,4.0,17121.4,224.485,-3.09764,4.34394,3.92084,6.89494,9.21637,12.8604,19.8892,78.192,74.1892,71.0193,68.9222,66.9503,65.0928,63.3404,61.0474,58.6323,54.6105,48.1113,39.8747,30.7294,14.529,0.478001,206.546,205.077,203.44,203.44
8.006636142730713,0.06796102704003452,0.9999847412109375,0.0,4,-0.146686,4.0,17155.7,225.041,-3.14661,4.37247,3.68073,6.42177,8.60371,12.0276,18.2719,78.5935,74.4605,71.1958,69.0399,67.0157,65.1117,63.3175,60.9732,58.5082,54.4124,47.8183,39.671,30.7356,14.7898,0.507479,207.037,205.594,203.85,203.85
8.028432130813599,0.05755985825935998,0.9999847412109375,0.0,4,-0.15319,4.0,17194.9,225.591,-3.15149,4.39957,3.43214,5.96209,8.01652,11.2393,16.917,78.9666,74.7027,71.3433,69.129,67.0531,65.1029,63.2677,60.8732,58.3596,54.1926,47.5082,39.4201,30.6948,15.021,0.538534,207.521,206.132,204.315,204.315
8.049357891082764,0.05258018435418605,0.9999847412109375,0.0,4,-0.159166,4.0,17234.6,226.144,-3.11691,4.41988,3.17604,5.52477,7.46165,10.5099,15.8034,79.2181,74.833,71.3868,69.1194,66.9966,65.005,63.1332,60.6941,58.1379,53.9094,47.1499,39.1021,30.5927,15.2182,0.571106,207.997,206.714,204.787,204.787
8.073015928268433,0.05234499653823673,0.9999847412109375,0.0,4,-0.164528,4.0,17274.4,226.698,-2.99175,4.45412,2.91396,5.11106,6.94082,9.84123,14.8982,79.3071,74.816,71.2946,68.9818,66.8194,64.7931,62.8907,60.4151,57.8244,53.5474,46.7326,38.7141,30.4276,15.3805,0.605148,208.465,207.303,205.259,205.259
8.093763589859009,0.05211235588274896,0.9999847412109375,0.0,4,-0.169087,4.0,17312.7,227.246,-2.84952,4.62217,2.66014,4.71267,6.43618,9.18895,14.0101,79.5092,74.8966,71.2891,68.9242,66.7159,64.6497,62.7121,60.1943,57.5634,53.2297,46.3487,38.323,30.25,15.5227,0.640661,209.024,207.842,205.715,205.715
8.116203546524048,0.05187801712028683,0.9999847412109375,0.0,4,-0.158274,4.0,17345.5,227.798,-2.80938,4.77429,2.41974,4.33031,5.94853,8.5536,13.1365,79.8544,75.1003,71.3926,68.9669,66.7054,64.5924,62.6137,60.0462,57.3683,52.9673,46.0056,37.9337,30.0632,15.6463,0.675536,209.552,208.321,206.13,206.13
8.139021158218384,0.05163009350202977,0.9999847412109375,0.0,4,-0.147065,4.0,17333.3,228.382,-2.62189,5.15779,2.19425,3.97028,5.49044,7.9644,12.3899,80.1497,75.2562,71.4505,68.9657,66.6528,64.4947,62.4766,59.862,57.1395,52.6757,45.6409,37.524,29.8371,15.7426,0.708073,210.075,208.904,205.967,205.967
8.158908367156982,0.05140084906049073,0.9999847412109375,0.0,4,-0.135713,4.0,17372.2,228.922,-2.44023,5.58316,1.98312,3.63024,5.05686,7.40893,11.7221,80.4854,75.4442,71.5349,68.9879,66.6209,64.4156,62.3563,59.6923,56.9235,52.3945,45.2842,37.1209,29.5876,15.8172,0.738307,210.581,209.418,206.418,206.418
8.181599617004395,0.051163114084079864,0.9999847412109375,0.0,4,-0.124053,4.0,17387.2,229.482,-2.2994,5.98237,1.78782,3.31413,4.65448,6.90106,11.1898,80.796,75.6061,71.5936,68.9847,66.5643,64.3127,62.2129,59.501,56.6872,52.0957,44.9146,36.711,29.3059,15.867,0.766102,211.051,209.928,206.623,206.623
8.204514741897583,0.050943209230899816,0.9999847412109375,0.0,4,-0.111906,4.0,17430.0,230.017,-2.08209,6.46442,1.60927,3.02479,4.28858,6.45278,10.8756,81.0031,75.6741,71.566,68.9006,66.4314,64.1378,62.0019,59.2472,56.394,51.749,44.5106,36.2803,28.9843,15.8897,0.791397,211.528,210.486,207.1,207.1
8.225608110427856,0.050943209230899816,0.9999847412109375,0.0,4,-0.0996989,4.0,17499.3,230.532,-1.9884,6.77801,1.44819,2.76218,3.95729,6.05626,10.8172,81.2709,75.7915,71.5802,68.8536,66.3321,63.9934,61.8186,59.0181,56.1228,51.4202,44.1199,35.8598,28.6442,15.8918,0.814059,212.005,210.96,207.914,207.914
8.247162580490112,0.050943209230899816,0.9999847412109375,0.0,4,-0.0874513,4.0,17529.5,231.077,-1.95534,7.05509,1.3059,2.52964,3.66616,5.72366,11.5232,81.6088,75.9654,71.6419,68.8492,66.271,63.8835,61.6667,58.8168,55.8759,51.1112,43.7436,35.4496,28.286,15.8733,0.833974,212.49,211.44,208.277,208.277
8.2710120677948,0.050943209230899816,0.9999847412109375,0.0,4,-0.0750722,4.0,17598.2,231.591,-1.96928,7.19281,1.18355,2.33104,3.42252,5.47428,95.7355,81.9779,76.1615,71.7204,68.8587,66.2213,63.7834,61.5229,58.622,55.6341,50.806,43.37,35.0423,27.9053,15.8328,0.851065,212.957,211.915,209.093,209.093
8.292026042938232,0.050943209230899816,0.9999847412109375,0.0,4,-0.0627249,4.0,17650.2,232.118,-2.0474,7.22358,1.08233,2.16953,3.23205,5.32483,96.7637,82.4515,76.4421,71.8704,68.9319,66.229,63.7349,61.4263,58.4688,55.4289,50.5301,43.0172,34.6491,27.516,15.7725,0.865232,213.433,212.371,209.728,209.728
8.313538789749146,0.050943209230899816,0.9999847412109375,0.0,4,-0.0501952,4.0,17700.3,232.648,-2.12858,7.17347,1.00361,2.05061,3.1067,5.31907,97.8299,82.9343,76.7249,72.0183,69.001,66.2313,63.68,61.3226,58.308,55.216,50.2467,42.6589,34.2532,27.1258,15.6895,0.876406,213.891,212.849,210.314,210.314
8.337717771530151,0.050943209230899816,0.9999847412109375,0.0,4,-0.0374319,4.0,17748.3,233.178,-2.18053,7.07285,0.94836,1.97878,3.05789,5.52037,98.8912,83.3954,76.9828,72.1406,69.0448,66.2086,63.6009,61.1952,58.1248,54.9822,49.9454,42.2874,33.8503,26.7335,15.5837,0.884561,214.35,213.342,210.889,210.889
8.358996868133545,0.050943209230899816,0.9999847412109375,0.0,4,-0.0246152,4.0,17815.4,233.692,-2.26517,6.86231,0.91782,1.95914,3.09909,6.05271,100.072,83.9209,77.2891,72.3012,69.1214,66.2142,63.5463,61.0895,57.9599,54.7636,49.6558,41.9239,33.4531,26.3462,15.4574,0.889619,214.813,213.805,211.688,211.688
8.380001544952393,0.050943209230899816,0.9999847412109375,0.0,4,-0.0115575,4.0,17847.6,234.236,-2.32356,6.61943,0.913353,1.99941,3.25443,7.37311,101.233,84.411,77.5586,72.4257,69.1625,66.1855,63.4588,60.9524,57.7656,54.5181,49.3431,41.5442,33.0471,25.9555,15.3086,0.891546,215.266,214.294,212.077,212.077
8.401046752929688,0.050943209230899816,0.9999847412109375,0.0,4,0.00167948,4.0,17926.2,234.741,-2.33382,6.35957,0.93631,2.10794,3.55581,174.964,102.412,84.8921,77.8138,72.5334,69.1862,66.1391,63.3537,60.7978,57.5547,54.2568,49.0169,41.1549,32.6363,25.5639,15.1384,0.890296,215.751,214.812,212.95,212.95
8.424283266067505,0.050943209230899816,0.9999847412109375,0.0,4,0.0148006,4.0,17968.7,235.277,-2.46415,5.92582,0.987989,2.29376,4.0492,182.314,103.847,85.5237,78.1873,72.7393,69.2965,66.1698,63.3176,60.7057,57.3981,54.0428,48.728,40.7914,32.2423,25.1838,14.9504,0.885821,216.192,215.228,213.527,213.527
8.445317506790161,0.050943209230899816,0.9999847412109375,0.0,4,0.0282913,4.0,17980.2,235.837,-2.46245,5.60324,1.07053,2.57457,4.84351,189.786,105.134,86.0294,78.448,72.8427,69.3115,66.1117,63.1988,60.5362,57.1715,53.766,48.3875,40.3922,31.8279,24.7938,14.7393,0.878084,216.668,215.757,213.659,213.659
8.468447923660278,0.050943209230899816,0.9999847412109375,0.0,4,0.0415656,4.0,18111.1,236.3,-2.58489,5.03086,1.18487,2.96396,6.13563,198.243,106.785,86.7493,78.8779,73.0867,69.4508,66.1644,63.1795,60.4567,57.0236,53.5575,48.1013,40.0301,31.437,24.4191,14.5119,0.867073,217.135,216.191,215.208,215.208
8.489392280578613,0.050943209230899816,0.9999847412109375,0.0,4,0.0550925,4.0,18103.8,236.88,-2.66754,4.50131,1.33405,3.49448,8.84199,200.0,108.376,87.3978,79.2391,73.2662,69.5289,66.1592,63.1057,60.3259,56.8286,53.3066,47.7799,39.6438,31.0327,24.0386,14.263,0.852699,217.574,216.66,215.141,215.141
8.512943267822266,0.050943209230899816,0.9999847412109375,0.0,4,0.0688227,4.0,18227.2,237.35,-2.6521,3.95466,1.51958,4.20517,15.2803,200.0,109.937,87.9954,79.5494,73.397,69.5605,66.1099,62.9901,60.1558,56.5978,53.0233,47.432,39.2398,30.6193,23.655,13.994,0.835014,218.083,217.22,216.491,216.491
8.53389835357666,0.050943209230899816,0.9999847412109375,0.0,4,0.0822847,4.0,18259.2,237.901,-2.85792,3.16176,1.74402,5.15404,20.3602,200.0,111.959,88.8499,80.0586,73.6904,69.7346,66.1867,62.9868,60.0865,56.4544,52.8154,47.1429,38.8752,30.2302,23.2868,13.7128,0.813887,218.479,217.571,217.006,217.006
8.557689905166626,0.050943209230899816,0.9999847412109375,0.0,4,0.0964126,4.0,18230.1,238.5,-2.79326,2.60002,2.01187,6.46895,24.7215,200.0,113.416,89.3129,80.24,73.7007,69.6524,66.0305,62.7712,59.8228,56.1385,52.456,46.733,38.4297,29.795,22.8945,13.4274,0.789321,218.956,218.142,216.641,216.641
8.57887077331543,0.050943209230899816,0.9999847412109375,0.0,4,0.110048,4.0,18440.6,238.905,-2.96062,1.62631,2.32333,7.83535,28.0261,200.0,115.617,90.197,80.75,73.9817,69.8085,66.0859,62.7446,59.7294,55.9709,52.2247,46.4237,38.0514,29.4006,22.527,13.1511,0.761322,219.419,218.554,219.128,219.128
8.599236488342285,0.050943209230899816,0.9999847412109375,0.0,4,0.124187,4.0,18387.7,239.534,-3.02032,0.803939,2.68587,9.14254,31.0494,200.0,117.364,90.7607,80.9914,74.0307,69.7549,65.9508,62.5447,59.4774,55.6629,51.8705,46.0167,37.6084,28.9695,22.1409,12.8735,0.729766,219.819,219.005,218.545,218.545
8.62299919128418,0.050943209230899816,0.9999847412109375,0.0,4,0.138444,4.0,18562.7,239.969,-2.94686,-0.0417871,3.08858,10.3798,33.6875,200.0,119.095,91.277,81.1852,74.0348,69.6587,65.7759,62.3075,59.1909,55.3238,51.4888,45.588,37.1518,28.5326,21.7536,12.5991,0.694758,220.377,219.627,220.437,220.437
8.643913745880127,0.050943209230899816,0.9999847412109375,0.0,4,0.150895,4.0,18586.5,240.522,-3.19803,-0.9342,3.4796,11.4759,35.2521,200.0,122.694,92.8237,82.176,74.6911,70.1345,66.1067,62.5209,59.3083,55.3348,51.408,45.3925,36.8478,28.1841,21.4166,12.3389,0.656228,220.883,219.984,220.922,220.922
8.665433406829834,0.050943209230899816,0.9999847412109375,0.0,4,0.146,4.0,18495.4,241.165,-3.30791,-1.44373,3.85523,12.4654,36.2867,200.0,127.436,94.9184,83.5683,75.6635,70.8809,66.6718,62.939,59.6064,55.4994,51.4568,45.2949,36.6061,27.872,21.1015,12.0873,0.61659,221.547,220.535,219.785,219.785
8.689655542373657,0.04444715715944767,0.9999847412109375,0.0,4,0.140418,4.0,18524.8,241.694,-3.45034,-1.85657,4.21157,13.3236,36.712,200.0,134.212,97.9794,85.6679,77.193,72.1044,67.6501,63.7187,60.2234,55.935,51.7343,45.3701,36.4741,27.6228,20.8229,11.8483,0.578013,222.205,221.046,220.155,220.155
8.71001935005188,0.03460461050271988,0.9999847412109375,0.0,4,0.134592,4.0,18480.8,242.281,-3.54186,-2.00394,4.54967,14.0809,36.86,200.0,142.796,101.766,88.2631,79.0932,73.6355,68.8872,64.7189,61.0306,56.5278,52.1409,45.5389,36.3992,27.4062,20.5644,11.6186,0.540614,222.81,221.585,219.64,219.64
8.732728004455566,0.03101206421852112,0.9999847412109375,0.0,4,0.129721,4.0,18453.1,242.856,-3.36636,-1.93338,4.87604,14.8258,37.3322,200.0,150.772,104.988,90.3759,80.5758,74.7897,69.7839,65.4108,61.5579,56.8751,52.3348,45.5424,36.2186,27.1332,20.2791,11.3887,0.504517,223.285,222.243,219.296,219.296
8.754017114639282,0.03101206421852112,0.9999847412109375,0.0,4,0.126142,4.0,18455.1,243.41,-2.91395,-1.71573,5.19423,15.594,38.2399,200.0,156.636,107.0,91.5515,81.2945,75.2772,70.0943,65.5838,61.6231,56.8258,52.192,45.2914,35.8805,26.7777,19.954,11.1562,0.46973,223.687,222.912,219.305,219.305
8.775223016738892,0.03101206421852112,0.9999847412109375,0.0,4,0.123324,4.0,18479.8,243.946,-2.38717,-1.44967,5.50291,16.3596,39.3323,199.806,161.111,108.246,92.1448,81.5446,75.3591,70.0508,65.4458,61.4132,56.543,51.8529,44.8949,35.4555,26.3796,19.6107,10.9254,0.436177,224.111,223.501,219.588,219.588
8.799556493759155,0.03101206421852112,0.9999847412109375,0.0,4,0.120717,4.0,18516.8,244.473,-1.95538,-1.19915,5.8005,17.0912,40.3785,198.739,165.526,109.369,92.6327,81.7055,75.3624,69.9381,65.2469,61.1498,56.2151,51.477,44.4727,35.0183,25.9792,19.2701,10.7001,0.403701,224.578,224.018,220.021,220.021
8.820366382598877,0.03101206421852112,0.9999847412109375,0.0,4,0.118022,4.0,18568.0,244.988,-1.67552,-1.0253,6.08648,17.7718,41.2651,197.679,170.841,110.776,93.3046,82.0014,75.4771,69.9194,65.1287,60.9567,55.9466,51.1512,44.0892,34.6077,25.5966,18.9421,10.4818,0.372153,225.065,224.491,220.622,220.622
8.841706991195679,0.03101206421852112,0.9999847412109375,0.0,4,0.115102,4.0,18623.2,245.499,-1.54248,-0.953277,6.36077,18.3939,41.9482,196.659,174.615,112.713,94.3256,82.5549,75.8049,70.0802,65.1641,60.8968,55.7893,50.918,43.7748,34.2413,25.2406,18.6308,10.2708,0.341429,225.556,224.938,221.282,221.282
8.865877866744995,0.03101206421852112,0.9999847412109375,0.0,4,0.111983,4.0,18671.9,246.014,-1.50684,-0.953598,6.62395,18.9614,42.4562,195.666,175.73,115.217,95.7063,83.3669,76.3432,70.416,65.3474,60.9638,55.7366,50.7708,43.5236,33.9145,24.9082,18.3343,10.0665,0.311485,226.044,225.386,221.864,221.864
8.88645339012146,0.03101206421852112,0.9999847412109375,0.0,4,0.10877,4.0,18714.7,246.533,-1.51372,-0.9941,6.87706,19.4848,42.8479,194.675,176.236,118.201,97.369,84.3712,77.0331,70.8742,65.6319,61.116,55.7527,50.6792,43.3123,33.6127,24.5913,18.0485,9.8678,0.282301,226.526,225.846,222.375,222.375
8.907638788223267,0.03101206421852112,0.9999847412109375,0.0,4,0.105536,4.0,18755.0,247.052,-1.53125,-1.05561,7.12131,19.973,43.1664,193.668,176.402,121.605,99.2564,85.5179,77.8301,71.4154,65.9823,61.3217,55.8101,50.6197,43.1232,33.3247,24.2837,17.7697,9.67382,0.253823,227.002,226.317,222.856,222.856
8.931194067001343,0.03101206421852112,0.9999847412109375,0.0,4,0.102318,4.0,18791.5,247.573,-1.54269,-1.11563,7.35655,20.4291,43.4295,192.639,176.337,125.431,101.355,86.7912,78.719,72.0256,66.386,61.5697,55.8993,50.5843,42.9505,33.0473,23.984,17.4975,9.48472,0.226109,227.477,226.795,223.29,223.29
8.951710224151611,0.03101206421852112,0.9999847412109375,0.0,4,0.0991222,4.0,18827.4,248.092,-1.54404,-1.16441,7.58346,20.8564,43.6477,191.586,176.103,129.726,103.676,88.1935,79.6994,72.7027,66.8401,61.8568,56.017,50.5701,42.7915,32.7785,23.6909,17.2311,9.30009,0.199109,227.953,227.275,223.717,223.717
8.973260164260864,0.03101206421852112,0.9999847412109375,0.0,4,0.0959465,4.0,18863.7,248.609,-1.54147,-1.21251,7.80171,21.2547,43.8216,190.512,175.742,134.582,106.258,89.746,80.7861,73.4579,67.3533,62.1899,56.1688,50.5813,42.6494,32.5204,23.4058,16.9714,9.12035,0.17287,228.426,227.752,224.149,224.149
8.998121500015259,0.03101206421852112,0.9999847412109375,0.0,4,0.0927854,4.0,18898.5,249.123,-1.53248,-1.24771,8.01122,21.6245,43.952,189.419,175.283,140.12,109.15,91.4744,81.9968,74.304,67.9356,62.577,56.3605,50.6224,42.5272,32.2748,23.1297,16.719,8.9457,0.147406,228.9,228.23,224.562,224.562
9.01819658279419,0.03101206421852112,0.9999847412109375,0.0,5,0.0895804,4.0,18937.7,249.628,-1.53282,-1.28478,8.2116,21.9619,44.0215,188.318,174.764,146.66,112.507,93.4752,83.4049,75.2985,68.6331,63.0561,56.6221,50.7172,42.4412,32.0508,22.867,16.4761,8.77654,0.122709,229.375,228.696,225.028,225.028
9.038881063461304,0.025992322340607645,0.9999847412109375,0.0,5,0.0863275,5.0,16965.3,249.563,-1.51882,-1.30596,8.40284,22.2675,44.0328,150.882,174.195,154.464,116.424,95.7968,85.0421,76.4636,69.462,63.6396,56.9624,50.8716,42.395,31.8499,22.6186,16.2431,8.61297,0.098786,229.662,228.977,220.531,219.854
9.06314468383789,0.022891879454255106,0.9999847412109375,0.0,5,0.0831161,5.0,16925.6,249.103,-1.52667,-1.3109,8.58522,22.5485,44.018,142.027,173.558,159.613,120.821,98.3649,86.8434,77.7432,70.3742,64.2857,57.347,51.0582,42.3693,31.6619,22.3796,16.0179,8.45498,0.0757131,229.339,228.667,220.079,219.4
9.083399057388306,0.022891879454255106,0.9999847412109375,0.0,5,0.0800853,5.0,16542.5,248.606,-1.52441,-1.33076,8.76051,22.8187,44.0268,134.977,172.818,160.628,125.43,100.986,88.6533,79.0104,71.2644,64.906,57.7055,51.2208,42.3256,31.4653,22.1397,15.7955,8.30147,0.0534681,228.897,228.264,219.258,218.424
9.106651782989502,0.022891879454255106,0.9999847412109375,0.0,5,0.0772287,5.0,16916.6,248.733,-1.49522,-1.33763,8.92921,23.0796,44.0577,129.269,171.989,160.88,130.249,103.65,90.4628,80.2578,72.1267,65.4962,58.0346,51.3573,42.2629,31.2598,21.8987,15.5756,8.15221,0.0320071,228.656,228.056,223.738,223.738
9.127549409866333,0.022891879454255106,0.9999847412109375,0.0,5,0.0744931,5.0,16950.3,249.143,-1.46355,-1.37869,9.09142,23.3285,44.0943,124.467,171.093,160.774,135.416,106.434,92.3274,81.5282,72.9956,66.0845,58.3568,51.4856,42.1935,31.0524,21.66,15.3598,8.00725,0.0112785,228.95,228.37,224.199,224.199
9.151440143585205,0.022891879454255106,0.9999847412109375,0.0,5,0.0718779,5.0,16970.6,249.563,-1.41525,-1.40512,9.24779,23.5674,44.1388,120.394,170.134,160.432,140.949,109.33,94.2386,82.8133,73.864,66.6648,58.6671,51.6017,42.1147,30.8415,21.4224,15.1474,7.86618,-0.00877889,229.313,228.759,224.466,224.466
9.171673774719238,0.022891879454255106,0.9999847412109375,0.0,5,0.0694091,5.0,16991.6,249.98,-1.34851,-1.42059,9.39884,23.7995,44.1994,116.972,169.112,159.906,146.772,112.279,96.1485,84.0759,74.7018,67.213,58.9474,51.692,42.0179,30.6227,21.1843,14.9374,7.72879,-0.0281762,229.679,229.154,224.743,224.743
9.193028926849365,0.022891879454255106,0.9999847412109375,0.0,5,0.0671094,5.0,17014.8,250.397,-1.27311,-1.46089,9.54506,24.0278,44.2832,114.136,168.025,159.224,149.913,115.208,98.0028,85.2744,75.4774,67.7041,59.1791,51.7427,41.8947,30.3922,20.9437,14.7291,7.59486,-0.0469297,230.035,229.545,225.049,225.049
9.21690058708191,0.022891879454255106,0.9999847412109375,0.0,5,0.0649418,5.0,17041.5,250.809,-1.19059,-1.50526,9.68642,24.25,44.3792,111.72,166.887,158.429,150.362,118.17,99.8406,86.4397,76.2156,68.1588,59.3789,51.7673,41.7544,30.1551,20.7033,14.5235,7.46449,-0.0650666,230.4,229.938,225.396,225.396
9.237444400787354,0.022891879454255106,0.9999847412109375,0.0,5,0.0627332,5.0,17081.0,251.208,-1.14593,-1.61202,9.82124,24.4517,44.4356,109.345,165.746,157.607,150.362,121.605,101.97,87.8002,77.0931,68.7182,59.6535,51.8469,41.6498,29.9388,20.4757,14.3267,7.33872,-0.0826045,230.774,230.307,225.924,225.924
9.26065731048584,0.019988277927041054,0.9999847412109375,0.0,5,0.0604241,5.0,17105.4,251.62,-1.12823,-1.6846,9.94897,24.6282,44.437,106.909,164.617,156.783,150.171,125.768,104.552,89.4671,78.1913,69.4444,60.0479,52.014,41.6009,29.753,20.2651,14.1405,7.21785,-0.0995533,231.165,230.677,226.248,226.248
9.281291484832764,0.013590455055236816,0.9999847412109375,0.0,5,0.0581787,5.0,17130.1,252.031,-1.12354,-1.7279,10.0715,24.7946,44.4339,104.698,163.457,155.897,149.766,130.286,107.309,91.2272,79.3426,70.2024,60.4594,52.191,41.5573,29.5719,20.0597,13.9593,7.1008,-0.115919,231.542,231.067,226.573,226.573
9.30359673500061,0.009357982873916626,0.9999847412109375,0.0,5,0.0563822,5.0,17154.9,252.442,-1.08866,-1.80092,10.1941,24.9869,44.5404,103.29,162.179,154.821,149.007,133.851,109.354,92.4425,80.0665,70.6176,60.6115,52.1724,41.3898,29.3306,19.8299,13.7692,6.98463,-0.131775,231.873,231.487,226.901,226.901
9.327000856399536,0.005912876129150391,0.9999847412109375,0.0,5,0.0552089,5.0,17185.7,252.848,-0.972091,-1.86762,10.3193,25.2221,44.8058,102.864,160.747,153.517,147.883,135.56,110.123,92.7302,80.0872,70.4829,60.3572,51.8531,41.0351,28.9988,19.5624,13.5639,6.86793,-0.147177,232.191,231.934,227.281,227.281
9.349555969238281,0.0038457546383142472,0.9999847412109375,0.0,5,0.0544675,5.0,17220.0,253.247,-0.82469,-1.97998,10.4459,25.4862,45.1778,103.073,159.213,152.061,146.531,135.836,109.934,92.3337,79.5967,69.9524,59.814,51.3225,40.5507,28.6057,19.2701,13.349,6.7513,-0.162217,232.514,232.351,227.766,227.766
9.369466543197632,0.0032551348209381107,0.9999847412109375,0.0,5,0.0540321,5.0,17240.1,253.66,-0.662895,-2.04153,10.5734,25.7703,45.6241,103.716,157.605,150.5,145.026,135.003,109.035,91.4381,78.7369,69.1385,59.0657,50.6428,39.976,28.1708,18.9614,13.128,6.63501,-0.176968,232.862,232.766,228.031,228.031
9.391910314559937,0.002713725343346596,0.9999847412109375,0.0,5,0.0537923,5.0,17262.0,254.07,-0.508655,-2.08178,10.7009,26.0662,46.1163,104.627,155.95,148.872,143.426,133.489,107.681,90.2251,77.6443,68.1472,58.1901,49.8715,39.3466,27.7112,18.6435,12.9041,6.51937,-0.191487,233.219,233.164,228.32,228.32
9.413926839828491,0.002713725343346596,0.9999847412109375,0.0,5,0.0536478,5.0,17285.0,254.479,-0.376807,-2.15006,10.8281,26.3668,46.6288,105.665,154.27,147.211,141.778,131.677,106.11,88.8622,76.4427,67.0734,57.2561,49.0589,38.6932,27.2414,18.3224,12.6795,6.40449,-0.205837,233.576,233.543,228.624,228.624
9.436222076416016,0.0022215262055397035,0.9999847412109375,0.0,5,0.0535012,5.0,17324.1,254.871,-0.279507,-2.23654,10.954,26.664,47.1345,106.683,152.587,145.548,140.13,129.846,104.551,87.5102,75.2507,66.0085,56.33,48.2531,38.0454,26.7759,18.0042,12.457,6.29066,-0.220055,233.949,233.918,229.116,229.116
9.458090543746948,0.0022215262055397035,0.9999847412109375,0.0,5,0.053341,5.0,17352.9,255.272,-0.222076,-2.36328,11.0788,26.9574,47.6315,107.666,150.904,143.886,138.485,128.064,103.027,86.1838,74.0789,64.96,55.4167,47.4576,37.405,26.3148,17.6888,12.2364,6.17766,-0.234175,234.311,234.278,229.524,229.524
9.481166362762451,0.0013847589492797852,0.9999847412109375,0.0,5,0.0531853,5.0,17372.9,255.679,-0.177098,-2.4349,11.2029,27.2494,48.126,108.646,149.217,142.219,136.835,126.263,101.491,84.8505,72.9027,63.9088,54.5023,46.6618,36.7652,25.8549,17.3744,12.0165,6.0652,-0.248222,234.688,234.655,229.787,229.787
9.502781629562378,0.0007448330521583557,0.9999847412109375,0.0,5,0.0530666,5.0,17394.7,256.083,-0.145567,-2.47804,11.3271,27.5438,48.6295,109.677,147.517,140.536,135.163,124.323,99.8665,83.4555,71.6817,62.8233,53.5633,45.8484,36.1148,25.3901,17.0582,11.7961,5.95282,-0.26223,235.057,235.031,230.075,230.075
9.52418303489685,0.0004986856132745743,0.9999847412109375,0.0,5,0.0529898,5.0,17416.9,256.485,-0.11298,-2.50329,11.4515,27.841,49.1435,110.768,145.803,138.836,133.467,122.234,98.1462,81.9946,70.4123,61.7014,52.5982,45.0162,35.4533,24.9204,16.7401,11.575,5.84055,-0.276194,235.423,235.406,230.369,230.369
9.546590566635132,0.0004986856132745743,0.9999847412109375,0.0,5,0.0529677,5.0,17444.3,256.88,-0.0870272,-2.51553,11.5763,28.143,49.6735,111.942,144.073,137.114,131.742,119.953,96.3034,80.4484,69.0805,60.5316,51.5987,44.1591,34.7766,24.4434,16.419,11.3527,5.72816,-0.290137,235.785,235.78,230.728,230.728
9.568232536315918,0.0,0.9999847412109375,0.0,5,0.0529903,5.0,17470.0,257.275,-0.0582265,-2.52746,11.7016,28.4493,50.2172,113.188,142.329,135.374,129.99,117.524,94.3647,78.8355,67.6997,59.3244,50.5719,43.2821,34.0876,23.9604,16.0953,11.1292,5.61559,-0.304073,236.144,236.148,231.069,231.069
9.59088134765625,0.0,0.9999847412109375,0.0,5,0.0530194,5.0,17494.7,257.669,-0.0355306,-2.53002,11.8271,28.7563,50.7634,114.446,140.578,133.626,128.229,115.076,92.4139,77.2142,66.3124,58.1121,49.5416,42.4024,33.397,23.4767,15.7712,10.9055,5.50296,-0.318012,236.507,236.513,231.397,231.397
9.61298155784607,0.0,0.9999847412109375,0.0,5,0.0530429,5.0,17519.5,258.062,-0.0201615,-2.5139,11.9526,29.063,51.3082,115.697,138.825,131.876,126.465,112.648,90.4759,75.6014,64.9316,56.9047,48.5146,41.5252,32.7077,22.9935,15.4473,10.6818,5.3903,-0.33196,236.871,236.876,231.725,231.725
9.634514570236206,-0.00030107833445072176,0.9999847412109375,0.0,5,0.0530586,5.0,17544.4,258.452,-0.0107114,-2.49004,12.078,29.3691,51.8509,117.271,137.069,130.124,124.699,110.246,88.5546,74.0003,63.5589,55.7036,47.4922,40.6512,32.0204,22.5112,15.1237,10.4583,5.27763,-0.345915,237.231,237.235,232.054,232.054
9.655056953430176,-0.0004978239536285401,0.9999847412109375,0.0,5,0.0530688,5.0,17566.2,258.844,-0.00514138,-2.45353,12.2036,29.6753,52.393,144.646,135.309,128.369,122.93,107.858,86.6415,72.4045,62.19,54.5049,46.4713,39.778,31.3333,22.0287,14.7999,10.2344,5.16476,-0.359897,237.591,237.593,232.342,232.342
9.678174257278442,-0.0004978239536285401,0.9999847412109375,0.0,5,0.0530746,5.0,17591.9,259.231,-0.00207376,-2.41896,12.3293,29.9814,52.9344,142.879,133.545,126.61,121.155,105.482,84.7354,70.813,60.824,53.3083,45.4515,38.9055,30.6465,21.5461,14.4758,10.0104,5.05176,-0.373899,237.948,237.949,232.682,232.682
9.699305534362793,-0.0004978239536285401,0.9999847412109375,0.0,5,0.0530775,5.0,17618.8,259.615,-0.000530878,-2.3965,12.4552,30.2875,53.4753,141.108,131.777,124.847,119.376,103.113,82.8333,69.2242,59.4598,52.1129,44.4326,38.0335,29.9598,21.0635,14.1516,9.78629,4.93867,-0.387913,238.301,238.302,233.037,233.037
9.723132371902466,-0.0004978239536285401,0.9999847412109375,0.0,5,0.0530788,5.0,17646.5,259.997,0.000273635,-2.40312,12.5812,30.5942,54.0169,139.331,130.004,123.079,117.59,100.743,80.9301,67.634,58.0941,50.9162,43.4123,37.1603,29.272,20.58,13.8268,9.56169,4.82534,-0.401959,238.651,238.651,233.403,233.403
9.742749214172363,-0.00030107833445072176,0.9999847412109375,0.0,5,0.0530791,5.0,17674.9,260.377,0.000706606,-2.42864,12.7074,30.901,54.5588,137.55,128.227,121.306,115.798,98.3733,79.0269,66.0436,56.7281,49.7189,42.3916,36.2865,28.5838,20.0961,13.5017,9.3369,4.7119,-0.416019,239.001,239.001,233.772,233.772
9.76559829711914,0.0,0.9999847412109375,0.0,5,0.0530787,5.0,17703.3,260.756,0.000713181,-2.48021,12.8338,31.2083,55.1012,135.763,126.445,119.528,113.998,96.0023,77.1219,64.4515,55.3605,48.5203,41.3696,35.4117,27.8946,19.6116,13.1762,9.11175,4.59827,-0.430101,239.349,239.348,234.156,234.156
9.787332534790039,0.0013847589492797852,0.9999847412109375,0.0,5,0.0530787,5.0,17726.6,261.139,0.000857799,-2.51734,12.9603,31.5159,55.6444,133.97,124.658,117.745,112.189,93.6275,75.2142,62.8572,53.9911,47.3201,40.3462,34.5357,27.2046,19.1264,12.8502,8.88636,4.48453,-0.444199,239.7,239.7,234.465,234.465
9.810204267501831,0.002713725343346596,0.9999847412109375,0.0,5,0.0530266,5.0,17750.6,261.519,-7.7275e-05,-2.55574,13.0862,31.8183,56.1698,132.18,122.877,115.972,110.4,91.3826,73.3896,61.3206,52.6638,46.152,39.346,33.6765,26.5247,18.6461,12.5262,8.66173,4.37081,-0.458317,240.054,240.043,234.782,234.782
9.832090377807617,0.0038457546383142472,0.9999847412109375,0.0,5,0.052821,5.0,17774.8,261.899,-0.0146533,-2.61586,13.2099,32.1032,56.6398,130.406,121.124,114.244,108.682,89.5178,71.8098,59.9545,51.4622,45.0803,38.4157,32.8684,25.8764,18.1811,12.2091,8.44025,4.25767,-0.472437,240.415,240.373,235.102,235.102
9.853230953216553,0.0038457546383142472,0.9999847412109375,0.0,5,0.0524404,5.0,17811.8,262.265,-0.0544437,-2.70818,13.3307,32.3674,57.0443,128.652,119.405,112.567,107.049,88.0746,70.5003,58.7765,50.3993,44.115,37.5628,32.117,25.2634,17.7338,11.8999,8.22259,4.14539,-0.486525,240.779,240.7,235.585,235.585
9.87618899345398,0.004485584795475006,0.9999847412109375,0.0,5,0.0519654,5.0,17833.3,262.645,-0.105418,-2.80309,13.4495,32.6191,57.4108,126.907,117.702,110.915,105.457,86.8448,69.3252,57.6912,49.4042,43.2017,36.7476,31.3934,24.6679,17.2954,11.595,8.00714,4.03375,-0.500567,241.132,241.033,235.879,235.879
9.898791074752808,0.0067003373056650165,0.9999847412109375,0.0,5,0.0514712,5.0,17854.0,263.024,-0.146409,-2.85715,13.5673,32.8662,57.7656,125.158,115.997,109.263,103.867,85.6411,68.1644,56.6153,48.4158,42.2938,35.9367,30.6733,24.075,16.8589,11.2915,7.79268,3.92265,-0.514539,241.486,241.382,236.151,236.151
9.920227289199829,0.009357982873916626,0.9999847412109375,0.0,5,0.0508386,5.0,17875.4,263.401,-0.177773,-2.93355,13.682,33.0947,58.0646,123.424,114.317,107.648,102.338,84.7676,67.209,55.6798,47.5301,41.4642,35.1826,29.995,23.5085,16.4361,10.9947,7.58173,3.81265,-0.528422,241.839,241.706,236.434,236.434
9.940513372421265,0.011375798285007477,0.9999847412109375,0.0,5,0.0499867,5.0,17898.0,263.776,-0.230731,-3.01384,13.7922,33.2942,58.2767,121.717,112.678,106.095,100.905,84.4497,66.5954,54.9765,46.8127,40.7627,34.5211,29.3844,22.9844,16.0349,10.7083,7.37624,3.70431,-0.542175,242.205,242.027,236.732,236.732
9.96445631980896,0.013590455055236816,0.9999847412109375,0.0,5,0.0488712,5.0,17943.2,264.128,-0.311176,-3.18639,13.8965,33.4584,58.385,120.041,111.088,104.614,99.5803,84.8528,66.4143,54.5622,46.3026,40.2176,33.9717,28.8555,22.5112,15.6597,10.4345,7.17737,3.59805,-0.555757,242.564,242.331,237.333,237.333
9.984918117523193,0.013590455055236816,0.9999847412109375,0.0,5,0.0474263,5.0,17959.2,264.507,-0.411161,-3.30015,13.9935,33.5786,58.3654,118.406,109.561,103.221,98.3785,86.269,66.8223,54.5335,46.0654,39.8764,33.5671,28.4312,22.1025,15.3172,10.1765,6.98692,3.4945,-0.569108,242.942,242.64,237.545,237.545
10.007219076156616,0.013590455055236816,0.9999847412109375,0.0,5,0.0457832,5.0,17978.2,264.881,-0.527174,-3.37289,14.0846,33.669,58.2659,116.792,108.066,101.871,97.2279,88.5023,67.6668,54.7757,46.0132,39.6701,33.2562,28.0739,21.7353,14.9965,9.92997,6.80305,3.39357,-0.582179,243.309,242.964,237.795,237.795
10.029835939407349,0.013590455055236816,0.9999847412109375,0.0,5,0.0441936,5.0,17998.3,265.254,-0.611746,-3.49834,14.1734,33.7576,58.1753,115.165,106.551,100.491,96.0236,89.0813,68.5419,55.0138,45.9484,39.4506,32.9345,27.709,21.3649,14.6767,9.68612,6.62212,3.29485,-0.594922,243.635,243.298,238.06,238.06
10.051535844802856,0.013590455055236816,0.9999847412109375,0.0,5,0.0426918,5.0,18043.8,265.601,-0.654407,-3.65948,14.2602,33.8482,58.1045,113.519,105.011,99.075,94.7599,88.5725,69.3798,55.2041,45.8412,39.1963,32.5874,27.3266,20.9859,14.3557,9.44426,6.44388,3.19836,-0.607326,243.965,243.647,238.625,238.625
10.072800636291504,0.013590455055236816,0.9999847412109375,0.0,5,0.0411097,5.0,18069.5,265.966,-0.70818,-3.87851,14.3425,33.9215,57.9952,111.878,103.48,97.6687,93.5026,87.8704,70.5343,55.5675,45.8433,39.0182,32.2919,26.9811,20.6306,14.0486,9.21092,6.27134,3.10469,-0.61938,244.295,243.961,239.008,239.008
10.096478462219238,0.013590455055236816,0.9999847412109375,0.0,5,0.0394939,5.0,18082.4,266.341,-0.745265,-3.99896,14.4207,33.9827,57.8637,110.236,101.947,96.259,92.2344,87.0346,71.9576,56.0634,45.9233,38.8919,32.0302,26.6597,20.2915,13.7521,8.9848,6.10398,3.01384,-0.631069,244.646,244.306,239.176,239.176
10.118204355239868,0.011375798285007477,0.9999847412109375,0.0,5,0.0379243,5.0,18099.2,266.713,-0.767329,-4.1297,14.496,34.0405,57.7364,108.581,100.397,94.8263,90.9304,86.0698,73.5028,56.5949,46.0138,38.7685,31.7693,26.3395,19.9556,13.4606,8.7638,5.94104,2.9258,-0.642366,244.973,244.639,239.396,239.396
10.14057993888855,0.008422890678048134,0.9999847412109375,0.0,5,0.0366741,5.0,18118.0,267.082,-0.745628,-4.27725,14.5727,34.1259,57.704,106.878,98.7815,93.3054,89.509,84.8778,74.4445,56.7357,45.8359,38.4515,31.3784,25.9317,19.5723,13.1513,8.5384,5.77823,2.83973,-0.653289,245.278,245.007,239.644,239.644
10.160526037216187,0.0075370088219642644,0.9999847412109375,0.0,5,0.0357213,5.0,18180.6,267.409,-0.698645,-4.56639,14.6511,34.2371,57.7582,105.131,97.1058,91.7063,87.9861,83.5133,74.7178,56.4695,45.3879,37.9445,30.8627,25.4409,19.1452,12.8259,8.30915,5.61563,2.75544,-0.663878,245.569,245.362,240.47,240.47
10.184220790863037,0.005912876129150391,0.9999847412109375,0.0,5,0.0348542,5.0,18188.7,267.788,-0.637607,-4.78111,14.7281,34.3514,57.8303,103.366,95.4093,90.0813,86.4305,82.0933,74.8295,56.0991,44.8709,37.3901,30.3178,24.9327,18.7113,12.5007,8.08237,5.45573,2.67311,-0.674185,245.895,245.71,240.587,240.587
10.206273555755615,0.0038457546383142472,0.9999847412109375,0.0,5,0.0341189,5.0,18201.2,268.16,-0.574276,-4.90037,14.8047,34.4743,57.9352,101.578,93.6842,88.4205,84.8301,80.6041,74.5326,55.5436,44.2356,36.7555,29.7228,24.3933,18.2632,12.1724,7.85676,5.29795,2.5926,-0.684214,246.231,246.074,240.749,240.749
10.228208303451538,0.0032551348209381107,0.9999847412109375,0.20391845703125,5,0.0336718,5.0,18216.8,268.532,-0.491362,-5.10451,14.8838,34.6246,58.1259,99.7478,91.9028,86.6886,83.1415,78.9845,73.2687,54.5328,43.3134,35.9251,29.0027,23.7721,17.7722,11.8279,7.62647,5.1394,2.51313,-0.694021,246.524,246.422,240.953,240.953
10.249504566192627,0.0017785374075174332,0.83135986328125,0.3411712646484375,5,0.0334746,5.0,18163.5,268.498,-0.380907,-5.34092,14.965,34.7987,58.3908,97.8801,90.0739,84.8973,81.3794,77.2586,71.5691,53.1309,42.1488,34.9312,28.1793,23.0841,17.2467,11.4708,7.39279,4.98053,2.43464,-0.703633,242.746,242.686,240.21,240.21
10.269638538360596,0.0010401908308267595,0.39215087890625,0.45489501953125,5,0.0333531,5.0,18009.3,267.916,-0.30545,-5.66207,15.0387,34.9608,58.6459,96.1738,88.4013,83.2565,79.7623,75.6674,69.9293,51.7747,41.0421,33.9972,27.4131,22.4486,16.7651,11.1461,7.18148,4.83734,2.36416,-0.712245,239.567,239.526,238.262,238.262
10.288908243179321,0.00030174851417541504,0.0588226318359375,0.5215606689453125,5,0.0332978,5.0,17696.1,266.63,-0.237555,-5.8319,15.1124,35.1279,58.9185,94.4618,86.7209,81.6051,78.1312,74.0538,68.1511,50.33,39.883,33.0296,26.6272,21.8016,16.279,10.8209,6.97105,4.69523,2.29449,-0.720739,236.489,236.46,234.152,234.152
10.309275150299072,0.0,0.0,0.54901123046875,5,0.0333532,5.0,17404.5,264.723,-0.169823,-5.91095,15.187,35.3054,59.2241,92.7429,85.0294,79.9375,76.4777,72.4028,66.0027,48.7378,38.6345,32.0029,25.8051,21.1318,15.7817,10.4923,6.76023,4.55359,2.22548,-0.729124,233.681,233.613,230.137,230.499
10.32901644706726,-0.00030107833445072176,0.0,0.5686187744140625,5,0.0335538,5.0,17221.7,262.545,-0.0862499,-5.98178,15.263,35.4976,59.5747,91.0154,83.3236,78.2487,74.7948,70.7014,63.4691,46.966,37.2764,30.9032,24.9373,20.433,15.2699,10.1587,6.54837,4.41214,2.15708,-0.7374,231.014,231.008,227.623,228.179
10.349011898040771,-0.0004978239536285401,0.0,0.572540283203125,5,0.0338295,5.0,17038.0,260.259,-0.00341971,-6.0309,15.3394,35.6968,59.9483,89.2892,81.6167,76.5554,73.1028,68.9776,60.8165,45.1321,35.8812,29.7794,24.0555,19.726,14.7549,9.82492,6.33728,4.27158,2.08933,-0.745583,229.191,229.226,225.236,225.809
10.369222164154053,-0.0007437799125909806,0.0,0.5686187744140625,5,0.0341147,5.0,16871.8,257.946,0.0632816,-6.13637,15.4153,35.896,60.3237,87.5729,79.92,74.8718,71.4197,67.2573,58.2168,43.3286,34.5065,28.6711,23.1849,19.0274,14.2456,9.49457,6.12827,4.13237,2.0222,-0.753691,227.574,227.647,222.938,223.593
10.390570163726807,-0.0007437799125909806,0.0,0.564697265625,5,0.03445,5.0,16734.8,255.627,0.113992,-6.12948,15.4917,36.1005,60.716,85.8612,78.2263,73.1888,69.7334,65.5201,55.5778,41.5028,33.1182,27.5537,22.309,18.3258,13.7352,9.16435,5.91972,3.99363,1.95541,-0.761752,225.878,225.968,221.136,221.767
10.409273147583008,-0.0007437799125909806,0.0,0.564697265625,5,0.0348368,5.0,16596.4,253.353,0.162682,-6.06214,15.5687,36.3106,61.2766,84.1537,76.5352,71.5056,68.0428,63.7619,52.9115,39.6607,31.7195,26.4295,21.429,17.6219,13.224,8.83423,5.71158,3.85531,1.88891,-0.769772,223.86,223.939,219.32,219.926
10.42876672744751,-0.0004978239536285401,0.0,0.564697265625,5,0.0352276,5.0,16453.8,251.117,0.200132,-5.99417,15.6456,36.5214,91.8349,82.456,74.8543,69.8321,66.3604,61.9996,50.3209,37.8588,30.3459,25.3226,20.5604,16.9258,12.7175,8.50645,5.5046,3.71764,1.82265,-0.777767,221.457,221.558,217.444,218.032
10.450427770614624,0.0004986856132745743,0.0,0.572540283203125,5,0.0355582,5.0,16304.4,248.887,0.224135,-5.91986,15.7215,36.7252,90.1552,80.7759,73.1941,68.1819,64.7035,60.2612,47.9146,36.1588,29.0368,24.2603,19.7211,16.2495,12.2221,8.18365,5.29974,3.58094,1.7566,-0.785755,219.242,219.345,215.511,216.06
10.468632221221924,0.002713725343346596,0.0,0.58038330078125,5,0.0358242,5.0,16145.3,246.667,0.229451,-5.90278,15.7962,36.9214,88.4901,79.1138,71.555,66.556,63.0735,58.5492,45.6789,34.5549,27.7895,23.241,18.9102,15.5925,11.7377,7.86596,5.09709,3.4453,1.69081,-0.793727,216.871,216.973,213.373,213.945
10.48982858657837,0.005912876129150391,0.0,0.5843048095703125,5,0.0359349,5.0,15996.3,244.425,0.225855,-5.86741,15.868,37.0984,86.848,77.4813,69.9525,64.9742,61.497,56.9151,43.7411,33.1218,26.6531,22.2997,18.1514,14.9712,11.2739,7.55779,4.89863,3.31167,1.62553,-0.801671,214.473,214.551,211.426,211.95
10.510063648223877,0.012458521500229837,0.0,0.5960693359375,5,0.0357591,5.0,15846.6,242.179,0.186541,-5.82219,15.9345,37.2393,85.2413,75.8947,68.4084,63.4654,60.0123,55.44,42.2741,31.9605,25.6938,21.4832,17.476,14.4074,10.8434,7.26512,4.70705,3.18137,1.56111,-0.809561,212.152,212.176,209.486,209.933
10.531074285507202,0.017281517758965494,0.0,0.603912353515625,5,0.0351463,5.0,15691.7,239.943,0.109675,-5.80521,15.9925,37.3244,83.6843,74.3729,66.9475,62.0618,58.6619,54.2105,41.4873,31.1891,24.9882,20.8454,16.9203,13.9261,10.4609,6.99525,4.52585,3.05627,1.49819,-0.817341,209.332,209.264,207.491,207.834
10.549706935882568,0.019988277927041054,0.0,0.603912353515625,5,0.034009,5.0,15536.0,237.68,-0.0252063,-5.7918,16.04,37.3419,82.1853,72.9261,65.5825,60.7792,57.4646,53.2429,41.5449,30.8873,24.5828,20.417,16.5037,13.5403,10.134,6.75188,4.35693,2.93749,1.43723,-0.82496,206.721,206.546,205.494,205.714
10.569932460784912,0.02141547352075577,0.0,0.6078338623046875,5,0.0324143,5.0,15368.3,235.417,-0.207932,-5.83033,16.0777,37.2996,80.7378,71.5449,64.2998,59.5978,56.391,52.4491,42.4642,31.0344,24.4541,20.1774,16.2105,13.2385,9.85581,6.53221,4.19945,2.82491,1.37844,-0.83237,204.49,204.2,203.32,203.454
10.59000825881958,0.02141547352075577,0.0,0.6078338623046875,5,0.0305057,5.0,15216.0,233.13,-0.410123,-5.85099,16.1075,37.2147,79.3287,70.2109,63.0743,58.4835,55.3936,51.7275,44.2191,31.5719,24.5517,20.0868,16.0122,13.0007,9.61523,6.33175,4.05207,2.71829,1.32214,-0.839505,202.363,201.96,201.34,201.396
10.609334468841553,0.022891879454255106,0.0,0.6078338623046875,5,0.0284642,5.0,15066.8,230.838,-0.592802,-5.83471,16.1323,37.1089,77.9414,68.9017,61.8758,57.397,54.4211,50.9977,46.4133,32.3959,24.7967,20.0865,15.8686,12.7993,9.39672,6.14387,3.91231,2.61674,1.26832,-0.846334,200.424,199.909,199.394,199.398
10.629577159881592,0.023165628179395575,0.0,0.61175537109375,5,0.0262955,5.0,14917.3,228.565,-0.742028,-5.80169,16.1518,36.9826,76.5755,67.6167,60.7034,56.3365,53.4713,50.2636,46.6693,33.5909,25.2232,20.1942,15.789,12.6402,9.20367,5.97059,3.78147,2.52113,1.21743,-0.852802,198.339,197.731,197.848,196.988
10.650268077850342,0.02359637704445981,0.0,0.619598388671875,5,0.0239134,5.0,14765.7,226.307,-0.901923,-5.76878,16.1642,36.8256,75.2386,66.3656,59.5691,55.3167,52.5616,49.5532,46.4901,35.4124,25.9467,20.4752,15.8099,12.5453,9.0475,5.8169,3.66177,2.43261,1.16985,-0.858875,195.982,195.298,195.927,194.897
10.668917417526245,0.02402865203482099,0.0,0.6235198974609375,5,0.0214104,5.0,14607.0,224.041,-1.04721,-5.73343,16.171,36.6491,73.9221,65.1369,58.458,54.3186,51.669,48.8384,46.1328,37.9662,26.9745,20.9196,15.9191,12.5052,8.92244,5.68038,3.55241,2.35095,1.12564,-0.864532,193.599,192.838,193.876,192.793
10.689159870147705,0.02446073625952005,0.0,0.62744140625,5,0.0188237,5.0,14441.8,221.776,-1.18861,-5.73813,16.1727,36.4577,72.6227,63.9262,57.3644,53.335,50.7851,48.1126,45.6714,41.2873,28.3692,21.5468,16.1213,12.5205,8.82824,5.56097,3.45352,2.27634,1.08496,-0.869753,191.304,190.479,191.687,190.572
10.710532188415527,0.02489663579746149,0.0,0.6313629150390625,5,0.0162283,5.0,14291.4,219.491,-1.30014,-5.7131,16.1704,36.2598,71.3337,62.7251,56.2775,52.3535,49.8963,47.3624,45.1252,41.8647,30.172,22.3565,16.4084,12.5842,8.76078,5.4571,3.36463,2.20865,1.04784,-0.874523,189.058,188.179,189.693,188.583
10.731130838394165,0.025332726101065055,0.0,0.6313629150390625,5,0.0136638,5.0,14140.2,217.205,-1.37316,-5.66499,16.1646,36.0594,70.0523,61.5299,55.1931,51.3691,48.9974,46.5857,44.5117,41.7465,32.4784,23.3718,16.7851,12.6978,8.72087,5.36958,3.28643,2.14842,1.01457,-0.878809,186.785,185.863,187.687,186.591
10.748837232589722,0.03108290279377252,0.0,0.635284423828125,5,0.0111579,5.0,13990.0,214.937,-1.42126,-5.61624,16.1557,35.8594,68.7758,60.3377,54.1079,50.3786,48.086,45.7825,43.8426,41.3919,35.4252,24.6219,17.2566,12.8619,8.70849,5.29852,3.21904,2.09572,0.985192,-0.882606,184.374,183.409,185.689,184.614
10.770692825317383,0.03548710508525372,0.0,0.635284423828125,4,0.0086174,5.0,13837.6,212.684,-1.4378,-5.57374,16.1423,35.6498,67.5122,59.1584,53.0344,49.397,47.1796,44.9755,43.152,40.9342,37.5043,26.2572,17.8812,13.1056,8.73599,5.24826,3.16395,2.05112,0.959747,-0.885922,181.708,180.696,183.676,182.599
10.789244413375854,0.042405485237017274,0.0,0.64312744140625,4,0.00593376,4.0,15324.7,210.488,-1.45991,-5.53564,16.1222,35.4188,66.2711,58.0041,51.9868,48.4411,46.2971,44.1876,42.4696,40.4412,37.6893,28.5526,18.7573,13.4762,8.82331,5.22634,3.1243,2.01617,0.938717,-0.888717,179.208,178.132,182.38,181.684
10.808465003967285,0.050021382103413344,0.0,0.6470489501953125,4,0.00304872,4.0,15263.2,208.364,-1.49356,-5.53632,16.0946,35.1609,65.0567,56.8796,50.9711,47.5173,45.4458,43.4271,41.8062,39.9385,37.5829,31.9087,19.9962,14.0179,8.98584,5.23758,3.10179,1.99162,0.922295,-0.890976,176.538,175.386,180.38,179.687
10.830970287322998,0.055797963488847024,0.0,0.650970458984375,4,-0.000152528,4.0,14893.2,206.201,-1.54676,-5.51484,16.0577,34.8862,63.8781,55.7957,49.9997,46.6393,44.6402,42.7101,41.1805,39.4539,37.3811,34.3504,21.8133,14.8111,9.24932,5.28922,3.0987,1.97832,0.9106,-0.892701,173.851,172.6,177.725,176.557
10.849018573760986,0.0593279413284051,0.0,0.6588134765625,4,-0.00380689,4.0,14691.1,203.898,-1.65771,-5.47737,16.0092,34.6433,62.747,54.7658,49.087,45.8228,43.8967,42.0542,40.6114,39.0122,37.1611,34.7901,24.6237,15.9933,9.65441,5.3924,3.11866,1.97781,0.904003,-0.893869,171.216,169.84,175.429,173.95
10.868768692016602,0.06301335360467433,0.0,0.6627349853515625,4,-0.00787407,4.0,14507.7,201.568,-1.81991,-5.4332,15.9495,34.4462,61.6607,53.7855,48.227,45.0596,43.2056,41.4477,40.0859,38.5997,36.9265,34.9261,29.0672,17.7199,10.2345,5.55467,3.16435,1.99147,0.903061,-0.894415,168.459,166.942,173.312,171.705
10.88981580734253,0.06684392972897739,0.0,0.6627349853515625,4,-0.0121617,4.0,14327.6,199.244,-1.99268,-5.39458,15.8824,34.3376,60.6015,52.8332,47.3938,44.3203,42.5348,40.8555,39.5668,38.1777,36.6465,34.8908,31.5286,20.1387,10.9978,5.77187,3.2331,2.01783,0.907275,-0.894385,165.513,163.838,171.208,169.529
10.910080909729004,0.0800565399072009,0.0,0.666656494140625,4,-0.0165616,4.0,14150.4,196.914,-2.15026,-5.34845,15.809,34.3699,59.5611,51.8989,46.5756,43.592,41.8707,40.2636,39.0402,37.7347,36.3188,34.7403,32.0159,23.5599,11.9814,6.04965,3.32696,2.05807,0.917194,-0.893713,162.781,160.94,169.122,167.401
10.930545091629028,0.09120908119560531,0.0,0.666656494140625,4,-0.0212296,4.0,13953.3,194.599,-2.29916,-5.32624,15.7271,34.597,58.5517,50.9966,45.7885,42.8925,41.2326,39.6932,38.5298,37.2989,35.9808,34.5418,32.1924,28.0144,13.2951,6.40723,3.45092,2.11401,0.933133,-0.892388,159.98,157.963,166.831,165.022
10.94967007637024,0.10324843466744138,0.0,0.6705780029296875,4,-0.0263826,4.0,13776.4,192.271,-2.48299,-5.29479,15.6336,35.1775,57.5901,50.1455,45.0537,42.2443,40.6444,39.1696,38.0626,36.9002,35.6683,34.3454,32.2629,29.2019,15.1461,6.87548,3.61246,2.18826,0.955523,-0.8904,157.229,155.021,164.779,162.85
10.969090938568115,0.11619357833032808,0.0,0.67449951171875,3,-0.0319886,4.0,13601.7,189.943,-2.68403,-5.24237,15.5289,65.4922,56.6732,49.3411,44.3655,41.6409,40.0987,38.6849,37.6305,36.5305,35.3748,34.1494,32.2697,29.7171,17.8185,7.48167,3.8172,2.28288,0.984926,-0.887697,154.332,151.915,162.754,160.725
10.990598440170288,0.13847567359294743,0.0,0.682342529296875,3,-0.037943,3.0,16636.9,187.676,-2.87823,-5.17552,15.4146,64.5376,55.7919,48.5727,43.7112,41.0684,39.5811,38.2245,37.2181,36.1744,35.0859,33.9429,32.2222,29.99,21.7986,8.25629,4.07018,2.39961,1.02182,-0.884232,151.269,148.621,161.725,160.138
11.009819507598877,0.16763029193753065,0.0,0.6010243609625692,3,-0.0440232,3.0,16566.1,185.523,-3.02094,-5.11125,15.2936,63.6008,54.9281,47.8195,43.0679,40.5025,39.0664,37.7624,36.7994,35.8058,34.7759,33.7027,32.1089,30.102,25.0226,9.22685,4.37465,2.53962,1.0667,-0.879943,147.452,144.564,159.939,158.444
11.0293288230896,0.19988326657341796,0.0,0.5897036143533088,3,-0.0502211,3.0,16182.4,183.434,-3.11426,-5.0548,15.1659,62.681,54.0808,47.0804,42.4348,39.9427,38.5546,37.2993,36.3759,35.427,34.4488,33.436,31.9472,30.1109,25.9202,10.4504,4.73853,2.70543,1.12011,-0.874787,145.681,142.525,157.582,155.487
11.048800468444824,0.21868354537566503,0.0,0.5823815819204313,3,-0.057104,3.0,15915.5,181.261,-3.26406,-5.00383,15.0239,61.815,53.2923,46.4027,41.8633,39.4434,38.1018,36.8933,36.0075,35.1006,34.17,33.2121,31.8157,30.1201,26.4643,12.111,5.1895,2.90508,1.18314,-0.868751,143.538,140.131,155.23,152.544
11.069659233093262,0.2502206465794053,0.0,0.56770918192219,3,-0.0650604,3.0,15676.6,179.099,-3.56447,-4.98636,14.8631,61.0277,52.5905,45.8163,41.3845,39.0365,37.7404,36.5773,35.7277,34.8608,33.9747,33.0672,31.7542,30.1791,26.9083,14.526,5.76299,3.14786,1.257,-0.861805,141.32,137.65,153.106,150.047
11.089619159698486,0.29061968476762057,0.0,0.544769215376765,3,-0.0741701,3.0,15471.9,176.953,-3.97607,-4.96447,14.6834,60.323,51.9783,45.3228,40.9986,38.7215,37.4694,36.3498,35.5347,34.7054,33.8606,32.999,31.7604,30.2893,27.3125,18.2653,6.49909,3.44235,1.34267,-0.853925,139.096,135.152,151.279,147.895
11.109335899353027,0.31398324730060995,0.0,0.5315025791664737,3,-0.0844223,3.0,15287.5,174.846,-4.46206,-4.92767,14.4858,59.6987,51.452,44.9168,40.699,38.4904,37.2806,36.2019,35.4191,34.6247,33.8181,32.998,31.825,30.4436,27.6991,20.9146,7.4564,3.79986,1.44156,-0.845041,137.021,132.785,149.629,145.971
11.129716873168945,0.3384130842872802,0.0,0.5176304755640697,3,-0.0956863,3.0,15099.0,172.773,-5.02301,-4.87755,14.2728,59.145,50.9994,44.5843,40.4698,38.3265,37.1566,36.1162,35.3629,34.6006,33.8286,33.0459,31.931,30.626,28.0699,22.2102,8.71789,4.23349,1.55513,-0.835075,134.995,130.44,147.936,144.022
11.150834321975708,0.35663021130332095,0.0,0.5072861628516042,3,-0.107712,3.0,14910.9,170.74,-5.62428,-4.8223,14.0481,58.6448,50.6009,44.3029,40.2873,38.2051,37.0723,36.0673,35.341,34.6075,33.8663,33.1171,32.0532,30.814,28.4121,23.137,10.4002,4.75676,1.6845,-0.823972,132.918,128.065,146.232,142.091
11.169376373291016,0.3753808169664505,0.0,0.4993827840235748,3,-0.1202,3.0,14722.0,168.75,-6.24094,-4.77214,13.8158,58.1787,50.2341,44.0485,40.1259,38.1005,37.0018,36.029,35.3274,34.6198,33.9062,33.1863,32.1671,30.9847,28.7102,23.8519,12.6772,5.38408,1.83048,-0.8117,130.656,125.475,144.498,140.174
11.18920111656189,0.3870349115982279,0.0,0.4927286260364317,3,-0.1329,3.0,14532.2,166.787,-6.83623,-4.72088,13.5789,57.7306,49.8814,43.8023,39.9666,37.9938,36.9259,35.9825,35.3031,34.619,33.93,33.236,32.2558,31.1227,28.9557,24.4148,15.4228,6.1324,1.9938,-0.798236,128.305,122.807,142.727,138.277
11.21043086051941,0.40669661362965903,0.0,0.48150235100203037,3,-0.14563,3.0,14337.0,164.848,-7.39986,-4.67592,13.3396,57.2896,49.5308,43.5516,39.7968,37.8725,36.8331,35.9161,35.2568,34.5938,33.9269,33.2561,32.3104,31.2199,29.1453,24.8576,17.0049,7.02213,2.17497,-0.783587,125.94,120.146,140.862,136.392
11.231436014175415,0.4188701835362799,0.0,0.47455158734465386,3,-0.158429,3.0,14141.4,162.938,-7.95177,-4.6492,13.0977,56.8578,49.185,43.3003,39.6209,37.7414,36.7281,35.8353,35.1942,34.5502,33.9034,33.2535,32.3387,31.286,29.2915,25.2127,18.0546,8.08599,2.37496,-0.767771,123.65,117.569,139.029,134.419
11.248523712158203,0.4231291516275331,0.0,0.4721198371798555,3,-0.171205,3.0,13960.7,161.036,-8.45901,-4.61034,12.854,56.4302,48.8384,43.0426,39.4338,37.5955,36.6064,35.7359,35.1114,34.4847,33.8559,33.225,32.338,31.3191,29.3948,25.4928,18.8317,9.36148,2.59452,-0.750796,121.4,115.072,137.303,132.645
11.2704176902771,0.4273657276678334,0.0,0.4697008722420015,3,-0.18376,3.0,13782.1,159.144,-8.90126,-4.56187,12.6102,55.9954,48.4793,42.7669,39.2236,37.4235,36.4566,35.6067,34.9975,34.3866,33.7742,33.1603,32.2985,31.3101,29.4483,25.699,19.4214,10.8643,2.83401,-0.732661,119.17,112.636,135.568,130.927
11.290400743484497,0.43157543324699005,0.0,0.4647296822711153,3,-0.195932,3.0,13604.7,157.264,-9.26058,-4.50681,12.3676,55.5444,48.0981,42.4634,38.9811,37.2166,36.27,35.4391,34.8441,34.2478,33.6504,33.0521,32.213,31.2524,29.4469,25.8316,19.866,12.0639,3.09323,-0.713403,116.941,110.239,133.823,129.242
11.309543371200562,0.44412419287987054,0.0,0.45760406396248854,3,-0.20762,3.0,13433.0,155.402,-9.53023,-4.45085,12.1266,55.0722,47.6901,42.1278,38.7026,36.9712,36.0436,35.2302,34.6482,34.0655,33.4821,32.8982,32.08,31.1444,29.3904,25.8946,20.193,12.9224,3.37231,-0.693028,114.74,107.962,132.118,127.623
11.331269264221191,0.4654634526903431,0.0,0.44302564304864167,3,-0.218728,3.0,13268.6,153.57,-9.70456,-4.40134,11.8876,54.5735,47.2502,41.7555,38.3837,36.6835,35.7737,34.9765,34.4067,33.8366,33.2662,32.6957,31.897,30.9847,29.2777,25.8902,20.4187,13.5624,3.67071,-0.671578,112.51,105.638,130.472,126.087
11.35005784034729,0.4785180423553102,0.0,0.4356537519609784,3,-0.229248,3.0,13119.5,151.766,-9.77392,-4.35175,11.6501,54.0488,46.7796,41.3483,38.027,36.3561,35.4632,34.6814,34.1229,33.5645,33.0064,32.4485,31.668,30.7775,29.1142,25.8265,20.5597,14.0477,3.98852,-0.649063,110.546,103.606,128.954,124.712
11.369833707809448,0.48280755152762866,0.0,0.4308246363168274,3,-0.239241,3.0,12970.2,149.989,-9.75371,-4.30237,11.4134,53.5019,46.2828,40.9115,37.6383,35.9951,35.1182,34.3511,33.8034,33.2561,32.7094,32.1634,31.4003,30.5303,28.9079,25.713,20.6319,14.4165,4.3259,-0.625515,108.668,101.685,127.429,123.357
11.390140295028687,0.48703429917013275,0.0,0.42845106366304175,3,-0.248835,3.0,12811.1,148.238,-9.68927,-4.26881,11.1833,52.9405,45.7684,40.4546,37.2273,35.6107,34.7491,33.9959,33.4585,32.9219,32.3861,31.8513,31.1046,30.2541,28.6704,25.5625,20.6518,14.6975,4.68367,-0.600963,106.951,99.9167,125.815,121.895
11.409566164016724,0.49123449385771534,0.0,0.42133159312629864,3,-0.258097,3.0,12662.3,146.498,-9.57443,-4.229,10.9681,52.3687,45.2411,39.9824,36.7992,35.2081,34.3612,33.6214,33.0939,32.5675,32.0421,31.5181,30.7869,29.955,28.4082,25.3821,20.6291,14.9093,5.06217,-0.57545,105.305,98.235,124.326,120.497
11.430999994277954,0.49540572168538344,0.0,0.41428073324218595,3,-0.266998,3.0,12525.2,144.77,-9.40011,-4.18014,10.7682,51.7851,44.6997,39.4941,36.3537,34.7871,33.9542,33.2274,32.7095,32.1929,31.6776,31.1638,30.4475,29.6334,28.1219,25.1733,20.5678,15.0623,5.42638,-0.54899,103.851,96.7738,122.93,119.237
11.450599431991577,0.4995262575082015,0.0,0.40495533829476876,3,-0.275531,3.0,12393.0,143.063,-9.16731,-4.12532,10.5835,51.1892,44.144,38.9898,35.8907,34.3479,33.5287,32.8144,32.3057,31.7986,31.293,30.7892,30.0872,29.2902,27.8125,24.9379,20.4712,15.1641,5.74716,-0.521646,102.561,95.5042,121.573,118.036
11.468062400817871,0.5035888596111908,0.0,0.39807986723128747,3,-0.28373,3.0,12266.5,141.38,-8.88172,-4.06621,10.4136,50.5835,43.577,38.4729,35.4141,33.8946,33.0886,32.3864,31.8867,31.3888,30.8927,30.3986,29.7105,28.9299,27.4849,24.6812,20.3461,15.2239,6.02995,-0.493384,101.462,94.453,120.27,116.89
11.490397930145264,0.5076442199992016,0.0,0.3935881175875815,3,-0.291677,3.0,12140.9,139.7,-8.53957,-3.98412,10.2577,49.9724,43.0035,37.9485,34.929,33.4323,32.6391,31.9487,31.4578,30.9688,30.4819,29.9972,29.3226,28.5579,27.1444,24.409,20.1989,15.2495,6.27895,-0.464262,101.033,93.5336,118.966,115.766
11.509111166000366,0.5116971664822195,0.0,0.3844906675236273,3,-0.299708,3.0,12012.2,138.021,-8.17363,-3.87816,10.1127,49.3758,42.4442,37.4374,34.4563,32.9817,32.2011,31.522,31.0395,30.5592,30.0811,29.6055,28.944,28.1946,26.8111,24.1408,20.0481,15.2584,6.50133,-0.43424,100.85,92.9766,117.604,114.644
11.529983520507812,0.5156390733355656,0.0,0.3801339733301433,3,-0.300706,3.0,11888.2,136.388,-7.84018,-3.7869,9.97745,48.8002,41.9058,36.9461,34.0024,32.5492,31.7808,31.1127,30.6383,30.1662,29.6967,29.2298,28.5807,27.8461,26.4912,23.8824,19.8994,15.2565,6.70109,-0.403521,100.468,92.3288,116.324,113.524
11.550636768341064,0.5194723544642329,0.0,0.3758579004399598,3,-0.28819,3.0,11760.8,134.8,-7.53729,-3.71166,9.85208,48.2422,41.3845,36.471,33.5637,32.1312,31.3745,30.7171,30.2504,29.7863,29.3249,28.8664,28.2293,27.5087,26.1812,23.6308,19.7508,15.2438,6.88019,-0.373957,99.7743,91.3417,115.041,112.347
11.568604469299316,0.5232428740630858,0.0,0.36935798561105326,3,-0.275614,3.0,11658.4,133.238,-7.198,-3.61189,9.73869,47.6846,40.863,35.9948,33.1231,31.711,30.9657,30.3186,29.8595,29.4032,28.9497,28.4993,27.8739,27.167,25.8659,23.3718,19.5903,15.2124,7.0381,-0.346043,98.7922,90.0832,114.15,111.223
11.589547395706177,0.5465135140266301,0.0,0.3531172400296017,3,-0.262582,3.0,11552.8,131.719,-6.78875,-3.51374,9.64037,47.1053,40.319,35.4957,32.6595,31.2675,30.5336,29.8968,29.4453,28.9967,28.5511,28.1087,27.4948,26.8015,25.5267,23.0881,19.4034,15.1521,7.17314,-0.319719,97.6358,88.8342,113.014,110.346
11.609948873519897,0.57027221663028,0.0,0.33052925110513665,3,-0.249311,3.0,11435.9,130.256,-6.3731,-3.45575,9.55538,46.5157,39.7645,34.986,32.185,30.8129,30.0903,29.4638,29.0197,28.5788,28.141,27.7065,27.104,26.424,25.1752,22.791,19.2006,15.0718,7.28885,-0.29495,96.6879,87.7942,111.769,109.34
11.632060050964355,0.594535011927411,0.0,0.29611142918201144,3,-0.236247,3.0,11324.7,128.84,-6.00356,-3.43527,9.48025,45.9403,39.2239,34.4895,31.723,30.3704,29.6588,29.0422,28.6054,28.1719,27.7416,27.3148,26.7233,26.0562,24.8323,22.5002,18.9995,14.9861,7.39045,-0.271718,96.1016,87.1842,110.634,108.318
11.651207685470581,0.6299558934808149,0.0,0.2509316682547673,3,-0.22382,3.0,11234.5,127.477,-5.69245,-3.43833,9.41225,45.3954,38.7136,34.022,31.2888,29.9548,29.2538,28.6467,28.2169,27.7904,27.3673,26.9477,26.3666,25.7117,24.5114,22.2283,18.8111,14.9039,7.48165,-0.249987,96.1817,87.311,109.749,107.446
11.6693696975708,0.6553548250458638,0.0,0.20147670258822023,3,-0.212272,3.0,11165.5,126.189,-5.43516,-3.45227,9.34864,44.8943,38.2465,33.5959,30.8943,29.5779,28.8867,28.2886,27.8653,27.4454,27.029,26.6163,26.0449,25.4013,24.2229,21.9849,18.6439,14.8323,7.56575,-0.229664,96.9839,88.2696,109.116,106.732
11.689041137695312,0.6811039607064178,0.0,0.139210083052724,3,-0.201676,3.0,11116.9,124.99,-5.21695,-3.4537,9.28704,44.4462,37.8312,33.2193,30.5472,29.2471,28.565,27.9751,27.5578,27.144,26.7338,26.3274,25.7648,25.1315,23.9729,21.7759,18.503,14.7759,7.64528,-0.210661,98.5035,90.0989,108.755,106.14
11.709804058074951,0.6956723851861245,0.0,0.06782257914159515,3,-0.192213,3.0,11081.4,123.914,-5.04744,-3.45302,9.22439,44.0605,37.4767,32.9008,30.2556,28.9702,28.2963,27.7138,27.3019,26.8936,26.4889,26.0881,25.5335,24.9094,23.7684,21.6076,18.3941,14.7395,7.72314,-0.192842,100.788,92.8981,108.516,105.687
11.729553937911987,0.7215132313814604,0.0,0.0,3,-0.184234,3.0,11061.9,122.989,-4.95895,-3.45121,9.15618,43.7556,37.201,32.6571,30.0354,28.7629,28.0961,27.5199,27.1126,26.709,26.3092,25.9132,25.3654,24.7491,23.623,21.4926,18.3282,14.732,7.80332,-0.176092,103.868,96.6111,108.479,105.334
11.750955820083618,0.7238810785667474,0.0,0.0,3,-0.178033,3.0,11053.1,122.244,-4.98723,-3.4518,9.07827,43.5471,37.0186,32.5021,29.8999,28.6381,27.9771,27.406,27.0025,26.6026,26.2066,25.8145,25.2722,24.6622,23.5479,21.4412,18.3142,14.7612,7.88965,-0.160264,107.135,100.582,108.592,105.038
11.769856691360474,0.7258357443639978,0.0,0.0,3,-0.173753,3.0,10999.9,121.629,-5.17024,-3.45762,8.98947,43.4356,36.9298,32.4358,29.849,28.5955,27.939,27.3719,26.9711,26.5741,26.181,25.7918,25.2536,24.6484,23.5428,21.4531,18.3523,14.8276,7.98331,-0.145245,108.735,102.787,108.295,104.317
11.78985595703125,0.7276028893774469,0.0,0.0,3,-0.171043,3.0,10946.1,121.073,-5.49752,-3.46849,8.89253,43.4026,36.9165,32.4404,29.8656,28.6183,27.9652,27.4011,27.0024,26.6075,26.2165,25.8293,25.294,24.6922,23.5929,21.5149,18.4313,14.9229,8.0823,-0.130953,109.416,103.865,107.954,103.615
11.810114622116089,0.7292778631581801,0.0,0.0,3,-0.169345,3.0,10895.1,120.546,-5.9195,-3.47874,8.79159,43.4234,36.9541,32.4926,29.9272,28.6845,28.0339,27.4721,27.075,26.6817,26.2921,25.9065,25.3733,24.7737,23.6789,21.6089,18.5361,15.036,8.18346,-0.117344,109.592,104.281,107.597,102.985
11.828794717788696,0.7309146971184791,0.0,0.0,3,-0.168251,3.0,10845.3,120.031,-6.39045,-3.48966,8.69024,43.4759,37.0214,32.5718,30.0139,28.7749,28.1262,27.5661,27.1703,26.7782,26.3898,26.0053,25.4737,24.8759,23.7841,21.7199,18.6538,15.157,8.28396,-0.104376,109.48,104.318,107.203,102.415
11.850425958633423,0.7325388178053002,0.0,0.0,3,-0.167552,3.0,10795.6,119.52,-6.8871,-3.50209,8.59025,43.549,37.1072,32.6677,30.1159,28.8798,28.2326,27.6737,27.2788,26.8877,26.5003,26.1167,25.5863,24.9898,23.9002,21.8401,18.778,15.2813,8.38257,-0.0920289,109.191,104.124,106.781,101.877
11.869614601135254,0.7460071290280422,0.0,0.0,3,-0.167191,3.0,10745.3,119.008,-7.40497,-3.51843,8.4922,43.6395,37.2087,32.7774,30.2302,28.9966,28.3506,27.7926,27.3983,27.0078,26.6211,26.2381,25.7087,25.1132,24.0252,21.9674,18.9069,15.4077,8.47904,-0.0802956,108.798,103.786,106.342,101.345
11.889811515808105,0.7476897401757165,0.0,0.0,3,-0.16731,3.0,10694.5,118.487,-7.94465,-3.53552,8.39573,43.7495,37.3276,32.9028,30.3591,29.1271,28.4819,27.9247,27.5309,27.1407,26.7543,26.3717,25.8427,25.2478,24.1607,22.1036,19.0424,15.5377,8.57395,-0.0691522,108.312,103.313,105.897,100.809
11.91089129447937,0.7494111062826464,0.0,0.0,3,-0.167975,3.0,10643.0,117.954,-8.50703,-3.54832,8.3001,43.8821,37.4676,33.0472,30.5058,29.2745,28.6298,28.0728,27.6793,27.2893,26.903,26.5205,25.9915,25.3966,24.3096,22.2517,19.187,15.6734,8.66827,-0.0585384,107.802,102.78,105.45,100.263
11.93106484413147,0.7511712273488318,0.0,0.0,3,-0.169093,3.0,10591.1,117.409,-9.08896,-3.55174,8.20524,44.0384,37.6295,33.2118,30.6712,29.4399,28.7951,28.2381,27.8445,27.4544,27.068,26.6854,26.1562,25.5608,24.4728,22.4126,19.3416,15.8154,8.76231,-0.0484428,107.279,102.208,105.006,99.7045
11.950558423995972,0.7529765625341485,0.0,0.0,3,-0.170631,3.0,10538.0,116.85,-9.69144,-3.55058,8.11128,44.2167,37.8119,33.395,30.854,29.6222,28.977,28.4195,28.0255,27.6351,27.2484,26.8654,26.3356,25.7395,24.6498,22.5855,19.5055,15.9637,8.85632,-0.038826,106.738,101.602,104.547,99.1371
11.970858812332153,0.7548206526787207,0.0,0.0,3,-0.172587,3.0,10483.7,116.279,-10.3177,-3.54724,8.01811,44.417,38.0145,33.5971,31.0543,29.8215,29.1755,28.6173,28.2227,27.8317,27.4444,27.0607,26.5301,25.9328,24.8407,22.7708,19.6793,16.1188,8.9507,-0.0296675,106.18,100.973,104.074,98.5624
11.991971969604492,0.7567067273624862,0.0,0.0,3,-0.174912,3.0,10428.5,115.695,-10.9652,-3.54341,7.92625,44.6365,38.2352,33.8157,31.2702,30.0356,29.3886,28.8295,28.4341,28.0423,27.6541,27.2696,26.7376,26.1389,25.0438,22.9668,19.8618,16.2797,9.04514,-0.0209694,105.603,100.326,103.587,97.9838
12.009328126907349,0.7586347865854451,0.0,0.0,2,-0.177626,3.0,10372.3,115.098,-11.6268,-3.53896,7.83575,44.8726,38.4714,34.0485,31.4996,30.2626,29.6143,29.054,28.6578,28.265,27.8758,27.4902,26.9567,26.3561,25.2575,23.1724,20.052,16.4458,9.1397,-0.0126731,105.006,99.6632,103.084,97.402
12.031364440917969,0.7605176316892729,0.0,0.0,2,-0.180705,2.0,13021.5,114.515,-12.2934,-3.5341,7.74755,45.1211,38.719,34.2916,31.7385,30.4988,29.8489,29.2871,28.8898,28.496,28.1057,27.719,27.1838,26.5811,25.4783,23.3845,20.247,16.6149,9.23352,-0.00478808,104.388,98.9889,103.412,98.0686
12.05021858215332,0.7622583752758305,0.0,0.0,2,-0.18384,2.0,12975.5,113.976,-12.946,-3.52735,7.66243,45.373,38.9692,34.5369,31.979,30.7366,30.0851,29.5217,29.1233,28.7283,28.3368,27.9489,27.4119,26.8072,25.7001,23.597,20.4418,16.7833,9.32561,0.00275358,103.763,98.3229,103.336,98.1416
12.069820880889893,0.7518788850837853,0.0,0.0,2,-0.186845,2.0,12921.7,113.435,-13.5694,-3.52163,7.58175,45.6182,39.2122,34.775,32.2123,30.9672,30.3141,29.7492,29.3496,28.9534,28.5607,28.1715,27.6328,27.0261,25.9149,23.8026,20.6304,16.9461,9.41434,0.00994555,103.136,97.6791,101.968,96.3295
12.089759111404419,0.7298981397238902,0.0,0.0,2,-0.189709,2.0,12689.2,112.791,-14.1649,-3.51878,7.50542,45.8614,39.4479,35.0054,32.4381,31.1901,30.5354,29.9691,29.5685,29.1712,28.7773,28.3869,27.8463,27.2375,26.1224,24.0011,20.8124,17.1031,9.49963,0.0167898,102.522,97.0737,100.365,94.2403
12.110432624816895,0.6966389785428841,0.0,0.0,2,-0.192605,2.0,12545.8,112.09,-14.7506,-3.51956,7.43222,46.1424,39.6852,35.2368,32.6646,31.4136,30.7571,30.1893,29.7876,29.3891,28.994,28.6023,28.06,27.449,26.3296,24.1992,20.9936,17.2589,9.58297,0.0232735,101.934,96.5061,99.3406,93.0278
12.130420923233032,0.6415123104146216,0.0,0.0,2,-0.195748,2.0,12434.3,111.365,-15.3358,-3.51884,7.36065,46.4801,39.9335,35.4787,32.9009,31.6465,30.9882,30.4186,30.0155,29.6158,29.2194,28.8265,28.2822,27.6688,26.5447,24.4045,21.1805,17.4185,9.66632,0.0294183,101.394,95.9855,98.528,92.1154
12.15148401260376,0.5993218804801907,0.0,0.0,2,-0.199424,2.0,12334.7,110.627,-15.9313,-3.51369,7.28977,46.8889,40.2006,35.7383,33.154,31.8961,31.2356,30.664,30.2595,29.8583,29.4604,29.0659,28.5195,27.9035,26.7743,24.6229,21.3783,17.5863,9.75118,0.0352434,100.958,95.5579,97.8042,91.3075
12.1729736328125,0.5376756882774054,0.0,0.0,2,-0.203546,2.0,12240.2,109.881,-16.5441,-3.5034,7.21882,47.3823,40.4912,36.0203,33.4288,32.1666,31.5038,30.9301,30.524,30.1211,29.7214,29.3251,28.7761,28.1573,27.0224,24.8583,21.591,17.7655,9.83891,0.0407988,100.559,95.16,97.1242,90.5363
12.189485549926758,0.4988578062494285,0.0,0.0,2,-0.20812,2.0,12147.5,109.13,-17.177,-3.48957,7.14792,47.971,40.8059,36.3253,33.7258,32.4589,31.7934,31.2173,30.8095,30.4047,30.0031,29.6049,29.0531,28.4309,27.2896,25.1117,21.8191,17.9567,9.92988,0.0460809,100.229,94.8241,96.4674,89.7726
12.212120294570923,0.4518659634145101,0.0,0.0,2,-0.213138,2.0,12055.7,108.376,-17.8316,-3.47453,7.07688,48.6666,41.1446,36.6536,34.0453,32.7733,32.1048,31.5259,31.1161,30.7094,30.3059,29.9056,29.3507,28.7249,27.5764,25.3835,22.0633,18.1606,10.0246,0.0511417,99.8721,94.4622,95.8155,89.0168
12.23000717163086,0.38051985422372814,0.0,0.0,2,-0.218543,2.0,11964.5,107.62,-18.5041,-3.45916,7.00624,49.4407,41.5043,37.0023,34.3845,33.1071,32.4356,31.8538,31.4419,31.0329,30.6272,30.2246,29.6666,29.037,27.881,25.6719,22.3219,18.3758,10.1226,0.0559718,99.5079,94.0926,95.1635,88.2707
12.251700639724731,0.31510238398949303,0.0,0.0,2,-0.224264,2.0,11873.8,106.863,-19.1878,-3.44377,6.93625,50.1872,41.9092,37.3681,34.7406,33.4575,32.7827,32.198,31.7838,31.3726,30.9645,30.5595,29.9981,29.3645,28.2006,25.9743,22.5931,18.6011,10.2236,0.0606022,99.2092,93.7852,94.5083,87.5343
12.269363164901733,0.2628673556307982,0.0,0.0,2,-0.230357,2.0,11783.5,106.111,-19.8752,-3.42938,6.86739,50.8962,42.3854,37.7468,35.1094,33.8203,33.1421,32.5545,32.138,31.7245,31.314,30.9066,30.3416,29.7037,28.5318,26.2877,22.8742,18.8345,10.3269,0.0650469,98.9306,93.5068,93.849,86.8099
12.29151701927185,0.20869540770778122,0.0,0.0,2,-0.23663,2.0,11694.0,105.363,-20.5576,-3.41642,6.80008,51.567,42.935,38.134,35.4864,34.1914,33.5098,32.919,32.5003,32.0845,31.6716,31.2617,30.6931,30.0511,28.8707,26.6088,23.1622,19.0736,10.4317,0.0693315,98.6047,93.1985,93.1861,86.0998
12.30971622467041,0.12329027462725838,0.0,0.0,2,-0.242947,2.0,11605.4,104.62,-21.226,-3.40464,6.73468,16.9865,43.5604,38.5251,35.8674,34.5666,33.8816,33.2877,32.8666,32.4484,32.0331,31.6208,31.0487,30.4025,29.2138,26.9339,23.454,19.316,10.5375,0.073473,98.2477,92.8709,92.5229,85.405
12.333109378814697,0.06723724914103746,0.0,0.0,2,-0.249212,2.0,11517.6,103.888,-21.8763,-3.39524,6.67161,15.6868,44.2633,38.9167,36.2477,34.9412,34.2529,33.6559,33.2327,32.8121,32.3944,31.9796,31.404,30.7537,29.5568,27.2591,23.7462,19.559,10.6432,0.0774765,97.9601,92.6092,91.8567,84.7253
12.350026845932007,0.03291481755424291,0.0,0.0,2,-0.255324,2.0,11431.6,103.169,-22.497,-3.38703,6.61118,14.8424,45.0445,39.3409,36.6225,35.3102,34.6187,34.0189,33.5934,33.1707,32.7507,32.3335,31.7544,31.1,29.8953,27.5801,24.0351,19.7995,10.7478,0.0813573,97.623,92.3251,91.1901,84.0726
12.373763799667358,0.019303803038696447,0.0,0.0,2,-0.261202,2.0,11347.6,102.462,-23.0769,-3.37961,6.55357,14.1999,45.8527,39.8112,36.9873,35.6697,34.9751,34.3723,33.9449,33.52,33.0979,32.6784,32.0961,31.4378,30.2254,27.8937,24.3176,20.0351,10.8504,0.0851288,97.1824,91.9672,90.5263,83.4474
12.391751527786255,0.009279067607286076,0.0,0.0,2,-0.266835,2.0,11265.5,101.763,-23.6082,-3.37228,6.49896,13.6801,46.5845,40.3285,37.343,36.0173,35.3198,34.7144,34.2849,33.8579,33.4337,33.0122,32.4268,31.7648,30.545,28.1975,24.5917,20.2643,10.9503,0.0887794,96.6404,91.526,89.8674,82.8463
12.409501552581787,0.003689442461589351,0.0,0.0,2,-0.272337,2.0,11185.0,101.069,-24.0888,-3.36449,6.44685,13.2433,47.2454,40.8957,37.7253,36.3527,35.6525,35.0445,34.6131,34.1842,33.7579,33.3343,32.746,32.0806,30.8539,28.4913,24.8571,20.4866,11.0477,0.0923653,96.0518,91.0392,89.2149,82.2641
12.433415412902832,0.0,0.0,0.0,2,-0.277559,2.0,11106.0,100.38,-24.519,-3.35605,6.39708,12.8673,47.8445,41.5168,38.146,36.6937,35.9732,35.3628,34.9297,34.499,34.0708,33.6452,33.054,32.3852,31.1522,28.775,25.1138,20.702,11.1426,0.09589,95.4357,90.5217,88.5699,81.6965
12.451542377471924,-0.005656266480480632,0.0,0.0,2,-0.28252,2.0,11028.1,99.6964,-24.9009,-3.34698,6.3493,12.537,48.3935,42.1975,38.609,37.0702,36.3086,35.673,35.2353,34.8028,34.3729,33.9455,33.3516,32.6797,31.4403,29.0495,25.3626,20.9112,11.2353,0.0993773,94.8091,89.9874,87.9328,81.1388
12.470933437347412,-0.009376298719615987,0.0,0.0,2,-0.287245,2.0,10951.2,99.0172,-25.2387,-3.33774,6.30328,12.2422,48.8979,42.9159,39.1186,37.4864,36.6804,36.0087,35.547,35.0996,34.6654,34.2363,33.64,32.965,31.7196,29.3159,25.6043,21.115,11.3261,0.102831,94.1882,89.4496,87.3036,80.5893
12.494517087936401,-0.009401485706918563,0.0,0.0,2,-0.29176,2.0,10875.6,98.343,-25.5342,-3.32772,6.25872,11.9756,49.3625,43.5752,39.6803,37.9466,37.0925,36.3819,35.894,35.4216,34.9642,34.5209,33.9201,33.2424,31.9913,29.5751,25.8399,21.314,11.4151,0.106265,93.5652,88.9036,86.6833,80.0496
12.514416933059692,-0.0010467847986270983,0.0,0.0,2,-0.296083,2.0,10801.1,97.6735,-25.7899,-3.31706,6.21544,11.7319,49.7939,44.1751,40.3,38.4553,37.5491,36.7962,36.2799,35.7806,35.2975,34.8299,34.2,33.5124,32.256,29.8277,26.0698,21.5088,11.5028,0.109686,92.9358,88.3471,86.0726,79.5178
12.532723426818848,0.010909490016500155,0.0,0.0,2,-0.300297,2.0,10727.5,97.008,-26.0086,-3.30661,6.17313,11.5068,50.1965,44.7231,40.9757,39.0183,38.055,37.2562,36.7092,36.1807,35.6698,35.1759,34.5112,33.7877,32.5147,30.0749,26.2952,21.6999,11.5895,0.113118,92.2829,87.767,85.4704,78.9923
12.551767826080322,0.031224008905917405,0.0,0.0,2,-0.304471,2.0,10654.8,96.3456,-26.1931,-3.29703,6.13146,11.2967,50.5728,45.2293,41.6159,39.642,38.6162,37.7671,37.1865,36.6262,36.0852,35.5627,34.8604,34.0971,32.7692,30.3177,26.5168,21.8885,11.6758,0.116602,91.6088,87.1637,84.8761,78.4715
12.570579290390015,0.05852709710067138,0.0,0.0,2,-0.308512,2.0,10582.9,95.6851,-26.345,-3.28789,6.09035,11.0993,50.9255,45.6999,42.2017,40.3017,39.2391,38.3349,37.7174,37.1223,36.5485,35.9948,35.2516,34.4452,33.0452,30.5567,26.7354,22.0749,11.7617,0.120126,90.9015,86.527,84.2896,77.9558
12.59045124053955,0.069658600961091,0.0,0.0,2,-0.312443,2.0,10511.6,95.025,-26.467,-3.27966,6.04955,10.9123,51.2593,46.1388,42.7402,40.9113,39.8899,38.9667,38.3087,37.6753,37.0654,36.4776,35.6898,34.8364,33.3583,30.793,26.952,22.2601,11.8476,0.123707,90.1527,85.8488,83.7091,77.4432
12.608807563781738,0.06983855633104127,0.0,0.0,2,-0.316286,2.0,10440.8,94.3663,-26.5626,-3.27228,6.00881,10.7336,51.5764,46.5496,43.2393,41.4725,40.4899,39.604,38.9551,38.2926,37.6428,37.0175,36.1806,35.2758,33.7127,31.0276,27.1672,22.4447,11.9339,0.127364,89.4321,85.1827,83.1337,76.9322
12.628690719604492,0.07001769210768677,0.0,0.0,2,-0.32006,2.0,10370.4,93.7106,-26.6338,-3.26517,5.96793,10.5616,51.8785,46.9383,43.7072,41.9915,41.0436,40.1909,39.5676,38.9315,38.2819,37.6217,36.7308,35.7693,34.113,31.2813,27.3823,22.6295,12.021,0.131114,88.762,84.5497,82.5638,76.4226
12.649178504943848,0.07019570777348243,0.0,0.0,2,-0.323786,2.0,10300.5,93.059,-26.6832,-3.25848,5.92685,10.3952,52.1675,47.3076,44.1473,42.4767,41.5572,40.7343,40.1337,39.5218,38.898,38.2616,37.3478,36.3236,34.5648,31.573,27.5981,22.8154,12.1093,0.134954,88.1208,83.9379,82.0006,75.9147
12.668674945831299,0.045969723764309044,0.0,0.0,2,-0.32752,2.0,10231.3,92.4121,-26.7126,-3.25277,5.88537,10.2334,52.4459,47.6589,44.5621,42.9336,42.0385,41.2394,40.659,40.0688,39.4679,38.8558,37.979,36.9458,35.0737,31.9064,27.8149,23.0027,12.199,0.138905,87.4962,83.34,81.4438,75.4099
12.689575433731079,0.008275650563028642,0.0,0.0,2,-0.331324,2.0,10162.8,91.7729,-26.7227,-3.2477,5.84347,10.0758,52.714,47.993,44.9543,43.3637,42.4913,41.7131,41.1485,40.5763,39.996,39.4058,38.5616,37.5697,35.6453,32.2849,28.0325,23.1914,12.2902,0.142986,86.959,82.8138,80.8935,74.911
12.710140466690063,0.0,0.0,0.0,2,-0.335057,2.0,10095.4,91.1452,-26.7139,-3.2439,5.80121,9.92256,16.7465,48.3114,45.326,43.7674,42.9163,42.1576,41.6075,41.0504,40.4861,39.9145,39.0997,38.1442,36.2751,32.7112,28.2498,23.3804,12.3825,0.147199,86.5163,82.3723,80.3499,74.42
12.730839729309082,-0.0016082412150828168,0.0274505615234375,0.0,2,-0.338702,2.0,10029.2,90.5295,-26.683,-3.24097,5.7584,9.77345,15.6664,48.6141,45.6771,44.1477,43.3142,42.5737,42.0372,41.4941,40.9443,40.3877,39.5967,38.6738,36.8746,33.1889,28.4795,23.5692,12.4757,0.15157,86.0275,81.9106,79.8134,73.9415
12.751479148864746,-0.0022516414581177134,0.2548980712890625,0.0,2,-0.342232,2.0,10024.8,89.9317,-26.6271,-3.23923,5.71497,9.62833,14.9327,48.9004,46.0072,44.5058,43.6877,42.9621,42.438,41.908,41.3718,40.8291,40.0585,39.1616,37.4247,33.7213,28.7413,23.757,12.5698,0.156118,85.4969,81.4239,79.642,74.0097
12.772080183029175,-0.004818784440945834,0.4509735107421875,0.0,2,-0.345405,2.0,10740.4,89.4908,-26.531,-3.23796,5.67151,9.49141,14.3732,49.158,46.3048,44.8289,44.0255,43.3131,42.7988,42.2799,41.7562,41.2264,40.4745,39.6001,37.9149,34.2968,29.0261,23.9351,12.6614,0.160872,84.9615,80.9532,82.2183,82.2183
12.791505575180054,-0.027064966826524584,0.5686187744140625,0.0,2,-0.347825,2.0,11347.8,89.2211,-26.3814,-3.23904,5.62898,9.36921,13.9489,49.3687,46.5514,45.0968,44.307,43.6068,43.1015,42.5918,42.0777,41.5592,40.8243,39.9703,38.3271,34.8328,29.3144,24.0889,12.7449,0.165867,84.5031,80.5961,86.7802,86.7802
12.81190013885498,-0.06740206502356287,0.305877685546875,0.0,2,-0.349508,2.0,11981.8,89.1331,-26.2203,-3.24736,5.58707,9.25972,13.6147,49.5355,46.7501,45.314,44.5361,43.8473,43.3502,42.849,42.3436,41.834,41.1135,40.2781,38.6724,35.2828,29.6056,24.2188,12.8204,0.171124,84.2301,80.4215,91.6217,91.6217
12.8329598903656,-0.08344667093599525,0.30391693115234375,0.0,2,-0.350573,2.0,11739.2,89.137,-26.0376,-3.26465,5.54583,9.16252,13.3505,49.658,46.9011,45.4823,44.714,44.0353,43.546,43.0526,42.5553,42.0539,41.3452,40.5257,38.9543,35.6541,29.8961,24.3233,12.8873,0.176641,84.1815,80.4543,90.0271,90.0271
12.852655172348022,-0.07927325321784989,0.5294036865234375,0.0,2,-0.350413,2.0,11578.7,89.1421,-25.7482,-3.29078,5.5067,9.0857,13.1747,49.7133,46.9809,45.5779,44.8183,44.1475,43.6648,43.1786,42.6885,42.1946,41.4967,40.6899,39.1484,35.9233,30.1553,24.3846,12.9382,0.182417,84.1501,80.5783,88.7778,88.7778
12.872731924057007,-0.016372032394135372,0.16666412353515625,0.0,2,-0.348737,2.0,12003.7,89.2178,-25.3473,-3.32444,5.47054,9.03376,13.0953,49.6886,46.9772,45.5879,44.8361,44.1723,43.6947,43.2144,42.7309,42.2436,41.5553,40.7599,39.2431,36.0814,30.3589,24.3932,12.9688,0.188437,84.047,80.7217,91.8568,91.8568
12.894121885299683,0.0022595501981349663,0.1450958251953125,0.0,2,-0.345673,2.0,11391.4,89.3305,-24.8278,-3.36216,5.43689,9.00396,13.1009,49.5923,46.8993,45.5217,44.777,44.1195,43.6466,43.171,42.6929,42.2116,41.5319,40.7468,39.2509,36.1452,30.5073,24.3646,12.9809,0.194691,83.7801,80.7554,87.8621,87.0759
12.908698320388794,0.04341552241453125,0.1686248779296875,0.0,2,-0.341033,2.0,10987.9,89.3541,-24.1216,-3.40211,5.40627,8.99992,13.2095,49.4164,46.7393,45.3714,44.6329,43.9811,43.5124,43.0411,42.5674,42.0912,41.4192,40.6432,39.1658,36.1092,30.581,24.2911,12.9721,0.20119,83.5103,80.8074,84.9531,83.6806
12.929805755615234,0.06362217559416437,0.3411712646484375,0.0,2,-0.334979,2.0,10847.1,89.3389,-23.2527,-3.43505,5.37824,9.01955,13.4262,49.1703,46.5069,45.1475,44.4146,43.7679,43.3029,42.8356,42.3659,41.8939,41.2288,40.4612,39.0005,35.9876,30.5763,24.1767,12.9454,0.207933,83.1496,80.7968,83.1819,83.1819
12.95160460472107,0.08766824076191398,0.666656494140625,0.0,2,-0.327878,2.0,11107.4,89.3574,-22.2763,-3.46148,5.35166,9.0569,13.7519,48.8732,46.2224,44.8708,44.1429,43.501,43.0397,42.576,42.1102,41.6421,40.9832,40.2234,38.7786,35.8059,30.5013,24.0343,12.9068,0.21493,82.8139,80.7738,85.0458,85.0458
12.972675800323486,0.09198437591566891,0.45293426513671875,0.0,2,-0.320289,2.0,11984.2,89.5454,-21.2903,-3.48171,5.32493,9.10316,14.1857,48.55,45.9114,44.5675,43.8446,43.2074,42.7495,42.2895,41.8274,41.3633,40.7102,39.958,38.5287,35.5948,30.3914,23.8831,12.8637,0.222204,82.565,80.7537,91.5782,91.5782
12.992862224578857,0.09186945486638447,0.49999237060546875,0.0,2,-0.312745,2.0,11987.2,89.8708,-20.3716,-3.50203,5.29649,9.14826,14.7271,48.2273,45.6014,44.2657,43.5476,42.9152,42.461,42.0047,41.5465,41.0863,40.4391,39.6945,38.281,35.3858,30.2818,23.7452,12.8239,0.229747,82.5577,80.837,91.8523,91.8523
13.014992952346802,0.08737705890588741,0.49999237060546875,0.0,2,-0.305089,2.0,12095.9,90.2231,-19.4697,-3.52449,5.26662,9.194,15.4959,47.9014,45.2887,43.9613,43.248,42.6206,42.17,41.7175,41.2632,40.8072,40.1658,39.4288,38.0312,35.1745,30.1678,23.6177,12.7861,0.237551,82.7219,81.0246,92.6599,92.6599
13.02864670753479,0.046290652481245496,0.49999237060546875,0.0,2,-0.297152,2.0,12143.2,90.6138,-18.5751,-3.54924,5.23606,9.24492,17.2498,47.5641,44.9647,43.6458,42.9374,42.3149,41.868,41.4194,40.9691,40.5171,39.8817,39.1521,37.7704,34.9517,30.0397,23.4938,12.7476,0.245578,82.9959,81.3097,93.0411,93.0411
13.050044775009155,0.02454920969484374,0.49999237060546875,0.0,2,-0.288733,2.0,12153.7,91.0375,-17.6666,-3.57613,5.20558,9.30651,19.3767,47.2058,44.6198,43.3094,42.606,41.9883,41.5452,41.1004,40.6541,40.2062,39.5768,38.8544,37.4885,34.7071,29.8869,23.3654,12.7059,0.253814,83.4578,81.7818,93.1321,93.1321
13.071911096572876,0.000650045508518815,0.49999237060546875,0.0,2,-0.279715,2.0,12145.6,91.4885,-16.7256,-3.605,5.17576,9.38335,21.0155,46.821,44.2486,42.9469,42.2485,41.6354,41.196,40.7551,40.3128,39.8691,39.2457,38.5305,37.1802,34.4356,29.7044,23.2272,12.6593,0.262238,83.9526,82.3395,93.0747,93.0747
13.093056917190552,-0.003820929184019566,0.49999237060546875,0.0,2,-0.270085,2.0,12128.7,91.9613,-15.7523,-3.6378,5.1468,9.47781,22.3897,46.4095,43.851,42.558,41.8647,41.2564,40.8207,40.3837,39.9454,39.5059,38.8886,38.1807,36.8458,34.1377,29.4934,23.0789,12.6081,0.270835,84.4744,82.9636,92.9472,92.9472
13.113144874572754,-0.022188498535573482,0.49999237060546875,0.0,2,-0.259863,2.0,12108.1,92.4524,-14.747,-3.67592,5.11877,9.59241,23.737,45.9723,43.428,42.144,41.4559,40.8524,40.4205,39.9874,39.5532,39.1178,38.5067,37.8062,36.4868,33.8154,29.2565,22.9209,12.5526,0.279606,84.9464,83.5706,92.7915,92.7915
13.134912729263306,-0.03163101161432266,0.49999237060546875,0.0,2,-0.249215,2.0,12085.8,92.9576,-13.716,-3.71838,5.09196,9.7305,49.672,45.5116,42.982,41.7071,41.0245,40.4259,39.9978,39.5687,39.1386,38.7076,38.1028,37.4098,36.106,33.4715,28.997,22.7549,12.4932,0.288507,85.4509,84.2133,92.6215,92.6215
13.149419069290161,-0.03419677752301469,0.9999847412109375,0.0,2,-0.238031,2.0,12059.8,93.4772,-12.6605,-3.76177,5.06649,9.89613,49.1733,45.0292,42.515,41.2496,40.5726,39.9791,39.5549,39.1299,38.7041,38.2775,37.6791,36.9938,35.7058,33.1087,28.718,22.5822,12.4305,0.297521,85.9478,84.8543,92.4239,92.4239
13.170936822891235,-0.034111153203449214,0.49999237060546875,0.0,2,-0.226646,2.0,13264.1,94.1195,-11.7043,-3.80137,5.04155,10.085,48.6681,44.5415,42.0435,40.7881,40.1168,39.5287,39.1084,38.6877,38.2663,37.8442,37.2524,36.5751,35.3032,32.7442,28.4375,22.4175,12.3684,0.306588,86.4669,85.4705,101.255,101.255
13.19147253036499,-0.009531720587422141,0.49999237060546875,0.0,2,-0.216049,2.0,12795.6,94.8569,-10.9435,-3.83274,5.01423,10.2672,48.2024,44.0951,41.6143,40.3693,39.7041,39.1215,38.7054,38.2891,37.8722,37.4548,36.8699,36.2007,34.9453,32.4253,28.203,22.3033,12.3175,0.315587,87.1862,86.0704,98.1987,98.1987
13.21191954612732,0.008154836181066,0.49999237060546875,0.0,2,-0.20572,2.0,12459.8,95.5427,-10.1548,-3.85386,4.98647,10.4605,47.7518,43.665,41.202,39.9679,39.3088,38.732,38.3201,37.9082,37.496,37.0835,36.5055,35.8447,34.6059,32.1252,27.987,22.2181,12.2712,0.324512,87.836,86.6326,95.5876,95.5876
13.23299503326416,0.05841538892732933,0.9999847412109375,0.0,2,-0.195029,2.0,12232.8,96.1705,-9.2902,-3.8714,4.9606,10.6943,47.287,43.2215,40.7769,39.554,38.9013,38.3303,37.9226,37.5152,37.1078,36.7002,36.1294,35.477,34.255,31.8138,27.7591,22.135,12.2224,0.333377,88.3906,87.2095,93.8063,93.8063
13.253321886062622,0.12209676111324225,0.49999237060546875,0.0,2,-0.184084,2.0,13318.6,96.8717,-8.47948,-3.89063,4.93633,10.9749,46.8132,42.7702,40.3446,39.1331,38.4869,37.9219,37.5187,37.1158,36.7133,36.3107,35.7471,35.1032,33.8983,31.4968,27.5249,22.0585,12.1724,0.342171,88.8275,87.695,101.71,101.71
13.274325370788574,0.17109836618086693,0.49999237060546875,0.0,2,-0.174387,2.0,12778.4,97.6312,-7.86141,-3.91209,4.9091,11.2258,46.3922,42.3724,39.9662,38.7664,38.1269,37.5679,37.1691,36.7708,36.373,35.9755,35.4192,34.784,33.596,31.234,27.3432,22.0321,12.1349,0.350784,89.3864,88.08,98.0834,98.0834
13.288964986801147,0.1952195467972507,0.9999847412109375,0.0,2,-0.165315,2.0,12437.1,98.29,-7.22756,-3.93564,4.88057,11.4027,46.0017,42.0058,39.6192,38.4311,37.7983,37.2454,36.8511,36.4573,36.0642,35.6717,35.1227,34.4962,33.3252,31.0019,27.1903,22.0269,12.1045,0.359228,89.9505,88.4565,95.4042,95.4042
13.309330463409424,0.20106454802202028,0.49999237060546875,0.0,2,-0.156534,2.0,13468.6,98.9829,-6.6838,-3.95797,4.85184,11.5198,45.6266,41.6547,39.2881,38.1116,37.4856,36.9388,36.5489,36.1597,35.7712,35.3836,34.842,34.2241,33.07,30.7848,27.0501,22.0275,12.0773,0.367523,90.5226,88.8955,102.881,102.881
13.329177618026733,0.2004654805661949,0.49999237060546875,0.0,2,-0.149001,2.0,12880.7,99.7308,-6.34224,-3.97045,4.81978,11.5371,45.3095,41.3613,39.0144,37.8492,37.2299,36.6891,36.3035,35.9188,35.5348,35.1518,34.6172,34.0078,32.8701,30.6215,26.96,22.0687,12.0624,0.37554,91.3094,89.4116,98.8799,98.8799
13.349105834960938,0.1999630937386863,0.9999847412109375,0.0,2,-0.141993,2.0,12538.5,100.358,-5.9454,-3.96823,4.78707,11.4965,45.0172,41.0923,38.7648,37.6105,36.9978,36.4629,36.0817,35.7013,35.3219,34.9434,34.4152,33.8141,32.6927,30.479,26.8876,22.1197,12.0519,0.383321,92.1085,90.0103,96.1738,96.1738
13.369907855987549,0.19942882713481472,0.49999237060546875,0.0,2,-0.135193,2.0,13581.3,101.025,-5.63093,-3.96716,4.75489,11.4178,44.7351,40.8332,38.5249,37.3812,36.7748,36.2459,35.869,35.493,35.1179,34.7439,34.2221,33.6288,32.5232,30.3433,26.8192,22.1677,12.0427,0.390887,92.8069,90.6102,103.74,103.74
13.390445232391357,0.19885050556360742,0.9999847412109375,0.0,2,-0.129718,2.0,13013.3,101.747,-5.5346,-3.96995,4.71949,11.2609,44.5108,40.6308,38.3405,37.2069,36.6062,36.0829,35.7102,35.3383,34.9675,34.5977,34.082,33.4957,32.4052,30.2571,26.7959,22.2498,12.0512,0.398122,93.6425,91.1885,99.8829,99.8829
13.410781383514404,0.19827779098824289,0.49999237060546875,0.0,2,-0.125152,2.0,13973.1,102.462,-5.53652,-3.97537,4.68325,11.0576,44.3209,40.4614,38.1881,37.0642,36.4689,35.9506,35.5818,35.214,34.8472,34.4816,33.9717,33.3921,32.3153,30.1978,26.7954,22.3462,12.079,0.40501,94.4336,91.7592,106.756,106.756
13.431440114974976,0.19768745442594401,0.49999237060546875,0.0,2,-0.121809,2.0,13350.3,103.199,-5.71648,-3.98211,4.64463,10.7996,44.1844,40.3434,38.0854,36.9707,36.3803,35.8664,35.501,35.137,34.7741,34.4123,33.9079,33.3346,32.2699,30.181,26.8323,22.4709,12.1318,0.411498,95.2823,92.3201,102.487,102.487
13.451801776885986,0.216575744820113,0.9999847412109375,0.0,2,-0.118608,2.0,12979.4,103.818,-5.79254,-3.97664,4.60802,10.5335,44.0528,40.2293,37.9855,36.8797,36.2942,35.7846,35.4222,35.0614,34.7021,34.3442,33.8451,33.278,32.2249,30.1629,26.865,22.5862,12.1997,0.417632,95.9883,92.8911,99.5611,99.5611
13.472034692764282,0.23623919842826824,0.49999237060546875,0.0,2,-0.114969,2.0,14019.8,104.472,-5.83506,-3.95611,4.57537,10.2778,43.9007,40.0942,37.8644,36.7673,36.1867,35.6814,35.3222,34.9645,34.6084,34.2539,33.7602,33.1993,32.1579,30.1217,26.8729,22.674,12.2773,0.423476,96.4928,93.4284,107.102,107.102
13.491503715515137,0.27121661604537317,0.49999237060546875,0.0,2,-0.11233,2.0,13441.5,105.165,-6.0259,-3.92948,4.54112,9.98795,43.7918,39.9997,37.7828,36.693,36.117,35.6158,35.2595,34.9047,34.5515,34.2,33.7107,33.1555,32.1251,30.1119,26.9075,22.7808,12.382,0.428953,97.1421,93.9138,103.161,103.161
13.513099670410156,0.30087663634688905,0.9999847412109375,0.0,2,-0.109905,2.0,13164.0,105.703,-6.12474,-3.91131,4.50834,9.69172,43.6914,39.912,37.7073,36.624,36.0522,35.5549,35.2014,34.8495,34.4991,34.1504,33.6652,33.1149,32.0952,30.1033,26.9411,22.8809,12.5064,0.434107,97.6464,94.3056,100.94,100.94
13.532986164093018,0.31585146445830664,0.49999237060546875,0.0,2,-0.107586,2.0,14280.1,106.285,-6.27551,-3.90359,4.47778,9.39626,43.5882,39.8207,37.6273,36.5504,35.9821,35.4885,35.1378,34.7887,34.4411,34.0952,33.6139,33.0682,32.0582,30.0874,26.9653,22.9683,12.6489,0.438993,98.0266,94.6488,109.073,109.073
13.553404808044434,0.3230020774713376,0.49999237060546875,0.0,2,-0.106492,2.0,13734.8,106.921,-6.62882,-3.89912,4.44069,9.073,14.2882,39.7777,37.5932,36.5219,35.9567,35.4658,35.1174,34.7708,34.4257,34.0824,33.6046,33.0629,32.0607,30.1089,27.022,23.0805,12.8269,0.443513,98.5813,94.9975,105.399,105.399
13.573997735977173,0.3223350225513708,0.9999847412109375,0.0,2,-0.105629,2.0,13450.8,107.423,-6.90137,-3.88787,4.39419,8.74921,13.2261,39.7418,37.565,36.499,35.9366,35.4482,35.1016,34.7569,34.4142,34.0733,33.5989,33.0611,32.0661,30.1317,27.0771,23.1873,13.0302,0.44769,99.1035,95.3721,103.15,103.15
13.595195055007935,0.32158956874638794,0.49999237060546875,0.0,2,-0.104398,2.0,14550.0,107.984,-7.16689,-3.85728,4.34021,8.43633,12.411,39.6882,37.5186,36.4577,35.8982,35.4124,35.0676,34.7248,34.3839,34.0451,33.5742,33.0403,32.0527,30.1345,27.1111,23.2716,13.2524,0.451597,99.5423,95.7973,111.148,111.148
13.609904289245605,0.32078033279766327,0.49999237060546875,0.0,2,-0.104191,2.0,13987.6,108.593,-7.59399,-3.8205,4.27438,8.10736,11.6392,39.6748,37.5109,36.4535,35.8965,35.4129,35.0697,34.7284,34.3891,34.0518,33.5832,33.0527,32.0717,30.1666,27.1701,23.3738,13.4945,0.455134,100.12,96.241,107.339,107.339
13.631188154220581,0.32016111448550283,0.9999847412109375,0.0,2,-0.103961,2.0,13716.8,109.059,-7.95746,-3.81443,4.20071,7.78376,10.9565,39.6582,37.4993,36.4447,35.8897,35.4083,35.0666,34.7268,34.3891,34.0533,33.5868,33.0589,32.084,30.1915,27.2204,23.4643,13.7193,0.458339,100.622,96.6581,105.176,105.176
13.653070449829102,0.3194727988509554,0.49999237060546875,0.0,2,-0.115306,2.0,14870.6,109.577,-8.34703,-3.83967,4.12125,7.4738,10.3623,39.6149,37.4606,36.4091,35.8557,35.376,35.036,34.6979,34.3617,34.0276,33.5634,33.038,32.0686,30.1893,27.2434,23.5278,13.9186,0.461651,100.99,97.0656,113.583,113.583
13.67483401298523,0.30306180057814347,0.49999237060546875,0.0,2,-0.132101,2.0,14335.0,110.158,-8.88659,-3.88436,4.03351,7.16105,9.79625,39.5873,37.4359,36.387,35.8351,35.3567,35.0176,34.6808,34.3461,34.0135,33.5513,33.0283,32.0632,30.1956,27.272,23.5928,14.1072,0.466176,101.435,97.4717,109.996,109.996
13.689378499984741,0.21706459208643997,0.49999237060546875,0.0,2,-0.148462,2.0,14037.4,110.627,-9.29872,-3.9344,3.94044,6.85903,9.28937,39.5353,37.3864,36.3404,35.79,35.313,34.9748,34.639,34.3055,33.9743,33.5143,32.9938,32.0334,30.177,27.2753,23.6325,14.2714,0.472032,101.876,97.9344,107.658,107.658
13.711429595947266,0.17937266590503975,0.9999847412109375,0.0,2,-0.163215,2.0,13906.9,111.014,-9.50187,-3.99934,3.84479,6.57914,8.86795,39.4111,37.2667,36.224,35.6758,35.2007,34.864,34.5295,34.1974,33.8677,33.4101,32.8927,31.9382,30.0944,27.2178,23.6162,14.3972,0.479283,102.399,98.6786,106.585,106.585
13.73369312286377,0.13480843754293398,0.49999237060546875,0.0,2,-0.176832,2.0,15184.6,111.482,-9.68737,-4.09672,3.745,6.3117,8.5057,39.2346,37.0963,36.0572,35.5115,35.0387,34.7036,34.3709,34.0404,33.7124,33.2573,32.7432,31.7954,29.9654,27.1166,23.5587,14.4931,0.487891,102.885,99.4357,115.94,115.94
13.748504638671875,0.10102717633277178,0.49999237060546875,0.0,2,-0.191424,2.0,14740.5,112.024,-10.0334,-4.16766,3.63618,6.03378,8.13678,39.0928,36.9585,35.9219,35.3779,34.907,34.5733,34.242,33.913,33.5864,33.1333,32.6215,31.6794,29.8614,27.0366,23.5171,14.5879,0.497769,103.614,100.186,113.079,113.079
13.77091097831726,0.09216312278931339,0.49999237060546875,0.0,2,-0.206499,2.0,14492.4,112.483,-10.3946,-4.25214,3.51978,5.76146,7.77875,38.9653,36.8336,35.7991,35.2563,34.7867,34.4543,34.1242,33.7965,33.4712,33.0199,32.5102,31.5725,29.7656,26.9624,23.478,14.6746,0.508952,104.309,100.806,111.124,111.124
13.792957782745361,0.061279063594192267,0.9999847412109375,0.0,2,-0.221177,2.0,14365.5,112.883,-10.6781,-4.34984,3.39785,5.50644,7.45635,38.8165,36.6873,35.6551,35.1137,34.6453,34.3138,33.985,33.6587,33.3347,32.8854,32.378,31.4446,29.649,26.8674,23.4185,14.742,0.521466,104.77,101.304,110.113,110.113
13.809007167816162,0.05775715154734751,0.49999237060546875,0.0,2,-0.235347,2.0,15647.9,113.368,-10.9987,-4.45799,3.27038,5.26997,7.17011,38.6413,36.5148,35.4854,34.9455,34.4785,34.1481,33.8203,33.4953,33.1729,32.7257,32.2207,31.2921,29.5079,26.7485,23.3361,14.7893,0.535334,105.201,101.84,119.489,119.489
13.831650495529175,0.0576109475944719,0.49999237060546875,0.0,2,-0.249931,2.0,15116.8,113.967,-11.4167,-4.53071,3.13632,5.04545,6.89886,38.4768,36.3518,35.3246,34.786,34.3202,33.9907,33.6638,33.3397,33.0184,32.5731,32.0704,31.1461,29.3717,26.6324,23.2535,14.8289,0.550445,105.719,102.323,116.014,116.014
13.85392689704895,0.054195494159124794,0.49999237060546875,0.0,2,-0.2639,2.0,14746.9,114.507,-11.6626,-4.58289,2.99693,4.84261,6.66854,38.2804,36.158,35.1329,34.596,34.1316,33.8032,33.4774,33.1544,32.8342,32.3906,31.8904,30.9711,29.207,26.4893,23.1454,14.8486,0.566907,106.177,102.851,113.114,113.114
13.870036363601685,0.054089631448499854,0.9999847412109375,0.0,2,-0.276304,2.0,14546.5,114.967,-11.674,-4.64848,2.85328,4.67041,6.50311,38.0143,35.8972,34.8753,34.3406,33.8784,33.5515,33.2273,32.906,32.5874,32.1462,31.6489,30.7358,28.985,26.2934,22.9905,14.8382,0.584781,106.512,103.434,111.518,111.518
13.893100261688232,0.05396604824066162,0.49999237060546875,0.0,2,-0.287438,2.0,15790.7,115.504,-11.6146,-4.73193,2.71572,4.52731,6.40107,37.6911,35.5814,34.5639,34.0319,33.5724,33.2474,32.9253,32.6059,32.2894,31.8512,31.3573,30.4516,28.7165,26.0546,22.7974,14.8023,0.604065,106.816,103.991,120.597,120.597
13.90997314453125,0.07109192425454967,0.49999237060546875,0.0,2,-0.299034,2.0,15289.9,116.111,-11.6584,-4.7962,2.58941,4.39833,6.32766,37.381,35.2777,34.2642,33.7346,33.2774,32.9543,32.6339,32.3165,32.0019,31.5664,31.0758,30.1765,28.4564,25.8223,22.6082,14.7612,0.624683,107.353,104.541,117.309,117.309
13.933908224105835,0.09476869323679246,0.49999237060546875,0.0,2,-0.282091,2.0,14991.4,116.621,-11.6327,-4.83433,2.47481,4.28452,6.2862,37.0836,34.9855,33.9757,33.4481,32.9929,32.6714,32.3528,32.0371,31.7243,31.2914,30.8038,29.9104,28.2042,25.596,22.4225,14.7152,0.645284,107.878,105.004,114.966,114.966
13.949380874633789,0.12669209393396974,0.9999847412109375,0.0,2,-0.262256,2.0,14820.6,117.053,-11.5271,-4.84895,2.37231,4.18886,6.28589,36.7882,34.6949,33.6887,33.1631,32.7097,32.3896,32.0726,31.7586,31.4476,31.0172,30.5325,29.6448,27.9519,25.3688,22.2344,14.6628,0.664006,108.282,105.373,113.621,113.621
13.972687721252441,0.14681503535727658,0.49999237060546875,0.0,2,-0.2427,2.0,16051.4,117.561,-11.4356,-4.77442,2.28169,4.10839,6.31937,36.5161,34.4261,33.4227,32.8988,32.4469,32.128,31.8122,31.4996,31.1901,30.7619,30.2798,29.3971,27.7158,25.1549,22.056,14.6098,0.680788,108.672,105.659,122.607,122.607
13.99545955657959,0.21025448782836087,0.49999237060546875,0.0,2,-0.225449,2.0,15462.8,118.137,-11.6259,-4.6207,2.1986,4.02441,6.31327,36.3502,34.2572,33.2538,32.7301,32.2785,31.9596,31.644,31.3316,31.0225,30.5952,30.1142,29.2337,27.5578,25.0096,21.9336,14.5776,0.69562,109.352,105.873,118.676,118.676
14.01151728630066,0.2563250973920027,0.49999237060546875,0.0,2,-0.209781,2.0,15063.8,118.608,-11.8422,-4.44175,2.12431,3.94761,6.31143,36.2352,34.1365,33.1311,32.6067,32.1546,31.8355,31.5196,31.2069,30.8976,30.47,29.9892,29.1095,27.4356,24.8955,21.8357,14.5512,0.70855,109.76,105.952,115.554,115.554
14.03756308555603,0.2845332798409834,0.9999847412109375,0.0,2,-0.196015,2.0,14835.2,118.973,-11.9152,-4.24987,2.06144,3.89425,6.38438,36.1008,33.997,32.9896,32.4647,32.0123,31.693,31.377,31.0642,30.7548,30.3271,29.8464,28.9678,27.2969,24.7656,21.7231,14.5128,0.719841,109.925,106.049,113.742,113.742
14.054697751998901,0.329582297604531,0.49999237060546875,0.0,2,-0.181052,2.0,15935.8,119.471,-11.9272,-4.03946,2.01102,3.87128,6.58507,35.9248,33.8175,32.8092,32.284,31.8317,31.5126,31.1968,30.8844,30.5752,30.148,29.6678,28.7908,27.1252,24.6055,21.5842,14.458,0.729616,109.999,106.215,121.813,121.813
14.071454048156738,0.35272467662238827,0.49999237060546875,0.0,2,-0.165898,2.0,15159.0,120.1,-11.8336,-3.67952,1.97185,3.87131,6.92663,35.7485,33.6374,32.6281,32.1025,31.6499,31.3309,31.0154,30.7032,30.3943,29.9675,29.4879,28.6122,26.9515,24.4427,21.4418,14.3978,0.737841,110.204,106.431,116.369,116.369
14.095736980438232,0.37695289788763975,0.9999847412109375,0.0,2,-0.149305,2.0,14831.8,120.503,-11.476,-3.34406,1.94377,3.90909,7.74949,35.5197,33.4072,32.3984,31.8733,31.4212,31.1026,30.7875,30.476,30.1679,29.7423,29.2641,28.3912,26.7377,24.244,21.2687,14.3205,0.74461,110.39,106.732,113.723,113.723
14.113081693649292,0.4193542683021787,0.49999237060546875,0.0,2,-0.132765,2.0,15944.9,120.99,-11.1114,-3.09491,1.92754,3.98936,39.0355,35.2303,33.1198,32.1134,31.5897,31.1389,30.8212,30.5072,30.1968,29.89,29.4664,28.9905,28.1221,26.4789,24.0054,21.0621,14.2248,0.749913,110.474,107.038,121.852,121.852
14.13015103340149,0.4453435473857696,0.49999237060546875,0.0,2,-0.117709,2.0,15338.6,121.533,-10.9746,-2.92463,1.92255,4.09875,38.7701,34.9597,32.8498,31.845,31.3224,30.8727,30.5558,30.2426,29.9331,29.6272,29.2052,28.7313,27.8669,26.2325,23.7773,20.8633,14.1283,0.753708,110.67,107.263,117.684,117.684
14.15471601486206,0.4537455954647157,0.9999847412109375,0.0,2,-0.102186,2.0,15026.7,121.925,-10.669,-2.7138,1.93061,4.25483,38.4867,34.6724,32.5641,31.5611,31.0398,30.5914,30.2755,29.9633,29.6548,29.35,28.9295,28.4578,27.5979,25.9731,23.5374,20.6538,14.0231,0.756033,110.872,107.482,115.249,115.249
14.171655654907227,0.46196589796677234,0.49999237060546875,0.0,2,-0.0858295,2.0,16067.1,122.437,-10.2535,-2.43996,1.95124,4.47201,38.1682,34.3529,32.2483,31.2479,30.7285,30.2818,29.9672,29.6564,29.3492,29.0458,28.6274,28.1581,27.3036,25.6903,23.2767,20.4266,13.9073,0.75697,111.093,107.799,122.818,122.818
14.196096658706665,0.4608432763561607,0.49999237060546875,0.0,2,-0.0702753,2.0,15410.8,122.99,-10.0783,-2.23746,1.98217,4.73494,37.8828,34.0629,31.96,30.9611,30.4429,29.9976,29.684,29.3741,29.0681,28.7658,28.3489,27.8816,27.0313,25.4277,23.033,20.2125,13.7939,0.75637,111.503,108.162,118.247,118.247
14.213114023208618,0.4694507319315989,0.9999847412109375,0.0,2,-0.0567672,2.0,15176.7,123.329,-9.85231,-2.09812,2.02586,5.07651,37.59,33.7659,31.6647,30.6677,30.1505,29.7065,29.3939,29.0852,28.7803,28.4792,28.064,27.5987,26.7525,25.1591,22.7834,19.9926,13.6748,0.754334,111.922,108.552,116.345,116.345
14.228996992111206,0.46852703623853936,0.49999237060546875,0.0,2,-0.0430224,2.0,16339.7,123.775,-9.72998,-1.99514,2.0835,5.53146,37.2858,33.4584,31.3594,30.3644,29.8486,29.4058,29.0943,28.7868,28.4832,28.1833,27.7701,27.307,26.465,24.8821,22.5259,19.7654,13.549,0.750933,112.246,108.892,124.892,124.892
14.25369906425476,0.48605454568357204,0.49999237060546875,0.0,2,-0.0301604,2.0,15567.7,124.381,-9.66216,-1.7558,2.15362,6.10499,37.0219,33.1863,31.0867,30.0926,29.5774,29.1352,28.8243,28.5174,28.2146,27.9157,27.5037,27.0422,26.2034,24.6283,22.2878,19.553,13.4255,0.746063,112.747,109.306,119.493,119.493
14.271939754486084,0.49478067917128404,0.9999847412109375,0.0,2,-0.0169013,2.0,15260.2,124.747,-9.41646,-1.53328,2.23655,6.94281,36.739,32.8969,30.7974,29.8047,29.2905,28.8492,28.539,28.2329,27.9309,27.633,27.2226,26.7629,25.9279,24.3613,22.038,19.3305,13.2945,0.739876,113.159,109.678,116.998,116.998
14.296019554138184,0.49378563960393274,0.49999237060546875,0.0,2,-0.00411773,2.0,16394.4,125.2,-9.23798,-1.37265,2.33364,8.56232,36.4275,32.5816,30.4839,29.4935,28.9806,28.5407,28.2315,27.9264,27.6255,27.3287,26.9202,26.4628,25.6324,24.0756,21.772,19.0942,13.155,0.73238,113.455,110.02,125.295,125.295
14.313273668289185,0.4926324480523666,0.49999237060546875,0.0,2,0.00659418,2.0,15759.1,125.725,-9.32075,-1.25242,2.44297,42.3198,36.1651,32.3095,30.2102,29.2202,28.7079,28.2686,27.9598,27.6553,27.3549,27.0588,26.6512,26.1953,25.3679,23.8181,21.5295,18.8757,13.0196,0.723551,113.912,110.391,120.918,120.918
14.329187393188477,0.5013893697081321,0.9999847412109375,0.0,2,0.0173852,2.0,15450.4,126.086,-9.26716,-1.1026,2.56738,42.0825,35.8963,32.0307,29.9301,28.9403,28.4287,27.9901,27.6819,27.3779,27.0782,26.7827,26.3761,25.9214,25.0973,23.5548,21.2813,18.6517,12.8785,0.713454,114.345,110.768,118.485,118.485
14.353956460952759,0.5099333024374768,0.49999237060546875,0.0,2,0.0287976,2.0,16515.1,126.567,-9.10794,-0.887302,2.70654,41.8094,35.5957,31.7232,29.6232,28.6346,28.124,27.6865,27.3791,27.0761,26.7773,26.4829,26.0777,25.6248,24.8045,23.2712,21.0151,18.4125,12.7285,0.702203,114.685,111.149,126.248,126.248
14.370684385299683,0.5184063029130921,0.49999237060546875,0.0,2,0.0392547,2.0,15842.4,127.1,-9.18055,-0.720597,2.85729,41.5856,35.3364,31.4516,29.3491,28.3602,27.8497,27.4125,27.1056,26.8031,26.5048,26.2109,25.8066,25.3548,24.5367,23.0101,20.7675,18.1871,12.5807,0.689651,115.125,111.51,121.556,121.556
14.396218061447144,0.5176969537772083,0.9999847412109375,0.0,2,0.0481472,2.0,15612.6,127.405,-9.17807,-0.608618,3.02336,41.3535,35.0687,31.1718,29.067,28.0781,27.5677,27.1308,26.8243,26.5223,26.2246,25.9313,25.5281,25.0774,24.2619,22.7421,20.5132,17.9559,12.4275,0.675926,115.502,111.833,119.681,119.681
14.413908243179321,0.5167457282146626,0.49999237060546875,0.0,2,0.057158,2.0,16805.4,127.814,-9.27152,-0.537889,3.2055,41.1078,34.7882,30.8801,28.7733,27.7847,27.2748,26.8384,26.5322,26.2307,25.9337,25.6412,25.2391,24.7899,23.9773,22.4646,20.2506,17.7173,12.2686,0.661104,115.803,112.139,128.424,128.424
14.430796384811401,0.515447968156226,0.46469879150390625,0.0,2,0.0652065,2.0,16060.3,128.372,-9.47089,-0.370249,3.39898,40.9117,34.5484,30.6232,28.511,27.5213,27.0109,26.5743,26.2681,25.9665,25.6696,25.3773,24.9757,24.5272,23.7162,22.2078,20.005,17.491,12.1114,0.645063,116.237,112.488,123.259,123.259
14.456817388534546,0.5147339675505987,0.6784210205078125,0.0,2,0.0735555,2.0,15686.2,128.679,-9.47745,-0.211554,3.60811,40.6953,34.2898,30.3491,28.2324,27.242,26.7316,26.295,25.9889,25.6875,25.3908,25.0988,24.6977,24.2502,23.4414,21.9383,19.7481,17.255,11.9476,0.627971,116.655,112.865,120.277,120.277
14.473633766174316,0.5336178377224132,0.0,0.0,2,0.0822258,2.0,16079.8,128.94,-9.41018,-0.108133,3.83671,40.4261,33.9852,30.034,27.9161,26.9263,26.4167,25.9809,25.6754,25.3747,25.0787,24.7875,24.3876,23.9417,23.1365,21.6415,19.4677,16.9998,11.774,0.609882,116.923,113.206,123.111,123.111
14.489871501922607,0.533622665532399,0.0,0.0,2,0.0903647,2.0,14811.0,128.938,-9.25696,-0.0471064,4.08298,40.1298,33.6555,29.6964,27.579,26.5905,26.0821,25.6475,25.3429,25.0431,24.7482,24.458,24.0597,23.6157,22.8148,21.3295,19.174,16.7337,11.5937,0.590888,117.071,113.425,114.888,112.562
14.515425205230713,0.5348537570787594,0.0,0.0,2,0.0993306,2.0,14510.5,128.428,-8.89557,0.0184081,4.34876,39.7838,33.2802,29.3189,27.2055,26.22,25.7135,25.2809,24.9778,24.6795,24.3861,24.0976,23.7016,23.2603,22.4649,20.9921,18.8589,16.4507,11.4056,0.57117,116.994,113.499,113.129,109.373
14.533042430877686,0.5363479642693418,0.0,0.0,2,0.108121,2.0,14394.0,127.809,-8.44886,0.139426,4.62799,39.4458,32.9082,28.9445,26.835,25.8525,25.3478,24.9171,24.6155,24.3187,24.0269,23.74,23.3463,22.9078,22.1178,20.6574,18.5461,16.1698,11.2173,0.550851,116.715,113.346,112.417,108.258
14.550166845321655,0.5378759661298245,0.0,0.0,2,0.115392,2.0,14302.4,127.176,-8.19502,0.225862,4.91001,39.1985,32.6052,28.6299,26.519,25.5371,25.0329,24.6028,24.3018,24.0059,23.7149,23.4288,23.0365,22.5996,21.8128,20.3605,18.2651,15.9136,11.0376,0.529964,116.405,112.987,111.903,107.358
14.57535171508789,0.5394160375152715,0.0,0.0,2,0.120018,2.0,14216.6,126.538,-8.18151,0.280748,5.18755,39.0705,32.3891,28.3903,26.2711,25.2865,24.7812,24.3502,24.0487,23.7525,23.4613,23.1751,22.7827,22.3459,21.5597,20.11,18.0228,15.6871,10.8679,0.508546,116.099,112.48,111.455,106.489
14.593039751052856,0.5409705923306756,0.0,0.0,2,0.122423,2.0,14132.2,125.894,-8.38708,0.312625,5.45829,39.0673,32.2576,28.2229,26.0882,25.0978,24.5897,24.1565,23.8535,23.5557,23.2632,22.9759,22.5821,22.1439,21.3555,19.9031,17.8167,15.4879,10.7071,0.486692,115.779,111.883,111.014,105.636
14.610806465148926,0.5425589418159797,0.0,0.0,2,0.123419,2.0,14063.1,125.236,-8.71052,0.373352,5.72227,39.1782,32.1954,28.1143,25.9581,24.9591,24.4468,24.0101,23.7047,23.4046,23.1099,22.8205,22.4241,21.9832,21.1904,19.731,17.6391,15.3101,10.5531,0.464465,115.406,111.23,110.613,104.966
14.637027740478516,0.5441593608262483,0.0,0.0,2,0.123479,2.0,13983.2,124.573,-9.07426,0.45741,5.9804,39.3839,32.1811,28.0458,25.8642,24.8542,24.3368,23.8958,23.5874,23.2845,22.987,22.6949,22.2949,21.8502,21.0514,19.5822,17.4802,15.1461,10.4037,0.441931,114.943,110.533,110.134,104.234
14.655188798904419,0.5457621937415097,0.0,0.0,2,0.122461,2.0,13892.4,123.909,-9.57209,0.507833,6.2282,39.7082,32.2247,28.0256,25.8136,24.79,24.266,23.8197,23.5076,23.2012,22.9002,22.6048,22.2002,21.7506,20.9434,19.4611,17.3435,14.9988,10.2597,0.419121,114.452,109.83,109.582,103.399
14.673036813735962,0.5575231456424296,0.0,0.0,2,0.11974,2.0,13798.7,123.236,-10.1981,0.528269,6.46477,40.1654,32.3265,28.054,25.8061,24.7665,24.2345,23.7815,23.465,23.1543,22.8492,22.5497,22.1396,21.684,20.8664,19.3669,17.2284,14.8676,10.1209,0.396053,113.936,109.112,109.004,102.541
14.691890239715576,0.5490402767218183,0.36077880859375,0.0,2,0.115781,2.0,13703.8,122.551,-10.929,0.524464,6.69022,40.7663,32.4825,28.1276,25.8383,24.7805,24.2393,23.7785,23.4566,23.1407,22.8308,22.5266,22.1101,21.6475,20.8176,19.2971,17.133,14.7507,9.98633,0.372822,113.36,108.348,108.405,101.688
14.710263729095459,0.5499744579540565,0.9725341796875,0.0,2,0.111633,2.0,14567.6,122.164,-11.6616,0.534114,6.91131,41.471,32.657,28.2157,25.8826,24.8057,24.2548,23.7859,23.4583,23.1369,22.8216,22.5122,22.089,21.619,20.7762,19.2331,17.0418,14.6363,9.85176,0.349421,112.803,107.669,111.563,111.563
14.729366302490234,0.53980301099509,0.49999237060546875,0.0,2,0.108045,2.0,16136.4,122.198,-12.3937,0.565462,7.13637,42.2217,32.8235,28.2833,25.9078,24.8121,24.2519,23.7752,23.4423,23.1156,22.7951,22.4807,22.0508,21.5737,20.7186,19.1545,16.9379,14.5114,9.71276,0.32583,112.318,107.174,123.204,123.204
14.756750106811523,0.5392461514961223,0.49999237060546875,0.0,2,0.103658,2.0,15782.4,122.433,-13.3391,0.592182,7.35129,43.1702,33.0754,28.3939,25.9706,24.8532,24.2824,23.7969,23.4578,23.1251,22.7988,22.4787,22.0411,21.5555,20.6861,19.0974,16.8501,14.3975,9.57633,0.301847,112.138,106.919,121.03,121.03
14.775271654129028,0.5389096661818524,0.49999237060546875,0.0,2,0.0990359,2.0,15608.4,122.575,-14.2366,0.604703,7.56738,44.2435,33.3641,28.5029,26.0307,24.8913,24.3093,23.8146,23.4693,23.1306,22.7984,22.4726,22.0271,21.533,20.6486,19.0352,16.757,14.2787,9.43686,0.277504,112.052,106.784,119.652,119.652
14.794451475143433,0.5386964008418221,0.49999237060546875,0.0,2,0.0951263,2.0,15527.7,122.665,-14.9816,0.598829,7.79783,45.3271,33.6223,28.5581,26.0409,24.8819,24.29,23.7868,23.4358,23.0917,22.7543,22.4235,21.9712,21.4698,20.5725,18.9377,16.6342,14.1371,9.28825,0.25289,111.925,106.712,119.006,119.006
14.81288766860962,0.5385115708804628,0.49999237060546875,0.0,2,0.0927932,2.0,15490.6,122.743,-15.5262,0.587111,8.04778,46.352,33.8135,28.5369,25.9812,24.8059,24.2059,23.696,23.3403,22.9916,22.6499,22.3151,21.8576,21.3503,20.4433,18.7925,16.4724,13.9656,9.12843,0.228044,111.744,106.684,118.717,118.717
14.83170485496521,0.5383125232297679,0.49999237060546875,0.0,2,0.0921752,2.0,15471.0,122.827,-15.8225,0.593049,8.32117,47.2658,33.9136,28.4282,25.8423,24.6544,24.0485,23.5336,23.1746,22.8227,22.4779,22.1401,21.6789,21.1679,20.2547,18.5944,16.2674,13.7618,8.95685,0.202978,111.527,106.7,118.553,118.553
14.850139617919922,0.5381395413428545,0.49999237060546875,0.0,2,0.0927293,2.0,15484.4,122.9,-15.9555,0.595948,8.61233,48.1196,33.9513,28.259,25.6475,24.4497,23.8392,23.3208,22.9593,22.6052,22.2582,21.9184,21.4546,20.9411,20.0242,18.3595,16.0324,13.5356,8.77751,0.177732,111.321,106.752,118.646,118.646
14.8766930103302,0.5379665594559411,0.49999237060546875,0.0,2,0.0938427,2.0,15508.5,122.973,-16.0103,0.587497,8.9154,48.9794,33.9588,28.0608,25.4191,24.2128,23.5987,23.0774,22.7141,22.3582,22.0097,21.6684,21.2027,20.6874,19.7684,18.1022,15.7792,13.2958,8.59368,0.152305,111.161,106.82,118.83,118.83
14.894973039627075,0.5377793598796924,0.49999237060546875,0.0,2,0.0947215,2.0,15530.0,123.052,-16.0175,0.572668,9.22657,49.8875,33.9536,27.8471,25.1685,23.9549,23.3374,22.8138,22.449,22.0918,21.742,21.3996,20.9326,20.4161,19.4957,17.83,15.514,13.0473,8.40692,0.126744,111.053,106.896,118.997,118.997
14.913004636764526,0.5375660945396622,0.49999237060546875,0.0,2,0.0959384,2.0,15541.2,123.142,-15.9845,0.557153,9.54549,50.8645,33.9411,27.6212,24.899,23.6791,23.0587,22.533,22.1671,21.8087,21.4581,21.115,20.6471,20.1298,19.2088,17.5454,15.2387,12.7918,8.21776,0.101073,110.989,106.979,119.093,119.093
14.930616617202759,0.537288849597623,0.49999237060546875,0.0,2,0.0976931,2.0,15520.0,123.259,-15.8553,0.568906,9.8766,51.8714,33.901,27.3699,24.6007,23.3759,22.7536,22.2265,21.8597,21.5009,21.1498,20.8064,20.3383,19.8212,18.901,17.2424,14.9489,12.5259,8.02526,0.0752964,110.954,107.081,118.934,118.934
14.955185174942017,0.5370068654258052,0.49999237060546875,0.0,2,0.0999963,2.0,15508.7,123.378,-15.6379,0.588574,10.2203,52.904,33.8295,27.0915,24.2732,23.0453,22.4219,21.8941,21.527,21.1681,20.8172,20.4741,20.0066,19.4903,18.5726,16.9215,14.6452,12.2505,7.82993,0.0494677,110.947,107.213,118.843,118.843
14.973451614379883,0.5367154027944306,0.49999237060546875,0.0,2,0.102725,2.0,15506.3,123.501,-15.3817,0.594108,10.5752,53.9896,33.7345,26.7911,23.9218,22.6923,22.0685,21.5407,21.1738,20.8152,20.4648,20.1224,19.6561,19.1415,18.2275,16.5861,14.3307,11.9675,7.63249,0.0235589,110.969,107.361,118.822,118.822
14.98999547958374,0.5364026136290531,0.49999237060546875,0.0,2,0.105357,2.0,15507.3,123.633,-15.0926,0.58581,10.9423,55.1361,33.6155,26.4688,23.5486,22.3176,21.6943,21.1672,20.8009,20.4431,20.0936,19.7523,19.2878,18.7756,17.8666,16.2372,14.0061,11.6778,7.43344,-0.00240898,111.014,107.522,118.83,118.83
15.015345335006714,0.5360613890850048,0.49999237060546875,0.0,2,0.108221,2.0,15506.8,123.777,-14.7691,0.567406,11.3233,56.3489,33.4702,26.1234,23.1559,21.9212,21.2992,20.7734,20.4083,20.0517,19.7037,19.3639,18.9018,18.3927,17.4901,15.8751,13.6715,11.3814,7.23277,-0.0284163,111.082,107.701,118.827,118.827
15.032838582992554,0.5356656633985042,0.49999237060546875,0.0,2,0.111566,2.0,15485.8,123.944,-14.3834,0.558016,11.7208,57.6037,33.2864,25.7482,22.739,21.4996,20.8797,20.3562,19.9928,19.6381,19.292,18.9543,18.4953,17.9901,17.0955,15.4979,13.3256,11.0775,7.03029,-0.0544542,111.167,107.895,118.676,118.676
15.050493955612183,0.5352391327184439,0.49999237060546875,0.0,2,0.115562,2.0,15463.2,124.124,-13.9076,0.556513,12.1404,58.8329,33.041,25.3307,22.2889,21.0453,20.4289,19.9087,19.5478,19.1958,18.8524,18.5175,18.0627,17.5625,16.6779,15.1015,12.9655,10.7642,6.82543,-0.0805219,111.264,108.119,118.499,118.499
15.077165365219116,0.5347983843490481,0.49999237060546875,0.0,2,0.120045,2.0,15448.3,124.31,-13.3723,0.552502,12.5814,60.0805,32.7476,24.8801,21.813,20.566,19.9541,19.4382,19.0805,18.7317,18.3917,18.0604,17.6106,17.1162,16.2433,14.6912,12.5954,10.4447,6.61922,-0.106618,111.389,108.372,118.383,118.383
15.094051599502563,0.5343410486754279,0.49999237060546875,0.0,2,0.124733,2.0,15438.8,124.503,-12.807,0.537977,13.0428,61.3907,32.4172,24.4035,21.3171,20.0682,19.4611,18.9502,18.5963,18.2514,17.9153,17.5879,17.1438,16.6562,15.7963,14.2709,12.2185,10.1215,6.41244,-0.132735,111.541,108.64,118.308,118.308
15.111762046813965,0.5338647560826938,0.49999237060546875,0.0,2,0.12927,2.0,15428.9,124.704,-12.2204,0.517005,13.5239,62.8076,32.0576,23.9058,20.805,19.5564,18.9535,18.4483,18.0986,17.758,17.4263,17.1034,16.6657,16.1854,15.3397,13.8431,11.8367,9.79566,6.20546,-0.158868,111.722,108.924,118.233,118.233
15.136946678161621,0.5333623977261782,0.49999237060546875,0.0,2,0.134036,2.0,15412.3,124.916,-11.6145,0.496218,14.0258,64.3749,31.6741,23.3905,20.2798,19.0333,18.434,17.9352,17.5901,17.2543,16.9274,16.6094,16.1786,15.7063,14.8758,13.41,11.4518,9.46858,5.99882,-0.184989,111.928,109.219,118.114,118.114
15.15369725227356,0.5328197559165457,0.9999847412109375,0.0,2,0.139123,2.0,15382.6,125.145,-10.9608,0.489615,14.5543,66.1573,31.2522,22.8503,19.7363,18.4946,17.899,17.4072,17.0674,16.7368,16.4153,16.1027,15.6795,15.216,14.4021,12.9692,11.0621,9.13905,5.7921,-0.211125,112.155,109.533,117.884,117.884
15.170531272888184,0.531850583426853,0.49999237060546875,0.0,2,0.144017,2.0,16635.0,125.554,-10.4362,0.489957,15.0932,69.9193,30.8591,22.3201,19.2,17.9625,17.3703,16.8845,16.5498,16.2246,15.9084,15.6012,15.1857,14.731,13.9336,12.5336,10.6772,8.81356,5.58702,-0.23732,112.436,109.872,127.095,127.095
15.19560980796814,0.5306231229142349,0.49999237060546875,0.0,2,0.147231,2.0,16031.0,126.072,-10.2182,0.490283,15.5861,139.69,30.7055,21.9024,18.744,17.4998,16.906,16.421,16.09,15.7685,15.4562,15.153,14.7431,14.295,13.5101,12.1362,10.3215,8.50813,5.38747,-0.263749,112.909,110.243,123.015,123.015
15.213054180145264,0.5297179300265511,0.49999237060546875,0.0,2,0.149376,2.0,15706.4,126.454,-9.99662,0.487922,16.0582,135.117,30.6741,21.5303,18.3182,17.0626,16.4652,15.9783,15.649,15.3307,15.0217,14.7219,14.317,13.8748,13.1014,11.7511,9.97544,8.2095,5.18969,-0.29035,113.427,110.625,120.443,120.443
15.23089075088501,0.5290425897831221,0.9999847412109375,0.0,2,0.15177,2.0,15560.8,126.739,-9.68187,0.477957,16.511,130.845,30.6195,21.1301,17.8699,16.6055,16.0059,15.5181,15.1889,14.8738,14.5688,14.2731,13.874,13.4386,12.6782,11.3544,9.62124,7.9057,4.99058,-0.316991,113.862,111.005,119.274,119.274
15.255150318145752,0.5280094376914203,0.49999237060546875,0.0,2,0.154384,2.0,16762.2,127.175,-9.43365,0.470437,16.9327,126.791,30.565,20.7124,17.4066,16.1352,15.5343,15.0464,14.7176,14.4039,14.1032,13.812,13.4194,12.9915,12.2453,10.9499,9.26192,7.599,4.79088,-0.343687,114.243,111.384,128.088,128.088
15.27157211303711,0.526748802570353,0.49999237060546875,0.0,2,0.155755,2.0,16129.3,127.707,-9.41348,0.469702,17.2698,122.352,30.77,20.3861,17.0027,15.7144,15.1081,14.6169,14.2864,13.9717,13.6714,13.3836,12.996,12.574,11.8395,10.568,8.91922,7.30355,4.59394,-0.370617,114.746,111.785,123.77,123.77
15.29565167427063,0.5258791539060076,0.49999237060546875,0.0,2,0.156704,2.0,15820.5,128.074,-9.3309,0.472611,17.5577,117.89,31.1378,20.0955,16.6176,15.3082,14.6947,14.1991,13.8663,13.5498,13.2483,12.961,12.5781,12.1618,11.4384,10.1901,8.57962,7.01043,4.39754,-0.397689,115.266,112.188,121.308,121.308
15.311172008514404,0.5252725324943661,0.9999847412109375,0.0,2,0.157933,2.0,15706.0,128.33,-9.14869,0.466567,17.8295,113.723,31.5402,19.7797,16.2095,14.8814,14.262,13.7631,13.4287,13.1112,12.8093,12.5219,12.142,11.7324,11.0219,9.79995,8.23146,6.71218,4.20002,-0.424801,115.688,112.571,120.375,120.375
15.334203958511353,0.524319947308898,0.49999237060546875,0.0,2,0.158724,2.0,16947.4,128.732,-9.0725,0.452478,18.0706,109.673,32.0861,19.4733,15.8012,14.4529,13.8275,13.3251,12.9891,12.6706,12.3683,12.081,11.7019,11.2981,10.6011,9.40662,7.88137,6.41313,4.00252,-0.451939,116.054,112.928,129.495,129.495
15.350564002990723,0.5231256614047289,0.49999237060546875,0.0,2,0.157956,2.0,16331.8,129.236,-9.27215,0.443428,18.2289,105.203,33.2234,19.3113,15.4763,14.0912,13.4528,12.9418,12.601,12.2787,11.9733,11.6836,11.3022,10.8977,10.2104,9.03766,7.54878,6.12547,3.80761,-0.479258,116.546,113.28,125.322,125.322
15.374120473861694,0.5222891873488327,0.9999847412109375,0.0,2,0.156754,2.0,16018.1,129.589,-9.41047,0.445166,18.35,100.747,34.8595,19.2118,15.1765,13.7465,13.0922,12.5706,12.2239,11.8967,11.5874,11.2946,10.9101,10.5033,9.82079,8.66951,7.21684,5.83819,3.61262,-0.506679,117.028,113.622,122.824,122.824
15.389545917510986,0.5212797314060231,0.49999237060546875,0.0,2,0.155616,2.0,17188.7,130.015,-9.58111,0.452682,18.4535,96.4825,37.0434,19.1385,14.8754,13.3966,12.7254,12.1928,11.8399,11.5078,11.1946,10.8988,10.5113,10.1026,9.42091,8.29286,6.87909,5.54733,3.41703,-0.534119,117.433,113.957,131.36,131.36
15.411921262741089,0.5201138808805247,0.49999237060546875,0.0,2,0.153238,2.0,16546.3,130.507,-9.97286,0.458173,18.4978,91.9833,40.7185,19.2427,14.6549,13.1056,12.4093,11.8599,11.4973,11.157,10.8372,10.5359,10.1425,9.72906,9.04276,7.92942,6.55042,5.26203,3.22257,-0.561742,117.914,114.288,126.966,126.966
15.434887886047363,0.5193461256564161,0.49999237060546875,0.0,2,0.150352,2.0,16236.1,130.831,-10.2834,0.458558,18.5213,87.6065,46.4138,19.4503,14.4591,12.8261,12.1006,11.5316,11.1579,10.8084,10.481,10.1736,9.77343,9.35467,8.66331,7.55943,6.21704,4.97385,3.02739,-0.589431,118.354,114.603,124.493,124.493
15.449528455734253,0.5188413976850111,0.9999847412109375,0.0,2,0.14801,2.0,16119.6,131.044,-10.4523,0.448332,18.5526,83.6193,55.1219,19.672,14.2298,12.5115,11.7574,11.1702,10.7864,10.4288,10.0949,9.7825,9.3774,8.9552,8.26212,7.16779,5.86892,4.67686,2.83043,-0.61704,118.662,114.892,123.546,123.546
15.47411823272705,0.5179812274802228,0.49999237060546875,0.0,2,0.146035,2.0,17369.1,131.407,-10.6489,0.445482,18.5811,79.9044,118.834,19.9601,13.986,12.1757,11.3924,10.7869,10.3933,10.0282,9.6885,9.37179,8.96273,8.53839,7.84608,6.76353,5.51034,4.37392,2.63249,-0.644571,118.892,115.157,132.727,132.727
15.489482641220093,0.5168983134758472,0.49999237060546875,0.0,2,0.143048,2.0,16754.0,131.864,-11.0427,0.448736,18.5667,76.0609,113.493,20.5939,13.8388,11.8989,11.074,10.4422,10.0343,9.6577,9.30904,8.98533,8.56926,8.13998,7.44469,6.36995,5.15491,4.07307,2.43495,-0.672177,119.234,115.435,128.55,128.55
15.51108980178833,0.5161945378537476,0.49999237060546875,0.0,2,0.139869,2.0,16452.2,132.161,-11.3475,0.458209,18.5364,72.3367,108.31,21.5755,13.7402,11.6382,10.7629,10.1,9.67514,9.2853,8.92631,8.59466,8.17072,7.73604,7.03778,5.9723,4.79258,3.76829,2.23674,-0.699792,119.584,115.71,126.149,126.149
15.533011436462402,0.5157300933354596,0.9999847412109375,0.0,2,0.137252,2.0,16328.2,132.357,-11.5173,0.460603,18.5132,68.9468,103.549,22.881,13.6251,11.3419,10.4141,9.71984,9.27886,8.87679,8.50875,8.17062,7.74095,7.30334,6.60661,5.55794,4.41721,3.45572,2.03763,-0.727283,119.833,115.967,125.148,125.148
15.554736375808716,0.5149481204220155,0.49999237060546875,0.0,2,0.134656,2.0,17602.0,132.687,-11.7272,0.454813,18.4887,65.7996,99.0913,24.8034,13.5201,11.0233,10.0374,9.31024,8.85296,8.43911,8.06282,7.71921,7.28547,6.84703,6.15573,5.13063,4.03593,3.13711,1.83793,-0.754655,120.019,116.203,134.5,134.5
15.569839715957642,0.5139315556345383,0.49999237060546875,0.0,2,0.131042,2.0,16992.7,133.116,-12.1457,0.452918,18.4279,62.5524,94.5139,28.6384,13.608,10.7873,9.71585,8.94027,8.45873,8.027,7.63776,7.28504,6.84347,6.40122,5.71214,4.70846,3.65982,2.81819,1.63841,-0.782034,120.32,116.447,130.387,130.387
15.590540170669556,0.5037355673420926,0.49999237060546875,0.0,2,0.127425,2.0,16667.2,133.408,-12.4584,0.461761,18.359,59.4649,90.1334,36.4073,13.8355,10.569,9.38922,8.55503,8.0452,7.59323,7.18988,6.82772,6.37872,5.93384,5.2501,4.2742,3.27911,2.49787,1.43809,-0.809343,120.621,116.694,127.806,127.806
15.610994577407837,0.49385931046195325,0.49999237060546875,0.0,2,0.124837,2.0,16519.2,133.61,-12.5992,0.45392,18.3068,56.7639,86.2215,112.057,14.0909,10.2704,8.97499,8.08406,7.54946,7.08169,6.66897,6.30217,5.85228,5.41176,4.74467,3.81283,2.88637,2.17513,1.23661,-0.836497,120.849,116.971,126.619,126.619
15.631289005279541,0.48415868649982846,0.9999847412109375,0.0,2,0.12371,2.0,16468.1,133.781,-12.582,0.408944,18.2794,54.5129,82.8509,107.708,14.273,9.81075,8.41061,7.478,6.92976,6.45687,6.04481,5.68262,5.24344,4.81871,4.18531,3.3197,2.48047,1.85011,1.03583,-0.863486,120.987,117.273,126.202,126.202
15.65075135231018,0.46504565933310427,0.49999237060546875,0.0,2,0.115692,2.0,17767.9,134.133,-12.5255,0.350449,18.2684,52.6132,79.9007,103.871,14.386,9.16408,7.67942,6.72688,6.17993,5.71563,5.3166,4.97,4.55487,4.15864,3.57714,2.80008,2.06546,1.52537,0.841549,-0.890037,121.102,117.611,135.767,135.767
15.670823335647583,0.446211293878189,0.49999237060546875,0.0,2,0.103759,2.0,17276.2,134.55,-12.7261,0.182951,18.2395,50.7345,76.9693,100.053,14.9656,8.45268,6.86182,5.8924,5.35272,4.90393,4.5249,4.20056,3.81793,3.45851,2.94099,2.26732,1.64852,1.20431,0.65407,-0.915348,121.355,118.036,132.482,132.482
15.690526008605957,0.4194299707250421,0.49999237060546875,0.0,2,0.0915577,2.0,17071.7,134.827,-12.8886,0.0253413,18.1962,48.9014,74.0879,96.2939,16.7238,7.59032,5.87931,4.91136,4.39493,3.97705,3.63198,3.34225,3.00683,2.69789,2.26313,1.71433,1.22649,0.885469,0.472975,-0.939397,121.743,118.464,130.635,130.635
15.710002422332764,0.410448573263213,0.49999237060546875,0.0,2,0.0794374,2.0,16910.0,135.048,-13.0899,-0.0782207,18.1466,47.1808,71.3381,92.691,23.6018,6.34544,4.56604,3.66688,3.21496,2.86241,2.57971,2.348,2.08595,1.8503,1.52756,1.13431,0.797341,0.568466,0.298485,-0.962143,122.121,118.899,129.947,129.947
15.729509353637695,0.4100361235450208,0.49999237060546875,0.0,3,0.0677583,2.0,16857.4,135.264,-13.0573,-0.196638,18.0974,45.6321,68.7895,89.331,103.903,4.10421,2.6,1.96892,1.67812,1.46225,1.29569,1.16327,1.01778,0.890634,0.721931,0.524409,0.361775,0.254614,0.131416,-0.983499,122.505,119.289,128.881,128.881
15.748886823654175,0.39302582993857565,0.9999847412109375,0.0,3,0.056914,3.0,13347.5,135.368,-12.8624,-0.169108,-1.0,-1.0,-1.0,-1.0,-1.0,-1.0,-1.0,-1.0,-1.0,-1.0,-1.0,-1.0,-1.0,-1.0,-1.0,-1.0,-1.0,-1.0,-1.0,-1.00337,122.739,119.636,123.423,122.467
15.773966073989868,0.3450147002955588,0.9999847412109375,0.0,3,0.0476705,3.0,13332.4,135.174,-12.231,-0.213947,-1.0,-1.0,-1.0,-1.0,-1.0,-1.0,-1.0,-1.0,-1.0,-1.0,-1.0,-1.0,-1.0,-1.0,-1.0,-1.0,-1.0,-1.0,-1.0,-1.02155,122.863,119.989,121.03,119.431
15.792973279953003,0.23186399145808068,0.9999847412109375,0.0,3,0.0393621,3.0,12324.6,134.876,-11.521,-0.121312,-1.0,-1.0,-1.0,-1.0,-1.0,-1.0,-1.0,-1.0,-1.0,-1.0,-1.0,-1.0,-1.0,-1.0,-1.0,-1.0,-1.0,-1.0,-1.0,-1.038,122.967,120.385,120.101,118.17
15.811139345169067,0.16674902777384967,0.49999237060546875,0.0,3,0.0326859,3.0,13492.6,134.999,-11.0646,-0.424216,-1.0,-1.0,-1.0,-1.0,-1.0,-1.0,-1.0,-1.0,-1.0,-1.0,-1.0,-1.0,-1.0,-1.0,-1.0,-1.0,-1.0,-1.0,-1.0,-1.0529,123.024,121.07,129.686,129.686
15.829699993133545,0.10798425280001016,0.49999237060546875,0.0,3,0.0272052,3.0,13648.1,135.083,-11.0708,-1.04679,-1.0,-1.0,-1.0,-1.0,-1.0,-1.0,-1.0,-1.0,-1.0,-1.0,-1.0,-1.0,-1.0,-1.0,-1.0,-1.0,-1.0,-1.0,-1.0,-1.06694,123.132,121.916,131.779,131.779
15.852659225463867,0.0795096674776543,0.49999237060546875,0.0,3,0.0209119,3.0,13513.4,135.337,-10.8638,-1.14697,-1.0,-1.0,-1.0,-1.0,-1.0,-1.0,-1.0,-1.0,-1.0,-1.0,-1.0,-1.0,-1.0,-1.0,-1.0,-1.0,-1.0,-1.0,-1.0,-1.08016,123.701,122.542,130.67,130.67
15.871464729309082,0.05541985092783967,0.9999847412109375,0.0,3,0.0143782,3.0,13466.1,135.555,-10.6805,-1.30682,-1.0,-1.0,-1.0,-1.0,-1.0,-1.0,-1.0,-1.0,-1.0,-1.0,-1.0,-1.0,-1.0,-1.0,-1.0,-1.0,-1.0,-1.0,-1.0,-1.09234,124.301,123.058,130.13,130.13
15.894113779067993,0.0463659710019206,0.49999237060546875,0.0,3,0.00814646,3.0,14165.0,135.94,-10.5474,-1.42662,-1.0,-1.0,-1.0,-1.0,-1.0,-1.0,-1.0,-1.0,-1.0,-1.0,-1.0,-1.0,-1.0,-1.0,-1.0,-1.0,-1.0,-1.0,-1.0,-1.1036,124.686,123.475,136.615,136.615
15.912071466445923,0.026281505755232644,0.9999847412109375,0.0,3,0.00284546,3.0,13615.0,136.497,-10.2228,-1.30911,-1.0,-1.0,-1.0,-1.0,-1.0,-1.0,-1.0,-1.0,-1.0,-1.0,-1.0,-1.0,-1.0,-1.0,-1.0,-1.0,-1.0,-1.0,-1.0,-1.11395,125.05,124.028,131.798,131.798
15.929168939590454,0.014944103213259952,0.49999237060546875,0.0,3,-0.00151617,3.0,13978.7,137.093,-9.56116,-0.883681,-1.0,-1.0,-1.0,-1.0,-1.0,-1.0,-1.0,-1.0,-1.0,-1.0,-1.0,-1.0,-1.0,-1.0,-1.0,-1.0,-1.0,-1.0,-1.0,-1.12319,125.653,124.761,134.926,134.926
15.953029155731201,0.010468205173015594,0.9999847412109375,0.0,3,-0.00613434,3.0,13571.4,137.551,-8.9818,-0.611704,-1.0,-1.0,-1.0,-1.0,-1.0,-1.0,-1.0,-1.0,-1.0,-1.0,-1.0,-1.0,-1.0,-1.0,-1.0,-1.0,-1.0,-1.0,-1.0,-1.13128,126.38,125.43,131.122,131.122
15.96911907196045,0.009147271373166392,0.49999237060546875,0.0,3,-0.0112127,3.0,14404.9,137.874,-8.79076,-0.798344,-1.0,-1.0,-1.0,-1.0,-1.0,-1.0,-1.0,-1.0,-1.0,-1.0,-1.0,-1.0,-1.0,-1.0,-1.0,-1.0,-1.0,-1.0,-1.0,-1.13838,126.786,125.791,138.948,138.948
15.990164756774902,0.009126357262609528,0.49999237060546875,0.0,3,-0.0151704,3.0,14086.8,138.359,-8.70195,-1.2027,-1.0,-1.0,-1.0,-1.0,-1.0,-1.0,-1.0,-1.0,-1.0,-1.0,-1.0,-1.0,-1.0,-1.0,-1.0,-1.0,-1.0,-1.0,-1.0,-1.14481,126.856,126.211,136.142,136.142
16.01140022277832,0.00910272647377414,0.9999847412109375,0.0,3,-0.017742,3.0,13593.1,138.907,-8.11794,-1.01727,-1.0,-1.0,-1.0,-1.0,-1.0,-1.0,-1.0,-1.0,-1.0,-1.0,-1.0,-1.0,-1.0,-1.0,-1.0,-1.0,-1.0,-1.0,-1.0,-1.15051,127.301,126.731,131.759,131.759
16.03281545639038,0.01641140649875005,0.9999847412109375,0.0,3,-0.0192369,3.0,13962.7,139.552,-7.21568,-0.628386,-1.0,-1.0,-1.0,-1.0,-1.0,-1.0,-1.0,-1.0,-1.0,-1.0,-1.0,-1.0,-1.0,-1.0,-1.0,-1.0,-1.0,-1.0,-1.0,-1.15517,127.814,127.389,134.473,134.473
16.052765369415283,0.02798154873703917,0.49999237060546875,0.0,3,-0.0197089,3.0,14409.4,140.164,-6.47615,-0.69892,-1.0,-1.0,-1.0,-1.0,-1.0,-1.0,-1.0,-1.0,-1.0,-1.0,-1.0,-1.0,-1.0,-1.0,-1.0,-1.0,-1.0,-1.0,-1.0,-1.15893,128.16,128.144,138.856,138.856
16.073094367980957,0.037365361274455985,0.49999237060546875,0.0,3,-0.0191577,3.0,14126.7,140.626,-5.88703,-1.13574,-1.0,-1.0,-1.0,-1.0,-1.0,-1.0,-1.0,-1.0,-1.0,-1.0,-1.0,-1.0,-1.0,-1.0,-1.0,-1.0,-1.0,-1.0,-1.0,-1.16209,128.334,128.677,136.881,136.881
16.09277367591858,0.03982099660766311,0.9999847412109375,0.0,3,-0.0172871,3.0,13659.3,141.257,-5.01901,-1.26055,-1.0,-1.0,-1.0,-1.0,-1.0,-1.0,-1.0,-1.0,-1.0,-1.0,-1.0,-1.0,-1.0,-1.0,-1.0,-1.0,-1.0,-1.0,-1.0,-1.16473,128.4,129.32,131.886,131.886
16.10930585861206,0.03970691874171608,0.9999847412109375,0.0,3,-0.0158017,3.0,14059.9,141.855,-4.02696,-0.981817,-1.0,-1.0,-1.0,-1.0,-1.0,-1.0,-1.0,-1.0,-1.0,-1.0,-1.0,-1.0,-1.0,-1.0,-1.0,-1.0,-1.0,-1.0,-1.0,-1.1667,129.182,129.919,135.841,135.841
16.132980823516846,0.042274824269612626,0.49999237060546875,0.0,3,-0.0164416,3.0,14822.5,142.24,-3.44492,-1.08843,-1.0,-1.0,-1.0,-1.0,-1.0,-1.0,-1.0,-1.0,-1.0,-1.0,-1.0,-1.0,-1.0,-1.0,-1.0,-1.0,-1.0,-1.0,-1.0,-1.16802,130.225,130.344,142.662,142.662
16.153083562850952,0.042175526453653966,0.49999237060546875,0.0,3,-0.0186847,3.0,14479.9,142.728,-3.26563,-1.34722,-1.0,-1.0,-1.0,-1.0,-1.0,-1.0,-1.0,-1.0,-1.0,-1.0,-1.0,-1.0,-1.0,-1.0,-1.0,-1.0,-1.0,-1.0,-1.0,-1.1688,130.714,130.565,139.848,139.848
16.168494701385498,0.042084164323806766,0.9999847412109375,0.0,3,-0.0202606,3.0,14193.9,143.177,-3.11252,-1.66979,-1.0,-1.0,-1.0,-1.0,-1.0,-1.0,-1.0,-1.0,-1.0,-1.0,-1.0,-1.0,-1.0,-1.0,-1.0,-1.0,-1.0,-1.0,-1.0,-1.16917,130.898,130.973,137.763,137.763
16.193288564682007,0.041941932411193844,0.49999237060546875,0.0,3,-0.0223649,3.0,14498.4,143.876,-2.80753,-1.39566,-1.0,-1.0,-1.0,-1.0,-1.0,-1.0,-1.0,-1.0,-1.0,-1.0,-1.0,-1.0,-1.0,-1.0,-1.0,-1.0,-1.0,-1.0,-1.0,-1.16909,131.786,131.439,139.882,139.882
16.211498498916626,0.04179034045855204,0.9999847412109375,0.0,3,-0.0255111,3.0,13660.0,144.621,-2.55515,-0.82457,-1.0,-1.0,-1.0,-1.0,-1.0,-1.0,-1.0,-1.0,-1.0,-1.0,-1.0,-1.0,-1.0,-1.0,-1.0,-1.0,-1.0,-1.0,-1.0,-1.1684,132.659,132.023,132.166,132.166
16.231558561325073,0.03179072228729725,0.9999847412109375,0.0,3,-0.0278185,3.0,14461.0,145.012,-2.43983,-1.11464,-1.0,-1.0,-1.0,-1.0,-1.0,-1.0,-1.0,-1.0,-1.0,-1.0,-1.0,-1.0,-1.0,-1.0,-1.0,-1.0,-1.0,-1.0,-1.0,-1.16712,132.992,132.584,139.425,139.425
16.250892400741577,0.01434221748355776,0.49999237060546875,0.0,3,-0.0287593,3.0,14850.2,145.668,-2.27239,-1.33668,-1.0,-1.0,-1.0,-1.0,-1.0,-1.0,-1.0,-1.0,-1.0,-1.0,-1.0,-1.0,-1.0,-1.0,-1.0,-1.0,-1.0,-1.0,-1.0,-1.16549,133.148,133.173,143.626,143.626
16.27145743370056,0.006522175530893728,0.9999847412109375,0.0,3,-0.0290187,3.0,14025.9,146.487,-1.97397,-1.19678,-1.0,-1.0,-1.0,-1.0,-1.0,-1.0,-1.0,-1.0,-1.0,-1.0,-1.0,-1.0,-1.0,-1.0,-1.0,-1.0,-1.0,-1.0,-1.0,-1.16356,133.508,134.041,135.437,135.437
16.289750337600708,0.0037570266060903672,0.9999847412109375,0.0,3,-0.0290921,3.0,14450.1,147.057,-1.6151,-0.900316,-1.0,-1.0,-1.0,-1.0,-1.0,-1.0,-1.0,-1.0,-1.0,-1.0,-1.0,-1.0,-1.0,-1.0,-1.0,-1.0,-1.0,-1.0,-1.0,-1.16125,134.539,134.757,139.45,139.45
16.309431076049805,0.00300061492365785,0.49999237060546875,0.0,3,-0.0288766,3.0,15057.9,147.545,-1.35309,-0.958105,-1.0,-1.0,-1.0,-1.0,-1.0,-1.0,-1.0,-1.0,-1.0,-1.0,-1.0,-1.0,-1.0,-1.0,-1.0,-1.0,-1.0,-1.0,-1.0,-1.15865,135.131,135.301,145.401,145.401
16.332684755325317,0.0029949087828087307,0.49999237060546875,0.0,3,-0.0273278,3.0,14922.0,147.93,-1.0311,-1.6255,-1.0,-1.0,-1.0,-1.0,-1.0,-1.0,-1.0,-1.0,-1.0,-1.0,-1.0,-1.0,-1.0,-1.0,-1.0,-1.0,-1.0,-1.0,-1.0,-1.15588,135.225,135.83,144.215,144.215
16.35158896446228,0.002985719672869891,0.9999847412109375,0.0,3,-0.0251372,3.0,14368.2,148.55,-0.565695,-1.54261,-1.0,-1.0,-1.0,-1.0,-1.0,-1.0,-1.0,-1.0,-1.0,-1.0,-1.0,-1.0,-1.0,-1.0,-1.0,-1.0,-1.0,-1.0,-1.0,-1.15298,135.733,136.381,138.818,138.818
16.370490074157715,0.007503673145237069,0.9999847412109375,0.0,3,-0.0237907,3.0,14585.4,149.259,-0.250789,-1.0287,-1.0,-1.0,-1.0,-1.0,-1.0,-1.0,-1.0,-1.0,-1.0,-1.0,-1.0,-1.0,-1.0,-1.0,-1.0,-1.0,-1.0,-1.0,-1.0,-1.14995,136.512,136.882,140.867,140.867
16.389536380767822,0.015605450223733981,0.9999847412109375,0.0,3,-0.0228265,3.0,14993.3,149.887,-0.0554991,-0.997319,-1.0,-1.0,-1.0,-1.0,-1.0,-1.0,-1.0,-1.0,-1.0,-1.0,-1.0,-1.0,-1.0,-1.0,-1.0,-1.0,-1.0,-1.0,-1.0,-1.14684,137.068,137.468,144.69,144.69
16.411538124084473,0.022596849620342255,0.49999237060546875,0.0,3,-0.0204585,3.0,15491.1,150.476,0.321802,-1.31785,-1.0,-1.0,-1.0,-1.0,-1.0,-1.0,-1.0,-1.0,-1.0,-1.0,-1.0,-1.0,-1.0,-1.0,-1.0,-1.0,-1.0,-1.0,-1.0,-1.14367,137.314,138.066,149.875,149.875
16.431668996810913,0.035455993347801265,0.9999847412109375,0.0,3,-0.0181201,3.0,14605.5,151.325,0.676626,-1.28919,-1.0,-1.0,-1.0,-1.0,-1.0,-1.0,-1.0,-1.0,-1.0,-1.0,-1.0,-1.0,-1.0,-1.0,-1.0,-1.0,-1.0,-1.0,-1.0,-1.14048,137.57,138.795,141.425,141.425
16.450191259384155,0.040289071429570514,0.9999847412109375,0.0,3,-0.0175136,3.0,14919.9,151.999,0.807834,-0.957034,-1.0,-1.0,-1.0,-1.0,-1.0,-1.0,-1.0,-1.0,-1.0,-1.0,-1.0,-1.0,-1.0,-1.0,-1.0,-1.0,-1.0,-1.0,-1.0,-1.13728,138.768,139.373,143.687,143.687
16.469196319580078,0.04016861178398132,0.49999237060546875,0.0,3,-0.0177491,3.0,15340.5,152.591,0.829276,-0.894293,-1.0,-1.0,-1.0,-1.0,-1.0,-1.0,-1.0,-1.0,-1.0,-1.0,-1.0,-1.0,-1.0,-1.0,-1.0,-1.0,-1.0,-1.0,-1.0,-1.13404,139.707,139.855,147.946,147.946
16.492680549621582,0.04006951744715372,0.9999847412109375,0.0,3,-0.0174783,3.0,14991.3,153.078,0.88952,-1.3219,-1.0,-1.0,-1.0,-1.0,-1.0,-1.0,-1.0,-1.0,-1.0,-1.0,-1.0,-1.0,-1.0,-1.0,-1.0,-1.0,-1.0,-1.0,-1.0,-1.13074,139.976,140.384,145.034,145.034
16.511861085891724,0.03994580213546753,0.49999237060546875,0.0,3,-0.0169452,3.0,15435.9,153.686,0.999771,-1.33712,-1.0,-1.0,-1.0,-1.0,-1.0,-1.0,-1.0,-1.0,-1.0,-1.0,-1.0,-1.0,-1.0,-1.0,-1.0,-1.0,-1.0,-1.0,-1.0,-1.12742,140.498,140.869,149.175,149.175
16.531190395355225,0.03980153543154399,0.9999847412109375,0.0,3,-0.0175603,3.0,14641.3,154.395,0.94317,-0.911355,-1.0,-1.0,-1.0,-1.0,-1.0,-1.0,-1.0,-1.0,-1.0,-1.0,-1.0,-1.0,-1.0,-1.0,-1.0,-1.0,-1.0,-1.0,-1.0,-1.12406,141.42,141.39,141.831,141.831
16.550119638442993,0.039691860179901124,0.9999847412109375,0.0,3,-0.0191358,3.0,15188.8,154.934,0.717492,-0.804861,-1.0,-1.0,-1.0,-1.0,-1.0,-1.0,-1.0,-1.0,-1.0,-1.0,-1.0,-1.0,-1.0,-1.0,-1.0,-1.0,-1.0,-1.0,-1.0,-1.12069,142.029,141.863,146.439,146.439
16.570417165756226,0.03955980222384135,0.49999237060546875,0.0,3,-0.0196174,3.0,15589.6,155.583,0.661149,-1.03615,-1.0,-1.0,-1.0,-1.0,-1.0,-1.0,-1.0,-1.0,-1.0,-1.0,-1.0,-1.0,-1.0,-1.0,-1.0,-1.0,-1.0,-1.0,-1.0,-1.11727,142.326,142.437,150.554,150.554
16.588577270507812,0.03694634884519503,0.9999847412109375,0.0,3,-0.0200456,3.0,14803.5,156.326,0.636101,-0.945691,-1.0,-1.0,-1.0,-1.0,-1.0,-1.0,-1.0,-1.0,-1.0,-1.0,-1.0,-1.0,-1.0,-1.0,-1.0,-1.0,-1.0,-1.0,-1.0,-1.11381,142.795,143.134,143.286,143.286
16.611989736557007,0.036839138543084265,0.9999847412109375,0.0,3,-0.0214561,3.0,15261.0,156.888,0.490434,-0.657832,-1.0,-1.0,-1.0,-1.0,-1.0,-1.0,-1.0,-1.0,-1.0,-1.0,-1.0,-1.0,-1.0,-1.0,-1.0,-1.0,-1.0,-1.0,-1.0,-1.1103,143.692,143.662,147.24,147.24
16.63086700439453,0.03672963905302808,0.49999237060546875,0.0,3,-0.0229419,3.0,15729.5,157.462,0.34755,-0.673587,-1.0,-1.0,-1.0,-1.0,-1.0,-1.0,-1.0,-1.0,-1.0,-1.0,-1.0,-1.0,-1.0,-1.0,-1.0,-1.0,-1.0,-1.0,-1.0,-1.1067,144.356,144.179,151.778,151.778
16.649457931518555,0.03663005937740207,0.9999847412109375,0.0,3,-0.0235427,3.0,15310.1,157.984,0.319445,-1.06337,-1.0,-1.0,-1.0,-1.0,-1.0,-1.0,-1.0,-1.0,-1.0,-1.0,-1.0,-1.0,-1.0,-1.0,-1.0,-1.0,-1.0,-1.0,-1.0,-1.10301,144.62,144.776,148.121,148.121
16.672860383987427,0.03651083083857782,0.9999847412109375,0.0,3,-0.0240195,3.0,15709.1,158.609,0.357144,-0.971484,-1.0,-1.0,-1.0,-1.0,-1.0,-1.0,-1.0,-1.0,-1.0,-1.0,-1.0,-1.0,-1.0,-1.0,-1.0,-1.0,-1.0,-1.0,-1.0,-1.09921,145.224,145.282,151.69,151.69
16.691600799560547,0.03635650141792372,0.9999847412109375,0.0,3,-0.0251725,3.0,15789.4,159.418,0.304475,-0.609476,-1.0,-1.0,-1.0,-1.0,-1.0,-1.0,-1.0,-1.0,-1.0,-1.0,-1.0,-1.0,-1.0,-1.0,-1.0,-1.0,-1.0,-1.0,-1.0,-1.0953,146.002,145.879,152.531,152.531
16.71022605895996,0.03622239315745421,0.49999237060546875,0.0,3,-0.0264123,3.0,16101.4,160.121,0.199483,-0.674186,-1.0,-1.0,-1.0,-1.0,-1.0,-1.0,-1.0,-1.0,-1.0,-1.0,-1.0,-1.0,-1.0,-1.0,-1.0,-1.0,-1.0,-1.0,-1.0,-1.09125,146.608,146.584,155.277,155.277
16.733152627944946,0.03608446958374232,0.9999847412109375,0.0,3,-0.0266083,3.0,15321.5,160.844,0.25173,-0.700603,-1.0,-1.0,-1.0,-1.0,-1.0,-1.0,-1.0,-1.0,-1.0,-1.0,-1.0,-1.0,-1.0,-1.0,-1.0,-1.0,-1.0,-1.0,-1.0,-1.08711,147.046,147.282,148.347,148.347
16.751292943954468,0.03595722888710909,0.9999847412109375,0.0,3,-0.0271285,3.0,15646.7,161.511,0.267644,-0.504971,-1.0,-1.0,-1.0,-1.0,-1.0,-1.0,-1.0,-1.0,-1.0,-1.0,-1.0,-1.0,-1.0,-1.0,-1.0,-1.0,-1.0,-1.0,-1.0,-1.08286,147.659,147.899,151.072,151.072
16.7688729763031,0.035827699002530425,0.9999847412109375,0.0,3,-0.0281981,3.0,15932.8,162.19,0.21713,-0.347174,-1.0,-1.0,-1.0,-1.0,-1.0,-1.0,-1.0,-1.0,-1.0,-1.0,-1.0,-1.0,-1.0,-1.0,-1.0,-1.0,-1.0,-1.0,-1.0,-1.0785,148.447,148.513,153.75,153.75
16.791547775268555,0.0357086612293683,0.49999237060546875,0.0,3,-0.0290287,3.0,16345.7,162.814,0.188259,-0.514024,-1.0,-1.0,-1.0,-1.0,-1.0,-1.0,-1.0,-1.0,-1.0,-1.0,-1.0,-1.0,-1.0,-1.0,-1.0,-1.0,-1.0,-1.0,-1.0,-1.07402,149.018,149.113,157.721,157.721
16.81037950515747,0.031077274814015253,0.9999847412109375,0.0,3,-0.0293315,3.0,15725.4,163.427,0.241138,-0.680631,-1.0,-1.0,-1.0,-1.0,-1.0,-1.0,-1.0,-1.0,-1.0,-1.0,-1.0,-1.0,-1.0,-1.0,-1.0,-1.0,-1.0,-1.0,-1.0,-1.06942,149.496,149.729,152.208,152.208
16.832672357559204,0.024794493061105413,0.9999847412109375,0.0,3,-0.0344728,3.0,16088.3,164.064,0.24982,-0.532839,-1.0,-1.0,-1.0,-1.0,-1.0,-1.0,-1.0,-1.0,-1.0,-1.0,-1.0,-1.0,-1.0,-1.0,-1.0,-1.0,-1.0,-1.0,-1.0,-1.06452,150.189,150.277,155.338,155.338
16.850768089294434,0.0192269247682672,0.9999847412109375,0.0,3,-0.044453,3.0,16292.3,164.807,0.206904,-0.377592,-1.0,-1.0,-1.0,-1.0,-1.0,-1.0,-1.0,-1.0,-1.0,-1.0,-1.0,-1.0,-1.0,-1.0,-1.0,-1.0,-1.0,-1.0,-1.0,-1.05832,151.011,150.912,157.296,157.296
16.87191081047058,0.01158928161509335,0.49999237060546875,0.0,3,-0.0537904,3.0,16655.0,165.482,0.233999,-0.534053,-1.0,-1.0,-1.0,-1.0,-1.0,-1.0,-1.0,-1.0,-1.0,-1.0,-1.0,-1.0,-1.0,-1.0,-1.0,-1.0,-1.0,-1.0,-1.0,-1.0506,151.645,151.603,160.802,160.802
16.889177322387695,0.003402341434657573,0.9999847412109375,0.0,3,-0.0623282,3.0,15852.4,166.216,0.349338,-0.482111,-1.0,-1.0,-1.0,-1.0,-1.0,-1.0,-1.0,-1.0,-1.0,-1.0,-1.0,-1.0,-1.0,-1.0,-1.0,-1.0,-1.0,-1.0,-1.0,-1.04141,152.243,152.338,153.475,153.475
16.911505460739136,0.0,0.9999847412109375,0.0,3,-0.0699447,3.0,16191.7,166.887,0.415845,-0.299813,-1.0,-1.0,-1.0,-1.0,-1.0,-1.0,-1.0,-1.0,-1.0,-1.0,-1.0,-1.0,-1.0,-1.0,-1.0,-1.0,-1.0,-1.0,-1.0,-1.03086,152.833,153.004,156.332,156.332
16.933010578155518,-0.0007566011417905489,0.9999847412109375,0.0,3,-0.0772193,3.0,16455.7,167.622,0.51637,-0.375061,-1.0,-1.0,-1.0,-1.0,-1.0,-1.0,-1.0,-1.0,-1.0,-1.0,-1.0,-1.0,-1.0,-1.0,-1.0,-1.0,-1.0,-1.0,-1.0,-1.01901,153.43,153.719,159.026,159.026
16.951675176620483,-0.0020911345690768214,0.9999847412109375,0.0,3,-0.0845102,3.0,16419.7,168.599,0.609381,-0.420203,-1.0,-1.0,-1.0,-1.0,-1.0,-1.0,-1.0,-1.0,-1.0,-1.0,-1.0,-1.0,-1.0,-1.0,-1.0,-1.0,-1.0,-1.0,-1.0,-1.0059,154.202,154.495,158.654,158.654
16.968560695648193,-0.004077967113008102,0.9999847412109375,0.0,3,-0.0917133,3.0,16421.4,169.54,0.614833,-0.457416,15.1016,24.883,30.8175,36.9769,41.8049,44.6286,46.2638,47.7744,48.9014,50.0706,51.2831,52.5414,54.383,56.6087,61.1564,2.57494,0.439699,0.214802,0.0795746,-0.991524,155.1,155.315,158.652,158.652
16.99087119102478,-0.00575053302064538,0.9999847412109375,0.0,3,-0.0989135,3.0,16458.7,170.453,0.572758,-0.490975,14.9168,24.4912,30.3028,36.3403,41.0777,43.8509,45.4576,46.9422,48.0504,49.2002,50.3931,51.6316,53.4443,55.6362,60.1187,70.762,1.37689,0.631592,0.227531,-0.975986,155.976,156.135,158.996,158.996
17.012006282806396,-0.009970367769400279,0.9999847412109375,0.0,3,-0.106197,3.0,16517.0,171.351,0.517162,-0.522552,14.726,24.0925,29.7807,35.6949,40.3404,43.0623,44.64,46.098,47.187,48.3172,49.4903,50.7079,52.4913,54.6486,59.0638,69.5649,2.63585,1.11477,0.389526,-0.959282,156.818,156.954,159.555,159.555
17.02955150604248,-0.01531429892644286,0.9999847412109375,0.0,3,-0.113218,3.0,16581.4,172.243,0.463583,-0.544276,14.531,23.693,29.2599,35.0531,39.6084,42.2797,43.8287,45.2612,46.331,47.4418,48.5948,49.7924,51.5468,53.6703,58.0195,68.3805,4.42944,1.67003,0.565903,-0.941394,157.635,157.785,160.174,160.174
17.052115201950073,-0.020024452699190006,0.9999847412109375,0.0,3,-0.119572,3.0,16649.5,173.131,0.432118,-0.554971,14.3332,23.2985,28.7495,34.4272,38.897,41.5203,43.0424,44.4504,45.5025,46.5947,47.7292,48.9079,50.6352,52.7266,57.0138,67.2451,7.41379,2.30489,0.75602,-0.922394,158.427,158.633,160.831,160.831
17.068883657455444,-0.021656654590765635,0.9999847412109375,0.0,3,-0.125566,3.0,16724.1,174.012,0.438323,-0.561393,14.1341,22.913,28.2554,33.8258,38.2166,40.7957,42.2929,43.6788,44.7144,45.79,46.9077,48.0689,49.7716,51.8344,56.0661,66.1831,89.3496,3.02311,0.959595,-0.902331,159.197,159.49,161.548,161.548
17.09006428718567,-0.021548363934357963,0.9999847412109375,0.0,3,-0.131217,3.0,16800.1,174.892,0.489902,-0.563954,13.9335,22.5353,27.7755,33.2459,37.5635,40.1022,41.5769,42.9421,43.9628,45.0234,46.1256,47.2714,48.9517,50.9885,55.1707,65.1873,88.2056,3.83295,1.17649,-0.8812,159.964,160.344,162.283,162.283
17.110389471054077,-0.027013103791074827,0.9999847412109375,0.0,3,-0.13614,3.0,16876.1,175.769,0.569571,-0.562716,13.7301,22.1601,27.3022,32.6771,36.9249,39.4251,40.8781,42.2243,43.231,44.2772,45.3648,46.4959,48.1556,50.168,54.3041,64.2294,87.1183,4.74323,1.40609,-0.859057,160.742,161.183,163.018,163.018
17.13146185874939,-0.037541034822463994,0.9999847412109375,0.0,3,-0.140804,3.0,16954.5,176.641,0.647232,-0.561601,13.5241,21.7884,26.8365,32.1203,36.3021,38.7661,40.199,41.5271,42.5206,43.5535,44.6278,45.7449,47.3854,49.3755,53.4695,63.3131,86.096,5.76553,1.64846,-0.835945,161.512,162.015,163.773,163.773
17.14903235435486,-0.04711411005631089,0.9999847412109375,0.0,3,-0.144953,3.0,17034.3,177.509,0.734598,-0.563732,13.3183,21.4294,26.3921,31.5951,35.7193,38.1522,39.5681,40.8808,41.8633,42.8852,43.9483,45.0544,46.6789,48.6512,52.7123,62.496,85.2257,6.89477,1.90169,-0.811928,162.243,162.86,164.544,164.544
17.171640872955322,-0.049482109329858796,0.9999847412109375,0.0,3,-0.148076,3.0,17114.2,178.373,0.875993,-0.565787,13.115,21.0895,25.979,31.1151,35.1937,37.6028,39.0056,40.3072,41.2817,42.2957,43.351,44.4493,46.0634,48.024,52.0649,61.8214,84.5734,8.11883,2.1637,-0.787086,162.945,163.727,165.316,165.316
17.192818880081177,-0.05189543772876263,0.9999847412109375,0.0,3,-0.15044,3.0,17195.0,179.232,1.08193,-0.568213,12.9131,20.7641,25.5905,30.6707,34.7132,37.1043,38.4982,39.7916,40.7607,41.7691,42.8193,43.9126,45.5207,47.4745,51.5071,61.2627,84.1037,9.43633,2.43373,-0.761523,163.658,164.587,166.095,166.095
17.209676027297974,-0.0516359119170159,0.9999847412109375,0.0,3,-0.152394,3.0,17277.3,180.086,1.30741,-0.574491,12.7111,20.4471,25.2163,30.2483,34.2609,36.638,38.0249,39.3126,40.2777,41.2829,42.3295,43.4202,45.0247,46.9761,51.0069,60.7808,83.758,10.8515,2.71082,-0.735278,164.381,165.419,166.891,166.891
17.2308669090271,-0.05137699389405549,0.9999847412109375,0.0,3,-0.153951,3.0,17357.8,180.938,1.53786,-0.580454,12.5079,20.1337,24.8493,29.837,33.8235,36.1889,37.57,38.8533,39.8157,40.8181,41.8628,42.9517,44.5542,46.5052,50.5392,60.3448,83.4887,12.3753,2.9944,-0.708417,165.124,166.231,167.67,167.67
17.25146508216858,-0.051118987554274506,0.9999847412109375,0.0,3,-0.155171,3.0,17436.6,181.787,1.74965,-0.585318,12.3023,19.8186,24.4808,29.4249,33.3859,35.7401,37.1154,38.3948,39.3547,40.3548,41.3977,42.4851,44.0864,46.0375,50.0766,59.9172,83.2434,14.0332,3.28477,-0.68099,165.886,167.024,168.431,168.431
17.26943826675415,-0.0508621967920661,0.9999847412109375,0.0,3,-0.156399,3.0,17515.8,182.632,1.92774,-0.591863,12.0938,19.4994,24.1074,29.007,32.9417,35.2839,36.6541,37.929,38.886,39.8837,40.9245,42.0104,43.6104,45.5612,49.6048,59.4818,82.9941,15.8522,3.58114,-0.653061,166.654,167.8,169.197,169.197
17.290793895721436,-0.05060570992425084,0.9999847412109375,0.0,3,-0.157624,3.0,17592.8,183.476,2.07284,-0.597932,11.8826,19.1758,23.7282,28.5814,32.4887,34.8184,36.1824,37.4528,38.4066,39.4018,40.4404,41.5242,43.1228,45.0728,49.1207,59.032,82.7326,17.8671,3.88337,-0.624659,167.425,168.569,169.942,169.942
17.309252738952637,-0.050349526950828734,0.9999847412109375,0.0,3,-0.158574,3.0,17668.2,184.319,2.18782,-0.602394,11.6687,18.8477,23.3431,28.1481,32.0262,34.3425,35.7002,36.9651,37.9157,38.908,39.9438,41.0258,42.622,44.5707,48.6213,58.5658,82.4544,20.127,4.19094,-0.595843,168.198,169.337,170.671,170.671
17.330111980438232,-0.05273080555859332,0.9999847412109375,0.0,3,-0.159603,3.0,17743.8,185.158,2.27885,-0.607033,11.4524,18.5146,22.9508,27.7054,31.5524,33.854,35.2045,36.4636,37.4104,38.3991,39.4317,40.5109,42.104,44.0512,48.1026,58.0773,82.152,22.7219,4.50353,-0.566658,168.974,170.102,171.401,171.401
17.349006175994873,-0.05791054917848669,0.9999847412109375,0.0,3,-0.160645,3.0,17818.4,185.995,2.34067,-0.611786,11.234,18.1786,22.5547,27.2575,31.0724,33.3589,34.7018,35.9548,36.8977,37.8825,38.9118,39.9882,41.5781,43.5228,47.5752,57.579,81.8498,25.7785,4.82073,-0.537099,169.736,170.863,172.122,172.122
17.371546506881714,-0.06624759915724396,0.9999847412109375,0.0,3,-0.161258,3.0,17892.7,186.829,2.39452,-0.615326,11.015,17.8442,22.1617,26.8149,30.5993,32.8719,34.208,35.4557,36.3951,37.3768,38.4034,39.4774,41.0651,43.0089,47.0651,57.1072,81.6043,29.4903,5.14058,-0.507215,170.476,171.633,172.841,172.841
17.391984701156616,-0.08155581795754221,0.9999847412109375,0.0,3,-0.161499,3.0,17968.7,187.657,2.46128,-0.618477,10.7971,17.517,21.7808,26.3899,30.1491,32.4109,33.7424,34.9865,35.9237,36.9042,37.9299,39.0033,40.5913,42.5374,46.6046,56.7039,81.4902,34.3597,5.46083,-0.477079,171.184,172.414,173.573,173.573
17.41001868247986,-0.08445618813738229,0.9999847412109375,0.0,3,-0.161098,3.0,18047.0,188.476,2.56086,-0.622154,10.5829,17.206,21.4255,26.0024,29.7472,32.0052,33.3359,34.5806,35.5187,36.5008,37.5288,38.6054,40.1998,42.1548,46.2474,56.4425,81.6358,135.387,5.77742,-0.446747,171.831,173.197,174.328,174.328
17.431124210357666,-0.08739322673971764,0.9999847412109375,0.0,3,-0.159837,3.0,18126.9,189.287,2.75244,-0.625066,10.3728,16.9114,21.0964,25.6537,29.3954,31.6569,32.9916,34.241,35.1835,36.1704,37.2046,38.2885,39.8946,41.8663,46.0002,56.333,82.0733,135.297,6.08826,-0.416293,172.49,174.012,175.1,175.1
17.450254678726196,-0.0869554802753652,0.9999847412109375,0.0,3,-0.158041,3.0,18207.4,190.092,2.98441,-0.62756,10.1653,16.6275,20.7845,25.3305,29.0769,31.3473,32.6889,33.946,34.8954,35.8899,36.9328,38.0267,39.6486,41.6431,45.8309,56.3325,82.7502,135.268,6.39405,-0.385793,173.161,174.8,175.878,175.878
17.47284698486328,-0.08652099651757937,0.9999847412109375,0.0,3,-0.155979,3.0,18287.7,190.891,3.2341,-0.630419,9.95964,16.3496,20.4827,25.0224,28.7786,31.0607,32.4116,33.6787,34.6362,35.6404,36.6941,37.7999,39.4412,41.4614,45.7118,56.4079,83.6231,135.258,6.69493,-0.355283,173.85,175.566,176.655,176.655
17.49160885810852,-0.0860876003286491,0.9999847412109375,0.0,3,-0.153668,3.0,18366.4,191.688,3.47255,-0.632926,9.75483,16.0742,20.1843,24.7199,28.4883,30.7843,32.1454,33.4236,34.3903,35.4051,36.4705,37.5892,39.2524,41.3011,45.6195,56.5267,84.6521,135.233,6.99178,-0.324809,174.552,176.31,177.415,177.415
17.51017951965332,-0.08565637927742985,0.9999847412109375,0.0,3,-0.151232,3.0,18443.1,192.481,3.68554,-0.635115,9.5503,15.7982,19.8852,24.4164,28.1974,30.5079,31.8795,33.1695,34.1457,35.1714,36.2491,37.3817,39.067,41.1458,45.5358,56.6644,85.8039,135.172,7.28514,-0.294434,175.268,177.038,178.157,178.157
17.52895426750183,-0.08522624579506616,0.9999847412109375,0.0,3,-0.148865,3.0,18518.1,193.272,3.86171,-0.63713,9.34615,15.5208,19.5831,24.1087,27.9017,30.2262,31.6087,32.9099,33.8959,34.9328,36.0224,37.1697,38.8773,40.9863,45.4503,56.807,87.0662,135.064,7.57486,-0.264201,175.989,177.753,178.883,178.883
17.549079179763794,-0.084797199881558,0.9999847412109375,0.0,3,-0.14651,3.0,18591.1,194.061,4.00285,-0.638971,9.14227,15.2409,19.2765,23.7944,27.5977,29.9356,31.3283,32.6409,33.6367,34.6838,35.7864,36.9472,38.6777,40.8178,45.3556,56.9451,88.4306,134.906,7.86141,-0.234126,176.717,178.464,179.589,179.589
17.568883419036865,-0.08767708845332266,0.9999847412109375,0.0,3,-0.144132,3.0,18662.4,194.849,4.10661,-0.640711,8.93878,14.9588,18.9654,23.4728,27.2846,29.6346,31.0374,32.3609,33.3658,34.4237,35.5385,36.713,38.4658,40.636,45.2489,57.0744,89.9009,134.698,8.14448,-0.204267,177.445,179.169,180.279,180.279
17.588610649108887,-0.0872334785865744,0.9999847412109375,0.0,3,-0.141821,3.0,18732.6,195.634,4.17702,-0.64174,8.73614,14.6761,18.6523,23.1479,26.967,29.3294,30.7419,32.0763,33.0901,34.1591,35.2858,36.4746,38.2502,40.4521,45.1408,57.211,91.5248,134.452,8.42352,-0.174632,178.16,179.869,180.958,180.958
17.609609842300415,-0.08679099893604715,0.9999847412109375,0.0,3,-0.139491,3.0,18802.3,196.417,4.23652,-0.642701,8.53487,14.3935,18.3385,22.8214,26.6478,29.0223,30.4446,31.7896,32.8136,33.8931,35.0331,36.2357,38.0347,40.2689,45.0363,57.3602,93.3408,134.174,8.69767,-0.145246,178.881,180.583,181.631,181.631
17.63099455833435,-0.08635021460985143,0.9999847412109375,0.0,3,-0.137074,3.0,18870.9,197.197,4.27949,-0.643941,8.33491,14.1108,18.0232,22.4921,26.3247,28.711,30.143,31.4995,32.5329,33.6234,34.7758,35.9934,37.8161,40.0833,44.9321,57.5181,95.3635,133.863,8.96713,-0.116155,179.601,181.293,182.296,182.296
17.652724266052246,-0.08591056049987675,0.9999847412109375,0.0,3,-0.134741,3.0,18934.0,197.975,4.30692,-0.644099,8.13618,13.8278,17.7061,22.1591,25.9967,28.3947,29.8359,31.2036,32.2457,33.3478,34.5125,35.7447,37.5921,39.8928,44.8249,57.6795,97.6113,57.0994,9.23217,-0.0873566,180.326,182.002,182.907,182.907
17.669955492019653,-0.08547429703856507,0.9999847412109375,0.0,3,-0.132455,3.0,18994.8,198.747,4.31537,-0.644162,7.93899,13.5448,17.3872,21.8223,25.6638,28.0716,29.5228,30.9006,31.9528,33.0656,34.2431,35.4898,37.3617,39.696,44.7124,57.8441,100.115,55.3067,9.49252,-0.058876,181.046,182.706,183.496,183.496
17.691404581069946,-0.08504198933402697,0.9999847412109375,0.0,3,-0.130112,3.0,19054.7,199.512,4.30933,-0.644837,7.74317,13.2612,17.0661,21.481,25.3246,27.7422,29.2023,30.5904,31.6516,32.7752,33.9652,35.2272,37.123,39.4917,44.5938,58.0077,102.31,54.3935,9.74849,-0.0307159,181.765,183.405,184.075,184.075
17.713574409484863,-0.08461307227815193,0.9999847412109375,0.0,3,-0.127871,3.0,19113.0,200.271,4.28579,-0.643958,7.54889,12.9775,16.7428,21.1359,24.9796,27.4066,28.8745,30.2727,31.3428,32.4768,33.6797,34.956,36.8762,39.2794,44.4678,58.1712,103.637,53.8204,9.99986,-0.00289663,182.478,184.098,184.638,184.638
17.730113744735718,-0.08418811097905039,0.9999847412109375,0.0,3,-0.125665,3.0,19171.5,201.023,4.25236,-0.642883,7.3565,12.6945,16.4192,20.7883,24.6311,27.0664,28.5428,29.9512,31.0299,32.1747,33.3898,34.681,36.6261,39.0639,44.3413,58.3432,104.544,53.3815,10.2464,0.0245819,183.182,184.787,185.203,185.203
17.748971939086914,-0.08376710543672244,0.9999847412109375,0.0,3,-0.12338,3.0,19229.7,201.768,4.2155,-0.64277,7.16597,12.4125,16.0952,20.4385,24.2794,26.7226,28.2071,29.625,30.713,31.8681,33.0964,34.402,36.3724,38.8461,44.215,58.5247,105.187,53.0343,10.4879,0.0516968,183.882,185.473,185.766,185.766
17.771644353866577,-0.08334949054305751,0.9999847412109375,0.0,3,-0.121164,3.0,19286.3,202.507,4.17067,-0.640692,6.97738,12.1314,15.7708,20.0875,23.9253,26.3754,27.8676,29.2952,30.392,31.5581,32.7989,34.1203,36.1158,38.6261,44.0886,58.7186,105.641,52.742,10.7246,0.0784429,184.575,186.153,186.314,186.314
17.788654565811157,-0.08293526629805564,0.9999847412109375,0.0,4,-0.118975,3.0,19343.4,203.24,4.12494,-0.638352,6.79081,11.8516,15.447,19.7351,23.5683,26.0258,27.5258,28.9633,30.069,31.2456,32.4992,33.8362,35.8578,38.4057,43.965,58.9464,105.954,52.4788,10.956,0.104833,185.264,186.83,186.865,186.865
17.813673734664917,-0.08281094251374403,0.9999847412109375,0.0,4,-0.11696,4.0,15668.1,203.46,3.94712,-0.636357,6.60563,11.5685,15.1147,19.3672,23.1889,25.6492,27.1537,28.5982,29.7108,30.8968,32.1613,33.5112,35.5558,38.1373,43.7853,59.1258,106.075,52.4674,11.1856,0.130773,185.863,187.368,179.073,180.408
17.83119535446167,-0.07985800592415034,0.9999847412109375,0.0,4,-0.115325,4.0,15639.7,203.144,3.65479,-0.634597,6.42266,11.283,14.7743,18.9827,22.7853,25.2416,26.7482,28.1963,29.313,30.5048,31.7772,33.1374,35.2,37.8088,43.535,59.2291,106.02,52.7076,11.4131,0.156123,185.907,187.303,178.511,179.897
17.848769426345825,-0.08003745478531346,0.9999847412109375,0.0,4,-0.113283,4.0,15020.1,202.814,3.47024,-0.632266,6.2456,11.0113,14.4549,18.629,22.4216,24.8817,26.3938,27.8504,28.975,30.1768,31.4621,32.8358,34.9245,37.5708,43.3952,59.5459,106.022,52.5263,11.6269,0.180888,185.642,187.085,177.706,179.345
17.872826099395752,-0.07997002551627035,0.9999847412109375,0.0,4,-0.110609,4.0,15545.9,202.938,3.43394,-0.62366,6.0748,10.7554,14.1596,18.3121,22.1084,24.5821,26.1066,27.5773,28.7149,29.9321,31.2353,32.6309,34.7553,37.4522,43.4052,60.1605,106.104,51.9159,11.8253,0.205104,185.41,186.964,184.649,184.649
17.890913724899292,-0.07968018841627054,0.9999847412109375,0.0,4,-0.107466,4.0,15617.7,203.471,3.54238,-0.602643,5.90908,10.5128,13.8856,18.0283,21.8409,24.3378,25.8806,27.3725,28.5283,29.7664,31.0935,32.5171,34.6882,37.4495,43.564,61.1089,106.243,51.0122,12.0095,0.228861,185.664,187.341,185.567,185.567
17.914209842681885,-0.07937784427443209,0.9999847412109375,0.0,4,-0.104189,4.0,15653.3,204.027,3.67179,-0.58388,5.74647,10.2754,13.6187,17.7545,21.5881,24.1113,25.6752,27.1907,28.3666,29.6279,30.9821,32.4372,34.6586,37.4923,43.7835,62.2765,106.341,50.1258,12.1854,0.252192,186.11,187.83,185.998,185.998
17.9332435131073,-0.08217519588942329,0.9999847412109375,0.0,4,-0.101079,4.0,15683.9,204.585,3.74555,-0.567594,5.5855,10.0356,13.3449,17.4677,21.3166,23.863,25.4456,26.9828,28.1772,29.4605,30.8408,32.3254,34.597,37.4995,43.9647,63.5011,106.318,49.4595,12.3594,0.275065,186.624,188.301,186.363,186.363
17.950773000717163,-0.0818593004556497,0.9999847412109375,0.0,4,-0.0983999,4.0,15714.2,205.144,3.72465,-0.552167,5.42574,9.79107,13.0599,17.1597,21.0135,23.5755,25.1734,26.728,27.9382,29.2406,30.6427,32.1533,34.47,37.436,44.0619,64.7047,106.153,49.0326,12.5335,0.29746,187.156,188.747,186.721,186.721
17.973848819732666,-0.0784680929267779,0.9999847412109375,0.0,4,-0.0960859,4.0,15749.1,205.7,3.64227,-0.543184,5.26737,9.54293,12.7653,16.8327,20.6811,23.2527,24.8613,26.4293,27.6522,28.9702,30.3913,31.925,34.2805,37.3026,44.0773,65.8829,105.868,48.7799,12.7078,0.319387,187.699,189.203,187.133,187.133
17.992741107940674,-0.08123146534487605,0.9999847412109375,0.0,4,-0.0940469,4.0,15787.6,206.255,3.5288,-0.543567,5.11054,9.29171,12.4615,16.4874,20.3215,22.8956,24.5103,26.0876,27.3207,28.6505,30.0868,31.6398,34.0284,37.1007,44.0103,67.0317,105.477,48.6601,12.882,0.340846,188.258,189.676,187.589,187.589
18.010019063949585,-0.07786557978081206,0.9999847412109375,0.0,4,-0.0922025,4.0,15827.3,206.808,3.38884,-0.546659,4.95603,9.04101,12.1559,16.1357,19.95,22.5236,24.1427,25.7276,26.9682,28.3091,29.7596,31.3294,33.75,36.8695,43.9099,68.2644,105.024,48.573,13.0534,0.361857,188.79,190.154,188.06,188.06
18.029635906219482,-0.0775664983455402,0.9999847412109375,0.0,4,-0.0903209,4.0,15870.9,207.358,3.28373,-0.553367,4.80439,8.79439,11.8547,15.7884,19.5833,22.1565,23.7803,25.374,26.623,27.9753,29.4406,31.0294,33.4825,36.6527,43.833,69.7378,104.549,48.4425,13.2193,0.382456,189.317,190.671,188.576,188.576
18.049509048461914,-0.08029734163820744,0.9999847412109375,0.0,4,-0.0882562,4.0,15914.3,207.908,3.21463,-0.562474,4.65583,8.55315,11.5604,15.4505,19.2292,21.8047,23.4354,25.0388,26.2983,27.6643,29.1465,30.7564,33.247,36.4743,43.8248,71.583,104.073,48.2365,13.3782,0.402654,189.824,191.194,189.094,189.094
18.07395839691162,-0.07696833547499653,0.9999847412109375,0.0,4,-0.0860007,4.0,15954.2,208.458,3.17777,-0.561106,4.5109,8.31906,11.2765,15.1282,18.8968,21.4799,23.1207,24.7375,26.0109,27.3938,28.8969,30.5324,33.0685,36.3624,43.9353,73.9903,103.611,47.9295,13.5281,0.422434,190.313,191.723,189.568,189.568
18.092881202697754,-0.07667034160858019,0.9999847412109375,0.0,4,-0.0835503,4.0,15995.9,209.006,3.18792,-0.558666,4.36928,8.09139,11.0017,14.819,18.5823,21.1774,22.8313,24.4657,25.7552,27.1581,28.6862,30.3518,32.9397,36.3093,44.1661,77.0769,103.155,47.5529,13.6701,0.441803,190.811,192.258,190.063,190.063
18.111473560333252,-0.07936717368831236,0.9999847412109375,0.0,4,-0.0809735,4.0,16036.2,209.554,3.20892,-0.556231,4.23069,7.86841,10.7328,14.5174,18.2781,20.8873,22.5564,24.21,25.5177,26.9427,28.4983,30.1964,32.8408,36.2944,44.5017,79.3972,102.687,47.1465,13.8055,0.460739,191.308,192.772,190.545,190.545
18.13094425201416,-0.07607489766017535,0.9999847412109375,0.0,4,-0.0783351,4.0,16074.5,210.101,3.22539,-0.545105,4.09541,7.65066,10.4702,14.2241,17.9855,20.6116,22.2981,23.9739,25.3019,26.7521,28.3373,30.0722,32.78,36.3236,44.9642,80.5905,102.208,46.7107,13.9341,0.479233,191.799,193.28,190.999,190.999
18.14999032020569,-0.07577799136261455,0.9999847412109375,0.0,4,-0.0756481,4.0,16114.0,210.647,3.25381,-0.533864,3.96317,7.43684,10.2121,13.9362,17.6995,20.344,22.049,23.7484,25.0982,26.5747,28.1928,29.9668,32.7419,36.3839,45.5512,81.3367,101.708,46.269,14.0571,0.497274,192.305,193.79,191.467,191.467
18.169124126434326,-0.07844152660330136,0.9999847412109375,0.0,4,-0.0729902,4.0,16152.4,211.192,3.26473,-0.523676,3.83377,7.22624,9.95658,13.6489,17.4131,20.0751,21.7991,23.5223,24.8946,26.3985,28.0499,29.8643,32.7094,36.4627,46.2469,81.7956,101.173,45.8442,14.1755,0.514842,192.812,194.283,191.927,191.927
18.193720817565918,-0.07518526633634853,0.9999847412109375,0.0,4,-0.0703653,4.0,16190.5,211.737,3.25544,-0.506265,3.70761,7.01985,9.70514,13.3662,17.1308,19.8123,21.5567,23.3053,24.7002,26.2339,27.9206,29.778,32.6968,36.6,47.1013,82.0761,100.615,45.4195,14.2889,0.531937,193.312,194.775,192.378,192.378
18.210522174835205,-0.07489053517649881,0.9999847412109375,0.0,4,-0.0677245,4.0,16230.4,212.279,3.25599,-0.49254,3.58461,6.8175,9.45801,13.0868,16.8525,19.5545,21.3194,23.0944,24.5143,26.078,27.8026,29.7046,32.7015,36.8023,48.1383,82.2167,100.032,44.998,14.3971,0.548553,193.822,195.276,192.851,192.851
18.229569911956787,-0.07459526023222134,0.9999847412109375,0.0,4,-0.0651372,4.0,16269.1,212.822,3.24336,-0.481527,3.4647,6.61851,9.21344,12.8092,16.5747,19.2964,21.082,22.8836,24.3285,25.9241,27.6868,29.6356,32.7204,37.0627,49.3723,82.2338,99.4166,44.5915,14.5013,0.564682,194.329,195.764,193.313,193.313
18.250141143798828,-0.060573103496183944,0.9999847412109375,0.0,4,-0.0626014,4.0,16308.3,213.364,3.22069,-0.465008,3.34809,6.42417,8.97393,12.5358,16.3016,19.0433,20.8508,22.6805,24.152,25.7806,27.5844,29.5823,32.7884,37.4093,50.8797,82.1611,98.7783,44.1861,14.6005,0.580322,194.835,196.259,193.776,193.776
18.276360034942627,-0.05523157236367465,0.9999847412109375,0.0,4,-0.0601319,4.0,16351.6,213.962,3.20755,-0.453697,3.22244,6.21002,8.70496,12.2203,15.9736,18.7285,20.5538,22.4078,23.9041,25.5641,27.407,29.4536,32.8219,37.7635,52.6554,81.9059,97.9981,43.8194,14.7108,0.597,195.456,196.801,194.292,194.292
18.296802520751953,-0.054985941721647974,0.9999847412109375,0.0,4,-0.0583323,4.0,16391.3,214.567,3.1046,-0.441381,3.09845,5.99157,8.42255,11.8734,15.5909,18.3404,20.1708,22.0366,23.5473,25.2265,27.096,29.1896,32.7148,37.9589,54.3137,81.4291,97.1012,43.585,14.8273,0.613169,196.095,197.301,194.765,194.765
18.317121267318726,-0.05474071708068252,0.9999847412109375,0.0,4,-0.0569575,4.0,16432.8,215.171,2.93648,-0.427183,2.97653,5.7722,8.13414,11.5089,15.1749,17.9061,19.7324,21.6017,23.1192,24.8106,26.6989,28.8501,32.5229,38.0678,55.9966,80.8124,96.128,43.4196,14.9462,0.628896,196.703,197.812,195.258,195.258
18.337545156478882,-0.054495492439717054,0.9999847412109375,0.0,4,-0.0556644,4.0,16475.3,215.775,2.77496,-0.418879,2.85739,5.55564,7.84728,11.1425,14.7517,17.4595,19.2793,21.1487,22.671,24.3716,26.2819,28.5034,32.3326,38.2065,57.9854,80.1296,95.1197,43.261,15.0632,0.644196,197.281,198.35,195.764,195.764
18.361380577087402,-0.05424945579662919,0.9999847412109375,0.0,4,-0.0544398,4.0,16516.1,216.381,2.63731,-0.401482,2.7411,5.34346,7.5645,10.7794,14.3285,17.0123,18.8247,20.6921,22.2179,23.9277,25.8785,28.1767,32.1816,38.4317,60.4883,79.4079,94.0913,43.0897,15.1765,0.659088,197.853,198.905,196.246,196.246
18.38319706916809,-0.05160501830185763,0.9999847412109375,0.0,4,-0.0531495,4.0,16559.9,216.983,2.53188,-0.388128,2.6275,5.13545,7.28713,10.4213,13.9117,16.5697,18.3745,20.2417,21.7722,23.4967,25.5051,27.8915,32.0997,38.7966,62.51,78.6623,93.0523,42.8947,15.2857,0.673635,198.411,199.463,196.766,196.766
18.403756141662598,-0.04675569317350164,0.9999847412109375,0.0,4,-0.0518616,4.0,16601.5,217.586,2.45713,-0.374013,2.51647,4.93132,7.01362,10.0669,13.4961,16.1282,17.9245,19.7909,21.3252,23.082,25.1558,27.6417,32.0841,39.3114,63.1292,77.886,91.997,42.6846,15.3912,0.687826,198.975,200.019,197.263,197.263
18.42904019355774,-0.046542772462824365,0.9999847412109375,0.0,4,-0.0507725,4.0,16644.7,218.189,2.39145,-0.354191,2.40704,4.72817,6.73915,9.70642,13.0662,15.6653,17.4481,19.3078,20.8474,22.6461,24.7853,27.3744,32.0658,39.8872,63.2336,77.0464,90.9023,42.4928,15.4967,0.701721,199.561,200.567,197.774,197.774
18.447577953338623,-0.04412422271748384,0.9999847412109375,0.0,4,-0.0497964,4.0,16688.8,218.791,2.30726,-0.34166,2.29944,4.52631,6.46406,9.33982,12.6225,15.1813,16.9462,18.7944,20.35,22.1883,24.3941,27.0881,32.0473,40.5364,63.0538,76.1489,89.7707,42.3166,15.6023,0.715332,200.135,201.101,198.299,198.299
18.47162175178528,-0.04177883585481905,0.9999847412109375,0.0,4,-0.0490006,4.0,16729.6,219.395,2.22589,-0.319112,2.19319,4.32546,6.18824,8.96814,12.1665,14.678,16.4199,18.258,19.8348,21.7118,23.9835,26.7877,32.0363,41.2895,62.6857,75.2001,88.6051,42.152,15.7081,0.728699,200.717,201.645,198.783,198.783
18.490627765655518,-0.04158658379441748,0.9999847412109375,0.0,4,-0.0483487,4.0,16773.7,219.996,2.14216,-0.301004,2.08841,4.12539,5.9117,8.5911,11.6965,14.1535,15.8665,17.7018,19.2973,21.2108,23.5468,26.4645,32.0212,42.1442,62.1679,74.1989,87.4033,42.0014,15.8147,0.741847,201.295,202.183,199.307,199.307
18.51618719100952,-0.04139369196010444,0.9999847412109375,0.0,4,-0.0477822,4.0,16815.1,220.599,2.05624,-0.283944,1.98482,3.92664,5.63512,8.21058,11.2176,13.614,15.297,17.137,18.7494,20.6988,23.1018,26.1393,32.0403,43.1929,61.5496,73.1604,86.1756,41.8528,15.921,0.754801,201.863,202.725,199.801,199.801
18.53958511352539,-0.041201759786658604,0.9999847412109375,0.0,4,-0.047272,4.0,16858.4,221.199,1.9832,-0.26007,1.88245,3.72935,5.35976,7.82964,10.7342,13.0669,14.7286,16.573,18.2034,20.1912,22.6682,25.8406,32.1403,44.5665,60.864,72.0967,84.93,41.6956,16.0259,0.767583,202.426,203.275,200.314,200.314
18.55878758430481,-0.041010787274080016,0.9999847412109375,0.0,4,-0.0467094,4.0,16903.0,221.796,1.92642,-0.245177,1.78128,3.53398,5.08641,7.44935,10.249,12.5166,14.1668,16.0175,17.6674,19.6981,22.2582,25.5851,32.3606,46.4208,60.1282,71.0138,83.6702,41.5259,16.1292,0.780202,202.979,203.823,200.844,200.844
18.582837104797363,-0.040819494874545684,0.9999847412109375,0.0,4,-0.0461515,4.0,16943.8,222.394,1.88028,-0.219355,1.68112,3.34011,4.81462,7.07011,9.76272,11.9736,13.6145,15.4726,17.1459,19.2263,21.8829,25.3935,32.7538,48.8404,59.353,69.9159,82.3992,41.3403,16.226,0.792684,203.531,204.375,201.329,201.329
18.60162115097046,-0.04062980190979007,0.9999847412109375,0.0,4,-0.0455201,4.0,16988.3,222.987,1.85225,-0.198573,1.58212,3.14835,4.54508,6.69269,9.27663,11.4441,13.0776,14.9466,16.6474,18.7876,21.5597,25.2943,33.3975,49.5737,58.5491,68.8073,81.1202,41.1357,16.3135,0.805023,204.076,204.925,201.857,201.857
18.625025749206543,-0.04251339551190536,0.9999847412109375,0.0,4,-0.044844,4.0,17029.8,223.581,1.83576,-0.178522,1.48428,2.95836,4.2777,6.31677,8.79497,10.9276,12.5548,14.4385,16.1735,18.3837,21.2958,25.3063,34.3717,49.6176,57.7155,67.6864,79.8318,40.9145,16.3918,0.817205,204.619,205.472,202.352,202.352
18.649562120437622,-0.051087113530933856,0.9999847412109375,0.0,4,-0.0440667,4.0,17073.5,224.17,1.82398,-0.151323,1.38766,2.77086,4.01333,5.94445,8.33159,10.4332,12.0592,13.9656,15.7454,18.046,21.1366,25.5064,35.9025,49.4253,56.8717,66.5655,78.5431,40.6659,16.4598,0.829239,205.151,206.025,202.87,202.87
18.668132543563843,-0.06291949745853122,0.9999847412109375,0.0,4,-0.0428193,4.0,17118.6,224.754,1.83873,-0.13377,1.29297,2.58798,3.75724,5.58723,7.90853,9.99556,11.6371,13.5921,15.4473,17.8911,21.2546,26.1783,38.7495,49.2019,56.0845,65.492,77.2904,40.3468,16.5115,0.841085,205.636,206.591,203.407,203.407
18.691649436950684,-0.07873215675268012,0.9999847412109375,0.0,4,-0.0407661,4.0,17161.0,225.333,1.91936,-0.103487,1.20132,2.41382,3.51589,5.26864,7.5563,9.66552,11.3602,13.4209,15.4208,18.1226,21.9736,27.9068,43.1886,49.0823,55.4313,64.5255,76.1215,39.9036,16.5389,0.852636,206.069,207.188,203.909,203.909
18.71472191810608,-0.10916343758127652,0.9999847412109375,0.12548828125,4,-0.0374687,4.0,17208.6,225.899,2.11514,-0.0799425,1.11414,2.25154,3.29829,5.00799,7.31008,9.50533,11.322,13.5984,15.8804,19.0845,23.9106,32.007,44.6548,49.1347,54.9689,63.7165,75.0784,39.2929,16.5343,0.863764,206.438,207.797,204.473,204.473
18.738239765167236,-0.13709424280503144,0.9999847412109375,0.2941131591796875,4,-0.0325092,4.0,17175.2,226.228,2.41455,-0.0356489,1.03333,2.10874,3.12321,4.82857,7.22343,9.61969,11.6917,14.4098,17.2811,21.5837,28.7415,40.6326,45.7248,49.4112,54.7517,63.1183,74.2081,38.4738,16.4891,0.874232,204.079,205.808,204.092,204.092
18.75568151473999,-0.1410094930610061,0.9999847412109375,0.3960723876953125,4,-0.0249489,4.0,17096.7,226.088,2.90717,0.0546336,0.962632,1.99812,3.00305,4.75779,7.37106,10.1775,12.7756,16.4535,20.7149,27.9581,39.5662,43.3071,46.76,49.9026,54.787,62.7513,73.5341,37.4406,16.3984,0.883758,199.678,201.775,203.174,203.174
18.778146028518677,-0.14545628167224425,0.9999847412109375,0.431365966796875,4,-0.0141195,4.0,17015.6,225.544,3.51131,0.136027,0.906549,1.9181,2.93194,4.78406,7.75361,11.2614,14.8487,20.5913,28.4544,38.9836,42.3147,44.7439,47.5609,50.3382,54.8501,62.4432,72.9229,36.3565,16.2828,0.891664,195.653,198.22,202.215,202.215
18.80075240135193,-0.14633634032830906,0.9999847412109375,0.4705810546875,4,-0.0038727,4.0,16946.4,224.791,3.95932,0.306541,0.865014,1.86504,2.90045,4.88435,8.34049,12.93,18.3087,28.7945,38.1101,41.1847,43.5116,45.5062,47.9769,50.5091,54.7373,62.0191,72.2304,35.3707,16.1649,0.897663,192.727,195.506,201.476,201.476
18.824265480041504,-0.14736833474172903,0.45685577392578125,0.48626708984375,4,0.00543946,4.0,16885.0,223.908,4.21912,0.331605,0.838135,1.83952,2.90945,5.06076,9.16251,15.436,24.3271,36.9023,39.8428,42.1039,44.0531,45.8118,48.0603,50.4168,54.4247,61.4471,71.4256,34.5037,16.0499,0.901764,189.763,192.74,200.615,200.615
18.846081018447876,-0.15295635162045557,0.5215606689453125,0.4370899370051263,4,0.0137951,4.0,16448.7,222.526,4.26768,0.423445,0.826164,1.84346,2.96335,5.32583,10.289,19.3093,33.731,38.3109,40.5351,42.4546,44.1882,45.7931,47.8831,50.1057,53.936,60.7385,70.5142,33.7407,15.9375,0.903988,187.37,190.086,195.552,195.552
18.869658946990967,-0.18898372871716815,0.0745086669921875,0.4427074849697079,4,0.0220711,4.0,16388.0,220.912,4.21516,0.482147,0.830183,1.88407,3.0811,5.74305,12.026,26.6192,35.8486,39.0254,40.9058,42.608,44.1863,45.6718,47.632,49.7401,53.4124,60.0116,69.5944,33.0033,15.8138,0.904345,188.095,190.291,194.836,194.836
18.89166283607483,-0.2448517373738531,0.0,0.45723693855912306,4,0.0324065,4.0,15978.3,219.061,4.39389,0.580976,0.853313,1.97962,3.31337,6.50913,15.6029,33.5624,37.2793,39.8354,41.4667,42.9894,44.4291,45.8028,47.6366,49.6293,53.1374,59.5175,68.8832,32.1018,15.6466,0.902747,186.809,188.943,188.683,191.278
18.913795471191406,-0.2865259260020032,0.0,0.46850573410290774,4,0.0461037,4.0,15743.9,216.989,5.0819,0.668771,0.899016,2.15067,3.72501,7.97053,25.5502,36.0019,38.7905,40.9476,42.3826,43.7504,45.0635,46.3306,48.0395,49.9144,53.2489,59.3875,68.5012,30.937,15.4197,0.899045,183.303,186.133,185.661,188.964
18.930721044540405,-0.31429312404338267,0.0,0.4696809904704114,4,0.0624253,4.0,15557.3,214.853,6.16097,0.785372,0.96984,2.41274,4.3804,10.746,32.686,37.9555,40.2836,42.1741,43.4612,44.7051,45.912,47.0864,48.683,50.4485,53.6163,59.5122,68.3592,29.6186,15.1476,0.893056,178.855,182.631,183.039,186.934
18.953388690948486,-0.34378098728902645,0.0,0.4605654586817464,4,0.0806224,4.0,15348.6,212.682,7.55353,0.834358,1.06769,2.78511,5.38465,16.6523,35.3889,39.6522,41.6984,43.4016,44.5773,45.7238,46.8442,47.941,49.4409,51.1097,54.1253,59.7907,68.372,28.2467,14.845,0.884713,174.472,179.369,180.409,184.755
18.975594997406006,-0.37502674461696295,0.0,0.4529204210756553,4,0.0999324,4.0,15174.1,210.485,9.06848,0.91602,1.19433,3.29272,6.91794,27.557,37.406,41.1315,42.9863,44.5521,45.6425,46.712,47.7623,48.795,50.2134,51.7989,54.6796,60.1332,68.4605,26.8958,14.5247,0.873991,170.223,176.067,177.92,182.773
19.00058388710022,-0.4011841308607968,0.0,0.4420432447414146,4,0.120001,4.0,14976.6,208.278,10.6473,0.918461,1.35226,3.97479,9.34678,31.2276,39.0639,42.4391,44.1537,45.6142,46.637,47.6442,48.637,49.6161,50.9653,52.4786,55.2404,60.5012,68.5892,25.5925,14.1929,0.860858,166.175,172.744,175.5,180.673
19.023086309432983,-0.4213994620782695,0.0,0.43411506942215267,4,0.140508,4.0,14782.8,206.078,12.2727,0.937361,1.54396,4.88614,13.4746,33.5861,40.4709,43.5948,45.2014,46.578,47.546,48.502,49.4466,50.3803,51.6704,53.1211,55.7778,60.8641,68.7289,24.3522,13.8543,0.845318,162.161,169.325,173.175,178.425
19.042876720428467,-0.4278790622059721,0.0,0.42814115537315445,4,0.160212,4.0,14628.7,203.865,13.5956,1.01672,1.77006,6.07359,20.8898,35.2734,41.5671,44.5033,46.0256,47.3352,48.2587,49.1727,50.0776,50.9736,52.2136,53.6111,56.1773,61.1105,68.776,23.2244,13.5216,0.827346,158.212,165.721,171.179,176.694
19.066428661346436,-0.44151887197117007,0.0,0.4185014921150211,4,0.178358,4.0,14447.1,201.699,14.623,1.04518,2.03059,7.58787,24.9383,36.4623,42.3416,45.1319,46.5866,47.8418,48.7288,49.608,50.4797,51.344,52.542,53.8943,56.3831,61.1836,68.6758,22.2213,13.2,0.806946,154.563,162.139,169.157,174.41
19.085113763809204,-0.44046933809802863,0.0,0.40888611080954423,4,0.195092,4.0,14270.7,199.565,15.3984,1.03409,2.32579,9.51213,27.0178,37.302,42.8641,45.5353,46.9338,48.1433,48.9993,49.8489,50.6922,51.5293,52.691,54.0042,56.4254,61.1094,32.0919,21.3183,12.8861,0.784238,151.171,158.69,167.201,172.164
19.10874605178833,-0.44664442922741177,0.0,0.38812508276412955,4,0.210434,4.0,14104.8,197.456,15.929,0.999229,2.6554,11.9457,28.3806,37.8667,43.1728,45.7434,47.0938,48.2638,49.093,49.9169,50.7355,51.5488,52.6787,53.9574,56.319,60.8999,29.7626,20.5018,12.5784,0.75933,148.296,155.673,165.361,170.05
19.133814573287964,-0.45266433788649735,0.0,0.3476955793173908,4,0.224304,4.0,13960.8,195.4,16.1924,0.944977,3.01848,14.9966,29.297,38.1948,43.2858,45.7696,47.0779,48.2133,49.019,49.8202,50.6169,51.4091,52.5107,53.7588,56.0672,60.5565,28.225,19.7654,12.2761,0.732304,145.988,153.209,163.781,168.189
19.15285587310791,-0.45848514450822025,0.0,0.2656966187886774,4,0.236745,4.0,13849.9,193.412,16.1669,0.891373,3.41419,17.5098,29.8959,38.3243,43.2287,45.6356,46.9064,48.0109,48.7954,49.5762,50.3533,51.1266,52.2028,53.4233,55.6837,60.0905,27.0853,19.1003,11.9773,0.703228,144.959,151.981,162.608,166.701
19.177682399749756,-0.4562162696839125,0.0,0.18926005640300073,4,0.24812,4.0,13790.0,191.546,15.9032,0.828702,3.8436,19.013,30.2802,38.3131,43.051,45.388,46.6247,47.7007,48.4659,49.228,49.987,50.7429,51.7956,52.9906,55.2069,59.538,26.1747,18.4892,11.6783,0.672141,146.398,153.123,162.041,165.81
19.196908235549927,-0.4533497873114733,0.0,0.08997323935295713,4,0.259026,4.0,13755.1,189.85,15.4645,0.782702,4.31141,20.0828,30.543,38.2304,42.8156,45.0878,46.2925,47.3421,48.089,48.8336,49.5756,50.315,51.3457,52.5166,54.6911,58.9504,25.3675,17.9085,11.3735,0.638991,149.537,155.799,161.735,165.264
19.22260546684265,-0.4268804935942591,0.0,0.0,4,0.269904,4.0,13754.1,188.384,14.9067,0.760373,4.82375,20.9167,30.7427,38.1219,42.5657,44.7768,45.9513,46.9757,47.7053,48.4331,49.1589,49.8826,50.892,52.0398,54.1741,58.3641,24.5889,17.3417,11.0592,0.603676,154.417,160.038,161.804,165.148
19.24113702774048,-0.3044289172265399,0.0,0.0,3,0.281148,4.0,13760.0,187.201,14.3219,0.75209,5.38874,21.6165,30.922,38.0235,42.335,44.4883,45.634,46.6343,47.3473,48.0589,48.769,49.4775,50.4663,51.5917,53.6868,57.8087,23.7831,16.7746,10.7322,0.566071,160.131,164.968,161.911,165.171
19.266835689544678,-0.2015769692750741,0.0,0.0,3,0.292625,3.0,16838.5,186.313,13.8005,0.720339,6.0109,22.2102,31.0744,37.9233,42.1108,44.2091,45.3273,46.3045,47.0016,47.6977,48.3927,49.0864,50.0554,51.159,53.216,57.2713,22.9709,16.2107,10.3929,0.52607,164.002,167.941,162.958,165.608
19.286176443099976,-0.12742452283684785,0.0,0.0,3,0.30308,3.0,16759.1,185.682,13.1706,0.668409,6.67909,22.6406,31.1091,37.7223,41.7923,43.8382,44.9301,45.8852,46.567,47.2483,47.9289,48.6086,49.5585,50.6413,52.6619,56.654,22.3045,15.6876,10.0483,0.483668,166.478,169.611,162.866,165.133
19.305304765701294,-0.12373520552868643,0.0,0.0,3,0.311672,3.0,16702.8,185.121,12.2929,0.602358,7.37291,22.8821,30.9783,37.365,41.3211,43.3164,44.3829,45.3166,45.9837,46.6506,47.3172,47.9834,48.9151,49.9781,51.9639,55.8962,21.8787,15.2284,9.70192,0.438915,167.9,170.265,160.116,162.816
19.330716133117676,-0.12422750773107011,0.0,0.0,3,0.318995,3.0,16584.8,184.465,11.3023,0.475151,8.00278,22.9945,30.7391,36.9068,40.7518,42.6975,43.7391,44.6519,45.3045,45.9574,46.6104,47.2634,48.1772,49.2207,51.1727,55.0471,21.6446,14.8167,9.35064,0.391985,168.223,170.057,158.874,161.671
19.350486516952515,-0.12472356223682561,0.0,0.0,3,0.325874,3.0,16529.6,183.804,10.2525,0.379804,8.55702,23.04,30.4563,36.414,40.1509,42.0479,43.065,43.9572,44.5956,45.2346,45.8742,46.5141,47.4102,48.4345,50.353,54.1699,21.5357,14.4299,8.99096,0.342994,167.992,169.547,158.393,161.06
19.375081777572632,-0.12521136167516309,0.0,0.0,3,0.332781,3.0,16484.6,183.154,9.21148,0.329239,9.0515,23.052,30.1643,35.9219,39.5538,41.4032,42.3963,43.2683,43.8926,44.518,45.1442,45.7712,46.6499,47.655,49.5401,53.2995,21.5242,14.0548,8.63491,0.291952,167.512,168.974,158.006,160.576
19.393715620040894,-0.12569315742810566,0.0,0.0,3,0.34017,3.0,16438.8,182.512,8.2787,0.313528,9.49984,23.0572,29.8915,35.4604,38.9916,40.7949,41.7645,42.6167,43.2273,43.8392,44.4524,45.0667,45.9281,46.9144,48.7663,52.4679,21.571,13.6788,8.28813,0.238904,166.922,168.432,157.554,160.145
19.420594453811646,-0.16650027842932072,0.0,0.0,3,0.348166,3.0,16390.6,181.878,7.52934,0.289876,9.90914,23.0617,29.6421,35.0342,38.4692,40.228,41.1749,42.0079,42.6051,43.204,43.8044,44.4062,45.2508,46.2184,48.0375,51.6817,21.69,13.2997,7.95047,0.183903,166.302,167.93,157.048,159.721
19.43921422958374,-0.2588971785083413,0.0,0.0,3,0.347151,3.0,16339.6,181.24,6.90948,0.271314,10.2861,23.0728,29.4229,34.6505,37.9945,39.7107,40.6359,41.4504,42.0346,42.6209,43.209,43.7987,44.6268,45.5762,47.3632,50.9506,21.8979,12.9134,7.62158,0.127361,165.573,167.34,156.49,159.297
19.46432065963745,-0.3578741765082814,0.0,0.0,3,0.334018,3.0,16280.0,180.578,6.52184,0.250402,10.6474,23.1299,29.2798,34.3598,37.6203,39.2969,40.2018,40.9988,41.5709,42.1453,42.7216,43.2998,44.1122,45.0442,46.8003,50.3322,21.7639,12.4951,7.29772,0.0723362,164.614,166.64,155.784,158.863
19.483869552612305,-0.41823310624647264,0.0,0.0,3,0.323386,3.0,16209.2,179.878,6.57069,0.19418,11.0104,23.2732,29.2604,34.2151,37.4024,39.0438,39.9302,40.7116,41.2727,41.8361,42.4018,42.9694,43.7673,44.6832,46.4103,49.8892,20.5229,12.0184,6.9749,0.0195109,163.438,165.878,154.779,158.502
19.50418782234192,-0.4673666695596681,0.0,0.0588226318359375,3,0.315307,3.0,16139.1,179.131,7.01453,0.165891,11.3789,23.4991,29.3585,34.2094,37.334,38.9447,39.8151,40.5825,41.1338,41.6876,42.2436,42.8018,43.5865,44.4878,46.1882,49.6174,18.8764,11.4886,6.65353,-0.0311597,162.188,165.132,153.806,158.125
19.528764963150024,-0.5197530684468803,0.0,0.11454679041085922,3,0.309324,3.0,16009.2,178.283,7.7678,0.159935,11.7483,23.7822,29.5407,34.3055,37.3764,38.9604,39.8167,40.5719,41.1145,41.6596,42.207,42.7567,43.5298,44.4177,46.0938,49.4771,17.3044,10.9284,6.33642,-0.0797329,159.157,162.64,152.306,157.141
19.54790997505188,-0.5401764437073562,0.0,0.17146848578460852,3,0.304903,3.0,15854.6,177.269,8.75976,0.166426,12.1141,24.1007,29.7784,34.4711,37.4957,39.0564,39.9002,40.6445,41.1794,41.7168,42.2567,42.7987,43.5612,44.4371,46.0912,49.432,15.8829,10.3581,6.02627,-0.12624,155.075,159.14,150.6,155.882
19.5728976726532,-0.5616666317896172,0.0,0.2051472068463928,3,0.301664,3.0,15672.6,176.076,9.9427,0.17782,12.4722,24.4383,30.0507,34.6821,37.6665,39.2066,40.0394,40.7742,41.3022,41.8327,42.3657,42.9009,43.6538,44.519,46.1529,49.4547,14.6119,9.7932,5.72544,-0.17066,150.386,155.056,148.658,154.331
19.59168791770935,-0.5750991175196444,0.0,0.220199594567077,3,0.299352,3.0,15484.6,174.721,11.2726,0.190103,12.8199,24.7839,30.3426,34.9212,37.8705,39.3925,40.2155,40.9417,41.4636,41.9879,42.5148,43.0438,43.7881,44.6435,46.2591,49.525,13.4769,9.24433,5.43569,-0.212976,145.84,151.096,146.677,152.694
19.617945194244385,-0.589157372374901,0.0,0.2197592146211297,3,0.297776,3.0,15298.4,173.242,12.7119,0.201943,13.1552,25.1301,30.6443,35.1775,38.0958,39.6017,40.4161,41.1346,41.6509,42.1698,42.6911,43.2146,43.9512,44.7976,46.3966,49.6297,12.4605,8.71795,5.15827,-0.25317,141.881,147.664,144.732,151.047
19.636834859848022,-0.5943603881268172,0.0,0.205687720033457,3,0.296774,3.0,15119.5,171.681,14.2248,0.21316,13.4772,25.4726,30.9497,35.4435,38.3347,39.8263,40.6329,41.3445,41.856,42.3699,42.8862,43.4047,44.1342,44.9727,46.5565,49.7595,11.5475,8.21783,4.89396,-0.291235,138.615,144.844,142.875,149.447
19.657824516296387,-0.5997167278534857,0.0,0.19584703235350098,3,0.29624,3.0,14955.2,170.074,15.781,0.223709,13.7853,25.808,31.2541,35.7138,38.581,40.0599,40.8596,41.5651,42.0721,42.5815,43.0934,43.6074,44.3306,45.1617,46.7319,49.9073,10.7251,7.74586,4.64317,-0.327197,136.225,142.799,141.177,147.962
19.68355917930603,-0.6051330639181006,0.0,0.19421578426529076,3,0.296115,3.0,14791.8,168.449,17.3528,0.233829,14.0788,26.1336,31.5534,35.9834,38.8294,40.297,41.0904,41.7904,42.2934,42.7989,43.3067,43.8167,44.5341,45.3587,46.9164,50.0667,9.9831,7.30307,4.40611,-0.361095,134.208,141.033,139.51,146.47
19.702985048294067,-0.6105993969310044,0.0,0.19256947850242015,3,0.296237,3.0,14621.0,166.809,18.9213,0.244156,14.3571,26.4461,31.8435,36.2474,39.0745,40.5319,41.3198,42.0148,42.5143,43.0162,43.5203,44.0266,44.7389,45.5574,47.1038,16.31,9.3136,6.88982,4.18281,-0.392979,132.159,139.166,137.788,144.895
19.723021030426025,-0.6161190600220828,0.0,0.19090711121991177,3,0.296468,3.0,14446.8,165.153,20.4691,0.252366,14.6189,26.7413,32.1189,36.4994,39.3095,40.7578,41.5406,42.2311,42.7273,43.2259,43.7267,44.2297,44.9373,45.7504,47.2864,13.4279,8.71075,6.50656,3.97338,-0.422885,130.026,137.167,136.048,143.272
19.748472213745117,-0.621685386931564,0.0,0.18528838406380949,3,0.296689,3.0,14272.9,163.483,21.9749,0.256608,14.8622,27.0138,32.373,36.732,39.5266,40.9664,41.7446,42.431,42.9243,43.4198,43.9176,44.4175,45.1207,45.9289,47.4554,11.9911,8.17018,6.15355,3.77789,-0.45085,127.874,135.112,134.325,141.633
19.768940687179565,-0.6272783788801326,0.0,0.15824213851138033,3,0.296745,3.0,14104.4,161.805,23.4171,0.256269,15.0855,27.2593,32.6005,36.9392,39.7192,41.1512,41.9252,42.6078,43.0982,43.591,44.0859,44.583,45.2823,46.0858,47.6036,10.9404,7.68731,5.83057,3.59635,-0.476911,125.839,133.141,132.672,140.027
19.79271125793457,-0.6328313732700702,0.0,0.1142349595593985,3,0.296536,3.0,13966.4,160.139,24.7765,0.252129,15.2879,27.4757,32.7987,37.1179,39.884,41.3087,42.0786,42.7576,43.2455,43.7357,44.2281,44.7226,45.4181,46.2174,47.7271,10.1079,7.257,5.53647,3.42848,-0.501109,124.606,131.926,131.325,138.689
19.810765027999878,-0.6382377099450274,0.0,0.0666656494140625,3,0.296085,3.0,13868.1,158.517,26.0403,0.246193,15.4704,27.6643,32.9691,37.2694,40.0225,41.4403,42.2065,42.8822,43.3677,43.8555,44.3454,44.8374,45.5295,46.3249,47.8272,9.42159,6.87322,5.2693,3.27383,-0.523486,124.526,131.798,130.376,137.71
19.83586597442627,-0.6433907287486549,0.0,0.0,3,0.295486,3.0,13798.9,156.971,27.2087,0.24068,15.6346,27.829,33.1157,37.3981,40.139,41.5504,42.3131,42.9857,43.469,43.9545,44.4422,44.932,45.621,46.4127,14.0068,8.84074,6.52967,5.02646,3.1316,-0.544134,125.401,132.549,129.728,136.999
19.859881162643433,-0.6481904357843753,0.0,0.0,3,0.294759,3.0,13777.3,155.531,28.2868,0.236973,15.7826,27.9735,33.2428,37.5084,40.238,41.6435,42.4029,43.0727,43.554,44.0375,44.5232,45.0109,45.6969,46.4853,11.9305,8.34039,6.22109,4.80564,3.00103,-0.563136,127.654,134.594,129.546,136.731
19.879430294036865,-0.6526401641820743,0.0,0.0,3,0.293888,3.0,13700.6,154.196,29.2842,0.235228,15.9152,28.0986,33.3509,37.6007,40.3197,41.7196,42.4761,43.1433,43.6227,44.1044,44.5881,45.0739,45.7573,46.5427,10.8688,7.90571,5.94389,4.60509,2.8813,-0.580604,128.723,135.407,128.867,135.957
19.90411925315857,-0.6568899047866185,0.0,0.0,3,0.292763,3.0,13603.1,152.921,30.1981,0.233277,16.0307,28.1992,33.434,37.668,40.3767,41.7715,42.5252,43.1899,43.6675,44.1473,44.6293,45.1134,45.7943,46.5769,10.1115,7.53121,5.69754,4.42454,2.77208,-0.596615,129.012,135.44,127.978,134.973
19.9232234954834,-0.6609929876761822,0.0,0.0,3,0.291174,3.0,13497.7,151.69,31.0114,0.228983,16.1263,28.2688,33.4839,37.7016,40.4,41.7896,42.5405,43.2028,43.6787,44.1568,44.6371,45.1195,45.798,46.5779,9.54142,7.21456,5.48251,4.26439,2.67337,-0.611208,128.813,134.998,127.016,133.903
19.947551488876343,-0.6649860772795105,0.0,0.0,3,0.288977,3.0,13390.2,150.492,31.7097,0.221775,16.2005,28.3031,33.4958,37.6958,40.3835,41.7677,42.5159,43.1757,43.6499,44.1264,44.605,45.0857,45.7619,12.7202,9.10932,6.95247,5.29828,4.12452,2.58502,-0.624421,128.304,134.26,126.039,132.803
19.96617102622986,-0.6688825061161474,0.0,0.0,3,0.286138,3.0,13283.2,149.323,32.2868,0.212615,16.253,28.3011,33.4682,37.649,40.3255,41.7043,42.4496,43.107,43.5795,44.0542,44.5311,45.0101,45.6841,11.6284,8.78736,6.74101,5.14365,4.0044,2.50678,-0.636284,127.597,133.339,125.073,131.7
19.99278998374939,-0.6726922735757505,0.0,0.0,3,0.282724,3.0,13177.9,148.18,32.7449,0.203265,16.2846,28.2647,33.4031,37.5633,40.228,41.6012,42.3436,42.9985,43.4692,43.9422,44.4175,44.8948,45.5665,11.1556,8.55691,6.57565,5.01676,3.90299,2.4383,-0.646842,126.76,132.305,124.127,130.61
20.011485815048218,-0.6764287121778634,0.0,0.0,3,0.278752,3.0,13075.0,147.059,33.0931,0.195429,16.2969,28.1971,33.3042,37.4426,40.095,41.4624,42.2019,42.8543,43.3232,43.7945,44.2681,44.7438,45.4132,10.9541,8.40661,6.45271,4.91599,3.81935,2.37928,-0.656123,125.841,131.206,123.204,129.542
20.03170657157898,-0.6801018213121438,0.0,0.0,3,0.274314,3.0,12974.4,145.957,33.3435,0.19021,16.2921,28.1026,33.1764,37.292,39.9318,41.2934,42.0299,42.6797,43.1469,43.6165,44.0884,44.5625,45.2309,10.9758,8.32852,6.3687,4.83947,3.75246,2.32932,-0.664164,124.875,130.08,122.301,128.5
20.056735277175903,-0.6837182672383636,0.0,0.0,3,0.269527,3.0,12876.3,144.872,33.5091,0.187911,16.272,27.9853,33.0242,37.1161,39.7433,41.099,41.8324,42.4798,42.9452,43.4131,43.8833,44.3571,45.0413,11.285,8.31947,6.32129,4.78574,3.70143,2.28804,-0.671007,123.877,128.943,121.416,127.486
20.076691150665283,-0.6872813830864087,0.0,0.0,3,0.264459,3.0,12780.3,143.803,33.6017,0.188035,16.2384,27.8483,32.8512,36.9191,39.5334,40.8832,41.6137,42.2585,42.7223,43.1884,43.6612,44.1477,44.8532,45.696,8.38079,6.30927,4.75383,3.66552,2.25512,-0.676692,122.865,127.811,120.549,126.497
20.10199999809265,-0.6907978351160512,0.0,0.0,3,0.259135,3.0,12686.4,142.748,33.6307,0.189617,16.1925,27.6942,32.6601,36.7038,39.3051,40.6491,41.3766,42.019,42.4813,42.9538,43.4403,43.9414,44.6684,45.5378,8.51942,6.33257,4.74325,3.64428,2.23032,-0.681257,121.854,126.697,119.696,125.532
20.122768878936768,-0.6942642901974047,0.0,0.0,3,0.253589,3.0,12594.3,141.708,33.6025,0.191617,16.1355,27.5249,32.4531,36.4722,39.0606,40.3986,41.1232,41.7648,42.2367,42.7227,43.2233,43.7391,44.4881,45.3846,8.74925,6.39191,4.75361,3.63729,2.21328,-0.684749,120.848,125.602,118.859,124.589
20.14123249053955,-0.6976774152005837,0.0,0.0,3,0.247883,3.0,12503.9,140.684,33.5211,0.193083,16.068,27.3413,32.231,36.2252,38.8005,40.1328,40.8556,41.5107,41.9955,42.4951,43.01,43.5409,44.3123,45.2365,9.10128,6.48974,4.78525,3.64447,2.20381,-0.687205,119.856,124.531,118.037,123.663
20.16780734062195,-0.7010405432554737,0.0,0.0,3,0.24198,3.0,12415.0,139.675,33.389,0.193455,15.9905,27.1438,31.9944,35.9633,38.5255,39.852,40.5869,41.2592,41.7572,42.2705,42.7999,43.3461,44.1404,45.093,9.64558,6.62976,4.83892,3.66596,2.20179,-0.688657,118.878,123.482,117.228,122.753
20.187628030776978,-0.7043503412321894,0.0,0.0,3,0.235882,3.0,12327.7,138.682,33.2071,0.192477,15.9036,26.9335,31.744,35.6872,38.2361,39.5671,40.3204,41.0102,41.5214,42.0487,42.5929,43.1547,43.9723,44.9538,10.6171,6.81687,4.91516,3.70168,2.20698,-0.689151,117.921,122.458,116.434,121.859
20.213041305541992,-0.7076001428709583,0.0,0.0,3,0.229593,3.0,12242.1,137.707,32.9766,0.190324,15.8078,26.7109,31.4804,35.3974,37.9328,39.2838,40.0558,40.7632,41.2878,41.8293,42.3885,42.9662,43.8076,44.8188,46.872,7.05871,5.01492,3.75182,2.21925,-0.68872,116.986,121.46,115.657,120.98
20.232970476150513,-0.7107966144315526,0.7215576171875,0.0,3,0.223126,3.0,12158.3,136.748,32.699,0.18734,15.7038,26.4767,31.2044,35.0948,37.6206,39.0023,39.793,40.5182,41.0565,41.6124,42.1868,42.7806,43.6464,44.688,46.8069,7.36601,5.13945,3.81646,2.2384,-0.687401,116.068,120.482,114.896,120.119
20.2515811920166,-0.7135031158989171,0.49999237060546875,0.0,3,0.216275,3.0,13090.0,135.936,32.3521,0.184853,15.5891,26.2246,30.908,34.7701,37.2987,38.7105,39.5195,40.2621,40.8137,41.3838,41.9733,42.5831,43.4729,44.5448,46.7295,7.76649,5.29377,3.8973,2.26451,-0.685242,115.182,119.529,126.085,126.085
20.27769947052002,-0.7150496881659826,0.49999237060546875,0.0,3,0.208703,3.0,13358.0,135.472,31.9215,0.186763,15.46,25.9438,30.5781,34.4087,36.9491,38.3884,39.2141,39.9728,40.5368,41.12,41.7235,42.3483,43.2607,44.3612,46.6084,8.31704,5.48595,3.99703,2.29765,-0.682331,114.408,118.671,128.975,128.975
20.296650409698486,-0.7161096234697042,0.49999237060546875,0.0,3,0.20026,3.0,13491.3,135.154,31.399,0.18764,15.3148,25.6303,30.2093,34.0041,36.5616,38.0246,38.865,39.6378,40.2127,40.8076,41.4236,42.0618,42.9945,44.1208,46.4252,9.13586,5.72548,4.11863,2.33817,-0.678677,113.794,117.958,130.312,130.312
20.321728944778442,-0.7168095807457467,0.49999237060546875,0.0,3,0.19064,3.0,13539.4,134.944,30.7338,0.186361,15.1499,25.2735,29.7886,33.5414,36.1157,37.5963,38.4478,39.2315,39.8149,40.4189,41.0448,41.6936,42.6427,43.79,46.1416,10.7268,6.03004,4.26737,2.38679,-0.674308,113.333,117.369,130.806,130.806
20.341241598129272,-0.717199556942399,0.49999237060546875,0.0,3,0.179454,3.0,13539.0,134.827,29.8739,0.181798,14.9617,24.8643,29.3042,33.0071,35.5906,37.0804,37.938,38.728,39.3164,39.926,40.558,41.2135,42.173,43.3341,45.7178,51.4859,6.42743,4.45065,2.44454,-0.669229,113.012,116.881,130.818,130.818
20.361274003982544,-0.7173262158780639,0.49999237060546875,0.0,3,0.166518,3.0,13512.7,134.789,28.7884,0.1735,14.7495,24.3997,28.7518,32.397,34.9752,36.4642,37.3221,38.1128,38.702,39.3128,39.9462,40.6036,41.5665,42.7325,45.1296,50.9483,6.95992,4.6768,2.51232,-0.663449,112.827,116.487,130.573,130.573
20.387941122055054,-0.717236221371144,0.49999237060546875,0.0,3,0.151846,3.0,13473.6,134.816,27.4744,0.162213,14.5151,23.8833,28.1351,31.714,34.2702,35.7481,36.6003,37.3861,37.9718,38.5792,39.2094,39.8636,40.8224,41.9841,44.3749,50.1927,7.7039,4.95584,2.59119,-0.656932,112.772,116.188,130.199,130.199
20.406277894973755,-0.7169895697595863,0.49999237060546875,0.0,3,0.135687,3.0,13428.8,134.89,25.9536,0.148759,14.2634,23.326,27.4664,30.97,33.4892,34.947,35.7879,36.5637,37.1421,37.7421,38.3647,39.0113,39.9591,41.1082,43.4748,49.2442,8.82882,5.29809,2.68136,-0.64973,112.839,115.99,129.767,129.767
20.43309712409973,-0.7166329248617931,0.49999237060546875,0.0,3,0.118316,3.0,13379.6,134.997,24.2629,0.137563,14.0,22.7413,26.7618,30.1819,32.6527,34.0832,34.9087,35.6704,36.2385,36.8279,37.4396,38.0749,39.0066,40.1364,42.4646,48.1474,11.1028,5.71778,2.78324,-0.641848,113.021,115.905,129.295,129.295
20.451478958129883,-0.7161996179766239,0.49999237060546875,0.0,3,0.100038,3.0,13324.7,135.127,22.4433,0.131105,13.7296,22.1409,26.0356,29.3659,31.7799,33.1781,33.9852,34.7299,35.2855,35.8619,36.4603,37.0819,37.9935,39.0992,41.3785,46.947,60.9855,6.23673,2.8974,-0.633262,113.308,115.938,128.767,128.767
20.4714777469635,-0.71571298101328,0.49999237060546875,0.0,3,0.0810947,3.0,13264.3,135.273,20.5291,0.129282,13.4561,21.534,25.299,28.5347,30.8863,32.2488,33.0353,33.7612,34.3028,34.8647,35.448,36.054,36.9429,38.0211,40.2445,45.6788,59.3971,6.8907,3.0243,-0.623985,113.691,116.088,128.185,128.185
20.49623155593872,-0.7151963458809629,0.49999237060546875,0.0,3,0.0617197,3.0,13200.0,135.428,18.5491,0.130678,13.1821,20.9277,24.5605,27.6982,29.984,31.3085,32.0731,32.7789,33.3054,33.8517,34.4189,35.0082,35.8726,36.9212,39.0837,44.3707,57.7264,7.74577,3.16445,-0.61405,114.15,116.34,127.565,127.565
20.516257762908936,-0.7146630450992163,0.49999237060546875,0.0,3,0.0420187,3.0,13134.0,135.588,16.5308,0.133278,12.9096,20.3271,23.8269,26.8645,29.0825,30.3678,31.1098,31.7947,32.3057,32.8359,33.3864,33.9582,34.7972,35.8149,37.9137,43.0457,56.013,8.95084,3.31869,-0.603463,114.675,116.683,126.928,126.928
20.541797161102295,-0.7141264111875836,0.49999237060546875,0.0,3,0.0221531,3.0,13068.3,135.749,14.5032,0.136101,12.6403,19.7367,23.104,26.0407,28.1907,29.4365,30.1558,30.8197,31.315,31.8289,32.3625,32.9168,33.73,34.7165,36.751,41.7254,54.2946,11.0417,3.48793,-0.592212,115.246,117.1,126.292,126.292
20.561440467834473,-0.7136031097954946,0.49999237060546875,0.0,3,0.00232196,3.0,13005.3,135.906,12.5013,0.138759,12.3755,19.1608,22.3978,25.2343,27.3176,28.5248,29.2218,29.8651,30.345,30.843,31.3601,31.8972,32.6852,33.641,35.6124,40.4325,52.6113,92.9464,3.67347,-0.580233,115.854,117.585,125.682,125.682
20.585938215255737,-0.7131098065723789,0.49999237060546875,0.0,3,-0.0171492,3.0,12948.1,136.054,10.5718,0.140997,12.1173,18.6055,21.7162,24.4554,26.4755,27.6462,28.3221,28.9459,29.4113,29.8943,30.3958,30.9167,31.6809,32.608,34.5201,39.1959,51.0134,90.1869,3.87542,-0.567553,116.477,118.122,125.126,125.126
20.60481595993042,-0.7126598340377802,0.9999847412109375,0.0,3,-0.0359383,3.0,12900.0,136.189,8.77473,0.142588,11.8676,18.0767,21.0674,23.7147,25.6776,26.8153,27.4722,28.0786,28.531,29.0005,29.488,29.9945,30.7376,31.6391,33.4988,38.0483,49.5585,87.8357,4.09393,-0.554106,117.103,118.711,124.657,124.657
20.629568576812744,-0.7114299091098769,0.49999237060546875,0.0,3,-0.0531948,3.0,13547.5,136.558,7.33848,0.143497,11.6312,17.5892,20.4712,23.038,24.9552,26.0669,26.7091,27.302,27.7444,28.2036,28.6805,29.176,29.9031,30.7856,32.6069,37.0674,48.3842,86.351,4.32614,-0.539796,117.715,119.375,130.724,130.724
20.648719549179077,-0.7100166620382481,0.9999847412109375,0.0,3,-0.0676401,3.0,13041.4,136.982,6.35435,0.145064,11.4147,17.1628,19.9543,22.4618,24.3531,25.4513,26.0859,26.6722,27.1099,27.5643,28.0364,28.5271,29.2476,30.1225,31.9301,36.368,47.6987,86.4773,4.56564,-0.524428,118.339,120.225,126.122,126.122
20.673081636428833,-0.7085967487068475,0.49999237060546875,0.0,3,-0.0801787,3.0,13589.7,137.408,5.65534,0.146229,11.2087,16.7736,19.4862,21.9516,23.8301,24.9225,25.5545,26.1386,26.575,27.0282,27.4993,27.9893,28.7091,29.584,31.3943,35.8545,47.3437,87.8105,4.81598,-0.508013,118.922,121.075,131.152,131.152
20.693039417266846,-0.7072001672846483,0.9999847412109375,0.0,3,-0.0904176,3.0,13081.3,137.827,5.28423,0.14631,11.0142,16.4252,19.0725,21.519,23.4006,24.4972,25.1324,25.7201,26.1594,26.6161,27.0911,27.5855,28.3124,29.1971,31.0313,35.5722,47.4158,90.8924,5.07346,-0.490464,119.472,121.956,126.494,126.494
20.717905521392822,-0.7058335840314224,0.49999237060546875,0.0,3,-0.0994785,3.0,13647.3,138.237,5.07573,0.144021,10.8227,16.0943,18.6829,21.1283,23.0216,24.1278,24.7696,25.3639,25.8087,26.2713,26.7529,27.2546,27.9932,28.8932,30.7639,35.4218,47.753,95.4211,5.34389,-0.471839,119.965,122.734,131.703,131.703
20.73666501045227,-0.7045169977264851,0.9999847412109375,0.0,3,-0.106727,3.0,13162.4,138.632,5.10628,0.140009,10.6371,15.7902,18.3333,20.8004,22.7193,23.8441,24.4978,25.1041,25.5582,26.0311,26.5239,27.0378,27.7953,28.7201,30.648,35.4831,48.528,102.562,5.6217,-0.452068,120.42,123.499,127.268,127.268
20.756666660308838,-0.7032437421100648,0.49999237060546875,0.0,3,-0.113079,3.0,13754.6,139.014,5.23647,0.135168,10.4513,15.4949,18.0092,20.5069,22.4594,23.6079,24.2768,24.8982,25.3642,25.85,26.3568,26.886,27.6672,28.6229,30.6222,35.6779,49.6236,112.612,5.9124,-0.431246,120.811,124.141,132.728,132.728
20.78393244743347,-0.7020004846626179,0.9999847412109375,0.0,3,-0.117773,3.0,13278.7,139.387,5.5697,0.131652,10.2693,15.2204,17.7302,20.2749,22.2762,23.4585,24.1489,24.7913,25.2739,25.7776,26.3038,26.854,27.6679,28.6659,30.7626,36.1187,51.3073,128.521,6.20827,-0.409318,121.169,124.776,128.393,128.393
20.80284857749939,-0.7008205566830032,0.49999237060546875,0.0,3,-0.121804,3.0,13886.6,139.741,5.96368,0.128791,10.085,14.9495,17.4747,20.0755,22.1347,23.357,24.0728,24.7401,25.2423,25.7673,26.3166,26.8919,27.7446,28.7933,31.007,36.7277,53.4874,153.192,6.51628,-0.386391,121.466,125.285,133.994,133.994
20.828163623809814,-0.6996539612229323,0.9999847412109375,0.0,3,-0.12449,3.0,13409.1,140.091,6.52176,0.128159,9.90225,14.6927,17.2611,19.9354,22.0693,23.3431,24.0915,24.791,25.3183,25.8706,26.4496,27.0572,27.96,29.074,31.4389,37.6371,56.5463,198.611,6.82829,-0.362424,121.73,125.782,129.661,129.661
20.847651720046997,-0.6985573614904658,0.49999237060546875,0.0,3,-0.126863,3.0,14023.5,140.42,7.08807,0.128859,9.71504,14.442,17.0656,19.822,22.0403,23.3725,24.1582,24.8944,25.4507,26.0345,26.6477,27.2927,28.2537,29.4439,31.987,38.76,60.4401,200.0,7.15392,-0.337526,121.944,126.156,135.311,135.311
20.866295337677002,-0.6974674280177708,0.9999847412109375,0.0,3,-0.128289,3.0,13541.1,140.747,7.76781,0.129772,9.52641,14.2151,16.9059,19.7616,22.0822,23.4857,24.3169,25.0982,25.6901,26.3127,26.9683,27.6595,28.6928,29.9781,32.7456,40.2589,65.8021,200.0,7.48574,-0.31163,122.139,126.519,130.945,130.945
20.89370107650757,-0.6964474902726804,0.49999237060546875,0.0,3,-0.129797,3.0,14158.4,141.053,8.40457,0.13197,9.33126,13.9965,16.758,19.7207,22.1537,23.6365,24.5187,25.3506,25.9828,26.6493,27.3531,28.0972,29.2136,30.6092,33.6397,42.0495,72.8024,200.0,7.83482,-0.284866,122.304,126.778,136.609,136.609
20.913920879364014,-0.6845549368731056,0.9999847412109375,0.0,3,-0.130767,3.0,13668.7,141.361,9.10854,0.133557,9.13261,13.7973,16.6402,19.7275,22.2925,23.8694,24.8125,25.7053,26.3858,27.1055,27.8678,28.6764,29.8946,31.426,34.7852,44.3558,82.795,167.656,8.19344,-0.257167,122.462,127.036,132.187,132.187
20.932677507400513,-0.6203045261448621,0.49999237060546875,0.0,3,-0.1321,3.0,14286.8,141.647,9.73316,0.13537,8.92604,13.6026,16.5292,19.7483,22.4565,24.137,25.1477,26.1086,26.8436,27.6235,28.4522,29.3344,30.6698,32.3592,36.1071,47.1137,96.8874,101.195,8.56878,-0.228635,122.643,127.244,137.845,137.845
20.95853614807129,-0.5495463002161961,0.49999237060546875,0.0,3,-0.133132,3.0,13789.1,141.943,10.3936,0.136259,8.7145,13.4241,16.4443,19.8134,22.6874,24.4894,25.5802,26.6221,27.4224,28.2745,29.1836,30.1554,31.6343,33.5191,37.7565,50.6666,119.359,75.0853,8.90874,-0.199196,123.095,127.69,133.358,133.358
20.97923755645752,-0.4927755040093605,0.9999847412109375,0.0,3,-0.135168,3.0,13624.0,142.029,10.7939,0.136292,8.49249,13.2392,16.3488,19.8675,22.9125,24.8424,26.0186,27.1477,28.0187,28.9498,29.9472,31.0182,32.6576,34.7636,39.5686,54.8344,156.035,62.0537,9.22525,-0.169027,123.759,128.215,131.672,131.672
20.999688148498535,-0.46513334837794307,0.49999237060546875,0.0,3,-0.138246,3.0,14340.8,142.262,11.0893,0.134488,8.26037,13.047,16.24,19.9057,23.1247,25.1878,26.4542,27.6761,28.623,29.6394,30.7331,31.9131,33.7305,36.0857,41.5463,59.7445,200.0,54.359,9.5221,-0.138156,124.505,128.708,138.344,138.344
21.025602102279663,-0.38787810831586833,0.9999847412109375,0.0,3,-0.141105,3.0,13868.1,142.575,11.4392,0.134197,8.02639,12.8718,16.1588,19.9927,23.4141,25.6346,27.0085,28.342,29.3809,30.5013,31.7131,33.0277,35.0673,37.7376,44.0494,66.3844,200.0,48.7759,9.78376,-0.106453,125.19,129.224,134.117,134.117
21.045964241027832,-0.26836874219842566,0.49999237060546875,0.0,3,-0.144403,3.0,14489.2,142.903,11.7168,0.133868,7.79889,12.701,16.0841,20.0957,23.7377,26.1335,27.6285,29.0893,30.2339,31.4748,32.8244,34.2978,36.6025,39.6552,47.0343,75.146,200.0,44.7557,10.0228,-0.0740032,126.04,129.874,139.799,139.799
21.066354751586914,-0.15514123429020246,0.9999847412109375,0.0,3,-0.147685,3.0,13972.1,143.272,12.0201,0.134143,7.58119,12.5445,16.0334,20.245,24.1411,26.7428,28.3822,29.996,31.2689,32.6571,34.177,35.8483,38.488,42.0329,50.8385,87.7889,200.0,41.577,10.2347,-0.0407124,127.222,130.873,135.139,135.139
21.09169840812683,-0.08757847177693,0.49999237060546875,0.0,3,-0.152031,3.0,14569.1,143.668,12.1894,0.134275,7.36834,12.3802,15.9679,20.3772,24.5353,27.3554,29.1507,30.9319,32.3467,33.8998,35.6124,37.5103,40.5401,44.6719,55.2604,105.449,200.0,39.2566,10.4371,-0.0066274,128.594,131.942,140.58,140.58
21.111736536026,-0.0473671609891889,0.9999847412109375,0.0,3,-0.157267,3.0,14032.3,144.13,12.2813,0.134246,7.16076,12.2106,15.8917,20.4985,24.929,27.983,29.9483,31.9146,33.4882,35.2279,37.1612,39.3222,42.8132,47.6572,60.5288,132.172,143.061,37.4852,10.6295,0.0283521,129.817,132.867,135.728,135.728
21.130887269973755,-0.03419776681279142,0.49999237060546875,0.0,3,-0.15501,3.0,14610.3,144.637,12.1135,0.133359,6.9529,12.0103,15.7576,20.5248,25.1938,28.4614,30.5858,32.7286,34.4561,36.379,38.5323,40.9599,44.9283,50.5328,66.0043,171.075,117.337,36.3344,10.8294,0.0639091,130.811,133.429,140.989,140.989
21.156630039215088,-0.02520218912760417,0.9999847412109375,0.0,3,-0.145245,3.0,14056.2,145.2,11.7598,0.131635,6.7477,11.7904,15.5824,20.48,25.3588,28.8228,31.0971,33.4093,35.2865,37.3903,39.7641,42.4631,46.9286,53.3501,71.8106,198.701,102.701,35.5567,11.0298,0.0980523,131.646,133.9,135.961,135.961
21.176663160324097,-0.0193516641719422,0.49999237060546875,0.0,3,-0.137678,3.0,14613.9,145.791,11.1082,0.129117,6.54211,11.5357,15.3358,20.3049,25.325,28.9324,31.3209,33.7654,35.7623,38.0133,40.5701,43.4991,48.397,55.5563,76.9336,200.0,94.6015,35.1955,11.2417,0.130487,132.433,134.235,141.037,141.037
21.201785564422607,-0.015869717310937122,0.9999847412109375,0.0,3,-0.131486,3.0,14048.5,146.417,10.3039,0.126606,6.34018,11.2649,15.0505,20.0531,25.1686,28.8837,31.3616,33.9127,36.0082,38.3828,41.0962,44.2259,49.511,57.3546,81.6484,200.0,89.4734,35.0501,11.4545,0.16129,133.231,134.698,135.882,135.882
21.22065281867981,-0.014238310715469223,0.9999847412109375,0.0,3,-0.127211,3.0,14588.9,147.063,9.26256,0.125277,6.14012,10.9676,14.705,19.6812,24.8144,28.5709,31.09,33.6949,35.8433,38.2874,41.0927,44.3452,49.8785,58.1867,84.6742,200.0,86.9602,35.1882,11.6768,0.190422,134.015,135.076,140.811,140.811
21.2462215423584,-0.01268636604049243,0.49999237060546875,0.0,3,-0.123415,3.0,14820.0,147.925,8.34429,0.123287,5.94787,10.675,14.3585,19.2966,24.4315,28.216,30.7665,33.4148,35.6074,38.111,40.9967,44.3588,50.1195,58.8672,87.568,200.0,85.0626,35.3584,11.8898,0.218079,134.823,135.706,143.114,143.114
21.26518154144287,-0.009915102220218007,0.9999847412109375,0.0,3,-0.119948,3.0,14124.8,148.675,7.38566,0.122327,5.76349,10.3898,14.0164,18.9095,24.036,27.8397,30.4156,33.1006,35.3318,37.8886,40.8477,44.3117,50.2887,59.4665,90.4692,200.0,83.541,35.5386,12.0927,0.244369,135.661,136.454,136.64,136.64
21.289793968200684,-0.0074947538099500045,0.9999847412109375,0.0,3,-0.118054,3.0,14612.0,149.382,6.25877,0.122949,5.58216,10.0873,13.6307,18.4287,23.4767,27.2364,29.7892,32.4562,34.677,37.2271,40.1853,43.6579,49.6736,58.9709,90.9252,200.0,83.4487,35.932,12.3047,0.269232,136.481,136.969,141.06,141.06
21.308879852294922,-0.006396121608018876,0.9999847412109375,0.0,3,-0.116473,3.0,14795.0,150.296,5.3205,0.123134,5.40815,9.79279,13.2511,17.9478,22.9071,26.6125,29.1342,31.7738,33.9757,36.5085,39.4525,42.9165,48.9385,58.2978,90.9603,200.0,83.5627,36.337,12.509,0.292894,137.328,137.706,142.889,142.889
21.32892942428589,-0.006364958354781071,0.9999847412109375,0.0,3,-0.114794,3.0,14892.5,151.269,4.55462,0.123302,5.24172,9.51205,12.8903,17.4931,22.372,26.0299,28.5256,31.1433,33.3311,35.8525,38.7898,42.2548,48.3015,57.7579,91.3283,200.0,83.5239,36.6923,12.7014,0.315566,138.211,138.59,143.855,143.855
21.353939056396484,-0.00633296237329642,0.9999847412109375,0.0,3,-0.113116,3.0,14953.6,152.268,3.90954,0.123966,5.08127,9.24101,12.5417,17.0536,21.8547,25.467,27.9378,30.5349,32.7099,35.2213,38.1536,41.622,47.6985,57.2632,91.8381,200.0,83.4357,37.0194,12.8849,0.3374,139.13,139.505,144.456,144.456
21.378450632095337,-0.0073492804659033815,0.9999847412109375,0.0,3,-0.111584,3.0,15002.9,153.276,3.34547,0.124679,4.9255,8.97563,12.1983,16.6168,21.3355,24.8975,27.3396,29.9116,32.0696,34.566,37.487,40.9505,47.0414,56.6878,92.1727,200.0,83.4293,37.3457,13.0631,0.358497,140.076,140.419,144.934,144.934
21.397266149520874,-0.007311697984108081,0.9999847412109375,0.0,3,-0.110247,3.0,15054.5,154.282,2.84059,0.124903,4.77347,8.71385,11.8568,16.1775,20.8066,24.3109,26.7186,29.2588,31.3937,33.8673,36.7672,40.2135,46.2945,55.9788,92.1803,200.0,83.5486,37.6831,13.2377,0.378962,141.028,141.329,145.43,145.43
21.41730523109436,-0.0072743396523036056,0.9999847412109375,0.0,3,-0.109088,3.0,15115.0,155.282,2.39668,0.124666,4.625,8.45571,11.5177,15.7369,20.2698,23.7101,26.0782,28.5805,30.6866,33.1305,36.0002,39.4176,45.4656,55.1456,91.8624,200.0,83.777,38.0304,13.4091,0.398836,141.979,142.239,146.01,146.01
21.442875623703003,-0.007237280187153568,0.9999847412109375,0.0,3,-0.108066,3.0,15185.1,156.274,2.01344,0.124415,4.47923,8.20025,11.1802,15.2948,19.7263,23.0974,25.4216,27.881,29.9537,32.362,35.1943,38.5731,44.569,54.2091,91.2686,200.0,84.0867,38.3851,13.578,0.418262,142.918,143.147,146.683,146.683
21.461516857147217,-0.004355443330345055,0.9999847412109375,0.0,3,-0.10713,3.0,15262.4,157.261,1.69072,0.123962,4.33624,7.94831,10.846,14.8547,19.1821,22.4808,24.7587,27.1722,29.2087,31.5777,34.3678,37.7019,43.6335,53.2108,90.5014,200.0,84.4361,38.7398,13.7439,0.437257,143.845,144.053,147.428,147.428
21.485419034957886,-0.004333207268950839,0.9999847412109375,0.0,3,-0.106333,3.0,15343.6,158.245,1.42865,0.123259,4.19483,7.69725,10.5112,14.4102,18.6276,21.8483,24.0753,26.4374,28.4327,30.7562,33.496,36.7749,42.6211,52.0954,89.4019,200.0,84.8761,39.1074,13.909,0.455958,144.774,144.951,148.211,148.211
21.50516104698181,-0.004310993805179993,0.9999847412109375,0.0,3,-0.105684,3.0,15426.3,159.228,1.19873,0.122548,4.05485,7.44683,10.1753,13.9611,18.0625,21.1993,23.3707,25.6759,27.6248,29.8963,32.5775,35.79,41.5285,50.8569,87.9371,200.0,85.4142,39.4905,14.0737,0.474388,145.696,145.842,149.01,149.01
21.530329942703247,-0.004288825536655883,0.9999847412109375,0.0,3,-0.105118,3.0,15509.1,160.209,1.00364,0.122184,3.91603,7.1973,9.83953,13.5099,17.492,20.5414,22.6543,24.8993,26.7987,29.0142,31.6317,34.7711,40.3882,49.5442,86.2463,200.0,86.0032,39.8806,14.2377,0.492615,146.61,146.736,149.81,149.81
21.55132794380188,-0.0051181915781926355,0.9999847412109375,0.0,3,-0.104607,3.0,15591.8,161.191,0.841267,0.122433,3.77822,6.94875,9.50427,13.0579,16.9184,19.8782,21.9307,24.1132,25.961,28.1179,30.6681,33.7299,39.2162,48.1812,84.3992,200.0,86.6205,40.2737,14.4009,0.510674,147.519,147.632,150.609,150.609
21.577001094818115,-0.009250434545741107,0.9999847412109375,0.0,3,-0.1041,3.0,15674.6,162.171,0.706295,0.123398,3.64116,6.70122,9.17005,12.6068,16.345,19.2145,21.2061,23.3254,25.1209,27.2182,29.7001,32.6827,38.035,46.8031,82.5062,200.0,87.229,40.6628,14.5628,0.528618,148.421,148.531,151.409,151.409
21.594135999679565,-0.01770675044778424,0.9999847412109375,0.0,3,-0.103453,3.0,15758.1,163.149,0.596434,0.124928,3.50531,6.45678,8.84091,12.1642,15.785,18.5685,20.5027,22.5627,24.3097,26.352,28.7714,31.6825,36.9167,45.5193,80.911,200.0,87.71,41.0225,14.7209,0.546443,149.305,149.443,152.215,152.215
21.619696617126465,-0.01929095353923738,0.9999847412109375,0.0,3,-0.102367,3.0,15842.8,164.126,0.521608,0.12678,3.37147,6.21931,8.52448,11.745,15.2636,17.9756,19.8636,21.8778,23.5884,25.5913,27.9683,30.8346,36.0051,44.551,80.3475,199.311,87.8171,41.2988,14.8695,0.564146,150.155,150.38,153.033,153.033
21.637646436691284,-0.02275334360202154,0.9999847412109375,0.0,3,-0.100815,3.0,15928.9,165.1,0.52636,0.128643,3.2398,5.98893,8.2208,11.3492,14.7809,17.4358,19.2891,21.271,22.9579,24.9375,27.293,30.1425,35.3076,43.9159,80.9702,198.75,87.5388,41.4864,15.0078,0.581697,151.002,151.323,153.864,153.864
21.662970066070557,-0.03062850197995702,0.9999847412109375,0.0,3,-0.0988859,3.0,16015.9,166.071,0.564454,0.130274,3.10999,5.764,7.92668,10.9706,14.3267,16.9354,18.7629,20.723,22.3961,24.3653,26.7163,29.5719,34.781,43.5577,82.751,198.347,86.9634,41.6012,15.1371,0.599091,151.853,152.255,154.705,154.705
21.681517601013184,-0.042095962377140916,0.9999847412109375,0.0,3,-0.0964261,3.0,16104.0,167.04,0.628182,0.131543,2.98285,5.54693,7.64635,10.6171,13.9143,16.493,18.308,20.2622,21.9367,23.915,26.2877,29.1854,34.5165,43.6333,86.5267,198.164,85.9917,41.616,15.2538,0.616257,152.683,153.195,155.556,155.556
21.70707416534424,-0.044411086652005716,0.9999847412109375,0.0,3,-0.0931803,3.0,16193.6,168.006,0.734979,0.132453,2.85919,5.34076,7.38569,10.3003,13.5642,16.1386,17.962,19.936,21.6365,23.6561,26.0938,29.094,34.681,44.4426,94.2049,198.292,84.4751,41.4892,15.3529,0.63315,153.479,154.152,156.42,156.42
21.72496771812439,-0.04417657862277081,0.9999847412109375,0.0,3,-0.0892247,3.0,16284.4,168.967,0.91816,0.133088,2.73974,5.14585,7.14444,10.0188,13.2742,15.8696,17.7229,19.7435,21.4961,23.5921,26.1432,29.3155,35.32,46.1257,108.304,198.669,82.5329,41.2371,15.4343,0.649632,154.285,155.109,157.297,157.297
21.749712228775024,-0.046527019936423754,0.9999847412109375,0.0,3,-0.084869,3.0,16375.3,169.926,1.12841,0.133584,2.62373,4.95826,6.91483,9.75765,13.0194,15.6524,17.5506,19.6374,21.4622,23.6629,26.3688,29.7759,36.3572,48.657,133.232,199.141,80.4368,40.9182,15.5039,0.665693,155.119,156.033,158.176,158.176
21.773067474365234,-0.04627975293464027,0.9999847412109375,0.0,3,-0.0802296,3.0,16466.1,170.883,1.32589,0.134071,2.51099,4.77675,6.69429,9.51194,12.7918,15.477,17.4338,19.606,21.5235,23.8587,26.7647,30.4793,37.8357,52.2606,165.829,199.648,78.2912,40.5553,15.5638,0.681313,155.958,156.937,159.053,159.053
21.791464805603027,-0.04603300268730149,0.9999847412109375,0.0,3,-0.0754141,3.0,16556.2,171.838,1.51918,0.134642,2.40222,4.60184,6.48281,9.28041,12.5885,15.3392,17.3683,19.6452,21.6772,24.1799,27.3385,31.4489,39.8399,57.3329,171.146,200.0,76.1703,40.1658,15.615,0.69637,156.812,157.831,159.924,159.924
21.816341876983643,-0.045786769194407384,0.9999847412109375,0.0,3,-0.0705417,3.0,16645.4,172.791,1.68569,0.135348,2.29734,4.43259,6.27827,9.0585,12.4016,15.2284,17.3415,19.7416,21.9096,24.6147,28.0842,32.6952,42.4604,64.4826,174.36,200.0,74.142,39.7694,15.6597,0.710846,157.675,158.711,160.786,160.786
21.840609073638916,-0.04554079407873564,0.9999847412109375,0.0,3,-0.0656518,3.0,16733.5,173.743,1.82445,0.136179,2.19668,4.26946,6.08111,8.84651,12.2312,15.1451,17.3553,19.8994,22.2291,25.1787,29.0335,34.2849,45.9184,75.0265,176.753,200.0,72.2169,39.3711,15.6982,0.724693,158.543,159.583,161.638,161.638
21.858418226242065,-0.04529507734028623,0.9999847412109375,0.0,3,-0.0607656,3.0,16820.3,174.694,1.93746,0.137122,2.10062,4.11317,5.89228,8.64568,12.0793,15.0929,17.4152,20.1285,22.6513,25.8993,30.2376,36.3248,50.5893,91.8085,178.657,200.0,70.3936,38.9732,15.7306,0.737863,159.412,160.453,162.477,162.477
21.883113145828247,-0.04254746769335121,0.9999847412109375,0.0,3,-0.0559226,3.0,16905.2,175.643,2.02874,0.138117,2.00937,3.96401,5.71203,8.45601,11.9456,15.072,17.5231,20.4342,23.1878,26.8015,31.7524,38.9505,57.07,121.899,180.206,200.0,68.6786,38.5803,15.7574,0.750328,160.287,161.32,163.298,163.298
21.90067195892334,-0.035276396498782565,0.9999847412109375,0.0,3,-0.0511955,3.0,16988.7,176.591,2.09614,0.139116,1.92297,3.82181,5.5397,8.27558,11.8259,15.0766,17.6725,20.8113,23.8377,27.8965,33.6241,42.3156,66.326,159.946,181.452,149.08,67.0907,38.2013,15.7799,0.762075,161.169,162.18,164.105,164.105
21.925833463668823,-0.026738834685080995,0.9999847412109375,0.0,3,-0.0468181,3.0,17070.3,177.538,2.14037,0.140057,1.84117,3.68484,5.37125,8.09457,11.6993,15.0718,17.8162,21.1968,24.5227,29.0893,35.7492,46.3685,79.3978,164.575,182.344,141.313,65.7086,37.8651,15.8021,0.773098,162.085,163.027,164.895,164.895
21.9501211643219,-0.019418066228656095,0.9999847412109375,0.0,3,-0.0430585,3.0,17149.5,178.487,2.12357,0.140903,1.7633,3.55048,5.2011,7.89975,11.5363,15.007,17.8815,21.4859,25.1025,30.1859,37.8544,50.7513,97.0573,166.845,182.821,135.396,64.6118,37.6033,15.829,0.783441,163.029,163.846,165.661,165.661
21.96852707862854,-0.014694428087174893,0.9999847412109375,0.0,3,-0.0400618,3.0,17226.4,179.438,2.0341,0.14165,1.68883,3.41722,5.02612,7.68339,11.3179,14.8456,17.8118,21.5898,25.4475,30.9867,39.6122,54.8978,119.435,167.95,182.875,131.176,63.8252,37.4305,15.8635,0.793158,163.991,164.65,166.405,166.405
21.99307894706726,-0.009465958654880523,0.9999847412109375,0.0,3,-0.0377802,3.0,17302.3,180.389,1.86994,0.142327,1.61777,3.28578,4.84792,7.44845,11.0474,14.5878,17.6014,21.4894,25.5179,31.4083,40.8383,58.3666,146.289,168.306,182.571,128.287,63.3054,37.3371,15.9049,0.802278,164.947,165.453,167.139,167.139
22.01113748550415,-0.0031197983941063288,0.9999847412109375,0.0,3,-0.0361516,3.0,17378.3,181.34,1.66959,0.142976,1.54965,3.15594,4.66687,7.19666,10.7279,14.2365,17.2506,21.1771,25.2914,31.3928,41.3782,60.6856,153.309,168.109,181.963,126.466,63.016,37.3148,15.9529,0.810891,165.899,166.264,167.873,167.873
22.035107135772705,-0.0006957546090583006,0.9999847412109375,0.0,3,-0.0351918,3.0,17454.7,182.289,1.44004,0.143637,1.48376,3.02659,4.48161,6.92615,10.356,13.7845,16.7462,20.6276,24.7228,30.8499,41.0187,61.1944,153.63,167.42,181.059,125.64,62.9563,37.366,16.0087,0.819094,166.85,167.073,168.611,168.611
22.05949592590332,0.00041933739557862285,0.9999847412109375,0.0,3,-0.0347683,3.0,17532.3,183.237,1.18396,0.144318,1.42014,2.89887,4.29504,6.64429,9.94807,13.2593,16.127,19.8952,23.8836,29.8748,39.8824,59.9791,152.801,166.361,179.923,125.571,63.0754,37.4748,16.0703,0.826919,167.783,167.889,169.36,169.36
22.077759742736816,0.001913494535088539,0.9999847412109375,0.0,3,-0.0346715,3.0,17611.3,184.181,0.935456,0.14503,1.35818,2.77286,4.1089,6.35775,9.52201,12.6954,15.4453,19.0609,22.8905,28.6487,38.2814,57.6797,151.376,165.08,178.645,125.952,63.3019,37.618,16.1351,0.834484,168.691,168.723,170.123,170.123
22.10326099395752,0.002443665934493765,0.9999847412109375,0.0,3,-0.0348051,3.0,17691.4,185.123,0.716607,0.145769,1.29768,2.64874,3.92423,6.07014,9.08737,12.1107,14.7285,18.1675,21.8064,27.2708,36.3933,54.6929,149.48,163.64,177.265,126.649,63.6037,37.7853,16.2021,0.841838,169.585,169.565,170.896,170.896
22.121684789657593,0.0024297637004250037,0.9999847412109375,0.0,3,-0.0350802,3.0,17772.3,186.061,0.522618,0.146536,1.23813,2.52603,3.74099,5.78303,8.64993,11.5176,13.9966,17.2475,20.6805,25.8221,34.3696,51.3819,147.129,162.095,175.82,127.546,63.9527,37.9676,16.2704,0.849057,170.465,170.412,171.678,171.678
22.144855260849,0.0024159059297914304,0.9999847412109375,0.0,3,-0.0354011,3.0,17853.7,186.996,0.364007,0.147332,1.17927,2.40465,3.55963,5.49862,8.21613,10.9289,13.2695,16.3328,19.56,24.3789,32.3516,48.0786,144.188,160.508,174.348,128.511,64.3166,38.1541,16.3388,0.85619,171.333,171.267,172.463,172.463
22.16757822036743,0.0006735206335751961,0.9999847412109375,0.0,3,-0.0357255,3.0,17935.2,187.929,0.240297,0.148139,1.12084,2.28427,3.37989,5.2171,7.78746,10.3481,12.5533,15.4336,18.4608,22.9676,30.3885,44.8988,135.487,158.907,172.866,129.484,64.6814,38.3405,16.4069,0.863274,172.192,172.124,173.251,173.251
22.19177007675171,-0.000668498747597138,0.9999847412109375,0.0,3,-0.0360006,3.0,18016.7,188.859,0.145689,0.148967,1.06264,2.16467,3.2017,4.93895,7.36589,9.77953,11.8548,14.5608,17.3992,21.6143,28.5274,41.947,122.901,157.327,171.398,130.389,65.0287,38.5207,16.474,0.87034,173.043,172.984,174.038,174.038
22.209659099578857,-0.0029635865036863837,0.9999847412109375,0.0,3,-0.036142,3.0,18098.0,189.785,0.081071,0.147751,1.00463,2.04601,3.02559,4.66579,6.95541,9.23049,11.185,13.7313,16.3997,20.357,26.8344,39.3621,113.668,155.832,169.978,131.096,65.3269,38.6841,16.5387,0.877403,173.882,173.842,174.824,174.824
22.23280429840088,-0.005951070181457327,0.9999847412109375,0.0,3,-0.0360957,3.0,18188.0,190.703,0.0496799,0.159119,0.946742,1.92827,2.85167,4.39804,6.55722,8.7033,10.5475,12.9508,15.47,19.2078,25.3299,37.1845,107.885,154.463,168.631,131.519,65.5556,38.8238,16.6001,0.884472,174.711,174.72,175.662,175.662
22.25616979598999,-0.009944428458809853,0.9999847412109375,0.0,3,-0.0359272,3.0,18304.5,191.6,0.0301359,0.133922,0.889078,1.81133,2.67936,4.13389,6.16665,8.18921,9.92894,12.1984,14.5803,18.1197,23.9308,35.2328,104.027,153.175,167.329,131.754,65.7377,38.9476,16.6593,0.891525,175.521,175.563,176.718,176.718
22.27868342399597,-0.017829981273058803,0.9999847412109375,0.0,4,-0.0355341,3.0,18383.8,192.514,0.0258244,0.119235,0.831833,1.69582,2.50987,3.87586,5.78892,7.69706,9.34213,11.4934,13.7575,17.1342,22.7098,33.6684,103.815,152.043,166.115,131.645,65.8341,39.0418,16.714,0.898547,176.325,176.41,177.545,177.545
22.301425457000732,-0.03617040807532146,0.9999847412109375,0.0,4,-0.0346309,4.0,14918.9,192.794,0.0453843,0.133184,0.775583,1.58353,2.34666,3.63135,5.43939,7.25312,8.82515,10.8927,13.0832,16.3782,21.8938,33.0144,114.324,151.27,165.112,130.766,65.7368,39.0688,16.7589,0.905487,176.931,177.129,170.004,170.263
22.320854902267456,-0.05296359497189522,0.9999847412109375,0.0,4,-0.032446,4.0,14892.5,192.506,0.13486,0.153625,0.72196,1.47947,2.19925,3.42067,5.16056,6.93098,8.4862,10.5615,12.7984,16.2389,22.2116,35.138,137.326,151.353,164.639,128.04,65.1624,38.9287,16.7787,0.912201,176.726,177.169,169.534,170.049
22.34369158744812,-0.05306986248691877,0.9999847412109375,0.0,4,-0.0284942,4.0,14235.8,192.19,0.361274,0.17725,0.672805,1.38803,2.07516,3.25858,4.9833,6.78702,8.41371,10.6486,13.1437,17.1674,24.7444,44.3002,141.623,152.438,164.853,123.056,63.9638,38.5627,16.7633,0.918482,176.273,177.085,168.665,169.692
22.368528127670288,-0.05298175461053849,0.9999847412109375,0.0,4,-0.0232393,4.0,14738.5,192.452,0.75248,0.218318,0.628887,1.30926,1.97282,3.13942,4.89574,6.80763,8.60172,11.1821,14.2333,19.5766,31.3465,78.6224,145.107,154.015,165.494,116.886,62.3634,38.0387,16.7203,0.924183,176.041,177.133,175.302,175.302
22.387085676193237,-0.05276585668444634,0.9999847412109375,0.0,4,-0.0174519,4.0,14804.7,193.094,1.17424,0.243554,0.590164,1.24124,1.88721,3.05039,4.87099,6.9541,9.01237,12.1648,16.2185,24.3269,48.6558,137.258,147.874,155.569,166.223,110.738,60.6648,37.4589,16.6635,0.929245,176.442,177.67,176.165,176.165
22.40978765487671,-0.035950678931955866,0.9999847412109375,0.0,4,-0.0116127,4.0,14847.0,193.749,1.52232,0.27056,0.557377,1.18468,1.81831,2.98886,4.90159,7.22005,9.65981,13.7182,19.6026,34.3319,129.713,141.861,150.021,156.893,166.861,105.146,59.0281,36.8804,16.6006,0.933554,176.996,178.257,176.659,176.659
22.433011770248413,-0.016148029052602746,0.9999847412109375,0.0,4,-0.00665319,4.0,14891.6,194.409,1.77217,0.273687,0.530189,1.13721,1.76007,2.93754,4.94013,7.5079,10.3918,15.6565,24.5387,56.723,136.947,144.228,151.307,157.652,167.121,100.836,57.7093,36.4037,16.5473,0.937102,177.678,178.77,177.059,177.059
22.45146942138672,-0.005787814271471773,0.9999847412109375,0.0,4,-0.00345957,4.0,14934.2,195.073,1.80212,0.264689,0.507754,1.09561,1.70509,2.87525,4.92132,7.65317,10.8766,17.2287,29.565,104.139,138.686,144.961,151.537,157.594,166.769,98.2795,56.9106,36.1151,16.5183,0.939954,178.461,179.204,177.464,177.464
22.474060773849487,-0.002284276814460755,0.9999847412109375,0.0,4,-0.00202215,4.0,14980.8,195.736,1.59188,0.246287,0.489241,1.05852,1.65156,2.79831,4.8297,7.59527,10.9395,17.8002,32.2502,127.951,138.564,144.505,150.88,156.81,165.85,97.2231,56.588,36.0054,16.5138,0.942226,179.252,179.633,177.952,177.952
22.496778964996338,-0.0006372395518422126,0.9999847412109375,0.0,4,-0.00173116,4.0,15032.8,196.394,1.2604,0.216455,0.474085,1.0263,1.60211,2.71718,4.69772,7.40501,10.6957,17.5053,32.1114,127.309,137.487,143.358,149.681,155.575,164.573,97.0795,56.5624,36.0083,16.5243,0.944032,179.991,180.115,178.529,178.529
22.520756483078003,0.0,0.9999847412109375,0.0,4,-0.00197244,4.0,15082.7,197.051,0.918643,0.193621,0.461736,0.999106,1.55899,2.64191,4.5611,7.17571,10.3402,16.8416,30.577,125.371,135.995,141.901,148.236,154.133,163.13,97.3457,56.6693,36.0605,16.5406,0.945477,180.668,180.662,179.145,179.145
22.543900728225708,0.0003829540684819222,0.9999847412109375,0.0,4,-0.00238204,4.0,15129.3,197.706,0.632224,0.183725,0.451244,0.975649,1.52128,2.57448,4.43401,6.95312,9.98019,16.1256,28.7922,122.668,134.369,140.345,146.713,152.624,161.632,97.7381,56.8153,36.1263,16.5577,0.946694,181.303,181.251,179.775,179.775
22.56098484992981,0.0013144544798880814,0.9999847412109375,0.0,4,-0.00280368,4.0,15172.8,198.36,0.410755,0.177533,0.442288,0.955526,1.4888,2.51598,4.32264,6.75612,9.6592,15.4832,27.2002,111.86,132.729,138.78,145.182,151.108,160.127,98.1339,56.9599,36.1902,16.5736,0.94773,181.915,181.852,180.424,180.424
22.584034204483032,0.0022379039775890608,0.9999847412109375,0.0,4,-0.00321615,4.0,15220.9,199.006,0.251893,0.162752,0.434258,0.93745,1.45958,2.46322,4.22196,6.5778,9.36878,14.9049,25.7947,95.7834,131.09,137.218,143.652,149.592,158.621,98.5194,57.0994,36.2512,16.5883,0.948658,182.518,182.458,181.195,181.195
22.60723853111267,0.0022280182738322767,0.9999847412109375,0.0,4,-0.00364721,4.0,15252.8,199.673,0.132205,0.171082,0.426621,0.920218,1.43166,2.41269,4.12518,6.40598,9.08886,14.3498,24.4687,83.013,129.427,135.64,142.11,148.065,157.104,98.9208,57.2432,36.3136,16.6031,0.949539,183.125,183.05,181.566,181.566
22.62914538383484,0.0022183548872514317,0.9999847412109375,0.0,4,-0.0040673,4.0,15304.5,200.325,0.0441093,0.186594,0.419078,0.903236,1.40421,2.36317,4.03093,6.23995,8.82071,13.8267,23.2566,73.1533,127.761,134.063,140.568,146.537,155.585,99.3153,57.3843,36.3747,16.6175,0.950411,183.729,183.65,182.107,182.107
22.651527166366577,0.002759005958251655,0.9999847412109375,0.0,4,-0.00447452,4.0,15374.8,200.967,-0.0186669,0.101712,0.411534,0.886298,1.3769,2.31414,3.93829,6.07823,8.56211,13.331,22.1424,65.3251,126.096,132.487,139.027,145.008,154.065,99.702,57.5224,36.4347,16.6318,0.951284,184.33,184.202,182.784,182.784
22.673769235610962,0.00402451306199034,0.9999847412109375,0.0,4,-0.00484037,4.0,15404.1,201.637,-0.0574209,0.100458,0.403668,0.868764,1.3488,2.26423,3.84551,5.91924,8.31248,12.8664,21.1412,59.2549,124.454,130.93,137.499,143.491,152.552,100.058,57.6508,36.4911,16.6457,0.952198,184.929,184.854,183.048,183.048
22.695239543914795,0.004733386856792495,0.9999847412109375,0.0,4,-0.00522625,4.0,15428.6,202.303,-0.0823631,0.133374,0.395313,0.850171,1.31905,2.21153,3.74803,5.75319,8.05353,12.3905,20.1388,53.7645,122.779,129.354,135.956,141.96,151.026,100.437,57.787,36.5508,16.6605,0.953169,185.531,185.456,183.381,183.381
22.718019008636475,0.004713004357209429,0.9999847412109375,0.0,4,-0.00580347,4.0,15496.9,202.939,-0.120514,0.100498,0.386437,0.830188,1.28677,2.15341,3.63803,5.56157,7.74908,11.8184,18.9154,47.3571,120.899,127.648,134.316,140.347,149.436,100.986,57.9789,36.6325,16.679,0.954194,186.134,186.038,184.147,184.147
22.73987913131714,0.004692077042385935,0.9999847412109375,0.0,4,-0.00627756,4.0,15539.5,203.592,-0.137726,0.156884,0.376851,0.808881,1.25272,2.09326,3.52738,5.37465,7.46073,11.3003,17.8718,42.7146,119.091,125.997,132.717,138.768,147.87,101.455,58.1455,36.7049,16.6965,0.95531,186.746,186.658,184.637,184.637
22.760515213012695,0.004671502255070955,0.9999847412109375,0.0,4,-0.00673401,4.0,15593.6,204.234,-0.145975,0.194584,0.366583,0.786174,1.2166,2.02997,3.41238,5.1832,7.16971,10.7899,16.8792,38.7518,117.273,124.347,131.119,137.19,146.304,101.917,58.3103,36.7772,16.7145,0.956508,187.342,187.25,185.278,185.278
22.78240418434143,0.004650959515711293,0.9999847412109375,0.0,4,-0.00722623,4.0,15647.0,204.875,-0.15805,0.212087,0.355516,0.761744,1.1778,1.96219,3.28985,4.98053,6.86387,10.2605,15.8723,35.039,115.38,122.662,129.497,135.591,144.719,102.419,58.4889,36.8554,16.7338,0.9578,187.937,187.833,185.914,185.914
22.805097579956055,0.004630352680440992,0.9999847412109375,0.0,4,-0.0077517,4.0,15697.8,205.518,-0.173531,0.215611,0.343656,0.735617,1.13639,1.89008,3.16024,4.76765,6.54516,9.71648,14.8613,31.5905,113.401,120.943,127.85,133.971,143.118,102.96,58.6808,36.9392,16.7546,0.959187,188.529,188.417,186.519,186.519
22.826193809509277,0.004609777893126011,0.9999847412109375,0.0,4,-0.00828993,4.0,15746.7,206.16,-0.188212,0.210484,0.3309,0.707609,1.09212,1.81342,3.02361,4.54555,6.21619,9.1651,13.8644,28.4581,111.341,119.202,126.189,132.339,141.505,103.523,58.8805,37.0267,16.7766,0.960681,189.119,189.004,187.101,187.101
22.847254037857056,0.003238311066593354,0.9999847412109375,0.0,4,-0.00882435,4.0,15794.4,206.803,-0.199245,0.201157,0.31727,0.677794,1.04516,1.73258,2.88091,4.31622,5.88052,8.61343,12.8953,25.6469,109.194,117.449,124.52,130.701,139.887,104.097,59.0834,37.1161,16.7994,0.962281,189.708,189.593,187.668,187.668
22.873100757598877,0.0008848368381957214,0.9999847412109375,0.0,4,-0.00926888,4.0,15841.7,207.444,-0.207462,0.190315,0.302841,0.646441,0.996073,1.64894,2.73567,4.08713,5.55148,8.08851,12.0101,23.3167,107.07,115.744,122.888,129.092,138.289,104.925,59.2642,37.1977,16.8216,0.96398,190.288,190.192,188.23,188.23
22.89406728744507,0.0,0.9999847412109375,0.0,4,-0.00953352,4.0,15888.3,208.085,-0.197131,0.180646,0.287858,0.61416,0.945911,1.56464,2.59234,3.8666,5.24257,7.61493,11.2534,21.5535,105.154,114.156,121.337,127.548,136.742,106.776,59.3951,37.2608,16.8413,0.965754,190.859,190.799,188.784,188.784
22.915497303009033,-0.0008756458929274231,0.9999847412109375,0.0,4,-0.0096252,4.0,15934.3,208.725,-0.165665,0.174059,0.27236,0.580995,0.894695,1.47951,2.45016,3.65246,4.94919,7.1812,10.5953,20.2007,103.509,112.683,119.867,126.066,135.241,149.121,59.4777,37.306,16.8586,0.967595,191.429,191.406,189.331,189.331
22.936866998672485,-0.0020824938958883287,0.9999847412109375,0.0,4,-0.00958097,4.0,15980.2,209.363,-0.124855,0.17109,0.256384,0.546961,0.842346,1.39313,2.30763,3.44092,4.66393,6.77074,9.99747,19.1027,102.116,111.299,118.457,124.633,133.776,147.625,59.5222,37.3371,16.8742,0.969497,192.002,192.009,189.876,189.876
22.958073377609253,-0.006033823639154434,0.9999847412109375,0.0,4,-0.00941968,4.0,16026.2,210.0,-0.0805218,0.171236,0.240237,0.512665,0.789743,1.30677,2.16634,3.2335,4.38752,6.38137,9.44959,18.2032,100.952,109.993,117.098,123.239,132.341,146.148,59.533,37.3555,16.8879,0.971422,192.575,192.608,190.424,190.424
22.98072576522827,-0.0108637909503188,0.9999847412109375,0.0,4,-0.00902927,4.0,16072.5,210.635,-0.0373112,0.173447,0.224113,0.478598,0.737748,1.2222,2.03015,3.03764,4.13272,6.03849,9.00569,17.7089,100.199,108.84,115.845,121.929,130.969,144.716,59.4767,37.3484,16.8977,0.973351,193.136,193.216,190.974,190.974
23.001561403274536,-0.010814369334687168,0.9999847412109375,0.0,4,-0.0082351,4.0,16119.1,211.269,0.028936,0.176593,0.208585,0.446091,0.688562,1.14352,1.90719,2.86819,3.92388,5.78931,8.76731,18.0573,99.9999,107.953,114.78,120.77,129.715,143.369,59.3011,37.2951,16.9,0.975216,193.677,193.84,191.527,191.527
23.02296495437622,-0.010765103623205796,0.9999847412109375,0.0,4,-0.00714374,4.0,16165.9,211.901,0.133956,0.17973,0.193997,0.41573,0.642889,1.07131,1.79697,2.72195,3.75355,5.61722,8.70545,19.3392,99.9837,107.236,113.844,119.716,128.543,142.081,59.038,37.2072,16.8963,0.976974,194.227,194.453,192.082,192.082
23.0501070022583,-0.010715993815874682,0.9999847412109375,0.0,4,-0.00595462,4.0,16212.6,212.531,0.232022,0.182265,0.180561,0.387793,0.600911,1.00514,1.69673,2.59109,3.60591,5.48729,8.74848,21.5689,99.8646,106.547,112.935,118.687,127.391,140.808,58.7458,37.1065,16.8898,0.978594,194.794,195.044,192.638,192.638
23.070303201675415,-0.010666961960618697,0.9999847412109375,0.0,4,-0.00474787,4.0,16259.2,213.16,0.309501,0.183976,0.168542,0.362794,0.563347,0.945971,1.60744,2.47593,3.47968,5.39392,8.88678,25.2201,99.6067,105.833,112.018,117.653,126.235,139.531,58.4471,37.0015,16.8816,0.980043,195.37,195.625,193.192,193.192
23.09150719642639,-0.010618086009512966,0.9999847412109375,0.0,4,-0.00355268,4.0,16305.7,213.787,0.36589,0.184915,0.15808,0.341038,0.53067,0.894582,1.53037,2.3782,3.37705,5.34059,9.13558,31.5751,99.2264,105.082,111.079,116.603,125.066,138.244,58.1496,36.895,16.872,0.981304,195.947,196.201,193.744,193.744
23.111552476882935,-0.0066775067658287795,0.9999847412109375,0.0,4,-0.00237596,4.0,16351.9,214.414,0.405015,0.185304,0.149319,0.322851,0.503412,0.851946,1.46735,2.30111,3.3031,5.33766,9.53264,44.5441,98.7471,104.292,110.117,115.534,123.884,136.946,57.8546,36.7875,16.861,0.982361,196.525,196.775,194.293,194.293
23.13295006752014,-0.0030497978473827242,0.9999847412109375,0.0,4,-0.00138175,4.0,16397.8,215.039,0.433427,0.185412,0.142322,0.308301,0.481574,0.817715,1.41669,2.23947,3.24587,5.35075,9.96967,72.9332,98.0698,103.381,109.064,114.391,122.641,135.6,57.6066,36.6964,16.8513,0.983204,197.119,197.332,194.839,194.839
23.15947675704956,-0.0015485953473579135,0.9999847412109375,0.0,4,-0.00075388,4.0,16443.5,215.663,0.419523,0.185469,0.136673,0.296416,0.463529,0.788753,1.37168,2.17961,3.17934,5.31221,10.2016,87.4035,97.0967,102.263,107.849,113.111,121.287,134.168,57.4554,36.6418,16.8465,0.983881,197.731,197.869,195.382,195.382
23.179771900177002,-0.0005547169344623883,0.9999847412109375,0.0,4,-0.000434279,4.0,16489.0,216.286,0.359093,0.185612,0.132249,0.286996,0.449055,0.764957,1.33288,2.12367,3.10809,5.23042,10.2125,86.8651,95.8978,100.979,106.502,111.719,119.839,132.663,57.3841,36.6175,16.8456,0.984408,198.337,198.41,195.924,195.924
23.200520753860474,0.0,0.9999847412109375,0.0,4,-0.000298262,4.0,16534.6,216.908,0.286811,0.185914,0.128792,0.279567,0.437538,0.745685,1.30038,2.07428,3.04017,5.13204,10.0941,85.7945,94.5701,99.5976,105.076,110.258,118.334,131.112,57.3591,36.6105,16.8468,0.984817,198.93,198.962,196.465,196.465
23.22085928916931,0.0,0.9999847412109375,0.0,4,-0.000291348,4.0,16580.1,217.529,0.21627,0.186383,0.126069,0.27366,0.428299,0.729957,1.27301,2.03073,2.97657,5.02547,9.88819,84.4433,93.1533,98.148,103.594,108.748,116.788,129.527,57.3666,36.6157,16.8494,0.985138,199.515,199.519,197.005,197.005
23.24613094329834,0.0008183977299431961,0.9999847412109375,0.0,4,-0.000349283,4.0,16625.5,218.148,0.150888,0.186978,0.123893,0.268906,0.420814,0.717058,1.25007,1.99316,2.9197,4.92292,9.656,82.9586,91.6915,96.6626,102.081,107.211,115.218,127.921,57.3896,36.6266,16.8525,0.985394,200.092,200.081,197.546,197.546
23.2665798664093,0.0024294980838149784,0.9999847412109375,0.0,4,-0.000459075,4.0,16671.1,218.766,0.100467,0.173503,0.122104,0.264968,0.41457,0.706152,1.23023,1.95971,2.86738,4.82262,9.40386,81.356,90.1926,95.148,100.544,105.652,113.628,126.297,57.4254,36.6422,16.8561,0.985603,200.662,200.64,198.087,198.087
23.286354780197144,0.0029538221930991856,0.9999847412109375,0.0,4,-0.000648856,4.0,16716.9,219.383,0.0558149,0.158937,0.120393,0.261161,0.408475,0.69532,1.20996,1.92434,2.81005,4.70611,9.08615,79.5261,88.6368,93.5895,98.9702,104.06,112.01,124.649,57.4826,36.6661,16.861,0.985802,201.237,201.198,198.631,198.631
23.31133484840393,0.002940027422603841,0.9999847412109375,0.0,4,-0.000931263,4.0,16769.6,219.993,0.0129717,0.129618,0.118607,0.25715,0.401998,0.683637,1.1876,1.88433,2.7436,4.56638,8.6921,77.2356,87.0148,91.9803,97.3544,102.432,110.36,122.973,57.5653,36.7001,16.8676,0.986009,201.811,201.753,199.257,199.257
23.335063695907593,0.002926119580219189,0.9999847412109375,0.0,4,-0.00127101,4.0,16813.0,220.608,-0.0303556,0.105235,0.116606,0.252648,0.394721,0.670488,1.16239,1.83915,2.6686,4.40938,8.25784,64.9544,85.348,90.3375,95.7106,100.778,108.687,121.278,57.6646,36.7407,16.8753,0.98624,202.382,202.312,199.774,199.774
23.354103326797485,0.002912234352212399,0.9999847412109375,0.0,4,-0.0016222,4.0,16855.8,221.222,-0.0651644,0.089495,0.114278,0.247438,0.386339,0.655473,1.13398,1.78907,2.58688,4.24326,7.82105,49.8936,83.6662,88.6835,94.0565,99.1148,107.005,119.573,57.7685,36.7834,16.8835,0.98651,202.95,202.876,200.283,200.283
23.37834596633911,0.002898394352961332,0.9999847412109375,0.0,4,-0.00196886,4.0,16898.0,221.834,-0.0903501,0.0795353,0.111508,0.241284,0.376498,0.638033,1.10155,1.73305,2.4974,4.06795,7.38673,40.1264,81.9791,87.0255,92.3982,97.4466,105.317,117.86,57.873,36.8266,16.8921,0.986833,203.512,203.439,200.785,200.785
23.398180961608887,0.0028845995824659867,0.9999847412109375,0.0,4,-0.00230205,4.0,16940.7,222.444,-0.107175,0.0556195,0.108288,0.234167,0.365178,0.61816,1.06515,1.67135,2.4008,3.88512,6.95898,33.3385,80.2929,85.368,90.7391,95.7765,103.626,116.142,57.9757,36.8695,16.901,0.987209,204.066,203.996,201.292,201.292
23.42305898666382,0.0014649364924430846,0.9999847412109375,0.0,4,-0.00262237,4.0,16984.2,223.052,-0.117142,0.0368831,0.104526,0.225896,0.35208,0.59535,1.02393,1.60263,2.29515,3.6915,6.52972,28.2586,78.6063,83.7101,89.0785,94.1039,101.93,114.419,58.0771,36.9123,16.9102,0.987649,204.625,204.557,201.809,201.809
23.441386699676514,0.0010952602670621127,0.9999847412109375,0.0,4,-0.00285459,4.0,17040.1,223.647,-0.125095,-0.0121969,0.100301,0.216672,0.337565,0.570367,0.979645,1.53054,2.18718,3.50262,6.14162,24.9164,76.9735,82.0898,87.4461,92.4539,100.252,112.706,58.156,36.9466,16.9183,0.988146,205.169,205.119,202.474,202.474
23.465173959732056,0.0010900073033664377,0.9999847412109375,0.0,4,-0.00299084,4.0,17081.0,224.253,-0.112214,-0.043544,0.0956702,0.206614,0.321819,0.543516,0.932793,1.45581,2.07778,3.31908,5.79071,22.6863,75.4017,80.511,85.8447,90.8286,98.5914,111.004,58.2098,36.9715,16.9253,0.988692,205.716,205.685,202.961,202.961
23.48528242111206,0.0010847716761846094,0.9999847412109375,0.0,4,-0.0030905,4.0,17122.0,224.857,-0.09488,-0.0616478,0.0906899,0.195822,0.304955,0.514865,0.883115,1.37722,1.96382,3.13135,5.44352,20.8139,73.8493,78.9438,84.2508,89.2084,96.9333,109.302,58.2547,36.9933,16.932,0.989279,206.269,206.247,203.448,203.448
23.508134603500366,0.0010795533855166286,0.9999847412109375,0.0,4,-0.00317895,4.0,17162.7,225.459,-0.0795692,-0.0748709,0.0853513,0.184264,0.286911,0.484259,0.830197,1.29381,1.8434,2.93464,5.08546,19.0453,72.2973,77.3754,82.6543,87.5844,95.2703,107.594,58.2978,37.0146,16.9389,0.989909,206.819,206.8,203.931,203.931
23.532593965530396,0.0005150674356706441,0.9999847412109375,0.0,4,-0.00326419,4.0,17204.1,226.058,-0.0675527,-0.0898591,0.0797181,0.172075,0.267892,0.452031,0.774566,1.20633,1.71743,2.72991,4.71646,17.3253,70.7406,75.8019,81.0521,85.9543,93.6002,105.877,58.341,37.0362,16.946,0.990575,207.368,207.35,204.423,204.423
23.55149507522583,0.00031016981229186057,0.9999847412109375,0.0,4,-0.00335145,4.0,17251.2,226.651,-0.0588811,-0.103198,0.073802,0.159279,0.247932,0.418231,0.716293,1.11483,1.58591,2.51694,4.33527,15.6233,69.1751,74.2207,79.4421,84.3161,91.9215,104.15,58.3859,37.0587,16.9534,0.991273,207.919,207.901,204.974,204.974
23.576998949050903,0.0,0.9999847412109375,0.0,4,-0.00340009,4.0,17296.7,227.243,-0.0536964,-0.126984,0.0677109,0.14612,0.227429,0.383584,0.65677,1.02181,1.45295,2.30393,3.9617,14.1295,67.6307,72.6518,77.84,82.6832,90.2451,102.423,58.4206,37.0774,16.9604,0.991993,208.459,208.449,205.523,205.523
23.5954372882843,0.0,0.9999847412109375,0.0,4,-0.00340426,4.0,17338.8,227.835,-0.0410391,-0.142983,0.0614456,0.132598,0.206382,0.348081,0.595968,0.927183,1.31835,2.09034,3.59391,12.8064,66.1109,71.0978,76.2475,81.0569,88.5723,100.695,58.4435,37.0917,16.9668,0.992734,209.001,208.999,206.024,206.024
23.620017290115356,0.0,0.9999847412109375,0.0,4,-0.00339425,4.0,17380.0,228.426,-0.0285814,-0.151309,0.0550817,0.118867,0.185014,0.312052,0.534311,0.831323,1.18215,1.87473,3.22432,11.5138,64.5944,69.5438,74.6533,79.4274,86.8948,98.9613,58.4753,37.1046,16.973,0.993487,209.544,209.545,206.514,206.514
23.63853430747986,0.0,0.9999847412109375,0.0,4,-0.00338125,4.0,17421.2,229.016,-0.0186758,-0.16166,0.0485794,0.104838,0.163181,0.275239,0.471314,0.733379,1.043,1.65443,2.8467,10.1935,63.0728,67.984,73.0527,77.791,85.2096,97.2182,58.6431,37.1175,16.9793,0.994256,210.083,210.086,207.003,207.003
23.663045406341553,-0.00030207440194052947,0.9999847412109375,0.0,4,-0.00337017,4.0,17462.8,229.603,-0.0116881,-0.168601,0.0420579,0.0907658,0.141281,0.238309,0.408101,0.635071,0.903277,1.43308,2.46679,8.85404,61.5431,66.4167,71.4442,76.1463,83.5154,95.465,59.0406,37.1306,16.9857,0.995027,210.624,210.626,207.498,207.498
23.68677043914795,-0.0004978239536285401,0.9999847412109375,0.0,4,-0.00336182,4.0,17508.8,230.184,-0.00700171,-0.179547,0.0354933,0.0765997,0.119233,0.201124,0.344438,0.536036,0.762474,1.20987,2.08317,7.49053,60.0048,64.8412,69.8271,74.4927,81.8116,93.7013,59.8161,37.1442,16.9922,0.995803,211.162,211.164,208.042,208.042
23.704926252365112,-0.0007437799125909806,0.9999847412109375,0.0,4,-0.0033561,4.0,17551.6,230.767,-0.00405329,-0.192329,0.0289096,0.0623919,0.097118,0.163824,0.280568,0.436657,0.621146,0.985716,1.69756,6.11147,58.4579,63.2573,68.2017,72.8303,80.0984,91.9269,61.4247,37.158,16.9987,0.996582,211.698,211.699,208.553,208.553
23.728196620941162,-0.0007437799125909806,0.9999847412109375,0.0,4,-0.00330758,4.0,17593.2,231.348,-0.00235534,-0.200963,0.0222905,0.0481111,0.0748953,0.126357,0.216463,0.337012,0.479611,0.761768,1.3141,4.78109,56.933,61.686,66.5839,71.1727,78.3869,90.1509,105.785,37.1673,17.0045,0.997364,212.228,212.238,209.047,209.047
23.751437425613403,-0.0007437799125909806,0.9999847412109375,0.0,4,-0.00321054,4.0,17634.3,231.927,0.00862512,-0.20559,0.0157146,0.033924,0.052819,0.0891405,0.152792,0.238059,0.339085,0.539507,0.933868,3.47216,55.4335,60.1294,64.9755,69.5213,76.6783,88.3741,103.968,37.1712,17.0095,0.998142,212.756,212.776,209.536,209.536
23.774055004119873,-0.0010389462113380432,0.9999847412109375,0.0,4,-0.00309765,4.0,17675.4,232.504,0.0201195,-0.209052,0.00928002,0.0200376,0.0312043,0.052682,0.0903583,0.140906,0.200909,0.320312,0.556685,2.12492,53.9375,58.5724,63.3646,67.866,74.9641,86.5897,102.142,37.173,17.014,0.998903,213.285,213.309,210.024,210.024
23.79332160949707,-0.0013833228498697282,0.9999847412109375,0.0,4,-0.00298226,4.0,17717.1,233.079,0.0292264,-0.209605,0.00299732,0.00647329,0.0100828,0.0170292,0.0292274,0.0456181,0.0651128,0.104029,0.181553,0.712796,52.4355,57.0089,61.7463,66.2026,73.2407,84.7947,100.303,37.1742,17.0184,0.999646,213.815,213.839,210.518,210.518
23.81606650352478,-0.0022197071462869643,0.9999847412109375,0.0,4,-0.0028677,4.0,17759.7,233.651,0.0358157,-0.212162,-1.0,-1.0,-1.0,-1.0,-1.0,-1.0,-1.0,-1.0,-1.0,-1.0,-1.0,-1.0,-1.0,-1.0,-1.0,-1.0,-1.0,-1.0,-1.0,1.00037,214.342,214.366,211.025,211.025
23.839561223983765,-0.0038433611392974854,0.9999847412109375,0.0,4,-0.00270998,4.0,17801.3,234.222,0.0402273,-0.213818,-1.0,-1.0,-1.0,-1.0,-1.0,-1.0,-1.0,-1.0,-1.0,-1.0,-1.0,-1.0,-1.0,-1.0,-1.0,-1.0,-1.0,-1.0,-1.0,1.00107,214.863,214.896,211.52,211.52
23.862606525421143,-0.0059099081903696065,0.9999847412109375,0.0,4,-0.00241292,4.0,17842.7,234.791,0.0532009,-0.214564,-1.0,-1.0,-1.0,-1.0,-1.0,-1.0,-1.0,-1.0,-1.0,-1.0,-1.0,-1.0,-1.0,-1.0,-1.0,-1.0,-1.0,-1.0,-1.0,1.00174,215.372,215.434,212.012,212.012
23.885066270828247,-0.009354249015450478,0.9999847412109375,0.0,4,-0.00190794,4.0,17884.0,235.358,0.0864837,-0.21111,-1.0,-1.0,-1.0,-1.0,-1.0,-1.0,-1.0,-1.0,-1.0,-1.0,-1.0,-1.0,-1.0,-1.0,-1.0,-1.0,-1.0,-1.0,-1.0,1.00233,215.873,215.978,212.503,212.503
23.903746366500854,-0.012454213201999666,0.9999847412109375,0.0,4,-0.00112677,4.0,17925.1,235.922,0.139757,-0.206262,-1.0,-1.0,-1.0,-1.0,-1.0,-1.0,-1.0,-1.0,-1.0,-1.0,-1.0,-1.0,-1.0,-1.0,-1.0,-1.0,-1.0,-1.0,-1.0,1.00283,216.364,216.526,212.992,212.992
23.926117658615112,-0.014766907691955567,0.9999847412109375,0.0,4,-1.83582e-05,4.0,17964.8,236.486,0.218468,-0.198661,-1.0,-1.0,-1.0,-1.0,-1.0,-1.0,-1.0,-1.0,-1.0,-1.0,-1.0,-1.0,-1.0,-1.0,-1.0,-1.0,-1.0,-1.0,-1.0,1.00316,216.847,217.078,213.464,213.464
23.95018482208252,-0.015997070446610452,0.9999847412109375,0.0,4,0.00142741,4.0,18005.9,237.046,0.318504,-0.190235,-1.0,-1.0,-1.0,-1.0,-1.0,-1.0,-1.0,-1.0,-1.0,-1.0,-1.0,-1.0,-1.0,-1.0,-1.0,-1.0,-1.0,-1.0,-1.0,1.00329,217.326,217.628,213.952,213.952
23.97176480293274,-0.017276443541049957,0.9999847412109375,0.0,4,0.0031178,4.0,18047.5,237.603,0.434437,-0.184309,-1.0,-1.0,-1.0,-1.0,-1.0,-1.0,-1.0,-1.0,-1.0,-1.0,-1.0,-1.0,-1.0,-1.0,-1.0,-1.0,-1.0,-1.0,-1.0,1.00314,217.812,218.166,214.446,214.446
23.99139142036438,-0.022886039316654207,0.9999847412109375,0.0,4,0.00494945,4.0,18089.1,238.158,0.540501,-0.177485,-1.0,-1.0,-1.0,-1.0,-1.0,-1.0,-1.0,-1.0,-1.0,-1.0,-1.0,-1.0,-1.0,-1.0,-1.0,-1.0,-1.0,-1.0,-1.0,1.00269,218.307,218.693,214.94,214.94
24.012848138809204,-0.03277674317359924,0.9999847412109375,0.0,4,0.00712895,4.0,18130.4,238.71,0.633855,-0.164192,-1.0,-1.0,-1.0,-1.0,-1.0,-1.0,-1.0,-1.0,-1.0,-1.0,-1.0,-1.0,-1.0,-1.0,-1.0,-1.0,-1.0,-1.0,-1.0,1.00185,218.776,219.235,215.432,215.432
24.035050868988037,-0.04237228073179722,0.9999847412109375,0.0,4,0.0100639,4.0,18169.5,239.259,0.768532,-0.151334,-1.0,-1.0,-1.0,-1.0,-1.0,-1.0,-1.0,-1.0,-1.0,-1.0,-1.0,-1.0,-1.0,-1.0,-1.0,-1.0,-1.0,-1.0,-1.0,1.0005,219.195,219.809,215.9,215.9
24.05725121498108,-0.06028407849371434,0.9999847412109375,0.0,4,0.0139464,4.0,18209.1,239.803,0.985486,-0.130244,0.0126901,0.0283247,0.0455456,0.0819071,0.158446,0.298063,0.562675,2.52283,33.5285,37.3558,40.3188,42.8955,46.1324,49.4944,55.197,65.2252,79.5879,36.1548,16.7264,0.998525,219.588,220.397,216.366,216.366
24.07980251312256,-0.10555605925619603,0.9999847412109375,0.0,4,0.0191436,4.0,18252.3,240.335,1.27337,-0.11389,0.0371902,0.0838923,0.136343,0.250753,0.509187,1.05317,2.44986,30.1078,34.5213,37.6188,40.252,42.6254,45.6685,48.8773,54.3848,64.1817,78.3423,35.9133,16.619,0.995702,219.918,220.998,216.878,216.878
24.102975130081177,-0.163425887003541,0.9999847412109375,0.0,4,0.0268248,4.0,18299.8,240.843,1.70132,-0.1051,0.0723179,0.165772,0.273932,0.522527,1.15757,2.95976,17.4809,32.7492,35.7845,38.3701,40.7038,42.8708,45.706,48.7421,54.0238,63.5441,77.4488,35.3794,16.4645,0.991709,220.05,221.611,217.439,217.439
24.124666929244995,-0.21051912903785708,0.9999847412109375,0.0,4,0.0380145,4.0,18352.6,241.309,2.48835,-0.0830931,0.122966,0.288816,0.489973,0.994333,2.62895,14.8759,31.1321,35.1039,37.5108,39.721,41.7934,43.7625,46.3871,49.2378,54.2673,63.4624,77.0454,34.3987,16.2466,0.98607,219.973,222.195,218.065,218.065
24.14628529548645,-0.24358780719339848,0.9999847412109375,0.0,4,0.0523696,4.0,18409.2,241.724,3.66992,-0.0669821,0.194254,0.471578,0.830943,1.8636,7.45184,30.1869,34.3424,37.4449,39.4914,41.4361,43.3026,45.1046,47.5376,50.2139,54.9912,63.8414,77.0598,33.0691,15.9725,0.978337,219.816,222.66,218.736,218.736
24.169007778167725,-0.2738515917211771,0.9999847412109375,0.0,4,0.0684844,4.0,18455.4,242.102,4.99829,-0.0285162,0.291108,0.735386,1.3615,3.5644,25.7473,33.6197,36.9187,39.5892,41.4089,43.1709,44.8829,46.5526,48.829,51.3532,55.9025,64.4235,77.2725,31.6317,15.6648,0.968121,219.7,222.969,219.288,219.288
24.19182538986206,-0.2843332026153803,0.9999847412109375,0.0,4,0.0850623,4.0,18506.5,242.437,6.24782,0.00370466,0.417507,1.10249,2.16895,7.25219,30.1094,36.1209,39.0035,41.4118,43.0789,44.7087,46.3061,47.8734,50.0225,52.4216,56.7739,64.9957,77.4964,30.2535,15.3421,0.955155,219.624,223.097,219.895,219.895
24.21492028236389,-0.30042469650506975,0.9999847412109375,0.0,4,0.101354,4.0,18552.8,242.747,7.32021,0.0223835,0.576552,1.59639,3.37745,17.502,32.7992,38.036,40.6623,42.8892,44.4463,45.9774,47.4847,48.9705,51.0171,53.3104,57.4937,65.4507,77.6328,28.9957,15.0133,0.939276,219.661,223.185,220.45,220.45
24.233498334884644,-0.30042469650506975,0.5058746337890625,0.0,4,0.11703,4.0,18592.2,243.04,8.13597,0.0494187,0.771019,2.24385,5.17787,23.8651,34.7443,39.5136,41.9577,44.051,45.5219,46.9745,48.4104,49.8293,51.7892,53.9942,58.0305,65.751,77.6449,27.8639,14.6811,0.920366,219.722,223.199,220.921,220.921
24.25546407699585,-0.3058869484812021,0.0,0.0,4,0.131836,4.0,18248.5,242.964,8.62609,0.0764595,1.00346,3.07444,7.86999,26.6571,36.183,40.6233,42.9299,44.9159,46.3179,47.7065,49.0816,50.444,52.3312,54.4583,58.3665,65.8753,77.5075,26.8553,14.3463,0.898313,219.832,223.194,216.892,216.892
24.277721643447876,-0.3058869484812021,0.0,0.0,4,0.145451,4.0,17863.8,242.25,8.70252,0.123875,1.27545,4.115,11.9108,28.4914,37.2023,41.3918,43.5861,45.485,46.8289,48.1625,49.4864,50.8007,52.6236,54.6832,58.4774,65.7977,77.1943,25.9736,14.0107,0.87306,219.692,222.831,210.623,214.063
24.30039119720459,-0.3058869484812021,0.0,0.0,4,0.159486,4.0,17781.6,241.297,8.81445,0.166375,1.59105,5.44202,16.2626,30.0192,38.1373,42.1177,44.2167,46.038,47.3301,48.6153,49.8928,51.1623,52.9264,54.9237,58.6107,65.75,76.9163,25.0878,13.6568,0.844651,219.138,222.197,209.486,213.214
24.32395577430725,-0.3058869484812021,0.0,0.0,4,0.17491,4.0,17705.6,240.334,9.2139,0.191187,1.95628,7.18609,19.0716,31.4911,39.149,42.9515,44.9649,46.7173,47.9631,49.203,50.4371,51.6654,53.3748,55.3119,58.8962,65.8567,76.7867,24.1368,13.2767,0.813088,218.302,221.494,208.417,212.475
24.346542358398438,-0.3058869484812021,0.0,0.0,4,0.191804,4.0,17628.9,239.355,9.89067,0.219722,2.3776,9.52945,21.3688,32.9554,40.2447,43.8936,45.8326,47.5229,48.7257,49.9246,51.1196,52.3094,53.9666,55.8476,59.3325,66.1184,76.8051,23.1307,12.8721,0.77835,217.326,220.752,207.34,211.732
24.365390300750732,-0.3058869484812021,0.0,0.0,4,0.210145,4.0,17550.6,238.353,10.8031,0.271799,2.86333,11.899,23.4262,34.4317,41.4195,44.9356,46.8077,48.4419,49.6065,50.768,51.9259,53.0799,54.6891,56.5166,59.907,66.5234,76.9601,22.0862,12.4452,0.740369,216.265,219.976,206.242,210.971
24.388884782791138,-0.3058869484812021,0.0,0.0,4,0.229226,4.0,17472.8,237.332,11.8383,0.330547,3.41962,13.9661,25.2806,35.8441,42.5789,45.9782,47.7914,49.3756,50.5048,51.6318,52.7564,53.878,55.4416,57.2192,60.5204,66.9777,77.1604,21.0539,12.0048,0.699109,215.214,219.13,205.211,210.144
24.411494970321655,-0.3058869484812021,0.0,0.0,4,0.247849,4.0,17395.4,236.307,12.6981,0.417236,4.04843,15.7575,26.8717,37.0663,43.58,46.8756,48.6352,50.1735,51.2713,52.3674,53.461,54.552,56.0745,57.8065,61.0247,67.3341,33.9873,20.0936,11.5721,0.654512,214.221,218.162,204.342,209.181
24.43272566795349,-0.3058869484812021,0.0,0.0,4,0.26548,4.0,17316.2,235.291,13.3367,0.471366,4.74025,17.2937,28.1934,38.0604,44.3751,47.5762,49.287,50.7843,51.8526,52.9196,53.985,55.0486,56.5332,58.2222,61.3654,67.5361,30.4471,19.2179,11.1534,0.606579,213.292,217.121,203.486,208.154
24.456652641296387,-0.3058869484812021,0.0,0.0,4,0.282,4.0,17238.7,234.287,13.7466,0.489548,5.41745,18.6022,29.2718,38.8368,44.9684,48.0817,49.7478,51.206,52.2472,53.2878,54.3274,55.3649,56.8139,58.464,61.5389,67.5788,28.2523,18.4208,10.7492,0.555422,212.41,216.061,202.67,207.127
24.47549295425415,-0.3058869484812021,0.0,0.0,4,0.297518,4.0,17163.8,233.296,13.9119,0.506946,6.06448,19.7169,30.1458,39.4284,45.3886,48.4207,50.044,51.4661,52.4823,53.4981,54.5126,55.526,56.9422,58.5565,61.5685,67.4818,26.583,17.6872,10.3576,0.501073,211.546,214.993,201.884,206.13
24.498483657836914,-0.31139841079711916,0.0,0.0,4,0.299526,4.0,17090.9,232.315,13.928,0.521591,6.68293,20.685,30.874,39.8911,45.6909,48.6455,50.2292,51.6174,52.6094,53.6012,54.5927,55.5835,56.9693,58.5501,61.5009,67.2929,25.1798,16.9964,9.97591,0.44467,210.686,213.974,201.089,205.189
24.520819664001465,-0.32256896644830707,0.0,0.0,4,0.296235,4.0,17023.9,231.343,13.7355,0.574246,7.26971,21.5108,31.4558,40.2201,45.8666,48.7478,50.2937,51.6491,52.6181,53.5876,54.5574,55.5271,56.8842,58.4337,61.3242,67.0007,23.9836,16.3497,9.60474,0.388988,209.824,212.961,200.39,204.291
24.541136026382446,-0.32256896644830707,0.0352935791015625,0.0,4,0.291862,4.0,16955.9,230.393,13.306,0.629631,7.82125,22.1906,31.8806,40.3973,45.8957,48.7066,50.2156,51.5396,52.487,53.4355,54.3847,55.3344,56.6643,58.1828,61.0156,66.581,22.9753,15.7517,9.24504,0.334143,208.958,211.905,199.713,203.353
24.564653635025024,-0.323977517601798,0.698028564453125,0.0,4,0.2871,4.0,16915.4,229.476,12.79,0.689371,8.34471,22.7827,32.2251,40.5051,45.862,48.605,50.0788,51.3731,52.2999,53.2282,54.1578,55.0884,56.3918,57.879,60.656,66.1129,22.043,15.1749,8.89237,0.280149,208.118,210.935,199.346,202.749
24.588303804397583,-0.33114108381415713,0.9999847412109375,0.0,4,0.281691,4.0,17355.7,228.935,12.2845,0.73511,8.841,23.2975,32.4992,40.5537,45.7746,48.4517,49.8919,51.1578,52.0648,52.9739,53.8847,54.7965,56.0728,57.5299,60.2516,65.6032,21.1706,14.6165,8.54632,0.227027,207.362,210.102,206.173,206.173
24.608635187149048,-0.3600602313955625,0.9999847412109375,0.0,4,0.275382,4.0,17633.7,229.06,11.7018,0.813659,9.30427,23.7088,32.6625,40.4933,45.5804,48.1935,49.6011,50.8395,51.7273,52.6177,53.5097,54.4022,55.6521,57.0803,59.7475,64.998,20.4025,14.0913,8.20941,0.174726,206.945,209.593,209.51,209.51
24.633262634277344,-0.37108108480777585,0.9999847412109375,0.0,4,0.268216,4.0,17658.4,229.395,11.071,0.88225,9.73402,24.0258,32.7272,40.3352,45.2901,47.8407,49.2165,50.4279,51.297,52.1684,53.041,53.9147,55.139,56.5384,59.1526,64.3051,19.7234,13.5965,7.88134,0.12329,206.76,209.33,209.842,209.842
24.65296459197998,-0.382153004420052,0.9999847412109375,0.0,4,0.259963,4.0,17658.0,229.755,10.3287,0.939536,10.1281,24.2479,32.6904,40.0757,44.8992,47.3881,48.7324,49.9171,50.7671,51.6191,52.4729,53.3281,54.5273,55.8974,58.4604,63.5172,19.138,13.1346,7.563,0.0728213,206.812,209.291,209.84,209.84
24.673103094100952,-0.3937259688973427,0.9999847412109375,0.0,4,0.250436,4.0,17652.6,230.13,9.47461,0.979732,10.4849,24.3769,32.5527,39.7141,44.4059,46.8333,48.1463,49.3039,50.1343,50.9671,51.8022,52.6392,53.8129,55.1544,57.6667,62.6308,18.6528,12.7079,7.25539,0.0234947,207.0,209.363,209.786,209.786
24.700185537338257,-0.3937259688973427,0.9999847412109375,0.0,4,0.239945,4.0,17650.5,230.513,8.51042,1.02003,10.8047,24.4233,32.3273,39.2636,43.8237,46.1897,47.4712,48.6008,49.4117,50.2255,51.042,51.8608,53.0087,54.322,56.784,61.6577,18.2662,12.3146,6.95914,-0.0245387,207.264,209.5,209.746,209.746
24.72026228904724,-0.39997558631002905,0.9999847412109375,0.0,4,0.229314,4.0,17668.2,230.875,7.6096,1.04964,11.0986,24.4359,32.0791,38.797,43.2294,45.5353,46.7851,47.8873,48.6789,49.4741,50.2722,51.0722,52.1947,53.4803,55.8921,60.6756,17.9104,11.9334,6.67114,-0.0711454,207.63,209.792,209.947,209.947
24.74011778831482,-0.39997558631002905,0.9999847412109375,0.0,4,0.219489,4.0,17697.2,231.216,7.03266,1.06076,11.384,24.4803,31.893,38.4128,42.7272,44.9766,46.1957,47.2717,48.0451,48.8223,49.6021,50.3839,51.4817,52.7402,55.1016,59.7938,17.4723,11.5331,6.38663,-0.116193,207.962,210.202,210.289,210.289
24.763684511184692,-0.39997558631002905,0.9999847412109375,0.0,4,0.211051,4.0,17714.3,231.553,6.81519,1.09649,11.666,24.5721,31.7875,38.1325,42.3409,44.5372,45.7279,46.7796,47.5359,48.2952,49.0573,49.8219,50.8962,52.1278,54.4397,59.0398,16.9179,11.1068,6.10523,-0.159538,208.261,210.708,210.495,210.495
24.78340744972229,-0.39997558631002905,0.9999847412109375,0.0,4,0.2038,4.0,17747.0,231.866,6.87115,1.1389,11.9415,24.6924,31.7367,37.9259,42.0385,44.1844,45.3488,46.3775,47.1165,47.859,48.6044,49.3527,50.4043,51.6091,53.8732,58.3812,16.2825,10.6655,5.82914,-0.201188,208.527,211.217,210.877,210.877
24.807905435562134,-0.39997558631002905,0.9999847412109375,0.0,4,0.197685,4.0,17785.5,232.158,7.18899,1.18241,12.212,24.8414,31.7394,37.7912,41.8161,43.916,45.0556,46.0616,46.7846,47.5113,48.2412,48.9738,50.0026,51.1818,53.3992,57.8151,15.5757,10.2113,5.55881,-0.241142,208.744,211.697,211.333,211.333
24.826955556869507,-0.39997558631002905,0.9999847412109375,0.0,4,0.1921,4.0,17819.4,232.443,7.6968,1.21931,12.4728,24.9988,31.7654,37.6941,41.6367,43.6936,44.8087,45.7934,46.5015,47.2133,47.9278,48.6446,49.6515,50.8064,52.9773,57.3024,14.8464,9.75797,5.29639,-0.279349,208.919,212.102,211.748,211.748
24.85118293762207,-0.39997558631002905,0.9999847412109375,0.0,4,0.186562,4.0,17845.3,232.729,8.20005,1.26857,12.713,25.1266,31.7648,37.5762,41.4378,43.4511,44.5427,45.5072,46.2006,46.8971,47.5961,48.2977,49.2838,50.415,52.5398,56.776,14.1642,9.32607,5.04548,-0.31581,209.091,212.408,212.049,212.049
24.871224641799927,-0.39997558631002905,0.9999847412109375,0.0,4,0.180656,4.0,17875.7,233.006,8.60776,1.31843,12.9274,25.2064,31.7138,37.4071,41.1875,43.1573,44.2262,45.17,45.8482,46.5295,47.2138,47.9009,48.8665,49.9731,52.0538,56.2034,13.5577,8.9252,4.8081,-0.350513,209.281,212.638,212.41,212.41
24.895533323287964,-0.39997558631002905,0.9999847412109375,0.0,4,0.17397,4.0,17905.8,233.28,8.9375,1.35242,13.1159,25.2383,31.6117,37.1851,40.8832,42.8107,43.8561,44.7789,45.4424,46.1091,46.7791,47.4516,48.396,49.479,51.5168,55.5926,13.025,8.55552,4.58418,-0.383453,209.483,212.828,212.768,212.768
24.91505789756775,-0.39997558631002905,0.9999847412109375,0.0,4,0.166586,4.0,17924.4,233.565,9.1438,1.38837,13.2754,25.2157,31.4502,36.9,40.5141,42.3985,43.4201,44.3224,44.9714,45.624,46.2792,46.9366,47.8604,48.9204,50.9153,54.9476,12.5769,8.22107,4.37461,-0.414529,209.704,212.996,212.995,212.995
24.93882966041565,-0.39997558631002905,0.9999847412109375,0.0,4,0.15841,4.0,17944.9,233.852,9.19424,1.41917,13.404,25.1324,31.222,36.5425,40.0708,41.9106,42.9086,43.7906,44.4253,45.0628,45.703,46.3457,47.2493,48.2869,50.2388,54.2518,12.2269,7.92646,4.18073,-0.443703,209.956,213.153,213.237,213.237
24.96326208114624,-0.39997558631002905,0.9999847412109375,0.0,4,0.149432,4.0,17966.6,234.141,9.14261,1.43901,13.5046,24.9996,30.9404,36.1274,39.569,41.3641,42.3388,43.2005,43.82,44.4427,45.0682,45.6965,46.5805,47.5952,49.5048,53.5185,11.9674,7.66895,4.00247,-0.470904,210.228,213.327,213.495,213.495
24.9838125705719,-0.39997558631002905,0.9999847412109375,0.0,4,0.139781,4.0,17983.5,234.435,9.03593,1.45312,13.5795,24.8275,30.6167,35.669,39.0235,40.7747,41.7262,42.5668,43.1715,43.7795,44.3908,45.005,45.8692,46.8608,48.7294,52.7617,11.7951,7.44632,3.83963,-0.49601,210.51,213.529,213.701,213.701
25.00282859802246,-0.39997558631002905,0.9999847412109375,0.0,4,0.129763,4.0,18000.0,234.733,8.87857,1.46763,13.6297,24.6196,30.2549,35.172,38.439,40.1467,41.0742,41.8941,42.4843,43.078,43.6752,44.2753,45.1192,46.0883,47.917,51.9836,11.7227,7.26024,3.69287,-0.518955,210.804,213.755,213.894,213.894
25.028372526168823,-0.39997558631002905,0.9999847412109375,0.0,4,0.119486,4.0,18019.2,235.029,8.7113,1.47638,13.6578,24.3835,29.865,34.6471,37.827,39.4909,40.3949,41.1946,41.7706,42.3503,42.9333,43.519,44.343,45.2902,47.0907,51.197,11.7647,7.1117,3.56286,-0.539695,211.102,214.005,214.121,214.121
25.048561096191406,-0.39997558631002905,0.9999847412109375,0.0,4,0.108751,4.0,18039.0,235.324,8.57438,1.48025,13.6659,24.1272,29.456,34.1045,37.1995,38.8195,39.7006,40.4806,41.0427,41.6083,42.1769,42.7484,43.5531,44.4789,46.2694,50.4172,11.9425,7.0009,3.44983,-0.558104,211.395,214.28,214.357,214.357
25.068639993667603,-0.39997558631002905,0.9999847412109375,0.0,4,0.0980809,4.0,18058.1,235.618,8.47748,1.48492,13.6549,23.8536,29.031,33.5484,36.5598,38.1372,38.996,39.7568,40.3047,40.8561,41.4108,41.9686,42.7545,43.6597,45.4587,49.6509,12.3096,6.93008,3.35426,-0.574104,211.68,214.57,214.584,214.584
25.09479832649231,-0.39997558631002905,0.9999847412109375,0.0,4,0.0874859,4.0,18079.0,235.91,8.42628,1.484,13.6252,23.5616,28.5901,32.9788,35.9078,37.4438,38.2809,39.0221,39.556,40.0936,40.6347,41.1792,41.9468,42.8445,44.6587,48.8989,13.0087,6.90539,3.27763,-0.587653,211.957,214.863,214.831,214.831
25.11594009399414,-0.39997558631002905,0.9999847412109375,0.0,4,0.0765013,4.0,18100.3,236.2,8.40743,1.48153,13.5765,23.2506,28.1322,32.3944,35.2419,36.7376,37.5526,38.2745,38.7949,39.319,39.8469,40.3784,41.1336,42.0375,43.8678,48.1592,14.5927,6.93384,3.22091,-0.598684,212.226,215.154,215.084,215.084
25.135984659194946,-0.39997558631002905,0.9999847412109375,0.0,4,0.0655273,4.0,18124.1,236.485,8.4254,1.47454,13.5089,22.9217,27.6584,31.796,34.5635,36.0192,36.8124,37.5155,38.0226,38.5338,39.0489,39.5707,40.3294,41.2405,43.0884,47.4352,57.4336,7.02209,3.18486,-0.607079,212.487,215.441,215.367,215.367
25.161001205444336,-0.39997558631002905,0.9999847412109375,0.0,4,0.054633,4.0,18146.0,236.771,8.47906,1.46257,13.4223,22.5739,27.1666,31.1816,33.8713,35.2868,36.0588,36.7436,37.2379,37.7364,38.2442,38.769,39.5334,40.4523,42.3188,46.7252,56.9463,7.18136,3.17097,-0.612823,212.74,215.721,215.627,215.627
25.181009531021118,-0.39997558631002905,0.9999847412109375,0.0,4,0.0433162,4.0,18166.9,237.057,8.52584,1.44818,13.3152,22.2007,26.6498,30.5427,33.1552,34.5309,35.2821,35.949,36.4309,36.9254,37.4362,37.9644,38.7344,39.661,41.5461,46.0133,56.4682,7.43112,3.18117,-0.615863,212.992,215.984,215.876,215.876
25.201496601104736,-0.39997558631002905,0.9999847412109375,0.0,4,0.0317119,4.0,18192.6,237.337,8.56452,1.4273,13.1881,21.8035,26.1093,29.8807,32.416,33.7528,34.4835,35.1345,35.6152,36.1121,36.6259,37.1574,37.9329,38.867,40.7708,45.3003,56.002,7.79009,3.21637,-0.61609,213.247,216.24,216.179,216.179
25.227517127990723,-0.39997558631002905,0.9999847412109375,0.0,4,0.0201647,4.0,18213.5,237.619,8.6248,1.40221,13.0426,21.3865,25.55,29.2013,31.6598,32.9585,33.6708,34.3206,34.8035,35.303,35.8198,36.3547,37.1359,38.0779,40.0014,44.5971,55.5668,8.28262,3.2779,-0.613476,213.494,216.497,216.431,216.431
25.246465921401978,-0.39997558631002905,0.9999847412109375,0.0,4,0.00822067,4.0,18232.6,237.905,8.65878,1.37298,12.8767,20.9421,24.9624,28.4937,30.8754,32.137,32.8457,33.4974,33.9822,34.4838,35.0032,35.5412,36.3275,37.2769,39.2192,43.8804,55.1268,8.96376,3.36862,-0.607989,213.746,216.74,216.658,216.658
25.26677894592285,-0.39997558631002905,0.9999847412109375,0.0,4,-0.00424814,4.0,18257.6,238.185,8.65233,1.34022,12.6903,20.4708,24.347,27.7581,30.0636,31.302,32.0115,32.6645,33.1506,33.654,34.1756,34.7162,35.5072,36.4632,38.4232,43.1487,54.6811,9.94366,3.48991,-0.599524,214.006,216.979,216.947,216.947
25.29133629798889,-0.39997558631002905,0.9999847412109375,0.0,4,-0.0165868,4.0,18278.9,238.464,8.67549,1.30235,12.4854,19.9811,23.7149,27.007,29.2388,30.4722,31.1825,31.8369,32.3245,32.8297,33.3536,33.8971,34.693,35.6562,37.6352,42.4306,54.2786,11.4691,3.64236,-0.588036,214.26,217.233,217.208,217.208
25.311031818389893,-0.39997558631002905,0.9999847412109375,0.0,4,-0.0289497,4.0,18296.4,238.748,8.69608,1.26426,12.2608,19.4689,23.0603,26.2337,28.4066,29.6389,30.3496,31.0051,31.4939,32.0007,32.5267,33.0729,33.8735,34.8437,36.8416,41.7088,53.8938,93.1255,3.82835,-0.573514,214.512,217.483,217.416,217.416
25.33556079864502,-0.39997558631002905,0.9999847412109375,0.0,4,-0.0414084,4.0,18316.0,239.029,8.67303,1.23493,12.016,18.9327,22.3816,25.4358,27.568,28.7979,29.5084,30.1644,30.6539,31.162,31.6897,32.2381,33.0428,34.0196,36.0355,40.9743,53.5139,95.6804,4.05039,-0.555978,214.772,217.729,217.638,217.638
25.354034662246704,-0.39997558631002905,0.9999847412109375,0.0,4,-0.0537257,4.0,18338.6,239.303,8.67583,1.19776,11.7524,18.3777,21.6857,24.6226,26.733,27.9604,28.6705,29.3269,29.8173,30.3267,30.8562,31.4069,32.2161,33.1996,35.235,40.2513,53.1846,98.8678,4.31246,-0.535436,215.027,217.985,217.918,217.918
25.379887104034424,-0.39997558631002905,0.9999847412109375,0.0,4,-0.0663923,4.0,18356.1,239.58,8.68629,1.17063,11.4697,17.8037,20.9715,23.8009,25.9001,27.1245,27.8342,28.491,28.9822,29.4928,30.0242,30.5773,31.3911,32.3818,34.4377,39.5377,52.9078,102.859,4.61797,-0.511866,215.278,218.245,218.127,218.127
25.398582935333252,-0.39997558631002905,0.243133544921875,0.0,4,-0.079731,4.0,18374.7,239.854,8.69011,1.15351,11.1682,17.2104,20.2386,22.9809,25.0676,26.2886,26.9976,27.6545,28.1464,28.6582,29.1913,29.7469,30.5653,31.5634,33.6408,38.83,52.6842,107.888,4.9729,-0.485078,215.528,218.503,218.346,218.346
25.4235258102417,-0.39997558631002905,0.0,0.0,4,-0.093122,4.0,17827.8,239.566,8.55017,1.14234,10.8467,16.5954,19.4833,22.1568,24.2282,25.4442,26.1515,26.808,27.2999,27.8124,28.3468,28.9042,29.7265,30.7313,32.8289,38.1077,52.4801,114.123,5.38412,-0.455102,215.716,218.673,210.77,213.065
25.44287943840027,-0.39997558631002905,0.0,0.0,4,-0.106768,4.0,17596.9,238.699,8.39627,1.13399,10.5103,15.9716,18.7231,21.3504,23.4079,24.62,25.3265,25.9832,26.4759,26.9898,27.5262,28.0864,28.9141,29.9274,32.0502,37.4361,52.4267,122.692,5.85242,-0.422115,215.551,218.484,207.49,210.839
25.466875314712524,-0.39997558631002905,0.0,0.0,4,-0.118973,4.0,17515.6,237.708,8.59071,1.12955,10.1693,15.3666,18.0027,20.6143,22.6722,23.8897,24.6012,25.2635,25.7614,26.2812,26.8246,27.393,28.2343,29.2668,31.4388,37.0057,52.9386,137.414,6.37074,-0.386019,214.961,218.037,206.288,210.093
25.48742389678955,-0.39997558631002905,0.0,0.0,4,-0.128677,4.0,17436.5,236.699,9.21257,1.13937,9.82597,14.7853,17.3477,19.9652,22.043,23.2787,24.0031,24.6791,25.188,25.7204,26.2779,26.8621,27.7287,28.7957,31.0521,36.9107,54.3028,153.969,6.93375,-0.346967,214.076,217.46,205.097,209.404
25.511916399002075,-0.39997558631002905,0.0,0.0,4,-0.137149,4.0,17355.4,235.669,10.2055,1.15675,9.4766,14.2193,16.7522,19.3959,21.5133,22.7805,23.5263,24.2241,24.7507,25.3027,25.8819,26.4903,27.3954,28.5139,30.8952,37.1796,56.7475,168.679,7.54591,-0.305072,213.037,216.781,203.911,208.666
25.531415224075317,-0.39997558631002905,0.0,0.0,4,-0.144584,4.0,17273.5,234.617,11.3949,1.1841,9.11638,13.6573,16.1977,18.8819,21.054,22.3638,23.138,23.8647,24.4147,24.9925,25.6004,26.2407,27.1964,28.3829,30.9291,37.7834,60.4672,182.352,8.2167,-0.260284,211.943,215.979,202.796,207.834
25.556853532791138,-0.39997558631002905,0.352935791015625,0.0,4,-0.151327,4.0,17189.3,233.549,12.5989,1.2193,8.74146,13.1102,15.6653,18.3976,20.6341,21.9941,22.8021,23.5633,24.1411,24.75,25.3923,26.0709,27.0878,28.3571,31.1061,38.6833,65.7594,194.996,8.96761,-0.212778,210.836,215.047,201.73,206.9
25.577369689941406,-0.39997558631002905,0.9999847412109375,0.0,4,-0.159578,4.0,17362.0,232.553,13.6425,1.246,8.3463,12.5642,15.1278,17.904,20.2043,21.6156,22.4586,23.256,23.8633,24.5052,25.1844,25.9045,26.9882,28.3488,31.3261,39.7557,72.8404,200.0,9.77946,-0.162615,209.765,213.992,206.269,206.269
25.598018646240234,-0.39997558631002905,0.9999847412109375,0.0,4,-0.169912,4.0,17928.4,232.295,14.2751,1.27877,7.92443,11.997,14.5497,17.3482,19.6949,21.1475,22.0199,22.8483,23.4814,24.1525,24.8651,25.6229,26.7686,28.2156,31.416,40.738,81.5137,200.0,10.5409,-0.109578,208.959,213.005,212.95,212.95
25.622920513153076,-0.39997558631002905,0.9999847412109375,0.0,4,-0.181759,4.0,18007.5,232.451,14.603,1.31209,7.47734,11.4101,13.9332,16.7319,19.1064,20.589,21.4843,22.3377,22.9922,23.688,24.4292,25.2203,26.4215,27.9478,31.3609,41.6049,92.4675,106.346,11.2539,-0.0535075,208.578,212.399,213.979,213.979
25.644126653671265,-0.39997558631002905,0.9999847412109375,0.0,4,-0.196754,4.0,18010.1,232.701,14.4792,1.33048,7.00456,10.7962,13.2645,16.0322,18.4056,19.8995,20.8061,21.6736,22.3409,23.0525,23.8128,24.6269,25.8683,27.4549,31.0407,42.1281,105.562,91.774,11.9407,0.00569852,208.518,212.046,214.029,214.029
25.665177822113037,-0.39997558631002905,0.9999847412109375,0.0,4,-0.215027,4.0,17983.8,233.022,13.7319,1.34196,6.52243,10.1468,12.528,15.2217,17.5521,19.0288,19.9286,20.7923,21.4586,22.1707,22.9335,23.7525,25.0059,26.616,30.2881,41.9442,118.811,85.2656,12.6274,0.0683225,208.694,211.821,213.728,213.728
25.686133861541748,-0.39997558631002905,0.9999847412109375,0.0,4,-0.236117,4.0,17957.2,233.391,12.3351,1.35039,6.04478,9.46564,11.7282,14.3041,16.5469,17.9751,18.8481,19.6879,20.3369,21.032,21.7779,22.5804,23.812,25.3998,29.0465,40.8585,127.854,83.1727,13.3264,0.134403,209.071,211.705,213.407,213.407
25.71083903312683,-0.39997558631002905,0.9999847412109375,0.0,4,-0.244507,4.0,17941.6,233.774,10.5945,1.34684,5.57734,8.77644,10.9031,13.3359,15.4646,16.8251,17.6587,18.462,19.0838,19.7506,20.4672,21.2395,22.4271,23.9627,27.5086,39.1807,131.244,82.9793,14.0198,0.203137,209.589,211.761,213.214,213.214
25.731549501419067,-0.39997558631002905,0.9999847412109375,0.0,4,-0.239502,4.0,17928.7,234.156,8.90041,1.34487,5.12583,8.10414,10.0938,12.3808,14.3915,15.6813,16.4735,17.2381,17.831,18.4675,19.1527,19.8923,21.0319,22.5099,25.9412,37.4239,133.853,82.8349,14.6752,0.269857,210.168,212.039,213.065,213.065
25.751723051071167,-0.39997558631002905,0.9999847412109375,0.0,4,-0.233393,4.0,17930.5,234.514,7.52851,1.36356,4.6937,7.46436,9.32688,11.4804,13.3852,14.6129,15.3691,16.1007,16.669,17.2803,17.9395,18.6525,19.7541,21.1882,24.5413,36.0082,137.87,81.616,15.2622,0.333905,210.734,212.529,213.071,213.071
25.777074098587036,-0.39997558631002905,0.9999847412109375,0.0,4,-0.225158,4.0,17950.6,234.842,6.70756,1.37613,4.28261,6.86524,8.61645,10.6581,12.4794,13.6611,14.3919,15.1013,15.6539,16.2497,16.894,17.5929,18.677,20.0959,23.4481,35.2899,144.131,78.7937,15.7551,0.395347,211.212,213.167,213.304,213.304
25.797075986862183,-0.39997558631002905,0.9999847412109375,0.0,4,-0.214466,4.0,17979.2,235.148,6.46004,1.39201,3.89225,6.30594,7.96193,9.91451,11.6768,12.8306,13.5485,14.2484,14.7956,15.3878,16.0307,16.7309,17.8232,19.2639,22.719,35.5344,152.277,74.6508,16.1451,0.454178,211.569,213.855,213.639,213.639
25.81859517097473,-0.39997558631002905,0.9999847412109375,0.0,4,-0.201511,4.0,18012.8,235.434,6.69205,1.41794,3.52112,5.78043,7.35395,9.23646,10.9615,12.1047,12.8215,13.5244,14.077,14.6778,15.3334,16.0516,17.1803,18.6854,22.3714,37.0673,161.605,69.852,16.4388,0.510373,211.812,214.504,214.037,214.037
25.843245267868042,-0.39997558631002905,0.9999847412109375,0.0,4,-0.187046,4.0,18045.2,235.71,7.23041,1.44596,3.16724,5.27919,6.7766,8.59957,10.3013,11.4459,12.1706,12.8866,13.4532,14.073,14.7538,15.5052,16.6977,18.3105,22.3741,40.3682,171.268,65.1313,16.6578,0.563837,211.979,215.029,214.427,214.427
25.864615440368652,-0.39997558631002905,0.9999847412109375,0.0,4,-0.172032,4.0,18075.4,235.98,7.84466,1.48239,2.82875,4.79281,6.21324,7.9768,9.65828,10.809,11.546,12.2807,12.8666,13.5123,14.2274,15.0237,16.3031,18.0646,22.6684,46.4119,180.551,60.9608,16.8285,0.614482,212.124,215.407,214.782,214.782
25.885176181793213,-0.39997558631002905,0.9999847412109375,0.0,4,-0.15714,4.0,18106.1,236.244,8.39818,1.51255,2.50494,4.31633,5.65426,7.35095,9.00681,10.1622,10.9119,11.6668,12.2746,12.9501,13.7055,14.5556,15.942,17.893,23.2368,57.9693,189.117,57.4542,16.9691,0.662229,212.277,215.662,215.149,215.149
25.904622554779053,-0.39997558631002905,0.9999847412109375,0.0,4,-0.142719,4.0,18134.7,236.507,8.82054,1.53578,2.19589,3.84854,5.09618,6.71415,8.33334,9.48748,10.2473,11.0215,11.6513,12.3584,13.158,14.0693,15.5823,17.7693,24.132,85.5615,196.884,54.5458,17.0891,0.707034,212.452,215.841,215.489,215.489
25.929184675216675,-0.39997558631002905,0.9999847412109375,0.0,4,-0.128797,4.0,18160.5,236.77,9.10353,1.55732,1.9024,3.39138,4.54108,6.06756,7.63704,8.7823,9.54875,10.34,10.9916,11.7318,12.5799,13.5613,15.2262,17.7149,25.5616,126.249,200.0,52.0938,17.1898,0.74886,212.65,215.99,215.798,215.798
25.948458671569824,-0.39997558631002905,0.9999847412109375,0.0,4,-0.115389,4.0,18181.1,237.039,9.26548,1.57312,1.62525,2.94704,3.99158,5.41315,6.91789,8.04466,8.81275,9.61779,10.2902,11.0645,11.9659,13.0283,14.8796,17.7684,27.9606,140.26,116.205,49.9953,17.2725,0.787684,212.868,216.135,216.05,216.05
25.972729921340942,-0.39997558631002905,0.9999847412109375,0.0,4,-0.102603,4.0,18195.7,237.315,9.27774,1.59534,1.36516,2.51749,3.44982,4.75174,6.17327,7.26831,8.03032,8.84297,9.53292,10.3405,11.2985,12.4532,14.5346,17.9705,32.3055,150.481,102.603,48.195,17.34,0.823482,213.112,216.282,216.221,216.221
25.9938383102417,-0.39997558631002905,0.9999847412109375,0.0,4,-0.0903896,4.0,18212.4,237.595,9.17019,1.61047,1.12298,2.10578,2.9202,4.08835,5.4069,6.45478,7.20119,8.01327,8.71617,9.55503,10.5735,11.8359,14.2135,18.4534,41.9198,158.869,93.7746,46.6218,17.3917,0.85625,213.38,216.445,216.419,216.419
26.019515991210938,-0.39997558631002905,0.9999847412109375,0.0,4,-0.0784621,4.0,18229.6,237.87,8.98553,1.64702,0.899613,1.71574,2.40904,3.43228,4.63016,5.61633,6.33814,7.1425,7.85529,8.72686,9.81682,11.2189,14.0249,19.6436,79.0887,166.274,86.6439,45.1816,17.4224,0.885996,213.661,216.646,216.622,216.622
26.040170192718506,-0.36921960264444353,0.9999847412109375,0.0,4,-0.0662432,4.0,18265.0,238.123,8.86782,1.69162,0.696077,1.35169,1.92393,2.79601,3.86106,4.77589,5.46852,6.26448,6.99206,7.91154,9.11028,10.7381,14.3227,23.1645,122.775,173.398,80.4184,43.7583,17.4213,0.912716,213.928,216.906,216.944,216.944
26.06034779548645,-0.3169590834528208,0.9999847412109375,0.0,4,-0.0538622,4.0,18249.5,238.414,8.80823,1.78256,0.512633,1.01456,1.46569,2.17827,3.09237,3.91896,4.57209,5.35366,6.09893,7.08587,8.45465,10.4799,15.7705,37.2944,135.404,180.234,74.9822,42.3735,17.3927,0.936421,214.374,217.366,216.883,216.883
26.083881378173828,-0.2534788940101862,0.9999847412109375,0.0,4,-0.0420241,4.0,18253.4,238.718,8.69904,1.84954,0.349669,0.70526,1.03457,1.57483,2.30656,3.00894,3.59361,4.33062,5.07446,6.12739,7.73242,10.4778,20.8385,112.544,144.829,186.357,70.4691,41.1215,17.3508,0.957096,215.084,217.994,216.922,216.922
26.10442328453064,-0.16746103912591936,0.9999847412109375,0.0,4,-0.0310221,4.0,18326.2,238.998,8.48444,1.86631,0.207352,0.42594,0.63446,0.990175,1.501,2.02581,2.49108,3.11821,3.80231,4.87142,6.77761,11.136,98.8812,126.212,152.338,191.7,66.7648,40.0187,17.3019,0.974817,216.048,218.774,217.631,217.631
26.127220392227173,-0.0992081169039011,0.9999847412109375,0.0,4,-0.0209357,4.0,18312.2,239.357,8.1253,1.98887,0.0860066,0.179778,0.271853,0.43525,0.684977,0.962054,1.22716,1.61742,2.09305,2.96528,5.08454,17.8258,118.487,135.03,158.451,196.717,63.7065,39.0507,17.2476,0.989654,217.254,219.708,217.985,217.985
26.147290468215942,-0.04655496813356877,0.9999847412109375,0.0,4,-0.0127046,4.0,18287.6,239.826,7.56958,2.03498,-1.0,-1.0,-1.0,-1.0,-1.0,-1.0,-1.0,-1.0,-1.0,-1.0,-1.0,-1.0,-1.0,-1.0,-1.0,-1.0,-1.0,-1.0,-1.0,1.0018,218.441,220.447,217.462,217.462
26.171319007873535,-0.021409824863076212,0.9999847412109375,0.0,4,-0.00731063,4.0,18306.5,240.326,6.76661,1.9561,-1.0,-1.0,-1.0,-1.0,-1.0,-1.0,-1.0,-1.0,-1.0,-1.0,-1.0,-1.0,-1.0,-1.0,-1.0,-1.0,-1.0,-1.0,-1.0,1.01156,219.538,220.885,217.363,217.363
26.19041156768799,-0.008419348299503327,0.9999847412109375,0.0,4,-0.00507438,4.0,18359.9,240.83,5.60509,1.81772,-1.0,-1.0,-1.0,-1.0,-1.0,-1.0,-1.0,-1.0,-1.0,-1.0,-1.0,-1.0,-1.0,-1.0,-1.0,-1.0,-1.0,-1.0,-1.0,1.01932,220.533,221.133,217.911,217.911
26.215362310409546,-0.004482999816536904,0.9999847412109375,0.0,4,-0.00507969,4.0,18453.1,241.315,4.23537,1.67367,-1.0,-1.0,-1.0,-1.0,-1.0,-1.0,-1.0,-1.0,-1.0,-1.0,-1.0,-1.0,-1.0,-1.0,-1.0,-1.0,-1.0,-1.0,-1.0,1.02548,221.378,221.437,219.019,219.019
26.2394757270813,-0.0017769098281860353,0.9999847412109375,0.0,4,-0.00603992,4.0,18436.3,241.883,2.94723,1.67411,-1.0,-1.0,-1.0,-1.0,-1.0,-1.0,-1.0,-1.0,-1.0,-1.0,-1.0,-1.0,-1.0,-1.0,-1.0,-1.0,-1.0,-1.0,-1.0,1.03038,222.011,221.865,219.137,219.137
26.258482217788696,-0.0017769098281860353,0.9999847412109375,0.0,4,-0.00730932,4.0,18403.1,242.474,1.90919,1.68083,-1.0,-1.0,-1.0,-1.0,-1.0,-1.0,-1.0,-1.0,-1.0,-1.0,-1.0,-1.0,-1.0,-1.0,-1.0,-1.0,-1.0,-1.0,-1.0,1.03441,222.56,222.345,218.838,218.838
26.282882690429688,-0.0017769098281860353,0.9999847412109375,0.0,4,-0.0083102,4.0,18388.1,243.053,1.17375,1.74124,-1.0,-1.0,-1.0,-1.0,-1.0,-1.0,-1.0,-1.0,-1.0,-1.0,-1.0,-1.0,-1.0,-1.0,-1.0,-1.0,-1.0,-1.0,-1.0,1.03785,223.046,222.848,218.623,218.623
26.301801681518555,-0.0017769098281860353,0.9999847412109375,0.0,4,-0.0090183,4.0,18427.8,243.585,0.695968,1.76675,-1.0,-1.0,-1.0,-1.0,-1.0,-1.0,-1.0,-1.0,-1.0,-1.0,-1.0,-1.0,-1.0,-1.0,-1.0,-1.0,-1.0,-1.0,-1.0,1.04092,223.519,223.37,219.016,219.016
26.324559211730957,-0.0017769098281860353,0.9999847412109375,0.0,4,-0.00944567,4.0,18483.3,244.101,0.406739,1.74581,-1.0,-1.0,-1.0,-1.0,-1.0,-1.0,-1.0,-1.0,-1.0,-1.0,-1.0,-1.0,-1.0,-1.0,-1.0,-1.0,-1.0,-1.0,-1.0,1.04376,223.984,223.847,219.631,219.631
26.34775137901306,-0.004482999816536904,0.9999847412109375,0.0,4,-0.0104314,4.0,18743.2,244.414,0.140847,1.39758,-1.0,-1.0,-1.0,-1.0,-1.0,-1.0,-1.0,-1.0,-1.0,-1.0,-1.0,-1.0,-1.0,-1.0,-1.0,-1.0,-1.0,-1.0,-1.0,1.04649,224.386,224.197,222.754,222.754
26.366715908050537,-0.011371681466698647,0.9999847412109375,0.0,4,-0.0120669,4.0,18743.6,244.91,-0.237804,1.22324,-1.0,-1.0,-1.0,-1.0,-1.0,-1.0,-1.0,-1.0,-1.0,-1.0,-1.0,-1.0,-1.0,-1.0,-1.0,-1.0,-1.0,-1.0,-1.0,1.04919,224.869,224.413,222.719,222.719
26.390271186828613,-0.017276443541049957,0.9999847412109375,0.0,4,-0.0133806,4.0,18751.4,245.349,-0.533113,1.30686,-1.0,-1.0,-1.0,-1.0,-1.0,-1.0,-1.0,-1.0,-1.0,-1.0,-1.0,-1.0,-1.0,-1.0,-1.0,-1.0,-1.0,-1.0,-1.0,1.05195,225.277,224.852,222.828,222.828
26.412670135498047,-0.021409824863076212,0.9999847412109375,0.0,4,-0.0137951,4.0,18786.6,245.76,-0.621953,1.45649,-1.0,-1.0,-1.0,-1.0,-1.0,-1.0,-1.0,-1.0,-1.0,-1.0,-1.0,-1.0,-1.0,-1.0,-1.0,-1.0,-1.0,-1.0,-1.0,1.05475,225.598,225.355,223.226,223.226
26.435242414474487,-0.021409824863076212,0.9999847412109375,0.0,4,-0.0135005,4.0,18804.2,246.189,-0.563854,1.56955,-1.0,-1.0,-1.0,-1.0,-1.0,-1.0,-1.0,-1.0,-1.0,-1.0,-1.0,-1.0,-1.0,-1.0,-1.0,-1.0,-1.0,-1.0,-1.0,1.05758,225.914,225.79,223.46,223.46
26.45810627937317,-0.021409824863076212,0.9999847412109375,0.0,4,-0.0125918,4.0,18834.4,246.593,-0.391368,1.80472,-1.0,-1.0,-1.0,-1.0,-1.0,-1.0,-1.0,-1.0,-1.0,-1.0,-1.0,-1.0,-1.0,-1.0,-1.0,-1.0,-1.0,-1.0,-1.0,1.06038,226.244,226.282,223.776,223.776
26.4810209274292,-0.021409824863076212,0.9999847412109375,0.0,4,-0.0116677,4.0,18907.4,246.987,-0.228244,1.7128,-1.0,-1.0,-1.0,-1.0,-1.0,-1.0,-1.0,-1.0,-1.0,-1.0,-1.0,-1.0,-1.0,-1.0,-1.0,-1.0,-1.0,-1.0,-1.0,1.06314,226.595,226.629,224.681,224.681
26.499844312667847,-0.024411464110016823,0.9999847412109375,0.0,4,-0.0107505,4.0,18889.2,247.425,-0.119969,1.90735,-1.0,-1.0,-1.0,-1.0,-1.0,-1.0,-1.0,-1.0,-1.0,-1.0,-1.0,-1.0,-1.0,-1.0,-1.0,-1.0,-1.0,-1.0,-1.0,1.0658,226.989,227.041,224.439,224.439
26.52288055419922,-0.031005266681313516,0.9999847412109375,0.0,4,-0.00971079,4.0,18975.0,247.797,-0.0106217,1.81326,-1.0,-1.0,-1.0,-1.0,-1.0,-1.0,-1.0,-1.0,-1.0,-1.0,-1.0,-1.0,-1.0,-1.0,-1.0,-1.0,-1.0,-1.0,-1.0,1.06834,227.325,227.415,225.475,225.475
26.54493474960327,-0.048720127344131475,0.9999847412109375,0.0,4,-0.00854808,4.0,18941.3,248.253,0.0541269,1.83567,-1.0,-1.0,-1.0,-1.0,-1.0,-1.0,-1.0,-1.0,-1.0,-1.0,-1.0,-1.0,-1.0,-1.0,-1.0,-1.0,-1.0,-1.0,-1.0,1.07069,227.688,227.75,225.101,225.101
26.56737494468689,-0.06028407849371434,0.9999847412109375,0.0,4,-0.00601798,4.0,18996.7,248.623,0.246569,1.94115,-1.0,-1.0,-1.0,-1.0,-1.0,-1.0,-1.0,-1.0,-1.0,-1.0,-1.0,-1.0,-1.0,-1.0,-1.0,-1.0,-1.0,-1.0,-1.0,1.07272,227.915,228.26,225.682,225.682
26.588945865631104,-0.06525413133203983,0.9999847412109375,0.0,4,-0.00247085,4.0,19047.8,249.017,0.627141,1.68419,-1.0,-1.0,-1.0,-1.0,-1.0,-1.0,-1.0,-1.0,-1.0,-1.0,-1.0,-1.0,-1.0,-1.0,-1.0,-1.0,-1.0,-1.0,-1.0,1.07429,228.126,228.631,226.379,226.379
26.612088680267334,-0.06525413133203983,0.9999847412109375,0.0,4,0.00222915,4.0,19044.0,249.409,1.06665,1.89014,-1.0,-1.0,-1.0,-1.0,-1.0,-1.0,-1.0,-1.0,-1.0,-1.0,-1.0,-1.0,-1.0,-1.0,-1.0,-1.0,-1.0,-1.0,-1.0,1.07526,228.378,229.184,226.245,226.245
26.633071422576904,-0.06525413133203983,0.9999847412109375,0.0,4,0.00755942,4.0,19106.3,249.772,1.66188,1.67377,-1.0,-1.0,-1.0,-1.0,-1.0,-1.0,-1.0,-1.0,-1.0,-1.0,-1.0,-1.0,-1.0,-1.0,-1.0,-1.0,-1.0,-1.0,-1.0,1.0755,228.614,229.561,227.074,227.074
26.654442071914673,-0.06525413133203983,0.9999847412109375,0.0,4,0.0126013,4.0,19067.6,250.181,2.01997,1.83771,-1.0,-1.0,-1.0,-1.0,-1.0,-1.0,-1.0,-1.0,-1.0,-1.0,-1.0,-1.0,-1.0,-1.0,-1.0,-1.0,-1.0,-1.0,-1.0,1.07491,228.993,229.916,226.591,226.591
26.676067113876343,-0.06525413133203983,0.9999847412109375,0.0,4,0.0178216,4.0,19160.5,250.5,2.37523,1.76412,-1.0,-1.0,-1.0,-1.0,-1.0,-1.0,-1.0,-1.0,-1.0,-1.0,-1.0,-1.0,-1.0,-1.0,-1.0,-1.0,-1.0,-1.0,-1.0,1.07334,229.303,230.256,227.636,227.636
26.69759225845337,-0.06525413133203983,0.9999847412109375,0.0,4,0.0227082,4.0,19137.8,250.899,2.61896,1.73646,-1.0,-1.0,-1.0,-1.0,-1.0,-1.0,-1.0,-1.0,-1.0,-1.0,-1.0,-1.0,-1.0,-1.0,-1.0,-1.0,-1.0,-1.0,-1.0,1.0708,229.636,230.538,227.421,227.421
26.719590663909912,-0.06274449974298478,0.9999847412109375,0.0,4,0.0276554,4.0,19210.0,251.213,2.77573,1.76056,-1.0,-1.0,-1.0,-1.0,-1.0,-1.0,-1.0,-1.0,-1.0,-1.0,-1.0,-1.0,-1.0,-1.0,-1.0,-1.0,-1.0,-1.0,-1.0,1.06718,229.975,230.893,228.228,228.228
26.74381446838379,-0.06274449974298478,0.9999847412109375,0.0,4,0.0324339,4.0,19214.0,251.584,2.94718,1.67024,-1.0,-1.0,-1.0,-1.0,-1.0,-1.0,-1.0,-1.0,-1.0,-1.0,-1.0,-1.0,-1.0,-1.0,-1.0,-1.0,-1.0,-1.0,-1.0,1.06248,230.289,231.177,228.363,228.363
26.76481318473816,-0.06028407849371434,0.9999847412109375,0.0,4,0.0370514,4.0,19210.5,251.953,2.88956,1.83071,-1.0,-1.0,-1.0,-1.0,-1.0,-1.0,-1.0,-1.0,-1.0,-1.0,-1.0,-1.0,-1.0,-1.0,-1.0,-1.0,-1.0,-1.0,-1.0,1.05662,230.657,231.583,228.252,228.252
26.785694122314453,-0.05551086701452732,0.9999847412109375,0.0,4,0.0427181,4.0,19289.7,252.295,3.08282,1.67892,-1.0,-1.0,-1.0,-1.0,-1.0,-1.0,-1.0,-1.0,-1.0,-1.0,-1.0,-1.0,-1.0,-1.0,-1.0,-1.0,-1.0,-1.0,-1.0,1.04949,230.891,232.065,229.223,229.223
26.80951189994812,-0.05319807678461075,0.9999847412109375,0.0,4,0.048769,4.0,19214.5,252.746,3.24131,1.72213,-1.0,-1.0,-1.0,-1.0,-1.0,-1.0,-1.0,-1.0,-1.0,-1.0,-1.0,-1.0,-1.0,-1.0,-1.0,-1.0,-1.0,-1.0,-1.0,1.04104,231.224,232.499,228.326,228.326
26.831872701644897,-0.05319807678461075,0.9999847412109375,0.0,4,0.0545915,4.0,19246.1,253.115,3.31663,1.66944,-1.0,-1.0,-1.0,-1.0,-1.0,-1.0,-1.0,-1.0,-1.0,-1.0,-1.0,-1.0,-1.0,-1.0,-1.0,-1.0,-1.0,-1.0,-1.0,1.03113,231.615,232.854,228.709,228.709
26.853790760040283,-0.05319807678461075,0.9999847412109375,0.0,5,0.0600886,4.0,19229.3,253.584,3.22212,1.66121,-1.0,-1.0,-1.0,-1.0,-1.0,-1.0,-1.0,-1.0,-1.0,-1.0,-1.0,-1.0,-1.0,-1.0,-1.0,-1.0,-1.0,-1.0,-1.0,1.01974,232.038,233.211,228.5,228.5
26.873570919036865,-0.05551086701452732,0.9999847412109375,0.0,5,0.0651726,5.0,17225.4,253.474,3.01568,1.62526,-1.0,-1.0,-1.0,-1.0,-1.0,-1.0,-1.0,-1.0,-1.0,-1.0,-1.0,-1.0,-1.0,-1.0,-1.0,-1.0,-1.0,-1.0,-1.0,1.00679,232.331,233.412,223.145,224.184
26.89857840538025,-0.07042102552950383,0.9999847412109375,0.0,5,0.0704673,5.0,17184.1,252.973,2.84924,1.58392,0.0699844,0.177698,0.331198,0.887712,47.891,74.3703,84.4631,92.6721,98.3028,103.789,109.157,114.428,121.671,129.787,145.412,70.2149,43.2704,30.5472,15.8304,0.992353,231.981,233.089,222.598,223.737
26.920007944107056,-0.09610796123743058,0.9999847412109375,0.0,5,0.0770796,5.0,16795.6,252.426,2.89308,1.50839,0.217792,0.562709,1.0736,3.14313,57.1326,78.1288,87.5866,95.4344,100.868,106.19,111.42,116.571,123.671,131.649,147.751,66.0559,41.9599,29.839,15.6142,0.976386,231.368,232.737,221.363,223.022
26.939617156982422,-0.10555605925619603,0.9999847412109375,0.0,5,0.0857888,5.0,17179.1,252.382,3.21004,1.46935,0.384748,1.01804,2.00871,6.81068,64.4209,82.8865,91.8043,99.3202,104.566,109.729,114.82,119.85,126.803,134.682,151.834,61.4263,40.3919,28.9903,15.3605,0.958709,230.754,232.544,227.195,227.195
26.96331810951233,-0.10555605925619603,0.9999847412109375,0.0,5,0.0961246,5.0,17211.2,252.712,3.79262,1.45638,0.575036,1.56743,3.23429,14.0412,71.3196,88.2442,96.7295,103.961,109.04,114.057,119.021,123.938,130.749,138.977,157.658,56.9064,38.6738,28.0471,15.076,0.939048,230.712,232.852,227.648,227.648
26.984232187271118,-0.10555605925619603,0.9999847412109375,0.0,5,0.106803,5.0,17231.2,253.039,4.36842,1.4465,0.790967,2.2272,4.84585,32.3027,77.4962,93.4225,101.579,108.584,113.524,118.419,123.272,128.089,135.048,143.998,164.525,52.9846,36.9891,27.0986,14.7774,0.917252,230.916,233.162,227.915,227.915
27.007631063461304,-0.0992081169039011,0.9999847412109375,0.0,5,0.116943,5.0,17251.6,253.362,4.7326,1.44175,1.03389,3.008,6.93747,48.1533,82.7606,97.9978,105.902,112.725,117.553,122.345,127.106,131.987,139.499,149.233,171.799,49.7169,35.4291,26.1936,14.4744,0.893203,231.223,233.389,228.18,228.18
27.027551651000977,-0.08134533800184728,0.9999847412109375,0.0,5,0.126218,5.0,17271.9,253.686,4.88862,1.42608,1.30421,3.91654,9.6095,55.5344,87.1532,101.879,109.583,116.257,120.99,125.696,130.534,135.767,143.86,154.408,74.512,46.9807,34.0059,25.3419,14.1699,0.866868,231.602,233.604,228.453,228.453
27.05083417892456,-0.06781297326087952,0.9999847412109375,0.0,5,0.134231,5.0,17289.5,254.024,4.83125,1.41215,1.60082,4.94783,12.9134,60.7233,90.5967,104.922,112.461,119.01,123.662,128.412,133.543,139.112,147.757,159.084,65.128,44.7181,32.7345,24.5554,13.8673,0.838287,232.083,233.83,228.687,228.687
27.074427366256714,-0.0509344968944788,0.9999847412109375,0.0,5,0.140837,5.0,17306.9,254.375,4.54538,1.39784,1.92148,6.08856,16.8423,64.4723,93.1166,107.11,114.509,120.949,125.583,130.55,135.937,141.798,150.929,162.951,60.2548,42.8477,31.6066,23.8326,13.5676,0.807581,232.593,234.042,228.916,228.916
27.09385585784912,-0.03838643468916417,0.9999847412109375,0.0,5,0.146041,5.0,17324.8,254.738,4.11201,1.38444,2.26336,7.31947,21.316,67.1145,94.7907,108.496,115.769,122.114,126.864,132.009,137.601,143.697,153.221,165.812,56.9927,41.2938,30.6049,23.1664,13.2707,0.774916,233.131,234.273,229.152,229.152
27.11593770980835,-0.031005266681313516,0.9999847412109375,0.0,5,0.149945,5.0,17345.1,255.11,3.57667,1.36899,2.62309,8.61746,26.1843,68.8757,95.7278,109.17,116.327,122.638,127.498,132.769,138.505,144.771,154.581,167.591,54.6524,39.9925,29.7102,22.5474,12.976,0.740515,233.657,234.513,229.42,229.42
27.138456106185913,-0.024411464110016823,0.9999847412109375,0.0,5,0.152915,5.0,17364.7,255.49,3.00877,1.35732,2.99829,9.97164,30.287,70.0401,96.1505,109.345,116.391,122.71,127.642,132.998,138.833,145.216,155.228,168.537,52.8289,38.8551,28.8868,21.9574,12.6804,0.704594,234.133,234.781,229.68,229.68
27.159780025482178,-0.01998282074928284,0.9999847412109375,0.0,5,0.155211,5.0,17385.3,255.874,2.4856,1.35279,3.38657,11.3722,33.2149,70.789,96.2113,109.167,116.107,122.445,127.422,132.831,138.731,145.19,155.335,168.849,51.3234,37.8279,28.1125,21.3849,12.3828,0.667385,234.58,235.077,229.951,229.951
27.182777404785156,-0.017276443541049957,0.9999847412109375,0.0,5,0.157033,5.0,17406.9,256.258,2.02109,1.36025,3.78596,12.8126,35.4575,71.2501,96.0227,108.747,115.582,121.942,126.942,132.381,138.317,144.823,155.053,168.702,50.0197,36.8738,27.3718,20.8221,12.0824,0.629088,234.998,235.391,230.237,230.237
27.204938173294067,-0.015997070446610452,0.9999847412109375,0.0,5,0.158563,5.0,17429.5,256.643,1.63966,1.37158,4.19518,14.2916,37.2584,71.5265,95.6805,108.178,114.921,121.29,126.302,131.755,137.713,144.246,154.528,168.267,48.8317,35.9637,26.6521,20.2625,11.7784,0.589862,235.391,235.719,230.536,230.536
27.227720737457275,-0.015997070446610452,0.9999847412109375,0.0,5,0.159952,5.0,17452.0,257.027,1.33592,1.39034,4.61313,15.8109,38.7594,71.6925,95.2585,107.535,114.198,120.569,125.586,131.048,137.018,143.569,153.89,167.697,47.6981,35.075,25.9439,19.7015,11.4706,0.549866,235.764,236.06,230.832,230.832
27.249801874160767,-0.015997070446610452,0.9999847412109375,0.0,5,0.161353,5.0,17476.4,257.408,1.11562,1.40775,5.03981,17.3788,40.0635,71.8203,94.8277,106.888,113.488,119.861,124.883,130.355,136.339,142.91,153.271,167.151,46.5602,34.186,25.2372,19.1344,11.1582,0.509188,236.117,236.414,231.154,231.154
27.271986722946167,-0.014766907691955567,0.9999847412109375,0.0,5,0.162841,5.0,17501.6,257.787,0.973003,1.42716,5.47519,18.8789,41.2269,71.9412,94.4212,106.273,112.824,119.207,124.239,129.725,135.728,142.326,152.74,166.711,45.3917,33.2871,24.5284,18.5645,10.8413,0.46789,236.46,236.775,231.487,231.487
27.29306125640869,-0.014766907691955567,0.9999847412109375,0.0,5,0.164392,5.0,17526.8,258.165,0.891369,1.45306,5.9186,20.2425,42.2661,72.0427,94.0229,105.672,112.194,118.59,123.635,129.14,135.167,141.797,152.272,166.346,44.2089,32.3852,23.8209,17.9978,10.5205,0.426039,236.804,237.131,231.821,231.821
27.314526081085205,-0.013585955277085305,0.9999847412109375,0.0,5,0.165961,5.0,17548.9,258.545,0.836788,1.48052,6.36971,21.485,43.1886,72.1096,93.6138,105.066,111.576,117.985,123.046,128.569,134.623,141.287,151.828,166.012,43.0306,31.4874,23.1182,17.4363,10.1963,0.383649,237.149,237.48,232.116,232.116
27.336533308029175,-0.011371681466698647,0.9999847412109375,0.0,5,0.167485,5.0,17573.2,258.921,0.797597,1.51299,6.82762,22.6138,43.9928,72.1184,93.166,104.427,110.937,117.358,122.432,127.973,134.05,140.745,151.347,165.636,41.8809,30.6036,22.4254,16.8825,9.86949,0.340753,237.501,237.824,232.435,232.435
27.357506275177002,-0.011371681466698647,0.9999847412109375,0.0,5,0.168813,5.0,17598.9,259.295,0.758427,1.53581,7.29049,23.6242,44.6534,72.0171,92.6178,103.697,110.203,116.623,121.699,127.247,133.336,140.048,150.686,165.045,40.812,29.7558,21.7521,16.3416,9.54119,0.297376,237.867,238.149,232.775,232.775
27.379876136779785,-0.011371681466698647,0.9999847412109375,0.0,5,0.169995,5.0,17624.9,259.667,0.694849,1.57047,7.75815,24.5308,45.1965,71.8298,91.9935,102.902,109.395,115.807,120.878,126.425,132.514,139.232,149.889,164.29,39.8052,28.9361,21.0955,15.8123,9.21119,0.253553,238.228,238.481,233.118,233.118
27.401575565338135,-0.011371681466698647,0.9999847412109375,0.0,5,0.171171,5.0,17650.3,260.038,0.647075,1.59988,8.22927,25.3566,45.6654,71.6103,91.3517,102.106,108.584,114.985,120.052,125.596,131.687,138.41,149.085,163.529,38.8135,28.1264,20.4474,15.2905,8.87871,0.209308,238.571,238.82,233.455,233.455
27.423183917999268,-0.011371681466698647,0.9999847412109375,0.0,5,0.172347,5.0,17668.8,260.414,0.611418,1.6508,8.68533,26.1099,46.0696,71.3626,90.6963,101.309,107.772,114.164,119.226,124.767,130.859,137.588,148.281,162.767,37.8344,27.3265,19.8075,14.7764,8.54468,0.164647,238.915,239.163,233.701,233.701
27.447465658187866,-0.011371681466698647,0.9999847412109375,0.0,5,0.173513,5.0,17693.9,260.783,0.584132,1.69554,9.12249,26.7955,46.4108,71.084,90.0227,100.505,106.954,113.335,118.392,123.93,130.022,136.755,147.465,161.993,36.873,26.538,19.1771,14.2705,8.21604,0.119585,239.256,239.503,234.031,234.031
27.46970272064209,-0.012454213201999666,0.9999847412109375,0.0,5,0.174684,5.0,17720.4,261.148,0.566424,1.73034,9.54132,27.4201,46.6984,70.7816,89.337,99.7041,106.138,112.509,117.56,123.095,129.187,135.925,146.653,161.225,35.9261,25.7595,18.5557,13.7729,7.89425,0.0741334,239.593,239.842,234.38,234.38
27.491206884384155,-0.014766907691955567,0.9999847412109375,0.0,5,0.174328,5.0,17746.6,261.512,0.561488,1.77696,9.94332,27.9974,46.9556,70.4846,88.6737,98.9433,105.368,111.733,116.783,122.321,128.421,135.172,145.93,160.565,34.9636,24.9811,17.939,13.2813,7.5789,0.0283457,239.921,240.189,234.728,234.728
27.51147437095642,-0.015997070446610452,0.9999847412109375,0.0,5,0.169763,5.0,17766.1,261.88,0.580499,1.82271,10.3313,28.5483,47.217,70.2396,88.0851,98.2869,104.716,111.092,116.154,121.71,127.833,134.617,145.441,160.189,33.9427,24.1848,17.3189,12.792,7.26918,-0.0166982,240.228,240.547,234.994,234.994
27.532811403274536,-0.015997070446610452,0.9999847412109375,0.0,5,0.165386,5.0,17788.2,262.245,0.629804,1.8888,10.7056,29.0719,47.4768,70.0332,87.5548,97.7202,104.167,110.567,115.652,121.238,127.401,134.235,145.154,52.8842,32.8767,23.377,16.6981,12.3062,6.96524,-0.0605876,240.544,240.905,235.278,235.278
27.556776762008667,-0.015997070446610452,0.9999847412109375,0.0,5,0.161068,5.0,17814.0,262.604,0.685326,1.93799,11.0651,29.5584,47.7088,69.8233,87.0344,97.1877,103.657,110.086,115.2,120.821,127.03,133.922,144.951,49.1968,31.8093,22.5737,16.0842,11.8276,6.66779,-0.103338,240.865,241.243,235.619,235.619
27.57872223854065,-0.015997070446610452,0.9999847412109375,0.0,5,0.156746,5.0,17841.2,262.96,0.730599,1.97097,11.4093,30.0041,47.9032,69.5927,86.5021,96.6644,103.157,109.617,114.761,120.42,126.677,133.63,144.775,46.8073,30.7572,21.7819,15.4802,11.3577,6.37714,-0.144964,241.192,241.575,235.978,235.978
27.59961986541748,-0.015997070446610452,0.9999847412109375,0.0,5,0.15244,5.0,17866.8,263.315,0.769549,2.00521,11.7388,30.4132,48.0658,69.3461,85.9698,96.1578,102.677,109.17,114.346,120.047,126.356,133.375,144.643,44.7285,29.7184,21.0006,14.8857,10.8965,6.09334,-0.18545,241.517,241.907,236.318,236.318
27.623196840286255,-0.015997070446610452,0.9999847412109375,0.0,5,0.148116,5.0,17885.3,263.676,0.798639,2.04438,12.0536,30.7849,48.1922,69.0767,85.4388,95.6538,102.2,108.729,113.937,119.68,126.042,133.13,144.526,42.8759,28.6997,20.233,14.3021,10.4445,5.81641,-0.224818,241.844,242.234,236.568,236.568
27.6436505317688,-0.015997070446610452,0.9999847412109375,0.0,5,0.143725,5.0,17908.3,264.032,0.808273,2.09528,12.3532,31.1165,48.2756,68.7704,84.8933,95.132,101.703,108.263,113.503,119.286,125.7,132.853,144.374,41.2567,27.7151,19.4841,13.7316,10.0029,5.5466,-0.263067,242.178,242.558,236.867,236.867
27.66511368751526,-0.015997070446610452,0.9999847412109375,0.0,5,0.139287,5.0,17933.5,264.383,0.810349,2.13044,12.6381,31.4115,48.321,68.435,84.3405,94.6,101.194,107.785,113.056,118.878,125.342,132.56,144.204,39.7861,26.7578,18.7519,13.1738,9.57157,5.28392,-0.300186,242.505,242.878,237.2,237.2
27.68740463256836,-0.015997070446610452,0.9999847412109375,0.0,5,0.134831,5.0,17959.3,264.733,0.812278,2.15504,12.9089,31.6746,48.3368,68.0789,83.7893,94.0709,100.689,107.312,112.614,118.475,124.992,132.277,144.049,38.4007,25.8219,18.0343,12.6277,9.14992,5.02843,-0.336161,242.828,243.202,237.542,237.542
27.709845781326294,-0.015997070446610452,0.9999847412109375,0.0,5,0.130388,5.0,17983.8,265.082,0.820583,2.17598,13.1664,31.9102,48.329,67.7109,83.2515,93.5585,100.203,106.862,112.197,118.102,124.674,132.031,143.94,37.0553,24.8997,17.3286,12.0921,8.73775,4.78001,-0.370997,243.147,243.526,237.866,237.866
27.73410987854004,-0.015997070446610452,0.9999847412109375,0.0,5,0.125932,5.0,18003.0,265.436,0.827411,2.20582,13.4102,32.1167,48.2939,67.3249,82.7185,93.0513,99.7242,106.418,111.788,117.739,124.368,131.8,143.852,35.7819,23.9992,16.638,11.5689,8.33582,4.53891,-0.404678,243.468,243.848,238.122,238.122
27.754043340682983,-0.015997070446610452,0.9999847412109375,0.0,5,0.121434,5.0,18026.3,265.783,0.826799,2.23769,13.6403,32.2929,48.2281,66.9138,82.1794,92.5371,99.2361,105.966,111.37,117.365,124.052,131.558,143.753,34.609,23.127,15.9653,11.0589,7.94474,4.30531,-0.437205,243.792,244.167,238.428,238.428
27.777172803878784,-0.015997070446610452,0.9999847412109375,0.0,5,0.116909,5.0,18050.4,266.129,0.825241,2.25882,13.8568,32.4411,48.1354,66.4818,81.6395,92.0219,98.7477,105.512,110.952,116.992,123.738,131.319,143.66,33.5192,22.281,15.3101,10.5626,7.56478,4.07931,-0.468557,244.111,244.484,238.747,238.747
27.797176122665405,-0.015997070446610452,0.9999847412109375,0.0,5,0.112375,5.0,18074.8,266.473,0.825765,2.27551,14.0604,32.5642,48.0191,66.0341,81.1053,91.5136,98.2669,105.069,110.544,116.631,123.437,131.098,143.592,32.4986,21.4586,14.6717,10.0797,7.19588,3.86097,-0.498728,244.428,244.802,239.07,239.07
27.82059955596924,-0.015997070446610452,0.9999847412109375,0.0,5,0.107844,5.0,18098.2,266.816,0.831046,2.28652,14.2512,32.6639,47.8826,65.5738,80.5804,91.0173,97.801,104.642,110.156,116.293,123.163,130.908,143.563,31.5352,20.6583,14.0498,9.61029,6.83826,3.65042,-0.52771,244.742,245.12,239.381,239.381
27.844162702560425,-0.015997070446610452,0.9999847412109375,0.0,5,0.103297,5.0,18119.0,267.161,0.834436,2.30458,14.4292,32.7394,47.7233,65.0969,80.0591,90.525,97.3399,104.221,109.775,115.963,122.9,130.73,143.554,30.6572,19.8855,13.4464,9.15529,6.49229,3.44769,-0.555506,245.058,245.436,239.655,239.655
27.863116025924683,-0.015997070446610452,0.9999847412109375,0.0,5,0.0987239,5.0,18141.8,267.502,0.835093,2.31934,14.5946,32.7909,47.5406,64.6012,79.5376,90.0327,96.8783,103.801,109.395,115.635,122.639,130.558,143.553,29.8905,19.1436,12.8634,8.71568,6.1586,3.25308,-0.582097,245.373,245.749,239.958,239.958
27.88621211051941,-0.015997070446610452,0.9999847412109375,0.0,5,0.0941332,5.0,18164.9,267.842,0.835503,2.32901,14.7472,32.8197,47.3365,64.0889,79.0186,89.5435,96.421,103.385,109.02,115.313,122.388,130.398,143.571,29.2479,18.4335,12.3011,8.29185,5.83753,3.06663,-0.60748,245.686,246.061,240.262,240.262
27.909700870513916,-0.015997070446610452,0.9999847412109375,0.0,5,0.0895292,5.0,18187.8,268.18,0.83682,2.3341,14.8877,32.8268,47.1119,63.5697,78.5033,89.0598,95.9698,102.977,108.655,115.003,122.15,130.255,143.612,28.7658,17.7559,11.7603,7.88432,5.5293,2.88847,-0.631643,245.997,246.373,240.566,240.566
27.92870855331421,-0.015997070446610452,0.9999847412109375,0.0,5,0.0849149,5.0,18210.5,268.518,0.839046,2.33599,15.016,32.8134,46.8685,63.0546,77.9939,88.5828,95.5266,102.58,108.301,114.707,121.929,130.131,143.683,28.5153,17.1124,11.2419,7.49342,5.23431,2.71875,-0.654582,246.307,246.683,240.866,240.866
27.95295786857605,-0.015997070446610452,0.9999847412109375,0.0,5,0.0802902,5.0,18232.9,268.854,0.841662,2.33643,15.1322,32.7795,46.606,62.5433,77.4897,88.1123,95.0918,102.191,107.958,114.424,121.724,130.029,143.782,28.7283,16.5071,10.7472,7.12015,4.95295,2.55762,-0.676285,246.616,246.993,241.163,241.163
27.973094701766968,-0.015997070446610452,0.9999847412109375,0.0,5,0.075654,5.0,18255.0,269.189,0.844188,2.33694,15.2366,32.7262,46.3256,62.036,76.99,87.6484,94.6646,101.812,107.627,114.155,121.536,129.948,143.911,164.091,15.9418,10.2772,6.76495,4.68561,2.40506,-0.696757,246.925,247.302,241.455,241.455
27.99578619003296,-0.015997070446610452,0.9999847412109375,0.0,5,0.0710045,5.0,18276.9,269.523,0.846606,2.33473,15.3292,32.6535,46.027,61.5319,76.4952,87.1896,94.2434,101.442,107.305,113.897,121.362,129.884,144.067,164.642,15.4232,9.83456,6.42904,4.43297,2.26141,-0.715975,247.232,247.609,241.745,241.745
28.017815351486206,-0.015997070446610452,0.9999847412109375,0.0,5,0.06633,5.0,18298.8,269.856,0.846797,2.3267,15.4099,32.5612,45.7091,61.0289,76.0001,86.7309,93.8234,101.071,106.985,113.642,121.193,129.829,144.236,165.221,14.957,9.42095,6.11353,4.19553,2.12675,-0.733943,247.539,247.913,242.035,242.035
28.04053044319153,-0.017276443541049957,0.9999847412109375,0.0,5,0.0616409,5.0,18323.1,270.186,0.84711,2.3107,15.4791,32.4507,45.3741,60.529,75.5088,86.2775,93.4091,100.709,106.673,113.398,121.038,129.791,144.433,165.846,14.5475,9.03778,5.81876,3.97365,2.00121,-0.750651,247.843,248.218,242.355,242.355
28.063058853149414,-0.018605026975274087,0.9999847412109375,0.0,5,0.0570081,5.0,18344.4,270.517,0.85186,2.29549,15.5379,32.3276,45.0316,60.0483,75.0473,85.8625,93.0402,100.4,106.423,113.225,120.964,129.85,144.756,166.648,14.1891,8.68301,5.54455,3.76718,1.88486,-0.76609,248.139,248.528,242.638,242.638
28.085567235946655,-0.018605026975274087,0.9999847412109375,0.0,5,0.0525338,5.0,18365.6,270.846,0.871745,2.28702,15.5885,32.2008,44.6958,59.6113,74.6531,85.5362,92.7767,100.215,106.314,113.211,121.076,130.125,145.353,167.831,13.8662,8.35216,5.28885,3.57537,1.77736,-0.780291,248.424,248.848,242.918,242.918
28.10608744621277,-0.018605026975274087,0.9999847412109375,0.0,5,0.0481642,5.0,18386.6,271.174,0.916084,2.26986,15.63,32.066,44.3589,59.2056,74.3082,85.2761,92.5914,100.123,106.309,113.319,121.329,130.569,146.17,169.324,13.598,8.05101,5.05426,3.39937,1.679,-0.793248,248.712,249.159,243.196,243.196
28.12945318222046,-0.018605026975274087,0.9999847412109375,0.0,5,0.043786,5.0,18407.8,271.5,0.949922,2.25195,15.6608,31.915,44.0068,58.8061,73.9725,85.0283,92.4216,100.05,106.328,113.457,121.62,131.059,147.056,170.933,13.419,7.7881,4.84388,3.24041,1.58997,-0.804977,249.011,249.461,243.476,243.476
28.149604558944702,-0.021409824863076212,0.9999847412109375,0.0,5,0.0394107,5.0,18433.8,271.821,0.979724,2.20874,15.6813,31.749,43.6404,58.4157,73.6504,84.7991,92.2752,100.006,106.382,113.636,121.96,131.612,148.033,172.687,13.3437,7.56565,4.65869,3.09901,1.51033,-0.815475,249.306,249.759,243.822,243.822
28.172718048095703,-0.025986099243164064,0.9999847412109375,0.0,5,0.035146,5.0,18453.6,272.146,1.00536,2.18333,15.6934,31.5765,43.2747,58.0598,73.3834,84.644,92.2174,100.068,106.557,113.956,122.468,132.366,149.275,174.832,13.3666,7.38055,4.49737,2.97466,1.43999,-0.824755,249.591,250.069,244.083,244.083
28.1954927444458,-0.02928300052881241,0.9999847412109375,0.0,5,0.0312443,5.0,18473.8,272.468,1.05536,2.16537,15.7015,31.4161,42.9557,57.7984,73.2686,84.6942,92.4058,100.423,107.068,114.664,123.43,133.658,151.222,177.983,13.4386,7.21938,4.35496,2.86499,1.37825,-0.83287,249.844,250.4,244.351,244.351
28.21556043624878,-0.02928300052881241,0.9999847412109375,0.0,5,0.0277367,5.0,18494.3,272.788,1.16039,2.13308,15.7065,31.2703,42.6948,57.6425,73.3266,84.9786,92.8768,101.116,107.968,115.825,124.926,135.589,154.015,182.37,13.5525,7.08058,4.23097,2.76969,1.32477,-0.839877,250.092,250.73,244.621,244.621
28.23829936981201,-0.02928300052881241,0.9999847412109375,0.0,5,0.0244237,5.0,18522.2,273.098,1.28733,2.08577,15.7058,31.125,42.4682,57.5497,73.4896,85.41,93.5277,102.029,109.125,117.29,126.787,137.968,157.425,187.713,13.7796,6.97603,4.12896,2.68974,1.27945,-0.845833,250.36,251.042,244.985,244.985
28.26130247116089,-0.02928300052881241,0.9999847412109375,0.0,5,0.0212037,5.0,18542.0,273.415,1.40515,2.03157,15.6982,30.9734,42.2651,57.4987,73.7249,85.944,94.3074,103.103,110.473,118.987,128.933,140.706,161.353,193.906,14.1901,6.91337,4.05121,2.626,1.24232,-0.850764,250.635,251.34,245.253,245.253
28.281400442123413,-0.031005266681313516,0.9999847412109375,0.0,5,0.0179766,5.0,18560.7,273.73,1.48696,2.00227,15.6824,30.8089,42.0733,57.4676,73.9964,86.5337,95.1604,104.272,111.939,120.833,131.272,143.698,165.674,200.0,14.9194,6.90134,4.00007,2.57942,1.21339,-0.854685,250.925,251.632,245.501,245.501
28.305537223815918,-0.031005266681313516,0.9999847412109375,0.0,5,0.0147813,5.0,18579.7,274.044,1.54018,1.96508,15.6595,30.6353,41.8994,57.4687,74.3244,87.2077,96.1215,105.581,113.576,122.89,133.88,147.041,170.532,200.0,16.1945,6.93799,3.97412,2.54884,1.19219,-0.857666,251.203,251.919,245.751,245.751
28.325175285339355,-0.031005266681313516,0.9999847412109375,0.0,5,0.0115533,5.0,18598.9,274.356,1.57607,1.92559,15.6287,30.4486,41.7361,57.4872,74.6859,87.9346,97.1543,106.986,115.334,125.105,136.697,150.668,175.853,200.0,200.0,7.03244,3.97543,2.53511,1.17874,-0.859711,251.491,252.202,246.006,246.006
28.348085403442383,-0.031005266681313516,0.9999847412109375,0.0,5,0.00835606,5.0,18629.1,274.657,1.61767,1.83863,15.591,30.2533,41.592,57.5407,75.1102,88.7567,98.3111,108.554,117.293,127.573,139.841,154.731,181.865,200.0,200.0,7.18546,4.00434,2.53819,1.17311,-0.86082,251.767,252.486,246.406,246.406
28.370835542678833,-0.031005266681313516,0.9999847412109375,0.0,5,0.00522664,5.0,18645.7,274.969,1.65933,1.78321,15.5472,30.0652,41.473,57.6407,75.6193,89.7063,99.634,110.336,119.517,130.376,143.416,159.369,188.793,200.0,200.0,7.40066,4.06066,2.55801,1.17516,-0.86101,252.045,252.779,246.626,246.626
28.39345693588257,-0.031005266681313516,0.9999847412109375,0.0,5,0.00209764,5.0,18663.5,275.278,1.68665,1.749,15.4962,29.8879,41.3707,57.772,76.1877,90.7499,101.083,112.289,121.958,133.459,147.368,164.528,196.602,200.0,200.0,7.6905,4.14721,2.59559,1.18504,-0.86028,252.329,253.065,246.861,246.861
28.414108514785767,-0.031005266681313516,0.9999847412109375,0.0,5,-0.00115836,5.0,18681.5,275.587,1.6913,1.69139,15.4365,29.714,41.2695,57.902,76.7592,91.8084,102.562,114.295,124.478,136.665,151.509,169.985,200.0,200.0,200.0,8.07653,4.26789,2.65209,1.20285,-0.858648,252.62,253.332,247.098,247.098
28.43798303604126,-0.031005266681313516,0.9999847412109375,0.0,5,-0.00450611,5.0,18712.0,275.883,1.67538,1.61314,15.3685,29.5456,41.1738,58.04,77.3497,92.9049,104.1,116.391,127.124,140.049,155.912,175.844,200.0,200.0,200.0,8.57308,4.42467,2.72813,1.2287,-0.856102,252.911,253.604,247.49,247.49
28.459258556365967,-0.031005266681313516,0.9999847412109375,0.0,5,-0.00774029,5.0,18730.4,276.189,1.69341,1.51793,15.2951,29.3964,41.1115,58.2435,78.0628,94.1909,105.89,118.822,130.191,143.978,161.045,182.718,200.0,200.0,200.0,9.18333,4.6155,2.82317,1.26266,-0.852615,253.174,253.892,247.748,247.748
28.478871822357178,-0.031005266681313516,0.9999847412109375,0.0,5,-0.01092,5.0,18746.4,276.496,1.71022,1.46707,15.2155,29.2632,41.0762,58.4993,78.8787,95.6418,107.903,121.559,133.653,148.432,166.9,190.633,200.0,200.0,200.0,9.93707,4.84355,2.93782,1.30472,-0.848211,253.452,254.182,247.959,247.959
28.503161907196045,-0.031005266681313516,0.9999847412109375,0.0,5,-0.0141399,5.0,18763.3,276.801,1.72172,1.40841,15.1287,29.14,41.0558,58.7834,79.7544,97.1978,110.069,124.517,137.413,153.302,173.362,199.478,200.0,200.0,200.0,10.8872,5.1133,3.07353,1.35503,-0.842893,253.731,254.455,248.181,248.181
28.523515701293945,-0.031005266681313516,0.9999847412109375,0.0,5,-0.0175284,5.0,18780.8,277.105,1.69537,1.34705,15.0326,29.0181,41.0321,59.0578,80.62,98.7558,112.256,127.532,141.277,158.356,180.149,200.0,200.0,200.0,200.0,12.1382,5.43323,3.23298,1.41405,-0.836639,254.025,254.718,248.413,248.413
28.54685091972351,-0.031005266681313516,0.9999847412109375,0.0,5,-0.0208759,5.0,18815.1,277.392,1.69573,1.2138,14.9303,28.9121,41.035,59.3855,81.5943,100.496,114.7,130.911,145.626,164.082,187.912,200.0,200.0,200.0,200.0,13.704,5.80096,3.41502,1.4816,-0.82945,254.291,254.992,248.868,248.868
28.56786847114563,-0.031005266681313516,0.9999847412109375,0.0,5,-0.0240941,5.0,18828.9,277.698,1.71719,1.1296,14.8228,28.8282,41.0785,59.7971,82.7396,102.519,117.538,134.846,150.712,170.824,197.148,200.0,200.0,200.0,188.944,15.0596,6.21767,3.61956,1.55777,-0.821309,254.558,255.284,249.05,249.05
28.590412139892578,-0.031005266681313516,0.9999847412109375,0.0,5,-0.027283,5.0,18844.7,277.999,1.73358,1.0774,14.7113,28.7603,41.1495,60.2665,84.0103,104.762,120.698,139.255,156.452,178.509,200.0,200.0,200.0,200.0,121.686,16.1587,6.69065,3.84837,1.6426,-0.812241,254.831,255.567,249.259,249.259
28.611780405044556,-0.031005266681313516,0.9999847412109375,0.0,5,-0.0306334,5.0,18860.9,278.301,1.72571,0.994917,14.6035,28.6954,41.2206,60.7341,85.2911,107.051,123.953,143.849,162.494,186.709,200.0,200.0,200.0,200.0,95.9766,17.0918,7.23414,4.10496,1.73662,-0.802231,255.118,255.822,249.473,249.473
28.633472442626953,-0.031005266681313516,0.9999847412109375,0.0,5,-0.0340873,5.0,18894.9,278.583,1.69771,0.879166,14.5015,28.638,41.3006,61.2179,86.6179,109.443,127.382,148.739,168.994,200.0,200.0,200.0,200.0,200.0,82.0934,17.8744,7.78288,4.39039,1.83984,-0.791283,255.402,256.084,249.91,249.91
28.657010078430176,-0.031005266681313516,0.9999847412109375,0.0,5,-0.0373681,5.0,18910.2,278.88,1.71977,0.747385,14.4086,28.6068,41.4311,61.8133,88.1873,112.26,131.433,154.555,176.787,200.0,200.0,200.0,200.0,200.0,72.2228,18.4618,8.26572,4.69784,1.95232,-0.779348,255.65,256.367,250.129,250.129
28.678706645965576,-0.031005266681313516,0.9999847412109375,0.0,5,-0.0405714,5.0,18923.5,279.175,1.74009,0.678058,14.3242,28.5968,41.601,62.4965,89.9583,115.451,136.054,161.26,185.875,200.0,200.0,200.0,200.0,200.0,64.9783,18.8964,8.68823,4.98577,2.07381,-0.766477,255.916,256.651,250.302,250.302
28.704818725585938,-0.031005266681313516,0.9999847412109375,0.0,5,-0.0438617,5.0,18938.0,279.469,1.75384,0.575254,14.2459,28.5962,41.7847,63.2112,91.8201,118.846,141.025,168.58,200.0,200.0,200.0,200.0,200.0,200.0,59.7335,19.2402,9.06347,5.24863,2.19977,-0.752645,256.184,256.904,250.494,250.494
28.724262237548828,-0.031005266681313516,0.9999847412109375,0.0,5,-0.0418575,5.0,18953.8,279.761,1.70237,0.461303,14.1713,28.5903,41.9493,63.8787,93.6043,122.164,145.957,175.976,200.0,200.0,200.0,200.0,200.0,198.58,56.1269,19.5548,9.40573,5.49096,2.31772,-0.738523,256.479,257.142,250.702,250.702
28.7450430393219,-0.031005266681313516,0.9999847412109375,0.0,5,-0.0386197,5.0,19000.0,280.02,1.71694,0.184091,14.1053,28.6089,42.1615,64.6569,95.653,125.993,151.7,184.98,200.0,200.0,200.0,200.0,200.0,193.481,52.8525,19.7515,9.69693,5.70733,2.42667,-0.725269,256.717,257.402,251.318,251.318
28.76528573036194,-0.031005266681313516,0.9999847412109375,0.0,5,-0.0351574,5.0,19006.0,280.315,1.75899,0.0186404,14.0495,28.66,42.4402,65.5949,98.0889,130.576,158.647,200.0,200.0,200.0,200.0,200.0,200.0,186.29,49.7116,19.8197,9.9333,5.89613,2.52627,-0.712926,256.963,257.692,251.397,251.397
28.78844952583313,-0.031005266681313516,0.9999847412109375,0.0,5,-0.0316449,5.0,19016.8,280.603,1.78574,-0.0813785,14.002,28.7323,42.76,66.6344,100.798,135.748,166.607,200.0,200.0,200.0,200.0,200.0,197.92,149.382,46.9299,19.8088,10.1256,6.06046,2.61668,-0.701533,257.224,257.966,251.538,251.538
28.809495210647583,-0.031005266681313516,0.9999847412109375,0.0,5,-0.0284169,5.0,19029.0,280.89,1.76791,-0.23356,13.9585,28.8008,43.0634,67.6343,103.46,140.949,174.776,200.0,200.0,200.0,200.0,200.0,193.731,121.809,44.7852,19.7974,10.2947,6.20759,2.69889,-0.691099,257.504,258.192,251.698,251.698
28.834187984466553,-0.031005266681313516,0.9999847412109375,0.0,5,-0.0253696,5.0,19074.2,281.143,1.71338,-0.44683,13.9202,28.8729,43.3667,68.633,106.162,146.336,200.0,200.0,200.0,200.0,200.0,199.054,189.343,104.608,42.9992,19.7658,10.4376,6.3368,2.77296,-0.681599,257.782,258.428,252.273,252.273
28.856045722961426,-0.031005266681313516,0.9999847412109375,0.0,5,-0.0220005,5.0,19085.5,281.425,1.75046,-0.686053,13.8936,28.9873,43.7616,69.8662,109.484,153.05,200.0,200.0,200.0,200.0,200.0,195.255,183.918,90.7029,41.0507,19.619,10.5289,6.43933,2.8378,-0.673001,257.996,258.704,252.452,252.452
28.877055883407593,-0.031005266681313516,0.9999847412109375,0.0,5,-0.0184789,5.0,19092.7,281.708,1.78617,-0.809814,13.8769,29.1328,44.2225,71.2759,113.318,160.975,200.0,200.0,200.0,200.0,196.94,191.14,175.574,79.8326,39.1317,19.3986,10.579,6.51834,2.89359,-0.665347,258.244,258.986,252.543,252.543
28.89810872077942,-0.031005266681313516,0.9999847412109375,0.0,5,-0.0150044,5.0,19102.6,281.987,1.80731,-0.923972,13.8678,29.2949,44.7152,72.7765,117.475,169.818,200.0,200.0,200.0,198.162,193.182,186.76,139.645,71.5455,37.3847,19.1465,10.5996,6.57786,2.94074,-0.65867,258.498,259.232,252.674,252.674
28.91992449760437,-0.031005266681313516,0.9999847412109375,0.0,5,-0.0118265,5.0,19114.5,282.263,1.75304,-1.02491,13.8627,29.4531,45.1903,74.2347,121.616,200.0,200.0,200.0,199.169,194.776,189.453,182.231,116.701,65.4792,35.9305,18.9091,10.6063,6.62394,2.9803,-0.652946,258.78,259.457,252.829,252.829
28.944169759750366,-0.031005266681313516,0.9999847412109375,0.0,5,-0.00856727,5.0,19153.4,282.51,1.74224,-1.23362,13.8671,29.6388,45.7232,75.8559,126.298,200.0,200.0,199.845,195.881,191.241,185.472,176.923,100.03,60.2077,34.486,18.6201,10.5792,6.64914,3.01104,-0.648199,259.012,259.703,253.346,253.346
28.963416814804077,-0.031005266681313516,0.9999847412109375,0.0,5,-0.00507963,5.0,19161.2,282.784,1.77055,-1.35786,13.8828,29.8648,46.3475,77.7432,131.863,200.0,200.0,196.562,192.395,187.434,181.017,168.754,86.7742,55.3561,32.9835,18.2635,10.5137,6.65184,3.03288,-0.644392,259.241,259.975,253.448,253.448
28.98700785636902,-0.031005266681313516,0.9999847412109375,0.0,5,-0.00152704,5.0,19172.1,283.052,1.79245,-1.42502,13.9079,30.1194,47.0351,79.8265,138.179,200.0,198.375,193.173,188.763,183.391,175.982,135.042,76.4261,51.0912,31.5187,17.8692,10.4188,6.63517,3.04609,-0.641564,259.482,260.232,253.593,253.593
29.008705139160156,-0.02928300052881241,0.9999847412109375,0.0,5,0.00184363,5.0,19184.0,283.319,1.78249,-1.51624,13.9395,30.3823,47.7348,81.9609,144.86,200.0,195.221,189.782,185.099,179.223,170.124,112.019,68.5987,47.5456,30.1901,17.4737,10.3068,6.60375,3.05117,-0.639754,259.74,260.454,253.749,253.749
29.02935552597046,-0.02928300052881241,0.9999847412109375,0.0,5,0.00498238,5.0,19215.0,283.566,1.73806,-1.63092,13.9764,30.6478,48.4321,84.1021,151.785,197.486,192.104,186.416,181.43,174.914,158.043,96.5761,62.5341,44.5827,28.9935,17.0847,10.182,6.55987,3.04883,-0.638906,260.008,260.673,254.145,254.145
29.051501750946045,-0.02928300052881241,0.9999847412109375,0.0,5,0.0082013,5.0,19227.9,283.828,1.72438,-1.76279,14.0229,30.9438,49.199,86.4719,159.723,194.477,188.892,182.91,177.534,170.035,127.959,84.4375,57.2057,41.8049,27.7919,16.6606,10.031,6.49833,3.03833,-0.639005,260.233,260.913,254.331,254.331
29.07282304763794,-0.027609944716095926,0.9999847412109375,0.0,5,0.0114806,5.0,19239.1,284.088,1.71324,-1.83081,14.0789,31.2698,50.0352,89.0798,200.0,191.398,185.582,179.246,173.351,163.981,106.883,74.6515,52.4959,39.2053,26.5954,16.2068,9.85572,6.41989,3.01975,-0.640057,260.47,261.162,254.478,254.478
29.096424341201782,-0.024411464110016823,0.9999847412109375,0.0,5,0.0146812,5.0,19251.2,284.347,1.70041,-1.89346,14.1426,31.6136,50.9093,91.8344,197.178,188.296,182.226,175.474,168.871,146.284,91.7535,66.8417,48.4368,36.848,25.4468,15.7414,9.66284,6.32725,2.99348,-0.642074,260.714,261.39,254.638,254.638
29.11702275276184,-0.01998282074928284,0.9999847412109375,0.0,5,0.0174718,5.0,19264.1,284.604,1.63551,-1.94615,14.2087,31.9417,51.7319,94.4404,194.438,185.305,178.99,171.795,164.268,121.919,81.3128,61.0009,45.1996,34.8802,24.4342,15.3029,9.4681,6.22748,2.96104,-0.644995,260.997,261.589,254.809,254.809
29.140742778778076,-0.014766907691955567,0.9999847412109375,0.0,5,0.0198562,5.0,19290.5,284.848,1.53906,-2.05664,14.2765,32.2518,52.4947,96.8549,191.796,182.436,175.888,168.232,159.396,106.139,73.7393,56.4972,42.5679,33.2151,23.5333,14.8877,9.27174,6.1212,2.92284,-0.648768,261.272,261.78,255.159,255.159
29.163300037384033,-0.012454213201999666,0.9999847412109375,0.0,5,0.0217781,5.0,19301.9,285.105,1.40501,-2.12165,14.3445,32.5346,53.1718,98.9742,189.275,179.725,172.972,164.864,153.832,95.5245,68.2023,53.0368,40.4498,31.8241,22.7433,14.5006,9.07726,6.01065,2.87978,-0.653305,261.563,261.971,255.308,255.308
29.182894229888916,-0.011371681466698647,0.9999847412109375,0.0,5,0.0232131,5.0,19314.6,285.361,1.21842,-2.15823,14.4112,32.7837,53.7449,100.72,186.89,177.198,170.282,161.768,141.45,88.2786,64.164,50.4004,38.7641,30.6758,22.0582,14.1435,8.88723,5.89775,2.83278,-0.658494,261.853,262.159,255.476,255.476
29.20675563812256,-0.008419348299503327,0.9999847412109375,0.0,5,0.0243233,5.0,19327.9,285.614,1.01744,-2.19757,14.4781,33.0126,54.2512,102.213,184.596,174.793,167.743,158.858,129.166,82.829,60.9636,48.2343,37.3275,29.6665,21.4312,13.8004,8.69661,5.78096,2.78206,-0.664253,262.121,262.358,255.652,255.652
29.22836184501648,-0.002711714804172516,0.9999847412109375,0.0,6,0.0251781,5.0,19348.5,285.86,0.844101,-2.24002,14.5456,33.2262,54.7049,103.498,182.374,172.486,165.329,156.106,120.173,78.5264,58.3196,46.3868,36.0615,28.7525,20.8431,13.4652,8.504,5.66021,2.72799,-0.670511,262.382,262.564,255.921,255.921
29.251200199127197,-0.0004978239536285401,0.9999847412109375,0.0,6,0.0256391,6.0,17688.0,285.599,0.679321,-2.28305,14.6102,33.4065,55.0578,104.403,180.273,170.346,163.133,153.701,114.551,75.5663,56.3823,44.9694,35.0432,27.9879,20.3262,13.1539,8.31721,5.53971,2.67205,-0.677127,262.475,262.571,251.929,252.007
29.27284812927246,0.0,0.9999847412109375,0.0,6,0.0256725,6.0,17643.8,285.014,0.490988,-2.29892,14.6707,33.547,55.2934,104.867,178.309,168.396,161.191,151.731,111.891,73.861,55.1281,43.9778,34.2763,27.3788,19.8865,12.8709,8.13896,5.42125,2.61506,-0.684002,262.047,262.052,251.432,251.425
29.29268217086792,0.0,0.9999847412109375,0.0,6,0.0254903,6.0,17353.1,284.388,0.304175,-2.29897,14.729,33.6675,55.4697,105.107,176.415,166.543,159.377,149.988,110.592,72.735,54.1895,43.1824,33.6249,26.8406,19.4815,12.6003,7.9641,5.30334,2.55738,-0.691026,261.521,261.482,250.549,250.319
29.317514419555664,0.0,0.9999847412109375,0.0,6,0.025283,6.0,17629.5,284.338,0.16441,-2.28528,14.7877,33.7867,55.6406,105.323,174.528,164.699,157.575,148.266,109.403,71.6461,53.2668,42.3945,32.9759,26.3025,19.0751,12.3278,7.78781,5.18433,2.49909,-0.698128,261.17,261.127,254.38,254.38
29.338717222213745,0.00030174851417541504,0.9999847412109375,0.0,6,0.025157,6.0,17642.4,284.554,0.0855791,-2.28098,14.848,33.9155,55.8371,105.629,172.612,162.815,155.72,146.45,107.631,70.2994,52.1983,41.5126,32.2688,25.7264,18.6479,12.046,7.60734,5.06324,2.44019,-0.705278,261.31,261.283,254.573,254.573
29.358845233917236,0.0007448330521583557,0.9999847412109375,0.0,6,0.0250821,6.0,17652.4,284.77,0.0424374,-2.27398,14.9097,34.0511,56.0512,105.995,170.674,160.904,153.829,144.572,105.473,68.7811,51.0317,40.5665,31.5209,25.1232,18.2052,11.7568,7.42323,4.94014,2.38055,-0.712501,261.499,261.484,254.718,254.718
29.380701065063477,0.0013847589492797852,0.9999847412109375,0.0,6,0.0249788,6.0,17663.2,284.986,0.0175306,-2.263,14.971,34.1837,56.2566,106.33,168.742,159.001,151.951,142.718,103.475,67.3286,49.9011,39.6427,30.7864,24.5283,17.7667,11.4691,7.23971,4.81726,2.32093,-0.71973,261.699,261.677,254.873,254.873
29.404935121536255,0.002713725343346596,0.9999847412109375,0.0,6,0.0248359,6.0,17675.1,285.199,-0.00981924,-2.24267,15.0318,34.3121,56.4502,106.621,166.818,157.111,150.092,140.9,101.695,65.9666,48.8188,38.749,30.0695,23.9444,17.3337,11.1836,7.05689,4.69461,2.26127,-0.726971,261.9,261.87,255.043,255.043
29.425064086914062,0.0032551348209381107,0.9999847412109375,0.0,6,0.0245743,6.0,17685.6,285.414,-0.0337066,-2.21481,15.0903,34.4268,56.6063,106.78,164.929,155.271,148.299,139.202,100.648,64.9104,47.9043,37.9616,29.4175,23.4022,16.9232,10.9079,6.8783,4.574,2.20218,-0.734172,262.108,262.053,255.196,255.196
29.447694301605225,0.004485584795475006,0.9999847412109375,0.0,6,0.0242062,6.0,17699.1,285.625,-0.0767685,-2.18562,15.1466,34.5286,56.728,106.818,163.069,153.472,146.564,137.607,100.27,64.1249,47.1369,37.2669,28.8217,22.8962,16.5324,10.6411,6.70367,4.4554,2.1437,-0.741321,262.314,262.237,255.389,255.389
29.470385789871216,0.005912876129150391,0.9999847412109375,0.0,6,0.0237607,6.0,17714.0,285.833,-0.114538,-2.17246,15.2012,34.6206,56.8239,106.769,161.229,151.703,144.867,136.078,100.411,63.5366,46.4734,36.6371,28.2653,22.4156,16.1555,10.3808,6.53216,4.33848,2.08583,-0.748411,262.515,262.421,255.603,255.603
29.49125385284424,0.0067003373056650165,0.9999847412109375,0.0,6,0.0231346,6.0,17728.4,286.04,-0.158801,-2.1353,15.2519,34.6904,56.8611,106.52,159.443,150.006,143.267,134.711,101.87,63.4464,46.0723,36.1703,27.8071,21.9981,15.8131,10.1361,6.36782,4.2253,2.02921,-0.755388,262.728,262.595,255.812,255.812
29.515413761138916,0.0067003373056650165,0.9999847412109375,0.0,6,0.0223096,6.0,17739.5,286.249,-0.226243,-2.09305,15.2981,34.7357,56.8339,106.054,157.713,148.387,141.769,133.5,105.035,63.9531,45.9744,35.8883,27.4583,21.6503,15.5083,9.90862,6.21145,4.11636,1.97404,-0.762225,262.939,262.765,255.984,255.984
29.534668445587158,0.0067003373056650165,0.9999847412109375,0.0,6,0.0214176,6.0,17747.5,286.461,-0.290062,-2.01,15.3416,34.7699,56.7813,105.516,155.999,146.79,140.296,132.314,109.267,64.7495,46.0082,35.6828,27.1545,21.3318,15.2207,9.69038,6.06031,4.0107,1.92036,-0.768888,263.14,262.953,256.089,256.089
29.556899785995483,0.0067003373056650165,0.9999847412109375,0.0,6,0.0205375,6.0,17761.2,286.664,-0.333369,-1.94449,15.3834,34.8012,56.7259,104.987,154.276,145.18,138.807,131.085,114.133,65.6393,46.069,35.4901,26.859,21.0205,14.9397,9.47766,5.91333,3.90812,1.86835,-0.775338,263.328,263.142,256.286,256.286
29.579495668411255,0.0067003373056650165,0.9999847412109375,0.0,6,0.019672,6.0,17776.3,286.866,-0.359411,-1.88125,15.4235,34.8296,56.6685,104.469,152.545,143.559,137.299,129.816,118.675,66.6259,46.1556,35.3096,26.5716,20.7164,14.6653,9.27057,5.77062,3.80867,1.81803,-0.78157,263.515,263.332,256.503,256.503
29.601229190826416,0.005912876129150391,0.9999847412109375,0.0,6,0.0187809,6.0,17790.0,287.066,-0.381883,-1.8,15.4611,34.8507,56.597,103.921,150.816,141.941,135.796,128.54,119.05,67.8685,46.3407,35.1833,26.3162,20.4343,14.4054,9.0724,5.63356,3.71303,1.76958,-0.787573,263.703,263.515,256.702,256.702
29.623830556869507,0.005174625292420388,0.9999847412109375,0.0,6,0.0179656,6.0,17792.7,287.278,-0.392044,-1.68263,15.498,34.8755,56.5411,103.444,149.06,140.288,134.245,127.186,118.561,69.0176,46.4564,35.0135,26.0379,20.141,14.1432,8.87655,5.49957,3.62007,1.72278,-0.793353,263.884,263.713,256.743,256.743
29.645605325698853,0.0032551348209381107,0.9999847412109375,0.0,6,0.0173164,6.0,17805.7,287.478,-0.371456,-1.55969,15.5356,34.9137,56.527,103.124,147.252,138.565,132.606,125.701,117.587,69.6793,46.3337,34.7078,25.6875,19.8079,13.8651,8.67777,5.36673,3.529,1.6775,-0.798911,264.054,263.917,256.927,256.927
29.667653560638428,0.0013847589492797852,0.9999847412109375,0.0,6,0.0168775,6.0,17821.9,287.674,-0.332798,-1.48518,15.5749,34.9707,56.5681,103.003,145.379,136.759,130.863,124.063,116.239,69.5819,45.8694,34.2127,25.2372,19.4186,13.5631,8.47254,5.23338,3.43892,1.6334,-0.80428,264.212,264.12,257.16,257.16
29.69159197807312,0.0010401908308267595,0.9999847412109375,0.0,6,0.0166724,6.0,17837.5,287.868,-0.27172,-1.37073,15.6168,35.0501,56.6728,103.102,143.434,134.86,129.005,122.264,114.555,68.5527,45.0019,33.4969,24.6702,18.963,13.2312,8.25783,5.09782,3.34875,1.58999,-0.80952,264.371,264.329,257.386,257.386
29.711907625198364,0.0010401908308267595,0.9999847412109375,0.0,6,0.016591,6.0,17841.5,288.074,-0.198394,-1.25862,15.6596,35.1404,56.8092,103.314,141.452,132.913,127.087,120.383,112.707,67.0397,43.9347,32.6757,24.0503,18.4789,12.8882,8.04088,4.96276,3.2596,1.54744,-0.814632,264.538,264.52,257.465,257.465
29.736090660095215,0.0010401908308267595,0.9999847412109375,0.0,6,0.0165438,6.0,17849.5,288.274,-0.137109,-1.0786,15.7023,35.2327,56.953,103.554,139.456,130.95,125.151,118.478,110.813,65.4063,42.8221,31.833,23.4214,17.9915,12.5452,7.82528,4.82905,3.17154,1.50551,-0.819663,264.725,264.715,257.56,257.56
29.75493311882019,0.0010401908308267595,0.9999847412109375,0.0,6,0.0164881,6.0,17865.5,288.465,-0.0969926,-0.950871,15.7443,35.323,57.0923,103.782,137.458,128.988,123.216,116.576,108.93,63.8176,41.7335,31.0061,22.8031,17.5116,12.2072,7.61257,4.69705,3.08457,1.46408,-0.824635,264.903,264.891,257.788,257.788
29.77855134010315,0.0010401908308267595,0.9999847412109375,0.0,6,0.0164088,6.0,17883.4,288.653,-0.0743084,-0.83402,15.7855,35.4097,57.2232,104.358,135.464,127.031,121.29,114.688,107.075,62.3253,40.6894,30.2058,22.2008,17.0422,11.8752,7.40296,4.56669,2.99859,1.42307,-0.829561,265.083,265.067,258.047,258.047
29.79921531677246,0.0010401908308267595,0.9999847412109375,0.0,6,0.0162998,6.0,17897.9,288.842,-0.0654926,-0.715909,15.8257,35.4921,57.3435,145.865,133.474,125.082,119.375,112.816,105.258,60.9497,39.699,29.4376,21.6177,16.5855,11.5505,7.19711,4.43835,2.91381,1.38256,-0.83443,265.26,265.237,258.258,258.258
29.821316957473755,0.0010401908308267595,0.9999847412109375,0.0,6,0.016185,6.0,17892.5,289.052,-0.0606115,-0.495346,15.8656,35.5732,57.4611,143.838,131.482,123.131,117.458,110.945,103.444,59.5867,38.7155,28.6742,21.0379,16.1313,11.2276,6.99238,4.3107,2.82948,1.34227,-0.839272,265.447,265.423,258.181,258.181
29.845000743865967,0.0010401908308267595,0.9999847412109375,0.0,6,0.0160733,6.0,17907.0,289.239,-0.056631,-0.299631,15.9053,35.6542,57.5788,141.805,129.484,121.174,115.536,109.068,101.62,58.202,37.7239,27.9071,20.457,15.6769,10.9052,6.7882,4.1835,2.7455,1.30217,-0.844091,265.622,265.599,258.388,258.388
29.866641521453857,0.0010401908308267595,0.9999847412109375,0.0,6,0.0159604,6.0,17926.5,289.42,-0.054728,-0.188415,15.9447,35.7344,57.6949,139.767,127.482,119.215,113.611,107.188,99.7945,56.8147,36.7335,27.1422,19.8783,15.2246,10.5844,6.58522,4.05711,2.66208,1.26235,-0.848875,265.79,265.766,258.667,258.667
29.8864266872406,0.0013847589492797852,0.9999847412109375,0.0,6,0.0158383,6.0,17943.2,289.603,-0.0553014,-0.0824104,15.9837,35.8129,57.8074,137.725,125.478,117.255,111.687,105.31,97.9757,55.4505,35.7539,26.3841,19.3041,14.7755,10.2658,6.38354,3.9315,2.57915,1.22276,-0.853632,265.961,265.935,258.911,258.911
29.908811569213867,0.0022215262055397035,0.9999847412109375,0.0,6,0.0157132,6.0,17943.5,289.803,-0.0568219,0.0338615,16.0223,35.8901,57.9172,135.678,123.471,115.291,109.76,103.43,96.1571,54.0944,34.7812,25.6318,18.7347,14.3304,9.95012,6.1838,3.80713,2.49706,1.18358,-0.85834,266.133,266.107,258.924,258.924
29.931212425231934,0.0032551348209381107,0.9999847412109375,0.0,6,0.0155331,6.0,17955.8,289.988,-0.0581861,0.184084,16.0596,35.9606,58.0096,133.637,121.474,113.344,107.854,101.581,94.4035,52.9159,33.8831,24.9213,18.1887,13.8997,9.64207,5.98753,3.68441,2.41587,1.14472,-0.863014,266.318,266.279,259.092,259.092
29.953110218048096,0.004485584795475006,0.9999847412109375,0.0,6,0.0152354,6.0,17973.1,290.167,-0.0761193,0.262083,16.0945,36.017,58.0655,131.613,119.504,111.433,105.995,99.8001,92.7877,52.1299,33.1469,24.2999,17.6916,13.4987,9.34936,5.79801,3.56476,2.3363,1.10643,-0.867635,266.496,266.433,259.341,259.341
29.97499442100525,0.005174625292420388,0.9999847412109375,0.0,6,0.0148003,6.0,17989.0,290.348,-0.110276,0.301265,16.1264,36.0567,58.0782,129.611,117.567,109.566,104.191,98.0965,91.3184,51.8215,32.6016,23.7827,17.2516,13.1325,9.0749,5.61676,3.44903,2.25886,1.06892,-0.872176,266.676,266.584,259.572,259.572
29.998455047607422,0.005174625292420388,0.9999847412109375,0.0,6,0.0142224,6.0,18000.8,290.532,-0.157794,0.320371,16.1549,36.0784,58.0455,127.631,115.664,107.744,102.443,96.4696,89.9776,52.0576,32.2639,23.377,16.8728,12.8038,8.82044,5.4449,3.33793,2.18406,1.03245,-0.876607,266.858,266.736,259.755,259.755
30.0207679271698,0.005174625292420388,0.9999847412109375,0.0,6,0.0135977,6.0,18014.0,290.709,-0.207619,0.382911,16.1817,36.0928,57.9958,125.654,113.767,105.931,100.707,94.859,88.6443,52.544,32.0062,23.0129,16.5174,12.4906,8.57546,5.27844,3.23002,2.11132,0.996932,-0.880924,267.03,266.901,259.934,259.934
30.0425968170166,0.005174625292420388,0.9999847412109375,0.0,6,0.0130279,6.0,18028.7,290.88,-0.234975,0.414846,16.2082,36.1105,57.9583,123.661,111.851,104.094,98.9419,93.2077,87.2236,52.916,31.6907,22.6195,16.1498,12.1729,8.33103,5.11436,3.12442,2.04039,0.962449,-0.885106,267.181,267.062,260.151,260.151
30.062839031219482,0.005174625292420388,0.9999847412109375,0.0,6,0.0124941,6.0,18038.3,291.056,-0.244608,0.444718,16.234,36.1293,57.9269,121.654,109.919,102.24,97.1565,91.5287,85.7464,53.2394,31.3473,22.2144,15.7801,11.8572,8.09061,4.95429,3.02188,1.9717,0.929149,-0.889139,267.338,267.226,260.3,260.3
30.08612084388733,0.005174625292420388,0.9999847412109375,0.0,6,0.0119643,6.0,18047.2,291.231,-0.249465,0.482681,16.2587,36.146,57.8929,119.641,107.981,100.379,95.3638,89.84,84.2453,53.6403,31.0183,21.8184,15.4183,11.5488,7.85629,4.79866,2.92237,1.90511,0.896907,-0.893041,267.498,267.386,260.446,260.446
30.109195232391357,0.005174625292420388,0.9999847412109375,0.0,6,0.0114403,6.0,18051.1,291.413,-0.250317,0.565149,16.2821,36.1601,57.8557,117.621,106.036,98.5114,93.5638,88.1416,82.7229,54.1358,30.7115,21.4374,15.0687,11.2509,7.63041,4.64895,2.82679,1.84121,0.865993,-0.896781,267.662,267.551,260.493,260.493
30.129345893859863,0.005912876129150391,0.9999847412109375,0.0,6,0.0109352,6.0,18060.3,291.586,-0.247509,0.637852,16.3044,36.1733,57.8194,115.59,104.081,96.6327,91.7513,86.4272,81.1709,54.6718,30.4078,21.0619,14.7269,10.9611,7.41171,4.50462,2.73489,1.77986,0.836369,-0.900361,267.82,267.713,260.648,260.648
30.153043746948242,0.0075370088219642644,0.9999847412109375,0.0,6,0.0103795,6.0,18075.5,291.752,-0.246715,0.690255,16.3244,36.1778,57.7638,113.563,102.134,94.7652,89.9532,84.7319,79.6425,55.6232,30.2188,20.7455,14.419,10.694,7.20701,4.36826,2.64766,1.7215,0.808123,-0.903778,267.984,267.864,260.894,260.894
30.17317247390747,0.0075370088219642644,0.9999847412109375,0.0,6,0.00963163,6.0,18085.5,291.925,-0.265844,0.742825,16.3397,36.1582,57.6484,111.566,100.229,92.9527,88.2216,83.1221,78.2319,57.9225,30.3901,20.6,14.1983,10.4787,7.02963,4.24491,2.56706,1.66701,0.781472,-0.90702,268.159,268.002,261.036,261.036
30.196279764175415,0.008422890678048134,0.9999847412109375,0.0,6,0.00873077,6.0,18098.7,292.091,-0.321173,0.803784,16.3508,36.1184,57.4848,109.591,98.3563,91.1807,86.5384,81.5726,76.8948,61.8051,30.9111,20.6104,14.0551,10.3095,6.87713,4.13392,2.49303,1.61649,0.756535,-0.910067,268.331,268.14,261.25,261.25
30.216532707214355,0.008422890678048134,0.9999847412109375,0.0,6,0.00782588,6.0,18103.6,292.266,-0.358879,0.877216,16.3598,36.0741,57.3146,107.609,96.4778,89.4028,84.8481,80.0116,75.5293,66.5445,31.5812,20.6803,13.9439,10.1625,6.73953,4.03234,2.42496,1.56994,0.733527,-0.912879,268.493,268.299,261.316,261.316
30.239895343780518,0.009357982873916626,0.9999847412109375,0.0,6,0.00692365,6.0,18124.7,292.427,-0.387187,0.905024,16.367,36.026,57.1399,105.62,94.5918,87.6165,83.1479,78.4362,74.1336,66.8377,32.4092,20.8083,13.863,10.0364,6.61598,3.93971,2.36256,1.52719,0.712362,-0.915468,268.65,268.455,261.54,261.54
30.262722730636597,0.011375798285007477,0.9999847412109375,0.0,6,0.00596359,6.0,18136.2,292.594,-0.408601,0.941565,16.3711,35.9675,56.9435,103.635,92.7128,85.84,81.4593,76.8731,72.7448,66.319,33.5715,21.0617,13.8423,9.94737,6.51423,3.85922,2.30725,1.48899,0.693305,-0.917807,268.808,268.602,261.685,261.685
30.28483247756958,0.012458521500229837,0.9999847412109375,0.0,6,0.00480866,6.0,18143.9,292.763,-0.443834,0.995065,16.3696,35.8835,56.6876,101.677,90.8732,84.1122,79.8272,75.3769,71.4325,65.694,35.5201,21.5973,13.9462,9.92832,6.44859,3.79624,2.26119,1.45635,0.676649,-0.919873,268.983,268.733,261.803,261.803
30.305439949035645,0.013590455055236816,0.9999847412109375,0.0,6,0.00347847,6.0,18154.9,292.926,-0.505828,1.05256,16.3626,35.7759,56.378,99.744,89.0665,82.4249,78.2411,73.9328,70.1741,64.9956,38.529,22.4671,14.1882,9.98509,6.42177,3.75229,2.22533,1.42993,0.662719,-0.921627,269.154,268.868,261.976,261.976
30.32798433303833,0.014771598950028421,0.9999847412109375,0.0,6,0.00198212,6.0,18165.3,293.091,-0.565097,1.10164,16.3496,35.6448,56.0172,97.8327,87.2901,80.7738,76.6958,72.533,68.9578,64.2474,43.1428,23.7724,14.5983,10.1316,6.44047,3.73071,2.20156,1.41093,0.652073,-0.923,269.325,269.003,262.103,262.103
30.35001802444458,0.016001953184604647,0.9999847412109375,0.0,6,0.000302523,6.0,18174.0,293.256,-0.640042,1.15103,16.3304,35.4887,55.6019,95.9458,85.5462,79.1613,75.1926,71.178,67.782,63.4736,50.5219,25.6925,15.2214,10.3859,6.51123,3.73387,2.19092,1.39991,0.64492,-0.923972,269.492,269.134,262.23,262.23
30.371094703674316,0.017281517758965494,0.9999847412109375,0.0,6,-0.00156358,6.0,18182.9,293.418,-0.722426,1.21981,16.3044,35.3068,55.1397,94.0832,83.8341,77.5856,73.729,69.8632,66.6401,62.6803,56.2589,28.5134,16.1209,10.7722,6.6433,3.76547,2.1952,1.39792,0.641714,-0.924492,269.661,269.261,262.36,262.36
30.393929481506348,0.019988277927041054,0.9999847412109375,0.0,6,-0.00356039,6.0,18191.0,293.577,-0.808886,1.28998,16.2724,35.1051,54.7456,92.2337,82.1394,76.0292,72.2845,68.5639,65.5034,61.8422,56.6623,32.5922,17.3433,11.3021,6.83919,3.8263,2.21489,1.40529,0.642626,-0.924536,269.82,269.393,262.543,262.543
30.416187524795532,0.025992322340607645,0.9999847412109375,0.0,6,-0.00574046,6.0,18205.9,293.732,-0.876332,1.35729,16.233,34.8776,54.4582,90.4061,80.4726,74.5039,70.8722,67.2952,64.3898,60.9927,56.547,38.9195,19.0509,12.0328,7.1194,3.92398,2.2534,1.42392,0.648399,-0.924025,269.987,269.52,262.717,262.717
30.43725061416626,0.029289606586098672,0.9999847412109375,0.0,6,-0.00840622,6.0,18219.1,293.886,-0.978979,1.38908,16.1808,34.5943,54.21,88.651,78.8956,73.0806,69.5698,66.1436,63.3965,60.2529,56.368,49.5694,21.7587,13.1362,7.53892,4.07545,2.31694,1.45667,0.659858,-0.922892,270.176,269.607,262.887,262.887
30.460047006607056,0.03460461050271988,0.9999847412109375,0.0,6,-0.0116776,6.0,18230.2,294.04,-1.16819,1.42398,16.1136,34.2447,53.9705,86.9855,77.4272,71.7784,68.3963,65.1271,62.54,59.6361,56.2026,51.5187,26.3272,14.8256,8.15243,4.29561,2.41089,1.50611,0.677846,-0.921053,270.372,269.682,263.042,263.042
30.481595993041992,0.04238022714853287,0.9999847412109375,0.0196075439453125,6,-0.0155766,6.0,18225.1,294.201,-1.38985,1.51566,16.0299,33.8275,53.7285,85.4101,76.0653,70.5925,67.3438,64.2338,61.802,59.1198,56.0551,52.2718,34.766,17.4661,9.03847,4.60526,2.54333,1.57649,0.70398,-0.918337,270.568,269.742,263.084,263.084
30.503796339035034,0.050943209230899816,0.9999847412109375,0.164703369140625,6,-0.0201321,6.0,18223.4,294.311,-1.62934,1.60294,15.9286,33.3424,53.4658,83.925,74.8078,69.5176,66.4049,63.452,61.1685,58.6888,55.9287,52.7135,46.0625,21.8032,10.3171,5.02977,2.72269,1.6718,0.739615,-0.914608,270.398,269.432,263.039,263.039
30.52513289451599,0.06029355674982071,0.941162109375,0.2823486328125,6,-0.0254928,6.0,18171.3,294.104,-1.91833,1.65927,15.8063,32.7781,53.0326,82.5507,73.6757,68.5753,65.5995,62.8012,60.6602,58.365,55.8624,53.0584,48.1547,29.8775,12.2322,5.61442,2.96296,1.79837,0.786754,-0.909674,267.804,266.649,262.277,262.277
30.546869039535522,0.07043126970529556,0.5215606689453125,0.352935791015625,6,-0.0317717,6.0,18084.0,293.444,-2.27594,1.71574,15.6611,32.13,52.1779,81.301,72.6817,67.7756,64.9366,62.2892,60.2828,58.155,55.8742,53.3849,49.3435,42.5247,15.2435,6.42175,3.28031,1.96278,0.847222,-0.903376,265.097,263.829,261.013,261.013
30.57117772102356,0.07855126298964024,0.0745086669921875,0.415679931640625,6,-0.0391388,6.0,17857.5,292.19,-2.72108,1.75991,15.4892,31.3889,50.58,80.1987,71.8479,67.1394,64.4366,61.9357,60.0551,58.081,55.991,53.7558,50.2783,45.3951,20.4537,7.56347,3.70138,2.17571,0.924008,-0.895449,262.753,261.278,257.729,257.729
30.592610836029053,0.08135634809732438,0.0,0.48626708984375,6,-0.047829,6.0,17576.8,290.275,-3.27725,1.82815,15.2878,30.5468,48.2803,79.2711,71.2023,66.6938,64.1256,61.7648,60.0036,58.168,56.2468,54.2202,51.1547,47.1557,31.1804,9.22803,4.25969,2.44801,1.01922,-0.885764,260.341,258.285,254.738,252.686
30.61433243751526,0.09006686545908452,0.0,0.54901123046875,6,-0.0581597,6.0,17376.6,287.966,-4.10862,1.87319,15.053,29.5932,45.5645,78.5539,70.7798,66.4739,64.0372,61.8122,60.1618,58.4546,56.6811,54.8326,52.0874,48.6497,40.4055,11.8061,5.01137,2.79655,1.13601,-0.874128,257.244,254.699,252.1,249.549
30.636934280395508,0.11211376786231995,0.0,0.5999908447265625,6,-0.0698195,6.0,17187.5,285.432,-5.0492,1.90575,14.7897,28.5666,42.857,77.9896,70.5113,66.4015,64.0906,61.9905,60.4417,58.8471,57.2027,55.5014,53.0093,49.9633,43.3451,16.0136,6.02144,3.2378,1.27731,-0.860336,253.694,250.716,249.541,246.687
30.657328844070435,0.1257946252822876,0.0,0.6235198974609375,6,-0.0830899,6.0,16995.3,282.73,-6.04607,1.97636,14.495,27.4616,40.1453,77.6038,70.4238,66.5054,64.3131,62.3308,60.8743,59.382,57.8503,56.2758,53.9905,51.2425,45.5478,23.9351,7.4216,3.80215,1.44775,-0.84413,249.613,246.204,247.059,243.666
30.679099798202515,0.1402628481388092,0.0,0.6392059326171875,6,-0.0975056,6.0,16811.3,279.916,-7.11578,2.07234,14.1749,26.321,37.5831,77.3228,70.4332,66.696,64.6149,62.7388,61.366,59.9635,58.5298,57.0631,54.9477,52.4319,47.3571,34.2154,9.38808,4.52055,1.65165,-0.825225,245.511,241.683,244.534,240.878
30.70137643814087,0.14779222160577773,0.0,0.6548919677734375,6,-0.112112,6.0,16616.9,277.058,-8.06557,2.15597,13.8415,25.2057,35.3019,77.0232,70.4035,66.8309,64.8479,63.0667,61.766,60.4411,59.091,57.7134,55.7376,53.4039,48.775,37.9271,12.1333,5.41485,1.89083,-0.803493,241.217,237.088,241.774,238.04
30.72424340248108,0.15163072384893894,0.0,0.6099086914408645,6,-0.12648,6.0,16418.3,274.154,-8.89115,2.19661,13.4994,24.1349,33.2786,76.6573,70.2843,66.8597,64.9652,63.2662,62.0291,60.7712,59.4917,58.1905,56.3296,54.1441,49.8554,40.2602,16.0094,6.51263,2.16672,-0.7789,236.82,232.426,238.912,235.175
30.745375633239746,0.1555184364318848,0.0,0.6283515919942874,6,-0.14026,6.0,16251.4,271.266,-9.48777,2.22626,13.1522,23.119,31.4888,76.1931,70.0436,66.7514,64.9342,63.3088,62.1264,60.9265,59.7087,58.4719,56.7085,54.645,50.6275,41.8801,21.572,7.8404,2.47982,-0.751477,234.269,229.702,236.443,232.81
30.767661571502686,0.15945535935461522,0.0,0.6397764268161199,6,-0.153576,6.0,16062.2,268.416,-9.91176,2.24485,12.7978,22.1437,29.8641,75.6543,69.7088,66.5366,64.7899,63.2293,62.0966,60.9481,59.7838,58.6041,56.9248,54.9663,51.1747,43.0664,27.0022,9.44536,2.83221,-0.721208,230.629,226.003,233.673,230.117
30.789681434631348,0.15945535935461522,0.0,0.6431976911306446,6,-0.165771,6.0,15888.3,265.553,-10.0222,2.30839,12.4421,21.2292,28.4377,74.9794,69.2142,66.1489,64.4643,62.9616,61.8717,60.7687,59.6518,58.5208,56.9149,55.0459,51.4443,43.841,29.7053,11.3335,3.22174,-0.688172,226.578,221.932,231.035,227.736
30.811213493347168,0.15945535935461522,0.0,0.6466189554451693,6,-0.17644,6.0,15708.7,262.71,-9.83673,2.32396,12.0878,20.3812,27.2125,74.138,68.5302,65.5587,63.9282,62.4764,61.4247,60.3607,59.2851,58.1976,56.6546,54.8637,51.4246,44.2362,31.3514,13.4909,3.64505,-0.652497,222.717,218.076,228.285,225.3
30.833845853805542,0.15945535935461522,0.0,0.6431976911306446,6,-0.185773,6.0,15531.5,259.875,-9.43034,2.29953,11.7328,19.5831,26.1432,73.1612,67.6924,64.8046,63.2232,61.8164,60.7988,59.7704,58.7312,57.6821,56.1961,54.4735,51.1773,44.3446,32.4003,15.9232,4.10044,-0.614332,219.023,214.4,225.582,222.885
30.856162309646606,0.15945535935461522,0.0,0.6431976911306446,6,-0.194206,6.0,15360.8,257.022,-8.875,2.28217,11.3737,18.8228,25.1786,72.1009,66.7588,63.9479,62.4116,61.0462,60.0598,59.064,58.0587,57.0443,55.6101,53.9501,50.7835,44.2654,33.0859,18.3399,4.58722,-0.573884,216.221,211.589,223.004,220.535
30.87834882736206,0.15945535935461522,0.0,0.6431976911306446,6,-0.202345,6.0,15191.8,254.179,-8.3238,2.26945,11.006,18.0896,24.2611,71.0213,65.7991,63.0615,61.5678,60.2421,59.2848,58.3195,57.3463,56.3649,54.9787,53.3776,50.3306,44.0976,33.568,20.0704,5.10807,-0.531271,213.581,209.043,220.526,218.114
30.89965844154358,0.15945535935461522,0.0,0.6431976911306446,6,-0.210189,6.0,15031.7,251.346,-7.73992,2.31235,10.6305,17.3838,23.3903,69.924,64.8154,62.1477,60.6942,59.4061,58.4767,57.5402,56.5969,55.647,54.3059,52.7597,49.824,43.8531,33.8893,21.3538,5.66193,-0.486643,210.959,206.566,218.146,215.894
30.920830249786377,0.15945535935461522,0.0,0.6431976911306446,6,-0.217957,6.0,14859.5,248.55,-7.24051,2.32535,10.2464,16.6983,22.5478,68.8309,63.8314,61.2309,59.816,58.5638,57.6614,56.7523,55.8375,54.9171,53.6195,52.1247,49.294,43.5647,34.1023,22.3516,6.25031,-0.440102,208.365,204.075,215.647,213.425
30.94464683532715,0.15945535935461522,0.0,0.6431976911306446,6,-0.225944,6.0,14687.2,245.775,-6.88444,2.31464,9.85292,16.0255,21.713,67.7678,62.8744,60.3391,58.962,57.7442,56.8676,55.9854,55.0978,54.2056,52.9493,51.5037,48.7722,43.2669,34.2539,23.1623,6.8759,-0.391799,205.764,201.518,213.181,210.918
30.965004205703735,0.15945535935461522,0.0,0.6397764268161199,6,-0.234311,6.0,14515.3,242.996,-6.65894,2.31319,9.45014,15.3625,20.8769,66.7484,61.9584,59.4862,58.1461,56.9615,56.1097,55.2533,54.3923,53.527,52.31,50.9116,48.2733,42.9772,34.3677,23.8406,7.54162,-0.341851,203.525,199.191,210.733,208.404
30.987972021102905,0.15945535935461522,0.0,0.6363551625015953,5,-0.243227,6.0,14344.8,240.238,-6.5824,2.31217,9.03804,14.7056,20.0303,65.7856,61.0963,58.6856,57.3812,56.2295,55.4014,54.5697,53.7342,52.8952,51.7154,50.3618,47.8117,42.7105,34.466,24.4272,8.24922,-0.290317,201.269,196.929,208.326,205.889
31.009312391281128,0.15945535935461522,0.0,0.6363551625015953,5,-0.252295,5.0,15566.5,237.569,-6.51579,2.3596,8.61957,14.0669,19.2051,64.8424,60.2495,57.8976,56.6274,55.5072,54.7022,53.8938,53.0825,52.2685,51.1246,49.8129,47.3465,42.4267,34.5157,24.9129,8.92425,-0.237244,198.81,194.503,206.831,204.781
31.031471490859985,0.15945535935461522,0.0,0.6363551625015953,5,-0.260936,5.0,15496.9,235.025,-6.3846,2.38478,8.19871,13.4615,18.4399,63.8684,59.3667,57.0704,55.8324,54.742,53.9591,53.173,52.3845,51.5941,50.4844,49.2126,46.8253,42.0762,34.4754,25.2768,9.53362,-0.182629,196.033,191.748,204.549,202.645
31.054219722747803,0.15945535935461522,0.0,0.6329338981870706,5,-0.269123,5.0,15124.8,232.457,-6.22691,2.37771,7.79173,12.8901,17.7351,62.8632,58.4477,56.2042,54.9968,53.9344,53.1725,52.4081,51.6413,50.873,49.7957,48.5623,46.2495,41.6624,34.3533,25.5322,10.0801,-0.126569,193.073,188.764,201.34,199.054
31.075237035751343,0.1597357350281471,0.0,0.6327711728282074,5,-0.277144,5.0,14929.4,229.789,-6.10389,2.3532,7.403,12.3461,17.0733,61.8527,57.5194,55.3266,54.1483,53.1128,52.3708,51.627,50.8814,50.1344,49.0877,47.8909,45.649,41.2151,34.179,25.7102,10.5713,-0.06924,190.411,185.866,198.778,196.404
31.096982955932617,0.16330089110438403,0.0,0.6272928156916002,5,-0.280297,5.0,14743.7,227.106,-6.0331,2.33294,7.03071,11.8213,16.434,60.864,56.6101,54.4658,53.3156,52.3058,51.5829,50.8587,50.1335,49.4073,48.3898,47.2276,45.0538,40.7644,33.9832,25.8388,11.0158,-0.0108312,188.02,183.274,196.327,193.939
31.120481491088867,0.1668381424927339,0.0,0.6184547451543562,5,-0.270108,5.0,14571.8,224.444,-6.01416,2.32285,6.67527,11.3155,15.8152,59.9024,55.725,53.627,52.5037,51.5186,50.814,50.1086,49.4027,48.6964,47.7073,46.578,44.4691,40.3162,33.7733,25.9282,11.4181,0.0456696,185.612,180.683,194.124,191.565
31.141417503356934,0.17889596516899142,0.0,0.6014892445597032,5,-0.259951,5.0,14404.3,221.818,-5.95785,2.34036,6.33753,10.8356,15.2346,58.9449,54.8412,52.7871,51.6897,50.7282,50.041,49.3536,48.6661,47.9788,47.017,45.9194,43.8721,39.8494,33.5307,25.9675,11.7774,0.0992444,183.332,178.084,191.846,189.438
31.1638503074646,0.22442491700286668,0.0,0.5759220037001602,5,-0.249752,5.0,14234.4,219.273,-5.93582,2.31007,6.01699,10.3787,14.6842,58.0045,53.9717,51.9593,50.8868,49.948,49.2774,48.6072,47.9373,47.268,46.3323,45.2652,43.2764,39.3771,33.2698,25.9703,12.0986,0.14989,181.026,175.277,189.564,187.218
31.186229705810547,0.2758018649081669,0.0,0.5409582393456104,5,-0.239984,5.0,14079.0,216.831,-5.96262,2.25147,5.71106,9.93341,14.136,57.1161,53.1514,51.1789,50.1299,49.2127,48.5582,47.9044,47.2512,46.5991,45.6881,44.6502,42.7171,38.934,33.0235,25.9659,12.3928,0.197744,178.13,171.931,187.599,185.065
31.208460807800293,0.31512777218264837,0.0,0.5132553521250658,4,-0.231303,5.0,13929.1,214.504,-6.14413,2.14201,5.41807,9.49224,13.5683,56.3084,52.4084,50.4738,49.4466,48.5502,47.9109,47.2725,46.6353,45.9994,45.1116,44.1012,42.221,38.5463,32.8158,25.9752,12.6681,0.242907,175.157,168.357,185.706,182.985
31.228646278381348,0.35096094315290455,0.0,0.4851211238875611,4,-0.223288,4.0,15425.4,212.327,-6.48852,1.99212,5.13803,9.05814,12.9881,55.575,51.7351,49.8366,48.8295,47.952,47.3271,46.7035,46.0812,45.4605,44.5946,43.6099,41.7796,38.2059,32.6402,25.9953,12.9264,0.28546,172.164,164.696,184.706,182.37
31.252731800079346,0.36254732295519676,0.0,0.4649485039805409,4,-0.215468,4.0,15356.9,210.299,-6.84294,1.82458,4.87296,8.64457,12.4345,54.8622,51.0791,49.2143,48.2264,47.3663,46.7546,46.1449,45.5369,44.9306,44.0854,43.1248,41.3416,37.8638,32.4544,25.9944,13.1597,0.325532,169.345,161.247,183.198,180.824
31.274025678634644,0.3677947491512541,0.0,0.43729036152300016,4,-0.207546,4.0,15047.6,208.277,-7.17398,1.62997,4.6245,8.26047,11.9327,54.1372,50.4085,48.5752,47.6058,46.7623,46.1627,45.5658,44.9713,44.3789,43.5534,42.6159,40.8774,37.492,32.2334,25.9526,13.3625,0.363164,166.935,158.094,180.373,177.509
31.29647421836853,0.37325497898137505,0.0,0.38232375959287523,4,-0.199079,4.0,14879.9,206.173,-7.47547,1.43275,4.39242,7.90597,11.4815,53.4036,49.7267,47.9232,46.9715,46.144,45.5561,44.971,44.3888,43.8096,43.0029,42.0874,40.3915,37.0952,31.9814,25.8751,13.5368,0.398343,165.342,155.885,178.36,175.469
31.318661212921143,0.37858285533177355,0.0,0.2843168633141157,4,-0.19068,4.0,14758.0,204.12,-7.72169,1.24442,4.17629,7.57789,11.0722,52.6744,49.0469,47.2719,46.3365,45.5243,44.9476,44.3738,43.8032,43.2359,42.447,41.5525,39.8972,36.6859,31.7109,25.7725,13.6862,0.431072,165.39,155.582,176.937,173.976
31.339568614959717,0.39040942254848776,0.0,0.09438497612519961,4,-0.182853,4.0,14686.4,202.202,-7.94107,1.07268,3.97409,7.26714,10.6808,51.9821,48.4005,46.6525,45.7321,44.9341,44.3679,43.8048,43.2451,42.6888,41.9159,41.0411,39.4239,36.2922,31.4483,25.6663,13.8194,0.461508,167.889,158.166,176.09,173.09
31.361520051956177,0.39464904096815734,0.0,0.0,4,-0.175825,4.0,14705.4,200.597,-8.18043,0.933057,3.7821,6.95928,10.2692,51.379,47.8382,46.1146,45.2078,44.422,43.8652,43.312,42.7623,42.216,41.4575,40.5998,39.0175,35.9582,31.2331,25.5901,13.9498,0.48985,174.224,165.577,176.405,173.179
31.383588790893555,0.3978320566664139,0.0,0.0,4,-0.170985,4.0,14686.0,199.392,-8.59903,0.825125,3.59643,6.63976,9.79849,50.9208,47.4135,45.7097,44.8147,44.0394,43.4902,42.945,42.4039,41.8664,41.1203,40.2771,38.7244,35.7281,31.1054,25.5784,14.0912,0.516385,179.326,172.353,176.418,172.696
31.404699325561523,0.40037318621141216,0.0,0.0,4,-0.168284,4.0,14614.3,198.43,-9.31996,0.731987,3.41641,6.30913,9.27548,50.607,47.1249,45.4363,44.5508,43.7841,43.2412,42.7024,42.1677,41.6373,40.9018,40.0707,38.5414,35.5987,31.0634,25.6298,14.2462,0.541363,181.037,175.335,175.809,171.607
31.427860021591187,0.402684504664503,0.0,0.0,4,-0.166255,4.0,14545.9,197.555,-10.2188,0.646973,3.24413,5.98438,8.75266,50.3668,46.9039,45.228,44.3494,43.5898,43.0524,42.519,41.9899,41.465,40.7376,39.917,38.408,35.5108,31.0533,25.7024,14.4015,0.56488,181.29,176.315,175.133,170.651
31.449300289154053,0.4049033703794703,0.0,0.0,4,-0.164251,4.0,14481.6,196.715,-11.0639,0.583726,3.08234,5.68262,8.27665,50.1217,46.6749,45.0102,44.1381,43.3843,42.8514,42.323,41.7991,41.2795,40.5595,39.7476,38.2574,35.4008,31.0177,25.7507,14.5409,0.587,180.9,176.391,174.391,169.863
31.47137212753296,0.3999358833936726,0.0,0.0,4,-0.161561,4.0,14418.4,195.892,-11.7584,0.529908,2.9324,5.41047,7.86277,49.8351,46.4036,44.7488,43.8833,43.1354,42.6066,42.0826,41.5633,41.0489,40.3364,39.5331,38.0597,35.242,30.9323,25.7537,14.6573,0.607775,180.219,176.06,173.594,169.157
31.493967294692993,0.40203796807161846,0.0,0.0,4,-0.157627,4.0,14356.1,195.082,-12.2854,0.473327,2.79443,5.16902,7.51251,49.4932,46.0771,44.4323,43.5729,42.8311,42.3068,41.7872,41.2725,40.7627,40.0574,39.263,37.8065,35.0272,30.7899,25.7051,14.7477,0.627149,179.44,175.565,172.78,168.489
31.516050577163696,0.3898885860807076,0.0,0.0,4,-0.152947,4.0,14296.9,194.276,-12.5765,0.467024,2.66824,4.95669,7.22101,49.0968,45.6965,44.0626,43.2092,42.4731,41.9534,41.4386,40.9287,40.4237,39.7252,38.9393,37.5004,34.7589,30.5936,25.6075,14.8122,0.645119,178.576,174.948,171.99,167.872
31.538119554519653,0.364042628005296,0.0,0.0,4,-0.147875,4.0,14236.1,193.472,-12.7866,0.470953,2.55223,4.76543,6.96585,48.6866,45.301,43.6772,42.8298,42.099,41.5833,41.0729,40.5677,40.0676,39.3759,38.5978,37.1753,34.4695,30.373,25.4843,14.8605,0.661806,177.793,174.311,171.237,167.18
31.559597492218018,0.3455730682859818,0.0,0.0,4,-0.142345,4.0,14176.3,192.675,-12.9902,0.471404,2.44634,4.59434,6.74505,48.2736,44.9013,43.2862,42.4446,41.7191,41.2071,40.7006,40.1995,39.7038,39.0188,38.2483,36.8406,34.169,30.1363,25.3421,14.8943,0.677091,177.147,173.74,170.525,166.466
31.58151650428772,0.34064254702853974,0.0,0.0,4,-0.13664,4.0,14121.0,191.879,-13.0249,0.564079,2.35051,4.44439,6.56337,47.8462,44.4864,42.8798,42.0434,41.3231,40.815,40.3123,39.8151,39.3234,38.6446,37.8817,36.4886,33.8498,29.8785,25.1761,14.9117,0.691038,176.495,173.156,169.83,165.847
31.604517221450806,0.3356972749585783,0.0,0.0,4,-0.13086,4.0,14062.7,191.089,-13.0704,0.659978,2.26394,4.31092,6.40754,47.4319,44.0826,42.4839,41.6519,40.9359,40.4314,39.9323,39.4388,38.9509,38.2773,37.5212,36.1419,33.533,29.6188,25.0022,14.9194,0.703749,175.838,172.514,169.15,165.143
31.625401496887207,0.3373492390706763,0.0,0.0,4,-0.124727,4.0,14005.1,190.307,-13.1472,0.739154,2.18706,4.19727,6.28569,47.0207,43.6802,42.0886,41.2609,40.5488,40.0471,39.5515,39.0615,38.5772,37.9088,37.1586,35.7921,33.211,29.3505,24.8154,14.9148,0.71512,175.178,171.863,168.478,164.437
31.6474506855011,0.3390075406410049,0.0,0.0,4,-0.118375,4.0,13952.0,189.522,-13.0168,0.929783,2.12022,4.1061,6.20922,46.5933,43.2616,41.6766,40.8532,40.1451,39.6464,39.1537,38.6671,38.1864,37.5232,36.7792,35.4246,32.8712,29.0627,24.6068,14.8945,0.725201,174.434,171.155,167.801,163.859
31.670495748519897,0.3406531672948723,0.0,0.0,4,-0.111843,4.0,13894.5,188.743,-12.927,1.10008,2.06258,4.03253,6.16549,46.1785,42.8537,41.2742,40.4547,39.7503,39.2544,38.7645,38.2807,37.803,37.1446,36.4064,35.063,32.5353,28.7753,24.3923,14.8653,0.734105,173.721,170.436,167.13,163.165
31.69154953956604,0.3422840065462018,0.0,0.0,4,-0.104962,4.0,13838.5,187.971,-12.8815,1.24342,2.01504,3.98158,6.16678,45.7655,42.4466,40.8723,40.0559,39.3549,38.8616,38.3745,37.8934,37.4186,36.7643,36.0315,34.6989,32.1953,28.4814,24.1681,14.8242,0.741664,173.02,169.732,166.472,162.478
31.713112831115723,0.3439254082279156,0.0,0.0,4,-0.0978507,4.0,13786.5,187.194,-12.5963,1.52136,1.97733,3.95498,6.22773,45.3363,42.0233,40.4547,39.6416,38.9437,38.453,37.9687,37.4906,37.0187,36.3687,35.6409,34.3193,31.8393,28.1713,23.9269,14.7687,0.748013,172.263,168.998,165.801,161.924
31.737592458724976,0.34554779753493764,0.0,0.0,4,-0.0905805,4.0,13728.8,186.426,-12.4043,1.75111,1.94965,3.94952,6.33982,44.926,41.617,40.0527,39.2425,38.5473,38.0586,37.5766,37.1011,36.632,35.9858,35.2626,33.9504,31.4923,27.8661,23.6855,14.7055,0.753122,171.567,168.282,165.141,161.217
31.757885694503784,0.33361350383922456,0.0,0.0,4,-0.0831383,4.0,13674.4,185.663,-12.2977,1.94917,1.93226,3.96942,6.52202,44.5283,41.2216,39.6604,38.8529,38.1602,37.6733,37.1932,36.7197,36.2529,35.6104,34.8916,33.5878,31.1501,27.5628,23.4413,14.6332,0.756888,170.897,167.583,164.511,160.536
31.77945876121521,0.2959692844329401,0.0,0.0,4,-0.0755478,4.0,13623.1,184.895,-11.9301,2.30972,1.92541,4.01869,6.80991,44.1202,40.8157,39.2578,38.4526,37.7625,37.2777,36.7996,36.3282,35.8635,35.2244,34.51,33.215,30.7973,27.2487,23.1857,14.548,0.759414,170.223,166.91,163.857,159.984
31.802616834640503,0.2663582994796646,0.0,0.0,3,-0.0678034,4.0,13565.7,184.15,-11.7199,2.59382,1.92873,4.09389,7.21651,43.7359,40.4313,38.8758,38.0722,37.3839,36.9007,36.4244,35.9549,35.4921,34.8557,34.1447,32.8577,30.4573,26.9437,22.9345,14.4564,0.760753,169.765,166.419,163.213,159.266
31.82307744026184,0.25546380048005224,0.0,0.0,3,-0.059813,3.0,16600.1,183.493,-11.6034,2.84119,1.94363,4.20442,7.84954,43.3587,40.0526,38.499,37.6969,37.01,36.528,36.0532,35.5854,35.1245,34.4907,33.7829,32.5027,30.1187,26.6379,22.6798,14.3553,0.760693,169.345,165.984,163.581,160.097
31.845917224884033,0.25631684493504153,0.0,0.0,3,-0.0511857,3.0,16522.5,182.937,-11.1214,3.27518,1.97099,4.36223,9.0932,42.9393,39.6346,38.0839,37.2841,36.5994,36.1191,35.646,35.1802,34.7215,34.0912,33.3873,32.1149,29.75,26.3054,22.4014,14.2376,0.759378,168.82,165.554,163.143,159.897
31.86812973022461,0.2572619445470441,0.0,0.0,3,-0.0418938,3.0,16465.1,182.321,-10.7364,3.61266,2.01064,4.56903,48.6483,42.5138,39.2107,37.6627,36.8652,36.1829,35.7044,35.2332,34.7693,34.3127,33.6856,32.9859,31.7217,29.3756,25.967,22.1167,14.1103,0.756849,168.318,165.113,161.139,157.178
31.889385223388672,0.2584709356091513,0.0,0.0,3,-0.032438,3.0,16366.2,181.533,-10.4759,3.90036,2.06374,4.83319,48.251,42.1009,38.7977,37.2521,36.4562,35.776,35.2991,34.8296,34.3675,33.9127,33.2884,32.5924,31.3359,29.0071,25.6322,21.833,13.9754,0.752812,167.746,164.549,160.245,156.051
31.910918951034546,0.2597182829866807,0.0,0.0,3,-0.0230683,3.0,16301.1,180.72,-9.93549,4.39774,2.13009,5.16377,47.8592,41.692,38.3882,36.8448,36.0505,35.3719,34.8965,34.4287,33.9684,33.5155,32.8938,32.2011,30.952,28.6396,25.2974,21.5474,13.8339,0.747445,167.023,163.825,159.586,155.478
31.935103178024292,0.2609364795644892,0.0,0.0,3,-0.0140578,3.0,16219.2,179.926,-9.70233,4.76236,2.20885,5.55376,47.5387,41.3449,38.0349,36.491,35.697,35.0188,34.5438,34.0767,33.6174,33.1656,32.5456,31.8548,30.6103,28.3102,24.9934,21.2837,13.6952,0.740757,166.388,163.076,158.926,154.563
31.956390857696533,0.28066522188329446,0.0,0.0,3,-0.00557208,3.0,16151.4,179.125,-9.71863,5.06738,2.30099,6.01343,47.2891,41.0585,37.7364,36.1888,35.3938,34.7149,34.2395,33.7721,33.3125,32.8609,32.2415,31.5515,30.309,28.0165,24.718,21.0404,13.558,0.732515,165.786,162.314,158.348,153.785
31.977540731430054,0.30777184503804894,0.0,0.0,3,0.00285673,3.0,16088.7,178.311,-9.44813,5.57113,2.40753,6.56868,47.0433,40.7743,37.4394,35.8877,35.0912,34.4116,33.9358,33.4681,33.0084,32.5566,31.9373,31.2482,30.0077,27.7219,24.4409,20.7944,13.4146,0.722867,164.973,161.445,157.702,153.259
32.000547885894775,0.343165560683546,0.0,0.0,3,0.0104944,3.0,16003.6,177.508,-9.43901,5.92828,2.52593,7.21119,46.8586,40.542,37.1888,35.6309,34.8315,34.1498,33.673,33.2043,32.7437,32.2912,31.671,30.9811,29.7407,27.4574,24.1879,20.5655,13.2738,0.711922,164.186,160.557,156.998,152.328
32.02065873146057,0.3733709105884563,0.0,0.0,3,0.0170845,3.0,15927.5,176.687,-9.70056,6.19355,2.65684,7.93876,46.7548,40.3777,36.9994,35.432,34.6281,33.9427,33.4635,32.9927,32.5303,32.076,31.4536,30.7614,29.5178,27.2319,23.9659,20.3583,13.1362,0.69952,163.397,159.602,156.36,151.444
32.04269051551819,0.3974473103179782,0.0,0.0,3,0.0242051,3.0,15861.6,175.854,-9.72393,6.55462,2.80209,8.86557,46.6098,40.1767,36.7758,35.1998,34.3923,33.704,33.2228,32.7502,32.2861,31.8306,31.2067,30.5131,29.2674,26.9814,23.7224,20.1338,12.9884,0.685787,162.468,158.668,155.629,150.947
32.065879106521606,0.4223319897414185,0.0,0.0,3,0.0311038,3.0,15773.9,175.042,-9.81407,6.76654,2.96097,10.0927,46.4365,39.95,36.5282,34.9444,34.1335,33.4429,32.9602,32.4861,32.0208,31.564,30.9389,30.2444,28.9977,26.713,23.4634,19.8965,12.8324,0.670742,161.527,157.784,154.777,150.109
32.08815121650696,0.44008307359545173,0.0,0.0,3,0.0367644,3.0,15687.6,174.228,-10.0717,6.86491,3.13256,11.8457,46.2914,39.7456,36.2999,34.7072,33.8921,33.1983,32.7137,32.2379,31.7709,31.3126,30.6855,29.9892,28.7408,26.4549,23.2118,19.6634,12.6744,0.654434,160.635,156.881,153.994,149.211
32.1101131439209,0.4421611574261201,0.0,0.0,3,0.0422928,3.0,15612.7,173.398,-10.2905,6.98646,3.31565,57.1898,46.1554,39.5475,36.0763,34.4741,33.6546,32.9573,32.4704,31.9926,31.5239,31.064,30.4349,29.7365,28.4854,26.198,22.9603,19.429,12.5124,0.636943,159.742,155.964,153.27,148.498
32.13141918182373,0.44423673754132975,0.0,0.0,3,0.0470979,3.0,15527.9,172.569,-10.6083,7.05299,3.50841,57.2372,46.0598,39.3821,35.8812,34.2673,33.4425,32.7409,32.251,31.7705,31.2994,30.8374,30.2055,29.5044,28.2489,25.9573,22.721,19.2026,12.3495,0.618275,158.916,155.092,152.511,147.62
32.15326380729675,0.4463323473802085,0.0,0.0,3,0.0501641,3.0,15443.5,171.732,-11.0541,7.08113,3.70933,57.3609,46.0242,39.2656,35.7291,34.1003,33.2689,32.5618,32.0683,31.5843,31.1098,30.6446,30.0088,29.3038,28.0418,25.7417,22.5009,18.9892,12.188,0.598567,158.145,154.237,151.776,146.722
32.175461292266846,0.4484655129509667,0.0,0.0,3,0.0528958,3.0,15370.5,170.88,-11.4615,7.16338,3.91745,57.5253,46.0189,39.1726,35.5968,33.9521,33.1127,32.3995,31.902,31.4141,30.9358,30.467,29.8264,29.1166,27.8473,25.5361,22.2879,18.7799,12.0253,0.577963,157.359,153.379,151.081,146.004
32.196974992752075,0.4505961748062664,0.0,0.0,3,0.0553162,3.0,15286.6,170.029,-11.869,7.23646,4.13168,57.7299,46.0434,39.1029,35.4843,33.8221,32.9741,32.2538,31.7515,31.2593,30.7769,30.3042,29.6585,28.943,27.6649,25.3407,22.0823,18.5749,11.8616,0.55655,156.545,152.516,150.312,145.156
32.21976375579834,0.46097321499824523,0.0,0.0,3,0.0562783,3.0,15200.9,169.172,-12.3672,7.27491,4.3501,58.001,46.1194,39.0747,35.4077,33.725,32.8674,32.1389,31.6311,31.1336,30.6461,30.1689,29.5171,28.795,27.5058,25.1655,21.8918,18.3801,11.6989,0.534397,155.748,151.653,149.547,144.266
32.24135494232178,0.46318595169067384,0.0,0.0,3,0.0567266,3.0,15122.2,168.304,-12.8872,7.32027,4.5712,58.3241,46.235,39.0776,35.3577,33.6523,32.7838,32.0466,31.5327,31.0293,30.5362,30.0535,29.3947,28.6654,27.3637,25.0041,21.7116,18.1919,11.5367,0.511676,154.92,150.759,148.81,143.472
32.26412749290466,0.4654063360905647,0.0,0.0,3,0.0572269,3.0,15039.6,167.433,-13.3187,7.38959,4.7965,58.6563,46.3545,39.0815,35.3074,33.5793,32.6993,31.9528,31.4328,30.9236,30.4249,29.9366,29.2704,28.5335,27.2193,24.8398,21.5281,18.0005,11.3721,0.488455,154.05,149.869,148.017,142.679
32.285048723220825,0.46762672049045556,0.0,0.0,3,0.0570543,3.0,14952.4,166.562,-13.8041,7.41659,5.02349,59.0322,46.5073,39.1112,35.2787,33.5258,32.6337,31.8771,31.3502,30.8344,30.3296,29.8355,29.1615,28.416,27.0878,24.6863,21.3524,17.8138,11.2076,0.46476,153.2,148.998,147.208,141.804
32.30863833427429,0.46985730183362956,0.0,0.0,3,0.0561095,3.0,14866.0,165.687,-14.3366,7.41402,5.25054,59.4548,46.6949,39.168,35.2729,33.4929,32.5879,31.8205,31.2861,30.7632,30.2515,29.7509,29.0684,28.3138,26.97,24.5442,21.1849,17.6324,11.0435,0.440715,152.36,148.131,146.403,140.932
32.3307466506958,0.4721031785917282,0.0,0.0,3,0.055369,3.0,14788.1,164.806,-14.7616,7.44875,5.48035,59.8727,46.8755,39.2165,35.2586,33.4516,32.5333,31.7552,31.2136,30.6836,30.165,29.6579,28.9667,28.2031,26.844,24.3941,21.0102,17.4452,10.8769,0.416379,151.492,147.27,145.622,140.212
32.35102820396423,0.4743337599349022,0.0,0.0,3,0.0547256,3.0,14702.3,163.931,-15.161,7.45526,5.71138,60.2976,47.0596,39.2658,35.2436,33.4093,32.4774,31.6881,31.139,30.6019,30.0765,29.5628,28.8627,28.0897,26.7154,24.2409,20.8324,17.2552,10.7089,0.391799,150.608,146.413,144.79,139.389
32.37348818778992,0.47656179204225546,0.0,0.0,3,0.0532351,3.0,14616.3,163.057,-15.584,7.4314,5.94124,60.7541,47.2665,39.3321,35.2423,33.3791,32.4331,31.6321,31.0749,30.5301,29.9976,29.477,28.7677,27.9848,26.5938,24.0933,20.6583,17.0674,10.5409,0.36702,149.744,145.565,143.971,138.544
32.39607858657837,0.47879747185707094,0.0,0.0,3,0.0517081,3.0,14536.8,162.18,-15.9776,7.4112,6.17064,61.2283,47.4851,39.4062,35.2468,33.3534,32.393,31.58,31.0146,30.4618,29.9216,29.3937,28.6752,27.8821,26.4739,23.9468,20.4844,16.8792,10.3724,0.342129,148.884,144.719,143.186,137.786
32.418972969055176,0.48102040549278263,0.0,0.0,3,0.0505528,3.0,14456.1,161.308,-16.2565,7.4067,6.40185,61.6774,47.681,39.4589,35.2313,33.3087,32.3339,31.5092,30.9359,30.3756,29.828,29.2931,28.5651,27.7625,26.3381,23.7858,20.2987,16.6825,10.2013,0.317162,147.991,143.873,142.371,137.046
32.43945908546448,0.4832305929493904,0.0,0.0,3,0.0492026,3.0,14372.5,160.441,-16.5341,7.3758,6.63068,62.1457,47.8903,39.521,35.2226,33.2701,32.2804,31.4434,30.8619,30.2939,29.7389,29.1967,28.4591,27.6462,26.2053,23.6267,20.1141,16.4863,10.0308,0.292166,147.114,143.037,141.556,136.245
32.46262216567993,0.48543313269853594,0.0,0.0,3,0.0472934,3.0,14289.4,159.577,-16.8241,7.32296,6.85645,62.6486,48.1213,39.5996,35.2275,33.2432,32.2383,31.3885,30.7982,30.2218,29.659,29.1095,28.3619,27.5383,26.0795,23.4733,19.9333,16.2926,9.86124,0.267223,146.26,142.209,140.758,135.438
32.48510003089905,0.4876407709193229,0.0,0.0,3,0.0455717,3.0,14214.7,158.711,-17.0361,7.29689,7.08149,63.1919,48.3488,39.673,35.2268,33.2105,32.1901,31.3277,30.7287,30.1439,29.573,29.0159,28.2585,27.4243,25.9477,23.3144,19.748,16.0957,9.69099,0.242327,145.407,141.388,139.997,134.75
32.504504442214966,0.48982291678190226,0.0,0.0,3,0.0440995,3.0,14135.2,157.855,-17.1785,7.26699,7.30473,63.7774,48.5662,39.7363,35.216,33.1683,32.1322,31.2573,30.6498,30.0569,29.478,28.9134,28.146,27.3016,25.8077,23.1481,19.5567,15.8948,9.52054,0.217574,144.531,140.563,139.2,134.015
32.52762985229492,0.4919897672295571,0.0,0.0,3,0.0422615,3.0,14055.0,157.005,-17.3274,7.21588,7.52422,64.4482,48.8019,39.8133,35.2161,33.1356,32.0835,31.1952,30.5789,29.9774,29.3905,28.818,28.0403,27.1849,25.6733,22.9859,19.3684,15.6962,9.35151,0.192927,143.682,139.751,138.416,133.248
32.54964065551758,0.4941515192055702,0.0,0.0,3,0.0401052,3.0,13976.3,156.157,-17.4831,7.15067,7.73896,65.22,49.0608,39.908,35.231,33.116,32.0473,31.1451,30.5193,29.9089,29.3136,28.733,27.9445,27.0775,25.5471,22.8304,19.1849,15.501,9.18456,0.168526,142.855,138.948,137.648,132.487
32.571064472198486,0.48743834778010225,0.815673828125,0.0,3,0.0382172,3.0,13904.0,155.314,-17.5473,7.11158,7.95108,66.0518,49.3084,39.9917,35.2354,33.0863,32.0012,31.0854,30.4504,29.8309,29.2271,28.6386,27.8397,26.9615,25.4123,22.6677,18.996,15.3025,9.01792,0.144409,142.024,138.155,136.908,131.835
32.59332489967346,0.40395118038742805,0.9999847412109375,0.0,3,0.0367228,3.0,15171.4,154.955,-17.5806,7.06973,8.1629,66.9237,49.5278,40.0506,35.2167,33.0348,31.9334,31.0047,30.3609,29.7331,29.121,28.5247,27.7158,26.8273,25.2606,22.4902,18.7959,15.0967,8.85027,0.120473,141.265,137.462,146.332,146.332
32.61701703071594,0.3721709480276518,0.49999237060546875,0.0,3,0.0348516,3.0,15886.5,155.094,-17.7711,7.02801,8.3709,67.9148,49.7633,40.1212,35.2071,32.9913,31.8732,30.9307,30.2777,29.6413,29.021,28.4167,27.5971,26.6976,25.1132,22.3159,18.5979,14.8927,8.68422,0.0967229,141.086,137.377,153.262,153.262
32.63835334777832,0.35648134221967,0.49999237060546875,0.0,3,0.0326529,3.0,15344.6,155.325,-18.0394,6.99851,8.5745,69.0821,50.0371,40.2206,35.2215,32.9689,31.8332,30.876,30.213,29.567,28.9378,28.3249,27.494,26.5824,24.9785,22.1514,18.4068,14.6929,8.51951,0.0730184,141.233,137.575,148.437,148.437
32.66036415100098,0.3562854079516977,0.9999847412109375,0.0,3,0.0324122,3.0,15063.4,155.432,-17.9017,6.99454,8.7958,69.9676,50.0871,40.1329,35.0709,32.7924,31.6448,30.6779,30.0084,29.3564,28.7215,28.1036,27.2661,26.3477,24.7333,21.8938,18.1458,14.4467,8.3429,0.0495033,141.349,137.874,145.624,145.624
32.681429386138916,0.35582395528320226,0.49999237060546875,0.0,3,0.0346828,3.0,15760.7,155.684,-17.4189,6.98894,9.04333,70.3746,49.8333,39.7929,34.699,32.4103,31.2585,30.2891,29.6181,28.9648,28.329,27.7105,26.8729,25.9551,24.3432,21.5148,17.7954,14.1417,8.15156,0.0261599,141.341,138.194,152.067,152.067
32.70376491546631,0.3551940357674783,0.9999847412109375,0.0,3,0.0377394,3.0,15225.8,156.028,-16.8046,6.97124,9.30471,70.5537,49.4317,39.3303,34.22,31.9288,30.7769,29.8082,29.1383,28.4863,27.852,27.2353,26.4008,25.4872,23.8845,21.0791,17.4041,13.811,7.95445,0.00293605,141.416,138.572,147.262,147.262
32.72649264335632,0.35451101257164963,0.49999237060546875,0.0,3,0.0420518,3.0,15831.2,156.401,-16.0067,6.94373,9.58263,70.4392,48.8616,38.7289,33.6209,31.3363,30.1891,29.2253,28.5593,27.9115,27.2816,26.6695,25.8418,24.9366,23.3509,20.582,16.9692,13.453,7.75135,-0.0201111,141.539,138.994,152.785,152.785
32.74819612503052,0.3537346001452922,0.9999847412109375,0.0,3,0.0468518,3.0,15234.0,156.825,-15.132,6.94252,9.86884,70.2289,48.2293,38.0769,32.9786,30.7044,29.5639,28.6067,27.9458,27.3033,26.679,26.0728,25.2535,24.3584,22.7926,20.0656,16.5217,13.0881,7.54735,-0.0430883,141.794,139.477,147.359,147.359
32.77085280418396,0.352972837009998,0.49999237060546875,0.0,3,0.0523841,3.0,15808.7,157.241,-14.1451,6.93801,10.1667,69.8486,47.5041,37.3503,32.2733,30.0151,28.8843,27.9361,27.2821,26.6467,26.0298,25.4309,24.6224,23.7398,22.1986,19.5211,16.0558,12.713,7.34214,-0.0659129,142.1,139.989,152.573,152.573
32.791619539260864,0.35217261948566264,0.9999847412109375,0.0,3,0.0573139,3.0,15215.5,157.678,-13.2263,6.92408,10.4645,69.5349,46.7996,36.6419,31.585,29.3421,28.221,27.2817,26.6342,26.0059,25.3962,24.8046,24.0067,23.1365,21.6192,18.9904,15.6018,12.3471,7.14071,-0.0886396,142.524,140.521,147.172,147.172
32.81515121459961,0.35136690847717844,0.49999237060546875,0.0,3,0.0626752,3.0,15776.3,158.118,-12.2527,6.9085,10.7717,69.1123,46.0348,35.8862,30.8577,28.6345,27.525,26.5964,25.9568,25.3366,24.7353,24.1524,23.3666,22.5105,21.0203,18.4451,15.1394,11.9774,6.93954,-0.111224,142.948,141.053,152.278,152.278
32.836708068847656,0.3505318988865676,0.9999847412109375,0.0,3,0.0678024,3.0,15175.1,158.574,-11.3211,6.91421,11.0789,68.7791,45.2991,35.155,30.1529,27.9483,26.85,25.9317,25.2998,24.6875,24.0943,23.5197,22.7457,21.9033,20.4392,17.9162,14.6905,11.618,6.74189,-0.133753,143.467,141.615,146.771,146.771
32.85779023170471,0.34971703207116883,0.49999237060546875,0.0,3,0.0732055,3.0,15737.7,159.019,-10.3614,6.91479,11.3929,68.3833,44.5254,34.3951,29.4255,27.2425,26.1569,25.2503,24.627,24.0234,23.4392,22.8737,22.1127,21.2851,19.8491,17.3817,14.2397,11.2589,6.54551,-0.156155,143.956,142.16,151.904,151.904
32.87930393218994,0.34890033409438714,0.9999847412109375,0.0,3,0.0775721,3.0,15164.4,159.465,-9.54324,6.90618,11.6998,68.2042,43.8295,33.6982,28.753,26.5875,25.5128,24.6162,24.0003,23.4043,22.8278,22.2704,21.5208,20.7066,19.2956,16.8785,13.8128,10.9163,6.35429,-0.178521,144.531,142.707,146.647,146.647
32.90266156196594,0.34807448031069094,0.49999237060546875,0.0,3,0.0820262,3.0,15728.0,159.916,-8.74185,6.89712,12.0107,68.0361,43.1216,32.9928,28.0745,25.9283,24.8651,23.9792,23.371,22.7831,22.2148,21.6657,20.9281,20.1277,18.7429,16.3773,13.389,10.577,6.16503,-0.200769,145.049,143.224,151.821,151.821
32.925294399261475,0.34726510697944085,0.9999847412109375,0.0,3,0.0857192,3.0,15166.8,160.358,-8.06967,6.90423,12.3101,68.1675,42.5103,32.3635,27.461,25.3287,24.2742,23.3967,22.795,22.2135,21.6519,21.1097,20.382,19.5935,18.231,15.9103,12.9906,10.2548,5.98072,-0.223019,145.654,143.753,146.654,146.654
32.946744441986084,0.3464593959709567,0.9999847412109375,0.0,3,0.0891654,3.0,15747.0,160.798,-7.45603,6.90341,12.607,68.4333,41.9216,31.752,26.8631,24.744,23.6978,22.8285,22.2329,21.6577,21.1026,20.5671,19.849,19.0718,17.7312,15.4541,12.6012,9.93969,5.79905,-0.245187,146.19,144.237,152.0,152.0
32.96725273132324,0.34523068668301843,0.49999237060546875,0.0,3,0.0906181,3.0,15981.9,161.469,-7.24913,6.89808,12.8734,69.4161,41.5515,31.3054,26.4019,24.2834,23.2389,22.372,21.7788,21.2063,20.6542,20.1218,19.4087,18.6377,17.3102,15.0615,12.2571,9.65363,5.62479,-0.267445,146.861,144.719,154.336,154.336
32.99048590660095,0.3443096125074103,0.9999847412109375,0.0,3,0.0907629,3.0,15316.5,161.972,-7.17585,6.90594,13.1131,71.1368,41.3734,30.99,26.0483,23.9191,22.8711,22.002,21.4079,20.8352,20.2831,19.7511,19.0391,18.2701,16.9486,14.7166,11.9466,9.38878,5.456,-0.289782,147.602,145.208,148.123,148.123
33.01304221153259,0.3434947456920116,0.9999847412109375,0.0,3,0.0913185,3.0,15874.3,162.417,-6.99996,6.9215,13.359,72.9999,41.1632,30.6324,25.6583,23.5217,22.4718,21.602,21.0078,20.4357,19.8847,19.3541,18.6446,17.8792,16.566,14.3555,11.6252,9.11767,5.28622,-0.312057,148.143,145.671,153.234,153.234
33.03284478187561,0.3422861791792854,0.49999237060546875,0.0,3,0.0906301,3.0,16110.8,163.077,-7.12142,6.92769,13.5797,75.8255,41.1467,30.3907,25.362,23.2075,22.1508,21.2762,20.6792,20.1047,19.552,19.0203,18.3099,17.5444,16.2331,14.0337,11.3311,8.86363,5.12083,-0.334385,148.756,146.134,155.577,155.577
33.055537700653076,0.34142919565207946,0.9999847412109375,0.0,3,0.0887219,3.0,15474.4,163.545,-7.32302,6.92568,13.7771,79.8699,41.3277,30.2519,25.1474,22.9654,21.897,21.0138,20.4115,19.832,19.2751,18.7397,18.0253,17.2564,15.9415,13.744,11.0585,8.6232,4.95879,-0.35673,149.414,146.599,149.637,149.637
33.07837247848511,0.3406564455484878,0.9999847412109375,0.0,3,0.0874318,3.0,16049.6,163.967,-7.3934,6.92594,13.9836,84.5087,41.4747,30.0519,24.8797,22.6749,21.5969,20.7072,20.1008,19.5181,18.9583,18.4206,17.7039,16.9337,15.6191,13.4297,10.7695,8.37308,4.79514,-0.378951,149.858,147.017,154.92,154.92
33.099462032318115,0.3394936580703346,0.49999237060546875,0.0,3,0.0852432,3.0,16300.0,164.602,-7.69863,6.93167,14.1671,91.2099,41.8541,29.9536,24.6918,22.4546,21.3622,20.4614,19.8485,19.2599,18.6948,18.1525,17.4303,16.6552,15.3353,13.145,10.5005,8.13528,4.63483,-0.401148,150.382,147.443,157.4,157.4
33.121554374694824,0.3386659731252553,0.9999847412109375,0.0,3,0.0820509,3.0,15655.4,165.054,-8.06198,6.92977,14.3284,101.074,42.5033,29.9546,24.5811,22.3011,21.1895,20.2738,19.6511,19.0539,18.4811,17.9319,17.201,16.4176,15.0867,12.8871,10.249,7.90786,4.4773,-0.423323,150.97,147.874,151.394,151.394
33.145121574401855,0.3379518201859172,0.9999847412109375,0.0,3,0.0794096,3.0,16251.0,165.444,-8.28454,6.91045,14.5002,113.917,43.1552,29.8843,24.4092,22.0911,20.9632,20.0349,19.4044,18.8,18.221,17.6664,16.9293,16.1401,14.8022,12.601,9.97864,7.66951,4.31806,-0.445285,151.347,148.256,156.861,156.861
33.16649413108826,0.34397871947606407,0.49999237060546875,0.0,3,0.0761917,3.0,16499.5,166.066,-8.69182,6.90892,14.655,134.219,44.1102,29.8903,24.2944,21.9301,20.7815,19.8376,19.1969,18.5832,17.9958,17.4338,16.6879,15.8905,14.5416,12.3323,9.71903,7.43794,4.16087,-0.467169,151.794,148.652,159.329,159.329
33.18970251083374,0.3503722166254185,0.9999847412109375,0.0,3,0.0724946,3.0,15834.8,166.51,-9.08209,6.91237,14.7942,169.765,45.4342,29.9671,24.2322,21.8139,20.6405,19.6775,19.0245,18.3997,17.802,17.2307,16.4732,15.6652,14.3013,12.078,9.46857,7.21188,4.0057,-0.488928,152.279,149.038,153.14,153.14
33.210875511169434,0.36429559233730346,0.49999237060546875,0.0,3,0.0695667,3.0,16425.8,166.887,-9.2789,6.90012,14.9495,200.0,46.7977,29.9389,24.0813,21.6169,20.423,19.4443,18.7817,18.1482,17.5429,16.9648,16.1994,15.3841,14.012,11.7856,9.19374,6.97216,3.84868,-0.510419,152.562,149.374,158.543,158.543
33.23296141624451,0.3709929463639855,0.9999847412109375,0.0,3,0.0666544,3.0,15873.2,167.25,-9.45644,6.88289,15.1016,200.0,48.4885,29.9193,23.9257,21.4134,20.1986,19.2039,18.5312,17.8889,17.2759,16.6912,15.9178,15.0953,13.7152,11.4875,8.91525,6.73084,3.69245,-0.531657,152.823,149.661,153.486,153.486
33.25510573387146,0.3777397617969321,0.49999237060546875,0.0,3,0.0646703,3.0,16486.2,167.611,-9.46518,6.87143,15.2682,200.0,50.2888,29.8297,23.6834,21.1314,19.9003,18.8936,18.2136,17.565,16.9469,16.3579,15.5803,14.7547,13.3731,11.1556,8.61608,6.47886,3.53562,-0.552544,152.99,149.932,159.124,159.124
33.27715277671814,0.3845421780275429,0.9999847412109375,0.0,3,0.0624974,3.0,15937.3,167.967,-9.50694,6.85907,15.4244,200.0,52.7057,29.8205,23.4653,20.8691,19.6192,18.5989,17.9105,17.2546,16.6302,16.0361,15.253,14.4233,13.0387,10.8295,8.32108,6.23053,3.38111,-0.573165,153.248,150.214,154.099,154.099
33.298057079315186,0.3913982240606379,0.49999237060546875,0.0,3,0.0605841,3.0,16559.0,168.319,-9.47253,6.83135,15.5866,200.0,55.5853,29.7936,23.1956,20.5598,19.2932,18.2615,17.5664,16.9049,16.2759,15.6782,14.8918,14.0605,12.6775,10.4837,8.01517,5.97757,3.22746,-0.593417,153.438,150.47,159.827,159.827
33.31873655319214,0.3906205161061138,0.9999847412109375,0.0,3,0.0583887,3.0,15997.9,168.68,-9.48681,6.81194,15.7369,193.926,59.6234,29.8799,22.9582,20.2765,18.9907,17.9448,17.2416,16.5731,15.9383,15.336,14.5446,13.7101,12.3268,10.1457,7.71518,5.72896,3.07617,-0.613379,153.714,150.742,154.692,154.692
33.34113931655884,0.3898384995202627,0.49999237060546875,0.0,3,0.0569127,3.0,16602.1,169.043,-9.37055,6.80193,15.8972,151.444,64.6214,29.9306,22.649,19.9283,18.6273,17.5708,16.8616,16.1887,15.5507,14.9461,14.1532,13.319,11.9414,9.78337,7.40183,5.47443,2.92574,-0.632946,153.943,151.04,160.249,160.249
33.364166259765625,0.38906940882839264,0.9999847412109375,0.0,3,0.0551324,3.0,16045.5,169.4,-9.30486,6.79024,16.0456,125.613,72.0619,30.1245,22.3714,19.6053,18.2863,17.2171,16.5003,15.8214,15.1789,14.571,13.7754,12.9401,11.5661,9.42912,7.09466,5.22494,2.77816,-0.652208,154.277,151.381,155.146,155.146
33.38725924491882,0.38829170087386855,0.49999237060546875,0.0,3,0.0536871,3.0,16657.8,169.761,-9.16018,6.76758,16.2007,109.383,82.5308,30.3234,22.034,19.2287,17.8947,16.8159,16.0939,15.411,14.7658,14.1567,13.3612,12.5282,11.1633,9.05631,6.77808,4.97236,2.63203,-0.671057,154.549,151.716,160.788,160.788
33.40707778930664,0.38750322134102694,0.9999847412109375,0.0,3,0.0519898,3.0,16093.4,170.127,-9.06271,6.75524,16.3441,97.3225,100.463,30.7229,21.7399,18.8774,17.525,16.4341,15.7054,15.0173,14.3681,13.7566,12.9598,12.1279,10.7704,8.69124,6.46772,4.72474,2.4886,-0.689576,154.909,152.079,155.609,155.609
33.4299681186676,0.3644013507588207,0.9999847412109375,0.0,3,0.0508955,3.0,16695.5,170.497,-8.85531,6.75188,16.4948,88.739,132.543,31.1605,21.4064,18.4682,17.1011,16.0014,15.2686,14.5776,13.9273,13.3155,12.5205,11.6935,10.3498,8.30803,6.14915,4.47471,2.34699,-0.70767,155.199,152.435,161.156,161.156
33.45410490036011,0.3345495725886027,0.49999237060546875,0.0,3,0.0487449,3.0,16939.6,171.108,-8.93848,6.74392,16.6178,81.1919,200.0,32.1094,21.23,18.1522,16.7615,15.6451,14.9029,14.2047,13.5486,12.9327,12.1343,11.3064,9.96845,7.95268,5.84833,4.23544,2.20925,-0.725488,155.74,152.936,163.587,163.587
33.4742476940155,0.31989349066559225,0.9999847412109375,0.0,3,0.0457985,3.0,16258.8,171.549,-9.06778,6.73688,16.7203,74.7116,200.0,33.7096,21.2063,17.9032,16.4811,15.3418,14.586,13.8765,13.2112,12.588,11.7822,10.9495,9.61108,7.61403,5.55803,4.00306,2.07435,-0.743027,156.458,153.561,157.241,157.241
33.49542260169983,0.3123752653623776,0.9999847412109375,0.0,3,0.0439916,3.0,16822.7,171.955,-8.97258,6.73864,16.8432,69.9999,200.0,35.512,21.0949,17.5494,16.0927,14.9379,14.1737,13.4578,12.7886,12.1631,11.3566,10.5263,9.19949,7.23996,5.24969,3.76357,1.94017,-0.760133,156.965,154.154,162.396,162.396
33.5191330909729,0.3045694382216036,0.49999237060546875,0.0,3,0.0418456,3.0,17049.7,172.589,-9.03903,6.74532,16.9521,65.8301,200.0,38.3962,21.131,17.2657,15.7345,14.5604,13.785,13.0606,12.3847,11.7551,10.946,10.1163,8.7983,6.87372,4.94742,3.5289,1.80872,-0.776924,157.526,154.737,164.655,164.655
33.54008889198303,0.30379518624941515,0.9999847412109375,0.0,3,0.0391712,3.0,16375.1,173.04,-9.09409,6.74623,17.0479,62.1096,200.0,43.1991,21.3639,17.0667,15.417,14.2072,13.4179,12.6822,11.9976,11.3616,10.5475,9.7164,8.40496,6.51298,4.64988,3.298,1.67972,-0.793424,158.139,155.31,158.354,158.354
33.563201665878296,0.30309475431005156,0.9999847412109375,0.0,3,0.0375142,3.0,16951.4,173.448,-8.94823,6.74035,17.1617,59.2406,200.0,50.1451,21.5551,16.7856,15.0175,13.7521,12.9549,12.2137,11.5261,10.8893,10.0774,9.25309,7.96168,6.12155,4.33892,3.06279,1.55242,-0.809439,158.527,155.805,163.643,163.643
33.58398699760437,0.30198402032777666,0.49999237060546875,0.0,3,0.0354779,3.0,17170.3,174.095,-8.96847,6.74777,17.2481,56.5539,170.919,64.338,22.067,16.6219,14.6923,13.3394,12.5165,11.7671,11.074,10.4343,9.62224,8.80231,7.52865,5.73826,4.03454,2.833,1.4279,-0.825115,159.009,156.305,165.824,165.824
33.60666251182556,0.30120976835558816,0.9999847412109375,0.0,3,0.0329976,3.0,16496.7,174.546,-8.98109,6.7558,17.304,54.0209,144.241,105.033,23.0978,16.6272,14.4695,12.9956,12.1153,11.3455,10.6437,9.99862,9.18337,8.365,7.10598,5.36287,3.73645,2.60836,1.3063,-0.840446,159.575,156.812,159.525,159.525
33.626455545425415,0.30051963688592115,0.9999847412109375,0.0,3,0.0312536,3.0,17081.3,174.948,-8.81955,6.74891,17.3607,51.9716,126.707,200.0,24.419,16.6035,14.1859,12.5844,11.6463,10.8393,10.132,9.48733,8.67693,7.86929,6.63861,4.96286,3.42911,2.38197,1.18706,-0.855296,159.946,157.271,164.892,164.892
33.65091419219971,0.2993986024339497,0.49999237060546875,0.0,3,0.0289907,3.0,17291.5,175.601,-8.86153,6.75125,17.3864,49.9644,112.66,200.0,27.056,16.8808,14.0637,12.2735,11.2514,10.3873,9.64706,8.99862,8.18967,7.38944,6.18385,4.57269,3.1298,2.16147,1.07095,-0.86977,160.421,157.735,167.001,167.001
33.67096400260925,0.2921395655786991,0.9999847412109375,0.0,3,0.0265567,3.0,16632.1,176.048,-8.90548,6.70614,17.3902,48.0777,101.466,200.0,32.3445,17.5529,14.114,12.0503,10.9115,9.97024,9.17909,8.5048,7.69635,6.90381,5.72484,4.18176,2.83304,1.94436,0.957314,-0.883893,160.939,158.245,160.787,160.787
33.69518184661865,0.2787792526793977,0.9999847412109375,0.0,3,0.0250652,3.0,17280.8,176.416,-8.89666,6.53794,17.3989,46.5309,93.2614,200.0,42.8833,18.4446,14.1482,11.7542,10.4876,9.46816,8.62987,7.92846,7.118,6.34567,5.21302,3.76287,2.52621,1.72498,0.845238,-0.897669,161.282,158.716,166.801,166.801
33.716116189956665,0.25923886062412216,0.49999237060546875,0.0,3,0.0229578,3.0,17520.6,177.057,-9.05112,6.42489,17.3814,44.9907,86.0542,200.0,88.2304,20.5547,14.5898,11.6367,10.1677,9.0286,8.11956,7.37738,6.54119,5.78451,4.69934,3.34512,2.22203,1.50845,0.734993,-0.911223,161.78,159.228,169.217,169.217
33.737483978271484,0.24067817005033915,0.9999847412109375,0.0,3,0.0205996,3.0,16796.4,177.55,-9.10993,6.38123,17.3437,43.5015,79.8013,200.0,200.0,25.742,15.7638,11.7726,9.97045,8.64735,7.63476,6.83501,5.96144,5.20247,4.17067,2.92156,1.91765,1.29344,0.626404,-0.924534,162.454,159.844,162.443,162.443
33.76184153556824,0.22292271875540412,0.9999847412109375,0.0,3,0.0193958,3.0,17343.8,177.99,-8.8793,6.3857,17.3116,42.2655,74.9814,171.467,200.0,40.2269,17.8278,11.9887,9.7163,8.16874,7.04689,6.19631,5.30123,4.55074,3.58996,2.47656,1.60893,1.07963,0.520555,-0.937377,162.981,160.477,167.446,167.446
33.78385138511658,0.16969435310125353,0.9999847412109375,0.0,3,0.0176547,3.0,17534.2,178.672,-8.80276,6.4139,17.257,41.0316,70.5728,148.269,200.0,200.0,24.6097,13.0425,9.76497,7.80435,6.4998,5.56929,4.63993,3.89738,2.9991,2.03239,1.30526,0.87085,0.417747,-0.949844,163.638,161.15,169.353,169.353
33.805092334747314,0.1366296726968326,0.9999847412109375,0.0,3,0.0153615,3.0,17622.4,179.426,-8.87915,6.46569,17.1775,39.7798,66.4536,129.964,200.0,200.0,126.898,17.2174,10.6459,7.70546,6.03815,4.96434,3.97517,3.23833,2.4041,1.58659,1.00537,0.666336,0.317726,-0.96195,164.604,162.055,170.239,170.239
33.82516145706177,0.10342785304035994,0.9999847412109375,0.0,3,0.0122745,3.0,17676.3,180.188,-8.90757,6.69783,17.0692,38.485,62.5149,114.849,200.0,200.0,200.0,110.763,15.7782,8.4945,5.81195,4.41729,3.30682,2.56915,1.8122,1.1419,0.709198,0.466263,0.220673,-0.97366,165.867,162.962,170.762,170.762
33.847103118896484,0.07494513591697749,0.9999847412109375,0.0,3,0.00622892,3.0,17733.2,180.973,-9.12635,6.86664,16.9479,37.2541,59.0101,102.945,187.423,200.0,200.0,200.0,200.0,14.5912,6.07736,3.83814,2.53225,1.82352,1.19637,0.709781,0.424705,0.274209,0.127741,-0.984852,166.749,163.843,171.311,171.311
33.871071338653564,0.06524177627886334,0.9999847412109375,0.0,3,-0.0045979,3.0,17634.4,181.863,-9.08763,7.0991,16.8457,36.2713,56.3368,94.6466,160.962,200.0,200.0,200.0,200.0,200.0,8.15637,2.61961,1.34324,0.862904,0.516736,0.287075,0.165552,0.104836,0.0478444,-0.994387,167.426,164.784,171.095,171.095
33.89149832725525,0.048224408453082034,0.9999847412109375,0.0,3,-0.0116184,3.0,17688.7,182.77,-8.37618,7.2013,-1.0,-1.0,-1.0,-1.0,-1.0,-1.0,-1.0,-1.0,-1.0,-1.0,-1.0,-1.0,-1.0,-1.0,-1.0,-1.0,-1.0,-1.0,-1.0,-1.00175,167.924,165.955,170.55,170.55
33.914127588272095,0.029682738611164185,0.9999847412109375,0.0,3,-0.0149295,3.0,17705.6,183.675,-7.29654,7.21831,-1.0,-1.0,-1.0,-1.0,-1.0,-1.0,-1.0,-1.0,-1.0,-1.0,-1.0,-1.0,-1.0,-1.0,-1.0,-1.0,-1.0,-1.0,-1.0,-1.00718,168.332,167.254,171.043,171.043
33.93505144119263,0.00815607351064682,0.9999847412109375,0.0,3,-0.0163071,3.0,17904.3,184.475,-6.168,7.10075,-1.0,-1.0,-1.0,-1.0,-1.0,-1.0,-1.0,-1.0,-1.0,-1.0,-1.0,-1.0,-1.0,-1.0,-1.0,-1.0,-1.0,-1.0,-1.0,-1.01107,168.957,168.508,173.077,173.077
33.959139585494995,0.00041424790397286414,0.9999847412109375,0.0,3,-0.017633,3.0,18154.0,185.261,-5.31389,6.82761,-1.0,-1.0,-1.0,-1.0,-1.0,-1.0,-1.0,-1.0,-1.0,-1.0,-1.0,-1.0,-1.0,-1.0,-1.0,-1.0,-1.0,-1.0,-1.0,-1.01366,169.807,169.467,175.365,175.365
33.97962546348572,-0.0006794757657746474,0.9999847412109375,0.0,3,-0.0187886,3.0,18196.8,186.213,-4.55746,6.6813,-1.0,-1.0,-1.0,-1.0,-1.0,-1.0,-1.0,-1.0,-1.0,-1.0,-1.0,-1.0,-1.0,-1.0,-1.0,-1.0,-1.0,-1.0,-1.0,-1.0152,170.627,170.388,175.37,175.37
34.003297328948975,-0.0010090800092462451,0.9999847412109375,0.0,3,-0.0195441,3.0,18127.1,187.197,-3.79296,6.64934,-1.0,-1.0,-1.0,-1.0,-1.0,-1.0,-1.0,-1.0,-1.0,-1.0,-1.0,-1.0,-1.0,-1.0,-1.0,-1.0,-1.0,-1.0,-1.0,-1.01577,171.564,171.357,175.137,175.137
34.02380156517029,-0.0010028694469761102,0.9999847412109375,0.0,3,-0.0200562,3.0,18058.3,188.199,-3.10328,6.66886,-1.0,-1.0,-1.0,-1.0,-1.0,-1.0,-1.0,-1.0,-1.0,-1.0,-1.0,-1.0,-1.0,-1.0,-1.0,-1.0,-1.0,-1.0,-1.0,-1.01545,172.402,172.217,174.628,174.628
34.044626235961914,-0.0009967642535269258,0.9999847412109375,0.0,3,-0.0198901,3.0,18001.3,189.184,-2.36855,6.84717,-1.0,-1.0,-1.0,-1.0,-1.0,-1.0,-1.0,-1.0,-1.0,-1.0,-1.0,-1.0,-1.0,-1.0,-1.0,-1.0,-1.0,-1.0,-1.0,-1.01434,173.3,173.264,174.175,174.175
34.06847047805786,-0.000990857401387766,0.9999847412109375,0.0,3,-0.0192649,3.0,17983.2,190.137,-1.68011,7.04213,-1.0,-1.0,-1.0,-1.0,-1.0,-1.0,-1.0,-1.0,-1.0,-1.0,-1.0,-1.0,-1.0,-1.0,-1.0,-1.0,-1.0,-1.0,-1.0,-1.01257,174.14,174.182,174.251,174.251
34.09065365791321,-0.001832971942219883,0.9999847412109375,0.0,3,-0.0184994,3.0,18155.5,190.994,-1.13009,7.13732,-1.0,-1.0,-1.0,-1.0,-1.0,-1.0,-1.0,-1.0,-1.0,-1.0,-1.0,-1.0,-1.0,-1.0,-1.0,-1.0,-1.0,-1.0,-1.0,-1.01029,175.007,175.08,175.279,175.279
34.111366748809814,-0.005063532216995955,0.9999847412109375,0.0,3,-0.0177655,3.0,18231.4,191.903,-0.726277,7.26946,-1.0,-1.0,-1.0,-1.0,-1.0,-1.0,-1.0,-1.0,-1.0,-1.0,-1.0,-1.0,-1.0,-1.0,-1.0,-1.0,-1.0,-1.0,-1.0,-1.00767,175.752,175.93,175.732,175.732
34.13406825065613,-0.014901072337913017,0.9999847412109375,0.0,3,-0.0169623,3.0,18363.3,192.756,-0.436233,7.39298,-1.0,-1.0,-1.0,-1.0,-1.0,-1.0,-1.0,-1.0,-1.0,-1.0,-1.0,-1.0,-1.0,-1.0,-1.0,-1.0,-1.0,-1.0,-1.0,-1.00481,176.547,176.729,176.965,176.965
34.15784311294556,-0.026047606846690177,0.9999847412109375,0.0,3,-0.0157304,3.0,18515.8,193.58,-0.223041,7.45342,-1.0,-1.0,-1.0,-1.0,-1.0,-1.0,-1.0,-1.0,-1.0,-1.0,-1.0,-1.0,-1.0,-1.0,-1.0,-1.0,-1.0,-1.0,-1.0,-1.00189,177.344,177.565,178.595,178.595
34.17756175994873,-0.027748203513789926,0.9999847412109375,0.0,3,-0.0136039,3.0,18563.9,194.474,0.014903,7.54133,16.7363,35.444,54.224,88.6101,143.954,200.0,200.0,200.0,200.0,200.0,200.0,1.48724,0.356337,0.190673,0.101904,0.0528343,0.0294209,0.0183094,0.00820867,-0.999046,178.082,178.464,179.248,179.248
34.19983410835266,-0.020609559092049798,0.9999847412109375,0.0,3,-0.0107427,3.0,18574.4,195.4,0.313927,7.66559,16.761,35.6814,54.8446,90.3867,148.859,200.0,200.0,200.0,200.0,200.0,200.0,3.20924,1.13785,0.654892,0.364791,0.193668,0.109102,0.0682828,0.0307888,-0.996411,178.823,179.348,179.385,179.385
34.223761796951294,-0.00857869420448939,0.9999847412109375,0.0,3,-0.00788355,3.0,18636.5,196.287,0.597411,7.74706,16.7881,35.9271,55.4882,92.2518,154.14,200.0,200.0,200.0,200.0,200.0,42.5103,3.74504,1.64506,1.00269,0.579061,0.314257,0.179017,0.112662,0.0510871,-0.994027,179.613,180.154,180.0,180.0
34.244489669799805,-0.0017619613692599037,0.9999847412109375,0.0,3,-0.0056746,3.0,18724.1,197.154,0.794506,7.77938,16.8068,36.1149,55.9895,93.7371,158.474,200.0,200.0,200.0,200.0,200.0,15.9069,4.12171,2.02335,1.27927,0.757439,0.417669,0.23991,0.151618,0.0690498,-0.991909,180.478,180.886,180.852,180.852
34.26444625854492,0.0,0.9999847412109375,0.0,3,-0.00437665,3.0,18819.6,198.013,0.83542,7.85479,16.8128,36.2154,56.2717,94.6053,161.091,200.0,200.0,200.0,200.0,200.0,13.7153,4.5626,2.35899,1.52019,0.9124,0.507654,0.292994,0.185614,0.0847463,-0.990056,181.402,181.61,181.764,181.764
34.286076068878174,0.0013107704706955701,0.9999847412109375,0.0,3,-0.00386167,3.0,18911.4,198.785,0.75961,7.95571,16.8087,36.2416,56.363,94.9182,162.093,200.0,200.0,200.0,200.0,200.0,14.1122,5.05143,2.66042,1.72669,1.04175,0.581647,0.336325,0.213271,0.09747,-0.988557,182.17,182.269,182.683,182.683
34.306153774261475,0.00481972404842265,0.9999847412109375,0.0,3,-0.00370049,3.0,18928.8,199.609,0.641044,8.04976,16.8001,36.2339,56.367,94.9751,162.338,200.0,200.0,200.0,200.0,200.0,15.2583,5.57653,2.95337,1.92101,1.16085,0.648845,0.3754,0.23812,0.108861,-0.987218,182.965,182.949,182.808,182.808
34.326003551483154,0.00645293022715797,0.9999847412109375,0.0,3,-0.00382638,3.0,19041.3,200.356,0.517047,8.12365,16.7876,36.1985,56.2995,94.8222,161.961,200.0,200.0,200.0,200.0,200.0,17.1524,6.16824,3.25258,2.11203,1.27468,0.711872,0.411678,0.261071,0.119324,-0.985992,183.749,183.641,183.857,183.857
34.347073554992676,0.009345953747642535,0.9999847412109375,0.0,3,-0.00426292,3.0,19002.5,201.199,0.384396,8.29682,16.7706,36.1323,56.1537,94.4418,160.915,200.0,200.0,200.0,200.0,200.0,20.3764,6.89569,3.58015,2.31081,1.38854,0.773173,0.446421,0.282874,0.12918,-0.984841,184.452,184.322,183.619,183.619
34.36677956581116,0.011545723303457102,0.9999847412109375,0.0,3,-0.00493145,3.0,19068.8,201.946,0.253731,8.42969,16.7498,36.0424,55.9489,93.8934,159.386,200.0,200.0,200.0,200.0,200.0,25.7782,7.81326,3.95503,2.52851,1.50894,0.836377,0.481736,0.304871,0.139045,-0.983694,185.175,184.998,184.613,184.613
34.38747954368591,0.013965024772994218,0.9999847412109375,0.0,3,-0.00586128,3.0,19227.4,202.687,0.118462,8.26371,16.7245,35.9256,55.6781,93.1602,157.338,200.0,200.0,200.0,200.0,200.0,36.597,9.04639,4.40471,2.77687,1.64084,0.903606,0.518675,0.327676,0.149176,-0.982523,185.681,185.667,185.333,185.333
34.4049916267395,0.015220160432780783,0.9999847412109375,0.0,3,-0.00707603,3.0,19310.6,203.4,-0.0169161,8.23947,16.694,35.7792,55.3358,92.2315,154.76,200.0,200.0,200.0,200.0,200.0,68.0536,10.8249,4.97199,3.07342,1.79167,0.978121,0.558899,0.352277,0.159995,-0.981278,186.527,186.326,186.487,186.487
34.42516899108887,0.015140114432141808,0.9999847412109375,0.0,3,-0.00862551,3.0,19320.0,204.171,-0.167032,8.27396,16.657,35.5979,54.9107,91.0818,151.604,200.0,200.0,200.0,200.0,200.0,200.0,13.6581,5.72951,3.44478,1.97171,1.06412,0.604457,0.379865,0.172001,-0.979905,187.282,186.967,186.701,186.701
34.44561290740967,0.015075953046415623,0.9999847412109375,0.0,4,-0.00992775,3.0,19424.4,204.789,-0.277689,8.10016,16.6228,35.4399,54.5476,90.1191,149.018,200.0,200.0,200.0,200.0,200.0,200.0,17.2469,6.57445,3.85145,2.16861,1.15874,0.654876,0.410514,0.185401,-0.978368,187.89,187.564,187.67,187.67
34.465882778167725,0.015054773559865231,0.9999847412109375,0.0,4,-0.0113564,4.0,15723.0,204.993,-0.337728,8.1929,16.5854,35.2679,54.1539,89.0842,146.275,200.0,200.0,200.0,200.0,200.0,200.0,22.9551,7.64233,4.33684,2.39553,1.26553,0.711191,0.444572,0.200214,-0.976674,188.454,188.09,181.01,180.758
34.48555541038513,0.015087580999815838,0.9999847412109375,0.0,4,-0.0127819,4.0,15694.2,204.677,-0.372175,8.3044,16.546,35.0932,53.7593,88.0623,143.615,200.0,200.0,200.0,200.0,200.0,200.0,32.4538,8.97714,4.91485,2.65973,1.38867,0.775903,0.483658,0.217197,-0.974732,188.31,187.988,180.697,180.367
34.50515961647034,0.015121426649891462,0.9999847412109375,0.0,4,-0.0142787,4.0,15134.1,204.351,-0.410284,8.3935,16.5036,34.9086,53.3464,87.0056,140.908,200.0,200.0,200.0,200.0,200.0,200.0,51.8964,10.704,5.61318,2.96813,1.52991,0.849554,0.527983,0.23639,-0.972542,188.036,187.703,180.13,179.622
34.52785849571228,0.011340159612993398,0.9999847412109375,0.0,4,-0.0158405,4.0,15629.3,204.582,-0.466787,8.41484,16.4583,34.7152,52.9175,85.9211,138.174,198.872,200.0,200.0,200.0,200.0,200.0,111.195,12.967,6.4532,3.3242,1.68967,0.932103,0.577454,0.257724,-0.970112,187.937,187.579,185.675,185.675
34.547099351882935,0.005414960585224131,0.9999847412109375,0.0,4,-0.0172548,4.0,15682.1,205.137,-0.524092,8.42649,16.4135,34.5332,52.5215,84.9395,135.751,193.994,200.0,200.0,200.0,200.0,200.0,200.0,15.7385,7.40849,3.71951,1.86584,1.02302,0.631946,0.281233,-0.967433,188.328,187.99,186.337,186.337
34.567009687423706,0.003263345182885726,0.9999847412109375,0.0,4,-0.01825,4.0,15727.8,205.696,-0.539994,8.41929,16.3737,34.3885,52.2192,84.2179,134.024,190.598,200.0,200.0,200.0,200.0,200.0,200.0,18.6241,8.38021,4.12675,2.05034,1.11928,0.689985,0.306438,-0.964551,188.784,188.537,186.861,186.861
34.58709645271301,0.0016587681263685226,0.9999847412109375,0.0,4,-0.0188036,4.0,15770.0,206.255,-0.489284,8.37979,16.3395,34.2829,52.0136,83.7586,132.981,188.616,200.0,200.0,200.0,200.0,200.0,200.0,21.2631,9.30685,4.53174,2.23929,1.21943,0.750853,0.333093,-0.96149,189.235,189.089,187.384,187.384
34.607401609420776,0.0008886975561827421,0.9999847412109375,0.0,4,-0.0190721,4.0,15802.7,206.822,-0.402577,8.34946,16.3085,34.2017,51.8685,83.4636,132.363,187.502,200.0,200.0,200.0,200.0,200.0,200.0,23.6198,10.1931,4.93559,2.43231,1.32296,0.814142,0.36097,-0.958278,189.714,189.637,187.773,187.773
34.62680721282959,0.0005926587613827238,0.9999847412109375,0.0,4,-0.0191591,4.0,15837.1,207.387,-0.307676,8.32902,16.2793,34.1352,51.7607,83.2703,132.009,186.923,200.0,200.0,200.0,200.0,200.0,200.0,25.7216,11.0482,5.33984,2.62923,1.42951,0.87955,0.3899,-0.954938,190.208,190.176,188.18,188.18
34.64622116088867,0.00035719480365514755,0.9999847412109375,0.0,4,-0.0191562,4.0,15872.8,207.95,-0.216557,8.31639,16.2507,34.0754,51.6702,83.1255,131.781,186.603,200.0,200.0,200.0,200.0,200.0,200.0,27.6777,11.8901,5.74712,2.82985,1.5386,0.946682,0.419662,-0.951499,190.711,190.703,188.603,188.603
34.664902210235596,0.0,0.9999847412109375,0.0,4,-0.0191002,4.0,15911.0,208.51,-0.142872,8.30114,16.2223,34.0191,51.5894,83.0081,131.626,186.432,200.0,200.0,200.0,200.0,200.0,200.0,29.5302,12.7245,6.15766,3.03371,1.64985,1.01525,0.450111,-0.947977,191.217,191.222,189.056,189.056
34.68564987182617,0.0,0.9999847412109375,0.0,4,-0.0190208,4.0,15951.2,209.067,-0.0808356,8.29782,16.1937,33.964,51.5121,82.9018,131.501,186.325,200.0,200.0,200.0,200.0,200.0,200.0,31.3277,13.5567,6.5713,3.24008,1.76271,1.08488,0.481059,-0.944395,191.73,191.743,189.532,189.532
34.704862117767334,0.0,0.9999847412109375,0.0,4,-0.01895,4.0,16006.8,209.611,-0.0343888,8.2774,16.1645,33.9071,51.4316,82.7882,131.36,186.187,200.0,200.0,200.0,200.0,200.0,200.0,33.1531,14.4006,6.99072,3.44931,1.87714,1.15548,0.512437,-0.940764,192.242,192.254,190.19,190.19
34.727088928222656,-0.000580101807564497,0.9999847412109375,0.0,4,-0.0188951,4.0,16045.9,210.167,-0.00120258,8.26805,16.1348,33.848,51.3464,82.6634,131.192,185.997,200.0,200.0,200.0,200.0,200.0,200.0,35.03,15.2597,7.41625,3.66128,1.99298,1.22692,0.544185,-0.93709,192.754,192.763,190.66,190.66
34.74738526344299,-0.0012058442623044054,0.9999847412109375,0.0,4,-0.0188208,4.0,16083.6,210.723,0.0205258,8.27447,16.1052,33.7903,51.2648,82.549,131.051,185.863,200.0,200.0,200.0,200.0,200.0,200.0,36.8329,16.1074,7.84033,3.87351,2.10921,1.29868,0.576097,-0.933396,193.266,193.279,191.108,191.108
34.76642203330994,-0.0015991442698302372,0.9999847412109375,0.0,4,-0.0187173,4.0,16120.9,211.278,0.0426016,8.29302,16.076,33.7353,51.1897,82.4514,130.953,185.816,200.0,200.0,200.0,200.0,200.0,200.0,38.508,16.93,8.25831,4.08422,2.22497,1.37025,0.607976,-0.929703,193.775,193.794,191.552,191.552
34.787779331207275,-0.001592757929340005,0.9999847412109375,0.0,4,-0.0185728,4.0,16158.3,211.832,0.060014,8.30351,16.0474,33.6838,51.1232,82.377,130.915,185.889,200.0,200.0,200.0,200.0,200.0,200.0,40.0111,17.72,8.66929,4.29362,2.34054,1.44186,0.63994,-0.925996,194.274,194.303,191.996,191.996
34.80711340904236,-0.0015863946442306043,0.9999847412109375,0.0,4,-0.0183914,4.0,16196.4,212.384,0.0803226,8.3197,16.0194,33.636,51.0652,82.3246,130.932,186.075,200.0,200.0,200.0,200.0,200.0,200.0,41.3298,18.4696,9.06935,4.49978,2.4549,1.51288,0.671712,-0.922307,194.777,194.816,192.448,192.448
34.82668209075928,-0.0015801235806445282,0.9999847412109375,0.0,4,-0.0181994,4.0,16242.5,212.928,0.0980232,8.33183,15.9916,33.5891,51.0094,82.2782,130.965,186.294,200.0,200.0,200.0,200.0,200.0,200.0,42.5686,19.201,9.46489,4.70487,2.56897,1.58381,0.703481,-0.918616,195.282,195.325,192.986,192.986
34.84625267982483,-0.0015738179339872054,0.9999847412109375,0.0,4,-0.0180018,4.0,16284.8,213.475,0.112913,8.33389,15.9641,33.5431,50.9553,82.2359,131.008,186.533,200.0,200.0,200.0,200.0,200.0,200.0,43.7343,19.9118,9.85386,4.90766,2.68204,1.6542,0.735042,-0.914948,195.781,195.826,193.499,193.499
34.86636710166931,-0.0015675007596394667,0.9999847412109375,0.0,4,-0.0178051,4.0,16323.6,214.023,0.124119,8.34254,15.9366,33.497,50.9012,82.1933,131.05,186.772,200.0,200.0,200.0,200.0,200.0,200.0,44.8604,20.6107,10.2391,5.10927,2.79463,1.72435,0.766521,-0.911287,196.285,196.33,193.959,193.959
34.88614749908447,-0.0015611835852917283,0.9999847412109375,0.0,4,-0.0176139,4.0,16361.8,214.571,0.131645,8.35733,15.9093,33.4509,50.8465,82.1486,131.087,186.998,200.0,200.0,200.0,200.0,200.0,200.0,45.9559,21.2966,10.6192,5.30869,2.90615,1.79387,0.797736,-0.907656,196.79,196.833,194.413,194.413
34.90572643280029,-0.0019972762620449067,0.9999847412109375,0.0,4,-0.0174294,4.0,16399.7,215.118,0.136174,8.37165,15.882,33.4046,50.7909,82.1009,131.115,187.208,200.0,200.0,200.0,200.0,200.0,200.0,47.0317,21.973,10.9953,5.50646,3.01685,1.86291,0.828751,-0.904048,197.291,197.333,194.864,194.864
34.9248948097229,-0.001989206129908561,0.9999847412109375,0.0,4,-0.0172536,4.0,16438.3,215.663,0.13804,8.38482,15.8547,33.3576,50.7336,82.0483,131.131,187.393,200.0,200.0,200.0,200.0,200.0,200.0,48.1048,22.6451,11.3695,5.70339,3.12714,1.93172,0.859669,-0.90045,197.792,197.833,195.321,195.321
34.94701528549194,-0.00198116561293602,0.9999847412109375,0.0,4,-0.0170848,4.0,16478.0,216.206,0.137925,8.40202,15.8275,33.3105,50.6755,81.9931,131.138,187.561,200.0,200.0,200.0,200.0,200.0,200.0,49.1585,23.3067,11.7388,5.89812,3.23629,1.99983,0.890289,-0.896886,198.293,198.334,195.79,195.79
34.96703767776489,-0.0019731991338729857,0.9999847412109375,0.0,4,-0.0169158,4.0,16523.1,216.744,0.137831,8.40693,15.8006,33.2637,50.618,81.9388,131.148,187.732,200.0,200.0,200.0,200.0,200.0,200.0,50.1734,23.9547,12.1033,6.09094,3.34454,2.06745,0.920707,-0.893344,198.79,198.831,196.329,196.329
34.987176179885864,-0.0019651882320642473,0.9999847412109375,0.0,4,-0.0167446,4.0,16562.4,217.285,0.137972,8.41711,15.7739,33.2177,50.5617,81.887,131.163,187.915,200.0,200.0,200.0,200.0,200.0,200.0,51.1391,24.5861,12.4616,6.28135,3.45165,2.13441,0.950859,-0.889832,199.288,199.329,196.796,196.796
35.00630760192871,-0.0019571773302555083,0.9999847412109375,0.0,4,-0.0165749,4.0,16600.9,217.826,0.137646,8.42971,15.7474,33.1721,50.506,81.8357,131.178,188.097,200.0,200.0,200.0,200.0,200.0,200.0,52.0689,25.2027,12.8138,6.46914,3.55745,2.2006,0.980686,-0.886357,199.783,199.826,197.254,197.254
35.026652097702026,-0.0019491664284467698,0.9999847412109375,0.0,4,-0.0164108,4.0,16639.2,218.367,0.136356,8.44108,15.7211,33.1263,50.4495,81.782,131.187,188.265,200.0,200.0,200.0,200.0,200.0,200.0,52.9875,25.812,13.1626,6.65542,3.66247,2.26633,1.01031,-0.882903,200.277,200.323,197.709,197.709
35.047093868255615,-0.0019411999493837355,0.9999847412109375,0.0,4,-0.016257,4.0,16677.6,218.905,0.133397,8.45327,15.6947,33.0799,50.3912,81.7229,131.181,188.404,200.0,200.0,200.0,200.0,200.0,200.0,53.9167,26.4202,13.5099,6.84078,3.76697,2.33172,1.03979,-0.879468,200.773,200.817,198.166,198.166
35.06730556488037,-0.0024149858824815598,0.9999847412109375,0.0,4,-0.0161152,4.0,16716.2,219.443,0.128675,8.47098,15.6686,33.0331,50.3313,81.6584,131.159,188.509,200.0,200.0,200.0,200.0,200.0,200.0,54.855,27.0243,13.8538,7.02406,3.87025,2.39635,1.06892,-0.876073,201.269,201.312,198.625,198.625
35.08699417114258,-0.002938210783191025,0.9999847412109375,0.0,4,-0.0159826,4.0,16757.9,219.977,0.123014,8.48654,15.6423,32.9857,50.2696,81.589,131.125,188.588,200.0,200.0,200.0,200.0,200.0,200.0,55.8055,27.6281,14.1965,7.20664,3.9731,2.4607,1.09792,-0.872694,201.763,201.805,199.12,199.12
35.106006145477295,-0.004147338977406423,0.9999847412109375,0.0,4,-0.0158155,4.0,16799.5,220.509,0.116684,8.49962,15.6169,32.9418,50.2163,81.5411,131.145,188.779,200.0,200.0,200.0,200.0,200.0,200.0,56.5831,28.1849,14.5251,7.38471,4.07418,2.52416,1.12662,-0.869343,202.251,202.3,199.614,199.614
35.12466382980347,-0.004817618394509579,0.9999847412109375,0.0,4,-0.0155587,4.0,16837.8,221.043,0.120516,8.51378,15.593,32.9067,50.1833,81.547,131.305,189.26,200.0,200.0,200.0,200.0,200.0,200.0,56.9655,28.637,14.8239,7.55424,4.17227,2.58629,1.15495,-0.866022,202.732,202.8,200.07,200.07
35.1462926864624,-0.004797743761989599,0.9999847412109375,0.0,4,-0.0152013,4.0,16875.1,221.575,0.134664,8.533,15.571,32.8813,50.1735,81.6142,131.624,190.074,200.0,200.0,200.0,200.0,200.0,200.0,56.9176,28.9688,15.0872,7.71326,4.26656,2.64666,1.18276,-0.862745,203.211,203.301,200.514,200.514
35.16603970527649,-0.004777906487801423,0.9999847412109375,0.0,4,-0.0147793,4.0,16912.1,222.106,0.157874,8.55738,15.5505,32.8629,50.1795,81.7226,132.05,191.115,200.0,200.0,200.0,200.0,200.0,200.0,56.602,29.2148,15.3227,7.86325,4.35728,2.70524,1.20997,-0.859526,203.692,203.797,200.953,200.953
35.18743634223938,-0.005489227956980466,0.9999847412109375,0.0,4,-0.0143371,4.0,16949.1,222.636,0.179285,8.58613,15.5307,32.8473,50.1917,81.8465,132.517,192.244,200.0,200.0,200.0,200.0,200.0,200.0,56.2052,29.4207,15.5424,8.00718,4.44526,2.76233,1.23661,-0.856368,204.177,204.287,201.393,201.393
35.206717014312744,-0.005466514920853078,0.9999847412109375,0.0,4,-0.0138924,4.0,16986.7,223.163,0.195718,8.61767,15.5116,32.8332,50.2062,81.9757,132.998,193.406,200.0,200.0,200.0,200.0,200.0,200.0,55.7959,29.6041,15.7505,8.1459,4.53065,2.81791,1.26262,-0.85328,204.662,204.773,201.839,201.839
35.22507452964783,-0.005443844983465971,0.9999847412109375,0.0,4,-0.0134521,4.0,17024.6,223.689,0.206926,8.65032,15.493,32.8199,50.2219,82.1064,133.482,194.579,200.0,200.0,200.0,200.0,200.0,200.0,55.3968,29.7719,15.9488,8.2798,4.61353,2.87199,1.28799,-0.850264,205.146,205.256,202.29,202.29
35.246564865112305,-0.006194962762085101,0.9999847412109375,0.0,4,-0.0130162,4.0,17063.1,224.212,0.214203,8.68213,15.4749,32.8075,50.2386,82.2384,133.969,195.763,200.0,200.0,200.0,200.0,200.0,200.0,55.008,29.9253,16.1377,8.409,4.69392,2.92458,1.31273,-0.84732,205.628,205.738,202.747,202.747
35.26514148712158,-0.006169303910691913,0.9999847412109375,0.0,4,-0.0125456,4.0,17101.7,224.733,0.217904,8.71328,15.458,32.7996,50.2653,82.396,134.524,197.095,200.0,200.0,200.0,200.0,200.0,190.164,54.4997,30.0252,16.3054,8.53012,4.7707,2.9752,1.33671,-0.844456,206.104,206.221,203.205,203.205
35.28786277770996,-0.007831676874691622,0.9999847412109375,0.0,4,-0.0120304,4.0,17140.2,225.253,0.228635,8.74853,15.4425,32.7974,50.3045,82.5859,135.165,198.618,200.0,200.0,200.0,200.0,200.0,175.17,53.8528,30.0633,16.4488,8.64198,4.84337,3.02361,1.35986,-0.841679,206.58,206.706,203.663,203.663
35.30603289604187,-0.00871606016582499,0.9999847412109375,0.0,4,-0.0114202,4.0,17178.6,225.771,0.238841,8.78098,15.4293,32.8057,50.3679,82.8404,135.981,200.0,200.0,200.0,200.0,200.0,200.0,160.114,52.9316,29.9921,16.552,8.7397,4.91018,3.06901,1.38196,-0.839005,207.046,207.193,204.119,204.119
35.325175762176514,-0.010657987703382969,0.9999847412109375,0.0,4,-0.0106804,4.0,17214.3,226.29,0.26373,8.81633,15.419,32.8282,50.4643,83.1833,137.037,200.0,200.0,200.0,200.0,200.0,200.0,144.887,51.6767,29.7841,16.6044,8.81966,4.96974,3.11075,1.40282,-0.836452,207.507,207.683,204.545,204.545
35.34729790687561,-0.011674452485749496,0.9999847412109375,0.0,4,-0.00979185,4.0,17252.1,226.805,0.2956,8.85176,15.4121,32.867,50.5989,83.6299,138.381,200.0,200.0,200.0,200.0,200.0,200.0,129.975,50.0965,29.4308,16.6005,8.87949,5.02102,3.1483,1.42225,-0.834035,207.963,208.174,204.993,204.993
35.36505055427551,-0.01162583854747936,0.9999847412109375,0.0,4,-0.00875425,4.0,17290.4,227.318,0.341304,8.88399,15.4088,32.9225,50.7728,84.1848,140.032,200.0,200.0,200.0,200.0,200.0,200.0,116.034,48.2614,28.9453,16.5415,8.91869,5.06358,3.18137,1.44014,-0.83177,208.418,208.663,205.448,205.448
35.38704323768616,-0.012679530675845842,0.9999847412109375,0.0,4,-0.00763535,4.0,17328.8,227.829,0.392407,8.91452,15.4083,32.9894,50.9725,84.81,141.89,200.0,200.0,200.0,200.0,200.0,200.0,104.081,46.3771,28.3925,16.4449,8.94103,5.09809,3.20993,1.45627,-0.829692,208.878,209.144,205.905,205.905
35.40589261054993,-0.012626600269737342,0.9999847412109375,0.0,4,-0.00644422,4.0,17366.9,228.339,0.436075,8.95341,15.4104,33.067,51.1964,85.5026,143.953,200.0,200.0,200.0,200.0,200.0,200.0,93.8509,44.4874,27.7885,16.3153,8.94764,5.12485,3.23409,1.47066,-0.827802,209.341,209.623,206.358,206.358
35.42520260810852,-0.012573877433848878,0.9999847412109375,0.0,4,-0.00519991,4.0,17404.5,228.847,0.480187,8.98822,15.4152,33.154,51.4413,86.254,146.201,200.0,200.0,200.0,200.0,200.0,200.0,85.1428,42.6374,27.1514,16.1575,8.93919,5.14372,3.25362,1.48313,-0.826123,209.802,210.096,206.805,206.805
35.44686937332153,-0.012520947027740379,0.9999847412109375,0.0,4,-0.00395012,4.0,17437.1,229.357,0.514626,9.03094,15.4221,33.2463,51.6968,87.0349,148.556,200.0,200.0,200.0,200.0,200.0,200.0,77.9078,40.9046,26.5162,15.9837,8.91896,5.15555,3.26871,1.49362,-0.824671,210.267,210.564,207.194,207.194
35.464911222457886,-0.012468431762071948,0.9999847412109375,0.0,4,-0.00271869,4.0,17474.0,229.863,0.536956,9.07361,15.4306,33.3418,51.9575,87.8297,150.972,200.0,200.0,200.0,200.0,200.0,176.317,71.8941,39.3079,25.8977,15.8,8.88891,5.16096,3.27959,1.50216,-0.823451,210.735,211.028,207.63,207.63
35.48651742935181,-0.012454213201999666,0.9999847412109375,0.0,4,-0.00153947,4.0,17512.0,230.366,0.551904,9.11067,15.4405,33.4376,52.2158,88.6154,153.382,200.0,200.0,200.0,200.0,200.0,148.197,66.9326,37.8672,25.3107,15.6127,8.85074,5.16027,3.28623,1.50861,-0.822482,211.203,211.485,208.082,208.082
35.5076687335968,-0.012454213201999666,0.9999847412109375,0.0,4,-0.000410318,4.0,17550.4,230.867,0.552824,9.14605,15.4518,33.5338,52.4717,89.392,155.782,200.0,200.0,200.0,200.0,200.0,128.598,62.7534,36.5548,24.7504,15.4217,8.80482,5.15373,3.2888,1.51305,-0.821758,211.672,211.942,208.538,208.538
35.52583718299866,-0.012454213201999666,0.9999847412109375,0.0,4,0.000718832,4.0,17588.6,231.366,0.551329,9.18923,15.465,33.6347,52.7368,90.1939,158.279,200.0,200.0,200.0,200.0,200.0,113.547,59.0214,35.2968,24.1891,15.2183,8.74906,5.14098,3.28733,1.51563,-0.821252,212.136,212.403,208.992,208.992
35.54684543609619,-0.012454213201999666,0.9999847412109375,0.0,4,0.00185513,4.0,17626.0,231.864,0.552225,9.22448,15.4805,33.7417,53.014,91.0291,160.9,200.0,200.0,200.0,200.0,200.0,101.495,55.6258,34.0724,23.6182,14.9983,8.68141,5.12088,3.28112,1.51603,-0.821003,212.592,212.861,209.437,209.437
35.56513500213623,-0.012454213201999666,0.9999847412109375,0.0,4,0.00298166,4.0,17655.6,232.367,0.5501,9.27559,15.498,33.8531,53.299,91.885,163.607,200.0,200.0,200.0,200.0,200.0,91.7327,52.561,32.8981,23.0484,14.7669,8.60388,5.09425,3.27056,1.51437,-0.820999,213.053,213.319,209.79,209.79
35.586891412734985,-0.012454213201999666,0.9999847412109375,0.0,4,0.00408959,4.0,17692.2,232.863,0.544703,9.32253,15.5174,33.9682,53.59,92.7561,166.385,200.0,200.0,200.0,200.0,200.0,83.6838,49.7874,31.7736,22.4816,14.5253,8.51665,5.06101,3.25554,1.51055,-0.821253,213.511,213.774,210.223,210.223
35.60590124130249,-0.011371681466698647,0.9999847412109375,0.0,4,0.00519133,4.0,17730.3,233.356,0.53986,9.36038,15.5388,34.0878,53.8893,93.6505,169.262,200.0,200.0,200.0,200.0,200.0,76.8507,47.237,30.6865,21.9152,14.2735,8.42048,5.02177,3.2365,1.50481,-0.821738,213.965,214.227,210.675,210.675
35.62698578834534,-0.007533657923340798,0.9999847412109375,0.0,4,0.00626183,4.0,17768.8,233.846,0.537246,9.39989,15.5618,34.2095,54.1908,94.549,172.178,200.0,200.0,200.0,200.0,170.117,71.0732,44.9224,29.652,21.3584,14.016,8.31684,4.977,3.21356,1.49713,-0.82246,214.426,214.679,211.133,211.133
35.64573311805725,-0.004482999816536904,0.9999847412109375,0.0,4,0.00720167,4.0,17806.3,234.336,0.53329,9.44526,15.5848,34.3231,54.4677,95.3684,174.85,200.0,200.0,200.0,200.0,147.121,66.5201,42.9777,28.7411,20.8511,13.7708,8.21234,4.92908,3.18775,1.4877,-0.823415,214.895,215.118,211.58,211.58
35.665738582611084,-0.002711714804172516,0.9999847412109375,0.0,4,0.00784683,4.0,17839.8,234.828,0.505421,9.48574,15.6048,34.4107,54.674,95.9645,176.78,200.0,200.0,200.0,200.0,134.149,63.5157,41.6101,28.0637,20.4563,13.568,8.11877,4.88277,3.16126,1.4771,-0.824562,215.377,215.535,211.991,211.991
35.68592286109924,-0.0013833228498697282,0.9999847412109375,0.0,4,0.0082016,4.0,17869.1,235.323,0.431895,9.54584,15.6218,34.472,54.8086,96.3315,177.925,200.0,200.0,200.0,200.0,127.382,61.7174,40.7263,27.5919,20.1637,13.4048,8.03593,4.83828,3.13435,1.46548,-0.825881,215.864,215.956,212.328,212.328
35.70717120170593,-0.0007437799125909806,0.9999847412109375,0.0,4,0.00833797,4.0,17905.8,235.809,0.348063,9.59781,15.6363,34.5134,54.8888,96.5229,178.46,200.0,200.0,200.0,200.0,124.255,60.7149,40.174,27.2642,19.9436,13.2702,7.96081,4.79508,3.10708,1.4531,-0.827329,216.339,216.379,212.762,212.762
35.72490978240967,-0.00030107833445072176,0.9999847412109375,0.0,4,0.00835109,4.0,17943.8,236.293,0.25883,9.6376,15.6498,34.544,54.9389,96.6158,178.65,200.0,200.0,200.0,200.0,122.947,60.1241,39.7935,27.0104,19.7597,13.1489,7.8886,4.75178,3.07909,1.44004,-0.828878,216.799,216.809,213.213,213.213
35.74648189544678,0.0,0.9999847412109375,0.0,4,0.00830269,4.0,17982.6,236.775,0.186257,9.68685,15.6629,34.5696,54.9745,96.6605,178.667,200.0,200.0,200.0,200.0,122.493,59.7237,39.4907,26.7886,19.5908,13.0325,7.81677,4.70781,3.05035,1.42647,-0.830499,217.259,217.25,213.675,213.675
35.76782941818237,0.0,0.9999847412109375,0.0,4,0.00822949,4.0,18019.7,237.256,0.125698,9.73427,15.676,34.5936,55.005,96.687,178.619,200.0,200.0,200.0,200.0,122.362,59.3896,39.2121,26.5753,19.4247,12.9159,7.74391,4.66287,3.02086,1.41249,-0.832172,217.705,217.689,214.117,214.117
35.78626608848572,0.0,0.9999847412109375,0.0,4,0.00816321,4.0,18046.5,237.744,0.0812602,9.78849,15.6896,34.619,55.0384,96.721,178.593,200.0,200.0,200.0,199.359,122.101,59.016,38.9138,26.3512,19.2518,12.7954,7.66904,4.61684,2.9907,1.39822,-0.833879,218.146,218.13,214.443,214.443
35.806931257247925,0.0,0.9999847412109375,0.0,4,0.00810313,4.0,18078.8,238.226,0.0490177,9.85863,15.7035,34.6456,55.0742,96.7617,178.588,200.0,200.0,200.0,198.04,121.722,58.608,38.5978,26.1174,19.0728,12.6715,7.59242,4.56985,2.95996,1.38369,-0.835614,218.591,218.577,214.82,214.82
35.82572889328003,0.0,0.9999847412109375,0.0,4,0.00805521,4.0,18115.9,238.702,0.0271,9.91707,15.7177,34.6736,55.1138,96.8135,178.62,200.0,200.0,200.0,196.707,121.142,58.1497,38.2587,25.8722,18.8872,12.5443,7.51436,4.5222,2.92885,1.36903,-0.837364,219.028,219.017,215.259,215.259
35.846893310546875,0.0,0.9999847412109375,0.0,4,0.00802159,4.0,18154.8,239.176,0.0133617,9.95828,15.7322,34.7034,55.1576,96.878,178.694,200.0,200.0,200.0,195.359,120.33,57.6349,37.8938,25.6145,18.6946,12.4136,7.43478,4.47384,2.89737,1.35423,-0.839127,219.462,219.455,215.719,215.719
35.865500926971436,0.0,0.9999847412109375,0.0,4,0.00800133,4.0,18193.0,239.647,0.00557216,10.0288,15.747,34.7347,55.2052,96.9541,178.807,200.0,200.0,199.483,193.997,119.309,57.0694,37.5067,25.3461,18.4961,12.2802,7.35409,4.42501,2.86565,1.33935,-0.840898,219.905,219.899,216.176,216.176
35.887444496154785,0.0010401908308267595,0.9999847412109375,0.0,4,0.00799251,4.0,18229.1,240.119,0.00197629,10.0837,15.762,34.7672,55.2558,97.0397,178.954,200.0,200.0,198.095,192.623,118.115,56.4659,37.1031,25.0707,18.2939,12.1453,7.27297,4.37607,2.83391,1.3245,-0.842664,220.336,220.333,216.605,216.605
35.90469264984131,0.002713725343346596,0.9999847412109375,0.0,4,0.00794768,4.0,18248.8,240.602,0.00117094,10.1698,15.7764,34.7959,55.2967,97.0949,178.996,200.0,200.0,196.723,191.275,117.444,55.9809,36.7505,24.8182,18.1038,12.0155,7.19361,4.32772,2.80239,1.30966,-0.844434,220.776,220.766,216.843,216.843
35.92688179016113,0.005174625292420388,0.9999847412109375,0.0,4,0.00777411,4.0,18283.4,241.072,-0.00822427,10.2577,15.7886,34.811,55.3024,97.0405,178.666,200.0,200.0,195.412,190.026,118.711,55.9313,36.5858,24.6519,17.96,11.9065,7.12189,4.28226,2.77213,1.2951,-0.846189,221.225,221.187,217.25,217.25
35.94715929031372,0.008422890678048134,0.9999847412109375,0.0,4,0.00741267,4.0,18321.6,241.537,-0.037013,10.3251,15.7977,34.8062,55.2566,96.827,177.799,200.0,199.325,194.192,188.918,123.097,56.5394,36.6993,24.6116,17.8832,11.8273,7.06118,4.24095,2.74371,1.28097,-0.847922,221.673,221.593,217.702,217.702
35.96573209762573,0.01034228540956974,0.9999847412109375,0.0,4,0.0067997,4.0,18362.0,241.998,-0.0838982,10.3893,15.802,34.7739,55.141,96.401,176.229,200.0,198.13,193.09,187.986,132.735,58.1324,37.2174,24.7529,17.9036,11.7921,7.0174,4.20654,2.7186,1.2678,-0.849576,222.134,221.996,218.182,218.182
35.9859664440155,0.011375798285007477,0.9999847412109375,0.0,4,0.00590777,4.0,18399.8,242.46,-0.159795,10.4471,15.801,34.7112,54.9489,95.7452,173.919,200.0,197.027,192.11,187.225,151.194,61.0377,38.2389,25.1109,18.0373,11.8075,6.99297,4.18004,2.69734,1.25581,-0.85113,222.59,222.388,218.633,218.633
36.00730061531067,0.011375798285007477,0.9999847412109375,0.0,4,0.00482225,4.0,18424.2,242.931,-0.250233,10.5091,15.7957,34.6265,54.7032,94.9361,171.149,200.0,195.981,191.204,186.552,176.944,65.3009,39.7207,25.6547,18.2657,11.865,6.98538,4.16095,2.67999,1.2452,-0.852545,223.036,222.788,218.935,218.935
36.02713322639465,0.011375798285007477,0.9999847412109375,0.0,4,0.00367451,4.0,18455.5,243.394,-0.331461,10.5915,15.788,34.5328,54.4388,94.0839,168.295,199.1,194.946,190.306,185.87,178.205,70.7433,41.5254,26.3137,18.5509,11.9484,6.98935,4.14777,2.66616,1.23612,-0.853788,223.474,223.209,219.296,219.296
36.04567003250122,0.011375798285007477,0.9999847412109375,0.0,4,0.00253153,4.0,18492.5,243.851,-0.393019,10.6561,15.7789,34.4368,54.1732,93.2423,165.535,197.968,193.898,189.387,185.142,178.407,77.3627,43.5831,27.0508,18.8727,12.0493,7.00219,4.13972,2.65564,1.22859,-0.854843,223.895,223.629,219.733,219.733
36.06515645980835,0.011375798285007477,0.9999847412109375,0.0,4,0.00140333,4.0,18531.6,244.305,-0.437475,10.7012,15.7682,34.3392,53.9084,92.4179,162.884,196.826,192.835,188.443,184.369,178.258,85.4731,45.9191,27.8679,19.2315,12.168,7.02427,4.13709,2.64864,1.22275,-0.855696,224.312,224.049,220.198,220.198
36.086955547332764,0.011375798285007477,0.9999847412109375,0.0,4,0.000271797,4.0,18568.9,244.759,-0.471349,10.7428,15.7558,34.238,53.6394,91.5958,160.293,195.677,191.763,187.485,183.565,177.93,95.7944,48.6337,28.7927,19.6395,12.3093,7.05747,4.14067,2.64557,1.21871,-0.856334,224.731,224.468,220.643,220.643
36.10697031021118,0.01034228540956974,0.9999847412109375,0.0,4,-0.000858307,4.0,18602.7,245.214,-0.49804,10.7734,15.7413,34.1331,53.3667,90.7777,157.767,194.521,190.681,186.511,182.733,177.478,109.256,51.8042,29.8402,20.1031,12.4767,7.1035,4.15144,2.64705,1.21677,-0.856726,225.147,224.884,221.054,221.054
36.12558078765869,0.0075370088219642644,0.9999847412109375,0.0,4,-0.00192308,4.0,18629.3,245.673,-0.512358,10.8254,15.726,34.0311,53.1064,90.0106,155.443,193.342,189.571,185.498,181.843,176.89,126.211,55.2936,30.9502,20.5929,12.6579,7.15806,4.16775,2.65231,1.2167,-0.856886,225.561,225.311,221.362,221.362
36.14563989639282,0.0038457546383142472,0.9999847412109375,0.0,4,-0.00283504,4.0,18663.7,246.125,-0.509327,10.8687,15.7112,33.9408,52.8801,89.3546,153.49,192.12,188.408,184.416,180.863,176.136,145.804,58.7653,32.0143,21.0611,12.835,7.21531,4.18752,2.66044,1.21829,-0.85683,225.96,225.745,221.77,221.77
36.16607999801636,0.0017785374075174332,0.9999847412109375,0.0,4,-0.00346208,4.0,18699.1,246.574,-0.483543,10.9003,15.6993,33.875,52.7194,88.8987,152.158,190.825,187.155,183.222,179.741,175.164,163.464,61.5098,32.8391,21.4283,12.9794,7.26631,4.20765,2.67014,1.22126,-0.856572,226.343,226.191,222.19,222.19
36.18594694137573,0.0010401908308267595,0.9999847412109375,0.0,4,-0.00378108,4.0,18734.2,247.023,-0.416264,10.9259,15.6908,33.8364,52.6299,88.6548,151.466,189.453,185.81,181.914,178.475,173.983,165.041,63.1276,33.3403,21.6625,13.0799,7.30697,4.22634,2.68041,1.2252,-0.856155,226.722,226.64,222.609,222.609
36.2064323425293,0.0004986856132745743,0.9999847412109375,0.0,4,-0.00389433,4.0,18768.4,247.471,-0.329889,10.9443,15.6844,33.8155,52.5869,88.5496,151.189,188.03,184.403,180.53,177.117,172.672,164.147,63.8961,33.6136,21.8064,13.152,7.34163,4.24465,2.69146,1.22998,-0.855611,227.109,227.077,223.015,223.015
36.227081537246704,0.00030174851417541504,0.9999847412109375,0.0,4,-0.00387478,4.0,18799.6,247.92,-0.244588,10.9655,15.6794,33.8059,52.5739,88.5333,151.178,186.573,182.956,179.097,175.698,171.278,162.878,64.0811,33.7339,21.8903,13.2052,7.3723,4.26267,2.70299,1.2353,-0.854984,227.505,227.505,223.386,223.386
36.24617409706116,0.0,0.9999847412109375,0.0,4,-0.00379419,4.0,18832.4,248.366,-0.16668,10.9859,15.6748,33.8011,52.5738,88.5566,151.287,185.099,181.489,177.64,174.252,169.847,161.468,64.0069,33.7894,21.9504,13.2521,7.40249,4.28137,2.71525,1.2411,-0.854291,227.908,227.924,223.776,223.776
36.26666522026062,0.0,0.9999847412109375,0.0,4,-0.00371027,4.0,18865.0,248.81,-0.10699,11.0044,15.6698,33.7956,52.5729,88.5794,151.398,183.621,180.02,176.181,172.803,168.413,160.055,63.944,33.8537,22.0171,13.3034,7.43537,4.3017,2.72857,1.24738,-0.853541,228.316,228.335,224.164,224.164
36.2874493598938,-0.0004978239536285401,0.9999847412109375,0.0,4,-0.00364232,4.0,18896.5,249.253,-0.0654981,11.0144,15.6643,33.7881,52.5675,88.5901,151.474,182.145,178.552,174.724,171.359,166.987,158.683,63.965,33.9436,22.0957,13.3599,7.47033,4.32299,2.74241,1.25388,-0.852768,228.723,228.739,224.539,224.539
36.30465865135193,-0.0010389462113380432,0.9999847412109375,0.0,4,-0.00359273,4.0,18927.9,249.691,-0.0383245,11.0194,15.6585,33.7787,52.5574,88.5876,151.513,180.67,177.086,173.272,169.921,165.57,157.355,64.0734,34.0582,22.1851,13.4205,7.50672,4.34482,2.75652,1.26045,-0.851989,229.129,229.141,224.912,224.912
36.32477068901062,-0.0010389462113380432,0.9999847412109375,0.0,4,-0.00351691,4.0,18963.4,250.122,-0.0214599,11.0141,15.6529,33.7715,52.5533,88.6026,151.604,179.186,175.611,171.808,168.469,164.136,155.968,64.0676,34.1422,22.2623,13.4773,7.5423,4.36661,2.77073,1.26713,-0.851193,229.527,229.544,225.332,225.332
36.34502911567688,-0.0010389462113380432,0.9999847412109375,0.0,4,-0.00340581,4.0,18992.9,250.555,-0.00110749,11.0089,15.6479,33.7677,52.5577,88.6424,151.768,177.691,174.123,170.33,167.0,162.679,154.501,63.9011,34.1798,22.3197,13.5268,7.57563,4.38765,2.78465,1.27377,-0.850396,229.921,229.945,225.686,225.686
36.36647081375122,-0.0010389462113380432,0.9999847412109375,0.0,4,-0.0032866,4.0,19022.3,250.983,0.0161614,11.0111,15.6431,33.7649,52.5642,88.6883,152.373,176.191,172.63,168.846,165.525,161.215,153.016,63.6986,34.2053,22.3714,13.574,7.60807,4.40833,2.79839,1.28035,-0.849606,230.316,230.343,226.035,226.035
36.38609862327576,-0.0010389462113380432,0.9999847412109375,0.0,4,-0.0031693,4.0,19051.1,251.409,0.0289156,11.0065,15.6384,33.7622,52.5709,88.7339,179.983,174.689,171.135,167.361,164.049,159.751,151.533,63.499,34.2282,22.4208,13.6195,7.63952,4.42842,2.81175,1.28676,-0.848835,230.705,230.732,226.377,226.377
36.406583070755005,-0.0010389462113380432,0.9999847412109375,0.0,4,-0.0030582,4.0,19080.1,251.832,0.0372986,10.9925,15.6337,33.7591,52.5763,88.7756,178.473,173.185,169.639,165.875,162.573,158.288,150.065,63.3264,34.2572,22.4722,13.6654,7.6709,4.44838,2.82501,1.2931,-0.848073,231.093,231.119,226.722,226.722
36.42745661735535,-0.0010389462113380432,0.9999847412109375,0.0,4,-0.00295234,4.0,19119.4,252.242,0.0424835,10.9633,15.629,33.7558,52.5809,88.8146,176.961,171.68,168.142,164.389,161.097,156.827,148.61,63.1719,34.2885,22.5234,13.7106,7.70163,4.46789,2.83795,1.29929,-0.84733,231.48,231.505,227.179,227.179
36.445090532302856,-0.0010389462113380432,0.9999847412109375,0.0,4,-0.00284743,4.0,19147.7,252.657,0.0462178,10.9239,15.6246,33.7527,52.5859,88.8539,175.446,170.172,166.642,162.9,159.62,155.364,147.157,63.0153,34.3163,22.572,13.754,7.73134,4.48681,2.85052,1.30531,-0.846607,231.859,231.884,227.528,227.528
36.465062856674194,-0.0010389462113380432,0.9999847412109375,0.0,4,-0.00274444,4.0,19173.6,253.071,0.0484642,10.9069,15.6203,33.75,52.5912,88.8933,173.928,168.661,165.14,161.409,158.14,153.9,145.708,62.8576,34.34,22.6172,13.7952,7.75973,4.50494,2.86258,1.31109,-0.845911,232.242,232.266,227.835,227.835
36.48739814758301,-0.0007437799125909806,0.9999847412109375,0.0,4,-0.00264263,4.0,19199.9,253.481,0.0499266,10.8905,15.6162,33.7477,52.597,88.9332,172.407,167.148,163.636,159.916,156.659,152.435,144.261,62.6962,34.359,22.6589,13.8341,7.78677,4.52228,2.87413,1.31664,-0.845243,232.618,232.641,228.147,228.147
36.50452542304993,-0.0010389462113380432,0.9999847412109375,0.0,4,-0.00254536,4.0,19226.6,253.888,0.0503015,10.8564,15.6122,33.7453,52.6024,88.9711,170.883,165.633,162.13,158.423,155.177,150.97,142.826,62.5471,34.3786,22.6995,13.8717,7.81291,4.53903,2.88529,1.322,-0.844598,232.989,233.012,228.464,228.464
36.52723288536072,-0.0010389462113380432,0.9999847412109375,0.0,4,-0.00245023,4.0,19266.2,254.282,0.0500679,10.8103,15.6084,33.7431,52.6078,89.0083,169.357,164.115,160.622,156.927,153.694,149.504,141.397,62.4014,34.3968,22.7386,13.908,7.83827,4.5553,2.89614,1.32721,-0.84397,233.363,233.385,228.908,228.908
36.547203063964844,-0.0010389462113380432,0.9999847412109375,0.0,4,-0.00235224,4.0,19297.5,254.677,0.0506715,10.7321,15.6047,33.7414,52.6142,89.0484,167.827,162.594,159.11,155.428,152.207,148.035,139.963,62.2407,34.4084,22.774,13.9426,7.86272,4.5711,2.90671,1.33231,-0.843356,233.723,233.745,229.311,229.311
36.5660138130188,-0.0007437799125909806,0.9999847412109375,0.0,4,-0.0022521,4.0,19319.6,255.077,0.0513348,10.6925,15.6013,33.7402,52.6217,89.0909,166.293,161.07,157.596,153.926,150.717,146.563,138.524,62.0654,34.4129,22.8051,13.9748,7.88601,4.58626,2.91689,1.33723,-0.842761,234.092,234.115,229.571,229.571
36.58508801460266,-0.0007437799125909806,0.9999847412109375,0.0,4,-0.00215197,4.0,19343.4,255.472,0.0517237,10.6643,15.5979,33.7393,52.6297,89.1342,164.756,159.542,156.078,152.421,149.226,145.089,137.086,61.8873,34.4145,22.8342,14.0057,7.90859,4.60103,2.92681,1.34204,-0.84218,234.455,234.478,229.853,229.853
36.60452127456665,-0.0010389462113380432,0.9999847412109375,0.0,4,-0.00205636,4.0,19367.8,255.865,0.0515349,10.6088,15.5948,33.7387,52.6375,89.176,163.217,158.013,154.56,150.916,147.733,143.616,135.659,61.7154,34.4137,22.8604,14.0343,7.9296,4.61481,2.9361,1.34654,-0.841635,234.81,234.833,230.143,230.143
36.62450957298279,-0.0007437799125909806,0.9999847412109375,0.0,4,-0.00196338,4.0,19405.0,256.246,0.0506838,10.5475,15.5918,33.7382,52.6455,89.2173,161.675,156.482,153.039,149.409,146.24,142.142,134.239,61.5462,34.4109,22.8843,14.0611,7.9495,4.62791,2.94493,1.35083,-0.841116,235.171,235.192,230.539,230.539
36.646968364715576,-0.0010389462113380432,0.9999847412109375,0.0,4,-0.00186658,4.0,19442.1,256.619,0.0511901,10.4273,15.589,33.7383,52.6547,89.262,160.13,154.947,151.514,147.898,144.742,140.664,132.811,61.3591,34.4004,22.9041,14.0858,7.96848,4.64054,2.95349,1.35501,-0.840609,235.514,235.536,231.031,231.031
36.66706967353821,-0.0010389462113380432,0.9999847412109375,0.0,4,-0.00176644,4.0,19460.3,257.006,0.0519432,10.363,15.5866,33.7394,52.6658,89.3108,158.58,153.408,149.986,146.384,143.242,139.183,131.374,61.1483,34.3787,22.9171,14.1069,7.9855,4.65209,2.96139,1.35889,-0.840136,235.87,235.894,231.245,231.245
36.686601638793945,-0.0010389462113380432,0.9999847412109375,0.0,4,-0.00166559,4.0,19481.5,257.387,0.0524522,10.3227,15.5842,33.7408,52.6774,89.3608,157.028,151.866,148.456,144.867,141.738,137.699,129.938,60.9327,34.3535,22.9278,14.1265,8.0018,4.66324,2.96903,1.36267,-0.839676,236.222,236.246,231.497,231.497
36.70582318305969,-0.0013833228498697282,0.9999847412109375,0.0,4,-0.00156975,4.0,19503.7,257.767,0.052373,10.2446,15.5821,33.7424,52.6889,89.4091,155.473,150.323,146.924,143.349,140.235,136.216,128.513,60.7246,34.3267,22.936,14.144,8.01657,4.67343,2.97603,1.36613,-0.839253,236.562,236.585,231.76,231.76
36.72710609436035,-0.0022197071462869643,0.9999847412109375,0.0,4,-0.00147867,4.0,19536.0,258.137,0.0510661,10.1696,15.5801,33.7437,52.6994,89.4545,153.915,148.778,145.39,141.83,138.731,134.734,127.101,60.5334,34.3037,22.9453,14.1614,8.03113,4.68341,2.98289,1.36952,-0.83884,236.91,236.931,232.096,232.096
36.746127128601074,-0.0022197071462869643,0.9999847412109375,0.0,4,-0.00134039,4.0,19581.8,258.487,0.0517111,10.0056,15.5789,33.7501,52.7224,89.5353,152.347,147.219,143.842,140.294,137.207,133.225,125.58,60.1582,34.2183,22.9251,14.1668,8.04122,4.69157,2.98883,1.37261,-0.838453,237.233,237.264,232.692,232.692
36.76472544670105,-0.0032529328018426895,0.9999847412109375,0.0,4,-0.00114799,4.0,19423.3,258.784,0.0636074,9.9148,15.5789,33.7624,52.7597,89.6571,150.766,145.646,142.277,138.739,135.659,131.685,123.924,59.5779,34.0617,22.8712,14.158,8.04602,4.69753,2.99368,1.37534,-0.838101,237.531,237.574,231.763,231.771
36.78687262535095,-0.0038433611392974854,0.9999847412109375,0.0,4,-0.000893354,4.0,19568.7,259.019,0.0764821,9.85915,15.5802,33.7815,52.8137,89.8264,149.171,144.057,140.693,137.162,134.086,130.109,122.055,58.7754,33.8256,22.7789,14.133,8.04473,4.70094,2.99724,1.37765,-0.837788,237.779,237.837,232.283,232.283
36.80651330947876,-0.0038433611392974854,0.9999847412109375,0.0,4,-0.000559092,4.0,19545.5,259.268,0.0970914,9.75465,15.5832,33.8094,52.8889,90.0568,147.561,142.448,139.087,135.557,132.48,128.489,119.358,57.7064,33.4918,22.6391,14.0878,8.03579,4.70117,2.9992,1.37943,-0.837524,237.983,238.058,231.631,231.647
36.82535934448242,-0.0038433611392974854,0.9999847412109375,0.0,5,-0.000175953,4.0,19595.9,259.422,0.122854,9.65562,15.5874,33.8432,52.9782,90.3273,145.939,140.827,137.466,133.936,130.853,126.84,114.155,56.4984,33.0987,22.468,14.0281,8.02082,4.69863,2.99965,1.38064,-0.837318,238.171,238.258,232.529,232.529
36.84610652923584,-0.0038433611392974854,0.9999847412109375,0.0,5,0.000248194,5.0,17446.5,259.203,0.152339,9.43924,15.5928,33.8822,53.0798,90.6327,144.31,139.195,135.834,132.301,129.21,125.166,108.859,55.1949,32.6593,22.2713,13.956,8.00045,4.69353,2.99869,1.38132,-0.83717,238.195,238.292,228.691,228.788
36.86585474014282,-0.0038433611392974854,0.9999847412109375,0.0,5,0.000715017,5.0,17407.8,258.738,0.18115,9.30436,15.5997,33.9275,53.1956,90.9774,142.673,137.555,134.192,130.653,127.551,123.468,103.502,53.7898,32.1654,22.0423,13.8672,7.97212,4.68439,2.99535,1.381,-0.837131,237.84,237.947,228.2,228.31
36.88719177246094,-0.0038433611392974854,0.9999847412109375,0.0,5,0.00120997,5.0,17185.7,258.254,0.206652,9.22762,15.6078,33.9772,53.3214,91.3498,141.034,135.911,132.545,128.998,125.882,121.752,98.3218,52.3505,31.6421,21.7937,13.7673,7.93833,4.67238,2.99031,1.37998,-0.837171,237.408,237.522,227.214,227.519
36.905237436294556,-0.0038433611392974854,0.9999847412109375,0.0,5,0.0017035,5.0,17544.1,258.26,0.229125,9.12937,15.6168,34.0289,53.4505,91.7295,139.395,134.268,130.898,127.345,124.214,120.033,93.5857,50.9559,31.1165,21.5372,13.6601,7.89976,4.65743,2.98337,1.37806,-0.837318,237.121,237.235,232.033,232.033
36.92645573616028,-0.0022197071462869643,0.9999847412109375,0.0,5,0.00215125,5.0,17567.3,258.59,0.235903,9.06357,15.6259,34.0779,53.5713,92.0822,137.76,132.632,129.261,125.703,122.562,118.336,89.6002,49.7186,30.6334,21.2952,13.5552,7.85978,4.64083,2.9751,1.3754,-0.837559,237.326,237.43,232.345,232.345
36.947113275527954,-0.0013833228498697282,0.9999847412109375,0.0,5,0.00249338,5.0,17596.3,258.908,0.238581,8.95038,15.6341,34.1183,53.6683,92.3609,136.141,131.017,127.649,124.093,120.948,116.697,86.6908,48.7659,30.2456,21.094,13.4635,7.82228,4.62397,2.96608,1.37212,-0.837891,237.623,237.703,232.746,232.746
36.9651358127594,-0.0010389462113380432,0.9999847412109375,0.0,5,0.00268054,5.0,17609.0,259.242,0.213961,8.88514,15.6404,34.1444,53.728,92.5251,134.545,129.432,126.075,122.531,119.395,115.15,85.057,48.1927,29.9962,20.9568,13.3955,7.79125,4.6085,2.95714,1.36846,-0.838293,237.943,237.988,232.915,232.915
36.986035108566284,-0.0010389462113380432,0.9999847412109375,0.0,5,0.00277233,5.0,17622.3,259.574,0.172323,8.86317,15.646,34.1626,53.7657,92.6203,132.962,127.866,124.523,120.996,117.878,113.658,84.1247,47.8299,29.8214,20.8525,13.3384,7.76216,4.59269,2.94747,1.36423,-0.838779,238.26,238.283,233.09,233.09
37.006935834884644,-0.0010389462113380432,0.9999847412109375,0.0,5,0.00283098,5.0,17637.8,259.903,0.133057,8.85647,15.6515,34.1784,53.7964,92.6925,131.382,126.304,122.977,119.469,116.371,112.184,83.4205,47.5337,29.669,20.7572,13.2835,7.73284,4.57623,2.93721,1.35963,-0.839313,238.566,238.578,233.294,233.294
37.02493596076965,-0.0010389462113380432,0.9999847412109375,0.0,5,0.00288796,5.0,17656.2,260.228,0.102801,8.86908,15.6572,34.1948,53.8278,92.7655,129.799,124.739,121.428,117.941,114.863,110.708,82.7149,47.2315,29.5115,20.6579,13.2258,7.70176,4.5587,2.92625,1.3547,-0.839886,238.867,238.877,233.535,233.535
37.04594302177429,-0.0010389462113380432,0.9999847412109375,0.0,5,0.00295329,5.0,17683.2,260.543,0.0828196,8.86513,15.6635,34.2128,53.8626,92.8471,128.21,123.17,119.875,116.407,113.348,109.225,81.9366,46.8993,29.3392,20.5496,13.1631,7.66819,4.53981,2.91446,1.34941,-0.840502,239.162,239.173,233.89,233.89
37.06607270240784,-0.0010389462113380432,0.9999847412109375,0.0,5,0.00302935,5.0,17705.0,260.863,0.0702824,8.86392,15.6703,34.2326,53.9013,92.9392,126.617,121.595,118.316,114.867,111.828,107.734,81.0717,46.5333,29.1507,20.4318,13.0954,7.63205,4.51956,2.90185,1.34376,-0.841157,239.455,239.469,234.18,234.18
37.08758521080017,-0.0010389462113380432,0.9999847412109375,0.0,5,0.00311947,5.0,17726.2,261.182,0.0642082,8.8684,15.6775,34.2543,53.9445,93.0437,125.018,120.014,116.75,113.32,110.299,106.233,80.1097,46.1305,28.9458,20.305,13.0231,7.59385,4.49827,2.88864,1.33787,-0.841839,239.747,239.766,234.46,234.46
37.105165004730225,-0.0013833228498697282,0.9999847412109375,0.0,5,0.00321889,5.0,17747.1,261.5,0.0621691,8.85867,15.6852,34.2776,53.9911,93.1572,123.414,118.428,115.18,111.768,108.765,104.725,79.0838,45.7011,28.7278,20.1702,12.9465,7.55353,4.47586,2.87475,1.33169,-0.842555,240.037,240.056,234.737,234.737
37.12534427642822,-0.0017769098281860353,0.9999847412109375,0.0,5,0.00332475,5.0,17767.9,261.817,0.062333,8.84541,15.693,34.3018,54.0397,93.2766,121.806,116.839,113.605,110.212,107.227,103.212,78.0277,45.2586,28.5037,20.032,12.8682,7.5124,4.45304,2.86063,1.32541,-0.843281,240.328,240.348,235.012,235.012
37.147425413131714,-0.0022197071462869643,0.9999847412109375,0.0,5,0.00347924,5.0,17796.1,262.126,0.0644321,8.80744,15.7019,34.3315,54.102,93.436,120.186,115.235,112.016,108.639,105.668,101.67,76.6663,44.7065,28.2331,19.8695,12.7788,7.4668,4.42827,2.84548,1.31877,-0.844041,240.612,240.642,235.384,235.384
37.16578459739685,-0.0022197071462869643,0.9999847412109375,0.0,5,0.00368381,5.0,17814.2,262.444,0.0777472,8.77783,15.7119,34.367,54.1783,93.6368,118.554,113.619,110.412,107.048,104.088,100.098,75.0185,44.0485,27.9172,19.6829,12.6784,7.41677,4.40156,2.82933,1.31179,-0.844835,240.895,240.937,235.626,235.626
37.18622851371765,-0.0022197071462869643,0.9999847412109375,0.0,5,0.0039072,5.0,17832.9,262.76,0.0923689,8.7651,15.7226,34.4052,54.2611,94.2506,116.916,111.996,108.8,105.449,102.499,98.5133,73.2921,43.3515,27.5812,19.4842,12.5715,7.36355,4.37317,2.81219,1.30439,-0.845677,241.184,241.232,235.872,235.872
37.20515823364258,-0.0022197071462869643,0.9999847412109375,0.0,5,0.00413442,5.0,17851.5,263.075,0.10472,8.75251,15.7338,34.4448,54.3465,122.705,115.274,110.368,107.185,103.847,100.907,96.9247,71.5828,42.6481,27.238,19.2799,12.4608,7.30801,4.34341,2.79416,1.29658,-0.846566,241.471,241.52,236.119,236.119
37.22599530220032,-0.0022197071462869643,0.9999847412109375,0.0,5,0.00435734,5.0,17870.6,263.388,0.113493,8.74037,15.7452,34.4847,54.4319,121.051,113.629,108.739,105.569,102.244,99.3147,95.3375,69.9406,41.9589,26.8971,19.0751,12.3488,7.25139,4.3129,2.7756,1.28851,-0.847487,241.76,241.807,236.371,236.371
37.2448456287384,-0.0022197071462869643,0.9999847412109375,0.0,5,0.00457764,5.0,17896.4,263.694,0.120247,8.71711,15.757,34.5253,54.5184,119.392,111.981,107.108,103.95,100.64,97.7214,93.75,68.3418,41.2731,26.5528,18.8663,12.2334,7.19246,4.28091,2.75608,1.27997,-0.848465,242.047,242.093,236.709,236.709
37.26663279533386,-0.0022197071462869643,0.9999847412109375,0.0,5,0.0047946,5.0,17915.6,264.006,0.125056,8.69491,15.7694,34.5668,54.6061,117.73,110.329,105.474,102.329,99.0336,96.1271,92.1623,66.784,40.5903,26.2047,18.653,12.1142,7.13098,4.2473,2.73547,1.27092,-0.849504,242.331,242.377,236.966,236.966
37.28612947463989,-0.0022197071462869643,0.9999847412109375,0.0,5,0.00501156,5.0,17934.6,264.316,0.128817,8.68679,15.782,34.6092,54.6952,116.063,108.675,103.837,100.706,97.4253,94.5308,90.5732,65.2577,39.9099,25.854,18.4366,11.9924,7.06779,4.21262,2.71416,1.26153,-0.850585,242.617,242.663,237.217,237.217
37.305333375930786,-0.0022197071462869643,0.9999847412109375,0.0,5,0.00522804,5.0,17953.4,264.626,0.132139,8.67983,15.7951,34.6524,54.7857,114.392,107.017,102.197,99.0805,95.8151,92.9329,88.983,63.7602,39.2307,25.4998,18.2165,11.8677,7.0026,4.17668,2.69201,1.25174,-0.851712,242.901,242.946,237.467,237.467
37.325058937072754,-0.0022197071462869643,0.9999847412109375,0.0,5,0.00544143,5.0,17972.5,264.934,0.13459,8.66951,15.8087,34.6967,54.8776,112.716,105.355,100.554,97.4525,94.2029,91.3337,87.3921,62.2936,38.5517,25.1405,17.9911,11.7386,6.93458,4.13895,2.66868,1.24138,-0.852908,243.184,243.228,237.719,237.719
37.34516978263855,-0.0022197071462869643,0.9999847412109375,0.0,5,0.00565362,5.0,17997.8,265.235,0.136912,8.65057,15.8226,34.7415,54.9704,111.036,103.69,98.909,95.8222,92.589,89.7333,85.801,60.8615,37.8783,24.7806,17.7639,11.6078,6.86524,4.10035,2.64476,1.23074,-0.854138,243.467,243.51,238.049,238.049
37.365941524505615,-0.0022197071462869643,0.9999847412109375,0.0,5,0.00586724,5.0,18017.0,265.541,0.139753,8.62773,15.837,34.7875,55.0655,109.351,102.021,97.2602,94.1887,90.9722,88.1302,84.2074,59.4423,37.2008,24.4147,17.5315,11.4731,6.79347,4.06026,2.61986,1.21964,-0.855423,243.745,243.789,238.309,238.309
37.38489031791687,-0.0022197071462869643,0.9999847412109375,0.0,5,0.00608182,5.0,18035.6,265.847,0.142453,8.61954,15.8519,34.8348,55.1626,107.661,100.348,95.608,92.5521,89.3527,86.5247,82.6114,58.0379,36.5201,24.0434,17.2941,11.3347,6.71932,4.01869,2.594,1.20808,-0.856763,244.027,244.071,238.554,238.554
37.405906438827515,-0.0022197071462869643,0.9999847412109375,0.0,5,0.00629735,5.0,18054.1,266.151,0.145299,8.61472,15.8671,34.883,55.2613,105.966,98.6713,93.9523,90.9125,87.7306,84.917,81.0137,56.6545,35.8399,23.669,17.0536,11.1938,6.64347,3.97605,2.56743,1.19619,-0.858143,244.306,244.35,238.799,238.799
37.42619276046753,-0.0022197071462869643,0.9999847412109375,0.0,5,0.00650907,5.0,18072.9,266.454,0.147463,8.6052,15.8828,34.9319,55.3611,104.266,96.9911,92.2941,89.2708,86.1071,83.3085,79.4163,55.2998,35.1626,23.2916,16.8092,11.0494,6.56523,3.93187,2.53982,1.18379,-0.859584,244.584,244.628,239.047,239.047
37.44532251358032,-0.0022197071462869643,0.9999847412109375,0.0,5,0.00671887,5.0,18097.1,266.751,0.14943,8.58954,15.8989,34.9817,55.462,102.562,95.3072,90.6329,87.6267,84.4817,81.6987,77.8187,53.97,34.4876,22.9117,16.5616,10.9023,6.48507,3.88644,2.51138,1.17099,-0.861073,244.863,244.905,239.361,239.361
37.46589684486389,-0.0022197071462869643,0.9999847412109375,0.0,5,0.00693059,5.0,18116.4,267.052,0.152229,8.5677,15.9155,35.0326,55.565,100.853,93.619,88.968,85.9792,82.8532,80.0863,76.2185,52.6511,33.81,22.5272,16.3098,10.752,6.40285,3.83974,2.4821,1.15779,-0.862611,245.136,245.18,239.624,239.624
37.486326456069946,-0.0022197071462869643,0.9999847412109375,0.0,5,0.00714278,5.0,18134.8,267.352,0.154833,8.56034,15.9326,35.0849,55.6705,99.1377,91.9266,87.2995,84.3285,81.2219,78.4711,74.6159,51.3397,33.1265,22.1355,16.0519,10.597,6.31767,3.79119,2.4516,1.14402,-0.864217,245.413,245.457,239.866,239.866
37.50492787361145,-0.0017769098281860353,0.9999847412109375,0.0,5,0.00735641,5.0,18153.0,267.652,0.157811,8.55753,15.9501,35.1381,55.7775,97.4174,90.2299,85.6274,82.6746,79.588,76.8539,73.0117,50.0463,32.4448,21.7422,15.7917,10.4402,6.23115,3.74178,2.42053,1.12997,-0.865856,245.688,245.732,240.107,240.107
37.524985790252686,-0.0007437799125909806,0.9999847412109375,0.0,5,0.00756502,5.0,18171.4,267.95,0.15993,8.54939,15.968,35.192,55.8853,95.6924,88.5297,83.9527,81.0187,77.9527,75.2362,71.4087,48.7795,31.7666,21.3464,15.5281,10.2801,6.14235,3.69086,2.38844,1.11542,-0.867556,245.962,246.005,240.35,240.35
37.54601311683655,0.0,0.9999847412109375,0.0,5,0.00772548,5.0,18194.7,268.243,0.161464,8.5373,15.9856,35.2419,55.9817,93.9675,86.8327,82.2836,79.3705,76.3281,73.6331,69.8322,47.6634,31.1456,20.973,15.2744,10.1229,6.05346,3.63928,2.3557,1.10045,-0.869312,246.241,246.273,240.652,240.652
37.56542086601257,0.0013847589492797852,0.9999847412109375,0.0,5,0.00779128,5.0,18214.3,268.538,0.151903,8.51654,16.0019,35.2824,56.0531,92.2485,85.1464,80.6293,77.7407,74.7273,72.0612,68.3103,46.826,30.641,20.6508,15.0468,9.97639,5.96793,3.58859,2.32315,1.08538,-0.871094,246.521,246.532,240.918,240.918
37.58544635772705,0.004485584795475006,0.9999847412109375,0.0,5,0.00774479,5.0,18232.2,268.834,0.129386,8.50991,16.0166,35.3115,56.0943,90.5373,83.4732,78.9928,76.1328,73.1543,70.5256,66.8505,46.3025,30.2687,20.3877,14.8501,9.84295,5.88667,3.53921,2.29101,1.07027,-0.872894,246.806,246.792,241.155,241.155
37.60595893859863,0.009357982873916626,0.9999847412109375,0.0,5,0.00748873,5.0,18250.2,269.128,0.095592,8.50746,16.0278,35.3184,56.0779,88.8453,81.828,77.3921,74.5676,71.6344,69.0574,65.5008,46.3683,30.147,20.2377,14.7134,9.73583,5.81482,3.49322,2.26025,1.0554,-0.874692,247.1,247.038,241.393,241.393
37.625730752944946,0.013590455055236816,0.9999847412109375,0.0,5,0.00683665,5.0,18268.5,269.422,0.0297912,8.49817,16.0321,35.2828,55.9518,87.194,80.2387,75.8608,73.084,70.2142,67.7133,64.34,47.639,30.5255,20.3126,14.696,9.68192,5.76276,3.45485,2.23294,1.04139,-0.876435,247.413,247.263,241.634,241.634
37.64634418487549,0.019988277927041054,0.9999847412109375,0.0,5,0.00568652,5.0,18302.1,269.695,-0.0895394,8.46402,16.0272,35.193,55.6884,85.595,78.7192,74.4153,71.6999,68.913,66.5131,63.3745,50.7661,31.6225,20.6982,14.8414,9.70033,5.73812,3.42753,2.21091,1.02891,-0.878054,247.73,247.467,242.064,242.064
37.66502523422241,0.022891879454255106,0.9999847412109375,0.0,5,0.00396848,5.0,18324.3,269.978,-0.254627,8.39828,16.0112,35.0409,55.27,84.0554,77.2779,73.0641,70.4236,67.7378,65.4588,62.58,56.8424,33.7703,21.5077,15.2019,9.81302,5.74978,3.41545,2.19655,1.01896,-0.879439,248.049,247.653,242.368,242.368
37.68633699417114,0.027616359293460846,0.9999847412109375,0.0,5,0.00174308,5.0,18340.0,270.266,-0.468358,8.34919,15.9849,34.8336,54.7184,82.5663,75.9018,71.7899,69.2333,66.6589,64.5087,61.881,57.9204,37.3379,22.8189,15.8002,10.0246,5.79865,3.41914,2.19032,1.01182,-0.880549,248.37,247.852,242.582,242.582
37.70564079284668,0.029289606586098672,0.9999847412109375,0.0,5,-0.00094533,5.0,18354.5,270.553,-0.687478,8.32033,15.9476,34.5748,54.0487,81.1216,74.5818,70.5803,68.1133,65.6551,63.6339,61.2352,58.0047,43.1728,24.813,16.6997,10.3564,5.89312,3.44302,2.195,1.00881,-0.881223,248.683,248.054,242.773,242.773
37.725669622421265,0.032783732190728186,0.9999847412109375,0.0,5,-0.0039196,5.0,18369.9,270.836,-0.911988,8.29933,15.902,34.283,53.3135,79.6999,73.2897,69.4009,67.0234,64.6782,62.7773,60.5752,57.8027,52.4002,27.6359,17.9223,10.8066,6.0314,3.4868,2.21082,1.01028,-0.881404,248.975,248.276,242.976,242.976
37.745264291763306,0.03839399814605713,0.9999847412109375,0.0,5,-0.00712585,5.0,18390.1,271.113,-1.09574,8.28434,15.8483,33.9636,52.5936,78.2945,72.0166,68.2406,65.9509,63.7136,61.9232,59.8897,57.4432,53.9729,31.6728,19.5619,11.3972,6.21981,3.55333,2.23947,1.01701,-0.881001,249.256,248.5,243.238,243.238
37.76554751396179,0.046563297510147095,0.9999847412109375,0.0,5,-0.0107312,5.0,18410.4,271.386,-1.28218,8.25738,15.783,33.6,51.8821,76.9227,70.7835,67.1232,64.9219,62.7905,61.1048,59.2227,57.0338,54.2439,38.051,21.906,12.2041,6.47974,3.6505,2.28476,1.03023,-0.879897,249.545,248.701,243.511,243.511
37.78625202178955,0.050943209230899816,0.9999847412109375,0.0,5,-0.0149763,5.0,18429.9,271.656,-1.49179,8.23128,15.7022,33.1717,51.0967,75.6077,69.6176,66.0789,63.9686,61.9436,60.36,58.6185,56.6471,54.2887,48.6174,25.5415,13.3525,6.84018,3.78722,2.35038,1.05084,-0.878026,249.852,248.868,243.771,243.771
37.8060622215271,0.05320698060095311,0.9999847412109375,0.0,5,-0.0198529,5.0,18449.9,271.92,-1.7707,8.19522,15.6052,32.6816,50.206,74.3459,68.5128,65.0991,63.0803,61.1599,59.6734,58.0602,56.2729,54.222,50.4041,31.4813,14.9894,7.32869,3.97216,2.44044,1.08029,-0.875239,250.158,249.031,244.035,244.035
37.82576513290405,0.06029355674982071,0.9999847412109375,0.0,5,-0.0250466,5.0,18467.0,272.183,-2.05117,8.15327,15.4965,32.1603,49.3147,73.1028,67.4262,64.1343,62.2027,60.3796,58.9809,57.4795,55.8432,54.0175,50.9085,41.5033,17.2365,7.95433,4.20705,2.55598,1.11925,-0.87144,250.429,249.222,244.267,244.267
37.845895767211914,0.0627541694790125,0.9999847412109375,0.0,5,-0.0305796,5.0,18490.1,272.438,-2.28811,8.09049,15.375,31.6068,48.413,71.8793,66.3586,63.1852,61.3368,59.6045,58.2859,56.8831,55.3741,53.724,51.0501,46.783,20.419,8.75636,4.50179,2.70113,1.16894,-0.866516,250.688,249.407,244.559,244.559
37.865851402282715,0.06782302595674992,0.9999847412109375,0.0,5,-0.0365562,5.0,18512.1,272.691,-2.56509,7.96699,15.2389,31.0139,47.4337,70.684,65.3197,62.2626,60.4941,58.8475,57.6028,56.2888,54.8901,53.3841,51.0209,47.6655,25.1979,9.79803,4.87057,2.88126,1.2307,-0.860358,250.957,249.578,244.856,244.856
37.887144565582275,0.07308872379362584,0.9999847412109375,0.0,5,-0.0428867,5.0,18530.4,272.943,-2.83288,7.84213,15.0895,30.3918,46.4117,69.5064,64.2966,61.3518,59.6592,58.0925,56.9153,55.6808,54.378,52.9917,50.8644,48.0177,32.7772,11.1418,5.32299,3.09929,1.30515,-0.852922,251.213,249.751,245.099,245.099
37.90441131591797,0.07855126298964024,0.9999847412109375,0.0,5,-0.049531,5.0,18548.2,273.19,-3.08926,7.71304,14.9268,29.7446,45.3618,68.3416,63.2832,60.4464,58.8257,57.3333,56.2179,55.0547,53.8359,52.551,50.6113,48.1084,41.1821,12.8898,5.87535,3.36088,1.39374,-0.84408,251.459,249.923,245.334,245.334
37.926231145858765,0.08421064354479313,0.9999847412109375,0.0,5,-0.0564203,5.0,18565.7,273.432,-3.32242,7.5737,14.7516,29.0789,44.3417,67.1822,62.2711,59.5375,57.9843,56.5608,55.5019,54.4029,53.2581,52.0602,50.2742,48.0253,42.639,15.1808,6.54402,3.67074,1.49744,-0.833757,251.688,250.093,245.566,245.566
37.94489097595215,0.09306879192590714,0.9999847412109375,0.0,5,-0.0635822,5.0,18589.4,273.662,-3.55193,7.41419,14.563,28.3933,43.3476,66.0303,61.2628,58.6279,57.1385,55.7792,54.7723,53.7315,52.6529,51.531,49.8746,47.8256,43.2391,18.2541,7.35453,4.03618,1.61773,-0.821848,251.915,250.259,245.875,245.875
37.965991735458374,0.09922027587890625,0.9842987060546875,0.0,5,-0.0712068,5.0,18607.1,273.891,-3.8044,7.24197,14.3586,27.6769,42.1614,64.9007,60.2749,57.7359,56.3074,55.0089,54.0506,53.0637,52.0453,50.9917,49.448,47.5644,43.5202,22.5793,8.34791,4.46759,1.75614,-0.808286,252.141,250.387,246.115,246.115
37.98548221588135,0.1088165793567896,0.494110107421875,0.0,5,-0.0792522,5.0,18615.4,274.105,-4.07698,7.07786,14.1389,26.9348,40.8085,63.7881,59.3013,56.8546,55.4843,54.2431,53.33,52.3929,51.4295,50.4371,48.9925,47.2485,43.609,28.95,9.56845,4.97486,1.91426,-0.792971,252.366,250.513,246.226,246.226
38.005457162857056,0.11211376786231995,0.0745086669921875,0.0,5,-0.0875754,5.0,18394.9,273.995,-4.30348,6.90769,13.9053,26.1777,39.4732,62.6806,58.3284,55.9698,54.6543,53.4666,52.5956,51.7041,50.7906,49.8532,48.496,46.8712,43.5491,34.3182,11.0656,5.56722,2.09347,-0.775806,252.465,250.546,243.341,243.341
38.026368141174316,0.11546016670763493,0.0,0.0,5,-0.0961947,5.0,18179.7,273.423,-4.52255,6.71681,13.6579,25.4063,38.1402,61.5819,57.36,55.0855,53.8218,52.6843,51.8523,51.003,50.1351,49.2474,47.9679,46.4468,43.3843,35.7251,12.9157,6.25732,2.29511,-0.756748,252.229,250.264,241.659,239.367
38.04706072807312,0.12230059541761876,0.0,0.0,5,-0.105891,5.0,18091.1,272.651,-4.93754,6.49773,13.3881,24.5808,36.3162,60.5519,56.4616,54.2706,53.0576,51.9689,51.1746,50.3656,49.541,48.7001,47.4928,46.0659,43.2287,36.5421,15.3404,7.08474,2.52325,-0.735728,251.741,249.583,240.742,237.937
38.06504011154175,0.1257946252822876,0.0,0.0,5,-0.116813,5.0,18034.6,271.843,-5.55041,6.26769,13.0959,23.7029,34.331,59.5959,55.6376,53.5288,52.3654,51.3238,50.5657,49.7951,49.0116,48.2145,47.0742,45.7332,43.0935,37.1121,18.6353,8.08655,2.78066,-0.712723,251.142,248.725,240.146,237.032
38.08727550506592,0.13657197691500186,0.0,0.0,5,-0.128622,5.0,17978.2,271.023,-6.26859,6.04071,12.7853,22.797,32.4332,58.6847,54.8551,52.8256,51.7094,50.7125,49.9883,49.2537,48.5083,47.7516,46.6723,45.4085,42.941,37.5015,23.2196,9.29821,3.07012,-0.687581,250.484,247.853,239.512,236.177
38.10608768463135,0.16344149261713029,0.0,0.0,5,-0.140994,5.0,17921.2,270.191,-6.99709,5.80621,12.4599,21.8826,30.6724,57.8084,54.0862,52.1317,51.0599,50.1047,49.4122,48.7108,48.0004,47.2806,46.2565,45.0616,42.7442,37.7375,27.1145,10.761,3.39398,-0.660193,249.761,246.986,238.833,235.348
38.126177072525024,0.18839170932769778,0.0,0.0,5,-0.153843,5.0,17862.9,269.341,-7.69429,5.56056,12.1205,20.9652,29.0205,56.9701,53.3236,51.44,50.41,49.4936,48.8304,48.1597,47.4814,46.7954,45.8215,44.6886,42.5033,37.8541,28.7643,12.5393,3.75574,-0.630435,248.96,246.077,238.13,234.512
38.146976709365845,0.2197393659502268,0.0,0.0,5,-0.167228,5.0,17802.8,268.473,-8.414,5.29659,11.7668,20.0441,27.4434,56.1758,52.5707,50.7542,49.7633,48.8834,48.2475,47.6053,46.9568,46.3017,45.3737,44.2969,42.2294,37.8837,29.7805,14.7315,4.15973,-0.598208,248.122,245.129,237.404,233.649
38.16683650016785,0.2485279891639948,0.0,0.0,5,-0.181107,5.0,17741.8,267.582,-9.15903,5.02106,11.3993,19.1226,25.9365,55.4246,51.8236,50.0707,49.1166,48.2708,47.6604,47.0446,46.4236,45.7971,44.9111,43.8854,41.9236,37.8405,30.4638,17.4702,4.61026,-0.563424,247.223,244.127,236.666,232.775
38.18659687042236,0.2687046114355326,0.0,0.0,5,-0.195227,5.0,17679.6,266.671,-9.88584,4.73998,11.0204,18.2104,24.5215,54.6998,51.0657,49.3724,48.4528,47.6387,47.0519,46.4606,45.8649,45.2648,44.4172,43.438,41.5715,37.7177,30.9125,20.2279,5.10999,-0.526046,246.268,243.102,235.884,231.914
38.2054398059845,0.30044585503637794,0.0,0.0,5,-0.209304,5.0,17616.4,265.748,-10.5505,4.44898,10.6321,17.3154,23.2139,53.9806,50.2916,48.6424,47.7548,46.9702,46.4053,45.8366,45.2643,44.6884,43.8761,42.9393,41.1588,37.5078,31.1718,21.8025,5.66113,-0.486014,245.286,242.091,235.056,231.072
38.22485113143921,0.3225908908993006,0.0,0.0,5,-0.223195,5.0,17552.6,264.812,-11.1138,4.1523,10.2352,16.4392,22.0121,53.2564,49.513,47.8749,47.0171,46.2599,45.7153,45.1676,44.617,44.0634,43.2835,42.3856,40.6835,37.2138,31.2755,22.8079,6.26611,-0.443307,244.226,241.032,234.201,230.238
38.245837688446045,0.3455232921987772,0.0,0.0,5,-0.236863,5.0,17488.5,263.866,-11.5835,3.85126,9.82967,15.5811,20.9082,52.5238,48.7272,47.0737,46.2408,45.5091,44.9835,44.4554,43.9248,43.3919,42.6421,41.78,40.1499,36.8443,31.2516,23.4749,6.92787,-0.397924,243.146,239.965,233.332,229.411
38.266807556152344,0.36323930174112323,0.0,0.0,5,-0.25024,5.0,17424.5,262.913,-11.9416,3.55632,9.41571,14.7586,19.9018,51.7767,47.9295,46.2579,45.4256,44.7174,44.2095,43.6997,43.1879,42.6744,41.9526,41.1238,39.5602,36.4044,31.118,23.9046,7.64882,-0.34988,242.042,238.889,232.454,228.597
38.28561568260193,0.375296026468277,0.0,0.0,5,-0.263295,5.0,17360.3,261.955,-12.1947,3.26251,8.99303,13.9792,18.9928,51.012,47.1171,45.4289,44.5893,43.8866,43.3953,42.9026,42.4086,41.9132,41.2175,40.4199,38.9182,35.9007,30.8899,24.1547,8.43204,-0.299151,240.943,237.828,231.572,227.779
38.30651307106018,0.3813982043415308,0.0,0.0,5,-0.276045,5.0,17296.2,260.997,-12.3523,2.97204,8.56152,13.2443,18.1833,50.2301,46.2906,44.5875,43.7413,43.0336,42.5458,42.0686,41.5912,41.1129,40.442,39.6736,38.23,35.3409,30.5812,24.2633,9.28048,-0.245788,239.864,236.796,230.69,226.965
38.325647830963135,0.3813982043415308,0.0,0.0,5,-0.288729,5.0,17232.1,260.034,-12.4447,2.70483,8.1197,12.5499,17.4612,49.4501,45.4659,43.7479,42.8954,42.1828,41.692,41.2155,40.7516,40.2895,39.642,38.9014,37.5125,34.7436,30.2147,24.2675,10.1315,-0.189773,238.831,235.776,229.834,226.126
38.346351623535156,0.3813982043415308,0.0,0.0,5,-0.30147,5.0,17168.0,259.071,-12.5422,2.44379,7.66703,11.8959,16.8301,48.6828,44.6515,42.9181,42.059,41.3415,40.8474,40.3681,39.903,39.4512,38.826,38.1117,36.7745,34.1186,29.8032,24.1894,10.8303,-0.13111,237.873,234.81,228.997,225.268
38.36544370651245,0.3813982043415308,0.0,0.0,5,-0.314012,5.0,17106.1,258.111,-12.5582,2.21743,7.20469,11.2915,16.3389,47.9065,43.8297,42.0818,41.2167,40.4947,39.9979,39.5161,39.0487,38.5952,37.9822,37.2929,36.0049,33.4557,29.3395,24.0303,11.3925,-0.0698244,236.943,233.887,228.142,224.484
38.38701939582825,0.3813982043415308,0.0,0.0,5,-0.326226,5.0,17043.0,257.161,-12.4995,1.98564,6.73284,10.7431,16.0577,47.1096,42.9913,41.2309,40.3607,39.6351,39.1361,38.6524,38.1834,37.7285,37.1142,36.4415,35.2005,32.7527,28.8237,23.7963,11.8373,-0.00590897,236.02,233.005,227.27,223.686
38.40517854690552,0.3813982043415308,0.0,0.0,5,-0.338204,5.0,16980.3,256.221,-12.3986,1.74449,6.2706,10.2551,16.147,46.2985,42.1415,40.37,39.4955,38.767,38.2662,37.7811,37.3109,36.8551,36.2399,35.5679,34.3677,32.0166,28.2646,23.4994,12.1815,0.0605644,235.116,232.15,226.413,222.884
38.42509436607361,0.3813982043415308,0.0,0.0,5,-0.350005,5.0,16918.3,255.289,-12.2602,1.5051,5.84783,9.8339,55.1416,45.4777,41.284,39.5026,38.6244,37.8934,37.3914,36.9052,36.4343,35.9779,35.3623,34.6903,33.5114,31.2529,27.6687,23.1488,12.4382,0.129553,234.223,231.307,225.57,222.086
38.44611573219299,0.3813982043415308,0.0,0.0,5,-0.332537,5.0,16856.2,254.332,-12.1335,1.39362,5.46237,9.46329,54.6224,44.7471,40.4985,38.7004,37.8154,37.0795,36.5744,36.0856,35.6123,35.154,34.5361,33.8622,32.6835,30.5091,27.0815,22.7869,12.6333,0.198653,233.323,230.354,224.833,221.181
38.46518564224243,0.3813982043415308,0.0,0.0,5,-0.305666,5.0,16791.3,253.327,-12.4261,1.41549,5.10943,9.11028,54.5145,44.2728,39.9157,38.0803,37.179,36.4302,35.9169,35.4204,34.9401,34.4753,33.8492,33.1668,31.9752,29.8507,26.5637,22.4674,12.7967,0.261376,232.564,229.238,224.257,220.039
38.48649001121521,0.3813982043415308,0.0,0.0,5,-0.280764,5.0,16728.2,252.267,-13.0504,1.67013,4.78943,8.77931,54.8722,44.0763,39.5484,37.6525,36.7238,35.9536,35.4261,34.9165,34.4239,33.9476,33.3067,32.609,31.3927,29.2673,26.1058,22.1835,12.932,0.31748,231.879,228.003,223.722,218.908
38.506444692611694,0.3813982043415308,0.0,0.0,5,-0.25491,5.0,16664.1,251.225,-13.6072,1.96537,4.51264,8.55041,55.2841,43.8887,39.1821,37.2238,36.2671,35.475,34.9333,34.4104,33.9054,33.4176,32.7619,32.0491,30.8085,28.6501,25.601,21.8454,13.0053,0.367029,231.039,226.993,222.835,218.097
38.52619171142578,0.3813982043415308,0.0,0.0,5,-0.226174,5.0,16601.3,250.213,-13.3769,2.40306,4.28669,8.49842,55.4004,43.4983,38.6531,36.649,35.6724,34.8651,34.3135,33.7817,33.2686,32.7733,32.1082,31.3859,30.1311,27.9541,24.9903,21.405,12.9989,0.410028,229.9,226.102,221.698,217.575
38.545661211013794,0.3875495925545693,0.0,0.0,5,-0.196319,5.0,16529.4,249.223,-13.038,2.71888,4.1087,8.63074,55.4783,43.0661,38.0882,36.0416,35.047,34.226,33.6657,33.126,32.6058,32.104,31.4309,30.7009,29.4346,27.244,24.3365,20.9173,12.9392,0.446395,228.788,225.236,220.698,216.675
38.56577920913696,0.3875495925545693,0.0,0.0,5,-0.166909,5.0,16464.7,248.218,-12.8885,3.04584,3.97707,8.98541,55.7992,42.7531,37.6102,35.5102,34.4926,33.6541,33.0827,32.5328,32.0032,31.493,30.8094,30.0689,28.7868,26.5759,23.6865,20.4226,12.8458,0.476026,227.853,224.288,219.904,215.756
38.58614206314087,0.39375019110739234,0.0,0.0,5,-0.136914,5.0,16401.1,247.226,-12.6536,3.39403,3.89879,9.81942,56.1703,42.441,37.1274,34.9733,33.9327,33.0769,32.4944,31.9345,31.3959,30.8775,30.1837,29.4332,28.1363,25.9073,23.0115,19.8943,12.709,0.498884,226.918,223.395,219.003,214.973
38.6050968170166,0.39375019110739234,0.0,0.0,5,-0.106824,5.0,16333.8,246.238,-12.3772,3.74626,3.87616,102.511,56.6864,42.178,36.6754,34.4621,33.3964,32.5217,31.9273,31.3566,30.8082,30.2809,29.5761,28.8148,27.5021,25.2538,22.3475,19.3441,12.536,0.514997,225.952,222.455,218.107,214.1
38.62607789039612,0.39375019110739234,0.0,0.0,5,-0.0781362,5.0,16268.0,245.227,-12.4007,4.11699,3.90808,105.187,57.718,42.149,36.3881,34.0924,32.9915,32.0899,31.4783,30.8919,30.3293,29.7889,29.0677,28.29,26.9523,24.6707,21.7385,18.8028,12.3417,0.524392,225.128,221.451,217.394,213.062
38.64505386352539,0.39375019110739234,0.9999847412109375,0.0,5,-0.0508738,5.0,16201.9,244.191,-12.5577,4.61557,3.99768,108.119,59.3871,42.3848,36.2803,33.8748,32.7267,31.7889,31.1542,30.5465,29.9644,29.4062,28.6624,27.862,26.4892,24.159,21.1844,18.2671,12.1261,0.527248,224.333,220.379,216.67,212.04
38.66598296165466,0.39375019110739234,0.9999847412109375,0.0,5,-0.0243571,5.0,16710.0,243.815,-12.8415,5.19009,4.15159,111.092,61.6748,42.8319,36.3042,33.7651,32.5596,31.5781,30.9153,30.282,29.6764,29.0966,28.3256,27.4978,26.0825,23.6931,20.6661,17.7259,11.8843,0.523779,223.618,219.432,221.003,221.003
38.68692421913147,0.39375019110739234,0.9999847412109375,0.0,5,0.00278902,5.0,16701.0,243.771,-12.9133,5.85905,4.38372,114.108,64.2996,43.3148,36.3282,33.6482,32.383,31.3564,30.6648,30.0053,29.3758,28.7743,27.9758,27.1208,25.6636,23.2174,20.1426,17.1805,11.6061,0.514084,223.198,218.956,220.929,220.929
38.70463228225708,0.39375019110739234,0.9999847412109375,0.0,5,0.0310993,5.0,16674.4,243.738,-12.4715,6.67621,4.70857,117.045,67.0801,43.7307,36.2801,33.4629,32.1407,31.0714,30.3529,29.6691,29.0176,28.3962,27.573,26.6936,25.1999,22.7064,19.5965,16.625,11.2902,0.498302,222.892,218.796,220.577,220.577
38.725205183029175,0.39375019110739234,0.9999847412109375,0.0,5,0.0592561,5.0,16652.0,243.688,-11.8881,7.58178,5.13264,120.352,70.5859,44.2906,36.3025,33.33,31.9439,30.8271,30.0786,29.3679,28.692,28.0487,27.1984,26.2924,24.759,22.2144,19.0671,16.0859,10.949,0.476686,222.78,218.752,220.277,220.277
38.74558424949646,0.39375019110739234,0.9999847412109375,0.0,5,0.0878291,5.0,16612.3,243.675,-11.1773,8.52521,5.68202,123.802,74.7051,44.8936,36.3225,33.1874,31.7353,30.5698,29.7911,29.0531,28.353,27.6879,26.8108,25.8786,24.3069,21.7149,18.536,15.5513,10.5797,0.449305,222.704,218.788,219.784,219.784
38.76614284515381,0.3875495925545693,0.9999847412109375,0.0,5,0.118129,5.0,16580.9,243.695,-9.97334,9.54599,6.40715,126.718,78.5669,45.2388,36.148,32.8773,31.372,30.1683,29.3661,28.6076,27.8894,27.2084,26.3122,25.3622,23.7659,21.1482,17.9626,14.9958,10.1765,0.41629,222.558,218.972,219.335,219.335
38.785314083099365,0.3813982043415308,0.9999847412109375,0.0,5,0.147854,5.0,16575.0,243.663,-8.6227,10.6968,7.26872,130.091,82.0239,45.7831,36.0719,32.6424,31.0752,29.827,28.9977,28.2153,27.476,26.7765,25.8582,24.8873,23.262,20.613,17.4161,14.4642,9.75481,0.37776,222.639,219.246,219.242,219.242
38.806092977523804,0.3813982043415308,0.9999847412109375,0.0,5,0.174867,5.0,16584.7,243.624,-8.04484,11.699,8.02476,134.936,85.8185,47.1115,36.431,32.7509,31.0848,29.7647,28.8909,28.069,27.2946,26.5638,25.6072,24.5993,22.9199,20.2038,16.9601,13.9967,9.32805,0.33377,222.996,219.348,219.367,219.367
38.825013637542725,0.375296026468277,0.9999847412109375,0.0,5,0.200767,5.0,16543.0,243.658,-7.67502,12.774,8.68633,140.345,89.2626,48.9954,37.0427,33.0446,31.2541,29.8439,28.9147,28.0436,27.2255,26.4558,25.4516,24.3977,22.6511,19.8508,16.5452,13.5608,8.9168,0.284333,223.206,219.373,218.832,218.832
38.8467972278595,0.36323930174112323,0.9999847412109375,0.0,5,0.227651,5.0,16548.8,243.683,-7.10278,13.7665,9.29547,72.6213,91.7539,50.8848,37.5674,33.2491,31.3367,29.8396,28.8575,27.9401,27.0812,26.2754,25.2278,24.1326,22.3271,19.4568,16.1066,13.1161,8.51794,0.229559,223.215,219.561,218.886,218.886
38.86742615699768,0.35137941837310793,0.9999847412109375,0.0,5,0.254555,5.0,16573.2,243.73,-6.76502,14.4639,9.84887,64.9559,93.793,53.0525,38.1427,33.472,31.4282,29.8387,28.8008,27.8348,26.9335,26.0906,24.9986,23.8616,21.9973,19.0594,15.6696,12.6785,8.13448,0.169343,223.275,219.799,219.207,219.207
38.887104511260986,0.3455232921987772,0.9999847412109375,0.0,5,0.242527,5.0,16593.3,243.835,-6.63204,14.8504,10.3638,60.1785,95.3323,55.3544,38.6722,33.6365,31.4603,29.7792,28.6869,27.6739,26.732,25.854,24.7205,23.545,21.6283,18.6337,15.2176,12.237,7.76203,0.10768,223.33,220.05,219.482,219.482
38.904884338378906,0.33971637636423113,0.9999847412109375,0.0,5,0.232236,5.0,16636.5,243.974,-6.46647,14.9128,10.8652,57.5364,96.2555,57.2795,38.907,33.5578,31.2732,29.5195,28.3851,27.3367,26.3649,25.4616,24.2993,23.0985,21.15,18.1297,14.7189,11.7724,7.3944,0.0486093,223.3,220.31,220.011,220.011
38.92584204673767,0.33971637636423113,0.9999847412109375,0.0,5,0.223262,5.0,16708.9,244.124,-6.44718,14.559,11.3505,55.9446,96.8458,58.9617,38.9292,33.304,30.9288,29.1166,27.9493,26.874,25.8803,24.9593,23.7777,22.5612,20.5963,17.5727,14.19,11.2943,7.03238,-0.00829482,223.279,220.563,220.972,220.972
38.945170640945435,0.3225908908993006,0.9999847412109375,0.0,5,0.214972,5.0,16773.3,244.308,-6.53826,13.9706,11.8157,54.8255,97.275,60.6439,38.8498,32.9593,30.5011,28.6369,27.4414,26.3436,25.3321,24.3972,23.2015,21.9746,20.0021,16.9883,13.647,10.8117,6.67674,-0.0633975,223.286,220.776,221.829,221.829
38.967124462127686,0.31141995228827,0.9999847412109375,0.0,5,0.207026,5.0,16817.6,244.519,-6.64905,13.3012,12.2582,53.9263,97.6447,62.5227,38.7395,32.5751,30.0345,28.1199,26.8976,25.7791,24.7516,23.8047,22.5973,21.3628,19.3874,16.3908,13.0989,10.3299,6.32816,-0.116849,223.394,221.049,222.436,222.436
38.985135316848755,0.2950326219201088,0.9999847412109375,0.0,5,0.19964,5.0,16836.7,244.77,-6.70868,12.6025,12.6845,53.2896,97.8635,64.2383,38.5257,32.1007,29.4861,27.5285,26.2845,25.1499,24.1109,23.1561,21.9424,20.7058,18.7361,15.7693,12.5392,9.84505,5.98546,-0.168727,223.543,221.355,222.701,222.701
39.007012605667114,0.2790881846100092,0.9999847412109375,0.0,5,0.192744,5.0,16844.3,245.032,-6.57554,11.9795,13.0948,52.8403,97.9419,65.2387,38.2127,31.541,28.8614,26.8684,25.6076,24.4616,23.4155,22.4569,21.2421,20.0087,18.0531,15.1279,11.9707,9.35909,5.64907,-0.219053,223.762,221.754,222.783,222.783
39.02668571472168,0.2790881846100092,0.9999847412109375,0.0,5,0.184956,5.0,16909.3,245.219,-6.61593,11.3093,13.4627,52.0525,98.4269,66.4558,38.2413,31.192,28.407,26.3524,25.06,23.8902,22.8263,21.8548,20.6283,19.3884,17.4329,14.5324,11.4339,8.89548,5.32486,-0.267755,224.115,222.176,223.651,223.651
39.045405626297,0.2790881846100092,0.9999847412109375,0.0,5,0.175443,5.0,16911.4,245.45,-6.91681,10.7746,13.7713,50.719,99.7259,68.212,38.9951,31.2823,28.3043,26.1317,24.7756,23.555,22.4506,21.4467,20.1857,18.9179,16.9329,14.0205,10.9505,8.46651,5.01588,-0.314769,224.538,222.437,223.701,223.701
39.06512427330017,0.2738717928528786,0.9999847412109375,0.0,5,0.164639,5.0,16908.9,245.67,-7.37364,10.345,14.0277,49.0935,101.784,70.1891,40.5637,31.8177,28.5431,26.189,24.734,23.4339,22.2653,21.2092,19.891,18.5749,16.5328,13.5765,10.5106,8.06652,4.72161,-0.359878,224.956,222.605,223.661,223.661
39.086628913879395,0.2738717928528786,0.9999847412109375,0.0,5,0.153117,5.0,16912.0,245.872,-7.90934,9.96549,14.2443,47.4131,104.477,72.136,43.0472,32.7813,29.0893,26.4835,24.8931,23.4845,22.2284,21.1014,19.7052,18.323,16.201,13.177,10.0992,7.68687,4.44022,-0.403026,225.323,222.75,223.701,223.701
39.10728311538696,0.2738717928528786,0.9999847412109375,0.0,5,0.141981,5.0,16915.9,246.079,-8.33977,9.58944,14.4425,45.9664,107.347,73.703,46.2585,33.9699,29.7613,26.8545,25.1052,23.5716,22.2161,21.0096,19.5275,18.0736,15.8671,12.7751,9.68965,7.31326,4.16909,-0.444086,225.542,222.902,223.752,223.752
39.12708640098572,0.2687046114355326,0.9999847412109375,0.0,5,0.131608,5.0,16926.5,246.283,-8.52934,9.23523,14.6305,44.7883,110.129,74.8498,50.2261,35.3028,30.4807,27.2305,25.3054,23.6362,22.1752,20.8858,19.3158,17.7907,15.5039,12.3543,9.27348,6.94165,3.90754,-0.483042,225.679,223.091,223.866,223.866
39.14515686035156,0.2635866403579712,0.9999847412109375,0.0,5,0.1215,5.0,16960.6,246.461,-8.6871,8.81973,14.7992,43.7222,112.904,75.7999,54.7873,37.0348,31.416,27.7381,25.5998,23.7692,22.1845,20.7994,19.1297,17.5252,15.1506,11.9404,8.86603,6.5808,3.65778,-0.519858,225.825,223.306,224.332,224.332
39.165483236312866,0.25851787962019446,0.9999847412109375,0.0,5,0.11141,5.0,16974.0,246.661,-8.81997,8.42336,14.9451,42.7023,115.792,76.6528,57.6792,39.4636,32.7338,28.4876,26.074,24.0391,22.3004,20.7978,19.0072,17.3074,14.8289,11.5467,8.47459,6.23473,3.42061,-0.554558,226.002,223.521,224.517,224.517
39.18569755554199,0.25851787962019446,0.9999847412109375,0.0,5,0.101465,5.0,16983.1,246.865,-8.89662,8.04522,15.071,41.7436,118.715,77.4875,59.7526,42.8622,34.5367,29.5237,26.7525,24.4585,22.5284,20.8821,18.9463,17.1342,14.5353,11.1707,8.09827,5.90332,3.19629,-0.587096,226.194,223.749,224.639,224.639
39.205073833465576,0.25349832922220233,0.9999847412109375,0.0,5,0.0916755,5.0,16990.0,247.071,-8.89326,7.69964,15.1778,40.8378,121.659,78.4008,61.3712,47.7852,37.041,30.9526,27.7026,25.0718,22.899,21.0743,18.9615,17.015,14.2751,10.8153,7.73893,5.58781,2.98522,-0.617458,226.373,223.968,224.731,224.731
39.225080728530884,0.25349832922220233,0.9999847412109375,0.0,5,0.0819108,5.0,16995.3,247.279,-8.85898,7.37915,15.2632,39.955,124.701,79.4478,62.7307,51.6443,40.7251,33.0141,29.0833,25.9907,23.4941,21.4366,19.0978,16.9831,14.0697,10.4926,7.40319,5.29202,2.78857,-0.645577,226.585,224.208,224.803,224.803
39.24770522117615,0.25349832922220233,0.9999847412109375,0.0,5,0.072354,5.0,16994.4,247.497,-8.76356,7.08355,15.3313,39.1193,127.719,80.5783,63.839,53.9876,46.0124,35.9233,31.0017,27.2678,24.3384,21.9789,19.3546,17.0333,13.9123,10.1976,7.08869,5.01494,2.60613,-0.671465,226.777,224.435,224.798,224.798
39.266152143478394,0.2485279891639948,0.9999847412109375,0.0,5,0.0632302,5.0,16994.9,247.718,-8.55203,6.81361,15.3862,38.3544,130.56,81.7104,64.6773,55.6135,49.3275,39.9795,33.5832,28.9533,25.4468,22.6996,19.7214,17.1526,13.7918,9.92443,6.79345,4.75611,2.43812,-0.695083,226.951,224.676,224.798,224.798
39.287922620773315,0.24360685944557192,0.9999847412109375,0.0,5,0.054435,5.0,17001.4,247.939,-8.27398,6.54905,15.4267,37.6356,133.278,82.8809,65.3207,56.8288,51.3402,44.8978,37.2342,31.2696,26.9539,23.6866,20.2522,17.3761,13.7282,9.68358,6.52288,4.51842,2.28509,-0.716447,227.144,224.946,224.881,224.881
39.30669546127319,0.22913873232901097,0.9999847412109375,0.0,5,0.045727,5.0,17010.5,248.16,-7.99211,6.28826,15.449,36.9258,136.022,84.1962,65.8641,57.8269,52.8509,47.6139,42.4487,34.7107,29.1524,25.1301,21.0639,17.7794,13.7632,9.49461,6.28614,4.30634,2.14794,-0.735556,227.373,225.229,225.0,225.0
39.3274130821228,0.21053684093058112,0.9999847412109375,0.0,5,0.0361897,5.0,17022.1,248.361,-7.74145,6.15619,15.4379,36.1131,139.396,86.1194,66.5924,58.9454,54.3718,49.8274,45.9794,40.7556,33.0918,27.7124,22.5772,18.6343,14.0435,9.42199,6.11047,4.13238,2.02923,-0.752357,227.762,225.556,225.152,225.152
39.34631133079529,0.19272231496870518,0.9999847412109375,0.0,5,0.0252115,5.0,17036.4,248.554,-7.84838,6.03151,15.3842,35.1444,143.826,89.1146,67.8582,60.3497,56.1146,52.0593,48.8416,45.1487,40.3476,32.8103,25.5114,20.3432,14.7491,9.5295,6.01891,4.00635,1.93101,-0.766763,228.254,225.813,225.34,225.34
39.36513423919678,0.18411031402647496,0.9999847412109375,0.0,5,0.0141374,5.0,17008.5,248.798,-7.94773,6.00988,15.3111,34.1881,148.424,92.6719,69.3631,61.6272,57.6507,53.9283,51.0685,47.9577,44.4368,40.0486,30.313,22.992,15.8318,9.76928,5.98745,3.91716,1.85143,-0.778744,228.658,226.102,224.992,224.992
39.38782525062561,0.17987812906503678,0.9999847412109375,0.0,5,0.00442379,5.0,17006.8,249.036,-7.71505,6.02027,15.2413,33.3852,152.19,95.7026,70.6306,62.4378,58.6302,55.1309,52.4888,49.6829,46.6421,43.2231,36.8368,26.4491,17.131,10.0633,5.98664,3.8532,1.78898,-0.788236,228.875,226.481,224.953,224.953
39.40687322616577,0.16747683621943,0.9999847412109375,0.0,5,-0.00421507,5.0,17019.2,249.276,-7.29256,5.99629,15.1697,32.686,155.295,98.2199,71.7012,63.0383,59.2173,55.8846,53.3959,50.7894,48.0252,45.0355,40.1779,31.1689,18.7382,10.4373,6.02742,3.81961,1.74446,-0.795282,229.026,226.861,225.111,225.111
39.426042795181274,0.15945535935461522,0.9999847412109375,0.0,5,-0.0125149,5.0,17041.0,249.511,-6.82153,5.97927,15.0858,32.0116,158.226,100.636,72.8168,63.6542,59.6664,56.4541,54.0885,51.6344,49.0679,46.3512,42.1633,36.1998,20.9557,10.9657,6.13363,3.82542,1.7188,-0.799988,229.27,227.267,225.395,225.395
39.44675827026367,0.1555184364318848,0.9999847412109375,0.0,5,-0.0230172,5.0,17064.7,249.718,-6.65531,6.12122,14.9523,31.1407,162.814,104.531,75.0827,65.1138,60.8234,57.5165,55.2707,52.9607,50.5723,48.0855,44.3772,39.6082,25.3662,11.9867,6.40215,3.90689,1.71811,-0.802233,229.801,227.46,225.708,225.708
39.46780824661255,0.15163072384893894,0.9999847412109375,0.0,5,-0.0353544,5.0,17074.7,249.932,-7.00959,6.24361,14.7771,30.1344,169.346,109.735,78.6487,67.4857,62.7527,59.1332,56.7983,54.6002,52.3621,50.0587,46.6939,42.5649,32.8941,13.7032,6.85997,4.06996,1.74307,-0.801967,230.261,227.502,225.919,225.919
39.489625215530396,0.14779222160577773,0.9999847412109375,0.0,5,-0.0466579,5.0,17027.0,250.218,-6.97182,6.59612,14.6004,29.2281,175.869,114.438,82.3499,69.8764,64.6697,60.7207,58.1878,55.8619,53.6996,51.5266,48.3899,44.6277,36.6717,15.981,7.43945,4.28889,1.79053,-0.799056,230.461,227.773,225.228,225.228
39.50601124763489,0.14779222160577773,0.9999847412109375,0.0,5,-0.0558341,5.0,17036.3,250.464,-6.51302,6.89581,14.4351,28.4811,181.227,117.881,85.3131,71.7612,66.1298,61.8899,59.185,56.7107,54.4389,52.3277,49.3509,45.8263,38.6717,18.6923,8.09867,4.55061,1.85901,-0.793481,230.497,228.204,225.338,225.338
39.52812337875366,0.14400292970240117,0.9999847412109375,0.0,5,-0.0639175,5.0,17063.0,250.707,-5.96229,7.07774,14.2676,27.8046,61.9059,120.693,87.7653,73.449,67.4028,62.8836,60.0148,57.4004,55.0084,52.8116,49.9408,46.5978,39.9718,22.113,8.87858,4.8674,1.94925,-0.785421,230.58,228.585,225.678,225.678
39.54617404937744,0.14400292970240117,0.9999847412109375,0.0,5,-0.0728448,5.0,17097.1,250.928,-5.50304,7.34799,14.0742,27.0754,49.5709,124.134,90.8231,75.8552,69.255,64.3649,61.2798,58.4809,55.9309,53.5978,50.6465,47.4601,41.2543,26.6693,9.9147,5.27606,2.06508,-0.774986,230.922,228.853,226.13,226.13
39.56722664833069,0.13657197691500186,0.9999847412109375,0.0,5,-0.085398,5.0,17129.9,251.121,-5.79114,7.69672,13.8222,26.1251,43.1413,130.089,96.2163,80.7174,73.1822,67.5992,64.1115,60.9705,58.1271,55.5411,52.2909,49.0214,43.1801,30.4989,11.5436,5.85973,2.21698,-0.761964,231.566,228.745,226.565,226.565
39.585453033447266,0.13293031603097916,0.9999847412109375,0.0,5,-0.0991977,5.0,17083.0,251.387,-6.35491,8.1797,13.5434,25.127,39.4641,137.001,102.581,86.6305,78.6231,72.1078,68.048,64.4258,61.174,58.2389,54.5796,50.9319,45.1427,33.5475,13.8342,6.60802,2.40216,-0.746331,231.961,228.784,226.01,226.01
39.60612893104553,0.12933786548674106,0.9999847412109375,0.0,5,-0.110133,5.0,17070.8,251.638,-6.10798,8.84129,13.2818,24.312,37.4015,142.07,107.317,91.0854,82.8857,76.0297,71.4352,67.3539,63.7181,60.4592,56.4263,52.4383,46.3243,35.4331,16.4709,7.43373,2.61236,-0.727834,231.927,229.257,225.798,225.798
39.627795457839966,0.12230059541761876,0.9999847412109375,0.0,5,-0.118606,5.0,17091.5,251.88,-5.48264,9.3601,13.0307,23.6375,36.1145,145.524,110.589,94.1955,85.8826,78.911,74.1263,69.6447,65.6725,62.1332,57.7812,53.5076,47.0134,36.5594,19.3632,8.32703,2.84627,-0.706612,231.872,229.76,226.056,226.056
39.64857602119446,0.11885577589273454,0.9999847412109375,0.0,5,-0.126256,5.0,17133.4,252.116,-4.96084,9.65673,12.7737,23.0107,35.0579,148.509,113.398,96.8869,88.4909,81.4329,76.5777,71.8944,67.5733,63.7467,59.0711,54.5116,47.6422,37.3761,21.6544,9.32826,3.10592,-0.682969,231.997,230.152,226.605,226.605
39.66639447212219,0.1088165793567896,0.9999847412109375,0.0,5,-0.136388,5.0,17172.6,252.322,-4.72471,10.1972,12.4788,22.2626,33.515,153.687,117.881,101.186,92.6609,85.468,80.5041,75.7005,71.0716,66.7613,61.5392,56.4988,49.0002,38.527,23.7788,10.6108,3.40563,-0.65694,232.577,230.215,227.126,227.126
39.68586874008179,0.10236983336508275,0.9999847412109375,0.0,5,-0.149501,5.0,17204.2,252.529,-5.35568,10.6648,12.1444,21.3838,31.5565,162.095,124.405,107.464,98.7648,91.3913,86.2806,81.3147,76.5077,71.873,65.8001,59.9499,51.4075,40.0659,25.9677,12.3098,3.75382,-0.628434,233.158,230.137,227.563,227.563
39.70792841911316,0.09611992873251439,0.9999847412109375,0.0,5,-0.161244,5.0,17122.6,252.852,-5.4349,11.5469,11.8107,20.5878,29.9907,170.54,130.121,113.006,104.181,96.6746,91.4547,86.3679,81.4261,76.6439,70.2406,63.5425,53.8523,41.3344,27.6796,14.2101,4.13434,-0.597307,233.26,230.514,226.497,226.497
39.72774624824524,0.09611992873251439,0.9999847412109375,0.0,5,-0.169245,5.0,17132.5,253.111,-4.7445,12.3811,11.4945,19.9643,29.0285,176.221,133.414,116.236,107.363,99.8038,94.5385,89.3998,84.3996,79.5508,73.042,66.0438,55.4673,42.0806,28.692,15.7014,4.53241,-0.563453,233.109,231.153,226.605,226.605
39.74736785888672,0.09611992873251439,0.9999847412109375,0.0,5,-0.175586,5.0,17172.7,253.36,-4.01811,12.9315,11.178,19.415,28.3048,180.657,135.637,118.446,109.557,101.976,96.6931,91.5315,86.504,81.6234,75.0615,67.9897,56.7384,42.6178,29.3647,16.8695,4.95317,-0.527209,233.136,231.599,227.119,227.119
39.76659107208252,0.09306879192590714,0.9999847412109375,0.0,5,-0.182499,5.0,17221.1,253.596,-3.56142,13.3628,10.8459,18.8483,27.5152,186.306,138.273,121.052,112.141,104.534,99.2269,94.0369,88.9757,84.0563,77.4306,70.271,58.4195,43.3701,30.0116,17.9205,5.40766,-0.488946,233.449,231.833,227.763,227.763
39.78667974472046,0.09306879192590714,0.9999847412109375,0.0,5,-0.192869,5.0,17261.9,253.818,-3.79867,13.9395,10.4776,18.1498,26.3049,65.09,143.618,125.93,116.949,109.268,103.897,98.6357,93.4936,88.4831,81.7128,74.3618,61.847,45.0314,30.9889,19.097,5.92429,-0.448585,234.139,231.7,228.307,228.307
39.80584144592285,0.09306879192590714,0.9999847412109375,0.0,5,-0.204848,5.0,17219.2,254.109,-4.40101,14.5936,10.0894,17.4059,24.9736,54.6123,150.981,131.908,122.846,115.077,109.633,104.288,99.0518,93.9355,86.9976,79.4252,66.4105,47.3746,32.0619,20.2833,6.49721,-0.406064,234.516,231.723,227.879,227.879
39.82585310935974,0.09306879192590714,0.9999847412109375,0.0,5,-0.214085,5.0,17198.1,254.393,-4.11854,15.5934,9.71187,16.7759,23.9917,49.1654,156.945,136.207,127.042,119.231,113.751,108.363,103.078,97.9052,90.8752,83.1776,69.868,49.3438,32.8024,21.1799,7.07042,-0.361046,234.459,232.269,227.48,227.48
39.84586048126221,0.09306879192590714,0.9999847412109375,0.0,5,-0.220951,5.0,17229.3,254.639,-3.53712,16.3642,9.35303,16.237,23.2682,46.0565,161.325,139.217,129.744,121.925,116.435,111.035,105.734,100.542,93.4763,85.726,72.2797,50.8846,33.3434,21.8267,7.59684,-0.313683,234.415,232.754,227.868,227.868
39.86539268493652,0.09306879192590714,0.9999847412109375,0.0,5,-0.227402,5.0,17285.9,254.87,-3.22109,16.7242,9.00339,15.7209,22.5989,43.504,165.729,142.198,132.222,124.374,118.881,113.475,108.164,102.96,95.8703,88.0821,74.5314,52.4994,33.9079,22.3727,8.09097,-0.264333,234.564,233.043,228.612,228.612
39.884538650512695,0.09306879192590714,0.9999847412109375,0.0,5,-0.235531,5.0,17337.1,255.09,-3.17868,17.1487,8.65186,15.1594,21.7873,40.4684,172.499,146.844,136.087,127.904,122.392,116.963,111.627,106.39,99.2469,91.3835,77.645,54.9361,34.7913,22.9698,8.57678,-0.213176,235.034,233.113,229.295,229.295
39.90474581718445,0.09306879192590714,0.9999847412109375,0.0,5,-0.235898,5.0,17379.5,255.304,-3.84548,17.5307,8.29059,14.5124,20.7297,36.7197,185.132,154.835,142.762,133.663,127.854,122.376,116.984,111.684,104.438,96.4355,82.3668,58.7561,36.2701,23.7183,9.07629,-0.161002,235.583,232.991,229.862,229.862
39.92614722251892,0.09006686545908452,0.9999847412109375,0.0,5,-0.232893,5.0,17298.3,255.629,-4.29258,18.2643,7.93666,13.8801,19.714,33.5445,62.3557,164.206,150.514,140.3,133.826,127.932,122.463,117.107,109.768,101.637,87.2631,62.7928,37.9846,24.4209,9.5574,-0.109908,235.812,233.195,228.831,228.831
39.94540238380432,0.08711414933204652,0.9999847412109375,0.0,5,-0.2268,5.0,17307.5,255.873,-3.91061,19.158,7.60441,13.3481,18.9641,31.5415,53.9151,171.545,156.475,145.33,138.305,131.939,126.141,120.746,113.37,105.185,90.669,65.7424,39.3852,24.9455,9.98156,-0.0597242,235.721,233.757,228.919,228.919
39.96531009674072,0.07579538822174073,0.9999847412109375,0.0,5,-0.220805,5.0,17343.9,256.081,-3.4931,20.1487,7.27652,12.8181,18.2138,29.643,48.3048,181.177,163.376,151.12,143.446,136.524,130.248,124.533,117.108,108.871,94.2185,68.8457,41.0122,25.5564,10.3892,-0.0105146,235.992,234.008,229.385,229.385
39.98521971702576,0.06782302595674992,0.9999847412109375,0.0,5,-0.215491,5.0,17377.0,256.3,-3.63843,20.8438,6.95191,12.2782,17.4294,27.7333,43.433,199.221,172.246,158.41,149.899,142.265,135.38,129.141,121.328,113.029,98.2217,72.3515,43.0266,26.3058,10.7871,0.0374908,236.287,234.154,229.884,229.884
40.005291223526,0.05320698060095311,0.9999847412109375,0.0,5,-0.208371,5.0,17344.5,256.595,-3.37107,21.8031,6.64346,11.7964,16.7844,26.2656,40.0076,56.1393,181.619,164.752,155.461,147.172,139.734,133.02,124.651,116.202,101.319,75.1622,44.8891,26.9931,11.1402,0.0841866,236.347,234.618,229.407,229.407
40.02849316596985,0.046563297510147095,0.9999847412109375,0.0,5,-0.199029,5.0,17383.6,256.833,-2.91189,22.5606,6.35356,11.3813,16.2972,25.2004,37.7084,50.9177,190.878,169.37,159.349,150.561,142.702,135.632,126.849,118.126,103.255,77.0437,46.3959,27.5603,11.4408,0.129398,236.366,235.127,229.908,229.908
40.04809522628784,0.03101206421852112,0.9999847412109375,0.0,5,-0.189235,5.0,17432.1,257.07,-2.65036,23.0382,6.07632,10.991,15.8267,24.2024,35.6671,47.0514,67.527,174.598,163.17,153.872,145.588,138.16,128.966,119.871,104.986,78.7606,47.8406,28.1462,11.7113,0.172747,236.554,235.405,230.553,230.553
40.06710720062256,0.024417495727539065,0.9999847412109375,0.0,5,-0.178598,5.0,17422.6,257.372,-2.49763,23.447,5.81578,10.64,15.3895,23.3233,33.961,44.1481,56.127,180.008,166.535,156.651,147.987,140.242,130.685,121.261,106.29,80.1253,49.0844,28.7049,11.944,0.213922,236.726,235.753,230.467,230.467
40.086617946624756,0.019988277927041054,0.9999847412109375,0.0,5,-0.166239,5.0,17457.5,257.638,-2.11751,23.795,5.57723,10.3533,15.0345,22.6653,32.774,42.3014,52.5999,183.472,168.277,157.845,148.968,141.048,131.293,121.695,106.69,80.7417,49.8824,29.1394,12.1264,0.252711,236.816,236.206,230.893,230.893
40.10572409629822,0.014771598950028421,0.9999847412109375,0.0,5,-0.152964,5.0,17495.9,257.906,-1.74986,23.9152,5.3588,10.1161,14.712,22.1023,31.8155,40.8945,50.4005,185.747,169.084,158.196,149.2,141.181,131.318,121.629,106.632,80.9739,50.4416,29.5156,12.2694,0.28889,236.959,236.548,231.404,231.404
40.12897706031799,0.011375798285007477,0.9999847412109375,0.0,5,-0.139165,5.0,17528.4,258.184,-1.45031,23.9019,5.16106,9.91623,14.4025,21.5828,30.9663,39.6986,48.7384,187.319,169.353,158.085,149.018,140.946,131.026,121.292,106.329,80.9968,50.8608,29.8645,12.3822,0.322208,237.154,236.854,231.836,231.836
40.14809536933899,0.0075370088219642644,0.9999847412109375,0.0,5,-0.124964,5.0,17558.9,258.465,-1.20186,23.8034,4.98509,9.71999,14.1007,21.0917,30.1898,38.6475,47.4068,188.253,169.189,157.635,148.531,140.437,130.497,120.752,105.848,80.8658,51.1717,30.1937,12.4914,0.35251,237.372,237.151,232.246,232.246
40.16657853126526,0.005174625292420388,0.9999847412109375,0.0,5,-0.110387,5.0,17577.7,258.762,-0.990133,23.6075,4.8326,9.52532,13.8073,20.6273,29.4784,37.7267,46.3559,188.39,168.583,156.862,147.753,139.668,129.746,120.023,105.203,80.5938,51.3814,30.5017,12.6001,0.379635,237.586,237.435,232.496,232.496
40.189358949661255,0.0032551348209381107,0.9999847412109375,0.0,5,-0.0953258,5.0,17596.3,259.061,-0.771556,23.326,4.70583,9.3361,13.5295,20.2041,28.8587,36.9881,45.7008,187.116,167.31,155.622,146.567,138.537,128.683,119.029,104.341,80.1362,51.4617,30.7726,12.7058,0.403447,237.8,237.738,232.742,232.742
40.20838522911072,0.0017785374075174332,0.9999847412109375,0.0,5,-0.079985,5.0,17696.3,259.282,-0.576083,22.8533,4.60428,9.14835,13.2577,19.7988,28.2808,36.3495,45.2775,185.087,165.689,154.139,145.171,137.219,127.46,117.899,103.366,79.5811,51.4657,31.0251,12.8106,0.423851,238.033,238.031,234.001,234.001
40.22638535499573,0.0004986856132745743,0.9999847412109375,0.0,5,-0.0646723,5.0,17711.2,259.586,-0.45063,22.3207,4.508,8.95616,12.9781,19.3789,27.6766,35.6841,44.8129,183.348,164.202,152.749,143.857,135.973,126.298,116.821,102.432,79.0515,51.4671,31.2899,12.9179,0.440753,238.263,238.257,234.291,234.291
40.24468684196472,0.0,0.9999847412109375,0.0,5,-0.0513681,5.0,17693.9,259.935,-0.350645,21.6247,4.41137,8.76499,12.7021,18.9688,27.0949,35.0874,44.5361,181.216,162.525,151.225,142.427,134.624,125.05,115.669,101.436,78.4647,51.4178,31.5301,13.0244,0.454107,238.475,238.478,234.049,234.049
40.26773285865784,-0.0004978239536285401,0.9999847412109375,0.0,5,-0.0511296,5.0,17735.4,260.231,-0.231172,20.9082,4.31466,8.57607,12.432,18.5742,26.5472,34.5904,44.5692,178.559,160.58,149.51,140.831,133.127,123.673,114.408,100.353,77.8009,51.3059,31.7278,13.1292,0.466189,238.739,238.761,234.404,234.404
40.285470724105835,-0.0013833228498697282,0.9999847412109375,0.0,5,-0.0509184,5.0,17976.8,260.315,-0.138887,19.7013,4.21748,8.3857,12.1593,18.1743,25.9895,34.1054,44.7443,176.053,158.69,147.831,139.266,131.659,122.32,113.166,99.284,77.1427,51.1804,31.9054,13.2346,0.478312,238.965,238.996,237.685,237.685
40.30778527259827,-0.0017769098281860353,0.9999847412109375,0.0,5,-0.0508454,5.0,17949.1,260.667,-0.0994529,18.8703,4.11948,8.19178,11.8792,17.7582,25.409,33.5848,44.9464,173.982,157.012,146.302,137.832,130.306,121.067,112.011,98.2786,76.5286,51.0668,32.075,13.3424,0.490469,239.21,239.224,237.504,237.504
40.326117277145386,-0.0017769098281860353,0.9999847412109375,0.0,5,-0.0507405,5.0,17841.6,261.098,-0.0690276,18.393,4.0213,7.99789,11.5996,17.3438,24.8508,33.1104,45.5586,171.842,155.29,144.74,136.367,128.927,119.792,110.836,97.2565,75.8931,50.9264,32.2196,13.45,0.502659,239.584,239.609,236.059,236.059
40.348121643066406,-0.0017769098281860353,0.9999847412109375,0.0,5,-0.0505603,5.0,17783.6,261.481,-0.0256283,17.9672,3.92311,7.80483,11.3222,16.935,24.3245,32.7093,47.2487,169.528,153.464,143.102,134.838,127.488,118.465,109.617,96.199,75.2238,50.7506,32.3352,13.5567,0.514881,239.911,239.95,235.257,235.257
40.36563563346863,-0.0017769098281860353,0.9999847412109375,0.0,5,-0.0503467,5.0,17787.1,261.802,0.0135169,17.7637,3.82501,7.61225,11.0458,16.5286,23.8242,32.3731,198.931,167.162,151.598,141.433,133.278,126.024,117.115,108.379,95.126,74.5346,50.5499,32.4268,13.6628,0.527103,240.263,240.315,235.167,235.167
40.388246059417725,-0.0017769098281860353,0.9999847412109375,0.0,5,-0.0500897,5.0,17842.9,262.061,0.0537228,17.4415,3.72714,7.42049,10.7711,16.1257,23.3554,32.1159,196.473,164.733,149.682,139.724,131.684,124.528,115.739,107.118,94.0348,73.8239,50.3223,32.4939,13.7681,0.53931,240.533,240.593,236.02,236.02
40.40581393241882,-0.0017769098281860353,0.9999847412109375,0.0,5,-0.0498255,5.0,17839.5,262.381,0.0847575,17.3032,3.62932,7.22876,10.4963,15.7226,22.9107,31.9327,193.986,162.327,147.766,138.012,130.086,123.029,114.359,105.852,92.9411,73.1039,50.0768,32.5411,13.8732,0.551509,240.828,240.89,235.975,235.975
40.42854380607605,-0.0013833228498697282,0.9999847412109375,0.0,5,-0.0495713,5.0,17837.5,262.697,0.104208,17.2837,3.53162,7.037,10.2212,15.3182,22.491,31.831,191.506,159.981,145.872,136.314,128.499,121.539,112.988,104.595,91.8526,72.3806,49.8175,32.5703,13.9781,0.563683,241.124,241.184,235.946,235.946
40.44594717025757,0.0,0.9999847412109375,0.0,5,-0.0493892,5.0,17841.5,263.005,0.112224,17.3108,3.43395,6.84437,9.94373,14.9104,22.0842,31.7905,189.167,157.812,144.076,134.687,126.973,120.104,111.663,103.377,90.7938,71.6739,49.5556,32.5877,14.0837,0.575819,241.416,241.46,235.994,235.994
40.46759510040283,0.0013847589492797852,0.9999847412109375,0.0,5,-0.0493248,5.0,17858.3,263.3,0.100415,17.3927,3.33605,6.64992,9.66202,14.5088,21.6818,31.7908,187.07,155.895,142.427,133.168,125.546,118.757,110.412,102.222,89.7838,70.9961,49.3009,32.5986,14.191,0.587937,241.711,241.728,236.189,236.189
40.484614849090576,0.005174625292420388,0.9999847412109375,0.0,5,-0.0493773,5.0,17883.1,263.584,0.0754744,17.4359,3.23782,6.45358,9.37612,14.1152,21.2848,31.8444,185.219,154.216,140.921,131.756,124.212,117.493,109.235,101.13,88.8211,70.3469,49.053,32.6033,14.3001,0.60005,241.988,241.978,236.536,236.536
40.50720739364624,0.01034228540956974,0.9999847412109375,0.0,5,-0.0496872,5.0,17901.3,263.874,0.0396046,17.4838,3.1387,6.25294,9.08101,13.7184,20.8614,31.8363,183.919,153.037,139.724,130.576,123.083,116.413,108.216,100.172,87.9619,69.7671,48.8368,32.6153,14.4117,0.612185,242.283,242.214,236.778,236.778
40.524497985839844,0.014771598950028421,0.9999847412109375,0.0,5,-0.0504554,5.0,17919.6,264.16,-0.0360105,17.587,3.03765,6.04426,8.76962,13.3012,20.3633,31.5391,183.588,152.785,139.089,129.813,122.321,115.659,107.478,99.4563,87.2875,69.3135,48.6898,32.6539,14.5228,0.62441,242.612,242.434,237.02,237.02
40.54608178138733,0.017281517758965494,0.9999847412109375,0.0,5,-0.051883,5.0,17936.5,264.444,-0.175215,17.813,2.93348,5.82382,8.44411,12.8466,19.7398,30.6912,184.592,154.055,139.313,129.674,122.092,115.381,107.15,99.0888,86.8807,69.0438,48.6465,32.739,14.6372,0.636822,242.959,242.625,237.243,237.243
40.56743788719177,0.019988277927041054,0.9999847412109375,0.0,5,-0.0537999,5.0,17932.2,264.745,-0.370416,18.0633,2.82644,5.59442,8.11507,12.3703,19.0366,29.4702,186.466,157.016,140.293,130.055,122.269,115.464,107.131,98.9849,86.6736,68.9015,48.6749,32.8546,14.7526,0.649471,243.27,242.826,237.231,237.231
40.58879899978638,0.019988277927041054,0.9999847412109375,0.0,5,-0.0559133,5.0,17937.9,265.036,-0.520075,18.4349,2.71648,5.36358,7.79068,11.8944,18.3176,28.1724,188.566,161.341,141.778,130.726,122.627,115.708,107.249,98.9949,86.5529,68.8021,48.7235,32.976,14.8654,0.662469,243.567,243.078,237.261,237.261
40.605738401412964,0.019988277927041054,0.9999847412109375,0.0,5,-0.058059,5.0,17961.5,265.307,-0.643257,18.7472,2.60341,5.13881,7.47431,11.4295,17.6154,26.9326,190.577,165.149,143.65,131.565,123.041,115.998,107.404,99.0372,86.4554,68.6988,48.7648,33.0898,14.9737,0.675899,243.821,243.324,237.568,237.568
40.625847578048706,0.019988277927041054,0.9999847412109375,0.0,5,-0.0601762,5.0,17994.2,265.568,-0.734547,18.9729,2.48865,4.92173,7.16886,10.9814,16.9434,25.7963,192.409,168.357,145.936,132.526,123.481,116.289,107.559,99.0769,86.3545,68.5731,48.7878,33.19,15.0761,0.689726,244.063,243.573,237.995,237.995
40.64642810821533,0.019988277927041054,0.9999847412109375,0.0,5,-0.0608628,5.0,18025.9,265.829,-0.829272,19.1246,2.37665,4.70988,6.86941,10.5396,16.2746,24.6617,194.297,171.412,149.16,133.808,124.108,116.683,107.8,99.1878,86.3062,68.4638,48.8159,33.2891,15.1756,0.703939,244.313,243.801,238.419,238.419
40.66706681251526,0.019988277927041054,0.9999847412109375,0.0,5,-0.0592321,5.0,18031.1,266.115,-0.914744,19.2593,2.26788,4.5034,6.57707,10.1066,15.619,23.5619,196.139,174.237,153.718,135.411,124.894,117.139,108.09,99.3389,86.2865,68.3536,48.8396,33.3826,15.2712,0.717875,244.56,244.038,238.514,238.514
40.68819260597229,0.018610292673110963,0.9999847412109375,0.0,5,-0.0574496,5.0,18050.8,266.385,-0.943527,19.4243,2.16272,4.30448,6.29645,9.69502,15.0081,22.5994,197.652,176.536,157.627,137.135,125.671,117.507,108.305,99.4248,86.2171,68.1907,48.8264,33.4538,15.3601,0.731364,244.802,244.313,238.748,238.748
40.7052583694458,0.018610292673110963,0.9999847412109375,0.0,5,-0.0555356,5.0,18078.9,266.647,-0.958251,19.5031,2.0611,4.11269,6.02653,9.30202,14.4356,21.7438,198.895,178.428,160.671,139.055,126.459,117.831,108.456,99.4558,86.1057,67.983,48.782,33.5052,15.4428,0.744405,245.028,244.568,239.122,239.122
40.72615957260132,0.018610292673110963,0.9999847412109375,0.0,5,-0.0535281,5.0,18104.4,266.914,-0.972697,19.4582,1.96326,3.92814,5.76741,8.92659,13.897,20.9733,199.97,180.03,163.157,141.322,127.3,118.161,108.564,99.4503,85.9657,67.7405,48.7116,33.5394,15.5193,0.756963,245.249,244.808,239.459,239.459
40.74644994735718,0.017281517758965494,0.9999847412109375,0.0,5,-0.0512984,5.0,18128.0,267.185,-0.962987,19.2799,1.86954,3.75229,5.52197,8.57638,13.4109,20.3458,200.0,181.156,164.949,143.767,128.034,118.373,108.535,99.3296,85.7398,67.4332,48.5941,33.5454,15.5876,0.769012,245.46,245.063,239.773,239.773
40.76743531227112,0.017281517758965494,0.9999847412109375,0.0,5,-0.0489071,5.0,18202.1,267.409,-0.954534,18.9263,1.78024,3.58528,5.29022,8.24876,12.9709,19.834,200.0,181.945,166.272,146.462,128.712,118.507,108.407,99.1246,85.4512,67.0872,48.44,33.528,15.6483,0.780507,245.679,245.323,240.71,240.71
40.787869691848755,0.016001953184604647,0.9999847412109375,0.0,5,-0.0466464,5.0,18218.4,267.688,-0.987982,18.5095,1.69513,3.42508,5.06614,7.92908,12.5331,19.3013,200.0,182.898,167.736,149.213,129.77,118.851,108.391,99.012,85.231,66.7833,48.2977,33.5127,15.7058,0.791417,245.912,245.533,240.988,240.988
40.80473256111145,0.016001953184604647,0.9999847412109375,0.0,5,-0.0444053,5.0,18210.9,267.99,-1.00573,18.2635,1.61429,3.27237,4.85251,7.62428,12.1176,18.8071,200.0,183.828,169.125,151.633,131.126,119.317,108.408,98.9263,85.0298,66.4911,48.1482,33.4897,15.7586,0.801758,246.193,245.805,240.887,240.887
40.8262836933136,0.016001953184604647,0.9999847412109375,0.0,5,-0.0420912,5.0,18214.9,268.279,-0.995095,18.0864,1.53768,3.1278,4.65051,7.33781,11.7344,18.3919,200.0,184.595,170.292,153.618,132.71,119.823,108.407,98.8119,84.8064,66.1865,47.9782,33.4523,15.8053,0.811559,246.455,246.08,240.934,240.934
40.84688925743103,0.016001953184604647,0.9999847412109375,0.0,5,-0.0396331,5.0,18221.9,268.563,-0.948318,17.961,1.46555,2.99225,4.46215,7.07412,11.3975,18.1022,200.0,185.105,171.14,155.111,134.444,120.287,108.348,98.6218,84.5282,65.8485,47.7763,33.3938,15.8447,0.820796,246.706,246.361,241.025,241.025
40.86781859397888,0.016001953184604647,0.9999847412109375,0.0,5,-0.0371669,5.0,18254.2,268.821,-0.902628,17.8503,1.39758,2.86433,4.28455,6.82653,11.0857,17.8791,200.0,185.57,171.916,156.451,136.753,120.873,108.335,98.4413,84.2562,65.5158,47.5648,33.3268,15.8793,0.829483,246.964,246.624,241.441,241.441
40.88504958152771,0.016001953184604647,0.9999847412109375,0.0,5,-0.0348304,5.0,18265.2,269.099,-0.893324,17.7686,1.33401,2.74388,4.11636,6.59026,10.785,17.6628,200.0,186.198,172.855,157.92,139.612,121.806,108.494,98.3587,84.0555,65.2261,47.3645,33.262,15.9109,0.837591,247.228,246.859,241.597,241.597
40.905229568481445,0.016001953184604647,0.9999847412109375,0.0,5,-0.0325645,5.0,18275.5,269.375,-0.894929,17.7498,1.2746,2.63105,3.95865,6.36824,10.5039,17.4882,200.0,186.936,173.843,159.397,142.202,123.088,108.793,98.3373,83.8993,64.9636,47.167,33.1952,15.9387,0.845144,247.494,247.107,241.732,241.732
40.92623448371887,0.014771598950028421,0.9999847412109375,0.0,5,-0.0303023,5.0,18286.3,269.65,-0.895222,17.7627,1.21957,2.52651,3.81259,6.16392,10.2525,17.4013,200.0,187.728,174.784,160.772,144.476,124.717,109.191,98.3376,83.7583,64.7103,46.9614,33.1205,15.962,0.852137,247.748,247.358,241.874,241.874
40.94617414474487,0.014771598950028421,0.9999847412109375,0.0,5,-0.0279477,5.0,18298.7,269.921,-0.882128,17.8049,1.16907,2.43118,3.68055,5.98328,10.0488,17.4963,200.0,188.426,175.535,161.899,146.32,126.635,109.605,98.297,83.5867,64.4391,46.7336,33.0302,15.979,0.858566,247.99,247.619,242.038,242.038
40.96775221824646,0.014771598950028421,0.9999847412109375,0.0,5,-0.0255206,5.0,18318.5,270.184,-0.855074,17.847,1.12332,2.34531,3.56267,5.82628,9.89311,17.8243,200.0,189.053,176.138,162.833,147.849,129.034,110.059,98.2472,83.3918,64.1554,46.4859,32.926,15.9898,0.864415,248.229,247.873,242.297,242.297
40.98914098739624,0.014771598950028421,0.9999847412109375,0.0,5,-0.0230849,5.0,18335.9,270.449,-0.834253,17.8843,1.08197,2.26819,3.45746,5.69035,9.77829,18.4437,200.0,189.711,176.693,163.694,149.229,131.708,110.631,98.2449,83.206,63.8772,46.2296,32.8138,15.9959,0.869705,248.471,248.117,242.526,242.526
41.0066294670105,0.014771598950028421,0.9999847412109375,0.0,5,-0.0206502,5.0,18353.1,270.713,-0.820183,17.9203,1.04532,2.2004,3.36653,5.57703,9.70948,19.6373,200.0,190.411,177.216,164.501,150.496,133.994,111.353,98.2992,83.0328,63.6072,45.9655,32.6933,15.9971,0.874405,248.714,248.359,242.754,242.754
41.02634072303772,0.014771598950028421,0.9999847412109375,0.0,5,-0.018246,5.0,18370.2,270.974,-0.810121,17.9981,1.01342,2.14214,3.2893,5.48684,9.68799,200.0,200.0,191.208,177.79,165.301,151.715,136.051,112.303,98.4409,82.8875,63.354,45.6976,32.5679,15.994,0.878515,248.964,248.601,242.98,242.98
41.046199560165405,0.014771598950028421,0.9999847412109375,0.0,5,-0.0158899,5.0,18387.2,271.235,-0.814992,18.0769,0.986389,2.09363,3.22665,5.42041,9.71715,200.0,200.0,192.134,178.47,166.121,152.919,137.967,113.562,98.6946,82.7782,63.1221,45.4326,32.4383,15.9866,0.882024,249.21,248.836,243.205,243.205
41.067710161209106,0.014771598950028421,0.9999847412109375,0.0,5,-0.0135081,5.0,18394.2,271.504,-0.81194,18.1934,0.964264,2.05534,3.18004,5.38205,9.8154,200.0,200.0,193.071,179.156,166.857,153.998,139.65,115.116,99.0129,82.6701,62.8913,45.1693,32.299,15.974,0.884933,249.45,249.081,243.3,243.3
41.08832931518555,0.014771598950028421,0.9999847412109375,0.0,5,-0.0110648,5.0,18411.7,271.762,-0.797154,18.3062,0.947021,2.02742,3.14971,5.37396,9.99716,200.0,200.0,193.954,179.794,167.465,154.913,141.075,117.013,99.3756,82.5458,62.6519,44.903,32.1477,15.9558,0.887263,249.684,249.326,243.528,243.528
41.108551263809204,0.014771598950028421,0.9999847412109375,0.0,5,-0.00859291,5.0,18431.9,272.016,-0.784028,18.391,0.934753,2.01036,3.13646,5.39834,10.2742,200.0,200.0,194.841,180.43,167.996,155.725,142.331,119.485,99.8195,82.4217,62.4125,44.6384,31.9867,15.9321,0.888992,249.915,249.564,243.794,243.794
41.128063678741455,0.014771598950028421,0.9999847412109375,0.0,5,-0.00622398,5.0,18452.6,272.267,-0.779905,18.5666,0.927399,2.0033,3.13883,5.45024,10.6361,200.0,200.0,195.966,181.268,168.634,156.629,143.648,122.187,100.489,82.3636,62.2119,44.3939,31.8259,15.9055,0.890121,250.17,249.794,244.069,244.069
41.14733529090881,0.014771598950028421,0.9999847412109375,0.0,5,-0.00395805,5.0,18469.5,272.52,-0.808658,18.7082,0.92514,2.00709,3.1579,5.5327,11.1022,200.0,200.0,197.346,182.319,169.431,157.619,145.02,124.708,101.433,82.3737,62.0501,44.1701,31.6652,15.8754,0.890635,250.411,250.012,244.307,244.307
41.16662240028381,0.014771598950028421,0.9999847412109375,0.0,5,-0.00160247,5.0,18464.0,272.793,-0.802297,18.9671,0.927826,2.02202,3.19583,5.65462,11.7431,200.0,200.0,198.633,183.286,170.151,158.432,146.168,126.767,102.493,82.3622,61.8724,43.9402,31.4912,15.8394,0.890579,250.647,250.266,244.223,244.223
41.1871292591095,0.014771598950028421,0.9999847412109375,0.0,5,0.00087231,5.0,18484.0,273.041,-0.77494,19.1861,0.93576,2.04919,3.25457,5.82398,12.6418,200.0,200.0,199.758,184.109,170.747,159.04,147.068,128.411,103.656,82.3335,61.6695,43.699,31.3011,15.797,0.889913,250.865,250.51,244.482,244.482
41.20679306983948,0.014771598950028421,0.9999847412109375,0.0,5,0.00337904,5.0,18510.3,273.282,-0.751316,19.3616,0.948761,2.08833,3.33383,6.03795,13.8877,200.0,200.0,200.0,184.93,171.336,159.566,147.863,129.848,105.078,82.3374,61.4676,43.4596,31.102,15.7495,0.888662,251.088,250.742,244.827,244.827
41.2270143032074,0.014771598950028421,0.9999847412109375,0.0,5,0.00566929,5.0,18534.0,273.521,-0.763758,19.6194,0.96701,2.13825,3.43033,6.28725,15.5916,200.0,200.0,200.0,186.173,172.284,160.334,148.895,131.487,107.286,82.5231,61.3381,43.2577,30.9112,15.7004,0.88679,251.345,250.946,245.143,245.143
41.247374296188354,0.014771598950028421,0.9999847412109375,0.0,5,0.00784653,5.0,18530.6,273.783,-0.810582,19.8625,0.990173,2.1994,3.54544,6.57797,18.4402,200.0,200.0,200.0,187.683,173.457,161.245,150.015,133.158,110.355,82.8514,61.2549,43.0793,30.7241,15.6485,0.884338,251.577,251.152,245.164,245.164
41.26638388633728,0.014771598950028421,0.9999847412109375,0.0,5,0.0102174,5.0,18533.5,274.041,-0.7887,20.2516,1.01862,2.27396,3.68563,6.93669,98.0148,200.0,200.0,200.0,188.927,174.397,161.951,150.822,134.432,112.84,83.1427,61.1251,42.8798,30.528,15.5893,0.881302,251.803,251.421,245.139,245.139
41.28663730621338,0.016001953184604647,0.9999847412109375,0.0,5,0.012737,5.0,18557.1,274.277,-0.749111,20.5558,1.05267,2.36271,3.85243,7.37061,95.6991,200.0,200.0,200.0,189.967,175.157,162.501,151.395,135.41,114.769,83.421,60.9618,42.6656,30.3263,15.5233,0.87766,252.005,251.656,245.446,245.446
41.30625867843628,0.016001953184604647,0.9999847412109375,0.0,5,0.0151908,5.0,18589.3,274.502,-0.720008,20.825,1.0921,2.46436,4.04278,7.87186,93.311,200.0,200.0,200.0,191.189,176.07,163.179,152.01,136.402,116.589,83.8356,60.8288,42.4677,30.1339,15.4537,0.873403,252.235,251.872,245.87,245.87
41.32705283164978,0.016001953184604647,0.9999847412109375,0.0,5,0.0172593,5.0,18614.6,274.731,-0.776118,21.1383,1.13626,2.576,4.24915,8.41389,90.1712,200.0,200.0,200.0,193.225,177.667,164.439,153.055,137.827,118.79,84.6523,60.8264,42.3335,29.9739,15.3851,0.868571,252.493,252.038,246.21,246.21
41.346111536026,0.016001953184604647,0.9999847412109375,0.0,5,0.0192487,5.0,18587.9,275.008,-0.841138,21.5171,1.1857,2.70049,4.47897,9.0307,86.9636,200.0,200.0,200.0,195.533,179.483,165.881,154.206,139.262,120.904,85.7067,60.8623,42.2185,29.8245,15.3131,0.863139,252.721,252.248,245.888,245.888
41.366151571273804,0.016001953184604647,0.9999847412109375,0.0,5,0.0215513,5.0,18602.8,275.242,-0.805291,22.0207,1.24057,2.84062,4.74222,9.77709,84.5246,200.0,200.0,200.0,197.329,180.862,166.943,155.024,140.235,122.43,86.7048,60.8169,42.0664,29.6593,15.2326,0.857157,252.924,252.522,246.054,246.054
41.38588857650757,0.016001953184604647,0.9999847412109375,0.0,5,0.0240123,5.0,18632.0,275.464,-0.761068,22.3809,1.3009,2.99606,5.03764,10.6662,82.5009,200.0,200.0,200.0,198.891,182.038,167.828,155.689,140.963,123.636,87.7714,60.7356,41.8999,29.4888,15.1458,0.850606,253.111,252.745,246.431,246.431
41.4061713218689,0.016001953184604647,0.9999847412109375,0.0,5,0.0263521,5.0,18667.0,275.675,-0.739449,22.753,1.3667,3.16546,5.36094,11.6885,80.3192,200.0,200.0,200.0,200.0,183.496,168.951,156.552,141.786,124.904,89.2242,60.7058,41.7588,29.3322,15.0561,0.84345,253.343,252.944,246.898,246.898
41.42659044265747,0.017281517758965494,0.9999847412109375,0.0,5,0.028278,5.0,18693.4,275.892,-0.82116,23.1086,1.43716,3.34486,5.70146,12.8045,77.4369,200.0,200.0,200.0,200.0,185.81,170.79,158.027,143.039,126.589,91.5801,60.8243,41.6879,29.2106,14.9679,0.835724,253.586,253.095,247.251,247.251
41.446120500564575,0.018610292673110963,0.9999847412109375,0.0,5,0.0302073,5.0,18650.4,276.175,-0.858515,23.6711,1.51288,3.53857,6.07256,14.0245,74.6955,200.0,200.0,200.0,200.0,188.251,172.726,159.578,144.228,128.165,94.6022,60.9645,41.6264,29.0949,14.8754,0.827438,253.813,253.327,246.694,246.694
41.46713590621948,0.019988277927041054,0.9999847412109375,0.0,5,0.0323788,5.0,18671.1,276.392,-0.803301,24.2756,1.59378,3.7488,6.48325,15.1818,72.5191,200.0,200.0,200.0,200.0,190.356,174.37,160.875,145.165,129.374,97.1845,61.0745,41.5398,28.9697,14.7761,0.818644,254.004,253.567,246.955,246.955
41.486950397491455,0.024417495727539065,0.9999847412109375,0.0,6,0.0345275,5.0,18707.0,276.596,-0.787605,24.662,1.67984,3.97369,6.92832,16.2192,70.4062,200.0,200.0,200.0,200.0,192.627,176.147,162.279,146.183,130.54,99.513,61.2472,41.4669,28.8526,14.6743,0.809311,254.194,253.754,247.419,247.419
41.50802040100098,0.025992322340607645,0.9999847412109375,0.0,6,0.0360023,6.0,17108.6,276.33,-0.82781,25.1518,1.76937,4.20291,7.37574,16.9746,67.2854,200.0,200.0,200.0,200.0,196.478,179.232,164.78,148.083,132.384,102.433,61.7313,41.5085,28.791,14.5847,0.799489,254.301,253.679,244.109,243.483
41.5284698009491,0.025992322340607645,0.9999847412109375,0.0,6,0.0364034,6.0,17071.7,275.757,-1.1015,25.498,1.86047,4.42723,7.76808,17.3521,62.6076,104.167,200.0,200.0,200.0,200.0,184.551,169.147,151.468,135.286,106.339,62.7335,41.7318,28.8149,14.5138,0.789276,253.929,253.077,243.72,242.85
41.548452377319336,0.025992322340607645,0.9999847412109375,0.0,6,0.0367686,6.0,16795.5,275.162,-1.25627,26.2583,1.95395,4.65755,8.11261,17.6229,58.1415,94.4815,200.0,200.0,200.0,200.0,190.398,173.925,155.151,138.136,109.99,63.9241,41.9843,28.8541,14.4493,0.778798,253.406,252.569,242.88,241.906
41.568588972091675,0.025992322340607645,0.9999847412109375,0.0,6,0.0376818,6.0,17024.7,275.122,-1.27367,26.8659,2.05057,4.88612,8.44027,17.933,54.8582,88.8892,200.0,200.0,200.0,200.0,195.563,178.099,158.326,140.522,112.821,65.0681,42.1738,28.8673,14.3839,0.768112,253.032,252.316,245.648,245.648
41.58517932891846,0.025992322340607645,0.9999847412109375,0.0,6,0.0389354,6.0,17055.8,275.252,-1.26186,27.206,2.15045,5.10007,8.74663,18.2401,52.3529,84.6776,200.0,200.0,200.0,200.0,200.0,181.945,161.219,142.669,115.14,66.2486,42.3307,28.8683,14.32,0.757156,253.09,252.447,246.093,246.093
41.60608148574829,0.025992322340607645,0.9999847412109375,0.0,6,0.03921,6.0,17080.9,275.383,-1.3091,27.5403,2.24598,5.28934,8.99996,18.3988,49.5834,80.552,200.0,200.0,200.0,200.0,200.0,186.771,164.851,145.378,117.693,67.8445,42.5662,28.9069,14.2661,0.745888,253.257,252.53,246.462,246.462
41.62638783454895,0.025992322340607645,0.9999847412109375,0.0,6,0.0358607,6.0,17072.6,275.547,-1.4359,27.7989,2.33389,5.45558,9.20671,18.4452,46.78,76.4421,101.621,200.0,200.0,200.0,200.0,192.496,169.145,148.575,120.358,69.9148,42.8661,28.9762,14.2211,0.734987,253.405,252.626,246.458,246.458
41.6466007232666,0.025992322340607645,0.9999847412109375,0.0,6,0.0330159,6.0,17062.2,275.72,-1.37434,28.3029,2.41565,5.61158,9.4058,18.5403,44.8435,72.9822,91.7733,200.0,200.0,200.0,200.0,197.553,172.888,151.321,122.421,72.088,43.106,29.0217,14.1757,0.724865,253.517,252.853,246.196,246.196
41.6672899723053,0.024417495727539065,0.9999847412109375,0.0,6,0.0305583,6.0,17083.0,275.856,-1.27221,28.6481,2.49129,5.75652,9.59352,18.658,43.4604,70.0124,86.3104,200.0,200.0,200.0,200.0,200.0,176.187,153.711,124.034,74.4617,43.3026,29.0514,14.1314,0.715506,253.603,253.027,246.488,246.488
41.68787217140198,0.022891879454255106,0.9999847412109375,0.0,6,0.0282399,6.0,17110.1,275.989,-1.22781,28.7721,2.56112,5.88848,9.76157,18.7551,42.2704,67.267,82.0195,200.0,200.0,200.0,200.0,200.0,179.434,156.043,125.45,77.1616,43.5062,29.0821,14.0905,0.706812,253.706,253.166,246.881,246.881
41.70445537567139,0.02141547352075577,0.9999847412109375,0.0,6,0.0257651,6.0,17131.1,276.125,-1.21847,28.9319,2.62472,6.00306,9.89648,18.7778,40.9784,64.4618,78.0453,200.0,200.0,200.0,200.0,200.0,183.207,158.754,127.032,79.8426,43.7883,29.1365,14.0569,0.698745,253.857,253.281,247.19,247.19
41.72551131248474,0.02141547352075577,0.9999847412109375,0.0,6,0.0231716,6.0,17139.9,276.273,-1.27937,29.0356,2.68228,6.10133,10.0015,18.7395,39.6433,61.6491,74.3479,200.0,200.0,200.0,200.0,200.0,187.486,161.821,128.825,82.4237,44.1495,29.2117,14.0299,0.6913,253.999,253.399,247.362,247.362
41.74556827545166,0.02141547352075577,0.9999847412109375,0.0,6,0.0208976,6.0,17120.1,276.455,-1.22018,29.3641,2.73512,6.19216,10.1009,18.7254,38.596,59.2123,71.2759,92.0387,200.0,200.0,200.0,200.0,191.356,164.557,130.39,84.5701,44.5081,29.2735,14.0036,0.684469,254.125,253.595,247.036,247.036
41.76569628715515,0.02141547352075577,0.9999847412109375,0.0,6,0.0188691,6.0,17135.5,276.595,-1.12822,29.6187,2.78291,6.27403,10.1908,18.7193,37.7174,57.0514,68.5965,85.0413,200.0,200.0,200.0,200.0,200.0,167.04,131.782,86.3868,44.8779,29.3277,13.9794,0.678278,254.233,253.759,247.251,247.251
41.78492593765259,0.02141547352075577,0.9999847412109375,0.0,6,0.0168526,6.0,17156.8,276.729,-1.07754,29.7446,2.82566,6.34419,10.2617,18.6832,36.8339,54.9613,66.0236,80.0198,200.0,200.0,200.0,200.0,200.0,169.642,133.236,88.0852,45.308,29.3916,13.9597,0.672652,254.355,253.887,247.559,247.559
41.80638885498047,0.02141547352075577,0.9999847412109375,0.0,6,0.0146214,6.0,17173.6,276.866,-1.07064,29.9135,2.86272,6.39838,10.3025,18.5798,35.8198,52.7761,63.3404,75.5054,200.0,200.0,200.0,200.0,200.0,172.789,135.01,89.8487,45.8561,29.4838,13.9476,0.667595,254.513,253.993,247.805,247.805
41.82651662826538,0.02141547352075577,0.9999847412109375,0.0,6,0.0121409,6.0,17186.0,277.007,-1.13469,30.0376,2.89398,6.43612,10.312,18.4078,34.6846,50.4939,60.5417,71.2871,200.0,200.0,200.0,200.0,200.0,176.613,137.171,91.7065,46.5455,29.6082,13.9437,0.663107,254.667,254.093,247.987,247.987
41.84613490104675,0.02141547352075577,0.9999847412109375,0.0,6,0.00977867,6.0,17167.8,277.179,-1.1384,30.3325,2.92043,6.4645,10.3095,18.2311,33.6308,48.377,57.9149,67.6728,81.3493,200.0,200.0,200.0,200.0,180.449,139.313,93.3885,47.301,29.735,13.9432,0.659206,254.802,254.255,247.726,247.726
41.86541295051575,0.02141547352075577,0.9999847412109375,0.0,6,0.00762814,6.0,17180.2,277.317,-1.09706,30.5806,2.94216,6.48505,10.2996,18.0629,32.6814,46.4611,55.51,64.5579,75.4803,200.0,200.0,200.0,200.0,184.188,141.314,94.841,48.105,29.8618,13.945,0.655918,254.912,254.411,247.9,247.9
41.88594436645508,0.02141547352075577,0.9999847412109375,0.0,6,0.00553578,6.0,17198.8,277.449,-1.06938,30.7235,2.95906,6.4957,10.2757,17.8801,31.7541,44.6368,53.2086,61.6859,70.9205,200.0,200.0,200.0,200.0,200.0,143.347,96.1853,49.0036,30.0137,13.9509,0.653207,255.028,254.541,248.165,248.165
41.905991315841675,0.02141547352075577,0.9999847412109375,0.0,6,0.00333708,6.0,17215.4,277.582,-1.06758,30.8553,2.97087,6.49389,10.2308,17.66,30.7839,42.807,50.9033,58.8881,66.8544,200.0,200.0,200.0,200.0,200.0,145.633,97.5441,50.0583,30.2067,13.9631,0.65105,255.166,254.655,248.408,248.408
41.92610740661621,0.019988277927041054,0.9999847412109375,0.0,6,0.000953849,6.0,17228.0,277.719,-1.11672,30.9501,2.97734,6.47831,10.1618,17.3937,29.7512,40.9394,48.5558,56.1132,63.0469,76.835,200.0,200.0,200.0,200.0,148.303,98.9726,51.3224,30.4507,13.9827,0.649452,255.309,254.758,248.593,248.593
41.94641351699829,0.017281517758965494,0.9999847412109375,0.0,6,-0.00131876,6.0,17216.5,277.881,-1.12906,31.1557,2.97926,6.45452,10.0833,17.1251,28.7648,39.1866,46.3464,53.5138,59.6993,70.2396,200.0,200.0,200.0,200.0,150.97,100.269,52.729,30.7214,14.0059,0.648428,255.437,254.91,248.429,248.429
41.96749973297119,0.012458521500229837,0.9999847412109375,0.0,6,-0.00322849,6.0,17227.8,278.017,-1.08789,31.3397,2.97742,6.42732,10.0069,16.8872,27.8946,37.6466,44.3927,51.198,56.8767,65.7729,200.0,200.0,200.0,200.0,153.243,101.268,54.1916,30.995,14.0289,0.647977,255.531,255.084,248.588,248.588
41.98840928077698,0.008422890678048134,0.9999847412109375,0.0,6,-0.0046838,6.0,17244.2,278.15,-1.01501,31.4408,2.97287,6.40002,9.93907,16.6931,27.1488,36.3303,42.7127,49.1917,54.5176,62.444,200.0,200.0,200.0,200.0,154.925,101.92,55.4803,31.2601,14.0498,0.648007,255.604,255.261,248.822,248.822
42.005417346954346,0.005174625292420388,0.9999847412109375,0.0,6,-0.00568897,6.0,17258.4,278.285,-0.897599,31.5219,2.9662,6.37368,9.88098,16.5414,26.5087,35.206,41.2712,47.461,52.5249,59.8453,198.121,200.0,200.0,200.0,155.974,102.253,56.5273,31.5134,14.0678,0.648447,255.679,255.442,249.031,249.031
42.025574922561646,0.004485584795475006,0.9999847412109375,0.0,6,-0.00634319,6.0,17269.9,278.424,-0.761536,31.5818,2.95768,6.34766,9.82954,16.3983,25.9356,34.2112,39.9975,45.927,50.7812,57.6922,74.088,200.0,200.0,200.0,156.506,102.364,57.3776,31.7619,14.0838,0.64923,255.765,255.61,249.197,249.197
42.04617881774902,0.0038457546383142472,0.9999847412109375,0.0,6,-0.0067218,6.0,17264.4,278.58,-0.602526,31.7091,2.94772,6.32182,9.78319,16.2473,25.4027,33.3062,38.8412,44.5337,49.2133,55.8366,70.2229,200.0,200.0,200.0,156.621,102.303,58.0672,32.0115,14.0982,0.650281,255.87,255.779,249.121,249.121
42.06634449958801,0.0032551348209381107,0.9999847412109375,0.0,6,-0.00697309,6.0,17274.7,278.718,-0.454652,31.8333,2.93607,6.29391,9.7358,16.0724,24.869,32.4263,37.7274,43.1956,47.7173,54.0997,67.2987,199.13,200.0,200.0,156.549,102.163,58.6583,32.2771,14.1128,0.651576,255.988,255.928,249.266,249.266
42.08840274810791,0.002713725343346596,0.9999847412109375,0.0,6,-0.00718052,6.0,17288.4,278.853,-0.349346,31.9073,2.9231,6.2637,9.68563,15.868,24.3182,31.5448,36.6214,41.8724,46.2417,52.3993,64.6625,197.324,200.0,200.0,156.417,102.0,59.1852,32.5669,14.1284,0.653044,256.108,256.059,249.461,249.461
42.1084725856781,0.0013847589492797852,0.9999847412109375,0.0,6,-0.00738651,6.0,17300.8,278.989,-0.272004,31.9569,2.90909,6.23131,9.62706,15.6332,23.7437,30.6509,35.508,40.5464,44.7655,50.6996,62.1365,195.519,200.0,200.0,156.287,101.841,59.6641,32.8854,14.1493,0.654637,256.232,256.184,249.643,249.643
42.124741077423096,0.00030174851417541504,0.9999847412109375,0.0,6,-0.00753051,6.0,17311.4,279.126,-0.223482,31.9922,2.8944,6.19818,9.54841,15.3772,23.1601,29.7626,34.41,39.2443,43.3211,49.0526,59.8242,193.76,200.0,200.0,156.066,101.643,60.0771,33.2266,14.1777,0.656332,256.351,256.317,249.797,249.797
42.1449761390686,0.0,0.9999847412109375,0.0,6,-0.00754673,6.0,17312.8,279.273,-0.167806,32.0567,2.87941,6.16492,9.45324,15.1074,22.5827,28.8998,33.3507,37.9917,41.9422,47.5054,57.8064,192.096,200.0,200.0,155.643,101.363,60.4044,33.5825,14.2124,0.658107,256.467,256.462,249.82,249.82
42.165571451187134,0.0,0.9999847412109375,0.0,6,-0.00749284,6.0,17322.2,279.41,-0.109649,32.1225,2.86425,6.12087,9.34022,14.8207,21.9988,28.0439,32.3064,36.7613,40.5957,46.0088,55.9269,190.482,199.993,200.0,155.112,101.036,60.6693,33.9597,14.2541,0.659925,256.588,256.599,249.953,249.953
42.18568468093872,0.0,0.9999847412109375,0.0,6,-0.00743324,6.0,17333.3,279.545,-0.0654563,32.162,2.84879,6.06245,9.20775,14.5111,21.3965,27.1767,31.2559,35.5271,39.2487,44.508,54.0527,188.87,198.303,200.0,154.574,100.707,60.8966,34.3673,14.3036,0.661781,256.712,256.725,250.113,250.113
42.20681977272034,0.0,0.9999847412109375,0.0,6,-0.00738746,6.0,17343.1,279.678,-0.035813,32.3022,2.8304,5.98998,9.05633,14.179,20.7747,26.2944,30.1916,34.2824,37.8932,42.9938,52.1481,187.246,196.6,200.0,154.058,100.389,61.0937,34.8083,14.3611,0.663648,256.846,256.855,250.255,250.255
42.226200103759766,0.0,0.9999847412109375,0.0,6,-0.00932151,6.0,17350.4,279.812,-0.01865,32.5184,2.80508,5.90381,8.88634,13.8252,20.1334,25.3959,29.1152,33.0255,36.526,41.4614,50.2152,185.607,194.88,200.0,153.574,100.082,61.2635,35.2711,14.427,0.66569,256.971,256.977,250.36,250.36
42.246357440948486,0.0,0.9999847412109375,0.0,6,-0.0125135,6.0,17329.7,279.975,-0.00808926,32.8563,2.77283,5.80424,8.6987,13.4512,19.4749,24.4862,28.0295,31.7635,35.1522,39.9188,48.269,183.96,193.151,200.0,153.106,99.7833,61.4055,35.7083,14.501,0.668513,257.108,257.11,250.071,250.071
42.26554322242737,-0.0004978239536285401,0.9999847412109375,0.0,6,-0.0157178,6.0,17336.9,280.105,-0.00273254,33.2463,2.73373,5.69193,8.49425,13.0581,18.8007,23.5643,26.9346,30.5003,33.7737,38.3671,46.3133,182.303,191.412,200.0,152.666,99.4917,61.5207,36.1163,14.5835,0.67218,257.241,257.242,250.164,250.164
42.28632950782776,-0.0013833228498697282,0.9999847412109375,0.0,6,-0.018926,6.0,17351.7,280.227,0.000290575,33.6062,2.68801,5.56723,8.27421,12.648,18.1129,22.6338,25.8336,29.2357,32.3932,36.8134,44.3666,180.645,189.67,200.0,152.486,99.2,61.6075,36.4954,14.674,0.676676,257.359,257.359,250.37,250.37
42.3070502281189,-0.002711714804172516,0.9999847412109375,0.0,6,-0.0220712,6.0,17370.2,280.339,0.00361344,34.0586,2.63605,5.43184,8.04132,12.2264,17.4218,21.7097,24.7456,27.9944,31.0408,35.2986,42.5045,179.029,187.978,199.404,152.94,98.8678,61.6481,36.8379,14.7717,0.681992,257.462,257.479,250.642,250.642
42.326164960861206,-0.0059099081903696065,0.9999847412109375,0.0,6,-0.0250424,6.0,17354.2,280.489,0.0228849,34.4709,2.57809,5.28755,7.79958,11.8022,16.7421,20.81,23.693,26.8057,29.7577,33.8832,40.8472,177.535,186.417,197.762,200.0,98.4192,61.6097,37.1302,14.8744,0.688115,257.548,257.606,250.466,250.466
42.3453152179718,-0.009354249015450478,0.9999847412109375,0.0,6,-0.0277484,6.0,17355.7,280.618,0.0619421,35.053,2.51456,5.13542,7.55147,11.3792,16.0806,19.947,22.6885,25.6917,28.5706,32.6095,39.4747,176.22,185.056,196.344,200.0,97.7994,61.4715,37.3621,14.9808,0.695038,257.659,257.778,250.433,250.433
42.364758014678955,-0.011371681466698647,0.9999847412109375,0.0,6,-0.0301374,6.0,17375.6,280.728,0.133807,35.4683,2.44626,4.97805,7.30037,10.9629,15.4451,19.1281,21.7419,24.667,27.5019,31.5092,38.4617,175.12,183.933,195.196,200.0,96.9751,61.2203,37.5266,15.089,0.702662,257.727,257.917,250.708,250.708
42.388290882110596,-0.011371681466698647,0.9999847412109375,0.0,6,-0.032245,6.0,17401.3,280.832,0.240563,35.6395,2.3734,4.81447,7.04492,10.5492,14.8266,18.3404,20.8398,23.719,26.5332,30.5595,37.7959,174.21,183.02,194.284,148.226,95.9768,60.8729,37.6303,15.1992,0.710968,257.788,258.042,251.081,251.081
42.40754199028015,-0.011371681466698647,0.9999847412109375,0.0,6,-0.0342181,6.0,17422.8,280.944,0.363558,35.6285,2.29587,4.64384,6.78135,10.1291,14.2064,17.5572,19.9616,22.8065,25.6129,29.687,37.38,173.388,182.205,193.485,144.351,94.9023,60.4738,37.6935,15.3135,0.71991,257.868,258.154,251.396,251.396
42.42620658874512,-0.011371681466698647,0.9999847412109375,0.0,6,-0.0361837,6.0,17438.1,281.063,0.466009,35.5164,2.21356,4.46464,6.50693,9.69534,13.5721,16.7585,19.0867,21.8943,24.6925,28.8218,37.1204,172.569,181.393,192.688,141.663,93.8311,60.0582,37.7326,15.4339,0.729472,257.97,258.259,251.623,251.623
42.446216344833374,-0.012454213201999666,0.9999847412109375,0.0,6,-0.0381869,6.0,17448.6,281.188,0.538101,35.3656,2.12662,4.27706,6.22103,9.24703,12.9193,15.9392,18.2068,20.9738,23.758,27.9395,37.032,171.722,180.55,191.857,139.348,92.7903,59.6384,37.7542,15.561,0.739634,258.084,258.366,251.779,251.779
42.465758085250854,-0.013585955277085305,0.9999847412109375,0.0,6,-0.0402263,6.0,17456.4,281.319,0.589276,35.1118,2.03505,4.08129,5.92453,8.78531,12.2501,15.1137,17.3244,20.0437,22.8114,27.0424,37.3103,170.847,179.677,190.993,137.228,91.7753,59.2134,37.7576,15.6947,0.750381,258.195,258.471,251.891,251.891
42.487725019454956,-0.014766907691955567,0.9999847412109375,0.0,6,-0.0423954,6.0,17465.0,281.453,0.602836,34.7178,1.93906,3.87666,5.61577,8.30602,11.5576,14.2771,16.4234,19.0843,21.8177,26.0722,38.2733,169.882,178.703,190.014,135.36,90.8387,58.8063,37.7554,15.8368,0.761709,258.317,258.568,252.017,252.017
42.506805419921875,-0.017276443541049957,0.9999847412109375,0.0,6,-0.0444844,6.0,17548.6,281.507,0.637844,34.0398,1.83878,3.6656,5.29944,7.81969,10.8604,13.4604,15.5437,18.1488,20.8571,25.1601,163.202,168.969,177.788,189.101,133.429,89.86,58.3651,37.7232,15.9806,0.773616,258.414,258.672,253.168,253.168
42.52624988555908,-0.018605026975274087,0.9999847412109375,0.0,6,-0.0461529,6.0,17550.3,281.651,0.7505,33.3672,1.7348,3.45077,4.98184,7.33928,10.1881,12.703,14.7427,17.3261,20.059,24.5581,162.56,168.343,177.191,188.552,131.019,88.654,57.8118,37.6231,16.1071,0.786102,258.454,258.796,253.273,253.273
42.54452061653137,-0.018605026975274087,0.9999847412109375,0.0,6,-0.0474842,6.0,17521.2,281.828,0.881399,32.9263,1.62753,3.23207,4.66138,6.86079,9.5505,11.9969,14.0094,16.6009,19.4099,24.2964,162.134,167.949,176.853,188.297,128.267,87.2793,57.1718,37.4669,16.2158,0.799098,258.56,258.987,252.842,252.842
42.56699013710022,-0.017276443541049957,0.9999847412109375,0.0,6,-0.0491899,6.0,17511.5,281.992,0.96894,32.2408,1.51602,3.00404,4.32635,6.35764,8.89937,11.2571,13.2224,15.7902,18.638,23.8628,161.469,167.3,176.231,187.719,126.003,86.1153,56.6084,37.3341,16.3197,0.812586,258.693,259.081,252.697,252.697
42.58591866493225,-0.009354249015450478,0.9999847412109375,0.0,6,-0.051493,6.0,17581.5,282.075,0.910507,31.4049,1.39996,2.7653,3.97424,5.83478,8.2232,10.4636,12.3484,14.8373,17.6387,22.9688,160.42,166.236,175.148,186.617,124.432,85.2643,56.1648,37.2478,16.423,0.826594,258.885,259.158,253.529,253.529
42.60528063774109,-0.0022197071462869643,0.9999847412109375,0.0,6,-0.0537303,6.0,17709.3,282.085,0.958406,30.1715,1.27939,2.51984,3.61464,5.32924,7.56527,9.68919,11.4939,13.909,16.6709,22.171,159.409,165.213,174.112,185.568,122.807,84.3822,55.6995,37.1377,16.5149,0.841212,258.958,259.194,255.516,255.516
42.6256206035614,-0.0007437799125909806,0.9999847412109375,0.0,6,-0.0561155,6.0,17646.3,282.312,0.984637,29.3776,1.15414,2.26672,3.2595,4.8353,6.91382,8.91211,10.6279,12.9489,15.6483,21.2573,158.301,164.087,172.959,184.387,121.351,83.5752,55.2633,37.0267,16.5995,0.856466,259.097,259.297,254.698,254.698
42.647215843200684,-0.0004978239536285401,0.9999847412109375,0.0,6,-0.0591367,6.0,17586.0,282.547,0.866264,28.4555,1.02428,2.01733,2.91112,4.34034,6.243,8.08679,9.681,11.8485,14.3795,19.6325,156.785,162.521,171.317,182.648,120.564,83.0798,54.9591,36.9654,16.6858,0.872396,259.278,259.4,253.797,253.797
42.66622257232666,0.0,0.9999847412109375,0.0,6,-0.0569175,6.0,17557.8,282.749,0.589761,27.569,0.89856,1.7764,2.5704,3.84663,5.55509,7.21692,8.65477,10.6053,12.8635,17.3244,154.796,160.445,169.106,180.26,120.561,82.9513,54.8113,36.9649,16.7765,0.888316,259.463,259.486,253.371,253.371
42.68521189689636,0.0,0.9999847412109375,0.0,6,-0.0542672,6.0,17795.3,282.652,0.335118,26.0336,0.78006,1.54778,2.24567,3.37275,4.8897,6.37135,7.654,9.38907,11.3798,15.1437,152.758,158.317,166.837,177.806,120.772,82.8662,54.6804,36.9576,16.86,0.903269,259.642,259.562,256.664,256.664
42.70768427848816,0.0,0.9999847412109375,0.0,6,-0.0513833,6.0,17820.0,282.788,0.173677,24.7805,0.668335,1.33157,1.93766,2.92272,4.25828,5.56916,6.70779,8.24893,10.0083,13.2513,150.871,156.351,164.75,175.559,121.443,82.6649,54.4992,36.9115,16.9313,0.917333,259.701,259.601,257.236,257.236
42.72707533836365,-0.00030107833445072176,0.9999847412109375,0.0,6,-0.0483726,6.0,17717.7,283.073,0.0720814,23.8767,0.563416,1.12748,1.64598,2.49464,3.65439,4.80073,5.8006,7.157,8.70208,11.5014,149.065,154.471,162.758,173.421,197.898,82.3994,54.2906,36.8386,16.9922,0.930496,259.874,259.801,255.717,255.717
42.74612259864807,-0.0017769098281860353,0.9999847412109375,0.0,6,-0.0454677,6.0,17631.3,283.348,-0.0295226,22.8384,0.464722,0.933929,1.36805,2.08301,3.06779,4.04835,4.90705,6.07211,7.3954,9.74826,147.195,152.525,160.691,171.198,195.234,82.1869,54.1042,36.7629,17.0473,0.942815,260.007,259.976,254.463,254.463
42.765116930007935,-0.0059099081903696065,0.9999847412109375,0.0,6,-0.0423577,6.0,17714.3,283.437,-0.0894903,21.7266,0.372528,0.752228,1.10587,1.69261,2.50903,3.32857,4.05039,5.03452,6.15094,8.11382,145.447,150.709,158.771,169.142,192.862,81.8747,53.8748,36.6544,17.0913,0.954285,260.189,260.127,255.475,255.475
42.78871273994446,-0.012454213201999666,0.9999847412109375,0.0,6,-0.0388754,6.0,17912.4,283.389,-0.0737831,20.2554,0.287354,0.583389,0.860985,1.32642,1.98182,2.64795,3.23997,4.05292,4.97995,6.60947,12.1775,149.128,157.111,167.382,190.877,81.3786,53.5675,36.4973,17.121,0.964849,260.276,260.296,258.332,258.332
42.80676746368408,-0.014766907691955567,0.9999847412109375,0.0,6,-0.0351146,6.0,17796.0,283.693,-0.0389225,19.167,0.209076,0.426941,0.633163,0.982597,1.48201,1.99691,2.46072,3.10314,3.84315,5.15115,9.10879,147.714,155.637,165.835,189.17,80.7478,53.2027,36.3019,17.138,0.974513,260.364,260.414,256.915,256.915
42.82579064369202,-0.015997070446610452,0.9999847412109375,0.0,6,-0.0307439,6.0,17751.3,283.922,0.142607,18.2385,0.138031,0.283836,0.423413,0.66309,1.01226,1.37968,1.7166,2.19134,2.74907,3.75365,6.74016,146.665,154.57,164.75,188.069,79.829,52.7139,36.0387,17.1366,0.983246,260.511,260.739,256.159,256.159
42.84544372558594,-0.015997070446610452,0.9999847412109375,0.0,6,-0.0264047,6.0,17638.3,284.226,0.269571,17.6309,0.074585,0.154495,0.231789,0.366638,0.56678,0.782497,0.983622,1.2732,1.61892,2.25219,4.02876,145.587,153.471,163.63,186.924,78.9336,52.2325,35.768,17.1276,0.990982,260.704,260.947,254.533,254.533
42.865649700164795,-0.015997070446610452,0.9999847412109375,0.0,6,-0.0217207,6.0,17784.9,284.235,0.435748,16.5887,0.0192261,0.0401459,0.0606384,0.0968246,0.152058,0.213516,0.271646,0.358568,0.463675,0.659863,1.18286,144.712,152.599,162.768,186.119,77.8859,51.6832,35.4566,17.1045,0.997686,260.878,261.178,256.565,256.565
42.888094663619995,-0.015997070446610452,0.9999847412109375,0.0,6,-0.0167111,6.0,17760.2,284.435,0.671552,15.7166,-1.0,-1.0,-1.0,-1.0,-1.0,-1.0,-1.0,-1.0,-1.0,-1.0,-1.0,-1.0,-1.0,-1.0,-1.0,-1.0,-1.0,-1.0,-1.0,1.00331,260.932,261.285,256.426,256.426
42.907177209854126,-0.015997070446610452,0.9999847412109375,0.0,6,-0.011493,6.0,17737.8,284.638,0.855212,15.1939,-1.0,-1.0,-1.0,-1.0,-1.0,-1.0,-1.0,-1.0,-1.0,-1.0,-1.0,-1.0,-1.0,-1.0,-1.0,-1.0,-1.0,-1.0,-1.0,1.00776,261.138,261.574,255.856,255.856
42.92585611343384,-0.018605026975274087,0.9999847412109375,0.0,6,-0.0066188,6.0,17659.7,284.893,0.932617,14.7262,-1.0,-1.0,-1.0,-1.0,-1.0,-1.0,-1.0,-1.0,-1.0,-1.0,-1.0,-1.0,-1.0,-1.0,-1.0,-1.0,-1.0,-1.0,-1.0,1.01102,261.307,261.699,254.898,254.898
42.945780515670776,-0.021409824863076212,0.9999847412109375,0.0,6,-0.00205261,6.0,17729.1,284.988,0.851961,14.4039,-1.0,-1.0,-1.0,-1.0,-1.0,-1.0,-1.0,-1.0,-1.0,-1.0,-1.0,-1.0,-1.0,-1.0,-1.0,-1.0,-1.0,-1.0,-1.0,1.01301,261.561,261.87,255.683,255.683
42.96802353858948,-0.022886039316654207,0.9999847412109375,0.0,6,0.00314873,6.0,17744.4,285.139,0.973102,13.6703,-1.0,-1.0,-1.0,-1.0,-1.0,-1.0,-1.0,-1.0,-1.0,-1.0,-1.0,-1.0,-1.0,-1.0,-1.0,-1.0,-1.0,-1.0,-1.0,1.01374,261.585,261.984,256.131,256.131
42.98609972000122,-0.022886039316654207,0.9999847412109375,0.0,6,0.0087921,6.0,17753.7,285.293,1.07023,13.4592,-1.0,-1.0,-1.0,-1.0,-1.0,-1.0,-1.0,-1.0,-1.0,-1.0,-1.0,-1.0,-1.0,-1.0,-1.0,-1.0,-1.0,-1.0,-1.0,1.01316,261.728,262.27,256.148,256.148
43.007821798324585,-0.021409824863076212,0.9999847412109375,0.0,6,0.0146462,6.0,17701.1,285.519,1.24173,13.199,-1.0,-1.0,-1.0,-1.0,-1.0,-1.0,-1.0,-1.0,-1.0,-1.0,-1.0,-1.0,-1.0,-1.0,-1.0,-1.0,-1.0,-1.0,-1.0,1.01117,261.829,262.403,255.423,255.423
43.02592945098877,-0.022886039316654207,0.9999847412109375,0.0,6,0.0199701,6.0,17768.8,285.609,1.26566,12.8124,-1.0,-1.0,-1.0,-1.0,-1.0,-1.0,-1.0,-1.0,-1.0,-1.0,-1.0,-1.0,-1.0,-1.0,-1.0,-1.0,-1.0,-1.0,-1.0,1.00778,262.051,262.531,256.351,256.351
43.04533386230469,-0.022886039316654207,0.9999847412109375,0.0,6,0.0253856,6.0,17724.5,285.823,1.2634,12.6209,-1.0,-1.0,-1.0,-1.0,-1.0,-1.0,-1.0,-1.0,-1.0,-1.0,-1.0,-1.0,-1.0,-1.0,-1.0,-1.0,-1.0,-1.0,-1.0,1.00297,262.18,262.645,255.786,255.786
43.0658814907074,-0.022886039316654207,0.9999847412109375,0.0,6,0.0310256,6.0,17780.9,285.922,1.27358,12.4448,0.0289307,0.0669556,0.111679,0.218151,0.518051,1.86357,114.416,120.183,124.478,129.102,134.093,139.496,147.856,158.759,90.5894,65.5474,45.0984,31.6825,16.2654,0.996699,262.315,262.856,256.525,256.525
43.08519697189331,-0.015997070446610452,0.9999847412109375,0.0,6,0.0367486,6.0,17730.7,286.137,1.29687,12.3959,0.0973511,0.228088,0.386513,0.784225,2.15173,107.196,114.13,119.806,124.132,128.793,133.828,139.283,147.733,158.771,88.2643,64.2155,44.36,31.2488,16.1204,0.988958,262.46,262.998,255.856,255.856
43.10630416870117,-0.012454213201999666,0.9999847412109375,0.0,6,0.0422222,6.0,17752.4,286.262,1.32096,12.448,0.179688,0.426666,0.733803,1.5541,5.60658,107.008,113.687,119.316,123.665,128.353,133.421,138.917,147.439,158.586,86.1976,62.9786,43.6592,30.8292,15.9691,0.979736,262.615,263.115,256.33,256.33
43.12750029563904,-0.008419348299503327,0.9999847412109375,0.0,6,0.0471255,6.0,17739.0,286.442,1.20756,12.5363,0.275879,0.662888,1.15722,2.56822,89.9603,106.479,112.959,118.555,122.906,127.599,132.675,138.183,146.729,157.919,84.5084,61.9297,43.0413,30.4458,15.8158,0.96906,262.854,263.211,255.983,255.983
43.146132707595825,-0.006697177886962891,0.9999847412109375,0.0,6,0.0514809,6.0,17765.2,286.56,1.05692,12.673,0.38501,0.935379,1.65669,3.87158,90.4738,105.656,111.972,117.533,121.866,126.54,131.599,137.089,145.613,156.782,83.1513,61.0516,42.5,30.0967,15.6609,0.957036,263.037,263.277,256.527,256.527
43.16691875457764,-0.0059099081903696065,0.9999847412109375,0.0,6,0.0554168,6.0,17766.6,286.725,0.823945,12.8855,0.506683,1.244,2.2349,5.54673,90.2928,104.623,110.796,116.311,120.611,125.25,130.271,135.722,144.186,155.283,82.041,60.2972,42.0143,29.7719,15.5053,0.94371,263.248,263.39,256.315,256.315
43.18521785736084,-0.005171848833560944,0.9999847412109375,0.0,6,0.0592925,6.0,17763.6,286.88,0.645048,13.1088,0.640439,1.58922,2.899,7.76426,89.919,103.554,109.595,115.063,119.326,123.927,128.908,134.316,142.716,153.732,80.9947,59.5554,41.5321,29.4473,15.348,0.929169,263.384,263.504,256.344,256.344
43.206053256988525,-0.005171848833560944,0.9999847412109375,0.0,6,0.0632226,6.0,17778.0,287.005,0.535602,13.5099,0.786255,1.9729,3.65954,10.3084,89.4755,102.503,108.419,113.841,118.07,122.635,127.578,132.946,141.286,152.228,79.9503,58.7918,41.0375,29.1152,15.1878,0.913437,263.514,263.645,256.668,256.668
43.22557210922241,-0.005171848833560944,0.9999847412109375,0.0,6,0.0670449,6.0,17761.2,287.179,0.431017,13.9665,0.943695,2.39467,4.51927,12.9172,88.8878,101.396,107.196,112.569,116.759,121.283,126.182,131.504,139.775,150.63,79.0318,58.0569,40.5547,28.7875,15.0272,0.896576,263.672,263.78,256.289,256.289
43.24746775627136,-0.005171848833560944,0.9999847412109375,0.0,6,0.0708043,6.0,17775.8,287.31,0.340561,14.4635,1.11255,2.85501,5.42194,15.5862,88.2087,100.255,105.947,111.267,115.416,119.897,124.75,130.022,138.217,148.977,78.2464,57.3366,40.0774,28.4614,14.8658,0.878611,263.811,263.908,256.515,256.515
43.26553750038147,-0.005171848833560944,0.9999847412109375,0.0,6,0.0745713,6.0,17793.5,287.441,0.281844,14.8598,1.29272,3.33237,6.33803,18.3274,87.4863,99.1101,104.7,109.967,114.076,118.513,123.319,128.542,136.662,147.326,77.5899,56.6122,39.5969,28.1329,14.7031,0.859589,263.932,264.031,256.734,256.734
43.28744626045227,-0.005171848833560944,0.9999847412109375,0.0,6,0.0767209,6.0,17808.1,287.579,0.257562,15.0947,1.4788,3.8171,7.27312,21.1823,86.7636,97.9914,103.486,108.703,112.774,117.171,121.934,127.111,135.163,145.74,77.0283,55.8623,39.1027,27.7968,14.538,0.839592,264.046,264.163,256.954,256.954
43.30566906929016,-0.005171848833560944,0.9999847412109375,0.0,6,0.0772673,6.0,17815.3,287.727,0.259113,15.2445,1.66625,4.30725,8.22349,24.1422,86.0247,96.8829,102.29,107.458,111.492,115.85,120.573,125.707,133.693,144.187,76.7126,55.0989,38.6012,27.4566,14.3714,0.819375,264.165,264.293,257.065,257.065
43.327616453170776,-0.005171848833560944,0.9999847412109375,0.0,6,0.0777909,6.0,17834.8,287.86,0.260506,15.302,1.85565,4.8036,9.18883,27.1865,85.2422,95.7577,101.082,106.201,110.198,114.516,119.196,124.285,132.202,142.612,77.4009,54.3402,38.1006,27.1159,14.2039,0.798965,264.296,264.418,257.344,257.344
43.34612536430359,-0.005171848833560944,0.9999847412109375,0.0,6,0.0783011,6.0,17851.2,287.999,0.262559,15.2578,2.04634,5.30449,10.1662,30.3106,84.4228,94.6185,99.8661,104.935,108.893,113.171,117.807,122.85,130.698,141.02,174.812,53.5852,37.601,26.775,14.0357,0.778439,264.421,264.54,257.582,257.582
43.36713528633118,-0.005171848833560944,0.9999847412109375,0.0,6,0.0787789,6.0,17864.7,288.144,0.266073,15.0349,2.23859,5.8103,11.1555,33.5042,83.5631,93.4598,98.6355,103.653,107.571,111.806,116.397,121.392,129.167,139.396,173.243,52.8379,37.1039,26.4346,13.8668,0.75776,264.546,264.657,257.778,257.778
43.385406732559204,-0.005171848833560944,0.9999847412109375,0.0,6,0.0792081,6.0,17880.8,288.29,0.260101,14.7392,2.43241,6.3207,12.1549,36.75,82.6615,92.2773,97.3845,102.347,106.224,110.414,114.958,119.902,127.6,137.73,171.681,52.1017,36.6109,26.0954,13.6974,0.736919,264.682,264.783,257.976,257.976
43.40800070762634,-0.005171848833560944,0.9999847412109375,0.0,6,0.0796663,6.0,17926.8,288.402,0.268686,14.1876,2.62726,6.83551,13.1677,40.1005,81.7497,91.0973,96.1412,101.051,104.887,109.033,113.53,118.424,126.046,136.081,170.114,51.3588,36.1141,25.754,13.5271,0.715997,264.788,264.893,258.686,258.686
43.425636529922485,-0.005171848833560944,0.9999847412109375,0.0,6,0.0801808,6.0,17916.6,288.577,0.282793,13.8223,2.82362,7.35664,14.1992,43.5988,80.8391,89.9288,94.9166,99.7748,103.571,107.676,112.128,116.974,124.524,134.468,168.539,50.6019,35.6098,25.4082,13.3554,0.694956,264.928,265.046,258.545,258.545
43.44631314277649,-0.005171848833560944,0.9999847412109375,0.0,6,0.0807082,6.0,17912.2,288.744,0.292491,13.578,3.02185,7.88444,15.2485,47.2231,79.9149,88.7608,93.6948,98.5016,102.258,106.321,110.729,115.528,123.006,132.859,166.962,49.8404,35.102,25.06,13.1823,0.673742,265.083,265.204,258.473,258.473
43.468037843704224,-0.0059099081903696065,0.9999847412109375,0.0,6,0.0812003,6.0,17912.9,288.904,0.290404,13.3723,3.22154,8.41677,16.3088,50.9191,78.9612,87.5791,92.4577,97.2113,100.927,104.947,109.309,114.058,121.461,131.219,165.389,49.0869,34.597,24.7124,13.0087,0.652383,265.236,265.351,258.482,258.482
43.4852409362793,-0.009354249015450478,0.9999847412109375,0.0,6,0.0817382,6.0,17934.9,289.039,0.285981,13.1878,3.42284,8.95584,17.3894,54.7846,78.0054,86.4095,91.2339,95.9358,99.6122,103.59,107.907,112.608,119.938,129.605,163.81,48.3227,34.0859,24.3612,12.8336,0.630897,265.375,265.499,258.789,258.789
43.50686073303223,-0.012454213201999666,0.9999847412109375,0.0,6,0.0825283,6.0,17936.6,289.196,0.308323,13.0454,3.62732,9.51147,18.525,57.1067,77.116,85.3205,90.1003,94.7606,98.4051,102.349,106.631,111.296,118.574,128.175,162.195,47.4986,33.5442,23.994,12.6545,0.609211,265.481,265.661,258.825,258.825
43.528005838394165,-0.015997070446610452,0.9999847412109375,0.0,6,0.0836818,6.0,17938.3,289.35,0.37623,12.991,3.83572,10.09,19.7411,57.9931,76.3206,84.3454,89.0939,93.7259,97.35,101.274,105.536,110.18,117.431,127.006,160.528,46.5937,32.9614,23.6057,12.4702,0.587322,265.583,265.847,258.849,258.849
43.54608941078186,-0.021409824863076212,0.9999847412109375,0.0,6,0.0852315,6.0,17940.9,289.502,0.483588,12.9489,4.0494,10.6981,21.0609,58.5309,75.6224,83.4948,88.2268,92.846,96.4622,100.38,104.637,109.28,116.534,126.126,158.805,45.6038,32.3346,23.1942,12.2798,0.565131,265.675,266.028,258.885,258.885
43.56654620170593,-0.027609944716095926,0.9999847412109375,0.0,6,0.0872437,6.0,17946.2,289.648,0.6185,12.9512,4.26965,11.3438,22.5163,58.931,75.0321,82.7893,87.5226,92.147,95.7702,99.6979,103.97,108.633,115.927,125.587,157.018,44.5209,31.6588,22.7565,12.0824,0.542575,265.756,266.216,258.954,258.954
43.5878746509552,-0.03277674317359924,0.9999847412109375,0.0,6,0.0899417,6.0,17961.6,289.781,0.812525,12.9131,4.49901,12.045,24.1808,59.3305,74.6055,82.3031,87.0644,91.7221,95.3753,99.3394,103.656,108.373,115.763,125.571,155.131,43.307,30.9136,22.282,11.8752,0.519554,265.799,266.416,259.181,259.181
43.605116844177246,-0.034597430005669595,0.9999847412109375,0.0,6,0.0933568,6.0,17969.0,289.92,1.07894,12.8985,4.73977,12.8152,26.1132,59.7629,74.3426,82.0539,86.8731,91.5949,95.3037,99.3336,103.727,108.536,116.086,126.136,153.137,41.9681,30.0999,21.7698,11.6573,0.495918,265.839,266.62,259.288,259.288
43.62564301490784,-0.034597430005669595,0.745086669921875,0.0941162109375,6,0.0972211,6.0,17976.4,290.055,1.36713,12.8998,4.99199,13.6515,28.3129,60.1604,74.1616,81.9634,86.8616,91.6697,95.4525,99.5693,104.065,108.995,116.752,127.732,151.069,40.5693,29.2485,21.2343,11.4311,0.471572,265.906,266.795,259.394,259.394
43.6463885307312,-0.034597430005669595,0.1686248779296875,0.227447509765625,6,0.101178,6.0,17856.1,289.872,1.60206,12.9108,5.25491,14.5423,30.74,60.4543,74.003,81.9224,86.9075,91.8106,95.6749,99.8868,104.495,109.557,117.545,152.483,148.977,39.181,28.394,20.6925,11.1994,0.446423,264.303,265.24,257.68,257.68
43.66662621498108,-0.034597430005669595,0.0,0.3019561767578125,6,0.105138,6.0,17585.3,288.916,1.77175,12.9151,5.52837,15.4862,33.3996,60.6465,73.8639,81.9071,86.9836,91.9869,95.9374,100.25,104.978,110.182,118.415,150.479,146.877,37.8183,27.5445,20.1483,10.9629,0.420447,261.412,262.395,253.317,254.314
43.68756818771362,-0.03277674317359924,0.0,0.3725433349609375,6,0.109399,6.0,17414.1,287.41,1.98046,12.8874,5.81435,16.5068,36.4252,60.8339,73.8331,82.0274,87.2147,92.3389,96.3931,100.828,105.698,111.073,119.601,148.435,144.724,36.4348,26.6764,19.59,10.7195,0.393682,258.796,259.877,250.653,252.072
43.70753741264343,-0.013585955277085305,0.0,0.42352294921875,6,0.1139,6.0,17278.6,285.648,2.23093,12.8332,6.11278,17.6073,39.6379,61.0082,73.9003,82.2715,87.5881,92.8535,97.0285,101.605,106.643,112.216,147.979,146.359,142.523,35.0464,25.7978,19.0218,10.47,0.366146,255.997,257.166,248.668,250.161
43.725473165512085,-0.0038433611392974854,0.0,0.462738037109375,6,0.117621,6.0,17139.5,283.702,2.43229,12.8135,6.41514,18.7064,41.3384,60.9495,73.7735,82.2754,87.6901,93.0639,97.3336,102.022,107.194,112.927,146.04,144.381,140.452,33.7995,24.9874,18.4848,10.2235,0.337913,253.826,254.863,246.765,248.061
43.745851278305054,-0.0013833228498697282,0.0,0.478424072265625,6,0.119881,6.0,17000.0,281.657,2.33634,12.7907,6.7134,19.7252,42.0916,60.5316,73.2439,81.7744,87.2168,92.6255,96.928,101.658,106.882,112.681,144.267,142.595,138.644,32.7692,24.2879,18.0026,9.98567,0.309118,251.502,252.216,244.915,245.882
43.76618456840515,-0.0007437799125909806,0.0,0.4980316162109375,6,0.120858,6.0,16874.8,279.545,1.96127,12.8394,7.00611,20.6535,42.3158,59.8228,72.3571,80.8231,86.2286,91.6038,95.882,100.587,105.787,111.562,142.646,140.986,137.072,31.9114,23.678,17.5653,9.75526,0.279892,249.374,249.767,243.282,243.915
43.78708338737488,-0.0004978239536285401,0.0,0.51763916015625,6,0.121141,6.0,16734.2,277.408,1.51528,12.8404,7.29607,21.5289,42.274,58.9681,71.2874,79.6392,84.9731,90.2782,94.501,99.1462,104.28,109.984,141.113,139.475,135.63,31.1396,23.1126,17.15,9.52807,0.250361,247.012,247.235,241.33,241.813
43.807385206222534,-0.0004978239536285401,0.0,0.541168212890625,6,0.121138,6.0,16590.9,275.212,1.12715,12.8225,7.58528,22.382,42.0914,58.0595,70.154,78.3731,83.6221,88.8428,92.9984,97.5697,102.622,108.234,139.62,138.01,134.244,30.3999,22.5634,16.7425,9.30163,0.220642,244.636,244.908,239.296,239.714
43.82464933395386,-0.0004978239536285401,0.0,0.5686187744140625,6,0.121103,6.0,16442.1,272.947,0.823369,12.8537,7.87466,23.2332,41.8399,57.1489,69.0285,77.1143,82.2781,87.4138,91.5019,95.9987,100.969,106.49,138.141,136.558,132.869,29.6664,22.0154,16.3354,9.07503,0.190873,242.587,242.695,237.159,237.564
43.84541940689087,-0.0017769098281860353,0.0,0.588226318359375,6,0.121097,6.0,16301.7,270.638,0.607335,12.8928,8.16413,24.0867,41.5403,56.2471,67.9257,75.8823,80.9634,86.0171,90.0395,94.4643,99.3545,104.787,136.67,135.113,131.498,28.9704,21.4658,15.9275,8.84837,0.161124,239.71,239.803,235.067,235.547
43.86543130874634,-0.013585955277085305,0.0,0.6235198974609375,6,0.121175,6.0,16158.3,268.28,0.442727,13.0134,8.45362,24.9474,41.2072,55.363,66.859,74.6935,79.6969,84.6735,88.6349,92.9928,97.8089,103.16,135.202,133.669,130.122,28.3216,20.9127,15.5181,8.62182,0.131464,236.814,236.865,233.073,233.47
43.88549876213074,-0.034597430005669595,0.0,0.6548919677734375,6,0.121903,6.0,15989.0,265.882,0.362101,13.0478,8.74993,25.8312,40.9293,54.604,65.9778,73.7355,78.6929,83.626,87.5542,91.8773,96.6569,101.969,133.681,132.161,128.657,27.6471,20.3224,15.0895,8.39143,0.101857,233.304,233.44,230.557,231.117
43.90627646446228,-0.0509344968944788,0.0,0.698028564453125,6,0.124139,6.0,15814.6,263.375,0.470655,13.0422,9.06452,26.597,40.8188,54.1232,65.5058,73.2906,78.2743,83.2402,87.1998,91.5623,96.3919,101.768,132.019,130.491,126.973,26.8171,19.6483,14.6168,8.15157,0.0722307,229.922,230.582,227.86,228.79
43.925280809402466,-0.05319807678461075,0.0,0.73724365234375,6,0.128517,6.0,15626.5,260.752,0.901466,13.0626,9.40917,27.3392,40.9461,54.0389,65.6226,73.5881,78.7058,83.8198,87.9078,92.4227,97.4339,103.091,130.149,128.58,124.969,25.7283,18.8632,14.0842,7.89782,0.0423815,226.587,227.655,224.896,226.337
43.94495415687561,-0.05319807678461075,0.0,0.76861572265625,6,0.134317,6.0,15464.0,258.042,1.57758,13.1102,9.77979,28.0405,41.2097,54.2391,66.169,74.4344,79.7716,85.1263,89.4218,94.1814,99.4843,129.39,128.13,126.498,122.734,24.4975,18.0193,13.518,7.63486,0.0121651,222.258,223.74,222.273,224.176
43.96511912345886,-0.05319807678461075,0.0,0.7882232666015625,6,0.140172,6.0,15288.9,255.27,2.12814,13.2603,10.1621,28.6157,41.4349,54.4864,66.7943,75.3894,80.9694,86.5913,91.1187,96.1537,128.261,127.412,126.1,124.402,120.477,23.3168,17.1918,12.9572,7.37047,-0.018544,217.603,219.311,219.863,221.645
43.98733901977539,-0.05319807678461075,0.0,0.7960662841796875,6,0.145555,6.0,15087.4,252.495,2.52882,13.2897,10.5493,29.0528,41.5661,54.6824,67.3477,76.2607,82.0775,87.962,92.7189,98.0279,126.359,125.478,124.12,122.362,118.288,22.2434,16.4028,12.4141,7.10724,-0.0497742,212.781,214.677,216.988,218.718
44.00688171386719,-0.0509344968944788,0.0,0.8039093017578125,6,0.150407,6.0,14888.8,249.652,2.78973,13.2615,10.9396,29.3718,41.6036,54.81,67.801,77.0096,83.0492,89.1835,94.1599,125.347,124.509,123.601,122.203,120.391,116.187,21.275,15.6503,11.8881,6.84524,-0.0815101,208.437,211.101,214.168,215.807
44.0259428024292,-0.048720127344131475,0.0,0.8039093017578125,6,0.155197,6.0,14685.9,246.673,2.97194,13.2897,11.3397,29.6286,41.6125,54.9618,68.2951,77.8171,84.0946,90.497,95.729,123.532,122.668,121.734,120.295,118.43,114.091,20.3523,14.9111,11.3667,6.58173,-0.11376,206.569,209.239,211.261,212.863
44.04599189758301,-0.048720127344131475,0.0,0.807830810546875,6,0.160019,6.0,14512.8,243.751,3.15407,13.2985,11.7509,29.8403,41.6079,55.157,68.8611,78.7255,85.2639,91.9622,122.543,121.719,120.829,119.867,118.386,116.464,111.983,19.4653,14.1861,10.848,6.3164,-0.146505,203.482,206.187,208.514,210.444
44.06487703323364,-0.048720127344131475,0.0,0.807830810546875,6,0.164065,6.0,14381.0,240.823,3.07288,13.5,12.1604,29.956,41.5002,55.2283,69.234,79.3847,86.1458,93.1291,120.83,119.986,119.077,118.094,116.58,114.615,110.026,18.6934,13.5184,10.3467,6.05235,-0.179803,199.677,202.218,206.948,208.336
44.087641954422,-0.048720127344131475,0.0,0.8117523193359375,6,0.167228,6.0,14191.7,238.015,2.8754,13.5912,12.5643,29.9752,41.3005,55.144,69.3578,79.717,86.6436,120.003,119.208,118.351,117.428,116.433,114.898,112.907,108.254,18.0427,12.9119,9.86254,5.78977,-0.213614,195.325,197.754,204.358,205.5
44.107874393463135,-0.0509344968944788,0.0,0.8117523193359375,6,0.169831,6.0,13992.9,235.267,2.67645,13.538,12.9286,29.9295,41.0523,54.9644,69.3253,79.8411,86.8961,118.453,117.649,116.785,115.853,114.849,113.302,111.295,106.609,17.4828,12.3566,9.38898,5.52787,-0.247798,190.266,192.702,201.525,202.592
44.125751972198486,-0.05787286758422852,0.0,0.815673828125,6,0.172271,6.0,13795.7,232.323,2.46392,13.5713,13.2347,29.8518,40.801,54.7721,69.2679,79.9311,87.1079,116.931,116.12,115.247,114.309,113.297,111.74,109.722,105.01,16.9781,11.8404,8.92032,5.26553,-0.282263,187.962,191.287,198.727,199.705
44.147263288497925,-0.06556898251571693,0.0,0.815673828125,6,0.175345,6.0,13597.3,229.421,2.38874,13.5562,13.5031,29.8009,40.641,54.7423,69.4705,80.3683,87.7472,115.365,114.541,113.657,112.706,111.682,110.105,108.063,103.288,16.4476,11.3325,8.46285,4.99994,-0.316994,185.497,188.849,195.795,196.902
44.16627645492554,-0.06978859121521314,0.0,0.8195953369140625,6,0.178859,6.0,13486.9,226.504,2.35905,13.6786,13.7403,29.7643,40.5506,54.8372,69.8754,81.0801,114.848,113.769,112.931,112.032,111.065,110.023,108.42,106.345,101.478,15.9123,10.8398,8.02765,4.73231,-0.351969,181.821,185.166,193.971,195.413
44.187811613082886,-0.0713742845732967,0.0,0.8195953369140625,6,0.182125,6.0,13327.0,223.698,2.26021,13.8675,13.939,29.6968,40.4487,54.9058,70.2371,81.7368,113.304,112.207,111.356,110.443,109.463,108.406,106.779,104.677,99.7275,15.4405,10.3866,7.6258,4.46479,-0.387221,177.234,180.419,191.878,193.0
44.206560373306274,-0.07289612071489296,0.0,0.823516845703125,6,0.185048,6.0,13129.7,221.005,2.18256,13.9097,14.1027,29.5943,40.3233,54.9245,70.5151,82.2819,111.799,110.688,109.826,108.903,107.911,106.842,105.198,103.073,98.061,15.0442,9.97664,7.25831,4.19753,-0.422743,171.798,174.918,189.093,190.125
44.22561073303223,-0.07440552447805801,0.0,0.823516845703125,6,0.187677,6.0,12927.5,218.334,2.1306,13.8471,14.2364,29.462,40.1775,54.8995,70.7181,82.7355,110.331,109.208,108.338,107.406,106.405,105.327,103.67,101.529,96.4715,14.7279,9.60783,6.9221,3.93816,-0.458435,165.371,169.79,186.166,187.209
44.24751687049866,-0.07629524599959452,0.0,0.823516845703125,6,0.190764,6.0,12714.1,214.99,2.02306,14.2128,14.3533,29.35,40.1031,55.0058,71.141,110.016,108.837,107.697,106.816,105.872,104.858,103.766,102.09,99.9218,94.7876,14.414,9.25559,6.60719,3.70079,-0.494189,169.995,175.363,183.182,184.071
44.26553177833557,-0.07817762111569444,0.0,0.823516845703125,6,0.180219,6.0,12489.9,211.659,2.21405,14.6372,14.4893,29.3873,40.3543,55.7397,72.6342,108.353,107.134,105.957,105.047,104.072,103.024,101.895,100.161,97.9105,92.5129,13.863,8.85243,6.28419,3.47955,-0.528851,176.152,179.805,179.667,181.109
44.28807044029236,-0.08000292031263312,0.0,0.823516845703125,6,0.168511,6.0,12457.2,208.429,2.52747,15.4203,14.6444,29.5817,40.928,57.1174,75.2715,106.502,105.222,103.987,103.031,102.005,100.901,99.7114,97.8784,95.4837,89.5672,13.1142,8.40714,5.95458,3.27263,-0.560266,176.645,179.446,178.484,181.059
44.306381702423096,-0.08173045580645401,0.0,0.823516845703125,6,0.157321,6.0,12315.2,205.372,2.44612,16.707,14.7947,29.832,41.613,58.7389,78.4653,104.606,103.259,101.959,100.951,99.8667,98.7011,97.4425,95.4915,92.919,86.2555,12.3689,7.97079,5.63637,3.07837,-0.588963,176.476,177.859,176.814,178.85
44.32650685310364,-0.08328958908334375,0.0,0.823516845703125,6,0.14872,6.0,12123.0,202.613,2.42142,17.7364,14.9328,30.0945,42.3224,60.4364,105.017,102.723,101.309,99.9428,98.881,97.7404,96.5116,95.1782,93.1032,90.3269,82.5587,11.6858,7.55903,5.33597,2.89672,-0.61543,172.144,173.341,174.119,176.057
44.34698557853699,-0.08481538098171351,0.0,0.8195953369140625,6,0.139687,6.0,11973.6,199.913,2.40685,18.5667,15.0489,30.3232,42.9619,62.0129,103.305,100.914,99.4407,98.0139,96.9051,95.7135,94.4247,93.023,90.8263,87.8425,78.2131,11.1108,7.18964,5.06202,2.72965,-0.639923,166.311,167.458,171.943,173.849
44.366034746170044,-0.08626601350138585,0.0,0.815673828125,6,0.129303,6.0,11759.2,197.346,2.31001,19.1293,15.1339,30.4716,43.4298,63.2406,101.713,99.2481,97.7287,96.2561,95.1129,93.8815,92.5466,91.0923,88.7964,85.6339,47.9434,10.677,6.87639,4.81983,2.57685,-0.66237,160.198,161.023,169.081,170.627
44.38710427284241,-0.08761888231794039,0.0,0.79998779296875,6,0.120146,6.0,11528.5,194.952,2.37814,19.2117,15.1994,30.5863,43.823,64.3162,100.184,97.6572,96.0987,94.5886,93.4159,92.15,90.7769,89.2762,86.8923,83.5577,33.5445,10.3224,6.60132,4.60121,2.4375,-0.682743,152.235,152.754,165.72,167.318
44.4056441783905,-0.09581477053482088,0.0,0.7882232666015625,6,0.110696,6.0,11361.3,192.665,2.46135,19.0795,15.2436,30.6567,44.1184,65.1842,98.7296,96.1538,94.5645,93.0266,91.8309,90.5385,89.1361,87.5981,85.1442,81.6619,29.9711,10.058,6.36777,4.40933,2.31301,-0.701143,142.595,142.715,163.148,164.946
44.425493240356445,-0.1080862621143212,0.0,0.7803802490234375,6,0.100224,6.0,11184.8,190.552,2.44082,18.7749,15.261,30.6527,44.2496,65.6879,97.3847,94.7803,93.1742,91.6218,90.414,89.1088,87.6916,86.1343,83.6444,80.0793,29.809,9.91693,6.18553,4.2488,2.20339,-0.717534,131.241,130.806,160.819,162.251
44.44619107246399,-0.12930685464754701,0.0,0.776458740234375,6,0.089977,6.0,11001.0,188.548,2.34981,18.3255,15.2556,30.5859,44.24,65.8722,96.1339,93.5183,91.9072,90.3517,89.1415,87.8345,86.4156,84.8558,82.3613,78.7802,31.1583,9.89888,6.05262,4.11707,2.10773,-0.731948,119.021,117.898,158.219,159.533
44.46678423881531,-0.15725331343486906,0.0,0.6719218273395846,6,0.0797312,6.0,10821.2,186.545,2.19745,17.8378,15.2319,30.4757,44.1315,65.8278,94.9531,92.3383,90.7303,89.1795,87.9738,86.6731,85.2617,83.7112,81.2349,77.6878,33.3251,9.9995,5.96559,4.01199,2.02606,-0.74454,107.094,105.247,155.658,156.933
44.48817992210388,-0.18813897329796103,0.0,0.6462679085609162,6,0.0691659,6.0,10727.3,184.673,2.02171,17.2482,15.1943,30.3397,43.9622,65.639,93.8205,91.2142,89.6142,88.0733,86.8763,85.5866,84.1884,82.6546,80.2107,76.7278,35.959,10.2212,5.91841,3.93173,1.9575,-0.755374,97.2659,94.5022,154.118,155.61
44.50569701194763,-0.20590561508690935,0.0,0.6190771064255804,6,0.0587494,6.0,10654.9,182.798,1.79135,16.7158,15.1435,30.1787,43.7345,65.3117,92.734,90.1431,88.5557,87.029,85.8446,84.5701,83.1904,81.6797,79.2802,75.8864,39.176,10.6007,5.91492,3.87713,1.90112,-0.764473,88.3521,84.9263,153.081,154.531
44.52596068382263,-0.2137490669974809,0.0,0.5624115323757934,6,0.0489842,6.0,10590.4,180.823,1.53105,16.3069,15.083,30.0067,43.4789,64.9154,91.6765,89.1045,87.532,86.0218,84.8517,83.5942,82.2353,80.7506,78.4005,75.1045,42.7549,11.1662,5.95475,3.84574,1.85661,-0.772002,82.302,78.2728,152.26,153.494
44.54635500907898,-0.21590580022578437,0.0,0.4801368039869637,6,0.0394537,6.0,10397.9,179.116,1.36027,15.6063,15.0183,29.8499,43.2531,64.5816,90.6161,88.0603,86.5007,85.0049,83.8476,82.6054,81.265,79.8031,77.4961,74.2835,45.9262,11.9314,6.02876,3.83464,1.82337,-0.778038,77.7118,72.9709,149.42,150.842
44.56653070449829,-0.2179652467179547,0.0,0.39500021550787656,6,0.0299775,6.0,10385.3,177.486,1.20855,14.933,14.9469,29.6948,43.0284,64.2487,89.5662,87.027,85.4804,83.9994,82.8549,81.6278,80.3058,78.8666,76.6022,73.4703,49.0844,12.7519,6.14614,3.84724,1.80106,-0.782589,72.8525,67.6592,149.081,150.637
44.5861656665802,-0.20903138794377443,0.0,0.33310487300344116,6,0.0214102,6.0,10427.3,175.793,1.03191,14.43,14.8698,29.5371,42.7954,63.9712,88.5325,86.011,84.4782,83.0124,81.8812,80.6699,79.3668,77.9509,75.7299,72.6789,52.4076,13.5704,6.31396,3.88391,1.78952,-0.785749,72.344,66.7369,149.908,151.029
44.60722589492798,-0.1499630952326457,0.0,0.3725433349609375,6,0.0130555,6.0,10331.7,174.189,0.888025,13.8607,14.7956,29.3903,42.5836,63.9374,87.4987,84.9931,83.4729,82.0213,80.9022,79.7056,78.4197,77.0252,74.8437,71.8648,55.3868,14.3507,6.52779,3.94232,1.78816,-0.78766,76.3166,70.325,148.831,149.515
44.62699627876282,-0.09251833348352463,0.0,0.368621826171875,6,0.00496167,6.0,10167.5,173.057,0.846339,12.8697,14.7252,29.2603,42.4069,64.919,86.4544,83.9617,82.4521,81.0124,79.9038,78.7195,77.4488,76.0725,73.9247,71.0062,57.6837,15.0755,6.79018,4.02348,1.79699,-0.7883,72.6007,66.2783,146.079,147.405
44.64709448814392,-0.05137920174183635,0.0,0.3882293701171875,6,-0.00291378,6.0,10165.1,171.793,0.772377,12.1095,14.6538,29.1208,42.2072,89.387,85.4308,82.9536,81.4562,80.0301,78.9332,77.7628,76.5087,75.1525,73.0418,70.189,60.0152,15.8198,7.11605,4.13219,1.81588,-0.787715,67.9981,61.3144,146.156,147.207
44.66720986366272,-0.03205139989606105,0.0,0.4274444580078125,6,-0.0105374,6.0,10142.9,170.355,0.661134,11.5789,14.5804,28.9664,41.9736,88.3743,84.435,81.9767,80.4937,79.0833,77.9999,76.8453,75.6099,74.2766,72.2071,69.4272,60.4905,16.6067,7.45913,4.27026,1.84515,-0.785997,65.5661,58.5559,146.066,146.703
44.686522483825684,-0.022238224638700482,0.0,0.4666595458984375,6,-0.0182164,6.0,9752.67,169.286,0.585399,10.5595,14.5064,28.8059,41.7252,87.3758,83.456,81.0182,79.5505,78.1566,77.0874,75.9492,74.7334,73.4237,71.3966,68.6905,60.5302,17.4161,7.80427,4.43809,1.88472,-0.783175,62.1788,55.1414,140.608,141.516
44.70512127876282,-0.02054366262336262,0.0,0.5058746337890625,6,-0.0259584,6.0,9573.18,168.545,0.506096,9.42321,14.4316,28.6394,41.4632,86.3871,82.4891,80.0731,78.6214,77.2448,76.1903,75.0692,73.8734,72.588,70.604,67.9721,60.4132,18.2539,8.15399,4.63052,1.93455,-0.779222,48.0346,41.2298,137.241,139.035
44.72459053993225,-0.020673182063670827,0.0,0.541168212890625,6,-0.0332645,6.0,9602.6,167.401,0.400187,8.56901,14.3561,28.4673,41.1885,85.4094,81.5353,79.1423,77.7073,76.3485,75.3092,74.2055,73.0303,71.7696,69.8291,67.2709,60.2106,19.1229,8.50839,4.82506,1.99433,-0.774193,34.5121,27.1127,137.727,139.3
44.74514126777649,-0.020845384046807885,0.0,0.5843048095703125,6,-0.0403808,6.0,9531.13,165.88,0.299928,7.93858,14.2816,28.2979,40.9184,84.4384,80.5878,78.2175,76.7988,75.4576,74.4331,73.3464,72.191,70.9542,69.0555,66.5672,59.9139,19.9929,8.86063,5.01789,2.06361,-0.768206,26.4842,18.9554,136.826,138.83
44.76509666442871,-0.024642287242719902,0.0,0.61175537109375,6,-0.0476764,6.0,8936.33,165.149,0.182527,6.76479,14.2047,28.114,40.6161,83.4878,79.6653,77.3204,75.9197,74.5975,73.5891,72.5207,71.3866,70.1752,68.3208,65.9053,59.6325,20.9399,9.22617,5.21422,2.14035,-0.761256,13.5798,7.11331,128.078,130.677
44.784907579422,-0.047926132595418024,0.0,0.062744140625,6,-0.0545676,6.0,8324.79,164.511,0.0611397,5.57417,14.1279,27.9301,40.3139,82.5403,78.7461,76.4265,75.0436,73.7402,72.7476,71.6972,70.584,69.3973,67.5858,65.2396,59.2956,21.9092,9.59493,5.41124,2.21735,-0.753324,0.0,0.0,119.139,121.989
44.806055307388306,-0.08291141925534855,0.0,0.635284423828125,6,-0.0550378,6.0,8780.46,162.975,-0.0182692,4.9172,14.055,27.7656,40.053,81.5818,77.8106,75.5127,74.1454,72.8586,71.8799,70.8453,69.7504,68.5854,66.8114,64.5246,58.8408,22.806,9.94828,5.60288,2.29328,-0.745011,8.89261,8.98613,125.443,127.061
44.82581949234009,-0.10266541239355378,0.0,0.06392059326171876,6,-0.0554617,6.0,8578.98,161.202,-0.0820508,4.39149,13.9835,27.606,39.802,80.6302,76.8813,74.6043,73.252,71.981,71.0157,69.9964,68.9191,67.7747,66.0361,63.805,58.3511,23.6908,10.2971,5.79219,2.36835,-0.736789,2.70926,3.00505,122.885,125.612
44.846526861190796,-0.10760732129469514,0.0,0.6392059326171875,6,-0.055981,6.0,8744.9,159.581,-0.165,3.80681,13.9114,27.4415,39.5396,79.693,75.968,73.7129,72.3761,71.1215,70.1698,69.166,68.1065,66.9831,65.2803,63.1045,57.8686,24.6156,10.6515,5.98249,2.44309,-0.72864,18.1266,18.576,124.516,127.302
44.865700244903564,-0.108791222786208,0.0,0.6392059326171875,6,-0.0563033,6.0,8659.88,157.486,-0.214607,3.52236,13.8426,27.2921,39.3088,78.754,75.0494,72.8136,71.4907,70.2508,69.3114,68.3216,67.2783,66.1735,64.5029,62.3759,57.3243,25.4699,10.9906,6.16708,2.51651,-0.720585,15.4836,15.8733,123.654,126.264
44.885838985443115,-0.0939811964917183,0.0,0.64312744140625,6,-0.0563529,6.0,8721.88,155.129,-0.218068,3.45527,13.7782,27.1631,39.1205,77.8107,74.1218,71.902,70.591,69.3638,68.435,67.4574,66.4281,65.3396,63.6967,61.6118,56.7119,26.2123,11.306,6.34315,2.58804,-0.712659,14.2586,14.5983,124.656,126.918
44.90531826019287,-0.06635800991932551,0.0,0.64312744140625,6,-0.0561045,6.0,8798.34,152.676,-0.176214,3.5267,13.7183,27.0553,38.9772,76.8626,73.1847,70.9777,69.6766,68.46,67.5401,66.5729,65.5556,64.481,62.8616,60.8123,56.0363,26.8255,11.5954,6.51028,2.65784,-0.704828,14.0106,14.3288,126.094,127.828
44.925631284713745,-0.05452957505981127,0.0,0.6392059326171875,6,-0.0556071,6.0,8768.8,150.36,-0.102944,3.58292,13.6623,26.9659,38.8721,75.9129,72.2422,70.0453,68.7525,67.545,66.6328,65.6745,64.6675,63.6049,62.006,59.9873,55.315,27.3206,11.8601,6.66855,2.72572,-0.697121,13.6426,14.1001,126.044,127.099
44.94510555267334,-0.0492366811141496,0.0,0.6392059326171875,6,-0.0549982,6.0,8698.38,148.231,-0.0212787,3.59933,13.6086,26.8854,38.7853,74.9687,71.3039,69.1162,67.8312,66.6321,65.7269,64.777,63.7798,62.7283,61.1484,59.1582,54.5804,27.7519,12.1097,6.82101,2.79213,-0.68953,11.4078,11.879,125.281,125.88
44.96511697769165,-0.04973815249820551,0.0,0.635284423828125,6,-0.0544093,6.0,8597.71,146.176,0.0494077,3.61961,13.5555,26.8052,38.6978,74.0377,70.3797,68.2016,66.9246,65.7341,64.8361,63.8948,62.9073,61.8672,60.3066,58.345,53.8606,28.1737,12.3548,6.97089,2.85752,-0.68205,8.68297,9.17469,123.945,124.343
44.98477840423584,-0.05022547043200582,0.0,0.6313629150390625,6,-0.0539373,6.0,8484.45,144.179,0.0981498,3.62773,13.5021,26.7193,38.5965,73.1256,69.4765,67.3095,66.0413,64.8601,63.9699,63.0377,62.0607,61.0326,59.4922,57.5606,53.1732,28.6247,12.6017,7.11989,2.92191,-0.674715,5.59985,6.12887,122.358,122.674
45.00595235824585,-0.050688141840361065,0.0,0.061959838867187506,6,-0.0536225,6.0,8317.63,142.283,0.125304,3.52172,13.4477,26.6247,38.4748,72.2343,68.5971,66.4429,65.1844,64.0135,63.1318,62.2094,61.2437,60.2285,58.7099,56.8102,52.5245,29.1266,12.8559,7.27005,2.98577,-0.667489,2.22276,2.76623,119.958,120.342
45.02689242362976,-0.06361573278922589,0.0,0.5921478271484375,6,-0.0534175,6.0,8529.62,140.665,0.135136,3.34341,13.3926,26.5242,38.3394,71.36,67.7367,65.5964,64.3483,63.1882,62.3156,61.4036,60.4496,59.4478,57.9517,56.0848,51.9022,29.6629,13.1146,7.42069,3.04914,-0.660355,17.0575,17.7362,122.937,123.176
45.046263694763184,-0.10591108803632358,0.0,0.556854248046875,6,-0.053304,6.0,8221.0,139.176,0.130107,3.16391,13.3373,26.4193,38.1932,70.4994,66.8916,64.7663,63.529,62.3803,61.517,60.6157,59.6737,58.6859,57.2127,55.3793,51.2996,30.2269,13.3764,7.57129,3.11186,-0.653324,12.2903,13.0124,118.667,118.838
45.06650447845459,-0.1490828302889938,0.0,0.501953125,6,-0.0532664,6.0,8109.78,137.529,0.117957,3.00294,13.2818,26.311,38.0384,69.6525,66.0617,63.952,62.7259,61.5888,60.7351,59.8447,58.9151,57.9413,56.4914,54.6916,50.7137,30.8142,13.6404,7.72155,3.17391,-0.646397,8.11397,8.87835,117.02,117.178
45.08554458618164,-0.2120595289056655,0.0,0.351673287545097,6,-0.0532797,6.0,8042.5,135.875,0.101329,2.86956,13.2265,26.2008,37.8785,68.8182,65.245,63.1514,61.9368,60.8116,59.9676,59.0882,58.171,57.2113,55.7848,54.0182,50.1397,31.4165,13.9055,7.87132,3.23536,-0.639555,6.13108,6.94317,116.044,116.184
45.10639762878418,-0.24544541699644176,0.0,0.22690769047726858,6,-0.053326,6.0,8003.18,134.315,0.08168,2.67395,13.1715,26.09,37.7162,67.9949,64.4401,62.3628,61.1597,60.0464,59.2122,58.3438,57.439,56.4934,55.0899,53.3563,49.5741,32.026,14.17,8.01994,3.29609,-0.632809,10.0343,10.8292,115.446,115.632
45.126182556152344,-0.2537479083588254,0.0,0.09688892107062058,6,-0.0533183,6.0,8001.27,132.887,0.0637968,2.47877,13.1179,25.9842,37.5636,67.1766,63.6395,61.5781,60.3862,59.2844,58.4597,57.602,56.7091,55.777,54.3959,52.6937,49.0022,32.6025,14.426,8.16505,3.35579,-0.626155,17.7061,18.6569,115.43,115.55
45.14625859260559,-0.2552029854196496,0.0,0.0,6,-0.0531963,6.0,8003.37,131.642,0.0487715,2.31903,13.0663,25.8869,37.4287,66.3587,62.8381,60.7916,59.6103,58.5195,57.7037,56.8561,55.9747,55.0554,53.6952,52.0227,48.4154,33.1176,14.6684,8.30513,3.41436,-0.619579,29.2307,30.22,115.462,115.589
45.16514325141907,-0.25650378924992867,0.0,0.0,6,-0.0528625,6.0,7985.03,130.529,0.0384547,2.21197,13.0179,25.8045,37.3251,65.5343,62.0275,59.9943,58.8226,57.7418,56.9342,56.0959,55.2249,54.3173,52.9765,51.331,47.7995,33.5203,14.887,8.43692,3.4713,-0.613091,44.176,45.209,115.178,115.351
45.185165882110596,-0.25097031441405415,0.0,0.0,6,-0.0521682,6.0,7922.4,129.46,0.0338789,2.16152,12.9746,25.7468,37.2742,64.6937,61.1965,59.174,58.0104,56.9378,56.1372,55.3069,54.4449,53.5475,52.2232,50.6013,47.1345,33.7345,15.0657,8.55497,3.52568,-0.606726,59.2725,60.3851,114.242,114.493
45.205546855926514,-0.18902953454335528,0.0,0.0,6,-0.0508955,6.0,7859.29,128.389,0.0422529,2.08358,12.9394,25.7287,37.3096,63.8234,60.329,58.313,57.155,56.0884,55.2928,54.4686,53.6134,52.7238,51.4122,49.8085,46.3916,33.6551,15.1812,8.65137,3.57618,-0.60053,74.4347,75.621,113.266,113.645
45.22512602806091,-0.12581227907468875,0.0,0.0,6,-0.0488494,6.0,7794.88,127.366,0.0918957,1.97323,12.9149,25.7635,37.5509,62.9114,59.4107,57.396,56.2403,55.1765,54.3838,53.5632,52.7121,51.8271,50.5236,48.9318,45.5466,33.2081,15.2142,8.71925,3.6216,-0.594541,88.9149,90.3096,112.246,112.805
45.24637794494629,-0.09076559724211694,0.0,0.0,6,-0.0461367,6.0,7735.82,126.44,0.1694,1.85261,12.9004,25.8465,38.1702,61.9626,58.4484,56.4307,55.2747,54.2111,53.4196,52.6006,51.7514,50.8685,49.5693,47.984,44.6165,32.4771,15.1746,8.76041,3.66172,-0.588824,101.916,103.386,111.312,112.026
45.26696181297302,-0.0547372487384826,0.0,0.0,6,-0.0425513,6.0,7683.57,125.69,0.22608,1.75693,12.8988,25.9938,40.3331,60.9629,57.4253,55.3994,54.2396,53.173,52.3804,51.5604,50.71,49.8259,48.5266,46.941,43.5726,31.4244,15.0464,8.76828,3.69524,-0.583431,112.251,113.495,110.449,111.365
45.28653955459595,-0.03482008319368276,0.0,0.0,6,-0.0381458,6.0,7655.24,125.415,0.384027,1.69584,12.9104,26.2058,64.6404,59.9116,56.3416,54.3028,53.136,52.0639,51.268,50.4444,49.5902,48.7021,47.3983,45.8058,42.4189,30.1387,14.8394,8.74431,3.72188,-0.578419,114.63,115.67,109.924,111.029
45.30610203742981,-0.021297169342869893,0.0,0.0,6,-0.0341628,6.0,7643.7,125.261,0.555975,1.64562,12.92,26.3998,63.672,58.884,55.288,53.2402,52.0685,50.9938,50.1961,49.3706,48.5143,47.6248,46.3196,44.7245,41.3316,29.0967,14.6662,8.72619,3.74701,-0.573751,114.661,115.578,109.802,110.813
45.326335430145264,-0.01107551269339708,0.0,0.0274505615234375,6,-0.0310195,6.0,7634.42,125.113,0.678151,1.53849,12.922,26.5443,62.7378,57.9072,54.297,52.2465,51.0743,50.0007,49.204,48.3797,47.5249,46.6382,45.3375,43.748,40.3719,28.3846,14.5585,8.72639,3.77282,-0.569373,114.624,115.352,109.76,110.582
45.34568643569946,-0.006101363409776241,0.0,0.0941162109375,6,-0.0288518,6.0,7613.49,124.922,0.710607,1.3973,12.9144,26.6267,61.8466,56.9911,53.3795,51.3337,50.1657,49.0972,48.3048,47.4854,46.6361,45.7562,44.4664,42.8921,39.5583,27.9926,14.5234,8.74884,3.80022,-0.565246,114.12,114.643,109.581,110.164
45.36617565155029,-0.0033377622288465504,0.0,0.1529388427734375,6,-0.0275405,6.0,7570.36,124.591,0.660931,1.27504,12.8982,26.6531,60.9948,56.1293,52.5271,50.4922,49.3323,48.2725,47.4871,46.6754,45.8351,44.9655,43.6921,42.1407,38.87,27.8537,14.5493,8.79047,3.82901,-0.561345,112.77,113.112,109.071,109.446
45.385234117507935,-0.001955989400545756,0.0,0.20391845703125,6,-0.0268205,6.0,7519.25,124.08,0.569308,1.1885,12.8763,26.6408,60.1714,55.3062,51.7206,49.7009,48.5515,47.5026,46.726,45.9241,45.0948,44.2375,42.9841,41.4604,38.265,27.8781,14.6153,8.84459,3.85849,-0.557631,111.355,111.565,108.412,108.645
45.40526723861694,-0.0009400285260379315,0.0,0.2548980712890625,6,-0.0264371,6.0,7459.86,123.407,0.46514,1.14761,12.8518,26.6078,59.3658,54.5065,50.9416,48.9393,47.8018,46.765,45.9981,45.2069,44.3897,43.5458,42.314,40.8202,37.7045,27.9879,14.7011,8.90417,3.88764,-0.554109,110.024,110.153,107.604,107.755
45.42509961128235,0.0,0.0,0.290191650390625,6,-0.0261863,6.0,7371.05,122.611,0.38554,1.0129,12.8268,26.5676,58.5691,53.7184,50.1759,48.1919,47.0668,46.0425,45.2856,44.5056,43.7006,42.8705,41.6606,40.1971,37.1611,28.1271,14.7928,8.9647,3.91615,-0.55072,108.564,108.644,106.338,106.482
45.44605493545532,0.0,0.0,0.313720703125,6,-0.0259822,6.0,7301.21,121.709,0.327078,0.858204,12.8023,26.526,57.7781,52.9375,49.418,47.4526,46.3401,45.3284,44.5816,43.8127,43.0201,42.2036,41.0156,39.5822,36.624,28.2332,14.8841,9.02413,3.94381,-0.547449,106.655,106.771,105.338,105.453
45.46548652648926,0.0009528302898568412,0.0,0.3333282470703125,6,-0.0258711,6.0,7236.29,120.718,0.2719,0.720829,12.7772,26.4792,56.9957,52.1671,48.672,46.7257,45.626,44.6272,43.8907,43.133,42.353,41.5503,40.3843,38.9808,36.0992,28.2376,14.98,9.08451,3.97114,-0.54426,104.872,104.96,104.419,104.505
45.486366510391235,0.002658275596300761,0.0,0.3568572998046875,6,-0.0258396,6.0,7167.69,119.64,0.221807,0.64278,12.752,26.4284,56.2218,51.407,47.9371,46.0104,44.9238,43.938,43.2118,42.4656,41.6981,40.9093,39.7651,38.3915,35.5847,28.1714,15.0792,9.14528,3.99797,-0.541166,103.576,103.644,103.443,103.509
45.506352186203,0.006279778970430295,0.0,0.368621826171875,6,-0.0259007,6.0,7090.87,118.497,0.179079,0.610755,12.7262,26.372,55.4577,50.6585,47.2149,45.3083,44.2349,43.2623,42.5467,41.8119,41.057,40.282,39.1598,37.8157,35.0824,28.0612,15.1839,9.20757,4.02468,-0.53813,102.271,102.322,102.348,102.396
45.52578067779541,0.010033900295145188,0.0,0.37646484375,6,-0.0260914,6.0,7006.17,117.313,0.143327,0.586592,12.6992,26.3075,54.7057,49.9243,46.5082,44.6223,43.5625,42.6033,41.8982,41.1751,40.4329,39.6719,38.5716,37.2569,34.5958,27.9257,15.2977,9.27262,4.05148,-0.535148,101.148,101.171,101.16,101.237
45.546788930892944,0.018237538873404263,0.0,0.3803863525390625,6,-0.0264552,6.0,6905.29,116.135,0.114251,0.462544,12.6704,26.2365,53.9682,49.207,45.8199,43.9555,42.9095,41.964,41.2699,40.5586,39.8293,39.0823,38.004,36.7188,34.1288,27.7785,15.425,9.34221,4.07874,-0.532199,100.06,100.008,99.6958,99.6938
45.56584191322327,0.022281112512610852,0.0,0.3882293701171875,6,-0.0271037,6.0,6842.6,114.963,0.086055,0.329184,12.6382,26.1788,53.2509,48.5134,45.1577,43.3159,42.2844,41.3533,40.6703,39.9712,39.2551,38.5224,37.4666,36.2112,33.6923,27.6395,15.5771,9.42067,4.10733,-0.529242,97.9492,97.9075,98.8778,98.6822
45.586050271987915,0.02675405656794707,0.0,0.3882293701171875,6,-0.028045,6.0,6777.9,113.769,0.0416539,0.219159,12.6024,26.1395,52.554,47.8436,44.5215,42.7034,41.6869,40.7704,40.0989,39.4124,38.7098,37.9916,36.9585,35.7329,33.2844,27.5083,15.7558,9.50858,4.13736,-0.526272,95.8575,95.7625,97.9906,97.7141
45.60551905632019,0.03166413156325618,0.0,0.3882293701171875,6,-0.0292223,6.0,6711.47,112.548,-0.00495647,0.140847,12.5635,26.1251,51.8749,47.1943,43.9073,42.1137,41.1124,40.2107,39.551,38.877,38.1881,37.4845,36.4739,35.2779,32.8984,27.3774,15.9586,9.60525,4.1689,-0.523255,94.2682,94.1142,97.0615,96.7294
45.62717080116272,0.034375675062894205,0.0,0.39215087890625,6,-0.0306204,6.0,6641.64,111.301,-0.0475293,0.102941,12.5218,26.141,51.2131,46.5644,43.3137,41.545,40.5592,39.6726,39.0245,38.3633,37.688,36.9988,36.0105,34.8438,32.5313,27.2454,16.1853,9.71048,4.20192,-0.520192,93.2202,92.9983,96.0802,95.7008
45.645183086395264,0.03721376157224178,0.0,0.39215087890625,6,-0.032223,6.0,6554.37,110.044,-0.0919893,0.0702624,12.4771,26.1963,50.5679,45.9531,42.7395,40.9961,40.0258,39.1543,38.5179,37.8693,37.2076,36.5328,35.5666,34.4283,32.1811,27.1121,16.4369,9.82473,4.23662,-0.517054,92.4554,92.1589,94.8609,94.5146
45.66649413108826,0.040175272650473444,0.0,0.3882293701171875,6,-0.0340894,6.0,6454.22,108.807,-0.151509,-0.0503491,12.4288,26.2971,49.9419,45.3632,42.1882,40.4705,39.5159,38.6595,38.0349,37.3989,36.7508,36.0903,35.1457,34.0355,31.8517,26.9846,16.7211,9.95059,4.27346,-0.513826,91.8095,91.385,93.4289,92.9457
45.686026096343994,0.04932334136962891,0.0,0.3882293701171875,6,-0.0361736,6.0,6392.71,107.6,-0.212757,-0.177557,12.3774,26.4658,49.3329,44.792,41.6561,39.9644,39.0256,38.1842,37.5712,36.9477,36.3131,35.6668,34.7436,33.6607,31.5383,26.8588,17.0363,10.0875,4.31244,-0.510488,90.1261,89.7355,92.5652,92.0122
45.706463098526,0.059456925049560766,0.0,0.3803863525390625,6,-0.0383771,6.0,6331.61,106.404,-0.253868,-0.285971,12.3238,26.7559,48.7357,44.2332,41.1366,39.4706,38.5474,37.7209,37.1194,36.5081,35.8866,35.2543,34.3517,33.2951,31.2318,26.7257,17.3755,10.2329,4.35322,-0.507029,88.315,87.8573,91.698,91.1246
45.724889516830444,0.0632643525719146,0.0,0.3725433349609375,6,-0.0407451,6.0,6270.31,105.201,-0.276247,-0.362289,12.2675,27.2879,48.1526,43.6896,40.6324,38.9921,38.0844,37.2725,36.6823,36.0831,35.4744,34.8558,33.9733,32.9423,30.9358,26.5915,17.7456,10.389,4.39623,-0.503434,87.0781,86.5467,90.8295,90.2259
45.745906352996826,0.07094406547864278,0.0,0.3411712646484375,6,-0.0433057,6.0,6205.96,103.984,-0.290289,-0.396674,12.2078,52.5094,47.5851,43.1626,40.1453,38.5306,37.6384,36.841,36.2619,35.6745,35.0785,34.4734,33.6107,32.6044,30.6525,26.46,18.1541,10.5587,4.44215,-0.499642,86.5107,85.8975,89.9234,89.2796
45.76705288887024,0.08730715278013298,0.0,0.274505615234375,6,-0.0461686,6.0,6151.35,102.789,-0.283689,-0.395272,12.1435,51.9424,47.0382,42.6582,39.6816,38.0927,37.2161,36.4331,35.8651,35.2894,34.7058,34.114,33.271,32.2886,30.3896,26.3401,18.5726,10.7468,4.49167,-0.495646,87.1148,86.425,89.1649,88.4577
45.78505754470825,0.10539046220339834,0.0,0.164703369140625,6,-0.049845,6.0,6091.64,101.746,-0.280157,-0.489721,12.0685,51.4084,46.5348,42.2029,39.2703,37.7086,36.8485,36.0804,35.5237,34.9601,34.3892,33.8108,32.9879,32.0297,30.1828,26.271,18.9617,10.9753,4.54802,-0.491382,88.918,88.0446,88.3711,87.5218
45.806944131851196,0.13022536069719742,0.0,0.007843017578125,6,-0.054992,6.0,6098.65,100.98,-0.278684,-0.581142,11.9754,50.9275,46.1029,41.829,38.9465,37.4146,36.5724,35.8205,35.2759,34.7249,34.1673,33.6031,32.8013,31.868,30.0738,26.2971,19.389,11.2758,4.61572,-0.486753,90.8534,89.7269,88.6268,87.4135
45.82507872581482,0.1356044359830022,0.0,0.0,6,-0.061642,6.0,6144.43,100.666,-0.292066,-0.689041,11.8637,50.4975,45.7398,41.5329,38.7061,37.2064,36.3832,35.6489,35.1168,34.5789,34.0352,33.4854,32.7053,31.798,30.0563,26.411,19.8572,11.6619,4.69684,-0.481622,93.0478,91.5112,89.4589,87.8728
45.84560465812683,0.13566534904271366,0.0,0.0,6,-0.0693534,6.0,6141.82,100.554,-0.362456,-0.775093,11.7379,50.1002,45.4214,41.2866,38.5187,37.0519,36.2481,35.5321,35.013,34.4883,33.9583,33.423,32.6642,31.7831,30.0927,26.573,20.3316,12.1298,4.79094,-0.475866,93.2657,91.4882,89.5527,87.7086
45.86527180671692,0.13571756023675205,0.0,0.0,6,-0.0773929,6.0,6135.99,100.458,-0.438123,-0.831348,11.6061,49.7107,45.1132,41.0504,38.341,36.9065,36.1215,35.423,34.9172,34.4055,33.8887,33.3671,32.6286,31.7725,30.1317,26.7295,20.7604,12.6578,4.895,-0.469448,93.2265,91.37,89.5073,87.5859
45.88567066192627,0.13576977143079041,0.0,0.0,6,-0.0853828,6.0,6130.18,100.362,-0.481112,-0.858909,11.4719,49.317,44.7982,40.8054,38.1522,36.749,35.9819,35.3001,34.8068,34.3081,33.8041,33.2954,32.5761,31.7433,30.1499,26.8566,21.1285,13.2346,5.00742,-0.462345,93.1329,91.2831,89.4166,87.509
45.90549325942993,0.1358219826248288,0.0,0.0,6,-0.0932778,6.0,6124.36,100.266,-0.498501,-0.877036,11.3358,48.9179,44.4747,40.5499,37.9502,36.5777,35.8276,35.1615,34.6801,34.1937,33.7025,33.2064,32.505,31.694,30.1458,26.9534,21.4431,13.8623,5.1282,-0.454555,93.0304,91.2032,89.3207,87.4369
45.926963090896606,0.13587364995226264,0.0,0.0,6,-0.101527,6.0,6118.44,100.171,-0.589308,-0.999342,11.1935,48.5269,44.1615,40.3054,37.7585,36.4166,35.6831,35.0323,34.5623,34.0879,33.609,33.1257,32.4417,31.6515,30.1461,27.0492,21.739,14.5134,5.26042,-0.446079,92.985,91.0759,89.2795,87.3072
45.94582223892212,0.13592531727969648,0.0,0.0,6,-0.110108,6.0,6112.64,100.076,-0.699366,-1.12254,11.0458,48.1429,43.8569,40.07,37.5749,36.2635,35.5464,34.9104,34.4514,33.9885,33.5215,33.0505,32.3842,31.6139,30.1489,27.1427,22.0156,15.0955,5.40446,-0.436924,92.9378,90.9533,89.2343,87.1851
45.966482639312744,0.13597616880722344,0.0,0.0,6,-0.118478,6.0,6106.95,99.9825,-0.779412,-1.25082,10.8975,47.7501,43.5391,39.8187,37.3727,36.0901,35.3893,34.7674,34.3188,33.8666,33.4109,32.9515,32.3021,31.5513,30.1241,27.2036,22.2446,15.5956,5.55715,-0.427087,92.8258,90.8837,89.1274,87.1275
45.98684906959534,0.13602750981469452,0.0,0.0,6,-0.126652,6.0,6101.24,99.8881,-0.806168,-1.34658,10.7482,47.3491,43.2093,39.5529,37.1538,35.8985,35.2135,34.6053,34.1666,33.7247,33.2795,32.831,32.1977,31.466,30.0747,27.2355,22.4325,16.0291,5.71897,-0.416545,92.7102,90.814,89.0216,87.0687
46.00597071647644,0.13607955784875156,0.0,0.0,6,-0.134811,6.0,6095.47,99.7924,-0.795449,-1.39816,10.5961,46.9455,42.8749,39.2815,36.9276,35.6985,35.0287,34.4343,34.0052,33.5731,33.138,32.7,32.0818,31.3685,30.012,27.2504,22.5937,16.4129,5.8918,-0.405268,92.6163,90.7264,88.9365,86.9875
46.02509593963623,0.1361319322027713,0.0,0.0,6,-0.143091,6.0,6089.64,99.6961,-0.769651,-1.41029,10.4399,46.543,42.5416,39.0106,36.7007,35.4971,34.8419,34.2611,33.8418,33.4191,32.9938,32.5658,31.9622,31.2663,29.9442,27.2559,22.738,16.76,6.0774,-0.393228,92.5418,90.6246,88.8666,86.8891
46.0463809967041,0.13618408901014925,0.0,0.0,6,-0.151582,6.0,6083.7,99.6002,-0.768588,-1.43372,10.279,46.1442,42.2124,38.7439,36.4772,35.2983,34.6574,34.0896,33.68,33.2671,32.8512,32.4329,31.8433,31.1641,29.8756,27.2571,22.8702,17.0793,6.2771,-0.380426,92.4792,90.5146,88.8041,86.7804
46.06585240364075,0.13623591949756444,0.0,0.0,6,-0.160681,6.0,6077.9,99.5049,-0.870948,-1.54167,10.111,22.5784,41.9014,38.4974,36.2737,35.1194,34.4924,33.9374,33.5374,33.1343,32.7282,32.3193,31.7433,31.0804,29.8242,27.2731,23.0097,17.3914,6.49495,-0.366886,92.4688,90.3602,88.7907,86.6259
46.08534216880798,0.14163109483905323,0.0,0.0,6,-0.169971,6.0,6072.12,99.4106,-0.980265,-1.65112,9.9393,21.4605,41.5926,38.2528,36.071,34.9405,34.3271,33.7845,33.3935,32.9998,32.6034,32.2043,31.6415,30.9939,29.7686,27.2826,23.1361,17.6795,6.72829,-0.352617,92.4045,90.2538,88.7319,86.5179
46.104477643966675,0.15833865036839245,0.0,0.0,5,-0.178922,6.0,6066.43,99.3167,-1.0299,-1.76296,9.76763,20.8683,41.2674,37.9891,35.8471,34.7391,34.1385,33.6076,33.2253,32.8404,32.4532,32.0635,31.5138,30.881,29.6848,27.2616,23.2265,17.9235,6.97278,-0.337614,92.2726,90.1931,88.6117,86.4738
46.12715268135071,0.17598417481080786,0.0,0.0,5,-0.187751,5.0,6612.14,99.2229,-1.00406,-1.84732,9.59385,20.3921,40.934,37.7156,35.6119,34.5257,33.9373,33.4176,33.0436,32.6673,32.2888,31.908,31.3714,30.7531,29.5846,27.2223,23.294,18.1366,7.23145,-0.321812,92.1521,90.103,88.548,86.4584
46.14551663398743,0.17605091174581708,0.0,0.0,5,-0.196837,5.0,6606.61,99.1278,-0.935523,-1.89299,9.41526,19.8948,40.6059,37.4477,35.3818,34.3167,33.7404,33.2316,32.8656,32.4975,32.1275,31.7554,31.2313,30.6278,29.4862,27.1827,23.357,18.3369,7.50939,-0.305175,92.0738,89.9729,88.4983,86.3473
46.16620111465454,0.17612059605335043,0.0,0.0,5,-0.206377,5.0,6596.7,99.0285,-0.881567,-1.89922,9.23066,19.3415,40.289,37.1919,35.1644,34.1201,33.5556,33.0574,32.6993,32.3393,31.9775,31.6139,31.1019,30.5128,29.3981,27.1509,23.4233,18.5334,7.81051,-0.287675,92.0421,89.8382,88.4095,86.1224
46.18629169464111,0.18227278218903642,0.0,0.0,5,-0.216468,5.0,6588.03,98.9187,-0.894455,-1.93437,9.03968,18.739,39.985,36.9508,34.9626,33.9389,33.3859,32.8983,32.5478,32.1956,31.8418,31.4864,30.9863,30.4112,29.3234,27.1301,23.4964,18.73,8.12116,-0.269288,92.0181,89.6858,88.3562,85.9409
46.205586194992065,0.21428889540284932,0.0,0.0,5,-0.227589,5.0,6580.39,98.8062,-1.0293,-2.04125,8.84051,18.0451,39.7082,36.7403,34.7936,33.7903,33.2488,32.7714,32.4285,32.0841,31.7382,31.3908,30.9022,30.3407,29.2796,27.1385,23.5943,18.9418,8.42994,-0.250073,92.0396,89.4715,88.3767,85.7175
46.22565317153931,0.24180495576440977,0.0,0.0,5,-0.239562,5.0,6572.81,98.6874,-1.17177,-2.15273,8.63439,17.3293,39.4511,36.5524,34.6489,33.6659,33.1356,32.6684,32.3329,31.996,31.6578,31.3183,30.8409,30.2925,29.2571,27.1674,23.7089,19.1624,8.73648,-0.22996,92.0,89.2419,88.3806,85.5136
46.245206117630005,0.24903929959988594,0.0,0.0,5,-0.251907,5.0,6564.81,98.5632,-1.29897,-2.2637,8.42421,16.6578,39.1977,36.369,34.5097,33.5463,33.027,32.5696,32.2413,31.9117,31.5809,31.2489,30.7823,30.2465,29.2358,27.1965,23.8209,19.3756,9.03589,-0.208925,91.8954,89.0495,88.3205,85.3626
46.26578736305237,0.2711410988859851,0.0,0.0,5,-0.26449,5.0,6556.46,98.4346,-1.39758,-2.34556,8.21141,16.0294,38.9439,36.1854,34.3705,33.4269,32.9181,32.4702,32.1488,31.8263,31.5026,31.1779,30.7216,30.198,29.2108,27.2214,23.9258,19.5783,9.3277,-0.186907,91.7898,88.8822,88.2387,85.224
46.28580117225647,0.3099968943421816,0.0,0.0,4,-0.277422,5.0,6547.71,98.2978,-1.44909,-2.38602,7.99898,15.425,38.6929,36.0053,34.2337,33.3117,32.8132,32.3745,32.0598,31.744,31.4273,31.1096,30.6633,30.1514,29.1868,27.2454,24.027,19.7751,9.61331,-0.163863,91.6688,88.6832,88.1639,85.0678
46.30639934539795,0.3263883569213549,0.0,0.0,4,-0.291057,4.0,7278.53,98.1546,-1.47518,-2.38619,7.78524,14.8162,38.454,35.8401,34.1113,33.2126,32.7246,32.2949,31.9868,31.6776,31.3676,31.0567,30.6202,30.1195,29.1768,27.2814,24.1379,19.977,9.89798,-0.139725,91.5487,88.4144,88.1929,84.9659
46.326722860336304,0.3516900513743581,0.0,0.0,4,-0.305813,4.0,7269.41,98.0081,-1.59535,-2.41869,7.56834,14.184,38.2376,35.7018,34.0161,33.1408,32.6656,32.2452,31.9434,31.6408,31.3373,31.0331,30.606,30.1164,29.1947,27.3436,24.2726,20.1973,10.1882,-0.114452,91.5093,88.1376,88.2012,84.7159
46.34677052497864,0.37797716311215734,0.0,0.0,4,-0.322332,4.0,7251.05,97.8445,-1.89121,-2.51019,7.34614,13.5106,38.0579,35.606,33.9662,33.1147,32.6526,32.2439,31.9494,31.6532,31.3562,31.0585,30.6407,30.1617,29.2606,27.4518,24.4512,20.4549,10.4929,-0.088062,91.5232,87.7863,88.1435,84.2272
46.36541533470154,0.4237904658358991,0.0,0.0,4,-0.340249,4.0,7232.3,97.6576,-2.31835,-2.62307,7.12099,12.8345,37.9014,35.5357,33.9466,33.1187,32.6696,32.2725,31.9866,31.6987,31.409,31.1177,30.7088,30.2402,29.3589,27.5906,24.6587,20.7372,10.8081,-0.0605621,91.4853,87.4027,88.1014,83.8078
46.384976387023926,0.4624184230088275,0.0,0.0,4,-0.358007,4.0,7217.62,97.4726,-2.81423,-2.81049,6.89982,12.2246,37.7242,35.4436,33.9068,33.1013,32.6645,32.2785,32.0005,31.7207,31.4393,31.1561,30.7568,30.2981,29.4356,27.706,24.8402,20.9949,11.1119,-0.0319924,91.2624,87.1189,87.9346,83.6239
46.405904054641724,0.5338558626685354,0.0,0.0,4,-0.374504,4.0,7203.86,97.2855,-3.17991,-2.99575,6.68677,11.7038,37.5021,35.3009,33.8146,33.0302,32.6048,32.2288,31.9582,31.686,31.412,31.1365,30.7482,30.3007,29.4562,27.7635,24.9615,21.1948,11.3888,-0.00238442,90.8824,86.8682,87.6359,83.595
46.426031827926636,0.5663225108230571,0.0,0.0,4,-0.381036,4.0,7190.15,97.0877,-3.36717,-3.14565,6.48093,11.2516,37.24,35.1125,33.6717,32.9098,32.4948,32.1281,31.8643,31.5989,31.332,31.0636,30.6854,30.2498,29.4245,27.7672,25.0269,21.3408,11.6391,0.0280895,90.3642,86.5394,87.3207,83.5848
46.44481325149536,0.5777019646729454,0.0,0.0,4,-0.379433,4.0,7175.57,96.8734,-3.39732,-3.23873,6.2799,10.8393,36.9536,34.896,33.4972,32.7584,32.3539,31.996,31.7386,31.4797,31.2193,30.9576,30.5889,30.1645,29.3602,27.7374,25.0567,21.4516,11.8707,0.0584351,89.833,86.1761,87.0513,83.5092
46.46619462966919,0.578227798515223,0.0,0.0,4,-0.378072,4.0,7157.75,96.643,-3.4654,-3.36934,6.07983,10.4317,36.6657,34.6791,33.3212,32.6049,32.2128,31.8641,31.6129,31.3603,31.1063,30.851,30.4916,30.0778,29.2944,27.7074,25.084,21.558,12.098,0.0885598,89.423,85.8205,86.8405,83.3
46.486573696136475,0.5787848993871846,0.0,0.0,4,-0.378509,4.0,7137.54,96.3989,-3.79392,-3.60179,5.87644,9.99166,36.4067,34.4994,33.1839,32.4906,32.1114,31.7743,31.5305,31.2843,31.0367,30.7879,30.4376,30.0345,29.2717,27.7229,25.1533,21.7016,12.3406,0.118366,89.253,85.4683,86.7734,82.8881
46.50521469116211,0.5468368386767395,0.0,0.0,4,-0.380774,4.0,7119.92,96.1668,-4.53731,-3.99296,5.67133,9.53022,36.1729,34.3515,33.0816,32.4118,32.0456,31.7201,31.4848,31.2471,31.0071,30.7648,30.4236,30.0311,29.2884,27.7807,25.262,21.8782,12.5978,0.147713,89.2122,85.1087,86.8007,82.4401
46.526819705963135,0.485086314442629,0.0,0.0,4,-0.382147,4.0,7102.98,95.9602,-5.25865,-4.39314,5.47385,9.11471,35.9118,34.1677,32.9438,32.2955,31.9413,31.6265,31.399,31.1692,30.9372,30.7031,30.3716,29.989,29.2652,27.7968,25.3309,22.0136,12.832,0.176502,89.0936,84.9593,86.6111,82.2246
46.54536175727844,0.4269669327597376,0.0,0.0,4,-0.381088,4.0,7088.63,95.7662,-5.70346,-4.74593,5.28784,8.76822,35.5997,33.9186,32.7369,32.1073,31.7633,31.4579,31.2371,31.0143,30.7894,30.5624,30.2413,29.8694,29.163,27.7311,25.32,22.0708,13.0224,0.204754,88.865,84.9003,86.221,82.2709
46.56754994392395,0.4086133854390898,0.0,0.0,4,-0.376896,4.0,7075.96,95.5738,-5.79863,-5.00408,5.11141,8.47621,35.245,33.6147,32.4709,31.8574,31.5225,31.2252,31.0105,30.7937,30.575,30.3544,30.0424,29.6812,28.9924,27.5945,25.2395,22.0596,13.1727,0.232525,88.5624,84.9274,85.798,82.3917
46.58709406852722,0.3640275357142091,0.0,0.0,4,-0.371277,4.0,7063.29,95.378,-5.61667,-5.1584,4.94101,8.21477,34.8709,33.2796,32.1699,31.5722,31.2456,30.9557,30.7464,30.5353,30.3223,30.1075,29.8039,29.4526,28.7824,27.4168,25.1182,22.0076,13.2962,0.259849,88.2276,84.9712,85.4549,82.4344
46.60655951499939,0.3302389934074084,0.0,0.0,4,-0.366295,4.0,7044.05,95.1834,-5.65341,-5.42405,4.77142,7.946,34.5129,32.9541,31.8788,31.2988,30.9804,30.6979,30.4941,30.2885,30.0811,29.8721,29.5767,29.2351,28.5839,27.2513,25.0092,21.9646,13.42,0.28674,88.1241,85.0168,85.1928,82.2434
46.62561321258545,0.31407004796963683,0.0,0.0,4,-0.363713,4.0,7024.35,94.9906,-6.17065,-5.8838,4.59988,7.6441,34.2039,32.6702,31.6327,31.0737,30.7647,30.4901,30.2919,30.092,29.8906,29.6875,29.4006,29.0691,28.4373,27.1399,24.9529,21.9699,13.5655,0.312999,88.2721,84.9156,85.1372,81.8278
46.644696950912476,0.29829571339403094,0.0,0.0,4,-0.362634,4.0,7011.11,94.7971,-6.93271,-6.39621,4.4306,7.33237,33.9303,32.4068,31.4081,30.8705,30.5734,30.3075,30.115,29.9209,29.7253,29.5282,29.2498,28.9281,28.3155,27.0559,24.9215,21.9985,13.7189,0.338422,88.3779,84.7932,85.225,81.4237
46.66719102859497,0.2829063972618741,0.0,0.0,4,-0.360322,4.0,6999.46,94.6123,-7.46795,-6.81018,4.26988,7.05443,11.2606,32.1136,31.1493,30.6308,30.3444,30.0883,29.9022,29.7135,29.5233,29.3316,29.0609,28.7483,28.1533,26.9312,24.848,21.9875,13.8455,0.363089,88.2315,84.7103,85.1124,81.2574
46.68727374076843,0.2679072245273391,0.0,0.0,4,-0.355673,4.0,6988.92,94.4337,-7.67942,-7.11518,4.11763,6.81251,10.6959,31.7851,30.8504,30.3485,30.0716,29.8239,29.6441,29.4617,29.2769,29.0902,28.8265,28.5222,27.9433,26.7559,24.7243,21.9288,13.94,0.387122,87.9301,84.6149,84.8534,81.2651
46.70744824409485,0.2606438695219808,0.0,0.0,4,-0.349066,4.0,6978.36,94.2591,-7.59628,-7.30493,3.97185,6.59748,10.3444,31.4301,30.5215,30.0344,29.7658,29.5258,29.3516,29.175,28.996,28.8148,28.5578,28.2611,27.6972,26.5421,24.5623,21.8336,14.0084,0.410575,87.6078,84.5289,84.5603,81.3079
46.72763442993164,0.26081733253314815,0.0,0.0,3,-0.341759,4.0,6966.33,94.0889,-7.42332,-7.48126,3.83032,6.39733,10.0844,31.0618,30.1773,29.704,29.4432,29.2103,29.0412,28.87,28.6966,28.521,28.2715,27.9822,27.4325,26.3081,24.3803,21.719,14.0609,0.433511,87.339,84.448,84.2965,81.2901
46.74768042564392,0.26098468051454454,0.0,0.0,3,-0.33554,3.0,8549.15,93.9247,-7.57518,-7.81652,3.69022,6.18872,9.73864,30.7116,29.8494,29.3901,29.1373,28.9116,28.7479,28.5821,28.4142,28.2443,28.0029,27.7223,27.1868,26.0927,24.2176,21.6219,14.1189,0.455834,87.2666,84.2931,84.3148,81.3001
46.766117334365845,0.2611458115490073,0.0,0.0,3,-0.33036,3.0,8531.6,93.7666,-7.97531,-8.24037,3.55347,5.97645,9.3423,30.3837,29.5351,29.0899,28.845,28.6266,28.4682,28.3078,28.1454,27.9812,27.748,27.477,26.9568,25.8923,24.0706,21.5372,14.1801,0.477347,87.2514,84.1659,84.3816,81.1417
46.78478956222534,0.26130357931709597,0.0,0.0,3,-0.324609,3.0,8509.78,93.6118,-8.21523,-8.57819,3.42331,5.78187,9.03777,30.052,29.2067,28.7747,28.5373,28.3255,28.172,28.0167,27.8595,27.7005,27.4749,27.2129,26.7094,25.6731,23.9033,21.4318,14.2256,0.498087,87.0936,84.0478,83.9955,80.5237
46.808579206466675,0.26896379455085595,0.0,0.0,3,-0.317393,3.0,8460.02,93.4258,-8.25522,-8.83425,3.29982,5.60772,8.83847,29.71,28.8603,28.4403,28.2097,28.0041,27.8551,27.7044,27.552,27.3979,27.1793,26.9255,26.4383,25.4301,23.7096,21.301,14.252,0.518123,86.844,83.9139,83.4661,80.0447
46.82714796066284,0.27675899685495625,0.0,0.0,3,-0.308599,3.0,8436.37,93.2223,-8.10458,-9.00376,3.1818,5.44932,8.73312,29.3614,28.501,28.0921,27.8677,27.6679,27.5232,27.3768,27.2288,27.0793,26.8672,26.6211,26.1493,25.1697,23.4965,21.1513,14.2629,0.537461,86.5562,83.7397,83.1305,79.9091
46.84715032577515,0.308386834050466,0.0,0.0,3,-0.299421,3.0,8416.5,93.0162,-7.8553,-9.13463,3.06784,5.3012,8.72123,29.0111,28.1365,27.736,27.5176,27.3233,27.1826,27.0403,26.8966,26.7513,26.5455,26.3068,25.8495,24.8992,23.2716,20.9901,14.2632,0.55619,86.2862,83.5415,82.8363,79.8297
46.866339683532715,0.35029529804544524,0.0,0.0,3,-0.291034,3.0,8385.57,92.8105,-7.79097,-9.34357,2.95637,5.15148,8.71681,28.6804,27.7894,27.3902,27.1779,26.989,26.8523,26.7142,26.5746,26.4337,26.234,26.0026,25.5597,24.6402,23.0569,20.8387,14.2654,0.57424,86.0833,83.2848,82.5001,79.5718
46.88745307922363,0.4041199976373911,0.0,0.0,3,-0.283821,3.0,8360.57,92.5874,-7.877,-9.58579,2.84804,4.99788,8.66048,28.377,27.4664,27.0599,26.8529,26.6695,26.5369,26.4029,26.2676,26.131,25.9375,25.7134,25.2847,24.3962,22.8576,20.7023,14.2726,0.591534,85.896,82.9875,82.3921,79.1836
46.90526986122131,0.44233118175828956,0.0,0.0,3,-0.27735,3.0,8343.27,92.3431,-7.94019,-9.76285,2.74347,4.84558,8.59226,28.0942,27.1618,26.7453,26.5357,26.3572,26.2286,26.0987,25.9675,25.8351,25.6477,25.4308,25.0161,24.1577,22.6649,20.5724,14.2802,0.608134,85.6113,82.6083,82.3379,78.9009
46.92732882499695,0.4722841711915778,0.0,0.0,3,-0.270505,3.0,8326.29,92.0849,-7.9722,-9.8908,2.6429,4.69793,8.60479,27.8273,26.8715,26.4444,26.2294,26.0483,25.9225,25.7966,25.6694,25.5412,25.3597,25.1496,24.7484,23.9192,22.4733,20.4416,14.2854,0.624078,85.2904,82.1852,82.265,78.6462
46.94620060920715,0.4929977110741753,0.0,0.0,3,-0.262954,3.0,8308.33,91.817,-7.96268,-9.97472,2.54626,4.55674,29.5678,27.5729,26.5927,26.1546,25.9339,25.748,25.6191,25.4935,25.37,25.2457,25.0699,24.8665,24.4783,23.677,22.2792,20.306,14.2864,0.639335,84.9552,81.7531,82.1562,78.4092
46.96600842475891,0.5141877118077284,0.0,0.0,3,-0.255451,3.0,8288.04,91.5438,-7.91409,-10.0291,2.45366,4.4238,29.3751,27.3281,26.3228,25.8734,25.647,25.4562,25.3239,25.195,25.0692,24.9465,24.7762,24.5791,24.2034,23.4289,22.0801,20.1632,14.282,0.653916,84.6208,81.336,81.9923,78.185
46.98515963554382,0.514774402922943,0.0,0.0,3,-0.248563,3.0,8262.6,91.2489,-7.81565,-10.0157,2.36385,4.29224,29.2097,27.1052,26.0725,25.6107,25.3781,25.182,25.0461,24.9135,24.7842,24.6581,24.4867,24.2956,23.932,23.1835,21.8828,20.0222,14.278,0.667885,84.3128,80.8611,81.7968,77.8941
47.00525951385498,0.5154018779237522,0.0,0.0,3,-0.243255,3.0,8234.05,90.9335,-7.81574,-9.98394,2.27574,4.15256,29.101,26.9268,25.8611,25.3847,25.1447,24.9423,24.802,24.6651,24.5316,24.4014,24.2244,24.0297,23.6767,22.9538,21.7002,19.8969,14.2838,0.681314,84.2103,80.3637,81.6759,77.4639
47.0253164768219,0.5372123023904773,0.0,0.0,3,-0.239182,3.0,8205.99,90.6108,-7.93736,-9.95872,2.19013,4.01034,29.0437,26.7886,25.6849,25.1917,24.9432,24.7337,24.5884,24.4467,24.3084,24.1735,23.9902,23.7884,23.4312,22.7333,21.5253,19.7808,14.2958,0.694221,84.1174,79.9295,81.5627,77.0338
47.04551720619202,0.5378899553742644,0.0,0.0,3,-0.234307,3.0,8178.37,90.2836,-8.13395,-9.94199,2.10811,3.87214,7.50092,26.6822,25.5365,25.0248,24.767,24.5497,24.399,24.252,24.1085,23.9686,23.7784,23.5689,23.1981,22.514,21.3498,19.6657,14.3088,0.706546,83.8811,79.5007,81.4162,76.6467
47.06623435020447,0.5493427093465427,0.0,0.0,3,-0.229151,3.0,8150.59,89.9544,-8.37012,-9.93367,2.0303,3.74258,6.92532,26.6,25.4093,24.8779,24.6102,24.3846,24.2281,24.0755,23.9266,23.7813,23.5838,23.3664,22.9811,22.2901,21.1677,19.5459,14.3181,0.718176,83.6176,79.117,81.2231,76.3032
47.08739161491394,0.5609573006931609,0.0,0.0,3,-0.224068,3.0,8123.59,89.6123,-8.53464,-9.86318,1.95714,3.62435,6.61851,26.5377,25.2994,24.7472,24.4692,24.2349,24.0724,23.9139,23.7593,23.6085,23.4035,23.1777,22.7776,22.0616,20.9761,19.4156,14.3194,0.729103,83.2499,78.7464,81.0092,75.9943
47.10492777824402,0.5618313065578434,0.0,0.0,3,-0.220568,3.0,8093.07,89.2066,-8.46447,-9.54973,1.88482,3.49962,6.21777,26.5374,25.2428,24.6662,24.3761,24.1316,23.9622,23.7968,23.6356,23.4783,23.2645,23.029,22.6118,21.8648,20.7949,19.2934,14.3275,0.739578,83.0189,78.0736,80.8564,75.5632
47.12739372253418,0.5627208234953033,0.0,0.0,3,-0.218676,3.0,8058.31,88.7937,-8.54019,-9.24987,1.81347,3.36736,5.79202,26.6073,25.2462,24.6411,24.3368,24.0804,23.9028,23.7295,23.5605,23.3957,23.1717,22.925,22.488,21.7055,20.6233,19.1784,14.343,0.749746,82.8843,77.5183,80.7024,75.0481
47.14504599571228,0.5635995688544455,0.0,0.0,3,-0.217361,3.0,8022.29,88.3858,-8.76916,-9.0162,1.74492,3.23661,5.41739,26.7327,25.2967,24.6595,24.3393,24.0697,23.8829,23.7008,23.5232,23.35,23.1148,22.8557,22.397,21.5755,20.4508,19.06,14.3585,0.759563,82.6569,77.0566,80.4821,74.5734
47.16910171508789,0.5755359378332893,0.0,0.0,3,-0.214154,3.0,7985.05,87.9825,-9.14367,-8.86894,1.68029,3.11232,5.09867,26.9085,25.3892,24.7166,24.379,24.0948,23.898,23.7062,23.5193,23.337,23.0894,22.8169,22.3345,21.4711,20.2885,18.9332,14.3704,0.768828,82.3517,76.6384,80.2043,74.1327
47.18693542480469,0.576419831700623,0.0,0.0,3,-0.211185,3.0,7947.48,87.5801,-9.64397,-8.80223,1.62065,2.99794,4.83535,27.1332,25.5218,24.8104,24.4537,24.1536,23.946,23.7436,23.5465,23.3543,23.0934,22.8065,22.2986,21.3904,20.1464,18.7957,14.3755,0.777354,81.9608,76.2215,79.8918,73.7188
47.20515298843384,0.5886726886407361,0.0,0.0,3,-0.209122,3.0,7911.85,87.1064,-9.8168,-8.43824,1.56452,2.88702,4.59097,27.436,25.7187,24.9629,24.5844,24.2663,24.0463,23.832,23.6233,23.42,23.1442,22.8408,22.3045,21.3462,20.0348,18.6551,14.3764,0.785244,81.5477,75.6024,79.6529,73.2702
47.23063611984253,0.589840881938952,0.0,0.0,3,-0.20895,3.0,7872.71,86.5847,-9.81666,-7.85161,1.50779,2.76696,4.32128,27.8854,26.0218,25.2124,24.8077,24.468,24.2332,24.0046,23.7821,23.5655,23.2717,22.949,22.3788,21.3617,19.9716,18.5228,14.3827,0.792921,81.294,74.839,79.4489,72.7212
47.24967360496521,0.5909739197171718,0.0,0.0,2,-0.209134,3.0,7829.21,86.0787,-9.9352,-7.35122,1.45186,2.64867,4.07736,28.795,26.396,25.526,25.0919,24.7278,24.4764,24.2319,23.994,23.7626,23.4489,23.1045,22.497,21.4152,19.9397,18.402,14.3824,0.800447,80.9232,74.2889,79.1091,72.2228
47.27070355415344,0.5920402291835519,0.0,0.0,2,-0.209327,2.0,9838.4,85.6025,-10.2476,-7.01063,1.39805,2.53636,3.86794,57.9694,26.8465,25.8995,25.4325,25.0415,24.7716,24.5094,24.2545,24.0067,23.6711,23.303,22.6545,21.5024,19.9354,18.304,14.3724,0.807697,80.4816,73.8249,79.0465,72.2443
47.291478395462036,0.5930407060201301,0.0,0.0,2,-0.209697,2.0,9811.33,85.1557,-10.7914,-6.84091,1.34761,2.43251,3.69105,55.9966,27.7028,26.3529,25.8413,25.4196,25.1291,24.8469,24.5729,24.3067,23.9466,23.5522,22.8582,21.6285,19.9618,18.2302,14.353,0.814479,80.0518,73.3849,78.8314,72.0169
47.30552124977112,0.5940465569489372,0.0,0.0,2,-0.210111,2.0,9692.93,84.7065,-11.4582,-6.75147,1.30183,2.34442,3.55181,54.0354,56.9506,27.1937,26.4006,25.8714,25.5508,25.2463,24.9508,24.664,24.2765,23.8526,23.1082,21.7931,20.0179,18.1794,14.3224,0.820635,79.6043,72.9539,77.921,70.7965
47.327059507369995,0.5952669237258735,0.0,0.0,2,-0.20984,2.0,9556.18,84.1615,-11.6765,-6.37337,1.26038,2.2747,3.45785,52.127,55.038,30.0716,27.6264,26.6567,26.1493,25.7314,25.3746,25.0604,24.6432,24.1873,23.3885,21.9822,20.0926,18.1435,14.2727,0.826295,79.0245,72.3853,76.9098,69.6044
47.34805631637573,0.5965408075045875,0.0,0.0,2,-0.207655,2.0,9487.54,83.5926,-11.5003,-5.85038,1.22189,2.22469,3.4243,50.3433,53.2474,54.6759,55.4328,28.7089,27.4075,26.6173,26.0233,25.5526,25.0184,24.5172,23.6633,22.1654,20.1626,18.1063,14.1975,0.831797,78.307,71.8839,76.1176,69.3372
47.370726346969604,0.5977340798998707,0.0,0.0,2,-0.203593,2.0,9416.33,83.0597,-11.2949,-5.44881,1.18873,2.19427,3.49756,48.6806,51.5755,52.999,53.7525,54.4094,54.8771,55.3434,27.4594,26.5109,25.6166,24.8956,23.927,22.3381,20.2246,18.0654,14.0995,0.837146,77.535,71.4843,75.3591,69.0109
47.38726568222046,0.598880776829172,0.0,0.0,2,-0.194175,2.0,9339.69,82.5476,-11.2564,-5.22173,1.16222,2.17955,3.7813,47.0609,49.9454,51.3635,52.1143,52.7677,53.2332,53.6976,54.1609,54.623,27.0675,25.672,24.2517,22.5346,20.3042,18.0381,13.9879,0.842037,76.8917,71.0956,74.7112,68.484
47.41149544715881,0.6000259063149064,0.0,0.0,2,-0.183107,2.0,9265.09,82.0362,-11.4066,-5.11256,1.14266,2.18023,40.4279,45.4261,48.3001,49.7117,50.4593,51.1107,51.5742,52.0362,52.497,52.957,53.5993,54.331,24.9476,22.7882,20.4257,18.0409,13.8687,0.845924,76.4032,70.6617,74.1853,67.8642
47.42808938026428,0.601160959377712,0.0,0.0,2,-0.172797,2.0,9197.69,81.5293,-11.7496,-5.10276,1.13084,2.2136,38.7794,43.7676,46.6317,48.0388,48.7828,49.4308,49.8923,50.3527,50.8119,51.2697,51.9085,52.6365,27.1791,23.1184,20.5961,18.0776,13.7422,0.848682,76.0217,70.2173,73.7666,67.2333
47.4451117515564,0.6022223425928823,0.0,0.0,2,-0.160868,2.0,9153.18,81.0553,-11.9858,-5.09848,1.12971,2.31043,37.2485,42.222,45.0731,46.4719,47.2128,47.8578,48.3165,48.774,49.2305,49.6861,50.3221,51.0461,52.3973,23.6307,20.7572,18.1077,13.5956,0.85023,75.548,69.8694,73.3592,66.9371
47.47147846221924,0.6032004273785077,0.0,0.0,2,-0.145736,2.0,9118.56,80.6185,-11.862,-5.03311,1.14176,2.51359,35.9314,40.8757,43.707,45.0965,45.8319,46.4727,46.9289,47.3836,47.8368,48.2889,48.9205,49.6402,50.9826,24.5025,20.861,18.0989,13.424,0.850684,74.8668,69.5564,72.6931,67.0862
47.490018367767334,0.5699181124864705,0.0,0.0,2,-0.128089,2.0,9072.91,80.2145,-11.5428,-4.98523,1.17299,2.99296,34.774,39.675,42.4825,43.8618,44.5908,45.226,45.6785,46.13,46.5802,47.0291,47.6554,48.3694,49.7029,52.3504,20.9231,18.0625,13.2445,0.850071,74.0782,69.2656,72.0181,67.0669
47.50965213775635,0.526666643186147,0.0,0.0,2,-0.0983356,2.0,9025.44,79.8132,-11.1277,-4.927,1.22395,25.8332,33.6772,38.5287,41.3106,42.6774,43.4009,44.0306,44.4788,44.9261,45.3727,45.8181,46.44,47.148,48.4708,51.099,20.9861,18.0276,13.0721,0.847967,73.4558,69.0668,71.4809,66.8753
47.529075622558594,0.4345550938493107,0.0,0.0,2,-0.0691322,2.0,8980.26,79.421,-10.7726,-4.9132,1.29512,24.8056,32.5821,37.3844,40.1399,41.4928,42.21,42.8347,43.2792,43.7223,44.1646,44.6061,45.223,45.9258,47.2374,49.8458,21.1148,18.0133,12.9117,0.844002,73.1242,68.97,71.0774,66.5838
47.54830360412598,0.3688870402331315,0.0,0.0,2,-0.0373114,2.0,8940.59,79.1603,-10.8037,-5.25222,1.39639,24.029,31.6744,36.4138,39.1362,40.4743,41.1835,41.802,42.2423,42.6815,43.1193,43.5562,44.1669,44.8634,46.1637,48.7506,21.2683,17.951,12.7438,0.837919,73.0108,68.9722,70.5221,66.5313
47.56830596923828,0.28409038858334223,0.0,0.0,2,-0.00176412,2.0,8861.84,78.996,-10.8823,-5.81895,1.55924,23.5835,31.0173,35.6745,38.3577,39.6788,40.3788,40.9897,41.425,41.8592,42.2924,42.7244,43.3282,44.0173,45.3051,47.8679,21.3625,17.8077,12.5576,0.829294,72.8119,68.9722,69.7769,66.1361
47.5874502658844,0.21721125425015173,0.0,0.0,2,0.0355703,2.0,8844.15,78.8247,-10.5515,-6.24204,1.82523,23.3108,30.4992,35.0648,37.7053,39.0082,39.6984,40.3012,40.7309,41.1598,41.5879,42.015,42.6116,43.2927,44.5669,47.1047,21.4393,17.6187,12.362,0.818099,72.4934,68.9722,69.3228,66.2101
47.607999086380005,0.13634041302871208,0.0,0.0,2,0.0885045,2.0,8866.3,78.6468,-9.78372,-6.47973,2.25075,23.1618,30.0918,34.5607,37.1568,38.4403,39.1207,39.7151,40.139,40.5624,40.9851,41.4071,41.9965,42.6694,43.9296,46.4419,21.4788,17.3926,12.1606,0.804366,72.1842,68.9722,68.9506,66.9132
47.62850213050842,0.06628179391220956,0.0,0.0,2,0.148395,2.0,8885.56,78.4424,-8.58634,-6.46579,2.71203,23.05,29.7309,34.1032,36.6549,37.919,38.5896,39.1757,39.5939,40.0117,40.429,40.8457,41.428,42.0929,43.339,45.8261,21.5585,17.154,11.9606,0.787294,72.1079,69.8976,68.6419,67.5296
47.64749836921692,0.015175800557334288,0.0,0.0,2,0.202427,2.0,8877.21,78.2083,-6.98589,-5.94386,3.11585,22.6788,29.1604,33.4477,35.9588,37.2051,37.8669,38.4449,38.8576,39.2701,39.6823,40.0942,40.67,41.3271,42.5595,45.0221,22.8236,17.0112,11.7927,0.767548,72.7439,70.7883,68.8296,67.2295
47.66740369796753,0.0,0.0,0.0,2,0.249092,2.0,8804.67,78.0568,-6.26846,-5.47259,3.44272,21.9915,28.3171,32.5298,35.0039,36.2334,36.8872,37.4578,37.865,38.2722,38.6794,39.0865,39.6561,40.3063,41.5246,43.963,48.0419,17.0003,11.6668,0.745475,73.3966,70.0089,68.9183,66.1479
47.68737459182739,-0.01708035946818441,0.0,0.0,2,0.287625,2.0,8641.08,77.9352,-7.21597,-5.44034,3.69864,21.0046,27.2043,31.3467,33.7859,34.9974,35.6428,36.2068,36.6091,37.0109,37.4125,37.8143,38.377,39.0201,40.2246,42.6374,46.6762,17.1332,11.5813,0.720211,73.9273,69.2902,67.913,64.6389
47.70791411399841,-0.05538938829387383,0.0,0.0,2,0.293483,2.0,8574.69,77.7211,-8.41493,-5.52437,3.91256,19.9226,25.9973,30.0657,32.4667,33.6596,34.2952,34.8514,35.2485,35.6454,36.042,36.4383,36.9928,37.6272,38.8178,41.2014,45.1976,17.4184,11.5177,0.692007,73.9983,68.9272,68.1867,63.2163
47.72934818267822,-0.08283741782898457,0.0,0.0,2,0.273247,2.0,8641.54,77.4138,-9.07881,-5.5016,4.11401,18.9722,24.8923,28.8794,31.2364,32.4114,33.0362,33.583,33.9739,34.3649,34.756,35.147,35.6941,36.319,37.4929,39.8464,43.7973,17.9156,11.4535,0.663986,73.6015,68.9631,69.3274,63.0184
47.74953532218933,-0.12096883573802188,0.0,0.0,2,0.258107,2.0,8717.6,77.1281,-8.90569,-5.36743,4.32696,18.3243,24.0486,27.9431,30.2536,31.408,32.023,32.5605,32.9445,33.3289,33.7137,34.0987,34.638,35.2544,36.4108,38.7342,42.6392,18.6001,11.3666,0.637116,73.0096,69.3496,69.2285,64.3429
47.771740436553955,-0.148506874681854,0.0,0.0,2,0.250673,2.0,8788.46,76.9012,-7.8429,-5.04734,4.5722,18.0623,23.5603,27.3543,29.6167,30.7495,31.3539,31.8824,32.2598,32.6378,33.0163,33.3953,33.9264,34.534,35.6743,37.9685,41.8317,19.3023,11.2388,0.611665,72.4888,70.0378,68.2675,66.3887
47.79290533065796,-0.16033770118753518,0.0,0.0,2,0.254616,2.0,8798.64,76.7787,-5.7743,-4.53611,4.88471,18.2867,23.5499,27.2433,29.4593,30.5718,31.1658,31.6855,32.0573,32.4297,32.8028,33.1764,33.7002,34.2997,35.4258,37.6951,41.5257,19.0758,11.0473,0.587887,72.1458,71.1128,66.5348,68.3044
47.81394028663635,-0.16640535194737216,0.0,0.0,2,0.266552,2.0,8798.29,76.75,-3.74066,-4.08313,5.25705,18.7826,23.8368,27.4405,29.6162,30.7106,31.2951,31.8077,32.1749,32.5428,32.9114,33.2805,33.798,34.3902,35.5055,37.7548,41.5628,18.0571,10.8167,0.565523,70.5055,72.0913,65.8928,68.9504
47.8250892162323,-0.1725850153451953,0.0,0.0,2,0.278451,2.0,8787.3,76.7234,-2.44201,-3.91113,5.63814,19.203,24.0832,27.6084,29.7492,30.8266,31.4035,31.9102,32.2731,32.6367,33.001,33.3659,33.8774,34.4636,35.5694,37.8011,41.5893,17.2765,10.5952,0.54377,69.503,72.0611,65.9654,68.7153
47.84714698791504,-0.18529119019965612,0.0,0.0,2,0.288736,2.0,8767.13,76.6599,-1.64489,-3.95235,6.01671,19.5056,24.2389,27.6925,29.7997,30.8619,31.4319,31.9327,32.2914,32.6509,33.011,33.3717,33.8779,34.4589,35.5552,37.7703,41.539,16.7001,10.3882,0.522179,69.414,71.7445,65.9844,68.38
47.86876440048218,-0.2051906574007074,0.0,0.0,2,0.29861,2.0,8738.16,76.5804,-1.12243,-4.12737,6.40697,19.7555,24.3597,27.747,29.822,30.8707,31.4341,31.9292,32.2838,32.6392,32.9953,33.3522,33.8538,34.4299,35.5169,37.7165,41.4668,16.1916,10.1861,0.500482,69.3437,71.6072,65.869,68.0365
47.89033055305481,-0.2052548968344331,0.086273193359375,0.0,2,0.309196,2.0,8696.95,76.4948,-0.706367,-4.39324,6.82534,20.0033,24.4914,27.8182,29.8632,30.9,31.4572,31.9468,32.2976,32.6491,33.0016,33.3555,33.853,34.4243,35.5027,37.6885,41.4226,15.679,9.98176,0.478536,69.1767,71.6151,65.6227,67.7176
47.91111350059509,-0.20528866756477954,0.3097991943359375,0.0,2,0.320592,2.0,8791.09,76.4498,-0.320639,-4.63755,7.27862,20.254,24.638,27.9101,29.9281,30.9538,31.5051,31.9895,32.3366,32.6849,33.0347,33.3858,33.8795,34.4464,35.5166,37.6907,41.4109,15.1605,9.77433,0.456226,69.0148,71.6191,66.18,68.5152
47.93188524246216,-0.15452994303445022,0.42352294921875,0.0,2,0.331673,2.0,9021.31,76.548,-0.0773674,-4.80707,7.75585,20.4704,24.7588,27.98,29.9732,30.988,31.5334,32.0128,32.357,32.7026,33.0496,33.398,33.8878,34.4505,35.5133,37.6757,41.3833,14.6823,9.56863,0.433413,68.9988,71.5577,69.0808,69.0808
47.951918601989746,-0.06663783575089152,0.4588165283203125,0.0,2,0.341016,2.0,9231.01,76.9221,0.126043,-4.93685,8.23411,20.6074,24.8038,27.9749,29.9435,30.9469,31.4864,31.9613,32.3024,32.645,32.9891,33.3345,33.8203,34.3783,35.4339,37.5835,41.2771,14.2894,9.37022,0.410026,69.3008,71.6032,70.6984,70.6984
47.97298812866211,-0.030861074814998547,0.462738037109375,0.0,2,0.347843,2.0,9350.06,77.4149,0.380631,-5.14889,8.69228,20.6436,24.7482,27.8672,29.8102,30.8012,31.3346,31.8047,32.1424,32.4817,32.8225,33.1646,33.6458,34.1988,35.2464,37.3811,41.0572,14.0009,9.18187,0.386142,69.8225,71.7064,71.6178,71.6178
47.99334716796875,-0.025779990417455944,0.447052001953125,0.0,2,0.351888,2.0,9421.46,77.9559,0.514845,-5.42424,9.09316,20.5762,24.5868,27.6504,29.5651,30.5428,31.0696,31.5342,31.8681,32.2036,32.5406,32.879,33.3552,33.9026,34.9407,37.0582,40.7121,13.8282,9.00423,0.361884,70.1683,71.8486,72.1683,72.1683
48.013370513916016,-0.025728173455572687,0.368621826171875,0.0,2,0.353992,2.0,9461.88,78.5027,0.523245,-5.74991,9.40843,20.4387,24.353,27.3586,29.243,30.2065,30.7263,31.1849,31.5146,31.8459,32.1788,32.5133,32.984,33.5254,34.5528,36.6511,40.279,13.7543,8.83306,0.337294,70.1683,72.098,72.4827,72.4827
48.02481126785278,-0.036129023669584655,0.2509765625,0.0,2,0.354934,2.0,9408.76,78.9827,0.462432,-6.09897,9.66147,20.2595,24.0763,27.0223,28.8752,29.8239,30.3363,30.7885,31.1137,31.4407,31.7693,32.0995,32.5644,33.0995,34.1155,36.1929,39.7923,13.7746,8.66491,0.312405,70.1683,72.4191,72.0877,72.0877
48.045448303222656,-0.055065834679982315,0.2313690185546875,0.0,2,0.355318,2.0,9301.23,79.3116,0.360144,-6.46247,9.86997,20.0589,23.7787,26.6645,28.4852,29.419,29.9236,30.3693,30.6899,31.0124,31.3365,31.6624,32.1214,32.6498,33.6539,35.7097,39.2789,13.8998,8.49742,0.287264,70.1683,72.7342,71.2688,71.2688
48.06571340560913,-0.12511025330017414,0.2509765625,0.0,2,0.355752,2.0,9307.33,79.5443,0.239235,-6.81829,10.0486,19.8561,23.4812,26.3074,28.0962,29.0149,29.5119,29.9511,30.2671,30.585,30.9047,31.2262,31.6792,32.2009,33.1931,35.2271,38.7656,14.1364,8.32844,0.261915,70.1683,73.0013,71.3104,71.3104
48.08570623397827,-0.25998877767334877,0.51763916015625,0.0,2,0.356948,2.0,9391.34,79.7579,0.0868365,-7.18508,10.2117,19.6709,23.2059,25.975,27.7329,28.6371,29.1268,29.5596,29.8712,30.1847,30.5001,30.8174,31.2645,31.7798,32.7604,34.7733,38.2824,14.5179,8.15504,0.236319,70.2172,73.2591,71.9106,71.9106
48.106135845184326,-0.36772077507597084,0.760772705078125,0.0,2,0.360301,2.0,10031.5,79.9908,-0.132169,-7.53076,10.3817,19.5403,22.9945,25.7122,27.4424,28.3335,28.8167,29.2439,29.5515,29.8611,30.1727,30.4861,30.928,31.4377,32.4082,34.4026,37.8868,15.0494,7.9716,0.210353,71.7152,73.5343,76.6231,76.6231
48.125441551208496,-0.39486147960740825,0.45489501953125,0.0,2,0.366757,2.0,11235.3,80.2843,-0.0896491,-8.00753,10.5716,19.4854,22.8717,25.5464,27.2533,28.1339,28.6117,29.0344,29.3387,29.6452,29.9536,30.2639,30.7015,31.2069,32.1695,34.1496,37.616,15.6567,7.77482,0.1839,72.1343,73.8416,85.7289,85.7289
48.146941900253296,-0.39412011433548233,0.48430633544921875,0.0,2,0.376109,2.0,11208.5,80.7907,0.232519,-8.43732,10.7792,19.495,22.8257,25.4656,27.1536,28.0263,28.5001,28.9192,29.2211,29.525,29.8309,30.1388,30.5734,31.0757,32.0327,34.0029,37.4588,15.3105,7.56653,0.156928,72.2777,74.3666,85.9193,85.9193
48.16694116592407,-0.393238498682335,0.4745025634765625,0.0,2,0.387304,2.0,11129.4,81.3929,0.697911,-8.81669,10.9905,19.5379,22.8218,25.4331,27.1056,27.9722,28.4427,28.8589,29.1588,29.4607,29.7646,30.0707,30.5034,31.0034,31.9561,33.9197,37.3703,14.4595,7.35138,0.129418,72.4556,75.0257,85.333,85.333
48.185898542404175,-0.392299787362511,0.40195465087890625,0.0,2,0.400105,2.0,10934.5,82.0341,1.19388,-9.12602,11.2025,19.6069,22.8519,25.4403,27.1009,27.9627,28.4306,28.8445,29.1427,29.443,29.7458,30.051,30.4822,30.9806,31.9303,33.8906,37.3407,13.6752,7.13032,0.101264,72.7722,75.749,83.8707,83.8707
48.20614290237427,-0.3913868422922641,0.4823455810546875,0.0,2,0.414284,2.0,10548.5,82.6577,1.65982,-9.37327,11.4132,19.6964,22.9096,25.4798,27.1319,27.99,28.4558,28.8679,29.1652,29.4649,29.7671,30.0716,30.502,30.9994,31.9472,33.9072,37.3613,12.9514,6.90408,0.0723464,73.2019,76.491,80.9572,80.9572
48.226503133773804,-0.4188022636490455,0.0352935791015625,0.0,2,0.429226,2.0,10494.4,83.2115,2.03761,-9.57443,11.6157,19.7936,22.9793,25.5337,27.1798,28.0346,28.4988,28.9102,29.207,29.5064,29.8081,30.1123,30.542,31.0387,31.986,33.9472,37.4083,12.3125,6.67414,0.0425431,73.6789,77.1582,80.4288,80.4288
48.24594330787659,-0.488003872724851,0.0,0.0,2,0.444599,2.0,9713.61,83.4784,2.38636,-9.86062,11.8071,19.8916,23.0534,25.5943,27.2352,28.0873,28.5509,28.9619,29.2584,29.5575,29.8589,30.1628,30.5921,31.0883,32.0365,33.9996,37.4706,11.7436,6.44111,0.0117781,74.038,77.6223,72.8349,76.2647
48.27368092536926,-0.541227748803012,0.0,0.0,2,0.461421,2.0,9485.78,83.372,2.76299,-10.1754,12.0012,20.0162,23.1614,25.6948,27.3327,28.1846,28.6485,29.0597,29.3565,29.6556,29.9572,30.2611,30.6908,31.1881,32.1386,34.1071,37.5935,11.1636,6.20593,-0.0198083,73.9833,77.7976,70.6182,74.858
48.293004512786865,-0.5973888655292988,0.0,0.0,2,0.480111,2.0,9390.46,83.194,3.39364,-10.5904,12.2056,20.1774,23.3157,25.8487,27.4878,28.3421,28.8072,29.2194,29.5168,29.8167,30.1189,30.4239,30.8555,31.3551,32.3096,34.2881,37.7969,10.5688,5.97392,-0.0521358,73.6414,77.7958,69.5363,74.4261
48.31153392791748,-0.6093597282700783,0.0,0.0,2,0.499367,2.0,9351.5,82.9825,4.05063,-10.9782,12.4044,20.3439,23.4799,26.0165,27.6597,28.5169,28.9834,29.3969,29.6953,29.9965,30.3004,30.607,31.0408,31.5429,32.502,34.4932,38.0278,10.0277,5.74882,-0.0851658,73.1716,77.6965,68.9555,74.3854
48.32957124710083,-0.6097737005928969,0.0,0.0,2,0.516668,2.0,9333.29,82.8011,4.71038,-11.4237,12.5669,20.457,23.5855,26.1208,27.7664,28.6249,29.0921,29.5066,29.806,30.1082,30.4132,30.7209,31.1561,31.6598,32.6226,34.6237,38.1846,9.61333,5.53676,-0.118857,73.0858,77.4585,68.8533,74.1924
48.34828567504883,-0.6101751213844282,0.0,0.0,2,0.530132,2.0,9329.98,82.6252,4.95211,-11.789,12.6716,20.4737,23.5813,26.1053,27.7468,28.6032,29.0699,29.4842,29.7835,30.0856,30.3904,30.698,31.1331,31.6366,32.6006,34.6044,38.1916,9.35673,5.34258,-0.153179,73.0463,76.9129,69.2628,73.7249
48.36629343032837,-0.6105598828707964,0.0,0.0,2,0.519677,2.0,9335.48,82.4566,4.84914,-12.0879,12.7297,20.413,23.4887,25.993,27.6248,28.4767,28.9416,29.3543,29.6525,29.9535,30.2572,30.5637,30.9973,31.4996,32.4617,34.4629,38.0684,9.2182,5.16505,-0.187743,73.0379,76.1448,69.8342,73.2325
48.39261531829834,-0.6109832117896654,0.0,0.0,2,0.49649,2.0,9340.19,82.2711,4.38638,-12.2867,12.7555,20.3001,23.3362,25.815,27.4331,28.2789,28.7407,29.1509,29.4473,29.7464,30.0484,30.3531,30.7844,31.2844,32.2425,34.237,37.8514,9.16595,5.00255,-0.221096,72.9304,75.3661,70.3553,72.7901
48.409478425979614,-0.5998603160580397,0.0,0.0,2,0.473314,2.0,9278.05,82.0902,3.99552,-12.5227,12.7843,20.2025,23.2028,25.6589,27.2645,28.1052,28.5644,28.9723,29.267,29.5646,29.865,30.1682,30.5977,31.0958,32.0506,34.0397,37.6709,9.10246,4.84747,-0.253128,72.741,74.9201,70.3936,71.8758
48.42570519447327,-0.5225458943224692,0.0,0.0,2,0.452676,2.0,9171.39,81.9058,3.83971,-12.7153,12.8437,20.1761,23.1548,25.5989,27.1987,28.0376,28.4959,28.903,29.1972,29.4943,29.7942,30.0971,30.5265,31.0246,31.9793,33.9701,37.6484,8.93066,4.69102,-0.283751,72.5402,75.0446,69.9844,70.6564
48.449562072753906,-0.46051079761886504,0.0,0.0,2,0.435493,2.0,9019.85,81.7307,4.1943,-13.0644,12.9421,20.2392,23.2148,25.6611,27.264,28.1055,28.5651,28.9734,29.2684,29.5665,29.8677,30.1721,30.6034,31.1038,32.0627,34.065,37.8409,8.62139,4.53091,-0.31289,72.3708,75.746,68.8774,69.4914
48.46575570106506,-0.3656237485692371,0.0,0.0,2,0.423943,2.0,8880.38,81.5306,5.09637,-13.4301,13.1015,20.4398,23.4402,25.9101,27.5306,28.3811,28.8454,29.2582,29.5569,29.8587,30.1637,30.4717,30.9083,31.4144,32.3849,34.4133,38.3869,8.14254,4.36341,-0.34033,71.9991,76.7114,67.7891,68.3937
48.489370346069336,-0.2976176316326621,0.0,0.0,2,0.416477,2.0,8772.96,81.3036,6.27043,-13.7168,13.306,20.7474,23.7952,26.3058,27.9545,28.8192,29.2921,29.7126,30.0168,30.324,30.6344,30.9479,31.3919,31.9073,32.8963,34.978,39.2631,7.6028,4.19305,-0.366133,71.5248,77.4774,67.1855,67.3462
48.51147174835205,-0.2018300945008993,0.0,0.0,2,0.415419,2.0,8668.45,81.0584,7.71125,-13.9799,13.5415,21.1334,24.2462,26.8116,28.4959,29.3808,29.8645,30.2943,30.6051,30.919,31.2362,31.5568,32.0114,32.5388,33.5503,35.7645,40.4549,7.07208,4.02448,-0.39035,71.0357,77.831,66.8815,66.052
48.52673625946045,-0.09969523646446565,0.0,0.0,2,0.418942,2.0,8557.15,80.79,9.34089,-14.2242,13.7969,21.57,24.7601,27.3907,29.1183,30.0256,30.5212,30.9618,31.2807,31.603,31.9286,32.2576,32.7237,33.2643,34.3285,36.7548,41.9476,6.58479,3.8617,-0.413316,70.6248,77.9275,66.617,64.612
48.548099994659424,-0.044897734706501165,0.0,0.0,2,0.42168,2.0,8657.23,80.382,10.8097,-14.3313,14.0462,22.0049,25.2752,27.9722,29.7442,30.6744,31.1831,31.6354,31.9626,32.2931,32.6269,32.9644,33.4513,34.0319,35.1957,37.8622,10.6083,6.16936,3.70993,-0.435042,70.3736,77.5723,66.3623,66.1815
48.56749510765076,-0.016954070249196145,0.0,0.0,2,0.420575,2.0,8809.1,79.9468,11.7799,-14.3186,14.2531,22.3626,25.7003,28.4544,30.264,31.2151,31.7349,32.1969,32.5314,32.8742,33.2269,33.5899,34.1159,34.7441,36.0061,38.9119,8.9063,5.84434,3.57283,-0.455673,70.3121,76.7553,65.9191,68.9917
48.58764600753784,-0.011655170784462243,0.0,0.0,2,0.415525,2.0,8893.33,79.5705,12.2541,-14.2156,14.4151,22.6357,26.026,28.8265,30.6677,31.6354,32.1652,32.6462,33.0018,33.3677,33.7445,34.1325,34.6955,35.3686,36.7237,39.8588,8.16226,5.5866,3.44733,-0.475354,70.3269,76.0102,65.8084,70.4478
48.60608506202698,-0.011668652070421726,0.0,0.0,2,0.407218,2.0,8916.38,79.2577,12.3835,-14.0899,14.5406,22.8382,26.2694,29.1066,30.9738,31.9597,32.5164,33.025,33.4013,33.7888,34.188,34.5995,35.197,35.9124,37.3555,40.7098,7.67953,5.37376,3.33043,-0.494211,70.3593,75.3834,65.8246,70.8212
48.62549042701721,-0.01168011633533612,0.0,0.0,2,0.396393,2.0,8906.94,78.9917,12.3247,-13.991,14.6395,22.988,26.4508,29.3174,31.2057,32.2313,32.8158,33.3503,33.746,34.1538,34.5743,35.008,35.6384,36.394,37.9212,41.4874,7.32359,5.19082,3.22019,-0.512269,70.3775,74.8728,65.846,70.6732
48.64903712272644,-0.015138005103667578,0.0,0.0,2,0.388723,2.0,8881.35,78.7573,12.2097,-13.9559,14.7209,23.1045,26.5928,29.4843,31.4049,32.4765,33.0879,33.6476,34.0623,34.4899,34.9312,35.3866,36.0491,36.8443,38.4548,42.2323,7.03446,5.02668,3.11531,-0.52964,70.3601,74.4822,65.8116,70.3225
48.667312145233154,-0.06624310090376312,0.1764678955078125,0.0,2,0.380417,2.0,8850.8,78.5397,12.0923,-13.9734,14.7927,23.2045,26.7154,29.6298,31.6016,32.7194,33.3582,33.9434,34.3773,34.8252,35.2876,35.7652,36.4607,37.2965,38.9926,42.9899,6.77994,4.87368,3.01495,-0.546474,70.2904,74.1804,65.729,69.9382
48.68546009063721,-0.19719055080790726,0.478424072265625,0.0,2,0.371432,2.0,8973.16,78.3339,11.9331,-14.0056,14.8577,23.2939,26.8258,29.762,31.804,32.9693,33.6361,34.2477,34.7015,35.1702,35.6546,36.1552,36.885,37.7631,39.5489,43.7782,6.54832,4.72913,2.91893,-0.562732,70.1304,73.7993,68.6565,68.6565
48.70916175842285,-0.3520104220673762,0.635284423828125,0.0,2,0.36169,2.0,9742.65,78.3577,11.6994,-14.0262,14.9154,23.3709,26.9222,29.887,32.0086,33.2224,33.9179,34.5565,35.0308,35.521,36.0279,36.5523,37.3176,38.2395,40.1187,44.5917,6.33676,4.59241,2.8267,-0.578461,69.8697,73.2956,74.4655,74.4655
48.72641968727112,-0.5398166273117065,0.42156219482421875,0.0,2,0.351366,2.0,10444.1,78.64,11.4972,-14.0349,14.9691,23.4418,27.0118,30.0207,32.2247,33.4888,34.2143,34.8811,35.3768,35.8896,36.4202,36.9697,37.7723,38.7405,40.7189,45.453,6.13658,4.45932,2.73623,-0.59373,69.5697,72.8459,79.8236,79.8236
48.74845504760742,-0.6067684210737347,0.4901885986328125,0.0,2,0.340349,2.0,10376.3,79.0049,11.3974,-14.0863,15.0179,23.5041,27.0913,30.1595,32.4482,33.7644,34.521,35.2172,35.7352,36.2715,36.827,37.4026,38.2444,39.2614,41.3445,46.3572,5.94981,4.33094,2.64797,-0.608463,69.2876,72.3442,79.5245,79.5245
48.765037059783936,-0.605949380845964,0.49999237060546875,0.0,2,0.32965,2.0,10516.8,79.3707,11.3098,-14.1869,15.0528,23.5385,27.1374,30.2739,32.6438,34.0104,34.7972,35.5219,36.0616,36.6209,37.2006,37.8019,38.6823,39.7474,41.9341,47.2259,5.79155,4.21384,2.56361,-0.622575,69.1015,71.9264,80.5472,80.5472
48.78558397293091,-0.6166685990434568,0.49999237060546875,0.0,2,0.319287,2.0,10642.6,79.7798,11.2046,-14.3324,15.0658,23.5285,27.1302,30.3353,32.7767,34.1881,35.0018,35.7521,36.3114,36.8913,37.4929,38.1175,39.0328,40.1417,42.4236,47.9747,5.67251,4.11347,2.48472,-0.636162,69.0495,71.7813,81.5125,81.5125
48.8071928024292,-0.4835469068344518,0.49999237060546875,0.0,2,0.306755,2.0,10729.9,80.2333,11.0009,-14.4962,15.0536,23.4664,27.0604,30.3266,32.8257,34.2737,35.1096,35.881,36.4565,37.0536,37.6735,38.3175,39.2621,40.408,42.7707,48.5456,5.59799,4.03255,2.41228,-0.649179,69.0324,71.7271,82.1956,82.1956
48.826823234558105,-0.229670402537028,0.49999237060546875,0.0,2,0.291958,2.0,10764.1,80.7432,10.6505,-14.6406,15.0154,23.3501,26.9272,30.2387,32.7792,34.2539,35.1061,35.8932,36.4807,37.0907,37.7244,38.3831,39.35,40.5241,42.9492,48.9005,5.57225,3.97257,2.34683,-0.66157,69.0324,72.1848,82.4742,82.4742
48.8462176322937,-0.06556883541408677,0.49999237060546875,0.0,2,0.275136,2.0,10729.5,81.3028,10.0853,-14.7269,14.9552,23.1872,26.741,30.079,32.6453,34.1372,35.0001,35.7977,36.3933,37.012,37.6551,38.3238,39.3061,40.4998,42.969,49.0488,5.59478,3.93219,2.28742,-0.673343,69.403,73.3565,82.2331,82.2331
48.86620783805847,-0.007268006072938442,0.49999237060546875,0.0,2,0.256729,2.0,10693.7,81.8848,9.39522,-14.7983,14.8794,22.9907,26.5155,29.8655,32.4455,33.9472,34.8165,35.6203,36.221,36.8451,37.494,38.169,39.1612,40.3678,42.8666,49.0358,5.66348,3.90793,2.23234,-0.684514,70.4069,74.9484,81.9547,81.9547
48.885008096694946,0.0,0.49999237060546875,0.0,2,0.237409,2.0,10676.6,82.4995,8.6506,-14.8806,14.7911,22.7665,26.2565,29.6055,32.1884,33.6934,34.565,35.3714,35.9742,36.6007,37.2522,37.9303,38.9274,40.1406,42.6554,48.8783,5.7878,3.89836,2.18168,-0.695038,71.6431,75.8946,81.8147,81.8147
48.90872073173523,0.0016564447764965396,0.9999847412109375,0.0,2,0.219611,2.0,10677.9,83.1303,7.86833,-14.9814,14.6928,22.52,25.9701,29.3072,31.8839,33.3864,34.2571,35.0628,35.6652,36.2915,36.9431,37.6213,38.619,39.8334,42.3527,48.5975,5.97959,3.90434,2.13581,-0.704993,72.7961,76.4467,81.8214,81.8214
48.92848753929138,0.00394454845675112,0.49999237060546875,0.0,2,0.201074,2.0,11919.7,83.8567,7.18225,-15.0977,14.5891,22.2625,25.6702,28.9896,31.5552,33.0522,33.92,34.7234,35.3242,35.9489,36.5989,37.2758,38.2717,39.4844,42.0018,48.2515,6.25377,3.92538,2.09493,-0.714367,73.847,77.0233,90.9222,90.9222
48.94830894470215,0.004912070279952139,0.49999237060546875,0.0,2,0.182771,2.0,11541.0,84.6651,6.62797,-15.1805,14.4897,22.0174,25.3882,28.6957,31.255,32.7496,33.6165,34.4191,35.0196,35.6441,36.2942,36.9713,37.9677,39.1818,41.7038,47.9766,6.62147,3.95638,2.05902,-0.722983,75.0137,77.842,88.5648,88.5648
48.96674084663391,0.0039205041131159905,0.49999237060546875,0.0,2,0.164821,2.0,11180.2,85.479,6.03075,-15.1939,14.3958,21.7873,25.1281,28.4309,30.9902,32.4862,33.3544,34.1586,34.7605,35.3867,36.0386,36.7179,37.718,38.9372,41.4723,47.7915,7.15108,3.99705,2.02742,-0.730851,76.6093,78.6732,85.7986,85.7986
48.988774061203,0.0006631677970290184,0.9999847412109375,0.0,2,0.146098,2.0,10911.3,86.27,5.37956,-15.2214,14.2955,21.5451,24.8538,28.1459,30.7,32.1944,33.062,33.8661,34.468,35.0944,35.7467,36.4266,37.428,38.6494,41.191,47.5392,8.29704,4.06008,2.00109,-0.737966,77.6453,79.354,83.6925,83.6925
49.00851917266846,-0.011330314029604197,0.49999237060546875,0.0,2,0.12663,2.0,11979.0,87.108,4.77549,-15.2808,14.1852,21.2822,24.5531,27.8242,30.3643,31.8515,32.7152,33.516,34.1155,34.7395,35.3896,36.0672,37.0656,38.2837,40.8202,47.165,63.4231,4.15441,1.98144,-0.744245,78.4688,79.9896,91.4343,91.4343
49.02802586555481,-0.053301333368336784,0.49999237060546875,0.0,2,0.109223,2.0,11517.9,87.9854,4.30231,-15.3741,14.0731,21.0194,24.2547,27.5051,30.0316,31.5118,32.3719,33.1693,33.7666,34.3884,35.0363,35.7118,36.7073,37.9224,40.4543,46.7973,63.0805,4.27799,1.96874,-0.749626,79.1831,80.7867,88.3973,88.3973
49.046992778778076,-0.13657349509764835,0.9999847412109375,0.0,2,0.0915491,2.0,11218.5,88.8007,3.76498,-15.4913,13.9584,20.7547,23.9558,27.1849,29.6972,31.17,32.0262,32.8202,33.4151,34.0345,34.68,35.3533,36.3457,37.5575,40.0841,46.4236,62.7277,4.44055,1.96394,-0.754127,79.7948,81.4637,86.0591,86.0591
49.06497383117676,-0.15278651330419443,0.49999237060546875,0.0,2,0.0741221,2.0,12230.2,89.6462,3.19734,-15.5479,13.8462,20.4995,23.6729,26.8858,29.3884,30.8566,31.7106,32.5028,33.0965,33.7148,34.3594,35.0318,36.0234,37.2347,39.7623,46.1158,62.4726,4.6425,1.96643,-0.757755,80.5467,82.0869,93.4269,93.4269
49.088762521743774,-0.15223599693711753,0.9999847412109375,0.0,2,0.0584528,2.0,11579.8,90.5843,2.78005,-15.5173,13.7499,20.286,23.4537,26.6735,29.1862,30.6625,31.5218,32.3194,32.9174,33.5406,34.1904,34.8686,35.8694,37.0928,39.649,46.0947,62.6426,4.85418,1.97247,-0.760517,81.4009,83.1414,88.9408,88.9408
49.108644247055054,-0.12466114687458674,0.49999237060546875,0.0,2,0.043658,2.0,12414.6,91.5138,2.49929,-15.5064,13.6605,20.0934,23.2704,26.5103,29.0448,30.5363,31.4054,32.2127,32.8182,33.4496,34.1085,34.7964,35.8123,37.0554,39.6572,46.2438,63.0479,5.09448,1.98347,-0.762369,82.1729,84.1637,94.8483,94.8483
49.127384662628174,-0.1141784115585809,0.9999847412109375,0.0,2,0.0304114,2.0,11780.8,92.4454,2.39471,-15.5265,13.5743,19.9165,23.1138,26.3839,28.9492,30.4619,31.3442,32.1646,32.7804,33.4229,34.0937,34.7947,35.8307,37.0999,39.7613,46.5305,63.6261,5.38137,2.00118,-0.763204,82.9849,85.2285,90.4617,90.4617
49.14578437805176,-0.11377973630481089,0.49999237060546875,0.0,2,0.018357,2.0,12682.9,93.3447,2.33617,-15.5801,13.4845,19.7425,22.9612,26.2633,28.8612,30.3963,31.2928,32.1271,32.7539,33.4082,34.0918,34.8066,35.8641,37.1611,39.8865,46.8528,64.2207,5.75431,2.02786,-0.7631,83.8024,86.0972,96.8758,96.8758
49.168617725372314,-0.12848194939169102,0.9999847412109375,0.0,2,0.00651329,2.0,12097.3,94.247,2.35646,-15.6527,13.3931,19.5773,22.8217,26.1614,28.7972,30.3582,31.2711,32.1214,32.7608,33.4287,34.127,34.8578,35.94,37.269,40.0681,47.262,64.8956,6.23405,2.06427,-0.761973,84.6022,86.9843,92.8781,92.8781
49.19080710411072,-0.1912142278934618,0.49999237060546875,0.0,2,-0.00492746,2.0,12855.3,95.2042,2.28071,-15.5664,13.3017,19.4257,22.7027,26.0884,28.7701,30.3623,31.2948,32.1644,32.8187,33.5029,34.2188,34.9687,36.0803,37.4476,40.3346,47.8004,65.6916,6.87428,2.1094,-0.759864,85.6765,87.9118,98.2779,98.2779
49.20676016807556,-0.30454637443982063,0.9999847412109375,0.0,2,-0.0152219,2.0,12081.1,96.1907,2.22581,-15.4603,13.2169,19.3056,22.6309,26.0821,28.8273,30.4622,31.4216,32.3173,32.9921,33.6983,34.4381,35.2138,36.3652,37.7841,40.7893,48.6207,66.7718,7.74054,2.15988,-0.756836,86.3601,88.8297,92.8018,92.8018
49.22555685043335,-0.3360070622241497,0.49999237060546875,0.0,2,-0.0246638,2.0,12881.3,97.1095,2.18035,-15.3942,13.1371,19.2125,22.5997,26.1335,28.9583,30.6468,31.6397,32.5681,33.2684,34.0022,34.7718,35.5798,36.781,38.2644,41.418,49.7111,68.0712,9.54799,2.21547,-0.752983,86.7837,89.4562,98.4371,98.4371
49.24506139755249,-0.3348504582881927,0.9999847412109375,0.0,2,-0.0309766,2.0,12250.1,97.98,2.30204,-15.3779,13.0655,19.159,22.6291,26.2721,29.2019,30.9605,31.9974,32.9687,33.7026,34.4726,35.2813,36.1317,37.3985,38.967,42.3166,51.2253,69.6973,97.2565,2.2752,-0.748325,87.2128,90.2813,94.0313,94.0313
49.26513314247131,-0.2858746931107566,0.49999237060546875,0.0,2,-0.0365232,2.0,13195.5,98.7878,2.50579,-15.4043,12.9962,19.1303,22.6969,26.4676,29.5206,31.3621,32.451,33.4733,34.247,35.0601,35.9156,36.8167,38.162,39.8327,43.4194,52.9768,71.4836,100.476,2.34081,-0.742976,87.735,91.1004,100.799,100.799
49.284475803375244,-0.2005165268170349,0.9999847412109375,0.0,2,-0.0410522,2.0,12539.3,99.6359,2.79798,-15.3579,12.9317,19.137,22.8206,26.7467,29.9504,31.8939,33.047,34.1323,34.9554,35.822,36.7355,37.6998,39.1434,40.9424,44.8289,54.9745,73.5131,105.544,2.41126,-0.736852,88.5827,92.1718,96.3282,96.3282
49.305070877075195,-0.15755146598060923,0.49999237060546875,0.0,2,-0.0452989,2.0,13301.9,100.528,3.03538,-15.1849,12.8669,19.1652,22.9791,27.0805,30.4561,32.5168,33.744,34.9022,35.7828,36.7119,37.6933,38.7318,40.2909,42.2419,46.4868,57.0689,75.6293,40.8897,2.48623,-0.730091,89.7355,93.3657,101.685,101.685
49.32854390144348,-0.11988750339190164,0.9999847412109375,0.0,2,-0.0497783,2.0,12621.6,101.412,3.36416,-15.0587,12.7974,19.2028,23.1545,27.4443,31.0073,33.197,34.5065,35.7459,36.6906,37.6896,38.7476,39.8697,41.5601,43.6848,48.3437,59.1493,77.7198,23.3893,2.56824,-0.722596,90.7395,94.3107,96.883,96.883
49.345832109451294,-0.08331944870173931,0.49999237060546875,0.0,2,-0.0546868,2.0,13562.8,102.239,3.63915,-14.9945,12.7149,19.2195,23.2992,27.7682,31.5131,33.8298,35.2207,36.5412,37.5502,38.6196,39.7548,40.9619,42.7862,45.0894,50.1215,60.9681,79.5344,20.18,2.66152,-0.714373,91.6947,94.9587,103.62,103.62
49.36841535568237,-0.06025441006311525,0.9999847412109375,0.0,2,-0.0598338,2.0,12978.3,103.081,3.96832,-14.9731,12.6216,19.2242,23.4268,28.0722,31.9993,34.4449,35.9192,37.323,38.3984,39.5407,40.7563,42.0523,44.0175,46.51,51.7477,62.6162,81.1697,18.9521,2.76728,-0.705329,92.6347,95.6972,99.6062,99.6062
49.384809255599976,-0.050058555161735664,0.49999237060546875,0.0,2,-0.0665267,2.0,13908.1,103.926,4.17048,-14.9387,12.5129,19.1978,23.5063,28.3085,32.4018,34.9667,36.5188,38.0008,39.1389,40.3505,41.6428,43.0239,45.1249,47.7955,53.0796,63.9562,82.4879,18.628,2.88779,-0.695462,93.6092,96.2796,106.367,106.367
49.406779289245605,-0.043726177393896504,0.9999847412109375,0.0,2,-0.074179,2.0,13056.0,104.919,4.16019,-14.6877,12.3935,19.1552,23.5606,28.5103,32.7633,35.4442,37.0727,38.6319,39.8322,41.1128,42.4817,43.9483,46.1866,48.9467,54.2381,65.114,83.6184,18.5858,3.02156,-0.68475,94.7243,97.1244,100.284,100.284
49.42771887779236,-0.0406545492438972,0.49999237060546875,0.0,2,-0.0834792,2.0,13826.6,105.863,3.9737,-14.4762,12.2593,19.077,23.5566,28.6253,33.0113,35.791,37.485,39.111,40.3655,41.7063,43.1427,44.6851,47.0282,49.7931,55.0824,65.9457,84.4161,18.8777,3.17164,-0.673298,95.7341,97.784,105.708,105.708
49.447935581207275,-0.03242299569011045,0.9999847412109375,0.0,2,-0.0932196,2.0,13126.3,106.783,3.78037,-14.3371,12.1163,18.9806,23.5226,28.6955,33.2012,36.0712,37.8258,39.514,40.819,42.2164,43.7164,45.3304,47.7089,50.471,55.753,66.5972,85.0647,19.2623,3.33833,-0.660965,96.6866,98.5673,100.751,100.751
49.46699285507202,-0.025152217627428475,0.49999237060546875,0.0,2,-0.103447,2.0,14048.6,107.651,3.52688,-14.2653,11.9674,18.853,23.4357,28.6841,33.2814,36.2223,38.0252,39.7633,41.1093,42.553,44.1052,45.7637,48.1363,50.8911,56.1591,66.9753,85.4797,19.8248,3.52478,-0.647855,97.6175,99.1953,107.359,107.359
49.486083984375,-0.01693986910107235,0.9999847412109375,0.0,2,-0.114317,2.0,13373.5,108.558,3.32716,-14.2207,11.8175,18.7131,23.3275,28.6396,33.3173,36.3219,38.1686,39.9523,41.3359,42.8222,44.4224,46.087,48.4515,51.1968,56.4477,67.2319,85.8031,20.4039,3.73043,-0.63379,98.5207,99.9731,102.711,102.711
49.50533151626587,-0.015093495307965206,0.9999847412109375,0.0,2,-0.126599,2.0,14016.8,109.583,2.89965,-13.9405,11.6614,18.5388,23.1604,28.5022,33.2254,36.2688,38.143,39.9561,41.3643,42.8789,44.499,46.1543,48.506,51.2376,56.4644,67.208,85.8259,21.1686,3.96182,-0.618796,99.6937,100.74,107.229,107.229
49.5276255607605,-0.01335400527715683,0.49999237060546875,0.0,2,-0.139412,2.0,14445.7,110.723,2.58909,-13.6778,11.5049,18.3552,22.9763,28.3371,33.0949,36.1695,38.0665,39.9041,41.3331,42.8717,44.4928,46.1374,48.4748,51.1909,56.3909,67.09,85.7512,21.9367,4.21842,-0.602737,100.743,101.712,110.538,110.538
49.546486377716064,-0.013295851449171702,0.9999847412109375,0.0,2,-0.152387,2.0,13536.2,111.765,2.28673,-13.4825,11.3479,18.1633,22.7768,28.147,32.9294,36.0282,37.9434,39.8011,41.2473,42.8035,44.4132,46.046,48.3678,51.0669,56.2378,66.8888,85.585,22.7095,4.48514,-0.585501,101.783,102.672,103.94,103.94
49.56591606140137,-0.013244004130363465,0.9999847412109375,0.0,2,-0.165501,2.0,14364.7,112.694,1.91915,-13.3588,11.1866,17.9459,22.533,27.8852,32.6633,35.7653,37.6848,39.5484,41.0004,42.5561,44.1507,45.7691,48.0716,50.75,55.8862,66.4819,85.1596,23.6252,4.75173,-0.567153,102.746,103.397,109.824,109.824
49.58540487289429,-0.01483126123175025,0.49999237060546875,0.0,2,-0.178787,2.0,14927.2,113.76,1.69605,-13.2604,11.0259,17.727,22.2855,27.6166,32.3873,35.4902,37.4126,39.2806,40.7372,42.286,43.8652,45.4686,47.7512,50.4084,55.5087,66.0471,84.6997,24.5114,5.01421,-0.547545,103.676,104.302,114.259,114.259
49.60607933998108,-0.013120608627796172,0.9999847412109375,0.0,2,-0.192044,2.0,13784.5,114.905,1.36274,-12.7125,10.8672,17.5122,22.044,27.3568,32.1231,35.2294,37.1563,39.0304,40.493,42.03,43.5937,45.1824,47.4452,50.0811,55.1454,65.626,84.2597,25.327,5.27145,-0.526607,105.029,105.554,105.915,105.915
49.62724304199219,-0.01469546704768203,0.9999847412109375,0.0,2,-0.205282,2.0,14421.7,115.923,1.02662,-11.9412,10.7114,17.3023,21.8092,27.1064,31.8713,34.9831,36.9159,38.7977,40.2654,41.7867,43.3351,44.909,47.1518,49.7662,54.7942,65.216,83.8369,26.0722,5.52191,-0.504453,105.956,106.505,110.352,110.352
49.64745259284973,-0.02006675689816475,0.9999847412109375,0.0,2,-0.214782,2.0,14786.9,117.08,0.882607,-11.3287,10.5585,17.1006,21.5875,26.8762,31.6476,34.7709,36.7138,38.6076,40.0758,41.5818,43.1155,44.6751,46.8988,49.4925,54.4851,64.849,83.4763,26.7176,5.76568,-0.480944,106.919,107.521,113.178,113.178
49.66599178314209,-0.026237196831107142,0.49999237060546875,0.0,2,-0.211801,2.0,15127.2,118.256,0.839806,-10.9191,10.4082,16.908,21.3808,26.6701,31.4582,34.6008,36.5591,38.4704,39.9323,41.4242,42.9441,44.4903,46.696,49.27,54.2288,64.537,83.2,27.2542,6.00297,-0.457075,107.894,108.55,115.785,115.785
49.68732571601868,-0.03320719610061496,0.9999847412109375,0.0,2,-0.208776,2.0,14070.6,119.347,0.77041,-10.5809,10.2588,16.7164,21.1756,26.4666,31.273,34.4364,36.4111,38.3383,39.7864,41.2644,42.7706,44.3034,46.4911,49.0456,53.9708,64.2231,82.9319,27.7482,6.23615,-0.433347,108.844,109.488,108.108,108.108
49.70562481880188,-0.03821148288379113,0.9999847412109375,0.0,2,-0.207472,2.0,14400.7,120.534,0.435023,-9.89437,10.0994,16.4785,20.8902,26.1324,30.9018,34.0447,36.0081,37.9205,39.3482,40.8063,42.2933,43.8076,45.9704,48.4982,53.3783,63.5588,82.162,28.5955,6.4815,-0.409873,109.85,110.166,110.307,110.307
49.72766089439392,-0.04071952432229184,0.9999847412109375,0.0,2,-0.206738,2.0,14619.7,121.771,0.18117,-9.31736,9.93701,16.2257,20.5785,25.7551,30.469,33.5773,35.52,37.4083,38.8133,40.2493,41.715,43.2087,45.3439,47.8421,52.6724,62.7739,81.22,29.5525,6.73022,-0.386537,110.856,111.028,111.908,111.908
49.74542808532715,-0.046202357547823335,0.9999847412109375,0.0,2,-0.205751,2.0,15081.3,122.882,0.0683767,-9.17909,9.77624,15.9793,20.2778,25.3955,30.0612,33.1406,35.0664,36.9319,38.3149,39.7296,41.1745,42.6481,44.7564,47.2257,52.0068,62.0299,80.3395,30.4363,6.97545,-0.363225,111.603,111.922,115.346,115.346
49.76616072654724,-0.052030250568864865,0.49999237060546875,0.0,2,-0.204253,2.0,15767.4,123.863,0.0418208,-9.35432,9.61845,15.7455,19.9989,25.0715,29.7044,32.7665,34.6832,36.5283,37.8912,39.2863,40.7122,42.1672,44.2505,46.6926,51.4277,61.3764,79.5889,31.1819,7.21439,-0.339906,112.493,112.925,120.53,120.53
49.78773260116577,-0.06848077812910079,0.9999847412109375,0.0,2,-0.202054,2.0,15188.0,124.656,0.071672,-9.65064,9.46488,15.5293,19.7501,24.7966,29.418,32.4789,34.3976,36.2236,37.5691,38.9471,40.3561,41.7948,43.856,46.2743,50.968,60.849,79.019,31.7376,7.44414,-0.316606,113.485,113.99,116.501,116.501
49.87076020240784,-0.09126903855800629,0.9999847412109375,0.0,2,-0.199186,2.0,15092.9,125.2,0.140219,-9.98679,9.31594,15.3304,19.5309,24.57,29.2007,32.2765,34.2059,36.0116,37.3423,38.7056,40.1002,41.5249,43.5672,45.9645,50.622,60.4423,78.6271,32.1071,7.66333,-0.293429,114.271,114.893,115.646,115.646
49.873522996902466,-0.09107659405499696,0.9999847412109375,0.0,2,-0.195738,2.0,15125.9,125.674,0.244393,-10.2919,9.1714,15.1469,19.3378,24.386,29.0451,32.1505,34.0888,35.8769,37.1951,38.5461,39.9286,41.3412,43.3671,45.7464,50.3722,60.1388,78.3979,32.3156,7.87187,-0.270437,114.78,115.536,115.901,115.901
49.874690771102905,-0.09087684153288604,0.9999847412109375,0.0,2,-0.191633,2.0,15121.7,126.166,0.344341,-10.3578,9.032,14.9813,19.1751,24.2519,28.9622,32.1151,34.0554,35.8298,37.1382,38.4794,39.8522,41.2552,43.2676,45.6321,50.2315,59.9524,78.3686,32.3589,8.06797,-0.247681,115.226,116.167,115.881,115.881
49.874690771102905,-0.0906746530044079,0.9999847412109375,0.0,2,-0.187005,2.0,15109.4,126.664,0.466924,-10.3396,8.89746,14.8311,19.0383,24.1605,28.9422,32.1559,34.0869,35.8506,37.1513,38.4846,39.8495,41.2446,43.2463,45.5986,50.1761,59.8575,78.5246,32.2929,8.25212,-0.225242,115.626,116.688,115.782,115.782
49.88780212402344,-0.09038355024352669,0.49999237060546875,0.0,2,-0.181672,2.0,16282.5,127.381,0.61248,-10.3267,8.76915,14.7014,18.9367,24.1283,29.0102,32.2847,34.2084,35.9654,37.2609,38.5891,39.9488,41.3386,43.3325,45.6762,50.2372,59.8879,78.9584,32.0744,8.42152,-0.203165,116.055,117.277,124.431,124.431
49.905571937561035,-0.09000596925660967,0.49999237060546875,0.0,2,-0.174617,2.0,17059.9,128.311,0.942081,-10.3445,8.65299,14.619,18.9187,24.2383,29.291,32.634,34.5615,36.3211,37.6181,38.9474,40.3077,41.6979,43.692,46.0348,50.5932,60.2335,80.1292,31.4859,8.56392,-0.181421,116.595,118.17,130.459,130.459
49.92479491233826,-0.08951957998529078,0.49999237060546875,0.0,2,-0.166189,2.0,17353.6,129.509,1.45837,-10.238,8.54685,14.5761,18.972,24.4742,29.7666,33.157,35.0968,36.8661,38.1694,39.5045,40.8701,42.2651,44.2651,46.6137,51.1795,60.8249,82.2413,30.6633,8.68376,-0.160005,117.326,119.194,132.934,132.934
49.94659113883972,-0.08898893659830094,0.49999237060546875,0.0,2,-0.157181,2.0,17457.1,130.816,2.02062,-10.1263,8.44608,14.553,19.0634,24.783,30.3262,33.7487,35.7038,37.4854,38.7968,40.1394,41.512,42.9133,44.9213,47.2777,51.8548,61.5113,85.7659,29.8111,8.79095,-0.138921,118.275,120.289,133.726,133.726
49.96479296684265,-0.10081189781340771,0.49999237060546875,0.0,2,-0.148065,2.0,17646.4,132.071,2.5888,-10.1094,8.34814,14.5382,19.1728,25.1321,30.8915,34.3459,36.3163,38.1099,39.4294,40.7795,42.159,43.5667,45.5826,47.9468,52.5353,62.2029,149.686,29.0205,8.89116,-0.118213,119.259,121.332,135.121,135.121
49.98769283294678,-0.1272736799651105,0.9999847412109375,0.0,2,-0.139193,2.0,16533.9,133.121,3.07324,-10.2342,8.25133,14.5229,19.2839,25.494,31.4189,34.9009,36.8842,38.6883,40.0145,41.3709,42.7562,44.1693,46.1917,48.5623,53.1595,62.8347,146.61,28.3341,8.98821,-0.0979427,120.23,122.293,126.989,126.989
50.00784635543823,-0.17873830381991343,0.9999847412109375,0.0,2,-0.131584,2.0,16119.8,133.802,3.24621,-10.4715,8.15059,14.4797,19.3441,25.7713,31.7813,35.2749,37.2632,39.0708,40.3991,41.7572,43.1439,44.558,46.5816,48.9526,53.5492,63.2178,143.85,27.8779,9.09264,-0.0782813,121.154,123.039,123.59,123.59
50.02792191505432,-0.22612791581195782,0.9999847412109375,0.0,2,-0.125284,2.0,16081.0,134.265,3.17032,-10.7409,8.04688,14.4082,19.3493,25.951,31.9752,35.4642,37.4492,39.2535,40.5792,41.9346,43.3184,44.7295,46.7486,49.1144,53.7007,63.3485,141.458,27.6241,9.2034,-0.0594017,121.957,123.555,123.215,123.215
50.04555320739746,-0.2720453008310621,0.9999847412109375,0.0,2,-0.119348,2.0,16122.4,134.683,3.00533,-10.9747,7.94645,14.3359,19.35,26.1087,32.1216,35.6015,37.5809,39.38,40.7018,42.0531,43.4328,44.8396,46.8528,49.2117,53.785,63.4078,139.144,27.4237,9.30911,-0.0413396,122.575,123.987,123.525,123.525
50.064610719680786,-0.30721065288900395,0.9999847412109375,0.0,2,-0.112708,2.0,16160.5,135.099,2.82685,-11.1099,7.85656,14.2959,19.4091,26.3395,32.3576,35.8365,37.8142,39.6114,40.9316,42.2812,43.6589,45.0636,47.0735,49.4283,53.9934,63.6027,136.537,27.1236,9.39669,-0.0241659,122.967,124.48,123.822,123.822
50.08972907066345,-0.32870092654880134,0.49999237060546875,0.0,2,-0.104568,2.0,17418.6,135.739,2.87517,-11.2222,7.78266,14.3143,19.5794,26.727,32.7853,36.28,38.2649,40.0675,41.391,42.7435,44.1238,45.5308,47.5432,49.9002,54.4671,64.145,133.302,26.6246,9.45681,-0.00792003,123.231,125.034,133.113,133.113
50.10603094100952,-0.3274015314895659,0.49999237060546875,0.0,2,-0.093531,2.0,18250.4,136.586,3.36276,-11.3385,7.73306,14.4378,19.959,27.4186,33.5843,37.127,39.1353,40.9567,42.293,43.6574,45.049,46.4664,48.4924,50.8629,55.4509,65.4403,128.749,25.7906,9.47545,0.00751813,123.476,125.801,139.56,139.56
50.12690758705139,-0.32599168017972263,0.49999237060546875,0.0,2,-0.079285,2.0,18904.1,137.505,4.29215,-11.446,7.71101,14.6889,20.6063,28.4667,34.8123,38.4367,40.4851,42.3396,43.6982,45.0839,46.4954,47.9318,49.9821,52.3781,57.006,67.9032,122.198,24.674,9.4513,0.0221281,123.719,126.638,144.676,144.676
50.14696669578552,-0.3244299515252933,0.49999237060546875,0.0,2,-0.0624426,2.0,19285.6,138.523,5.5566,-11.506,7.71442,15.0668,21.5408,29.8341,36.4144,40.1448,42.2454,44.1426,45.5299,46.9429,48.3805,49.8413,51.9235,54.3524,59.0328,72.3126,113.699,23.4342,9.39432,0.0358859,123.992,127.424,147.657,147.657
50.16623306274414,-0.25256744475414356,0.49999237060546875,0.0,2,-0.0437968,2.0,19590.7,139.51,7.07455,-11.5988,7.74012,15.5664,22.7105,31.4606,38.3085,42.1578,44.3162,46.2609,47.6801,49.1233,50.5894,52.0771,54.1941,56.6591,61.5141,140.397,105.516,22.1979,9.31579,0.0487552,124.302,128.136,150.007,150.007
50.186930656433105,-0.18440731515440156,0.49999237060546875,0.0,2,-0.0242632,2.0,18392.1,140.359,8.64857,-11.742,7.78412,16.1766,24.0198,33.2594,40.3831,44.3525,46.569,48.5608,50.0116,51.4846,52.9787,54.4928,56.6439,59.151,64.9552,134.015,98.1319,21.0481,9.22645,0.060647,124.637,128.771,141.263,141.263
50.208473443984985,-0.13203726308162014,0.49999237060546875,0.0,2,-0.00547153,2.0,17796.7,140.928,9.96595,-11.9538,7.83669,16.8461,25.3357,35.0332,42.4037,46.4779,48.7444,50.7765,52.2542,53.7525,55.2703,56.8065,59.0226,61.9548,69.8329,127.187,91.8703,20.0703,9.14126,0.0713981,125.039,129.31,136.525,136.525
50.227354526519775,-0.10066358360211054,0.9999847412109375,0.0,2,0.0118653,2.0,17564.8,141.273,10.955,-12.193,7.89366,17.5456,26.5816,36.6757,44.2504,48.4092,50.7156,52.7795,54.2783,55.7963,57.3342,58.9838,61.6301,65.3755,137.914,119.926,36.0032,19.261,9.06421,0.080826,125.451,129.693,134.645,134.645
50.244481801986694,-0.06669355128982105,0.9999847412109375,0.0,2,0.0281398,2.0,17507.9,141.509,11.7094,-12.4288,7.9585,18.2881,27.7789,38.2221,45.9691,50.1975,52.5364,54.626,56.1416,57.7318,59.5006,61.5018,64.8689,70.2777,132.615,112.043,31.476,18.562,8.98975,0.0888421,125.825,129.939,134.167,134.167
50.26498317718506,-0.05082699206786852,0.9999847412109375,0.0,2,0.043493,2.0,17512.1,141.714,12.3372,-12.6762,8.03255,19.0281,28.9291,39.6787,47.5709,51.8568,54.2219,56.3524,58.0345,59.9238,62.0907,64.6586,69.4995,135.268,127.205,105.257,28.8915,17.9454,8.91564,0.0954092,126.361,130.286,134.187,134.187
50.28498864173889,-0.03226142685890819,0.9999847412109375,0.0,2,0.0580403,2.0,17529.3,141.918,12.806,-12.89,8.11707,19.7549,30.034,41.0521,49.0667,53.3997,55.82,58.2468,60.2582,62.6009,65.451,69.2517,134.526,130.44,121.584,99.513,27.027,17.3916,8.8401,0.100495,127.051,130.736,134.318,134.318
50.30656361579895,-0.025578622216184937,0.9999847412109375,0.0,2,0.0718743,2.0,17540.7,142.141,13.1395,-13.0697,8.21336,20.4691,31.0959,42.3484,50.4657,54.8615,57.6032,60.5078,63.035,66.2111,70.8496,133.476,129.93,125.517,115.572,94.5678,25.5569,16.8862,8.76165,0.104056,127.743,131.187,134.409,134.409
50.32643413543701,-0.025531983399391174,0.49999237060546875,0.0,2,0.0853235,2.0,18970.9,142.52,13.5119,-13.2574,8.32474,21.1877,32.1441,43.6095,51.8165,56.5321,59.7954,63.4852,67.0811,73.4932,131.534,128.987,125.171,120.334,109.136,90.174,24.3091,16.4097,8.6776,0.106096,128.339,131.596,144.907,144.907
50.346081495285034,-0.025463563393751783,0.49999237060546875,0.0,2,0.100034,2.0,19286.6,143.076,14.2545,-13.458,8.46715,22.0196,33.3621,45.0738,53.4175,58.9807,63.2499,69.1905,131.677,129.199,126.588,123.818,119.597,114.057,102.762,85.611,23.0605,15.9014,8.57759,0.106779,128.871,132.21,149.238,149.191
50.365744829177856,-0.025393051409522693,0.49999237060546875,0.0,2,0.115913,2.0,19185.1,143.649,15.1733,-13.6406,8.64192,22.9672,34.7473,46.7323,55.6024,62.8483,70.715,129.024,126.469,123.766,120.881,117.767,112.858,106.657,96.6485,79.9566,21.8406,15.3727,8.46401,0.106163,129.346,132.886,148.543,148.543
50.38730263710022,-0.029626509206369517,0.49999237060546875,0.0,2,0.132013,2.0,19336.3,144.218,16.1052,-13.8091,8.84185,23.9691,36.1932,48.445,58.574,71.6079,127.263,123.599,120.785,117.759,114.456,110.758,105.428,99.9484,91.1175,72.8115,20.7303,14.8589,8.3438,0.104205,129.862,133.517,149.373,149.381
50.40581560134888,-0.047215306293250374,0.49999237060546875,0.0,3,0.147688,2.0,19535.6,144.79,16.9552,-13.9691,9.06157,24.9762,37.6185,50.1108,62.9253,126.107,121.897,117.845,114.662,111.136,107.286,103.652,98.9709,94.13,86.2647,31.9976,19.7521,14.3773,8.22085,0.100855,130.394,134.045,149.844,149.844
50.426881313323975,-0.06547446210148435,0.49999237060546875,0.0,3,0.162458,2.0,18881.6,145.32,17.6179,-14.1259,9.29629,25.9445,38.9557,51.8515,128.582,121.008,116.375,111.781,108.04,104.339,100.891,97.6709,93.5046,89.1736,81.788,28.6992,18.9062,13.9364,8.09723,0.0960504,130.937,134.486,144.884,144.884
50.44722628593445,-0.06868681543052196,0.49999237060546875,0.0,3,0.175316,2.0,18497.7,145.751,17.9846,-14.3436,9.53275,26.7801,40.064,53.6512,124.306,116.156,111.003,105.807,102.244,98.921,95.8138,92.9029,89.1236,85.1792,77.3882,26.7083,18.2207,13.5557,7.97748,0.089725,131.472,134.77,141.854,141.854
50.493688344955444,-0.04974644934835533,0.9999847412109375,0.0,3,0.184675,2.0,18297.2,146.142,17.9213,-14.646,9.74506,27.3295,40.7195,55.0766,120.862,112.204,106.54,101.529,98.2367,95.1588,92.2745,89.5666,86.0426,82.3271,73.8472,25.6069,17.751,13.2681,7.86941,0.0819484,131.974,134.886,140.264,140.264
50.49499249458313,-0.04681312143188591,0.9999847412109375,0.0,3,0.190666,2.0,18194.9,146.538,17.3207,-14.9416,9.92206,27.5934,40.9336,55.9208,118.33,109.315,103.505,98.7534,95.6261,92.6977,89.9501,87.3669,84.0006,80.3299,71.4668,25.0909,17.4604,13.0608,7.77033,0.0726922,132.582,134.922,139.455,139.455
50.50805926322937,-0.046743866487223035,0.9999847412109375,0.0,3,0.194229,3.0,14381.6,146.839,16.2384,-15.2014,10.0685,27.6534,40.8352,56.2285,116.5,107.289,101.528,96.9323,93.9047,91.0672,88.4027,85.8963,82.6271,78.9747,70.0539,24.9374,17.2877,12.9063,7.67407,0.0619493,133.235,134.925,133.762,133.661
50.52747344970703,-0.03874453882714112,0.9999847412109375,0.0,3,0.197124,3.0,14360.7,146.848,15.1334,-15.6105,10.209,27.6653,40.6628,56.4486,114.85,105.482,99.8257,95.3583,92.4128,89.6507,87.055,84.6118,81.4229,77.7882,68.8995,24.8655,17.1374,12.7598,7.57105,0.0497261,133.716,134.897,131.341,131.498
50.5474956035614,-0.036260393048934636,0.9999847412109375,0.0,3,0.200924,3.0,13431.4,146.764,14.012,-15.8893,10.3662,27.7623,40.6191,57.1592,112.884,103.255,97.793,93.4812,90.635,87.9635,85.4511,83.0846,79.9934,76.3277,67.3461,24.6236,16.9267,12.583,7.45367,0.0360635,133.916,134.925,129.537,130.154
50.56663632392883,-0.03381343056038022,0.9999847412109375,0.0,3,0.2052,3.0,14555.1,146.945,12.9106,-16.0522,10.5351,27.9083,40.6481,58.4225,110.718,100.859,95.6143,91.4671,88.7264,86.1516,83.7282,81.4434,78.4381,74.7061,65.5576,24.2737,16.6758,12.3849,7.32351,0.0208309,134.044,135.038,140.275,140.275
50.58608961105347,-0.03371285036260883,0.49999237060546875,0.0,3,0.210684,3.0,15079.4,147.549,12.1414,-16.1659,10.7268,28.1615,40.8368,61.4418,108.082,98.0477,93.0585,89.1052,86.4886,84.0276,81.7087,79.5205,76.5518,72.6986,63.1917,23.7103,16.3491,12.1489,7.18088,0.00402244,134.286,135.457,145.505,145.505
50.607752561569214,-0.0335856264038384,0.49999237060546875,0.0,3,0.217495,3.0,15363.5,148.313,11.6817,-16.2505,10.9426,28.5279,41.194,120.57,104.867,94.8467,90.1456,86.4115,83.9361,81.6042,79.4044,77.3242,74.2703,70.2282,60.1084,22.9468,15.9474,11.875,7.028,-0.0142917,134.693,136.133,148.338,148.338
50.627835273742676,-0.033443248805999755,0.49999237060546875,0.0,3,0.225038,3.0,15512.7,149.168,11.4255,-16.3358,11.1735,28.9567,41.6558,117.701,101.18,91.5309,87.1213,83.6103,81.278,79.0781,76.9999,74.9328,71.7105,67.4351,56.4316,22.1024,15.5068,11.5801,6.86843,-0.0340599,135.287,136.905,149.828,149.828
50.64476442337036,-0.03566698406981304,0.49999237060546875,0.0,3,0.231817,3.0,15599.8,150.09,11.2869,-16.5487,11.3953,29.3205,42.0956,114.962,97.6862,88.6053,84.442,81.1199,78.9097,76.8222,74.811,72.6573,69.2879,64.7981,52.878,21.3807,15.1015,11.2994,6.70984,-0.0551821,135.88,137.49,150.685,150.685
50.665849924087524,-0.04308257048606873,0.49999237060546875,0.0,3,0.234528,3.0,15674.8,151.051,10.951,-16.8299,11.5826,29.4949,42.2974,112.772,95.1481,86.4544,82.4588,79.2662,77.1398,75.13,73.1094,70.9075,67.4704,62.8907,50.5615,20.934,14.795,11.0646,6.55943,-0.0774752,136.535,138.027,151.409,151.409
50.68732452392578,-0.04289330506324768,0.9999847412109375,0.0,3,0.229574,3.0,14876.2,151.925,10.2277,-17.1291,11.7334,29.4794,42.2158,111.176,93.4707,85.0034,81.1072,77.9918,75.9157,73.9505,71.9331,69.736,66.3156,61.7773,49.7511,20.7468,14.5841,10.8743,6.41726,-0.100203,137.355,138.639,144.014,144.014
50.7083261013031,-0.04019632366128886,0.9999847412109375,0.0,3,0.222618,3.0,14682.7,152.406,9.15377,-17.598,11.8524,29.3076,41.8729,110.108,92.4816,84.1144,80.2635,77.184,75.1319,73.1904,71.2097,69.0584,65.7225,61.3274,50.0807,20.7896,14.4535,10.7206,6.28148,-0.123113,138.414,139.282,141.81,141.81
50.726282596588135,-0.026292784986048937,0.9999847412109375,0.0,3,0.216369,3.0,14621.6,152.768,8.14202,-18.032,11.9817,29.1993,41.6732,108.819,91.2157,82.9957,79.2105,76.1825,74.1644,72.2533,70.2949,68.172,64.8904,60.5908,49.8304,20.7422,14.2846,10.5474,6.14123,-0.146097,139.333,139.903,141.324,141.324
50.74517464637756,-0.016957322800755504,0.9999847412109375,0.0,3,0.21103,3.0,14510.5,153.172,7.12942,-18.2758,12.1252,29.1682,41.661,107.245,89.6152,81.599,77.9041,74.9464,72.9743,71.098,69.1448,67.0306,63.7712,59.518,49.0117,20.5637,14.0652,10.3492,5.99496,-0.169259,139.942,140.476,140.246,140.246
50.765246629714966,-0.009674815203044564,0.9999847412109375,0.0,3,0.205957,3.0,14439.8,153.554,6.14556,-18.4531,12.2736,29.163,41.751,105.561,87.9144,80.1162,76.5175,73.635,71.7121,69.8635,67.9098,65.7984,62.5507,58.3285,48.0066,20.329,13.8226,10.1386,5.84491,-0.192671,140.364,140.907,139.54,139.54
50.78744435310364,-0.008440328000150621,0.9999847412109375,0.0,3,0.200721,3.0,15042.4,154.163,5.25561,-18.5696,12.4199,29.1502,41.884,103.886,86.2561,78.665,75.158,72.3475,70.4716,68.6409,66.6874,64.5817,61.3491,57.1622,47.0369,20.0938,13.576,9.92457,5.69297,-0.21631,140.82,141.34,145.177,145.177
50.80724596977234,-0.008402702799886466,0.9999847412109375,0.0,3,0.196169,3.0,15248.1,155.036,4.6279,-18.6242,12.5764,29.1907,42.2227,101.965,84.3712,77.023,73.6236,70.8969,69.0759,67.2442,65.2778,63.1661,59.9279,55.7452,45.7002,19.7471,13.2899,9.69134,5.53651,-0.240072,141.455,142.098,147.262,147.262
50.82619571685791,-0.008362146885283292,0.9999847412109375,0.0,3,0.191974,3.0,15357.8,155.977,4.20379,-18.6672,12.737,29.2573,42.7454,99.8796,82.3774,75.2872,72.0019,69.3646,67.5888,65.7409,63.7566,61.6312,58.3777,54.1847,44.1706,19.3371,12.9815,9.4474,5.37777,-0.263841,142.277,143.023,148.319,148.319
50.84750771522522,-0.00832279773540795,0.9999847412109375,0.0,3,0.187683,3.0,15511.1,156.89,3.90911,-18.777,12.8933,29.3141,43.4009,97.7593,80.4202,73.5782,70.403,67.8519,66.0952,64.2306,62.2323,60.093,56.8285,52.6336,42.674,18.9301,12.6736,9.20373,5.21947,-0.28749,143.139,143.907,149.808,149.808
50.86630082130432,-0.013481691948287187,0.9999847412109375,0.0,3,0.183154,3.0,15605.2,157.847,3.66939,-18.8763,13.0422,29.3496,44.195,95.645,78.5376,71.9276,68.8559,66.3854,64.6251,62.7454,60.7395,58.5919,55.3242,51.14,41.2839,18.5483,12.3741,8.96442,5.06299,-0.3109,144.028,144.769,150.738,150.738
50.88714051246643,-0.02164321927045472,0.9999847412109375,0.0,3,0.178199,3.0,15662.3,158.833,3.42021,-18.9723,13.1802,29.3505,45.134,93.5978,76.774,70.3733,67.3951,64.9863,63.2191,61.3318,59.3238,57.1775,53.9197,49.7655,40.0829,18.2169,12.0915,8.73335,4.90927,-0.334026,144.95,145.611,151.306,151.306
50.90597128868103,-0.023401487792134287,0.9999847412109375,0.0,3,0.17271,3.0,15700.8,159.833,3.13786,-19.0761,13.3051,29.3097,46.2616,91.6565,75.1472,68.9306,66.0352,63.669,61.9002,60.0145,58.0118,55.8765,52.6443,48.5414,39.1054,17.9525,11.8308,8.51315,4.75918,-0.356791,145.89,146.45,151.681,151.681
50.924959897994995,-0.023278307170470556,0.9999847412109375,0.0,3,0.166717,3.0,15737.3,160.834,2.82044,-19.1716,13.4173,29.2471,47.7555,89.8184,73.6392,67.5848,64.7629,62.428,60.6634,58.7868,56.7962,54.6807,51.4867,47.4533,38.3148,17.7552,11.5912,8.30331,4.61278,-0.379162,146.859,147.313,152.032,152.032
50.94761252403259,-0.023156357124447826,0.9999847412109375,0.0,3,0.160317,3.0,15786.5,161.825,2.48868,-19.2586,13.5178,29.181,50.5167,88.0558,72.2168,66.3088,63.5534,61.2442,59.488,57.6261,55.6531,53.5632,50.4173,46.4657,37.6512,17.619,11.3698,8.10276,4.47009,-0.401072,147.834,148.195,152.485,152.485
50.96675682067871,-0.023039083265860877,0.9999847412109375,0.0,3,0.15376,3.0,15887.9,162.778,2.17347,-19.366,13.6103,29.1295,109.593,86.2847,70.815,65.0484,62.3575,60.0689,58.3228,56.4775,54.5245,52.4615,49.3665,45.4998,37.0046,17.5176,11.1576,7.9076,4.33064,-0.422471,148.76,149.084,153.462,153.462
50.98580765724182,-0.022919840486248334,0.9999847412109375,0.0,3,0.147455,3.0,15964.9,163.747,1.90863,-19.4519,13.7007,29.1239,107.982,84.3722,69.3365,63.7222,61.1005,58.8234,57.0847,55.253,53.3169,51.2777,48.2286,44.4396,36.2316,17.398,10.9398,7.71169,4.19359,-0.443289,149.624,149.999,154.216,154.216
51.00722050666809,-0.022799859361251194,0.9999847412109375,0.0,3,0.141466,3.0,16030.6,164.722,1.73311,-19.5158,13.7898,29.1741,106.267,82.3372,67.7729,62.3232,59.7696,57.4959,55.7621,53.9402,52.0189,49.9995,46.9915,43.2733,35.3278,17.2494,10.7144,7.51457,4.05898,-0.463504,150.49,150.949,154.856,154.856
51.026506662368774,-0.022679755178689958,0.9999847412109375,0.0,3,0.13566,3.0,16089.9,165.698,1.61611,-19.5529,13.8755,29.2747,104.475,80.2368,66.1612,60.8818,58.3857,56.1122,54.3835,52.5696,50.6622,48.6613,45.6937,42.0445,34.3524,17.0918,10.488,7.31928,3.92757,-0.483088,151.376,151.89,155.43,155.43
51.046502113342285,-0.024438991139127564,0.9999847412109375,0.0,3,0.129901,3.0,16148.4,166.674,1.53258,-19.5791,13.9554,29.4195,102.635,78.1237,64.536,59.4274,56.9737,54.6995,52.9775,51.1712,49.2803,47.2986,44.3725,40.7959,33.3581,16.9492,10.267,7.12873,3.80003,-0.502015,152.263,152.806,155.996,155.996
51.06512427330017,-0.0262535715457052,0.9999847412109375,0.0,3,0.124096,3.0,16210.4,167.646,1.46374,-19.5993,14.0281,29.6071,100.766,76.0282,62.9181,57.9774,55.5501,53.2772,51.5631,49.7671,47.8933,45.9346,43.053,39.5536,32.375,16.8417,10.0563,6.94508,3.67691,-0.520256,153.154,153.704,156.595,156.595
51.085580825805664,-0.02611276853084564,0.9999847412109375,0.0,3,0.118182,3.0,16263.0,168.624,1.39534,-19.6023,14.0923,29.8368,98.88,73.9697,61.3208,56.5428,54.1266,51.8588,50.154,48.3715,46.5172,44.5848,41.7533,38.336,31.4228,16.7904,9.86011,6.77048,3.55889,-0.537753,154.052,154.594,157.101,157.101
51.10613799095154,-0.02597426904179156,0.9999847412109375,0.0,3,0.112119,3.0,16335.4,169.586,1.32509,-19.6096,14.1471,30.1105,96.9865,71.9576,59.7508,55.1233,52.7108,50.4525,48.7585,46.9937,45.1609,43.2588,40.482,37.1529,30.5097,16.8178,9.68191,6.60644,3.44646,-0.554459,154.949,155.474,157.792,157.792
51.17622089385986,-0.02392415208858748,0.9999847412109375,0.0,3,0.105967,3.0,16421.2,170.536,1.25564,-19.5951,14.1939,30.4441,95.0707,69.9724,58.1949,53.6998,51.2917,49.0467,47.365,45.6207,43.8116,41.9429,39.2247,35.9874,29.615,16.9293,9.51939,6.45196,3.33936,-0.570391,155.857,156.383,158.616,158.616
51.1782546043396,-0.023798175158820423,0.9999847412109375,0.0,3,0.0998747,3.0,16512.1,171.481,1.20846,-19.5692,14.2346,30.864,93.0957,67.9739,56.6264,52.2476,49.8438,47.6138,45.9462,44.2232,42.4403,40.6056,37.9489,34.8056,28.702,16.9957,9.36832,6.30534,3.23747,-0.585523,156.728,157.273,159.491,159.491
51.17926859855652,-0.023672331537973757,0.9999847412109375,0.0,3,0.0938536,3.0,16604.8,172.425,1.18722,-19.5645,14.2694,31.3935,91.0546,65.9623,55.0446,50.7648,48.3671,46.1524,44.5014,42.8002,41.0457,39.2463,36.6543,33.6082,27.7721,16.938,9.22952,6.16718,3.14101,-0.599827,157.571,158.145,160.388,160.388
51.18680119514465,-0.02354368842979893,0.9999847412109375,0.0,3,0.0878588,3.0,16663.6,173.39,1.18608,-19.5518,14.2971,32.054,88.955,63.9525,53.4602,49.2595,46.8709,44.6723,43.0412,41.3632,39.6405,37.8783,35.3546,32.4088,26.8398,16.7961,9.1076,6.03961,3.05063,-0.613247,158.42,159.014,160.991,160.991
51.206437826156616,-0.02161383055845896,0.9999847412109375,0.0,3,0.0817324,3.0,16714.3,174.36,1.16903,-19.5182,14.3156,32.8691,86.8314,61.9822,51.8993,47.7576,45.3832,43.2043,41.5961,39.9439,38.2565,36.5346,34.0832,31.2418,25.9385,16.6112,9.011,5.92589,2.96709,-0.625755,159.31,159.891,161.457,161.457
51.22702670097351,-0.013617915716692804,0.9999847412109375,0.0,3,0.0753848,3.0,16800.0,175.304,1.14355,-19.5046,14.3237,33.8869,84.7039,60.0687,50.3739,46.2736,43.919,41.7654,40.1819,38.56,36.9102,35.2324,32.8564,30.1221,25.0803,16.3998,8.94507,5.82767,2.89053,-0.637366,160.199,160.748,162.273,162.273
51.24666118621826,-0.003926811610298852,0.9999847412109375,0.0,3,0.0689799,3.0,16902.6,176.229,1.10514,-19.4341,14.3238,35.2688,82.5284,58.173,48.8572,44.7825,42.4507,40.326,38.769,37.1807,35.5701,33.9394,31.6412,29.016,24.2306,16.144,8.90602,5.74353,2.82094,-0.648043,161.111,161.664,163.257,163.257
51.2662992477417,-0.00107133438793011,0.9999847412109375,0.0,3,0.062617,3.0,17007.2,177.153,1.10068,-19.4,14.3171,37.4454,80.2721,56.274,47.3252,43.2697,40.9616,38.8696,37.3406,35.7885,34.2195,32.6377,30.4198,27.9049,23.3717,15.8392,8.89274,5.67307,2.75833,-0.657762,161.946,162.52,164.271,164.271
51.286866903305054,0.0,0.9999847412109375,0.0,3,0.0562302,3.0,17103.6,178.08,1.11358,-19.3978,14.3085,104.568,77.9444,54.3872,45.7782,41.7466,39.4649,37.4093,35.911,34.3976,32.8719,31.3419,29.2065,26.8031,22.5173,15.5005,8.91167,5.61843,2.70321,-0.666496,162.776,163.359,165.22,165.22
51.307833433151245,0.001972416028380394,0.9999847412109375,0.0,3,0.049658,3.0,17100.3,179.075,1.10156,-19.314,14.311,102.634,75.5798,52.5424,44.2392,40.2386,37.9882,35.9717,34.5078,33.0355,31.5558,30.0795,28.0286,25.7364,21.6895,15.1481,8.95444,5.5832,2.65619,-0.674235,163.66,164.219,165.202,165.202
51.325210094451904,0.004610979852229357,0.9999847412109375,0.0,3,0.042536,3.0,17170.8,180.017,1.05907,-19.2555,14.3198,100.765,73.2778,50.8024,42.7616,38.8033,36.5911,34.6177,33.192,31.7626,30.3312,28.9095,26.9435,24.7596,20.938,14.8197,8.97771,5.5765,2.6192,-0.680871,164.589,165.046,165.859,165.859
51.34616494178772,0.007290745183878267,0.9999847412109375,0.0,3,0.034701,3.0,17276.2,180.927,0.973339,-19.1589,14.3331,98.992,71.0927,49.186,41.3687,37.4639,35.2956,33.3693,31.9838,30.599,29.2168,27.8493,25.9661,23.8857,20.2705,14.5233,8.98589,5.6034,2.59301,-0.686378,165.578,165.89,166.865,166.865
51.36482310295105,0.010562301354693868,0.9999847412109375,0.0,3,0.0263035,3.0,17389.3,181.833,0.845468,-19.0736,14.3528,97.2906,68.9855,47.6563,40.0374,36.1946,34.0739,32.1971,30.8528,29.513,28.1804,26.8659,25.063,23.0807,19.6563,14.2403,8.97556,5.66393,2.57823,-0.690667,166.482,166.674,167.959,167.959
51.38602662086487,0.01173989521781914,0.9999847412109375,0.0,3,0.0174996,3.0,17495.2,182.743,0.698563,-19.0392,14.3811,95.6319,66.9095,46.1804,38.7443,34.9691,32.8986,31.0729,29.7705,28.4759,27.192,25.9298,24.2048,22.3155,19.0697,13.9559,8.94193,5.71831,2.57548,-0.693652,167.342,167.452,168.988,168.988
51.406089067459106,0.014329667363517606,0.9999847412109375,0.0,3,0.00836342,3.0,17478.9,183.735,0.541654,-18.9226,14.4194,94.0018,64.8403,44.741,37.4767,33.7737,31.7551,29.9815,28.721,27.4713,26.2359,25.0246,23.3748,21.5746,18.4962,13.6633,8.88405,5.75063,2.5853,-0.695287,168.224,168.271,168.878,168.878
51.4248480796814,0.015672626893892885,0.9999847412109375,0.0,3,-0.00113708,3.0,17534.4,184.674,0.382216,-18.7966,14.4676,92.4063,62.8398,43.3398,36.2379,32.6109,30.6453,28.9246,27.7059,26.501,25.3128,24.1511,22.5746,20.8588,17.9376,13.3636,8.8056,5.76358,2.60891,-0.695488,169.137,169.11,169.372,169.372
51.44591450691223,0.017070562338602418,0.9999847412109375,0.0,3,-0.0109447,3.0,17640.8,185.577,0.228692,-18.7516,14.5267,90.8364,60.9041,41.9654,35.0201,31.4721,29.5601,27.8925,26.7153,25.5545,24.413,23.2995,21.7931,20.1582,17.3858,13.0535,8.7062,5.75707,2.63843,-0.694188,169.992,169.88,170.383,170.383
51.46662759780884,0.02180786184880882,0.9999847412109375,0.0,3,-0.0209859,3.0,17774.5,186.461,0.0908938,-18.8318,14.5971,89.2855,59.0175,40.6112,33.818,30.3512,28.4935,26.8794,25.7433,24.6261,23.5304,22.4635,21.0252,19.4681,16.8369,12.7319,8.58628,5.73198,2.65847,-0.691294,170.815,170.614,171.67,171.67
51.48533010482788,0.02709294474722507,0.9999847412109375,0.0,3,-0.0149019,3.0,17902.6,187.347,-0.041376,-18.979,14.6817,87.7367,57.1475,39.2624,32.6185,29.2347,27.4316,25.871,24.7758,23.702,22.6512,21.6303,20.258,18.7761,16.2809,12.3933,8.44366,5.68761,2.66856,-0.688192,171.635,171.369,172.914,172.914
51.50622892379761,0.035051296484367916,0.9999847412109375,0.0,3,-0.0089162,3.0,18109.3,188.177,-0.161151,-19.2277,14.7806,86.1877,55.2898,37.917,31.4205,28.121,26.3733,24.8663,23.8118,22.7808,21.7745,20.7986,19.4903,18.0819,15.717,12.0386,8.28057,5.62525,2.6691,-0.686234,172.469,172.146,174.862,174.862
51.525121212005615,0.04397582516287454,0.9999847412109375,0.0,3,-0.00325042,3.0,18268.5,189.033,-0.307483,-19.4653,14.8909,84.6819,53.5047,36.6028,30.2494,27.0362,25.3438,23.8897,22.8754,21.8859,20.923,19.9901,18.7434,17.4051,15.1622,11.6796,8.10381,5.54792,2.66036,-0.68541,173.311,172.918,176.451,176.451
51.545981884002686,0.06210651424651345,0.9999847412109375,0.0,3,0.0026204,3.0,18349.3,189.943,-0.462848,-19.6656,15.0162,83.1921,51.7471,35.2985,29.0866,25.9607,24.3235,22.9224,21.9475,20.9991,20.0783,19.1878,18.0003,16.7294,14.6035,11.308,7.90926,5.45446,2.64223,-0.685735,174.151,173.713,177.26,177.26
51.56539011001587,0.07361021669705708,0.9999847412109375,0.0,3,0.00841778,3.0,18356.9,190.9,-0.592774,-19.8007,15.1565,81.7169,50.0106,34.0013,27.9296,24.892,23.3103,21.9618,21.0257,20.1175,19.2383,18.3893,17.2591,16.0533,14.0402,10.9244,7.69812,5.34582,2.61511,-0.687223,175.018,174.536,177.381,177.381
51.586358308792114,0.0893800095652199,0.9999847412109375,0.0,3,0.0138766,3.0,18353.1,191.859,-0.706798,-19.8105,15.3105,80.2887,48.3352,32.7291,26.7956,23.8469,22.3201,21.0235,20.1254,19.2563,18.4169,17.6083,16.5327,15.3887,13.4828,10.537,7.47588,5.2244,2.57931,-0.689835,175.984,175.417,177.314,177.314
51.60601186752319,0.11413332869862516,0.9999847412109375,0.0,3,0.0192582,3.0,18397.7,192.781,-0.827065,-19.8182,15.4764,78.9276,46.7404,31.4902,25.6931,22.8335,21.3604,20.1145,19.2533,18.4216,17.6204,16.8504,15.827,14.741,12.9364,10.1501,7.2452,5.09208,2.53551,-0.69352,176.888,176.221,177.727,177.727
51.62499928474426,0.14173812863635832,0.9999847412109375,0.0,3,0.024327,3.0,18446.4,193.695,-0.967393,-19.8185,15.6522,77.654,45.2449,30.2922,24.6294,21.8578,20.4373,19.2404,18.4146,17.6186,16.8536,16.1199,15.1461,14.114,12.4044,9.76578,7.00811,4.95094,2.48455,-0.698291,177.768,176.975,178.226,178.226
51.64604139328003,0.16290089487493037,0.9999847412109375,0.0,3,0.0284993,3.0,18491.0,194.603,-1.09774,-19.7163,15.831,76.5446,43.9383,29.1724,23.6398,20.9536,19.5826,18.4314,17.6388,16.8754,16.1432,15.4424,14.5143,13.5302,11.905,9.39845,6.77407,4.80629,2.42756,-0.704041,178.722,177.717,178.623,178.623
51.66621732711792,0.19031697016914684,0.9999847412109375,0.0,3,0.0318567,3.0,18580.7,195.472,-1.34352,-19.6401,16.0058,75.652,42.8819,28.1532,22.7438,20.1385,18.8123,17.7023,16.9401,16.2055,15.502,14.8299,13.9416,13.0004,11.4471,9.05523,6.54821,4.66037,2.36547,-0.710687,179.64,178.374,179.476,179.476
51.68731069564819,0.19915950166861218,0.9999847412109375,0.0,3,0.034485,3.0,18676.5,196.326,-1.68204,-19.6018,16.1771,74.9617,42.0642,27.2226,21.9268,19.3974,18.1117,17.0388,16.3037,15.5957,14.9172,14.2701,13.4165,12.5135,11.0224,8.73134,6.32774,4.51307,2.29906,-0.718182,180.505,178.986,180.443,180.443
51.706886768341064,0.21847056326642636,0.9999847412109375,0.0,3,0.0358545,3.0,18740.6,197.189,-2.03,-19.4791,16.3399,74.5113,41.5566,26.3996,21.2009,18.74,17.4912,16.45,15.7383,15.0539,14.3972,13.7708,12.9458,12.075,10.637,8.43082,6.11567,4.36727,2.22925,-0.726405,181.393,179.578,181.024,181.024
51.757890701293945,0.33387421456476046,0.9999847412109375,0.0,3,0.0359055,3.0,18850.6,198.001,-2.52336,-19.3899,16.482,74.3735,41.5154,25.7291,20.5967,18.1941,16.9784,15.9619,15.2683,14.6025,13.9644,13.3544,12.5506,11.7036,10.3078,8.16479,5.92036,4.22734,2.15742,-0.735171,182.23,180.06,182.072,182.072
51.75935769081116,0.33215870484709736,0.9999847412109375,0.0,3,0.0349962,3.0,18966.6,198.782,-3.19756,-19.3549,16.6076,74.504,41.9891,25.1988,20.0858,17.735,16.5476,15.5525,14.8726,14.2207,13.5969,13.001,12.2139,11.3839,10.0192,7.92477,5.73766,4.09063,2.08382,-0.744469,183.007,180.502,183.231,183.231
51.76696729660034,0.33040585368871683,0.9999847412109375,0.0,3,0.0330536,3.0,19016.6,199.58,-3.85233,-19.2198,16.7249,74.8145,42.998,24.7765,19.6239,17.3228,16.1591,15.1855,14.5173,13.876,13.2631,12.6784,11.907,11.0913,9.75014,7.69749,5.55865,3.95429,2.00853,-0.754169,183.726,180.948,183.696,183.696
51.78802013397217,0.33517989309958807,0.9999847412109375,0.0,3,0.0305564,3.0,19114.1,200.313,-4.58072,-19.1052,16.8364,75.2663,44.6953,24.4599,19.1941,16.9426,15.7986,14.8432,14.1883,13.5571,12.9525,12.3765,11.6175,10.8161,9.49444,7.47758,5.38139,3.81825,1.93144,-0.764098,184.436,181.424,184.625,184.625
51.80777072906494,0.35964287707675247,0.9999847412109375,0.0,4,0.0282647,3.0,19223.0,201.012,-5.35794,-19.0454,16.9558,75.7775,46.7895,24.2156,18.7577,16.5562,15.4315,14.4922,13.8493,13.2304,12.6361,12.0677,11.3195,10.531,9.23235,7.24914,5.19853,3.67715,1.85217,-0.774317,185.007,181.85,185.691,185.691
51.8251736164093,0.37800068750381466,0.9999847412109375,0.0,4,0.0257174,3.0,19260.1,201.72,-5.96174,-18.8834,17.0877,76.3104,48.5571,24.0351,18.2981,16.1423,15.0427,14.1184,13.4866,12.8792,12.2968,11.7394,11.0024,10.2264,8.95199,7.00706,5.0072,3.52993,1.77092,-0.784771,185.135,181.901,186.055,186.055
51.846219062805176,0.3831685141292184,0.9999847412109375,0.0,4,0.0229651,3.0,19345.5,202.353,-6.59874,-18.735,17.2267,76.9122,50.2006,23.9818,17.8493,15.724,14.6491,13.7433,13.1212,12.5239,11.9519,11.4054,10.6831,9.91897,8.66622,6.76225,4.81154,3.38097,1.68826,-0.795293,185.5,182.114,186.867,186.867
51.86677646636963,0.3953190072525479,0.9999847412109375,0.0,4,0.0209681,3.0,19449.4,202.946,-7.29404,-18.6507,17.3896,77.5101,51.6682,24.0288,17.4076,15.2691,14.2174,13.3333,12.7242,12.1368,11.5751,11.0392,10.3324,9.58568,8.35699,6.49964,4.60452,3.22558,1.60352,-0.805993,185.951,182.455,187.866,187.866
51.88603448867798,0.3936280933327508,0.9999847412109375,0.0,4,0.0193378,3.0,19471.2,203.575,-7.80031,-18.4656,17.5913,78.0187,52.8845,24.1163,16.9291,14.7388,13.7105,12.8484,12.2559,11.6838,11.1339,10.6103,9.92105,9.19506,8.0021,6.2012,4.37787,3.05788,1.51574,-0.816949,186.378,182.861,188.103,188.103
51.90760374069214,0.3932839963824581,0.9999847412109375,0.0,4,0.0185763,4.0,15771.5,203.703,-8.02229,-18.2881,17.797,78.4079,53.8539,24.2248,16.3942,14.125,13.1204,12.282,11.7074,11.1538,10.622,10.1131,9.44479,8.74316,7.59606,5.8672,4.13142,2.87976,1.42511,-0.827974,186.628,183.161,181.81,179.0
51.92665958404541,0.3944695179065131,0.9999847412109375,0.0,4,0.0196597,4.0,15742.5,203.262,-8.0186,-18.1552,17.9911,78.6604,54.5833,24.3342,15.786,13.4387,12.4452,11.6327,11.0776,10.5446,10.034,9.54635,8.90357,8.23085,7.1373,5.49958,3.86442,2.6927,1.33189,-0.839123,186.46,183.161,180.91,177.938
51.946051836013794,0.3957921405592002,0.9999847412109375,0.0,4,0.0206353,4.0,15021.6,202.77,-7.85185,-17.8814,18.1515,78.9183,55.2843,24.6792,15.1849,12.7455,11.7426,10.9562,10.421,9.90863,9.41962,8.95399,8.34171,7.69925,6.66112,5.12147,3.59079,2.50122,1.23794,-0.850389,186.106,182.921,180.128,176.98
51.965574979782104,0.39567923374738545,0.9999847412109375,0.0,4,0.0206754,4.0,15625.0,202.812,-7.92109,-17.6034,18.2506,79.3624,56.1983,25.7843,14.7222,12.1314,11.0933,10.317,9.79931,9.30532,8.83533,8.38942,7.80532,7.19398,6.20534,4.75457,3.32512,2.31233,1.14437,-0.861661,185.813,182.539,185.594,185.594
51.985695123672485,0.3879211231395602,0.9999847412109375,0.0,4,0.0209467,4.0,15721.8,203.144,-8.43388,-17.4172,18.2889,80.019,57.3465,28.3983,14.4557,11.6152,10.516,9.71331,9.2072,8.72857,8.27485,7.84584,7.28619,6.70356,5.76331,4.39256,3.06103,2.12305,1.04828,-0.8733,185.933,182.4,186.786,186.786
52.007319688797,0.3869173505542179,0.9999847412109375,0.0,4,0.0209429,4.0,15735.7,203.524,-8.98893,-17.1326,18.2991,80.6999,58.4832,33.6523,14.2983,11.1118,9.93371,9.09176,8.57349,8.10782,7.67067,7.25909,6.72493,6.17215,5.2879,4.00567,2.77863,1.92393,0.947861,-0.885488,186.166,182.444,187.014,187.014
52.02587652206421,0.3860007476933921,0.9999847412109375,0.0,4,0.021238,4.0,15780.3,203.871,-9.47557,-16.892,18.2961,81.3158,59.5047,37.7101,14.2183,10.5696,9.29937,8.41575,7.88154,7.41164,6.99151,6.60002,6.09515,5.57677,4.75653,3.58286,2.47296,1.70948,0.842579,-0.898169,186.394,182.594,187.492,187.492
52.04485583305359,0.38509735236658404,0.9999847412109375,0.0,4,0.0245478,4.0,15849.9,204.213,-9.93099,-16.7661,18.2903,81.8038,60.3434,40.0323,14.1782,9.92504,8.55814,7.63877,7.095,6.62399,6.21209,5.84471,5.37601,4.89957,4.15597,3.11337,2.14035,1.47775,0.729511,-0.91161,186.571,182.789,188.136,188.136
52.06521224975586,0.3840116930703322,0.9999847412109375,0.0,4,0.0291783,4.0,15826.8,204.624,-10.0355,-16.4984,18.2966,82.0625,60.8876,41.5048,14.0177,9.05048,7.61358,6.68588,6.15106,5.69586,5.30379,4.96257,4.54168,4.11962,3.47238,2.58661,1.7767,1.22733,0.607975,-0.926062,186.711,183.048,187.976,187.976
52.08491921424866,0.38287584514481326,0.9999847412109375,0.0,4,0.0357086,4.0,15806.4,205.054,-9.77505,-16.241,18.3262,82.0064,61.0475,42.2643,13.411,7.78538,6.3634,5.48729,4.99641,4.58648,4.239,3.9407,3.58379,3.2332,2.70728,2.00728,1.38071,0.958228,0.4786,-0.941472,186.863,183.459,187.855,187.855
52.10633373260498,0.38860105194956995,0.9999847412109375,0.0,4,0.0464026,4.0,15858.4,205.445,-9.33446,-16.0372,18.3663,81.7221,60.9335,42.5815,12.131,6.0635,4.7876,4.04371,3.64005,3.3099,3.03487,2.80224,2.52922,2.2676,1.88565,1.39279,0.960804,0.670708,0.339119,-0.958143,187.043,183.914,188.419,188.419
52.12511348724365,0.38741821868293924,0.9999847412109375,0.0,4,0.0582229,4.0,15840.6,205.885,-8.78401,-15.8153,18.4016,81.3191,60.6789,42.6802,9.67163,3.7821,2.85544,2.35165,2.08862,1.87865,1.70715,1.56445,1.3992,1.24511,1.02747,0.75626,0.523488,0.367701,0.188293,-0.976531,187.31,184.387,188.575,188.575
52.14509916305542,0.3864020573766064,0.76861572265625,0.0,4,0.0696694,4.0,15893.7,206.263,-7.97387,-15.4892,18.4087,80.9657,60.4814,42.8375,3.08479,0.659268,0.464574,0.369126,0.321338,0.284121,0.254442,0.230253,0.2031,0.178922,0.146226,0.107096,0.0743256,0.0524883,0.0271912,-0.996579,187.727,185.091,188.563,188.563
52.165592193603516,0.3856896691592038,0.243133544921875,0.0,4,0.062905,4.0,15962.2,206.528,-7.85231,-14.9801,-1.0,-1.0,-1.0,-1.0,-1.0,-1.0,-1.0,-1.0,-1.0,-1.0,-1.0,-1.0,-1.0,-1.0,-1.0,-1.0,-1.0,-1.0,-1.0,-1.01712,188.552,185.461,189.475,189.475
52.18477201461792,0.3848455563280172,0.0,0.0,4,0.0450284,4.0,15932.4,206.842,-8.50531,-14.3764,-1.0,-1.0,-1.0,-1.0,-1.0,-1.0,-1.0,-1.0,-1.0,-1.0,-1.0,-1.0,-1.0,-1.0,-1.0,-1.0,-1.0,-1.0,-1.0,-1.03518,189.384,185.53,189.472,189.472
52.20707893371582,0.3837245529821422,0.0,0.0,4,0.0297376,4.0,15893.6,207.259,-8.91284,-14.007,-1.0,-1.0,-1.0,-1.0,-1.0,-1.0,-1.0,-1.0,-1.0,-1.0,-1.0,-1.0,-1.0,-1.0,-1.0,-1.0,-1.0,-1.0,-1.0,-1.05047,189.614,185.734,188.748,188.748
52.228020668029785,0.38948798141216234,0.0,0.0,4,0.0201251,4.0,15852.7,207.613,-8.23522,-13.3012,-1.0,-1.0,-1.0,-1.0,-1.0,-1.0,-1.0,-1.0,-1.0,-1.0,-1.0,-1.0,-1.0,-1.0,-1.0,-1.0,-1.0,-1.0,-1.0,-1.06331,189.471,186.174,188.385,188.385
52.24465775489807,0.3892308521078527,0.0,0.0,4,0.0123545,4.0,15797.0,207.707,-7.11694,-12.7271,-1.0,-1.0,-1.0,-1.0,-1.0,-1.0,-1.0,-1.0,-1.0,-1.0,-1.0,-1.0,-1.0,-1.0,-1.0,-1.0,-1.0,-1.0,-1.0,-1.07354,189.39,186.78,187.67,187.67
52.266199827194214,0.39030313601518674,0.0,0.0,4,-0.000842396,4.0,15468.7,207.315,-6.83319,-12.1674,-1.0,-1.0,-1.0,-1.0,-1.0,-1.0,-1.0,-1.0,-1.0,-1.0,-1.0,-1.0,-1.0,-1.0,-1.0,-1.0,-1.0,-1.0,-1.0,-1.08127,189.854,186.867,185.448,182.337
52.285536766052246,0.3994451832380488,0.0,0.0,4,-0.0206664,4.0,15242.8,206.469,-7.42142,-11.1695,-1.0,-1.0,-1.0,-1.0,-1.0,-1.0,-1.0,-1.0,-1.0,-1.0,-1.0,-1.0,-1.0,-1.0,-1.0,-1.0,-1.0,-1.0,-1.0,-1.08603,190.351,186.152,183.825,178.563
52.30479073524475,0.4019582222363415,0.0,0.0,4,-0.0420306,4.0,15179.8,205.566,-8.47887,-10.2852,-1.0,-1.0,-1.0,-1.0,-1.0,-1.0,-1.0,-1.0,-1.0,-1.0,-1.0,-1.0,-1.0,-1.0,-1.0,-1.0,-1.0,-1.0,-1.0,-1.08769,190.091,185.261,183.014,177.825
52.326388359069824,0.4044573462900147,0.0,0.0,4,-0.0590504,4.0,15120.4,204.668,-8.39237,-9.05092,-1.0,-1.0,-1.0,-1.0,-1.0,-1.0,-1.0,-1.0,-1.0,-1.0,-1.0,-1.0,-1.0,-1.0,-1.0,-1.0,-1.0,-1.0,-1.0,-1.08606,189.071,184.612,181.848,177.599
52.347135066986084,0.41362167404226957,0.0,0.0,4,-0.0718034,4.0,15044.9,203.894,-8.0708,-8.42611,-1.0,-1.0,-1.0,-1.0,-1.0,-1.0,-1.0,-1.0,-1.0,-1.0,-1.0,-1.0,-1.0,-1.0,-1.0,-1.0,-1.0,-1.0,-1.0,-1.08134,188.009,184.154,180.487,177.177
52.36622405052185,0.4157562252737582,0.0,0.0,4,-0.0857776,4.0,14965.2,203.14,-8.32016,-8.24037,-1.0,-1.0,-1.0,-1.0,-1.0,-1.0,-1.0,-1.0,-1.0,-1.0,-1.0,-1.0,-1.0,-1.0,-1.0,-1.0,-1.0,-1.0,-1.0,-1.07417,187.063,183.582,179.602,176.167
52.38505506515503,0.41785114292800424,0.0,0.0,4,-0.102126,4.0,14895.2,202.4,-9.14873,-8.26034,-1.0,-1.0,-1.0,-1.0,-1.0,-1.0,-1.0,-1.0,-1.0,-1.0,-1.0,-1.0,-1.0,-1.0,-1.0,-1.0,-1.0,-1.0,-1.0,-1.06481,186.335,182.891,179.018,175.089
52.407835483551025,0.4199743702802807,0.0,0.0,4,-0.119731,4.0,14841.2,201.65,-10.4818,-8.42835,-1.0,-1.0,-1.0,-1.0,-1.0,-1.0,-1.0,-1.0,-1.0,-1.0,-1.0,-1.0,-1.0,-1.0,-1.0,-1.0,-1.0,-1.0,-1.0,-1.05338,185.852,182.19,178.586,174.189
52.42516350746155,0.4219985136894509,0.0,0.0,4,-0.135735,4.0,14772.4,200.935,-11.5617,-8.70432,-1.0,-1.0,-1.0,-1.0,-1.0,-1.0,-1.0,-1.0,-1.0,-1.0,-1.0,-1.0,-1.0,-1.0,-1.0,-1.0,-1.0,-1.0,-1.0,-1.03992,185.116,181.568,177.602,173.599
52.44562292098999,0.4238839395782724,0.0,0.0,4,-0.15199,4.0,14676.4,200.269,-13.0564,-9.32101,-1.0,-1.0,-1.0,-1.0,-1.0,-1.0,-1.0,-1.0,-1.0,-1.0,-1.0,-1.0,-1.0,-1.0,-1.0,-1.0,-1.0,-1.0,-1.0,-1.02477,184.377,180.974,176.067,172.866
52.466206550598145,0.42604963147759434,0.0,0.0,4,-0.167319,4.0,14652.5,199.504,-14.1443,-9.62761,-1.0,-1.0,-1.0,-1.0,-1.0,-1.0,-1.0,-1.0,-1.0,-1.0,-1.0,-1.0,-1.0,-1.0,-1.0,-1.0,-1.0,-1.0,-1.0,-1.00797,183.656,180.466,176.081,172.192
52.484516620635986,0.42767460814453667,0.0,0.0,4,-0.17457,4.0,14618.8,198.93,-13.8697,-10.0501,14.6185,32.7323,70.1145,57.2601,49.3445,45.3339,43.1808,41.2888,39.9326,38.5724,37.2082,35.8399,33.9168,31.7076,27.5286,18.9467,1.83391,0.408788,0.11147,-0.989345,182.95,180.384,175.311,172.222
52.507381200790405,0.42896836134452376,0.0,0.0,4,-0.174888,4.0,14588.3,198.473,-12.3654,-10.5967,14.522,34.6926,68.4691,55.6748,47.8301,43.8695,41.748,39.8872,38.5555,37.2218,35.8863,34.5493,32.6747,30.5291,26.4992,18.4316,5.32023,1.18129,0.321619,-0.96927,181.815,180.258,174.066,172.689
52.525930643081665,0.4300979182959348,0.0,0.0,4,-0.173581,4.0,14498.0,198.074,-10.7365,-11.4721,14.4548,83.7426,66.5956,53.8621,46.0925,42.1851,40.0976,38.2702,36.9646,35.6593,34.3548,33.0512,31.2286,29.1506,25.278,17.7179,7.01531,1.98749,0.544573,-0.94787,180.777,179.865,172.572,172.102
52.545149087905884,0.431485093499422,0.0,0.0,4,-0.177,4.0,14421.3,197.584,-9.90227,-12.3253,14.3447,82.5126,65.4043,52.7548,45.0717,41.2225,39.1714,37.3792,36.1011,34.8253,33.5524,32.283,30.5128,28.5021,24.7816,17.6683,8.1724,2.90922,0.78386,-0.92533,180.048,179.256,171.925,170.952
52.56577253341675,0.43311290113616735,0.0,0.0,4,-0.186436,4.0,14357.7,197.009,-10.1201,-13.0501,14.1729,82.1009,65.0726,52.5236,44.93,41.1376,39.1207,37.3613,36.1084,34.8591,33.6145,32.3751,30.6503,28.6963,25.0985,18.3057,9.3835,3.88654,1.04776,-0.901548,179.779,178.425,170.989,170.391
52.5858952999115,0.4350266367230192,0.0,0.0,4,-0.199872,4.0,14363.2,196.333,-10.9181,-13.5336,13.9619,82.2288,65.3022,52.8575,45.3482,41.6067,39.6197,37.8883,36.6566,35.4297,34.2082,32.9931,31.3041,29.3944,25.8877,19.3056,10.6376,4.81977,1.34032,-0.87632,179.633,177.577,171.653,169.642
52.60719633102417,0.43702247043415904,0.0,0.0,4,-0.208647,4.0,14364.4,195.628,-11.556,-13.7605,13.7477,82.4659,65.6409,53.2954,45.8638,42.1678,40.2076,38.5008,37.2874,36.0796,34.8782,33.6838,32.025,30.1516,26.7184,20.2943,11.7829,5.69029,1.63284,-0.849602,179.284,176.729,172.365,169.037
52.624879598617554,0.43899848735667757,0.0,0.0,4,-0.208329,4.0,14344.8,194.93,-11.6568,-13.7302,13.5443,36.2619,65.8834,53.6314,46.2729,42.6197,40.6843,39.0005,37.8042,36.6142,35.4311,34.2557,32.6247,30.7844,27.4174,21.1329,12.7664,6.48457,1.91796,-0.822847,178.698,175.865,172.42,168.576
52.64577913284302,0.4409065610039234,0.0,0.0,4,-0.208272,4.0,14289.6,194.256,-11.8014,-13.7682,13.3401,34.2203,66.1578,53.9964,46.7067,43.0935,41.1809,39.5181,38.3376,37.1636,35.997,34.8386,33.2323,31.4213,28.1113,21.9431,13.6878,7.24116,2.19952,-0.796357,178.059,175.026,171.821,167.862
52.66568446159363,0.4429023947150633,0.0,0.0,4,-0.209513,4.0,14239.2,193.551,-12.095,-13.7444,13.1241,32.3306,66.6068,54.5336,47.3077,43.7303,41.8379,40.1934,39.0262,37.866,36.7134,35.5692,33.9831,32.1959,28.931,22.8468,14.643,8.00457,2.48194,-0.770107,177.49,174.182,171.349,167.137
52.68523621559143,0.44495484782226385,0.0,0.0,4,-0.211796,4.0,14187.6,192.826,-12.4998,-13.6698,12.8991,30.6083,67.1926,55.2049,48.038,44.4924,42.6179,40.9893,39.8335,38.685,37.5442,36.4121,34.8427,33.0744,29.8449,23.8205,15.6276,8.779,2.76661,-0.744017,176.916,173.349,170.849,166.411
52.70605659484863,0.454728808058969,0.0,0.0,4,-0.215322,4.0,14133.3,192.073,-13.0041,-13.5245,12.6631,28.9684,67.941,56.0367,48.9234,45.4061,43.5469,41.9318,40.7858,39.6469,38.5156,37.3929,35.837,34.0835,30.8795,24.8918,16.6707,9.58453,3.05701,-0.717977,176.325,172.479,170.335,165.639
52.72638726234436,0.4646699991802374,0.0,0.0,4,-0.219677,4.0,14076.5,191.31,-13.6661,-13.3943,12.4213,27.4711,68.7884,56.9649,49.9014,46.4093,44.5635,42.96,41.8223,40.6915,39.5685,38.4538,36.9083,35.1665,31.9819,26.0168,17.7465,10.4127,3.35307,-0.691925,175.718,171.649,169.762,164.865
52.74464178085327,0.4669158992960056,0.0,0.0,4,-0.223944,4.0,14021.7,190.543,-14.2914,-13.249,12.1828,26.1883,69.6134,57.868,50.8518,47.3834,45.5503,43.9577,42.8277,41.7045,40.5889,39.4815,37.9459,36.2148,33.0479,27.103,18.7892,11.2302,3.65104,-0.665863,175.033,170.862,169.135,164.181
52.765241861343384,0.469106164337198,0.0,0.0,4,-0.226975,4.0,13967.2,189.795,-14.6632,-13.0939,11.9574,25.1743,70.2658,58.5953,51.6263,48.1822,46.3619,44.7807,43.6588,42.5436,41.436,40.3364,38.8118,37.0928,33.9466,28.0326,19.709,11.9864,3.94486,-0.639732,174.24,170.144,168.369,163.657
52.784913063049316,0.4712115126856169,0.0,0.0,4,-0.228528,4.0,13910.4,189.076,-14.8295,-13.0038,11.7464,24.3806,70.7165,59.1182,52.197,48.7778,46.9711,45.402,44.2887,43.1823,42.0834,40.9926,39.4801,37.7748,34.6539,28.7832,20.4848,12.6634,4.2311,-0.613576,173.395,169.493,167.544,163.134
52.808401346206665,0.48121492686577144,0.0,0.0,4,-0.228997,4.0,13854.1,188.376,-14.8617,-12.9775,11.5462,23.7263,71.0202,59.4915,52.6185,49.2244,47.4318,45.8751,44.7708,43.6735,42.5838,41.5023,40.0029,38.3124,35.2192,29.3992,21.1487,13.2736,4.50978,-0.58747,172.517,168.845,166.746,162.592
52.82551646232605,0.4832812236982026,0.0,0.0,4,-0.228995,4.0,13800.1,187.682,-14.8402,-12.9865,11.3509,23.1367,71.259,59.798,52.9722,49.6033,47.8244,46.2802,45.1849,44.0966,43.016,41.9436,40.4573,38.7818,35.7162,29.9482,21.7527,13.8443,4.78347,-0.56146,171.672,168.176,166.024,162.028
52.8455548286438,0.5097896124869585,0.0,0.0,4,-0.228719,4.0,13748.2,186.996,-14.7971,-13.0246,11.1596,22.5915,71.4536,60.0585,53.2789,49.9349,48.1694,46.6373,45.5508,44.4715,43.3998,42.3364,40.8628,39.2021,36.1639,30.4477,22.3099,14.3824,5.05221,-0.535592,170.902,167.533,165.35,161.466
52.866451263427734,0.5119100350365042,0.0,0.0,4,-0.227842,4.0,13702.3,186.318,-14.614,-13.0267,10.9742,22.1067,71.5686,60.2379,53.5044,50.1852,48.4335,46.9136,45.8359,44.7656,43.7032,42.649,41.1884,39.5427,36.5329,30.8714,22.8005,14.8751,5.31384,-0.509844,170.167,166.916,164.731,160.987
52.88564848899841,0.5139679082483054,0.0,0.0,4,-0.226085,4.0,13654.5,185.66,-14.2876,-13.047,10.7967,21.6969,71.569,60.3018,53.615,50.3214,48.584,47.0767,46.0083,44.9475,43.8945,42.8502,41.4034,39.7736,36.7945,31.1934,23.204,15.3089,5.56573,-0.484221,169.437,166.333,164.052,160.533
52.905338525772095,0.5159788694567978,0.0,0.0,4,-0.223798,4.0,13607.2,185.017,-13.8932,-13.0904,10.6242,21.33,71.5015,60.2971,53.6568,50.3892,48.6662,47.1719,46.113,45.0616,44.0185,42.9842,41.5514,39.9381,36.9903,31.452,23.551,15.7016,5.8098,-0.458744,168.708,165.738,163.408,160.05
52.92585277557373,0.5179773207977415,0.0,0.0,4,-0.221322,4.0,13561.2,184.378,-13.4642,-13.1341,10.4539,20.9787,71.4104,60.2679,53.6738,50.4319,48.7233,47.2419,46.1922,45.1505,44.117,43.0923,41.6736,40.0766,37.1596,31.6832,23.8702,16.0709,6.04838,-0.43343,168.027,165.161,162.815,159.55
52.945075035095215,0.5199726446717978,0.0,0.0,4,-0.21893,4.0,13516.2,183.74,-13.0501,-13.1789,10.2837,20.6244,71.3284,60.2472,53.6981,50.4812,48.7866,47.3177,46.2772,45.2446,44.2204,43.2052,41.7999,40.2184,37.3311,31.9135,24.1827,16.4305,6.28366,-0.408273,167.303,164.49,162.263,159.031
52.96579599380493,0.5304486225982009,0.0,0.0,4,-0.216701,4.0,13471.7,183.104,-12.6634,-13.2206,10.1132,20.2627,71.264,60.2428,53.7376,50.545,48.8638,47.4069,46.3752,45.3515,44.3363,43.3301,41.9375,40.3707,37.5116,32.1492,24.4945,16.7842,6.51632,-0.383274,166.657,163.856,161.734,158.5
52.98771667480469,0.532457319807733,0.0,0.0,4,-0.214495,4.0,13428.4,182.472,-12.2659,-13.2444,9.94315,19.9018,71.2028,60.2408,53.7787,50.6096,48.9416,47.4966,46.4734,45.4584,44.4518,43.4544,42.0742,40.5217,37.6895,32.3798,24.7978,17.1276,6.74564,-0.358428,166.057,163.253,161.217,157.99
53.00767517089844,0.5344437687886785,0.0,0.0,4,-0.212341,4.0,13383.8,181.847,-11.8929,-13.2782,9.77327,19.5393,71.1489,60.2453,53.8252,50.6791,49.024,47.5903,46.5755,45.5688,44.5707,43.5818,42.2135,40.6748,37.8684,32.609,25.0955,17.4632,6.9722,-0.333717,165.487,162.674,160.682,157.464
53.02640175819397,0.5364175044961461,0.0,0.0,4,-0.210378,4.0,13339.0,181.226,-11.5682,-13.321,9.60268,19.1671,71.1195,60.2729,53.8936,50.7696,49.1265,47.7039,46.697,45.6983,44.7082,43.7274,42.3705,40.8447,38.0624,32.8499,25.3984,17.7983,7.19721,-0.309161,164.943,162.106,160.16,156.922
53.04689621925354,0.547061775270092,0.0,0.0,4,-0.208655,4.0,13294.5,180.609,-11.3027,-13.3734,9.43111,18.7833,71.1201,60.3293,53.9892,50.8863,49.255,47.8426,46.8432,45.852,44.8696,43.8964,42.5501,41.0365,38.2767,33.1067,25.7104,18.1357,7.42132,-0.284758,164.419,161.548,159.65,156.374
53.06622076034546,0.5578258957418426,0.0,0.0,4,-0.207201,4.0,13250.2,179.996,-11.0858,-13.4291,9.2589,18.3899,71.1502,60.4136,54.1111,51.0284,49.408,48.0053,47.0129,46.0288,45.0536,44.0874,42.7512,41.249,38.5099,33.3788,26.0313,18.4754,7.64445,-0.260541,163.869,160.961,159.143,155.828
53.08526277542114,0.5598340217164905,0.0,0.0,4,-0.206014,4.0,13206.0,179.384,-10.9134,-13.4856,9.08592,17.9874,71.2102,60.5263,54.2598,51.1961,49.5861,48.1926,47.2068,46.2293,45.2607,44.3013,42.9744,41.4826,38.7628,33.6668,26.3618,18.8185,7.86712,-0.236488,163.335,160.382,158.639,155.282
53.108816623687744,0.5618323039363604,0.0,0.0,4,-0.205123,4.0,13161.0,178.775,-10.7999,-13.5503,8.91189,17.5744,71.306,60.6731,54.4408,51.395,49.7947,48.4099,47.4301,46.4588,45.4963,44.543,43.2246,41.7425,39.0402,33.9754,26.706,19.1683,8.09006,-0.212592,162.811,159.806,158.139,154.712
53.12692403793335,0.5638305861562305,0.7882232666015625,0.0,4,-0.204567,4.0,13116.4,178.166,-10.7416,-13.6142,8.7366,17.1503,71.4418,60.858,54.6583,51.6292,50.0379,48.6609,47.6869,46.7212,45.7641,44.8164,43.5058,42.0324,39.3458,34.3081,27.0671,19.5273,8.31407,-0.188842,162.295,159.228,157.643,154.149
53.145127296447754,0.5658321496276929,0.9999847412109375,0.0,4,-0.204327,4.0,13071.9,177.556,-10.7317,-13.6769,8.56043,16.7181,71.6149,61.0786,54.9093,51.8958,50.3128,48.9431,47.9743,47.0137,46.0619,45.1191,43.8154,42.3497,39.677,34.6629,27.4438,19.8947,8.53901,-0.165255,161.743,158.611,157.146,153.587
53.1671097278595,0.5678271505959704,0.9999847412109375,0.0,4,-0.204268,4.0,13027.1,176.948,-10.76,-13.7473,8.38431,16.2859,71.8085,61.3181,55.1779,52.1792,50.6041,49.2411,48.277,47.3213,46.3743,45.4362,44.1389,42.6804,40.0204,35.0275,27.8266,20.2646,8.76379,-0.141818,161.162,157.976,156.636,153.033
53.187479734420776,0.5698221515642479,0.9999847412109375,0.0,4,-0.204369,4.0,12982.3,176.34,-10.8007,-13.8163,8.20865,15.8571,72.0153,61.5693,55.4572,52.4725,50.9049,49.5484,48.5889,47.6376,46.695,45.7614,44.4702,43.0183,40.3701,35.3967,28.2114,20.6345,8.988,-0.118526,160.588,157.356,156.117,152.488
53.2084264755249,0.5718138712809328,0.9999847412109375,0.0,4,-0.204648,4.0,12936.7,175.733,-10.8632,-13.8901,8.03309,15.4298,72.2404,61.8376,55.7523,52.7809,51.2202,49.8699,48.9146,47.9676,47.0291,46.0995,44.8139,43.3682,40.7307,35.7749,28.6019,21.007,9.21237,-0.0953598,160.019,156.745,155.589,151.935
53.225421667099,0.572434027831927,0.9999847412109375,0.0,4,-0.205066,4.0,13568.7,175.544,-11.0059,-13.9741,7.85776,15.0054,72.4808,62.1198,56.0601,53.1014,51.5473,50.2027,49.2515,48.3084,47.3738,46.448,45.1675,43.7276,41.0999,36.1599,28.9968,21.3814,9.43684,-0.0723063,159.502,156.176,161.129,161.129
53.24499845504761,0.5718302775388956,0.9999847412109375,0.0,4,-0.205455,4.0,13874.0,175.728,-11.2496,-14.0585,7.68366,14.5909,28.5652,62.3961,56.3615,53.4153,51.8677,50.5285,49.5813,48.6421,47.7113,46.7892,45.5138,44.0793,41.4614,36.5367,29.3839,21.7495,9.65956,-0.0493596,159.192,155.789,164.764,164.764
53.26507925987244,0.5707179332490172,0.49999237060546875,0.0,4,-0.205821,4.0,13994.7,176.067,-11.6047,-14.1648,7.51114,14.1865,25.4278,62.6674,56.6572,53.723,52.1817,50.848,49.9045,48.969,48.0419,47.1235,45.8529,44.4239,41.8153,36.9055,29.7633,22.111,9.88012,-0.0265783,159.086,155.585,166.258,166.258
53.28587079048157,0.569395588857215,0.49999237060546875,0.0,4,-0.205495,4.0,14053.3,176.47,-11.9275,-14.2974,7.34431,13.817,23.8609,62.8552,56.871,53.9497,52.4154,51.0878,50.1486,49.2173,48.2944,47.3801,46.1155,44.6928,42.0956,37.2059,30.0846,22.4302,10.0897,-0.00402451,159.084,155.527,166.977,166.977
53.30863356590271,0.567958400659673,0.49999237060546875,0.0,4,-0.203973,4.0,14086.7,176.908,-12.0812,-14.4417,7.1862,13.4992,22.8801,62.8971,56.9419,54.0359,52.5099,51.1896,50.2557,49.3296,48.412,47.5031,46.2457,44.8315,42.2498,37.3894,30.3072,22.6778,10.2806,0.0182559,159.125,155.58,167.383,167.383
53.32791018486023,0.5664851186946127,0.49999237060546875,0.0,4,-0.201061,4.0,14124.2,177.357,-12.0316,-14.6068,7.0374,13.235,22.2815,62.7772,56.8548,53.9668,52.4506,51.139,50.2115,49.292,48.3808,47.4783,46.2302,44.8266,42.265,37.4442,30.4212,22.8458,10.45,0.0402374,159.209,155.735,167.817,167.817
53.34677815437317,0.5649855867168121,0.49999237060546875,0.0,4,-0.197136,4.0,14159.8,177.814,-11.8312,-14.78,6.89593,13.0088,21.9095,62.5414,56.6547,53.7863,52.281,50.9794,50.0589,49.1467,48.2428,47.3478,46.1102,44.7187,42.1804,37.4064,30.4561,22.9549,10.6021,0.0618655,159.353,155.974,168.254,168.254
53.3661904335022,0.5639618362199329,0.9999847412109375,0.0,4,-0.192313,4.0,13695.4,178.126,-11.3887,-14.9271,6.76092,12.8153,21.7235,62.2044,56.3561,53.5091,52.0157,50.7248,49.8122,48.9079,48.0122,47.1255,45.8995,44.5217,42.0094,37.2883,30.4225,23.0123,10.7384,0.0831477,159.562,156.29,162.901,162.901
53.386253356933594,0.563781367382342,0.9999847412109375,0.0,4,-0.186075,4.0,13564.1,178.181,-10.6011,-15.0604,6.63439,12.6706,21.8439,61.7104,55.9054,53.0829,51.6033,50.3248,49.4213,48.5264,47.6402,46.763,45.5508,44.189,41.7075,37.0499,30.2876,22.995,10.8529,0.104148,159.727,156.642,161.229,161.229
53.40658688545227,0.5638437111626006,0.9999847412109375,0.0,4,-0.178912,4.0,13523.7,178.162,-9.60909,-15.1633,6.51369,12.5584,22.2426,61.1161,55.3582,52.5624,51.098,49.8332,48.9397,48.0549,47.1791,46.3125,45.1154,43.7713,41.3237,36.7363,30.0893,22.9298,10.9522,0.124872,159.843,156.991,160.727,160.727
53.4278028011322,0.5639651174715256,0.9999847412109375,0.0,4,-0.171788,4.0,13500.9,178.125,-8.59606,-15.2327,6.39388,12.4467,22.7847,60.5274,54.817,52.0481,50.5988,49.3478,48.4643,47.5897,46.7243,45.8683,44.6863,43.3597,40.9459,36.4278,29.8939,22.8642,11.0481,0.145346,159.983,157.319,160.45,160.45
53.44848418235779,0.5641357425543386,0.9999847412109375,0.0,4,-0.16539,4.0,13490.1,178.073,-7.73692,-15.3074,6.27151,12.3103,23.2721,60.0245,54.3591,51.6153,50.1802,48.9419,48.0677,47.2025,46.3466,45.5004,44.3322,43.0218,40.6386,36.1832,29.7497,22.8326,11.1497,0.165549,160.173,157.595,160.319,160.319
53.46458959579468,0.5635615235256404,0.9999847412109375,0.0,4,-0.160285,4.0,13866.5,178.248,-7.16994,-15.3623,6.14406,12.1297,23.335,59.667,54.0414,51.3194,49.8965,48.669,47.8028,46.9457,46.0979,45.2599,44.1033,42.8063,40.4487,36.0445,29.6908,22.8593,11.2637,0.185446,160.435,157.814,164.683,164.683
53.48506259918213,0.562232616630653,0.9999847412109375,0.0,4,-0.156835,4.0,13960.6,178.653,-6.99567,-15.4141,6.01036,11.894,22.6475,59.4917,53.8984,51.1938,49.7804,48.5614,47.7014,46.8504,46.0088,45.177,44.0292,42.7423,40.4036,36.0361,29.737,22.9585,11.3941,0.20499,160.845,158.04,165.868,165.868
53.506691217422485,0.5607363659044448,0.9999847412109375,0.0,4,-0.154411,4.0,13998.5,179.109,-7.06088,-15.4741,5.87413,11.628,21.6599,59.4269,53.8609,51.1708,49.7651,48.553,47.6978,46.8519,46.0153,45.1885,44.0475,42.7684,40.4444,36.1046,29.8443,23.0993,11.5331,0.224143,161.313,158.291,166.334,166.334
53.52791452407837,0.5592073026623112,0.9999847412109375,0.0,4,-0.152267,4.0,14026.5,179.575,-7.19428,-15.5362,5.73941,11.3596,20.7463,59.3873,53.8468,51.17,49.7716,48.5658,47.7152,46.8738,46.0418,45.2195,44.085,42.813,40.5023,36.1876,29.9616,23.2451,11.671,0.242889,161.766,158.572,166.667,166.667
53.54469013214111,0.5576913644265477,0.9999847412109375,0.0,4,-0.149967,4.0,14061.2,180.037,-7.31517,-15.6075,5.60837,11.1033,19.9891,59.3261,53.8114,51.1481,49.757,48.5576,47.7116,46.8748,46.0474,45.2299,44.1018,42.8372,40.54,36.2511,30.0612,23.3761,11.8023,0.261219,162.186,158.883,167.068,167.068
53.5673828125,0.5562180824614875,0.9999847412109375,0.0,4,-0.147504,4.0,14111.5,180.486,-7.43529,-15.7026,5.48113,10.8586,19.3394,59.2453,53.7563,51.1065,49.7228,48.53,47.6887,46.8566,46.0339,45.2209,44.0994,42.8424,40.559,36.2965,30.1441,23.4929,11.9272,0.279104,162.585,159.217,167.668,167.668
53.58651828765869,0.5547415192448347,0.9999847412109375,0.0,4,-0.145043,4.0,14153.4,180.936,-7.55448,-15.7911,5.35698,10.6203,18.741,59.1626,53.6985,51.062,49.6854,48.499,47.6622,46.8346,46.0165,45.208,44.093,42.8433,40.5733,36.3367,30.221,23.6032,12.0475,0.296529,162.995,159.575,168.169,168.169
53.60950422286987,0.5532682372797747,0.9999847412109375,0.0,4,-0.142661,4.0,14190.7,181.385,-7.68232,-15.8718,5.23559,10.3862,18.1714,59.0859,53.6461,51.0222,49.6524,48.4721,47.6396,46.8165,46.0027,45.1986,44.0896,42.8468,40.5898,36.3777,30.2968,23.7106,12.1644,0.313497,163.408,159.947,168.615,168.615
53.62788724899292,0.5518113615726773,0.9999847412109375,0.0,4,-0.140361,4.0,14226.6,181.829,-7.81102,-15.9403,5.11695,10.1563,17.6274,59.0155,53.5987,50.9869,49.6237,48.4491,47.6209,46.8018,45.9923,45.1924,44.0892,42.853,40.6083,36.4194,30.3715,23.8154,12.278,0.330012,163.827,160.335,169.041,169.041
53.64716339111328,0.5503741733751353,0.9999847412109375,0.0,4,-0.13828,4.0,14261.2,182.267,-7.94811,-15.9925,5.00063,9.92815,17.0928,58.9605,53.5653,50.965,49.608,48.4388,47.6144,46.7992,45.9935,45.1975,44.0998,42.8697,40.6363,36.4689,30.4511,23.9217,12.3895,0.346092,164.253,160.727,169.453,169.453
53.66694760322571,0.5489829226998892,0.9999847412109375,0.0,4,-0.136423,4.0,14302.6,182.691,-8.11777,-16.0435,4.88636,9.70028,16.5605,58.9268,53.5518,50.9618,49.6105,48.4462,47.6253,46.8137,46.0116,45.2191,44.1263,42.9018,40.6785,36.5303,30.539,24.0323,12.5,0.361752,164.685,161.118,169.942,169.942
53.6861298084259,0.5475982345278281,0.9999847412109375,0.0,4,-0.134808,4.0,14338.9,183.113,-8.32056,-16.085,4.7741,9.47257,16.0306,58.916,53.5594,50.9789,49.6327,48.473,47.6553,46.8468,46.0478,45.2585,44.1701,42.9506,40.7364,36.6051,30.6365,24.1482,12.6096,0.376996,165.111,161.495,170.376,170.376
53.707372188568115,0.5462168276073598,0.9999847412109375,0.0,4,-0.133307,4.0,14371.1,183.534,-8.53322,-16.1165,4.66425,9.24857,15.5205,58.9148,53.5756,51.0041,49.6626,48.5069,47.6923,46.8868,46.0908,45.3044,44.22,43.0051,40.7993,36.6836,30.7358,24.2638,12.7169,0.391838,165.527,161.865,170.761,170.761
53.72747039794922,0.544845264441669,0.9999847412109375,0.0,4,-0.131782,4.0,14402.2,183.952,-8.72827,-16.1368,4.55731,9.03175,15.0441,58.9089,53.5866,51.0237,49.687,48.5354,47.7237,46.9211,46.128,45.3445,44.2641,43.0536,40.8563,36.7557,30.8285,24.3732,12.8203,0.406287,165.916,162.236,171.13,171.13
53.747661113739014,0.5434868262823483,0.9999847412109375,0.0,4,-0.130213,4.0,14433.5,184.366,-8.89867,-16.1492,4.45336,8.82316,14.6028,58.8926,53.587,51.0329,49.7007,48.5532,47.7444,46.9447,46.1545,45.3739,44.2976,43.0917,40.9025,36.8176,30.9115,24.474,12.9192,0.420358,166.296,162.607,171.501,171.501
53.768425703048706,0.5421415131293982,0.9999847412109375,0.0,4,-0.128546,4.0,14467.0,184.776,-9.0463,-16.1599,4.35254,8.62349,14.1965,58.8621,53.5733,51.0279,49.7005,48.5571,47.7512,46.9545,46.1673,45.3896,44.3174,43.1161,40.9354,36.8665,30.9827,24.5648,13.0131,0.434059,166.662,162.975,171.9,171.9
53.789459228515625,0.5407961999764479,0.9999847412109375,0.0,4,-0.126726,4.0,14497.5,185.186,-9.16849,-16.168,4.25495,8.43333,13.8247,58.814,53.5422,51.0057,49.6831,48.544,47.7411,46.9474,46.1632,45.3886,44.3206,43.1242,40.9523,36.9002,31.0402,24.6442,13.1015,0.447388,167.018,163.341,172.264,172.264
53.80505871772766,0.5225250749030057,0.9999847412109375,0.0,4,-0.124701,4.0,14526.7,185.597,-9.25484,-16.173,4.16078,8.2536,13.489,58.7429,53.4887,50.9613,49.6437,48.509,47.7094,46.9189,46.1378,45.3664,44.3028,43.1115,40.949,36.9149,31.0808,24.7099,13.1839,0.460342,167.373,163.713,172.612,172.612
53.82619643211365,0.5128388927020133,0.9999847412109375,0.0,4,-0.122248,4.0,14555.2,186.021,-9.3213,-16.2116,4.07093,8.08926,13.2062,58.6261,53.391,50.8738,49.5618,48.432,47.6359,46.8489,46.0715,45.3036,44.245,43.0595,40.9077,36.8945,31.0912,24.752,13.2571,0.4729,167.699,164.078,172.95,172.95
53.84782028198242,0.49505884434297687,0.9999847412109375,0.0,4,-0.119062,4.0,14583.5,186.452,-9.28269,-16.2602,3.98669,7.94723,13.0005,58.4326,53.2197,50.7145,49.409,48.285,47.4931,46.7105,45.9374,45.1738,44.1213,42.9427,40.8041,36.8166,31.053,24.7569,13.3168,0.485018,168.009,164.464,173.287,173.287
53.86956453323364,0.47762418707092597,0.9999847412109375,0.0,4,-0.115363,4.0,14611.9,186.886,-9.15255,-16.3053,3.90746,7.82262,12.8515,58.1853,52.9966,50.5047,49.2064,48.089,47.3018,46.5239,45.7555,44.9968,43.9511,42.7803,40.6565,36.6983,30.9802,24.7347,13.3659,0.496668,168.332,164.877,173.609,173.609
53.88662624359131,0.46854686038615184,0.9999847412109375,0.0,4,-0.111839,4.0,14684.5,187.274,-9.10819,-16.4071,3.83125,7.70109,12.7017,57.9541,52.7884,50.3088,49.0175,47.9062,47.1234,46.35,45.586,44.832,43.7927,42.6293,40.5193,36.5886,30.9132,24.7151,13.4129,0.507811,168.699,165.295,174.481,174.481
53.909401178359985,0.45947489194203167,0.9999847412109375,0.0,4,-0.108863,4.0,14706.6,187.697,-9.13568,-16.46,3.757,7.57506,12.5202,57.7761,52.6303,50.1614,48.876,47.7699,46.9909,46.2213,45.4611,44.7109,43.6771,42.5199,40.4216,36.514,30.8737,24.7141,13.4628,0.518434,169.195,165.781,174.757,174.757
53.92550468444824,0.45047963412475156,0.9999847412109375,0.0,4,-0.106038,4.0,14721.1,188.131,-9.2101,-16.5153,3.68582,7.45304,12.3411,57.6113,52.4841,50.0252,48.7452,47.6441,46.8686,46.1025,45.346,44.5993,43.5706,42.4193,40.3319,36.4458,30.8384,24.7145,13.5105,0.528558,169.698,166.268,174.931,174.931
53.94815373420715,0.4415211050991714,0.9999847412109375,0.0,4,-0.102302,4.0,14733.6,188.591,-9.19129,-16.6008,3.62155,7.35835,12.2566,57.3523,52.2479,49.8014,48.5283,47.4333,46.6623,45.9007,45.1488,44.4066,43.3843,42.2403,40.1671,36.3088,30.7449,24.6706,13.5419,0.538128,170.168,166.788,175.08,175.08
53.9649875164032,0.4402381939957539,0.9999847412109375,0.0,4,-0.0975884,4.0,14745.2,189.06,-8.96683,-16.6628,3.56464,7.29372,12.2816,56.9884,51.9116,49.4803,48.2157,47.1282,46.3627,45.6067,44.8604,44.1239,43.1096,41.9748,39.9191,36.0959,30.5878,24.5782,13.5557,0.547132,170.65,167.396,175.218,175.218
53.9873480796814,0.43912761423458657,0.9999847412109375,0.0,4,-0.0925725,4.0,14834.2,189.466,-8.72854,-16.7932,3.51295,7.24457,12.3623,56.5927,51.5449,49.1297,47.8739,46.7943,46.0345,45.2843,44.5439,43.8134,42.8075,41.6825,39.6452,35.859,30.4096,24.4686,13.5611,0.555553,171.158,168.036,176.223,176.223
54.009562730789185,0.4379541198564072,0.9999847412109375,0.0,4,-0.0886548,4.0,14875.9,189.895,-8.6965,-16.9019,3.46281,7.18292,12.3732,56.3118,51.2781,48.8755,47.6266,46.5532,45.7979,45.0523,44.3165,43.5906,42.5912,41.4738,39.4507,35.6931,30.2884,24.399,13.5753,0.563315,171.75,168.638,176.773,176.773
54.025545597076416,0.43671497544308496,0.9999847412109375,0.0,4,-0.085523,4.0,14882.9,190.348,-8.75772,-16.9521,3.41482,7.11452,12.3351,56.1282,51.0812,48.6885,47.4452,46.3768,45.6251,44.883,44.1507,43.4285,42.4344,41.3229,39.311,35.5757,30.2059,24.3561,13.5947,0.570473,172.371,169.204,176.857,176.857
54.04937434196472,0.42791950503534637,0.9999847412109375,0.0,4,-0.0821727,4.0,14888.3,190.819,-8.83563,-17.0218,3.37201,7.0608,12.3453,55.9427,50.8604,48.4781,47.2407,46.1774,45.4294,44.6911,43.9627,43.2443,42.2557,41.1504,39.1504,35.4387,30.1059,24.2986,13.6068,0.577031,172.904,169.714,176.923,176.923
54.06845307350159,0.42664258275887,0.9999847412109375,0.0,4,-0.0780915,4.0,14895.0,191.294,-8.734,-17.0554,3.33614,7.03375,12.4668,55.6952,50.5652,48.1954,46.9649,45.9079,45.1645,44.4308,43.707,42.9933,42.0112,40.9136,38.9281,35.2453,29.9584,24.2047,13.6047,0.58299,173.362,170.228,177.0,177.0
54.09042048454285,0.42544093169027003,0.9999847412109375,0.0,4,-0.0735348,4.0,14937.7,191.741,-8.52425,-17.0915,3.30616,7.02765,12.6867,55.4124,50.222,47.8661,46.6433,45.5933,44.8549,44.1263,43.4077,42.6992,41.7245,40.6354,38.666,35.0155,29.7799,24.0866,13.5924,0.588381,173.802,170.755,177.449,177.449
54.10906648635864,0.4242930457701534,0.9999847412109375,0.0,4,-0.0695351,4.0,14990.0,192.168,-8.45018,-17.1544,3.27941,7.02132,12.8979,55.21,49.9265,47.5829,46.3667,45.3227,44.5886,43.8645,43.1504,42.4464,41.478,40.3962,38.4408,34.8182,29.6269,23.9855,13.5822,0.59315,174.277,171.245,178.119,178.119
54.128400564193726,0.42308870644412927,0.9999847412109375,0.0,4,-0.0661596,4.0,15008.6,192.616,-8.45544,-17.1699,3.25558,7.0129,13.0843,55.1019,49.6875,47.3507,46.1401,45.101,44.3706,43.6501,42.9396,42.2394,41.2763,40.2006,38.2567,34.6572,29.5025,23.9037,13.5752,0.597312,174.782,171.696,178.345,178.345
54.14684796333313,0.4218601728012879,0.9999847412109375,0.0,4,-0.0628455,4.0,15024.9,193.073,-8.50823,-17.1976,3.23625,7.01467,13.3188,55.0288,49.4706,47.12,45.9148,44.8804,44.1535,43.4365,42.7297,42.033,41.0751,40.0053,38.0724,34.4954,29.3762,23.8192,13.5646,0.600882,175.28,172.151,178.54,178.54
54.16612458229065,0.4206181978713255,0.9999847412109375,0.0,4,-0.0590671,4.0,15040.9,193.535,-8.4588,-17.2063,3.22325,7.03979,13.708,54.9255,49.2265,46.8425,45.6434,44.6146,43.8916,43.1786,42.4759,41.7834,40.8313,39.7683,37.8483,34.297,29.2188,23.7104,13.5435,0.603844,175.719,172.608,178.729,178.729
54.185484886169434,0.41939235248590817,0.9999847412109375,0.0,4,-0.05493,4.0,15066.7,193.991,-8.31544,-17.2002,3.21621,7.08657,14.3016,54.8023,48.9636,46.5317,45.3355,44.3127,43.5941,42.8856,42.1873,41.4994,40.5538,39.4982,37.5923,34.0695,29.0366,23.582,13.5137,0.606224,176.146,173.085,178.997,178.997
54.207030057907104,0.4182552195954882,0.9999847412109375,0.0,4,-0.05103,4.0,15121.0,194.414,-8.25218,-17.2309,3.21356,7.14195,15.0809,54.7385,48.7432,46.2567,45.0437,44.0265,43.312,42.6077,41.9136,41.2299,40.2902,39.2416,37.349,33.8525,28.8619,23.4576,13.4823,0.607989,176.592,173.546,179.672,179.672
54.22706365585327,0.4170616332991607,0.9999847412109375,0.0,4,-0.0475619,4.0,15145.8,194.858,-8.24926,-17.2287,3.21475,7.20148,16.1806,54.7652,48.5885,46.0388,44.7975,43.7717,43.0607,42.36,41.6695,40.9895,40.055,39.0125,37.1313,33.6579,28.7044,23.3443,13.4515,0.609135,177.061,173.98,179.972,179.972
54.24910020828247,0.4158599822305608,0.9999847412109375,0.0,4,-0.0442365,4.0,15167.9,195.305,-8.28067,-17.2228,3.22053,7.27183,70.791,54.8515,48.4746,45.8553,44.5829,43.5329,42.8165,42.1191,41.4321,40.7556,39.826,38.7892,36.9189,33.4674,28.5491,23.2312,13.4181,0.609675,177.514,174.394,180.236,180.236
54.27013850212097,0.4146556429045368,0.9999847412109375,0.0,4,-0.0407117,4.0,15189.5,195.753,-8.26713,-17.205,3.23217,7.36298,71.6324,54.9514,48.365,45.6739,44.3695,43.2945,42.5618,41.8567,41.173,40.5002,39.5759,38.5451,36.6863,33.2583,28.3775,23.1048,13.3778,0.609601,177.937,174.812,180.493,180.493
54.28517532348633,0.41345399183593695,0.9999847412109375,0.0,4,-0.0370153,4.0,15212.1,196.2,-8.19704,-17.1699,3.24953,7.47554,72.5449,55.0668,48.2612,45.4956,44.1583,43.0577,42.3084,41.5878,40.8944,40.2243,39.3055,38.2812,36.4347,33.0315,28.1907,22.9659,13.3309,0.608941,178.356,175.248,180.758,180.758
54.3077175617218,0.4123007294009719,0.9999847412109375,0.0,4,-0.0333284,4.0,15252.8,196.629,-8.14435,-17.1523,3.27218,7.60531,73.5983,55.2332,48.1888,45.3429,43.9702,42.8422,42.0749,41.3379,40.6292,39.9474,39.0314,38.0135,36.1791,32.8005,27.9993,22.8224,13.2799,0.607674,178.778,175.682,181.238,181.238
54.328750133514404,0.4039814845050374,0.9999847412109375,0.0,4,-0.0298155,4.0,15282.1,197.064,-8.12199,-17.1227,3.29964,7.7486,74.8626,55.4825,48.1705,45.2351,43.8231,42.6646,41.8777,41.1223,40.3967,39.6993,38.7672,37.7534,35.9306,32.5752,27.8115,22.6801,13.2267,0.605797,179.212,176.104,181.589,181.589
54.34992575645447,0.4028324290455009,0.9999847412109375,0.0,4,-0.0264247,4.0,15309.1,197.499,-8.11489,-17.0811,3.33206,7.90735,76.3566,55.8157,48.2049,45.1707,43.7153,42.5233,41.7146,40.9391,40.195,39.4804,38.5264,37.4977,35.6854,32.3522,27.6247,22.5372,13.1706,0.603313,179.647,176.519,181.911,181.911
54.365299224853516,0.394644339371041,0.9999847412109375,0.0,4,-0.0231183,4.0,15335.5,197.931,-8.11473,-17.0298,3.3696,8.08371,78.102,56.2338,48.2911,45.1479,43.645,42.4162,41.5837,40.7864,40.0221,39.2887,38.3109,37.258,35.4399,32.1284,27.4361,22.3917,13.1111,0.600226,180.077,176.928,182.224,182.224
54.38637590408325,0.40055280867405235,0.9999847412109375,0.0,4,-0.0198348,4.0,15362.4,198.362,-8.11021,-16.9731,3.41254,8.2816,80.1106,56.731,48.4221,45.1603,43.6058,42.3374,41.4794,40.6584,39.8724,39.119,38.1157,37.0369,35.1881,31.8983,27.2416,22.2406,13.0473,0.596551,180.5,177.341,182.544,182.544
54.40942645072937,0.39240471088083456,0.9999847412109375,0.0,4,-0.0164617,4.0,15388.2,198.794,-8.08766,-16.9099,3.46128,8.50534,82.4013,57.3032,48.5932,45.2031,43.5931,42.2822,41.3968,40.5507,39.7416,38.9669,37.9365,36.8303,34.9385,31.6579,27.0376,22.0814,12.9785,0.592284,180.911,177.753,182.85,182.85
54.42543601989746,0.38436103087663653,0.9999847412109375,0.0,4,-0.0129665,4.0,15416.5,199.225,-8.04762,-16.846,3.51604,8.75853,85.0108,57.9529,48.8037,45.2751,43.6057,42.2493,41.3347,40.4619,39.6282,38.831,37.772,36.6368,34.6999,31.4052,26.8229,21.9132,12.9042,0.587421,181.347,178.203,183.185,183.185
54.44821262359619,0.3832776056528091,0.9999847412109375,0.0,4,-0.00946218,4.0,15446.3,199.65,-7.98502,-16.7646,3.57646,9.03961,88.0577,58.715,49.0749,45.3938,43.6593,42.2533,41.3069,40.405,39.5446,38.723,37.633,36.4668,34.4813,31.147,26.6027,21.7398,12.8259,0.581959,181.778,178.649,183.539,183.539
54.47145462036133,0.3686186750373493,0.9999847412109375,0.0,4,-0.00627548,4.0,15477.3,200.07,-7.97252,-16.6756,3.64122,9.33735,91.8176,59.6802,49.4646,45.6069,43.7973,42.3343,41.3514,40.4161,39.5251,38.6755,37.5503,36.3483,34.3074,30.902,26.3918,21.572,12.7469,0.575914,182.258,179.108,183.906,183.906
54.48741579055786,0.35428112208793555,0.9999847412109375,0.0,4,-0.00330383,4.0,15509.2,200.49,-8.00926,-16.5958,3.71091,9.6584,96.403,60.8496,49.9666,45.9071,44.0123,42.4847,41.4606,40.4876,39.5623,38.6812,37.5163,36.2744,34.1716,30.679,26.1837,21.4049,12.6657,0.56929,182.672,179.492,184.285,184.285
54.51148223876953,0.346706600271271,0.9999847412109375,0.0,4,-0.000196759,4.0,15522.9,200.926,-8.01109,-16.4904,3.78682,10.0199,101.83,62.176,50.5421,46.2603,44.2721,42.6742,41.6054,40.5918,39.6293,38.7144,37.5068,36.2222,34.0535,30.4688,25.9641,21.2283,12.5792,0.562084,183.106,179.92,184.454,184.454
54.52736973762512,0.3392449898068607,0.9999847412109375,0.0,4,0.00331276,4.0,15549.4,201.356,-7.94547,-16.3909,3.87013,10.4414,108.099,63.6052,51.1499,46.6306,44.5439,42.872,41.7564,40.7004,39.6995,38.7494,37.4979,36.1695,33.9334,30.256,25.7213,21.0339,12.4847,0.554302,183.534,180.389,184.764,184.764
54.551560401916504,0.3319016968400746,0.9999847412109375,0.0,4,0.00696629,4.0,15582.1,201.777,-7.82256,-16.2715,3.96001,10.9202,115.672,65.229,51.8428,47.0606,44.8658,43.1133,41.9467,40.8447,39.802,38.8142,37.5154,36.14,33.8322,30.0567,25.467,20.8302,12.3849,0.545929,183.953,180.859,185.15,185.15
54.567872762680054,0.3309813835459079,0.9999847412109375,0.0,4,0.0100643,4.0,15617.6,202.188,-7.79408,-16.1457,4.0532,11.4199,125.837,67.3258,52.7815,47.6787,45.3528,43.5028,42.2749,41.1175,40.0247,38.9914,37.636,36.2043,33.8106,29.9174,25.2325,20.6394,12.2869,0.537001,184.48,181.359,185.571,185.571
54.59122562408447,0.32376566690703235,0.9999847412109375,0.0,4,0.0127889,4.0,15654.2,202.603,-7.87157,-16.0437,4.15091,11.9562,139.534,69.9281,53.9613,48.475,45.9938,44.0288,42.7288,41.5064,40.355,39.2687,37.8471,36.35,33.8568,29.8278,25.0215,20.454,12.1882,0.527487,185.03,181.863,186.006,186.006
54.60739254951477,0.3104234915351247,0.9999847412109375,0.0,4,0.0157396,4.0,15655.4,203.053,-7.88099,-15.8928,4.25554,12.5782,157.569,72.9241,55.2907,49.3703,46.7155,44.6229,43.2432,41.9495,40.7339,39.5896,38.0963,36.5284,33.9282,29.7547,24.8212,20.2566,12.0834,0.517409,185.512,182.348,186.033,186.033
54.63181948661804,0.3094939976613099,0.9999847412109375,0.0,4,0.0193927,4.0,15681.0,203.493,-7.77099,-15.7555,4.36969,13.3586,200.0,76.1573,56.6606,50.2748,47.4365,45.2105,43.748,42.3804,41.0986,39.8951,38.3286,36.689,33.9814,29.6654,24.61,20.0327,11.9682,0.506756,185.94,182.862,186.327,186.327
54.64894652366638,0.30253933440905995,0.9999847412109375,0.0,4,0.023327,4.0,15717.9,203.921,-7.574,-15.5976,4.49178,14.3179,200.0,79.8778,58.1889,51.2777,48.2354,45.862,44.3087,42.8603,41.5067,40.2389,38.5936,36.877,34.0551,29.5891,24.4073,19.7956,11.8466,0.495509,186.385,183.409,186.761,186.761
54.665409564971924,0.30167777071329144,0.9999847412109375,0.0,4,0.0264608,4.0,15758.0,204.337,-7.51904,-15.4382,4.616,15.386,200.0,84.898,60.2528,52.6609,49.3575,46.7964,45.128,43.5776,42.1333,40.7847,39.0402,37.2273,34.2623,29.6084,24.2669,19.5781,11.7289,0.483711,186.886,183.868,187.237,187.237
54.69135785102844,0.3008099938177938,0.9999847412109375,0.0,4,0.0290338,4.0,15798.2,204.756,-7.62228,-15.3136,4.74387,16.5546,200.0,91.5222,62.8973,54.4375,50.8067,48.0124,46.2016,44.5257,42.9703,41.523,39.6579,37.7282,34.5907,29.7118,24.1795,19.381,11.612,0.471329,187.392,184.289,187.714,187.714
54.70945906639099,0.29390355569243437,0.9999847412109375,0.0,4,0.0319478,4.0,15785.8,205.224,-7.61898,-15.1097,4.88004,17.4683,196.815,99.6194,65.9301,56.4413,52.431,49.3697,47.3971,45.5796,43.8995,42.3419,40.3433,38.2849,34.9592,29.8383,24.105,19.1933,11.4882,0.458371,187.881,184.772,187.584,187.584
54.7265567779541,0.28713248079200276,0.9999847412109375,0.0,4,0.0358302,4.0,15812.6,205.673,-7.45216,-14.9326,5.02835,18.2318,190.172,108.951,69.1288,58.4952,54.0738,50.7269,48.5834,46.6172,44.8072,43.1356,40.9995,38.8103,35.2953,29.9362,24.011,18.9963,11.3522,0.444853,188.256,185.268,187.889,187.889
54.751935720443726,0.28627900338126344,0.9999847412109375,0.0,4,0.0399896,4.0,15855.3,206.102,-7.19185,-14.7344,5.18564,18.8019,181.707,120.746,72.8421,60.8333,55.9308,52.2544,49.9154,47.7803,45.8237,44.0241,41.7351,39.4009,35.6786,30.0621,23.9336,18.8115,11.2102,0.430743,188.679,185.812,188.391,188.391
54.768797159194946,0.2796849561030914,0.9999847412109375,0.0,4,0.0430209,4.0,15900.0,206.518,-7.14636,-14.5417,5.34287,19.0396,133.305,138.889,78.083,64.1104,58.5394,54.411,51.806,49.4427,47.289,45.3183,42.8254,40.2993,36.3035,30.3495,23.9532,18.6854,11.0743,0.416073,189.203,186.246,188.922,188.922
54.787028312683105,0.278868212563085,0.9999847412109375,0.0,4,0.0452935,4.0,15941.6,206.937,-7.30967,-14.3913,5.50248,19.0677,88.7508,167.641,85.2317,68.4676,61.9823,57.2468,54.2891,51.6257,49.2151,47.0229,44.268,41.4971,37.1564,30.782,24.0559,18.608,10.9405,0.400804,189.697,186.604,189.433,189.433
54.805529832839966,0.27226455124276694,0.9999847412109375,0.0,4,0.0480415,4.0,15919.5,207.415,-7.31219,-14.1326,5.67203,19.0659,69.6286,200.0,94.0554,73.6068,65.9747,60.4957,57.113,54.0925,51.3792,48.9286,45.8714,42.8215,38.093,31.2566,24.1779,18.5427,10.799,0.38497,190.132,187.025,189.172,189.172
54.8311231136322,0.2714090999754053,0.9999847412109375,0.0,4,0.0519759,4.0,15949.8,207.863,-7.12641,-13.9186,5.85698,19.1137,59.6917,199.29,104.27,79.2153,70.2335,63.9035,60.0437,56.6276,53.5832,50.8531,47.4728,44.1288,38.9985,31.6966,24.2752,18.4655,10.6443,0.36859,190.491,187.535,189.517,189.517
54.849422216415405,0.2595012042189203,0.9999847412109375,0.0,4,0.0560948,4.0,15998.9,208.286,-6.84631,-13.6789,6.05153,19.1041,52.9905,194.433,117.65,86.1202,75.3685,67.9555,63.5002,59.5974,56.1506,53.0845,49.3203,45.631,40.0369,32.2087,24.4094,18.4107,10.4846,0.35161,190.893,188.066,190.094,190.094
54.86831283569336,0.24791414809045695,0.9999847412109375,0.0,4,0.0587642,4.0,16047.9,208.696,-6.86153,-13.4563,6.24258,18.8956,47.1507,188.45,139.565,96.5822,82.9757,73.8799,68.521,63.8915,59.8523,56.2974,51.9816,47.8024,41.5598,33.0092,24.6975,18.4404,10.3406,0.334076,191.461,188.486,190.677,190.677
54.88599395751953,0.2418601787091792,0.9999847412109375,0.0,4,0.0605766,4.0,16082.9,209.117,-7.11162,-13.2723,6.4253,18.5797,42.3688,180.974,200.0,112.17,93.8689,82.1535,75.4355,69.7382,64.8455,60.5987,55.5157,50.668,43.5593,34.0722,25.1156,18.5383,10.2196,0.315945,191.969,188.819,191.159,191.159
54.90512466430664,0.23579313343229702,0.9999847412109375,0.0,4,0.0631625,4.0,16058.6,209.599,-7.11822,-12.9655,6.58824,18.3014,38.927,171.399,196.507,133.469,107.886,92.4041,83.8197,76.7,70.6998,65.5752,59.5409,53.8838,45.7571,35.2118,25.5584,18.648,10.1098,0.29726,192.38,189.247,190.822,190.822
54.93309259414673,0.22477042992870946,0.9999847412109375,0.0,4,0.0671632,4.0,16092.9,210.045,-6.90457,-12.7194,6.73626,18.0982,36.5247,139.019,191.832,199.864,125.132,104.42,93.3883,84.4704,77.1125,70.9387,63.7961,57.2221,47.9781,36.3216,25.9717,18.743,10.0061,0.278039,192.673,189.743,191.213,191.213
54.95124125480652,0.2190854285699129,0.9999847412109375,0.0,4,0.070903,4.0,16147.9,210.449,-6.58916,-12.386,6.85709,17.8395,34.3627,104.613,186.641,195.549,151.187,121.515,106.583,94.9258,85.573,77.9033,69.2257,61.4184,50.7205,37.6772,26.4928,18.8923,9.92276,0.258255,193.149,190.346,191.861,191.861
54.97011756896973,0.20858068252618112,0.9999847412109375,0.0,4,0.0661899,4.0,16203.6,210.852,-6.78338,-12.1433,6.93787,17.4239,32.0159,81.6847,179.93,190.287,194.653,152.5,129.361,112.326,99.2619,88.9262,77.6209,67.7851,54.7954,39.6762,27.2987,19.1779,9.87522,0.238234,193.788,190.733,192.522,192.522
54.989850759506226,0.19828493603567282,0.9999847412109375,0.0,4,0.0526759,4.0,16210.2,211.308,-7.15096,-11.9773,6.99626,16.9967,29.9751,67.392,171.613,184.44,189.41,193.203,195.67,139.032,119.292,104.468,88.9959,76.1251,59.912,42.0802,28.2499,19.5258,9.84754,0.220039,194.24,191.082,192.75,192.75
55.00876712799072,0.18359557196624268,0.9999847412109375,0.0,4,0.0421168,4.0,16185.9,211.833,-6.91045,-11.7332,7.05602,16.7264,28.6705,59.7077,161.827,179.104,184.714,188.889,191.573,194.056,142.167,121.359,100.733,84.3613,64.6855,44.1764,29.0269,19.79,9.81341,0.20419,194.466,191.624,192.318,192.318
55.027833223342896,0.17400889151031154,0.9999847412109375,0.0,4,0.0344068,4.0,16281.0,212.29,-6.41146,-11.7798,7.11795,16.5854,27.8915,55.4115,137.208,174.513,180.747,185.258,188.123,190.757,193.2,137.797,111.551,91.6227,68.6619,45.8057,29.5852,19.9579,9.77133,0.190494,194.623,192.285,193.408,193.408
55.04744005203247,0.15620306049672575,0.9999847412109375,0.0,4,0.0274169,4.0,16391.5,212.751,-6.05381,-12.0722,7.16897,16.4539,27.2256,52.089,116.281,169.796,176.816,181.701,184.758,187.547,190.119,192.51,123.941,99.6138,72.8457,47.4502,30.1372,20.1262,9.73753,0.178607,194.885,192.875,194.727,194.727
55.066126346588135,0.13941350623142906,0.9999847412109375,0.0,4,0.0192587,4.0,16482.5,213.209,-5.86387,-12.3148,7.19624,16.2368,26.3947,48.5683,98.7388,163.435,172.009,177.487,180.825,183.833,186.583,189.123,143.335,111.542,78.8098,49.7333,30.9225,20.396,9.72869,0.168404,195.415,193.491,195.824,195.824
55.09395909309387,0.12736497741719088,0.9999847412109375,0.0,4,0.00881117,4.0,16551.2,213.676,-6.17242,-12.5747,7.19177,15.8889,25.2922,44.5579,82.6777,144.776,165.12,171.865,175.714,179.092,182.13,184.905,188.437,132.766,88.609,53.2857,32.1429,20.8444,9.75684,0.159942,196.118,193.913,196.65,196.65
55.11292266845703,0.10876450535727665,0.9999847412109375,0.0,4,-0.0027054,4.0,16524.6,214.214,-6.67962,-12.752,7.16568,15.4837,24.1292,40.7901,70.1205,109.679,153.564,164.634,169.469,173.462,176.936,180.045,183.942,187.901,103.186,58.0568,33.7098,21.4217,9.81211,0.153235,196.786,194.303,196.458,196.458
55.13183641433716,0.09489627245526451,0.9999847412109375,0.0,4,-0.0127614,4.0,16493.3,214.773,-6.75526,-12.7881,7.13521,15.1339,23.1845,37.9804,61.946,90.6479,120.449,155.78,162.806,167.74,171.784,175.291,179.592,183.892,120.845,63.105,35.2621,21.9815,9.87166,0.148446,197.284,194.882,195.986,195.986
55.15049123764038,0.07327025283381343,0.9999847412109375,0.0,4,-0.0210922,4.0,16540.7,215.279,-6.54195,-12.8919,7.1017,14.8405,22.4357,35.9057,56.471,79.2586,101.031,133.031,155.349,162.028,166.839,170.811,175.544,180.182,141.136,68.1163,36.7106,22.4954,9.93236,0.145591,197.703,195.589,196.523,196.523
55.16836380958557,0.05208260037501653,0.9999847412109375,0.0,4,-0.0286873,4.0,16611.5,215.776,-6.28366,-13.0715,7.05908,14.5584,21.7593,34.1519,52.1921,71.0329,88.0009,111.279,137.217,155.458,161.633,166.25,171.508,176.523,184.233,73.5658,38.2008,23.0206,10.0029,0.144559,198.163,196.281,197.362,197.362
55.18846130371094,0.03455984436511994,0.9999847412109375,0.0,4,-0.037154,4.0,16671.3,216.272,-6.11684,-13.1687,6.997,14.226,21.0076,32.3219,48.0314,63.5442,76.7951,93.9535,111.807,138.052,154.647,160.655,166.791,172.355,180.659,80.9267,40.0853,23.6785,10.1007,0.145335,198.807,196.9,198.082,198.082
55.20849275588989,0.016398444381058218,0.9999847412109375,0.0,4,-0.0465072,4.0,16719.7,216.784,-6.24323,-13.3012,6.91621,13.8487,20.1949,30.4534,44.0518,56.7946,67.1786,79.988,92.6095,109.97,135.355,153.013,161.066,167.521,176.65,91.1114,42.4594,24.4879,10.2268,0.147904,199.471,197.396,198.662,198.662
55.227521896362305,0.005719383970079943,0.9999847412109375,0.0,4,-0.0555251,4.0,16688.3,217.367,-6.30318,-13.3459,6.82512,13.4727,19.4233,28.7754,40.6884,51.3806,59.7757,69.76,79.2188,91.6539,108.729,133.634,154.355,162.313,172.509,103.809,45.0959,25.3621,10.3686,0.152253,200.021,197.953,198.337,198.337
55.24524784088135,0.0,0.9999847412109375,0.0,4,-0.0625852,4.0,16693.9,217.938,-5.99588,-13.3485,6.73315,13.1475,18.7936,27.4865,38.2504,47.6284,54.8115,63.1561,70.869,80.735,93.8004,111.921,146.723,157.431,168.788,116.712,47.4997,26.1499,10.5072,0.158414,200.456,198.739,198.368,198.368
55.272483587265015,-0.001515822123506417,0.9999847412109375,0.0,4,-0.0676673,4.0,16726.9,218.506,-5.4365,-13.3887,6.64059,12.8676,18.2852,26.5093,36.5009,45.0376,51.4731,58.8389,65.5448,73.9821,84.9208,99.6633,131.684,153.075,165.605,128.447,49.524,26.8221,10.6399,0.166274,200.838,199.569,198.751,198.751
55.29024887084961,-0.007306621074676514,0.9999847412109375,0.0,4,-0.0712703,4.0,16769.4,219.08,-4.7473,-13.4414,6.54551,12.6156,17.8539,25.7294,35.1753,43.1414,49.0843,55.8218,61.8961,69.4596,79.1357,91.9522,118.935,149.175,162.868,138.634,51.2147,27.4028,10.7698,0.175631,201.258,200.376,199.256,199.256
55.30865001678467,-0.013526417173581816,0.9999847412109375,0.0,4,-0.0738738,4.0,16803.9,219.669,-4.0714,-13.4689,6.44625,12.3767,17.4651,25.0634,34.0951,41.6438,47.2351,53.5326,59.1732,66.1482,74.9942,86.5784,110.485,145.572,160.453,176.73,52.6657,27.9246,10.9004,0.186304,201.734,201.126,199.672,199.672
55.32708978652954,-0.015963765560388567,0.9999847412109375,0.0,4,-0.0753425,4.0,16830.2,220.274,-3.37253,-13.4979,6.3449,12.1559,17.1259,24.5193,33.2639,40.5365,45.9024,51.925,57.3002,63.9222,72.281,83.162,105.386,142.619,158.455,174.969,53.7678,28.3599,11.0274,0.198083,202.178,201.838,199.994,199.994
55.35359287261963,-0.017208981841861582,0.9999847412109375,0.0,4,-0.0756658,4.0,16824.0,220.909,-2.60415,-13.4324,6.24273,11.9545,16.8362,24.0922,32.6651,39.7874,45.0378,50.9261,56.1776,62.642,70.7937,81.3922,102.989,140.717,156.91,173.479,54.4678,28.6958,11.1484,0.210778,202.628,202.559,199.917,199.917
55.37185049057007,-0.017128329945026582,0.9999847412109375,0.0,4,-0.075167,4.0,16854.8,221.514,-1.85307,-13.3533,6.13908,11.7646,16.5778,23.7411,32.2187,39.2733,44.4808,50.328,55.5488,61.9834,70.1102,80.6966,102.345,139.726,155.695,172.183,54.8691,28.959,11.2656,0.224213,203.098,203.229,200.274,200.274
55.39069151878357,-0.0170487445195547,0.9999847412109375,0.0,4,-0.0742315,4.0,16894.6,222.111,-1.23091,-13.2722,6.03346,11.5781,16.3317,23.4235,31.8429,38.8714,44.0721,49.9251,55.1628,61.6336,69.8303,80.5486,102.612,139.171,154.646,170.986,55.113,29.1852,11.3817,0.238175,203.597,203.842,200.743,200.743
55.40857195854187,-0.013211740720011293,0.9999847412109375,0.0,4,-0.0728811,4.0,16938.4,222.701,-0.735602,-13.1931,5.92728,11.3969,16.1002,23.1416,31.5399,38.5829,43.8138,49.7197,55.0226,61.5971,69.9618,80.9633,103.834,138.943,153.75,169.881,55.2006,29.371,11.4949,0.252452,204.098,204.439,201.261,201.261
55.42641282081604,-0.007955040523186324,0.9999847412109375,0.0,4,-0.0712207,4.0,16984.1,223.288,-0.318273,-13.1199,5.82124,11.2205,15.8804,22.8873,31.2927,38.3826,43.6726,49.6704,55.0786,61.8141,70.432,81.8494,105.895,138.866,152.96,168.842,55.1701,29.5243,11.6051,0.26688,204.602,205.015,201.804,201.804
55.45254349708557,-0.002333023196104914,0.9999847412109375,0.0,4,-0.0694402,4.0,17027.7,223.874,0.0126801,-13.0478,5.71535,11.0455,15.6643,22.6422,31.0657,38.2163,43.5785,49.6869,55.2207,62.147,71.0662,82.9818,108.454,138.755,152.197,167.823,55.094,29.6627,11.7134,0.281328,205.122,205.568,202.324,202.324
55.4694242477417,-0.00031498815350234515,0.9999847412109375,0.0,4,-0.0676711,4.0,17072.1,224.456,0.260423,-12.9766,5.60962,10.8698,15.4462,22.3933,30.8333,38.0443,43.4802,49.702,55.3663,62.493,71.7317,84.1843,111.229,138.525,151.41,166.791,55.0217,29.7993,11.8208,0.295709,205.656,206.104,202.85,202.85
55.487496852874756,0.0,0.9999847412109375,0.0,4,-0.0659636,4.0,17115.4,225.036,0.434504,-12.9061,5.50438,10.6933,15.2252,22.1371,30.5871,37.853,43.3589,49.6912,55.4843,62.8117,72.3752,85.3818,114.105,138.169,150.582,165.735,54.9691,29.9377,11.9275,0.309954,206.195,206.63,203.366,203.366
55.506370306015015,0.0,0.9999847412109375,0.0,4,-0.0644768,4.0,17157.9,225.615,0.557179,-12.8547,5.39911,10.5123,14.9935,21.8561,30.2927,37.5886,43.1429,49.5586,55.454,62.9468,72.7872,86.282,116.549,137.61,149.659,164.62,54.9942,30.0951,12.0353,0.324034,206.741,207.132,203.871,203.871
55.53290772438049,0.0,0.9999847412109375,0.0,4,-0.0634607,4.0,17201.4,226.195,0.60431,-12.869,5.29263,10.3209,14.738,21.5218,29.8937,37.1625,42.714,49.1461,55.075,62.6361,72.6101,86.37,117.58,136.725,148.554,163.39,55.1882,30.2991,12.1478,0.337956,207.307,207.592,204.387,204.387
55.55143857002258,0.0,0.9999847412109375,0.0,4,-0.0630105,4.0,17245.3,226.772,0.5728,-12.8941,5.18435,10.1166,14.454,21.1237,29.369,36.5407,42.026,48.3901,54.2646,61.7678,71.6853,85.4043,116.682,135.482,147.239,162.023,55.5873,30.5616,12.2668,0.351759,207.9,208.055,204.91,204.91
55.56947636604309,-0.0018168014538288116,0.9999847412109375,0.0,4,-0.0629872,4.0,17341.7,227.306,0.4864,-13.0661,5.07471,9.90306,14.1492,20.6792,28.7524,35.7749,41.1468,47.3795,53.1332,60.4828,70.1981,83.6394,114.293,133.974,145.767,160.552,56.1427,30.8692,12.391,0.36548,208.465,208.511,206.055,206.055
55.587512254714966,-0.010519798290431499,0.9999847412109375,0.0,4,-0.0631827,4.0,17369.7,227.894,0.370184,-13.1798,4.96451,9.68513,13.8346,20.2125,28.0918,34.9402,40.1756,46.2465,51.8473,58.9966,68.4392,81.4876,111.178,132.323,144.212,159.026,56.7803,31.2004,12.5179,0.379152,209.023,209.012,206.4,206.4
55.60629677772522,-0.013758044043928386,0.9999847412109375,0.0,4,-0.0634411,4.0,17397.2,228.48,0.261715,-13.2309,4.85424,9.46629,13.518,19.7409,27.4212,34.0899,39.1837,45.0854,50.5259,57.4647,66.6184,79.2491,107.901,130.622,142.629,157.48,57.4429,31.5389,12.6455,0.392804,209.579,209.55,206.721,206.721
55.63159966468811,-0.013691925728246571,0.9999847412109375,0.0,4,-0.0637115,4.0,17430.8,229.064,0.177254,-13.3858,4.74394,9.24741,13.2012,19.2691,26.7505,33.2395,38.1917,43.9247,49.2056,55.9342,64.8003,77.0135,104.636,128.897,141.034,155.925,58.1131,31.8795,12.7734,0.406459,210.071,210.03,207.118,207.118
55.65015435218811,-0.013626373494034635,0.9999847412109375,0.0,4,-0.0639718,4.0,17467.9,229.643,0.112098,-13.5614,4.6336,9.02874,12.8851,18.7992,26.0837,32.3956,37.2084,42.7762,47.9002,54.4236,63.0095,74.8186,101.451,127.163,139.437,154.367,58.7822,32.22,12.9014,0.420133,210.592,210.541,207.558,207.558
55.66824531555176,-0.013585955277085305,0.9999847412109375,0.0,4,-0.0641082,4.0,17613.3,230.134,0.0710358,-13.8975,4.52351,8.81242,12.5744,18.3415,25.4412,31.5899,36.2761,41.6952,46.6804,53.0241,61.3685,72.8364,98.6606,125.495,137.877,152.831,59.4049,32.5472,13.0279,0.433841,211.107,211.069,209.208,209.208
55.68588995933533,-0.014766907691955567,0.9999847412109375,0.0,4,-0.0638636,4.0,17664.5,230.698,0.0499664,-14.2739,4.41503,8.60426,12.2809,17.921,24.8709,30.8954,35.4908,40.8084,45.7043,51.9392,60.1493,71.4487,96.9609,124.076,136.451,151.378,59.8725,32.8288,13.1487,0.447538,211.553,211.594,209.917,209.917
55.71134281158447,-0.013585955277085305,0.9999847412109375,0.0,4,-0.0630367,4.0,17658.7,231.308,0.122324,-14.4911,4.30902,8.40821,12.0127,17.5551,24.4061,30.3644,34.9212,40.2077,45.0871,51.3188,59.5545,70.9454,96.9077,123.043,135.23,150.054,60.0983,33.039,13.2603,0.461196,212.043,212.221,209.846,209.846
55.73042416572571,-0.013585955277085305,0.9999847412109375,0.0,4,-0.0618327,4.0,17670.2,231.901,0.25722,-14.6569,4.20489,8.22008,11.7607,17.2234,24.0074,29.9358,34.4879,39.7884,44.6996,50.9983,59.3686,71.0325,98.0007,122.237,134.136,148.811,60.1656,33.2008,13.3653,0.474774,212.535,212.81,209.975,209.975
55.74768304824829,-0.013585955277085305,0.9999847412109375,0.0,4,-0.0605519,4.0,17689.6,232.486,0.381247,-14.8087,4.10175,8.03418,11.5122,16.8983,23.6205,29.5258,34.0795,39.4037,44.3577,50.7408,59.2751,71.2672,99.4477,121.449,133.058,147.578,60.1963,33.3494,13.4678,0.488237,213.052,213.351,210.202,210.202
55.765077352523804,-0.013585955277085305,0.9999847412109375,0.0,4,-0.0592693,4.0,17735.6,233.049,0.469636,-14.9119,3.9995,7.84934,11.2647,16.5733,23.2328,29.1142,33.6696,39.0181,44.0164,50.4879,59.1956,71.5395,101.055,120.634,131.971,146.339,60.2204,33.4934,13.5687,0.501562,213.596,213.899,210.666,210.666
55.791321992874146,-0.013585955277085305,0.9999847412109375,0.0,4,-0.0578712,4.0,17804.1,233.586,0.558758,-15.0898,3.89887,7.66836,11.0236,16.2602,22.8664,28.7353,33.3039,38.6926,43.7536,50.3426,59.2727,72.0608,103.264,119.857,130.913,145.118,60.1916,33.6184,13.666,0.514707,214.093,214.419,211.56,211.56
55.8087522983551,-0.013585955277085305,0.9999847412109375,0.0,4,-0.0564154,4.0,17829.3,234.159,0.640471,-15.19,3.79985,7.49048,10.787,15.9542,22.5121,28.3747,32.9627,38.402,43.5377,50.2634,59.4521,72.7588,105.982,119.085,129.865,143.904,60.1327,33.7307,13.7603,0.527646,214.613,214.955,211.859,211.859
55.826348543167114,-0.011371681466698647,0.9999847412109375,0.0,4,-0.0549825,4.0,17857.2,234.728,0.692495,-15.2401,3.70237,7.31464,10.5524,15.6494,22.1568,28.0115,32.6178,38.1069,43.3181,50.1847,59.6437,73.5045,107.292,118.274,128.798,142.678,60.0746,33.8396,13.8525,0.540352,215.143,215.482,212.19,212.19
55.85167407989502,-0.006697177886962891,0.9999847412109375,0.0,4,-0.0535649,4.0,17885.8,235.291,0.716939,-15.2113,3.60656,7.14116,10.3203,15.3465,21.8023,27.6481,32.2723,37.8123,43.1012,50.1147,59.8596,74.3163,107.485,117.43,127.716,141.442,60.0144,33.944,13.9426,0.552816,215.678,216.021,212.529,212.529
55.868552923202515,-0.0022197071462869643,0.9999847412109375,0.0,4,-0.0521382,4.0,17916.6,235.851,0.730413,-15.1348,3.51258,6.97069,10.092,15.0483,21.4537,27.2923,31.9372,37.5325,42.9057,50.0788,60.1373,75.259,107.363,116.569,126.628,140.201,59.9424,34.0408,14.0299,0.565028,216.195,216.543,212.894,212.894
55.885852575302124,-0.0010389462113380432,0.9999847412109375,0.0,4,-0.0507548,4.0,17938.7,236.415,0.728769,-15.026,3.42049,6.80278,9.86611,14.7514,21.1034,26.9315,31.5942,37.2418,42.6977,50.0313,60.4115,76.2338,107.019,115.668,125.517,138.944,59.8772,34.1359,14.1152,0.57696,216.709,217.05,213.168,213.168
55.911444664001465,-0.0007437799125909806,0.9999847412109375,0.0,4,-0.0494493,4.0,17971.1,236.969,0.706672,-14.8817,3.3301,6.63675,9.64137,14.4527,20.7451,26.5552,31.2289,36.9208,42.4514,49.9352,60.628,77.1555,106.497,114.713,124.374,137.664,59.8319,34.2334,14.1991,0.588625,217.231,217.554,213.537,213.537
55.92801117897034,-0.0004978239536285401,0.9999847412109375,0.0,4,-0.0483177,4.0,18014.1,237.513,0.682614,-14.7585,3.24119,6.47122,9.41455,14.1448,20.3628,26.1364,30.8036,36.5149,42.0934,49.6883,60.6327,77.7679,105.766,113.665,123.169,136.342,59.8416,34.3449,14.2831,0.600018,217.753,218.036,214.044,214.044
55.944873571395874,-0.0004978239536285401,0.9999847412109375,0.0,4,-0.0474981,4.0,18062.9,238.051,0.639405,-14.6763,3.15311,6.30361,9.18043,13.8159,19.9324,25.6351,30.2616,35.9432,41.5149,49.1348,60.1864,77.6599,104.76,112.468,121.863,134.947,59.9566,34.4874,14.3698,0.611178,218.284,218.496,214.62,214.62
55.96976947784424,-0.0004978239536285401,0.9999847412109375,0.0,4,-0.0470913,4.0,18113.2,238.585,0.567275,-14.6234,3.06513,6.13172,8.9348,13.4574,19.4361,25.0219,29.5618,35.1474,40.6353,48.1583,59.1052,76.5005,103.435,111.084,120.426,133.46,60.2157,34.6743,14.4613,0.622167,218.827,218.947,215.221,215.221
55.986910820007324,-0.0004978239536285401,0.9999847412109375,0.0,4,-0.0470093,4.0,18159.5,239.123,0.455128,-14.6051,2.97721,5.95662,8.68058,13.0767,18.8904,24.3243,28.7424,34.18,39.5247,46.8549,57.5284,74.5066,101.863,109.554,118.887,131.9,60.5885,34.8967,14.5569,0.633033,219.356,219.401,215.773,215.773
56.011855602264404,-0.0004978239536285401,0.9999847412109375,0.0,4,-0.047067,4.0,18190.1,239.671,0.338363,-14.5759,2.88958,5.78075,8.42367,12.6882,18.3263,23.5947,27.8769,33.1461,38.3237,45.4225,55.7541,72.1765,100.176,107.956,117.3,130.304,61.01,35.1341,14.6539,0.643815,219.87,219.879,216.141,216.141
56.02742385864258,-0.0004978239536285401,0.9999847412109375,0.0,4,-0.0471895,4.0,18232.3,240.207,0.243795,-14.5537,2.8022,5.60485,8.16605,12.2971,17.7556,22.853,26.9939,32.0865,37.0877,43.9396,53.902,69.7135,98.421,106.324,115.689,128.689,61.4543,35.3783,14.7516,0.654547,220.375,220.367,216.638,216.638
56.05312514305115,-0.0007437799125909806,0.9999847412109375,0.0,4,-0.0473483,4.0,18275.4,240.742,0.164365,-14.5512,2.71499,5.42903,7.90826,11.905,17.1823,22.1063,26.1038,31.0163,35.8369,42.4355,52.0173,67.1948,96.614,104.669,114.061,127.059,61.9121,35.6265,14.8496,0.66525,220.871,220.852,217.151,217.151
56.06921315193176,-0.0010389462113380432,0.9999847412109375,0.0,4,-0.0475047,4.0,18317.0,241.276,0.103869,-14.5625,2.62782,5.25341,7.65088,11.5139,16.6109,21.363,25.2182,29.9526,34.5949,40.9438,50.1514,64.7083,94.7788,103.006,112.427,125.424,62.3696,35.8747,14.9476,0.675951,221.361,221.341,217.646,217.646
56.0850670337677,-0.0013833228498697282,0.9999847412109375,0.0,4,-0.0476459,4.0,18357.2,241.809,0.060333,-14.5836,2.54066,5.07802,7.3941,11.1243,16.0429,20.6253,24.3406,28.9001,33.3681,39.4736,48.3184,62.2787,92.9211,101.342,110.791,123.786,62.8222,36.1213,15.0454,0.686659,221.848,221.831,218.125,218.125
56.110739946365356,-0.0013833228498697282,0.9999847412109375,0.0,4,-0.047767,4.0,18397.2,242.341,0.0303539,-14.6063,2.45338,4.90262,7.13758,10.7357,15.4775,19.8926,23.4703,27.8586,32.1563,38.0251,46.5189,59.9055,91.0387,99.677,109.154,122.145,63.2688,36.3662,15.1432,0.697391,222.336,222.323,218.596,218.596
56.127769470214844,-0.0013833228498697282,0.9999847412109375,0.0,4,-0.047869,4.0,18437.8,242.871,0.0105708,-14.6335,2.36601,4.72725,6.88136,10.3482,14.9148,19.1646,22.6067,26.8269,30.9579,36.5963,44.7496,57.5828,89.1224,98.0108,107.516,120.501,63.7095,36.6094,15.2408,0.70814,222.823,222.813,219.084,219.084
56.1514356136322,-0.0013833228498697282,0.9999847412109375,0.0,4,-0.0479167,4.0,18475.4,243.401,-0.00277139,-14.6517,2.2785,4.55207,6.62594,9.96313,14.358,18.4471,21.7581,25.8172,29.7893,35.2092,43.0439,55.3687,87.2023,96.3597,105.887,118.861,64.1303,36.8465,15.3378,0.718922,223.305,223.308,219.531,219.531
56.16776919364929,-0.0013833228498697282,0.9999847412109375,0.0,5,-0.0479062,4.0,18512.4,243.929,-0.00156777,-14.6615,2.1909,4.37714,6.3714,9.58059,13.8071,17.7396,20.9243,24.8284,28.6491,33.8627,41.3998,53.2579,85.2768,94.725,104.268,117.226,64.5296,37.0768,15.4341,0.729731,223.786,223.801,219.972,219.972
56.191373348236084,-0.0022197071462869643,0.9999847412109375,0.0,5,-0.0478714,4.0,18549.4,244.457,0.00402581,-14.694,2.10321,4.20217,6.11698,9.19868,13.2579,17.0355,20.0951,23.8465,27.5184,32.5299,39.7767,51.183,83.289,93.0914,102.649,115.589,64.9194,37.3044,15.5301,0.740557,224.26,224.28,220.411,220.411
56.208879470825195,-0.005171848833560944,0.9999847412109375,0.0,5,-0.0478261,4.0,18587.2,244.982,0.00963018,-14.7374,2.0154,4.02703,5.86238,8.8166,12.7088,16.3317,19.2666,22.8657,26.3896,31.2001,38.1588,49.1174,81.1668,91.4518,101.026,113.947,65.3058,37.5309,15.626,0.751399,224.74,224.761,220.859,220.859
56.2248637676239,-0.006697177886962891,0.9999847412109375,0.0,5,-0.0477741,4.0,18646.5,245.489,0.0148117,-14.8231,1.92744,3.85159,5.60737,8.43398,12.1589,15.6271,18.4373,21.8843,25.2598,29.8694,36.5401,47.0527,78.7186,89.8048,99.3963,112.299,65.6897,37.757,15.722,0.76226,225.219,225.239,221.555,221.555
56.248594522476196,-0.006697177886962891,0.9999847412109375,0.0,5,-0.0477293,4.0,18681.8,246.013,0.0165597,-14.9152,1.8393,3.67572,5.35163,8.05004,11.6068,14.9191,17.6035,20.897,24.1228,28.529,34.9078,44.9648,75.3783,88.142,97.7564,110.641,66.0773,37.9843,15.8183,0.773141,225.694,225.713,221.987,221.987
56.264809370040894,-0.006697177886962891,0.9999847412109375,0.0,5,-0.0476649,5.0,16739.9,246.054,0.0197905,-14.9674,1.75122,3.50005,5.09629,7.66697,11.0563,14.2138,16.7734,19.9147,22.9924,27.1978,33.289,42.9001,72.0209,86.4782,96.1155,108.981,66.4562,38.2088,15.9142,0.784018,226.046,226.066,217.106,217.146
56.288968086242676,-0.006697177886962891,0.9999847412109375,0.0,5,-0.0475119,5.0,16705.1,245.689,0.0304529,-14.9905,1.6634,3.32536,4.84289,7.288,10.5141,13.5218,15.9617,18.9578,21.8958,25.9136,31.7401,40.9507,68.9849,84.8497,94.4978,107.337,66.7982,38.4213,16.0084,0.794877,225.841,225.87,216.691,216.732
56.3048038482666,-0.006697177886962891,0.9999847412109375,0.0,5,-0.0471762,5.0,16325.5,245.31,0.0499874,-15.0575,1.57633,3.15299,4.59386,6.91796,9.98915,12.8573,15.1875,18.0532,20.8678,24.7242,30.3319,39.2334,66.6071,83.305,92.933,105.728,67.0622,38.608,16.0988,0.805673,225.501,225.573,215.857,216.104
56.32844161987305,-0.006697177886962891,0.9999847412109375,0.0,5,-0.0465835,5.0,16691.0,245.42,0.0996992,-15.1015,1.49014,2.98341,4.35015,6.5589,9.48567,12.2273,14.4605,17.2146,19.9271,23.6566,29.1063,37.822,65.1379,81.8794,91.4414,104.17,67.217,38.7587,16.1838,0.816398,225.269,225.401,220.716,220.716
56.34502625465393,-0.006697177886962891,0.9999847412109375,0.0,5,-0.0458525,5.0,16756.5,245.817,0.174196,-15.2863,1.40463,2.81554,4.10928,6.20506,8.99165,11.6119,13.7533,16.403,19.0224,22.6394,27.9575,36.5448,64.131,80.5101,89.983,102.634,67.3117,38.889,16.2657,0.827049,225.518,225.683,221.635,221.635
56.369038105010986,-0.006697177886962891,0.9999847412109375,0.0,5,-0.0450853,5.0,16768.2,246.263,0.237826,-15.4024,1.31981,2.64879,3.86981,5.85275,8.49889,10.9971,13.0461,15.5904,18.1156,21.6189,26.8045,35.2665,63.2131,79.1469,88.5269,101.097,67.3874,39.0118,16.3459,0.837606,225.897,226.075,221.792,221.792
56.39273524284363,-0.006697177886962891,0.9999847412109375,0.0,5,-0.0443276,5.0,16785.4,246.7,0.282491,-15.479,1.23566,2.48294,3.63113,5.50044,8.00402,10.3771,12.3305,14.7648,17.1906,20.5719,25.6115,33.925,62.1986,77.7675,87.0594,99.5496,67.4631,39.1333,16.4254,0.848066,226.298,226.477,222.018,222.018
56.40790915489197,-0.006697177886962891,0.9999847412109375,0.0,5,-0.0436104,5.0,16804.8,247.136,0.309982,-15.5719,1.15237,2.31827,3.39354,5.1483,7.50658,9.75058,11.6041,13.922,16.2407,19.4878,24.3601,32.4842,60.9503,76.3592,85.5719,97.9867,67.5747,39.2568,16.5043,0.8584,226.688,226.859,222.271,222.271
56.431803703308105,-0.006697177886962891,0.9999847412109375,0.0,5,-0.0429614,5.0,16827.5,247.568,0.317185,-15.6681,1.06998,2.15479,3.15696,4.79597,7.00566,9.11571,10.8641,13.0576,15.2596,18.3567,23.0333,30.9105,59.3204,74.9098,84.0568,96.4023,68.0088,39.3861,16.5831,0.868602,227.086,227.242,222.57,222.57
56.448020696640015,-0.007533657923340798,0.9999847412109375,0.0,5,-0.0423363,5.0,16880.7,247.967,0.318029,-15.7972,0.988457,1.99264,2.92184,4.44469,6.50407,8.47738,10.1175,12.1816,14.2612,17.1984,21.6615,29.2558,57.4702,73.4393,82.5267,94.8052,69.2611,39.5154,16.6613,0.878683,227.477,227.636,223.259,223.259
56.471054553985596,-0.009354249015450478,0.9999847412109375,0.0,5,-0.0416997,5.0,16903.1,248.393,0.322457,-15.914,0.907931,1.83221,2.68889,4.09592,6.00465,7.84011,9.37051,11.3028,13.2567,16.029,20.269,27.5617,55.5491,71.9644,80.992,93.2027,108.068,39.6399,16.7379,0.888632,227.854,228.019,223.59,223.59
56.488006591796875,-0.010338360071182252,0.9999847412109375,0.0,5,-0.0410712,5.0,16926.7,248.814,0.319352,-15.9634,0.828323,1.67328,2.45773,3.74888,5.5059,7.2015,8.61973,10.4164,12.2399,14.8386,18.84,25.7991,53.4433,70.4754,79.4466,91.5903,106.413,39.7623,16.8135,0.898455,228.248,228.418,223.877,223.877
56.511159896850586,-0.011371681466698647,0.9999847412109375,0.0,5,-0.04049,5.0,16942.9,249.237,0.307175,-15.951,0.749576,1.51565,2.22795,3.40267,5.00593,6.55824,7.86058,9.51552,11.201,13.6133,17.3515,23.9226,50.9334,68.9536,77.8791,89.96,104.741,39.8879,16.8887,0.908158,228.638,228.797,224.146,224.146
56.527419328689575,-0.013585955277085305,0.9999847412109375,0.0,5,-0.0399235,5.0,16983.0,249.646,0.294746,-15.9854,0.671851,1.35975,2.00032,3.0588,4.50756,5.91487,7.09904,8.60845,10.151,12.3683,15.8264,21.971,48.1491,67.4147,76.2989,88.3184,103.058,40.0123,16.963,0.917724,229.027,229.175,224.536,224.536
56.550776958465576,-0.014766907691955567,0.9999847412109375,0.0,5,-0.0393351,5.0,16989.5,250.066,0.269121,-15.8588,0.595162,1.20571,1.77513,2.71796,4.0123,5.27391,6.3388,7.70057,9.09738,11.1142,14.2815,19.9755,45.2253,65.8743,74.7159,86.6725,101.369,40.1304,17.0356,0.927155,229.414,229.588,224.805,224.805
56.56617069244385,-0.01998282074928284,0.9999847412109375,0.0,5,-0.0386913,5.0,17050.7,250.451,0.266826,-15.953,0.519536,1.05362,1.55258,2.38059,3.52108,4.63695,5.58208,6.79502,8.04433,9.85745,12.727,17.9554,42.2707,64.3467,73.1392,85.0287,99.6796,40.2379,17.1058,0.93645,229.779,229.96,225.48,225.48
56.58907437324524,-0.025986099243164064,0.9999847412109375,0.0,5,-0.0379322,5.0,17057.5,250.881,0.272217,-15.9265,0.445089,0.903772,1.33317,2.04761,3.03555,4.00657,4.83238,5.89688,6.99873,8.60779,11.1787,15.941,39.5131,62.8579,71.5844,83.3982,97.9968,40.3264,17.1725,0.945594,230.152,230.309,225.583,225.583
56.60504341125488,-0.04035475254058838,0.9999847412109375,0.0,5,-0.0370858,5.0,17064.5,251.307,0.279594,-15.8718,0.371897,0.756213,1.1168,1.71856,2.55438,3.38008,4.08566,4.99964,5.95112,7.35058,9.61173,13.8832,36.755,61.3946,70.0436,81.7752,96.317,40.3995,17.236,0.954577,230.504,230.728,225.679,225.679
56.62863349914551,-0.048720127344131475,0.9999847412109375,0.0,5,-0.0360807,5.0,17115.9,251.691,0.320156,-16.0629,0.300078,0.611198,0.903903,1.39411,2.07864,2.75907,3.34384,4.10597,4.90495,6.09056,8.03285,11.7953,34.2757,59.9866,68.5351,80.173,94.6503,40.4475,17.295,0.963383,230.846,231.063,226.423,226.423
56.65174627304077,-0.05787286758422852,0.9999847412109375,0.0,5,-0.0348094,5.0,17123.7,252.103,0.360962,-15.9138,0.229926,0.469308,0.695299,1.0755,1.61007,2.1457,2.60947,3.21872,3.86336,4.83134,6.44721,9.68821,32.7209,58.6777,67.0865,78.6115,93.012,40.4557,17.347,0.971976,231.209,231.536,226.648,226.648
56.66702437400818,-0.06028407849371434,0.9999847412109375,0.0,5,-0.0333026,5.0,17219.2,252.45,0.437684,-16.1237,0.161691,0.330866,0.491237,0.762519,1.14712,1.53625,1.87626,2.32734,2.81018,3.54621,4.80502,7.4502,32.5068,57.4488,65.6879,77.0844,91.3977,40.4278,17.3923,0.980321,231.539,231.919,227.711,227.711
56.690603256225586,-0.06028407849371434,0.9999847412109375,0.0,5,-0.0312527,5.0,17177.0,252.922,0.535152,-16.0741,0.0959422,0.197006,0.293353,0.457571,0.693086,0.934666,1.14852,1.43629,1.74958,2.23787,3.10458,5.06761,44.2032,56.4154,64.4168,75.6484,89.8511,40.3228,17.4247,0.988345,231.861,232.287,227.172,227.172
56.70675492286682,-0.06274449974298478,0.9999847412109375,0.0,5,-0.0282758,5.0,17192.6,253.324,0.676298,-16.0338,0.033513,0.0691649,0.103438,0.162513,0.248722,0.339022,0.420585,0.532841,0.658427,0.861551,1.24605,2.25069,48.5756,55.696,63.3629,74.3725,88.4271,40.0917,17.436,0.99594,232.087,232.801,227.458,227.458
56.72903275489807,-0.06781297326087952,0.9999847412109375,0.0,5,-0.0241006,5.0,17270.1,253.669,0.992104,-16.0996,-1.0,-1.0,-1.0,-1.0,-1.0,-1.0,-1.0,-1.0,-1.0,-1.0,-1.0,-1.0,-1.0,-1.0,-1.0,-1.0,-1.0,-1.0,-1.0,1.00292,232.331,233.287,228.351,228.351
56.75141882896423,-0.07854044437408447,0.9999847412109375,0.0,5,-0.0192574,5.0,17239.9,254.107,1.29545,-16.0609,-1.0,-1.0,-1.0,-1.0,-1.0,-1.0,-1.0,-1.0,-1.0,-1.0,-1.0,-1.0,-1.0,-1.0,-1.0,-1.0,-1.0,-1.0,-1.0,1.0092,232.585,233.731,228.045,228.045
56.766173124313354,-0.08134533800184728,0.9999847412109375,0.0,5,-0.0135277,5.0,17276.6,254.479,1.71574,-16.0001,-1.0,-1.0,-1.0,-1.0,-1.0,-1.0,-1.0,-1.0,-1.0,-1.0,-1.0,-1.0,-1.0,-1.0,-1.0,-1.0,-1.0,-1.0,-1.0,1.01453,232.833,234.129,228.472,228.472
56.78911995887756,-0.08419944196939469,0.9999847412109375,0.0,5,-0.00776226,5.0,17358.0,254.796,2.10445,-16.212,-1.0,-1.0,-1.0,-1.0,-1.0,-1.0,-1.0,-1.0,-1.0,-1.0,-1.0,-1.0,-1.0,-1.0,-1.0,-1.0,-1.0,-1.0,-1.0,1.01892,233.125,234.501,229.645,229.645
56.81095218658447,-0.09005528092384339,0.9999847412109375,0.0,5,-0.00188047,5.0,17335.0,255.221,2.36674,-16.1085,-1.0,-1.0,-1.0,-1.0,-1.0,-1.0,-1.0,-1.0,-1.0,-1.0,-1.0,-1.0,-1.0,-1.0,-1.0,-1.0,-1.0,-1.0,-1.0,1.0222,233.467,234.809,229.262,229.262
56.82611274719238,-0.11544705033302308,0.9999847412109375,0.0,5,0.0041973,5.0,17392.5,255.551,2.71493,-16.3365,-1.0,-1.0,-1.0,-1.0,-1.0,-1.0,-1.0,-1.0,-1.0,-1.0,-1.0,-1.0,-1.0,-1.0,-1.0,-1.0,-1.0,-1.0,-1.0,1.02434,233.726,235.093,230.244,230.244
56.84838128089905,-0.1477773819118738,0.9999847412109375,0.0,5,0.0109221,5.0,17395.4,255.931,2.7555,-16.0829,-1.0,-1.0,-1.0,-1.0,-1.0,-1.0,-1.0,-1.0,-1.0,-1.0,-1.0,-1.0,-1.0,-1.0,-1.0,-1.0,-1.0,-1.0,-1.0,1.02517,234.008,235.602,230.015,230.015
56.86983895301819,-0.1927053689956665,0.9999847412109375,0.0,5,0.0181901,5.0,17415.4,256.289,3.11214,-16.1203,-1.0,-1.0,-1.0,-1.0,-1.0,-1.0,-1.0,-1.0,-1.0,-1.0,-1.0,-1.0,-1.0,-1.0,-1.0,-1.0,-1.0,-1.0,-1.0,1.02454,234.257,235.892,230.337,230.337
56.891358375549316,-0.24358780719339848,0.9999847412109375,0.0,5,0.0257055,5.0,17474.4,256.588,3.44949,-16.2061,-1.0,-1.0,-1.0,-1.0,-1.0,-1.0,-1.0,-1.0,-1.0,-1.0,-1.0,-1.0,-1.0,-1.0,-1.0,-1.0,-1.0,-1.0,-1.0,1.02249,234.488,236.259,231.341,231.341
56.9064724445343,-0.26356682218611244,0.9999847412109375,0.0,5,0.0332257,5.0,17458.6,256.984,3.63572,-16.1289,-1.0,-1.0,-1.0,-1.0,-1.0,-1.0,-1.0,-1.0,-1.0,-1.0,-1.0,-1.0,-1.0,-1.0,-1.0,-1.0,-1.0,-1.0,-1.0,1.01884,234.791,236.534,230.87,230.87
56.92909121513367,-0.2738515917211771,0.9999847412109375,0.0,5,0.0412542,5.0,17566.2,257.234,3.92142,-16.4237,-1.0,-1.0,-1.0,-1.0,-1.0,-1.0,-1.0,-1.0,-1.0,-1.0,-1.0,-1.0,-1.0,-1.0,-1.0,-1.0,-1.0,-1.0,-1.0,1.01355,234.951,236.769,232.285,232.285
56.94984436035156,-0.2790677919983864,0.9999847412109375,0.0,5,0.0506055,5.0,17511.8,257.612,4.12845,-16.28,-1.0,-1.0,-1.0,-1.0,-1.0,-1.0,-1.0,-1.0,-1.0,-1.0,-1.0,-1.0,-1.0,-1.0,-1.0,-1.0,-1.0,-1.0,-1.0,1.00651,234.984,237.096,231.642,231.642
56.96505284309387,-0.32256896644830707,0.7019500732421875,0.0,5,0.0621764,5.0,17543.0,257.872,4.71734,-16.1908,0.0244585,0.0608093,0.110315,0.269957,2.11957,35.991,39.4901,42.1417,43.893,45.5576,47.1524,48.6896,50.7616,53.0347,57.0788,64.5366,75.6478,31.3638,15.9853,0.997302,234.831,237.366,232.099,232.099
56.98583769798279,-0.3339363634586334,0.4666595458984375,0.0,5,0.0737616,5.0,17584.3,258.115,5.28992,-16.2421,0.129746,0.332286,0.626442,1.75096,30.3538,37.6565,40.6035,42.9604,44.5548,46.0898,47.5753,49.0184,50.9777,53.1419,57.0227,64.247,75.112,30.3893,15.734,0.985878,234.683,237.361,232.524,232.524
57.00906252861023,-0.3632160369306803,0.0274505615234375,0.0,5,0.0872542,5.0,17638.3,258.29,6.22181,-16.433,0.259809,0.69029,1.37022,4.78365,33.5808,39.1721,41.7615,43.896,45.3619,46.7871,48.1769,49.5356,51.3908,53.4523,57.1744,64.1642,74.7715,29.2998,15.447,0.972166,234.494,237.476,233.325,233.325
57.031105041503906,-0.36921960264444353,0.0,0.11329080867841183,5,0.10083,5.0,17627.1,258.513,6.91767,-16.3055,0.417735,1.15481,2.43689,12.3773,35.5033,40.3207,42.6718,44.6427,46.0101,47.3484,48.6603,49.9482,51.715,53.6879,57.2689,64.0443,74.4097,28.2487,15.149,0.955975,234.419,237.564,233.148,233.148
57.04614210128784,-0.3813743650913239,0.0,0.20982950060068103,5,0.114611,5.0,17692.3,258.641,7.71525,-16.3929,0.606728,1.7517,3.98308,25.7707,36.9155,41.2476,43.4214,45.2646,46.5523,47.8183,49.0641,50.2916,51.9818,53.8757,57.3296,63.9066,74.0425,27.2233,14.8377,0.937143,234.407,237.635,233.977,233.977
57.06817555427551,-0.387525561824441,0.0,0.24081271758288036,5,0.128502,5.0,17517.4,258.657,8.38415,-16.3802,0.827996,2.50661,6.25396,28.855,38.0095,41.996,44.0318,45.7714,46.9924,48.1971,49.3865,50.5617,52.1842,54.0078,57.3467,63.7403,73.6592,26.2308,14.5151,0.915729,234.153,237.478,231.728,231.728
57.091219425201416,-0.387525561824441,0.0,0.27057608717177567,5,0.141967,5.0,17375.1,258.363,8.74007,-16.3742,1.08513,3.45345,9.65582,30.6809,38.8127,42.5372,44.4618,46.1151,47.2801,48.4328,49.5737,50.7031,52.2659,54.0272,57.2625,63.489,73.2066,25.2996,14.1855,0.891497,233.899,237.181,229.856,229.856
57.105772256851196,-0.3937259688973427,0.0,0.2766898178383599,5,0.155167,5.0,17117.7,257.694,8.8724,-16.2518,1.38097,4.63649,15.003,31.9734,39.4192,42.9333,44.764,46.3437,47.4602,48.5672,49.6648,50.7534,52.263,53.968,57.1084,63.1803,72.7087,24.4128,13.8461,0.864359,233.415,236.614,224.81,228.156
57.1278076171875,-0.3937259688973427,0.0,0.27400350892730785,5,0.169573,5.0,16977.2,256.677,9.20449,-16.1173,1.72071,6.16083,20.1781,33.1372,40.0601,43.3935,45.1416,46.6554,47.7276,48.7925,49.8503,50.9011,52.3608,54.0123,57.062,62.9835,72.3218,23.4843,13.4829,0.834344,229.66,233.133,222.677,226.542
57.149359703063965,-0.3937259688973427,0.0,0.24445411090573543,5,0.186017,5.0,16843.4,255.362,9.81267,-15.8773,2.11324,8.21708,22.9496,34.3365,40.8406,44.0169,45.6911,47.1444,48.1759,49.2021,50.2229,51.2382,52.6502,54.2505,57.2125,62.9853,72.1285,22.4776,13.0896,0.801309,224.54,228.752,220.581,225.156
57.17039442062378,-0.3937259688973427,0.0,0.1558059168410182,5,0.203742,5.0,16728.5,253.844,10.7288,-15.6348,2.56349,11.0444,25.0605,35.493,41.6588,44.7,46.3087,47.7083,48.7035,49.6945,50.6813,51.6637,53.0317,54.5845,57.4643,63.0942,72.0447,21.4486,12.6761,0.765266,220.42,225.277,218.895,223.787
57.19145655632019,-0.3937259688973427,0.0,0.0666656494140625,5,0.221203,5.0,16600.1,252.221,11.5405,-15.3772,3.07229,14.2304,26.6953,36.4568,42.344,45.2686,46.8204,48.1729,49.1354,50.0949,51.0513,52.0043,53.3328,54.8427,57.6477,63.1454,71.9158,20.476,12.2567,0.726189,216.758,221.936,217.295,222.028
57.204705476760864,-0.3937259688973427,0.0,0.0,5,0.238368,5.0,16468.3,250.55,12.38,-15.2421,3.64277,16.4992,28.0145,37.2595,42.9107,45.7334,47.2348,48.5448,49.4782,50.4094,51.3383,52.2648,53.5575,55.0282,57.7648,63.14,31.5195,19.5564,11.8318,0.6842,213.697,219.113,215.571,220.27
57.2309787273407,-0.3937259688973427,0.0,0.0,5,0.255582,5.0,16339.8,248.829,13.2461,-15.1551,4.28053,18.2712,29.1348,37.9621,43.4086,46.141,47.5966,48.8684,49.7754,50.681,51.585,52.4873,53.7473,55.182,57.8548,63.1151,28.5564,18.6727,11.3996,0.639455,211.302,217.126,213.85,218.591
57.249391078948975,-0.3813743650913239,0.0,0.0,5,0.274417,5.0,16225.4,247.049,14.3106,-15.0062,5.00668,19.8529,30.2513,38.7389,44.0073,46.6582,48.0726,49.3096,50.1924,51.0745,51.9555,52.8354,54.0647,55.4657,58.0773,63.2264,26.1572,17.7652,10.9503,0.591928,210.623,216.45,212.165,217.246
57.26944041252136,-0.3169590834528208,0.0,0.0,5,0.294795,5.0,16159.5,245.378,15.7179,-14.8663,5.83757,21.3197,31.3726,39.5794,44.6924,47.2706,48.6479,49.8534,50.7143,51.5748,52.4347,53.2937,54.4945,55.8633,58.4174,63.4591,24.0477,16.8465,10.4865,0.541597,211.426,217.361,210.999,216.613
57.287269830703735,-0.3058869484812021,0.0,0.0,4,0.314401,5.0,16126.0,243.906,16.7204,-14.5776,6.71762,22.5587,32.3087,40.2671,45.2396,47.752,49.0957,50.2725,51.1133,51.954,52.7944,53.6342,54.8084,56.1477,58.6485,63.5908,22.3536,15.9941,10.0214,0.488282,213.235,218.982,210.669,216.045
57.30699038505554,-0.30042469650506975,0.0,0.0,4,0.332005,5.0,16083.4,242.692,17.2899,-14.3677,7.52715,23.5255,32.9802,40.705,45.5463,47.9977,49.3101,50.4603,51.2824,52.1046,52.9267,53.7486,54.8984,56.2105,58.662,63.5136,21.0218,15.2336,9.57229,0.431899,215.275,220.571,210.312,215.266
57.326114654541016,-0.30042469650506975,0.0,0.0,4,0.347554,5.0,16011.6,241.651,17.5209,-14.2863,8.25868,24.2472,33.4077,40.9072,45.6238,48.0174,49.3002,50.425,51.2293,52.0341,52.8391,53.6443,54.7712,56.0577,58.4634,63.2316,19.9493,14.5547,9.14377,0.372549,215.905,220.646,209.578,214.104
57.349873542785645,-0.30042469650506975,0.0,0.0,4,0.362508,5.0,15942.8,240.638,17.3761,-14.0852,8.93291,24.8455,33.7301,41.0186,45.6179,47.9568,49.2114,50.312,51.0994,51.8877,52.6765,53.4657,54.5706,55.8328,58.1951,62.884,18.9741,13.91,8.7281,0.310276,215.953,220.153,208.784,213.072
57.36795258522034,-0.32822805978357794,0.0,0.0,4,0.364233,5.0,15874.3,239.635,17.6129,-13.9098,9.58484,25.466,34.1196,41.2221,45.7151,48.0034,49.2315,50.3095,51.0811,51.8538,52.6272,53.4011,54.4851,55.724,58.0443,62.6553,17.945,13.245,8.31524,0.246083,215.901,219.959,207.778,212.268
57.38518762588501,-0.3813743650913239,0.0,0.0,4,0.358211,4.0,17587.6,238.738,17.5644,-13.5547,10.1852,25.9743,34.404,41.3286,45.72,47.9594,49.1623,50.2188,50.9752,51.7328,52.4914,53.2508,54.3148,55.5315,57.8115,62.3485,17.012,12.6163,7.91515,0.183257,215.539,219.427,208.71,212.521
57.40806794166565,-0.39997558631002905,0.0,0.0,4,0.347519,4.0,17510.7,238.051,16.4208,-13.1398,10.6769,26.1555,34.3129,41.0394,45.322,47.5105,48.6875,49.7219,50.4629,51.2054,51.9492,52.6941,53.7384,54.9334,57.1748,61.6432,16.3668,12.1029,7.54161,0.121801,215.262,218.535,208.829,211.46
57.42501425743103,-0.39997558631002905,0.0,0.0,4,0.332431,4.0,17520.1,237.433,14.4936,-12.8591,11.0634,26.0548,33.8973,40.4046,44.5695,46.7041,47.8537,48.8649,49.5898,50.3167,51.0452,51.7753,52.7997,53.9727,56.1757,60.5782,15.9711,11.6912,7.19314,0.0618757,215.105,217.525,207.248,209.364
57.446080923080444,-0.39997558631002905,0.0,0.0,4,0.316407,4.0,17429.4,236.659,12.5392,-12.7008,11.4009,25.8911,33.4248,39.7148,43.7616,45.8418,46.9639,47.9518,48.6605,49.3715,50.0847,50.7999,51.804,52.9548,55.119,59.4548,15.6341,11.3041,6.85669,0.00374285,214.856,216.701,206.121,208.205
57.46768021583557,-0.39997558631002905,0.0,0.0,4,0.301245,4.0,17372.4,235.858,11.0863,-12.6583,11.7199,25.7683,33.0238,39.1121,43.0469,45.075,46.1704,47.1356,47.8285,48.5242,49.2224,49.9229,50.907,52.0358,54.1614,58.4298,15.2508,10.9029,6.52642,-0.0523097,214.284,215.985,205.273,207.664
57.49023938179016,-0.39997558631002905,0.0,0.0,4,0.286096,4.0,17327.7,235.051,9.67897,-12.5134,12.0071,25.631,32.6238,38.5188,42.3446,44.3217,45.3908,46.3337,47.0112,47.6916,48.3749,49.0609,50.0252,51.1321,53.2192,57.42,14.8811,10.5111,6.20685,-0.106206,213.462,215.122,204.814,207.082
57.50688409805298,-0.39997558631002905,0.0,0.0,4,0.27117,4.0,17264.5,234.272,8.6129,-12.5503,12.2666,25.4888,32.2357,37.9469,41.6677,43.5952,44.6387,45.5599,46.2221,46.8877,47.5564,48.2281,49.1728,50.2582,52.3072,56.4405,14.518,10.1269,5.89843,-0.157802,212.655,214.334,204.032,206.372
57.52911567687988,-0.39997558631002905,0.0,0.0,4,0.258124,4.0,17200.1,233.477,8.06133,-12.6469,12.5233,25.4176,31.9544,37.5037,41.1299,43.012,44.0321,44.933,45.5812,46.2329,46.888,47.5462,48.4725,49.5375,51.5501,55.618,14.0614,9.71852,5.59663,-0.206912,211.836,213.73,203.044,205.829
57.544737339019775,-0.39997558631002905,0.0,0.0,4,0.247698,4.0,17134.9,232.666,8.21058,-12.8019,12.7905,25.4488,31.8191,37.2344,40.78,42.6225,43.6219,44.5052,45.1408,45.7802,46.423,47.069,47.9787,49.0252,51.0044,55.0107,13.4623,9.27256,5.2995,-0.253481,210.965,213.304,201.951,205.374
57.565839767456055,-0.39997558631002905,0.0,0.0,4,0.238947,4.0,17081.4,231.833,8.69719,-12.8711,13.0543,25.5292,31.7612,37.0616,40.5364,42.3439,43.3249,44.1923,44.8167,45.4447,46.0764,46.7115,47.6061,48.6356,50.5838,54.5326,12.7986,8.81521,5.01161,-0.297502,210.078,212.851,201.058,204.982
57.587066650390625,-0.39997558631002905,0.0,0.0,4,0.230297,4.0,17017.6,231.011,9.18059,-12.9271,13.2926,25.5849,31.6861,36.8774,40.2848,42.0591,43.0226,43.8747,44.4882,45.1055,45.7266,46.3513,47.2314,48.2447,50.1632,54.0566,12.1731,8.38021,4.73839,-0.33909,209.227,212.236,200.284,204.255
57.608526945114136,-0.39997558631002905,0.0,0.0,4,0.221986,4.0,16949.7,230.183,9.71146,-13.0026,13.51,25.6275,31.6071,36.6966,40.0407,41.7837,42.7306,43.5683,44.1716,44.7788,45.3899,46.0047,46.8712,47.869,49.7593,53.6,11.5743,7.96439,4.47951,-0.378237,208.368,211.515,199.421,203.506
57.62862992286682,-0.4022121164634793,0.0,0.0,4,0.214976,4.0,16881.0,229.329,10.4715,-13.0654,13.7227,25.7018,31.5793,36.581,39.8699,41.585,42.517,43.3418,43.936,44.5342,45.1364,45.7422,46.5961,47.5798,49.4445,53.2364,10.9536,7.55067,4.23173,-0.415016,207.436,210.829,198.441,202.854
57.648210287094116,-0.4051252719837707,0.0,0.0,4,0.208815,4.0,16815.1,228.455,11.4173,-13.1134,13.9259,25.7898,31.5791,36.5035,39.743,41.433,42.3517,43.165,43.7509,44.341,44.9348,45.5324,46.375,47.3458,49.1869,52.9334,10.3407,7.14874,3.99656,-0.449446,206.504,210.134,197.489,202.223
57.66819715499878,-0.4080717588029212,0.0,0.0,4,0.202198,4.0,16754.1,227.571,12.1364,-13.0654,14.1006,25.8337,31.5325,36.3794,39.5698,41.2351,42.1407,42.9426,43.5204,44.1023,44.6881,45.2776,46.1091,47.0674,48.8855,52.5882,9.7984,6.78122,3.77754,-0.481637,205.606,209.316,196.825,201.45
57.68752098083496,-0.4109815811933266,0.149017333984375,0.0,4,0.1947,4.0,16686.9,226.698,12.6161,-13.0109,14.2419,25.8185,31.4203,36.1863,39.3261,40.9664,41.8587,42.6489,43.2185,43.7922,44.3698,44.9513,45.7717,46.7175,48.5125,52.1719,9.33689,6.45246,3.57529,-0.511658,204.754,208.382,196.117,200.564
57.70801067352295,-0.4139780649607659,0.7411651611328125,0.0,4,0.187724,4.0,16616.9,225.799,13.0475,-12.8953,14.3714,25.8039,31.3168,36.0082,39.1012,40.7181,41.598,42.3774,42.9393,43.5053,44.0754,44.6494,45.4594,46.3934,48.1666,51.7852,8.89485,6.13995,3.38553,-0.539611,203.8,207.478,195.234,199.786
57.72745084762573,-0.4170212125466081,0.9686126708984375,0.0,4,0.181454,4.0,16545.7,224.886,13.7019,-12.8132,14.4948,25.8038,31.2387,35.864,38.9154,40.5111,41.3797,42.1493,42.7042,43.2634,43.8266,44.3938,45.1941,46.1173,47.8707,51.4514,8.46184,5.84005,3.2075,-0.565515,202.852,206.668,194.278,199.05
57.74548602104187,-0.42010769082096716,0.9999847412109375,0.0,4,0.174958,4.0,16485.9,223.96,14.1974,-12.6268,14.5972,25.775,31.1316,35.6913,38.7015,40.2764,41.134,41.894,42.4422,42.9946,43.5511,44.1115,44.9025,45.8151,47.5494,51.0933,8.07829,5.56794,3.0436,-0.589422,201.927,205.801,193.585,198.311
57.76860451698303,-0.4231075077182924,0.8666534423828125,0.0,4,0.167107,4.0,16420.0,223.06,14.3697,-12.4382,14.6641,25.6761,30.943,35.4297,38.3949,39.9475,40.7934,41.5433,42.0842,42.6293,43.1786,43.7319,44.5131,45.4147,47.129,50.6352,7.778,5.33616,2.89564,-0.611435,201.072,204.819,192.952,197.382
57.787744760513306,-0.4258873380431471,0.4823455810546875,0.0,4,0.159069,4.0,16467.7,222.226,14.2883,-12.1464,14.7132,25.555,30.7321,35.1466,38.0672,39.5978,40.4321,41.1719,41.7056,42.2436,42.7859,43.3322,44.1037,44.9946,46.6891,50.1591,7.51859,5.12821,2.76041,-0.631646,200.14,203.802,193.782,197.64
57.807082414627075,-0.42775722390914656,0.0,0.0,4,0.151535,4.0,16865.4,221.665,14.4344,-11.9072,14.7568,25.4432,30.5385,34.8865,37.7661,39.2764,40.0999,40.8301,41.3572,41.8886,42.4243,42.9642,43.7268,44.6076,46.2834,49.7389,7.27308,4.93369,2.63584,-0.650126,199.281,203.03,200.297,200.297
57.82853436470032,-0.4278105539873211,0.0,0.0,4,0.14341,4.0,17101.2,221.649,14.5551,-11.6242,14.779,25.297,30.3068,34.5864,37.4241,38.9136,39.726,40.4467,40.967,41.4917,42.0209,42.5542,43.3077,44.1782,45.8353,49.3016,7.0819,4.76805,2.52472,-0.666829,198.705,202.498,203.203,203.203
57.84623312950134,-0.427053933503218,0.0,0.0,4,0.13292,4.0,17135.4,221.876,14.2192,-11.3008,14.7568,25.0528,29.957,34.1539,36.9419,38.4068,39.2063,39.9159,40.4284,40.9454,41.4669,41.9927,42.7357,43.5945,45.2305,48.7128,7.00622,4.65246,2.43038,-0.681804,198.505,202.143,203.624,203.624
57.86796522140503,-0.4263973069156923,0.0,0.0,4,0.120095,4.0,17028.1,222.073,13.3088,-10.9253,14.6923,24.717,29.4964,33.5968,36.327,37.7637,38.5484,39.2454,39.7489,40.2571,40.7698,41.2869,42.018,42.8635,44.4758,47.9664,7.06146,4.58909,2.35322,-0.694996,198.582,201.903,202.377,202.377
57.88515615463257,-0.4267539518134854,0.0,0.0,4,0.106761,4.0,16720.4,221.966,12.2632,-10.5616,14.612,24.3607,29.014,33.0165,35.688,37.0959,37.8656,38.5496,39.044,39.5431,40.0469,40.5551,41.2741,42.1061,43.694,47.1978,7.20343,4.55791,2.2896,-0.706451,198.724,201.842,198.752,198.752
57.907023668289185,-0.42875382974503556,0.0,0.0,4,0.0929796,4.0,16337.4,221.366,11.1783,-10.2115,14.5168,23.9871,28.5137,32.4177,35.0297,36.4085,37.163,37.8339,38.319,38.8089,39.3035,39.8028,40.5095,41.3276,42.892,46.412,7.46017,4.56296,2.24048,-0.716048,198.736,201.696,192.79,195.62
57.92601919174194,-0.43152032755034664,0.0,0.0,4,0.0784089,4.0,16271.1,220.536,9.79749,-9.69761,14.4026,23.5834,27.979,31.7808,34.3309,35.6794,36.418,37.0751,37.5505,38.0308,38.5159,39.0058,39.6995,40.5033,42.0486,45.5751,7.90585,4.61368,2.20662,-0.723857,198.527,201.278,192.039,194.747
57.946059465408325,-0.4342801590958858,0.0,0.0,4,0.0641681,4.0,16210.4,219.708,8.45677,-9.15198,14.283,23.1863,27.4561,31.1592,33.6493,34.9683,35.6914,36.335,36.8008,37.2716,37.7475,38.2281,38.9092,39.6987,41.2326,44.7694,8.59302,4.70095,2.18638,-0.729871,198.12,200.733,191.283,194.068
57.96709847450256,-0.437199980875949,0.0,0.0,4,0.0543467,4.0,16142.6,218.832,7.88451,-8.55065,14.2044,22.9191,27.1019,30.7356,33.183,34.4808,35.1926,35.8264,36.2853,36.7493,37.2184,37.6923,38.3641,39.1437,40.6975,44.3049,9.26895,4.76249,2.17058,-0.734235,197.343,200.492,189.924,193.821
57.98814034461975,-0.4401398014353278,0.0,0.0,4,0.0487472,4.0,16071.5,217.95,8.35749,-8.07526,14.1616,22.7673,26.8985,30.4902,32.9115,34.1961,34.9009,35.5286,35.9832,36.4428,36.9075,37.3773,38.0445,38.8395,40.4452,44.1886,9.80522,4.7954,2.15969,-0.736944,196.385,200.321,188.574,193.484
58.00469183921814,-0.4431262858131093,0.0,0.0,4,0.044325,4.0,16018.1,217.054,8.88399,-7.38726,14.1203,22.6371,26.7262,30.2837,32.6837,33.9574,34.6564,35.2791,35.7301,36.1863,36.6476,37.1201,37.8073,38.6316,40.3003,44.2091,10.5606,4.84408,2.15918,-0.738113,195.433,199.851,187.877,192.905
58.025991916656494,-0.44601944255408515,0.0,0.0,4,0.0388853,4.0,15949.0,216.186,9.20265,-6.76245,14.0575,22.4643,26.5033,30.0204,32.3953,33.6565,34.3489,34.9659,35.4129,35.8702,36.3423,36.8298,37.5397,38.3924,40.1221,44.1937,53.5737,4.94378,2.1727,-0.737875,194.581,199.035,187.163,191.984
58.046515703201294,-0.44901925945141047,0.0,0.0,4,0.034939,4.0,15873.5,215.286,9.73016,-6.18632,14.0008,22.3231,26.3236,29.8101,32.1657,33.4173,34.1047,34.7237,35.1829,35.6572,36.1473,36.6539,37.3922,38.2805,40.087,44.3639,54.3515,5.05249,2.19487,-0.736281,193.599,198.257,186.04,191.317
58.06773352622986,-0.45206907329702434,0.0,0.0,4,0.0327904,4.0,15795.5,214.371,10.8468,-5.78605,13.9544,22.2254,26.2031,29.6712,32.0154,33.263,33.9666,34.6128,35.0929,35.5892,36.1025,36.6337,37.4091,38.3436,40.2498,44.7942,55.5835,5.16161,2.22531,-0.73324,192.595,197.59,184.852,190.655
58.08883738517761,-0.4552022153897862,0.0,0.0,4,0.0307357,4.0,15736.3,213.431,11.8487,-5.25847,13.8981,22.1166,26.0715,29.5219,31.8553,33.1347,33.8698,34.5458,35.0488,35.5693,36.1084,36.6668,37.4832,38.4692,40.487,45.3344,57.0584,5.30628,2.26803,-0.728746,191.618,196.799,184.191,189.896
58.10520958900452,-0.45818536663768195,0.8470458984375,0.0,4,0.0262143,4.0,15663.3,212.536,12.3943,-4.82125,13.806,21.9253,25.8377,29.2547,31.589,32.9125,33.6745,34.3764,34.8991,35.4408,36.0024,36.5848,37.4375,38.4693,40.5877,45.7149,58.3436,5.53961,2.32788,-0.722946,190.795,195.762,183.582,188.778
58.126452922821045,-0.46119184979477906,0.9999847412109375,0.0,4,0.0211951,4.0,15587.4,211.634,12.7928,-4.44173,13.6988,21.7078,25.5734,28.9542,31.323,32.6912,33.4807,34.209,34.7522,35.3156,35.9004,36.5076,37.3981,38.4777,40.702,46.128,59.7584,5.83405,2.40179,-0.715757,189.908,194.674,182.71,187.848
58.14731311798096,-0.46423499738062113,0.9999847412109375,0.0,4,0.0168654,4.0,15511.6,210.721,13.4875,-4.19059,13.5896,21.5005,25.3255,28.6791,31.1236,32.5445,33.3664,34.1259,34.6932,35.2823,35.8947,36.5315,37.4668,38.6034,40.9542,46.7412,61.6152,6.16794,2.48746,-0.707097,189.004,193.767,181.699,187.057
58.168352127075195,-0.46732814191475197,0.9999847412109375,0.0,4,0.0126211,4.0,15450.0,209.793,14.1647,-3.89441,13.4709,21.2833,25.0681,28.4262,30.9586,32.4373,33.2948,34.0888,34.6828,35.3005,35.9435,36.6131,37.5986,38.7993,41.2931,47.494,63.8503,6.56524,2.58691,-0.696924,188.095,192.896,180.97,186.299
58.18540120124817,-0.4702846281235603,0.9999847412109375,0.0,4,0.00621765,4.0,15383.0,208.906,14.3637,-3.59363,13.3214,20.9961,24.7233,28.1005,30.705,32.2323,33.1204,33.9441,34.5612,35.204,35.8738,36.5725,37.6026,38.8606,41.4844,48.0728,65.9039,7.11228,2.70568,-0.685383,187.291,191.888,180.435,185.258
58.20639514923096,-0.47218117902864704,0.9999847412109375,0.0,4,-0.00187332,4.0,15949.9,208.337,14.2923,-3.3708,13.1461,20.6533,24.3097,27.716,30.3789,31.947,32.861,33.7102,34.3474,35.0118,35.7053,36.4295,37.4993,38.8088,41.551,48.5025,67.8072,7.85848,2.84474,-0.672396,186.543,190.827,189.359,189.359
58.22655987739563,-0.47213451521024424,0.9999847412109375,0.0,4,-0.0103143,4.0,16235.7,208.351,14.3233,-3.21402,12.9586,20.2928,23.8775,27.3334,30.0555,31.6653,32.6059,33.4816,34.1395,34.8266,35.5447,36.2958,37.4073,38.7712,41.6396,48.9859,69.9692,8.84851,3.00218,-0.657848,186.037,190.116,192.852,192.852
58.246819734573364,-0.4714612229732889,0.9999847412109375,0.0,4,-0.0188993,4.0,16297.3,208.553,14.4911,-3.09142,12.76,19.9191,23.4493,26.9619,29.7464,31.4006,32.3699,33.2738,33.9543,34.6658,35.4106,36.1908,37.3477,38.7712,41.7787,49.5679,72.5279,10.2757,3.17954,-0.641548,185.79,189.771,193.72,193.72
58.267131328582764,-0.4703846220201378,0.9999847412109375,0.0,4,-0.0294059,4.0,16260.2,208.876,14.2675,-2.91524,12.5339,19.4863,22.9653,26.5109,29.338,31.0247,32.0154,32.9411,33.6389,34.3696,35.1355,35.9391,37.1329,38.6054,41.7298,49.9081,74.7638,200.0,3.38543,-0.623469,185.775,189.565,193.238,193.238
58.28705096244812,-0.4692613572485838,0.9999847412109375,0.0,4,-0.0427597,4.0,16260.8,209.213,13.5623,-2.80885,12.2734,18.9756,22.3925,25.932,28.7677,30.4653,31.4644,32.3994,33.1051,33.8448,34.621,35.4365,36.6497,38.1494,41.3427,49.7751,76.0799,200.0,3.62801,-0.603554,185.961,189.395,193.227,193.227
58.30599522590637,-0.46811809369771423,0.9999847412109375,0.0,4,-0.0578283,4.0,16280.7,209.556,12.5803,-2.75787,11.99,18.419,21.7695,25.2782,28.1006,29.7952,30.7944,31.7304,32.4377,33.1799,33.9595,34.7792,36.0004,37.5126,40.7427,49.3379,76.779,200.0,3.90859,-0.581691,186.279,189.325,193.46,193.46
58.32602834701538,-0.46691483380889837,0.9999847412109375,0.0,4,-0.073788,4.0,16297.9,209.917,11.5598,-2.76631,11.6924,17.8415,21.13,24.5966,27.3957,29.0808,30.076,31.0095,31.7155,32.457,33.2366,34.0572,35.2812,36.7994,40.0518,48.7696,77.2366,200.0,4.2283,-0.557753,186.674,189.406,193.668,193.668
58.34496068954468,-0.46550158673726955,0.9999847412109375,0.0,4,-0.0903018,4.0,16253.5,210.341,10.4371,-2.71968,11.3822,17.252,20.4796,23.8949,26.6623,28.3327,29.3207,30.2485,30.9509,31.6892,32.466,33.2846,34.5069,36.0255,39.2878,48.0939,77.4904,200.0,4.59207,-0.531645,187.131,189.616,193.167,193.167
58.3668909072876,-0.4641516691334731,0.9999847412109375,0.0,4,-0.10754,4.0,16249.5,210.746,9.22681,-2.69738,11.0586,16.6562,19.8138,23.1662,25.8914,27.5401,28.5167,29.4347,30.1303,30.8619,31.6324,32.4449,33.6597,35.171,38.4259,47.2691,77.4062,200.0,5.00785,-0.503344,187.658,189.911,193.094,193.094
58.38553714752197,-0.4629084116860262,0.9999847412109375,0.0,4,-0.124325,4.0,16270.1,211.119,8.12855,-2.67744,10.7296,16.0786,19.1701,22.4644,25.1517,26.7817,27.7487,28.6586,29.3488,30.0753,30.8412,31.6495,32.8595,34.3673,37.6237,46.5354,77.6282,200.0,5.4749,-0.472761,188.222,190.343,193.332,193.332
58.40866684913635,-0.46172181744663976,0.9999847412109375,0.0,4,-0.139623,4.0,16298.1,211.475,7.40538,-2.68238,10.4017,15.541,18.5828,21.8393,24.5079,26.1319,27.0971,28.0069,28.6977,29.4257,30.194,31.0059,32.2232,33.7432,37.0384,46.1421,78.9306,200.0,5.98822,-0.439854,188.733,190.906,193.66,193.66
58.42744588851929,-0.4605052250382801,0.9999847412109375,0.0,4,-0.153295,4.0,16308.2,211.84,7.04716,-2.68054,10.0735,15.0433,18.0522,21.2925,23.9629,25.5947,26.5672,27.4853,28.1836,28.9206,29.6995,30.5238,31.7622,33.3128,36.6903,46.1374,81.6416,200.0,6.54968,-0.404557,189.167,191.52,193.81,193.81
58.446802854537964,-0.4592852995000345,0.9999847412109375,0.0,4,-0.165951,4.0,16318.3,212.206,6.85917,-2.64107,9.73983,14.5711,17.5566,20.7934,23.4785,25.1272,26.1126,27.0449,27.7553,28.5063,29.3013,30.1443,31.4135,33.008,36.5005,46.4147,85.7025,162.856,7.16903,-0.366905,189.559,192.104,193.904,193.904
58.46571135520935,-0.4581620347284805,0.9999847412109375,0.0,4,-0.177797,4.0,16353.8,212.543,6.80116,-2.6011,9.39911,14.1204,17.0897,20.3333,23.0439,24.7174,25.721,26.6728,27.3995,28.1692,28.9856,29.8531,31.1629,32.8141,36.4548,46.9705,91.465,118.671,7.84251,-0.326928,189.934,192.65,194.315,194.315
58.487486362457275,-0.45715542950293364,0.9999847412109375,0.0,4,-0.187997,4.0,16401.3,212.845,6.97795,-2.53662,9.05564,13.7078,16.6785,19.9532,22.7143,24.4303,25.4635,26.4464,27.1988,27.9975,28.8467,29.7514,31.1219,32.8577,36.7163,48.1109,100.842,93.6335,8.46225,-0.28471,190.249,193.237,194.876,194.876
58.50614547729492,-0.4561954880957895,0.9999847412109375,0.0,4,-0.196706,4.0,16452.8,213.133,7.47452,-2.50155,8.70905,13.3331,16.3236,19.6559,22.4958,24.275,25.3516,26.3795,27.1688,28.009,28.9051,29.8628,31.3196,33.1752,37.3428,50.0048,116.495,77.3991,9.00642,-0.24028,190.478,193.771,195.487,195.487
58.52762246131897,-0.4551088877529806,0.9999847412109375,0.0,4,-0.204651,4.0,16449.7,213.459,8.02202,-2.38839,8.36979,12.9803,16.0,19.4058,22.3435,24.2008,25.331,26.4146,27.2498,28.1417,29.0962,30.1201,31.6852,33.6922,38.2553,52.6083,142.532,66.7493,9.49079,-0.1937,190.668,194.201,195.477,195.477
58.547664403915405,-0.4540722843584604,0.9999847412109375,0.0,4,-0.213008,4.0,16468.1,213.77,8.41388,-2.26328,8.03933,12.6283,15.6732,19.1505,22.1875,24.126,25.3127,26.4556,27.3398,28.2874,29.3053,30.4016,32.0863,34.2623,39.2768,55.6855,186.75,59.9239,9.93701,-0.145096,190.89,194.5,195.684,195.684
58.565985679626465,-0.45312567547086,0.9999847412109375,0.0,4,-0.221559,4.0,16498.6,214.054,8.62169,-2.08582,7.7192,12.2821,15.351,18.9014,22.0433,24.0693,25.3174,26.5253,27.4637,28.4732,29.5621,30.74,32.5605,34.9311,40.4774,59.4824,200.0,55.0705,10.3448,-0.0945352,191.151,194.75,196.042,196.042
58.58603072166443,-0.45221906414189067,0.9999847412109375,0.0,4,-0.218983,4.0,16539.1,214.326,8.92888,-1.952,7.41338,11.9566,15.058,18.6972,21.9651,24.0964,25.4191,26.7061,27.7108,28.7963,29.9727,31.2518,33.2421,35.8586,42.0922,64.7183,200.0,51.1105,10.7049,-0.0426064,191.379,195.015,196.517,196.517
58.605122804641724,-0.45123245769565923,0.9999847412109375,0.0,4,-0.205304,4.0,16557.1,214.622,9.26132,-1.85477,7.11909,11.6415,14.777,18.512,21.9189,24.1684,25.5756,26.9532,28.0343,29.208,30.4867,31.8851,34.0779,36.9919,44.0823,71.7101,200.0,47.9906,11.0299,0.00758648,191.593,195.237,196.784,196.784
58.62607789039612,-0.45010919292410523,0.9999847412109375,0.0,4,-0.193053,4.0,16552.6,214.959,9.28086,-1.72546,6.83099,11.3135,14.4678,18.2795,21.8097,24.1691,25.6567,27.1218,28.2777,29.5389,30.9205,32.4401,34.8417,38.0698,46.102,80.0229,200.0,45.8509,11.3428,0.0554643,191.854,195.385,196.691,196.691
58.645755767822266,-0.44903592510083995,0.9999847412109375,0.0,4,-0.182407,4.0,16594.3,215.281,9.08862,-1.70295,6.54841,10.9696,14.1231,17.9849,21.6127,24.0654,25.6236,27.1671,28.3913,29.7333,31.2111,32.8461,35.4505,38.9908,48.004,89.5969,200.0,44.4423,11.6494,0.101075,192.172,195.49,197.168,197.168
58.66490459442139,-0.44794265849825926,0.9999847412109375,0.0,4,-0.172588,4.0,16647.3,215.609,8.86075,-1.78684,6.27438,10.6243,13.7678,17.6677,21.383,23.9239,25.5505,27.1714,28.4637,29.8875,31.4638,33.2182,36.036,39.9126,50.0288,101.851,186.393,43.3667,11.9397,0.144557,192.514,195.628,197.799,197.799
58.68765044212341,-0.44680606120716165,0.9999847412109375,0.0,4,-0.163003,4.0,16692.7,215.95,8.67146,-1.92855,6.01112,10.2886,13.4214,17.3604,21.1683,23.8045,25.5057,27.2118,28.5799,30.0953,31.7829,33.6738,36.7385,41.0117,52.4843,119.65,153.298,42.4051,12.2063,0.18601,192.864,195.828,198.344,198.344
58.706746101379395,-0.4387157229433456,0.9999847412109375,0.0,4,-0.153058,4.0,16728.6,216.288,8.54001,-2.05706,5.7611,9.97424,13.105,17.0997,21.025,23.7797,25.5741,27.3868,28.8501,30.481,32.3099,34.3751,37.7589,42.5539,55.8897,150.488,130.482,41.3994,12.4406,0.225471,193.223,196.113,198.776,198.776
58.72592282295227,-0.327890703803841,0.9999847412109375,0.0,4,-0.142468,4.0,16758.1,216.626,8.54811,-2.1845,5.5258,9.68747,12.8305,16.9081,20.9906,23.9018,25.819,27.7726,29.3623,31.1475,33.1665,35.4683,39.291,44.8196,60.9239,200.0,113.229,40.3017,12.6387,0.262911,193.556,196.461,199.129,199.129
58.74517607688904,-0.18115351009625008,0.9999847412109375,0.0,4,-0.131509,4.0,16759.1,216.983,8.60403,-2.26934,5.30428,9.42406,12.5908,16.7754,21.0543,24.1617,26.2342,28.3679,30.1205,32.1065,34.3757,36.993,41.4129,47.9716,68.2834,200.0,100.061,39.1902,12.8064,0.298311,193.871,196.824,199.16,199.16
58.76483726501465,-0.09629645220173522,0.9999847412109375,0.0,4,-0.120769,4.0,16770.1,217.334,8.58086,-2.32747,5.09479,9.17471,12.3684,16.6709,21.1705,24.5037,26.7583,29.1064,31.0557,33.2876,35.8681,38.8856,44.0832,52.0423,78.7368,200.0,90.2232,38.176,12.9541,0.331609,194.198,197.164,199.277,199.277
58.78688907623291,-0.06381737563292185,0.9999847412109375,0.0,4,-0.110244,4.0,16794.5,217.674,8.51698,-2.39414,4.89782,8.94088,12.1658,16.5992,21.3489,24.9446,27.4152,30.0218,32.2123,34.7505,37.7261,41.2624,47.5024,57.44,94.5894,200.0,82.5659,37.2405,13.0824,0.362785,194.534,197.487,199.562,199.562
58.80481791496277,-0.030368868441851816,0.9999847412109375,0.0,4,-0.0997432,4.0,16825.1,218.009,8.46376,-2.47628,4.71436,8.72736,11.992,16.5786,21.6239,25.5374,28.2747,31.2066,33.7061,36.644,40.1462,44.3924,52.1163,65.0662,121.934,200.0,76.282,36.341,13.1891,0.391845,194.908,197.844,199.923,199.923
58.82688593864441,-0.013663932444353898,0.9999847412109375,0.0,4,-0.0891202,4.0,16855.7,218.344,8.44467,-2.5503,4.54517,8.53811,11.8555,16.6276,22.034,26.3456,29.4251,32.7833,35.6965,39.1812,43.4235,48.7002,58.693,76.6908,180.631,200.0,70.9228,35.4518,13.2729,0.418798,195.864,198.733,200.288,200.288
58.84591770172119,-0.002428822057026749,0.9999847412109375,0.0,4,-0.078368,4.0,16883.2,218.695,8.50993,-2.61125,4.39057,8.37481,11.7601,16.7577,22.61,27.4294,30.9577,34.8904,38.3761,42.6392,47.9719,54.8338,68.5756,96.1233,200.0,197.801,66.2746,34.5719,13.3346,0.443645,197.46,200.212,200.617,200.617
58.86595964431763,-0.0011332132642467817,0.9999847412109375,0.0,4,-0.0686458,4.0,16902.8,219.112,8.52637,-2.67846,4.24579,8.21515,11.6609,16.8778,23.1934,28.5701,32.6116,37.225,41.4137,46.6685,53.4557,62.558,82.1523,127.993,200.0,164.46,62.702,33.849,13.3938,0.466487,198.989,201.447,200.864,200.864
58.88718819618225,-0.0008081106768641621,0.9999847412109375,0.0,4,-0.0611461,4.0,16893.7,219.621,8.16206,-2.70908,4.10612,8.03543,11.5059,16.8709,23.5514,29.4056,33.9111,39.1688,44.0511,50.3284,58.6972,70.4107,97.7264,175.623,200.0,146.331,60.4028,33.4026,13.4695,0.487422,200.077,202.033,200.758,200.758
58.907450675964355,-0.0008047326764278115,0.9999847412109375,0.0,4,-0.0564073,4.0,16896.3,220.166,7.39089,-2.74593,3.96942,7.82485,11.2687,16.6668,23.518,29.6432,34.4367,40.1199,45.4859,52.5136,62.1153,76.021,110.745,200.0,200.0,137.548,59.3,33.2644,13.5703,0.50657,201.086,202.393,200.785,200.785
58.92506003379822,-0.0008011811273451894,0.9999847412109375,0.0,4,-0.0542715,4.0,16903.3,220.739,6.26349,-2.79458,3.83548,7.58602,10.9536,16.2662,23.0693,29.2098,34.054,39.8421,45.3522,52.6357,62.7118,77.5663,116.074,200.0,200.0,134.781,59.1718,33.3996,13.6958,0.524131,202.009,202.678,200.865,200.865
58.946507692337036,-0.0007975613984372466,0.9999847412109375,0.0,4,-0.0541285,4.0,16917.5,221.323,4.97208,-2.85329,3.70528,7.33016,10.586,15.7246,22.309,28.2558,32.9499,38.5615,43.9067,50.9767,60.766,75.2158,112.775,200.0,200.0,135.929,59.7468,33.7379,13.8392,0.540343,202.854,203.007,201.03,201.03
58.96699523925781,-0.0007939540658611805,0.9999847412109375,0.0,4,-0.0550187,4.0,16939.1,221.905,3.68862,-2.88489,3.58063,7.07371,10.2044,15.1322,21.4227,27.0813,31.5328,36.8366,41.8712,48.5041,57.6397,71.0211,105.238,200.0,200.0,139.078,60.6777,34.1757,13.9889,0.555453,203.577,203.426,201.282,201.282
58.98698019981384,-0.002358790296561395,0.9999847412109375,0.0,4,-0.0561579,4.0,16967.0,222.481,2.60947,-2.91759,3.46217,6.82756,9.83549,14.5539,20.5485,25.9138,30.1164,35.1035,39.8167,45.9959,54.4502,66.7185,97.4802,200.0,200.0,142.772,61.6858,34.6282,14.1352,0.569721,204.17,203.922,201.609,201.609
59.007493019104004,-0.00796929169275798,0.9999847412109375,0.0,4,-0.0572265,4.0,16987.0,223.061,1.76975,-2.92167,3.34914,6.59373,9.48622,14.0092,19.7302,24.8268,28.8034,33.5044,37.9298,43.706,51.5626,62.8679,90.7284,183.907,200.0,146.38,62.6556,35.0619,14.2752,0.583371,204.706,204.458,201.85,201.85
59.026915311813354,-0.014307482718592508,0.9999847412109375,0.0,4,-0.058121,4.0,17020.9,223.627,1.14929,-2.90774,3.2403,6.37061,9.15524,13.4981,18.9713,23.8284,27.6059,32.0579,36.2353,41.6686,49.0226,59.5342,85.0868,167.072,200.0,149.662,63.5495,35.4674,14.4088,0.59659,205.219,205.004,202.246,202.246
59.04760003089905,-0.016772261818669115,0.9999847412109375,0.0,4,-0.0587795,4.0,17061.5,224.185,0.719365,-2.89717,3.13452,6.15638,8.84032,13.0181,18.2692,22.9162,26.522,30.7622,34.7316,39.8806,46.8263,56.7068,80.4961,154.687,200.0,152.44,64.3422,35.8389,14.5364,0.609531,205.712,205.548,202.725,202.725
59.066372871398926,-0.01669827536785354,0.9999847412109375,0.0,4,-0.0592106,4.0,17105.0,224.74,0.43568,-2.89606,3.03089,5.94889,8.53793,12.5629,17.6132,22.0745,25.5308,29.5896,33.3834,38.2964,44.9091,54.287,76.7287,145.49,200.0,154.699,65.0372,36.1789,14.6588,0.622295,206.199,206.086,203.241,203.241
59.086456537246704,-0.016624822152719525,0.9999847412109375,0.0,4,-0.0594166,4.0,17149.1,225.291,0.254329,-2.88318,2.92879,5.74669,8.2457,12.1283,16.9961,21.2924,24.6185,28.5216,32.1674,36.885,43.2281,52.2106,73.6443,138.78,200.0,156.416,65.6339,36.488,14.7765,0.634951,206.689,206.629,203.766,203.766
59.10522794723511,-0.01655150224650589,0.9999847412109375,0.0,4,-0.0592073,4.0,17191.9,225.841,0.148641,-2.87441,2.82852,5.55173,7.96797,11.7243,16.4376,20.6013,23.827,27.6151,31.1559,35.7414,41.9133,50.6664,71.6136,135.805,200.0,157.095,66.0468,36.7409,14.8866,0.647515,207.149,207.182,204.276,204.276
59.12610673904419,-0.016477515795690317,0.9999847412109375,0.0,4,-0.0584005,4.0,17225.6,226.396,0.138567,-2.86421,2.7306,5.3662,7.70919,11.3603,15.9565,20.0304,23.1958,26.9227,30.4164,34.955,41.0898,49.8403,71.0243,138.166,200.0,156.282,66.193,36.9119,14.9854,0.659962,207.584,207.751,204.686,204.686
59.14496970176697,-0.01640392927163591,0.9999847412109375,0.0,4,-0.057071,4.0,17262.5,226.948,0.211753,-2.84144,2.63499,5.18896,7.46663,11.0298,15.5398,19.5601,22.6988,26.4112,29.9079,34.4751,40.692,49.6488,71.7757,146.34,200.0,154.23,66.106,37.0097,15.0739,0.672256,208.031,208.319,205.115,205.115
59.16620206832886,-0.01633140921894461,0.9999847412109375,0.0,4,-0.0554569,4.0,17305.1,227.492,0.327254,-2.83099,2.54133,5.01708,7.23363,10.7179,15.1576,19.1436,22.2738,25.9979,29.5267,34.1671,40.5415,49.8447,73.4516,160.179,200.0,151.592,65.8919,37.0652,15.1556,0.684362,208.496,208.856,205.62,205.62
59.18605136871338,-0.016259289093014474,0.9999847412109375,0.0,4,-0.0537427,4.0,17349.7,228.033,0.438576,-2.83796,2.44937,4.84851,7.00546,10.4137,14.788,18.7457,21.8743,25.62,29.1933,33.9279,40.4992,50.2321,75.7177,180.283,200.0,148.845,65.6324,37.1025,15.2334,0.69625,208.978,209.368,206.149,206.149
59.20487666130066,-0.016187435584925115,0.9999847412109375,0.0,4,-0.0519965,4.0,17394.0,228.572,0.530873,-2.84866,2.35917,4.68281,6.78085,10.1139,14.424,18.3553,21.4846,25.2563,28.8804,33.7219,40.5177,50.748,78.509,200.0,200.0,146.142,65.3558,37.1299,15.3083,0.707895,209.473,209.873,206.676,206.676
59.22687602043152,-0.016115448767915368,0.9999847412109375,0.0,4,-0.0502647,4.0,17435.7,229.112,0.606935,-2.85792,2.27082,4.5198,6.55918,9.81652,14.061,17.9646,21.094,24.8921,28.5691,33.524,40.5616,51.3438,81.7932,200.0,200.0,143.579,65.0815,37.1533,15.3807,0.719273,209.971,210.369,207.173,207.173
59.24587965011597,-0.016043328641985235,0.9999847412109375,0.0,4,-0.0485862,4.0,17471.9,229.653,0.656464,-2.86991,2.18435,4.35931,6.33989,9.52013,13.6956,17.5674,20.6936,24.5146,28.2421,33.3099,40.5973,51.9714,85.5289,200.0,200.0,141.216,64.824,37.1773,15.4514,0.730373,210.47,210.856,207.617,207.617
59.26676654815674,-0.015997070446610452,0.9999847412109375,0.0,4,-0.046975,4.0,17505.1,230.197,0.679662,-2.86316,2.09987,4.20153,6.12317,9.22477,13.3272,17.1624,20.2809,24.1198,27.8937,33.0706,40.6109,52.6102,89.7466,200.0,200.0,139.058,64.5874,37.2034,15.5203,0.74118,210.975,211.347,208.0,208.0
59.2850067615509,-0.015997070446610452,0.9999847412109375,0.0,4,-0.0454133,4.0,17545.3,230.732,0.688298,-2.86334,2.01757,4.047,5.91002,8.93229,12.9591,16.7542,19.8622,23.7155,27.5335,32.8195,40.6214,53.2947,94.6471,200.0,200.0,137.056,64.3637,37.2291,15.5872,0.751678,211.474,211.835,208.476,208.476
59.30635166168213,-0.021409824863076212,0.9999847412109375,0.0,4,-0.0438741,4.0,17586.8,231.265,0.691859,-2.87373,1.93734,3.89576,5.70071,8.64368,12.5938,16.3472,19.4434,23.3103,27.173,32.5735,40.6564,54.08,100.587,200.0,199.426,135.151,64.1426,37.2513,15.6517,0.761888,211.967,212.322,208.969,208.969
59.32503366470337,-0.02928300052881241,0.9999847412109375,0.0,4,-0.0423363,4.0,17628.9,231.795,0.69444,-2.88619,1.85945,3.74848,5.49645,8.36121,12.2352,15.9473,19.0326,22.9157,26.8276,32.3531,40.7489,55.035,108.115,200.0,197.883,133.297,63.9145,37.2669,15.7132,0.771784,212.46,212.813,209.469,209.469
59.34585213661194,-0.03277674317359924,0.9999847412109375,0.0,4,-0.0407665,4.0,17669.5,232.325,0.701863,-2.89371,1.78397,3.60557,5.29808,8.08672,11.8873,15.5615,18.6394,22.545,26.516,32.1878,40.9503,56.2742,118.229,200.0,196.326,131.439,63.6677,37.2718,15.7712,0.781363,212.946,213.306,209.953,209.953
59.367051124572754,-0.03277674317359924,0.9999847412109375,0.0,4,-0.0391811,4.0,17707.4,232.855,0.712577,-2.90596,1.71068,3.46645,5.10465,7.81855,11.5472,15.1848,18.2578,22.1908,26.2289,32.0667,41.2511,57.8145,132.078,199.881,194.759,129.606,63.4095,37.2688,15.8263,0.790652,213.43,213.793,210.411,210.411
59.38528847694397,-0.03277674317359924,0.9999847412109375,0.0,4,-0.0376142,4.0,17739.3,233.389,0.716083,-2.90051,1.63972,3.33128,4.91616,7.55611,11.2127,14.8135,17.8814,21.8432,25.9528,31.97,41.6237,59.6361,151.351,198.396,193.191,127.848,63.1519,37.2617,15.8787,0.799627,213.92,214.28,210.784,210.784
59.40716052055359,-0.03277674317359924,0.9999847412109375,0.0,4,-0.0358861,4.0,17778.4,233.915,0.711458,-2.90043,1.57164,3.20214,4.73695,7.30915,10.9047,14.4831,17.5618,21.5792,25.7966,32.0659,42.365,62.4176,198.795,196.88,191.573,125.894,62.8289,37.228,15.9252,0.808255,214.385,214.778,211.247,211.247
59.42649579048157,-0.03277674317359924,0.9999847412109375,0.0,4,-0.0336564,4.0,17819.1,234.436,0.747106,-2.90916,1.50718,3.08229,4.57398,7.09408,10.6598,14.2593,17.3976,21.5512,25.9851,32.719,44.1692,67.9541,197.249,195.278,189.81,123.29,62.3229,37.1261,15.9596,0.816501,214.805,215.305,211.73,211.73
59.44709825515747,-0.03277674317359924,0.9999847412109375,0.0,4,-0.0308483,4.0,17860.7,234.954,0.861768,-2.92098,1.44699,2.97326,4.42994,6.91651,10.4909,14.1675,17.4307,21.8349,26.6462,34.1806,47.6605,78.7061,195.618,193.57,187.865,120.022,61.6164,36.9477,15.9801,0.824292,215.216,215.846,212.223,212.223
59.46544933319092,-0.03277674317359924,0.9999847412109375,0.0,4,-0.0276635,4.0,17901.6,235.469,1.02774,-2.93013,1.39113,2.87406,4.3021,6.76939,10.3831,14.1853,17.6345,22.4053,27.7749,36.5332,53.365,98.971,193.922,191.778,185.77,116.453,60.7905,36.7185,15.9899,0.831582,215.645,216.369,212.71,212.71
59.48604917526245,-0.03277674317359924,0.9999847412109375,0.0,4,-0.0243452,4.0,17940.1,235.984,1.18788,-2.94565,1.33959,2.78347,4.18718,6.64415,10.3171,14.2803,17.9665,23.2136,29.3357,39.8478,62.1084,140.745,192.186,189.938,183.578,112.929,59.9328,36.4682,15.9928,0.838332,216.096,216.858,213.175,213.175
59.505314350128174,-0.03277674317359924,0.9999847412109375,0.0,4,-0.0210422,4.0,17972.8,236.502,1.30762,-2.94656,1.29259,2.70137,4.08422,6.53717,10.2835,14.4363,18.4061,24.2431,31.3466,44.3441,75.7618,192.062,190.43,188.074,181.319,109.619,59.0917,36.2138,15.9911,0.844496,216.567,217.331,213.559,213.559
59.52652883529663,-0.034597430005669595,0.9999847412109375,0.0,4,-0.017803,4.0,18011.3,237.013,1.38862,-2.95286,1.25036,2.62814,3.99366,6.44886,10.2822,14.6543,18.9595,25.5253,33.9185,50.5413,99.1308,190.37,188.661,186.194,178.999,106.548,58.2795,35.9599,15.9852,0.850043,217.042,217.794,214.015,214.015
59.54560995101929,-0.034597430005669595,0.9999847412109375,0.0,4,-0.0146135,4.0,18050.6,237.521,1.44326,-2.96677,1.21318,2.56458,3.91699,6.38228,10.3205,14.9499,19.659,27.1447,37.2907,59.5561,147.849,188.663,186.877,184.294,176.595,103.674,57.4893,35.7046,15.9749,0.854952,217.514,218.255,214.481,214.481
59.56599569320679,-0.034597430005669595,0.9999847412109375,0.0,4,-0.0114473,4.0,18089.8,238.028,1.48018,-2.98135,1.18115,2.51123,3.85542,6.34051,10.4065,15.3435,20.5492,29.2316,41.8731,73.7926,188.052,186.94,185.073,182.368,174.07,100.953,56.7119,35.4448,15.9597,0.859216,217.985,218.719,214.948,214.948
59.585585832595825,-0.034597430005669595,0.9999847412109375,0.0,4,-0.00825674,4.0,18128.2,238.533,1.51224,-2.99211,1.15459,2.46917,3.81114,6.32887,10.5543,15.8701,21.708,32.0197,48.4695,99.6935,186.356,185.193,183.241,180.405,171.343,98.3274,55.9323,35.175,15.9386,0.862811,218.449,219.187,215.404,215.404
59.607595682144165,-0.034597430005669595,0.9999847412109375,0.0,4,-0.00505811,4.0,18163.8,239.038,1.54097,-3.00542,1.13358,2.43866,3.78472,6.34894,10.7699,16.5516,23.2016,35.7897,58.4437,159.27,184.639,183.423,181.383,178.405,168.292,95.8037,55.1552,34.8973,15.912,0.865733,218.91,219.651,215.836,215.836
59.62568235397339,-0.034597430005669595,0.9999847412109375,0.0,4,-0.00182468,4.0,18196.7,239.544,1.55293,-3.00613,1.11831,2.42049,3.77789,6.40531,11.068,17.4332,25.1573,41.0967,75.0832,183.994,182.896,181.625,179.49,176.358,164.421,93.3533,54.3734,34.6088,15.8792,0.867965,219.369,220.117,216.22,216.22
59.64650249481201,-0.03838643468916417,0.9999847412109375,0.0,4,0.00145167,4.0,18233.7,240.045,1.57229,-3.00983,1.10903,2.41541,3.79222,6.50232,11.4636,18.5695,27.7531,48.9389,107.64,182.276,181.126,179.796,177.559,174.255,157.531,90.9655,53.5845,34.3088,15.8402,0.869489,219.825,220.582,216.658,216.658
59.66544246673584,-0.05319807678461075,0.9999847412109375,0.0,4,0.00474137,4.0,18271.4,240.543,1.59222,-3.01849,1.10579,2.42366,3.82835,6.64204,11.9674,20.0141,31.2192,61.2197,181.577,180.535,179.331,177.939,175.592,172.096,150.657,88.6582,52.7969,34.0006,15.7953,0.870301,220.281,221.042,217.106,217.106
59.685261726379395,-0.07042102552950383,0.9999847412109375,0.0,4,0.0080468,4.0,18309.2,241.039,1.60981,-3.02493,1.1087,2.44578,3.88752,6.82865,12.5979,21.8565,35.9646,82.6722,179.862,178.77,177.511,176.053,173.587,169.871,144.281,86.4243,52.0094,33.684,15.7446,0.870394,220.739,221.504,217.556,217.556
59.706536054611206,-0.08419944196939469,0.9999847412109375,0.0,4,0.0113952,4.0,18346.5,241.534,1.63176,-3.02998,1.11794,2.48255,3.97169,7.06855,13.3843,24.2437,42.7612,128.983,178.12,176.976,175.658,174.13,171.534,167.558,138.298,84.2416,51.216,33.3567,15.6877,0.86976,221.19,221.965,218.0,218.0
59.72643542289734,-0.09005528092384339,0.9999847412109375,0.0,5,0.0147583,4.0,18380.5,242.03,1.65351,-3.03491,1.13358,2.53434,4.08184,7.36556,14.3502,27.3507,52.9543,177.396,176.355,175.157,173.776,172.172,169.434,165.145,132.713,82.125,50.4234,33.0215,15.6249,0.868392,221.641,222.42,218.408,218.408
59.74655723571777,-0.09005528092384339,0.9999847412109375,0.0,5,0.0182025,4.0,18414.8,242.523,1.66243,-3.03177,1.15595,2.60251,4.22134,7.73116,15.5534,31.5541,69.9656,175.649,174.556,173.3,171.851,170.163,167.264,162.574,127.388,80.0318,49.6171,32.6724,15.5553,0.866273,222.083,222.879,218.811,218.811
59.76459360122681,-0.09005528092384339,0.9999847412109375,0.0,5,0.0222642,4.0,18452.1,243.009,1.68632,-3.03183,1.18642,2.69362,4.40682,8.22157,17.2528,38.3785,110.727,173.802,172.645,171.315,169.777,167.979,164.851,159.501,121.591,77.6732,48.6855,32.262,15.4703,0.863327,222.445,223.369,219.254,219.254
59.78520226478577,-0.08419944196939469,0.9999847412109375,0.0,5,0.0275294,4.0,18491.3,243.484,1.84213,-3.03686,1.22705,2.81695,4.66229,8.92516,19.9534,52.3787,173.249,171.764,170.515,169.078,167.408,165.441,161.929,154.971,114.792,74.8038,47.5237,31.7425,15.3607,0.859426,222.726,223.904,219.719,219.719
59.80561661720276,-0.07042102552950383,0.9999847412109375,0.0,5,0.0341479,4.0,18532.0,243.947,2.16167,-3.03942,1.27976,2.98026,5.00876,9.93615,24.4969,92.0893,171.109,169.472,168.095,166.501,164.634,162.397,158.159,143.194,107.219,71.468,46.1325,31.1092,15.2243,0.854416,222.972,224.454,220.201,220.201
59.82627296447754,-0.0509344968944788,0.9999847412109375,0.0,5,0.0418145,5.0,16606.9,243.927,2.57349,-3.04404,1.34598,3.18847,5.46109,11.3506,32.5462,170.457,168.746,166.912,165.36,163.548,161.391,158.699,152.677,129.931,99.5445,67.9243,44.6019,30.3964,15.0654,0.848144,223.128,224.861,214.434,216.166
59.846651792526245,-0.03277674317359924,0.9999847412109375,0.0,5,0.0502736,5.0,16572.9,243.494,3.03404,-3.04097,1.42709,3.44732,6.03882,13.3234,48.9877,168.084,166.144,164.056,162.269,160.147,157.513,153.884,138.279,117.767,92.1788,64.3549,43.0013,29.6317,14.8877,0.84048,222.8,224.725,213.812,215.807
59.86449861526489,-0.022886039316654207,0.9999847412109375,0.0,5,0.0593373,5.0,16176.5,243.04,3.5183,-3.0307,1.52452,3.7638,6.76862,16.1188,96.6209,165.492,163.268,160.844,158.727,156.101,152.482,143.229,123.611,106.897,85.3149,60.8693,41.3773,28.8344,14.6936,0.831304,222.335,224.406,212.864,215.164
59.88693809509277,-0.015997070446610452,0.9999847412109375,0.0,5,0.0684249,5.0,16554.2,242.975,3.97737,-3.01821,1.63872,4.13905,7.66154,20.044,166.246,162.721,160.151,157.288,154.662,151.039,141.722,127.351,111.532,97.6824,79.2697,57.6586,39.8217,28.0476,14.4909,0.820531,221.997,224.094,218.907,218.907
59.90690755844116,-0.011371681466698647,0.9999847412109375,0.0,5,0.0767314,5.0,16594.3,243.319,4.30985,-3.00409,1.76877,4.56571,8.69984,25.3412,163.875,159.881,156.918,153.466,149.962,141.526,127.104,115.358,102.154,90.3514,74.2969,54.9044,38.4328,27.3209,14.2893,0.808141,222.241,224.192,219.486,219.486
59.9253785610199,-0.0059099081903696065,0.9999847412109375,0.0,5,0.0835015,5.0,16611.4,243.688,4.37932,-2.98908,1.91259,5.02864,9.83156,31.9408,161.584,157.147,153.77,149.541,143.846,129.071,116.888,106.814,95.3252,84.9034,70.4917,52.7114,37.2793,26.6929,14.0975,0.794183,222.748,224.37,219.718,219.718
59.944809436798096,-0.0022197071462869643,0.9999847412109375,0.0,5,0.0882317,5.0,16624.7,244.074,4.12033,-2.97625,2.06742,5.50814,10.9782,39.1159,159.496,154.71,150.957,145.788,134.38,121.118,110.247,101.173,90.7308,81.1709,67.811,51.1005,36.3888,26.1829,13.9208,0.77877,223.352,224.518,219.895,219.895
59.9661819934845,-0.0007437799125909806,0.9999847412109375,0.0,5,0.0910379,5.0,16637.4,244.472,3.56726,-2.96155,2.23105,5.99191,12.0858,45.8607,157.65,152.638,148.611,142.423,128.589,116.292,106.149,97.6405,87.7989,78.7427,66.0119,49.9641,35.7203,25.775,13.7578,0.76206,223.955,224.672,220.061,220.061
59.986138105392456,0.0,0.9999847412109375,0.0,5,0.0924451,5.0,16655.0,244.873,2.88252,-2.94962,2.40213,6.47763,13.1461,51.6264,155.999,150.868,146.686,139.537,125.154,113.369,103.62,95.4208,85.9147,77.1456,64.7828,49.1397,35.1994,25.4349,13.6028,0.744248,224.507,224.883,220.292,220.292
60.00509834289551,0.0,0.9999847412109375,0.0,5,0.0930068,5.0,16677.0,245.273,2.21006,-2.94315,2.57956,6.96741,14.1753,56.4687,154.469,149.292,145.045,137.163,122.989,111.478,101.944,93.9195,84.6062,76.0065,63.869,48.4878,34.7593,25.1309,13.4507,0.725544,224.995,225.155,220.58,220.58
60.02521228790283,0.00030174851417541504,0.9999847412109375,0.0,5,0.0930812,5.0,16702.4,245.671,1.63225,-2.94247,2.76198,7.46178,15.186,60.6104,153.009,147.827,143.574,135.489,121.501,110.138,100.726,92.8023,83.6057,75.1124,63.1231,47.9268,34.3606,24.8445,13.2987,0.70616,225.436,225.468,220.914,220.914
60.04496765136719,0.0004986856132745743,0.9999847412109375,0.0,5,0.0928475,5.0,16728.7,246.069,1.16137,-2.9425,2.94803,7.95901,16.1812,64.1969,151.592,146.432,142.209,134.324,120.417,109.128,99.7798,91.914,82.7879,74.3631,62.4762,47.4189,33.9856,24.5677,13.1463,0.686279,225.848,225.801,221.262,221.262
60.06632399559021,0.0004986856132745743,0.9999847412109375,0.0,5,0.0924908,5.0,16755.0,246.465,0.786249,-2.93962,3.13684,8.45996,17.1726,67.5168,150.188,145.061,140.882,133.342,119.478,108.233,98.9291,91.1048,82.0321,73.6621,61.8609,46.9267,33.6163,24.292,12.9924,0.666044,226.233,226.152,221.611,221.611
60.08482384681702,0.0010401908308267595,0.9999847412109375,0.0,5,0.092137,5.0,16780.9,246.861,0.511706,-2.93091,3.32777,8.96572,18.1709,70.812,148.78,143.683,139.545,132.295,118.509,107.312,98.0547,90.2743,81.2583,72.9453,61.2331,46.4252,33.2409,24.0123,12.8365,0.645565,226.601,226.517,221.952,221.952
60.10509538650513,0.0013847589492797852,0.9999847412109375,0.0,5,0.0918423,5.0,16806.9,247.255,0.317738,-2.91959,3.52035,9.4765,19.1814,74.2098,147.358,142.285,138.179,131.109,117.436,106.304,97.1073,89.3812,80.4322,72.1857,60.5739,45.9049,32.855,23.7265,12.6786,0.624921,226.959,226.887,222.296,222.296
60.12545037269592,0.002713725343346596,0.9999847412109375,0.0,5,0.0916316,5.0,16832.6,247.647,0.19001,-2.90603,3.71431,9.99256,20.2073,77.778,145.918,140.862,136.777,129.784,116.229,105.187,96.0665,88.4083,79.5416,71.3735,59.8772,45.3622,32.4571,23.4343,12.5187,0.604155,227.312,227.258,222.637,222.637
60.147050857543945,0.0038457546383142472,0.9999847412109375,0.0,5,0.0914938,5.0,16858.2,248.039,0.1102,-2.89352,3.90932,10.513,21.2469,81.5075,144.464,139.417,135.344,128.351,114.909,103.975,94.9482,87.3695,78.5965,70.5172,59.149,44.8011,32.0494,23.1367,12.3574,0.583303,227.663,227.627,222.975,222.975
60.16572952270508,0.0038457546383142472,0.9999847412109375,0.0,5,0.0914084,5.0,16883.6,248.429,0.0620783,-2.88347,4.10517,11.037,22.2976,85.3622,142.998,137.955,133.888,126.833,113.507,102.697,93.7732,86.2824,77.6124,69.6291,58.398,44.2265,31.6347,22.8353,12.195,0.562383,228.015,227.992,223.312,223.312
60.185179233551025,0.0038457546383142472,0.9999847412109375,0.0,5,0.0913159,5.0,16909.6,248.817,0.0342448,-2.87429,4.30135,11.5613,23.3476,89.1834,141.529,136.492,132.43,125.31,112.109,101.421,92.5998,85.1964,76.6292,68.7416,57.6472,43.6516,31.2194,22.5336,12.0323,0.541419,228.372,228.349,223.654,223.654
60.20665097236633,0.004485584795475006,0.9999847412109375,0.0,5,0.0912015,5.0,16935.6,249.203,0.00870467,-2.86933,4.49768,12.0851,24.3931,92.9223,140.06,135.03,130.976,123.806,110.735,100.165,91.4426,84.124,75.6566,67.8625,56.902,43.0797,30.8055,22.2323,11.8695,0.520422,228.73,228.703,224.0,224.0
60.22506356239319,0.0075370088219642644,0.9999847412109375,0.0,5,0.0910026,5.0,16961.0,249.589,-0.00995671,-2.86428,4.69364,12.6044,25.4193,96.3756,138.601,133.586,129.549,122.424,109.468,98.9957,90.3584,83.1131,74.7333,67.0227,56.1843,42.5234,30.3993,21.9347,11.7074,0.499407,229.095,229.048,224.335,224.335
60.245919704437256,0.01034228540956974,0.9999847412109375,0.0,5,0.0906712,5.0,16986.1,249.974,-0.0430444,-2.85825,4.88871,13.1158,26.4129,99.3649,137.159,132.169,128.166,121.231,108.37,97.9642,89.3877,82.1982,73.8879,66.2455,55.5104,41.9917,30.0053,21.6432,11.5465,0.478394,229.464,229.388,224.667,224.667
60.2650408744812,0.01034228540956974,0.9999847412109375,0.0,5,0.0902664,5.0,17011.2,250.358,-0.0845101,-2.85869,5.083,13.6211,27.3829,102.053,135.725,130.767,126.804,120.108,107.36,97.005,88.4781,81.3347,73.0834,65.5012,54.8594,41.4732,29.618,21.3552,11.3864,0.457402,229.824,229.73,224.999,224.999
60.28605246543884,0.01034228540956974,0.9999847412109375,0.0,5,0.0898434,5.0,17036.3,250.741,-0.119729,-2.86194,5.2768,14.1234,28.3414,104.611,134.29,129.364,125.444,118.971,106.365,96.0579,87.5777,80.479,72.2853,64.7618,54.2119,40.9566,29.2318,21.0677,11.2265,0.436428,230.178,230.079,225.331,225.331
60.30520153045654,0.01034228540956974,0.9999847412109375,0.0,5,0.0894219,5.0,17064.6,251.119,-0.146052,-2.87512,5.46999,14.6229,29.291,107.1,132.851,127.958,124.079,117.803,105.362,95.1034,86.6708,79.6177,71.4831,64.0193,53.5623,40.439,28.8453,20.7803,11.0668,0.4155,230.528,230.429,225.705,225.705
60.325828552246094,0.01034228540956974,0.9999847412109375,0.0,5,0.0888392,5.0,17089.4,251.499,-0.163327,-2.889,5.66132,15.1093,30.1909,108.985,131.434,126.586,122.764,116.765,104.562,94.3144,85.9015,78.8724,70.774,63.3513,52.9649,39.9513,28.4739,20.5006,10.909,0.394633,230.893,230.76,226.034,226.034
60.34595322608948,0.01034228540956974,0.9999847412109375,0.0,5,0.0879885,5.0,17114.0,251.878,-0.215784,-2.89796,5.84959,15.5741,31.0089,109.92,130.053,125.27,121.532,115.901,104.108,93.8059,85.3643,78.3224,70.2218,62.809,52.4551,39.5133,28.1278,20.2339,10.7542,0.373866,231.272,231.079,226.359,226.359
60.367182970047,0.009357982873916626,0.9999847412109375,0.0,5,0.086981,5.0,17138.2,252.255,-0.290274,-2.90403,6.03522,16.0227,31.7691,110.295,128.692,123.984,120.341,115.072,103.861,93.4637,84.9643,77.8873,69.7612,62.3396,51.996,39.1043,27.7965,19.9749,10.6016,0.353219,231.638,231.407,226.68,226.68
60.384873151779175,0.008422890678048134,0.9999847412109375,0.0,5,0.0859381,5.0,17162.5,252.632,-0.356045,-2.92108,6.21882,16.4619,32.5008,110.516,127.332,122.699,119.149,114.191,103.667,93.1617,84.5959,77.478,69.3214,61.8866,51.5484,38.702,27.4691,19.7185,10.4501,0.332716,231.987,231.745,227.001,227.001
60.40655183792114,0.0075370088219642644,0.9999847412109375,0.0,5,0.0849029,5.0,17187.3,253.007,-0.403575,-2.93674,6.40046,16.8938,33.2143,131.624,125.967,121.407,117.945,113.246,103.469,92.8561,84.2234,77.0648,68.8774,61.4301,51.0986,38.2992,27.1423,19.463,10.2996,0.312381,232.332,232.091,227.326,227.326
60.42508101463318,0.0075370088219642644,0.9999847412109375,0.0,5,0.0838749,5.0,17216.7,253.376,-0.439158,-2.97453,6.58023,17.3188,33.9103,130.205,124.596,120.106,116.728,112.254,103.27,92.5466,83.8467,76.6473,68.43,60.9708,50.647,37.8959,26.816,19.2085,10.1501,0.292206,232.672,232.433,227.719,227.719
60.44559335708618,0.0075370088219642644,0.9999847412109375,0.0,5,0.082854,5.0,17240.0,253.749,-0.46352,-3.00014,6.75784,17.7362,34.588,128.781,123.22,118.799,115.5,111.223,103.07,92.2356,83.4673,76.2271,67.9804,60.5099,50.1947,37.493,26.4909,18.9553,10.0018,0.272224,233.014,232.777,228.026,228.026
60.46563959121704,0.0067003373056650165,0.9999847412109375,0.0,5,0.0818846,5.0,17263.4,254.121,-0.479241,-3.017,6.93364,18.1491,35.2598,127.35,121.833,117.476,114.249,110.141,102.809,91.8736,83.0462,75.7717,67.5022,60.0264,49.7273,37.0828,26.1632,18.7017,9.85429,0.252437,233.352,233.125,228.336,228.336
60.48684310913086,0.005912876129150391,0.9999847412109375,0.0,5,0.0810153,5.0,17286.6,254.493,-0.47861,-3.03466,7.10821,18.5619,35.9411,125.908,120.428,116.128,112.964,108.995,102.415,91.4035,82.5354,75.2415,66.9652,59.4966,49.2288,36.6562,25.8285,18.4455,9.70718,0.232831,233.682,233.477,228.643,228.643
60.50508761405945,0.005174625292420388,0.9999847412109375,0.0,5,0.080228,5.0,17309.9,254.863,-0.46009,-3.05331,7.28149,18.9736,36.6279,124.456,119.009,114.759,111.652,107.799,101.909,90.8439,81.9521,74.651,66.38,58.9292,48.7052,36.217,25.4886,18.1875,9.5606,0.213401,234.012,233.826,228.952,228.952
60.52558875083923,0.005174625292420388,0.9999847412109375,0.0,5,0.0794656,5.0,17337.6,255.227,-0.440126,-3.07703,7.45306,19.3805,37.3057,122.999,117.583,113.382,110.328,106.583,101.368,90.2582,81.347,74.0425,65.7812,58.3514,48.1753,35.7752,25.1485,17.9302,9.41499,0.194146,234.347,234.169,229.314,229.314
60.54548478126526,0.004485584795475006,0.9999847412109375,0.0,5,0.0786988,5.0,17361.5,255.594,-0.426248,-3.10448,7.62283,19.7809,37.9671,121.539,116.154,112.002,108.999,105.356,100.657,89.6783,80.7463,73.4375,65.1854,57.7763,47.6478,35.3356,24.8103,17.6746,9.27049,0.175048,234.683,234.505,229.635,229.635
60.5650429725647,0.0038457546383142472,0.9999847412109375,0.0,5,0.0779659,5.0,17384.8,255.96,-0.417246,-3.12418,7.79107,20.1777,38.623,120.073,114.717,110.611,107.658,104.108,99.7615,89.0612,80.1153,72.8076,64.5702,57.1864,47.1109,34.8919,24.4711,17.4192,9.12685,0.156117,235.018,234.847,229.943,229.943
60.58535933494568,0.0038457546383142472,0.9999847412109375,0.0,5,0.0773169,5.0,17407.8,256.326,-0.40117,-3.13766,7.95844,20.5753,39.2898,118.597,113.265,109.201,106.291,102.822,98.7244,88.3481,79.4067,72.1138,63.9052,56.5579,46.5486,34.4352,24.1265,17.1618,8.98355,0.137334,235.345,235.193,230.247,230.247
60.60689997673035,0.0032551348209381107,0.9999847412109375,0.0,5,0.0767743,5.0,17430.7,256.69,-0.374816,-3.15017,8.12531,20.9762,39.9759,117.109,111.796,107.768,104.896,101.492,97.5726,87.5128,78.599,71.3385,63.1765,55.88,45.9537,33.9618,23.7747,16.9016,8.84039,0.118689,235.668,235.54,230.55,230.55
60.62553524971008,0.0022215262055397035,0.9999847412109375,0.0,5,0.0762998,5.0,17454.0,257.053,-0.339244,-3.15729,8.29147,21.3781,40.6713,115.612,110.315,106.32,103.481,100.135,96.3555,86.5981,77.7285,70.5117,62.4077,55.1712,45.3386,33.4784,23.4189,16.6401,8.69757,0.100169,235.994,235.882,230.857,230.857
60.64606809616089,0.0017785374075174332,0.9999847412109375,0.0,5,0.0758826,5.0,17478.7,257.413,-0.309183,-3.16742,8.45699,21.7807,41.3746,114.107,108.823,104.858,102.049,98.7546,95.0895,85.6163,76.8033,69.6405,61.6051,54.4365,44.7067,32.9866,23.0598,16.3774,8.55509,0.0817592,236.32,236.222,231.184,231.184
60.66525173187256,0.0013847589492797852,0.9999847412109375,0.0,5,0.0755102,5.0,17502.1,257.773,-0.276552,-3.17509,8.62188,22.1833,42.0828,112.594,107.323,103.385,100.604,97.3563,93.7879,84.5815,75.8369,68.7357,60.7761,53.6816,44.0618,32.4886,22.6983,16.1141,8.41299,0.0634503,236.646,236.558,231.494,231.494
60.68573045730591,0.0013847589492797852,0.9999847412109375,0.0,5,0.0751454,5.0,17525.4,258.132,-0.250006,-3.18039,8.78589,22.5834,42.7857,111.077,105.818,101.908,99.1549,95.9523,92.4746,83.5351,74.8609,67.8233,59.9421,52.9233,43.4152,31.9902,22.3372,15.8515,8.27143,0.045229,236.975,236.89,231.802,231.802
60.70509386062622,0.0013847589492797852,0.9999847412109375,0.0,5,0.0748197,5.0,17548.7,258.49,-0.231217,-3.18676,8.94948,22.9841,43.494,109.554,104.304,100.42,97.6935,94.5323,91.1328,82.4416,73.8474,66.8805,59.0842,52.1467,42.7568,31.4862,21.9739,15.5881,8.13012,0.0270842,237.3,237.223,232.11,232.11
60.725512981414795,0.0013847589492797852,0.9999847412109375,0.0,5,0.0745804,5.0,17572.0,258.846,-0.207575,-3.19256,9.11327,23.3899,44.2242,108.019,102.776,98.9149,96.2101,93.0827,89.741,81.2497,72.7553,65.8735,58.1768,51.3319,42.0732,30.969,21.6047,15.3222,7.98863,0.00900237,237.619,237.561,232.418,232.418
60.74601078033447,0.0007448330521583557,0.9999847412109375,0.0,5,0.0743982,5.0,17596.1,259.2,-0.176817,-3.20028,9.27707,23.7989,44.9682,106.476,101.238,97.3966,94.7113,91.6131,88.3169,79.9933,71.6118,64.8247,57.2372,50.4923,41.3734,30.4436,21.232,15.0548,7.84716,-0.00902255,237.939,237.895,232.737,232.737
60.76549243927002,0.00030174851417541504,0.9999847412109375,0.12548828125,5,0.0742728,5.0,17619.5,259.554,-0.150602,-3.20887,9.44107,24.2116,45.7278,104.924,99.6885,95.8653,93.1972,90.1238,86.8616,78.6736,70.4176,63.7344,56.2658,49.6283,40.6576,29.9098,20.8556,14.7859,7.70555,-0.0270098,238.258,238.227,233.047,233.047
60.786259174346924,0.0,0.7843017578125,0.2784271240234375,5,0.0741946,5.0,17642.6,259.907,-0.120346,-3.21632,9.60526,24.6276,46.5004,103.363,98.1297,94.323,91.6704,88.618,85.3809,77.303,69.1835,62.6118,55.2691,48.7448,39.9289,29.3694,20.4763,14.5157,7.56386,-0.0449661,238.577,238.558,233.352,233.352
60.804797887802124,-0.00030107833445072176,0.352935791015625,0.4039154052734375,5,0.074125,5.0,17665.6,260.259,-0.0953957,-3.22278,9.76942,25.0439,47.2749,101.798,96.5661,92.776,90.1385,87.1067,83.8931,75.9216,67.9404,61.4819,54.2666,47.8569,39.1973,28.8277,20.0963,14.2452,7.42218,-0.062911,238.899,238.883,233.656,233.656
60.825926303863525,-0.0004978239536285401,0.0,0.525482177734375,5,0.0740516,5.0,17688.5,260.61,-0.0775367,-3.22843,9.93338,25.4592,48.0465,100.228,94.9994,91.2263,88.6045,85.5939,82.4049,74.5426,66.6994,60.3537,53.2658,46.9703,38.4668,28.2865,19.7168,13.975,7.28062,-0.0808416,239.223,239.205,233.959,233.959
60.846120834350586,-0.0007437799125909806,0.0,0.6235198974609375,5,0.073971,5.0,17711.5,260.959,-0.065853,-3.23324,10.0972,25.8735,48.8142,98.6547,93.4297,89.6745,87.0689,84.0805,80.9177,73.1685,65.4624,59.2289,52.2677,46.0858,37.7377,27.7462,19.3376,13.7051,7.13915,-0.0987644,239.545,239.526,234.263,234.263
60.86543560028076,-0.0007437799125909806,0.0,0.7215576171875,5,0.0739285,5.0,17674.8,261.098,-0.0583711,-3.23659,10.2613,26.2913,49.595,97.0737,91.8518,88.1132,85.5224,82.5533,79.4095,71.7548,64.1932,58.0778,51.2492,45.1857,36.9982,27.2002,18.9559,13.4339,6.99745,-0.116685,237.623,237.612,233.792,233.792
60.885191440582275,-0.0007437799125909806,0.0,0.7882232666015625,5,0.0739314,5.0,17511.7,260.69,-0.0425342,-3.23761,10.4257,26.7127,50.3905,95.4872,90.2674,86.5439,83.9662,81.0132,77.8796,70.299,62.8911,56.8999,50.2101,44.2696,36.2483,26.649,18.5718,13.1618,6.85573,-0.134572,234.609,234.606,231.664,231.664
60.90748739242554,-0.0007437799125909806,0.0,0.8509674072265625,5,0.0739476,5.0,17228.7,259.526,-0.0276025,-3.235,10.5897,27.134,51.1881,93.9017,88.6844,84.9759,82.4108,79.473,76.3468,68.8362,61.584,55.7183,49.1684,43.352,35.4978,26.0981,18.1883,12.8902,6.71446,-0.152394,231.364,231.366,227.96,227.96
60.92654800415039,-0.0007437799125909806,0.0,0.901947021484375,5,0.0740086,5.0,16912.9,257.645,-0.00866237,-3.22001,10.7532,27.5574,51.9982,92.3193,87.1034,83.4084,80.8542,77.9281,74.7999,67.3422,60.2529,54.5178,48.1126,42.4241,34.7413,25.5449,17.8045,12.6191,6.57379,-0.170108,227.598,227.606,223.583,224.061
60.94573426246643,-0.0004978239536285401,0.0,0.9293975830078125,5,0.0742204,5.0,16708.9,255.344,0.0299907,-3.18758,10.9173,27.9936,52.8609,90.7348,85.515,81.8276,79.278,76.3518,73.1894,65.7293,58.8272,53.2409,46.9988,41.452,33.9564,24.9776,17.415,12.3459,6.43349,-0.187671,223.656,223.691,220.851,221.409
60.966410636901855,0.0,0.0,0.9372406005859375,5,0.0745379,5.0,16488.7,252.781,0.0841634,-3.13218,11.0815,28.4383,53.7612,89.1536,83.9265,80.2428,77.6933,74.7582,71.5331,64.0467,57.3475,51.9205,45.8518,40.4551,33.156,24.4033,17.0232,12.0724,6.29386,-0.205085,219.184,219.245,217.925,218.533
60.98572659492493,0.00030174851417541504,0.0,0.941162109375,5,0.0748936,5.0,16267.2,250.013,0.13563,-3.06032,11.2449,28.8847,54.6748,87.5824,82.3474,78.666,76.1151,73.1667,69.8592,62.3589,55.864,50.598,44.7039,39.4582,32.3568,23.8308,16.6333,11.8004,6.1553,-0.222346,214.738,214.822,214.985,215.627
61.006203174591064,0.0010401908308267595,0.0,0.941162109375,5,0.0752551,5.0,16036.5,247.092,0.17807,-2.97799,11.407,29.3293,55.5882,86.0249,80.7829,77.1037,74.551,71.5878,68.1814,60.6951,54.4005,49.2925,43.5707,38.4736,31.5669,23.2646,16.2473,11.5312,6.01806,-0.239449,209.798,209.904,211.928,212.594
61.0273118019104,0.0022215262055397035,0.0,0.9372406005859375,5,0.0756022,5.0,15802.4,244.049,0.209623,-2.88955,11.5675,29.7695,56.4929,84.4838,79.2362,75.56,73.006,70.0277,66.5068,59.0715,52.9709,48.0157,42.4606,37.508,30.7908,22.7071,15.8667,11.2654,5.88228,-0.256387,204.4,204.534,208.828,209.511
61.04551553726196,0.002713725343346596,0.0,0.933319091796875,5,0.0758921,5.0,15574.5,240.933,0.23043,-2.80284,11.7259,30.2005,57.3709,82.9629,77.7129,74.0421,71.489,68.4993,64.8586,57.5187,51.5987,46.787,41.389,36.5732,30.0366,22.1628,15.4934,11.0038,5.74815,-0.273162,198.884,199.04,205.812,206.5
61.065674781799316,0.0032551348209381107,0.0,0.933319091796875,5,0.0761129,5.0,15356.9,237.79,0.233181,-2.71867,11.8819,30.6201,58.2145,81.4639,76.2151,72.5525,70.0034,67.0072,63.2486,56.0422,50.2895,45.611,40.3595,35.6722,29.3065,21.6328,15.1282,10.747,5.61579,-0.289764,193.471,193.646,202.933,203.616
61.086596727371216,0.0032551348209381107,0.0,0.9372406005859375,5,0.0762841,5.0,15140.4,234.649,0.225898,-2.6394,12.0356,31.0305,59.0315,79.9851,74.7401,71.0878,68.5446,65.5457,61.6641,54.6235,49.0275,44.4748,39.3626,34.7977,28.5954,21.1144,14.7697,10.4943,5.4851,-0.30619,188.032,188.225,200.078,200.747
61.10607671737671,0.0032551348209381107,0.0,0.9372406005859375,5,0.0764005,5.0,14925.7,231.531,0.213785,-2.57456,12.187,31.4304,59.8176,78.5271,73.2887,69.6489,67.114,64.1165,60.1192,53.2634,47.8142,43.3797,38.399,33.9502,27.9038,20.6081,14.4181,10.2458,5.35614,-0.322435,182.446,182.658,197.242,197.901
61.125625133514404,0.0032972616907457506,0.0,0.9372406005859375,5,0.0764496,5.0,14715.2,228.447,0.194407,-2.52551,12.3357,31.818,82.7417,77.0906,71.8621,68.2375,65.7139,62.7234,58.6517,51.9676,46.6543,42.3297,37.4715,33.1319,27.2333,20.1148,14.074,10.0018,5.22897,-0.338495,176.704,176.934,194.462,195.108
61.14679503440857,0.0033799963674445953,0.0,0.9372406005859375,5,0.0764338,5.0,14507.2,225.397,0.168773,-2.48688,12.4817,32.1934,81.3518,75.6755,70.4598,66.853,64.3432,61.3657,57.258,50.7313,45.5432,41.3209,36.578,32.3413,26.5828,19.6337,13.7371,9.76222,5.10359,-0.354364,170.828,171.085,191.717,192.348
61.16485810279846,0.0028860469026491045,0.0,0.933319091796875,5,0.0763814,5.0,14299.0,222.38,0.139655,-2.45749,12.6254,32.5594,79.9779,74.2792,69.0782,65.4908,62.9963,60.0346,55.911,49.5335,44.465,40.3403,35.7075,31.5699,25.9466,19.1621,13.406,9.52636,4.97991,-0.37004,164.668,164.94,188.966,189.589
61.185062885284424,0.0019357897566320997,0.0,0.9215545654296875,5,0.0763223,5.0,14092.9,219.39,0.113383,-2.43047,12.7671,32.9197,78.6184,72.899,67.7136,64.1456,61.6666,58.7211,54.5852,48.3541,43.4026,39.3739,34.8497,30.8095,25.3194,18.6968,13.0793,9.29362,4.85782,-0.385514,158.079,158.36,186.233,186.861
61.20721220970154,0.0003358813002705574,0.0,0.9058685302734375,5,0.0762793,5.0,13888.6,216.426,0.0935871,-2.40329,12.9073,33.2772,77.272,71.533,66.363,62.8138,60.3496,57.4178,53.2616,47.1782,42.3449,38.4126,33.9969,30.0541,24.6971,18.2358,12.756,9.06343,4.73721,-0.400794,151.254,151.538,183.536,184.159
61.226263761520386,0.0,0.0,0.886260986328125,5,0.0762622,5.0,13683.7,213.49,0.081276,-2.38053,13.0459,33.6332,75.9382,70.1803,65.0252,61.4939,59.0432,56.1221,51.9349,46.0014,41.2877,37.4528,33.1469,29.3021,24.0785,17.7785,12.4357,8.83571,4.61807,-0.415873,144.236,144.52,180.82,181.452
61.245652198791504,0.0,0.0,0.86273193359375,5,0.0762708,5.0,13480.3,210.575,0.0752711,-2.3586,13.1832,33.9878,74.6168,68.8406,63.7002,60.1856,57.7473,54.8334,50.6055,44.8248,40.2319,36.4954,32.2999,28.5536,23.4638,17.3249,12.1186,8.61051,4.50042,-0.430749,137.055,137.341,178.122,178.768
61.26629638671875,0.0,0.0,0.8431243896484375,5,0.0763041,5.0,13281.6,207.679,0.0741829,-2.33249,13.3189,34.3408,73.3078,67.5141,62.3881,58.8894,56.4622,53.5524,49.2767,43.65,39.1794,35.542,31.4574,27.8098,22.8537,16.8755,11.8048,8.38786,4.38426,-0.445426,129.908,130.211,175.485,176.143
61.286726236343384,0.0,0.0,0.839202880859375,5,0.0763614,5.0,13090.4,204.802,0.075976,-2.29867,13.4533,34.6925,72.0111,66.2007,61.0887,57.6049,55.1878,52.2785,47.9491,42.4781,38.1305,34.5926,30.6193,27.0706,22.2481,16.43,11.4943,8.16769,4.26954,-0.459911,123.112,123.425,172.949,173.614
61.30576705932617,0.0,0.0,0.8352813720703125,5,0.0764519,5.0,12906.8,201.958,0.0809929,-2.26128,13.5864,35.0443,70.7261,64.8994,59.8008,56.3308,53.9221,51.0084,46.618,41.3052,37.0822,33.6449,29.7837,26.3345,21.6461,15.9881,11.1867,7.9499,4.15624,-0.474202,116.697,117.022,170.516,171.183
61.3248405456543,0.0009363172159840661,0.0,0.8352813720703125,5,0.0765697,5.0,12736.8,199.15,0.0898778,-2.21071,13.7183,35.3956,69.453,63.6106,58.5251,55.0677,52.6661,49.7432,45.2885,40.1354,36.0377,32.7015,28.9526,25.603,21.0486,15.5501,10.8822,7.73454,4.04434,-0.488307,110.736,111.069,168.265,168.926
61.34504985809326,0.004166653949171305,0.0,0.839202880859375,5,0.0767018,5.0,12567.1,196.397,0.099925,-2.16297,13.8487,35.7447,68.1921,62.335,57.2626,53.8175,51.422,48.4863,43.971,38.9765,35.0033,31.7674,28.1302,24.8793,20.4576,15.1171,10.5814,7.52183,3.93387,-0.502227,105.274,105.613,166.031,166.67
61.36684966087341,0.009817016799015301,0.0,0.839202880859375,5,0.0768334,5.0,12398.2,193.699,0.108553,-2.12153,13.9776,36.09,66.944,61.0735,56.0148,52.5819,50.1921,47.2413,42.6747,37.8355,33.9845,30.8472,27.3199,24.1661,19.8751,14.6901,10.2847,7.31191,3.82482,-0.515972,100.148,100.497,163.803,164.427
61.386749505996704,0.013699218882092586,0.0,0.839202880859375,4,0.0769541,5.0,12221.7,191.05,0.114391,-2.08656,14.1047,36.4299,65.709,59.8267,54.7825,51.3622,48.9782,46.0105,41.4048,36.7173,32.9854,29.9442,26.5239,23.4652,19.3021,14.2698,9.99224,7.10494,3.71721,-0.529541,94.7727,95.1344,161.474,162.088
61.40705990791321,0.019888111536344514,0.0,0.839202880859375,4,0.0770585,5.0,12045.6,188.435,0.116827,-2.05438,14.2299,36.7638,64.4872,58.5947,53.5659,50.1589,47.781,44.7957,40.1646,35.6234,32.0072,29.0594,25.7436,22.7774,18.7392,13.8562,9.70426,6.90096,3.61103,-0.542938,89.2025,89.5982,159.147,159.754
61.4259135723114,0.029295118540438512,0.0,0.839202880859375,4,0.0771434,5.0,11868.1,185.847,0.116501,-2.02217,14.3534,37.0912,63.2786,57.3776,52.3653,48.9721,46.6007,43.5966,38.9534,34.5542,31.0498,28.1929,24.9785,22.1025,18.1863,13.4494,9.42061,6.69987,3.50624,-0.556169,83.4165,83.835,156.802,157.403
61.44501996040344,0.040691806350011996,0.0,0.839202880859375,4,0.0772044,5.0,11688.5,183.285,0.113818,-1.99319,14.4749,37.4111,62.0833,56.1758,51.1811,47.8026,45.4383,42.4152,37.7737,33.5111,30.1151,27.3459,24.2298,21.4414,17.6439,13.0498,9.14157,6.50184,3.40291,-0.569227,77.1936,77.6335,154.429,155.027
61.46646547317505,0.056930980442647515,0.0,0.8352813720703125,4,0.0772282,5.0,11518.7,180.741,0.107972,-1.9571,14.5942,37.7219,60.9022,54.9903,50.0145,46.6519,44.2959,41.2553,36.6307,32.4985,29.206,26.5211,23.4996,20.7958,17.1133,12.6579,8.86734,6.30695,3.30102,-0.582116,70.6952,71.1496,152.174,152.776
61.48561477661133,0.07946294605731964,0.0,0.8352813720703125,4,0.0772082,4.0,12757.7,178.25,0.0975788,-1.92163,14.7111,38.0222,59.7354,53.8213,48.8659,45.5209,43.1747,40.1198,35.5265,31.5175,28.3237,25.7194,22.7888,20.1663,16.5948,12.2739,8.59805,6.1153,3.20062,-0.594834,63.966,64.4261,150.9,151.088
61.50788331031799,0.09843947025739277,0.0,0.8509674072265625,4,0.0771071,4.0,12713.4,175.83,0.0783501,-1.89172,14.8251,38.3064,58.5846,52.6715,47.7392,44.4144,42.0813,39.0217,34.4772,30.5815,27.4789,24.9495,22.104,19.5581,16.0919,11.8998,8.33466,5.92732,3.10177,-0.60738,56.9929,57.4567,148.99,149.018
61.52635836601257,0.11970773059040307,0.0,0.86273193359375,4,0.0769188,4.0,12276.1,173.432,0.0505182,-1.86593,14.9359,38.6301,57.45,51.5409,46.6346,43.3331,41.0165,37.9641,33.4826,29.6902,26.6713,24.2113,21.445,18.9712,15.6046,11.5355,8.07716,5.74302,3.00451,-0.619753,49.7721,50.2365,146.229,145.882
61.545896768569946,0.16233347988928667,0.0,0.7541039470547873,4,0.0766284,4.0,12032.1,170.983,0.0135424,-1.84421,15.0433,40.1757,56.3327,50.431,45.5536,42.2788,39.9831,36.9532,32.5474,28.8467,25.9035,23.507,20.8138,18.4069,15.1339,11.1816,7.82584,5.56257,2.90888,-0.631948,42.3634,42.8243,143.465,142.769
61.56575417518616,0.20103937895471855,0.0,0.7305590731581725,3,0.0762345,4.0,11822.5,168.516,-0.0327858,-1.819,15.147,60.9156,55.2331,49.342,44.4966,41.2519,38.9812,35.9896,31.6691,28.0496,25.1744,22.8355,20.2094,17.8647,14.6794,10.8381,7.58072,5.38602,2.81494,-0.643954,35.1187,35.5961,141.052,140.178
61.58637762069702,0.23839809916734694,0.0,0.7045402203382103,3,0.0757725,4.0,11620.9,166.049,-0.083008,-1.79048,15.2476,59.8674,54.1493,48.2711,43.4596,40.2469,38.0037,35.0594,30.8288,27.284,24.472,22.187,19.6241,17.3385,14.2371,10.5026,7.34074,5.21289,2.72263,-0.655767,27.932,28.4007,138.706,137.725
61.60633563995361,0.2665134712246557,0.0,0.6880443902666474,3,0.0752861,4.0,11407.4,163.585,-0.132321,-1.76023,15.3459,58.8303,53.0789,47.2147,42.4377,39.2575,37.0422,34.1468,30.0062,26.5336,23.783,21.5506,19.0497,16.8217,13.8026,10.173,7.10489,5.04272,2.63188,-0.667379,20.1671,20.6187,136.213,135.154
61.627992153167725,0.29653640013635163,0.0,0.670031646935431,3,0.0748231,4.0,11202.6,161.115,-0.17552,-1.71863,15.4426,57.8025,52.0191,46.1692,41.4258,38.277,36.088,33.2354,29.1796,25.7814,23.0939,20.9153,18.4773,16.3078,13.3714,9.84675,6.87199,4.87494,2.54259,-0.678792,11.9329,12.3542,133.79,132.695
61.69018578529358,0.428406958037146,0.0,0.5799391803161869,3,0.0744321,4.0,11113.3,158.679,-0.20565,-1.6744,15.5387,56.7822,50.9672,45.1306,40.4189,37.2987,35.1324,32.3091,28.3281,25.0119,22.3922,20.2708,17.899,15.7904,12.9393,9.52166,6.641,4.70905,2.45466,-0.690004,7.36594,7.74299,132.686,131.594
61.69252395629883,0.4336444587550436,0.0,0.08823394775390625,3,0.0741355,3.0,13608.4,156.34,-0.219997,-1.63548,15.6346,55.7681,49.9214,44.0968,39.4144,36.3197,34.1717,31.361,27.4453,24.2196,21.6739,19.6138,17.3122,15.2675,12.5051,9.19708,6.41157,4.54487,2.36805,-0.701018,3.45302,3.78206,132.007,131.457
61.6937575340271,0.4386087764513151,0.0,0.08823394775390625,3,0.0739891,3.0,13558.4,154.123,-0.214316,-1.60075,15.7314,54.7569,48.8779,43.063,38.4058,35.3317,33.1954,30.3703,26.5108,23.3888,20.926,18.9338,16.7088,14.733,12.0645,8.87059,6.18251,4.3818,2.28259,-0.711844,0.146645,0.396827,130.748,130.545
61.705525636672974,0.44342530661129703,0.0,0.08823394775390625,3,0.074022,3.0,13236.6,151.972,-0.187666,-1.57094,15.8299,53.7469,47.834,42.0261,37.3895,34.3304,32.1975,29.3201,25.5177,22.5139,20.1441,18.227,16.0859,14.1842,11.6158,8.54116,5.95323,4.21946,2.19813,-0.722499,0.0,0.0,128.308,127.814
61.72491097450256,0.45696421543478966,0.0,0.08823394775390625,3,0.0741393,3.0,12971.7,149.776,-0.153106,-1.54669,15.9285,52.7417,46.7953,40.9936,36.3757,33.3287,31.1948,28.2324,24.5095,21.629,19.3555,17.5158,15.4606,13.6347,11.1678,8.21355,5.72596,4.0589,2.11485,-0.732985,0.0,0.0,125.895,124.998
61.74535131454468,0.49769052991703155,0.0,0.08823394775390625,3,0.0742547,3.0,12840.9,147.572,-0.12516,-1.50587,16.0255,51.7451,45.7671,39.9724,35.3734,32.3383,30.2022,27.1269,23.5206,20.7604,18.5814,16.8176,14.8465,13.0948,10.7275,7.89142,5.5024,3.90092,2.03288,-0.743309,0.346097,0.350007,124.665,123.624
61.765414237976074,0.5303689400770764,0.0,0.5057094831255232,3,0.0742471,3.0,13114.4,145.632,-0.0980738,-1.46433,16.1188,50.7614,44.7553,38.9711,34.3941,31.3746,29.2403,26.0583,22.5916,19.9404,17.8472,16.1529,14.2596,12.577,10.3032,7.5792,5.28464,3.74651,1.95239,-0.753474,17.3116,17.2956,127.079,126.357
61.785499811172485,0.5634414266139269,0.0,0.48031443358556186,3,0.0738799,3.0,13010.2,144.02,-0.0825348,-1.42023,16.2039,49.7984,43.7715,38.0053,33.4597,30.4669,28.3506,25.1633,21.7968,19.2261,17.1989,15.5595,13.7292,12.1042,9.91019,7.28507,5.07658,3.59755,1.87376,-0.763478,33.6513,33.6016,126.068,125.464
61.80807185173035,0.5774646357339434,0.0,0.4662840708522854,3,0.0729834,3.0,12880.0,142.502,-0.0880132,-1.36861,16.2771,48.8625,42.8244,37.0867,32.5858,29.6361,27.5615,24.5083,21.1836,18.6542,16.6657,15.0614,13.2741,11.6907,9.55821,7.01446,4.88096,3.45549,1.7974,-0.773293,48.8922,48.7725,124.842,124.171
61.82614779472351,0.5915283093744145,0.0,0.45446764389612554,3,0.0713722,3.0,12750.7,141.051,-0.117371,-1.30993,16.3346,47.9618,41.9243,36.2282,31.789,28.9029,26.8989,24.1417,20.8097,18.2689,16.2821,14.6861,12.9154,11.353,9.2582,6.77339,4.70089,3.32203,1.72387,-0.782869,63.0685,62.799,123.668,122.847
61.847389221191406,0.6159066290098429,0.0,0.4316742334808357,3,0.0687768,3.0,12623.9,139.661,-0.170003,-1.26898,16.3704,47.1078,41.086,35.4487,31.0927,28.2948,26.3926,23.9896,20.7824,18.1489,16.1088,14.482,12.6896,11.1188,9.02836,6.57163,4.54135,3.19988,1.6541,-0.792127,76.1624,75.6297,122.554,121.508
61.864678144454956,0.6205096993905306,0.0,0.4226160589956005,3,0.0649096,3.0,12185.7,138.089,-0.301495,-1.25493,16.3785,46.3136,40.3258,34.7673,30.5188,27.8343,26.059,23.994,21.2672,18.4112,16.2326,14.516,12.6454,11.024,8.89119,6.42081,4.40803,3.09215,1.58916,-0.800962,74.072,73.1666,118.561,117.147
61.88538932800293,0.6360532075150217,0.0,0.40255034258722705,3,0.0599901,3.0,12000.2,136.371,-0.537078,-1.26772,16.3631,45.5714,39.6312,34.1654,30.0392,27.4788,25.833,24.0384,22.1724,19.0826,16.6624,14.788,12.7772,11.0606,8.83878,6.31542,4.29813,2.99757,1.52906,-0.809319,72.6135,71.2855,116.904,115.161
61.90709066390991,0.6412814744282048,0.0,0.38193520769519373,3,0.0543014,3.0,11832.2,134.615,-0.816324,-1.26612,16.3295,44.8693,38.9852,33.6198,29.6208,27.1841,25.6573,24.0689,22.6277,20.2126,17.417,15.3018,13.0796,11.2196,8.86161,6.24878,4.20813,2.9145,1.47363,-0.817161,72.2611,70.5078,115.395,113.415
61.925912380218506,0.6465573793087062,0.0,0.35212114446148957,3,0.0480081,3.0,11670.0,132.843,-1.1064,-1.25061,16.2809,44.2005,38.3779,33.1166,29.2449,26.9264,25.5048,24.0759,22.8665,21.3036,18.5768,16.1032,13.5744,11.5107,8.96126,6.21978,4.1372,2.84263,1.42306,-0.824436,72.746,70.4675,113.91,111.759
61.94607353210449,0.6517886235948465,0.0,0.3171644862232059,3,0.0412223,3.0,11524.0,131.086,-1.38446,-1.22759,16.2195,43.5599,37.8024,32.6467,28.8993,26.6915,25.3618,24.0592,23.0022,21.7585,20.0706,17.282,14.3074,11.9575,9.14602,6.23012,4.08574,2.78223,1.37763,-0.831092,73.9008,71.0588,112.555,110.283
61.96492004394531,0.6569394788111373,0.0,0.28280415282863436,3,0.0340306,3.0,11374.7,129.356,-1.64366,-1.19978,16.1469,42.9438,37.2535,32.203,28.5753,26.4701,25.2207,24.0203,23.0732,22.0103,20.7454,18.9447,15.3551,12.5987,9.42989,6.28321,4.0547,2.73381,1.33762,-0.837088,75.1227,71.7089,111.155,108.794
61.98627543449402,0.6620158997034934,0.0,0.25455864381244997,3,0.0265529,3.0,11255.9,127.651,-1.85282,-1.14193,16.0652,42.3468,36.7243,31.7772,28.2631,26.2524,25.0728,23.9566,23.093,22.151,21.091,19.8206,16.8308,13.4865,9.82975,6.38277,4.04515,2.69796,1.3034,-0.842369,76.5792,72.5905,109.999,107.635
62.006996393203735,0.6780376156008865,0.0,0.22070682291553195,3,0.0189111,3.0,11127.6,126.003,-2.00972,-1.08199,15.9763,41.7639,36.2084,31.3617,27.9545,26.0295,24.9117,23.8657,23.068,22.214,21.2826,20.234,18.354,14.6987,10.3683,6.53348,4.05844,2.67543,1.27537,-0.846881,78.2763,73.7348,108.785,106.382
62.02470636367798,0.6941123332621251,0.0,0.17962527375754747,3,0.0110127,3.0,11006.0,124.421,-2.13504,-1.03686,15.8786,41.1984,35.71,30.9616,27.6561,25.8098,24.7481,23.7625,23.0191,22.2338,21.3944,20.4804,18.9958,16.4129,11.1033,6.75079,4.09956,2.66833,1.25405,-0.850591,80.3625,75.321,107.627,105.182
62.045645236968994,0.6987463336517569,0.0,0.11586959083069334,3,0.00269764,3.0,10896.2,122.915,-2.2413,-1.00663,15.7697,40.6561,35.2364,30.5859,27.3782,25.6053,24.595,23.6634,22.9664,22.2376,21.4694,20.6505,19.3811,17.601,12.1361,7.05945,4.17588,2.67962,1.24008,-0.853461,82.8392,77.3863,106.592,104.086
62.06566500663757,0.7146418210677802,0.0,0.05038588329550067,3,-0.00621635,3.0,10794.2,121.495,-2.33951,-0.989147,15.647,40.1437,34.7956,30.2435,27.1312,25.4276,24.4646,23.5829,22.9266,22.2459,21.5358,20.7898,19.665,18.2016,13.6472,7.4966,4.2974,2.71309,1.23429,-0.855445,85.5067,79.7579,105.653,103.047
62.08628273010254,0.7187982245609164,0.0,0.0,3,-0.0159267,3.0,10694.9,120.166,-2.44763,-0.98562,15.5078,39.6679,34.3954,29.9435,26.9246,25.287,24.368,23.532,22.9134,22.2746,21.6135,20.9264,19.9094,18.6378,15.544,8.11961,4.47751,2.77341,1.23759,-0.85649,87.9809,82.0672,104.768,102.007
62.10601758956909,0.7343885990963566,0.0,0.0,3,-0.026584,3.0,10607.9,118.938,-2.57673,-0.994656,15.3506,39.2331,34.0409,29.6912,26.7641,25.1895,24.3114,23.5172,22.9329,22.3324,21.7138,21.0756,20.1434,19.0062,16.5203,9.01866,4.73372,2.86618,1.25101,-0.856538,90.2849,84.3191,104.022,101.061
62.12563729286194,0.737967385580428,0.0,0.0,3,-0.0383681,3.0,10535.1,117.812,-2.73523,-1.00788,15.1737,38.8447,33.7378,29.4926,26.6558,25.1414,24.3017,23.5459,22.9925,22.4265,21.8464,21.2504,20.3873,19.3521,17.2024,10.3562,5.0922,2.99899,1.27584,-0.855519,92.6589,86.7371,103.436,100.231
62.14737939834595,0.7530960569918529,0.0,0.0,3,-0.051463,3.0,10491.1,116.813,-2.93212,-1.0214,14.9757,38.5075,33.4914,29.3524,26.6052,25.1483,24.3446,23.6242,23.0988,22.5636,22.0175,21.4595,20.6555,19.7011,17.7788,12.4536,5.59281,3.18214,1.31362,-0.853356,95.7527,89.9699,103.146,99.6554
62.16645073890686,0.755792756240045,0.0,0.0,3,-0.0661138,3.0,10463.8,115.978,-3.17901,-1.03277,14.7548,38.2281,33.3088,29.2781,26.6199,25.218,24.4482,23.7605,23.2607,22.7531,22.2372,21.7122,20.9605,20.0741,18.3207,14.1648,6.30303,3.43114,1.36648,-0.84995,99.1372,93.5567,103.049,99.2105
62.185580253601074,0.7579533452185367,0.0,0.0,3,-0.0825532,3.0,10438.7,115.309,-3.52686,-1.05177,14.5101,38.0114,33.1953,29.2746,26.7055,25.3561,24.6179,23.9605,23.4841,23.0015,22.5125,22.0166,21.3098,20.4822,18.8632,15.2563,7.33905,3.76777,1.43679,-0.845212,102.182,96.8042,103.007,98.7549
62.20492887496948,0.7597619099837915,0.0,0.0,3,-0.100742,3.0,10386.2,114.749,-3.9927,-1.0654,14.2446,37.8521,33.144,29.3337,26.8527,25.5531,24.8444,24.2149,23.7597,23.2996,22.8345,22.364,21.6959,20.9179,19.4113,16.1581,8.90129,4.22001,1.52694,-0.839059,103.565,98.2919,102.711,98.0405
62.22784662246704,0.7493425870249141,0.0,0.0,3,-0.120302,3.0,10335.1,114.233,-4.56251,-1.07223,13.9652,37.7335,33.1349,29.4327,27.0362,25.7847,25.103,24.4988,24.0627,23.6227,23.1787,22.7305,22.0958,21.3596,19.9446,16.9495,11.0729,4.82194,1.6388,-0.83144,104.1,98.8307,102.39,97.3697
62.24666881561279,0.7630528519405673,0.0,0.0,3,-0.140808,3.0,10285.6,113.73,-5.19943,-1.07277,13.6786,37.6383,33.1481,29.5499,27.2323,26.0269,25.3708,24.7894,24.3704,23.9482,23.5227,23.094,22.4881,21.7874,20.4481,17.6546,12.541,5.62117,1.77417,-0.822325,104.141,98.8154,102.042,96.7619
62.266005992889404,0.7646708714894827,0.0,0.0,3,-0.161928,3.0,10236.6,113.229,-5.87326,-1.06859,13.3893,37.5542,33.1691,29.6697,27.4255,26.2623,25.6305,25.071,24.6675,24.2612,23.8522,23.4405,22.8598,22.1895,20.9136,18.2817,13.6216,6.69037,1.93509,-0.811697,103.936,98.5386,101.659,96.1972
62.28667616844177,0.7663050389380877,0.0,0.0,3,-0.183442,3.0,10187.1,112.723,-6.57213,-1.06805,13.0998,37.4734,33.1894,29.7832,27.6071,26.4824,25.8727,25.3334,24.9449,24.5537,24.1597,23.7632,23.2045,22.5608,21.3392,18.8387,14.5012,8.14631,2.12398,-0.799547,103.59,98.1169,101.246,95.6539
62.306254625320435,0.7679359768067548,0.0,0.0,3,-0.205004,3.0,10137.0,112.218,-7.29447,-1.09436,12.8137,37.3848,33.1961,29.877,27.7636,26.6741,26.0842,25.5632,25.1882,24.8109,24.4312,24.0492,23.5106,22.8902,21.7157,19.3251,15.2382,9.51898,2.34268,-0.785897,103.151,97.632,100.796,95.1363
62.32731914520264,0.7695927513149257,0.0,0.0,3,-0.226465,3.0,10086.5,111.705,-7.99259,-1.1247,12.5317,37.2842,33.1849,29.947,27.8914,26.834,26.2622,25.7576,25.3948,25.0299,24.6631,24.2943,23.7747,23.1765,22.0434,19.747,15.8644,10.5434,2.5937,-0.770768,102.666,97.1365,100.319,94.639
62.34515881538391,0.7712947399422279,0.0,0.0,3,-0.247937,3.0,10035.6,111.178,-8.6642,-1.14876,12.2532,37.1761,33.161,29.9993,27.9974,26.9695,26.4144,25.9248,25.573,25.2195,24.8643,24.5074,24.005,23.4271,22.3333,20.1193,16.4059,11.3783,2.88114,-0.754164,102.092,96.545,99.8377,94.1367
62.3926842212677,0.7730548610084131,0.0,0.0,3,-0.269606,3.0,9983.91,110.633,-9.31987,-1.15894,11.9802,37.0666,33.1318,30.0422,28.0906,27.0903,26.5505,26.0748,25.7332,25.39,25.0454,24.6993,24.2126,23.6531,22.5958,20.4566,16.8871,12.0935,3.2105,-0.736084,101.498,95.9155,99.3637,93.6125
62.395246505737305,0.7748666553536058,0.0,0.0,3,-0.291786,3.0,9927.65,110.072,-10.0366,-1.19458,11.7109,36.9656,33.1084,30.0878,28.1839,27.2093,26.6839,26.2211,25.8889,25.5554,25.2206,24.8845,24.4121,23.8695,22.8454,20.7762,17.3314,12.7327,3.58956,-0.716538,100.908,95.2628,98.8631,93.0357
62.40681219100952,0.7767624187771851,0.0,0.0,3,-0.314915,3.0,9869.77,109.485,-10.8526,-1.23649,11.443,36.8853,33.1048,30.1512,28.2928,27.3427,26.8309,26.3803,26.0569,25.7324,25.4067,25.08,24.6208,24.0939,23.1001,21.0963,17.7618,13.3281,4.02941,-0.695567,100.342,94.5752,98.4201,92.3546
62.42721152305603,0.7787453808590894,0.0,0.0,3,-0.338829,3.0,9813.65,108.871,-11.7038,-1.25033,11.1778,36.8203,33.1148,30.2259,28.411,27.4841,26.985,26.5458,26.2308,25.9147,25.5976,25.2795,24.8327,24.3201,23.3542,21.4099,18.1761,13.882,4.53504,-0.673166,99.7711,93.8516,97.9793,91.711
62.446327924728394,0.7808058528595045,0.0,0.0,3,-0.363277,3.0,9756.14,108.233,-12.5757,-1.24765,10.9172,36.7631,33.13,30.3031,28.5295,27.6245,27.1374,26.7089,26.4016,26.0934,25.7842,25.4742,25.0388,24.5396,23.5994,21.7093,18.569,14.3956,5.03692,-0.649326,99.1719,93.1062,97.504,91.0769
62.46469759941101,0.7954574173267465,0.0,0.0,3,-0.388074,3.0,9696.92,107.575,-13.4551,-1.23347,10.6625,36.7086,33.1452,30.3771,28.6426,27.7581,27.2823,26.8639,26.5639,26.263,25.9612,25.6587,25.234,24.7471,23.8307,21.9903,18.9374,14.8706,5.51269,-0.624052,98.5324,92.341,96.9922,90.4457
62.48677468299866,0.7976821059065032,0.0,0.0,3,-0.41306,3.0,9636.04,106.897,-14.3279,-1.21068,10.4146,36.6525,33.1557,30.4431,28.7455,27.8804,27.4152,27.0062,26.713,26.4189,26.1241,25.8286,25.4139,24.9385,24.0441,22.2494,19.2767,15.3082,5.96354,-0.597351,97.8515,91.5601,96.446,89.8173
62.508710622787476,0.7999625757633335,0.0,0.0,3,-0.438118,3.0,9573.55,106.202,-15.1845,-1.18174,10.1739,36.5922,33.1587,30.4984,28.8356,27.9888,27.5335,27.1333,26.8464,26.5589,26.2705,25.9816,25.5761,25.1115,24.2375,22.4852,19.5859,15.71,6.39046,-0.569236,97.1295,90.7669,95.869,89.1881
62.527809143066406,0.7896613610493765,0.0,0.0,3,-0.463192,3.0,9509.5,105.491,-16.0273,-1.15346,9.94071,36.5271,33.1532,30.5422,28.9122,28.0825,27.6365,27.2446,26.9637,26.6822,26.4,26.1172,25.7203,25.2657,24.4109,22.6979,19.8663,16.0784,6.79451,-0.539724,96.3772,89.966,95.2668,88.5541
62.54710793495178,0.7919995769244557,0.0,0.0,2,-0.488192,3.0,9444.04,104.767,-16.8585,-1.13371,9.71539,36.4552,33.1375,30.5728,28.9734,28.1599,27.7227,27.3386,27.0633,26.7874,26.5109,26.2339,25.8451,25.3999,24.563,22.8866,20.1177,16.4141,7.17599,-0.508849,95.6007,89.1633,94.6408,87.9166
62.5674569606781,0.7943797773387282,0.0,0.0,2,-0.501041,3.0,9377.66,104.03,-17.6752,-1.12366,9.49795,36.3763,33.1112,30.59,29.0192,28.2208,27.7919,27.4151,27.1451,26.8745,26.6034,26.3317,25.9506,25.5142,24.694,23.0519,20.3415,16.7169,7.5356,-0.476911,94.7688,88.3141,93.9976,87.2775
62.587310791015625,0.7967987327122564,0.0,0.0,2,-0.501512,3.0,9311.11,103.281,-18.4718,-1.12087,9.28862,36.2902,33.074,30.5938,29.0497,28.2655,27.8443,27.4743,27.2093,26.9437,26.6776,26.411,26.0371,25.6089,24.8044,23.1944,20.5386,16.9878,7.87364,-0.445629,93.9258,87.4656,93.3456,86.6436
62.60530495643616,0.8120375816239602,0.0,0.0,2,-0.501627,3.0,9244.58,102.522,-19.226,-1.11427,9.0875,36.1954,33.0247,30.5828,29.0637,28.2925,27.8787,27.5151,27.2548,26.9939,26.7324,26.4706,26.1034,25.683,24.8932,23.3133,20.7088,17.2273,8.18881,-0.415281,93.0734,86.6193,92.6888,86.0151
62.62591600418091,0.8017270716975754,0.0,0.0,2,-0.501381,3.0,9177.29,101.755,-19.9507,-1.11647,8.8945,36.0925,32.9638,30.5578,29.0621,28.3032,27.896,27.5385,27.2824,27.0259,26.769,26.5116,26.1507,25.7375,24.9616,23.4101,20.8538,17.4376,8.48129,-0.385876,92.2469,85.8133,92.0169,85.3874
62.64486622810364,0.7914267005556326,0.0,0.0,2,-0.500868,2.0,11523.7,100.992,-20.6528,-1.12506,8.70911,35.9841,32.8945,30.522,29.0484,28.301,27.9,27.548,27.2961,27.0437,26.7909,26.5377,26.1827,25.7764,25.0136,23.4888,20.9778,17.6232,8.75312,-0.357424,91.4085,84.993,92.0272,85.7848
62.66700029373169,0.781078600153327,0.0,0.0,2,-0.500113,2.0,11486.7,100.252,-21.3293,-1.1352,8.53108,35.8712,32.818,30.4769,29.0239,28.2873,27.8922,27.5455,27.2973,27.0487,26.7997,26.5505,26.2011,25.8013,25.0507,23.551,21.0829,17.7865,9.00562,-0.329923,90.5684,84.1663,91.81,85.8596
62.68606781959534,0.7582235995584938,0.0,0.0,2,-0.499084,2.0,11393.3,99.5127,-21.9753,-1.14452,8.36044,35.7534,32.7339,30.4219,28.9884,28.2619,27.8724,27.5306,27.2859,27.0409,26.7955,26.5499,26.2057,25.8119,25.0729,23.5969,21.1692,17.928,9.23929,-0.303365,89.7292,83.3389,90.5268,84.3272
62.7051317691803,0.711391287737947,0.0,0.0,2,-0.497797,2.0,11145.9,98.7111,-22.5901,-1.15323,8.19742,35.6312,32.643,30.3581,28.9428,28.2259,27.8416,27.5043,27.263,27.0213,26.7794,26.5372,26.1977,25.8095,25.0814,23.6278,21.2383,18.0494,9.45502,-0.277764,88.8468,82.4618,88.841,82.1375
62.72678804397583,0.6312815579381396,0.0,0.0,2,-0.496373,2.0,10968.1,97.8621,-23.1837,-1.16151,8.04183,35.5079,32.5487,30.289,28.8908,28.1829,27.8034,27.4706,27.2324,26.9939,26.7551,26.5161,26.1812,25.7982,25.0801,23.6476,21.2941,18.1547,9.65483,-0.25314,87.9924,81.6177,87.6088,80.6063
62.74685025215149,0.5450793479584549,0.0,0.0,2,-0.494963,2.0,10825.7,96.9826,-23.7654,-1.16749,7.89312,35.3952,32.4552,30.2189,28.8368,28.1373,27.7625,27.4338,27.1985,26.963,26.7272,26.4912,26.1606,25.7826,25.0739,23.6609,21.3414,18.2485,9.84119,-0.229505,87.1593,80.7927,86.6036,79.4093
62.766395807266235,0.48485736665924356,0.0,0.0,2,-0.493709,2.0,10701.6,96.0801,-24.3453,-1.17044,7.75074,35.309,32.3659,30.1518,28.7848,28.0933,27.7228,27.3979,27.1654,26.9327,26.6997,26.4666,26.14,25.7667,25.0667,23.672,21.3842,18.3347,10.0165,-0.206855,86.3381,79.9702,85.7157,78.384
62.78471899032593,0.40928036525081063,0.0,0.0,2,-0.492711,2.0,10586.9,95.1585,-24.9312,-1.17068,7.61432,35.2532,32.2833,30.0902,28.7372,28.0533,27.6869,27.3656,27.1358,26.9057,26.6754,26.445,26.1222,25.7531,25.0615,23.6837,21.4254,18.4164,10.1824,-0.185184,85.5663,79.1927,84.8892,77.4477
62.805416107177734,0.3569750620693226,0.0,0.0,2,-0.492021,2.0,10477.1,94.2213,-25.5271,-1.16897,7.48364,35.231,32.2086,30.0354,28.6956,28.0187,27.6562,27.3384,27.111,26.8834,26.6556,26.4277,26.1084,25.7435,25.0596,23.6976,21.4666,18.4951,10.3389,-0.16448,84.9021,78.5317,84.094,76.5577
62.82610249519348,0.2843900103640432,0.0,0.0,2,-0.491187,2.0,10369.8,93.273,-26.1336,-1.16585,7.35861,35.2453,32.1421,29.9879,28.6604,27.99,27.6312,27.3165,27.0914,26.8662,26.6407,26.4152,26.0993,25.7382,25.0615,23.7143,21.5084,18.5715,10.4867,-0.144738,84.4103,78.0654,83.3134,75.6924
62.84525489807129,0.24793310032922308,0.0,0.0,2,-0.49004,2.0,10263.8,92.3183,-26.7484,-1.16146,7.23914,35.2985,32.0836,29.9473,28.6315,27.9671,27.6116,27.3,27.0771,26.854,26.6308,26.4074,26.0946,25.7371,25.0673,23.7337,21.5509,18.6459,10.6266,-0.126005,84.0665,77.7662,82.5391,74.842
62.86569833755493,0.2345350939021725,0.0,0.0,2,-0.489179,2.0,10158.8,91.361,-27.3682,-1.15615,7.12526,35.3927,32.0326,29.9132,28.6083,27.9496,27.5971,27.2882,27.0673,26.8462,26.6251,26.4038,26.0939,25.7397,25.0762,23.7554,21.5938,18.7182,10.7586,-0.108283,83.7452,77.4937,81.7679,74.0024
62.88651752471924,0.22145674582687797,0.0,0.0,2,-0.488564,2.0,10054.4,90.4039,-27.9899,-1.15135,7.01704,35.5298,31.99,29.8844,28.5897,27.9363,27.5867,27.2802,27.0612,26.842,26.6226,26.4033,26.0961,25.745,25.0874,23.7784,21.6365,18.7877,10.8828,-0.0915476,83.4615,77.2605,80.996,73.1736
62.9055540561676,0.20870143655969978,0.0,0.0,2,-0.488142,2.0,9950.56,89.4487,-28.6089,-1.14767,6.91455,35.7113,31.9737,29.8596,28.5744,27.9259,27.579,27.2749,27.0575,26.84,26.6224,26.4047,26.1,25.7518,25.0996,23.8016,21.6779,18.8535,10.9991,-0.0757802,83.1343,76.981,80.2224,72.3559
62.926799058914185,0.19627288759550357,0.0,0.0,2,-0.487861,2.0,9847.39,88.4971,-29.2204,-1.14543,6.81785,35.9388,31.9881,29.8375,28.5612,27.9173,27.5728,27.2709,27.0551,26.8391,26.623,26.407,26.1044,25.7588,25.1117,23.8239,21.7169,18.9148,11.1072,-0.0609595,82.8242,76.7164,79.4469,71.5498
62.94497990608215,0.1905259766967545,0.0,0.0,2,-0.487662,2.0,9744.99,87.5499,-29.8182,-1.14436,6.72703,36.2137,32.0333,29.8168,28.5487,27.909,27.5668,27.2669,27.0525,26.838,26.6234,26.4087,26.1082,25.765,25.1223,23.8439,21.7524,18.9708,11.207,-0.0470654,82.4204,76.3574,78.6699,70.7567
62.966129302978516,0.1912118554324955,0.0,0.0,2,-0.487501,2.0,9643.38,86.6051,-30.3966,-1.14404,6.64208,36.5381,32.1096,29.7965,28.536,27.9001,27.56,27.2619,27.0488,26.8356,26.6224,26.4091,26.1105,25.7694,25.1307,23.8608,21.7837,19.0208,11.2982,-0.034078,81.867,75.8487,77.8918,69.977
62.98585295677185,0.1918972985974898,0.0,0.0,2,-0.487346,2.0,9542.5,85.6609,-30.9514,-1.14391,6.56336,36.9147,32.2177,29.7799,28.5222,27.8899,27.5517,27.2553,27.0435,26.8315,26.6194,26.4073,26.1105,25.7713,25.1364,23.8742,21.8103,19.0648,11.3808,-0.0219723,81.2243,75.2493,77.1125,69.2098
63.05131554603577,0.192582886952733,0.0,0.0,2,-0.487177,2.0,9442.2,84.7165,-31.4796,-1.14363,6.49101,37.3472,32.3588,29.7857,28.5072,27.8781,27.5416,27.2468,27.036,26.8251,26.6142,26.4032,26.1079,25.7706,25.1391,23.8837,21.8319,19.1024,11.455,-0.0107307,80.5224,74.5896,76.3318,68.4529
63.053844928741455,0.19326869309334954,0.0,0.0,2,-0.486993,2.0,9343.15,83.7718,-31.979,-1.14248,6.42487,37.8405,32.5346,29.817,28.4909,27.8647,27.5298,27.2363,27.0266,26.8167,26.6068,26.3968,26.103,25.7673,25.1389,23.8897,21.8488,19.1341,11.5211,-0.000330925,79.788,73.8958,75.5543,67.7108
63.05484318733215,0.19395500739983718,0.0,0.0,2,-0.486798,2.0,9246.18,82.8264,-32.4491,-1.14042,6.36479,38.4009,32.7476,29.8751,28.4791,27.85,27.5165,27.2243,27.0154,26.8064,26.5974,26.3884,26.0958,25.7616,25.136,23.8924,21.8613,19.1602,11.5795,0.00924905,79.01,73.158,74.7865,66.9912
63.06645059585571,0.19464175727707148,0.0,0.0,2,-0.486603,2.0,9150.6,81.8804,-32.8892,-1.13712,6.31055,39.036,33.0006,29.9614,28.49,27.8349,27.502,27.2109,27.0029,26.7947,26.5865,26.3783,26.0869,25.754,25.1309,23.8924,21.8699,19.1813,11.6307,0.0180353,78.1892,72.376,74.0249,66.2871
63.086222648620605,0.1953292331055502,0.0,0.0,2,-0.485934,2.0,9055.93,80.9334,-33.2997,-1.13244,6.26194,39.7551,33.2973,30.0779,28.526,27.8363,27.4894,27.1968,26.9894,26.782,26.5745,26.3671,26.0766,25.7449,25.1241,23.8901,21.8752,19.1978,11.6752,0.0260442,77.3388,71.5617,73.2672,65.5934
63.10739731788635,0.19601736229014893,0.0,0.0,2,-0.484565,2.0,8961.85,79.9855,-33.6813,-1.12648,6.21876,40.5697,33.6421,30.227,28.5888,27.8622,27.4971,27.1897,26.9768,26.7689,26.562,26.3552,26.0657,25.735,25.1161,23.8862,21.878,19.2105,11.7135,0.0332235,76.4703,70.7262,72.5121,64.9063
63.1267511844635,0.19670585445036987,0.0,0.0,2,-0.483245,2.0,8868.18,79.0371,-34.0341,-1.11909,6.18076,41.493,34.0399,30.4112,28.6801,27.9141,27.5296,27.206,26.982,26.7636,26.5508,26.3431,26.0544,25.7246,25.1074,23.881,21.8787,19.2199,11.746,0.0395886,75.5941,69.8799,71.7589,64.2235
63.14536190032959,0.19739441920571527,0.0,0.0,2,-0.481984,2.0,8774.75,78.0886,-34.359,-1.11092,6.14774,42.5406,34.4961,30.6332,28.8018,27.9934,27.5882,27.2474,27.0116,26.7818,26.5579,26.3397,26.0434,25.714,25.0983,23.8749,21.8776,19.2263,11.7732,0.0451667,74.7104,69.0239,71.0067,63.5437
63.165913581848145,0.19808262098543844,0.0,0.0,2,-0.480796,2.0,8681.5,77.1406,-34.6568,-1.10244,6.11946,43.7323,35.0175,30.8965,28.9561,28.1023,27.6747,27.3155,27.067,26.825,26.5893,26.3597,26.0482,25.7056,25.0891,23.8682,21.8753,19.2301,11.7955,0.04999,73.8223,68.1618,70.2551,62.866
63.18663954734802,0.1729437268876632,0.0,0.0,2,-0.479688,2.0,8588.4,76.1938,-34.9278,-1.09369,6.09573,45.0915,35.6115,31.2048,29.1457,28.2426,27.791,27.4119,27.1499,26.8948,26.6465,26.4048,26.0768,25.7166,25.0801,23.8613,21.872,19.2319,11.8132,0.0540838,72.9351,67.2994,69.5041,62.1902
63.20535182952881,0.14368142348773466,0.0,0.0,2,-0.478666,2.0,8495.46,75.249,-35.1719,-1.08497,6.07632,46.6473,36.2871,31.5624,29.3732,28.4165,27.939,27.5385,27.2619,26.9928,26.7309,26.4761,26.1307,25.7515,25.0823,23.8543,21.8679,19.2318,11.8266,0.0574827,72.046,66.4348,68.7535,61.5162
63.225322246551514,0.11195126734367852,0.0,0.0,2,-0.477731,2.0,8402.69,74.3069,-35.3885,-1.0761,6.06103,48.4357,37.0548,31.974,29.6417,28.6268,28.1211,27.6973,27.4049,27.1206,26.8442,26.5754,26.2112,25.8117,25.1075,23.8474,21.8631,19.2302,11.8361,0.0602169,71.1558,65.5694,68.0036,60.8444
63.24737334251404,0.05991912597971502,0.0,0.0,2,-0.476885,2.0,8310.12,73.3685,-35.5777,-1.0672,6.04965,50.5027,37.9268,32.4452,29.955,28.8761,28.3397,27.8908,27.5812,27.2805,26.9883,26.7043,26.3199,25.8986,25.1569,23.8408,21.8579,19.2272,11.8419,0.0623198,70.269,64.708,67.2542,60.1747
63.26743030548096,0.019482532187481413,0.0,0.0,2,-0.47613,2.0,8217.77,72.4345,-35.7388,-1.05811,6.04196,52.9077,38.9184,32.9829,30.3172,29.1681,28.598,28.1215,27.7933,27.4747,27.1654,26.8649,26.4587,26.0139,25.2319,23.8476,21.8524,19.2231,11.8444,0.0638224,69.3821,63.8475,66.5059,59.5076
63.28597140312195,0.0,0.0,0.0,2,-0.475467,2.0,8125.72,71.507,-35.872,-1.04881,6.03775,55.7286,40.0479,33.5947,30.7332,29.5065,28.8994,28.3927,28.044,27.7059,27.378,27.0597,26.6297,26.1594,25.3339,23.8766,21.8467,19.2181,11.8439,0.0647577,68.5819,63.0724,65.7591,58.8434
63.3055784702301,-0.007574223613017239,0.0,0.0,2,-0.474894,2.0,8034.07,70.5885,-35.9768,-1.0391,6.03679,59.0694,41.3379,34.2899,31.2088,29.8959,29.2479,28.7079,28.3369,27.9774,27.629,27.2912,26.8353,26.3373,25.4648,23.9289,21.841,19.2122,11.8406,0.0651617,67.8581,62.3749,65.0145,58.1831
63.327168226242065,-0.05702487501769792,0.0,0.0,2,-0.474408,2.0,7942.98,69.6815,-36.0531,-1.02891,6.03887,63.0723,42.816,35.0795,31.7505,30.3415,29.648,29.0713,28.6755,28.2925,27.9216,27.5624,27.0782,26.55,25.6263,24.0058,21.8352,19.2056,11.8348,0.0650682,67.1975,61.7424,64.2734,57.5277
63.347832918167114,-0.15891467337468762,0.0,0.0,2,-0.473997,2.0,7852.62,68.7889,-36.1007,-1.01836,6.04378,67.9346,44.5162,35.9759,32.3656,30.8489,30.1048,29.4872,29.064,28.6549,28.2593,27.8766,27.3612,26.7999,25.8205,24.1084,21.8307,19.1983,11.8265,0.0645138,66.6441,61.2163,63.5368,56.8788
63.36767506599426,-0.31244864747074186,0.0,0.0,2,-0.47364,2.0,7763.22,67.9138,-36.1188,-1.0076,6.05136,73.9393,46.4805,36.9935,33.0622,31.4242,30.6235,29.9604,29.5067,29.0687,28.6456,28.2369,27.6873,27.0896,26.0491,24.2377,21.8413,19.1899,11.8158,0.0635338,66.1361,60.7401,62.8061,56.2386
63.386120080947876,-0.4543711572254697,0.0823516845703125,0.0,2,-0.473312,2.0,7674.99,67.0575,-36.1061,-0.996655,6.06143,81.5082,48.7621,38.1496,33.8496,32.0743,31.21,30.4959,30.0081,29.5379,29.0845,28.6468,28.0594,27.4217,26.3143,24.3949,21.8712,19.1802,11.8027,0.0621653,65.5801,60.2278,62.0825,55.609
63.40975213050842,-0.553119875978662,0.2156829833984375,0.0,2,-0.472985,2.0,7588.08,66.2197,-36.0612,-0.98568,6.07385,91.3004,51.4292,39.4645,34.7385,32.8072,31.871,31.0995,30.5736,30.0675,29.58,29.1103,28.4809,27.7989,26.618,24.5809,21.9206,19.1687,11.787,0.0604423,64.9558,59.6587,61.3669,54.9916
63.42495536804199,-0.6494794428765504,0.32940673828125,0.0,2,-0.472628,2.0,7502.61,65.4023,-35.9837,-0.974847,6.08848,104.404,54.571,40.9625,35.7411,33.6315,32.6139,31.7776,31.2089,30.6624,30.137,29.6315,28.9554,28.2244,26.9625,24.7969,21.9895,19.1549,11.7687,0.0584005,64.4265,59.1789,60.6598,54.3877
63.44602370262146,-0.6512859505432711,0.37646484375,0.0,2,-0.472205,2.0,7418.78,64.6107,-35.8731,-0.964162,6.10523,122.756,58.3062,42.6733,36.8717,34.5573,33.4469,32.5373,31.9201,31.3283,30.7603,30.2148,29.4865,28.7011,27.3497,25.0436,22.0779,19.1383,11.7475,0.0560735,64.1206,58.9031,59.9624,53.799
63.46807909011841,-0.6654527313052055,0.399993896484375,0.0,2,-0.47166,2.0,7336.97,63.8533,-35.7294,-0.953676,6.124,150.146,62.793,44.631,38.1453,35.5947,34.3783,33.3853,32.7133,32.0703,31.4544,30.864,30.0775,29.2316,27.7812,25.3215,22.1853,19.1179,11.7232,0.0534999,64.0949,58.878,59.2768,53.229
63.48613476753235,-0.6670801616455428,0.3882293701171875,0.0,2,-0.470907,2.0,7396.47,63.1535,-35.5512,-0.943117,6.14486,195.08,68.2392,46.8721,39.5756,36.7519,35.414,34.3262,33.5922,32.8913,32.2216,31.5809,30.7295,29.8162,28.2566,25.629,22.3099,19.0959,11.6949,0.0507132,64.23,59.0107,59.4192,53.9126
63.50569272041321,-0.5717051169041544,0.305877685546875,0.0,2,-0.46967,2.0,7911.79,62.61,-35.3389,-0.932562,6.16837,200.0,74.8609,49.4071,41.1548,38.0178,36.5423,35.3476,34.5441,33.7788,33.0491,32.3527,31.4296,30.4424,28.7637,25.9556,22.4433,19.0773,11.6598,0.0477622,64.2935,59.1407,60.5909,60.5909
63.52676606178284,-0.2768794507840723,0.12548828125,0.0,2,-0.467545,2.0,8197.08,62.2011,-35.0752,-0.922588,6.19542,200.0,82.8573,52.2083,42.8477,39.3585,37.7303,36.4179,35.5381,34.7025,33.9078,33.1511,32.1507,31.0845,29.2793,26.2818,22.5711,19.053,11.6138,0.0447111,64.2836,59.2905,62.7256,62.7256
63.547661781311035,-0.07443207000227273,0.0,0.0,2,-0.464335,2.0,8475.08,61.9248,-34.7525,-0.913748,6.22649,200.0,92.5424,55.2613,44.6284,40.7487,38.9534,37.5132,36.5513,35.6401,34.7759,33.9551,32.873,31.7235,29.7862,26.5941,22.6838,19.0169,11.5548,0.0415904,64.0415,59.3095,64.8554,64.8554
63.576916217803955,-0.001195738288938999,0.36077880859375,0.0,2,-0.459894,2.0,8712.6,61.7684,-34.3681,-0.906819,6.26204,42.729,104.326,58.5405,46.4652,42.1589,40.1837,38.6073,37.5583,36.5674,35.6302,34.7423,33.5753,32.3398,30.2675,26.8791,22.7723,18.9632,11.4817,0.0384315,63.7785,59.3284,66.6872,66.6872
63.58743953704834,0.0,0.4509735107421875,0.0,2,-0.454102,2.0,8847.5,61.7152,-33.9156,-0.90251,6.30263,28.5314,118.725,62.0011,48.3159,43.5525,41.3877,39.6687,38.5292,37.4561,36.4439,35.4876,34.2342,32.9119,30.7044,27.1231,22.8279,18.8869,11.3936,0.0352545,63.5311,59.3764,67.7539,67.7539
63.60800909996033,0.0,0.61175537109375,0.0,2,-0.446877,2.0,8751.63,61.7302,-33.3747,-0.901129,6.3489,25.4439,136.375,65.5725,50.128,44.8862,42.5263,40.6621,39.4311,38.2752,37.188,36.1634,34.8247,33.4171,31.0782,27.3124,22.8422,18.7834,11.29,0.0320695,63.1138,59.2942,67.0942,67.0942
63.629231452941895,0.0,0.9137115478515625,0.0,2,-0.438123,2.0,8291.99,61.7469,-32.7119,-0.902506,6.40169,24.5212,157.908,69.134,51.8272,46.1021,43.5484,41.5416,40.2214,38.9854,37.8258,36.736,35.316,33.8278,31.3662,27.4317,22.8064,18.648,11.1706,0.0288868,62.3549,58.9237,63.8579,63.5086
63.65133714675903,0.0,0.9999847412109375,0.0,2,-0.427782,2.0,7756.64,61.6966,-31.9036,-0.907337,6.46196,24.4649,183.791,72.5177,53.3259,47.1351,44.3983,42.258,40.8551,39.5452,38.3195,37.1702,35.6768,34.1165,31.5465,27.4662,22.7123,18.4767,11.0355,0.0257092,61.1256,58.1297,60.2095,58.9883
63.665241956710815,-0.0024964734617620708,0.9999847412109375,0.0,2,-0.416144,2.0,8147.62,61.6532,-30.9893,-0.912643,6.52954,24.8064,200.0,75.6847,54.6163,47.9846,45.0778,42.8151,41.3369,39.9602,38.6752,37.4729,35.9146,34.2911,31.6273,27.4243,22.5675,18.2753,10.8884,0.0225388,59.8849,57.2915,62.3437,62.3437
63.68707084655762,-0.022472842714906047,0.9999847412109375,0.0,2,-0.403893,2.0,8527.13,61.7095,-30.0296,-0.913295,6.60294,25.2612,200.0,78.8115,55.8006,48.7337,45.6621,43.282,41.732,40.2922,38.9513,37.6995,36.0808,34.3991,31.65,27.3381,22.3938,18.0578,10.7359,0.0194101,59.0079,56.721,65.2188,65.2188
63.70824575424194,-0.11177975875032228,0.44116973876953125,0.0,2,-0.391338,2.0,9169.15,61.8767,-29.0775,-0.908072,6.68047,25.6692,200.0,82.1692,57.0116,49.4847,46.2413,43.7399,42.1163,40.612,39.2142,37.9123,36.2329,34.4929,31.6592,27.2409,22.2135,17.8381,10.5836,0.0163527,58.4738,56.3892,70.0426,70.0426
63.72993731498718,-0.2531679395680111,0.3490142822265625,0.0,2,-0.379017,2.0,10428.8,62.1894,-28.2231,-0.899711,6.75994,25.8998,200.0,86.2223,58.4496,50.3842,46.9423,44.3013,42.5936,41.0156,39.5533,38.1945,36.4462,34.6405,31.7114,27.1736,22.0526,17.6316,10.4372,0.0133683,58.2391,56.2449,79.4897,79.4897
63.750545263290405,-0.47198620463777424,0.352935791015625,0.0,2,-0.367704,2.0,11657.9,62.6197,-27.5556,-0.891254,6.83774,25.8024,200.0,91.9117,60.4774,51.6887,47.9829,45.1572,43.3382,41.6632,40.1157,38.6819,36.8431,34.9507,31.8959,27.1989,21.9497,17.4608,10.3035,0.0104097,58.2824,56.2391,88.8973,88.8973
63.77100896835327,-0.6180249472180431,0.40979766845703125,0.0,2,-0.357962,2.0,12717.9,63.1006,-27.0929,-0.883356,6.91072,25.3333,200.0,100.612,63.5209,53.6783,49.5934,46.5042,44.5271,42.7144,41.0465,39.5069,37.5403,35.5259,32.2938,27.3714,21.9367,17.3431,10.1869,0.00741386,58.5597,56.3292,97.0695,97.0695
63.78546929359436,-0.6290522988433725,0.462738037109375,0.0,2,-0.350001,2.0,13687.0,63.5972,-26.8296,-0.878356,6.97714,24.5618,200.0,114.513,68.0751,56.6442,52.0013,48.5287,46.3232,44.3127,42.4726,40.7822,38.6345,36.4475,32.9661,27.7279,22.0321,17.2874,10.0881,0.00431315,59.0558,56.5286,104.52,104.52
63.80626726150513,-0.6280136259249408,0.48430633544921875,0.0,2,-0.343746,2.0,12967.9,64.0701,-26.7196,-0.878023,7.03671,23.6067,136.63,137.965,74.8338,60.947,55.4723,51.4373,48.9011,46.6067,44.5211,42.6173,40.2149,37.7874,33.9618,28.2931,22.2452,17.2963,10.0053,0.00105572,59.8932,56.9681,99.6166,99.6166
63.82806158065796,-0.6271113488369904,0.48430633544921875,0.0,2,-0.338614,2.0,12106.9,64.4809,-26.6624,-0.883155,7.09208,22.6291,89.39,180.596,84.6495,66.9321,60.2259,55.3793,52.3736,49.681,47.2552,45.0585,42.3103,39.56,35.2792,29.0532,22.5604,17.3579,9.93232,-0.00236384,61.064,57.6866,93.0808,93.0808
63.85031080245972,-0.6385020876789094,0.462738037109375,0.0,2,-0.333878,2.0,11384.2,64.832,-26.5966,-0.893207,7.14706,21.7419,67.6738,200.0,98.8429,75.03,66.5033,60.497,56.8357,53.5961,50.7095,48.1215,44.9178,41.7489,36.8892,29.9748,22.9507,17.4544,9.86238,-0.00593154,62.597,58.7424,87.4898,87.4898
63.866108894348145,-0.4269432497058697,0.4352874755859375,0.0,2,-0.328848,2.0,10943.1,65.1524,-26.4975,-0.9078,7.20572,21.0021,55.6427,200.0,119.692,85.8325,74.5976,66.9413,62.3743,58.3949,54.8967,51.7976,48.0096,44.3138,38.7427,31.0116,23.3834,17.5659,9.78918,-0.0096391,64.062,59.9472,84.0081,84.0081
63.88929533958435,-0.21351176535807054,0.43724822998046875,0.0,2,-0.323113,2.0,10730.3,65.4924,-26.3367,-0.921662,7.27088,20.4129,48.2127,200.0,151.971,100.384,85.0151,74.9825,69.159,64.1795,59.8731,56.1123,51.5827,47.2338,40.8055,32.1291,23.8346,17.6787,9.70909,-0.0134818,64.6478,60.7339,82.2984,82.2984
63.9047212600708,-0.050697055795627645,0.478424072265625,0.0,2,-0.316597,2.0,10617.1,65.8479,-26.1091,-0.931276,7.34342,19.9438,43.223,200.0,200.0,120.848,98.7929,85.2001,77.5826,71.2205,65.8273,61.1978,55.7188,50.5553,43.0913,33.3233,24.2986,17.7893,9.62178,-0.0174456,64.9386,61.2697,81.3962,81.3962
63.93017506599426,-0.01060164826696956,0.49999237060546875,0.0,2,-0.309287,2.0,10528.6,66.2173,-25.8196,-0.935952,7.42399,19.5687,39.6719,154.864,200.0,151.582,117.768,98.5475,88.2659,79.9326,73.0421,67.25,60.537,54.3471,45.6247,34.595,24.7726,17.8963,9.52745,-0.0215232,65.18,61.7212,80.7091,80.7091
63.94684147834778,0.0,0.49999237060546875,0.0,2,-0.301106,2.0,10406.1,66.5994,-25.4718,-0.936605,7.51397,19.2742,37.0611,112.003,200.0,200.0,145.206,116.493,102.083,90.8519,81.8527,74.4805,66.1487,58.6597,48.41,35.9313,25.2472,17.9951,9.42568,-0.0257181,65.436,62.1812,79.7818,79.7818
63.97018599510193,0.002453183454944752,0.49999237060546875,0.0,2,-0.292128,2.0,10241.9,66.9923,-25.0151,-0.934773,7.61367,19.0394,35.0675,90.1895,200.0,200.0,188.492,141.961,120.69,104.97,92.8795,83.2916,72.7831,63.6211,51.495,37.342,25.7245,18.0872,9.3176,-0.0300144,65.3142,62.2818,78.5365,78.5365
63.98642420768738,0.010565032436326146,0.49999237060546875,0.0,2,-0.282669,2.0,10124.7,67.3604,-24.4835,-0.932128,7.72132,18.8323,33.4448,76.7167,200.0,200.0,200.0,182.191,147.931,124.524,107.519,94.6076,81.0001,69.5759,55.0485,38.8927,26.2317,18.1859,9.2065,-0.0343704,64.9467,62.0873,77.623,77.623
64.01023721694946,0.02201438956804077,0.49999237060546875,0.0,2,-0.273024,2.0,10139.5,67.7034,-23.9108,-0.929757,7.83681,18.641,32.0795,67.4929,200.0,200.0,200.0,200.0,192.033,153.663,128.081,109.809,91.5376,76.9239,59.2277,40.6257,26.7812,18.2965,9.09552,-0.0387735,64.435,61.721,77.693,77.693
64.0271213054657,0.04060615185800443,0.49999237060546875,0.0,2,-0.263167,2.0,10203.2,68.0376,-23.326,-0.927903,7.95459,18.4547,30.8896,60.6883,145.514,200.0,200.0,200.0,200.0,200.0,159.474,131.59,105.723,86.342,64.2823,42.6061,27.3913,18.426,8.99127,-0.0432212,64.0973,61.4673,78.165,78.165
64.05123496055603,0.04691050612387092,0.49999237060546875,0.0,2,-0.253217,2.0,10249.9,68.3719,-22.7447,-0.926507,8.06125,18.2647,29.8183,55.3755,114.966,200.0,200.0,200.0,200.0,200.0,200.0,165.857,126.109,99.0097,70.6024,44.9244,28.0851,18.5827,8.8954,-0.0477247,64.0154,61.4145,78.5274,78.5274
64.06855821609497,0.04685445566118385,0.49999237060546875,0.0,2,-0.243267,2.0,10284.1,68.7084,-22.1729,-0.925471,8.15586,18.0658,28.8307,51.053,95.6954,170.395,200.0,200.0,200.0,200.0,200.0,200.0,158.137,117.09,78.7891,47.6951,28.8864,18.7739,8.80895,-0.0522966,64.1134,61.5094,78.7944,78.7944
64.08516573905945,0.04679780555015896,0.49999237060546875,0.0,2,-0.233367,2.0,10308.2,69.0485,-21.6134,-0.924767,8.23843,17.8562,27.9065,47.4324,82.3206,130.446,189.625,200.0,200.0,200.0,200.0,200.0,200.0,145.025,89.8232,51.066,29.8202,19.0061,8.73268,-0.0569468,64.294,61.6735,78.9827,78.9827
64.111257314682,0.04674053913389798,0.49999237060546875,0.0,2,-0.223539,2.0,10324.5,69.3923,-21.0673,-0.924586,8.30916,17.6358,27.0337,44.3347,72.4369,106.223,141.453,199.335,200.0,200.0,200.0,200.0,200.0,193.742,105.453,55.2394,30.9137,19.285,8.66714,-0.0616872,64.5152,61.8724,79.1098,79.1098
64.12843036651611,0.03737268167729303,0.49999237060546875,0.0,2,-0.213792,2.0,10334.8,69.7391,-20.5343,-0.925031,8.36842,17.4053,26.2051,41.6418,64.8006,89.9008,113.35,146.903,186.313,200.0,200.0,200.0,200.0,200.0,129.177,60.5075,32.1989,19.6165,8.61276,-0.0665274,64.7357,62.0707,79.191,79.191
64.14664363861084,0.019647213738388382,0.49999237060546875,0.0,2,-0.204118,2.0,10340.8,70.0883,-20.0138,-0.926035,8.4166,17.166,25.4155,39.2714,58.7038,78.118,94.8814,116.838,139.991,174.604,200.0,200.0,200.0,200.0,169.183,67.3159,33.715,20.0067,8.56994,-0.0714753,64.9981,62.3066,79.2382,79.2382
64.17326211929321,0.0,0.49999237060546875,0.0,2,-0.194497,2.0,10343.6,70.4406,-19.5047,-0.927404,8.45417,16.9192,24.6618,37.1642,53.7113,69.191,81.7863,97.3003,112.562,133.513,164.063,200.0,200.0,200.0,200.0,76.3814,35.5108,20.4622,8.539,-0.0765394,65.3046,62.5857,79.2605,79.2605
64.19062733650208,-0.017528511665850878,0.49999237060546875,0.0,2,-0.184919,2.0,10344.1,70.7968,-19.0051,-0.928917,8.48159,16.6663,23.9412,35.2752,49.5392,62.1787,71.9968,83.5546,94.386,108.453,127.46,154.557,200.0,200.0,200.0,88.9472,37.6497,20.9905,8.52029,-0.0817312,65.6355,62.8925,79.2653,79.2653
64.2080910205841,-0.026424262507352976,0.49999237060546875,0.0,2,-0.175366,2.0,10343.3,71.1572,-18.5139,-0.930492,8.49926,16.4084,23.2508,33.5687,45.9928,56.5123,64.385,73.3358,81.43,91.5398,104.525,121.814,158.547,200.0,200.0,107.381,40.2169,21.6008,8.51419,-0.0870593,65.9799,63.2175,79.2593,79.2593
64.22581267356873,-0.026389645213688105,0.49999237060546875,0.0,2,-0.165821,2.0,10341.6,71.5225,-18.0306,-0.932938,8.50759,16.1463,22.5887,32.0172,42.9355,51.8293,58.2851,65.4266,71.7091,79.3329,88.7781,100.785,124.346,169.72,200.0,136.804,43.3278,22.3034,8.52112,-0.0925325,66.3629,63.584,79.2468,79.2468
64.25266933441162,-0.02635402342149367,0.49999237060546875,0.0,2,-0.156059,2.0,10340.4,71.8984,-17.5831,-0.964163,8.50854,15.8886,21.9675,30.6274,40.3193,47.9594,53.3684,59.222,64.2626,70.2471,77.467,86.349,102.874,131.704,200.0,189.372,47.0595,23.0906,8.53917,-0.0981795,66.7518,63.9887,79.2372,79.2372
64.2701621055603,-0.02631698964551712,0.49999237060546875,0.0,2,-0.145778,2.0,10340.1,72.2892,-17.1226,-1.00434,8.50455,15.6447,21.4016,29.4098,38.1129,44.7882,49.4188,54.3435,58.514,63.383,69.1417,76.0581,88.4563,108.733,190.859,200.0,51.4497,23.9417,8.56536,-0.104041,67.154,64.4528,79.2345,79.2345
64.28791213035583,-0.026278496503752347,0.49999237060546875,0.0,2,-0.134998,2.0,10338.9,72.6954,-16.6323,-1.04256,8.49548,15.4121,20.8815,28.3304,36.2218,42.1355,46.1689,50.3982,53.9323,58.004,62.7458,68.3376,78.0904,93.3301,147.302,200.0,56.6731,24.8627,8.60004,-0.110134,67.5686,64.9623,79.2262,79.2262
64.30563426017761,-0.026238667189415234,0.49999237060546875,0.0,2,-0.125261,2.0,10335.7,73.1157,-16.1086,-1.07099,8.48042,15.1849,20.3928,27.3511,34.5582,39.8515,43.4102,47.0979,50.1452,53.6184,57.6133,62.2565,70.1845,82.1555,120.874,200.0,63.0509,25.8736,8.64487,-0.116459,67.977,65.4725,79.2028,79.2028
64.33270072937012,-0.026197785994542453,0.49999237060546875,0.0,2,-0.135333,2.0,10329.8,73.5471,-15.5597,-1.08728,8.45819,14.9571,19.9214,26.4386,33.0523,37.8238,40.9916,44.2407,46.9003,49.9043,53.3237,57.2508,63.8415,73.5287,102.838,200.0,71.1369,27.0068,8.7022,-0.122182,68.3772,65.9509,79.1586,79.1586
64.34950423240662,-0.052640407892629505,0.49999237060546875,0.0,2,-0.145355,2.0,10321.5,73.9868,-14.9979,-1.09347,8.42802,14.7246,19.4586,25.5719,31.6605,35.9826,38.8202,41.7045,44.0461,46.6702,49.6308,52.9967,58.5644,66.5695,89.5707,200.0,81.8244,28.2971,8.77407,-0.126643,68.7861,66.4058,79.0953,79.0953
64.36712193489075,-0.0752687588494271,0.49999237060546875,0.0,2,-0.155377,2.0,10316.8,74.4311,-14.4346,-1.09749,8.38964,14.486,19.0005,24.7407,30.3592,34.2893,36.8435,39.4191,41.4951,43.8052,46.3915,49.3063,54.0692,60.7916,79.324,200.0,96.6211,29.7792,8.86181,-0.129827,69.2049,66.8472,79.0399,79.0399
64.38498640060425,-0.09253637329512834,0.49999237060546875,0.0,2,-0.165619,2.0,10391.5,74.8313,-13.9516,-1.1568,8.34217,14.2362,18.537,23.9244,29.1113,32.6898,34.9939,37.3005,39.1471,41.1894,43.4599,45.9992,50.1041,55.8055,70.9874,156.351,118.917,31.5278,8.96852,-0.131764,69.6335,67.251,79.5987,79.5987
64.41107225418091,-0.1436622118173614,0.49999237060546875,0.0,2,-0.176445,2.0,10437.0,75.2434,-13.5242,-1.20857,8.28401,13.9675,18.0534,23.0963,27.8736,31.1257,33.2012,35.2643,36.9058,38.7107,40.7045,42.9182,46.4616,51.3127,63.8439,125.262,157.787,33.6798,9.09962,-0.13249,70.0791,67.5948,79.9684,79.9684
64.42987442016602,-0.205868098251457,0.49999237060546875,0.0,2,-0.187642,2.0,10442.6,75.6777,-13.1188,-1.24027,8.21671,13.687,17.5625,22.2772,26.6747,29.6308,31.5016,33.3493,34.8109,36.4094,38.1649,40.1016,43.174,47.3267,57.7758,103.817,200.0,36.2999,9.25403,-0.131989,70.5252,67.9454,80.0211,80.0211
64.44903612136841,-0.2483210228562976,0.49999237060546875,0.0,2,-0.198896,2.0,10429.5,76.1262,-12.7249,-1.25984,8.14221,13.4029,17.0783,21.4889,25.5436,28.2376,29.9296,31.591,32.8985,34.3215,35.8761,37.5813,40.2657,43.8534,52.6822,88.4757,200.0,39.4363,9.42902,-0.130251,71.0304,68.4047,79.9272,79.9272
64.46694421768188,-0.27076958978894755,0.49999237060546875,0.0,2,-0.209854,2.0,10403.3,76.5931,-12.3159,-1.2676,8.06252,13.1232,16.6135,20.7498,24.5026,26.9701,28.5094,30.0131,31.1911,32.4678,33.8562,35.3715,37.7412,40.8784,48.4556,77.2373,200.0,43.1129,9.62056,-0.127269,71.509,68.9227,79.7303,79.7303
64.48538756370544,-0.2781228417294373,0.49999237060546875,0.0,2,-0.22017,2.0,10370.8,77.0788,-11.8681,-1.26654,7.97929,12.8542,16.1776,20.0725,23.5656,25.8414,27.2528,28.6255,29.6966,30.8534,32.1065,33.4685,35.5863,38.3681,44.9843,68.8701,200.0,47.3128,9.82389,-0.12304,71.942,69.4851,79.4827,79.4827
64.51422619819641,-0.2544841405676886,0.49999237060546875,0.0,2,-0.229373,2.0,10337.1,77.5837,-11.3842,-1.26074,7.89473,12.6038,15.7826,19.4728,22.7502,24.8693,26.1772,27.4445,28.4303,29.4918,30.6381,31.8796,33.8014,36.3097,42.2035,62.6707,200.0,51.876,10.0311,-0.117579,72.3981,70.1931,79.2242,79.2242
64.53343319892883,-0.14216005620643124,0.9999847412109375,0.0,2,-0.236589,2.0,10301.9,78.1163,-10.87,-1.27479,7.81309,12.3871,15.4518,18.9844,22.0989,24.1014,25.3329,26.5229,27.4464,28.4387,29.5079,30.6629,32.4452,34.7605,40.1539,58.3856,200.0,56.2212,10.2254,-0.110951,72.7589,71.0414,78.9557,78.9557
64.55262541770935,-0.10047410434207817,0.9999847412109375,0.0,2,-0.240781,2.0,10261.4,78.6868,-10.2423,-1.31262,7.73926,12.2213,15.2117,18.6448,21.6593,23.5913,24.777,25.9212,26.8079,27.7597,28.7837,29.8886,31.5903,33.7954,38.9077,55.942,200.0,59.3163,10.3851,-0.103265,72.9941,71.9594,78.6485,78.6485
64.57182550430298,-0.058620936873435975,0.9999847412109375,0.0,2,-0.241587,2.0,10211.4,79.2971,-9.42152,-1.35585,7.67467,12.11,15.067,18.459,21.4351,23.3414,24.511,25.6391,26.5132,27.4512,28.4603,29.5487,31.2244,33.3948,38.4223,55.129,200.0,60.4253,10.4995,-0.0945915,73.1898,72.9442,78.2696,78.2696
64.59095239639282,-0.033232396613220375,0.9999847412109375,0.0,2,-0.239129,2.0,10148.6,79.9443,-8.394,-1.3952,7.61867,12.0497,15.011,18.416,21.4106,23.3322,24.5126,25.6522,26.5358,27.4846,28.5061,29.6087,31.3082,33.5125,38.6326,55.7881,200.0,59.4477,10.568,-0.0849864,73.4014,73.9257,77.7939,77.7939
64.61131739616394,-0.02552744432488301,0.9999847412109375,0.0,2,-0.234025,2.0,10074.8,80.6209,-7.15551,-1.42298,7.56844,12.0287,15.0251,18.4875,21.548,23.5196,24.7337,25.908,26.82,27.8007,28.8582,30.0016,31.768,34.0663,39.4363,57.7574,200.0,56.9949,10.6005,-0.074474,73.6633,74.8042,77.2305,77.2305
64.63040566444397,-0.02545024956052657,0.49999237060546875,0.0,2,-0.228129,2.0,11148.2,81.4355,-5.85327,-1.44034,7.51539,12.0127,15.0525,18.5859,21.728,23.7617,25.0176,26.2352,27.1827,28.2033,29.306,30.5007,32.3514,34.7687,40.4575,60.311,200.0,54.4212,10.6296,-0.0630545,74.0448,75.368,85.0893,85.0893
64.65002751350403,-0.025366051735666893,0.49999237060546875,0.0,2,-0.224165,2.0,12004.8,82.324,-4.88355,-1.47095,7.44732,11.9501,15.0065,18.5735,21.7589,23.8272,25.1072,26.3501,27.3185,28.3631,29.4931,30.7192,32.6222,35.1144,41.0103,61.9249,200.0,53.1056,10.7005,-0.0508153,74.9167,75.8443,91.6578,91.6578
64.66981530189514,-0.025284886359198327,0.49999237060546875,0.0,2,-0.222544,2.0,12877.6,83.1805,-4.2102,-1.53765,7.36325,11.834,14.8741,18.428,21.6071,23.6741,24.9545,26.1985,27.1683,28.215,29.3479,30.5779,32.4884,34.9935,40.9326,62.1479,200.0,53.0315,10.8182,-0.037894,75.8992,76.2896,98.3483,98.3483
64.68965196609497,-0.02520209104171954,0.49999237060546875,0.0,2,-0.223361,2.0,13711.8,84.0542,-3.81134,-1.59237,7.26353,11.6643,14.6542,18.1464,21.2676,23.2957,24.5513,25.7709,26.7214,27.7469,28.8566,30.0612,31.9313,34.3819,40.1855,60.8438,200.0,54.1819,10.9846,-0.0243649,76.9316,76.7603,104.758,104.758
64.70941972732544,-0.0166399229918411,0.49999237060546875,0.0,2,-0.226126,2.0,14514.0,84.9507,-3.65936,-1.63371,7.15129,11.453,14.3669,17.7607,20.7851,22.7457,23.9579,25.1339,26.0496,27.0367,28.1038,29.2609,31.0548,33.4013,38.9379,58.4173,200.0,56.3986,11.1923,-0.0102884,77.9666,77.3402,110.916,110.916
64.728830575943,-0.011383778016921134,0.49999237060546875,0.0,2,-0.230208,2.0,13752.1,85.8675,-3.67085,-1.66228,7.0302,11.2145,14.0366,17.31,20.2147,22.0916,23.2495,24.3711,25.2433,26.1823,27.196,28.2935,29.992,32.2073,37.4075,55.4071,200.0,59.5245,11.4317,0.00428851,78.952,78.0186,105.656,105.656
64.74761962890625,-0.009832952024261158,0.49999237060546875,0.0,2,-0.234965,2.0,13025.1,86.7936,-3.73499,-1.67981,6.90348,10.962,13.6859,16.8305,19.6074,21.3951,22.4953,23.5592,24.3852,25.2732,26.2304,27.2651,28.8628,30.9404,35.7893,52.2763,200.0,63.3817,11.6931,0.0193632,79.8744,78.7811,100.088,100.088
64.76604318618774,-0.00979849269900471,0.49999237060546875,0.0,2,-0.239857,2.0,12310.2,87.716,-3.76889,-1.68975,6.77334,10.7053,13.3312,16.3484,19.0001,20.7007,21.745,22.7529,23.5343,24.3731,25.2759,26.2503,27.7517,29.6981,34.2157,49.3146,190.384,67.7731,11.9678,0.0349726,80.7392,79.607,94.5977,94.5977
64.78539299964905,-0.009765142916202856,0.49999237060546875,0.0,2,-0.244346,2.0,11663.8,88.6087,-3.69207,-1.69555,6.64155,10.4527,12.9865,15.8857,18.4227,20.0444,21.0381,21.9958,22.7371,23.5321,24.3865,25.3074,26.7236,28.5548,32.7843,46.7133,163.123,72.3655,12.2458,0.0511796,81.5321,80.4804,89.605,89.605
64.81431031227112,-0.009734733234114014,0.9999847412109375,0.0,2,-0.247911,2.0,11176.6,89.4227,-3.40881,-1.69974,6.50938,10.2105,12.6628,15.4593,17.8983,19.4534,20.4048,21.3205,22.0287,22.7873,23.6019,24.4788,25.8255,27.5635,31.5625,44.587,145.376,76.6529,12.517,0.0680765,82.212,81.359,85.7906,85.7906
64.83337998390198,-0.0374178685085848,0.9999847412109375,0.0,2,-0.250134,2.0,10944.7,90.1002,-2.91875,-1.70593,6.37755,9.98309,12.3669,15.0799,17.4412,18.9444,19.8631,20.7467,21.4297,22.1608,22.9454,23.7895,25.0846,26.7541,30.5866,42.9861,134.835,80.0413,12.7717,0.0857426,82.7433,82.1967,83.9134,83.9134
64.85262656211853,-0.059667460385071425,0.9999847412109375,0.0,2,-0.251059,2.0,10909.1,90.6697,-2.34433,-1.71497,6.24558,9.76812,12.095,14.741,17.0421,18.506,19.4003,20.2602,20.9246,21.6358,22.3987,23.2194,24.4779,26.0995,29.8187,41.819,129.183,82.333,13.0088,0.10417,83.1659,82.9284,83.5912,83.5912
64.87131595611572,-0.06315310988296197,0.9999847412109375,0.0,2,-0.251191,2.0,10940.7,91.2023,-1.80824,-1.72409,6.11194,9.55794,11.834,14.4219,16.6721,18.1036,18.978,19.8187,20.4683,21.1636,21.9095,22.7117,23.942,25.5271,29.162,40.8859,126.03,83.894,13.2368,0.123271,83.5837,83.5397,83.8206,83.8206
64.89084720611572,-0.05942453888814431,0.9999847412109375,0.0,2,-0.250955,2.0,10988.0,91.7255,-1.36265,-1.73089,5.97575,9.34702,11.5742,14.1071,16.3099,17.7115,18.5677,19.391,20.0272,20.7082,21.4388,22.2245,23.4298,24.9828,28.5449,40.042,123.903,85.1132,13.463,0.142925,84.03,84.0764,84.1801,84.1801
64.91046071052551,-0.04288741298207144,0.49999237060546875,0.0,2,-0.250705,2.0,12065.9,92.4543,-1.07043,-1.73504,5.83645,9.13125,11.3084,13.785,15.9394,17.3103,18.1479,18.9535,19.5759,20.2422,20.9571,21.7261,22.9057,24.4258,27.9135,39.1784,121.729,86.3429,13.694,0.163028,84.5924,84.6407,92.1392,92.1392
64.92988729476929,-0.02905801476040017,0.49999237060546875,0.0,2,-0.250252,2.0,12829.1,93.3407,-0.97899,-1.74031,5.69559,8.91461,11.0427,13.4643,15.5717,16.9133,17.7331,18.5216,19.131,19.7834,20.4835,21.2366,22.3921,23.8815,27.3002,38.3572,120.08,87.3702,13.9238,0.183448,85.3305,85.4363,98.03,98.03
64.94967412948608,-0.026540675586253403,0.49999237060546875,0.0,2,-0.248851,2.0,13528.2,94.2728,-0.911549,-1.74803,5.55637,8.70802,10.7943,13.1715,15.2429,16.5628,17.3699,18.1465,18.747,19.39,20.0804,20.8234,21.9638,23.435,26.8167,37.7998,121.205,87.3913,14.1331,0.20407,86.0427,86.3652,103.403,103.403
64.96968674659729,-0.026440668254241347,0.49999237060546875,0.0,2,-0.246442,2.0,14194.4,95.2364,-0.757379,-1.75953,5.41905,8.51192,10.5641,12.9075,14.9541,16.2604,17.0601,17.8302,18.426,19.0645,19.7504,20.4891,21.6242,23.0902,26.4688,37.5223,125.718,86.3916,14.3191,0.224854,86.7852,87.3346,108.518,108.518
64.98902344703674,-0.026338377649808925,0.49999237060546875,0.0,2,-0.243349,2.0,14843.1,96.222,-0.529534,-1.77606,5.28241,8.32139,10.3439,12.6601,14.6889,15.9868,16.7823,17.5493,18.1433,18.7803,19.4652,20.2036,21.3396,22.8095,26.2078,37.4356,133.476,84.7973,14.4891,0.245801,87.5848,88.2929,113.493,113.493
65.00885033607483,-0.03110700789487362,0.49999237060546875,0.0,2,-0.24002,2.0,13941.7,97.2158,-0.242984,-1.79787,5.14478,8.1301,10.1235,12.4135,14.4258,15.7163,16.5086,17.2733,17.8661,18.5024,19.1873,19.9264,21.0651,22.5414,25.9669,37.4098,143.854,83.1091,14.6539,0.266928,88.4512,89.2178,107.155,107.155
65.02801609039307,-0.054528797550201416,0.49999237060546875,0.0,2,-0.236891,2.0,13124.4,98.194,0.0289081,-1.82493,5.00473,7.93237,9.89338,12.1531,14.1448,15.425,16.2122,16.9729,17.5631,18.1972,18.8804,19.6185,20.757,22.2359,25.6796,37.3084,155.588,81.7239,14.824,0.28824,89.3643,90.0941,100.872,100.872
65.04834342002869,-0.1260358224333444,0.9999847412109375,0.0,2,-0.234098,2.0,12412.0,99.1162,0.212563,-1.85636,4.86216,7.72702,9.65147,11.8751,13.8404,15.1065,15.886,16.64,17.2256,17.8553,18.5342,19.2683,20.4024,21.8779,25.3249,37.0827,167.987,80.7125,15.0024,0.309699,90.275,90.9295,95.349,95.349
65.06772804260254,-0.20033111854181437,0.9999847412109375,0.0,2,-0.231732,2.0,12010.5,99.8674,0.288283,-1.88764,4.71746,7.51415,9.3974,11.5785,13.5109,14.758,15.5268,16.2711,16.8496,17.472,18.1437,18.8706,19.9945,21.4592,24.8907,36.6992,180.017,80.1016,15.1905,0.33122,91.1139,91.6701,92.1098,92.1098
65.08702850341797,-0.24012024410516025,0.9999847412109375,0.0,2,-0.229846,2.0,11973.7,100.41,0.278211,-1.91608,4.57127,7.29458,9.13203,11.2641,13.1567,14.38,15.1348,15.8661,16.4348,17.0471,17.7082,18.4241,19.5321,20.9778,24.3726,36.14,190.334,79.8909,15.3887,0.352702,91.7699,92.2134,91.7383,91.7383
65.10691547393799,-0.26110235281521454,0.9999847412109375,0.0,2,-0.22811,2.0,12029.6,100.898,0.23124,-1.93719,4.42495,7.07301,8.86296,10.9435,12.7938,13.9913,14.7309,15.4479,16.0058,16.6069,17.2562,17.9597,19.0496,20.4731,23.8233,35.5159,200.0,79.7983,15.5886,0.374096,92.2664,92.6728,92.1575,92.1575
65.12655782699585,-0.2605971327284351,0.9999847412109375,0.0,2,-0.225854,2.0,12091.6,101.38,0.143359,-1.94984,4.28071,6.85753,8.6035,10.6376,12.4508,13.6265,14.3535,15.0589,15.6082,16.2004,16.8406,17.5349,18.6115,20.0199,23.3442,35.0537,200.0,79.3103,15.7726,0.395351,92.6481,93.1762,92.6322,92.6322
65.14694595336914,-0.2598623624362517,0.9999847412109375,0.0,2,-0.221745,2.0,13180.7,102.081,0.0477819,-1.95748,4.14267,6.66323,8.37867,10.3857,12.1826,13.3518,14.0763,14.7805,15.3296,15.9224,16.5641,17.2612,18.3443,19.7653,23.1377,35.2273,200.0,77.5048,15.9059,0.41636,92.9052,93.8405,100.683,100.683
65.1668152809143,-0.22400445132671545,0.49999237060546875,0.0,2,-0.214234,2.0,13947.9,102.945,0.184547,-1.96392,4.01504,6.50639,8.21611,10.2326,12.0529,13.2451,13.9869,14.7101,15.2758,15.8879,16.5524,17.2763,18.4056,19.8955,23.4697,36.7423,200.0,73.6256,15.9491,0.437044,93.1771,94.8054,106.601,106.601
65.1865861415863,-0.1338557996014133,0.49999237060546875,0.0,2,-0.202962,2.0,14651.3,103.844,0.661578,-1.97126,3.89881,6.39088,8.12352,10.1929,12.0859,13.3386,14.1234,14.8924,15.4965,16.1531,16.869,17.6528,18.8835,20.5225,24.5262,40.3466,200.0,68.1548,15.8964,0.457335,93.498,95.9248,112.008,112.008
65.20588088035583,-0.08247233518799146,0.49999237060546875,0.0,2,-0.188185,2.0,15322.2,104.758,1.4826,-1.98012,3.79349,6.31534,8.10077,10.2713,12.2944,13.6535,14.5133,15.3623,16.0337,16.7678,17.5737,18.4626,19.8722,21.7763,26.562,47.5539,200.0,62.0076,15.7612,0.47719,93.8733,97.0733,117.158,117.158
65.22495603561401,-0.04970377521667008,0.49999237060546875,0.0,2,-0.170306,2.0,15981.0,105.67,2.62438,-1.99313,3.69839,6.27831,8.14858,10.4761,12.7011,14.227,15.2057,16.1823,16.962,17.822,18.7755,19.8383,21.5489,23.9091,30.108,62.7782,200.0,55.9091,15.5614,0.496575,94.3093,98.2177,122.207,122.207
65.25294613838196,-0.029956887289285663,0.49999237060546875,0.0,2,-0.149665,2.0,16645.2,106.562,4.0437,-2.01175,3.6132,6.28049,8.27268,10.8279,13.3535,15.1347,16.2988,17.478,18.4322,19.4982,20.6968,22.0541,24.287,27.4707,36.4476,105.765,152.207,50.251,15.3135,0.515447,94.7508,99.2887,127.292,127.292
65.27099776268005,-0.011947913640765473,0.49999237060546875,0.0,2,-0.126741,2.0,15716.4,107.399,5.67986,-2.03586,3.53746,6.32238,8.48019,11.3556,14.3247,16.4993,17.9585,19.4682,20.7138,22.1316,23.7597,25.6484,28.8644,33.6998,49.1676,200.0,111.404,45.2342,15.0354,0.533754,95.2713,100.374,120.749,120.749
65.28946471214294,-0.007746550600330034,0.49999237060546875,0.0,2,-0.103051,2.0,14974.4,108.132,7.35605,-2.07357,3.46819,6.39185,8.75531,12.0526,15.6487,18.4159,20.34,22.3906,24.1306,26.1658,28.5784,31.4837,36.7134,45.3268,80.9952,200.0,87.6595,41.0826,14.7607,0.551393,95.9728,101.399,114.999,114.999
65.30836033821106,-0.007727077570557595,0.49999237060546875,0.0,2,-0.0806468,2.0,14437.9,108.74,8.80747,-2.1398,3.40063,6.46528,9.05663,12.8605,17.2825,20.8979,23.5301,26.4492,29.0239,32.1565,36.0505,41.0208,50.8402,70.0045,200.0,200.0,73.2614,37.8896,14.5243,0.568248,96.7259,101.991,110.801,110.801
65.32513189315796,-0.0077116080419719225,0.49999237060546875,0.0,2,-0.0605591,2.0,14120.1,109.223,9.86972,-2.20537,3.33295,6.52824,9.35429,13.7305,19.1923,23.9902,27.6899,32.0155,36.0401,41.2257,48.1587,57.9002,80.7898,147.421,200.0,154.363,64.0791,35.4997,14.3359,0.584155,97.4895,102.306,108.289,108.289
65.3517096042633,-0.007698732782155275,0.9999847412109375,0.0,2,-0.0429314,2.0,13963.9,109.625,10.5449,-2.255,3.26575,6.57709,9.63641,14.6403,21.3875,27.8315,33.1717,39.8724,46.6005,56.0652,70.3611,94.4525,181.461,200.0,200.0,121.197,57.8847,33.6993,14.1897,0.598964,98.2073,102.476,107.043,107.043
65.36890697479248,-0.007686978502670924,0.9999847412109375,0.0,2,-0.0275434,2.0,13897.6,109.992,10.9022,-2.28582,3.20054,6.61364,9.90151,15.5847,23.9148,32.687,40.6519,51.6784,64.1054,84.4081,123.545,200.0,200.0,200.0,200.0,102.398,53.4865,32.3154,14.0761,0.612568,98.8725,102.607,106.511,106.511
65.38586163520813,-0.011803317887041097,0.9999847412109375,0.0,2,-0.0139888,2.0,13909.7,110.335,11.0302,-2.33238,3.13915,6.64344,10.1571,16.5796,26.887,39.0786,51.5641,71.5896,99.0845,160.888,200.0,200.0,200.0,200.0,174.736,90.2952,50.201,31.2172,13.9848,0.624908,99.4481,102.73,106.564,106.564
65.40994477272034,-0.024838475239848095,0.9999847412109375,0.0,2,-0.00147278,2.0,13942.8,110.674,11.0475,-2.39055,3.0842,6.67992,10.4325,17.709,30.6641,48.437,70.1406,115.408,200.0,200.0,200.0,200.0,200.0,200.0,143.745,81.5228,47.5415,30.2797,13.9023,0.635988,99.9035,102.9,106.836,106.836
65.42608857154846,-0.03704819021586329,0.9999847412109375,0.0,2,0.0100715,2.0,13940.6,111.044,10.9257,-2.41958,3.03644,6.72518,10.7314,18.999,35.5971,63.3389,108.45,200.0,200.0,200.0,200.0,200.0,200.0,183.957,123.743,74.8876,45.348,29.47,13.8263,0.645775,100.342,103.104,106.829,106.829
65.4498860836029,-0.03696617305528062,0.49999237060546875,0.0,2,0.0208852,2.0,15202.9,111.573,10.8088,-2.43517,2.99683,6.78448,11.0669,20.5149,42.4131,91.1955,200.0,200.0,200.0,200.0,200.0,200.0,196.416,153.949,109.586,69.6191,43.4775,28.7497,13.7528,0.654273,100.809,103.383,116.102,116.102
65.46592926979065,-0.03685609331234358,0.49999237060546875,0.0,2,0.0324041,2.0,16129.6,112.283,10.9452,-2.44243,2.96887,6.88752,11.5278,22.6462,54.2832,180.805,200.0,200.0,200.0,200.0,200.0,200.0,160.713,131.243,97.7055,64.7548,41.6288,28.0027,13.6639,0.661635,101.306,103.962,123.27,123.27
65.48880052566528,-0.036735625762678685,0.49999237060546875,0.0,2,0.0453297,2.0,16933.7,113.06,11.3349,-2.44246,2.95431,7.05484,12.1941,25.951,81.3774,200.0,200.0,200.0,200.0,200.0,185.227,159.508,133.562,112.643,87.1086,60.0274,39.71,27.1892,13.5529,0.667966,101.808,104.724,129.468,129.468
65.50456833839417,-0.02450740073889494,0.49999237060546875,0.0,2,0.0598871,2.0,17652.6,113.864,11.9614,-2.44156,2.95415,7.30319,13.1557,31.4904,197.484,200.0,200.0,200.0,196.328,167.747,146.439,129.943,112.255,97.1577,77.6256,55.4516,37.7321,26.3116,13.4194,0.673311,102.288,105.53,135.005,135.005
65.52804756164551,-0.014774256553463639,0.49999237060546875,0.0,2,0.0761496,2.0,18315.7,114.668,12.8244,-2.45275,2.96944,7.6531,14.552,42.0347,200.0,200.0,200.0,171.593,149.411,132.316,118.74,107.698,95.3023,84.2375,69.209,51.0904,35.7305,25.3838,13.2649,0.677685,102.751,106.338,140.102,140.102
65.5506739616394,-0.0027040849238540977,0.49999237060546875,0.0,2,0.0938103,2.0,17322.3,115.427,13.8494,-2.48468,3.00025,8.1227,16.5851,67.4727,200.0,200.0,157.368,132.226,118.692,107.679,98.5426,90.842,81.8931,73.6184,61.9208,47.0656,33.7768,24.4401,13.0954,0.681093,103.239,107.146,133.075,133.075
65.56562995910645,0.0,0.49999237060546875,0.0,2,0.111955,2.0,16533.7,116.085,14.8242,-2.5261,3.04544,8.71696,19.5149,185.89,200.0,147.954,122.891,107.042,98.0209,90.4088,83.8997,78.2704,71.5581,65.1815,55.8757,43.5381,31.9751,23.5355,12.9217,0.683436,103.758,107.861,126.965,126.965
65.58786511421204,0.0005868379957973957,0.49999237060546875,0.0,2,0.129696,2.0,15941.7,116.625,15.6283,-2.57274,3.1039,9.43664,23.7574,200.0,168.889,117.589,101.218,90.24,83.7586,78.1514,73.2531,68.9373,63.6923,58.607,50.9996,40.5575,30.3828,22.7074,12.752,0.684584,104.297,108.434,122.35,122.35
65.60940957069397,0.00268811715165774,0.49999237060546875,0.0,2,0.146502,2.0,15549.7,117.054,16.2094,-2.61452,3.17542,10.2879,30.106,200.0,131.914,98.4193,86.7014,78.5327,73.5871,69.2325,65.3691,61.9184,57.6646,53.4756,47.0873,38.0723,29.0021,21.9655,12.5897,0.684411,104.873,108.9,119.267,119.267
65.63098859786987,0.008695343505901594,0.49999237060546875,0.0,2,0.16231,2.0,15357.8,117.379,16.6184,-2.67804,3.261,11.2938,40.3919,200.0,109.317,85.2803,76.3477,69.9482,66.0022,62.4823,59.3232,56.4722,52.9186,49.3766,43.8918,35.9759,27.7967,21.2981,12.4336,0.682843,105.415,109.25,117.74,117.74
65.65084505081177,0.020023440224332733,0.49999237060546875,0.0,2,0.177303,2.0,15244.0,117.671,16.8707,-2.7194,3.36252,12.4987,59.7869,182.916,93.9481,75.6272,68.5197,63.3223,60.0731,57.1451,54.4933,52.0805,49.0464,45.9927,41.2045,34.1638,26.7224,20.6863,12.2804,0.679829,105.898,109.533,116.848,116.848
65.6650161743164,0.03598687802776694,0.49999237060546875,0.0,2,0.191415,2.0,15169.9,117.955,16.9675,-2.73613,3.48085,13.9412,108.091,145.285,82.8658,68.2663,62.4182,58.0745,55.3291,52.8355,50.5605,48.477,45.8384,43.1614,38.9204,32.5858,25.7605,20.1237,12.1294,0.675315,106.319,109.747,116.268,116.268
65.68466377258301,0.044211659086989236,0.49999237060546875,0.0,2,0.204571,2.0,15120.4,118.241,16.9177,-2.73655,3.61657,15.6627,200.0,121.689,74.5479,62.5019,57.5572,53.8389,51.4686,49.3019,47.3136,45.4829,43.1508,40.7693,36.9639,31.2048,24.8967,19.6053,11.9802,0.669255,106.712,109.922,115.881,115.881
65.71072840690613,0.05649525766359642,0.9999847412109375,0.0,2,0.216681,2.0,15086.2,118.538,16.7277,-2.72866,3.76983,17.7037,200.0,105.648,68.1273,57.9013,53.6233,50.3746,48.2894,46.3733,44.6067,42.973,40.8819,38.7349,35.2798,29.9927,24.1199,19.1273,11.8322,0.661625,107.106,110.084,115.615,115.615
65.72970414161682,0.0739554790788889,0.9999847412109375,0.0,2,0.227642,2.0,15059.2,118.853,16.3983,-2.71689,3.94032,20.0952,200.0,94.1781,63.0793,54.1856,50.4088,47.5184,45.6527,43.9312,42.338,40.8593,38.9593,36.9997,33.8276,28.9284,23.422,18.687,11.6854,0.652409,107.529,110.255,115.406,115.406
65.74802303314209,0.09372508802116226,0.9999847412109375,0.0,3,0.237319,2.0,15034.3,119.191,15.9257,-2.7056,4.12695,22.8385,200.0,85.7304,59.0779,51.1733,47.777,45.1616,43.466,41.8961,40.4387,39.0821,37.3336,35.5237,32.5796,27.998,22.7978,18.283,11.54,0.641609,108.003,110.446,115.215,115.215
65.76575827598572,0.10661775962352753,0.9999847412109375,0.0,3,0.24553,2.0,15009.0,119.558,15.3012,-2.69899,4.32784,25.8749,200.0,79.4458,55.9186,48.7481,45.6394,43.2339,41.6689,40.2162,38.8642,37.603,35.9733,34.2815,31.519,27.1936,22.2453,17.9157,11.3962,0.629232,108.541,110.661,115.021,115.021
65.78759670257568,0.12030183469691624,0.9999847412109375,0.0,3,0.252178,2.0,14981.7,119.956,14.5101,-2.69528,4.54102,29.0891,200.0,74.7595,53.4405,46.8118,43.9185,41.6715,40.2057,38.8425,37.5715,36.3837,34.8459,33.2461,30.6259,26.5042,21.7598,17.5833,11.2541,0.615293,109.106,110.87,114.813,114.813
65.81021547317505,0.12479671881705522,0.49999237060546875,0.0,3,0.257607,2.0,16248.5,120.538,13.7057,-2.69535,4.7674,32.4729,199.363,71.0934,51.4164,45.2049,42.4796,40.3572,38.9699,37.6776,36.471,35.3418,33.8778,32.3521,29.8476,25.8932,21.3193,17.2733,11.111,0.599835,109.722,111.159,124.121,124.121
65.826580286026,0.12924299307129966,0.49999237060546875,0.0,3,0.26331,2.0,17146.2,121.329,13.1684,-2.70114,5.01703,36.6587,176.4,67.5209,49.3941,43.5863,41.0249,39.0244,37.7143,36.492,35.349,34.278,32.8872,31.4353,29.0464,25.2603,20.8595,16.9474,10.9579,0.583008,110.41,111.788,131.073,131.073
65.84852981567383,0.14394428502837817,0.49999237060546875,0.0,3,0.269532,3.0,13585.9,122.106,12.7587,-2.71712,5.29186,42.0757,156.347,63.9505,47.3281,41.9212,39.5238,37.6461,36.4137,35.262,34.1835,33.1715,31.8552,30.4786,28.208,24.5952,20.3738,16.6015,10.7943,0.564931,111.153,112.62,120.006,119.825
65.86945366859436,0.16511761054644983,0.9999847412109375,0.0,3,0.273809,3.0,13569.5,122.55,11.8956,-2.73834,5.57004,47.2011,144.161,61.389,45.7743,40.6451,38.363,36.5721,35.3951,34.294,33.2618,32.2924,31.0301,29.7085,27.5249,24.0414,19.9569,16.2941,10.6347,0.545518,111.967,113.115,111.395,111.705
65.88575482368469,0.1821176279700889,0.9999847412109375,0.0,3,0.274254,3.0,11239.5,122.637,10.4907,-2.76013,5.82971,49.7452,141.245,60.3862,45.0609,40.0218,37.7789,36.0185,34.8613,33.7787,32.7637,31.8103,30.5688,29.2687,27.1205,23.6925,19.6714,16.0644,10.4889,0.524708,112.719,113.042,108.595,108.722
65.90966987609863,0.18197104507877182,0.9999847412109375,0.0,3,0.271395,3.0,11584.5,122.82,8.78848,-2.77581,6.07015,49.5917,145.61,60.6415,45.0282,39.9274,37.6624,35.8867,34.7207,33.6305,32.6091,31.6502,30.4025,29.097,26.9421,23.5094,19.4922,15.8969,10.3533,0.502585,113.257,112.735,111.869,111.869
65.92618322372437,0.18164824231811177,0.9999847412109375,0.0,3,0.266282,3.0,11622.3,123.223,7.02803,-2.77977,6.29783,47.8589,156.227,61.8029,45.4673,40.1948,37.8634,36.0401,34.8448,33.7286,32.6842,31.7048,30.4321,29.1023,26.9117,23.4333,19.3798,15.7675,10.2223,0.47926,113.817,112.707,112.294,112.294
65.94801998138428,0.18130140957526863,0.9999847412109375,0.0,3,0.259079,3.0,11611.5,123.656,5.3393,-2.77535,6.50975,45.125,175.937,63.9646,46.4011,40.8349,38.3894,36.4834,35.237,34.0754,32.9904,31.9748,30.6573,29.2838,27.0277,23.462,19.3323,15.6747,10.0962,0.454967,114.438,112.811,112.193,112.193
65.96915888786316,0.1807719489678337,0.9999847412109375,0.0,3,0.249723,3.0,12166.1,124.317,3.87899,-2.76633,6.69969,41.806,200.0,67.4532,47.9507,41.9302,39.3087,37.2756,35.9506,34.7192,33.5718,32.5002,31.1138,29.6726,27.3149,23.6124,19.3601,15.625,9.97801,0.430056,115.126,112.999,117.399,117.399
65.98675036430359,0.15242247409947215,0.9999847412109375,0.0,3,0.238404,3.0,12386.8,125.178,2.59589,-2.75258,6.86488,38.3631,200.0,72.6865,50.2368,43.5535,40.6784,38.4628,37.0257,35.6948,34.4588,33.308,31.824,30.2875,27.7868,23.8919,19.4665,15.6203,9.86946,0.404904,116.012,113.436,119.596,119.596
66.01002287864685,0.1265588968190613,0.9999847412109375,0.0,3,0.225444,3.0,12528.8,126.078,1.33726,-2.74481,7.00614,35.1166,200.0,80.3078,53.41,45.7866,42.5586,40.0918,38.5012,37.0348,35.6786,34.4207,32.8057,31.1415,28.4506,24.3021,19.6502,15.6589,9.77093,0.379784,116.93,113.978,120.991,120.991
66.02814865112305,0.09056422304121467,0.9999847412109375,0.0,3,0.211399,3.0,12648.2,126.975,0.13359,-2.74652,7.12818,32.275,200.0,91.2317,57.6094,48.6851,44.9812,42.18,40.3872,38.7434,37.2309,35.8347,34.0512,32.2243,29.2931,24.8288,19.8994,15.7329,9.68094,0.354906,117.79,114.576,122.147,122.147
66.04518628120422,0.07107592921793461,0.9999847412109375,0.0,3,0.196732,3.0,12768.4,127.853,-0.997887,-2.75789,7.23505,29.8744,200.0,107.166,63.0656,52.3454,48.0062,44.7663,42.7113,40.8396,39.1279,37.5567,35.5621,33.5328,30.3064,25.4611,20.2046,15.8355,9.59828,0.330453,118.584,115.205,123.309,123.309
66.06838417053223,0.057187797022163867,0.9999847412109375,0.0,3,0.181813,3.0,12886.9,128.714,-2.03756,-2.76812,7.3301,27.8782,150.62,131.524,70.1419,56.9148,51.7265,47.9123,45.5191,43.3567,41.3935,39.6032,37.3466,35.0693,31.4864,26.1904,20.5573,15.961,9.52192,0.306575,119.319,115.856,124.449,124.449
66.08554172515869,0.05073378352168947,0.9999847412109375,0.0,3,0.167119,3.0,13025.4,129.549,-3.02026,-2.78804,7.41808,26.2577,101.629,171.382,79.2596,62.5162,56.1996,51.6423,48.819,46.2916,44.0163,41.9572,39.3831,36.8088,32.8059,26.9925,20.9404,16.0988,9.44956,0.283371,120.064,116.619,125.778,125.778
66.1097149848938,0.05054668268747628,0.49999237060546875,0.0,3,0.153008,3.0,13182.8,130.362,-3.91014,-2.81868,7.50268,24.9618,78.6255,200.0,91.0409,69.3076,61.4947,55.9817,52.6172,49.6377,46.981,44.5974,41.6448,38.7221,34.2352,27.8424,21.3371,16.2391,9.37912,0.260893,120.761,117.428,127.291,127.291
66.12820339202881,0.05036211335286499,0.49999237060546875,0.0,3,0.13969,3.0,13349.5,131.164,-4.72245,-2.85417,7.58609,23.9325,65.5016,200.0,106.488,77.5213,67.7154,60.9764,56.9342,53.3983,50.2797,47.5087,44.1109,40.7847,35.7496,28.7197,21.7346,16.3749,9.30913,0.239159,121.455,118.302,128.901,128.901
66.14666414260864,0.04722588366602237,0.49999237060546875,0.0,3,0.127218,3.0,13511.0,131.97,-5.41827,-2.88807,7.66891,23.1108,57.1165,200.0,127.395,87.547,75.0474,66.7226,61.8292,57.6086,53.9312,50.6986,46.7794,42.9893,37.3372,29.6138,22.1264,16.5028,9.23907,0.218182,122.112,119.158,130.465,130.465
66.1665244102478,0.04704956907947859,0.49999237060546875,0.0,3,0.115448,3.0,13660.0,132.784,-6.00764,-2.91628,7.74954,22.4354,51.2719,200.0,157.566,100.177,83.9009,73.4684,67.4806,62.4,58.035,54.2445,49.706,45.3754,39.0219,30.5362,22.5185,16.6266,9.17002,0.197991,122.777,119.995,131.912,131.912
66.18565440177917,0.04403247700373332,0.49999237060546875,0.0,3,0.104038,3.0,13795.5,133.602,-6.49311,-2.90724,7.82442,21.8434,46.8433,200.0,200.0,117.144,95.18,81.7769,74.3092,68.096,62.846,58.3515,53.0475,48.0632,40.8829,31.5301,22.9329,16.7578,9.10472,0.178632,123.492,120.817,133.227,133.227
66.20502042770386,0.031059351804948718,0.9999847412109375,0.0,3,0.0929848,3.0,13095.4,134.329,-6.81537,-2.89732,7.89294,21.3176,43.3666,172.658,200.0,141.109,110.019,92.25,82.7149,74.9715,68.5583,63.1604,56.8964,51.1123,42.949,32.6047,23.3725,16.8979,9.04392,0.160195,124.168,121.565,126.763,126.763
66.22644662857056,0.018547596096387134,0.9999847412109375,0.0,3,0.0837719,3.0,12810.9,134.795,-6.70502,-2.89019,7.96733,20.9636,41.0301,133.95,200.0,170.89,126.813,103.477,91.4626,81.9538,74.2411,67.8599,60.5781,53.9696,44.8249,33.5338,23.7257,16.993,8.97808,0.1429,124.542,122.289,123.847,123.847
66.2458324432373,0.005828725788742304,0.9999847412109375,0.0,3,0.076944,3.0,12743.8,135.125,-6.22933,-2.88638,8.0514,20.7948,39.6549,115.867,200.0,200.0,143.077,113.719,99.1904,87.9593,79.0178,71.7319,63.5381,56.2102,46.2369,34.1816,23.935,17.0187,8.9038,0.126878,124.666,122.934,123.146,123.146
66.27257347106934,0.0,0.9999847412109375,0.0,3,0.071777,3.0,12713.4,135.476,-5.39299,-2.83621,8.1511,20.7671,38.8807,105.917,200.0,200.0,158.324,122.741,105.771,92.9296,82.8744,74.7879,65.8066,57.8743,47.2264,34.5782,24.014,16.9779,8.8155,0.110748,124.744,123.548,122.839,122.839
66.29390406608582,-0.003171547122001648,0.9999847412109375,0.0,3,0.0683266,3.0,12717.1,135.816,-4.44058,-2.7933,8.25239,20.8385,38.5603,100.767,200.0,200.0,170.177,129.331,110.413,96.3287,85.4372,76.7636,67.2185,58.8643,47.7607,34.733,23.9843,16.8909,8.72549,0.0961161,124.888,124.09,122.865,122.865
66.31419968605042,-0.010516632375527794,0.9999847412109375,0.0,3,0.0655214,3.0,13326.8,136.461,-3.69084,-2.77283,8.34752,20.9287,38.3726,97.1978,200.0,200.0,181.25,135.205,114.448,99.2225,87.5784,78.3855,68.3499,59.6352,48.1504,34.8164,23.9275,16.7966,8.64033,0.0827583,125.265,124.639,128.617,128.617
66.33493900299072,-0.01186734340588252,0.9999847412109375,0.0,3,0.0623972,3.0,13563.0,137.361,-3.26559,-2.76931,8.43069,20.9721,38.0722,93.3723,200.0,200.0,196.266,142.936,119.712,102.987,90.3686,80.5101,69.8508,60.6804,48.7154,34.9923,23.9177,16.7284,8.56459,0.0703224,126.051,125.378,130.964,130.964
66.35500454902649,-0.011813263694445292,0.9999847412109375,0.0,3,0.0594217,3.0,13704.0,138.33,-2.99667,-2.78075,8.50842,21.0103,37.7934,90.072,200.0,200.0,200.0,151.387,125.344,106.952,93.2739,82.7033,71.3864,61.742,49.2845,35.1695,23.9109,16.6644,8.49306,0.0585909,126.903,126.262,132.355,132.355
66.38129377365112,-0.011757230639457704,0.9999847412109375,0.0,3,0.0569903,3.0,13797.7,139.334,-2.73493,-2.76597,8.58563,21.0754,37.6355,87.7431,200.0,200.0,200.0,159.0,130.266,110.336,95.7017,84.5003,72.6117,62.5632,49.6957,35.2664,23.87,16.5869,8.42187,0.0474488,127.776,127.256,133.277,133.277
66.40279579162598,-0.013161425953041761,0.9999847412109375,0.0,3,0.0551102,3.0,13865.3,140.358,-2.46201,-2.74575,8.66311,21.1691,37.5951,86.238,200.0,200.0,200.0,165.24,134.169,112.94,97.5176,85.807,73.4652,63.1038,49.9281,35.2751,23.7919,16.4945,8.3505,0.0368299,128.648,128.241,133.938,133.938
66.42285633087158,-0.010273833647373443,0.9999847412109375,0.0,3,0.0539958,3.0,13924.1,141.391,-2.17979,-2.73585,8.74375,21.3091,37.7221,85.7268,200.0,200.0,200.0,168.606,136.12,114.137,98.2739,86.2877,73.7107,63.1955,49.8808,35.1475,23.6557,16.3774,8.27682,0.0266546,129.51,129.259,134.507,134.507
66.44388818740845,-0.0005207626501688113,0.9999847412109375,0.0,3,0.0536591,3.0,13955.7,142.441,-1.84889,-2.71822,8.82857,21.4985,38.0207,86.166,200.0,200.0,200.0,168.547,135.828,113.755,97.8592,85.8665,73.3006,62.8075,49.5381,34.8776,23.459,16.2344,8.2002,0.0168439,130.368,130.275,134.858,134.858
66.46987390518188,0.0023827085653940834,0.9999847412109375,0.0,3,0.0539972,3.0,13947.0,143.52,-1.47401,-2.65453,8.91725,21.732,38.4708,87.429,200.0,200.0,200.0,165.428,133.555,111.987,96.423,84.6629,72.3229,62.0061,48.9419,34.4862,23.2106,16.0693,8.12111,0.00734202,131.276,131.322,134.742,134.742
66.49008965492249,0.007679844488079349,0.9999847412109375,0.0,3,0.0547997,3.0,14010.5,144.546,-1.11041,-2.61057,9.00854,21.9968,39.0299,89.2951,200.0,200.0,200.0,160.386,130.023,109.334,94.3302,82.9536,70.9786,60.9362,48.1811,34.0156,22.9289,15.8901,8.04063,-0.00192261,132.187,132.335,135.327,135.327
66.51067805290222,0.010074998910427093,0.9999847412109375,0.0,3,0.0558507,3.0,14131.4,145.531,-0.79915,-2.60306,9.10117,22.2793,39.6523,91.5331,200.0,200.0,200.0,154.574,125.965,106.299,91.9504,81.0202,69.4682,59.744,47.3439,33.5081,22.6317,15.7044,7.95971,-0.0110372,133.086,133.294,136.475,136.475
66.53089141845703,0.01278132236869385,0.9999847412109375,0.0,3,0.0569269,3.0,14271.2,146.503,-0.537437,-2.62471,9.19361,22.5644,40.2869,93.8725,200.0,200.0,200.0,148.987,122.029,103.338,89.6185,79.1202,67.9799,58.5665,46.5149,33.0044,22.3363,15.52,7.87939,-0.0200762,133.982,134.203,137.825,137.825
66.55793786048889,0.015793233746737242,0.9999847412109375,0.0,3,0.0576817,3.0,14400.2,147.479,-0.32254,-2.62254,9.28255,22.8245,40.8427,95.8066,200.0,200.0,200.0,144.852,119.047,101.051,87.7878,77.6077,66.7756,57.5981,45.8167,32.5657,22.0702,15.3492,7.80179,-0.0290732,134.942,135.108,139.08,139.08
66.5786144733429,0.01736883411683142,0.9999847412109375,0.0,3,0.0579359,3.0,14503.0,148.472,-0.199445,-2.5594,9.3661,23.0442,41.2671,97.0232,200.0,200.0,200.0,142.613,117.337,99.6791,86.6461,76.6323,65.9671,56.924,45.3036,32.2199,21.8461,15.198,7.728,-0.038039,135.926,135.981,140.085,140.085
66.59904050827026,0.019009148530885575,0.9999847412109375,0.0,3,0.0577008,3.0,14588.9,149.478,-0.137544,-2.51344,9.44425,23.2232,41.5585,97.5024,200.0,200.0,200.0,142.112,116.805,99.1547,86.1443,76.1573,65.5295,56.5254,44.9649,31.9618,21.6617,15.0654,7.65779,-0.0469778,136.881,136.835,140.919,140.919
66.62007927894592,0.018912833438739177,0.9999847412109375,0.0,3,0.0570475,3.0,14656.1,150.494,-0.139115,-2.47873,9.51762,23.3665,41.7337,97.3468,200.0,200.0,200.0,143.106,117.276,99.3516,86.1855,76.1058,65.4049,56.3592,44.7728,31.7773,21.5106,14.9484,7.59064,-0.0558845,137.831,137.699,141.622,141.622
66.64532804489136,0.020599646195567523,0.9999847412109375,0.0,3,0.0561191,3.0,14616.6,151.585,-0.158863,-2.35494,9.58753,23.4852,41.8312,96.7862,200.0,200.0,200.0,145.166,118.451,100.045,86.5971,76.341,65.4907,56.348,44.6779,31.6411,21.3814,14.8418,7.52562,-0.0647474,138.82,138.627,141.22,141.22
66.66612267494202,0.01871280898556113,0.9999847412109375,0.0,3,0.0549461,3.0,14673.9,152.604,-0.190155,-2.25491,9.65401,23.5812,41.8589,95.8856,200.0,200.0,200.0,148.297,120.312,101.219,87.3614,76.8466,65.772,56.4802,44.6718,31.5491,21.2722,14.7446,7.46273,-0.0735365,139.793,139.549,141.737,141.737
66.68602347373962,0.020392730917651206,0.9999847412109375,0.0,3,0.05358,3.0,14794.3,153.578,-0.238407,-2.20555,9.71734,23.6583,41.8307,94.7388,200.0,200.0,200.0,152.459,122.811,102.823,88.4371,77.5874,66.2218,56.7345,44.7403,31.4936,21.1796,14.6556,7.4018,-0.0822258,140.721,140.435,142.877,142.877
66.70667457580566,0.02029389331374938,0.9999847412109375,0.0,3,0.0520088,3.0,14946.2,154.53,-0.299827,-2.21622,9.77721,23.7151,41.7446,93.3542,200.0,200.0,200.0,157.899,126.078,104.938,89.8748,78.5985,66.8624,57.1251,44.8912,31.4781,21.105,14.5752,7.34305,-0.0907962,141.623,141.293,144.341,144.341
66.73441052436829,0.018439789826720954,0.9999847412109375,0.0,3,0.0502159,3.0,15088.8,155.484,-0.376329,-2.19894,9.83324,23.7502,41.5977,91.7364,200.0,200.0,200.0,164.993,130.303,107.673,91.7463,79.9289,67.7258,57.673,45.1359,31.5071,21.0503,14.5045,7.28673,-0.0992287,142.574,142.205,145.729,145.729
66.75705242156982,0.020093518759620687,0.9999847412109375,0.0,3,0.0480544,3.0,15201.1,156.46,-0.469544,-2.11732,9.88348,23.751,41.3535,89.7346,200.0,200.0,200.0,175.024,136.201,111.481,94.3613,81.8056,68.9674,58.4877,45.5385,31.6109,21.0286,14.4494,7.2341,-0.107484,143.525,143.07,146.826,146.826
66.77776551246643,0.01825322673484683,0.9999847412109375,0.0,3,0.0457088,3.0,15290.7,157.452,-0.589574,-2.05781,9.92976,23.7328,41.0629,87.6199,200.0,200.0,200.0,187.837,143.528,116.14,97.5353,84.0741,70.4672,59.4771,46.0395,31.759,21.0261,14.4036,7.18413,-0.11554,144.433,143.94,147.699,147.699
66.79888677597046,0.018154826079681514,0.9999847412109375,0.0,3,0.0433528,3.0,15307.2,158.49,-0.680885,-1.97402,9.97378,23.7095,40.7698,85.6025,200.0,200.0,200.0,200.0,151.931,121.362,101.041,86.5539,72.0923,60.5431,46.5775,31.9216,21.0299,14.3615,7.13585,-0.123375,145.332,144.833,147.944,147.944
66.81920790672302,0.01805358147494495,0.9999847412109375,0.0,3,0.0412061,3.0,15281.6,159.558,-0.703728,-1.80493,10.0176,23.6978,40.5257,83.8993,200.0,200.0,200.0,200.0,160.57,126.578,104.471,88.9427,73.6304,61.5351,47.0643,32.0579,21.023,14.3155,7.08819,-0.130947,146.28,145.819,147.632,147.632
66.83962512016296,0.01795982593741268,0.9999847412109375,0.0,3,0.0393764,3.0,15363.9,160.547,-0.687938,-1.67589,10.0621,23.7055,40.3523,82.5782,200.0,200.0,200.0,200.0,168.725,131.346,107.531,91.0331,74.945,62.3608,47.4485,32.1459,20.9968,14.2622,7.04062,-0.138235,147.173,146.774,148.395,148.395
66.86661410331726,0.01786995713096112,0.9999847412109375,0.0,3,0.0376627,3.0,15505.3,161.495,-0.659056,-1.62192,10.1054,23.7164,40.1998,81.4064,200.0,200.0,200.0,200.0,177.261,136.202,110.594,93.0969,76.2237,63.1539,47.8098,32.2233,20.9674,14.2088,6.99442,-0.145247,148.04,147.668,149.74,149.74
66.88665056228638,0.01778103630769998,0.9999847412109375,0.0,3,0.0359151,3.0,15662.5,162.433,-0.666238,-1.6381,10.1459,23.7194,40.0337,80.2315,200.0,200.0,200.0,200.0,187.161,141.698,114.012,95.3827,77.6332,64.0283,48.213,32.3189,20.9468,14.1605,6.95041,-0.152002,148.904,148.53,151.262,151.262
66.90689158439636,0.017691451896205544,0.9999847412109375,0.0,3,0.0339681,3.0,15796.9,163.378,-0.682077,-1.53325,10.1819,23.7018,39.8174,78.9074,193.96,200.0,200.0,200.0,200.0,148.667,118.294,98.2317,79.3916,65.1286,48.7376,32.4678,20.9492,14.1234,6.90966,-0.158503,149.879,149.465,152.575,152.575
66.93274903297424,0.017599307930096984,0.9999847412109375,0.0,3,0.0317475,3.0,15898.1,164.35,-0.740945,-1.43573,10.2124,23.6581,39.5363,77.3885,183.632,200.0,200.0,200.0,200.0,157.885,123.857,101.902,81.6501,66.5473,49.4311,32.6887,20.9818,14.1007,6.8728,-0.164731,150.783,150.315,153.565,153.565
66.95138144493103,0.01917210727366619,0.9999847412109375,0.0,3,0.0294468,3.0,15982.0,165.335,-0.808233,-1.37094,10.2395,23.6033,39.2357,75.8594,174.057,200.0,200.0,200.0,200.0,169.005,130.381,106.134,84.2192,68.1493,50.2127,32.9445,21.0291,14.0855,6.83864,-0.170678,151.668,151.182,154.38,154.38
66.97135353088379,0.02078920584420363,0.9999847412109375,0.0,3,0.0273415,3.0,15889.1,166.437,-0.80997,-1.14927,10.2659,23.558,38.974,74.5377,166.229,200.0,200.0,200.0,200.0,180.776,137.05,110.364,86.7315,69.6898,50.9483,33.1776,21.0682,14.0682,6.80565,-0.17632,152.593,152.144,153.525,153.525
66.99828839302063,0.022473510642573236,0.9999847412109375,0.0,3,0.0256202,3.0,15946.0,167.432,-0.746725,-0.950825,10.2935,23.5352,38.7871,73.5426,160.479,200.0,200.0,200.0,200.0,191.677,142.989,114.033,88.8537,70.9597,51.5306,33.3451,21.083,14.042,6.77287,-0.181624,153.491,153.115,154.025,154.025
67.01783776283264,0.022357307397499682,0.9999847412109375,0.0,3,0.0240948,3.0,16076.1,168.376,-0.680608,-0.833127,10.3203,23.5209,38.6338,72.7081,155.782,200.0,200.0,200.0,200.0,200.0,148.721,117.497,90.815,72.1131,52.046,33.4851,21.089,14.0138,6.7414,-0.186607,154.347,154.015,155.255,155.255
67.03787565231323,0.022243812278900293,0.9999847412109375,0.0,3,0.0225484,3.0,16239.9,169.298,-0.649885,-0.817922,10.3444,23.4996,38.4694,71.8661,151.285,200.0,200.0,200.0,200.0,200.0,155.171,121.332,92.9628,73.37,52.6096,33.6451,21.1045,13.9911,6.71238,-0.191303,155.196,154.864,156.836,156.836
67.06500887870789,0.022129701677011327,0.9999847412109375,0.0,3,0.0207769,3.0,16388.5,170.225,-0.648485,-0.76965,10.3636,23.4568,38.254,70.877,146.366,200.0,200.0,200.0,200.0,200.0,163.585,126.257,95.6969,74.9725,53.3418,33.8728,21.1476,13.9816,6.68699,-0.195728,156.127,155.752,158.285,158.285
67.08483099937439,0.022012513658674435,0.9999847412109375,0.0,3,0.0185892,3.0,16504.2,171.177,-0.699532,-0.709328,10.3758,23.3786,37.9513,69.6247,140.603,200.0,200.0,200.0,200.0,200.0,175.776,133.23,99.5181,77.2067,54.3778,34.2192,21.2374,13.9931,6.66669,-0.199855,157.037,156.577,159.416,159.416
67.10498666763306,0.02189335609381087,0.9999847412109375,0.0,3,0.016123,3.0,16596.2,172.145,-0.785793,-0.673502,10.3822,23.2757,37.5922,68.2278,134.577,200.0,200.0,200.0,200.0,200.0,192.295,142.329,104.374,80.0058,55.6679,34.6594,21.3632,14.0211,6.65072,-0.20367,157.932,157.413,160.312,160.312
67.1256914138794,0.02176275053976104,0.9999847412109375,0.0,3,0.0136549,3.0,16549.5,173.206,-0.83987,-0.5216,10.3857,23.1677,37.2315,66.8746,129.04,200.0,200.0,200.0,200.0,200.0,200.0,152.947,109.834,83.084,57.0597,35.1312,21.5013,14.0557,6.6376,-0.207143,158.851,158.328,159.9,159.9
67.15163469314575,0.021641131041739134,0.9999847412109375,0.0,3,0.011449,3.0,16603.6,174.194,-0.833038,-0.371724,10.3888,23.0725,36.9163,65.7154,124.487,200.0,200.0,200.0,200.0,200.0,200.0,163.972,115.271,86.0707,58.3765,35.5683,21.6278,14.0874,6.62596,-0.210234,159.75,159.275,160.382,160.382
67.17144179344177,0.02152480470000766,0.9999847412109375,0.0,3,0.00941199,3.0,16716.6,175.139,-0.809738,-0.27704,10.3904,22.9829,36.6269,64.6772,120.562,200.0,200.0,200.0,200.0,200.0,200.0,175.801,120.861,89.0672,59.6691,35.9921,21.7511,14.1196,6.61644,-0.212941,160.609,160.17,161.454,161.454
67.1908507347107,0.02141081719477661,0.9999847412109375,0.0,3,0.00737446,3.0,16857.8,176.065,-0.806177,-0.257769,10.3889,22.8876,36.3325,63.6567,116.857,200.0,200.0,200.0,200.0,200.0,200.0,189.66,127.127,92.3466,61.0593,36.4463,21.887,14.159,6.61,-0.21528,161.461,161.025,162.816,162.816
67.21778678894043,0.02129633730291389,0.9999847412109375,0.0,3,0.00522679,3.0,16987.8,176.995,-0.826867,-0.260703,10.3832,22.7795,36.0144,62.595,113.161,190.211,200.0,200.0,200.0,200.0,200.0,200.0,134.605,96.1586,62.6442,36.9635,22.0467,14.2098,6.60729,-0.217265,162.341,161.886,164.081,164.081
67.23738932609558,0.021180257154498252,0.9999847412109375,0.0,3,0.00286358,3.0,17093.9,177.938,-0.874377,-0.239628,10.3723,22.6517,35.6556,61.4427,109.318,179.432,200.0,200.0,200.0,200.0,200.0,200.0,144.079,100.832,64.5435,37.5803,22.2422,14.2767,6.60908,-0.218885,163.239,162.74,165.116,165.116
67.25875067710876,0.021062699846187603,0.9999847412109375,0.0,3,0.000371154,3.0,17181.7,178.893,-0.937971,-0.22857,10.3569,22.5103,35.2724,60.2526,105.507,169.272,200.0,200.0,200.0,200.0,200.0,200.0,155.781,106.37,66.7257,38.2799,22.4667,14.3571,6.61502,-0.220123,164.118,163.591,165.97,165.97
67.28442883491516,0.02094071105819196,0.9999847412109375,0.0,3,-0.00211984,3.0,17211.1,179.884,-0.9839,-0.176848,10.3384,22.364,34.8873,59.0919,101.93,160.173,200.0,200.0,200.0,200.0,200.0,200.0,169.678,112.627,69.1023,39.028,22.7082,14.446,6.62437,-0.220967,164.999,164.47,166.28,166.28
67.30516624450684,0.02082118420335464,0.9999847412109375,0.0,3,-0.00441868,3.0,17265.7,180.855,-0.987849,-0.103991,10.3183,22.2244,34.5299,58.0445,98.8128,152.568,200.0,200.0,200.0,200.0,200.0,200.0,185.021,119.161,71.4891,39.7647,22.9467,14.536,6.63612,-0.221389,165.88,165.387,166.786,166.786
67.32471776008606,0.02070473476496525,0.9999847412109375,0.0,3,-0.00654823,3.0,17353.6,181.801,-0.965574,-0.0507788,10.2966,22.0897,34.1947,57.0894,96.0622,146.099,200.0,200.0,200.0,200.0,200.0,200.0,200.0,126.0,73.8921,40.4938,23.1842,14.6278,6.65043,-0.221388,166.737,166.279,167.626,167.626
67.34523105621338,0.020590131776444615,0.9999847412109375,0.0,3,-0.00861913,3.0,17458.5,182.732,-0.94443,-0.028317,10.2721,21.9529,33.8633,56.1711,93.4986,140.264,191.372,200.0,200.0,200.0,200.0,200.0,200.0,133.523,76.4308,41.2515,23.4327,14.7262,6.66803,-0.220967,167.59,167.146,168.633,168.633
67.37101292610168,0.020476021174555645,0.9999847412109375,0.0,3,-0.0107225,3.0,17564.6,183.659,-0.934909,-0.0131927,10.244,21.8084,33.5221,55.2494,90.9999,134.749,181.288,200.0,200.0,200.0,200.0,200.0,200.0,142.205,79.2323,42.0714,23.7026,14.8352,6.68947,-0.220137,168.462,168.013,169.662,169.662
67.39356303215027,0.02036129508937709,0.9999847412109375,0.0,3,-0.0129808,3.0,17657.7,184.591,-0.946257,0.0334461,10.211,21.649,33.1534,54.2763,88.4328,129.248,171.52,200.0,200.0,200.0,200.0,200.0,200.0,152.922,82.5088,43.0066,24.0098,14.9605,6.71567,-0.218891,169.348,168.869,170.567,170.567
67.41487288475037,0.020245953520908955,0.9999847412109375,0.0,3,-0.0153273,3.0,17741.7,185.528,-0.974889,0.0661883,10.1737,21.4791,32.7682,53.2829,85.8839,123.941,162.36,200.0,200.0,200.0,200.0,200.0,200.0,165.946,86.2422,44.0411,24.3482,15.1,6.74628,-0.217222,170.21,169.712,171.382,171.382
67.43538928031921,0.020126795956045388,0.9999847412109375,0.0,3,-0.017649,3.0,17777.0,186.496,-0.990078,0.133936,10.1334,21.3052,32.3828,52.3132,83.4649,119.044,154.131,200.0,200.0,200.0,200.0,200.0,200.0,181.258,90.3187,45.1367,24.7055,15.2487,6.78064,-0.215121,171.07,170.576,171.743,171.743
67.45442390441895,0.020010469614313915,0.9999847412109375,0.0,3,-0.0198177,3.0,17840.0,187.441,-0.971317,0.215788,10.091,21.1347,32.0145,51.4113,81.2796,114.739,147.073,195.249,200.0,200.0,200.0,200.0,200.0,198.399,94.5394,46.2394,25.0657,15.4012,6.81802,-0.212569,171.93,171.465,172.332,172.332
67.48146724700928,0.01989660520574078,0.9999847412109375,0.0,3,-0.0218437,3.0,17930.1,188.366,-0.943189,0.274044,10.0465,20.9666,31.6605,50.5677,79.2913,110.919,140.944,184.729,200.0,200.0,200.0,200.0,200.0,200.0,98.9042,47.3495,25.4296,15.5576,6.85844,-0.209572,172.769,172.334,173.195,173.195
67.50051069259644,0.019784341053720567,0.9999847412109375,0.0,4,-0.0238054,3.0,18035.0,189.278,-0.917418,0.296654,9.99929,20.7966,31.31,49.7513,77.4145,107.391,135.393,175.45,200.0,200.0,200.0,200.0,200.0,200.0,103.566,48.5001,25.8067,15.7215,6.90235,-0.206144,173.602,173.182,174.204,174.204
67.52758431434631,0.01809954153498014,0.9999847412109375,0.0,4,-0.0258105,3.0,18137.8,190.186,-0.903599,0.322037,9.94838,20.6189,30.949,48.9256,75.5542,103.963,130.089,166.791,200.0,200.0,200.0,200.0,200.0,200.0,108.806,49.7458,26.2117,15.898,6.95044,-0.202295,174.464,174.036,175.202,175.202
67.54662370681763,0.009980130231603981,0.9999847412109375,0.0,4,-0.0279606,3.0,18227.6,191.102,-0.914695,0.363902,9.89283,20.4281,30.5648,48.0585,73.635,100.488,124.795,158.335,195.974,200.0,200.0,200.0,200.0,200.0,115.006,51.1506,26.6609,16.0929,7.00357,-0.198019,175.324,174.868,176.075,176.075
67.56665968894958,0.0018230236170689266,0.9999847412109375,0.0,4,-0.030175,3.0,18309.8,192.021,-0.939181,0.391565,9.83338,20.2287,30.1686,47.179,71.7266,97.0942,119.71,150.384,184.095,200.0,200.0,200.0,200.0,200.0,122.141,52.6856,27.1451,16.3026,7.06123,-0.193312,176.167,175.696,176.871,176.871
67.59320402145386,-0.001359521722731491,0.9999847412109375,0.0,4,-0.0323342,3.0,18339.1,192.973,-0.941747,0.475548,9.77111,20.0271,29.7753,46.324,69.9125,93.9325,115.048,143.248,173.669,200.0,200.0,200.0,200.0,200.0,129.997,54.2927,27.6479,16.5215,7.12267,-0.188161,177.016,176.555,177.165,177.165
67.61284017562866,-0.005857711710277945,0.9999847412109375,0.0,4,-0.0342611,4.0,14851.7,193.202,-0.873564,0.551222,9.70745,19.8323,29.4051,45.5421,68.2986,91.1814,111.059,137.263,165.105,200.0,200.0,200.0,200.0,200.0,137.987,55.8627,28.142,16.7402,7.18668,-0.182551,177.637,177.226,170.635,170.246
67.63140988349915,0.0,0.9999847412109375,0.0,4,-0.0359862,4.0,14825.7,192.913,-0.790657,0.587297,9.64229,19.6425,29.0531,44.8189,66.8454,88.753,107.591,132.156,157.927,196.201,200.0,200.0,200.0,200.0,146.096,57.3999,28.6293,16.9596,7.25326,-0.176503,177.502,177.137,170.332,169.966
67.65751433372498,0.0,0.9999847412109375,0.0,4,-0.037474,4.0,14265.2,192.602,-0.752557,0.591186,9.57647,19.4602,28.7241,44.1626,65.5625,86.6534,104.637,127.879,152.012,187.388,200.0,200.0,200.0,200.0,154.005,58.8606,29.0994,17.1756,7.32147,-0.170089,177.215,176.905,169.762,169.312
67.67797708511353,0.0,0.9999847412109375,0.0,4,-0.0384272,4.0,14786.8,192.921,-0.707125,0.64186,9.51322,19.3012,28.452,43.6513,64.6152,85.1586,102.584,124.98,148.088,181.695,200.0,200.0,200.0,200.0,159.96,60.0097,29.4963,17.3689,7.38818,-0.163388,177.116,176.919,175.662,175.662
67.69711995124817,0.0,0.9999847412109375,0.0,4,-0.0388315,4.0,14840.1,193.587,-0.610883,0.697805,9.45297,19.1662,28.2374,43.2832,63.9919,84.2372,101.371,123.344,145.955,178.732,200.0,200.0,200.0,200.0,163.39,60.7997,29.8105,17.5364,7.45269,-0.156452,177.583,177.495,176.332,176.332
67.72374200820923,0.0,0.9999847412109375,0.0,4,-0.038677,4.0,14859.7,194.276,-0.480373,0.764954,9.39621,19.0559,28.0809,43.0581,63.689,83.8762,100.976,122.923,145.53,178.343,200.0,200.0,200.0,200.0,163.949,61.1988,30.0348,17.6751,7.51423,-0.149344,178.13,178.157,176.585,176.585
67.74453496932983,0.0,0.9999847412109375,0.0,4,-0.0383409,4.0,14888.7,194.957,-0.301714,0.861449,9.33986,18.9522,27.9408,42.8753,63.483,83.6878,100.834,122.883,145.644,178.771,200.0,200.0,200.0,200.0,163.581,61.4738,30.2319,17.8059,7.57551,-0.142095,178.729,178.795,176.908,176.908
67.76490902900696,0.0,0.9999847412109375,0.0,4,-0.0381106,4.0,14937.5,195.62,-0.18582,0.930688,9.2816,18.8411,27.786,42.6596,63.2077,83.3823,100.524,122.596,145.416,178.691,200.0,200.0,200.0,200.0,163.787,61.8317,30.4508,17.9451,7.63865,-0.13473,179.341,179.39,177.482,177.482
67.78528332710266,0.0,0.9999847412109375,0.0,4,-0.0379494,4.0,14995.5,196.275,-0.11186,0.96065,9.22208,18.7253,27.6213,42.422,62.8865,82.9986,100.101,122.145,144.96,178.273,200.0,200.0,200.0,200.0,164.361,62.2446,30.6842,18.0898,7.70303,-0.127285,179.946,179.981,178.166,178.166
67.81153655052185,0.0,0.9999847412109375,0.0,4,-0.0378411,4.0,15059.0,196.924,-0.0655237,0.965136,9.16163,18.6059,27.4492,42.1678,62.5306,82.5551,99.5945,121.569,144.33,177.592,200.0,200.0,200.0,200.0,165.215,62.6996,30.9287,18.2388,7.76834,-0.119784,180.558,180.581,178.921,178.921
67.83096837997437,0.0,0.9999847412109375,0.0,4,-0.0377763,4.0,15115.6,197.577,-0.0377298,0.985083,9.10045,18.4836,27.2713,41.9005,62.1466,82.064,99.0184,120.891,143.557,176.699,200.0,200.0,200.0,200.0,166.294,63.1886,31.1821,18.3912,7.83438,-0.112239,181.171,181.185,179.598,179.598
67.85133457183838,0.0,0.9999847412109375,0.0,4,-0.0377391,4.0,15166.8,198.233,-0.0216522,0.996965,9.03874,18.3594,27.0894,41.6247,61.7443,81.5423,98.3977,120.149,142.693,175.667,200.0,200.0,200.0,200.0,167.517,63.6998,31.4416,18.5459,7.90096,-0.104658,181.776,181.784,180.209,180.209
67.87746667861938,0.0,0.9999847412109375,0.0,4,-0.0377215,4.0,15189.5,198.91,-0.0127584,1.0673,8.97658,18.2337,26.9046,41.3423,61.3287,80.9978,97.7457,119.359,141.763,174.538,200.0,200.0,200.0,200.0,168.849,64.2281,31.7057,18.7026,7.96799,-0.097044,182.392,182.396,180.483,180.483
67.8965904712677,0.0,0.9999847412109375,0.0,4,-0.03771,4.0,15238.3,199.565,-0.00739649,1.13508,8.91414,18.1072,26.7184,41.0572,60.9079,80.4448,97.0805,118.552,140.81,173.374,200.0,200.0,200.0,200.0,170.217,64.763,31.972,18.8602,8.03535,-0.0894009,183.0,183.002,181.056,181.056
67.92273235321045,0.0,0.9999847412109375,0.0,4,-0.0377024,4.0,15293.2,200.213,-0.00408165,1.18168,8.85143,17.9801,26.531,40.7699,60.4833,79.8853,96.4078,117.734,139.842,172.188,200.0,200.0,200.0,200.0,171.611,65.303,32.24,19.0186,8.10297,-0.0817298,183.597,183.599,181.706,181.706
67.94271636009216,0.0,0.9999847412109375,0.0,4,-0.0376976,4.0,15350.2,200.858,-0.00206944,1.19981,8.78849,17.8523,26.3427,40.481,60.0556,79.3216,95.7286,116.906,138.861,170.985,200.0,200.0,200.0,200.0,173.023,65.8467,32.5093,19.1777,8.17084,-0.0740333,184.19,184.191,182.385,182.385
67.96136713027954,0.0,0.9999847412109375,0.0,4,-0.0376943,4.0,15402.3,201.505,-0.000785172,1.25305,8.72533,17.7241,26.1537,40.1909,59.6259,78.7549,95.0457,116.073,137.873,169.771,200.0,200.0,200.0,200.0,174.448,66.3929,32.7797,19.3374,8.23895,-0.0663107,184.8,184.8,183.007,183.007
67.98771142959595,0.0,0.9999847412109375,0.0,4,-0.0376909,4.0,15450.7,202.154,0.000110004,1.29273,8.66196,17.5955,25.964,39.8997,59.1942,78.1859,94.3591,115.236,136.881,168.552,200.0,200.0,200.0,200.0,175.878,66.9412,33.0511,19.4976,8.30729,-0.0585632,185.392,185.393,183.583,183.583
68.00716257095337,0.0,0.9999847412109375,0.0,4,-0.0376909,4.0,15479.4,202.817,0.000389653,1.35248,8.59835,17.4663,25.7734,39.6067,58.7598,77.6118,93.6669,114.39,135.875,167.314,200.0,200.0,200.0,200.0,177.33,67.4939,33.324,19.6586,8.37588,-0.0507898,185.988,185.988,183.934,183.934
68.02767634391785,0.0,0.9999847412109375,0.0,4,-0.0376914,4.0,15522.6,203.467,0.000354808,1.42944,8.53454,17.3367,25.582,39.3126,58.3232,77.0353,92.9711,113.54,134.866,166.07,200.0,200.0,200.0,200.0,178.789,68.0488,33.5979,19.8202,8.4447,-0.0429916,186.589,186.589,184.437,184.437
68.05397629737854,0.0,0.9999847412109375,0.0,4,-0.0376909,4.0,15574.9,204.108,0.00049749,1.48489,8.47053,17.2066,25.3902,39.0179,57.8861,76.458,92.2738,112.689,133.856,164.827,200.0,200.0,200.0,200.0,180.201,68.6046,33.8724,19.9821,8.51372,-0.0351692,187.178,187.179,185.056,185.056
68.0737657546997,0.0,0.9999847412109375,0.0,4,-0.03769,4.0,15632.0,204.744,0.000682447,1.50814,8.40632,17.0762,25.1978,38.7223,57.4477,75.8788,91.5755,111.837,132.844,163.582,200.0,200.0,200.0,200.0,180.984,69.1622,34.1478,20.1446,8.58296,-0.0273214,187.763,187.763,185.733,185.733
68.09398007392883,0.0,0.9999847412109375,0.0,4,-0.037689,4.0,15686.3,205.38,0.000855628,1.54149,8.34192,16.9454,25.0049,38.4259,57.0081,75.2988,90.8751,110.982,131.828,162.332,200.0,200.0,200.0,200.0,181.342,69.7207,34.4239,20.3076,8.65241,-0.0194501,188.36,188.36,186.381,186.381
68.11920642852783,0.0,0.9999847412109375,0.0,4,-0.0376871,4.0,15735.6,206.02,0.00110397,1.57546,8.27732,16.8143,24.8113,38.1286,56.5675,74.7168,90.1738,110.126,130.813,161.083,200.0,200.0,200.0,200.0,181.46,70.281,34.7008,20.471,8.72208,-0.0115533,188.947,188.947,186.969,186.969
68.13868427276611,0.0,0.9999847412109375,0.0,4,-0.0376871,4.0,15769.4,206.67,0.00116887,1.61759,8.21251,16.6826,24.6171,37.8301,56.1246,74.1322,89.4677,109.264,129.788,159.822,200.0,200.0,200.0,200.0,181.427,70.8438,34.9788,20.635,8.79196,-0.00363302,189.532,189.532,187.388,187.388
68.1596851348877,0.0,0.9999847412109375,0.0,4,-0.0376886,4.0,15808.1,207.315,0.00079818,1.69062,8.14748,16.5505,24.422,37.5303,55.6795,73.544,88.7575,108.396,128.757,158.55,200.0,200.0,200.0,200.0,181.281,71.41,35.258,20.7997,8.8621,0.00431331,190.128,190.128,187.831,187.831
68.18483901023865,0.0,0.9999847412109375,0.0,4,-0.0376886,4.0,15858.4,207.949,0.000743954,1.74769,8.08225,16.418,24.2265,37.2298,55.2338,72.9549,88.047,107.527,127.726,157.281,200.0,200.0,200.0,200.0,181.046,71.9771,35.5379,20.9647,8.93242,0.0122832,190.712,190.712,188.426,188.426
68.20347213745117,0.0,0.9999847412109375,0.0,4,-0.0376881,4.0,15913.1,208.578,0.000822188,1.77823,8.01684,16.2851,24.0304,36.9285,54.7869,72.3647,87.3349,106.658,126.692,156.01,200.0,200.0,200.0,200.0,180.737,72.5452,35.8185,21.1303,9.00297,0.0202785,191.29,191.29,189.073,189.073
68.2280592918396,0.0,0.9999847412109375,0.0,4,-0.0376876,4.0,15966.6,209.206,0.000932682,1.81029,7.95123,16.1519,23.8338,36.6265,54.3388,71.7729,86.6208,105.787,125.658,154.735,200.0,200.0,200.0,200.0,180.367,73.1149,36.0999,21.2963,9.07372,0.0282967,191.878,191.877,189.712,189.712
68.24646544456482,0.0,0.9999847412109375,0.0,4,-0.0376862,4.0,16015.5,209.836,0.00113181,1.8483,7.88542,16.0182,23.6367,36.3235,53.8897,71.1801,85.9056,104.914,124.622,153.46,200.0,200.0,200.0,200.0,179.948,73.6855,36.382,21.4628,9.14467,0.0363397,192.458,192.458,190.295,190.295
68.27128553390503,0.0,0.9999847412109375,0.0,4,-0.0376857,4.0,16052.6,210.475,0.00126542,1.8868,7.81942,15.8841,23.4389,36.0196,53.4388,70.5846,85.1871,104.037,123.58,152.177,200.0,200.0,200.0,200.0,179.486,74.2587,36.6651,21.6298,9.21585,0.0444068,193.034,193.034,190.756,190.756
68.29585194587708,0.0,0.9999847412109375,0.0,4,-0.0376876,4.0,16088.9,211.113,0.000876185,1.95842,7.7532,15.7496,23.2403,35.7143,52.9856,69.9858,84.464,103.152,122.528,150.881,200.0,200.0,200.0,200.0,178.99,74.8352,36.9494,21.7975,9.28727,0.0524981,193.621,193.621,191.168,191.168
68.31455087661743,0.0,0.9999847412109375,0.0,4,-0.0376876,4.0,16137.8,211.739,0.000806868,2.01544,7.68678,15.6147,23.0411,35.4082,52.5315,69.3859,83.7399,102.268,121.479,149.589,200.0,200.0,200.0,200.0,178.457,75.4127,37.2344,21.9656,9.35889,0.0606142,194.197,194.198,191.747,191.747
68.33815789222717,0.0,0.9999847412109375,0.0,4,-0.0376876,4.0,16190.9,212.36,0.000873044,2.04773,7.62018,15.4794,22.8415,35.1015,52.0764,68.785,83.0149,101.382,120.426,148.293,200.0,200.0,200.0,200.0,177.893,75.991,37.5201,22.1342,9.43071,0.0687538,194.768,194.769,192.376,192.376
68.35733723640442,0.0,0.9999847412109375,0.0,4,-0.0376871,4.0,16243.6,212.979,0.000974583,2.07821,7.55339,15.3437,22.6414,34.7939,51.6203,68.1825,82.2878,100.495,119.372,146.995,200.0,200.0,200.0,200.0,177.301,76.571,37.8066,22.3032,9.50273,0.0769169,195.347,195.347,193.005,193.005
68.38086891174316,0.0,0.9999847412109375,0.0,4,-0.0376857,4.0,16292.0,213.601,0.00115895,2.11465,7.4864,15.2077,22.4406,34.4855,51.1629,67.5785,81.5591,99.6059,118.317,145.696,200.0,200.0,200.0,200.0,176.682,77.1523,38.0938,22.4727,9.57497,0.0851042,195.92,195.92,193.581,193.581
68.405837059021,0.0,0.9999847412109375,0.0,4,-0.0376857,4.0,16329.1,214.231,0.00126985,2.15182,7.41921,15.0712,22.2393,34.1761,50.7039,66.9724,80.8276,98.7119,117.255,144.389,200.0,200.0,200.0,200.0,176.041,77.7357,38.382,22.6427,9.64742,0.0933157,196.488,196.488,194.04,194.04
68.42371225357056,0.0,0.9999847412109375,0.0,4,-0.0376871,4.0,16366.2,214.859,0.000924166,2.21908,7.35181,14.9342,22.0371,33.8654,50.2428,66.3629,80.0918,97.8128,116.186,143.072,200.0,200.0,200.0,199.951,175.381,78.3225,38.6714,22.8134,9.7201,0.101551,197.067,197.067,194.464,194.464
68.44799733161926,0.0,0.9999847412109375,0.0,4,-0.0376871,4.0,16414.4,215.476,0.000868146,2.2726,7.28423,14.7969,21.8345,33.554,49.7807,65.7525,79.355,96.9128,115.117,141.757,200.0,200.0,200.0,198.9,174.699,78.9102,38.9614,22.9844,9.79299,0.10981,197.636,197.636,195.034,195.034
68.47106266021729,0.0,0.9999847412109375,0.0,4,-0.0376871,4.0,16466.1,216.09,0.000928045,2.30324,7.21646,14.6593,21.6314,33.2418,49.3175,65.1407,78.6167,96.0119,114.047,140.438,200.0,200.0,200.0,197.845,173.997,79.4991,39.2522,23.156,9.86607,0.118092,198.199,198.199,195.647,195.647
68.48940300941467,0.0,0.9999847412109375,0.0,4,-0.0376866,4.0,16517.4,216.701,0.00102647,2.33569,7.14849,14.5212,21.4277,32.9288,48.8532,64.5276,77.8768,95.1085,112.974,139.117,200.0,200.0,200.0,196.787,173.277,80.0893,39.5437,23.328,9.93936,0.126399,198.771,198.77,196.259,196.259
68.5136661529541,0.0,0.9999847412109375,0.0,4,-0.0376857,4.0,16564.8,217.315,0.00120532,2.36988,7.08033,14.3828,21.2235,32.6151,48.3878,63.9134,77.1353,94.2032,111.899,137.794,200.0,200.0,200.0,195.725,172.541,80.6803,39.8358,23.5004,10.0129,0.134729,199.334,199.334,196.824,196.824
68.53671169281006,0.0,0.9999847412109375,0.0,4,-0.0376857,4.0,16599.6,217.937,0.00122441,2.40994,7.01197,14.2439,21.0185,32.3001,47.9206,63.296,76.3905,93.2929,110.819,136.463,200.0,200.0,200.0,194.662,171.789,81.2747,40.1292,23.6734,10.0866,0.143083,199.897,199.897,197.249,197.249
68.5609622001648,0.0,0.9999847412109375,0.0,4,-0.0376871,4.0,16639.6,218.554,0.000962463,2.47244,6.94342,14.1046,20.813,31.9842,47.4515,62.6764,75.6421,92.3792,109.732,135.124,200.0,200.0,200.0,193.596,171.023,81.8712,40.4235,23.847,10.1605,0.15146,200.466,200.466,197.712,197.712
68.57841515541077,0.0,0.9999847412109375,0.0,4,-0.0376876,4.0,16687.4,219.162,0.000931127,2.52074,6.87467,13.965,20.6069,31.6674,46.9818,62.0556,74.8932,91.4639,108.644,133.785,200.0,200.0,200.0,192.527,170.243,82.469,40.7185,24.0211,10.2346,0.159861,201.026,201.026,198.279,198.279
68.60131692886353,0.0,0.9999847412109375,0.0,4,-0.0376871,4.0,16738.1,219.768,0.000987708,2.54727,6.80574,13.825,20.4003,31.3499,46.5107,61.4334,74.1423,90.5468,107.556,132.445,200.0,200.0,200.0,191.454,169.448,83.0679,41.0143,24.1955,10.309,0.168285,201.582,201.582,198.88,198.88
68.62450313568115,0.0,0.9999847412109375,0.0,4,-0.0376866,4.0,16787.5,220.371,0.00108557,2.583,6.73662,13.6846,20.1931,31.0316,46.0385,60.8097,73.3898,89.6278,106.464,131.101,200.0,200.0,200.0,190.378,168.639,83.6681,41.3107,24.3704,10.3835,0.176733,202.146,202.146,199.469,199.469
68.64842557907104,0.0,0.9999847412109375,0.0,4,-0.0376862,4.0,16833.5,220.976,0.00124547,2.61349,6.66731,13.5438,19.9854,30.7125,45.565,60.1847,72.6357,88.7072,105.37,129.754,200.0,200.0,200.0,189.299,167.818,84.2695,41.6079,24.5458,10.4582,0.185204,202.701,202.701,200.017,200.017
68.66576957702637,0.0,0.9999847412109375,0.0,4,-0.0376866,4.0,16865.8,221.59,0.00117523,2.65883,6.5978,13.4026,19.777,30.3921,45.0898,59.5566,71.8775,87.7817,104.271,128.4,200.0,200.0,200.0,188.218,166.985,84.8743,41.9063,24.7217,10.5332,0.193697,203.257,203.257,200.407,200.407
68.68893241882324,0.0,0.9999847412109375,0.0,4,-0.0376876,4.0,16908.3,222.194,0.000995262,2.71473,6.5281,13.2609,19.568,30.071,44.6131,58.9268,71.1171,86.8529,103.167,127.04,200.0,200.0,199.912,187.134,166.142,85.481,42.2054,24.8982,10.6084,0.202215,203.815,203.815,200.906,200.906
68.71124696731567,0.0,0.9999847412109375,0.0,4,-0.0376881,4.0,16955.3,222.791,0.000982312,2.75586,6.45821,13.119,19.3585,29.749,44.1354,58.2959,70.3558,85.9223,102.062,125.679,200.0,200.0,198.751,186.047,165.286,86.0882,42.5054,25.0751,10.6837,0.210756,204.365,204.365,201.464,201.464
68.73592400550842,0.0,0.9999847412109375,0.0,4,-0.0376881,4.0,17004.5,223.386,0.00103175,2.77802,6.38813,12.9766,19.1484,29.4262,43.6566,57.6634,69.5924,84.99,100.954,124.315,200.0,200.0,197.586,184.957,164.42,86.6971,42.806,25.2525,10.7593,0.219319,204.912,204.912,202.047,202.047
68.75769233703613,0.0,0.9999847412109375,0.0,4,-0.0376876,4.0,17051.5,223.979,0.00114393,2.8164,6.31788,12.8339,18.9379,29.1026,43.1766,57.0296,68.8275,84.0561,99.8451,122.949,200.0,200.0,196.417,183.863,163.542,87.3071,43.1073,25.4303,10.8351,0.227905,205.465,205.465,202.607,202.607
68.77471685409546,0.0,0.9999847412109375,0.0,4,-0.0376866,4.0,17096.2,224.572,0.00128325,2.84203,6.24743,12.6908,18.7267,28.7782,42.6954,56.394,68.0605,83.1202,98.7338,121.581,200.0,200.0,195.246,182.767,162.655,87.9188,43.4095,25.6085,10.911,0.236515,206.009,206.009,203.139,203.139
68.79842710494995,0.0,0.9999847412109375,0.0,4,-0.0376881,4.0,17127.6,225.174,0.00111354,2.89393,6.17679,12.5473,18.5149,28.4526,42.2121,55.7557,67.2896,82.1783,97.6145,120.202,200.0,200.0,194.073,181.669,161.759,88.5335,43.7128,25.7874,10.9872,0.245147,206.557,206.557,203.515,203.515
68.82077026367188,0.0,0.9999847412109375,0.0,4,-0.0376886,4.0,17171.4,225.764,0.00100754,2.94198,6.10596,12.4034,18.3026,28.1262,41.7279,55.1158,66.5176,81.2346,96.4942,118.822,200.0,200.0,192.897,180.567,160.852,89.15,44.0168,25.9667,11.0636,0.253802,207.101,207.101,204.033,204.033
68.84358501434326,0.0,0.9999847412109375,0.0,4,-0.037689,4.0,17217.7,226.349,0.00102077,2.97502,6.03496,12.2592,18.0897,27.7992,41.2424,54.4748,65.7436,80.2899,95.3711,117.439,200.0,200.0,191.716,179.462,159.937,89.767,44.3215,26.1464,11.1402,0.26248,207.64,207.64,204.582,204.582
68.86573886871338,0.0,0.9999847412109375,0.0,4,-0.037689,4.0,17265.3,226.932,0.00107746,3.0017,5.96376,12.1146,17.8763,27.4712,40.7559,53.8322,64.968,79.3428,94.2461,116.054,200.0,200.0,190.533,178.355,159.011,90.3856,44.6269,26.3266,11.2169,0.27118,208.181,208.18,205.148,205.148
68.88757014274597,0.0,0.9999847412109375,0.0,4,-0.0376886,4.0,17310.2,227.514,0.00120024,3.03324,5.89239,11.9696,17.6624,27.1425,40.2683,53.1883,64.1909,78.3939,93.1191,114.666,200.0,200.0,189.347,177.244,158.077,91.0053,44.933,26.5072,11.2939,0.279902,208.718,208.718,205.683,205.683
68.91025376319885,0.0,0.9999847412109375,0.0,4,-0.0376886,4.0,17347.6,228.101,0.00127706,3.06364,5.82084,11.8242,17.4479,26.8128,39.7793,52.542,63.4114,77.4419,91.9883,113.274,200.0,200.0,188.157,176.131,157.134,91.6276,45.2401,26.6883,11.3711,0.288647,209.251,209.251,206.137,206.137
68.93286371231079,0.0,0.9999847412109375,0.0,4,-0.0376895,4.0,17385.5,228.685,0.00107219,3.11244,5.74908,11.6785,17.2328,26.4822,39.2887,51.8938,62.6289,76.4854,90.8526,111.875,200.0,198.88,186.966,175.016,156.184,92.2521,45.5482,26.87,11.4484,0.297415,209.79,209.789,206.578,206.578
68.95508217811584,0.0,0.9999847412109375,0.0,4,-0.03769,4.0,17429.5,229.262,0.00103371,3.15131,5.67716,11.5323,17.0172,26.1508,38.797,51.2443,61.845,75.5278,89.7141,110.474,200.0,197.609,185.771,173.897,155.225,92.8776,45.8569,27.0521,11.526,0.306205,210.321,210.321,207.1,207.1
68.97721362113953,0.0,0.9999847412109375,0.0,4,-0.0376905,4.0,17475.1,229.836,0.00105976,3.17524,5.60505,11.3858,16.801,25.8187,38.304,50.5934,61.059,74.5685,88.5746,109.069,200.0,196.334,184.572,172.775,154.258,93.5047,46.1663,27.2346,11.6038,0.315017,210.848,210.848,207.641,207.641
68.9997124671936,0.0,0.9999847412109375,0.0,4,-0.0376905,4.0,17520.4,230.407,0.00113168,3.20679,5.53276,11.239,16.5843,25.4857,37.81,49.9409,60.2716,73.6069,87.4323,107.663,200.0,195.056,183.371,171.65,153.282,94.1323,46.4764,27.4176,11.6817,0.323851,211.38,211.38,208.181,208.181
69.02100443840027,0.0,0.9999847412109375,0.0,4,-0.03769,4.0,17563.7,230.979,0.00123928,3.23125,5.4603,11.0918,16.3671,25.1519,37.315,49.2868,59.4826,72.6434,86.288,106.254,200.0,193.775,182.166,170.523,152.299,94.762,46.7873,27.601,11.7599,0.332707,211.905,211.905,208.696,208.696
69.04316711425781,-0.00030107833445072176,0.9999847412109375,0.0,4,-0.0376909,4.0,17597.4,231.556,0.00114854,3.26989,5.38765,10.9442,16.1493,24.8171,36.8182,48.6306,58.6904,71.6757,85.1383,104.838,200.0,192.491,180.959,169.393,151.309,95.3943,47.0992,27.7849,11.8382,0.341585,212.431,212.431,209.098,209.098
69.06569409370422,-0.00030107833445072176,0.9999847412109375,0.0,4,-0.0376919,4.0,17638.9,232.124,0.0010582,3.30994,5.31482,10.7963,15.931,24.4816,36.3204,47.9729,57.8966,70.7056,83.9858,103.418,200.0,191.204,179.75,168.26,150.311,96.0277,47.4118,27.9693,11.9168,0.350485,212.956,212.956,209.59,209.59
69.08675789833069,-0.0004978239536285401,0.9999847412109375,0.0,4,-0.0376924,4.0,17682.6,232.689,0.00106189,3.33894,5.24181,10.648,15.7121,24.1452,35.8213,47.3137,57.101,69.7338,82.8313,101.996,198.99,189.914,178.537,167.125,149.306,96.6626,47.7252,28.1541,11.9955,0.359406,213.475,213.475,210.109,210.109
69.10880303382874,-0.0004978239536285401,0.9999847412109375,0.0,4,-0.0376924,4.0,17727.1,233.251,0.00109463,3.36275,5.16863,10.4993,15.4927,23.8081,35.3211,46.6529,56.3034,68.7603,81.6749,100.572,197.634,188.62,177.32,165.986,148.293,97.2991,48.0393,28.3394,12.0744,0.36835,213.996,213.995,210.636,210.636
69.13045406341553,-0.0007437799125909806,0.9999847412109375,0.0,4,-0.0376924,4.0,17770.2,233.813,0.00117799,3.39011,5.09527,10.3503,15.2729,23.4702,34.8197,45.9909,55.5042,67.7843,80.5156,99.1446,196.276,187.323,176.101,164.845,147.274,97.936,48.3539,28.525,12.1535,0.377315,214.514,214.514,211.149,211.149
69.15149569511414,-0.002711714804172516,0.9999847412109375,0.0,4,-0.0376924,4.0,17807.7,234.376,0.00122912,3.41519,5.02173,10.2009,15.0524,23.1314,34.3172,45.3269,54.7031,66.8054,79.3527,97.7137,194.913,186.023,174.879,163.701,146.252,98.5756,48.6696,28.7112,12.2328,0.386302,215.028,215.028,211.604,211.604
69.17261052131653,-0.011371681466698647,0.9999847412109375,0.0,4,-0.0376933,4.0,17845.6,234.938,0.00109294,3.45313,4.94801,10.0511,14.8314,22.7917,33.8131,44.661,53.8994,65.8236,78.1871,96.2768,193.549,184.721,173.655,162.555,145.228,99.2174,48.9861,28.8978,12.3123,0.395311,215.545,215.545,212.047,212.047
69.19395399093628,-0.034597430005669595,0.9999847412109375,0.0,4,-0.0376943,4.0,17887.6,235.494,0.0010652,3.48334,4.87411,9.90101,14.6099,22.4513,33.308,43.9938,53.0941,64.8401,77.0179,94.8367,192.18,183.415,172.427,161.406,144.202,99.86,49.3033,29.0849,12.392,0.404341,216.057,216.057,212.545,212.545
69.21643900871277,-0.07578476108610631,0.9999847412109375,0.0,4,-0.0376943,4.0,17930.5,236.047,0.00108125,3.50295,4.80004,9.75054,14.3878,22.11,32.8017,43.325,52.2869,63.8542,75.8475,93.3955,190.809,182.107,171.197,160.254,143.172,100.504,49.6212,29.2724,12.4719,0.413393,216.566,216.566,213.054,213.054
69.23776197433472,-0.09005528092384339,0.9999847412109375,0.0,4,-0.0376475,4.0,17973.1,236.598,0.00115737,3.53052,4.72606,9.60098,14.1681,21.7746,32.3087,42.6798,51.5144,62.9205,74.7503,92.066,189.385,180.75,169.924,159.065,142.113,101.093,49.9261,29.4557,12.5513,0.42246,217.072,217.082,213.561,213.561
69.2601809501648,-0.07578476108610631,0.9999847412109375,0.0,4,-0.0374554,4.0,18014.6,237.149,0.0118946,3.54995,4.65268,9.45494,13.9563,21.4583,31.8582,42.109,50.8505,62.1491,73.8819,91.0852,187.809,179.254,168.528,157.769,140.969,101.507,50.1887,29.6247,12.6287,0.431528,217.563,217.602,214.055,214.055
69.2815911769867,-0.022886039316654207,0.9999847412109375,0.0,4,-0.036773,4.0,18049.4,237.702,0.0444176,3.58148,4.58182,9.32148,13.7723,21.208,31.553,41.7926,50.5574,61.9332,73.8009,91.3037,185.732,177.303,166.73,156.12,139.544,101.332,50.307,29.7442,12.6988,0.440541,218.017,218.158,214.47,214.47
69.30580186843872,-0.00030107833445072176,0.9999847412109375,0.0,4,-0.0345572,4.0,18090.4,238.246,0.160155,3.61052,4.51919,9.22812,13.6767,21.1677,31.7145,42.2997,51.4784,63.5554,76.3585,95.6302,182.142,173.974,163.715,153.405,137.271,99.3776,49.9789,29.7088,12.7459,0.449325,218.35,218.806,214.955,214.955
69.32811570167542,0.0,0.9999847412109375,0.0,4,-0.0293558,4.0,18135.1,238.774,0.520301,3.63153,4.47366,9.21581,13.7607,21.5624,32.875,44.6331,55.1741,69.5599,85.4891,184.246,175.824,168.152,158.489,148.748,133.435,94.3547,48.8252,29.3782,12.7472,0.457526,218.492,219.544,215.484,215.484
69.34842991828918,0.0,0.9999847412109375,0.0,4,-0.0212706,4.0,18183.3,239.285,1.27706,3.65102,4.44817,9.29246,14.0444,22.4656,35.3077,49.5158,63.0708,82.9537,183.434,175.02,167.357,160.349,151.487,142.511,128.05,87.2469,46.9821,28.7784,12.7018,0.464747,218.64,220.288,216.056,216.056
69.3696825504303,0.0,0.9999847412109375,0.0,4,-0.0123223,4.0,18229.4,239.79,2.14912,3.66962,4.43657,9.41756,14.4377,23.6821,38.7058,56.7807,75.6431,181.704,173.38,165.797,158.862,152.494,144.41,136.183,122.058,80.4932,45.0588,28.113,12.6363,0.470743,219.005,220.872,216.606,216.606
69.390864610672,0.0,0.9999847412109375,0.0,4,-0.00576431,4.0,18261.7,240.313,2.75371,3.69431,4.42466,9.50625,14.7354,24.6628,41.6749,63.727,88.8204,173.881,166.19,159.161,152.714,146.781,139.225,131.512,117.322,76.2258,43.7698,27.6569,12.5933,0.475551,219.77,221.169,216.998,216.998
69.41629147529602,0.0,0.9999847412109375,0.0,4,-0.00319988,4.0,18292.3,240.85,2.59208,3.72229,4.40348,9.50624,14.8013,24.9805,42.8204,66.7227,95.0467,170.037,162.616,155.827,149.593,143.849,136.527,129.045,114.937,74.7839,43.3455,27.52,12.5934,0.479388,220.682,221.274,217.361,217.361
69.43603563308716,0.0,0.9999847412109375,0.0,4,-0.0029977,4.0,18326.6,241.39,1.96493,3.74347,4.37862,9.45618,14.7286,24.8743,42.6882,66.6195,95.4742,168.322,160.983,154.269,148.103,142.422,135.18,127.777,113.948,74.8115,43.3928,27.5603,12.6167,0.48243,221.434,221.519,217.765,217.765
69.46138644218445,0.0,0.9999847412109375,0.0,4,-0.00356037,4.0,18364.5,241.926,1.33163,3.75929,4.35558,9.39647,14.6211,24.647,42.162,65.516,93.1535,167.255,159.942,153.252,147.111,141.453,134.242,126.874,113.364,75.2882,43.5812,27.6512,12.6446,0.484866,222.025,221.924,218.214,218.214
69.48046946525574,0.0,0.9999847412109375,0.0,4,-0.00421554,4.0,18403.3,242.459,0.841041,3.77517,4.33565,9.34199,14.5197,24.4237,41.6254,64.3664,90.8808,166.247,158.953,152.283,146.161,140.522,133.338,125.999,112.787,75.8076,43.7778,27.7422,12.6702,0.486889,222.535,222.402,218.675,218.675
69.50500297546387,0.0,0.9999847412109375,0.0,4,-0.00475008,4.0,18439.8,242.992,0.504468,3.79076,4.31847,9.29567,14.4343,24.2378,41.1856,63.4366,89.1528,165.114,157.85,151.208,145.114,139.502,132.353,125.052,112.107,76.2413,43.9427,27.8189,12.6921,0.488652,223.014,222.901,219.113,219.113
69.52440881729126,0.0,0.9999847412109375,0.0,5,-0.0051325,4.0,18477.4,243.523,0.288796,3.81244,4.30326,9.25631,14.3637,24.0895,40.847,62.7422,87.9057,163.835,156.612,150.01,143.953,138.376,131.273,124.02,111.32,76.5716,44.0712,27.8804,12.7107,0.49026,223.488,223.405,219.556,219.556
69.5488715171814,0.0,0.9999847412109375,0.0,5,-0.0053857,4.0,18516.7,244.049,0.157923,3.82977,4.28934,9.22203,14.3042,23.9701,40.5882,62.2315,87.0969,162.433,155.263,148.709,142.697,137.162,130.114,122.917,110.445,76.8155,44.1703,27.9298,12.7269,0.491781,223.959,223.904,220.022,220.022
69.56719994544983,0.0,0.9999847412109375,0.0,5,-0.00554449,4.0,18556.1,244.574,0.0820601,3.84247,4.27623,9.1911,14.2523,23.8711,40.3853,61.8514,86.8355,160.942,153.831,147.333,141.372,135.885,128.896,121.762,109.508,76.9953,44.2478,27.9705,12.7415,0.493255,224.432,224.397,220.491,220.491
69.59080505371094,-0.00030107833445072176,0.9999847412109375,0.0,5,-0.00563842,4.0,18595.3,245.097,0.0400852,3.85652,4.26358,9.16231,14.2054,23.7853,40.2196,61.5566,170.447,159.389,152.344,145.905,139.999,134.563,127.639,120.572,108.526,77.1321,44.3109,28.0055,12.7551,0.494708,224.907,224.886,220.957,220.957
69.6144187450409,-0.00030107833445072176,0.9999847412109375,0.0,5,-0.00569088,4.0,18633.6,245.618,0.0181089,3.86747,4.25118,9.13478,14.1614,23.7076,40.0769,61.315,168.746,157.796,150.819,144.443,138.595,133.211,126.356,119.359,107.514,77.2414,44.3651,28.0369,12.7681,0.49615,225.382,225.37,221.414,221.414
69.6329095363617,-0.00030107833445072176,0.9999847412109375,0.0,5,-0.00571949,5.0,16693.5,245.556,0.00715028,3.8825,4.23892,9.10794,14.1191,23.6347,39.9473,61.105,167.02,156.18,149.273,142.962,137.173,131.844,125.058,118.132,106.482,77.3344,44.4138,28.0662,12.7808,0.49759,225.666,225.659,216.648,216.642
69.65587735176086,-0.00030107833445072176,0.9999847412109375,0.0,5,-0.00573475,5.0,16655.5,245.101,0.00189125,3.88489,4.22675,9.08155,14.0778,23.5643,39.8253,60.9112,165.283,154.555,147.72,141.474,135.744,130.47,123.755,116.9,105.439,77.4188,44.4597,28.0944,12.7932,0.499024,225.341,225.338,216.21,216.207
69.67927122116089,-0.00030107833445072176,0.9999847412109375,0.0,5,-0.0057543,5.0,16277.8,244.61,-0.00213659,3.88084,4.21459,9.05508,14.0363,23.4934,39.7011,60.713,163.553,152.936,146.172,139.991,134.321,129.102,122.456,115.673,104.395,77.5057,44.5064,28.1228,12.8057,0.500456,224.917,224.912,215.434,215.244
69.70103597640991,-0.00030107833445072176,0.9999847412109375,0.0,5,-0.0057934,5.0,16648.7,244.72,-0.00987407,3.8824,4.20234,9.0281,13.9935,23.4189,39.5668,60.4911,161.843,151.335,144.64,138.522,132.911,127.746,121.169,114.455,103.354,77.5482,44.5574,28.1529,12.8184,0.501889,224.69,224.683,220.192,220.192
69.72503709793091,-0.00030107833445072176,0.9999847412109375,0.0,5,-0.00580627,5.0,16675.3,245.143,-0.0099728,3.89334,4.19016,9.00172,13.9523,23.3491,39.4462,60.3014,160.105,149.709,143.086,137.033,131.482,126.372,119.866,113.224,102.294,77.4654,44.6027,28.181,12.8309,0.503326,225.002,224.999,220.56,220.56
69.74351811408997,-0.00030107833445072176,0.9999847412109375,0.0,5,-0.00580818,5.0,16697.3,245.567,-0.00768407,3.9078,4.17799,8.97554,13.9117,23.2809,39.3304,60.124,158.355,148.072,141.521,135.535,130.044,124.99,118.555,111.986,101.223,77.2887,44.6459,28.2081,12.8432,0.504768,225.381,225.381,220.85,220.85
69.76697731018066,-0.00030107833445072176,0.9999847412109375,0.0,5,-0.00580627,5.0,16720.8,245.988,-0.00519188,3.92251,4.16579,8.94937,13.8712,23.2132,39.2166,59.9501,156.598,146.43,139.951,134.031,128.602,123.604,117.24,110.744,100.144,77.0366,44.6885,28.2351,12.8555,0.506215,225.764,225.765,221.16,221.16
69.79077577590942,-0.00030107833445072176,0.9999847412109375,0.0,5,-0.00580389,5.0,16746.7,246.407,-0.00320355,3.93359,4.15354,8.9231,13.8305,23.1454,39.1024,59.7772,154.838,144.784,138.378,132.525,127.156,122.215,115.922,109.499,99.0579,76.7212,44.731,28.2621,12.8679,0.507668,226.147,226.147,221.501,221.501
69.80920028686523,0.0,0.9999847412109375,0.0,5,-0.00580198,5.0,16774.5,246.822,-0.00182753,3.93676,4.14129,8.89681,13.7898,23.0774,38.9882,59.603,153.075,143.136,136.803,131.017,125.709,120.823,114.603,108.253,97.9656,76.3513,44.7737,28.2892,12.8803,0.509121,226.528,226.528,221.868,221.868
69.83135628700256,-0.00030107833445072176,0.9999847412109375,0.0,5,-0.00580007,5.0,16803.5,247.236,-0.000952395,3.93246,4.12898,8.87039,13.7489,23.009,38.873,59.4275,151.31,141.485,135.225,129.506,124.259,119.43,113.282,107.005,96.8672,75.9335,44.8167,28.3164,12.8927,0.510581,226.909,226.909,222.251,222.251
69.85477948188782,-0.00030107833445072176,0.9999847412109375,0.0,5,-0.00579912,5.0,16834.0,247.646,-0.00042777,3.92008,4.11666,8.84394,13.7079,22.9405,38.7574,59.2513,149.542,139.832,133.646,127.993,122.808,118.035,111.958,105.755,95.7629,75.4727,44.8598,28.3437,12.9052,0.512042,227.288,227.289,222.654,222.654
69.87929368019104,-0.00030107833445072176,0.9999847412109375,0.0,5,-0.00579864,5.0,16862.1,248.057,-0.000130094,3.91021,4.10432,8.81743,13.6669,22.8718,38.6415,59.0742,147.772,138.176,132.064,126.478,121.354,116.638,110.633,104.503,94.6523,74.9732,44.9031,28.3711,12.9176,0.513505,227.668,227.668,223.027,223.027
69.89764070510864,-0.00030107833445072176,0.9999847412109375,0.0,5,-0.00579864,5.0,16889.1,248.468,2.8658e-05,3.90681,4.09194,8.79084,13.6257,22.8029,38.5252,58.8965,145.999,136.519,130.479,124.96,119.898,115.238,109.306,103.249,93.536,74.4387,44.9465,28.3986,12.9302,0.514972,228.047,228.047,223.385,223.385
69.91992521286011,-0.00030107833445072176,0.9999847412109375,0.0,5,-0.00579817,5.0,16915.9,248.877,0.000105611,3.90357,4.07956,8.76425,13.5844,22.7339,38.4086,58.7183,144.223,134.858,128.892,123.44,118.44,113.837,107.976,101.994,92.4141,73.8719,44.9901,28.4261,12.9427,0.51644,228.423,228.423,223.739,223.739
69.94298148155212,-0.00030107833445072176,0.9999847412109375,0.0,5,-0.00579817,5.0,16942.3,249.285,0.00014006,3.90191,4.06714,8.73758,13.5431,22.6648,38.2917,58.5397,142.444,133.195,127.303,121.918,116.979,112.433,106.645,100.736,91.2862,73.2757,45.0337,28.4537,12.9552,0.517911,228.799,228.799,224.088,224.088
69.96542000770569,-0.00030107833445072176,0.9999847412109375,0.0,5,-0.00579864,5.0,16969.9,249.69,0.000156343,3.8994,4.05471,8.71086,13.5017,22.5954,38.1746,58.4178,140.663,131.53,125.711,120.394,115.516,111.027,105.311,99.4759,90.1526,72.6521,45.0775,28.4814,12.9678,0.519386,229.173,229.173,224.454,224.454
69.9887011051178,-0.00030107833445072176,0.9999847412109375,0.0,5,-0.00579864,5.0,16996.1,250.095,0.000161702,3.89761,4.04226,8.68412,13.4603,22.5261,38.0575,58.6831,138.879,129.861,124.116,118.866,114.051,109.619,103.975,98.2143,89.0133,72.003,45.1212,28.509,12.9804,0.52086,229.545,229.545,224.801,224.801
70.00971531867981,-0.00030107833445072176,0.9999847412109375,0.0,5,-0.00579864,5.0,17021.8,250.498,0.000159591,3.90027,4.02978,8.6573,13.4187,22.4566,37.9397,60.5636,137.092,128.19,122.519,117.337,112.583,108.208,102.637,96.9503,87.8688,71.3305,45.1651,28.5367,12.993,0.52234,229.916,229.916,225.141,225.141
70.03299474716187,-0.00030107833445072176,0.9999847412109375,0.0,5,-0.00579864,5.0,17047.6,250.901,0.000155055,3.90151,4.01728,8.63045,13.377,22.3868,37.822,146.994,135.302,126.516,120.919,115.805,111.114,106.795,101.297,95.6844,86.7216,70.6357,45.2092,28.5645,13.0057,0.523821,230.285,230.285,225.481,225.481
70.0509397983551,-0.00030107833445072176,0.9999847412109375,0.0,5,-0.00579864,5.0,17073.6,251.302,0.000151648,3.89931,4.00478,8.6036,13.3354,22.3172,37.7044,145.046,133.509,124.84,119.317,114.27,109.641,105.38,99.9547,94.4165,85.5724,69.92,45.2531,28.5923,13.0183,0.525303,230.654,230.654,225.825,225.825
70.0772955417633,-0.00030107833445072176,0.9999847412109375,0.0,5,-0.00579912,5.0,17102.6,251.698,0.000153776,3.88983,3.99224,8.57665,13.2936,22.2472,37.5862,143.095,131.713,123.161,117.712,112.733,108.166,103.963,98.6102,93.1465,84.4214,69.1848,45.2973,28.6202,13.031,0.52679,231.02,231.02,226.209,226.209
70.09529495239258,0.0,0.9999847412109375,0.0,5,-0.00579912,5.0,17128.7,252.096,0.000154312,3.87904,3.97968,8.54966,13.2518,22.1773,37.4678,141.141,129.914,121.479,116.104,111.194,106.689,102.543,97.2636,91.8745,83.2685,68.4309,45.3414,28.6481,13.0437,0.528279,231.386,231.386,226.554,226.554
70.11766958236694,-0.00030107833445072176,0.9999847412109375,0.0,5,-0.00579912,5.0,17154.3,252.492,0.000151191,3.87345,3.96712,8.52268,13.21,22.1073,37.3495,139.184,128.113,119.794,114.495,109.652,105.21,101.121,95.9148,90.6005,82.1138,67.6594,45.3856,28.676,13.0564,0.529767,231.751,231.751,226.893,226.893
70.13880443572998,0.0,0.9999847412109375,0.0,5,-0.00579912,5.0,17179.5,252.888,0.000147953,3.86662,3.95451,8.4956,13.168,22.037,37.2309,137.224,126.309,118.107,112.882,108.107,103.728,99.6968,94.564,89.3247,80.9574,66.8713,45.43,28.704,13.0692,0.531261,232.114,232.114,227.227,227.227
70.1608498096466,-0.00030107833445072176,0.9999847412109375,0.0,5,-0.00579912,5.0,17204.9,253.282,0.000144258,3.8557,3.9419,8.46849,13.126,21.9667,37.1121,135.261,124.501,116.418,111.267,106.561,102.244,98.2706,93.2112,88.0466,79.7991,66.0672,45.4613,28.732,13.082,0.532757,232.476,232.476,227.563,227.563
70.18378281593323,-0.00030107833445072176,0.9999847412109375,0.0,5,-0.0057996,5.0,17234.4,253.671,0.000146704,3.83679,3.92928,8.44138,13.084,21.8963,36.9933,133.294,122.692,114.725,109.65,105.012,100.758,96.842,91.8561,86.7667,78.6391,65.2478,45.4267,28.7601,13.0947,0.534252,232.836,232.836,227.952,227.952
70.2052640914917,-0.00030107833445072176,0.9999847412109375,0.0,5,-0.0057996,5.0,17259.4,254.063,0.000148714,3.81829,3.91661,8.41417,13.0418,21.8258,36.8738,131.325,120.879,113.03,108.03,103.46,99.2691,95.4114,90.499,85.4849,77.4773,64.4141,45.3287,28.7883,13.1075,0.535754,233.195,233.195,228.284,228.284
70.22834968566895,-0.00030107833445072176,0.9999847412109375,0.0,5,-0.0057996,5.0,17284.1,254.453,0.00014524,3.80918,3.90394,8.38693,12.9996,21.7551,36.7545,129.353,119.064,111.333,106.407,101.907,97.7783,93.9784,89.1397,84.2009,76.3135,63.5665,45.1739,28.8164,13.1204,0.537256,233.555,233.555,228.61,228.61
70.24939703941345,-0.00030107833445072176,0.9999847412109375,0.0,5,-0.0057996,5.0,17308.5,254.842,0.00014289,3.80016,3.89126,8.3597,12.9574,21.6844,36.6352,127.377,117.245,109.632,104.782,100.35,96.2848,92.5431,87.7784,82.915,75.1482,62.7053,44.9678,28.8446,13.1332,0.538758,233.912,233.912,228.933,228.933
70.27052330970764,-0.00030107833445072176,0.9999847412109375,0.0,5,-0.00580007,5.0,17333.1,255.23,0.000137628,3.78649,3.87854,8.33237,12.915,21.6135,36.5313,125.399,115.424,107.93,103.155,98.7918,94.7895,91.1056,86.4153,81.6272,73.9811,61.8314,44.7156,28.8729,13.1461,0.540267,234.268,234.268,229.259,229.259
70.29678440093994,-0.00030107833445072176,0.9999847412109375,0.0,5,-0.00580007,5.0,17363.3,255.611,0.000140043,3.76159,3.8658,8.305,12.8726,21.5425,36.6217,123.418,113.6,106.224,101.525,97.2308,93.2919,89.6661,85.0498,80.3375,72.8121,60.9449,44.4212,28.9012,13.1589,0.541776,234.622,234.622,229.657,229.657
70.31702041625977,-0.00030107833445072176,0.9999847412109375,0.0,5,-0.00580007,5.0,17387.5,255.996,0.000142575,3.73719,3.85307,8.27764,12.8302,21.4716,37.0986,121.433,111.774,104.516,99.8926,95.6674,91.7919,88.2245,83.6824,79.0456,71.6414,60.0467,44.0879,28.9295,13.1718,0.543286,234.975,234.975,229.979,229.979
70.33875775337219,-0.00030107833445072176,0.9999847412109375,0.0,5,-0.00580007,5.0,17411.5,256.38,0.000138236,3.72483,3.84029,8.25018,12.7876,21.4003,38.5327,119.446,109.945,102.806,98.2576,94.1018,90.2896,86.7807,82.3128,77.7522,70.4689,59.1372,43.719,28.9579,13.1848,0.544801,235.329,235.329,230.297,230.297
70.36022067070007,-0.00030107833445072176,0.9999847412109375,0.0,5,-0.00580007,5.0,17435.3,256.763,0.000135539,3.71168,3.82749,8.2227,12.745,21.329,140.253,117.456,108.113,101.093,96.6206,92.5337,88.7851,85.3346,80.9412,76.4566,69.2946,58.2162,43.3169,28.9863,13.1977,0.546317,235.679,235.679,230.612,230.612
70.3812689781189,-0.00030107833445072176,0.9999847412109375,0.0,5,-0.00580055,5.0,17459.4,257.145,0.00013109,3.69369,3.8147,8.1952,12.7024,21.2577,137.872,115.462,106.278,99.3774,94.9808,90.9634,87.2782,83.8863,79.5675,75.159,68.1187,57.2843,42.8839,29.0148,13.2107,0.547834,236.029,236.029,230.93,230.93
70.40299129486084,0.0,0.9999847412109375,0.0,5,-0.00580055,5.0,17490.4,257.518,0.000145078,3.65932,3.80186,8.16762,12.6596,21.1861,135.489,113.466,104.441,97.6594,93.3389,89.3908,85.7692,82.4361,78.192,73.8595,66.941,56.3424,42.4219,29.032,13.2236,0.549355,236.377,236.377,231.339,231.339
70.42913675308228,0.0,0.9999847412109375,0.0,5,-0.00580055,5.0,17513.6,257.897,0.000147872,3.62833,3.78901,8.14001,12.6168,21.1145,133.102,111.467,102.601,95.9386,91.6941,87.8158,84.2584,80.9839,76.8143,72.5583,65.7617,55.3902,41.933,29.0046,13.2366,0.550879,236.724,236.724,231.648,231.648
70.4501805305481,0.0,0.9999847412109375,0.0,5,-0.00580055,5.0,17536.9,258.275,0.000138887,3.6126,3.77615,8.1124,12.574,21.0429,130.711,109.465,100.758,94.2153,90.0472,86.2384,82.7448,79.5293,75.4347,71.255,64.5803,54.4282,41.4185,28.9333,13.2496,0.552402,237.073,237.073,231.956,231.956
70.47023248672485,0.0,0.9999847412109375,0.0,5,-0.00580055,5.0,17560.0,258.652,0.000131171,3.59445,3.76326,8.08471,12.5311,20.971,128.317,107.46,98.9124,92.4895,88.3978,84.6589,81.2293,78.0725,74.0531,69.95,63.3975,53.4566,40.8799,28.8215,13.2627,0.55393,237.417,237.417,232.261,232.261
70.49155116081238,0.0,0.9999847412109375,0.0,5,-0.00580103,5.0,17583.5,259.027,0.000121344,3.57256,3.75035,8.05696,12.4881,20.9094,125.92,105.452,97.0641,90.7617,86.7463,83.0772,79.7114,76.6136,72.6694,68.643,62.213,52.4758,40.3186,28.6718,13.2758,0.55546,237.761,237.761,232.572,232.572
70.51678085327148,-0.00030107833445072176,0.9999847412109375,0.0,5,-0.00580103,5.0,17615.3,259.393,0.000135012,3.52753,3.73744,8.02922,12.4451,20.9625,123.518,103.441,95.2131,89.0308,85.0919,81.493,78.1916,75.1527,71.2836,67.3339,61.0266,51.4859,39.7356,28.4866,13.2888,0.556991,238.102,238.102,232.992,232.992
70.53682732582092,-0.00030107833445072176,0.9999847412109375,0.0,5,-0.00580103,5.0,17637.4,259.767,0.000137309,3.49133,3.7245,8.00143,12.402,21.1961,121.114,101.428,93.3599,87.2976,83.4356,79.9065,76.6695,73.6899,69.8959,66.0232,59.8387,50.4871,39.132,28.2681,13.3019,0.558524,238.444,238.444,233.286,233.286
70.55786180496216,0.0,0.9999847412109375,0.0,5,-0.00580103,5.0,17660.0,260.138,0.000128474,3.47331,3.71153,7.97356,12.3588,21.6875,118.706,99.4114,91.5038,85.5621,81.7767,78.3179,75.1452,72.2249,68.5062,64.7108,58.6489,49.4835,38.5089,28.0183,13.315,0.560062,238.787,238.787,233.585,233.585
70.57954692840576,0.0,0.9999847412109375,0.0,5,-0.00580103,5.0,17682.5,260.509,0.000121812,3.44905,3.69856,7.94569,12.3156,22.5934,116.295,97.3918,89.645,83.824,80.1154,76.7269,73.6186,70.7576,67.1147,63.3961,57.4575,48.4782,37.867,27.7388,13.3282,0.561599,239.125,239.125,233.882,233.882
70.60432505607605,-0.00030107833445072176,0.9999847412109375,0.0,5,-0.0058015,5.0,17705.5,260.878,0.000112736,3.42374,3.68557,7.91777,12.2724,24.3493,113.88,95.3694,87.7834,82.0836,78.4521,75.1338,72.09,69.2883,65.721,62.0796,56.2645,47.4716,37.2072,27.4314,13.3413,0.563139,239.464,239.464,234.186,234.186
70.62642240524292,-0.00030107833445072176,0.9999847412109375,0.0,5,-0.0058015,5.0,17737.9,261.236,0.000133034,3.36575,3.67254,7.88979,12.2601,182.758,111.462,93.3446,85.9196,80.3407,76.7862,73.5383,70.5592,67.8171,64.3254,60.7614,55.0698,46.4635,36.5303,27.0972,13.3545,0.564684,239.798,239.798,234.615,234.615
70.64703416824341,-0.00030107833445072176,0.9999847412109375,0.0,5,-0.0058015,5.0,17759.1,261.605,0.000130997,3.32589,3.65951,7.86179,12.3351,178.787,109.041,91.3166,84.0527,78.5953,75.1181,71.9407,69.0265,66.3437,62.928,59.4414,53.8734,45.4541,35.8368,26.7376,13.3664,0.566228,240.135,240.135,234.895,234.895
70.66834831237793,-0.00030107833445072176,0.9999847412109375,0.0,5,-0.0058015,5.0,17781.0,261.97,0.000121476,3.3066,3.64647,7.83378,12.5145,174.811,106.616,89.2856,82.1837,76.8472,73.4474,70.3407,67.4913,64.8684,61.5284,58.1194,52.6752,44.4432,35.1275,26.3538,13.3608,0.567773,240.473,240.473,235.185,235.185
70.690988779068,0.0,0.9999847412109375,0.0,5,-0.0058015,5.0,17803.1,262.336,0.00010889,3.24436,3.63338,7.83226,12.8205,170.831,104.187,87.2522,80.3118,75.097,71.7745,68.7386,65.9541,63.3908,60.1273,56.7957,51.4755,43.431,34.4029,25.9469,13.333,0.569325,240.8,240.8,235.477,235.477
70.7119414806366,-0.00030107833445072176,0.9999847412109375,0.0,5,-0.00580198,5.0,17826.2,262.699,8.53736e-05,3.17221,3.6203,7.8868,13.2849,166.843,101.756,85.2157,78.4373,73.3442,70.0994,67.1344,64.4148,61.9114,58.7239,55.4701,50.2741,42.4173,33.6636,25.5179,13.2834,0.570875,241.133,241.133,235.782,235.782
70.73388004302979,-0.00030107833445072176,0.9999847412109375,0.0,5,-0.0058015,5.0,17873.3,263.039,0.000149942,2.97746,3.60721,8.00367,13.9551,162.851,99.3204,83.1767,76.5602,71.5889,68.4218,65.5277,62.8732,60.4298,57.3185,54.1426,49.0709,41.4022,32.9101,25.0677,13.2127,0.572427,241.452,241.452,236.409,236.409
70.75695896148682,-0.00030107833445072176,0.9999847412109375,0.0,5,-0.00580198,5.0,17887.8,263.414,0.000119546,2.72338,3.6059,8.19017,14.9081,158.853,96.8823,81.1348,74.6808,69.8316,66.7423,63.9192,61.3297,58.9463,55.9115,52.8135,47.8664,40.3858,32.1429,24.5971,13.1214,0.573984,241.759,241.759,236.6,236.6
