timestamp,target_steer,target_accel,target_brake,target_gear,angle,gear,rpm,speedX,speedY,speedZ,track_0,track_1,track_2,track_3,track_4,track_5,track_6,track_7,track_8,track_9,track_10,track_11,track_12,track_13,track_14,track_15,track_16,track_17,track_18,trackPos,wheelSpinVel_0,wheelSpinVel_1,wheelSpinVel_2,wheelSpinVel_3
1.5961194038391113,0.005553815513849258,0.9999847412109375,0.0,1,0.00822276,0.0,5235.99,-0.00913045,-0.00302988,0.00318209,5.70304,12.6267,22.455,140.486,90.9268,77.357,71.6721,67.3518,64.5773,62.0267,59.6744,57.4982,54.7119,51.8501,47.2417,40.0655,31.0431,22.7658,11.2227,0.333439,0.0,0.0,0.0,0.0
1.6171932220458984,0.004446343518793583,0.9999847412109375,0.0,1,0.00822276,0.0,5386.69,-0.00913045,-0.00302988,0.00318209,5.70304,12.6267,22.455,140.486,90.9268,77.357,71.6721,67.3518,64.5773,62.0267,59.6744,57.4982,54.7119,51.8501,47.2417,40.0655,31.0431,22.7658,11.2227,0.333439,0.0,0.0,0.0,0.0
1.639254093170166,0.014782190322875977,0.9999847412109375,0.0,1,0.00822276,0.0,5542.21,-0.00913045,-0.00302988,0.00318209,5.70304,12.6267,22.455,140.486,90.9268,77.357,71.6721,67.3518,64.5773,62.0267,59.6744,57.4982,54.7119,51.8501,47.2417,40.0655,31.0431,22.7658,11.2227,0.333439,0.0,0.0,0.0,0.0
1.6567885875701904,0.02585571352392435,0.9999847412109375,0.0,1,0.00822276,0.0,5702.71,-0.00913045,-0.00302988,0.00318209,5.70304,12.6267,22.455,140.486,90.9268,77.357,71.6721,67.3518,64.5773,62.0267,59.6744,57.4982,54.7119,51.8501,47.2417,40.0655,31.0431,22.7658,11.2227,0.333439,0.0,0.0,0.0,0.0
1.6766254901885986,0.03114630375057459,0.9999847412109375,0.0,1,0.00822276,0.0,5868.34,-0.00913045,-0.00302988,0.00318209,5.70304,12.6267,22.455,140.486,90.9268,77.357,71.6721,67.3518,64.5773,62.0267,59.6744,57.4982,54.7119,51.8501,47.2417,40.0655,31.0431,22.7658,11.2227,0.333439,0.0,0.0,0.0,0.0
1.6997499465942383,0.04000488296151161,0.9999847412109375,0.0,1,0.00822276,0.0,6039.26,-0.00913045,-0.00302988,0.00318209,5.70304,12.6267,22.455,140.486,90.9268,77.357,71.6721,67.3518,64.5773,62.0267,59.6744,57.4982,54.7119,51.8501,47.2417,40.0655,31.0431,22.7658,11.2227,0.333439,0.0,0.0,0.0,0.0
1.7222135066986084,0.046525731682777405,0.9999847412109375,0.0,1,0.00822276,0.0,6215.65,-0.00913045,-0.00302988,0.00318209,5.70304,12.6267,22.455,140.486,90.9268,77.357,71.6721,67.3518,64.5773,62.0267,59.6744,57.4982,54.7119,51.8501,47.2417,40.0655,31.0431,22.7658,11.2227,0.333439,0.0,0.0,0.0,0.0
1.7394781112670898,0.046525731682777405,0.9999847412109375,0.0,1,0.00822276,0.0,6397.68,-0.00913045,-0.00302988,0.00318209,5.70304,12.6267,22.455,140.486,90.9268,77.357,71.6721,67.3518,64.5773,62.0267,59.6744,57.4982,54.7119,51.8501,47.2417,40.0655,31.0431,22.7658,11.2227,0.333439,0.0,0.0,0.0,0.0
1.757669448852539,0.046525731682777405,0.9999847412109375,0.0,1,0.00822276,0.0,6585.53,-0.00913045,-0.00302988,0.00318209,5.70304,12.6267,22.455,140.486,90.9268,77.357,71.6721,67.3518,64.5773,62.0267,59.6744,57.4982,54.7119,51.8501,47.2417,40.0655,31.0431,22.7658,11.2227,0.333439,0.0,0.0,0.0,0.0
1.776970386505127,0.046525731682777405,0.9999847412109375,0.0,1,0.00822276,0.0,6779.4,-0.00913045,-0.00302988,0.00318209,5.70304,12.6267,22.455,140.486,90.9268,77.357,71.6721,67.3518,64.5773,62.0267,59.6744,57.4982,54.7119,51.8501,47.2417,40.0655,31.0431,22.7658,11.2227,0.333439,0.0,0.0,0.0,0.0
1.799015760421753,0.03692899737507105,0.9999847412109375,0.0,1,0.00822276,0.0,6979.46,-0.00913045,-0.00302988,0.00318209,5.70304,12.6267,22.455,140.486,90.9268,77.357,71.6721,67.3518,64.5773,62.0267,59.6744,57.4982,54.7119,51.8501,47.2417,40.0655,31.0431,22.7658,11.2227,0.333439,0.0,0.0,0.0,0.0
1.820997714996338,0.014782190322875977,0.9999847412109375,0.0,1,0.00822276,0.0,7185.91,-0.00913045,-0.00302988,0.00318209,5.70304,12.6267,22.455,140.486,90.9268,77.357,71.6721,67.3518,64.5773,62.0267,59.6744,57.4982,54.7119,51.8501,47.2417,40.0655,31.0431,22.7658,11.2227,0.333439,0.0,0.0,0.0,0.0
1.836838960647583,0.0026004770770668983,0.9999847412109375,0.0,1,0.00822276,0.0,7398.97,-0.00913045,-0.00302988,0.00318209,5.70304,12.6267,22.455,140.486,90.9268,77.357,71.6721,67.3518,64.5773,62.0267,59.6744,57.4982,54.7119,51.8501,47.2417,40.0655,31.0431,22.7658,11.2227,0.333439,0.0,0.0,0.0,0.0
1.8582160472869873,0.0018620826303958893,0.9999847412109375,0.0,1,0.00822276,0.0,7618.85,-0.00913045,-0.00302988,0.00318209,5.70304,12.6267,22.455,140.486,90.9268,77.357,71.6721,67.3518,64.5773,62.0267,59.6744,57.4982,54.7119,51.8501,47.2417,40.0655,31.0431,22.7658,11.2227,0.333439,0.0,0.0,0.0,0.0
1.884350299835205,0.0012467140331864357,0.9999847412109375,0.0,1,0.00822276,0.0,7845.75,-0.00913045,-0.00302988,0.00318209,5.70304,12.6267,22.455,140.486,90.9268,77.357,71.6721,67.3518,64.5773,62.0267,59.6744,57.4982,54.7119,51.8501,47.2417,40.0655,31.0431,22.7658,11.2227,0.333439,0.0,0.0,0.0,0.0
1.902918815612793,0.0012467140331864357,0.9999847412109375,0.0,1,0.00822276,0.0,8079.91,-0.00913045,-0.00302988,0.00318209,5.70304,12.6267,22.455,140.486,90.9268,77.357,71.6721,67.3518,64.5773,62.0267,59.6744,57.4982,54.7119,51.8501,47.2417,40.0655,31.0431,22.7658,11.2227,0.333439,0.0,0.0,0.0,0.0
1.9211578369140625,0.0012467140331864357,0.9999847412109375,0.0,1,0.00822276,0.0,8321.56,-0.00913045,-0.00302988,0.00318209,5.70304,12.6267,22.455,140.486,90.9268,77.357,71.6721,67.3518,64.5773,62.0267,59.6744,57.4982,54.7119,51.8501,47.2417,40.0655,31.0431,22.7658,11.2227,0.333439,0.0,0.0,0.0,0.0
1.9371554851531982,0.0018620826303958893,0.9999847412109375,0.0,1,0.00822276,0.0,8570.94,-0.00913045,-0.00302988,0.00318209,5.70304,12.6267,22.455,140.486,90.9268,77.357,71.6721,67.3518,64.5773,62.0267,59.6744,57.4982,54.7119,51.8501,47.2417,40.0655,31.0431,22.7658,11.2227,0.333439,0.0,0.0,0.0,0.0
1.9587879180908203,0.005553815513849258,0.9999847412109375,0.0,1,0.00822276,0.0,8828.3,-0.00913045,-0.00302988,0.00318209,5.70304,12.6267,22.455,140.486,90.9268,77.357,71.6721,67.3518,64.5773,62.0267,59.6744,57.4982,54.7119,51.8501,47.2417,40.0655,31.0431,22.7658,11.2227,0.333439,0.0,0.0,0.0,0.0
1.9809811115264893,0.012936563231050968,0.9999847412109375,0.0,1,0.00822276,0.0,9093.88,-0.00913045,-0.00302988,0.00318209,5.70304,12.6267,22.455,140.486,90.9268,77.357,71.6721,67.3518,64.5773,62.0267,59.6744,57.4982,54.7119,51.8501,47.2417,40.0655,31.0431,22.7658,11.2227,0.333439,0.0,0.0,0.0,0.0
2.0005178451538086,0.01884252205491066,0.9999847412109375,0.0,1,0.00822276,0.0,9367.96,-0.00913045,-0.00302988,0.00318209,5.70304,12.6267,22.455,140.486,90.9268,77.357,71.6721,67.3518,64.5773,62.0267,59.6744,57.4982,54.7119,51.8501,47.2417,40.0655,31.0431,22.7658,11.2227,0.333439,0.0,0.0,0.0,0.0
2.0185720920562744,0.021057226695120335,0.9999847412109375,0.0,1,0.00822276,0.0,9648.33,-0.00913045,-0.00302988,0.00318209,5.70304,12.6267,22.455,140.486,90.9268,77.357,71.6721,67.3518,64.5773,62.0267,59.6744,57.4982,54.7119,51.8501,47.2417,40.0655,31.0431,22.7658,11.2227,0.333439,0.0,0.0,0.0,0.0
2.0410268306732178,0.021057226695120335,0.9999847412109375,0.0,1,0.00822276,0.0,9928.97,-0.00913045,-0.00302988,0.00318209,5.70304,12.6267,22.455,140.486,90.9268,77.357,71.6721,67.3518,64.5773,62.0267,59.6744,57.4982,54.7119,51.8501,47.2417,40.0655,31.0431,22.7658,11.2227,0.333439,0.0,0.0,0.0,0.0
2.05985426902771,0.021057226695120335,0.9999847412109375,0.0,1,0.00822276,0.0,10209.6,-0.00913045,-0.00302988,0.00318209,5.70304,12.6267,22.455,140.486,90.9268,77.357,71.6721,67.3518,64.5773,62.0267,59.6744,57.4982,54.7119,51.8501,47.2417,40.0655,31.0431,22.7658,11.2227,0.333439,0.0,0.0,0.0,0.0
2.0760908126831055,0.021057226695120335,0.9999847412109375,0.0,1,0.00822276,0.0,10490.3,-0.00913045,-0.00302988,0.00318209,5.70304,12.6267,22.455,140.486,90.9268,77.357,71.6721,67.3518,64.5773,62.0267,59.6744,57.4982,54.7119,51.8501,47.2417,40.0655,31.0431,22.7658,11.2227,0.333439,0.0,0.0,0.0,0.0
2.097332239151001,0.021057226695120335,0.9999847412109375,0.0,1,0.00822276,0.0,10770.9,-0.00913045,-0.00302988,0.00318209,5.70304,12.6267,22.455,140.486,90.9268,77.357,71.6721,67.3518,64.5773,62.0267,59.6744,57.4982,54.7119,51.8501,47.2417,40.0655,31.0431,22.7658,11.2227,0.333439,0.0,0.0,0.0,0.0
2.1207714080810547,0.014782190322875977,0.9999847412109375,0.0,1,0.00822276,0.0,11051.5,-0.00913045,-0.00302988,0.00318209,5.70304,12.6267,22.455,140.486,90.9268,77.357,71.6721,67.3518,64.5773,62.0267,59.6744,57.4982,54.7119,51.8501,47.2417,40.0655,31.0431,22.7658,11.2227,0.333439,0.0,0.0,0.0,0.0
2.1381537914276123,0.0012467140331864357,0.9999847412109375,0.0,1,0.00822276,0.0,11332.2,-0.00913045,-0.00302988,0.00318209,5.70304,12.6267,22.455,140.486,90.9268,77.357,71.6721,67.3518,64.5773,62.0267,59.6744,57.4982,54.7119,51.8501,47.2417,40.0655,31.0431,22.7658,11.2227,0.333439,0.0,0.0,0.0,0.0
2.1563491821289062,0.0007543712854385376,0.9999847412109375,0.0,1,0.00822276,0.0,11612.8,-0.00913045,-0.00302988,0.00318209,5.70304,12.6267,22.455,140.486,90.9268,77.357,71.6721,67.3518,64.5773,62.0267,59.6744,57.4982,54.7119,51.8501,47.2417,40.0655,31.0431,22.7658,11.2227,0.333439,0.0,0.0,0.0,0.0
2.178213596343994,0.0007543712854385376,0.9999847412109375,0.0,1,0.00822276,0.0,11893.5,-0.00913045,-0.00302988,0.00318209,5.70304,12.6267,22.455,140.486,90.9268,77.357,71.6721,67.3518,64.5773,62.0267,59.6744,57.4982,54.7119,51.8501,47.2417,40.0655,31.0431,22.7658,11.2227,0.333439,0.0,0.0,0.0,0.0
2.199408769607544,0.0007543712854385376,0.9999847412109375,0.0,1,0.00822276,0.0,12174.1,-0.00913045,-0.00302988,0.00318209,5.70304,12.6267,22.455,140.486,90.9268,77.357,71.6721,67.3518,64.5773,62.0267,59.6744,57.4982,54.7119,51.8501,47.2417,40.0655,31.0431,22.7658,11.2227,0.333439,0.0,0.0,0.0,0.0
2.2205817699432373,0.0018620826303958893,0.9999847412109375,0.0,1,0.00822276,0.0,12454.7,-0.00913045,-0.00302988,0.00318209,5.70304,12.6267,22.455,140.486,90.9268,77.357,71.6721,67.3518,64.5773,62.0267,59.6744,57.4982,54.7119,51.8501,47.2417,40.0655,31.0431,22.7658,11.2227,0.333439,0.0,0.0,0.0,0.0
2.237813711166382,0.01884252205491066,0.9999847412109375,0.0,1,0.00822276,0.0,12735.6,-0.00913045,-0.00302988,0.00318209,5.70304,12.6267,22.455,140.486,90.9268,77.357,71.6721,67.3518,64.5773,62.0267,59.6744,57.4982,54.7119,51.8501,47.2417,40.0655,31.0431,22.7658,11.2227,0.333439,0.0,0.0,0.0,0.0
2.2569804191589355,0.03692899737507105,0.9999847412109375,0.0,1,0.00822276,0.0,13017.4,-0.00913045,-0.00302988,0.00318209,5.70304,12.6267,22.455,140.486,90.9268,77.357,71.6721,67.3518,64.5773,62.0267,59.6744,57.4982,54.7119,51.8501,47.2417,40.0655,31.0431,22.7658,11.2227,0.333439,0.0,0.0,0.0,0.0
2.2808730602264404,0.07322401646524668,0.9999847412109375,0.0,1,0.00822276,0.0,13300.3,-0.00913045,-0.00302988,0.00318209,5.70304,12.6267,22.455,140.486,90.9268,77.357,71.6721,67.3518,64.5773,62.0267,59.6744,57.4982,54.7119,51.8501,47.2417,40.0655,31.0431,22.7658,11.2227,0.333439,0.0,0.0,0.0,0.0
2.2969706058502197,0.11640824377536774,0.9999847412109375,0.0,1,0.00822276,0.0,13584.3,-0.00913045,-0.00302988,0.00318209,5.70304,12.6267,22.455,140.486,90.9268,77.357,71.6721,67.3518,64.5773,62.0267,59.6744,57.4982,54.7119,51.8501,47.2417,40.0655,31.0431,22.7658,11.2227,0.333439,0.0,0.0,0.0,0.0
2.3180289268493652,0.12182162050157785,0.9999847412109375,0.0,1,0.00822276,0.0,13869.5,-0.00913045,-0.00302988,0.00318209,5.70304,12.6267,22.455,140.486,90.9268,77.357,71.6721,67.3518,64.5773,62.0267,59.6744,57.4982,54.7119,51.8501,47.2417,40.0655,31.0431,22.7658,11.2227,0.333439,0.0,0.0,0.0,0.0
2.339750289916992,0.12735802307724953,0.9999847412109375,0.0,1,0.00822276,0.0,14155.8,-0.00913045,-0.00302988,0.00318209,5.70304,12.6267,22.455,140.486,90.9268,77.357,71.6721,67.3518,64.5773,62.0267,59.6744,57.4982,54.7119,51.8501,47.2417,40.0655,31.0431,22.7658,11.2227,0.333439,0.0,0.0,0.0,0.0
2.3574013710021973,0.12735802307724953,0.9999847412109375,0.0,1,0.00822276,0.0,14443.2,-0.00913045,-0.00302988,0.00318209,5.70304,12.6267,22.455,140.486,90.9268,77.357,71.6721,67.3518,64.5773,62.0267,59.6744,57.4982,54.7119,51.8501,47.2417,40.0655,31.0431,22.7658,11.2227,0.333439,0.0,0.0,0.0,0.0
2.378614664077759,0.12182162050157785,0.9999847412109375,0.0,1,0.00822276,0.0,14731.7,-0.00913045,-0.00302988,0.00318209,5.70304,12.6267,22.455,140.486,90.9268,77.357,71.6721,67.3518,64.5773,62.0267,59.6744,57.4982,54.7119,51.8501,47.2417,40.0655,31.0431,22.7658,11.2227,0.333439,0.0,0.0,0.0,0.0
2.397812604904175,0.07322401646524668,0.9999847412109375,0.0,1,0.00822276,0.0,15021.4,-0.00913045,-0.00302988,0.00318209,5.70304,12.6267,22.455,140.486,90.9268,77.357,71.6721,67.3518,64.5773,62.0267,59.6744,57.4982,54.7119,51.8501,47.2417,40.0655,31.0431,22.7658,11.2227,0.333439,0.0,0.0,0.0,0.0
2.419901132583618,0.03692899737507105,0.9999847412109375,0.0,1,0.00822276,0.0,15312.3,-0.00913045,-0.00302988,0.00318209,5.70304,12.6267,22.455,140.486,90.9268,77.357,71.6721,67.3518,64.5773,62.0267,59.6744,57.4982,54.7119,51.8501,47.2417,40.0655,31.0431,22.7658,11.2227,0.333439,0.0,0.0,0.0,0.0
2.4397761821746826,0.02585571352392435,0.9999847412109375,0.0,1,0.00822276,0.0,15604.2,-0.00913045,-0.00302988,0.00318209,5.70304,12.6267,22.455,140.486,90.9268,77.357,71.6721,67.3518,64.5773,62.0267,59.6744,57.4982,54.7119,51.8501,47.2417,40.0655,31.0431,22.7658,11.2227,0.333439,0.0,0.0,0.0,0.0
2.4566757678985596,0.02585571352392435,0.9999847412109375,0.0,1,0.00822276,0.0,15897.4,-0.00913045,-0.00302988,0.00318209,5.70304,12.6267,22.455,140.486,90.9268,77.357,71.6721,67.3518,64.5773,62.0267,59.6744,57.4982,54.7119,51.8501,47.2417,40.0655,31.0431,22.7658,11.2227,0.333439,0.0,0.0,0.0,0.0
2.478864908218384,0.02585571352392435,0.9999847412109375,0.0,1,0.00822276,0.0,16191.7,-0.00913045,-0.00302988,0.00318209,5.70304,12.6267,22.455,140.486,90.9268,77.357,71.6721,67.3518,64.5773,62.0267,59.6744,57.4982,54.7119,51.8501,47.2417,40.0655,31.0431,22.7658,11.2227,0.333439,0.0,0.0,0.0,0.0
2.498631477355957,0.02585571352392435,0.9999847412109375,0.0,1,0.00822276,0.0,16487.1,-0.00913045,-0.00302988,0.00318209,5.70304,12.6267,22.455,140.486,90.9268,77.357,71.6721,67.3518,64.5773,62.0267,59.6744,57.4982,54.7119,51.8501,47.2417,40.0655,31.0431,22.7658,11.2227,0.333439,0.0,0.0,0.0,0.0
2.5200119018554688,0.03114630375057459,0.9999847412109375,0.0,1,0.00822276,0.0,16783.8,-0.00913045,-0.00302988,0.00318209,5.70304,12.6267,22.455,140.486,90.9268,77.357,71.6721,67.3518,64.5773,62.0267,59.6744,57.4982,54.7119,51.8501,47.2417,40.0655,31.0431,22.7658,11.2227,0.333439,0.0,0.0,0.0,0.0
2.540637731552124,0.049970694817602634,0.9999847412109375,0.0,1,0.00822276,0.0,17080.9,-0.00913045,-0.00302988,0.00318209,5.70304,12.6267,22.455,140.486,90.9268,77.357,71.6721,67.3518,64.5773,62.0267,59.6744,57.4982,54.7119,51.8501,47.2417,40.0655,31.0431,22.7658,11.2227,0.333439,0.0,0.0,0.0,0.0
2.5593271255493164,0.06498080585151911,0.9999847412109375,0.0,1,0.00822276,0.0,17378.1,-0.00913045,-0.00302988,0.00318209,5.70304,12.6267,22.455,140.486,90.9268,77.357,71.6721,67.3518,64.5773,62.0267,59.6744,57.4982,54.7119,51.8501,47.2417,40.0655,31.0431,22.7658,11.2227,0.333439,0.0,0.0,0.0,0.0
2.596693515777588,0.07322401646524668,0.9999847412109375,0.0,1,0.00871724,0.0,17972.4,-0.016048,0.0136364,0.00259047,5.70582,12.6461,22.5474,139.766,90.6263,77.1403,71.4865,67.1883,64.4271,61.8887,59.5468,57.3802,54.6051,51.7544,47.1628,40.0056,31.0006,22.7402,11.2173,0.33345,0.805495,-0.808516,1.0529,-1.08425
2.6187360286712646,0.07322401646524668,0.9999847412109375,0.0,1,0.00862759,1.0,5249.36,0.263711,-0.0196564,0.00408905,5.70535,12.6426,22.5314,139.893,90.679,77.1783,71.519,67.2167,64.4532,61.9125,59.5689,57.4006,54.6237,51.7709,47.1763,40.0158,31.0079,22.7446,11.2183,0.333443,-0.544243,0.273259,-0.532957,-0.416002
2.6365842819213867,0.07322401646524668,0.9999847412109375,0.0,1,0.00865525,1.0,5264.23,0.146652,0.00114193,0.00536434,5.70559,12.644,22.5377,139.85,90.6606,77.1648,71.5073,67.2065,64.4437,61.9036,59.5607,57.3928,54.6166,51.7645,47.1711,40.0117,31.005,22.7429,11.2179,0.333435,0.753088,-0.127953,0.756131,0.813958
2.659808874130249,0.07322401646524668,0.9999847412109375,0.0,1,0.00862187,1.0,5235.99,0.294838,0.0080942,0.00465291,5.70538,12.6426,22.5322,139.896,90.6791,77.1781,71.5186,67.2161,64.4526,61.912,59.5682,57.3998,54.6229,51.77,47.1755,40.0151,31.0075,22.7444,11.2183,0.333437,-0.650307,0.502358,-0.544843,-0.544843
2.6783273220062256,0.07322401646524668,0.9999847412109375,0.0,1,0.00864142,1.0,5235.99,0.758734,-0.0128948,0.00704505,5.70552,12.6436,22.5378,139.862,90.6635,77.166,71.5082,67.2069,64.4439,61.9038,59.5607,57.3928,54.6164,51.7641,47.1705,40.0111,31.0047,22.7428,11.218,0.333434,1.59615,1.25163,4.7575,4.7575
2.700002670288086,0.07322401646524668,0.9999847412109375,0.0,1,0.00863474,1.0,5235.99,1.66417,0.0132521,0.0185629,5.70553,12.6437,22.5418,139.856,90.6577,77.1604,71.5026,67.2017,64.4387,61.8988,59.5557,57.3878,54.6116,51.7596,47.1662,40.0076,31.0025,22.7419,11.2181,0.333428,2.28465,1.0468,5.91602,5.91602
2.7164413928985596,0.07322401646524668,0.9999847412109375,0.0,1,0.00850933,1.0,5235.99,2.61412,0.0255136,0.0373063,5.70482,12.6394,22.5265,140.012,90.7167,77.2008,71.5362,67.2303,64.4646,61.9221,59.5769,57.407,54.6284,51.7742,47.1774,40.0156,31.0087,22.7462,11.2194,0.333426,2.04765,1.87091,6.37923,6.37923
2.7397701740264893,0.07322401646524668,0.9999847412109375,0.0,1,0.00834006,1.0,5235.99,3.54432,0.0331955,0.058389,5.70383,12.6334,22.5064,140.221,90.7952,77.2544,71.5806,67.2683,64.4989,61.9529,59.6046,57.4321,54.6505,51.7931,47.1917,40.0259,31.0169,22.7519,11.2213,0.333427,2.97874,3.1524,6.47238,6.47238
2.7583706378936768,0.07322401646524668,0.9999847412109375,0.0,1,0.00813168,1.0,5235.99,4.46791,0.0442895,0.0767875,5.7026,12.6262,22.4827,140.478,90.8907,77.3191,71.634,67.314,64.5398,61.9896,59.6379,57.4621,54.6766,51.8153,47.2084,40.038,31.0264,22.7587,11.2236,0.333429,3.7542,3.95563,6.9082,6.9082
2.7808220386505127,0.07322401646524668,0.9999847412109375,0.0,1,0.00787562,1.0,5235.99,5.36788,0.0551591,0.0891845,5.70105,12.6172,22.4532,140.795,91.0088,77.3992,71.7003,67.3705,64.5905,62.0353,59.679,57.4992,54.7089,51.843,47.2294,40.0528,31.0383,22.7673,11.2265,0.333436,4.56526,4.80748,7.58841,7.58841
2.797293186187744,0.07322401646524668,0.9999847412109375,0.0,1,0.00756996,1.0,5235.99,6.24215,0.0654123,0.0934413,5.69918,12.6065,22.4179,141.177,91.1508,77.4954,71.78,67.4387,64.6515,62.0901,59.7285,57.544,54.7479,51.8766,47.2547,40.0709,31.0526,22.7775,11.23,0.333448,5.34888,5.70733,8.54417,8.54417
2.817450523376465,0.07322401646524668,0.9999847412109375,0.0,1,0.00721377,1.0,5235.99,7.08525,0.0739091,0.0913473,5.69698,12.5938,22.3764,141.627,91.3183,77.609,71.8741,67.5192,64.7237,62.1552,59.787,57.597,54.7942,51.9162,47.2849,40.0924,31.0696,22.7895,11.2341,0.333465,6.09928,6.75455,9.83712,9.83712
2.8399627208709717,0.07322401646524668,0.9999847412109375,0.0,1,0.00678986,1.0,5235.99,7.99487,0.0792349,0.0912424,5.69432,12.5789,22.3285,142.162,91.5154,77.7426,71.9841,67.6129,64.8078,62.2308,59.8553,57.6586,54.8476,51.9619,47.3192,40.1166,31.089,22.8036,11.239,0.33349,7.69505,7.33181,11.4756,11.4756
2.8583967685699463,0.06904089823365211,0.9999847412109375,0.0,1,0.00635117,1.0,5235.99,8.8354,0.0871974,0.09632,5.69156,12.5634,22.2786,142.723,91.7223,77.8824,72.0999,67.7117,64.8963,62.3105,59.927,57.7235,54.9039,52.0105,47.3559,40.1423,31.1095,22.8182,11.2441,0.333517,8.47622,7.81986,13.0302,13.0302
2.8839502334594727,0.06498080585151911,0.9999847412109375,0.0,1,0.00588959,1.0,5235.99,9.67632,0.0918916,0.106787,5.68864,12.5473,22.2278,143.315,91.9383,78.0277,72.22,67.8138,64.9878,62.3924,60.0009,57.7901,54.9618,52.0597,47.3928,40.168,31.1301,22.8333,11.2495,0.333548,9.07062,8.47071,14.561,14.561
2.899303674697876,0.046525731682777405,0.9999847412109375,0.0,1,0.00541085,1.0,5235.99,10.5179,0.0950531,0.121146,5.68561,12.5307,22.1775,143.928,92.16,78.176,72.342,67.9175,65.0803,62.4753,60.0751,57.8568,55.0198,52.109,47.4293,40.193,31.1504,22.8482,11.2551,0.33358,9.64694,9.24129,16.0311,16.0311
2.9205222129821777,0.03692899737507105,0.9999847412109375,0.0,1,0.00503319,1.0,5235.99,11.3596,0.0817939,0.137441,5.68323,12.5185,22.1489,144.38,92.3122,78.2736,72.4198,67.9818,65.1369,62.5248,60.1187,57.895,55.0513,52.1344,47.446,40.2027,31.1601,22.857,11.2595,0.333604,10.3034,10.1198,17.4323,17.4323
2.9395554065704346,0.03114630375057459,0.49999237060546875,0.0,1,0.00473088,1.0,5235.99,12.2025,0.0724634,0.153388,5.68137,12.5098,22.138,144.706,92.4096,78.3313,72.4634,68.0158,65.1648,62.5479,60.1374,57.9101,55.0621,52.1409,47.4468,40.2001,31.1612,22.8607,11.263,0.333618,11.0785,10.9993,18.7811,18.7811
2.958034038543701,0.03114630375057459,0.9999847412109375,0.0,1,0.00446671,1.0,5235.99,13.0364,0.0654423,0.168191,5.67979,12.5031,22.1376,144.962,92.4765,78.3657,72.4866,68.0314,65.176,62.5551,60.1416,57.9115,55.0602,52.1362,47.4378,40.1896,31.1569,22.8613,11.266,0.333626,11.8893,11.8298,14.3036,14.3036
2.9800126552581787,0.03114630375057459,0.9999847412109375,0.0,1,0.00418633,1.0,5235.99,13.8545,0.0653561,0.181605,5.67814,12.4961,22.1379,145.235,92.5471,78.4018,72.5107,68.0476,65.1875,62.5629,60.1457,57.9125,55.0578,52.1305,47.4276,40.1782,31.1522,22.8618,11.2692,0.333632,12.6779,12.6056,15.8805,15.8805
3.000103235244751,0.03114630375057459,0.9999847412109375,0.0,1,0.00388068,1.0,5235.99,14.6791,0.0663836,0.193268,5.67633,12.4885,22.137,145.539,92.6277,78.444,72.5396,68.0678,65.2023,62.5732,60.1522,57.9158,55.0572,52.1263,47.4186,40.1671,31.1476,22.8626,11.2726,0.333639,13.4506,13.3729,17.4891,17.4891
3.022808790206909,0.03114630375057459,0.9999847412109375,0.0,1,0.0035507,1.0,5235.99,15.5074,0.0677136,0.203406,5.67436,12.4803,22.1352,145.875,92.7176,78.4921,72.5733,68.0912,65.2204,62.5862,60.1611,57.921,55.0579,52.1231,47.4099,40.156,31.1435,22.8638,11.2764,0.333649,14.2142,14.1343,19.0573,19.0573
3.0387191772460938,0.03114630375057459,0.9999847412109375,0.0,1,0.00319641,1.0,5235.99,16.338,0.0690437,0.212406,5.67223,12.4714,22.1323,146.241,92.8168,78.5459,72.6113,68.1189,65.2414,62.6019,60.172,57.9282,55.0606,52.1213,47.4019,40.145,31.1395,22.8653,11.2805,0.333661,14.9762,14.8923,20.5975,20.5975
3.059743881225586,0.03692899737507105,0.9999847412109375,0.0,1,0.00281733,1.0,5235.99,17.1706,0.0702518,0.220884,5.66991,12.462,22.1281,146.64,92.9262,78.6057,72.654,68.1499,65.2659,62.6205,60.1856,57.9372,55.0644,52.1205,47.3945,40.1341,31.1357,22.8671,11.2849,0.33368,15.7397,15.6504,22.1127,22.1127
3.081557035446167,0.046525731682777405,0.9999847412109375,0.0,1,0.00229901,1.0,5235.99,18.0883,0.0804805,0.230274,5.66668,12.4479,22.1091,147.238,93.1061,78.7127,72.7356,68.2142,65.3198,62.6655,60.2229,57.968,55.0873,52.1358,47.3995,40.1311,31.1382,22.8733,11.291,0.333712,16.5925,16.4759,23.7505,23.7505
3.1016838550567627,0.05353868380188942,0.49999237060546875,0.0,1,0.00166386,1.0,5235.99,18.9244,0.0976067,0.239374,5.66264,12.429,22.065,148.049,93.3716,78.8813,72.8704,68.3252,65.4168,62.7505,60.2974,58.0331,55.1413,52.179,47.4275,40.1456,31.1527,22.8867,11.2986,0.333763,17.3782,17.2202,25.2123,25.2123
3.1211540699005127,0.05353868380188942,0.9999847412109375,0.0,1,0.000874217,1.0,5235.99,19.7541,0.115321,0.24927,5.65751,12.404,21.9958,149.122,93.7359,79.1193,73.0631,68.487,65.5598,62.8774,60.41,58.1335,55.2268,52.2505,47.4783,40.176,31.179,22.9073,11.3081,0.333839,18.1556,17.9658,20.806,20.806
3.1443891525268555,0.05353868380188942,0.9999847412109375,0.0,1,5.26269e-05,1.0,5235.99,20.5655,0.12995,0.259755,5.65197,12.3778,21.9234,150.261,94.1208,79.3701,73.2664,68.6574,65.7107,63.0112,60.5291,58.2394,55.3169,52.3258,47.532,40.2079,31.2065,22.929,11.3183,0.333945,18.8983,18.7079,22.4675,22.4675
3.1669681072235107,0.05353868380188942,0.9999847412109375,0.0,1,-0.000793282,1.0,5235.99,21.3849,0.137835,0.27041,5.64608,12.3508,21.8497,151.456,94.521,79.6304,73.4771,68.8337,65.8666,63.1494,60.6519,58.3487,55.41,52.4034,47.5871,40.2402,31.2346,22.9513,11.329,0.334075,19.6507,19.4531,24.1312,24.1312
3.1842079162597656,0.05353868380188942,0.9999847412109375,0.0,1,-0.00167591,1.0,5235.99,22.209,0.142017,0.281148,5.63981,12.3226,21.7731,152.728,94.9446,79.9056,73.7,69.0205,66.0318,63.2958,60.7819,58.4644,55.5086,52.4856,47.6458,40.2741,31.2639,22.9746,11.3403,0.334229,20.4082,20.2019,25.7328,25.7328
3.2030892372131348,0.05353868380188942,0.9999847412109375,0.0,1,-0.00259906,1.0,5235.99,23.0367,0.14407,0.291878,5.63313,12.2932,21.693,154.092,95.3965,80.1991,73.9374,69.2195,66.2077,63.4519,60.9207,58.5881,55.614,52.5735,47.7086,40.3102,31.2951,22.9991,11.3523,0.334406,21.1693,20.9534,27.2874,27.2874
3.2202558517456055,0.05353868380188942,0.9999847412109375,0.0,1,-0.00356657,1.0,5235.99,23.8674,0.144662,0.302582,5.62603,12.2622,21.6083,155.559,95.8791,80.5122,74.191,69.4319,66.3959,63.6189,61.0693,58.7205,55.7268,52.668,47.7764,40.3488,31.3281,23.0251,11.3651,0.334605,21.9335,21.7073,28.8007,28.8007
3.2438437938690186,0.05353868380188942,0.49999237060546875,0.0,1,-0.00458128,1.0,5332.54,24.701,0.144095,0.313418,5.61848,12.2299,21.5195,157.139,96.3956,80.8478,74.4622,69.6597,66.5976,63.7978,61.2285,58.8624,55.8483,52.7698,47.8495,40.3902,31.3636,23.0526,11.3786,0.33483,22.7007,22.4634,30.3023,30.3023
3.263347864151001,0.05353868380188942,0.9999847412109375,0.0,1,-0.00563461,1.0,5235.99,25.527,0.147033,0.324328,5.6105,12.1963,21.4271,158.825,96.9429,81.202,74.7492,69.9,66.8101,63.9867,61.3966,59.0123,55.9763,52.8772,47.9271,40.4337,31.4005,23.0813,11.3926,0.335081,23.4629,23.2188,25.9344,25.9344
3.2825164794921875,0.05353868380188942,0.9999847412109375,0.0,1,-0.00667602,1.0,5235.99,26.3274,0.158797,0.335219,5.60228,12.1633,21.3401,160.521,97.4847,81.5506,75.0302,70.135,67.0175,64.1703,61.5596,59.1574,56.0999,52.9801,48.0005,40.4729,31.4348,23.1086,11.4065,0.335371,24.1934,23.9529,27.7103,27.7103
3.3006279468536377,0.05353868380188942,0.9999847412109375,0.0,1,-0.00774509,1.0,5235.99,27.141,0.164098,0.345833,5.59363,12.1294,21.2513,162.309,98.049,81.9127,75.3221,70.3786,67.2328,64.3609,61.7288,59.3077,56.2279,53.0867,48.0767,40.5129,31.4698,23.1365,11.4209,0.335699,24.9408,24.6914,29.4224,29.4224
3.3226637840270996,0.05353868380188942,0.9999847412109375,0.0,1,-0.00885946,1.0,5504.76,27.9619,0.165117,0.356126,5.58444,12.094,21.1584,164.232,98.652,82.2997,75.6339,70.6388,67.4626,64.5645,61.9095,59.4688,56.3648,53.2012,48.1585,40.5559,31.5069,23.166,11.4359,0.336063,25.6959,25.4356,31.2562,31.2562
3.3422257900238037,0.05353868380188942,0.49999237060546875,0.0,1,-0.0100277,1.0,5990.64,28.79,0.162502,0.366148,5.57469,12.0568,21.0601,166.316,99.3004,82.7154,75.9688,70.9189,67.7101,64.7838,62.1045,59.6423,56.5131,53.3252,48.2481,40.6023,31.547,23.1975,11.4515,0.336461,26.4582,26.185,33.9693,33.9693
3.364525318145752,0.05353868380188942,0.9999847412109375,0.0,1,-0.0112475,1.0,5243.26,29.6143,0.161114,0.369554,5.56439,12.0181,20.9571,168.567,99.9942,83.1596,76.3268,71.2184,67.9747,65.0185,62.3132,59.8283,56.6719,53.4583,48.3443,40.6524,31.5894,23.2306,11.4678,0.336896,27.2172,26.9343,30.0845,30.0845
3.3807384967803955,0.05353868380188942,0.9999847412109375,0.0,1,-0.0124629,1.0,5704.84,30.4168,0.168366,0.370952,5.55376,11.9798,20.8577,170.874,100.694,83.6049,76.6849,71.5168,68.2382,65.2516,62.5201,60.0123,56.8287,53.5893,48.4383,40.7003,31.63,23.2628,11.4841,0.337377,27.9493,27.6686,32.3654,32.3654
3.402479648590088,0.05353868380188942,0.9999847412109375,0.0,1,-0.0137213,1.0,6317.87,31.2388,0.167592,0.372895,5.54253,11.94,20.7549,173.349,101.436,84.0763,77.0635,71.8325,68.5167,65.4983,62.7391,60.2074,56.9949,53.7284,48.5383,40.7517,31.6725,23.2963,11.501,0.337906,28.7057,28.4116,35.792,35.792
3.424511432647705,0.05353868380188942,0.49999237060546875,0.0,1,-0.0150583,1.0,7238.56,32.0741,0.158947,0.377307,5.53055,11.8976,20.6432,176.092,102.251,84.595,77.4805,72.1806,68.8243,65.7709,62.9817,60.4235,57.1796,53.8833,48.6508,40.8112,31.72,23.3332,11.5189,0.338478,29.4781,29.1646,40.9307,40.9307
3.443150520324707,0.049970694817602634,0.49999237060546875,0.0,1,-0.0164831,1.0,6700.61,32.9145,0.146947,0.384371,5.51779,11.8525,20.5219,179.152,103.151,85.168,77.9417,72.5665,69.1651,66.0733,63.251,60.6639,57.3857,54.0569,48.7778,40.8799,31.7732,23.3736,11.5377,0.339092,30.2573,29.9242,38.329,38.329
3.463637351989746,0.04320379439741373,0.9999847412109375,0.0,1,-0.0179036,1.0,6135.36,33.7452,0.13507,0.393881,5.50474,11.808,20.4052,182.314,104.064,85.7443,78.4048,72.9518,69.5057,66.375,63.519,60.9031,57.59,54.2285,48.9024,40.9465,31.824,23.4128,11.5565,0.339749,31.0152,30.6917,35.1277,35.1277
3.4818389415740967,0.04000488296151161,0.49999237060546875,0.0,1,-0.0191911,1.0,7042.78,34.5711,0.120571,0.405197,5.49206,11.7687,20.3125,185.236,104.876,86.2497,78.8066,73.2847,69.7974,66.6318,63.7456,61.1036,57.7596,54.3687,49.0016,40.9945,31.8612,23.4439,11.5737,0.340453,31.75,31.4615,39.838,39.838
3.500312328338623,0.04000488296151161,0.9999847412109375,0.0,1,-0.0204018,1.0,6481.49,35.4045,0.107504,0.417304,5.47949,11.7328,20.2345,188.044,105.632,86.7134,79.1727,73.5849,70.0595,66.8613,63.9471,61.2808,57.9077,54.49,49.0846,41.031,31.8895,23.4697,11.5899,0.341197,32.5071,32.2317,37.0838,37.0838
3.5238444805145264,0.03692899737507105,0.49999237060546875,0.0,1,-0.0215824,1.0,7571.77,36.2354,0.103469,0.429597,5.4667,11.6983,20.164,190.681,106.372,87.1629,79.5255,73.8731,70.3101,67.0797,64.1379,61.4477,58.0466,54.6028,49.1601,41.0618,31.9131,23.4927,11.6057,0.34199,33.2627,32.9896,42.7898,42.7898
3.5424957275390625,0.03692899737507105,0.9999847412109375,0.0,1,-0.0227707,1.0,7093.11,37.0762,0.0893341,0.441603,5.45352,11.664,20.0958,192.661,107.127,87.6189,79.8825,74.1642,70.563,67.3,64.3301,61.6156,58.186,54.7153,49.2353,41.0913,31.9351,23.5149,11.6215,0.342829,34.0316,33.7589,40.5447,40.5447
3.5605709552764893,0.03692899737507105,0.49999237060546875,0.0,1,-0.0239633,1.0,8501.91,37.9186,0.0797203,0.453062,5.43995,11.6301,20.03,194.262,107.896,88.0814,80.2435,74.4578,70.8172,67.521,64.5225,61.7835,58.3249,54.8274,49.3092,41.1198,31.9554,23.5363,11.6373,0.343718,34.8011,34.5242,47.9797,47.9797
3.5864312648773193,0.03692899737507105,0.49999237060546875,0.0,1,-0.0253518,1.0,8137.98,38.8549,0.0637392,0.464977,5.4242,11.5907,19.9507,195.858,108.827,88.6408,80.6814,74.815,71.127,67.7908,64.7582,61.9899,58.4965,54.9665,49.4029,41.1586,31.9818,23.5623,11.6553,0.344753,35.6657,35.3704,46.455,46.455
3.607245683670044,0.04000488296151161,0.49999237060546875,0.0,1,-0.0266712,1.0,7816.32,39.7022,0.0525286,0.475381,5.40917,11.5535,19.8738,197.192,109.742,89.1909,81.1117,75.166,71.4323,68.0571,64.9913,62.194,58.6667,55.105,49.4971,41.1992,32.0085,23.5876,11.6723,0.34575,36.4465,36.1404,44.6349,44.6349
3.623978853225708,0.04000488296151161,0.9999847412109375,0.0,1,-0.028055,1.0,7453.67,40.54,0.0550874,0.485381,5.3933,11.5144,19.7908,198.46,110.737,89.7887,81.58,75.5489,71.7654,68.3481,65.2458,62.4177,58.8539,55.2583,49.6025,41.2469,32.0384,23.6153,11.6899,0.346814,37.2239,36.9009,42.578,42.578
3.642657518386841,0.04000488296151161,0.49999237060546875,0.0,1,-0.0294903,1.0,9070.69,41.3806,0.0517406,0.495113,5.3766,11.4738,19.7029,199.661,111.804,90.4286,82.0817,75.9588,72.1226,68.6602,65.5195,62.6584,59.0556,55.4237,49.7172,41.3002,32.071,23.6447,11.7081,0.347953,37.9947,37.66,51.152,51.152
3.665484666824341,0.04000488296151161,0.49999237060546875,0.0,1,-0.0310252,1.0,8883.98,42.2104,0.0343222,0.485164,5.35889,11.4301,19.6044,200.0,112.997,91.1455,82.6441,76.4199,72.5243,69.0122,65.8294,62.9314,59.2853,55.6131,49.8505,41.3655,32.1102,23.6783,11.7275,0.349161,38.7716,38.4114,50.6563,50.6563
3.683889627456665,0.04000488296151161,0.49999237060546875,0.0,1,-0.0326532,1.0,8736.8,43.0415,0.0161239,0.478829,5.34022,11.3838,19.4965,200.0,114.319,91.9384,83.2669,76.9305,72.9706,69.4035,66.1734,63.2355,59.5423,55.8261,50.0015,41.4421,32.1552,23.7155,11.7478,0.350438,39.54,39.1605,49.8293,49.8293
3.7030653953552246,0.04000488296151161,0.49999237060546875,0.0,1,-0.0343369,1.0,8553.22,43.876,0.00185589,0.477761,5.32073,11.336,19.3843,200.0,115.738,92.7866,83.9326,77.4761,73.4467,69.8212,66.5415,63.5605,59.8169,56.0542,50.164,41.5255,32.203,23.7546,11.7687,0.35179,40.3086,39.9176,48.7927,48.7927
3.725586175918579,0.04000488296151161,0.9999847412109375,0.0,1,-0.0360444,1.0,8338.6,44.7086,-0.00481519,0.480554,5.30089,11.2879,19.2721,200.0,117.226,93.6706,84.6245,78.0421,73.9408,70.2541,66.9225,63.897,60.1011,56.2896,50.3317,41.6116,32.251,23.7938,11.7898,0.353228,41.0728,40.6779,47.578,47.578
3.744260311126709,0.04000488296151161,0.49999237060546875,0.0,1,-0.0377801,1.0,10356.1,45.5535,-0.0167953,0.487319,5.28069,11.239,19.1594,200.0,118.791,94.5948,85.3466,78.6324,74.4552,70.7047,67.3184,64.2468,60.3963,56.5342,50.5057,41.7011,32.2993,23.8335,11.8112,0.354759,41.8444,41.44,58.4206,58.4206
3.7660772800445557,0.03692899737507105,0.49999237060546875,0.0,1,-0.0396479,1.0,10130.1,46.4159,-0.0455885,0.497455,5.25976,11.1863,19.0324,200.0,120.566,95.6412,86.1642,79.3012,75.039,71.2164,67.7695,64.6457,60.7339,56.8154,50.708,41.8086,32.3568,23.8791,11.8342,0.356375,42.6473,42.2101,57.7641,57.7641
3.7876007556915283,0.03692899737507105,0.49999237060546875,0.0,1,-0.0415834,1.0,9977.66,47.2809,-0.0812571,0.509855,5.23849,11.1321,18.9012,200.0,122.487,96.7668,87.0426,80.0191,75.6651,71.7657,68.2531,65.0732,61.0962,57.1171,50.9256,41.9252,32.4181,23.927,11.8577,0.358073,43.4423,42.9951,56.8958,56.8958
3.8038861751556396,0.03397613763809204,0.49999237060546875,0.0,1,-0.0435513,1.0,9829.88,48.146,-0.108403,0.523365,5.21697,11.0773,18.77,200.0,124.523,97.9508,87.9633,80.7703,76.3195,72.3386,68.7574,65.519,61.4732,57.431,51.1514,42.0464,32.4798,23.9753,11.8815,0.35986,44.2373,43.7815,56.0518,56.0518
3.8282597064971924,0.03114630375057459,0.49999237060546875,0.0,1,-0.0455106,1.0,9691.99,49.0088,-0.13457,0.536813,5.19543,11.0234,18.6435,200.0,126.628,99.1631,88.9031,81.5343,76.9836,72.9194,69.2677,65.9693,61.8533,57.7466,51.3779,42.1669,32.5385,24.022,11.9051,0.361746,45.0243,44.5738,55.2626,55.2626
3.8429558277130127,0.03114630375057459,0.49999237060546875,0.0,1,-0.047397,1.0,9569.24,49.8667,-0.154044,0.549346,5.1741,10.9726,18.5298,200.0,128.717,100.351,89.8178,82.2751,77.6259,73.4792,69.758,66.4004,62.2162,58.0462,51.5906,42.2771,32.5884,24.0633,11.9277,0.363734,45.8008,45.369,54.5582,54.5582
3.8637502193450928,0.031070991988105697,0.49999237060546875,0.0,1,-0.0492013,1.0,9470.06,50.7254,-0.165693,0.490085,5.15306,10.9249,18.4296,200.0,130.771,101.503,90.7003,82.9858,78.2396,74.0124,70.2235,66.8087,62.5575,58.3266,51.7873,42.3758,32.629,24.0991,11.9493,0.365833,46.4013,46.0739,53.9829,53.9829
3.886836528778076,0.030985048953956613,0.9999847412109375,0.0,1,-0.0508569,1.0,9415.42,51.5532,-0.164844,0.391989,5.13262,10.8824,18.3505,200.0,132.684,102.557,91.5004,83.6258,78.7889,74.4866,70.6351,67.1672,62.855,58.5683,51.9525,42.4528,32.6542,24.1254,11.9689,0.368045,47.2526,46.8704,53.66,53.66
3.909045696258545,0.03089810923808751,0.49999237060546875,0.0,1,-0.0525397,1.0,11591.3,52.3906,-0.16956,0.336753,5.11188,10.8393,18.2703,200.0,134.709,103.663,92.3386,84.2947,79.3632,74.9825,71.0653,67.5416,63.1653,58.8204,52.1254,42.5338,32.6796,24.1522,11.9888,0.370377,48.0545,47.667,65.456,65.456
3.9255261421203613,0.030809383800803374,0.49999237060546875,0.0,1,-0.0544193,1.0,11321.8,53.2452,-0.197568,0.31238,5.09019,10.7905,18.1694,200.0,137.125,104.986,93.3429,85.0987,80.0557,75.5821,71.5875,67.9985,63.5468,59.1332,52.3444,42.6441,32.72,24.1882,12.0109,0.372818,48.8815,48.4457,64.5666,64.5666
3.94209623336792,0.03072029498997548,0.49999237060546875,0.0,1,-0.0564631,1.0,11128.6,54.1033,-0.229447,0.312532,5.06772,10.7371,18.0522,200.0,139.921,106.51,94.5,86.0262,80.8549,76.2755,72.1922,68.5289,63.9912,59.4993,52.604,42.7799,32.7722,24.2317,12.0347,0.375369,49.6975,49.2255,63.4656,63.4656
3.965651512145996,0.03063084280560383,0.49999237060546875,0.0,1,-0.058646,1.0,10935.6,54.9649,-0.25936,0.329221,5.05003,10.6913,17.943,200.0,143.04,108.191,95.7721,87.0435,81.7303,77.0342,72.8534,69.1084,64.4759,59.8987,52.8871,42.9285,32.8276,24.2741,12.0548,0.377342,50.5036,50.0073,62.3664,62.3664
3.9840900897979736,0.027886849952001122,0.49999237060546875,0.0,1,-0.0588354,1.0,10743.7,55.8297,-0.282721,0.355531,5.02655,10.6334,17.8119,200.0,146.46,110.018,97.1515,88.1456,82.6789,77.856,73.5701,69.7364,65.0027,60.3333,53.197,43.0943,32.8908,24.3245,12.0805,0.380099,51.3026,50.793,61.2718,61.2718
4.00541877746582,0.027804877845525742,0.49999237060546875,0.0,1,-0.0589582,1.0,10559.8,56.6944,-0.301697,0.385267,5.00313,10.577,17.6879,200.0,150.008,111.885,98.553,89.2607,83.6358,78.6833,74.2899,70.3663,65.5293,60.7668,53.5042,43.2569,32.9487,24.3719,12.1057,0.382889,52.0868,51.5901,60.2202,60.2202
4.026019096374512,0.030362143643147623,0.9999847412109375,0.0,1,-0.058953,1.0,10396.6,57.553,-0.300039,0.413634,4.97993,10.524,17.5776,200.0,153.566,113.724,99.9241,90.346,84.5637,79.4829,74.9833,70.9708,66.0328,61.1788,53.7938,43.4068,32.9974,24.4128,12.1297,0.385724,52.8609,52.3859,59.2826,59.2826
4.045775413513184,0.030271362549815946,0.49999237060546875,0.0,1,-0.0589139,1.0,12493.2,58.4274,-0.305347,0.43738,4.95651,10.4711,17.47,200.0,157.325,115.639,101.344,91.4662,85.5196,80.3048,75.6947,71.5905,66.5474,61.5998,54.0885,43.5588,33.0465,24.4525,12.1536,0.388606,53.6513,53.17,70.6198,70.6198
4.065452337265015,0.025087514419415032,0.49999237060546875,0.0,1,-0.0588765,1.0,12979.9,58.9133,-0.342297,0.198081,4.93301,10.4181,17.362,200.0,161.371,117.67,102.844,92.6449,86.5238,81.1672,76.4405,72.239,67.0858,62.0395,54.3963,43.7179,33.0987,24.4925,12.1777,0.391497,54.2308,53.7488,73.9211,73.9211
4.087320804595947,0.020376081564137713,0.49999237060546875,0.0,1,-0.0592822,1.0,12872.0,59.7042,-0.429382,0.13546,4.90761,10.3518,17.2067,200.0,166.806,120.385,104.852,94.2274,87.8753,82.3318,77.4514,73.1227,67.8244,62.648,54.8312,43.9562,33.1944,24.5566,12.2071,0.394374,54.9028,54.3056,73.3861,73.3861
4.107771158218384,0.018180873173793157,0.49999237060546875,0.0,1,-0.0595969,1.0,12674.1,60.5344,-0.509204,0.104133,4.88276,10.2887,17.0631,200.0,172.506,123.169,106.893,95.8283,89.2381,83.5019,78.4645,74.0052,68.5595,63.2519,55.2599,44.1883,33.2852,24.6154,12.2353,0.397235,55.6371,55.0574,72.2852,72.2852
4.1255693435668945,0.018126179613108435,0.49999237060546875,0.0,1,-0.0597854,1.0,12391.2,61.4052,-0.566859,0.101721,4.85851,10.2297,16.9346,200.0,178.394,125.976,108.934,97.4179,90.5859,84.6556,79.4596,74.8697,69.2766,63.8381,55.673,44.4083,33.368,24.6673,12.2619,0.400096,56.407,55.8499,70.6937,70.6937
4.146283388137817,0.018069714855350555,0.49999237060546875,0.0,1,-0.0598555,1.0,12057.7,62.3042,-0.59768,0.120612,4.83463,10.1739,16.8186,200.0,183.7,128.813,110.979,99.0015,91.9231,85.796,80.44,75.719,69.9782,64.4092,56.0723,44.6177,33.4439,24.713,12.2872,0.402977,57.2087,56.6709,68.8028,68.8028
4.166280746459961,0.01801264085604623,0.49999237060546875,0.0,1,-0.0597863,1.0,11715.9,63.2129,-0.601649,0.150891,4.81109,10.1218,16.7165,200.0,186.835,131.642,113.0,100.556,93.2312,86.907,81.3919,76.5406,70.6541,64.9565,56.4517,44.8126,33.511,24.7514,12.3111,0.405891,58.0238,57.5109,66.8518,66.8518
4.183612823486328,0.017956345680986842,0.9999847412109375,0.0,1,-0.059515,1.0,11413.6,64.1092,-0.575045,0.183042,4.78807,10.0748,16.6335,200.0,189.018,134.353,114.916,102.019,94.4548,87.9415,82.2744,77.2989,71.2738,65.4548,56.7921,44.9821,33.5633,24.7793,12.3329,0.408857,58.8298,58.3558,65.112,65.112
4.206266403198242,0.017899811833981427,0.49999237060546875,0.0,1,-0.0591165,1.0,13444.1,65.0093,-0.551241,0.268215,4.76507,10.0303,16.5612,200.0,190.747,137.046,116.804,103.45,95.6474,88.9459,83.1279,78.0297,71.8684,65.931,57.1143,45.1387,33.6081,24.8011,12.3536,0.411883,59.6887,59.227,76.0482,76.0482
4.225219488143921,0.019939544197521173,0.49999237060546875,0.0,1,-0.0588886,1.0,12964.3,65.9235,-0.571446,0.352246,4.74113,9.98033,16.4706,200.0,192.458,140.242,119.035,105.14,97.0566,90.1337,84.1387,78.8968,72.5764,66.5,57.5039,45.3354,33.6738,24.8326,12.3767,0.414932,60.5461,60.0355,73.9787,73.9787
4.243915557861328,0.022083272120311855,0.49999237060546875,0.0,1,-0.0587511,1.0,12606.9,66.8201,-0.587138,0.411524,4.71659,9.92724,16.3702,200.0,194.086,143.856,121.543,107.033,98.6322,91.4603,85.2668,79.8645,73.3661,67.1358,57.9409,45.5593,33.7532,24.8695,12.401,0.418004,61.3748,60.8382,71.93,71.93
4.266095161437988,0.022014997836927574,0.49999237060546875,0.0,1,-0.058622,1.0,12301.7,67.6956,-0.587641,0.448413,4.69177,9.87335,16.2679,200.0,195.583,147.782,124.244,109.061,100.315,92.8736,86.4658,80.8911,74.2032,67.8082,58.4025,45.7962,33.8385,24.9071,12.4257,0.421107,62.1774,61.6328,70.1746,70.1746
4.283362627029419,0.021948743318180246,0.9999847412109375,0.0,1,-0.0583854,1.0,12062.4,68.5452,-0.569872,0.46623,4.66705,9.82173,16.1747,163.622,196.888,151.811,126.985,111.105,102.003,94.2857,87.6604,81.9108,75.031,68.4707,58.854,46.025,33.9186,24.9394,12.4494,0.424255,62.9448,62.42,68.7905,68.7905
4.305557012557983,0.021881467219635846,0.49999237060546875,0.0,1,-0.0580414,1.0,14194.6,69.4079,-0.569034,0.468055,4.6424,9.77234,16.0908,130.715,198.034,155.938,129.763,113.16,103.693,95.6946,88.8476,82.9212,75.8478,69.122,59.2951,46.2455,33.9936,24.9664,12.4722,0.427447,63.7075,63.1962,80.2939,80.2939
4.3235673904418945,0.021812514482493203,0.49999237060546875,0.0,1,-0.057859,1.0,13751.4,70.2921,-0.610705,0.459923,4.61704,9.71831,15.9908,108.347,199.231,160.806,133.012,115.554,105.659,97.331,90.2263,84.0944,76.7974,69.8802,59.8115,46.509,34.0904,25.0024,12.497,0.430641,64.5302,63.972,78.456,78.456
4.342426300048828,0.021743842484836778,0.49999237060546875,0.0,1,-0.0577605,1.0,13397.9,71.1727,-0.650007,0.450225,4.59132,9.66182,15.8829,92.6996,200.0,166.339,136.666,118.23,107.848,99.1487,91.7546,85.3931,77.8471,70.7178,60.3822,46.8023,34.2013,25.0428,12.5228,0.433835,65.3433,64.7607,76.4594,76.4594
4.361990690231323,0.021668596504211424,0.49999237060546875,0.0,1,-0.0576334,1.0,12866.3,72.1376,-0.660557,0.517976,4.56562,9.60601,15.7775,81.6546,200.0,172.342,140.575,121.068,110.159,101.061,93.3572,86.7511,78.941,71.5882,60.9727,47.1045,34.3156,25.0818,12.5483,0.437042,66.1888,65.6121,73.464,73.464
4.383049488067627,0.021595674422666432,0.9999847412109375,0.0,1,-0.0571831,1.0,12410.1,73.0727,-0.611984,0.598181,4.54077,9.55806,15.7009,74.544,200.0,177.778,144.195,123.664,112.258,102.786,94.7939,87.9616,79.9082,72.3512,61.4825,47.3567,34.4031,25.1038,12.5703,0.44031,67.0302,66.5236,70.8167,70.8167
4.404485702514648,0.021522596374740202,0.49999237060546875,0.0,1,-0.0564277,1.0,14376.4,74.0098,-0.566901,0.66813,4.51669,9.51734,15.6507,69.7749,200.0,180.844,147.488,125.998,114.13,104.313,96.0577,89.0193,80.7469,73.0064,61.912,47.56,34.4649,25.1098,12.589,0.443637,67.8514,67.4024,81.381,81.381
4.425506353378296,0.015357831971085941,0.49999237060546875,0.0,1,-0.0558337,1.0,13800.4,74.9482,-0.578055,0.709619,4.49189,9.4721,15.5848,65.2426,200.0,183.327,151.398,128.756,116.339,106.114,97.5473,90.2673,81.7374,73.7829,62.4255,47.8103,34.5499,25.1247,12.6097,0.446968,68.75,68.2527,78.7588,78.7588
4.447050094604492,0.0031637864665985107,0.9999847412109375,0.0,1,-0.055179,1.0,13427.4,75.8336,-0.598465,0.726512,4.46736,9.42843,15.5244,61.532,200.0,185.292,155.501,131.623,118.623,107.968,99.0756,91.5434,82.7469,74.5711,62.9441,48.0611,34.6342,25.1361,12.6295,0.450292,69.5785,69.0928,76.6007,76.6007
4.46457052230835,0.0,0.49999237060546875,0.0,1,-0.0541547,1.0,15582.6,76.7106,-0.640347,0.74841,4.44468,9.39572,15.5002,59.1143,200.0,186.626,159.052,134.067,120.551,109.519,100.343,92.5925,83.567,75.2031,63.349,48.2442,34.6834,25.128,12.6444,0.453575,70.3716,69.955,88.193,88.193
4.486628293991089,0.0,0.49999237060546875,0.0,1,-0.0529297,1.0,15061.3,77.606,-0.685919,0.810389,4.42346,9.36984,15.4979,57.3286,200.0,187.649,162.375,136.325,122.319,110.93,101.489,93.535,84.2967,75.7593,63.6977,48.3931,34.7144,25.1105,12.656,0.456777,71.1814,70.8113,85.9421,85.9421
4.506631135940552,0.0,0.49999237060546875,0.0,1,-0.0515572,1.0,14634.4,78.5012,-0.705134,0.862384,4.40345,9.34934,15.5127,55.9414,200.0,188.472,165.569,138.47,123.986,112.253,102.556,94.4076,84.9673,76.2657,64.0091,48.5193,34.7334,25.0868,12.6652,0.459902,71.9794,71.6347,83.5062,83.5062
4.522239923477173,0.0,0.49999237060546875,0.0,1,-0.050014,1.0,14231.6,79.3883,-0.697728,0.901394,4.38464,9.33465,15.547,54.9193,200.0,189.105,168.542,140.442,125.506,113.45,103.514,95.1854,85.5587,76.7065,64.2728,48.6172,34.7376,25.0556,12.6717,0.462962,72.7686,72.4552,81.2007,81.2007
4.542310953140259,0.0,0.9999847412109375,0.0,1,-0.0482354,1.0,13885.8,80.252,-0.659378,0.927847,4.36725,9.32766,15.6076,54.3094,200.0,189.522,171.074,142.091,126.762,114.427,104.287,95.8039,86.0194,77.0411,64.4612,48.6714,34.7199,25.0136,12.6747,0.46596,73.5361,73.2693,79.2092,79.2092
4.564280271530151,0.004977405365657062,0.49999237060546875,0.0,1,-0.0462469,1.0,16044.2,81.1359,-0.625155,0.941379,4.3512,9.32769,15.6939,54.0164,200.0,189.765,173.133,143.439,127.774,115.202,104.889,96.2776,86.3624,77.2808,64.5822,48.6872,34.683,24.9621,12.6747,0.468897,74.2997,74.0711,90.8307,90.8307
4.584093332290649,0.01880122561776079,0.49999237060546875,0.0,1,-0.0441985,1.0,15414.6,82.141,-0.611662,0.944606,4.33376,9.32582,15.7814,53.4348,200.0,190.14,175.134,145.338,129.211,116.312,105.763,96.9748,86.8796,77.6546,64.7908,48.7465,34.6629,24.9156,12.6756,0.472026,75.2238,74.9535,87.9703,87.9703
4.608330011367798,0.022993934202527006,0.49999237060546875,0.0,1,-0.0425282,1.0,14748.0,83.2048,-0.571131,1.00325,4.31541,9.31475,15.8349,52.2772,200.0,190.79,177.227,148.22,131.412,118.035,107.138,98.0894,87.7281,78.2909,65.1796,48.9055,34.6918,24.8933,12.6804,0.47507,76.1995,75.8408,84.2168,84.2168
4.630105495452881,0.02290435277373778,0.9999847412109375,0.0,1,-0.041047,1.0,14149.8,84.2442,-0.513802,1.08722,4.29655,9.2989,15.8711,50.8959,200.0,191.55,179.144,151.788,134.135,120.168,108.843,99.4756,88.789,79.0928,65.6798,49.1249,34.7501,24.8856,12.6873,0.478076,77.1936,76.794,80.7459,80.7459
4.655237197875977,0.022814461076386273,0.49999237060546875,0.0,1,-0.0395407,1.0,16361.7,85.2872,-0.485024,1.15661,4.27805,9.2844,15.9122,49.6048,200.0,192.261,180.733,155.621,137.042,122.435,110.649,100.94,89.9067,79.9359,66.2052,49.3565,34.8139,24.8809,12.6936,0.481049,78.1388,77.7328,92.6812,92.6812
4.673870325088501,0.008449827995393426,0.49999237060546875,0.0,2,-0.0383603,1.0,15609.8,86.338,-0.52469,1.19513,4.25892,9.26214,15.9219,48.0027,200.0,193.154,182.444,160.65,140.845,125.397,113.009,102.856,91.3753,81.0508,66.9115,49.6846,34.9236,24.8984,12.7031,0.48393,79.1583,78.6741,89.0985,89.0985
4.695449113845825,0.0,0.9999847412109375,0.0,2,-0.0368502,2.0,11506.3,87.15,-0.533525,1.22352,4.24204,9.25142,15.9736,46.8549,200.0,193.801,183.668,165.274,144.302,128.062,115.115,104.553,92.6617,82.0166,67.5111,49.9511,35.0026,24.9007,12.7077,0.486694,80.0375,79.6265,77.7813,77.5592
4.720826148986816,-0.0016294129102947192,0.9999847412109375,0.0,2,-0.034115,2.0,11500.6,87.1137,-0.408769,1.26776,4.23094,9.27821,16.1726,46.9996,200.0,193.674,183.74,166.752,145.344,128.816,115.671,104.968,92.9397,82.1913,67.5751,49.9265,34.9419,24.8361,12.6966,0.48937,80.1117,79.9716,76.8825,76.7485
4.7406299114227295,-0.0016298635169584305,0.9999847412109375,0.0,2,-0.0307886,2.0,10023.3,87.041,-0.295884,1.29063,4.22342,9.32586,16.4602,47.7264,200.0,193.186,183.298,166.597,145.145,128.595,115.442,104.737,92.7121,81.9719,67.3743,49.7599,34.8143,24.7401,12.6775,0.4919,79.9893,79.9577,76.8115,76.8042
4.763753652572632,-0.0016261477164784448,0.49999237060546875,0.0,2,-0.0273103,2.0,11542.2,87.6405,-0.228158,1.31102,4.21832,9.38383,16.7717,48.5874,200.0,192.611,182.734,166.046,144.646,128.141,115.025,104.351,92.3644,81.659,67.1112,49.5602,34.6714,24.6369,12.655,0.494222,80.2708,80.2569,88.0944,88.0944
4.7845282554626465,0.0,0.9999847412109375,0.0,2,-0.0238636,2.0,10991.7,88.5049,-0.194887,1.34072,4.21512,9.44703,17.0745,49.3771,200.0,192.07,182.222,165.678,144.286,127.795,114.694,104.038,92.0725,81.3899,66.8773,49.3763,34.536,24.5373,12.6312,0.496305,81.0397,81.0138,84.3808,84.3808
4.8071208000183105,0.008351514482860454,0.49999237060546875,0.0,2,-0.0203985,2.0,11959.0,89.4057,-0.162889,1.36555,4.21419,9.51804,17.3759,50.1465,200.0,191.535,181.719,165.355,143.959,127.475,114.385,103.741,91.7936,81.1306,66.65,49.1956,34.402,24.4383,12.6054,0.498131,81.8158,81.7867,91.358,91.358
4.8273797035217285,0.02024364865368108,0.9999847412109375,0.0,2,-0.0171237,2.0,11147.1,90.4101,-0.126042,1.43242,4.21469,9.59003,17.647,50.6613,200.0,191.132,181.403,165.679,144.122,127.537,114.383,103.696,91.7121,81.0249,66.5257,49.0705,34.2944,24.3519,12.58,0.499702,82.7131,82.6344,85.6553,85.6553
4.850491762161255,0.022285849631960817,0.49999237060546875,0.0,2,-0.0142113,2.0,11914.2,91.4206,-0.0843533,1.5105,4.21561,9.65685,17.8624,50.7294,200.0,190.96,181.409,166.967,145.165,128.287,114.933,104.104,91.9828,81.1934,66.5853,49.0443,34.234,24.2885,12.5572,0.501048,83.6383,83.4766,91.0812,91.0812
4.873315334320068,0.02220168928444044,0.9999847412109375,0.0,2,-0.011672,2.0,11152.9,92.3971,-0.0802109,1.56879,4.21688,9.71737,18.0192,50.3567,200.0,191.019,181.723,168.631,147.168,129.78,116.075,104.995,92.628,81.6517,66.8378,49.1211,34.2226,24.2486,12.5371,0.502169,84.6124,84.3675,85.6098,85.6098
4.895823001861572,0.022123665359596412,0.9999847412109375,0.0,2,-0.0092264,2.0,12095.6,93.3024,-0.0886704,1.59214,4.2197,9.7809,18.1542,49.8654,200.0,191.134,182.097,170.057,149.556,131.562,117.442,106.065,93.41,82.2141,67.158,49.2331,34.2278,24.2167,12.5165,0.503067,85.4486,85.174,92.42,92.42
4.916876554489136,0.009557850440312177,0.49999237060546875,0.0,2,-0.00701706,2.0,12825.7,94.3049,-0.137705,1.61255,4.22366,9.84287,18.2487,49.1306,200.0,191.382,182.631,171.533,152.723,133.933,119.268,107.505,94.4725,82.9899,67.6174,49.4174,34.2665,24.2007,12.4966,0.503718,86.4097,86.0743,98.0316,98.0316
4.940417528152466,0.0,0.9999847412109375,0.0,2,-0.00477457,2.0,12009.4,95.2894,-0.230581,1.63956,4.23023,9.91339,18.3401,48.432,200.0,191.606,183.117,172.748,156.077,136.428,121.181,109.007,95.577,83.7937,68.091,49.607,34.3069,24.1853,12.4742,0.504087,87.3337,87.0047,92.2618,92.2618
4.961695194244385,-0.0029251733455654856,0.49999237060546875,0.0,2,-0.00200105,2.0,12858.2,96.2481,-0.29678,1.66244,4.24191,10.0115,18.4936,48.2104,200.0,191.543,183.222,173.275,158.291,138.037,122.386,109.931,96.2319,84.2492,68.3323,49.6722,34.2881,24.1415,12.4436,0.504143,88.155,87.9315,98.2697,98.2697
4.984385251998901,-0.002914060652004865,0.9999847412109375,0.0,2,0.00124148,2.0,12073.8,97.2121,-0.319612,1.68316,4.2587,10.1372,18.7017,48.3769,200.0,191.237,183.018,173.303,159.415,138.81,122.93,110.318,96.4738,84.3863,68.3635,49.6264,34.2169,24.0726,12.4052,0.50386,89.0055,88.8686,92.7365,92.7365
5.0036232471466064,-0.0015609851583363488,0.49999237060546875,0.0,2,0.00485907,2.0,12948.2,98.1537,-0.299071,1.70054,4.28026,10.2845,18.9529,48.837,200.0,190.746,182.58,172.976,159.638,138.897,122.935,110.27,96.3822,84.2685,68.2271,49.4925,34.1047,23.9841,12.3603,0.503242,89.8201,89.7519,98.9586,98.9586
5.025233745574951,0.0028949978307485583,0.9999847412109375,0.0,2,0.0086292,2.0,12142.1,99.1262,-0.266656,1.73857,4.30579,10.4365,19.2184,49.3932,200.0,190.188,182.059,172.53,159.55,138.749,122.754,110.073,96.1767,84.0631,68.0333,49.3286,33.9784,23.8888,12.3114,0.502276,90.7018,90.6565,93.2603,93.2603
5.050030946731567,0.015696825806250175,0.49999237060546875,0.0,2,0.0124481,2.0,12981.7,100.084,-0.213813,1.79294,4.33487,10.5886,19.4845,49.9546,200.0,189.618,181.525,172.066,159.432,138.577,122.555,109.862,95.9594,83.8487,67.8338,49.1616,33.8505,23.7929,12.2597,0.500964,91.5602,91.5153,99.2374,99.2374
5.0713090896606445,0.02819690987964471,0.9999847412109375,0.0,2,0.015903,2.0,12219.5,101.029,-0.154656,1.84073,4.36542,10.7239,19.693,50.145,200.0,189.252,181.247,171.975,160.382,139.252,123.017,110.18,96.1461,83.9421,67.8347,49.0991,33.7715,23.7202,12.2108,0.499324,92.506,92.3733,93.797,93.797
5.093512535095215,0.03053708031607792,0.9999847412109375,0.0,2,0.0187657,2.0,13160.8,101.926,-0.11653,1.87326,4.39605,10.8315,19.8108,49.7737,200.0,189.198,181.356,172.423,162.25,141.301,124.546,111.35,96.9781,84.5254,68.1535,49.2015,33.769,23.684,12.1692,0.497393,93.374,93.1086,100.585,100.585
5.114086151123047,0.03041176791831851,0.49999237060546875,0.0,2,0.0209122,2.0,13873.5,102.944,-0.169245,1.89889,4.42602,10.9063,19.8206,48.7813,200.0,189.506,181.901,173.436,164.628,145.165,127.466,113.622,98.6365,85.73,68.8707,49.5075,33.8599,23.692,12.1363,0.495168,94.3567,93.9352,106.071,106.071
5.137815475463867,0.027865982299049696,0.9999847412109375,0.0,2,0.0225616,2.0,12976.2,103.951,-0.274966,1.91919,4.45657,10.957,19.7564,47.4315,200.0,190.042,182.709,174.736,167.003,150.625,131.58,116.819,100.973,87.4345,69.9002,49.9681,34.0203,23.7322,12.1097,0.492627,95.3472,94.8155,99.6918,99.6918
5.159505605697632,0.01368421055164809,0.49999237060546875,0.0,2,0.024134,2.0,13805.6,104.922,-0.375815,1.93391,4.48943,10.9997,19.6749,46.0946,200.0,190.592,183.513,175.968,168.998,156.894,136.257,120.427,103.591,89.3338,71.0406,50.4782,34.2009,23.7817,12.0853,0.489797,96.2443,95.6884,105.539,105.539
5.179373502731323,0.0028169805115461346,0.9999847412109375,0.0,2,0.0259497,2.0,12979.4,105.887,-0.497675,1.94567,4.52659,11.0476,19.6183,44.9918,200.0,191.007,184.141,176.936,170.49,161.068,140.884,123.959,106.125,91.1533,72.1169,50.9488,34.3616,23.8215,12.0594,0.486638,97.131,96.6208,99.6718,99.6718
5.203017234802246,0.002107964055184275,0.49999237060546875,0.0,2,0.028591,2.0,13874.6,106.818,-0.554031,1.95773,4.57112,11.1233,19.6581,44.4627,200.0,191.036,184.308,177.311,171.16,162.692,144.039,126.327,107.786,92.3172,72.7746,51.2072,34.4263,23.8169,12.0257,0.483142,97.8905,97.5435,106.065,106.065
5.223595380783081,0.0020997725523915142,0.9999847412109375,0.0,2,0.0317645,2.0,13080.6,107.763,-0.551762,1.97734,4.62145,11.2158,19.7557,44.2624,200.0,190.828,184.196,177.339,171.376,163.418,146.184,127.905,108.861,93.0462,73.1582,51.3288,34.43,23.7845,11.9871,0.479268,98.732,98.4862,100.42,100.42
5.245206832885742,0.002091875770334154,0.49999237060546875,0.0,2,0.0353988,2.0,14010.4,108.674,-0.498655,1.99818,4.6736,11.3223,19.9013,44.3258,200.0,190.422,183.853,177.086,171.238,163.565,147.374,128.745,109.4,93.3806,73.2971,51.3306,34.3811,23.7283,11.9447,0.475037,99.5034,99.3465,107.1,107.1
5.2669782638549805,0.0027741568410396575,0.9999847412109375,0.0,2,0.039177,2.0,13246.1,109.598,-0.448417,2.01802,4.72553,11.4307,20.056,44.4476,200.0,189.962,183.448,176.757,171.006,163.557,148.336,129.409,109.809,93.6199,73.377,51.3038,34.3199,23.6669,11.9017,0.470406,100.372,100.239,101.669,101.669
5.287766933441162,0.010327991499264414,0.49999237060546875,0.0,2,0.043147,2.0,14207.2,110.493,-0.385793,2.02624,4.77748,11.5432,20.2263,44.6585,200.0,189.427,182.956,176.325,170.648,163.36,148.928,129.79,110.013,93.7101,73.3657,51.2332,34.2401,23.5973,11.8577,0.465375,101.143,101.039,108.603,108.603
5.314054727554321,0.016746952772140503,0.9999847412109375,0.0,2,0.0469685,2.0,13451.1,111.408,-0.327753,2.02814,4.82779,11.6465,20.3695,44.7463,200.0,188.965,182.549,175.995,170.411,163.325,150.011,130.542,110.481,93.9916,73.471,51.2192,34.1854,23.5396,11.8161,0.459915,102.03,101.887,103.235,103.235
5.333498477935791,0.02048668842496971,0.49999237060546875,0.0,2,0.0487432,2.0,14425.2,112.296,-0.279138,2.03156,4.87551,11.7352,20.4707,44.6464,199.819,188.62,182.278,175.824,170.362,163.531,151.894,131.894,111.377,94.5803,73.7627,51.2952,34.1706,23.5005,11.7785,0.454095,102.848,102.643,110.271,110.271
5.358410120010376,0.020407914684433492,0.9999847412109375,0.0,2,0.047342,2.0,13662.9,113.21,-0.276617,2.03878,4.91981,11.8032,20.5114,44.2783,147.326,188.452,182.207,175.888,170.586,164.074,154.154,134.204,112.946,95.6491,74.3425,51.5084,34.2156,23.4889,11.7464,0.448283,103.764,103.468,104.86,104.86
5.3802173137664795,0.020332157443808393,0.49999237060546875,0.0,2,0.0457667,2.0,14656.5,114.089,-0.292701,2.04025,4.9619,11.8609,20.5249,43.8138,139.094,188.342,182.202,176.023,170.884,164.68,155.895,137.004,114.848,96.948,75.0555,51.783,34.2871,23.4897,11.7171,0.442601,104.569,104.235,112.028,112.028
5.402932405471802,0.020254245560389635,0.9999847412109375,0.0,2,0.043949,2.0,13900.9,114.993,-0.337115,2.03555,5.00152,11.9058,20.5044,43.2254,130.613,188.317,182.29,176.261,171.291,165.387,157.48,140.509,117.224,98.5727,75.9551,52.1422,34.3944,23.5068,11.6912,0.437031,105.449,105.065,106.689,106.689
5.424049615859985,0.018257268620630103,0.49999237060546875,0.0,2,0.0421305,2.0,14880.5,115.882,-0.370603,2.03834,5.03974,11.9471,20.4791,42.6526,123.211,188.277,182.355,176.466,171.65,166.008,158.742,144.246,119.734,100.277,76.8921,52.5149,34.5069,23.5266,11.6665,0.431603,106.233,105.848,113.759,113.759
5.44252872467041,0.01636848421767354,0.9999847412109375,0.0,2,0.0402177,2.0,14091.6,116.8,-0.419939,2.04753,5.07617,11.9816,20.4386,42.0477,116.325,188.272,182.441,176.689,172.02,166.617,159.871,148.469,122.55,102.18,77.9337,52.9313,34.637,23.5544,11.6438,0.426304,107.112,106.708,108.153,108.153
5.4669554233551025,0.011446441254615785,0.9999847412109375,0.0,2,0.0385019,2.0,15056.2,117.698,-0.443091,2.06378,5.11221,12.0203,20.417,41.5569,110.938,188.183,182.418,176.784,172.239,167.028,160.663,151.19,125.176,103.933,78.8776,53.2986,34.7459,23.5732,11.6202,0.421158,107.883,107.518,115.114,115.114
5.488662242889404,0.008643834040500224,0.49999237060546875,0.0,2,0.0368005,2.0,15723.8,118.757,-0.51298,2.0843,5.1472,12.0569,20.3935,41.0847,106.137,188.083,182.37,176.847,172.415,167.376,161.33,152.944,127.921,105.751,79.8479,53.6734,34.8572,23.5932,11.5974,0.416126,108.797,108.437,120.273,120.273
5.510645151138306,0.008604921592399478,0.9999847412109375,0.0,2,0.0351573,2.0,14694.4,119.798,-0.567401,2.10874,5.18157,12.0934,20.374,40.6517,101.962,187.953,182.278,176.857,172.527,167.641,161.861,154.208,130.701,107.575,80.8103,54.0402,34.9643,23.6115,11.5746,0.411188,109.764,109.416,112.881,112.881
5.534188508987427,0.0085679902775834,0.49999237060546875,0.0,2,0.0337898,2.0,15514.0,120.786,-0.566547,2.13277,5.21623,12.1378,20.382,40.3511,98.8938,187.705,182.054,176.717,172.471,167.704,162.126,154.953,133.058,109.098,81.5942,54.3244,35.0371,23.6151,11.5499,0.40638,110.636,110.343,118.649,118.649
5.554378032684326,0.008532292498586079,0.9999847412109375,0.0,2,0.0325208,2.0,14637.6,121.741,-0.550416,2.15241,5.2502,12.1831,20.3968,40.0949,96.2828,187.41,181.777,176.516,172.345,167.684,162.276,155.477,135.319,110.544,82.3277,54.5843,35.1002,23.615,11.5252,0.401703,111.55,111.279,112.347,112.347
5.579226493835449,0.008498538473000129,0.9999847412109375,0.0,2,0.0314872,2.0,15598.7,122.644,-0.504554,2.16897,5.28404,12.2341,20.4328,39.9385,94.395,187.013,181.394,176.196,172.085,167.509,162.235,155.708,137.159,111.701,82.8966,54.7714,35.1342,23.6028,11.4992,0.397184,112.336,112.113,119.275,119.275
5.600008010864258,0.009758092767059181,0.49999237060546875,0.0,2,0.0303692,2.0,16258.4,123.709,-0.509104,2.18341,5.3163,12.2791,20.4548,39.7416,92.3908,186.644,181.034,175.901,171.853,167.363,162.222,155.952,139.27,113.028,83.5545,54.9958,35.1836,23.5979,11.475,0.392782,113.27,113.032,124.37,124.37
5.620066404342651,0.017566493518153828,0.9999847412109375,0.0,2,0.0290966,2.0,15225.6,124.74,-0.517221,2.19513,5.34669,12.3156,20.4558,39.4772,90.1379,186.333,180.723,175.66,171.679,167.281,162.277,156.262,141.843,114.647,84.3648,55.2838,35.2586,23.6045,11.4533,0.388485,114.261,113.992,116.939,116.939
5.643778085708618,0.025402259305119513,0.49999237060546875,0.0,2,0.0276737,2.0,16088.9,125.705,-0.49267,2.20436,5.37476,12.3426,20.4347,39.1476,87.6853,186.078,180.459,175.471,171.56,167.256,162.393,156.625,144.26,116.582,85.3371,55.6385,35.3605,23.6233,11.4346,0.384348,115.159,114.857,123.045,123.045
5.662826776504517,0.03463918266668916,0.9999847412109375,0.0,2,0.0257714,2.0,15211.7,126.645,-0.492264,2.21511,5.39842,12.347,20.3552,38.6237,84.4386,186.019,180.374,175.468,171.642,167.451,162.752,157.261,146.412,119.43,86.7818,56.1877,35.5393,23.6758,11.4225,0.380396,116.12,115.719,116.745,116.745
5.687322378158569,0.04243753842928447,0.9999847412109375,0.0,2,0.0234165,2.0,16187.5,127.541,-0.491984,2.22875,5.41722,12.3288,20.2204,37.9306,80.6341,186.148,180.464,175.633,171.902,167.836,163.315,158.111,148.443,123.287,88.7289,56.9371,35.796,23.7623,11.4175,0.376698,116.96,116.463,123.787,123.787
5.706749200820923,0.04504804134686788,0.49999237060546875,0.0,2,0.0201135,2.0,16839.2,128.611,-0.61196,2.24355,5.42823,12.2693,19.981,36.9089,75.6929,186.68,180.93,176.149,172.537,168.624,164.314,159.434,150.846,129.343,91.7498,58.1046,36.2114,23.9164,11.4251,0.373272,117.976,117.285,128.826,128.826
5.730370044708252,0.04483825436274211,0.9999847412109375,0.0,2,0.0159286,2.0,15771.3,129.642,-0.797626,2.26068,5.43174,12.1725,19.6518,35.6374,70.1683,136.426,181.757,176.96,173.481,169.737,165.652,161.098,153.425,138.104,95.9967,59.7171,36.788,24.1373,11.4452,0.370141,119.042,118.167,121.125,121.125
5.752169609069824,0.03915391023799777,0.49999237060546875,0.0,2,0.0115831,2.0,16635.0,130.604,-0.948674,2.28085,5.43108,12.0651,19.3094,34.3915,65.2198,118.448,182.668,177.795,174.416,170.825,166.939,162.661,155.666,144.323,100.907,61.5217,37.4241,24.3817,11.4707,0.367398,119.94,119.023,127.236,127.236
5.776646137237549,0.018829078630950923,0.9999847412109375,0.0,2,0.00715293,2.0,15750.9,131.529,-1.10163,2.29853,5.42664,11.9501,18.9621,33.1949,60.8386,104.454,183.635,178.678,175.311,171.859,168.149,164.105,157.636,148.01,106.52,63.5078,38.1118,24.6457,11.5009,0.365055,120.862,119.925,120.864,120.864
5.798170566558838,0.0,0.9999847412109375,0.0,2,0.00372958,2.0,16745.3,132.413,-1.18928,2.31575,5.42419,11.8655,18.7071,32.337,57.8651,95.7849,184.199,179.181,175.777,172.415,168.829,164.947,158.817,150.067,111.312,65.1336,38.66,24.8527,11.5237,0.363141,121.552,120.817,128.064,128.064
5.819058418273926,-0.0032059303271770472,0.49999237060546875,0.0,2,0.00114101,2.0,17371.1,133.494,-1.31412,2.33095,5.42391,11.806,18.5251,31.7294,55.8292,90.1825,134.296,179.355,175.924,172.599,169.104,165.336,159.438,151.219,115.229,66.4145,39.0814,25.009,11.5397,0.361516,122.398,121.84,132.916,132.916
5.840278148651123,-0.003985761644551531,0.9999847412109375,0.0,2,-0.000686556,2.0,16283.5,134.525,-1.31519,2.34486,5.42577,11.7689,18.4062,31.3277,54.5025,86.6541,126.488,179.221,175.776,172.463,169.032,165.346,159.608,151.728,118.149,67.3398,39.3783,25.1163,11.549,0.360128,123.305,122.906,125.041,125.041
5.861674785614014,-0.003968077977619445,0.9999847412109375,0.0,2,-0.00158116,2.0,17166.2,135.481,-1.17708,2.35678,5.4303,11.7588,18.361,31.1561,53.9137,85.0875,123.081,178.707,175.264,171.96,168.568,164.929,159.283,151.587,119.599,67.7818,39.5132,25.1614,11.55,0.359022,124.081,123.876,131.311,131.311
5.882567882537842,-0.0039476196767545,0.49999237060546875,0.0,3,-0.00220184,2.0,17740.2,136.587,-1.06492,2.36926,5.43434,11.7538,18.333,31.0437,53.5228,84.0505,120.849,178.078,174.641,171.346,167.986,164.385,158.812,151.258,120.617,68.0869,39.6043,25.1909,11.5497,0.358148,125.01,124.87,135.76,135.76
5.906907320022583,-0.0013175565298274158,0.9999847412109375,0.0,3,-0.00262804,3.0,13867.4,137.428,-0.911543,2.38436,5.43774,11.7517,18.3159,30.9707,53.2643,83.3641,119.38,177.364,173.938,170.653,167.319,163.751,158.239,150.8,121.321,68.2946,39.6651,25.2098,11.5489,0.357474,125.959,125.862,122.28,122.235
5.929324150085449,0.003152205595358585,0.9999847412109375,0.0,3,-0.00247268,3.0,13847.6,137.317,-0.654165,2.39153,5.44214,11.7646,18.3411,31.0294,53.4135,83.6996,120.036,176.419,173.012,169.746,166.425,162.872,157.386,149.995,121.004,68.1852,39.6235,25.1905,11.5436,0.357053,126.161,126.188,121.085,121.13
5.9507341384887695,0.00577409377599756,0.9999847412109375,0.0,3,-0.0023132,3.0,12495.0,137.139,-0.440785,2.38451,5.44476,11.7738,18.3606,31.079,53.5487,84.017,120.673,175.477,172.089,168.841,165.533,161.996,156.537,149.194,120.7,68.0845,39.5873,25.1749,11.5399,0.356846,126.033,126.064,120.673,120.794
5.973676919937134,0.006806825470039622,0.9999847412109375,0.0,3,-0.00246575,3.0,13351.0,137.605,-0.311875,2.38374,5.44427,11.7694,18.3487,31.0431,53.4391,83.7443,120.108,174.66,171.287,168.053,164.766,161.253,155.84,148.58,120.97,68.1689,39.615,25.1855,11.5414,0.356807,126.162,126.126,128.836,128.836
5.993778705596924,0.006778559173448011,0.9999847412109375,0.0,3,-0.00298594,3.0,13585.9,138.487,-0.268966,2.39878,5.4407,11.7501,18.3019,30.9104,53.0506,82.7991,118.179,173.984,170.62,167.395,164.136,160.658,155.311,148.171,121.918,68.4695,39.7159,25.2255,11.5482,0.356896,126.889,126.779,131.191,131.191
6.015608310699463,0.003897871367521584,0.9999847412109375,0.0,3,-0.0037023,3.0,13702.3,139.449,-0.26692,2.42012,5.43515,11.7223,18.2357,30.7259,52.5183,81.5217,115.607,173.38,170.02,166.801,163.575,160.137,154.863,147.858,123.255,68.8917,39.8581,25.2823,11.5582,0.357095,127.741,127.591,132.353,132.353
6.039968967437744,0.0,0.9999847412109375,0.0,3,-0.00439796,3.0,13760.5,140.452,-0.281396,2.44644,5.4289,11.6936,18.1689,30.5439,52.003,80.3049,113.195,172.76,169.406,166.193,162.996,159.597,154.394,147.517,124.591,69.3118,40.0001,25.3397,11.5688,0.35739,128.622,128.475,132.932,132.932
6.058020830154419,-0.006679089071899653,0.9999847412109375,0.0,3,-0.00486693,3.0,13807.6,141.461,-0.28458,2.46972,5.42323,11.6712,18.1193,30.4141,51.647,79.4829,111.594,172.044,168.7,165.496,162.324,158.957,153.813,147.039,125.524,69.6067,40.1016,25.3817,11.5775,0.357763,129.505,129.403,133.384,133.384
6.081768274307251,-0.010221186215244232,0.9999847412109375,0.0,3,-0.00491771,3.0,13867.7,142.46,-0.268432,2.48694,5.41938,11.6618,18.1031,30.3819,51.5779,79.3474,111.357,171.158,167.831,164.643,161.489,158.143,153.037,146.33,125.644,69.6585,40.1239,25.3934,11.5817,0.358187,130.372,130.354,133.957,133.957
6.103287935256958,-0.010172724968083203,0.9999847412109375,0.0,3,-0.00451869,3.0,13948.2,143.444,-0.212169,2.49772,5.41772,11.6669,18.1236,30.4557,51.8179,79.9483,112.577,170.092,166.789,163.624,160.481,157.146,152.058,145.379,124.907,69.4463,40.0601,25.372,11.5809,0.358637,131.233,131.308,134.726,134.726
6.127784490585327,-0.0023699202340872337,0.9999847412109375,0.0,3,-0.00382853,3.0,14045.8,144.415,-0.12916,2.50453,5.41763,11.6818,18.1686,30.6002,52.266,81.0532,114.815,168.909,165.635,162.498,159.361,156.03,150.948,144.274,123.667,69.066,39.9408,25.3288,11.5766,0.359086,132.104,132.243,135.662,135.662
6.148802995681763,0.003032717523863539,0.9999847412109375,0.0,3,-0.00321296,3.0,14152.7,145.379,-0.0296428,2.5103,5.41717,11.6943,18.2078,30.7283,52.6692,82.0603,116.882,167.752,164.506,161.395,158.265,154.94,149.867,143.206,122.571,68.7328,39.8363,25.2914,11.5733,0.359532,133.007,133.136,136.694,136.694
6.172094106674194,0.00878198594939895,0.9999847412109375,0.0,3,-0.00295086,3.0,14255.6,146.345,0.0303937,2.51884,5.41466,11.6947,18.2167,30.77,52.8202,82.4619,117.736,166.726,163.502,160.412,157.295,153.985,148.939,142.32,122.116,68.6058,39.8,25.2806,11.5742,0.359996,133.935,133.994,137.692,137.692
6.190526008605957,0.009987044878005983,0.9999847412109375,0.0,3,-0.00315167,3.0,14350.6,147.316,0.048564,2.52918,5.4094,11.6789,18.1857,30.6972,52.6344,82.0448,116.925,165.87,162.66,159.585,156.49,153.207,148.208,141.67,122.342,68.746,39.8527,25.3047,11.5807,0.360491,134.874,134.837,138.613,138.613
6.214067220687866,0.009939052033424378,0.9999847412109375,0.0,3,-0.0037526,3.0,14440.1,148.29,0.0133736,2.54216,5.40156,11.6488,18.1197,30.5254,52.1607,80.936,114.726,165.156,161.956,158.889,155.823,152.576,147.641,141.213,122.933,69.121,39.9835,25.3595,11.5924,0.361036,135.811,135.689,139.48,139.48
6.235629558563232,0.008655940701651077,0.9999847412109375,0.0,3,-0.00458166,3.0,14524.4,149.268,-0.0468822,2.55786,5.39201,11.6102,18.0335,30.2982,51.5317,79.4701,111.844,164.521,161.326,158.264,155.229,152.022,147.159,140.854,123.562,69.6369,40.1609,25.4328,11.6072,0.36164,136.732,136.56,140.296,140.296
6.260203838348389,0.001239867719449103,0.9999847412109375,0.0,3,-0.00550008,3.0,14607.6,150.245,-0.113316,2.5742,5.3814,11.5675,17.9386,30.0495,50.8505,77.9031,108.809,163.911,160.72,157.663,154.657,151.49,146.701,140.52,124.086,70.2174,40.3592,25.5145,11.6237,0.362317,137.638,137.446,141.1,141.1
6.281397104263306,-0.0029434067076444625,0.9999847412109375,0.0,3,-0.00620286,3.0,14689.2,151.223,-0.18234,2.59148,5.37142,11.5309,17.8603,29.8512,50.3228,76.7163,106.554,163.214,160.03,156.98,153.998,150.868,146.141,140.065,124.271,70.6794,40.5189,25.5815,11.6383,0.363057,138.513,138.363,141.889,141.889
6.303191661834717,-0.006335140277942021,0.9999847412109375,0.0,3,-0.00649282,3.0,14770.1,152.2,-0.202644,2.6102,5.36331,11.5073,17.8148,29.7478,50.0705,76.1794,105.571,162.354,159.185,156.149,153.187,150.083,145.404,139.404,124.027,70.8964,40.5992,25.6182,11.6484,0.363837,139.368,139.3,142.671,142.671
6.3243303298950195,-0.007353053657415633,0.9999847412109375,0.0,3,-0.00639318,3.0,14852.2,153.175,-0.180801,2.62953,5.35701,11.4959,17.8002,29.7328,50.0721,76.2339,105.728,161.344,158.196,155.179,152.235,149.151,144.505,138.557,123.437,70.8776,40.6036,25.6258,11.6542,0.364647,140.222,140.237,143.463,143.463
6.347233295440674,-0.007316666642238076,0.9999847412109375,0.0,3,-0.00599742,3.0,14936.4,154.149,-0.127082,2.64869,5.3522,11.4941,17.8095,29.7857,50.2681,76.7423,106.763,160.22,157.097,154.104,151.176,148.106,143.483,137.57,122.603,70.6796,40.55,25.6111,11.6565,0.365465,141.085,141.163,144.276,144.276
6.371308088302612,-0.0072803917020559305,0.9999847412109375,0.0,3,-0.00542876,3.0,15022.6,155.12,-0.0597049,2.66664,5.34835,11.4979,17.833,29.8794,50.5824,77.5316,108.353,159.029,155.934,152.968,150.054,146.994,142.389,136.503,121.634,70.3788,40.4626,25.5833,11.6567,0.366278,141.957,142.074,145.108,145.108
6.392090320587158,-0.002871353014111519,0.9999847412109375,0.0,3,-0.00477184,3.0,15109.9,156.089,0.00634826,2.6827,5.34515,11.5052,17.8645,29.9957,50.9634,78.4848,110.281,157.803,154.737,151.799,148.898,145.847,141.258,135.393,120.6,70.0273,40.3579,25.5485,11.6557,0.36707,142.837,142.974,145.951,145.951
6.4131481647491455,-0.0008004303923745951,0.9999847412109375,0.0,3,-0.00419152,3.0,15197.8,157.057,0.071298,2.69809,5.34176,11.5104,17.8907,30.0963,51.3003,79.3406,112.198,156.602,153.563,150.652,147.763,144.724,140.153,134.316,119.628,69.7234,40.2679,25.5191,11.6554,0.367834,143.734,143.857,146.8,146.8
6.437159538269043,0.0,0.9999847412109375,0.0,3,-0.00380366,3.0,15285.7,158.025,0.10699,2.71274,5.33758,11.5097,17.9018,30.1533,51.5099,79.8955,159.91,155.465,152.451,149.564,146.69,143.666,139.121,133.323,118.805,69.5335,40.2147,25.5038,11.6571,0.368571,144.642,144.727,147.649,147.649
6.457432270050049,0.0,0.9999847412109375,0.0,3,-0.00358787,3.0,15373.8,158.991,0.115998,2.72617,5.3327,11.5039,17.8994,30.1706,51.6027,80.1696,158.795,154.383,151.393,148.527,145.67,142.664,138.151,132.403,118.107,69.4437,40.1941,25.5009,11.6607,0.369285,145.548,145.597,148.501,148.501
6.479278087615967,0.0,0.9999847412109375,0.0,3,-0.00348075,3.0,15460.0,159.958,0.107007,2.74008,5.32745,11.4949,17.8888,30.1633,51.6217,80.2642,157.714,153.334,150.365,147.519,144.68,141.696,137.218,131.525,117.479,69.4161,40.1936,25.5056,11.6653,0.369972,146.447,146.472,149.334,149.334
6.5009143352508545,0.0,0.9999847412109375,0.0,3,-0.00342783,3.0,15544.8,160.925,0.0917699,2.75495,5.32212,11.4845,17.8743,30.1441,51.6044,80.2697,156.648,152.298,149.349,146.523,143.703,140.74,136.3,130.666,116.878,69.419,40.2029,25.514,11.6703,0.370636,147.341,147.354,150.154,150.154
6.520200967788696,0.0,0.9999847412109375,0.0,3,-0.00340246,3.0,15628.9,161.892,0.0756459,2.77091,5.31678,11.4735,17.858,30.1192,51.5692,80.2304,155.585,151.265,148.336,145.529,142.729,139.789,135.387,129.813,116.282,69.437,40.217,25.5242,11.6755,0.371283,148.232,148.238,150.967,150.967
6.5424745082855225,0.0,0.9999847412109375,0.0,3,-0.00339113,3.0,15713.0,162.857,0.0608749,2.7878,5.31151,11.4624,17.841,30.0917,51.5255,80.1692,154.52,150.23,147.321,144.534,141.754,138.837,134.474,128.959,115.681,69.4624,40.2334,25.5351,11.6808,0.371914,149.12,149.123,151.78,151.78
6.565479755401611,-0.001153968336218968,0.9999847412109375,0.0,3,-0.0033869,3.0,15797.6,163.821,0.048218,2.80483,5.30628,11.4512,17.8237,30.0629,51.4775,80.0972,153.452,149.192,146.303,143.535,140.775,137.881,133.557,128.103,115.071,69.4913,40.2508,25.5463,11.686,0.372535,150.007,150.008,152.597,152.597
6.587446928024292,-0.0027426010894775394,0.9999847412109375,0.0,3,-0.00335419,3.0,15882.7,164.784,0.0363784,2.82208,5.30131,11.4412,17.8092,30.0416,51.4506,80.0753,152.368,148.137,145.269,142.521,139.78,136.909,132.624,127.229,114.431,69.503,40.2623,25.5552,11.6908,0.373142,150.889,150.896,153.418,153.418
6.612001419067383,-0.0041637024960666895,0.9999847412109375,0.0,3,-0.00321874,3.0,15968.3,165.746,0.0300403,2.83915,5.29706,11.4349,17.8037,30.0457,51.4976,80.2314,151.24,147.042,144.197,141.47,138.748,135.898,131.648,126.307,113.717,69.4539,40.2534,25.5559,11.6942,0.373729,151.762,151.789,154.245,154.245
6.633063316345215,-0.00414200877763331,0.9999847412109375,0.0,3,-0.00295162,3.0,16054.4,166.706,0.0387122,2.85564,5.29372,11.4334,17.8097,30.0826,51.64,80.6188,150.06,145.898,143.077,140.373,137.668,134.837,130.62,125.327,112.917,69.3274,40.2185,25.5463,11.6958,0.374291,152.631,152.685,155.077,155.077
6.658016204833984,-0.004120315059199929,0.9999847412109375,0.0,3,-0.00259608,3.0,16140.3,167.666,0.059162,2.87181,5.29113,11.4355,17.8241,30.1424,51.8494,81.17,148.844,144.72,141.924,139.244,136.555,133.742,129.555,124.307,112.061,69.1487,40.1657,25.5295,11.6961,0.374818,153.503,153.576,155.907,155.907
6.675771713256836,-0.004098666536013285,0.9999847412109375,0.0,3,-0.002198,3.0,16225.7,168.624,0.0819391,2.88793,5.28912,11.4397,17.8433,30.2149,52.095,81.811,147.608,143.523,140.753,138.098,135.424,132.629,128.472,123.268,111.177,68.9447,40.1038,25.5088,11.6956,0.375303,154.378,154.462,156.733,156.733
6.698483228683472,-0.004077018012826642,0.9999847412109375,0.0,3,-0.00177979,3.0,16311.0,169.582,0.103025,2.9039,5.28754,11.4454,17.8653,30.2947,52.3613,82.5047,146.361,142.315,139.572,136.94,134.282,131.505,127.377,122.217,110.28,68.7287,40.0372,25.4859,11.6945,0.37575,155.256,155.344,157.557,157.557
6.722343444824219,-0.0015537527169411384,0.9999847412109375,0.0,3,-0.00135261,3.0,16395.9,170.539,0.121019,2.92024,5.28647,11.4523,17.8897,30.3798,52.6421,83.2354,145.107,141.1,138.383,135.775,133.133,130.374,126.276,121.16,109.375,68.5064,39.9676,25.4614,11.6928,0.376142,156.134,156.224,158.378,158.378
6.7436933517456055,0.0,0.9999847412109375,0.0,3,-0.000987887,3.0,16480.7,171.495,0.138336,2.93734,5.28549,11.4581,17.9104,30.4526,52.8837,83.8692,143.869,139.9,137.209,134.624,131.998,129.258,125.192,120.123,108.501,68.3182,39.9086,25.4407,11.6914,0.376484,157.019,157.097,159.197,159.197
6.764613151550293,0.0,0.9999847412109375,0.0,3,-0.000771135,3.0,16565.3,172.451,0.141991,2.95439,5.28411,11.4598,17.9201,30.4914,53.0205,84.2381,142.675,138.741,136.074,133.511,130.904,128.185,124.156,119.139,107.7,68.2116,39.8764,25.4301,11.6914,0.376782,157.911,157.96,160.014,160.014
6.786921977996826,0.0,0.9999847412109375,0.0,3,-0.000676394,3.0,16649.5,173.405,0.125764,2.97173,5.28238,11.4581,17.9205,30.5019,53.0692,84.3824,141.516,137.615,134.97,132.428,129.842,127.146,123.155,118.196,106.956,68.1717,39.8662,25.428,11.6925,0.377045,158.801,158.823,160.829,160.829
6.80837607383728,0.0,0.9999847412109375,0.0,3,-0.000639662,3.0,16733.8,174.358,0.103721,2.98932,5.2806,11.4551,17.9169,30.4996,53.077,84.4208,140.37,136.501,133.878,131.356,128.791,126.12,122.169,117.269,106.231,68.1627,39.866,25.4295,11.6941,0.377278,159.683,159.693,161.642,161.642
6.829861402511597,0.0,0.9999847412109375,0.0,3,-0.000629961,3.0,16818.1,175.31,0.0821675,3.00669,5.27889,11.4516,17.9117,30.4919,53.0667,84.4113,139.226,135.389,132.787,130.285,127.742,125.096,121.186,116.346,105.508,68.1675,39.8702,25.4326,11.6957,0.377484,160.561,160.564,162.457,162.457
6.853247165679932,0.0,0.9999847412109375,0.0,3,-0.000632063,3.0,16901.7,176.26,0.0634695,3.02348,5.2773,11.4481,17.9062,30.4822,53.0492,84.382,138.08,134.274,131.693,129.212,126.691,124.07,120.201,115.421,104.781,68.1779,39.876,25.4362,11.6973,0.377671,161.436,161.436,163.265,163.265
6.8732945919036865,0.0,0.9999847412109375,0.0,3,-0.000638619,3.0,16985.0,177.207,0.0481897,3.03996,5.27584,11.4448,17.9008,30.4724,53.03,84.3467,136.928,133.154,130.595,128.135,125.636,123.039,119.211,114.491,104.045,68.1899,39.8821,25.4398,11.6988,0.377839,162.308,162.307,164.07,164.07
6.8944172859191895,0.0,0.9999847412109375,0.0,3,-0.000646204,3.0,17068.1,178.152,0.0361414,3.05738,5.27445,11.4416,17.8956,30.4627,53.0107,84.3107,135.771,132.028,129.491,127.051,124.574,122.003,118.216,113.555,103.299,68.202,39.8881,25.4433,11.7003,0.377998,163.178,163.177,164.873,164.873
6.918073892593384,0.0,0.9999847412109375,0.0,3,-0.000653282,3.0,17150.7,179.095,0.0268462,3.07505,5.27315,11.4386,17.8907,30.4537,52.9927,84.2771,134.607,130.896,128.38,125.962,123.507,120.961,117.215,112.614,102.543,68.2133,39.8937,25.4466,11.7016,0.378147,164.045,164.044,165.671,165.671
6.940619230270386,0.0,0.9999847412109375,0.0,3,-0.000659391,3.0,17233.1,180.036,0.0197855,3.09222,5.27192,11.4358,17.8861,30.4453,52.9761,84.2463,133.436,129.758,127.264,124.866,122.434,119.912,116.208,111.665,101.776,68.2237,39.899,25.4497,11.7029,0.378288,164.91,164.908,166.467,166.467
6.960224628448486,0.0014651521265041084,0.9999847412109375,0.0,3,-0.000664458,3.0,17313.3,180.975,0.014474,3.11122,5.27072,11.4331,17.8817,30.4372,52.9605,84.2179,132.259,128.613,126.141,123.764,121.354,118.858,115.195,110.711,101.0,68.2335,39.904,25.4526,11.7041,0.378427,165.773,165.772,167.242,167.242
6.9855265617370605,0.004559602974305551,0.9999847412109375,0.0,3,-0.00070332,3.0,17394.9,181.911,0.0116695,3.12992,5.26935,11.4293,17.8745,30.4209,52.9196,84.1255,131.085,127.472,125.022,122.666,120.279,117.808,114.186,109.762,100.229,68.262,39.9153,25.458,11.7057,0.378565,166.637,166.629,168.031,168.031
7.00644063949585,0.007208080544831853,0.9999847412109375,0.0,3,-0.000923738,3.0,17477.3,182.844,0.00723454,3.14773,5.26687,11.4191,17.8516,30.3591,52.7418,83.7255,129.961,126.376,123.946,121.61,119.247,116.804,113.227,108.866,99.5203,68.3932,39.9613,25.4772,11.7096,0.37872,167.513,167.469,168.826,168.826
7.02861475944519,0.008190614562034607,0.9999847412109375,0.0,3,-0.00140409,3.0,17559.8,183.774,-0.0250229,3.16461,5.26264,11.3996,17.8057,30.2319,52.3696,82.8488,128.908,125.348,122.934,120.617,118.281,115.867,112.338,108.046,98.9012,68.674,40.0582,25.5167,11.717,0.378922,168.395,168.298,169.624,169.624
7.0495288372039795,0.00814493759393692,0.9999847412109375,0.0,3,-0.00209078,3.0,17642.3,184.701,-0.0774945,3.18216,5.25677,11.3721,17.7411,30.0527,51.8479,81.5364,127.91,124.37,121.971,119.67,117.362,114.98,111.502,107.281,98.3436,69.0782,40.1967,25.5729,11.7274,0.37919,169.271,169.13,170.421,170.421
7.073168516159058,0.008099359173774717,0.9999847412109375,0.0,3,-0.00289629,3.0,17724.2,185.626,-0.138203,3.20069,5.24959,11.3393,17.6649,29.8433,51.2456,80.0431,126.938,123.418,121.032,118.745,116.466,114.116,110.69,106.541,97.8102,69.5601,40.3615,25.6398,11.7398,0.37954,170.136,169.968,171.212,171.212
7.093672037124634,0.008053879301548003,0.9999847412109375,0.0,3,-0.00375071,3.0,17805.6,186.549,-0.193792,3.21823,5.24136,11.3034,17.5824,29.6205,50.6149,78.5386,125.973,122.472,120.098,117.824,115.574,113.256,109.881,105.804,97.2734,70.0823,40.5399,25.7125,11.7537,0.379988,170.99,170.81,171.999,171.999
7.117235898971558,0.00700855561793161,0.9999847412109375,0.0,3,-0.00462037,3.0,17883.7,187.471,-0.239497,3.23842,5.23207,11.265,17.4961,29.3916,49.9791,77.0539,125.004,121.521,119.161,116.899,114.676,112.39,109.066,105.06,96.7214,70.6273,40.7262,25.789,11.7689,0.380552,171.839,171.655,172.755,172.755
7.1392107009887695,0.006968969734444593,0.9999847412109375,0.0,3,-0.00545344,3.0,17963.8,188.389,-0.275838,3.2585,5.22192,11.2256,17.4099,29.1682,49.3717,75.6626,124.016,120.553,118.206,115.958,113.76,111.505,108.23,104.292,96.1376,71.1647,40.9107,25.8654,11.7847,0.381244,172.681,172.503,173.528,173.528
7.160546064376831,0.006006796119113763,0.9999847412109375,0.0,3,-0.00623734,3.0,18045.1,189.304,-0.295863,3.27724,5.21091,11.1856,17.3244,28.9524,48.7985,74.3748,123.005,119.563,117.231,114.996,112.822,110.597,107.372,103.499,95.5197,71.6865,41.0909,25.941,11.8011,0.38207,173.518,173.35,174.313,174.313
7.1799633502960205,0.005972705674668154,0.9999847412109375,0.0,3,-0.00696008,3.0,18126.7,190.216,-0.30816,3.29438,5.19909,11.1453,17.2406,28.7464,48.2648,73.1992,121.969,118.55,116.233,114.013,111.861,109.666,106.487,102.679,94.8657,72.1844,41.2643,26.0148,11.818,0.383032,174.35,174.195,175.101,175.101
7.206453800201416,0.005938689989969134,0.9999847412109375,0.0,3,-0.00762673,3.0,18208.0,191.126,-0.308156,3.31252,5.18642,11.1044,17.1579,28.5487,47.7649,72.1193,120.91,117.514,115.213,113.009,110.879,108.712,105.579,101.832,94.1792,72.6603,41.4316,26.0872,11.8353,0.384131,175.183,175.04,175.887,175.887
7.227155447006226,0.005904786444890004,0.9999847412109375,0.0,3,-0.00827019,3.0,18288.6,192.033,-0.304065,3.33167,5.17274,11.062,17.0737,28.3517,47.2771,71.0832,119.836,116.465,114.18,111.992,109.883,107.745,104.657,100.971,93.4718,73.0914,41.5994,26.1606,11.8537,0.385365,176.016,175.878,176.667,176.667
7.2477757930755615,0.005870920279684167,0.9999847412109375,0.0,3,-0.00890309,3.0,18368.6,192.939,-0.299241,3.34956,5.15799,11.0176,16.987,28.1526,46.7931,70.071,118.753,115.406,113.138,110.966,108.877,106.767,103.724,100.097,92.7482,73.343,41.7702,26.236,11.873,0.386737,176.846,176.711,177.439,177.439
7.27165412902832,0.006733739893026651,0.9999847412109375,0.0,3,-0.00952944,3.0,18444.1,193.844,-0.294296,3.37175,5.14216,10.9711,16.8975,27.9507,46.3105,69.0761,117.659,114.338,112.087,109.932,107.862,105.781,102.781,99.2128,92.0099,73.4521,41.9449,26.3138,11.8935,0.388244,177.677,177.544,178.17,178.17
7.291616201400757,0.009751319205450514,0.9999847412109375,0.0,3,-0.0101876,3.0,18522.9,194.745,-0.288724,3.39328,5.125,10.9213,16.8023,27.7376,45.8065,68.0483,116.568,113.271,111.038,108.899,106.847,104.794,101.838,98.3279,91.2685,73.469,42.1315,26.3971,11.9156,0.389892,178.509,178.369,178.93,178.93
7.3159403800964355,0.01203732933710019,0.9999847412109375,0.0,3,-0.0109993,3.0,18603.1,195.642,-0.289205,3.41295,5.10578,10.8643,16.692,27.488,45.2134,66.8401,115.512,112.237,110.02,107.896,105.86,103.836,100.924,97.4732,90.5578,73.4623,42.3565,26.496,11.941,0.391695,179.349,179.179,179.705,179.705
7.333777904510498,0.014548129233419893,0.9999847412109375,0.0,4,-0.0120382,3.0,18684.0,196.536,-0.314633,3.43024,5.08398,10.7974,16.5608,27.1875,44.4952,65.3802,114.51,111.255,109.051,106.94,104.917,102.922,100.056,96.6653,89.8952,73.4641,42.6371,26.617,11.9707,0.393679,180.194,179.978,180.486,180.486
7.358343124389648,0.014527178804911672,0.9999847412109375,0.0,4,-0.0133049,4.0,15132.1,196.757,-0.3384,3.4489,5.05932,10.7204,16.4085,26.8374,43.66,63.6957,113.565,110.325,108.132,106.032,104.02,102.052,99.2332,95.9031,89.2788,73.4731,42.9765,26.7614,12.0052,0.395874,180.841,180.577,173.741,173.472
7.3812031745910645,0.0145560922922194,0.9999847412109375,0.0,4,-0.0147584,4.0,15104.3,196.452,-0.378352,3.45136,5.03188,10.6343,16.2384,26.4476,42.739,61.8625,112.67,109.443,107.258,105.167,103.163,101.22,98.448,95.1788,88.6986,73.4761,43.3685,26.9267,12.044,0.3983,180.733,180.43,173.434,173.118
7.405482053756714,0.01458747053582221,0.9999847412109375,0.0,4,-0.0163894,4.0,14524.7,196.121,-0.435612,3.4503,5.00155,10.5393,16.0513,26.0218,41.7455,59.9153,111.822,108.605,106.428,104.343,102.347,100.423,97.6977,94.489,88.1506,73.4717,43.8141,27.1132,12.0874,0.400981,180.472,180.131,172.875,172.369
7.425739765167236,0.014558462250195445,0.9999847412109375,0.0,4,-0.0181309,4.0,15041.9,196.427,-0.505384,3.46212,4.96854,10.4373,15.8521,25.5743,40.7193,57.9412,111.003,107.794,105.622,103.544,101.554,99.644,96.9644,93.8152,87.6148,73.44,44.3012,27.3163,12.1348,0.403932,180.42,180.055,178.697,178.697
7.4474098682403564,0.014497222536094485,0.9999847412109375,0.0,4,-0.0198918,4.0,15094.3,197.073,-0.570601,3.48267,4.93314,10.3306,15.6469,25.1219,39.7049,56.0306,110.182,106.981,104.816,102.744,100.76,98.858,96.2236,93.1323,87.0652,73.3561,44.811,27.529,12.1851,0.407175,180.922,180.55,179.354,179.354
7.469424247741699,0.013123584513338282,0.9999847412109375,0.0,4,-0.0215578,4.0,15129.6,197.729,-0.613223,3.50481,4.8958,10.2224,15.4431,24.6842,38.7497,54.274,109.329,106.138,103.98,101.915,99.9381,98.0439,95.4503,92.4149,86.475,73.1936,45.3175,27.7418,12.237,0.410721,181.497,181.144,179.774,179.774
7.489661693572998,0.009522822221331299,0.9999847412109375,0.0,4,-0.0230376,4.0,15166.6,198.383,-0.621929,3.52727,4.85692,10.115,15.2462,24.2746,37.8846,52.7242,108.419,105.241,103.093,101.037,99.0697,97.1845,94.6264,91.6446,85.8256,72.9367,45.7978,27.9467,12.2894,0.414573,182.07,181.753,180.212,180.212
7.51215386390686,0.005643202091567218,0.9999847412109375,0.0,4,-0.0242447,4.0,15208.6,199.031,-0.603943,3.5506,4.81691,10.0106,15.0613,23.9051,37.1345,51.4205,107.43,104.27,102.134,100.091,98.1359,96.2626,93.7365,90.8056,85.1011,72.5724,46.2281,28.1353,12.3411,0.418727,182.635,182.374,180.708,180.708
7.534538745880127,0.0048176088833715765,0.9999847412109375,0.0,4,-0.025085,4.0,15255.3,199.675,-0.557361,3.56744,4.77654,9.91225,14.8944,23.5893,36.5273,50.4073,106.336,103.202,101.083,99.0563,97.1167,95.2587,92.7631,89.8807,84.2841,72.0865,46.5808,28.2977,12.3904,0.423138,183.188,183.003,181.261,181.261
7.557901382446289,0.004060292418897151,0.9999847412109375,0.0,4,-0.025632,4.0,15302.4,200.318,-0.478836,3.58201,4.73564,9.81808,14.7408,23.3135,36.0264,49.6074,105.161,102.056,99.9573,97.9504,96.0297,94.1898,91.7248,88.8889,83.3956,71.5077,46.8703,28.4391,12.438,0.427779,183.747,183.625,181.82,181.82
7.578583002090454,0.004042985952099164,0.9999847412109375,0.0,4,-0.0260148,4.0,15353.3,200.956,-0.397906,3.59425,4.69398,9.72528,14.5932,23.0576,35.5802,48.919,103.937,100.865,98.789,96.8034,94.9033,93.0832,90.6488,87.8585,82.4657,70.8729,47.1258,28.5699,12.4851,0.432606,184.32,184.235,182.423,182.423
7.5992043018341064,0.004025706611424685,0.9999847412109375,0.0,4,-0.0263334,4.0,15405.6,201.593,-0.325494,3.6012,4.65119,9.63133,14.4453,22.8056,35.15,48.2673,102.694,99.6556,97.6021,95.6388,93.7598,91.9602,89.5565,86.8112,81.5171,70.2094,47.3717,28.6987,12.5329,0.437609,184.901,184.831,183.045,183.045
7.623353958129883,0.004008427270750205,0.9999847412109375,0.0,4,-0.0266539,4.0,15455.3,202.23,-0.271002,3.60639,4.60723,9.53503,14.2941,22.5486,34.713,47.6079,101.446,98.4421,96.4118,94.4707,92.6131,90.834,88.4605,85.7599,80.5637,69.5328,47.6237,28.8307,12.582,0.442755,185.488,185.419,183.638,183.638
7.645931720733643,0.003991147930075725,0.9999847412109375,0.0,4,-0.0269951,4.0,15502.8,202.867,-0.23312,3.61847,4.56213,9.43615,14.1387,22.2844,34.2635,46.9297,100.199,97.2291,95.2219,93.303,91.4666,89.7079,87.364,84.708,79.6086,68.8473,47.8862,28.9676,12.6325,0.448031,186.079,186.007,184.203,184.203
7.665607929229736,0.003973895715524753,0.9999847412109375,0.0,4,-0.0273596,4.0,15549.4,203.503,-0.208545,3.63463,4.51598,9.33483,13.9793,22.0132,33.8017,46.2328,98.9525,96.0168,94.0327,92.1358,90.3207,88.5823,86.2673,83.6557,78.6522,68.1535,48.1598,29.1092,12.6845,0.453427,186.668,186.591,184.757,184.757
7.688354015350342,0.003956616374850274,0.9999847412109375,0.0,4,-0.0277389,4.0,15593.6,204.14,-0.192799,3.65244,4.46887,9.23144,13.8167,21.7367,33.3314,45.5241,97.7048,94.803,92.8419,90.9671,89.1733,87.4551,85.1684,82.6011,77.6923,67.4495,48.3877,29.2549,12.7376,0.458934,187.253,187.173,185.287,185.287
7.710359811782837,0.0039393099080522855,0.9999847412109375,0.0,4,-0.028124,4.0,15636.4,204.778,-0.181868,3.67897,4.42084,9.12619,13.6515,21.4562,32.8559,44.8099,96.4535,93.5857,91.6478,89.7951,88.0224,86.3249,84.0658,81.5423,76.7274,66.7337,48.5089,29.4037,12.7919,0.464555,187.839,187.757,185.791,185.791
7.732939720153809,0.0039221661979953444,0.9999847412109375,0.0,4,-0.028511,4.0,15682.4,205.41,-0.174088,3.70388,4.37188,9.01915,13.4837,21.1722,32.3764,44.0974,95.1978,92.3642,90.4495,88.6191,86.8678,85.1908,82.9592,80.479,75.7568,66.0061,48.5421,29.5554,12.8473,0.470291,188.421,188.339,186.337,186.337
7.75216269493103,0.003905049614061912,0.9999847412109375,0.0,4,-0.0289002,4.0,15729.6,206.041,-0.168844,3.72506,4.3221,8.91052,13.3137,20.8853,31.8937,43.4326,93.9371,91.138,89.2466,87.4386,85.7088,84.0525,81.8485,79.4107,74.7802,65.2665,48.501,29.7097,12.9036,0.47613,189.001,188.919,186.898,186.898
7.776904582977295,0.003887987282375495,0.9999847412109375,0.0,4,-0.0292925,4.0,15777.3,206.67,-0.165591,3.74351,4.27151,8.80033,13.1415,20.5954,31.4076,42.8446,92.6717,89.9073,88.0394,86.254,84.5458,82.9102,80.734,78.3377,73.7978,64.5154,48.3965,29.8668,12.9609,0.48207,189.581,189.497,187.464,187.464
7.79958963394165,0.003870952076812585,0.9999847412109375,0.0,4,-0.029691,4.0,15824.7,207.298,-0.164059,3.76614,4.22008,8.68847,12.9669,20.3021,30.9172,42.3734,91.4023,88.6726,86.8284,85.0655,83.3791,81.7644,79.616,77.2603,72.8102,63.7537,48.2373,30.027,13.0193,0.488113,190.161,190.076,188.028,188.028
7.819214344024658,0.003853971123496691,0.9999847412109375,0.0,4,-0.030094,4.0,15871.8,207.924,-0.164016,3.78355,4.16776,8.57487,12.7899,20.0053,30.4227,42.1238,90.1289,87.4342,85.6136,83.8736,82.209,80.6152,78.4948,76.1787,71.8173,62.9818,48.0297,30.1902,13.0787,0.494267,190.737,190.651,188.587,188.587
7.839952707290649,0.003836881665686766,0.9999847412109375,0.0,4,-0.0304978,4.0,15913.9,208.554,-0.164085,3.80738,4.11463,8.45973,12.6108,19.7059,29.9257,42.7209,88.8502,86.1907,84.3939,82.6768,81.0342,79.4614,77.3691,75.0918,70.8184,62.1988,47.778,30.3561,13.1391,0.500525,191.313,191.227,189.09,189.09
7.8637855052948,0.005263908517236511,0.9999847412109375,0.0,4,-0.030899,4.0,15959.9,209.178,-0.163736,3.83043,4.06072,8.34321,12.4299,19.4045,29.4275,90.7872,87.5652,84.9411,83.1685,81.4745,79.8539,78.3024,76.2385,73.9991,69.8126,61.4045,47.4859,30.5241,13.2004,0.506883,191.888,191.803,189.635,189.635
7.888064861297607,0.008805675831921399,0.9999847412109375,0.0,4,-0.0313397,4.0,16006.9,209.801,-0.162788,3.84926,4.00579,8.2242,12.2448,19.0954,28.9153,89.4628,86.2837,83.6947,81.9459,80.2747,78.6761,77.1458,75.11,72.9074,68.807,60.6059,47.1635,30.6988,13.2633,0.513353,192.464,192.371,190.193,190.193
7.906462907791138,0.012029629274141043,0.9999847412109375,0.0,4,-0.0319893,4.0,16054.2,210.422,-0.168099,3.86319,3.94902,8.09875,12.0468,18.7575,28.3416,88.1815,85.0421,82.4857,80.759,79.109,77.5309,76.0202,74.0107,71.8427,67.8276,59.8291,46.8383,30.8976,13.3304,0.519956,193.056,192.92,190.756,190.756
7.929749488830566,0.013173079615719617,0.9999847412109375,0.0,4,-0.0329695,4.0,16101.1,211.041,-0.207482,3.8847,3.88978,7.96408,11.8299,18.3772,27.6765,86.9704,83.8652,81.337,79.6297,77.9984,76.4383,74.9449,72.9588,70.8218,66.8907,59.0898,46.5266,31.1339,13.4038,0.526723,193.662,193.458,191.313,191.313
7.952461242675781,0.013114399456232788,0.9999847412109375,0.0,4,-0.0342114,4.0,16147.3,211.66,-0.277866,3.90331,3.82811,7.82147,11.5976,17.9642,26.945,85.8113,82.7362,80.2332,78.5431,76.9286,75.3846,73.907,71.942,69.8317,65.9835,58.3749,46.2168,31.4026,13.4828,0.533685,194.258,193.999,191.863,191.863
7.975350856781006,0.01429812602075127,0.9999847412109375,0.0,4,-0.0355712,4.0,16188.7,212.281,-0.353133,3.92715,3.7643,7.67362,11.3566,17.536,26.1884,84.6704,81.6241,79.1451,77.4715,75.8729,74.3446,72.8819,70.9372,68.8503,65.0834,57.6623,45.8897,31.6838,13.5658,0.540877,194.839,194.553,192.356,192.356
7.996422529220581,0.014234172277050094,0.9999847412109375,0.0,4,-0.0369921,4.0,16233.4,212.897,-0.413063,3.95417,3.69835,7.52136,11.1093,17.0988,25.4221,83.5347,80.5165,78.0611,76.4038,74.8211,73.308,71.8601,69.9356,67.8705,64.1818,56.9436,45.539,31.9085,13.6522,0.548324,195.413,195.113,192.885,192.885
8.021086692810059,0.014170426175373918,0.9999847412109375,0.0,4,-0.0384495,4.0,16279.7,213.511,-0.465398,3.97684,3.63019,7.36495,10.8564,16.6552,24.6522,82.3983,79.4082,76.9765,75.3355,73.7684,72.2706,70.8378,68.9332,66.8901,63.2752,56.2154,45.1634,32.0659,13.7419,0.556049,195.981,195.673,193.435,193.435
8.040967226028442,0.014106887715722745,0.9999847412109375,0.0,4,-0.0399105,4.0,16326.6,214.123,-0.506167,3.9939,3.5598,7.20478,10.5991,16.2082,23.8859,81.254,78.2927,75.8849,74.2604,72.7094,71.2271,69.8093,67.9252,65.9043,62.359,55.4739,44.7608,32.161,13.8346,0.564069,196.544,196.235,193.992,193.992
8.060537099838257,0.01531950069963932,0.9999847412109375,0.0,4,-0.0413724,4.0,16373.1,214.733,-0.53611,4.01634,3.4871,7.04075,10.3373,15.7577,23.1228,80.1013,77.1692,74.7859,73.1781,71.6435,70.1771,68.7747,66.9112,64.913,61.4333,54.7192,44.3323,32.2002,13.9303,0.572396,197.109,196.799,194.546,194.546
8.082873344421387,0.015250415886441868,0.9999847412109375,0.0,4,-0.0428823,4.0,16419.0,215.343,-0.559546,4.03705,3.4118,6.87177,10.0688,15.2989,22.3526,78.9506,76.0476,73.6885,72.0975,70.5791,69.1284,67.7413,65.8984,63.9227,60.5045,53.9576,43.8848,32.193,14.03,0.581048,197.674,197.354,195.091,195.091
8.106609106063843,0.015181104565660158,0.9999847412109375,0.0,4,-0.0444326,4.0,16459.9,215.955,-0.584977,4.06073,3.33387,6.69795,9.79395,14.8327,21.5776,77.8,74.926,72.5911,71.0169,69.5146,68.0797,66.7077,64.8855,62.9323,59.5713,53.1881,43.4184,32.143,14.1336,0.590035,198.237,197.909,195.58,195.58
8.126711368560791,0.017793771892450752,0.9999847412109375,0.0,4,-0.045977,4.0,16503.2,216.563,-0.602818,4.08979,3.25338,6.51997,9.51435,14.3631,20.8073,76.6395,73.7952,71.4851,69.9278,68.4422,67.0233,65.6669,63.8657,61.9354,58.6279,52.4053,42.9291,32.0499,14.2407,0.599369,198.797,198.47,196.093,196.093
8.151785850524902,0.022125691113372644,0.9999847412109375,0.0,4,-0.0476332,4.0,16548.9,217.168,-0.613121,4.11423,3.16982,6.33564,9.22547,13.8799,20.0428,75.4941,72.6782,70.3919,68.8511,67.3814,65.9781,64.6367,62.8559,60.9478,57.6888,51.6232,42.4298,31.9263,14.3531,0.60907,199.364,199.013,196.635,196.635
8.17397427558899,0.02690584202130636,0.9999847412109375,0.0,4,-0.0495883,4.0,16595.4,217.771,-0.645232,4.13214,3.08245,6.14183,8.92079,13.3689,19.2625,74.4024,71.6106,69.3449,67.8184,66.3626,64.9729,63.6449,61.8821,59.994,56.7754,50.8617,41.9386,31.7877,14.4744,0.61917,199.946,199.535,197.187,197.187
8.194069385528564,0.028511194978098692,0.9999847412109375,0.0,4,-0.0519961,4.0,16641.9,218.371,-0.712642,4.15544,2.99049,5.93594,8.59542,12.8204,18.4402,73.3955,70.6212,68.3708,66.8551,65.4101,64.0309,62.7134,60.9651,59.0932,55.9043,50.1358,41.4685,31.6457,14.6076,0.629727,200.545,200.04,197.74,197.74
8.215315580368042,0.028381666571768,0.9999847412109375,0.0,4,-0.0548296,4.0,16687.8,218.969,-0.828602,4.17751,2.89371,5.71836,8.25112,12.24,17.5841,72.4668,69.7035,67.4635,65.9555,64.5181,63.147,61.8374,60.1001,58.2408,55.0754,49.4394,41.0146,31.4984,14.7533,0.640796,201.138,200.544,198.286,198.286
8.239609241485596,0.02825170496006496,0.9999847412109375,0.0,4,-0.0578219,4.0,16728.2,219.569,-0.956115,4.20259,2.79255,5.49285,7.89668,11.6489,16.7471,71.5611,68.807,66.5758,65.0743,63.6439,62.2797,60.9773,59.2502,57.4025,54.2588,48.7436,40.5522,31.3284,14.9077,0.652426,201.704,201.074,198.77,198.77
8.260783910751343,0.02812239315642044,0.9999847412109375,0.0,4,-0.060786,4.0,16771.0,220.166,-1.04701,4.23375,2.68729,5.26176,7.5375,11.0593,15.9679,70.6398,67.896,65.6744,64.1802,62.7573,61.4005,60.1057,58.3894,56.5541,53.4334,48.029,40.0655,31.1251,15.0682,0.664646,202.251,201.623,199.275,199.275
8.281843423843384,0.02799394776352061,0.9999847412109375,0.0,4,-0.0637023,4.0,16815.8,220.759,-1.10779,4.2594,2.57774,5.02487,7.17336,10.4708,15.2559,69.6995,66.9673,64.7565,63.2703,61.8555,60.507,59.2204,57.5157,55.6936,52.5973,47.2949,39.5544,30.8896,15.2342,0.677488,202.791,202.172,199.806,199.806
8.302671194076538,0.027865935575993116,0.9999847412109375,0.0,4,-0.0665847,4.0,16861.1,221.35,-1.14883,4.27783,2.46374,4.7818,6.80351,9.88163,14.6193,68.7431,66.0238,63.8248,62.3472,60.941,59.6013,58.3236,56.6312,54.8231,51.7525,46.5434,39.0212,30.6246,15.3831,0.690971,203.33,202.718,200.345,200.345
8.327775478363037,0.027738573196524133,0.9999847412109375,0.0,4,-0.0694655,4.0,16906.1,221.938,-1.17705,4.30253,2.34515,4.53207,6.42699,9.30291,14.0708,67.7771,65.0713,62.8845,61.416,60.0189,58.6883,57.4197,55.7401,53.9465,50.9024,45.778,38.4691,30.3332,15.5033,0.705105,203.875,203.264,200.88,200.88
8.348411798477173,0.027611427419741322,0.9999847412109375,0.0,4,-0.0723727,4.0,16950.2,222.525,-1.20396,4.32502,2.22178,4.27521,6.04295,8.76115,13.6329,66.8075,64.1154,61.9413,60.4818,59.094,57.7727,56.5134,54.8467,53.0678,50.0506,45.0019,37.9015,30.0188,15.5966,0.719913,204.417,203.801,201.405,201.405
8.369614124298096,0.0274836318349,0.9999847412109375,0.0,4,-0.0752741,4.0,16988.1,223.115,-1.22346,4.35247,2.09376,4.01174,5.65238,8.2644,13.3712,65.8273,63.1497,60.9887,59.5389,58.1606,56.849,55.5995,53.9463,52.1825,49.193,44.212,37.316,29.6802,15.6631,0.735391,204.955,204.34,201.858,201.858
8.393212795257568,0.027356919263489547,0.9999847412109375,0.0,4,-0.078088,4.0,17029.5,223.7,-1.22883,4.3854,1.96118,3.74238,5.26549,7.8236,13.4644,64.82,62.1591,60.0131,58.5739,57.2064,55.9055,54.6666,53.028,51.2808,48.3212,43.402,36.7074,29.3142,15.7024,0.751547,205.486,204.888,202.348,202.348
8.413308143615723,0.034346150227384645,0.9999847412109375,0.0,4,-0.0808248,4.0,17073.2,224.281,-1.21939,4.4119,1.82398,3.46708,4.91505,7.44771,69.451,63.7881,61.146,59.0165,57.5891,56.2334,54.944,53.7166,52.0939,50.3643,47.4366,42.5757,36.0778,28.9228,15.7157,0.768389,206.013,205.431,202.866,202.866
8.435228824615479,0.04419586671328792,0.9999847412109375,0.0,4,-0.0838223,4.0,17118.0,224.859,-1.20762,4.4303,1.68151,3.20643,4.60224,7.13228,68.436,62.7984,60.1714,58.0556,56.6383,55.2925,54.0134,52.7959,51.1872,49.4735,46.5745,41.7673,35.4503,28.5235,15.7087,0.785936,206.564,205.93,203.398,203.398
8.456320762634277,0.052884994556084274,0.9999847412109375,0.0,4,-0.0878342,4.0,17161.8,225.426,-1.25276,4.59352,1.53578,2.97117,4.31764,6.84977,67.6509,62.0001,59.3715,57.2568,55.841,54.4976,53.2214,52.0074,50.4042,48.6976,45.8134,41.0382,34.8729,28.1527,15.6938,0.804298,207.231,206.375,203.92,203.92
8.480352878570557,0.05981686536991038,0.9999847412109375,0.0,4,-0.0802205,4.0,17204.6,225.989,-1.48313,4.75749,1.40558,2.76037,4.05845,6.58804,67.1914,61.4715,58.8174,56.6849,55.2589,53.9069,52.6233,51.4033,49.7935,48.0815,45.192,40.4188,34.3653,27.8253,15.6768,0.822469,207.875,206.74,204.429,204.429
8.500772953033447,0.06200991333196561,0.9999847412109375,0.0,4,-0.0695156,4.0,17194.4,226.584,-1.71971,5.0753,1.29428,2.57931,3.83749,6.38524,66.9336,61.1078,58.4125,56.2504,54.8065,53.4388,52.1416,50.9096,49.2856,47.5605,44.6535,39.864,33.8884,27.5129,15.6504,0.837987,208.486,207.182,204.32,204.32
8.524379253387451,0.06173557764875392,0.9999847412109375,0.0,4,-0.0592258,4.0,17233.2,227.13,-1.90271,5.53756,1.20147,2.43007,3.66116,6.26853,66.8125,60.8536,58.1057,55.9058,54.4385,53.0502,51.7349,50.4869,48.8435,47.1002,44.1676,39.3502,33.4216,27.2013,15.6113,0.850932,209.065,207.65,204.766,204.766
8.545374155044556,0.06397160036690533,0.9999847412109375,0.0,4,-0.0489325,4.0,17270.9,227.672,-2.09664,5.92147,1.12782,2.31739,3.54129,6.28939,66.7306,60.6274,57.8229,55.5819,54.0896,52.6791,51.3442,50.079,48.415,46.6519,43.6919,38.8441,32.9398,26.8722,15.5543,0.861337,209.549,208.12,205.272,205.272
8.566174030303955,0.06368293118730188,0.9999847412109375,0.0,4,-0.0382134,4.0,17296.5,228.224,-2.11612,6.41175,1.07401,2.24601,3.49109,6.53325,66.5796,60.3405,57.4834,55.205,53.6899,52.2597,50.9074,49.6269,47.9449,46.1651,43.1823,38.312,32.4196,26.5089,15.4746,0.869236,210.018,208.662,205.514,205.514
8.588773727416992,0.0634146571127791,0.9999847412109375,0.0,4,-0.0273717,4.0,17365.3,228.737,-2.16947,6.76008,1.04031,2.21754,3.51614,7.1197,66.4354,60.0549,57.1438,54.827,53.2886,51.8381,50.4682,49.1724,47.4722,45.6755,42.6704,37.7784,31.8851,26.125,15.3766,0.874617,210.482,209.142,206.319,206.319
8.613191366195679,0.06313174039871122,0.9999847412109375,0.0,4,-0.0164852,4.0,17399.0,229.278,-2.27161,7.01549,1.02798,2.23705,3.63127,8.56471,66.3168,59.7859,56.8174,54.46,52.8971,51.4253,50.0369,48.725,47.0058,45.1916,42.163,37.2486,31.3537,25.7235,15.2611,0.877399,210.95,209.611,206.734,206.734
8.633714437484741,0.0628645122270131,0.9999847412109375,0.0,4,-0.00530002,4.0,17468.2,229.789,-2.34406,7.16988,1.03837,2.31232,3.86396,85.524,66.1519,59.4749,56.4517,54.0559,52.4701,50.9785,49.573,48.2466,46.5102,44.6807,41.6321,36.7011,30.8113,25.2945,15.1251,0.877532,211.397,210.107,207.547,207.547
8.657522201538086,0.0652639925479889,0.9999847412109375,0.0,4,0.0058988,4.0,17530.7,230.305,-2.46963,7.19098,1.07262,2.44953,4.24303,86.0623,66.0173,59.1835,56.1017,53.6652,52.055,50.5424,49.1189,47.7769,46.0224,44.1765,41.1069,36.1581,30.2731,24.8492,14.9719,0.874942,211.856,210.565,208.306,208.306
8.677217721939087,0.06782302595674992,0.9999847412109375,0.0,4,0.0171764,4.0,17575.8,230.836,-2.59135,7.14613,1.13198,2.65826,4.82441,86.6589,65.8941,58.8959,55.7534,53.2746,51.6394,50.1053,48.6632,47.3055,45.5326,43.6703,40.5797,35.6138,29.7352,24.385,14.8009,0.869592,212.309,211.026,208.834,208.834
8.700836658477783,0.07308872379362584,0.9999847412109375,0.0,4,0.0285968,4.0,17625.7,231.361,-2.6856,7.03414,1.21791,2.9512,5.71494,87.2814,65.7613,58.5954,55.3915,52.8705,51.2102,49.6548,48.1947,46.8215,45.0308,43.1527,40.0426,35.0623,29.1935,23.8998,14.6114,0.861443,212.759,211.497,209.431,209.431
8.723661422729492,0.07579538822174073,0.9999847412109375,0.0,4,0.0398156,4.0,17694.5,231.867,-2.80625,6.8506,1.33091,3.33877,7.13813,88.1263,65.7261,58.3659,55.0907,52.5204,50.831,49.2505,47.7689,46.3773,44.5655,42.6681,39.5333,34.532,28.6671,23.4071,14.4077,0.850508,213.235,211.936,210.241,210.241
8.74351167678833,0.07855126298964024,0.9999847412109375,0.0,4,0.0508859,4.0,17732.3,232.399,-2.99167,6.58479,1.47236,3.84047,10.2454,89.1886,65.7778,58.197,54.8413,52.2152,50.4927,48.8839,47.3778,45.9653,44.1289,42.2095,39.0458,34.0181,28.1526,22.9195,14.189,0.836768,213.688,212.355,210.706,210.706
8.767578363418579,0.07855126298964024,0.9999847412109375,0.0,4,0.0620228,4.0,17769.6,232.928,-3.08869,6.36147,1.64362,4.48576,200.0,90.3619,65.8518,58.0376,54.5974,51.913,50.1562,48.518,46.9868,45.5528,43.6914,41.7495,38.5567,33.5031,27.6387,22.4342,13.9535,0.820248,214.161,212.832,211.1,211.1
8.78616714477539,0.07855126298964024,0.9999847412109375,0.0,4,0.0727282,4.0,17861.7,233.408,-3.36197,5.93454,1.84538,5.30461,200.0,91.9978,66.1234,58.021,54.4758,51.719,49.9191,48.2438,46.6808,45.2192,43.3256,41.354,38.1216,33.0281,27.1519,21.9675,13.7062,0.800917,214.629,213.225,212.248,212.248
8.809148788452148,0.07855126298964024,0.9999847412109375,0.0,4,0.0837797,4.0,17871.6,233.958,-3.51921,5.5741,2.08102,6.38256,200.0,93.6055,66.3272,57.9413,54.295,51.4692,49.6287,47.9189,46.3263,44.8395,42.9166,40.9188,37.6523,32.5277,26.6497,21.4933,13.4392,0.778749,215.068,213.702,212.371,212.371
8.831960201263428,0.07855126298964024,0.9999847412109375,0.0,4,0.0948726,4.0,17989.4,234.415,-3.63211,5.13738,2.35143,7.84099,200.0,95.4058,66.5709,57.8808,54.1271,51.2284,49.3453,47.5992,45.9758,44.4629,42.5098,40.4848,37.1836,32.0279,26.1492,21.0222,13.1563,0.753782,215.548,214.201,213.717,213.717
8.853190660476685,0.07855126298964024,0.9999847412109375,0.0,4,0.105852,4.0,18006.3,234.962,-3.90442,4.55837,2.65919,9.98332,200.0,97.548,66.9138,57.8815,54.0082,51.0285,49.0981,47.3118,45.6544,44.1124,42.1259,40.0709,36.7308,31.5395,25.657,20.5581,12.8581,0.725906,215.949,214.583,213.988,213.988
8.874207258224487,0.07855126298964024,0.9999847412109375,0.0,4,0.117575,4.0,18014.6,235.515,-3.87256,4.12855,3.00928,12.9073,200.0,99.3084,67.0123,57.6881,53.7165,50.6721,48.7049,46.888,45.2053,43.6423,41.6324,39.5577,36.1949,30.9912,25.1281,20.0742,12.5382,0.695183,216.388,215.141,213.992,213.992
8.897536993026733,0.07855126298964024,0.9999847412109375,0.0,4,0.128708,4.0,18167.8,235.946,-4.1325,3.35928,3.39964,15.4091,200.0,101.883,67.4052,57.6984,53.5966,50.4656,48.4484,46.5897,44.8715,43.2788,41.235,39.1303,35.7298,30.4944,24.6335,19.613,12.2079,0.661594,216.834,215.528,215.895,215.895
8.918746948242188,0.07855126298964024,0.9999847412109375,0.0,4,0.140552,4.0,18136.2,236.538,-4.20475,2.72534,3.84058,17.7015,200.0,104.05,67.538,57.5044,53.2961,50.0962,48.0403,46.1499,44.4059,42.7921,40.7251,38.6014,35.1803,29.9372,24.102,19.1321,11.8559,0.625009,217.227,216.001,215.54,215.54
8.940625190734863,0.07855126298964024,0.9999847412109375,0.0,4,0.152596,4.0,18294.1,236.968,-4.14995,2.03002,4.3333,19.7674,200.0,106.274,67.6184,57.2599,52.9484,49.683,47.5909,45.6712,43.9036,42.2708,40.1837,38.044,34.6072,29.3641,23.5626,18.6489,11.4967,0.585523,217.722,216.578,217.29,217.29
8.962069034576416,0.07855126298964024,0.9999847412109375,0.0,4,0.164217,4.0,18310.4,237.525,-4.43084,1.12184,4.87696,21.5478,200.0,109.306,67.9299,57.1655,52.724,49.3752,47.2364,45.2786,43.4797,41.8214,39.7064,37.5433,34.0804,28.8242,23.0454,18.1809,11.1454,0.543003,218.096,216.894,217.626,217.626
8.987460374832153,0.07855126298964024,0.9999847412109375,0.0,4,0.176958,4.0,18269.1,238.133,-4.25696,0.465378,5.43202,23.3397,200.0,111.215,67.7211,56.6903,52.1723,48.7785,46.6167,44.6416,42.8303,41.1632,39.0408,36.8747,33.4162,28.1883,22.4707,17.6817,10.7907,0.49744,218.536,217.485,217.017,217.017
9.008043050765991,0.07855126298964024,0.9999847412109375,0.0,4,0.188481,4.0,18503.2,238.496,-4.42996,-0.504717,5.9577,24.7513,200.0,115.155,68.1547,56.6485,51.9823,48.4947,46.281,44.2638,42.4182,40.7233,38.5707,36.3796,32.8936,27.6527,21.9597,17.222,10.45,0.448917,219.076,217.935,219.871,219.871
9.031333446502686,0.07855126298964024,0.9999847412109375,0.0,4,0.191314,4.0,18430.2,239.111,-4.6769,-1.15957,6.45476,25.8373,200.0,121.399,69.198,56.998,52.1121,48.4834,46.1901,44.1072,42.2072,40.467,38.2633,36.0277,32.4862,27.197,21.4988,16.7935,10.1211,0.397825,219.658,218.352,219.069,219.069
9.052514791488647,0.07855126298964024,0.9999847412109375,0.0,4,0.184361,4.0,18419.1,239.662,-4.78634,-1.58962,6.92357,26.6853,156.137,130.089,70.7341,57.6395,52.473,48.664,46.2691,44.1021,42.1321,40.3335,38.0635,35.7693,32.1529,26.7923,21.0704,16.3864,9.80265,0.347456,220.325,218.887,218.856,218.856
9.073920488357544,0.07855126298964024,0.9999847412109375,0.0,4,0.176312,4.0,18408.9,240.197,-4.99002,-1.87189,7.35574,27.2074,127.059,143.99,73.3002,58.8983,53.3249,49.2545,46.7119,44.4222,42.3495,40.4645,38.0955,35.7126,31.9792,26.4957,20.7084,16.0202,9.50003,0.298608,220.978,219.313,218.783,218.783
9.096895694732666,0.07855126298964024,0.9999847412109375,0.0,4,0.167877,4.0,18370.8,240.748,-5.07741,-1.9204,7.75627,27.5514,108.087,164.352,76.6951,60.5932,54.5049,50.1076,47.3814,44.9398,42.7406,40.7496,38.2593,35.7678,31.8909,26.2552,20.3812,15.6771,9.20992,0.2515,221.559,219.783,218.327,218.327
9.119768857955933,0.07308872379362584,0.9999847412109375,0.0,4,0.159957,4.0,18353.6,241.279,-4.90303,-1.79196,8.1338,27.8782,96.2749,183.1,80.403,62.3636,55.7122,50.9641,48.0438,45.4433,43.113,41.013,38.3994,35.7987,31.78,25.9985,20.047,15.3345,8.92806,0.206338,222.024,220.329,218.109,218.109
9.139708757400513,0.0652639925479889,0.9999847412109375,0.0,4,0.152962,4.0,18360.2,241.795,-4.51671,-1.56227,8.49381,28.254,88.9464,186.366,84.033,63.9642,56.7511,51.6617,48.5558,45.8055,43.3531,41.153,38.4277,35.7301,31.5891,25.6894,19.6863,14.9823,8.65274,0.163202,222.44,220.928,218.176,218.176
9.16344404220581,0.0627541694790125,0.9999847412109375,0.0,4,0.146966,4.0,18383.2,242.305,-4.03014,-1.3162,8.83957,28.692,84.3757,187.682,87.3444,65.2666,57.5269,52.1264,48.8549,45.973,43.4153,41.1302,38.3121,35.5359,31.3,25.3183,19.295,14.6187,8.38345,0.122028,222.839,221.538,218.444,218.444
9.183247327804565,0.0627541694790125,0.9999847412109375,0.0,4,0.141609,4.0,18419.7,242.811,-3.5418,-1.10606,9.16984,29.143,81.2056,188.243,90.5567,66.4083,58.1533,52.456,49.0295,46.0264,43.3731,41.012,38.1123,35.2689,30.9553,24.9143,18.8901,14.2532,8.12173,0.082663,223.251,222.093,218.868,218.868
9.2052743434906,0.06029355674982071,0.9999847412109375,0.0,4,0.136308,4.0,18470.6,243.308,-3.18836,-0.982856,9.48005,29.5278,78.426,188.54,94.3581,67.7496,58.9061,52.8753,49.2762,46.1392,43.3808,40.9365,37.948,35.0317,30.6339,24.5281,18.5001,13.9007,7.8702,0.0449449,223.708,222.575,219.467,219.467
9.22839879989624,0.06029355674982071,0.9999847412109375,0.0,4,0.130803,4.0,18520.9,243.806,-3.01932,-0.946169,9.76882,29.8182,75.7124,188.732,99.2974,69.52,59.9482,53.5101,49.7019,46.4031,43.518,40.9737,37.8781,34.8733,30.3722,24.1818,18.1363,13.567,7.62941,0.00872874,224.194,223.027,220.068,220.068
9.251788854598999,0.05551996231079102,0.9999847412109375,0.0,4,0.125145,4.0,18565.5,244.309,-2.95229,-0.965485,10.0379,30.0307,73.1209,188.82,105.664,71.7698,61.2991,54.3674,50.3084,46.8168,43.7815,41.1187,37.8968,34.7879,30.1643,23.8705,17.7954,13.2496,7.39848,-0.0260678,224.67,223.471,220.601,220.601
9.271472454071045,0.04872864820063114,0.9999847412109375,0.0,4,0.119548,4.0,18605.6,244.817,-2.93414,-1.01353,10.291,30.2028,70.8146,188.758,113.507,74.404,62.8695,55.3678,51.0237,47.315,44.112,41.3182,37.9574,34.7349,29.9788,23.5738,17.4659,12.9423,7.17578,-0.059504,225.135,223.947,221.078,221.078
9.292720794677734,0.046563297510147095,0.9999847412109375,0.0,4,0.114363,4.0,18642.1,245.328,-2.89351,-1.07373,10.5336,30.3871,68.9935,188.47,122.38,77.1211,64.43,56.3283,51.6902,47.7612,44.3904,41.467,37.9711,34.6398,29.7604,23.2581,17.1297,12.6356,6.95911,-0.0916296,225.576,224.467,221.516,221.516
9.313708782196045,0.04444715715944767,0.9999847412109375,0.0,4,0.109645,4.0,18675.8,245.844,-2.7758,-1.12769,10.7677,30.5929,67.6007,187.98,132.217,79.8167,65.904,57.1903,52.2596,48.115,44.5826,41.5364,37.9144,34.4842,29.4964,22.9165,16.7837,12.328,6.74794,-0.122502,226.005,224.992,221.916,221.916
9.33699917793274,0.04036250747740269,0.9999847412109375,0.0,4,0.105272,4.0,18709.8,246.359,-2.62738,-1.17038,10.9924,30.805,66.4848,187.346,143.491,82.5809,67.3508,58.0002,52.7718,48.4115,44.7198,41.5542,37.8119,34.289,29.2032,22.5597,16.4338,12.0225,6.54278,-0.152172,226.45,225.513,222.321,222.321
9.358816623687744,0.03101206421852112,0.9999847412109375,0.0,4,0.101262,4.0,18744.1,246.875,-2.46857,-1.21416,11.2089,31.0271,65.6134,186.58,156.341,85.3508,68.7253,58.7254,53.2009,48.6298,44.7852,41.5069,37.6531,34.0466,28.8762,22.1858,16.0795,11.7191,6.34343,-0.180677,226.894,226.035,222.728,222.728
9.380578756332397,0.022891879454255106,0.9999847412109375,0.0,4,0.0978335,4.0,18779.6,247.393,-2.29047,-1.24519,11.4216,31.2913,65.0849,185.645,163.839,87.703,69.7576,59.1728,53.3909,48.6417,44.6715,41.3034,37.3643,33.6976,28.4738,21.7709,15.7085,11.4111,6.14808,-0.208133,227.328,226.591,223.143,223.143
9.406012296676636,0.013590455055236816,0.9999847412109375,0.0,4,0.095142,4.0,18817.0,247.91,-2.06648,-1.27902,11.6342,31.6207,64.9535,184.52,164.52,89.1918,70.1896,59.1689,53.2064,48.339,44.2905,40.8707,36.8879,33.1969,27.9653,21.2985,15.3125,11.0943,5.95543,-0.234645,227.742,227.16,223.594,223.594
9.425313472747803,0.012458521500229837,0.9999847412109375,0.0,5,0.0933138,4.0,18850.3,248.433,-1.7904,-1.29856,11.8504,32.0367,65.2678,183.188,163.984,89.3625,69.7758,58.555,52.5263,47.6264,43.5657,40.1459,36.175,32.5064,27.3253,20.7543,14.8843,10.7646,5.76393,-0.260375,228.144,227.745,223.991,223.991
9.447654247283936,0.011375798285007477,0.9999847412109375,0.0,5,0.0921705,5.0,16887.0,248.379,-1.43572,-1.30582,12.0695,32.5209,65.9201,181.699,162.818,88.3652,68.6419,57.434,51.4394,46.581,42.5642,39.1878,35.275,31.6672,26.5837,20.1561,14.4326,10.4261,5.57383,-0.285447,228.367,228.118,219.248,219.034
9.47128963470459,0.011375798285007477,0.9999847412109375,0.0,5,0.091302,5.0,16847.8,247.93,-1.11886,-1.32975,12.2861,33.0218,66.6819,180.151,161.436,86.8964,67.227,56.1207,50.2012,45.4145,41.464,38.1485,34.3118,30.7797,25.8116,19.5446,13.978,10.0889,5.38707,-0.309888,228.026,227.842,218.79,218.611
9.490753173828125,0.011375798285007477,0.9999847412109375,0.0,5,0.0903482,5.0,16465.1,247.443,-0.899549,-1.35234,12.496,33.494,67.3574,178.625,160.122,85.5982,65.9176,54.8846,49.0276,44.3031,40.412,37.1518,33.3854,29.9239,25.0648,18.9511,13.5355,9.76014,5.20463,-0.333789,227.613,227.414,218.017,217.618
9.5130455493927,0.012458521500229837,0.9999847412109375,0.0,5,0.0891833,5.0,16843.9,247.559,-0.793392,-1.39773,12.6981,33.9226,67.8816,177.147,158.957,84.6939,64.8392,53.8099,47.9841,43.2995,39.451,36.2333,32.5237,29.1217,24.3576,18.3829,13.1082,9.44088,5.0262,-0.357254,227.41,227.167,222.774,222.774
9.53742241859436,0.02141547352075577,0.9999847412109375,0.0,5,0.0879011,5.0,16868.1,247.987,-0.734851,-1.41547,12.8945,34.3222,68.3123,175.691,157.854,84.0129,63.8833,52.8183,47.0068,42.3504,38.536,35.3544,31.695,28.3469,23.6714,17.8287,12.6898,9.12768,4.85073,-0.380358,227.741,227.471,223.11,223.11
9.557288408279419,0.022891879454255106,0.9999847412109375,0.0,5,0.086141,5.0,16888.9,248.414,-0.705071,-1.42484,13.0793,34.6421,68.4508,174.332,157.031,84.2803,63.4561,52.1827,46.3102,41.6285,37.8092,34.6342,30.9944,27.6755,23.0584,17.3177,12.2951,8.82775,4.67973,-0.403085,228.171,227.799,223.385,223.385
9.581614017486572,0.022891879454255106,0.9999847412109375,0.0,5,0.0839009,5.0,16911.6,248.838,-0.777203,-1.45688,13.2519,34.8806,68.3037,173.069,156.432,85.6439,63.6073,51.925,45.9067,41.1414,37.275,34.0752,30.4229,27.1074,22.5182,16.8497,11.9237,8.54123,4.51349,-0.425375,228.597,228.131,223.684,223.684
9.602273941040039,0.022891879454255106,0.9999847412109375,0.0,5,0.0815206,5.0,16942.3,249.253,-0.865135,-1.50092,13.417,35.0845,68.0657,171.826,155.826,87.5656,63.9985,51.8065,45.6049,40.7321,36.8027,33.567,29.8916,26.5714,22.0012,16.3966,11.5621,8.26149,4.35086,-0.447195,228.997,228.497,224.07,224.07
9.622334241867065,0.02141547352075577,0.9999847412109375,0.0,5,0.0790869,5.0,16976.2,249.663,-0.949681,-1.59243,13.576,35.2661,67.7872,170.583,155.169,89.9604,64.5548,51.7701,45.3579,40.3617,36.3596,33.0817,29.3778,26.0493,21.4948,15.9515,11.2067,7.98686,4.19154,-0.46854,229.378,228.865,224.537,224.537
9.644506692886353,0.013590455055236816,0.9999847412109375,0.0,5,0.0767313,5.0,17001.8,250.081,-1.01135,-1.66114,13.7307,35.443,67.5358,169.314,154.411,92.582,65.1257,51.7143,45.0865,39.9672,35.8944,32.5771,28.8483,25.5153,20.9815,15.5051,10.8535,7.71545,4.03531,-0.489379,229.756,229.257,224.876,224.876
9.667343854904175,0.011375798285007477,0.9999847412109375,0.0,5,0.0748041,5.0,17027.5,250.498,-1.02878,-1.71299,13.8872,35.6636,67.4844,167.952,153.415,94.3864,65.1983,51.32,44.5503,39.3611,35.2571,31.9303,28.2077,24.8952,20.4119,15.0309,10.4897,7.44113,3.88091,-0.509728,230.101,229.688,225.217,225.217
9.688697338104248,0.01034228540956974,0.9999847412109375,0.0,5,0.0734626,5.0,17053.3,250.915,-0.948724,-1.78816,14.0486,35.9508,67.7049,166.468,152.145,94.6204,64.4626,50.4116,43.6236,38.4493,34.3746,31.0829,27.4117,24.1555,19.7641,14.5174,10.1096,7.16095,3.72744,-0.529659,230.422,230.128,225.557,225.557
9.713078737258911,0.01034228540956974,0.9999847412109375,0.0,5,0.072467,5.0,17090.6,251.32,-0.820906,-1.8696,14.2118,36.2735,68.0748,164.913,150.72,93.8181,63.2198,49.1899,42.4626,37.3566,33.349,30.12,26.5275,23.3491,19.0743,13.9843,9.72276,6.87929,3.57559,-0.549208,230.769,230.552,226.028,226.028
9.734206914901733,0.01034228540956974,0.9999847412109375,0.0,5,0.071512,5.0,17119.7,251.731,-0.718635,-1.97873,14.3721,36.5914,68.4446,163.347,149.274,92.8966,61.9067,47.9252,41.2709,36.2417,32.3073,29.1454,25.6362,22.5388,18.3842,13.4536,9.3393,6.60093,3.42608,-0.568415,231.136,230.932,226.44,226.44
9.758153915405273,0.01034228540956974,0.9999847412109375,0.0,5,0.0705282,5.0,17140.5,252.149,-0.643629,-2.03718,14.5289,36.8963,68.7825,161.781,147.833,92.0741,60.6183,46.6735,40.0897,35.1361,31.2741,28.179,24.7526,21.736,17.701,12.9289,8.96058,6.32626,3.27873,-0.587328,231.525,231.317,226.713,226.713
9.77916169166565,0.011375798285007477,0.9999847412109375,0.0,5,0.0695177,5.0,17162.8,252.563,-0.593355,-2.08065,14.6822,37.1884,69.09,160.216,146.396,91.3513,59.3504,45.4319,38.9165,34.0377,30.2479,27.2194,23.8758,20.9399,17.0241,12.4099,8.58648,6.05522,3.13355,-0.605948,231.908,231.692,227.007,227.007
9.800216674804688,0.014771598950028421,0.9999847412109375,0.0,5,0.0684947,5.0,17186.2,252.976,-0.55378,-2.14652,14.8325,37.4703,69.3753,158.649,144.958,90.6818,58.0778,44.1844,37.7392,32.9371,29.2212,26.2604,23.0008,20.1465,16.3509,11.8949,8.21612,5.78731,2.99035,-0.624291,232.283,232.066,227.317,227.317
9.821222066879272,0.024417495727539065,0.9999847412109375,0.0,5,0.0672367,5.0,17228.4,253.37,-0.536986,-2.23948,14.9758,37.7109,69.5302,157.122,143.604,90.9227,57.1366,43.1224,36.6966,31.9396,28.2763,25.3685,22.1785,19.3948,15.7069,11.3974,7.85581,5.52555,2.84973,-0.642351,232.681,232.417,227.857,227.857
9.843459129333496,0.03101206421852112,0.9999847412109375,0.0,5,0.065241,5.0,17254.5,253.776,-0.598846,-2.3571,15.1027,37.8384,69.3135,155.727,142.516,94.4035,57.3544,42.6986,36.1108,31.2862,27.6007,24.6936,21.5228,18.7715,15.1488,10.9473,7.51991,5.2771,2.71344,-0.660051,233.116,232.702,228.223,228.223
9.865518569946289,0.032783732190728186,0.9999847412109375,0.0,5,0.0623186,5.0,17275.8,254.183,-0.773498,-2.42292,15.2089,37.8262,68.6516,154.495,141.733,103.633,59.3189,43.1726,36.1478,31.0911,27.2774,24.2987,21.0789,18.3095,14.697,10.5551,7.21355,5.04479,2.58252,-0.677283,233.585,232.978,228.502,228.502
9.887267112731934,0.03460461050271988,0.9999847412109375,0.0,5,0.0587643,5.0,17298.5,254.585,-1.02094,-2.46358,15.2983,37.7161,67.7094,153.362,141.111,121.372,63.13,44.4663,36.7162,31.2687,27.2307,24.1179,20.7929,17.9657,14.3221,10.2051,6.92992,4.82589,2.45704,-0.693929,234.02,233.277,228.802,228.802
9.908820867538452,0.032783732190728186,0.9999847412109375,0.0,5,0.0549399,5.0,17321.6,254.983,-1.24411,-2.48595,15.3764,37.5584,66.6684,152.259,140.509,128.369,68.8924,46.4456,37.6796,31.6993,27.3591,24.0658,20.5974,17.6874,13.9893,9.87966,6.66136,4.61722,2.3369,-0.709886,234.414,233.609,229.107,229.107
9.932837963104248,0.03101206421852112,0.9999847412109375,0.0,5,0.0511192,5.0,17349.7,255.374,-1.42491,-2.49855,15.4472,37.3892,65.6506,151.138,139.843,129.32,76.9129,49.0068,38.9229,32.2827,27.5798,24.0744,20.44,17.4351,13.6736,9.56669,6.40302,4.41698,2.22217,-0.725075,234.779,233.972,229.477,229.477
9.955770254135132,0.02141547352075577,0.9999847412109375,0.0,5,0.0474859,5.0,17375.3,255.765,-1.53655,-2.51036,15.5138,37.2318,64.7257,149.969,139.07,129.546,87.7493,52.058,40.3412,32.9317,27.8235,24.0888,20.2803,17.1794,13.3573,9.25816,6.15174,4.22393,2.1128,-0.739466,235.12,234.35,229.817,229.817
9.973763465881348,0.016001953184604647,0.9999847412109375,0.0,5,0.0445086,5.0,17399.5,256.159,-1.57109,-2.51341,15.5841,37.1445,64.0647,148.682,138.082,129.176,99.8541,54.768,41.4147,33.2986,27.844,23.9265,19.9913,16.8309,12.988,8.92999,5.89738,4.03354,2.00792,-0.753069,235.422,234.788,230.138,230.138
9.9982328414917,0.016001953184604647,0.9999847412109375,0.0,5,0.042373,5.0,17423.4,256.553,-1.45544,-2.49756,15.6624,37.1494,63.7192,147.252,136.851,128.311,110.542,56.3514,41.7395,33.147,27.49,23.4839,19.5067,16.3459,12.5422,8.5719,5.63541,3.84343,1.90666,-0.765981,235.704,235.244,230.454,230.454
10.0199613571167,0.016001953184604647,0.9999847412109375,0.0,5,0.0406767,5.0,17447.6,256.946,-1.26961,-2.47498,15.7418,37.1946,63.5214,145.748,135.499,127.217,117.531,57.3077,41.6584,32.7246,26.9476,22.9057,18.9326,15.8029,12.0687,8.20793,5.37645,3.65846,1.80988,-0.778207,236.019,235.654,230.774,230.774
10.04114055633545,0.016001953184604647,0.9999847412109375,0.0,5,0.0391086,5.0,17469.0,257.341,-1.1025,-2.43898,15.8179,37.2432,63.3543,144.22,134.107,126.047,117.67,58.2309,41.5083,32.2494,26.3695,22.3044,18.3472,15.2565,11.5992,7.85206,5.12571,3.48041,1.71736,-0.789848,236.366,236.032,231.056,231.056
10.062223434448242,0.016001953184604647,0.9999847412109375,0.0,5,0.0375568,5.0,17494.6,257.73,-0.976883,-2.40525,15.8893,37.2819,63.1771,142.685,132.705,124.853,117.249,59.4135,41.4324,31.8084,25.8141,21.7222,17.7791,14.7266,11.145,7.50914,4.88497,3.30988,1.62903,-0.800943,236.724,236.395,231.394,231.394
10.08393120765686,0.017281517758965494,0.9999847412109375,0.0,5,0.035968,5.0,17521.6,258.117,-0.895288,-2.38422,15.9559,37.3066,62.9742,141.151,131.304,123.655,116.635,61.0615,41.5036,31.4367,25.3017,21.1715,17.2351,14.2167,10.7068,7.17839,4.65307,3.14581,1.5442,-0.811588,237.084,236.748,231.751,231.751
10.107714891433716,0.025992322340607645,0.9999847412109375,0.0,5,0.034293,5.0,17549.3,258.502,-0.849523,-2.39181,16.0165,37.3104,62.7274,139.625,129.917,122.471,115.941,63.5196,41.841,31.1963,24.8708,20.6794,16.7335,13.7398,10.2927,6.86399,4.43219,2.98943,1.46334,-0.821733,237.445,237.091,232.117,232.117
10.129681587219238,0.029289606586098672,0.9999847412109375,0.0,5,0.032091,5.0,17578.3,258.884,-0.844113,-2.41786,16.0632,37.2399,62.2837,138.172,128.643,121.451,115.452,69.1316,43.3132,31.5374,24.7974,20.4323,16.3943,13.3756,9.94704,6.58556,4.23051,2.84448,1.38723,-0.831352,237.846,237.383,232.493,232.493
10.153025150299072,0.029289606586098672,0.9999847412109375,0.0,5,0.0292001,5.0,17607.2,259.263,-0.967327,-2.46929,16.0931,37.077,61.5983,136.813,127.51,120.623,115.171,81.519,46.7743,32.798,25.2538,20.5325,16.275,13.159,9.68691,6.35008,4.05094,2.71238,1.31633,-0.840406,238.261,237.658,232.885,232.885
10.175715923309326,0.029289606586098672,0.9999847412109375,0.0,5,0.025974,5.0,17631.2,259.644,-1.13292,-2.50621,16.1116,36.8654,60.8036,135.493,126.429,119.85,114.866,105.56,52.5969,34.9279,26.1464,20.8947,16.3104,13.0424,9.48461,6.14553,3.88911,2.59165,1.25079,-0.848814,238.647,237.971,233.202,233.202
10.195727825164795,0.029289606586098672,0.9999847412109375,0.0,5,0.0226851,5.0,17655.4,260.023,-1.27228,-2.54403,16.123,36.6374,59.994,134.171,125.339,119.041,114.436,107.976,61.6753,37.9515,27.4102,21.4531,16.4501,12.9903,9.32005,5.96361,3.74213,2.48135,1.19074,-0.856523,239.001,238.307,233.523,233.523
10.216213464736938,0.029289606586098672,0.9999847412109375,0.0,5,0.0195066,5.0,17679.7,260.401,-1.35948,-2.60369,16.13,36.4126,59.2235,132.824,124.206,118.156,113.85,108.38,75.9775,41.9895,29.0129,22.1647,16.6611,12.9801,9.18172,5.80017,3.60879,2.38122,1.13632,-0.863497,239.334,238.66,233.844,233.844
10.241275072097778,0.029289606586098672,0.9999847412109375,0.0,5,0.0164033,5.0,17716.7,260.765,-1.41065,-2.69421,16.1318,36.1862,58.4774,131.457,123.039,117.211,113.155,108.301,100.801,47.6579,31.11,23.0933,16.9725,13.0284,9.0781,5.65912,3.49091,2.29219,1.08781,-0.869714,239.669,239.011,234.326,234.326
10.261091709136963,0.029289606586098672,0.9999847412109375,0.0,5,0.0132284,5.0,17738.6,261.143,-1.46475,-2.78916,16.126,35.9418,57.7107,130.091,121.87,116.251,112.416,108.019,103.109,56.6254,34.1197,24.4171,17.4659,13.1801,9.03043,5.54893,3.39189,2.21579,1.04556,-0.87516,240.016,239.345,234.626,234.626
10.28317904472351,0.029289606586098672,0.9999847412109375,0.0,5,0.0100361,5.0,17766.2,261.51,-1.5055,-2.84421,16.1132,35.6855,56.9396,128.718,120.686,115.263,111.623,107.583,103.534,71.8564,38.4372,26.2369,18.1666,13.4433,9.04093,5.4705,3.31229,2.15241,1.00977,-0.879809,240.364,239.689,234.988,234.988
10.305920839309692,0.029289606586098672,0.9999847412109375,0.0,5,0.00692457,5.0,17787.3,261.88,-1.54172,-2.92506,16.0952,35.4278,56.1912,127.326,119.472,114.227,110.757,106.999,103.46,96.7097,44.6025,28.6377,19.0793,13.813,9.10558,5.42225,3.25161,2.1019,0.980435,-0.883657,240.679,240.024,235.279,235.279
10.32776689529419,0.029289606586098672,0.9999847412109375,0.0,5,0.0040431,5.0,17814.1,262.245,-1.53054,-3.05976,16.0745,35.1844,55.5039,125.897,118.202,113.114,109.788,106.252,103.051,98.2905,53.2279,31.6212,20.1644,14.2617,9.21123,5.39944,3.20812,2.06349,0.957362,-0.886719,240.989,240.377,235.618,235.618
10.350031852722168,0.029289606586098672,0.9999847412109375,0.0,5,0.00117654,5.0,17849.9,262.597,-1.51662,-3.18738,16.0476,34.9324,54.817,94.2882,116.918,111.978,108.782,105.438,102.498,98.5246,67.251,35.7506,21.5934,14.8675,9.38935,5.41291,3.18559,2.03865,0.940743,-0.889002,241.322,240.71,236.115,236.115
10.372339010238647,0.029289606586098672,0.9999847412109375,0.0,5,-0.00182325,5.0,17869.3,262.967,-1.52736,-3.31265,16.0123,34.6573,54.0931,91.7798,115.644,110.849,107.778,104.61,101.89,98.4237,91.7644,42.0342,23.5949,15.7178,9.67021,5.47204,3.1872,2.02866,0.930795,-0.890505,241.673,241.037,236.349,236.349
10.392532110214233,0.029289606586098672,0.9999847412109375,0.0,5,-0.0048418,5.0,17885.1,263.336,-1.53079,-3.33001,15.9703,34.3707,53.3622,89.5788,114.361,109.704,106.749,103.737,101.201,98.093,93.5308,51.7623,26.294,16.8322,10.0543,5.57637,3.21293,2.03367,0.927675,-0.891203,242.015,241.375,236.564,236.564
10.417074203491211,0.029289606586098672,0.9999847412109375,0.0,5,-0.00767606,5.0,17906.7,263.702,-1.51617,-3.49049,15.9248,34.0928,52.6737,87.6294,113.036,108.504,105.652,102.774,100.386,97.537,93.728,66.8245,29.7075,18.1741,10.5214,5.71875,3.26027,2.05262,0.931151,-0.891108,242.326,241.715,236.847,236.847
10.437584400177002,0.024417495727539065,0.9999847412109375,0.0,5,-0.0103346,5.0,17939.6,264.056,-1.46512,-3.57821,15.8759,33.8223,52.0224,85.8413,111.673,107.255,104.495,101.732,99.4676,96.8194,93.4605,87.2835,34.0648,19.7833,11.08,5.90147,3.32994,2.08575,0.941229,-0.890227,242.64,242.068,237.258,237.258
10.458800315856934,0.016001953184604647,0.9999847412109375,0.0,5,-0.0129388,5.0,17973.9,264.409,-1.46718,-3.81628,15.8221,33.5482,51.3795,84.125,110.292,105.983,103.307,100.65,98.4935,96.0115,92.9742,88.5206,39.9415,21.7748,11.7561,6.12988,3.4228,2.13293,0.957535,-0.888623,242.957,242.407,237.736,237.736
10.481078624725342,0.005174625292420388,0.9999847412109375,0.0,5,-0.01503,5.0,17994.9,264.775,-1.42499,-3.94782,15.7709,33.3137,50.8474,82.7508,108.826,104.606,102.0,99.4271,97.3543,94.9951,92.1723,88.3517,46.5792,23.8441,12.4539,6.37681,3.52987,2.19042,0.979215,-0.886346,243.249,242.807,238.017,238.017
10.505849599838257,0.0004986856132745743,0.9999847412109375,0.0,5,-0.0161019,5.0,18011.2,265.15,-1.26934,-4.14737,15.7309,33.1654,50.5339,82.0258,107.204,103.043,100.483,97.9641,95.9437,93.6581,90.9546,87.414,51.51,25.3889,13.0185,6.60136,3.63755,2.25233,1.0047,-0.883516,243.492,243.243,238.243,238.243
10.527618646621704,0.0,0.9999847412109375,0.0,5,-0.0160828,5.0,18022.4,265.533,-0.945612,-4.28579,15.7041,33.11,50.451,112.07,105.42,101.289,98.7523,96.2601,94.2644,92.0112,89.3549,85.9052,52.8699,26.0779,13.3763,6.784,3.7385,2.31492,1.03267,-0.880272,243.729,243.7,238.363,238.363
10.548164367675781,-0.0004978239536285401,0.9999847412109375,0.023529052734375,5,-0.0156539,5.0,18082.5,265.864,-0.608333,-4.53442,15.6811,33.0868,50.4504,110.209,103.575,99.4651,96.9439,94.4694,92.4893,90.2552,87.6237,84.2105,52.7679,26.4375,13.6628,6.95656,3.84062,2.38024,1.06273,-0.876732,244.014,244.087,239.165,239.165
10.569969654083252,-0.0007437799125909806,0.9999847412109375,0.14117431640625,5,-0.0152537,5.0,18089.2,266.191,-0.364598,-4.74601,15.6561,33.0578,50.4386,108.346,101.732,97.6452,95.1414,92.6865,90.7238,88.5113,85.9084,82.5409,52.85,26.8506,13.9716,7.13957,3.94835,2.449,1.09432,-0.873016,243.894,243.97,239.264,239.264
10.590215682983398,-0.0007437799125909806,0.9999847412109375,0.2705841064453125,5,-0.0149086,5.0,18025.1,266.285,-0.204338,-4.84259,15.6323,33.0282,50.4214,106.651,100.058,95.9933,93.5066,91.0707,89.125,86.9338,84.3598,81.0395,53.0236,27.2523,14.2629,7.31096,4.04903,2.51321,1.12379,-0.869549,242.05,242.113,238.438,238.438
10.610231161117554,-0.0007437799125909806,0.980377197265625,0.3725433349609375,5,-0.014624,5.0,17956.2,266.041,-0.0974649,-4.99864,15.6073,32.9922,50.3897,104.962,98.392,94.3526,91.8846,89.47,87.5433,85.3763,82.8358,79.5731,53.4194,27.7105,14.5709,7.48774,4.1519,2.57854,1.15367,-0.866042,238.941,239.0,237.533,237.533
10.629998922348022,-0.0007437799125909806,0.76861572265625,0.4705810546875,5,-0.0143949,5.0,17873.4,265.444,-0.0297716,-5.13694,15.5814,32.9511,50.3456,103.279,96.7359,92.7236,90.2761,87.8844,85.9785,83.8382,81.3349,78.1381,53.9961,28.2135,14.8908,7.66758,4.2557,2.64423,1.1836,-0.862533,235.97,236.085,236.451,236.451
10.650028228759766,-0.0004978239536285401,0.45489501953125,0.5686187744140625,5,-0.0142182,5.0,17704.1,264.378,0.00976337,-5.46695,15.5548,32.9052,50.2898,101.606,95.0916,91.1084,88.6826,86.3155,84.432,82.3204,79.8578,76.7334,54.7404,28.7594,15.2221,7.85033,4.36035,2.71021,1.21357,-0.859027,233.081,233.229,234.24,234.24
10.669771194458008,0.0,0.149017333984375,0.62744140625,5,-0.0141128,5.0,17421.0,262.779,0.0324189,-5.67997,15.5273,32.8533,50.219,99.9456,93.4642,89.5123,87.1099,84.7692,82.9099,80.8295,78.4114,75.3664,55.7099,29.3633,15.5679,8.03609,4.46549,2.77615,1.24336,-0.855551,229.941,230.066,230.524,230.524
10.689786195755005,0.0,0.0,0.67449951171875,5,-0.0140623,5.0,17124.9,260.633,0.0362105,-5.74701,15.4992,32.7968,50.1367,98.3012,91.8549,87.936,85.5583,83.2454,81.4114,79.364,76.9927,74.0311,56.8568,30.0138,15.9256,8.22431,4.57104,2.84206,1.27301,-0.852099,227.381,227.465,226.558,226.701
10.710848569869995,0.0,0.0,0.7176361083984375,5,-0.0139788,5.0,16874.8,258.208,0.04471,-5.80774,15.4719,32.7441,50.0629,96.6652,90.2538,86.3675,84.014,81.7283,79.919,77.9034,75.577,72.6931,57.8569,30.6185,16.268,8.40724,4.67433,2.90677,1.30221,-0.848693,223.61,223.687,223.064,223.593
10.729564428329468,0.0,0.0,0.776458740234375,5,-0.0138032,5.0,16679.8,255.568,0.0715941,-5.80664,15.4465,32.7005,50.0106,95.0326,88.6542,84.7988,82.4681,80.2079,78.4215,76.4351,74.1493,71.333,58.4868,31.114,16.577,8.57999,4.77385,2.96971,1.33088,-0.845335,220.208,220.271,220.465,221.038
10.75120997428894,-0.0004978239536285401,0.0,0.807830810546875,5,-0.0135804,5.0,16420.0,252.834,0.105345,-5.89866,15.422,32.6619,49.9697,93.4095,87.0637,83.2386,80.9301,78.6945,76.9304,74.972,72.7246,69.9712,58.9153,31.5465,16.8659,8.74631,4.87089,3.03142,1.35914,-0.842013,216.582,216.634,216.997,217.668
10.770172119140625,-0.011371681466698647,0.0,0.854888916015625,5,-0.0133295,5.0,16220.9,249.939,0.138274,-5.93047,15.3985,32.627,49.9367,91.7985,85.4853,81.6902,79.4037,77.1925,75.4501,73.5191,71.309,68.6154,59.2051,31.9295,17.1368,8.90585,4.96487,3.09147,1.38676,-0.838761,213.085,213.136,214.34,215.023
10.788891792297363,-0.025986099243164064,0.0,0.8823394775390625,5,-0.0127005,5.0,16015.7,246.951,0.165714,-5.87446,15.3817,32.6285,49.9903,90.1626,83.8727,80.1,77.8298,75.6359,73.9086,71.9955,69.8076,67.1444,58.1203,31.8892,17.2781,9.02722,5.04552,3.14563,1.41284,-0.835623,208.877,208.966,211.604,212.344
10.810964584350586,-0.031005266681313516,0.0,0.89410400390625,5,-0.0111691,5.0,15810.0,243.936,0.28997,-5.79534,15.38,32.7159,50.2509,88.4451,82.1557,78.3874,76.1196,73.9267,72.1983,70.2802,68.0791,65.3756,54.2647,30.9294,17.1287,9.06259,5.09671,3.18717,1.43588,-0.83268,203.867,204.07,208.8,209.714
10.830137968063354,-0.031005266681313516,0.0,0.941162109375,5,-0.00883228,5.0,15604.7,240.899,0.549228,-5.70411,15.3926,32.8833,50.7056,86.6563,80.3477,76.5675,74.2897,72.0825,70.338,68.3931,66.1426,63.3196,48.9547,29.3171,16.7379,9.01923,5.11913,3.21578,1.45549,-0.82999,198.76,199.105,205.998,207.094
10.848871231079102,-0.02928300052881241,0.0,0.9764556884765625,5,-0.00618225,5.0,15351.7,237.84,0.848431,-5.64267,15.4131,33.0887,51.2531,84.8482,78.5136,74.7151,72.4219,70.1935,68.4252,66.4417,64.1193,61.1101,44.0326,27.6201,16.2634,8.93587,5.12312,3.23461,1.47164,-0.827641,192.572,193.084,202.612,203.84
10.871102094650269,-0.005171848833560944,0.0,0.9999847412109375,5,-0.00362915,5.0,15111.7,234.718,1.11067,-5.6014,15.435,33.2942,51.8004,83.0659,76.7089,72.8943,70.5867,68.3381,66.5458,64.5224,62.1208,58.8758,40.182,26.1612,15.8202,8.84678,5.11977,3.24795,1.48506,-0.82562,185.6,186.302,199.394,200.674
10.891230344772339,0.005174625292420388,0.0,0.9999847412109375,5,-0.00188768,5.0,14884.1,231.55,1.27178,-5.53897,15.4471,33.43,52.1715,81.3886,75.0316,71.2186,68.9101,66.6576,64.8578,62.8181,60.3756,56.9701,38.0362,25.3183,15.5675,8.8055,5.12761,3.26336,1.49712,-0.823897,178.155,179.068,196.437,197.609
10.909807205200195,0.018861531624197958,0.0,0.9999847412109375,5,-0.00134045,5.0,14669.6,228.38,1.20358,-5.46799,15.443,33.4555,52.2623,79.8589,73.534,69.7487,67.4598,65.2289,63.4479,61.432,59.0221,55.6785,37.6168,25.2021,15.5738,8.83989,5.15754,3.28569,1.50894,-0.822408,170.79,171.924,193.712,194.656
10.929923295974731,0.028705594531260432,0.0,0.9999847412109375,5,-0.00186253,5.0,14457.2,225.267,0.972464,-5.41838,15.4237,33.3809,52.0989,78.4623,72.1966,68.4614,66.2098,64.0221,62.2826,60.3245,58.009,54.9086,38.6083,25.7068,15.8101,8.94415,5.20881,3.31519,1.52097,-0.821086,162.753,164.088,191.024,191.722
10.949696063995361,0.036860254363988834,0.0,0.9999847412109375,5,-0.00319284,5.0,14245.4,222.178,0.638195,-5.36986,15.3929,33.2307,51.8528,77.1686,70.981,67.3108,65.108,62.9776,61.2933,59.4124,57.2227,54.417,40.8272,26.7352,16.2366,9.10607,5.27809,3.35109,1.53351,-0.819852,154.581,156.069,188.33,188.812
10.967784404754639,0.04401497804987865,0.0,0.9999847412109375,5,-0.004969,5.0,14004.5,219.141,0.277473,-5.37292,15.3555,33.0398,51.7046,75.937,69.8362,66.2373,64.0878,62.0192,60.3942,58.5948,56.5325,53.99,44.0583,28.1519,16.7935,9.30595,5.3593,3.39145,1.54665,-0.818633,146.349,147.915,185.207,185.581
10.989742040634155,0.04729209547504783,0.0,0.9999847412109375,5,-0.00687468,5.0,13793.9,216.092,-0.0537309,-5.35944,15.3159,32.8379,51.9393,74.7334,68.72,65.1921,63.095,61.0867,59.5186,57.7956,55.8474,53.5164,47.8172,29.818,17.4225,9.52531,5.4469,3.43452,1.56049,-0.817363,138.064,139.628,182.442,182.746
11.009440660476685,0.0507260588941723,0.0,0.9999847412109375,5,-0.00864828,5.0,13592.8,213.048,-0.318148,-5.31848,15.278,32.6494,81.556,73.5302,67.5991,64.1374,62.0888,60.1353,58.6179,56.9617,55.1092,52.9411,48.5019,31.5574,18.0577,9.74399,5.53441,3.47789,1.5747,-0.816032,129.772,131.263,179.797,180.067
11.028489351272583,0.059422706407383084,0.0,0.9999847412109375,5,-0.0101157,5.0,13392.2,210.026,-0.492828,-5.26125,15.2439,32.4888,80.279,72.3105,66.4538,63.0515,61.0457,59.1402,57.6665,56.0666,54.2919,52.2479,48.3629,33.1969,18.6462,9.9485,5.61835,3.52062,1.58943,-0.814588,121.362,122.735,177.137,177.42
11.048923969268799,0.07181967501516144,0.0,0.9999847412109375,5,-0.0112221,5.0,13191.0,207.06,-0.579546,-5.21179,15.2144,32.3605,78.9882,71.0694,65.2788,61.9291,59.9608,58.0969,56.6604,55.1075,53.3962,51.448,47.9011,34.6158,19.1563,10.131,5.69639,3.5618,1.60449,-0.813043,112.297,113.517,174.451,174.784
11.06910514831543,0.07933926027417182,0.0,0.9999847412109375,5,-0.0120132,5.0,12989.5,204.12,-0.596318,-5.15612,15.1887,32.2594,77.6878,69.8124,64.0816,60.7791,58.8443,57.0168,55.6128,54.1003,52.4421,50.571,47.2605,35.7973,19.5909,10.2943,5.76978,3.60207,1.62007,-0.81138,103.03,104.089,171.75,172.154
11.090024471282959,0.09396859580437342,0.0,0.9999847412109375,5,-0.0125681,5.0,12760.8,201.228,-0.575674,-5.13323,15.1657,32.178,76.3838,68.548,62.8725,59.6136,57.7093,55.9151,54.5402,53.0635,51.4516,49.6458,46.517,36.7782,19.9661,10.4432,5.84011,3.64197,1.6362,-0.80961,93.6356,94.539,168.693,169.194
11.110448122024536,0.110099217633307,0.0,0.9999847412109375,5,-0.0129769,5.0,12552.9,198.338,-0.533829,-5.1052,15.1442,32.1086,75.0836,67.2853,61.6625,58.4451,56.5696,54.8066,53.4588,52.0152,50.4454,48.6976,45.7199,37.6288,20.304,10.5835,5.90868,3.68173,1.65271,-0.80777,84.092,84.8558,165.884,166.467
11.130205631256104,0.1237936572140114,0.0,0.9999847412109375,5,-0.0132965,5.0,12359.1,195.451,-0.482313,-5.05444,15.1233,32.0458,73.7919,66.0304,60.4592,57.282,55.4345,53.7014,52.3796,50.9673,49.4371,47.7428,44.8974,38.4065,20.6235,10.7209,5.97754,3.72227,1.66984,-0.805842,74.4299,75.075,163.286,163.927
11.150234699249268,0.13429301281803907,0.0,0.9999847412109375,5,-0.0135548,5.0,12167.4,192.579,-0.42953,-4.98709,15.1029,31.9876,72.5109,64.7861,59.2657,56.1279,54.3076,52.6037,51.3068,49.9247,48.4322,46.7881,44.0614,38.8663,20.9301,10.8563,6.04658,3.76331,1.68738,-0.803855,64.6672,65.2141,160.732,161.411
11.171014070510864,0.13670723472156562,0.0,0.9999847412109375,5,-0.013754,5.0,11974.6,189.749,-0.379475,-4.92531,15.0829,31.9336,71.2408,63.5526,58.0824,54.9834,53.1898,51.5143,50.2417,48.8886,47.4321,45.8353,43.2166,38.6505,21.2233,10.9895,6.11573,3.80483,1.70531,-0.801811,54.4294,54.9059,158.171,158.873
11.188339471817017,0.14343693817661454,0.0,0.9999847412109375,5,-0.013871,5.0,11780.2,186.955,-0.330482,-4.86776,15.0638,31.8866,69.9791,62.327,56.9061,53.845,52.0772,50.4292,49.18,47.8548,46.4325,44.8799,42.3591,38.2066,21.4894,11.1161,6.18317,3.84589,1.7233,-0.799743,43.8108,44.223,155.589,156.316
11.209276676177979,0.14587645260247092,0.0,0.9999847412109375,5,-0.0138903,5.0,11584.9,184.182,-0.278891,-4.8082,15.0457,31.8472,68.7252,61.1087,55.7361,52.712,50.9694,49.348,48.1213,46.8227,45.4329,43.9219,41.4901,37.6474,21.7252,11.2361,6.24945,3.88696,1.74164,-0.797616,33.059,33.4179,152.99,153.748
11.229435205459595,0.15283469931626692,0.0,0.8742768127201261,5,-0.013818,5.0,11357.5,181.458,-0.226821,-4.78805,15.0289,31.8157,67.479,59.8977,54.5725,51.5846,49.8665,48.2709,47.066,45.793,44.4341,42.9624,40.6124,37.0173,21.9265,11.3473,6.31319,3.92718,1.75992,-0.795478,22.2428,22.5531,149.959,150.787
11.249594688415527,0.16476743090013046,0.0,0.8102946206245437,5,-0.0136552,5.0,11261.9,178.754,-0.171454,-4.75174,15.0138,31.7931,66.2396,58.6932,53.4147,50.4621,48.7679,47.1972,46.0134,44.7649,43.4356,42.0009,39.7264,36.3368,22.0865,11.4462,6.37252,3.96537,1.77762,-0.793386,15.683,15.954,148.621,149.471
11.271286010742188,0.17721050524524415,0.0,0.7336926786270747,5,-0.0134034,5.0,11176.2,176.123,-0.110692,-4.69754,14.9999,31.7781,65.008,57.4962,52.2638,49.3459,47.6751,46.1289,44.9655,43.7408,42.44,41.0406,38.8367,35.6236,22.2115,11.5359,6.4291,4.0026,1.79521,-0.791287,11.2675,11.5085,147.517,148.304
11.289440870285034,0.17979308615181283,0.0,0.5875556146279568,5,-0.0130907,5.0,11097.4,173.589,-0.0489449,-4.63074,14.987,31.7689,63.7853,56.3086,51.1221,48.2387,46.591,45.0689,43.9256,42.7242,41.4511,40.0858,37.9489,34.8926,22.3091,11.6175,6.48291,4.03862,1.8125,-0.789209,9.27931,9.50008,146.527,147.206
11.30872654914856,0.18221056125456775,0.0,0.41873456689083266,5,-0.0127693,5.0,11060.9,171.217,0.00707646,-4.56725,14.9746,31.7609,62.5751,55.1344,49.9945,47.1458,45.5213,44.0234,42.9001,41.7219,40.4763,39.1448,37.073,34.1614,22.3994,11.6962,6.53542,4.07394,1.82953,-0.787158,11.7698,11.9894,146.103,146.646
11.331182718276978,0.1843926077111438,0.0,0.16046548817474768,5,-0.0125074,5.0,11037.5,169.076,0.0506126,-4.51267,14.9615,31.7907,61.3811,53.9785,48.8864,46.0733,44.4726,42.9992,41.8964,40.7418,39.5241,38.2265,36.2197,33.4459,22.5077,11.7786,6.5885,4.10917,1.84632,-0.785147,19.29,19.5122,145.858,146.271
11.3491952419281,0.19159150403618813,0.0,0.0,4,-0.0123917,5.0,11056.5,167.234,0.0767082,-4.46202,14.9465,31.9328,60.2085,52.8471,47.8054,45.0294,43.4534,42.0057,40.924,39.794,38.6051,37.3425,35.4021,32.7635,22.6711,11.8755,6.64585,4.14589,1.86325,-0.783151,34.9593,35.1909,146.155,146.461
11.370136976242065,0.19316917829493677,0.0,0.0,4,-0.0125515,4.0,12286.4,165.729,0.0812197,-4.4356,14.9275,32.2213,59.0651,51.7495,46.7619,44.0254,42.4757,41.0552,39.9961,38.892,37.7336,36.5079,34.6368,32.1343,22.9431,12.002,6.71227,4.186,1.88068,-0.781159,55.2143,55.4564,146.594,146.572
11.39074444770813,0.19454767773032192,0.0,0.0,4,-0.0131693,4.0,12244.9,164.414,0.0522246,-4.43133,14.9016,32.7196,57.9631,50.6997,45.7714,43.0779,41.5569,40.1658,39.1311,38.0551,36.9296,35.7435,33.9461,31.583,23.4062,12.1807,6.795,4.23238,1.89916,-0.779148,74.3826,74.6244,145.518,145.369
11.409945487976074,0.19587900418122606,0.0,0.0,4,-0.0143639,4.0,12082.2,163.144,-0.0088786,-4.4317,14.8668,33.6415,56.9109,49.707,44.844,42.1974,40.7073,39.3482,38.3399,37.2941,36.2039,35.06,33.34,31.1173,24.1372,12.4322,6.90105,4.28815,1.91957,-0.777049,92.5247,92.7442,143.938,143.396
11.42957592010498,0.19726379334787525,0.0,0.0,4,-0.0163794,4.0,11975.2,161.823,-0.102622,-4.43366,14.8191,64.586,55.9268,48.7915,44.0009,41.4058,39.9496,38.6251,37.6454,36.6323,35.5801,34.4811,32.8422,30.7602,25.1845,12.7946,7.04181,4.35773,1.94277,-0.774823,109.872,110.021,142.764,141.969
11.450751066207886,0.19860036124149957,0.0,0.0,4,-0.0196636,4.0,11879.7,160.548,-0.222126,-4.43275,14.7515,63.6568,55.0447,47.9905,43.2821,40.7447,39.3262,38.0401,37.0918,36.1146,35.1035,34.0529,32.4993,30.5593,25.8963,13.3493,7.24153,4.45087,1.971,-0.772328,126.321,126.283,141.776,140.681
11.46895456314087,0.18872217235688118,0.0,0.0,4,-0.0253049,4.0,11792.6,159.461,-0.36994,-4.43767,14.6476,62.8849,54.3446,47.3926,42.7826,40.3127,38.9381,37.6963,36.7839,35.8473,34.8828,33.8859,32.4248,30.6323,26.6301,14.3085,7.55815,4.58933,2.00855,-0.769356,139.753,139.118,141.013,139.357
11.489091157913208,0.16308708769780275,0.0,0.0,4,-0.0346826,4.0,11732.1,158.826,-0.72963,-4.44093,14.4876,62.3553,53.9227,47.1023,42.6122,40.2224,38.8992,37.7087,36.8373,35.9465,35.034,34.0964,32.7344,31.0907,27.6163,16.0986,8.09046,4.80774,2.06209,-0.765554,145.747,143.86,140.714,138.178
11.509891271591187,0.13905015326132378,0.0,0.0,4,-0.0469382,4.0,11698.3,158.458,-1.44771,-4.44017,14.2854,62.005,53.703,47.0301,42.669,40.363,39.0924,37.954,37.1239,36.2782,35.4156,34.5343,33.2642,31.7507,28.6655,19.1034,8.87516,5.11274,2.13309,-0.760686,146.856,144.132,140.634,137.435
11.530365943908691,0.13928463551327588,0.0,0.0,4,-0.060074,4.0,11671.4,158.135,-2.27367,-4.44569,14.0699,61.7016,53.5309,47.0023,42.7639,40.5363,39.3136,38.2219,37.4285,36.6227,35.8034,34.9696,33.7752,32.3654,29.5542,22.4993,9.88964,5.48698,2.21847,-0.754719,146.826,143.823,140.425,137.002
11.549489736557007,0.13952129561896126,0.0,0.0,4,-0.0731992,4.0,11645.7,157.809,-2.99156,-4.46443,13.8524,30.2264,53.3425,46.949,42.8232,40.6658,39.4858,38.4349,37.6732,36.9016,36.1193,35.3253,34.1928,32.865,30.256,24.2273,11.1526,5.92743,2.31789,-0.747544,146.537,143.507,140.13,136.684
11.570149183273315,0.13976303738335769,0.0,0.0,4,-0.0860662,4.0,11620.2,157.476,-3.57278,-4.47911,13.6351,28.6537,53.1219,46.8537,42.8307,40.7364,39.5945,38.5798,37.8458,37.1035,36.3528,35.5929,34.5124,33.2515,30.7997,25.3718,12.721,6.4399,2.43193,-0.739092,146.189,143.207,139.803,136.405
11.590135097503662,0.14475321449420414,0.0,0.0,4,-0.0985541,4.0,11594.4,157.139,-4.02338,-4.48777,13.4183,27.4949,52.8633,46.7112,42.7825,40.7452,39.6374,38.6551,37.9456,37.2292,36.5059,35.7753,34.7393,33.5349,31.21,26.1999,14.6786,7.03304,2.5616,-0.729282,145.821,142.919,139.457,136.14
11.609094858169556,0.16481799096361732,0.0,0.0,4,-0.110711,4.0,11568.5,156.797,-4.3554,-4.48929,13.2007,26.5372,52.572,46.5281,42.6866,40.7019,39.6248,38.6716,37.9842,37.2912,36.5922,35.8873,34.8901,33.7345,31.5163,26.8239,17.1291,7.72023,2.70802,-0.718071,145.444,142.62,139.112,135.869
11.630651950836182,0.18623051372302388,0.0,0.0,4,-0.122824,4.0,11542.2,156.447,-4.6022,-4.48831,12.9785,25.6712,52.2687,46.3277,42.5682,40.6325,39.584,38.6574,37.9902,37.3183,36.6417,35.9601,34.9974,33.8848,31.7595,27.3246,18.9264,8.52797,2.87351,-0.705395,145.067,142.265,138.794,135.561
11.649874925613403,0.20327467985928058,0.0,0.0,4,-0.135148,4.0,11514.9,156.089,-4.82622,-4.49211,12.7489,24.8414,51.9708,46.1289,42.4476,40.5578,39.5362,38.6344,37.9858,37.3335,36.6773,36.0171,35.0861,34.0121,31.9691,27.7508,20.1295,9.49117,3.06038,-0.691216,144.701,141.869,138.494,135.215
11.670543432235718,0.21521307390152164,0.0,0.0,4,-0.147911,4.0,11486.9,155.721,-5.06028,-4.48852,12.51,24.0152,51.693,45.9476,42.3413,40.4949,39.4988,38.6205,37.9893,37.3551,36.7177,36.0773,35.1754,34.1369,32.1674,28.1359,21.0708,10.6589,3.27139,-0.67549,144.354,141.438,138.213,134.831
11.689986944198608,0.22752621025130151,0.0,0.0,4,-0.161246,4.0,11457.9,155.343,-5.3336,-4.47963,12.2608,23.1824,51.443,45.7919,42.2576,40.4528,39.4806,38.6244,38.0097,37.3925,36.7727,36.1505,35.2754,34.2695,32.3667,28.4988,21.8632,12.0964,3.50931,-0.658188,144.024,140.99,137.936,134.42
11.710317611694336,0.2340575618406261,0.0,0.0,4,-0.175312,4.0,11426.7,154.956,-5.6905,-4.48707,12.0006,22.3344,51.23,45.6712,42.2064,40.4413,39.4917,38.6563,38.0572,37.4559,36.8526,36.2474,35.397,34.421,32.5792,28.856,22.5668,13.754,3.77759,-0.639279,143.702,140.516,137.659,133.957
11.728627681732178,0.2532915814296405,0.0,0.0,4,-0.190078,4.0,11396.3,154.557,-6.1071,-4.48151,11.7305,21.4841,51.0507,45.5817,42.1836,40.4564,39.5282,38.7123,38.1276,37.5414,36.9536,36.3642,35.5368,34.5881,32.8019,29.2073,23.2064,15.0725,4.07921,-0.618748,143.386,140.041,137.384,133.508
11.749045848846436,0.27334173567433534,0.0,0.0,4,-0.205381,4.0,11365.0,154.146,-6.55116,-4.46529,11.4523,20.6503,50.894,45.5119,42.1776,40.4862,39.5783,38.7808,38.2096,37.6372,37.0637,36.4892,35.6831,34.7598,33.024,29.5446,23.7881,16.142,4.41693,-0.596559,143.014,139.536,137.083,133.068
11.768592834472656,0.3011415693900206,0.0,0.0,4,-0.221123,4.0,11332.6,153.721,-7.01535,-4.44236,11.1672,19.8406,50.7538,45.4554,42.1819,40.5242,39.6354,38.8553,38.2968,37.7374,37.1772,36.6162,35.8299,34.9301,33.2406,29.8651,24.3191,17.0512,4.79416,-0.572677,142.6,139.011,136.756,132.626
11.790149211883545,0.315936115005364,0.0,0.0,4,-0.237233,4.0,11299.0,153.28,-7.49176,-4.41519,10.8759,19.0583,50.6255,45.4077,42.192,40.5662,39.6953,38.9315,38.385,37.8378,37.29,36.7417,35.9736,35.0954,33.4487,30.1672,24.8058,17.8442,5.21487,-0.547069,142.131,138.447,136.408,132.178
11.810133695602417,0.3384940351670981,0.0,0.0,4,-0.253576,4.0,11264.4,152.828,-7.98528,-4.39459,10.5796,18.3094,50.5012,45.3605,42.1997,40.6041,39.75,39.0014,38.466,37.9303,37.3942,36.8578,36.1067,35.2484,33.6412,30.4452,25.2478,18.543,5.68252,-0.519728,141.658,137.898,136.034,131.729
11.83020544052124,0.3619034110744918,0.0,0.0,3,-0.269989,4.0,11228.9,152.364,-8.46647,-4.37622,10.2793,17.5994,50.3718,45.3042,42.1954,40.6285,39.7903,39.056,38.531,38.0059,37.4807,36.9555,36.2203,35.3807,33.8096,30.6925,25.6421,19.1597,6.20022,-0.490661,141.139,137.334,135.631,131.289
11.85023283958435,0.3782221200505737,0.0,0.0,3,-0.286421,3.0,13755.1,151.925,-8.92502,-4.35738,9.97541,16.926,50.2348,45.2369,42.1775,40.6373,39.8143,39.0934,38.5784,38.0632,37.5482,37.0333,36.3131,35.4909,33.9537,30.9094,25.9925,19.7058,6.77257,-0.459856,140.582,136.747,135.916,131.923
11.86829423904419,0.4029013848370313,0.0,0.0,3,-0.302797,3.0,13704.2,151.532,-9.36494,-4.34734,9.66801,16.2888,50.0861,45.1546,42.142,40.6272,39.8182,39.1103,38.6045,38.0988,37.5933,37.0882,36.3818,35.576,34.0707,31.0939,26.2997,20.1886,7.37702,-0.427305,140.048,136.195,135.726,131.858
11.889168500900269,0.41189372070779406,0.0,0.0,3,-0.319169,3.0,13691.2,151.12,-9.79613,-4.34382,9.35669,15.6817,49.929,45.0608,42.0926,40.6021,39.8065,39.1104,38.6135,38.1169,37.6205,37.1246,36.4313,35.6408,34.1654,31.2514,26.5706,20.619,7.94113,-0.393007,139.505,135.634,134.529,130.241
11.909555673599243,0.4296136296154931,0.0,0.0,3,-0.335541,3.0,13568.8,150.58,-10.2051,-4.33117,9.04154,15.1022,49.7649,44.957,42.031,40.5635,39.7807,39.096,38.6073,38.1191,37.6314,37.1442,36.4634,35.6873,34.2397,31.3849,26.8089,21.0034,8.46389,-0.356999,138.967,135.08,133.481,128.8
11.929866075515747,0.4564712462076545,0.0,0.0,3,-0.352058,3.0,13498.1,149.992,-10.6086,-4.30939,8.7283,14.5427,49.6026,44.8521,41.9665,40.5209,39.7501,39.0763,38.5954,38.1151,37.6354,37.1565,36.4875,35.7251,34.3037,31.5042,27.0254,21.3532,8.95074,-0.319303,138.366,134.45,132.86,128.035
11.949880838394165,0.47538266061663625,0.0,0.0,3,-0.368851,3.0,13437.1,149.384,-11.0242,-4.27908,8.42218,13.9978,49.4494,44.7541,41.907,40.4818,39.7226,39.0591,38.5857,38.1129,37.6408,37.1696,36.5115,35.7621,34.3655,31.6175,27.2288,21.6784,9.40733,-0.27993,137.7,133.731,132.319,127.393
11.970276355743408,0.4947697069600225,0.0,0.0,3,-0.385998,3.0,13377.1,148.76,-11.4623,-4.23817,8.12288,13.4647,49.3096,44.6672,41.8567,40.4512,39.7027,39.0489,38.5826,38.117,37.6522,37.1882,36.5405,35.803,34.4297,31.7297,27.4243,21.9853,9.83782,-0.238877,137.013,132.971,131.79,126.764
11.990124225616455,0.5054550842204505,0.0,0.0,3,-0.403641,3.0,13316.3,148.118,-11.9383,-4.18597,7.83002,12.9398,49.1904,44.5989,41.8231,40.4363,39.6981,39.0533,38.5936,38.1348,37.6768,37.2198,36.5817,35.8555,34.5038,31.8485,27.6196,22.2816,10.2465,-0.196161,136.301,132.181,131.257,126.123
12.007676601409912,0.5163094769597053,0.0,0.0,3,-0.420279,3.0,13254.2,147.465,-12.4729,-4.1477,7.54426,12.4282,49.0839,44.5408,41.7981,40.4291,39.7006,39.0644,38.611,38.1584,37.7068,37.2563,36.6275,35.9118,34.5803,31.9669,27.8088,22.5631,10.6336,-0.151786,135.617,131.412,130.7,125.479
12.03050684928894,0.5367383334369709,0.0,0.0,3,-0.415167,3.0,13191.2,146.806,-13.0276,-4.12291,7.26687,11.9379,48.9764,44.4793,41.7681,40.4158,39.6965,39.0685,38.621,38.1743,37.7287,37.2843,36.6642,35.9586,34.6462,32.0721,27.9805,22.8213,10.9968,-0.107452,134.92,130.658,130.113,124.85
12.051191091537476,0.5480281584894284,0.0,0.0,3,-0.409636,3.0,13130.3,146.14,-13.5311,-4.09043,6.9991,11.4767,48.851,44.3973,41.716,40.3794,39.6689,39.0488,38.607,38.166,37.7262,37.2875,36.6755,35.9795,34.6855,32.1487,28.1207,23.0449,11.3326,-0.064504,134.159,129.885,129.534,124.251
12.071938514709473,0.5594477161427339,0.0,0.0,3,-0.403403,3.0,13066.1,145.48,-13.9743,-4.08307,6.74183,11.0492,48.6938,44.2812,41.6283,40.3069,39.6047,38.992,38.5556,38.1202,37.6859,37.2529,36.6488,35.9619,34.6855,32.185,28.2188,23.2251,11.6376,-0.0229562,133.375,129.133,128.882,123.666
12.09006381034851,0.571008101430467,0.0,0.0,3,-0.396652,3.0,12999.6,144.822,-14.4034,-4.11486,6.49456,10.6489,17.5941,44.141,41.515,40.2083,39.514,38.9084,38.4772,38.047,37.6181,37.1905,36.5941,35.9161,34.6564,32.191,28.2847,23.3707,11.9156,0.0171528,132.592,128.393,128.204,123.06
12.110120296478271,0.5728393081424014,0.0,0.0,3,-0.389491,3.0,12933.8,144.164,-14.8241,-4.17495,6.25719,10.2725,16.3454,43.9824,41.3822,40.0894,39.4028,38.8041,38.3778,37.9526,37.5288,37.1063,36.5173,35.8478,34.6044,32.1727,28.3241,23.4876,12.1691,0.0557677,131.813,127.658,127.536,122.455
12.130645275115967,0.5845811094777659,0.0,0.0,3,-0.382234,3.0,12869.4,143.505,-15.2247,-4.248,6.02979,9.91819,15.457,43.8087,41.2331,39.9535,39.2743,38.6822,38.2606,37.8402,37.4212,37.0037,36.4217,35.7604,34.5326,32.1332,28.3402,23.5787,12.3996,0.0928631,131.064,126.949,126.886,121.86
12.152045726776123,0.5864580424571783,0.0,0.0,3,-0.374687,3.0,12806.6,142.842,-15.5919,-4.32074,5.8122,9.58444,14.7372,43.6219,41.0698,39.8027,39.1306,38.5448,38.1278,37.712,37.2977,36.8848,36.3095,35.656,34.4434,32.0749,28.3355,23.6467,12.6086,0.128457,130.302,126.222,126.256,121.275
12.170331954956055,0.5883406373761967,0.0,0.0,3,-0.366888,3.0,12742.8,142.177,-15.9356,-4.39766,5.60416,9.26972,14.1229,43.4251,40.8953,39.6403,38.9748,38.395,37.9824,37.5711,37.1613,36.753,36.184,35.538,34.3398,32.0012,28.3132,23.6945,12.7978,0.162538,129.564,125.512,125.634,120.665
12.194532871246338,0.5902317252046243,0.0,0.0,3,-0.358945,3.0,12680.2,141.509,-16.2696,-4.47577,5.40539,8.97173,13.579,43.2234,40.7148,39.4714,38.8123,38.2381,37.8297,37.4227,37.0172,36.6132,36.0505,35.4115,34.227,31.9171,28.2785,23.7268,12.9697,0.195098,128.851,124.814,125.024,120.063
12.209483861923218,0.5921256440028548,0.0,0.0,3,-0.350797,3.0,12618.6,140.84,-16.5791,-4.55016,5.21613,8.69158,13.0988,43.014,40.5255,39.2932,38.6402,38.0715,37.667,37.264,36.8626,36.4629,35.9061,35.2741,34.1026,31.8203,28.2291,23.7424,13.1242,0.226132,128.145,124.13,124.416,119.481
12.231628179550171,0.5940280557104946,0.0,0.0,3,-0.342726,3.0,12557.9,140.168,-16.8539,-4.61433,5.03638,8.42872,12.6729,42.7973,40.3281,39.1064,38.4593,37.8958,37.4951,37.096,36.6985,36.3027,35.7516,35.1262,33.9675,31.7115,28.1661,23.7422,13.2621,0.255658,127.441,123.449,123.811,118.913
12.250236988067627,0.5959332983879373,0.0,0.0,3,-0.334527,3.0,12497.2,139.495,-17.0986,-4.66971,4.8659,8.18207,12.2925,42.5751,40.1244,38.9127,38.2713,37.7129,37.3158,36.9204,36.5267,36.1347,35.589,34.97,33.8235,31.5928,28.0914,23.7283,13.3847,0.283723,126.74,122.768,123.205,118.346
12.268757581710815,0.597844203004986,0.0,0.0,3,-0.3263,3.0,12434.1,138.82,-17.3446,-4.72972,4.70427,7.94972,11.9459,42.3532,39.92,38.7178,38.0817,37.5282,37.1346,36.7428,36.3526,35.9642,35.4237,34.8107,33.6759,31.4694,28.01,23.705,13.4944,0.310323,126.05,122.087,122.604,117.729
12.29113507270813,0.5997579385918379,0.0,0.0,3,-0.318066,3.0,12372.3,138.144,-17.5968,-4.792,4.55143,7.73159,11.6311,42.1321,39.7154,38.5224,37.8912,37.3423,36.9521,36.5636,36.1769,35.792,35.2564,34.6491,33.5254,31.342,27.9229,23.6732,13.592,0.335462,125.378,121.414,122.013,117.124
12.308385848999023,0.6016716741786897,0.0,0.0,3,-0.309687,3.0,12311.6,137.468,-17.823,-4.84874,4.40793,7.53054,11.3583,41.9048,39.5039,38.3196,37.6932,37.1486,36.7616,36.3764,35.993,35.6114,35.0806,34.4788,33.3657,31.2047,27.8244,23.6287,13.6758,0.35913,124.701,120.748,121.415,116.548
12.33055067062378,0.6035825787957385,0.0,0.0,3,-0.301428,3.0,12251.4,136.793,-18.0142,-4.89687,4.27354,7.34636,11.1264,41.6708,39.2849,38.109,37.4873,36.9468,36.5629,36.1807,35.8005,35.4222,34.896,34.2996,33.1967,31.0574,27.7148,23.5716,13.7464,0.381393,124.018,120.083,120.814,115.985
12.348637580871582,0.6054906524429843,0.0,0.0,3,-0.293044,3.0,12191.1,136.119,-18.1764,-4.9393,4.14832,7.17867,10.9339,41.4315,39.0599,37.8921,37.2749,36.7385,36.3574,35.9783,35.6011,35.2259,34.7041,34.1129,33.02,30.9014,27.5953,23.5033,13.8046,0.402259,123.332,119.418,120.205,115.43
12.373563766479492,0.60739872609023,0.0,0.0,3,-0.284689,3.0,12128.6,135.445,-18.3444,-4.98875,4.03163,7.02495,10.7715,41.1938,38.8358,37.6756,37.0627,36.5301,36.1519,35.7756,35.4012,35.0289,34.5113,33.9251,32.8417,30.743,27.4719,23.4288,13.8532,0.421752,122.662,118.755,119.606,114.822
12.391961574554443,0.6093067997374758,0.0,0.0,3,-0.27633,3.0,12068.1,134.771,-18.5103,-5.03781,3.92352,6.88612,10.6438,40.956,38.6109,37.4578,36.849,36.3201,35.9446,35.571,35.1994,34.8299,34.3163,33.7347,32.6605,30.5808,27.3433,23.3474,13.8919,0.43988,122.003,118.102,119.02,114.238
12.411984205245972,0.6112120424149184,0.0,0.0,3,-0.267901,3.0,12008.7,134.098,-18.6427,-5.07722,3.8243,6.76431,10.5623,40.7126,38.3799,37.2337,36.6287,36.1034,35.7304,35.3595,34.9906,34.6238,34.1141,33.537,32.4716,30.4105,27.2056,23.2559,13.9198,0.456658,121.337,117.45,118.431,113.679
12.433981895446777,0.6131116231527552,0.0,0.0,3,-0.259612,3.0,11950.0,133.427,-18.7375,-5.10465,3.73379,6.65946,10.5304,40.4644,38.1434,37.0038,36.4026,35.8806,35.5101,35.1417,34.7755,34.4114,33.9053,33.3326,32.2757,30.2327,27.0597,23.155,13.9372,0.472137,120.665,116.798,117.842,113.132
12.452102899551392,0.6045848627974683,0.0,0.0,3,-0.251281,3.0,11890.9,132.757,-18.806,-5.12544,3.65182,6.57086,10.5505,40.2137,37.9038,36.7706,36.173,35.6542,35.2861,34.9201,34.5564,34.1948,33.6925,33.124,32.0753,30.0497,26.9075,23.0467,13.9455,0.486353,119.995,116.144,117.245,112.59
12.469544172286987,0.6064494653764895,0.0,0.0,3,-0.243071,3.0,11830.1,132.087,-18.886,-5.15185,3.57779,6.49597,10.6193,39.9676,37.6681,36.541,35.9467,35.431,35.0652,34.7015,34.34,33.9809,33.482,32.9176,31.8766,29.8676,26.7548,22.9359,13.9472,0.499326,119.378,115.526,116.663,111.997
12.490219831466675,0.6083085019776628,0.0,0.0,3,-0.234908,3.0,11771.4,131.419,-18.9578,-5.17293,3.51181,6.43648,10.7585,39.7225,37.4328,36.3114,35.7204,35.2076,34.8439,34.4824,34.1232,33.7663,33.2707,32.7102,31.6767,29.6834,26.5988,22.8204,13.9415,0.51107,118.762,114.914,116.091,111.431
12.513736486434937,0.6101619726009885,0.0,0.0,3,-0.226807,3.0,11713.4,130.753,-19.0002,-5.18267,3.45393,6.3938,11.0051,39.4753,37.1951,36.0791,35.4912,34.9812,34.6196,34.2602,33.9031,33.5484,33.0559,32.4991,31.4729,29.4949,26.4378,22.6987,13.928,0.521617,118.132,114.293,115.52,110.882
12.531721115112305,0.6120126602353901,0.0,0.0,3,-0.218907,3.0,11656.0,130.088,-19.0127,-5.18042,3.40388,6.36783,11.4291,39.2267,36.9555,35.8446,35.2597,34.7525,34.3928,34.0354,33.6804,33.3278,32.8384,32.2851,31.266,29.3028,26.2724,22.5716,13.9073,0.531041,117.495,113.667,114.948,110.343
12.549559593200684,0.6138577818919438,0.0,0.0,3,-0.211055,3.0,11598.0,129.425,-19.0076,-5.17312,3.3615,6.35829,12.407,38.9789,36.716,35.61,35.0279,34.5233,34.1655,33.8101,33.4571,33.1065,32.62,32.0701,31.0576,29.1089,26.1042,22.4406,13.8802,0.53937,116.858,113.038,114.371,109.803
12.575275421142578,0.6156973375706498,0.0,0.0,3,-0.20337,3.0,11539.2,128.764,-19.013,-5.16886,3.32624,6.36313,42.7224,38.7367,36.4817,35.3802,34.8007,34.2985,33.9425,33.589,33.2378,32.8892,32.4054,31.8588,30.8525,28.9174,25.9372,22.309,13.8486,0.546636,116.234,112.408,113.806,109.229
12.59887957572937,0.6175368932493559,0.0,0.0,3,-0.195778,3.0,11481.7,128.103,-19.0086,-5.15842,3.29814,6.38429,42.5336,38.4969,36.249,35.152,34.575,34.0749,33.7206,33.3688,33.0195,32.6727,32.1915,31.648,30.6478,28.7256,25.7688,22.1749,13.8117,0.552858,115.614,111.785,113.248,108.675
12.610827445983887,0.619370882950214,0.0,0.0,3,-0.188337,3.0,11424.7,127.444,-18.9827,-5.1388,3.27717,6.42306,42.3601,38.2576,36.0165,34.9236,34.3489,33.851,33.4983,33.1481,32.8005,32.4555,31.9768,31.4363,30.4419,28.5322,25.5981,22.0373,13.7695,0.558072,114.991,111.162,112.689,108.133
12.631449937820435,0.6211993066732244,0.0,0.0,3,-0.181138,3.0,11368.1,126.787,-18.9349,-5.10995,3.26315,6.47998,42.2027,38.019,35.7842,34.6952,34.1229,33.6271,33.2759,32.9272,32.5812,32.2378,31.7616,31.2239,30.2351,28.3374,25.4253,21.8967,13.7223,0.562341,114.373,110.543,112.131,107.598
12.65327501296997,0.623019381429463,0.0,0.0,3,-0.174025,3.0,11311.2,126.133,-18.8735,-5.07747,3.25584,6.55498,42.0633,37.7821,35.5533,34.468,33.8978,33.404,33.0542,32.7071,32.3626,32.0208,31.5468,31.0118,30.0285,28.1423,25.2514,21.754,13.6707,0.565706,113.758,109.925,111.569,107.061
12.673684358596802,0.6248366731967777,0.0,0.0,3,-0.167082,3.0,11253.9,125.48,-18.8158,-5.04548,3.25486,6.64722,41.9474,37.5509,35.327,34.245,33.6768,33.1849,32.8366,32.4908,32.1478,31.8074,31.3356,30.8031,29.8249,27.9497,25.079,21.6114,13.6156,0.568183,113.151,109.311,111.015,106.505
12.689323902130127,0.6266456159973206,0.0,0.0,3,-0.160271,3.0,11197.4,124.83,-18.7497,-5.00804,3.25998,6.75808,41.854,37.3328,35.1039,34.025,33.4586,32.9684,32.6214,32.277,31.9353,31.5964,31.1266,30.5965,29.623,27.7583,24.9069,21.4679,13.5572,0.569817,112.55,108.701,110.467,105.962
12.709487199783325,0.6284517758089397,0.0,0.0,3,-0.153652,3.0,11141.4,124.181,-18.6698,-4.96441,3.27129,6.8898,41.7828,37.1299,34.8828,33.8068,33.2421,32.7535,32.4077,32.0646,31.7242,31.3866,30.9187,30.3909,29.4219,27.5673,24.7344,21.3231,13.4953,0.570618,111.95,108.093,109.92,105.426
12.729935884475708,0.6302468036648631,0.0,0.0,3,-0.147319,3.0,11085.6,123.536,-18.5761,-4.91539,3.28835,7.04294,41.7349,36.9429,34.6636,33.5904,33.0273,32.5402,32.1955,31.8536,31.5144,31.1781,30.7121,30.1865,29.2218,27.3768,24.5618,21.1772,13.4302,0.570678,111.356,107.492,109.374,104.894
12.751209020614624,0.6320362655429387,0.0,0.0,3,-0.141095,3.0,11029.9,122.893,-18.4712,-4.86344,3.31117,7.21893,41.7118,36.7723,34.4465,33.3759,32.8143,32.3286,31.9849,31.6441,31.3061,30.971,30.5068,29.9833,29.0228,27.1869,24.389,21.0303,13.3621,0.570015,110.764,106.895,108.827,104.364
12.7738778591156,0.6338145954653186,0.0,0.0,3,-0.135021,3.0,10974.0,122.254,-18.3629,-4.81022,3.3394,7.41906,41.6975,36.6208,34.2342,33.1648,32.6046,32.1202,31.7775,31.4377,31.1008,30.7668,30.3042,29.7827,28.8261,26.9988,24.2174,20.8836,13.2914,0.568645,110.177,106.3,108.285,103.827
12.7910315990448,0.6355901423987745,0.0,0.0,3,-0.129112,3.0,10918.7,121.616,-18.2488,-4.75298,3.37261,7.64494,41.6784,36.4903,34.0372,32.9579,32.399,31.9158,31.5741,31.2352,30.8992,30.5662,30.1051,29.5855,28.6326,26.8135,24.0476,20.7376,13.2188,0.566618,109.596,105.708,107.748,103.295
12.812512636184692,0.637357340365459,0.0,0.0,2,-0.123392,3.0,10863.7,120.981,-18.1289,-4.69273,3.41071,7.89976,41.6537,36.3815,33.8576,32.7548,32.197,31.715,31.3741,31.0361,30.701,30.369,29.9093,29.3913,28.4419,26.6305,23.8795,20.5923,13.1444,0.56396,109.02,105.12,107.214,102.765
12.829122304916382,0.6500614410219714,0.0,0.0,2,-0.118012,2.0,13636.8,120.375,-18.0005,-4.631,3.45358,8.18779,41.6221,36.2939,33.6951,32.5623,31.9975,31.5165,31.1764,30.8392,30.5051,30.1739,29.7155,29.1991,28.253,26.449,23.7122,20.4468,13.068,0.560721,108.452,104.542,107.642,103.652
12.85355830192566,0.6515986576250196,0.0,0.0,2,-0.112626,2.0,13586.7,119.832,-17.8505,-4.5677,3.50145,8.52065,41.5764,36.2218,33.5445,32.3807,31.8011,31.3155,30.9762,30.6399,30.3066,29.9763,29.5192,29.0044,28.0614,26.2647,23.542,20.2985,12.9885,0.556945,107.86,103.947,107.668,103.914
12.868652582168579,0.65308208580181,0.0,0.0,2,-0.107093,2.0,13573.0,119.308,-17.6665,-4.50365,3.55447,8.91715,41.509,36.1578,33.3995,32.2039,31.6092,31.1115,30.7682,30.4326,30.1002,29.7709,29.3152,28.802,27.8623,26.0732,23.3651,20.144,12.9049,0.552656,107.301,103.397,106.249,102.05
12.88980507850647,0.6660364567638996,0.0,0.0,2,-0.101476,2.0,13325.2,118.686,-17.4531,-4.43748,3.6124,9.3947,41.4248,36.1054,33.2631,32.0346,31.4244,30.9141,30.5624,30.2209,29.8885,29.5601,29.1058,28.5943,27.658,25.8767,23.1833,19.9852,12.8177,0.547871,106.758,102.87,104.525,99.8341
12.911543130874634,0.667982904643286,0.0,0.0,2,-0.0960371,2.0,13181.4,118.01,-17.2448,-4.37283,3.6742,9.97023,41.3406,36.081,33.1484,31.8849,31.2582,30.7345,30.3738,30.0237,29.6839,29.3538,28.9008,28.3909,27.4578,25.6837,23.0045,19.8283,12.7299,0.542618,106.163,102.288,103.483,98.6234
12.933257341384888,0.6813510456818342,0.0,0.0,2,-0.0911889,2.0,13077.9,117.311,-17.0604,-4.30695,3.73907,10.6838,41.2687,36.0991,33.0684,31.7664,31.1215,30.5831,30.2126,29.8531,29.5044,29.1659,28.7084,28.1999,27.2695,25.5016,22.835,19.6786,12.6436,0.536907,105.575,101.687,102.722,97.7786
12.9489004611969,0.6949188482556492,0.0,0.0,2,-0.0869364,2.0,12990.1,116.6,-16.9138,-4.23923,3.80615,11.6544,41.2169,36.1429,33.0336,31.6883,31.0231,30.4683,30.0867,29.7168,29.3581,29.0102,28.5402,28.0264,27.0982,25.3353,22.6789,19.5393,12.5604,0.530786,104.956,101.027,102.082,97.0645
12.972913026809692,0.6970595794120151,0.0,0.0,2,-0.0832849,2.0,12910.0,115.881,-16.804,-4.16396,3.87459,47.5012,41.1874,36.2053,33.0511,31.6568,30.9686,30.3953,30.0013,29.6196,29.2497,28.8911,28.4072,27.8786,26.9459,25.1864,22.538,19.4118,12.4808,0.524299,104.312,100.317,101.504,96.4109
12.98866081237793,0.6992211521790829,0.0,0.0,2,-0.080245,2.0,12830.7,115.155,-16.7293,-4.08187,3.94393,47.4312,41.1798,36.2858,33.1265,31.6764,30.9622,30.368,29.96,29.565,29.1825,28.8119,28.3123,27.767,26.8129,25.0555,22.4123,19.2964,12.405,0.517472,103.69,99.6052,100.938,95.7624
13.0157949924469,0.7130871812247237,0.0,0.0,2,-0.0779146,2.0,12750.3,114.424,-16.7105,-4.0008,4.01333,47.3898,41.1986,36.3889,33.2718,31.7577,31.0137,30.3954,29.9714,29.5612,29.1644,28.7802,28.2625,27.6982,26.7124,24.9458,22.3048,19.1953,12.334,0.51034,103.088,98.8961,100.379,95.0901
13.033318281173706,0.7271380478583525,0.0,0.0,2,-0.0763119,2.0,12669.0,113.688,-16.7485,-3.92383,4.08257,47.3748,41.2424,36.5114,33.4682,31.9052,31.127,30.4813,30.0389,29.6115,29.1982,28.7984,28.2604,27.6746,26.6527,24.8561,22.2146,19.1078,12.2675,0.502928,102.451,98.1473,99.817,94.4061
13.051212787628174,0.7294181237472749,0.0,0.0,2,-0.0754911,2.0,12586.7,112.947,-16.8372,-3.85151,4.15148,47.3842,41.3081,36.6499,33.6773,32.1233,31.306,30.6289,30.1657,29.7185,29.2866,28.8692,28.308,27.6978,26.6352,24.785,22.1405,19.0329,12.2053,0.495279,101.781,97.3657,99.2466,93.7166
13.069178581237793,0.7317105077381618,0.0,0.0,2,-0.0752209,2.0,12503.7,112.202,-16.9683,-3.78314,4.21992,47.4147,41.3915,36.8023,33.8938,32.3798,31.5543,30.8417,30.3547,29.8851,29.432,28.9947,28.4073,27.7695,26.6612,24.738,22.0805,18.9691,12.1469,0.487414,101.127,96.6021,98.6663,93.0242
13.087416172027588,0.7340121228055222,0.0,0.0,2,-0.0753695,2.0,12422.4,111.454,-17.1152,-3.70999,4.28809,47.4598,41.4856,36.961,34.1102,32.6337,31.8299,31.1171,30.6058,30.1109,29.634,29.1741,28.5573,27.8886,26.7291,24.7248,22.0314,18.9137,12.091,0.479356,100.467,95.8484,98.0783,92.3668
13.114003896713257,0.7483965711817145,0.0,0.0,2,-0.0759236,2.0,12337.7,110.702,-17.279,-3.63677,4.35557,47.5187,41.5895,37.1252,34.3261,32.8849,32.1015,31.4074,30.9066,30.4016,29.8985,29.4132,28.7632,28.0597,26.8429,24.7482,21.9931,18.8667,12.0379,0.471148,99.7978,95.0921,97.4659,91.6828
13.12942624092102,0.7629712161933848,0.0,0.0,2,-0.0769709,2.0,12251.3,109.945,-17.4765,-3.56947,4.42178,47.5956,41.7088,37.2994,34.5485,33.1385,32.3742,31.6977,31.2099,30.7184,30.2231,29.7238,29.0362,28.2931,27.0113,24.8146,21.9682,18.8302,11.9885,0.462802,99.0872,94.2959,96.8484,90.977
13.153169631958008,0.765396273109323,0.0,0.0,2,-0.0785911,2.0,12164.0,109.182,-17.7073,-3.50723,4.48659,47.6908,41.8433,37.4837,34.7783,33.3943,32.6477,31.9876,31.5121,31.0331,30.5508,30.065,29.3791,28.5961,27.2401,24.9281,21.9582,18.8042,11.9428,0.45433,98.3433,93.4646,96.2263,90.2622
13.171271324157715,0.7678403999354784,0.0,0.0,2,-0.0807736,2.0,12076.1,108.413,-17.9673,-3.45038,4.54987,47.8032,41.9912,37.6782,35.0135,33.6538,32.9211,32.2758,31.8117,31.3446,30.8743,30.401,29.7331,28.9625,27.5352,25.0924,21.979,18.7885,11.9006,0.445763,97.618,92.6516,95.5973,89.5438
13.195226430892944,0.7703035966718508,0.0,0.0,2,-0.0833662,2.0,11988.1,107.638,-18.2484,-3.39527,4.61137,47.9308,42.1506,37.8807,35.2522,33.9157,33.1959,32.5622,32.1076,31.6512,31.1923,30.7305,30.0795,29.3289,27.9029,25.3115,22.0372,18.7823,11.8618,0.43713,96.8964,91.8474,94.9656,88.8264
13.215529680252075,0.7852497548541303,0.0,0.0,2,-0.0862418,2.0,11902.5,106.857,-18.5239,-3.33275,4.67137,48.0678,42.3155,38.0849,35.4888,34.174,33.4664,32.8437,32.397,31.9488,31.4992,31.0481,30.4127,29.6806,28.2915,25.5866,22.1322,18.7832,11.8257,0.428466,96.1688,91.0512,94.3269,88.154
13.237427711486816,0.7877882046853627,0.0,0.0,2,-0.0894477,2.0,11813.5,106.071,-18.8014,-3.268,4.72951,48.2167,42.4898,38.2935,35.7283,34.4312,33.7353,33.1231,32.684,32.2435,31.8017,31.3586,30.7363,30.0214,28.6664,25.9266,22.2692,18.7925,11.7926,0.419778,95.3844,90.1974,93.6705,87.4482
13.257506132125854,0.7903524911560986,0.0,0.0,2,-0.0931008,2.0,11722.8,105.277,-19.105,-3.20912,4.78509,48.3842,42.6792,38.514,35.9767,34.6951,34.0088,33.4065,32.9747,32.5416,32.1072,31.6716,31.06,30.3587,29.0351,26.3419,22.4569,18.8135,11.7638,0.411083,94.6155,89.3527,93.0137,86.7167
13.269767045974731,0.7929426142663385,0.0,0.0,2,-0.097261,2.0,11631.2,104.475,-19.436,-3.15642,4.83777,48.57,42.8835,38.7467,36.2339,34.9674,34.2891,33.6945,33.2692,32.8431,32.4158,31.9874,31.386,30.6965,29.3986,26.7702,22.7014,18.8607,11.7396,0.40242,93.8595,88.5195,92.3529,85.9734
13.29298210144043,0.7955521148562059,0.0,0.0,2,-0.101957,2.0,11539.0,103.667,-19.7905,-3.10955,4.88755,48.7729,43.1014,38.9903,36.4986,35.2466,34.5762,33.9884,33.568,33.1473,32.7263,32.3048,31.713,31.0348,29.7584,27.1878,23.0088,18.9447,11.7201,0.393809,93.1033,87.688,91.6874,85.2268
13.315228462219238,0.798184222505639,0.399993896484375,0.0,2,-0.107023,2.0,11446.7,102.852,-20.1615,-3.06621,4.93464,19.6798,43.3318,39.2424,36.7705,35.5305,34.8677,34.2865,33.8709,33.4549,33.0387,32.6223,32.0392,31.3716,30.1156,27.594,23.3854,19.0678,11.7047,0.385246,92.3403,86.8551,91.0174,84.4809
13.332497596740723,0.8000799859292184,0.9999847412109375,0.0,2,-0.112039,2.0,12484.1,102.265,-20.509,-3.0162,4.98059,17.6494,43.5565,39.4852,37.0312,35.8007,35.1444,34.5697,34.1587,33.7472,33.3356,32.9238,32.3471,31.6882,30.4515,27.971,23.8208,19.2223,11.6902,0.37679,91.5784,86.0465,95.5219,95.5219
13.350834846496582,0.8008357076346998,0.49999237060546875,0.0,2,-0.116656,2.0,14221.5,102.031,-20.8963,-2.96842,5.02719,16.4476,43.7591,39.7037,37.265,36.0437,35.3922,34.8225,34.4158,34.0088,33.6016,33.1942,32.6237,31.9719,30.7513,28.3085,24.2439,19.4004,11.673,0.368434,90.894,85.3483,108.437,108.437
13.37386965751648,0.8009422837726524,0.49999237060546875,0.0,2,-0.121755,2.0,14060.6,101.998,-21.4523,-2.9275,5.07105,15.5315,43.9805,39.9389,37.5127,36.3004,35.6537,35.0881,34.6843,34.281,33.8779,33.4749,32.9104,32.2654,31.0577,28.65,24.6607,19.6316,11.6608,0.360071,90.4265,84.8044,107.784,107.784
13.39630937576294,0.8010908444497983,0.49999237060546875,0.0,2,-0.126802,2.0,13964.5,101.952,-22.017,-2.89919,5.115,14.8389,44.1964,40.1656,37.7505,36.5459,35.9039,35.3422,34.9413,34.5408,34.1406,33.7409,33.1822,32.5439,31.3485,28.9708,25.0475,19.9044,11.6483,0.351677,90.0881,84.3884,107.04,107.04
13.408886909484863,0.8012426347068821,0.49999237060546875,0.0,2,-0.131202,2.0,13890.4,101.905,-22.5108,-2.88423,5.16274,14.348,44.3727,40.3496,37.9448,36.7458,36.1081,35.5504,35.1524,34.7545,34.3571,33.9602,33.4055,32.7731,31.5898,29.2378,25.3731,20.1949,11.628,0.343253,89.7774,84.0593,106.464,106.464
13.43192982673645,0.8013653587445244,0.49999237060546875,0.0,2,-0.134386,2.0,13840.9,101.867,-22.8878,-2.88084,5.21625,14.0157,44.4906,40.4737,38.0776,36.8839,36.2491,35.695,35.2997,34.9047,34.51,34.1158,33.5649,32.9369,31.7648,29.4365,25.6251,20.4867,11.5956,0.334797,89.461,83.7926,106.076,106.076
13.457484006881714,0.8014493278229112,0.49999237060546875,0.0,2,-0.136268,2.0,13808.6,101.841,-23.1292,-2.88057,5.27594,13.7955,44.5466,40.5348,38.1461,36.9577,36.3257,35.7742,35.3812,34.9889,34.597,34.2056,33.6586,33.035,31.8719,29.5674,25.8059,20.7592,11.5503,0.326319,89.1399,83.5738,105.825,105.825
13.469611167907715,0.8014880827821667,0.49999237060546875,0.0,2,-0.136925,2.0,13789.4,101.829,-23.2311,-2.87495,5.3416,13.6506,44.5444,40.537,38.1546,36.9716,36.3426,35.7936,35.4025,35.0122,34.6229,34.2343,33.6912,33.0721,31.9176,29.6356,25.9216,20.9661,11.4927,0.317818,88.8258,83.3981,105.67,105.67
13.49558973312378,0.8015365264812361,0.49999237060546875,0.0,2,-0.136822,2.0,13786.4,101.814,-23.2247,-2.85636,5.41105,13.536,44.506,40.5018,38.1256,36.9474,36.3214,35.775,35.3857,34.9974,34.61,34.2238,33.6846,33.0701,31.9241,29.6632,25.9941,21.1251,11.4275,0.309299,88.5448,83.2551,105.643,105.643
13.510135173797607,0.8015817406003675,0.49999237060546875,0.0,2,-0.136327,2.0,13787.4,101.8,-23.1701,-2.83583,5.48245,13.4251,44.4486,40.4463,38.0763,36.9021,36.2789,35.7352,35.3479,34.9614,34.576,34.1917,33.6557,33.0457,31.9084,29.6668,26.0404,21.2528,11.3586,0.300781,88.3188,83.144,105.651,105.651
13.532582521438599,0.801610806819809,0.49999237060546875,0.0,2,-0.135653,2.0,13786.3,101.791,-23.0848,-2.8142,5.55509,13.3098,44.3785,40.3774,38.0129,36.8421,36.2216,35.6806,35.2951,34.9106,34.5271,34.1448,33.6116,33.0054,31.8766,29.6531,26.067,21.3561,11.2884,0.292278,88.1482,83.0643,105.643,105.643
13.550063610076904,0.8016172659796849,0.49999237060546875,0.0,2,-0.134837,2.0,13781.5,101.789,-22.9751,-2.79306,5.62889,13.1893,44.2969,40.2965,37.937,36.7695,36.151,35.6125,35.2289,34.8463,34.4648,34.0845,33.554,32.9511,31.8303,29.6244,26.0769,21.4371,11.2263,0.283783,88.0227,83.012,105.608,105.608
13.569071292877197,0.8015881997602433,0.49999237060546875,0.0,2,-0.133766,2.0,13772.1,101.798,-22.8399,-2.7725,5.70392,13.0646,44.2026,40.2026,37.8474,36.6834,36.0669,35.5301,35.1484,34.7678,34.3883,34.0099,33.4823,32.8826,31.7689,29.5806,26.0702,21.4976,11.1745,0.275316,87.9311,82.9839,105.538,105.538
13.595279455184937,0.8015010011019186,0.49999237060546875,0.0,2,-0.132334,2.0,13748.9,101.825,-22.661,-2.74473,5.78079,12.94,44.0909,40.091,37.7397,36.5793,35.9647,35.4298,35.0494,34.6706,34.2931,33.9167,33.392,32.7957,31.6884,29.5176,26.0431,21.5358,11.1322,0.266879,87.8635,82.9798,105.365,105.365
13.612443923950195,0.8013815066442141,0.49999237060546875,0.0,2,-0.130458,2.0,13728.6,101.862,-22.43,-2.71417,5.85998,12.8175,43.9578,39.958,37.6104,36.4537,35.8412,35.3082,34.9293,34.5519,34.1761,33.8018,33.28,32.6871,31.5865,29.4326,25.9934,21.5499,11.0989,0.258487,87.8138,83.0014,105.207,105.207
13.630566358566284,0.8012458642868201,0.49999237060546875,0.0,2,-0.128273,2.0,13713.4,101.904,-22.1667,-2.68658,5.94099,12.6918,43.8099,39.8097,37.4659,36.3127,35.7024,35.1714,34.7938,34.4179,34.0437,33.6712,33.1524,32.563,31.4691,29.3315,25.9266,21.5453,11.0762,0.250126,87.7923,83.0501,105.089,105.089
13.648869514465332,0.8010779261300464,0.49999237060546875,0.0,2,-0.125791,2.0,13702.0,101.956,-21.8839,-2.66817,6.02133,12.562,43.6477,39.6469,37.3072,36.157,35.549,35.02,34.6439,34.2695,33.8968,33.5259,33.0098,32.424,31.3371,29.2152,25.8438,21.5232,11.0645,0.241805,87.7925,83.1176,105.0,105.0
13.67582392692566,0.8008776921738933,0.49999237060546875,0.0,2,-0.123152,2.0,13691.3,102.018,-21.5797,-2.6571,6.0912,12.4285,43.4706,39.4691,37.1337,35.9863,35.3805,34.8536,34.4792,34.1063,33.7353,33.366,32.8523,32.2699,31.19,29.0834,25.7453,21.4839,11.064,0.233519,87.8108,83.2027,104.918,104.918
13.69680666923523,0.8006354736785466,0.49999237060546875,0.0,2,-0.120196,2.0,13679.4,102.093,-21.2505,-2.65173,6.15006,12.2933,43.2778,39.2758,36.9446,35.8001,35.1964,34.6717,34.2988,33.9277,33.5583,33.1908,32.6795,32.1001,31.0275,28.9363,25.6315,21.4277,11.0746,0.225266,87.8455,83.3052,104.827,104.827
13.716341733932495,0.8003383523242548,0.49999237060546875,0.0,2,-0.116883,2.0,13659.6,102.185,-20.8872,-2.64543,6.19859,12.1745,43.0676,39.0656,36.7387,35.5974,34.9955,34.4729,34.1018,33.7324,33.3648,32.9991,32.4904,31.9141,30.8484,28.7732,25.5015,21.3549,11.0963,0.217029,87.8957,83.4259,104.683,104.683
13.733519554138184,0.7999798689511418,0.49999237060546875,0.0,2,-0.113104,2.0,13633.1,102.296,-20.4745,-2.63656,6.23735,12.0814,42.8352,38.8339,36.5115,35.3737,34.7739,34.2533,33.8839,33.5164,33.1506,32.7869,32.281,31.7079,30.649,28.5904,25.3525,21.2635,11.1281,0.20885,87.9627,83.572,104.478,104.478
13.75365924835205,0.7995858601987114,0.49999237060546875,0.0,2,-0.108858,2.0,13612.2,102.418,-20.0251,-2.63681,6.26707,12.0179,42.5801,38.5802,36.2629,35.1289,34.5313,34.0128,33.6451,33.2795,32.9157,32.554,32.0511,31.4815,30.4294,28.3881,25.1844,21.1535,11.1699,0.200666,88.043,83.7431,104.315,104.315
13.776222944259644,0.7991304894274598,0.49999237060546875,0.0,2,-0.104082,2.0,13596.5,102.559,-19.5558,-2.66113,6.28808,11.9898,42.2996,38.3022,35.9904,34.8608,34.2656,33.7494,33.3833,33.0196,32.658,32.2985,31.7987,31.2328,30.1881,28.1644,24.9958,21.0241,11.221,0.192507,88.1343,83.9308,104.193,104.193
13.790673732757568,0.7986008383176352,0.49999237060546875,0.0,2,-0.103791,2.0,13581.4,102.723,-19.0506,-2.70621,6.30161,12.0099,41.9865,37.9931,35.6878,34.5629,33.9706,33.4569,33.0927,32.7309,32.3715,32.0144,31.518,30.9562,29.9193,27.9142,24.7822,20.8714,11.2761,0.184402,88.2356,84.1413,104.079,104.079
13.81958556175232,0.7979839885494858,0.49999237060546875,0.0,2,-0.113062,2.0,13564.0,102.914,-18.4919,-2.76643,6.30842,12.0935,41.6359,37.6483,35.3507,34.2312,33.642,33.1312,32.7692,32.4095,32.0524,31.6978,31.2052,30.6478,29.6196,27.6342,24.5407,20.6932,11.3148,0.177414,88.3446,84.3757,103.946,103.946
13.830610275268555,0.7350270393646974,0.49999237060546875,0.0,2,-0.121496,2.0,13543.9,103.129,-17.8674,-2.83741,6.30902,12.2558,41.2455,37.2659,34.9775,33.8641,33.2784,32.7708,32.4112,32.0541,31.6995,31.3475,30.859,30.3064,29.2877,27.3233,24.2706,20.4892,11.3342,0.171842,88.4695,84.6435,103.788,103.788
13.847889184951782,0.7343690399411135,0.49999237060546875,0.0,2,-0.129187,2.0,13544.4,103.35,-17.2019,-2.93407,6.30321,12.5225,40.8197,36.8502,34.5724,33.4657,32.884,32.38,32.023,31.6686,31.3168,30.9678,30.4836,29.9362,28.9277,26.9857,23.976,20.2631,11.3363,0.167651,88.7889,85.1602,103.784,103.784
13.874126672744751,0.6976189027431607,0.49999237060546875,0.0,2,-0.136438,2.0,13560.6,103.576,-16.5211,-3.05304,6.28956,12.9323,40.3726,36.4148,34.1488,33.0492,32.4718,31.9717,31.6175,31.2661,30.9173,30.5712,30.0915,29.5497,28.552,26.6332,23.668,20.0246,11.3257,0.164838,89.1186,85.6746,103.905,103.905
13.892966032028198,0.6503495410569012,0.49999237060546875,0.0,2,-0.143718,2.0,13574.7,103.796,-15.8191,-3.15046,6.26597,13.5508,39.9259,35.9805,33.7265,32.6343,32.0611,31.565,31.2138,30.8652,30.5195,30.1766,29.7013,29.165,28.1782,26.2826,23.362,19.7873,11.3087,0.163398,89.5968,86.3127,104.018,104.018
13.912981748580933,0.5937868335745298,0.49999237060546875,0.0,2,-0.15167,2.0,13575.7,104.014,-15.1633,-3.23042,6.22939,14.5929,39.5097,35.5755,33.3329,32.2474,31.6784,31.186,30.8375,30.4919,30.149,29.809,29.338,28.8069,27.8304,25.9569,23.0783,19.5681,11.2932,0.163367,90.2456,87.0991,104.031,104.031
13.935745000839233,0.5608848672328144,0.49999237060546875,0.0,2,-0.16024,2.0,13565.7,104.242,-14.5873,-3.31605,6.18047,45.0062,39.1212,35.1969,32.965,31.8857,31.3206,30.8318,30.4859,30.1429,29.8028,29.4655,28.9985,28.4721,27.5055,25.6529,22.814,19.3644,11.2781,0.16474,91.0169,87.9663,103.957,103.957
13.949048519134521,0.560327994587347,0.49999237060546875,0.0,2,-0.169211,2.0,13550.4,104.486,-14.0683,-3.40851,6.12056,44.6375,38.75,34.8349,32.6131,31.5399,30.9784,30.493,30.1497,29.8092,29.4717,29.1372,28.674,28.1521,27.1949,25.3625,22.5615,19.1696,11.2615,0.167513,91.7798,88.7996,103.841,103.841
13.973716020584106,0.5597414524976537,0.49999237060546875,0.0,2,-0.178403,2.0,13533.2,104.743,-13.5835,-3.50624,6.05416,44.2782,38.3877,34.4815,32.2696,31.2022,30.6441,30.1621,29.8212,29.4833,29.1484,28.8165,28.3571,27.8396,26.8914,25.0788,22.3146,18.9783,11.2409,0.171609,92.4052,89.4722,103.709,103.709
13.995686292648315,0.5590727488701045,0.49999237060546875,0.0,2,-0.187568,2.0,13477.1,105.036,-13.0789,-3.57741,5.99477,43.9155,38.0227,34.1257,31.9238,30.8624,30.3077,29.8291,29.4907,29.1554,28.8231,28.4939,28.0383,27.5253,26.586,24.7934,22.0656,18.7843,11.2141,0.177106,92.9223,90.0331,103.304,103.304
14.016837120056152,0.5689817334341692,0.49999237060546875,0.0,2,-0.196164,2.0,13411.2,105.354,-12.4968,-3.63211,5.94676,43.5218,37.6293,33.7439,31.5534,30.4988,29.9479,29.4728,29.1372,28.8047,28.4753,28.149,27.6976,27.1895,26.2597,24.4884,21.799,18.5747,11.1759,0.184029,93.3591,90.5479,102.787,102.787
14.029080867767334,0.5897966486213263,0.49999237060546875,0.0,2,-0.204102,2.0,13377.3,105.667,-11.8427,-3.68879,5.9111,43.0925,37.2039,33.3328,31.1553,30.1084,29.5619,29.0907,28.7581,28.4287,28.1025,27.7794,27.3326,26.8298,25.9103,24.1618,21.5131,18.3485,11.1261,0.192424,93.728,91.005,102.515,102.515
14.056478023529053,0.6110242465338577,0.49999237060546875,0.0,2,-0.212023,2.0,13371.0,105.953,-11.1415,-3.71991,5.88607,42.6606,36.7768,32.9207,30.7566,29.7176,29.1755,28.7083,28.3786,28.0524,27.7294,27.4096,26.9674,26.4701,25.5611,23.8353,21.2271,18.1213,11.0713,0.202214,94.0678,91.4016,102.459,102.459
14.076593160629272,0.6326522282398895,0.49999237060546875,0.0,2,-0.220601,2.0,13378.7,106.219,-10.4956,-3.74347,5.86807,42.2599,36.3788,32.5361,30.3842,29.3525,28.8145,28.351,28.0241,27.7007,27.3807,27.064,26.6262,26.134,25.2348,23.5302,20.9597,17.9091,11.0184,0.213497,94.4059,91.7235,102.515,102.515
14.095475435256958,0.6432835103574519,0.49999237060546875,0.0,2,-0.214076,2.0,13389.0,106.471,-9.94818,-3.76088,5.85409,41.9066,36.0244,32.1919,30.0503,29.025,28.4906,28.0303,27.7057,27.3848,27.0674,26.7534,26.3196,25.8319,24.9414,23.2556,20.719,17.7181,10.9705,0.225774,94.7488,91.965,102.595,102.595
14.115705966949463,0.654020772209242,0.49999237060546875,0.0,2,-0.198574,2.0,13399.0,106.712,-9.51349,-3.77391,5.84321,41.6059,35.7177,31.8918,29.758,28.7379,28.2065,27.7489,27.4263,27.1074,26.792,26.4803,26.0498,25.5661,24.6831,23.0133,20.5064,17.5491,10.9282,0.237143,95.1302,92.1802,102.67,102.67
14.138715028762817,0.6533540843680501,0.49999237060546875,0.0,2,-0.183866,2.0,13380.2,106.96,-9.15654,-3.75708,5.83597,41.352,35.4532,31.6304,29.5021,28.4862,27.9571,27.5017,27.1808,26.8634,26.5498,26.2398,25.812,25.3316,24.4551,22.7986,20.3178,17.3986,10.89,0.24741,95.5115,92.3675,102.544,102.544
14.151237726211548,0.6641020784149071,0.49999237060546875,0.0,2,-0.169489,2.0,13321.8,107.221,-8.75788,-3.65605,5.83459,41.1218,35.2097,31.3882,29.2643,28.2517,27.7249,27.2714,26.9518,26.636,26.3238,26.0153,25.5897,25.1123,24.2418,22.5976,20.1405,17.2563,10.8517,0.256624,95.9178,92.6017,102.105,102.105
14.174293279647827,0.6749805676278285,0.9999847412109375,0.0,2,-0.155552,2.0,13273.2,107.462,-8.32755,-3.4926,5.83781,40.9208,34.9924,31.1698,29.049,28.0389,27.5138,27.062,26.7437,26.429,26.1181,25.811,25.3872,24.9121,24.0468,22.4136,19.9776,17.1247,10.8149,0.264871,96.2964,92.8358,101.725,101.725
14.195251703262329,0.685431577741094,0.49999237060546875,0.0,2,-0.142124,2.0,14409.2,107.881,-8.09044,-3.33256,5.84441,40.7527,34.8042,30.9775,28.8585,27.8497,27.326,26.8754,26.558,26.2444,25.9345,25.6284,25.2062,24.7328,23.8716,22.2479,19.8298,17.0044,10.7795,0.272104,96.6501,93.0514,110.082,110.082
14.214276313781738,0.6839481495643035,0.49999237060546875,0.0,2,-0.13204,2.0,13820.2,108.405,-8.13477,-3.18519,5.84887,40.6664,34.6885,30.8504,28.7287,27.7192,27.1952,26.745,26.4279,26.1146,25.805,25.4992,25.0776,24.6049,23.7452,22.127,19.7198,16.9131,10.7523,0.278247,97.1327,93.2875,106.062,106.062
14.235492944717407,0.6828950287975744,0.49999237060546875,0.0,2,-0.122457,2.0,13544.7,108.777,-8.13029,-3.06241,5.85945,40.5915,34.5819,30.731,28.6055,27.595,27.0706,26.6201,26.3031,25.99,25.6807,25.3752,24.954,24.4818,23.6233,22.0095,19.6119,16.8228,10.7223,0.283483,97.5983,93.568,103.857,103.857
14.257207155227661,0.6820513997962698,0.9999847412109375,0.0,2,-0.111784,2.0,13412.6,109.075,-7.96707,-2.92931,5.8843,40.4656,34.4289,30.569,28.442,27.4318,26.9077,26.4575,26.1408,25.8282,25.5196,25.2148,24.7946,24.3238,23.4677,21.8604,19.4762,16.7095,10.6802,0.287793,97.9266,93.8689,102.824,102.824
14.269441366195679,0.692371090350983,0.49999237060546875,0.0,2,-0.10003,2.0,14482.7,109.54,-7.73007,-2.7402,5.92385,40.2883,34.2297,30.3649,28.2388,27.2303,26.7072,26.258,25.9421,25.6303,25.3225,25.0189,24.6004,24.1315,23.2794,21.6807,19.3141,16.5742,10.6265,0.291217,98.1986,94.236,110.668,110.668
14.293920516967773,0.690856546586845,0.49999237060546875,0.0,2,-0.08936,2.0,13887.3,110.066,-7.70962,-2.57346,5.96389,40.1733,34.0848,30.2092,28.0802,27.0718,26.5489,26.1,25.7843,25.4727,25.1652,24.8619,24.4443,23.9765,23.1267,21.5332,19.1793,16.4596,10.5781,0.293644,98.6228,94.6037,106.561,106.561
14.313405513763428,0.6899063575332984,0.49999237060546875,0.0,2,-0.0792518,2.0,13673.1,110.396,-7.66556,-2.45803,6.0094,40.0741,33.9528,30.0646,27.9317,26.9227,26.3998,25.9509,25.6352,25.3237,25.0164,24.7133,24.2959,23.829,22.9812,21.3922,19.049,16.3475,10.5276,0.295057,99.0655,94.9675,104.818,104.818
14.335412740707397,0.6892354664742791,0.9999847412109375,0.0,2,-0.0704582,2.0,13629.5,110.629,-7.5932,-2.38264,6.06455,39.9605,33.8071,29.9071,27.7712,26.7614,26.2387,25.7901,25.4746,25.1634,24.8563,24.5535,24.1367,23.6703,22.8247,21.241,18.9095,16.227,10.4707,0.295594,99.4128,95.2991,104.444,104.444
14.348949909210205,0.6881326713000114,0.49999237060546875,0.0,2,-0.0618422,2.0,14833.1,111.012,-7.67255,-2.32556,6.12643,39.8596,33.6717,29.758,27.6183,26.6072,26.0842,25.6357,25.3203,25.0093,24.7024,24.3998,23.9833,23.5174,22.6732,21.0942,18.7727,16.1076,10.4115,0.295268,99.723,95.5998,113.311,113.311
14.375449419021606,0.6865691784028118,0.49999237060546875,0.0,2,-0.0545497,2.0,14185.8,111.555,-7.93227,-2.19262,6.18731,39.8339,33.6011,29.6657,27.5175,26.503,25.9783,25.5287,25.2128,24.9012,24.5938,24.2907,23.8736,23.4072,22.562,20.9837,18.6657,16.0108,10.3581,0.293953,100.17,95.9122,108.885,108.885
14.389419317245483,0.6855585227731305,0.49999237060546875,0.0,2,-0.0473652,2.0,13883.8,111.906,-8.01736,-2.01733,6.25459,39.8187,33.5382,29.5795,27.4218,26.4035,25.877,25.4258,25.109,24.7967,24.4888,24.1851,23.7673,23.3001,22.4538,20.8751,18.5596,15.9139,10.3019,0.291758,100.635,96.2671,106.458,106.458
14.415469884872437,0.6849049078787212,0.9999847412109375,0.0,2,-0.0395777,2.0,13804.1,112.133,-8.0169,-1.87997,6.33237,39.7746,33.4489,29.4692,27.3029,26.2818,25.754,25.3017,24.9841,24.6711,24.3627,24.0588,23.6406,23.1731,22.3265,20.7484,18.4381,15.804,10.2384,0.288771,100.971,96.5881,105.786,105.786
14.42812967300415,0.6838625792805881,0.49999237060546875,0.0,2,-0.0328081,2.0,15008.6,112.495,-8.15673,-1.78716,6.41721,39.7307,33.3586,29.3573,27.1819,26.158,25.6288,25.1754,24.8571,24.5434,24.2343,23.9298,23.5113,23.0436,22.1967,20.6189,18.3138,15.691,10.1711,0.28496,101.241,96.8725,114.644,114.644
14.452813863754272,0.6825582288525378,0.49999237060546875,0.0,2,-0.0281932,2.0,14471.8,112.948,-8.5738,-1.71264,6.49742,39.7736,33.342,29.3098,27.1201,26.0903,25.5584,25.1028,24.7829,24.4677,24.1572,23.8513,23.4309,22.9614,22.112,20.5301,18.2227,15.6025,10.1099,0.280282,101.641,97.1454,111.037,111.037
14.475231647491455,0.6816195572420645,0.49999237060546875,0.0,2,-0.0239565,2.0,14187.7,113.274,-8.93861,-1.62698,6.58185,39.842,33.346,29.2793,27.0736,26.0366,25.5016,25.0434,24.7217,24.4048,24.0925,23.785,23.3622,22.8904,22.0374,20.4501,18.1381,15.5177,10.0473,0.274791,102.023,97.3968,108.812,108.812
14.498024940490723,0.6809141138538253,0.49999237060546875,0.0,2,-0.018667,2.0,14043.1,113.519,-9.06173,-1.48601,6.68161,39.8553,33.3007,29.2037,26.985,25.9424,25.4047,24.9446,24.6217,24.3035,23.9901,23.6814,23.2572,22.7837,21.9282,20.3385,18.0258,15.4106,9.97427,0.26859,102.277,97.6575,107.639,107.639
14.510185480117798,0.6804246225232105,0.9999847412109375,0.0,2,-0.0125501,2.0,14022.8,113.689,-9.06106,-1.35768,6.79377,39.8248,33.2163,29.0929,26.8634,25.8165,25.2767,24.8149,24.4911,24.1722,23.858,23.5487,23.1236,22.6492,21.7923,20.2023,17.8922,15.2867,9.89324,0.261763,102.446,97.9105,107.449,107.449
14.531694173812866,0.6794917096342736,0.49999237060546875,0.0,2,-0.00661922,2.0,15265.7,114.013,-9.21061,-1.27046,6.91156,39.7987,33.1345,28.9838,26.7427,25.6914,25.1494,24.6859,24.3609,24.041,23.7261,23.416,22.99,22.5148,21.6564,20.0655,17.7578,15.1616,9.80971,0.254232,102.608,98.1381,116.6,116.6
14.551205158233643,0.6782794987508096,0.49999237060546875,0.0,2,-0.00356412,2.0,14740.4,114.434,-9.64522,-1.20044,7.02166,39.8655,33.1311,28.9427,26.6836,25.6251,25.0795,24.6129,24.2858,23.9638,23.647,23.3352,22.9071,22.4296,21.5673,19.9698,17.6575,15.0615,9.73275,0.24592,102.929,98.3629,113.094,113.094
14.572235107421875,0.6774646396533742,0.49999237060546875,0.0,2,-0.00101304,2.0,14487.7,114.717,-10.072,-1.14918,7.13335,39.9663,33.1552,28.9246,26.6449,25.5779,25.0281,24.558,24.2284,23.9041,23.5849,23.2708,22.8398,22.3594,21.4923,19.8865,17.5665,14.9674,9.65525,0.236912,103.257,98.5719,111.081,111.081
14.595547199249268,0.6767966279551232,0.49999237060546875,0.0,2,0.00229287,2.0,14325.5,114.949,-10.3267,-1.05408,7.25763,40.0266,33.1426,28.873,26.5751,25.5002,24.9469,24.4738,24.1422,23.8159,23.4947,23.1789,22.7454,22.2624,21.3915,19.7797,17.455,14.8565,9.56947,0.227288,103.475,98.7668,109.815,109.815
14.614074468612671,0.6763244127891181,0.49999237060546875,0.0,2,0.00671029,2.0,14273.8,115.113,-10.3711,-0.932091,7.39772,40.0238,33.0744,28.7712,26.459,25.3779,24.8219,24.3468,24.0138,23.6861,23.3637,23.0466,22.6116,22.1268,21.2537,19.6396,17.3151,14.7231,9.47428,0.217139,103.595,98.9754,109.382,109.382
14.639557600021362,0.6759443371676995,0.49999237060546875,0.0,2,0.0117137,2.0,14288.0,115.245,-10.3739,-0.848148,7.54884,39.9878,32.9766,28.6429,26.318,25.2319,24.6734,24.1965,23.8625,23.5339,23.2106,22.8927,22.4565,21.9707,21.0958,19.4812,17.1595,14.5775,9.37343,0.206477,103.677,99.168,109.476,109.476
14.655349493026733,0.6755815377108908,0.49999237060546875,0.0,2,0.0162144,2.0,14320.7,115.371,-10.3813,-0.795736,7.70846,39.9377,32.8655,28.5022,26.1652,25.0745,24.5138,24.0352,23.7001,23.3707,23.0467,22.728,22.291,21.8044,20.9283,19.3138,16.9959,14.4257,9.26886,0.195278,103.749,99.3355,109.724,109.724
14.670973539352417,0.6752101001717772,0.49999237060546875,0.0,2,0.0203018,2.0,14352.4,115.5,-10.401,-0.762697,7.87515,39.8818,32.7482,28.3555,26.0064,24.9113,24.3485,23.8682,23.5321,23.2016,22.8769,22.5577,22.1199,21.6326,20.7555,19.1411,16.828,14.27,9.16141,0.183623,103.825,99.483,109.969,109.969
14.699622869491577,0.6747695579742237,0.49999237060546875,0.0,2,0.0245535,2.0,14349.2,115.653,-10.3961,-0.714128,8.04852,39.817,32.6222,28.2005,25.8394,24.7402,24.1756,23.6938,23.3566,23.0253,22.6997,22.3799,21.9415,21.4536,20.576,18.9619,16.6546,14.1097,9.0508,0.171523,103.908,99.6237,109.972,109.972
14.713178396224976,0.6857110786314805,0.49999237060546875,0.0,2,0.0294631,2.0,14326.1,115.822,-10.2627,-0.622643,8.23512,39.7117,32.4604,28.0137,25.6432,24.5411,23.9753,23.4926,23.1549,22.8231,22.4971,22.1769,21.7384,21.2507,20.3738,18.7623,16.4642,13.9361,8.93423,0.158997,103.979,99.7859,109.782,109.782
14.735762357711792,0.6852659980348745,0.49999237060546875,0.0,2,0.0347314,2.0,14330.5,115.974,-10.0757,-0.533271,8.43177,39.5843,32.279,27.8092,25.4308,24.3263,23.7597,23.2765,22.9386,22.6065,22.2804,21.9602,21.5216,21.0343,20.1588,18.5515,16.2643,13.755,8.81437,0.146076,104.029,99.9201,109.806,109.806
14.757007837295532,0.6848297019237279,0.49999237060546875,0.0,2,0.040148,2.0,14352.5,116.123,-9.90852,-0.477277,8.63681,39.4458,32.0872,27.595,25.2096,24.1029,23.5357,23.0523,22.7142,22.3821,22.056,21.7359,21.2975,20.8106,19.9369,18.3345,16.0591,13.5697,8.69238,0.132746,104.111,100.072,109.971,109.971
14.777625322341919,0.6843875494889419,0.49999237060546875,0.0,2,0.0445701,2.0,14376.7,116.274,-9.76368,-0.444993,8.84862,39.3014,31.8895,27.3752,24.9831,23.8742,23.3065,22.8228,22.4847,22.1527,21.8267,21.5067,21.0688,20.5824,19.7103,18.1136,15.8505,13.3817,8.56855,0.119031,104.216,100.23,110.157,110.157
14.78910517692566,0.6839190435977777,0.49999237060546875,0.0,2,0.0490829,2.0,14397.0,116.434,-9.63531,-0.429421,9.06747,39.1509,31.6856,27.1496,24.7509,23.6403,23.0719,22.588,22.25,21.9181,21.5923,21.2726,20.8352,20.3495,19.4792,17.8884,15.6381,13.191,8.44269,0.104954,104.338,100.396,110.315,110.315
14.81364393234253,0.6833480520429214,0.49999237060546875,0.0,2,0.0539562,2.0,14368.9,116.629,-9.44266,-0.379542,9.29818,38.9761,31.4603,26.905,24.5013,23.3897,22.8211,22.3374,21.9996,21.6681,21.3429,21.0238,20.5872,20.1027,19.235,17.6515,15.416,12.9929,8.3133,0.090517,104.462,100.572,110.116,110.116
14.835874080657959,0.6828034139444431,0.9999847412109375,0.0,2,0.0594112,2.0,14358.3,116.815,-9.1497,-0.30961,9.54527,38.7619,31.201,26.6309,24.2248,23.1138,22.5458,22.0627,21.7255,21.3948,21.0705,20.7524,20.3174,19.8348,18.971,17.3968,15.18,12.7844,8.17946,0.0757478,104.588,100.787,110.026,110.026
14.8493971824646,0.6817492756893238,0.49999237060546875,0.0,2,0.0646216,2.0,15588.6,117.175,-9.01102,-0.25514,9.79504,38.5629,30.9536,26.3667,23.957,22.846,22.2784,21.7958,21.4591,21.1289,20.8053,20.4881,20.0544,19.5736,18.7133,17.1476,14.9484,12.579,8.04585,0.0606054,104.769,101.02,119.083,119.083
14.877844095230103,0.6803964649285873,0.49999237060546875,0.0,2,0.0677316,2.0,15031.0,117.637,-9.17666,-0.213859,10.0218,38.4821,30.7996,26.1813,23.7594,22.6446,22.0752,21.5914,21.2538,20.9229,20.5987,20.281,19.847,19.366,18.506,16.9423,14.7518,12.3985,7.91919,0.0449066,105.136,101.282,115.332,115.332
14.893112659454346,0.6794565249844392,0.49999237060546875,0.0,2,0.0696542,2.0,14757.3,117.958,-9.34108,-0.18921,10.2424,38.4577,30.6792,26.0233,23.5859,22.4655,21.8937,21.4079,21.0691,20.737,20.4116,20.093,19.6578,19.1759,18.315,16.7512,14.5659,12.2252,7.79364,0.0287851,105.535,101.552,113.152,113.152
14.90780520439148,0.6787684069567919,0.49999237060546875,0.0,2,0.0720045,2.0,14637.1,118.193,-9.41704,-0.172842,10.4758,38.4176,30.5334,25.8423,23.3913,22.266,21.6922,21.2049,20.8652,20.5323,20.2062,19.8868,19.4509,18.9684,18.1074,16.5454,14.3677,12.0424,7.66387,0.0123043,105.846,101.808,112.204,112.204
14.936485528945923,0.6781534929746389,0.49999237060546875,0.0,2,0.0753466,2.0,14575.9,118.403,-9.3274,-0.133201,10.7333,38.3168,30.329,25.6103,23.1508,22.0228,21.4483,20.9607,20.6208,20.2878,19.9618,19.6426,19.207,18.7251,17.866,16.3099,14.1455,11.8421,7.52745,-0.00448227,106.056,102.061,111.704,111.704
14.953881025314331,0.6776498491416375,0.9999847412109375,0.0,2,0.0793263,2.0,14574.9,118.575,-9.12776,-0.0864114,11.0084,38.1774,30.0858,25.3449,22.88,21.7509,21.1765,20.6893,20.3498,20.0174,19.6919,19.3734,18.9388,18.4584,17.6024,16.0551,13.9078,11.6306,7.38669,-0.0215422,106.229,102.324,111.68,111.68
14.969209671020508,0.6766572022847335,0.49999237060546875,0.0,2,0.0829641,2.0,15834.7,118.914,-9.0948,-0.0593803,11.2815,38.0756,29.8606,25.094,22.6219,21.4911,20.916,20.4287,20.0895,19.7573,19.4322,19.1142,18.6804,18.201,17.3476,15.8078,13.6759,11.4234,7.24651,-0.0389074,106.43,102.573,120.957,120.957
15.00159239768982,0.675357098436753,0.49999237060546875,0.0,2,0.0841333,2.0,15285.0,119.358,-9.37101,-0.0370714,11.5203,38.1375,29.7393,24.9293,22.4395,21.3022,20.7242,20.2345,19.8938,19.5604,19.2343,18.9153,18.4804,17.9999,17.1451,15.6055,13.4793,11.2408,7.11288,-0.0567417,106.8,102.83,117.278,117.278
15.013728380203247,0.6744610809199015,0.49999237060546875,0.0,2,0.0843713,2.0,15008.7,119.664,-9.65317,-0.0244672,11.7449,38.2899,29.6615,24.7996,22.2873,21.1413,20.5593,20.0662,19.7233,19.388,19.0601,18.7396,18.3027,17.8203,16.9625,15.4196,13.2953,11.0666,6.98082,-0.0749168,107.196,103.081,115.082,115.082
15.037696838378906,0.6737934600249927,0.49999237060546875,0.0,2,0.0849911,2.0,14868.8,119.892,-9.82929,-0.000994183,11.9797,38.4405,29.5604,24.6487,22.1153,20.9616,20.3759,19.88,19.5352,19.1981,18.8686,18.5467,18.1083,17.6243,16.7645,15.22,13.1,10.8836,6.84513,-0.0933863,107.498,103.313,113.975,113.975
15.051310539245605,0.6732605345737934,0.49999237060546875,0.0,2,0.0865351,2.0,14816.6,120.074,-9.84682,0.0352547,12.238,38.5354,29.4027,24.449,21.8993,20.7403,20.1523,19.6547,19.3088,18.9708,18.6405,18.3178,17.8788,17.3946,16.5349,14.9929,12.8828,10.6848,6.70397,-0.112066,107.695,103.54,113.545,113.545
15.08185338973999,0.6728271666244665,0.49999237060546875,0.0,2,0.0885855,2.0,14820.6,120.222,-9.78726,0.0644791,12.5107,38.6088,29.2132,24.2213,21.6583,20.495,19.9055,19.4069,19.0605,18.7219,18.3913,18.0684,17.6293,17.1453,16.2871,14.7502,12.6533,10.4772,6.55969,-0.130925,107.846,103.758,113.562,113.562
15.09401535987854,0.6724142958078781,0.49999237060546875,0.0,2,0.0907161,2.0,14843.0,120.363,-9.72462,0.0741797,12.7903,38.6923,29.0118,23.9825,21.4071,20.2398,19.6491,19.1498,18.8029,18.4641,18.1334,17.8105,17.3714,16.8879,16.0317,14.5009,12.4185,10.2661,6.41389,-0.149968,107.979,103.954,113.73,113.73
15.117501258850098,0.6719955686676502,0.49999237060546875,0.0,2,0.0922105,2.0,14866.3,120.506,-9.67378,0.0712708,13.072,38.8029,28.8072,23.7398,21.152,19.9808,19.3888,18.8887,18.5416,18.2026,17.8717,17.5489,17.1101,16.6271,15.7727,14.2487,12.1813,10.0535,6.26732,-0.169169,108.112,104.134,113.91,113.91
15.130248546600342,0.6715592725565036,0.49999237060546875,0.0,2,0.0937201,2.0,14883.8,120.655,-9.63157,0.0629159,13.3558,38.9455,28.6001,23.494,20.8934,19.7184,19.1249,18.6241,18.2767,17.9376,17.6068,17.284,16.8456,16.3633,15.5108,13.9938,11.942,9.83938,6.12012,-0.188511,108.244,104.3,114.052,114.052
15.153584480285645,0.6710556287235021,0.49999237060546875,0.0,2,0.0954816,2.0,14868.8,120.827,-9.53421,0.082609,13.6485,39.0953,28.3755,23.2325,20.6206,19.4426,18.8481,18.3468,17.9993,17.6603,17.3298,17.0074,16.5698,16.0886,15.2389,13.7302,11.6961,9.6207,5.97147,-0.207974,108.37,104.465,113.94,113.94
15.178410053253174,0.670575410185059,0.9999847412109375,0.0,2,0.0975949,2.0,14869.6,120.991,-9.37766,0.110441,13.9538,39.2398,28.1264,22.9499,20.3286,19.1488,18.554,18.0527,17.7055,17.367,17.0371,16.7155,16.2792,15.7997,14.954,13.4553,11.442,9.39633,5.82108,-0.227548,108.494,104.648,113.941,113.941
15.19161057472229,0.6808388515401352,0.49999237060546875,0.0,2,0.0993764,2.0,16133.6,121.329,-9.37629,0.129158,14.2498,39.4704,27.8971,22.6823,20.0492,18.8666,18.271,17.7693,17.4219,17.0835,16.7539,16.4329,15.9976,15.5195,14.677,13.187,11.1931,9.17558,5.67168,-0.24725,108.661,104.84,123.246,123.246
15.215729713439941,0.679528807438882,0.49999237060546875,0.0,2,0.0991709,2.0,15577.4,121.769,-9.67826,0.139991,14.4932,39.9981,27.7805,22.5009,19.8436,18.6526,18.0532,17.5486,17.1994,16.8593,16.5283,16.2061,15.7695,15.2904,14.447,12.9581,10.9735,8.97428,5.5269,-0.267296,108.961,105.013,119.521,119.521
15.229008674621582,0.6786236860598344,0.49999237060546875,0.0,2,0.0979711,2.0,15293.4,122.073,-9.97565,0.140741,14.7157,40.7158,27.7199,22.3495,19.6626,18.4608,17.8565,17.348,16.9963,16.654,16.3209,15.9967,15.5579,15.0769,14.2309,12.7407,10.7619,8.77809,5.38272,-0.287554,109.296,105.203,117.266,117.266
15.253467321395874,0.6779746187551227,0.49999237060546875,0.0,2,0.0972797,2.0,15161.6,122.291,-10.1649,0.138249,14.9537,41.4741,27.6408,22.1677,19.4542,18.2426,17.6342,17.1227,16.769,16.4249,16.0902,15.7647,15.3242,14.8418,13.9949,12.506,10.5367,8.57253,5.23541,-0.307965,109.55,105.394,116.22,116.22
15.276304006576538,0.6887229050604379,0.49999237060546875,0.0,2,0.0976168,2.0,15105.5,122.473,-10.194,0.143517,15.2243,42.1786,27.5015,21.9265,19.1934,17.9754,17.3647,16.8517,16.4972,16.1525,15.8173,15.4915,15.0509,14.5687,13.7236,12.2417,10.289,8.3519,5.08379,-0.328453,109.712,105.59,115.761,115.761
15.289121627807617,0.6882688559332614,0.49999237060546875,0.0,2,0.0987112,2.0,15103.7,122.623,-10.104,0.151543,15.5195,42.8618,27.3169,21.64,18.8927,17.671,17.0593,16.5461,16.1917,15.8472,15.5124,15.1872,14.7477,14.2671,13.426,11.9553,10.025,8.12054,4.92932,-0.348991,109.791,105.749,115.733,115.733
15.313832759857178,0.6878420497537155,0.49999237060546875,0.0,2,0.100069,2.0,15120.5,122.764,-9.98814,0.148244,15.8236,43.6188,27.1222,21.3352,18.5754,17.3511,16.7389,16.2259,15.8719,15.528,15.1941,14.8698,14.4319,13.9535,13.1173,11.6597,9.75459,7.88505,4.77387,-0.369588,109.878,105.914,115.859,115.859
15.32948350906372,0.687418270568351,0.49999237060546875,0.0,2,0.101038,2.0,15138.8,122.904,-9.87571,0.137134,16.1289,44.513,26.935,21.0241,18.2518,17.0252,16.4126,15.8998,15.5464,15.2033,14.8703,14.5472,14.1111,13.6352,12.8044,11.3606,9.48193,7.64827,4.61825,-0.390224,109.982,106.076,115.999,115.999
15.36059832572937,0.6869854104004428,0.49999237060546875,0.0,2,0.101822,2.0,15153.5,123.047,-9.77282,0.121627,16.4326,45.5914,26.7618,20.7097,17.9246,16.6957,16.0829,15.5703,15.2174,14.8751,14.5431,14.2212,13.7871,13.3138,12.4887,11.0592,9.20796,7.41082,4.46258,-0.410871,110.105,106.238,116.114,116.114
15.376672506332397,0.6978539962593311,0.49999237060546875,0.0,2,0.102682,2.0,15146.9,123.205,-9.6513,0.121051,16.7375,46.8725,26.5961,20.3868,17.5892,16.3584,15.7456,15.2335,14.8811,14.5397,14.209,13.8885,13.4567,12.9863,12.1676,10.7532,8.93108,7.17168,4.3067,-0.431524,110.235,106.399,116.073,116.073
15.395789623260498,0.6973555181297691,0.49999237060546875,0.0,2,0.103844,2.0,15141.7,123.367,-9.48073,0.130346,17.0535,48.3323,26.4173,20.0417,17.2341,16.0029,15.3908,14.8799,14.5287,14.1886,13.8594,13.5408,13.1119,12.6452,11.8342,10.4374,8.64736,6.92856,4.15014,-0.452182,110.327,106.527,116.029,116.029
15.414494514465332,0.6968816562041361,0.49999237060546875,0.0,2,0.105146,2.0,15146.6,123.521,-9.28273,0.143778,17.3738,50.0733,26.2413,19.6847,16.8679,15.6372,15.0264,14.5171,14.1673,13.8288,13.5014,13.1849,12.7593,12.2968,11.4945,10.1168,8.36069,6.68426,3.99396,-0.472786,110.443,106.679,116.063,116.063
15.433656692504883,0.6964077942785032,0.9999847412109375,0.0,2,0.106498,2.0,15157.5,123.675,-9.09685,0.144442,17.6949,52.2116,26.0771,19.3192,16.494,15.2641,14.6549,14.1474,13.7992,13.4626,13.1373,12.823,12.4009,11.943,11.1499,9.7927,8.07186,6.43917,3.83796,-0.493399,110.577,106.842,116.145,116.145
15.457438945770264,0.6953646826370122,0.49999237060546875,0.0,2,0.106898,2.0,16430.3,124.014,-9.08482,0.137305,17.9957,55.1151,25.9774,18.972,16.1344,14.9035,14.2951,13.7889,13.4419,13.1068,12.7832,12.4707,12.0516,11.5976,10.8131,9.4751,7.78785,6.19765,3.68312,-0.514035,110.756,107.021,125.518,125.518
15.475173950195312,0.6939954062934623,0.49999237060546875,0.0,2,0.105539,2.0,15860.8,124.459,-9.38175,0.128065,18.2155,59.9713,26.1079,18.7195,15.8516,14.6116,13.9999,13.4917,13.1437,12.8078,12.4837,12.1711,11.7522,11.299,10.5179,9.19074,7.52696,5.97071,3.53149,-0.534838,111.101,107.23,121.699,121.699
15.490646600723267,0.6930015270598294,0.49999237060546875,0.0,2,0.103674,2.0,15543.5,124.782,-9.63884,0.133176,18.4082,67.3754,26.3624,18.4976,15.5859,14.3336,13.7175,13.2062,12.8564,12.5192,12.194,11.8807,11.4613,11.0082,10.229,8.911,7.26902,5.7453,3.37986,-0.555749,111.466,107.45,119.193,119.193
15.517678022384644,0.6923184274008,0.49999237060546875,0.0,2,0.102549,2.0,15405.7,125.004,-9.74091,0.139816,18.6203,135.204,26.5985,18.2356,15.2755,14.0145,13.3954,12.8826,12.5322,12.1946,11.8696,11.5566,11.1382,10.6868,9.91238,8.60875,6.99541,5.50997,3.22586,-0.576683,111.739,107.677,118.083,118.083
15.530244827270508,0.6918076411692736,0.49999237060546875,0.0,2,0.102281,2.0,15369.0,125.17,-9.70731,0.142199,18.8396,129.899,26.7924,17.9228,14.9148,13.6492,13.0293,12.5169,12.1673,11.8309,11.5072,11.196,10.7803,10.3327,9.56663,8.28329,6.70622,5.26527,3.07023,-0.597554,111.93,107.902,117.774,117.774
15.553638696670532,0.6913614724730607,0.49999237060546875,0.0,2,0.102421,2.0,15375.0,125.315,-9.61134,0.13063,19.0521,124.993,26.9837,17.5759,14.519,13.2517,12.6327,12.1219,11.774,11.4397,11.1184,10.8098,10.3983,9.95597,9.20087,7.94211,6.40685,5.01488,2.91378,-0.618378,112.074,108.115,117.811,117.811
15.577196836471558,0.6909276118788124,0.49999237060546875,0.0,2,0.102401,2.0,15390.7,125.456,-9.49386,0.112172,19.2456,120.337,27.2262,17.214,14.1031,12.8357,12.2183,11.7099,11.3643,11.0326,10.7143,10.409,10.0025,9.56627,8.82378,7.59234,6.10239,4.76215,2.75739,-0.639116,112.207,108.317,117.93,117.93
15.59204888343811,0.6904783661571082,0.49999237060546875,0.0,2,0.102436,2.0,15398.8,125.602,-9.36995,0.0969864,19.415,115.858,27.5658,16.8477,13.6747,12.4079,11.7927,11.2871,10.944,10.6153,10.3004,9.99874,9.59775,9.16834,8.43964,7.23757,5.79526,4.50862,2.60146,-0.659751,112.344,108.506,118.004,118.004
15.615167617797852,0.6899891191040197,0.9999847412109375,0.0,2,0.102647,2.0,15391.6,125.761,-9.20598,0.100202,19.5671,111.593,28.0041,16.4672,13.2267,11.9619,11.3498,10.8479,10.5079,10.1827,9.87177,9.57443,9.17985,8.75826,8.0451,6.87536,5.48389,4.25341,2.44578,-0.680281,112.484,108.694,117.944,117.944
15.637394189834595,0.6889429304370377,0.49999237060546875,0.0,2,0.102557,2.0,16658.2,126.101,-9.17989,0.10927,19.6848,107.36,28.6935,16.1082,12.7817,11.5178,10.9084,10.4099,10.0729,9.75105,9.44387,9.15075,8.76256,8.34877,7.65132,6.51432,5.17397,3.99987,2.29107,-0.700738,112.661,108.893,127.268,127.268
15.652493715286255,0.6875859621954524,0.49999237060546875,0.0,2,0.100639,2.0,16075.0,126.542,-9.46849,0.117815,19.7145,102.641,30.201,15.8981,12.4131,11.1391,10.5269,10.0275,9.69056,9.36942,9.06343,8.77194,8.38698,7.97778,7.29066,6.17825,4.88026,3.75609,2.13864,-0.7213,113.014,109.116,123.341,123.341
15.678495645523071,0.6866782396755708,0.49999237060546875,0.0,2,0.0978162,2.0,15780.6,126.837,-9.7506,0.122593,19.7054,97.8725,32.6109,15.7647,12.066,10.7739,10.157,9.65504,9.31719,8.9958,8.69013,8.39959,8.01678,7.6113,6.93339,5.84438,4.58796,3.51322,1.98671,-0.741887,113.392,109.341,121.001,121.001
15.689283847808838,0.6860689886283284,0.49999237060546875,0.0,2,0.0952308,2.0,15658.5,127.035,-9.9295,0.118143,19.7007,93.4365,36.0011,15.6166,11.686,10.3705,9.75036,9.24743,8.9098,8.58932,8.2852,7.99676,7.61777,7.21774,6.5524,5.4926,4.28463,3.26424,1.83401,-0.762374,113.673,109.552,120.015,120.015
15.711864948272705,0.6855797415752399,0.49999237060546875,0.0,2,0.0934631,2.0,15613.7,127.194,-9.9855,0.112056,19.7112,89.4234,40.8264,15.4125,11.2488,9.91034,9.29022,8.78914,8.45379,8.13629,7.83577,7.55148,7.17903,6.78731,6.13965,5.11761,3.9674,3.00794,1.68044,-0.782728,113.856,109.75,119.658,119.658
15.735161066055298,0.6851243418025535,0.49999237060546875,0.0,2,0.0925581,2.0,15602.0,127.342,-9.91686,0.109356,19.7365,85.8179,48.2279,15.1333,10.745,9.38899,8.7728,8.27707,7.94648,7.63439,7.33993,7.06206,6.69938,6.31949,5.69518,4.72016,3.63742,2.74553,1.52637,-0.802926,113.971,109.942,119.555,119.555
15.748146772384644,0.6847089433612519,0.49999237060546875,0.0,2,0.0921242,2.0,15611.6,127.477,-9.77182,0.111683,19.7624,82.4792,121.644,14.8107,10.1907,8.82217,8.21291,7.72527,7.40138,7.09672,6.81018,6.54079,6.19041,5.8252,5.22886,4.30813,3.30005,2.4803,1.37271,-0.822948,114.071,110.139,119.624,119.624
15.77424430847168,0.6842966219454414,0.9999847412109375,0.0,2,0.0917956,2.0,15624.5,127.611,-9.61847,0.108893,19.777,79.2887,117.202,14.4843,9.60106,8.22281,7.62249,7.14493,6.82928,6.53354,6.2565,5.99702,5.66107,5.31269,4.74818,3.88728,2.95914,2.21448,1.22008,-0.842802,114.182,110.325,119.723,119.723
15.796298742294312,0.6832965886608263,0.49999237060546875,0.0,2,0.0907409,2.0,16913.9,127.936,-9.6467,0.090625,19.7656,76.0997,112.771,14.2314,8.99819,7.60691,7.01577,6.54897,6.24222,5.95615,5.68943,5.44073,5.12049,4.79043,4.2601,3.46255,2.6176,1.94957,1.06871,-0.862523,114.333,110.511,129.222,129.222
15.816741704940796,0.6819026961133473,0.49999237060546875,0.0,2,0.0882966,2.0,16333.1,128.389,-9.99794,0.0301791,19.7056,72.6815,108.069,14.2364,8.42118,6.99855,6.41228,5.95411,5.6552,5.37804,5.12109,4.88287,4.57799,4.2662,3.7704,3.03702,2.27619,1.68513,0.917454,-0.882293,114.585,110.728,125.319,125.319
15.835476636886597,0.6809795884660104,0.49999237060546875,0.0,2,0.0857803,2.0,16067.7,128.689,-10.302,-0.0652319,19.6361,69.381,103.52,14.3901,7.77681,6.32861,5.75019,5.30394,5.01547,4.74996,4.50559,4.28063,3.99502,3.70563,3.25122,2.59207,1.92426,1.41549,0.765209,-0.902096,114.845,110.964,123.164,123.164
15.856977462768555,0.6804164928011347,0.49999237060546875,0.0,2,0.0836589,2.0,15991.8,128.872,-10.5558,-0.202088,19.5705,66.3179,99.2647,14.6837,7.00395,5.55625,4.99486,4.56787,4.29513,4.04668,3.82017,3.61352,3.35383,3.09377,2.69172,2.12172,1.55919,1.13959,0.611904,-0.921901,115.063,111.179,122.564,122.564
15.876749515533447,0.679948784926484,0.49999237060546875,0.0,2,0.0817982,2.0,15951.6,129.024,-10.6836,-0.283829,19.504,63.4468,95.2468,15.3442,6.06549,4.66045,4.12731,3.73022,3.48113,3.25732,3.05601,2.87459,2.64965,2.42779,2.09139,1.62754,1.1831,0.858946,0.458191,-0.941651,115.257,111.37,122.245,122.245
15.888495922088623,0.6795395405361646,0.49999237060546875,0.0,2,0.0800006,2.0,15931.3,129.157,-10.7393,-0.328178,19.4313,60.7183,91.4049,17.2104,4.89683,3.59571,3.10979,2.76126,2.54867,2.36178,2.19694,2.05103,1.87352,1.70209,1.44852,1.11067,0.797903,0.575239,0.304752,-0.961278,115.43,111.536,122.085,122.085
15.91115427017212,0.6791549123497742,0.49999237060546875,0.0,2,0.0778715,2.0,15916.9,129.282,-10.744,-0.340309,19.3504,58.1137,87.714,26.9093,3.3585,2.23522,1.84703,1.58934,1.44045,1.31445,1.20695,1.11451,1.00532,0.902955,0.756728,0.570179,0.404314,0.289356,0.152214,-0.980707,115.585,111.684,121.973,121.973
15.937055587768555,0.6787856692908394,0.49999237060546875,0.0,2,0.0757949,2.0,15903.6,129.402,-10.7084,-0.327501,19.2622,55.6341,84.1741,108.864,0.089484,0.0185144,0.0129387,0.0102341,0.00894213,0.00786018,0.00706148,0.00647545,0.00568533,0.00504112,0.00414658,0.00304699,0.0021286,0.00151253,0.000789642,-0.9999,115.729,111.826,121.875,121.875
15.951788663864136,0.6783887330024845,0.49999237060546875,0.0,2,0.0739381,2.0,15881.0,129.531,-10.61,-0.285763,-1.0,-1.0,-1.0,-1.0,-1.0,-1.0,-1.0,-1.0,-1.0,-1.0,-1.0,-1.0,-1.0,-1.0,-1.0,-1.0,-1.0,-1.0,-1.0,-1.0188,115.856,111.966,121.7,121.7
15.968059539794922,0.6779487183572538,0.49999237060546875,0.0,2,0.0727126,2.0,15869.2,129.674,-10.5334,-0.259445,-1.0,-1.0,-1.0,-1.0,-1.0,-1.0,-1.0,-1.0,-1.0,-1.0,-1.0,-1.0,-1.0,-1.0,-1.0,-1.0,-1.0,-1.0,-1.0,-1.0374,115.94,112.115,121.607,121.607
15.988824844360352,0.6773517754119759,0.9999847412109375,0.0,2,0.0737392,2.0,15859.2,129.868,-10.3374,-0.289043,-1.0,-1.0,-1.0,-1.0,-1.0,-1.0,-1.0,-1.0,-1.0,-1.0,-1.0,-1.0,-1.0,-1.0,-1.0,-1.0,-1.0,-1.0,-1.0,-1.05588,115.943,112.301,121.529,121.529
16.008524417877197,0.6768440662059405,0.49999237060546875,0.0,2,0.0714523,2.0,17473.4,130.033,-10.3728,-0.383429,-1.0,-1.0,-1.0,-1.0,-1.0,-1.0,-1.0,-1.0,-1.0,-1.0,-1.0,-1.0,-1.0,-1.0,-1.0,-1.0,-1.0,-1.0,-1.0,-1.07436,115.937,112.502,133.465,133.465
16.03016424179077,0.6758071086154319,0.49999237060546875,0.0,2,0.0605323,2.0,17008.3,130.37,-10.5541,-0.180562,-1.0,-1.0,-1.0,-1.0,-1.0,-1.0,-1.0,-1.0,-1.0,-1.0,-1.0,-1.0,-1.0,-1.0,-1.0,-1.0,-1.0,-1.0,-1.0,-1.09204,116.064,112.684,130.408,130.408
16.051650285720825,0.6750624684465801,0.49999237060546875,0.0,2,0.0487134,2.0,16803.9,130.612,-10.964,-0.227797,-1.0,-1.0,-1.0,-1.0,-1.0,-1.0,-1.0,-1.0,-1.0,-1.0,-1.0,-1.0,-1.0,-1.0,-1.0,-1.0,-1.0,-1.0,-1.0,-1.10867,116.237,112.833,128.837,128.837
16.073094606399536,0.6743455215071483,0.49999237060546875,0.0,2,0.0379865,2.0,16717.8,130.845,-11.3922,-0.468689,-1.0,-1.0,-1.0,-1.0,-1.0,-1.0,-1.0,-1.0,-1.0,-1.0,-1.0,-1.0,-1.0,-1.0,-1.0,-1.0,-1.0,-1.0,-1.0,-1.12435,116.325,112.969,128.169,128.169
16.097089052200317,0.6733793355029356,0.49999237060546875,0.0,2,0.0298306,2.0,16566.9,131.159,-11.5076,-0.607237,-1.0,-1.0,-1.0,-1.0,-1.0,-1.0,-1.0,-1.0,-1.0,-1.0,-1.0,-1.0,-1.0,-1.0,-1.0,-1.0,-1.0,-1.0,-1.0,-1.1391,116.344,113.125,126.949,126.949
16.110775232315063,0.6724439197536342,0.49999237060546875,0.0,2,0.0240418,2.0,16382.6,131.463,-11.1492,-0.456109,-1.0,-1.0,-1.0,-1.0,-1.0,-1.0,-1.0,-1.0,-1.0,-1.0,-1.0,-1.0,-1.0,-1.0,-1.0,-1.0,-1.0,-1.0,-1.0,-1.15291,116.356,113.338,125.717,125.717
16.13518190383911,0.6721454482809951,0.49999237060546875,0.0,2,0.018131,2.0,16485.1,131.56,-10.5911,-0.329452,-1.0,-1.0,-1.0,-1.0,-1.0,-1.0,-1.0,-1.0,-1.0,-1.0,-1.0,-1.0,-1.0,-1.0,-1.0,-1.0,-1.0,-1.0,-1.0,-1.16555,116.444,113.702,126.044,126.044
16.149123430252075,0.6723669941163559,0.49999237060546875,0.0,2,0.00869244,2.0,16743.2,131.488,-10.6294,-0.373853,-1.0,-1.0,-1.0,-1.0,-1.0,-1.0,-1.0,-1.0,-1.0,-1.0,-1.0,-1.0,-1.0,-1.0,-1.0,-1.0,-1.0,-1.0,-1.0,-1.17706,116.697,113.948,128.532,128.532
16.171095609664917,0.6720746766946992,0.49999237060546875,0.0,2,-0.00270015,2.0,16930.9,131.583,-11.2192,-0.856101,-1.0,-1.0,-1.0,-1.0,-1.0,-1.0,-1.0,-1.0,-1.0,-1.0,-1.0,-1.0,-1.0,-1.0,-1.0,-1.0,-1.0,-1.0,-1.0,-1.18762,116.786,114.035,129.587,129.587
16.189608573913574,0.6717608200946047,0.49999237060546875,0.0,2,-0.0137146,2.0,17059.5,131.685,-11.8224,-1.1673,-1.0,-1.0,-1.0,-1.0,-1.0,-1.0,-1.0,-1.0,-1.0,-1.0,-1.0,-1.0,-1.0,-1.0,-1.0,-1.0,-1.0,-1.0,-1.0,-1.19742,116.848,114.069,130.612,130.612
16.213171005249023,0.6600027842694397,0.49999237060546875,0.0,2,-0.0248893,2.0,16664.7,131.961,-11.9086,-0.73355,-1.0,-1.0,-1.0,-1.0,-1.0,-1.0,-1.0,-1.0,-1.0,-1.0,-1.0,-1.0,-1.0,-1.0,-1.0,-1.0,-1.0,-1.0,-1.0,-1.20615,117.078,114.109,127.959,127.959
16.229032039642334,0.627199638720757,0.49999237060546875,0.0,2,-0.0354551,2.0,16453.5,132.174,-11.8026,-0.309855,-1.0,-1.0,-1.0,-1.0,-1.0,-1.0,-1.0,-1.0,-1.0,-1.0,-1.0,-1.0,-1.0,-1.0,-1.0,-1.0,-1.0,-1.0,-1.0,-1.21347,117.321,114.247,125.877,125.877
16.252036571502686,0.506477608755886,0.49999237060546875,0.0,2,-0.0447562,2.0,16670.4,132.229,-12.0483,-0.657841,-1.0,-1.0,-1.0,-1.0,-1.0,-1.0,-1.0,-1.0,-1.0,-1.0,-1.0,-1.0,-1.0,-1.0,-1.0,-1.0,-1.0,-1.0,-1.0,-1.21964,117.458,114.537,127.741,127.741
16.276463508605957,0.23454882998247634,0.49999237060546875,0.0,2,-0.0532525,2.0,16806.1,132.385,-12.345,-1.03097,-1.0,-1.0,-1.0,-1.0,-1.0,-1.0,-1.0,-1.0,-1.0,-1.0,-1.0,-1.0,-1.0,-1.0,-1.0,-1.0,-1.0,-1.0,-1.0,-1.22503,117.561,115.106,128.655,128.655
16.290634632110596,0.05615509528368711,0.49999237060546875,0.0,2,-0.0588792,2.0,16609.0,132.71,-12.1071,-0.96933,-1.0,-1.0,-1.0,-1.0,-1.0,-1.0,-1.0,-1.0,-1.0,-1.0,-1.0,-1.0,-1.0,-1.0,-1.0,-1.0,-1.0,-1.0,-1.0,-1.2295,117.831,116.282,127.631,127.631
16.31087327003479,0.02672785423683934,0.9999847412109375,0.0,2,-0.0635722,2.0,16618.5,132.871,-11.3994,-0.750874,-1.0,-1.0,-1.0,-1.0,-1.0,-1.0,-1.0,-1.0,-1.0,-1.0,-1.0,-1.0,-1.0,-1.0,-1.0,-1.0,-1.0,-1.0,-1.0,-1.23283,119.957,119.281,127.01,127.01
16.33008098602295,0.013629612711605925,0.49999237060546875,0.0,2,-0.0702737,2.0,18330.9,132.997,-11.215,-0.706632,-1.0,-1.0,-1.0,-1.0,-1.0,-1.0,-1.0,-1.0,-1.0,-1.0,-1.0,-1.0,-1.0,-1.0,-1.0,-1.0,-1.0,-1.0,-1.0,-1.23507,121.929,120.724,140.228,140.228
16.349218606948853,0.005882462639411291,0.49999237060546875,0.0,2,-0.0796426,2.0,18566.0,133.144,-11.7236,-1.17126,-1.0,-1.0,-1.0,-1.0,-1.0,-1.0,-1.0,-1.0,-1.0,-1.0,-1.0,-1.0,-1.0,-1.0,-1.0,-1.0,-1.0,-1.0,-1.0,-1.23646,122.552,121.028,141.712,141.712
16.368711709976196,0.0005444473586976527,0.49999237060546875,0.0,2,-0.0889686,2.0,18387.5,133.483,-12.3433,-1.48696,-1.0,-1.0,-1.0,-1.0,-1.0,-1.0,-1.0,-1.0,-1.0,-1.0,-1.0,-1.0,-1.0,-1.0,-1.0,-1.0,-1.0,-1.0,-1.0,-1.2373,122.71,121.222,141.137,141.137
16.388957500457764,0.0,0.49999237060546875,0.0,2,-0.0978492,2.0,17666.6,134.098,-12.3844,-1.09746,-1.0,-1.0,-1.0,-1.0,-1.0,-1.0,-1.0,-1.0,-1.0,-1.0,-1.0,-1.0,-1.0,-1.0,-1.0,-1.0,-1.0,-1.0,-1.0,-1.23723,123.479,121.643,135.694,135.694
16.40840792655945,0.0,0.49999237060546875,0.0,2,-0.106446,2.0,17213.8,134.575,-12.3024,-0.69068,-1.0,-1.0,-1.0,-1.0,-1.0,-1.0,-1.0,-1.0,-1.0,-1.0,-1.0,-1.0,-1.0,-1.0,-1.0,-1.0,-1.0,-1.0,-1.0,-1.23596,124.113,122.097,131.93,131.93
16.427610397338867,0.0,0.9999847412109375,0.0,2,-0.11287,2.0,17164.2,134.935,-12.1694,-0.884346,-1.0,-1.0,-1.0,-1.0,-1.0,-1.0,-1.0,-1.0,-1.0,-1.0,-1.0,-1.0,-1.0,-1.0,-1.0,-1.0,-1.0,-1.0,-1.0,-1.23353,124.329,122.718,131.005,131.005
16.448185920715332,0.0,0.49999237060546875,0.0,2,-0.117003,2.0,18549.7,135.375,-12.067,-1.14815,-1.0,-1.0,-1.0,-1.0,-1.0,-1.0,-1.0,-1.0,-1.0,-1.0,-1.0,-1.0,-1.0,-1.0,-1.0,-1.0,-1.0,-1.0,-1.0,-1.23037,124.374,123.191,142.315,142.315
16.470293521881104,0.0,0.49999237060546875,0.0,2,-0.118699,2.0,17874.6,136.122,-11.5632,-1.22517,-1.0,-1.0,-1.0,-1.0,-1.0,-1.0,-1.0,-1.0,-1.0,-1.0,-1.0,-1.0,-1.0,-1.0,-1.0,-1.0,-1.0,-1.0,-1.0,-1.22645,124.387,123.88,136.76,136.76
16.493069648742676,-0.0008847742157181103,0.49999237060546875,0.0,2,-0.119031,2.0,17317.7,136.726,-10.6053,-0.957784,-1.0,-1.0,-1.0,-1.0,-1.0,-1.0,-1.0,-1.0,-1.0,-1.0,-1.0,-1.0,-1.0,-1.0,-1.0,-1.0,-1.0,-1.0,-1.0,-1.22163,124.886,124.653,133.134,133.134
16.51054883003235,-0.004812118700991075,0.9999847412109375,0.0,2,-0.120251,2.0,17372.7,137.052,-9.69702,-0.993694,-1.0,-1.0,-1.0,-1.0,-1.0,-1.0,-1.0,-1.0,-1.0,-1.0,-1.0,-1.0,-1.0,-1.0,-1.0,-1.0,-1.0,-1.0,-1.0,-1.21579,125.587,125.367,132.766,132.766
16.5352520942688,-0.013352153059467674,0.49999237060546875,0.0,2,-0.122992,2.0,19138.8,137.32,-9.39379,-1.37366,-1.0,-1.0,-1.0,-1.0,-1.0,-1.0,-1.0,-1.0,-1.0,-1.0,-1.0,-1.0,-1.0,-1.0,-1.0,-1.0,-1.0,-1.0,-1.0,-1.20912,125.912,125.615,146.463,146.463
16.552252054214478,-0.018284337468892336,0.49999237060546875,0.0,2,-0.125361,2.0,18936.4,137.769,-9.16077,-1.79737,-1.0,-1.0,-1.0,-1.0,-1.0,-1.0,-1.0,-1.0,-1.0,-1.0,-1.0,-1.0,-1.0,-1.0,-1.0,-1.0,-1.0,-1.0,-1.0,-1.2019,126.14,125.96,145.046,145.046
16.56931209564209,-0.018223168838471172,0.49999237060546875,0.0,2,-0.128448,2.0,18131.2,138.479,-8.70257,-1.44375,-1.0,-1.0,-1.0,-1.0,-1.0,-1.0,-1.0,-1.0,-1.0,-1.0,-1.0,-1.0,-1.0,-1.0,-1.0,-1.0,-1.0,-1.0,-1.0,-1.19394,126.978,126.383,139.383,139.383
16.59441089630127,-0.018171218579113482,0.9999847412109375,0.0,2,-0.132605,2.0,17562.3,139.082,-8.26922,-1.02634,-1.0,-1.0,-1.0,-1.0,-1.0,-1.0,-1.0,-1.0,-1.0,-1.0,-1.0,-1.0,-1.0,-1.0,-1.0,-1.0,-1.0,-1.0,-1.0,-1.18502,127.78,126.896,134.611,134.611
16.612048387527466,-0.018129348220825195,0.49999237060546875,0.0,2,-0.13546,2.0,19044.9,139.568,-7.94144,-1.26717,-1.0,-1.0,-1.0,-1.0,-1.0,-1.0,-1.0,-1.0,-1.0,-1.0,-1.0,-1.0,-1.0,-1.0,-1.0,-1.0,-1.0,-1.0,-1.0,-1.17517,128.133,127.552,144.726,144.726
16.63414454460144,-0.01807197032243013,0.49999237060546875,0.0,2,-0.136795,2.0,18312.7,140.234,-7.59685,-1.41286,-1.0,-1.0,-1.0,-1.0,-1.0,-1.0,-1.0,-1.0,-1.0,-1.0,-1.0,-1.0,-1.0,-1.0,-1.0,-1.0,-1.0,-1.0,-1.0,-1.16473,128.302,128.112,141.189,141.189
16.650041580200195,-0.01628465620684748,0.9999847412109375,0.0,2,-0.136022,2.0,17461.6,141.094,-6.71773,-1.24954,-1.0,-1.0,-1.0,-1.0,-1.0,-1.0,-1.0,-1.0,-1.0,-1.0,-1.0,-1.0,-1.0,-1.0,-1.0,-1.0,-1.0,-1.0,-1.0,-1.15356,128.637,129.023,133.892,133.892
16.668464422225952,-0.016226815767101943,0.49999237060546875,0.0,2,-0.134412,2.0,18357.1,141.836,-5.61164,-0.904499,-1.0,-1.0,-1.0,-1.0,-1.0,-1.0,-1.0,-1.0,-1.0,-1.0,-1.0,-1.0,-1.0,-1.0,-1.0,-1.0,-1.0,-1.0,-1.0,-1.14147,129.416,130.0,140.372,140.372
16.689438104629517,-0.016186046831809603,0.49999237060546875,0.0,2,-0.133522,2.0,17983.0,142.359,-4.86599,-0.977864,-1.0,-1.0,-1.0,-1.0,-1.0,-1.0,-1.0,-1.0,-1.0,-1.0,-1.0,-1.0,-1.0,-1.0,-1.0,-1.0,-1.0,-1.0,-1.0,-1.12864,130.137,130.596,138.026,138.026
16.709267139434814,-0.019640978701257458,0.9999847412109375,0.0,2,-0.132108,2.0,18031.2,142.738,-4.25786,-1.50124,-1.0,-1.0,-1.0,-1.0,-1.0,-1.0,-1.0,-1.0,-1.0,-1.0,-1.0,-1.0,-1.0,-1.0,-1.0,-1.0,-1.0,-1.0,-1.0,-1.11529,130.447,131.061,137.92,137.92
16.729145288467407,-0.034407919477671384,0.49999237060546875,0.0,2,-0.130158,2.0,19129.1,143.375,-3.56139,-1.4998,-1.0,-1.0,-1.0,-1.0,-1.0,-1.0,-1.0,-1.0,-1.0,-1.0,-1.0,-1.0,-1.0,-1.0,-1.0,-1.0,-1.0,-1.0,-1.0,-1.1015,130.976,131.543,146.403,146.403
16.74962306022644,-0.04185711693624035,0.9999847412109375,0.0,2,-0.128173,2.0,18092.1,144.242,-2.94542,-1.22291,-1.0,-1.0,-1.0,-1.0,-1.0,-1.0,-1.0,-1.0,-1.0,-1.0,-1.0,-1.0,-1.0,-1.0,-1.0,-1.0,-1.0,-1.0,-1.0,-1.08729,131.643,132.243,139.029,139.029
16.768350839614868,-0.04168481268539715,0.49999237060546875,0.0,2,-0.125509,2.0,18859.3,145.089,-2.26199,-0.822063,-1.0,-1.0,-1.0,-1.0,-1.0,-1.0,-1.0,-1.0,-1.0,-1.0,-1.0,-1.0,-1.0,-1.0,-1.0,-1.0,-1.0,-1.0,-1.0,-1.07266,132.728,133.144,144.135,144.135
16.79155921936035,-0.041543226193559046,0.9999847412109375,0.0,2,-0.121175,2.0,18220.6,145.785,-1.51527,-0.929782,-1.0,-1.0,-1.0,-1.0,-1.0,-1.0,-1.0,-1.0,-1.0,-1.0,-1.0,-1.0,-1.0,-1.0,-1.0,-1.0,-1.0,-1.0,-1.0,-1.05776,133.135,133.956,139.936,139.936
16.812012672424316,-0.027107969034224133,0.49999237060546875,0.0,2,-0.115412,2.0,18979.8,146.653,-0.651962,-0.795199,-1.0,-1.0,-1.0,-1.0,-1.0,-1.0,-1.0,-1.0,-1.0,-1.0,-1.0,-1.0,-1.0,-1.0,-1.0,-1.0,-1.0,-1.0,-1.0,-1.04269,133.7,134.764,145.212,145.212
16.83249020576477,-0.008728658572621643,0.9999847412109375,0.0,2,-0.109022,2.0,18087.6,147.473,0.229639,-0.784339,-1.0,-1.0,-1.0,-1.0,-1.0,-1.0,-1.0,-1.0,-1.0,-1.0,-1.0,-1.0,-1.0,-1.0,-1.0,-1.0,-1.0,-1.0,-1.0,-1.02753,134.324,135.608,138.817,138.817
16.85165786743164,-0.0017447629778956375,0.9999847412109375,0.0,2,-0.103279,2.0,18538.9,148.477,0.961672,-0.699482,-1.0,-1.0,-1.0,-1.0,-1.0,-1.0,-1.0,-1.0,-1.0,-1.0,-1.0,-1.0,-1.0,-1.0,-1.0,-1.0,-1.0,-1.0,-1.0,-1.01239,134.984,136.313,142.904,142.904
16.869414806365967,-0.0005030466991725067,0.49999237060546875,0.0,2,-0.099963,2.0,19098.7,149.502,1.28679,-0.833754,15.4801,27.6172,34.9268,42.3052,47.9261,51.1483,52.9928,54.683,55.9361,57.2285,58.5616,59.9365,61.9349,64.3271,69.146,0.727323,0.147837,0.0703552,0.0255168,-0.997308,136.178,137.152,145.977,145.977
16.890531063079834,-0.0005009015160395454,0.9999847412109375,0.0,2,-0.0976928,2.0,18164.9,150.357,1.40911,-0.965997,15.3926,27.4023,34.6182,41.9153,47.4833,50.679,52.5091,54.187,55.4314,56.7149,58.0396,59.4059,61.3925,63.7721,68.5678,4.33284,0.951068,0.457553,0.167081,-0.982324,137.13,137.999,139.346,139.346
16.91122341156006,-0.0004989971955741445,0.49999237060546875,0.0,2,-0.0959619,2.0,19126.3,151.116,1.42991,-1.12503,15.2993,27.1552,34.265,41.4671,46.9718,50.1342,51.9464,53.6086,54.8415,56.1141,57.4273,58.7824,60.7533,63.1149,67.8776,7.43867,1.72167,0.835001,0.306479,-0.967508,137.911,138.622,146.294,146.294
16.930124044418335,-0.000497213306442524,0.9999847412109375,0.0,2,-0.0941709,2.0,18397.1,151.827,1.46947,-1.27355,15.2078,26.9048,33.9104,41.019,46.461,49.5907,51.3853,53.0318,54.2537,55.515,56.8172,58.1612,60.1165,62.4606,67.1909,10.1056,2.46009,1.20291,0.443845,-0.952843,138.71,139.321,141.66,141.66
16.95110821723938,-0.002275300951156145,0.49999237060546875,0.0,2,-0.0926564,2.0,19268.1,152.623,1.44714,-1.39616,15.1138,26.6358,33.5311,40.5394,45.913,49.0067,50.7817,52.411,53.6202,54.8689,56.1583,57.4898,59.4274,61.7513,66.4441,12.6934,3.17511,1.56305,0.579279,-0.938341,139.481,139.963,147.903,147.903
16.973052978515625,-0.007343714074464514,0.9999847412109375,0.0,2,-0.0911353,2.0,18465.2,153.425,1.40126,-1.50242,15.021,26.3615,33.1471,40.0552,45.3603,48.4177,50.1728,51.7845,52.9812,54.2173,55.4939,56.8127,58.7323,61.0356,65.6901,76.4734,3.86304,1.91441,0.71262,-0.924009,140.347,140.733,141.608,141.608
16.992440700531006,-0.008433475300446153,0.9999847412109375,0.0,3,-0.090112,2.0,19191.8,154.322,1.22449,-1.36691,14.9237,26.0601,32.7257,39.5217,44.7483,47.7637,49.4954,51.0866,52.2682,53.4894,54.7508,56.0541,57.9519,60.2303,64.8374,75.5259,4.54079,2.26023,0.843819,-0.909908,141.193,141.415,146.441,146.441
17.007601261138916,-0.008406883377693594,0.9999847412109375,0.0,3,-0.0893033,3.0,15110.3,154.939,1.00942,-1.15543,14.8246,25.7452,32.2871,38.966,44.1099,47.0805,48.7877,50.3567,51.5224,52.7271,53.9721,55.2589,57.1332,59.3844,63.9398,74.523,5.20479,2.59968,0.972792,-0.896037,142.056,142.193,136.674,137.202
17.03109383583069,-0.008413865373618903,0.9999847412109375,0.0,3,-0.088755,3.0,15085.2,154.777,0.768997,-0.966002,14.7186,25.4176,31.8316,38.3884,43.4451,46.3682,48.0491,49.5944,50.7429,51.9303,53.1576,54.4266,56.2754,58.497,62.9958,73.4628,5.85703,2.93224,1.09895,-0.882477,142.168,142.294,136.432,136.562
17.049007415771484,-0.008421795541830361,0.9999847412109375,0.0,3,-0.0882371,3.0,14075.8,154.593,0.579375,-0.748438,14.607,25.0875,31.375,37.8102,42.7796,45.6553,47.3096,48.8311,49.9623,51.1321,52.3417,53.5925,55.4158,57.6076,62.0493,72.398,6.49071,3.25656,1.22229,-0.869206,142.024,142.148,135.888,136.132
17.072348594665527,-0.015200732602182153,0.9999847412109375,0.0,3,-0.0875714,3.0,14870.7,154.999,0.477006,-0.6191,14.4916,24.7613,30.9269,37.2449,42.1302,44.9598,46.5888,48.0875,49.2021,50.355,51.5474,52.7808,54.5794,56.7425,61.1291,71.3644,7.10827,3.57208,1.34324,-0.856149,142.059,142.211,143.587,143.587
17.089885473251343,-0.030105414316256837,0.9999847412109375,0.0,3,-0.0865181,3.0,15054.3,155.824,0.431153,-0.515313,14.3741,24.4462,30.4985,36.7085,41.5168,44.3045,45.9102,47.3882,48.4877,49.6252,50.8019,52.0198,53.7963,55.9337,60.2711,70.4072,7.84256,3.87687,1.46219,-0.843214,142.643,142.879,145.386,145.386
17.111196756362915,-0.03448177184843458,0.9999847412109375,0.0,3,-0.0847719,3.0,15108.7,156.733,0.416568,-0.404073,14.2582,24.1537,30.1073,36.2244,40.9679,43.7207,45.3074,46.7683,47.8556,48.9807,50.145,51.3503,53.1091,55.2261,59.5259,69.5884,8.76978,4.16368,1.57804,-0.83044,143.319,143.714,145.96,145.96
17.13159990310669,-0.03668746532656253,0.9999847412109375,0.0,3,-0.0823959,3.0,15174.3,157.634,0.482437,-0.326454,14.1433,23.8802,29.7474,35.7856,40.4751,43.1993,44.7705,46.2176,47.2952,48.4105,49.565,50.7605,52.5056,54.6073,58.8791,68.8918,9.96661,4.43257,1.69039,-0.817858,144.042,144.59,146.57,146.57
17.150135040283203,-0.03652020652255664,0.9999847412109375,0.0,3,-0.0795973,3.0,15273.8,158.511,0.595045,-0.309063,14.0269,23.617,29.4061,35.3738,40.0161,42.716,44.274,45.7097,46.7791,47.8862,49.0328,50.2205,51.9547,54.0442,58.2945,68.2727,11.6483,4.72195,1.79921,-0.805492,144.769,145.425,147.521,147.521
17.171135187149048,-0.03174337685426076,0.9999847412109375,0.0,3,-0.0765517,3.0,15388.3,159.376,0.736635,-0.340282,13.9071,23.3571,29.0725,34.9744,39.5732,42.2508,43.7969,45.2225,46.2846,47.3844,48.5241,49.7046,51.4294,53.5084,57.7411,67.6935,14.6687,5.05214,1.90459,-0.793365,145.512,146.233,148.622,148.622
17.19187045097351,-0.007089117043217023,0.9999847412109375,0.0,3,-0.0735028,3.0,15504.2,160.24,0.887825,-0.398716,13.7814,23.0912,28.7323,34.5679,39.1225,41.7774,43.3114,44.7265,45.7811,46.8736,48.006,49.1793,50.8944,52.9628,57.1771,67.1026,89.188,5.43165,2.007,-0.781501,146.297,147.024,149.744,149.744
17.212101697921753,-0.0021774423872182765,0.9999847412109375,0.0,3,-0.0711044,3.0,15608.5,161.112,1.04435,-0.451949,13.643,22.7945,28.3483,34.1025,38.6005,41.2255,42.7432,44.1437,45.1877,46.2701,47.3919,48.5549,50.2552,52.3071,56.4908,66.3613,88.3905,5.88205,2.11779,-0.769833,147.185,147.775,150.76,150.76
17.23136281967163,-0.0007799449366827805,0.9999847412109375,0.0,3,-0.0737575,3.0,15697.5,161.995,1.06358,-0.491863,13.4892,22.458,27.9067,33.5593,37.984,40.5688,42.0641,43.4448,44.4742,45.5418,46.6487,47.7965,49.4754,51.5024,55.6391,65.4149,87.3009,6.42765,2.24385,-0.75818,148.11,148.491,151.627,151.627
17.25040864944458,-0.0004694639199506491,0.9999847412109375,0.0,3,-0.0817655,3.0,15774.4,162.887,0.990837,-0.51558,13.3238,22.0952,27.4276,32.9655,37.306,39.8442,41.3133,42.6703,43.6826,44.7324,45.8215,46.9511,48.6042,50.6007,54.679,64.3332,86.0181,7.07622,2.38536,-0.745547,149.012,149.24,152.373,152.373
17.271320819854736,-0.0004671882695394257,0.9999847412109375,0.0,3,-0.0901979,3.0,15828.7,163.794,0.874197,-0.513671,13.1489,21.7142,26.9235,32.3388,36.5881,39.0752,40.5158,41.8468,42.84,43.8705,44.9397,46.049,47.673,49.6356,53.6478,63.1627,84.6068,7.84536,2.54235,-0.731696,149.892,150.021,152.907,152.907
17.29195737838745,-0.0007687480462590854,0.9999847412109375,0.0,3,-0.0989249,3.0,15890.8,164.694,0.737411,-0.502557,12.9662,21.3203,26.4025,31.6902,35.8438,38.2771,39.6872,40.9907,41.9636,42.9734,44.0215,45.1092,46.7023,48.6285,52.5693,61.932,83.1071,8.75607,2.71464,-0.716599,150.758,150.822,153.503,153.503
17.312003135681152,-0.0027307106012105947,0.9999847412109375,0.0,3,-0.107027,3.0,15961.4,165.587,0.602979,-0.487536,12.7771,20.9186,25.8725,31.0305,35.0869,37.4652,38.8441,40.1194,41.0716,42.06,43.0863,44.1516,45.7129,47.6013,51.4682,60.6722,81.5642,9.8398,2.90292,-0.700263,151.599,151.634,154.181,154.181
17.333080291748047,-0.009038515087881437,0.9999847412109375,0.0,3,-0.115083,3.0,16040.1,166.474,0.486349,-0.474998,12.5826,20.5135,25.3403,30.3695,34.3289,36.6523,38.0003,39.247,40.1784,41.1456,42.15,43.1934,44.7221,46.5727,50.3654,59.4099,80.015,11.135,3.10708,-0.682724,152.417,152.454,154.937,154.937
17.349601984024048,-0.014237400857741014,0.9999847412109375,0.0,3,-0.122946,3.0,16124.0,167.357,0.393088,-0.471988,12.3844,20.1111,24.8151,29.7203,33.5861,35.8566,37.1746,38.3943,39.3056,40.2524,41.2357,42.2575,43.7556,45.5698,49.2911,58.1826,78.5159,12.6912,3.32609,-0.663972,153.203,153.284,155.747,155.747
17.373107194900513,-0.015659255540817974,0.9999847412109375,0.0,3,-0.130156,3.0,16207.2,168.239,0.348716,-0.472678,12.184,19.7157,24.3035,29.092,32.8702,35.0912,36.3812,37.5754,38.4682,39.396,40.3597,41.3615,42.831,44.6114,48.2671,57.0184,77.1092,14.5816,3.55979,-0.644,153.969,154.134,156.551,156.551
17.391634464263916,-0.020478563254326582,0.9999847412109375,0.0,3,-0.136638,3.0,16289.0,169.12,0.358539,-0.47598,11.9811,19.3262,23.8037,28.4818,32.1774,34.3522,35.6161,36.7867,37.6619,38.5719,39.5175,40.5006,41.9437,43.6927,47.2876,55.9107,75.7866,16.9626,3.80766,-0.62288,154.736,154.984,157.343,157.343
17.414433002471924,-0.027907540462911128,0.9999847412109375,0.0,3,-0.142803,3.0,16373.2,170.0,0.398633,-0.486237,11.7754,18.9413,23.3137,27.8873,31.5053,33.6363,34.8757,36.0238,36.883,37.7761,38.7047,39.6707,41.0888,42.809,46.3476,54.854,74.5401,20.1901,4.06916,-0.600648,155.501,155.828,158.155,158.155
17.43143892288208,-0.036438178761551775,0.9999847412109375,0.0,3,-0.14852,3.0,16454.3,170.88,0.461147,-0.498294,11.5681,18.5645,22.8386,27.3157,30.8621,32.9534,34.1703,35.2985,36.1429,37.0211,37.9343,38.8848,40.2808,41.9751,45.4639,53.8692,73.4034,25.6094,4.34325,-0.577321,156.25,156.682,158.94,158.94
17.453083515167236,-0.04101020130118045,0.9999847412109375,0.0,3,-0.153066,3.0,16533.3,171.759,0.565688,-0.508433,11.3603,18.1995,22.3843,26.7745,30.2578,32.3146,33.5123,34.623,35.4547,36.3201,37.2204,38.1578,39.5351,41.208,44.6562,52.9822,72.4156,119.168,4.62748,-0.552984,156.981,157.552,159.704,159.704
17.471494674682617,-0.0458270760410931,0.9999847412109375,0.0,3,-0.156994,3.0,16613.8,172.635,0.721621,-0.517708,11.1525,17.8458,21.9497,26.2626,29.691,31.718,32.8992,33.9953,34.8165,35.6713,36.5607,37.4874,38.8497,40.5053,43.9218,52.1907,71.5763,118.572,4.92034,-0.527738,157.709,158.425,160.48,160.48
17.489570379257202,-0.04560151272598654,0.9999847412109375,0.0,3,-0.160395,3.0,16695.4,173.508,0.910652,-0.528566,10.944,17.5012,21.5309,25.7746,29.1549,31.1562,32.3233,33.4073,34.2196,35.0655,35.9463,36.8641,38.2142,39.8564,43.2492,51.4802,70.866,118.288,5.22128,-0.501617,158.438,159.284,161.269,161.269
17.510660409927368,-0.045376466165324675,0.9999847412109375,0.0,3,-0.163166,3.0,16775.9,174.379,1.12642,-0.53617,10.7338,17.1608,21.1208,25.3003,28.6367,30.6151,31.7699,32.8432,33.6478,34.4859,35.3593,36.2698,37.6096,39.2409,42.6148,50.821,70.2414,118.231,5.52965,-0.474681,159.188,160.13,162.047,162.047
17.529809951782227,-0.0451519363591075,0.9999847412109375,0.0,3,-0.165548,3.0,16855.1,175.248,1.33589,-0.540815,10.5206,16.8192,20.7106,24.8274,28.1211,30.0771,31.2202,32.283,33.0802,33.9112,34.7773,35.6807,37.0111,38.632,41.9889,50.1757,69.6446,118.282,5.84647,-0.447016,159.96,160.952,162.813,162.813
17.549048900604248,-0.05013398257354896,0.9999847412109375,0.0,3,-0.16789,3.0,16935.9,176.112,1.51896,-0.547467,10.304,16.4739,20.2962,24.3499,27.6003,29.534,30.6651,31.7174,32.5071,33.3307,34.1897,35.086,36.4068,38.0173,41.3572,49.5249,69.047,118.38,6.17194,-0.418671,160.741,161.753,163.594,163.594
17.571730613708496,-0.05818650881946088,0.9999847412109375,0.0,3,-0.17006,3.0,17014.9,176.975,1.66656,-0.55305,10.0848,16.1269,19.8809,23.872,27.0802,28.9918,30.1111,31.1531,31.9356,32.7523,33.6043,34.4935,35.8053,37.406,40.7299,48.8824,68.4704,118.58,6.50435,-0.389661,161.508,162.55,164.358,164.358
17.593356370925903,-0.06375777191180736,0.9999847412109375,0.0,3,-0.171512,3.0,17093.8,177.833,1.80458,-0.556652,9.8647,15.7841,19.4734,23.4064,26.5756,28.4676,29.5765,30.6096,31.3862,32.1966,33.0428,33.9265,35.231,36.8237,40.137,48.2871,67.976,119.042,6.84058,-0.36011,162.244,163.359,165.119,165.119
17.608782052993774,-0.06646381229782168,0.9999847412109375,0.0,3,-0.172515,3.0,17175.5,178.683,1.96712,-0.56106,9.64476,15.4483,19.0778,22.9583,26.0943,27.9701,29.0706,30.0967,30.8686,31.6746,32.5166,33.3964,34.696,36.2848,39.5943,47.7608,67.5998,119.876,7.17775,-0.330076,162.961,164.18,165.907,165.907
17.63007092475891,-0.0723571218341558,0.9999847412109375,0.0,3,-0.173139,3.0,17257.3,179.529,2.16102,-0.566782,9.42481,15.1177,18.6915,22.5246,25.6316,27.4939,28.5877,29.6087,30.3771,31.18,32.0191,32.8967,34.1941,35.7815,39.0931,47.2927,67.3272,121.079,7.51513,-0.299604,163.683,164.996,166.698,166.698
17.650930881500244,-0.08869457909502089,0.9999847412109375,0.0,3,-0.17312,3.0,17338.4,180.37,2.35863,-0.571203,9.20501,14.7919,18.3135,22.1037,25.1856,27.0371,28.1259,29.1432,29.9092,30.7102,31.5479,32.4247,33.7216,35.3105,38.6305,46.8795,67.1553,122.681,7.85175,-0.268768,164.396,165.797,167.482,167.482
17.67032217979431,-0.09905714871919713,0.9999847412109375,0.0,3,-0.172398,3.0,17421.5,181.203,2.55922,-0.575,8.98716,14.477,17.9533,21.7092,24.7738,26.6193,27.7062,28.7225,29.4885,30.29,31.129,32.0076,33.3083,34.9035,38.2434,46.571,67.1652,124.583,8.18232,-0.237679,165.05,166.583,168.282,168.282
17.69314217567444,-0.09857593837807886,0.9999847412109375,0.0,3,-0.170907,3.0,17507.9,182.023,2.82609,-0.58079,8.7727,14.1769,17.6169,21.3496,24.4075,26.2538,27.3429,28.3623,29.1311,29.9365,30.78,31.664,32.9742,34.5828,37.957,46.4035,67.4212,126.327,8.50282,-0.206411,165.683,167.389,169.116,169.116
17.714211463928223,-0.09809883593011648,0.9999847412109375,0.0,3,-0.168711,3.0,17594.3,182.836,3.15481,-0.585554,8.56083,13.8873,17.2974,21.0152,24.0741,25.9264,27.0209,28.0463,28.8206,29.6322,30.4829,31.3753,32.6991,34.327,37.748,46.3469,67.8768,127.893,8.81384,-0.175041,166.347,168.199,169.952,169.952
17.728076696395874,-0.09762466769155113,0.9999847412109375,0.0,3,-0.166032,3.0,17679.5,183.644,3.4952,-0.589095,8.35005,13.6019,16.9846,20.6915,23.7553,25.6164,26.7178,27.7512,28.5322,29.3515,30.2112,31.1138,32.4541,34.1042,37.5798,46.3529,68.4578,129.241,9.11789,-0.143649,167.038,168.976,170.775,170.775
17.753278732299805,-0.09715402050426229,0.9999847412109375,0.0,3,-0.163251,3.0,17764.3,184.446,3.81603,-0.593921,8.1396,13.317,16.6731,20.3702,23.4404,25.3115,26.4209,27.4631,28.2516,29.0794,29.9489,30.8625,32.2209,33.8954,37.4313,46.393,69.12,130.38,9.41657,-0.112289,167.741,169.721,171.596,171.596
17.77254009246826,-0.09668454700073227,0.9999847412109375,0.0,3,-0.160446,3.0,17845.9,185.246,4.10392,-0.598408,7.92929,13.031,16.3594,20.046,23.1227,25.0036,26.1213,27.1726,27.9688,28.8056,29.6851,30.6103,31.9872,33.6877,37.2858,46.4474,69.8307,131.326,9.71066,-0.0809937,168.457,170.45,172.386,172.386
17.78849959373474,-0.09621624718096106,0.9999847412109375,0.0,3,-0.157446,3.0,17924.5,186.044,4.34764,-0.601801,7.71908,12.7426,16.0415,19.7157,22.7977,24.6883,25.8139,26.8741,27.678,28.5236,29.4135,30.3504,31.7464,33.4732,37.1349,46.5037,70.5698,132.101,10.0006,-0.0498352,169.179,171.164,173.146,173.146
17.810061931610107,-0.09574970788682813,0.9999847412109375,0.0,3,-0.15457,3.0,18001.5,186.839,4.54919,-0.605436,7.509,12.4514,15.7184,19.3776,22.4627,24.3625,25.4956,26.5645,27.3758,28.2301,29.1297,30.0784,31.4935,33.2463,36.9734,46.5536,71.3257,132.725,10.2869,-0.0188599,169.908,171.874,173.891,173.891
17.82821488380432,-0.09528434227645396,0.9999847412109375,0.0,3,-0.151841,3.0,18075.9,187.632,4.70699,-0.609308,7.29911,12.1571,15.3897,19.0309,22.1172,24.0246,25.1645,26.2412,27.0599,27.9222,28.8321,29.7917,31.2256,33.0047,36.7968,46.5928,72.0895,133.215,10.5694,0.0119171,170.639,172.578,174.611,174.611
17.850441932678223,-0.09481897666607983,0.9999847412109375,0.0,3,-0.149032,3.0,18147.9,188.425,4.82556,-0.612412,7.08982,11.8602,15.0556,18.6756,21.7601,23.6736,24.8199,25.9042,26.729,27.5998,28.5186,29.4894,30.9415,32.7461,36.6034,46.6171,72.8574,133.586,10.8481,0.0424474,171.375,173.284,175.308,175.308
17.870198726654053,-0.0943547847394645,0.9999847412109375,0.0,3,-0.146341,3.0,18218.4,189.216,4.90637,-0.615297,6.88118,11.5609,14.7161,18.3114,21.392,23.3098,24.4615,25.5524,26.3837,27.2618,28.1896,29.1707,30.6406,32.4705,36.3924,46.6266,73.6266,133.854,11.1232,0.0727081,172.111,173.988,175.99,175.99
17.890504598617554,-0.09389117965472861,0.9999847412109375,0.0,3,-0.143803,3.0,18287.6,190.006,4.95806,-0.618523,6.67331,11.2594,14.3719,17.9392,21.0129,22.934,24.0902,25.1869,26.0237,26.9086,27.8449,28.8361,30.3232,32.1781,36.164,46.6223,74.4001,134.031,11.3942,0.102684,172.849,174.696,176.659,176.659
17.913121223449707,-0.09342816141187214,0.9999847412109375,0.0,3,-0.141248,3.0,18355.3,190.795,4.98187,-0.621354,6.46656,10.9563,14.0235,17.5597,20.6234,22.5465,23.7061,24.8082,25.6503,26.5419,27.4863,28.487,29.9908,31.8699,35.9201,46.6059,75.2043,134.128,11.6612,0.132362,173.586,175.403,177.313,177.313
17.93559241294861,-0.09296573001089505,0.9999847412109375,0.0,3,-0.138729,3.0,18422.1,191.583,4.98514,-0.62392,6.26116,10.6523,13.6717,17.1737,20.2254,22.1487,23.3111,24.4178,25.2648,26.1623,27.1141,28.124,29.6442,31.5473,35.6618,46.5783,76.0688,134.155,11.9237,0.161697,174.325,176.114,177.959,177.959
17.951773166656494,-0.09250388545179739,0.9999847412109375,0.0,3,-0.136329,3.0,18488.2,192.37,4.97011,-0.62638,6.0572,10.3476,13.3172,16.782,19.819,21.7409,22.9059,24.0167,24.8677,25.7705,26.7298,27.7488,29.2849,31.2118,35.3907,46.5443,77.0086,134.12,12.1815,0.190704,175.06,176.825,178.598,178.598
17.975364685058594,-0.09204321457645856,0.9999847412109375,0.0,3,-0.133917,3.0,18553.8,193.155,4.94321,-0.628668,5.85494,10.0431,12.9611,16.3865,19.4069,21.3268,22.4928,23.6074,24.462,25.3708,26.3366,27.3644,28.9164,30.867,35.1117,46.5088,78.0496,134.032,12.4342,0.21936,175.792,177.538,179.232,179.232
17.98999309539795,-0.09158313054299913,0.9999847412109375,0.0,3,-0.131459,3.0,18619.0,193.939,4.90962,-0.63079,5.65446,9.73883,12.6033,15.9869,18.9886,20.9052,22.0724,23.1896,24.0484,24.9623,25.9346,26.9714,28.5386,30.5135,34.8248,46.4744,79.2035,133.898,12.6816,0.247658,176.526,178.255,179.863,179.863
18.016934156417847,-0.09112363335141913,0.9999847412109375,0.0,3,-0.129078,3.0,18683.9,194.722,4.8683,-0.632293,5.45586,9.43505,12.2444,15.5837,18.5651,20.477,21.6448,22.7646,23.6266,24.5454,25.5244,26.5694,28.1524,30.152,34.5321,46.4431,80.4963,133.72,12.9238,0.275592,177.256,178.97,180.489,180.489
18.03307580947876,-0.10111820411682129,0.9999847412109375,0.0,3,-0.126705,3.0,18748.8,195.504,4.82493,-0.633661,5.25927,9.13239,11.8851,15.1779,18.1367,20.0434,21.211,22.3334,23.1983,24.1214,25.1073,26.161,27.7596,29.7836,34.2342,46.4183,81.9529,133.503,13.1604,0.303154,177.986,179.688,181.116,181.116
18.049251556396484,-0.1115771790778823,0.9999847412109375,0.0,3,-0.124103,3.0,18814.5,196.282,4.77324,-0.635191,5.06538,8.83327,11.5297,14.7766,17.7137,19.6156,20.7841,21.9094,22.7782,23.7067,24.7003,25.7629,27.3796,29.4309,33.9595,46.4421,83.7025,133.275,13.3886,0.330312,178.665,180.379,181.75,181.75
18.070924520492554,-0.11478145922283331,0.9999847412109375,0.0,3,-0.121193,3.0,18881.0,197.052,4.75352,-0.635606,4.87535,8.54171,11.1851,14.3909,17.3118,19.213,20.385,21.5158,22.3909,23.3278,24.3312,25.407,27.0466,29.1326,33.756,46.5905,85.9834,133.075,13.6037,0.357043,179.304,181.077,182.394,182.394
18.091948747634888,-0.11421110911031565,0.9999847412109375,0.0,3,-0.117885,3.0,18945.5,197.812,4.79468,-0.635731,4.68936,8.25861,10.8527,14.0232,16.9344,18.8407,20.0194,21.1597,22.044,22.9923,24.0095,25.1022,26.7717,28.9014,33.6411,46.891,88.98,132.91,13.8042,0.383321,179.95,181.805,183.018,183.018
18.109495878219604,-0.11364826360454161,0.9999847412109375,0.0,3,-0.114176,3.0,19009.3,198.562,4.87909,-0.636327,4.50718,7.98236,10.5296,13.6684,16.5751,18.4898,19.6781,20.8308,21.7267,22.6885,23.7232,24.8363,26.5412,28.722,33.597,47.3238,92.7882,132.754,13.9921,0.409098,180.612,182.534,183.634,183.634
18.128870487213135,-0.11309142178416252,0.9999847412109375,0.0,3,-0.110358,3.0,19071.3,199.304,4.97501,-0.635564,4.3285,7.71072,10.2118,13.3209,16.2251,18.1504,19.3505,20.5175,21.4264,22.4043,23.4585,24.595,26.3393,28.5782,33.6058,47.8583,97.5286,132.588,14.1696,0.434352,181.278,183.24,184.234,184.234
18.154284238815308,-0.11254058364917834,0.9999847412109375,0.0,3,-0.106494,3.0,19132.7,200.038,5.0682,-0.63439,4.1532,7.44279,9.89778,12.977,15.8796,17.8177,19.0299,20.2128,21.1356,22.1313,23.2067,24.3687,26.1566,28.4584,33.6524,48.4783,101.631,88.7088,14.3383,0.459063,181.949,183.929,184.828,184.828
18.172542333602905,-0.11199574919958909,0.9999847412109375,0.0,3,-0.102501,3.0,19193.1,200.764,5.14672,-0.634162,3.98118,7.17788,9.58604,12.6342,15.5353,17.4858,18.7119,19.9111,20.8497,21.864,22.962,24.1509,25.9856,28.3562,33.7283,49.172,103.786,80.7972,14.4991,0.483203,182.617,184.598,185.412,185.412
18.190030097961426,-0.11145541751404603,0.9999847412109375,0.0,3,-0.0985883,3.0,19250.9,201.484,5.20474,-0.632492,3.81266,6.91606,9.27589,12.2914,15.1899,17.1533,18.3928,19.6092,20.5639,21.5979,22.7196,23.9373,25.8215,28.2642,33.8294,49.9289,105.252,75.0856,14.6529,0.506739,183.288,185.258,185.971,185.971
18.21085286140442,-0.11091958859254916,0.9999847412109375,0.0,3,-0.0947707,3.0,19307.9,202.198,5.23917,-0.630134,3.64767,6.65693,8.9671,11.9477,14.8421,16.818,18.0708,19.3047,20.2758,21.33,22.477,23.7249,25.6609,28.1802,33.9482,50.7418,106.324,70.7695,14.8003,0.529673,183.959,185.91,186.523,186.523
18.23427963256836,-0.11038901289577284,0.9999847412109375,0.0,3,-0.090906,3.0,19364.1,202.905,5.25071,-0.629063,3.48629,6.40107,8.66026,11.6037,14.4919,16.4794,17.746,18.9977,19.9854,21.0611,22.2342,23.5131,25.5039,28.1046,34.0881,51.6167,107.13,67.3828,14.9412,0.551966,184.622,186.551,187.066,187.066
18.249703645706177,-0.10986218950236835,0.9999847412109375,0.0,4,-0.0871604,3.0,19417.9,203.607,5.24123,-0.62633,3.32872,6.14875,8.35538,11.2592,14.1397,16.1381,17.4183,18.688,19.6934,20.7906,21.9903,23.3017,25.3508,28.0362,34.2486,52.5517,107.736,64.6461,15.0761,0.573619,185.285,187.19,187.587,187.587
18.270408153533936,-0.10970159091805419,0.9999847412109375,0.0,4,-0.0838178,4.0,15728.2,203.821,5.06028,-0.621522,3.1748,5.89728,8.04696,10.9034,13.7671,15.7708,17.0609,18.3452,19.3654,20.4816,21.7053,23.0471,25.15,27.9169,34.3522,53.4195,108.104,62.5734,15.2097,0.594564,185.878,187.707,179.404,180.971
18.29166555404663,-0.10995149432261785,0.9999847412109375,0.0,4,-0.0808862,4.0,15699.5,203.488,4.71335,-0.622204,3.02553,5.64766,7.73552,10.535,13.3701,15.37,16.6639,17.9577,18.9884,20.1195,21.3617,22.7281,24.8777,27.7163,34.3571,54.161,108.242,61.072,15.3439,0.614634,185.975,187.654,178.706,180.346
18.313457250595093,-0.11021790786201754,0.9999847412109375,0.0,4,-0.0775283,4.0,15044.0,203.133,4.46277,-0.6188,2.88346,5.41264,7.44493,10.1973,13.0157,15.0221,16.3271,17.6373,18.6846,19.8367,21.1067,22.5081,24.7192,27.6517,34.5471,55.3207,108.427,59.4444,15.4595,0.633825,185.721,187.432,177.856,179.769
18.329491138458252,-0.1101586214687427,0.9999847412109375,0.0,4,-0.0734332,4.0,15582.8,203.212,4.40424,-0.607153,2.74924,5.19527,7.18167,9.90287,12.7252,14.7544,16.0834,17.4228,18.4972,19.6834,20.9948,22.4471,24.7454,27.8076,35.0412,57.1915,108.722,57.5812,15.5506,0.652161,185.441,187.299,185.076,185.076
18.350624561309814,-0.10978414159223437,0.9999847412109375,0.0,4,-0.0684522,4.0,15665.6,203.711,4.56012,-0.588886,2.62173,4.99339,6.94316,9.64958,12.4982,14.5697,15.9361,17.3201,18.4347,19.6691,21.0398,22.5618,24.9802,28.2133,35.8849,60.0304,109.109,55.5594,15.6185,0.669749,185.601,187.645,186.133,186.133
18.373971939086914,-0.10938789835616947,0.9999847412109375,0.0,4,-0.0632051,4.0,15702.2,204.239,4.77102,-0.569899,2.49983,4.80142,6.7186,9.41811,12.3045,14.4306,15.8432,17.2816,18.4452,19.7393,21.1805,22.786,25.3467,28.7848,36.9639,63.8618,109.472,53.6395,15.6728,0.686579,185.978,188.115,186.579,186.579
18.38865375518799,-0.10898940373808146,0.9999847412109375,0.0,4,-0.058205,4.0,15732.0,204.77,4.92443,-0.550535,2.38251,4.6138,6.49709,9.18668,12.1104,14.2908,15.7511,17.2464,18.4625,19.8191,21.3354,23.0304,25.7435,29.3986,38.1144,68.6129,109.707,52.0024,15.7237,0.702652,186.447,188.563,186.934,186.934
18.409982204437256,-0.10502922937477939,0.9999847412109375,0.0,4,-0.0536531,4.0,15761.5,205.303,4.96652,-0.536945,2.26965,4.42861,6.27288,8.94377,11.8932,14.1221,15.6261,17.175,18.4399,19.857,21.4466,23.2288,26.0921,29.9615,39.2077,74.242,109.768,50.6964,15.7771,0.717911,186.961,188.974,187.284,187.284
18.431384801864624,-0.10818716127718489,0.9999847412109375,0.0,4,-0.0498155,4.0,15791.0,205.839,4.89309,-0.527476,2.16092,4.24448,6.04406,8.68355,11.6424,13.9062,15.446,17.0414,18.3492,19.8206,21.4758,23.3394,26.3427,30.4143,40.1619,80.7756,109.65,49.6975,15.8355,0.732376,187.518,189.385,187.635,187.635
18.45041799545288,-0.10425183727500961,0.9999847412109375,0.0,4,-0.0465387,4.0,15824.9,206.374,4.72115,-0.524374,2.05678,4.06358,5.81454,8.41309,11.3685,13.6565,15.2254,16.8601,18.2065,19.7264,21.4424,23.3812,26.5159,30.7797,41.0031,85.1762,109.394,48.9072,15.8964,0.746068,188.062,189.794,188.034,188.034
18.472269296646118,-0.10738416835561394,0.9999847412109375,0.0,4,-0.0434774,4.0,15862.3,206.909,4.52788,-0.530086,1.95757,3.88866,5.58949,8.14272,11.0875,13.3962,14.9915,16.6622,18.0448,19.6113,21.3878,23.4004,26.6664,31.1222,41.8201,86.8459,109.052,48.2261,15.9556,0.759013,188.612,190.253,188.478,188.478
18.49202299118042,-0.10347662274414673,0.9999847412109375,0.0,4,-0.0404895,4.0,15900.4,207.442,4.33682,-0.535587,1.86375,3.72249,5.37493,7.88429,10.8211,13.152,14.7757,16.4863,17.9085,19.5266,21.3683,23.4612,26.8686,31.5294,42.7475,87.8896,108.675,47.5686,16.0083,0.77121,189.125,190.729,188.929,188.929
18.512757778167725,-0.1065856781980892,0.9999847412109375,0.0,4,-0.0373395,4.0,15941.4,207.973,4.20651,-0.540495,1.77542,3.56654,5.17462,7.64641,10.5842,12.9467,14.6069,16.3669,17.8365,19.5162,21.4344,23.622,27.194,32.0885,44.02,88.6731,108.3,46.878,16.051,0.782715,189.633,191.254,189.416,189.416
18.528391361236572,-0.09928377199821173,0.9999847412109375,0.0,4,-0.0338233,4.0,15982.1,208.502,4.1308,-0.545772,1.69301,3.42222,4.99157,7.43605,10.3896,12.7992,14.5078,16.3307,17.8616,19.6173,21.6297,23.9314,27.6993,32.8672,45.8384,89.3248,107.944,46.1323,16.0813,0.793493,190.097,191.769,189.9,189.9
18.55301523208618,-0.08902625346687623,0.9999847412109375,0.0,4,-0.0301369,4.0,16019.4,209.033,4.11923,-0.541599,1.61608,3.28855,4.82371,7.24866,10.2313,12.7019,14.4711,16.3712,17.9761,19.823,21.9467,24.3829,28.3763,33.8548,48.3454,89.855,107.591,45.3604,16.1014,0.803563,190.595,192.312,190.344,190.344
18.577978372573853,-0.08241196565154009,0.9999847412109375,0.0,4,-0.0265558,4.0,16057.3,209.567,4.12172,-0.534385,1.54433,3.16322,4.66577,7.07323,10.088,12.6254,14.46,16.4441,18.128,20.0745,22.3199,24.9007,29.1358,34.9388,51.554,90.2112,107.194,44.6324,16.117,0.812943,191.13,192.833,190.795,190.795
18.59882616996765,-0.07604390194779262,0.9999847412109375,0.0,4,-0.02293,4.0,16097.2,210.158,4.08223,-0.527349,1.47076,3.03259,4.49914,6.88389,9.92842,12.535,14.4404,16.5163,18.2887,20.3442,22.7236,25.4634,29.9629,36.1264,55.9405,90.3775,106.671,43.9273,16.1339,0.822474,191.736,193.362,191.272,191.272
18.617857217788696,-0.06995163521482299,0.9999847412109375,0.0,4,-0.0198348,4.0,16133.7,210.756,3.97362,-0.510912,1.40254,2.90916,4.33821,6.69421,9.75797,12.4234,14.3939,16.5557,18.41,20.571,23.0802,25.9733,30.7276,37.3663,61.4217,90.3256,106.048,43.3298,16.1527,0.831223,192.357,193.877,191.705,191.705
18.63538122177124,-0.0668643821112315,0.9999847412109375,0.0,4,-0.0172146,4.0,16172.2,211.356,3.81317,-0.495945,1.33955,2.7924,4.1833,6.50405,9.57364,12.2873,14.312,16.5505,18.4819,20.7391,23.3678,26.4038,31.3968,38.7085,68.3926,90.0847,105.329,42.8291,16.1739,0.839223,192.984,194.39,192.161,192.161
18.661747217178345,-0.0665730886777242,0.9999847412109375,0.0,4,-0.0150207,4.0,16209.6,211.96,3.61027,-0.481861,1.28154,2.68291,4.03534,6.3167,9.38102,12.1292,14.2015,16.5079,18.5067,20.8531,23.592,26.7607,31.9741,40.1937,72.8767,89.6922,104.527,42.402,16.1966,0.846522,193.6,194.905,192.607,192.607
18.67989230155945,-0.06628227751811346,0.9999847412109375,0.0,4,-0.0130885,4.0,16249.3,212.563,3.39239,-0.462696,1.22843,2.58195,3.8974,6.13959,9.19573,11.9762,14.0925,16.4642,18.5308,20.9638,23.8118,27.1114,32.6205,42.0115,74.1086,89.2085,103.677,42.0047,16.2173,0.85317,194.193,195.437,193.077,193.077
18.703707218170166,-0.06599194863239925,0.9999847412109375,0.0,4,-0.0111368,4.0,16291.6,213.165,3.20961,-0.450677,1.1801,2.48978,3.77186,5.97877,9.03133,11.8492,14.0138,16.456,18.594,21.1203,24.0814,27.5192,33.4965,44.4312,74.728,88.6754,102.802,41.6069,16.2337,0.859222,194.766,195.987,193.579,193.579
18.729527950286865,-0.0657011374727885,0.9999847412109375,0.0,4,-0.00919086,4.0,16332.3,213.768,3.06065,-0.434941,1.1368,2.40776,3.66089,5.83989,8.89822,11.762,13.9837,16.5064,18.7243,21.3529,24.4404,28.0264,34.7328,47.8236,75.058,88.1128,101.914,41.1945,16.2441,0.864649,195.329,196.546,194.062,194.062
18.746837377548218,-0.06541225540876389,0.9999847412109375,0.0,4,-0.00713903,4.0,16376.1,214.367,2.95519,-0.420959,1.09805,2.33521,3.56389,5.72308,8.80059,11.725,14.0159,16.6326,18.944,21.6898,24.9184,28.7544,36.52,52.8391,75.221,87.5351,101.023,40.7584,16.2478,0.869532,195.879,197.11,194.582,194.582
18.769496202468872,-0.06512289107084275,0.9999847412109375,0.0,4,-0.00497276,4.0,16419.2,214.967,2.89111,-0.412192,1.06386,2.27196,3.48137,5.62915,8.73924,11.7392,14.1123,16.8392,19.2563,22.133,25.518,29.8325,39.0867,60.581,75.2578,86.9396,100.126,40.304,16.2453,0.873871,196.429,197.671,195.097,195.097
18.793762683868408,-0.06483449128071468,0.9999847412109375,0.0,4,-0.00278026,4.0,16462.0,215.565,2.84207,-0.39476,1.03395,2.21785,3.41198,5.55695,8.71278,11.8045,14.2722,17.1258,19.6629,22.6844,26.3504,31.3801,42.8287,65.3704,75.1905,86.3223,99.2193,39.8355,16.2372,0.877686,196.98,198.231,195.603,195.603
18.813422203063965,-0.06191265775297769,0.9999847412109375,0.0,4,-0.000462357,4.0,16506.6,216.161,2.81621,-0.383292,1.00827,2.17253,3.35638,5.50737,8.72531,11.9267,14.5064,17.5039,20.1749,23.3682,27.5714,33.6203,48.5361,66.6378,75.043,85.6873,98.3057,39.3533,16.2235,0.881002,197.525,198.786,196.133,196.133
18.838191509246826,-0.061636028599021966,0.9999847412109375,0.0,4,0.00180548,4.0,16548.1,216.759,2.80186,-0.368183,0.987061,2.13627,3.31431,5.4788,8.77099,12.0965,14.7984,17.9532,20.7693,24.3013,29.2761,36.8167,57.5848,67.27,74.8013,85.0159,97.3709,38.8717,16.2058,0.883769,198.087,199.337,196.627,196.627
18.85526132583618,-0.06136032462618314,0.9999847412109375,0.0,4,0.00400608,4.0,16591.6,217.355,2.77306,-0.350123,0.970093,2.10883,3.28523,5.47083,8.85016,12.3123,15.1492,18.4715,21.4857,25.6006,31.6675,41.5076,61.7416,67.5703,74.4748,84.3067,96.4128,38.3947,16.1848,0.886027,198.645,199.879,197.143,197.143
18.881327867507935,-0.06108508324390278,0.9999847412109375,0.0,4,0.00621289,4.0,16635.0,217.95,2.749,-0.337845,0.957489,2.09034,3.26975,5.48512,8.96492,12.5802,15.5644,19.0722,22.4998,27.4293,35.1327,48.8532,62.836,67.6612,74.0788,83.5649,95.4346,37.9176,16.16,0.887761,199.2,200.421,197.663,197.663
18.905266284942627,-0.055796619077197594,0.9999847412109375,0.0,4,0.00836199,4.0,16676.6,218.545,2.71544,-0.315024,0.94913,2.08108,3.26862,5.52354,9.12064,12.908,16.0537,19.8874,23.9374,30.0586,40.3928,57.398,63.3676,67.6022,73.6236,82.7942,94.4384,37.44,16.1315,0.888982,199.755,200.965,198.153,198.153
18.923896551132202,-0.04400719393511612,0.9999847412109375,0.0,4,0.0104095,4.0,16720.5,219.139,2.69336,-0.298069,0.945007,2.08041,3.2799,5.58121,9.30621,13.2762,16.5963,20.9979,25.9081,33.8151,48.68,58.9925,63.5671,67.3987,73.093,81.9785,93.4109,36.9741,16.101,0.889699,200.327,201.506,198.675,198.675
18.94960045814514,-0.028208343830108642,0.9999847412109375,0.0,4,0.0118739,4.0,16760.2,219.738,2.64207,-0.279343,0.944061,2.08421,3.29553,5.63646,9.46694,13.5848,17.1602,22.2574,28.255,38.68,55.1238,59.4653,63.4199,66.9732,72.4105,81.0547,92.3029,36.5711,16.0766,0.889974,200.959,202.017,199.149,199.149
18.967651844024658,-0.017284567999721813,0.9999847412109375,0.0,4,0.0121962,4.0,16800.4,220.342,2.49494,-0.256576,0.944977,2.08798,3.30387,5.65869,9.526,13.7028,17.5604,23.3045,30.4137,43.77,55.7272,59.2451,62.8661,66.2365,71.4889,79.9483,91.0544,36.2887,16.0679,0.889903,201.659,202.481,199.627,199.627
18.992614269256592,-0.014610449521271511,0.9999847412109375,0.0,4,0.0112435,4.0,16840.3,220.951,2.21053,-0.241748,0.946075,2.08654,3.29589,5.62908,9.44369,13.6011,17.6284,23.7996,31.7355,47.626,55.2957,58.4871,61.9244,65.1812,70.3097,78.6385,89.6463,36.1441,16.0796,0.889669,202.373,202.915,200.104,200.104
19.010025024414062,-0.012171205437819787,0.9999847412109375,0.0,4,0.00937146,4.0,16878.7,221.563,1.82759,-0.215719,0.94663,2.08031,3.27541,5.56273,9.26589,13.3652,17.4561,23.847,32.2957,49.191,54.3998,57.4186,60.7421,63.9222,68.9614,77.1922,88.1283,36.087,16.1041,0.889394,203.041,203.385,200.557,200.557
19.0351140499115,-0.012113683682400735,0.9999847412109375,0.0,4,0.00708788,4.0,16921.7,222.17,1.47205,-0.196397,0.945984,2.06985,3.24592,5.47551,9.03955,13.0803,17.1802,23.6793,32.4485,48.7287,53.3039,56.2055,59.4435,62.5625,67.5277,75.6744,86.5506,36.0683,16.1307,0.889216,203.659,203.897,201.066,201.066
19.05803608894348,-0.012056067162969463,0.9999847412109375,0.0,4,0.00463646,4.0,16962.4,222.778,1.16743,-0.175107,0.943665,2.05518,3.20954,5.37569,8.80564,12.8018,16.8969,23.4676,32.4985,47.9388,52.1345,54.9373,58.0994,61.1624,66.0583,74.125,84.944,36.0596,16.1556,0.889216,204.243,204.436,201.551,201.551
19.075166940689087,-0.011998829699587077,0.9999847412109375,0.0,4,0.00220745,4.0,17006.4,223.382,0.93975,-0.149265,0.938965,2.03587,3.16654,5.26797,8.60198,12.5675,16.6716,23.3461,32.701,47.0884,50.9662,53.6714,56.7563,59.7618,64.5865,72.5704,83.3294,36.0404,16.1761,0.889501,204.803,204.995,202.072,202.072
19.0979642868042,-0.011941781764229137,0.9999847412109375,0.0,4,-9.18547e-05,4.0,17050.5,223.984,0.785082,-0.131897,0.931366,2.0109,3.11591,5.15128,8.42931,12.3829,16.5214,23.3531,33.148,46.2213,49.8152,52.4205,55.4253,58.3709,63.1209,71.0181,81.7131,36.0061,16.1922,0.890137,205.35,205.556,202.601,202.601
19.12601351737976,-0.015433264401555059,0.9999847412109375,0.0,4,-0.00232536,4.0,17092.6,224.585,0.682649,-0.1016,0.920731,1.97993,3.05728,5.03884,8.28684,12.2484,16.4476,23.4995,33.8787,45.3384,48.6776,51.1828,54.105,56.9884,61.6608,69.4675,80.0945,35.9569,16.2039,0.891159,205.899,206.12,203.097,203.097
19.145514488220215,-0.034092729412019254,0.9999847412109375,0.0,4,-0.00431186,4.0,17137.9,225.182,0.619484,-0.0794887,0.906799,1.9431,2.99279,4.94662,8.18543,12.19,16.5005,23.8983,35.1623,44.492,47.5865,49.986,52.8197,55.636,60.225,67.9342,78.4865,35.8808,16.2095,0.892593,206.427,206.689,203.635,203.635
19.16405153274536,-0.05507109240473559,0.9999847412109375,0.0,4,-0.00527317,4.0,17179.6,225.775,0.599199,-0.023995,0.891205,1.90889,2.95,4.90999,8.21924,12.4183,17.0762,25.4245,38.9382,43.9828,46.7688,49.0248,51.7382,54.4647,58.9439,66.5269,76.9781,35.6892,16.1948,0.894343,206.865,207.342,204.131,204.131
19.185108184814453,-0.08092611037194729,0.9999847412109375,0.0,4,-0.00329048,4.0,17224.6,226.355,0.787669,0.0836007,0.878166,1.89547,2.95078,4.97861,8.52969,13.2816,18.9044,30.0346,40.7431,43.9973,46.4208,48.4859,51.0331,53.6343,57.9606,65.3685,75.6721,35.2825,16.1427,0.896167,207.182,208.05,204.664,204.664
19.21661877632141,-0.11839672246903182,0.9999847412109375,0.0,4,0.0032131,4.0,17256.0,226.934,1.19055,0.196146,0.874427,1.91091,3.00986,5.19318,9.26093,15.252,23.2975,38.3551,41.9068,44.3971,46.4875,48.3487,50.7059,53.1575,57.2966,64.4845,74.5948,34.6425,16.0475,0.897279,207.431,208.759,205.03,205.03
19.234530925750732,-0.19235280596417062,0.9999847412109375,0.16258485247184082,4,0.0121257,4.0,17316.8,227.466,1.77405,0.25754,0.883539,1.9649,3.14807,5.61925,10.7038,19.59,34.9483,40.6402,43.0336,45.0632,46.8794,48.5508,50.7167,53.0095,56.9413,63.8759,73.7526,33.7761,15.9061,0.897144,207.597,209.409,205.716,205.716
19.253751516342163,-0.22391062333325545,0.941162109375,0.302591151873965,4,0.0235545,4.0,17269.0,227.712,2.53941,0.329257,0.909365,2.07017,3.39632,6.37522,13.5741,31.2634,39.1509,42.3113,44.2063,45.928,47.527,49.0331,51.0207,53.1575,56.8755,63.5359,73.1468,32.7028,15.7171,0.895384,203.598,205.904,205.214,205.214
19.272340536117554,-0.24871330063642622,0.5607757568359375,0.4303503832750497,4,0.0367104,4.0,17168.6,227.475,3.49217,0.382598,0.954961,2.23647,3.78202,7.61519,19.6403,37.763,41.2014,43.6873,45.2965,46.8078,48.2424,49.6147,51.4499,53.4467,56.9639,63.3534,72.6886,31.5232,15.4931,0.891663,198.157,201.091,204.024,204.024
19.300468921661377,-0.28195075254633095,0.086273193359375,0.47984140310185164,4,0.050635,4.0,16825.7,226.451,4.37527,0.430618,1.02233,2.47167,4.33408,9.58886,32.603,39.9408,42.6505,44.7797,46.2049,47.5678,48.8789,50.1458,51.8561,53.7337,57.0732,63.2115,72.2802,30.3335,15.249,0.88577,192.353,196.148,200.013,200.013
19.323934078216553,-0.33696091850134235,0.0,0.49267553172078443,4,0.0656564,4.0,16366.7,224.646,5.35533,0.519643,1.11423,2.79453,5.12596,13.0029,36.3943,41.5427,43.8649,45.7581,47.0494,48.2986,49.5109,50.6909,52.295,54.0682,57.247,63.1492,71.9567,29.1173,14.9812,0.877585,187.146,191.628,192.88,196.268
19.3479323387146,-0.37352713397707793,0.0,0.4949418308376511,4,0.082699,4.0,16116.8,222.428,6.54686,0.678139,1.23467,3.23904,6.31275,20.2197,38.7452,43.0224,45.0832,46.7995,47.9844,49.1396,50.2682,51.3727,52.8822,54.5605,57.5887,63.2611,71.8032,27.8271,14.6797,0.86701,182.243,187.41,189.586,193.739
19.36628222465515,-0.41946412687813855,0.0,0.47421246251711363,4,0.101612,4.0,15897.2,220.11,8.019,0.789988,1.38723,3.84404,8.14318,30.9564,40.6789,44.4352,46.3059,47.8847,48.9836,50.0608,51.1182,52.1573,53.5836,55.1762,58.0656,63.5186,71.7962,26.4975,14.3496,0.85394,177.665,183.587,186.702,191.366
19.385326862335205,-0.4407397648147928,0.0,0.462064675787999,4,0.122095,4.0,15700.6,217.77,9.69871,0.884652,1.57545,4.66394,11.1201,34.524,42.386,45.7855,47.5114,48.9806,50.009,51.0211,52.0181,53.0008,54.354,55.8703,58.6333,63.8802,71.8999,25.1652,13.9981,0.838326,173.51,180.085,184.005,189.384
19.41180419921875,-0.44856595378692565,0.0,0.4525676144753029,4,0.143602,4.0,15492.4,215.422,11.5177,0.94427,1.80271,5.77387,16.4031,36.9908,43.9031,47.0409,48.6532,50.0338,51.0038,51.9614,52.9071,53.8413,55.1309,56.5798,59.2292,64.286,35.0432,23.8692,13.6336,0.820139,169.671,176.766,181.361,187.081
19.431382417678833,-0.4564521390970051,0.0,0.43566668755019766,4,0.16584,4.0,15283.1,213.056,13.4272,0.989882,2.07273,7.29382,25.2956,38.9703,45.2647,48.2001,49.7206,51.0278,51.949,52.8602,53.7618,54.654,55.888,57.2774,59.8249,64.7069,31.1791,22.6251,13.2612,0.799403,166.131,173.577,178.752,184.714
19.449079275131226,-0.46430499310822543,0.0,0.42149583090665055,4,0.188097,4.0,15091.3,210.7,15.2929,1.02895,2.38824,9.39134,29.2701,40.5879,46.4389,49.2134,50.6586,51.9047,52.7846,53.6564,54.5202,55.3763,56.5619,57.899,60.3559,65.0799,28.5709,21.4584,12.8884,0.776137,162.77,170.479,176.357,182.511
19.477930307388306,-0.47202785505389483,0.0,0.410030826784583,4,0.209233,4.0,14914.0,208.383,16.8601,1.08175,2.74926,12.2698,31.6757,41.8342,47.3505,49.9954,51.3785,52.5736,53.419,54.2575,55.0892,55.9143,57.0584,58.3504,60.7285,65.3136,26.5589,20.3981,12.5241,0.750361,159.422,167.258,174.347,180.323
19.498520374298096,-0.479524064167322,0.0,0.40124565886833136,4,0.228668,4.0,14730.6,206.134,18.0968,1.091,3.1548,16.2222,33.3294,42.7332,47.9851,50.5233,51.8545,53.0068,53.8228,54.633,55.4375,56.2361,57.3446,58.5976,60.9074,65.3718,24.933,19.4439,12.1709,0.722161,156.018,163.904,172.282,178.023
19.517696619033813,-0.48682361861748,0.0,0.3902614964904192,4,0.246158,4.0,14553.7,203.944,18.9654,1.06693,3.60333,20.4013,34.4723,43.3213,48.3563,50.8044,52.0914,53.2071,53.9979,54.7838,55.5647,56.3405,57.418,58.6372,60.8877,65.2475,23.5832,18.5839,11.8282,0.691624,152.652,160.536,170.327,175.763
19.53736901283264,-0.49392318527448303,0.0,0.3771431503921973,4,0.261544,4.0,14390.2,201.814,19.4432,1.01592,4.09204,22.6413,35.2179,43.6276,48.479,50.8494,52.0982,53.182,53.9511,54.7157,55.476,56.2318,57.2824,58.4721,60.671,64.9401,22.4479,17.8057,11.4945,0.658846,149.531,157.323,168.564,173.627
19.559579372406006,-0.5008127647486732,0.0,0.3619547411715944,4,0.274711,4.0,14242.8,199.747,19.5065,0.949777,4.61628,24.0291,35.6324,43.6761,48.3677,50.6699,51.885,52.9408,53.6905,54.4364,55.1786,55.9168,56.9436,58.1075,60.2612,64.4516,21.4906,17.0986,11.1687,0.623946,146.796,154.479,167.025,171.646
19.580613374710083,-0.507519022079138,0.0,0.32610431623037855,4,0.285822,4.0,14109.6,197.735,19.1758,0.880917,5.17275,24.9198,35.7834,43.5084,48.057,50.2978,51.4826,52.5131,53.2454,53.9745,54.7003,55.4228,56.4284,57.5691,59.6826,63.8037,20.6758,16.4471,10.8477,0.586996,144.697,152.216,165.697,169.798
19.61064052581787,-0.5140119590969042,0.0,0.2678378353931042,4,0.295385,4.0,14005.4,195.787,18.5511,0.807669,5.76149,25.4976,35.751,43.189,47.606,49.7902,50.9469,51.954,52.6702,53.3838,54.0946,54.8024,55.7884,56.908,58.9846,63.0428,19.9621,15.8402,10.5272,0.548071,143.941,151.251,164.638,168.351
19.63188338279724,-0.5202115806847097,0.0,0.16026481522805264,4,0.30385,4.0,13945.3,193.927,17.6646,0.763395,6.38425,25.8697,35.5959,42.7694,47.0628,49.1934,50.3237,51.3086,52.0097,52.7085,53.405,54.0992,55.0667,56.1662,58.2081,62.2076,19.3195,15.2711,10.2035,0.507187,145.053,152.031,164.111,167.422
19.652970790863037,-0.5258479033217952,0.0,0.10223167722269821,4,0.311723,4.0,13947.3,192.236,16.5806,0.744583,7.04629,26.1148,35.3737,42.2997,46.4753,48.5546,49.6593,50.6229,51.3093,51.994,52.6768,53.3576,54.3074,55.3875,57.3959,61.3386,18.7179,14.7262,9.87278,0.464295,149.156,155.62,164.299,167.243
19.67626142501831,-0.5307276054747775,0.0,0.062744140625,4,0.319621,4.0,13924.0,190.772,15.4187,0.737443,7.75824,26.2995,35.1395,41.8325,45.8948,47.9242,49.0041,49.9469,50.619,51.2897,51.9591,52.627,53.5591,54.6201,56.5955,60.4819,18.123,14.19,9.53095,0.419274,153.536,159.228,164.14,166.859
19.699965000152588,-0.5348540202735427,0.0,0.0,4,0.32761,4.0,13884.5,189.534,14.287,0.698329,8.5245,26.4389,34.8996,41.3726,45.3258,47.3067,48.3623,49.2848,49.9428,50.5999,51.256,51.911,52.8259,53.8681,55.8106,59.6409,17.5305,13.6603,9.17742,0.372074,157.031,162.035,163.729,166.332
19.713735103607178,-0.538330474744554,0.0,0.0,4,0.335621,4.0,13867.8,188.491,13.1537,0.65547,9.2676,26.5357,34.6491,40.9135,44.7614,46.6951,47.7269,48.6294,49.2737,49.9174,50.5606,51.203,52.1008,53.1243,55.0345,58.8089,16.9433,13.1377,8.81239,0.322657,160.919,165.282,163.573,166.076
19.740337133407593,-0.5413036266027919,0.0,0.0,4,0.344123,4.0,13806.7,187.599,12.1762,0.549831,9.93573,26.623,34.4202,40.4877,44.2341,46.122,47.1307,48.0137,48.6445,49.2751,49.9055,50.5354,51.4163,52.4214,54.2992,58.0175,16.3389,12.6127,8.43397,0.27101,163.103,166.922,162.841,165.373
19.768370389938354,-0.5440734575379889,0.0,0.0,4,0.35365,4.0,13748.9,186.768,11.406,0.451386,10.5502,26.7318,34.2443,40.1282,43.7779,45.6215,46.6078,47.4718,48.0894,48.7072,49.325,49.9427,50.807,51.7939,53.6395,57.3014,15.6946,12.0759,8.04099,0.217185,164.192,167.65,162.056,164.774
19.787050247192383,-0.5467232957972926,0.0,0.0,3,0.363983,4.0,13694.2,185.973,10.7681,0.385704,11.1169,26.8479,34.1025,39.815,43.3727,45.1738,46.1384,46.9842,47.589,48.1943,48.7998,49.4055,50.2537,51.2226,53.0365,56.6423,15.0241,11.533,7.63501,0.161171,164.607,167.838,161.336,164.193
19.803099632263184,-0.5490731523668642,0.0,0.0,3,0.375029,3.0,16757.3,185.268,10.2437,0.348263,11.6415,26.9658,33.9855,39.538,43.0084,44.7688,45.7126,46.5407,47.1332,47.7263,48.32,48.9142,49.7465,50.6979,52.4809,56.0312,14.3354,10.987,7.22572,0.102951,164.603,167.716,162.185,164.633
19.83246874809265,-0.5510563646489847,0.0,0.0,3,0.386569,3.0,16678.5,184.673,9.8111,0.326015,12.1261,27.0744,33.8778,39.28,42.6673,44.3888,45.3126,46.1236,46.7042,47.2857,47.868,48.4509,49.2679,50.2023,51.955,55.451,13.6409,10.443,6.8253,0.0425014,164.382,167.454,161.867,164.299
19.848792552947998,-0.5532262322047168,0.0,0.0,3,0.397327,3.0,16617.5,184.022,9.43097,0.299532,12.5681,27.1545,33.7552,39.0147,42.3224,44.0064,44.9109,45.7054,46.2745,46.8447,47.4159,47.988,48.7901,49.708,51.4313,54.8743,12.9591,9.90896,6.43529,-0.020155,164.059,167.103,159.003,162.267
19.880372762680054,-0.5559860637502558,0.0,0.0,3,0.385232,3.0,16503.5,183.194,9.12214,0.279317,12.9759,27.223,33.6354,38.7606,41.9924,43.6406,44.5267,45.3054,45.8634,46.4227,46.9833,47.5448,48.3325,49.2345,50.9292,19.9372,12.2803,9.38108,6.05539,-0.0826524,163.6,166.641,157.696,161.295
19.896912574768066,-0.5588125578935135,0.0,0.0,3,0.374302,3.0,16411.5,182.346,9.07915,0.217446,13.3687,27.3254,33.5708,38.5737,41.7354,43.3501,44.2188,44.9827,45.5302,46.0792,46.6296,47.1812,47.9552,48.8419,50.5092,17.788,11.5751,8.84652,5.68344,-0.142938,162.98,166.112,156.641,160.567
19.91346549987793,-0.561715714024147,0.0,0.0,3,0.365183,3.0,16327.7,181.475,9.35157,0.171615,13.76,27.4886,33.5916,38.4866,41.5852,43.1693,44.0221,44.7723,45.3102,45.8496,46.3906,46.9328,47.694,48.5664,50.2077,15.9841,10.8327,8.2997,5.3183,-0.200988,162.213,165.571,155.598,159.985
19.9463369846344,-0.5646788664927271,0.0,0.0,3,0.357747,3.0,16243.8,180.586,9.88306,0.156905,14.1495,27.7017,33.6836,38.4839,41.526,43.0825,43.9207,44.6583,45.1873,45.718,46.2502,46.7839,47.5331,48.3921,50.009,14.3722,10.0713,7.74768,4.96093,-0.256855,161.338,164.989,154.588,159.378
19.96403932571411,-0.5676986821693678,0.0,0.0,3,0.351627,3.0,16156.7,179.68,10.6168,0.162811,14.5333,27.9471,33.8251,38.5416,41.5328,43.0642,43.8892,44.6153,45.1361,45.6587,46.1829,46.7086,47.4468,48.2934,49.8874,12.9273,9.31201,7.19923,4.61276,-0.310589,160.392,164.341,153.574,158.711
19.980077981948853,-0.5707718279241832,0.0,0.0,3,0.346421,3.0,16066.3,178.758,11.4946,0.178801,14.9066,28.2075,33.9942,38.6359,41.5809,43.0893,43.9021,44.6177,45.131,45.6461,46.1628,46.6811,47.4091,48.2441,49.8168,11.633,8.57143,6.66207,4.27508,-0.362221,159.404,163.615,152.561,157.979
20.011284589767456,-0.5739016368870593,0.0,0.0,3,0.341796,3.0,15973.1,177.819,12.4614,0.198337,15.265,28.4678,34.1724,38.7459,41.6486,43.1358,43.9374,44.6431,45.1495,45.6576,46.1675,46.6789,47.3973,48.2214,49.7742,10.4727,7.86071,6.1419,3.94895,-0.411779,158.391,162.812,151.554,157.188
20.028040409088135,-0.5770814427982239,0.0,0.0,3,0.337487,3.0,15877.9,176.865,13.4715,0.217007,15.6048,28.7165,34.3454,38.8559,41.7193,43.1868,43.9779,44.6744,45.1743,45.6759,46.1793,46.6843,47.3937,48.2077,12.8985,9.42982,7.18594,5.64249,3.6352,-0.459279,157.362,161.94,150.555,156.348
20.04521417617798,-0.5803045793979057,0.0,0.0,3,0.333219,3.0,15781.1,175.898,14.4906,0.230725,15.9229,28.9446,34.5021,38.9535,41.78,43.229,44.0102,44.6982,45.1919,45.6874,46.1847,46.6837,47.3847,48.1891,11.0643,8.48927,6.54983,5.16598,3.33434,-0.504733,156.325,161.01,149.567,155.467
20.081984996795654,-0.5835677135562182,0.0,0.0,3,0.328811,3.0,15683.4,174.919,15.4887,0.23821,16.217,29.1456,34.6347,39.0298,41.8213,43.2527,44.0246,44.7044,45.1923,45.6821,46.1737,46.6669,47.3599,11.9799,9.67837,7.63817,5.95297,4.71347,3.04673,-0.548133,155.285,160.032,148.592,154.555
20.109357118606567,-0.5868608458835042,0.243133544921875,0.0,3,0.324172,3.0,15585.4,173.931,16.4412,0.240028,16.4852,29.3146,34.7369,39.0779,41.8358,43.2505,44.0135,44.6855,45.1679,45.6522,46.1383,46.6261,11.7172,10.0963,8.53573,6.8651,5.39444,4.28517,2.77252,-0.589493,154.238,159.013,147.632,153.621
20.111358404159546,-0.5897473363647082,0.79998779296875,0.0,3,0.31885,3.0,15849.0,173.065,17.28,0.238839,16.7217,29.4371,34.7917,39.0789,41.8039,43.2021,43.9565,44.621,45.0981,45.577,46.0578,11.2862,9.74931,8.75553,7.56648,6.16587,4.87556,3.88241,2.51208,-0.628829,153.21,157.967,151.402,154.771
20.143704414367676,-0.591360571229492,0.86273193359375,0.0,3,0.312095,3.0,16668.2,172.581,17.9222,0.239872,16.9148,29.4857,34.7665,38.997,41.6881,43.0697,43.8152,44.4721,44.9438,45.4174,10.4536,9.37551,8.4454,7.70587,6.74151,5.54048,4.39886,3.50701,2.26563,-0.666209,152.297,156.961,160.792,160.792
20.15978503227234,-0.5913705706191498,0.49999237060546875,0.0,3,0.304092,3.0,17137.6,172.578,18.4985,0.239761,17.0681,29.4687,34.6705,38.842,41.4982,42.8628,43.5995,44.2487,44.715,9.8335,8.78615,8.10891,7.41899,6.82688,6.01761,4.97269,3.9572,3.15535,2.03228,-0.701678,151.632,156.181,165.445,165.445
20.175334453582764,-0.5911905816053101,0.49999237060546875,0.0,3,0.294729,3.0,16701.6,172.632,18.9145,0.237592,17.1814,29.3857,34.5031,38.6128,41.233,42.5802,43.3078,43.9492,9.43005,8.31437,7.62939,7.11896,6.56488,6.07032,5.3749,4.4553,3.54794,2.82646,1.81216,-0.735181,151.214,155.65,161.493,161.493
20.20585060119629,-0.5913805700088075,0.9999847412109375,0.0,3,0.28243,3.0,16512.5,172.575,18.8183,0.231855,17.2297,29.1802,34.1977,38.2363,40.816,42.1439,42.8615,10.0946,8.14392,7.34888,6.79494,6.36397,5.88432,5.44902,4.82911,4.00086,3.17913,2.52513,1.60657,-0.766692,150.968,155.175,159.598,159.598
20.228209972381592,-0.5908206041879734,0.37842559814453125,0.0,3,0.266931,3.0,17246.6,172.743,18.2724,0.220767,17.2109,28.8473,33.7475,37.7041,40.2378,41.5439,42.2503,8.77227,7.38965,6.68222,6.1785,5.78321,5.34147,4.93962,4.36689,3.60276,2.84765,2.24988,1.4154,-0.79616,150.865,154.725,166.432,166.432
20.243913412094116,-0.5900473180544407,0.258819580078125,0.0,3,0.249344,3.0,16476.7,172.975,17.4282,0.205618,17.1467,28.4358,33.2086,37.0766,39.5606,40.8432,41.5375,8.35596,6.86663,6.16961,5.68095,5.30083,4.87872,4.49697,3.95651,3.2418,2.54283,1.99499,1.23775,-0.823505,150.93,154.449,159.398,159.398
20.273213386535645,-0.590557286926986,0.0,0.0,3,0.229308,3.0,16042.9,172.822,15.9878,0.257169,17.0353,27.94,32.5732,36.3439,38.7733,40.0302,40.7112,41.3129,6.62131,5.82622,5.3098,4.92074,4.49778,4.12177,3.59771,2.91725,2.26404,1.75996,1.07349,-0.848734,151.129,154.234,155.103,155.103
20.289836645126343,-0.5923038469872065,0.0,0.0,3,0.20802,3.0,15568.4,172.298,14.2743,0.316279,16.8977,27.4061,31.8949,35.5642,37.9363,39.1661,39.8331,40.4229,6.74092,5.60843,5.01827,4.60049,4.16268,3.78362,3.26769,2.61471,2.00298,1.5402,0.921543,-0.87185,151.306,154.012,149.655,151.385
20.308991193771362,-0.5948103606614161,0.0,0.0,3,0.187118,3.0,15429.9,171.546,12.6535,0.363828,16.7587,26.891,31.2408,34.8113,37.1272,38.3303,38.9835,39.5614,39.9777,5.44602,4.73769,4.28297,3.82823,3.44696,2.94168,2.31986,1.75245,1.33216,0.781448,-0.892797,151.312,153.766,147.85,150.399
20.3351628780365,-0.5974768645701496,0.0,0.0,3,0.167876,3.0,15348.6,170.746,11.3486,0.405986,16.6355,26.4335,30.6578,34.1381,36.4021,37.5803,38.2206,38.7874,39.1959,5.22465,4.39152,3.91454,3.45801,3.08577,2.60363,2.0248,1.50908,1.13456,0.653126,-0.911556,151.083,153.521,146.745,149.914
20.35314655303955,-0.6002333629858028,0.0,0.0,3,0.150786,3.0,15292.1,169.919,10.3754,0.539169,16.5318,26.0422,30.1569,33.5574,35.7752,36.9311,37.5598,38.1166,38.5182,4.80842,3.94159,3.47853,3.04552,2.69814,2.25482,1.732,1.27514,0.949018,0.537043,-0.928137,150.663,153.281,145.998,149.491
20.376327514648438,-0.6029798620117983,0.0,0.0,3,0.135266,3.0,15231.3,169.095,9.63816,0.643545,16.4383,25.6944,29.7113,33.0402,35.2161,36.3517,36.9698,37.5176,37.9127,4.22716,3.43509,3.01255,2.61997,2.30735,1.91197,1.45194,1.0566,0.778843,0.433706,-0.942609,150.099,152.981,145.365,148.999
20.402024745941162,-0.6056563653101896,0.0,0.0,3,0.121222,3.0,15156.8,168.292,9.23178,0.724385,16.3527,25.3846,29.3148,32.5797,34.718,35.8354,36.444,36.9835,37.3729,3.56259,2.90949,2.54398,2.20198,1.9297,1.58707,1.19243,0.858236,0.626863,0.343857,-0.954969,149.479,152.627,144.481,148.465
20.42209267616272,-0.6082628728809767,0.0,0.0,3,0.108086,3.0,15070.7,167.51,9.07984,0.740008,16.2659,25.0921,28.9427,32.1487,34.2522,35.3527,35.9525,36.4844,36.8684,2.98652,2.44054,2.12523,1.82918,1.5942,1.30031,0.965933,0.687305,0.497393,0.268831,-0.965146,148.85,152.191,143.607,147.835
20.44911217689514,-0.6108493816724481,0.0,0.0,3,0.0961926,3.0,15000.5,166.734,9.18917,0.695533,16.181,24.8237,28.6035,31.7569,33.8294,34.9148,35.5066,36.0317,36.4109,2.519,2.0487,1.77392,1.51641,1.31321,1.06145,0.779041,0.547894,0.392889,0.209377,-0.973106,148.178,151.707,142.584,147.213
20.462105989456177,-0.6134258910742618,0.0,0.0,3,0.0857325,3.0,14908.3,165.961,9.59647,0.560349,16.0994,24.5834,28.3021,31.4102,33.456,34.5283,35.1133,35.6326,36.0076,2.2111,1.7702,1.51854,1.28626,1.10531,0.884211,0.640658,0.445276,0.316476,0.166464,-0.978799,147.446,151.191,141.449,146.612
20.48972749710083,-0.6160357317749349,0.0,0.0,3,0.0764842,3.0,14831.3,165.178,10.2215,0.375244,16.0176,24.3625,28.0282,31.097,33.1197,34.1808,34.7599,35.2741,35.6455,2.20729,1.66983,1.40422,1.1709,0.994823,0.785118,0.560431,0.384638,0.27097,0.140768,-0.982209,146.721,150.632,140.681,145.972
20.519906044006348,-0.6186889031641247,0.0,0.0,3,0.0684681,3.0,14734.8,164.382,10.9928,0.235052,15.935,24.1595,27.7799,30.8154,32.8186,33.8702,34.4445,34.9544,35.3229,35.6948,1.86632,1.4894,1.20474,1.00497,0.778208,0.545376,0.369224,0.257781,0.132362,-0.983386,145.907,150.017,139.665,145.316
20.53426718711853,-0.6212587463061667,0.0,0.0,3,0.0608914,3.0,14646.9,163.611,11.9742,-0.0490132,15.8435,23.9541,27.5323,30.5371,32.5224,33.5655,34.1353,34.6414,35.0071,35.3764,35.7491,1.99494,1.47048,1.1809,0.885698,0.604808,0.402576,0.278255,0.141153,-0.982402,145.312,149.315,138.624,144.582
20.554314136505127,-0.6235986034860803,0.0,0.0,3,0.0502877,3.0,14560.1,162.909,12.7299,-0.459604,15.7025,23.6528,27.1718,30.1334,32.0935,33.1244,33.6878,34.1884,34.5504,34.9159,35.2849,35.6575,36.1848,1.77346,1.20937,0.781121,0.504309,0.342856,0.170742,-0.978919,145.088,148.336,138.053,143.474
20.5723717212677,-0.6262017779269816,0.0,0.0,3,0.0388668,3.0,14543.6,162.128,12.8918,-0.536682,15.5393,23.3175,26.773,29.6882,31.6213,32.6391,33.1958,33.6905,34.0484,34.4098,34.7749,35.1435,35.6655,36.2704,1.91196,1.09923,0.67846,0.451526,0.220013,-0.973131,144.388,147.284,138.273,142.517
20.595558166503906,-0.6287782873287953,0.0,0.0,3,0.0299702,3.0,14383.5,161.355,13.3928,-0.801162,15.3915,23.0351,26.4421,29.3223,31.2351,32.2433,32.7949,33.2854,33.6402,33.9988,34.3609,34.7267,35.2447,35.8455,37.0349,1.57705,0.920087,0.59924,0.286362,-0.965338,143.273,146.432,136.219,141.918
20.617182970046997,-0.6319814251491614,0.6235198974609375,0.0,3,0.0267119,3.0,14347.4,160.394,14.435,-0.785634,15.2895,22.88,26.271,29.1412,31.0491,32.0551,32.6057,33.0954,33.4497,33.8077,34.1694,34.5347,35.054,35.6717,36.9105,2.20909,1.21672,0.78025,0.368803,-0.955528,141.823,145.959,135.589,141.663
20.63730764389038,-0.6346712609670965,0.9999847412109375,0.0,3,0.0255456,3.0,15025.2,159.587,15.4458,-0.51097,15.1987,22.7645,26.1514,29.0208,30.9294,31.9362,32.4873,32.9775,33.3321,33.6905,34.0541,34.428,34.9699,35.6171,36.9176,3.07025,1.56191,0.987258,0.462875,-0.94429,140.379,145.379,144.906,144.906
20.665979862213135,-0.6351112341120372,0.49999237060546875,0.0,3,0.0237145,3.0,15839.4,159.455,16.2612,-0.0379835,15.0934,22.6236,26.0024,28.8683,30.7759,31.7827,32.3339,32.8242,33.1821,33.5504,33.9296,34.3201,34.8867,35.5642,36.9282,4.74119,1.9699,1.22175,0.566938,-0.931945,139.34,144.738,153.093,153.093
20.686221599578857,-0.6349645763970571,0.9999847412109375,0.0,3,0.0204701,3.0,15342.8,159.499,16.9053,0.321476,14.9658,22.4386,25.801,28.6572,30.5603,31.5652,32.1173,32.6198,32.9915,33.3743,33.7687,34.1752,34.7655,35.4722,36.8979,40.2118,2.47037,1.49127,0.682223,-0.918444,138.792,144.25,148.474,148.474
20.705352544784546,-0.6345879327199484,0.49999237060546875,0.0,3,0.0140376,3.0,15998.3,159.612,17.2918,0.522775,14.7978,22.1652,25.4923,28.3242,30.2142,31.2158,31.7804,32.2967,32.6789,33.0728,33.4788,33.8976,34.5063,35.2359,36.7103,40.1521,3.14811,1.81473,0.811563,-0.903701,138.558,143.763,154.413,154.413
20.732284784317017,-0.6339613043013959,0.49999237060546875,0.0,3,0.00478745,3.0,15492.9,159.8,17.4371,0.613443,14.5925,21.8127,25.0876,27.8823,29.7511,30.7583,31.3326,31.8581,32.2473,32.6488,33.0629,33.4902,34.1118,34.8575,36.3672,39.9047,4.17203,2.21448,0.958817,-0.887426,138.494,143.367,149.807,149.807
20.748785257339478,-0.6338613104048184,0.9999847412109375,0.0,3,-0.00812149,3.0,15336.0,159.83,17.0696,0.544961,14.3435,21.3646,24.5657,27.3065,29.1451,30.1552,30.7319,31.26,31.6515,32.0552,32.472,32.9023,33.5285,34.2805,35.8048,39.3874,6.5145,2.73083,1.12804,-0.869513,138.532,142.978,148.217,148.217
20.769842386245728,-0.6331113561804872,0.49999237060546875,0.0,3,-0.0238662,3.0,16105.8,160.055,16.3765,0.419007,14.061,20.8449,23.9559,26.6293,28.4329,29.4362,30.0094,30.5346,30.9239,31.3258,31.7407,32.1692,32.7931,33.5429,35.0642,38.6482,46.9204,3.41847,1.32227,-0.849867,138.648,142.618,155.378,155.378
20.7905216217041,-0.6320114233181346,0.49999237060546875,0.0,3,-0.0403876,3.0,15598.0,160.385,15.608,0.285084,13.7642,20.3021,23.3183,25.9202,27.6884,28.6813,29.249,29.7692,30.1552,30.5536,30.965,31.3901,32.0095,32.754,34.2663,37.8369,46.1209,4.35852,1.54348,-0.828311,138.873,142.455,150.853,150.853
20.820295095443726,-0.6315014544455894,0.49999237060546875,0.0,3,-0.0578871,3.0,15374.7,160.538,14.5546,0.181245,13.4533,19.7356,22.6516,25.1772,26.9078,27.8862,28.4459,28.9591,29.3399,29.7331,30.1394,30.5592,31.1711,31.907,33.4032,36.9425,45.1919,5.79142,1.79416,-0.804935,139.183,142.42,148.614,148.614
20.839744806289673,-0.6312614690938033,0.9999847412109375,0.0,3,-0.0762036,3.0,15269.2,160.61,13.2773,0.117766,13.1315,19.1517,21.9634,24.4085,26.0991,27.0595,27.6092,28.1134,28.4876,28.8741,29.2735,29.6865,30.2885,31.0129,32.4866,35.9789,44.1517,9.59328,2.07663,-0.779845,139.54,142.454,147.563,147.563
20.861136436462402,-0.6303181933360889,0.49999237060546875,0.0,3,-0.094353,3.0,15977.9,160.893,12.0541,0.092302,12.8071,18.5709,21.2796,23.6444,25.2965,26.2386,26.7781,27.2731,27.6406,28.0203,28.4128,28.8186,29.4105,30.1231,31.5739,35.0179,43.1113,64.922,2.39192,-0.753079,139.931,142.601,154.187,154.187
20.88083267211914,-0.6291315990967025,0.9999847412109375,0.0,3,-0.110969,3.0,15419.7,161.249,11.088,0.0910048,12.489,18.0182,20.6322,22.923,24.5459,25.4741,26.0059,26.4941,26.8566,27.2314,27.6188,28.0197,28.6045,29.309,30.7448,34.1608,42.232,64.2952,2.73964,-0.72452,140.376,142.986,149.128,149.128
20.906477212905884,-0.6279150066883428,0.49999237060546875,0.0,3,-0.1268,3.0,15989.9,161.614,10.2384,0.103561,12.1712,17.4776,20.0011,22.2218,23.8211,24.737,25.2622,25.7445,26.1029,26.4735,26.8568,27.2534,27.8325,28.5305,29.9546,33.3517,41.4279,63.8704,3.12356,-0.694236,140.831,143.448,154.341,154.341
20.92387866973877,-0.6266850817604394,0.9999847412109375,0.0,3,-0.141328,3.0,15402.5,161.983,9.59764,0.123188,11.8555,16.9553,19.3948,21.5553,23.1367,24.0437,24.5642,25.0425,25.3981,25.766,26.1467,26.5408,27.1166,27.8112,29.2302,32.6256,40.7581,63.8163,3.54496,-0.662134,141.301,144.012,148.955,148.955
20.943938493728638,-0.6254651562221938,0.49999237060546875,0.0,3,-0.155543,3.0,15967.4,162.349,8.99083,0.146379,11.5351,16.4326,18.7892,20.8953,22.4586,23.3567,23.8725,24.3469,24.6998,25.065,25.4431,25.8348,26.4073,27.0986,28.5129,31.908,40.1047,63.8586,4.01112,-0.62832,141.755,144.53,154.129,154.129
20.97413682937622,-0.6242785619828074,0.9999847412109375,0.0,3,-0.168795,3.0,15403.8,162.705,8.53963,0.166674,11.2133,15.9196,18.1976,20.2593,21.8082,22.6996,23.2122,23.6839,24.035,24.3985,24.7751,25.1655,25.7365,26.4266,27.841,31.2488,39.5519,64.2403,4.52294,-0.592712,142.22,145.097,148.948,148.948
20.997567176818848,-0.623088634613535,0.49999237060546875,0.0,3,-0.181902,3.0,15986.9,163.062,8.11179,0.17923,10.8853,15.4023,17.6019,19.6252,21.1588,22.0429,22.5519,23.0207,23.3699,23.7316,24.1065,24.4954,25.0648,25.7535,27.1674,30.5877,39.0022,64.7275,5.0908,-0.555386,142.656,145.586,154.314,154.314
21.015607595443726,-0.6219420379327796,0.9999847412109375,0.0,3,-0.193922,3.0,15444.7,163.406,7.85141,0.182625,10.5552,14.8934,17.0187,19.0156,20.5377,21.4171,21.924,22.3913,22.7396,23.1007,23.4752,23.8639,24.4335,25.1233,26.5423,29.9905,38.5697,65.6816,5.71427,-0.516241,143.087,146.119,149.331,149.331
21.033931016921997,-0.6207987743819102,0.49999237060546875,0.0,3,-0.205602,3.0,16045.9,163.749,7.63691,0.17594,10.2192,14.3816,16.4362,18.4115,19.9221,20.7969,21.3018,21.7676,22.1151,22.4756,22.8499,23.2386,23.8086,24.5,25.9249,29.4047,38.1687,66.9081,6.40644,-0.4754,143.478,146.575,154.879,154.879
21.057556629180908,-0.619685509000014,0.9999847412109375,0.0,3,-0.216067,3.0,15509.7,164.083,7.59948,0.168555,9.88083,13.8779,15.8754,17.8347,19.3386,20.2118,20.7165,21.1828,21.5309,21.8923,22.2678,22.6582,23.2313,23.9274,25.3656,28.8978,37.9228,68.8843,7.1658,-0.432756,143.858,147.078,149.957,149.957
21.081795692443848,-0.6185789098778895,0.49999237060546875,0.0,3,-0.226156,3.0,16116.9,164.415,7.59416,0.159997,9.53623,13.3703,15.3204,17.2634,18.7607,19.6326,20.1374,20.6043,20.9532,21.3158,21.6928,22.0852,22.6618,23.3633,24.8165,28.4077,37.7297,71.4071,8.0134,-0.388446,144.195,147.497,155.563,155.563
21.110471725463867,-0.6175056420546242,0.9999847412109375,0.0,3,-0.235039,3.0,15582.5,164.737,7.74507,0.153482,9.18831,12.8678,14.7851,16.7169,18.2124,19.086,19.5928,20.0622,20.4133,20.7786,21.1588,21.5548,22.1378,22.8482,24.3244,27.9987,37.7158,75.1399,8.9495,-0.34241,144.519,147.953,150.662,150.662
21.12513279914856,-0.616435707361245,0.49999237060546875,0.0,3,-0.24372,3.0,16193.7,165.058,7.89057,0.149487,8.83303,12.3587,14.2517,16.1709,17.6639,18.539,19.0477,19.5195,19.8728,20.2408,20.6243,21.0242,21.6137,22.3335,23.8341,27.5982,37.7585,79.9228,9.98957,-0.29477,144.805,148.315,156.301,156.301
21.148539781570435,-0.6153991039667247,0.9999847412109375,0.0,3,-0.251462,3.0,15658.7,165.369,8.15551,0.146128,8.47293,11.8596,13.7331,15.6433,17.1373,18.0165,18.5286,19.0044,19.3613,19.7334,20.1216,20.527,21.1256,21.858,23.3908,27.27,37.9948,86.8843,10.9448,-0.245467,145.09,148.712,151.4,151.4
21.169842958450317,-0.6143658337020905,0.49999237060546875,0.0,3,-0.259216,3.0,16272.7,165.679,8.37277,0.145744,8.10451,11.3611,13.2115,15.1096,16.6025,17.4846,17.9997,18.4791,18.8391,19.215,19.6077,20.0184,20.6257,21.3707,22.9358,26.9352,38.2858,96.2004,11.81,-0.194632,145.343,149.011,157.063,157.063
21.18800711631775,-0.6133525622167718,0.9999847412109375,0.0,3,-0.26624,3.0,15734.4,165.983,8.67165,0.145179,7.73042,10.8717,12.7001,14.5879,16.0821,16.969,17.4882,17.9723,18.3366,18.7174,19.1158,19.533,20.1514,20.9118,22.5166,26.6623,38.7927,110.505,12.574,-0.142244,145.599,149.342,152.135,152.135
21.214396238327026,-0.6123426238613389,0.49999237060546875,0.0,3,-0.273511,3.0,16349.8,166.286,8.88928,0.14641,7.34765,10.3804,12.1818,14.0545,15.5464,16.4359,16.9582,17.4461,17.8139,18.1988,18.6023,19.0255,19.6539,20.4289,22.0722,26.367,39.3607,132.02,13.2734,-0.0884113,145.833,149.586,157.806,157.806
21.233423471450806,-0.6113426848955639,0.9999847412109375,0.0,3,-0.280261,3.0,15807.0,166.586,9.16231,0.14643,6.95852,9.89575,11.6698,13.5277,15.0184,15.9118,16.4379,16.9305,17.3024,17.6924,18.1018,18.532,19.1725,19.9646,21.6532,26.1248,40.1911,171.507,13.8932,-0.0330747,146.079,149.87,152.84,152.84
21.252535581588745,-0.6103427459297889,0.49999237060546875,0.0,3,-0.287358,3.0,16422.5,166.886,9.33456,0.147051,6.56091,9.40806,11.1488,12.9857,14.4702,15.3646,15.893,16.3888,16.7638,17.1578,17.5721,18.0084,18.6592,19.4669,21.1983,25.8477,41.1156,200.0,14.4669,0.0236251,146.311,150.079,158.508,158.508
21.27985429763794,-0.6093461400938996,0.9999847412109375,0.0,3,-0.294019,3.0,15874.6,167.185,9.5487,0.146052,6.15915,8.92589,10.632,12.4473,13.9259,14.8218,15.3529,15.8525,16.2312,16.6298,17.0498,17.4929,18.1558,18.9814,20.7623,25.621,42.4046,200.0,14.9765,0.0817528,146.561,150.339,153.497,153.497
21.296627521514893,-0.6083495342580104,0.49999237060546875,0.0,3,-0.301117,3.0,16488.9,167.484,9.6536,0.145456,5.76307,8.44081,10.1059,11.8922,13.359,14.2529,14.7847,15.2863,15.6674,16.0692,16.4934,16.942,17.615,18.4562,20.2829,25.3515,43.8795,200.0,15.4523,0.141155,146.801,150.535,159.149,159.149
21.32528567314148,-0.6073495952922355,0.9999847412109375,0.0,3,-0.307828,3.0,15936.0,167.784,9.79593,0.144398,5.37596,7.96112,9.58335,11.3394,12.7939,13.6861,14.2189,14.7228,15.1066,15.5121,15.9413,16.3961,17.0807,17.9399,19.8195,25.1368,45.9424,200.0,15.874,0.201925,147.062,150.79,154.092,154.092
21.343905210494995,-0.6063463231965743,0.49999237060546875,0.0,3,-0.300847,3.0,16547.9,168.085,9.82959,0.144609,4.99652,7.47947,9.0522,10.7702,12.2059,13.0922,13.6237,14.1278,14.5127,14.9204,15.3528,15.8122,16.5059,17.3804,19.3085,24.8775,48.437,200.0,16.2698,0.26311,147.316,150.989,159.721,159.721
21.3639874458313,-0.6053397179710275,0.9999847412109375,0.0,3,-0.287598,3.0,15990.7,168.387,9.90424,0.143928,4.62618,7.00341,8.52459,10.2026,11.6185,12.4989,13.0291,13.5336,13.92,14.3301,14.7663,15.2311,15.9353,16.8275,18.8123,24.6838,52.0592,180.346,16.6186,0.322546,147.591,151.252,154.623,154.623
21.390422105789185,-0.6043231133558229,0.49999237060546875,0.0,3,-0.274968,3.0,16598.9,168.692,9.87065,0.145878,4.26377,6.52611,7.98885,9.61851,11.007,11.8768,12.4031,12.9055,13.2912,13.7019,14.1398,14.6078,15.3196,16.2261,18.2618,24.4432,56.8139,146.249,16.9474,0.379953,147.86,151.463,160.216,160.216
21.414564609527588,-0.6033031756107323,0.9999847412109375,0.0,3,-0.262119,3.0,16038.4,168.998,9.87903,0.147115,3.91096,6.05518,7.45719,9.03598,10.3956,11.2541,11.7762,12.2764,12.6618,13.0732,13.5132,13.985,14.7057,15.629,17.7248,24.2858,64.336,124.03,17.2343,0.435397,148.151,151.739,155.083,155.083
21.430572032928467,-0.6022732384759841,0.49999237060546875,0.0,3,-0.249871,3.0,16644.8,169.307,9.78497,0.149676,3.56669,5.58448,6.91889,8.43791,9.76035,10.6024,11.117,11.6121,11.9947,12.4044,12.8441,13.3172,14.043,14.9788,17.1278,24.0857,75.8855,109.401,17.5049,0.488774,148.437,151.965,160.661,160.661
21.46398425102234,-0.6012433013412357,0.9999847412109375,0.0,3,-0.237359,3.0,16083.3,169.616,9.74209,0.150835,3.23227,5.12077,6.38515,7.84143,9.12441,9.94881,10.4556,10.9452,11.3251,11.7332,12.1727,12.6475,13.3798,14.3307,16.5438,24.0047,98.8277,98.1909,17.7368,0.540183,148.744,152.259,155.516,155.516
21.480642318725586,-0.6002033648168296,0.49999237060546875,0.0,3,-0.225385,3.0,16688.8,169.928,9.60938,0.152805,2.90711,4.65921,5.84698,7.23143,8.46613,9.26706,9.7624,10.2431,10.6175,11.0212,11.4578,11.9312,12.6656,13.6266,15.8962,23.9064,154.473,89.9477,17.9537,0.589492,149.044,152.503,161.088,161.088
21.498237371444702,-0.5991667614223094,0.9999847412109375,0.0,3,-0.213071,3.0,16127.5,170.239,9.54115,0.153213,2.59232,4.20578,5.31449,6.62376,7.80727,8.58317,9.06629,9.53755,9.90627,10.3055,10.739,11.2115,11.9492,12.9232,15.264,24.0074,196.189,83.041,18.1332,0.636798,149.362,152.817,155.941,155.941
21.528080463409424,-0.5981201586381315,0.49999237060546875,0.0,3,-0.20122,3.0,16732.7,170.553,9.39601,0.154474,2.28738,3.75619,4.77951,6.0042,7.12684,7.87103,8.33775,8.7955,9.15536,9.54669,9.97376,10.4417,11.1772,12.1582,14.562,24.1632,200.0,77.6166,18.2986,0.681991,149.669,153.079,161.513,161.513
21.54735565185547,-0.5970835552436113,0.9999847412109375,0.0,3,-0.188956,3.0,16172.3,170.864,9.32731,0.154374,1.99309,3.31534,4.25056,5.38641,6.444,7.15392,7.60279,8.04581,8.39604,8.77884,9.19896,9.66208,10.3962,11.3869,13.873,24.7097,200.0,72.8059,18.428,0.725173,149.993,153.41,156.371,156.371
21.562959671020508,-0.5960336193295475,0.49999237060546875,0.0,3,-0.177096,3.0,16777.8,171.179,9.19137,0.155411,1.70929,2.87995,3.72081,4.75771,5.73908,6.40663,6.83244,7.25556,7.59208,7.96198,8.37043,8.82377,9.54902,10.5411,13.0996,25.5517,200.0,68.8576,18.5438,0.76622,150.302,153.686,161.95,161.95
21.596412420272827,-0.5673325055098534,0.9999847412109375,0.0,3,-0.16477,3.0,16218.6,171.488,9.13966,0.155258,1.43659,2.45393,3.19716,4.1293,5.02793,5.64858,6.04851,6.44908,6.76994,7.12498,7.51993,7.96187,8.67688,9.67122,12.326,27.4438,200.0,65.2218,18.625,0.80522,150.626,154.028,156.816,156.816
21.61223340034485,-0.5393606808405214,0.49999237060546875,0.0,3,-0.152824,3.0,16824.7,171.805,9.02627,0.156448,1.17488,2.03463,2.67373,3.48948,4.29138,4.85434,5.22113,5.59171,5.89092,6.22445,6.59855,7.02107,7.71352,8.69517,11.4278,30.9187,200.0,62.1492,18.6942,0.842075,151.078,154.436,162.404,162.404
21.63601279258728,-0.5296225798237324,0.9999847412109375,0.0,3,-0.140255,3.0,16266.5,172.106,8.97883,0.214905,0.924781,1.62559,2.15671,2.84826,3.54349,4.041,4.36944,4.70479,4.97815,5.28566,5.63412,6.03227,6.69552,7.65938,10.4984,40.8667,162.899,59.2091,18.7275,0.876848,151.638,155.028,157.277,157.277
21.648924350738525,-0.5287056081744035,0.49999237060546875,0.0,3,-0.127604,3.0,16873.5,172.414,8.93501,0.245792,0.686945,1.22643,1.64382,2.19917,2.77157,3.19016,3.47072,3.76072,3.99981,4.27171,4.58365,4.94513,5.55969,6.48141,9.41174,100.097,140.149,56.5478,18.7388,0.909399,152.118,155.527,162.88,162.88
21.671257495880127,-0.5278035224284727,0.9999847412109375,0.0,3,-0.114317,3.0,16305.1,172.717,8.97095,0.34302,0.461219,0.837482,1.1354,1.54168,1.9728,2.29636,2.51726,2.74911,2.94299,3.16656,3.42717,3.73483,4.27231,5.1144,8.11894,189.877,122.54,53.9859,18.7169,0.939799,152.524,156.012,157.67,157.67
21.695757150650024,-0.5268627333337069,0.49999237060546875,0.0,3,-0.101225,3.0,16914.9,173.033,8.98758,0.398638,0.248544,0.459191,0.63007,0.869383,1.13161,1.33429,1.47566,1.62675,1.75528,1.90601,2.08525,2.30188,2.69405,3.3462,6.13267,197.704,109.324,51.7063,18.6816,0.967899,152.853,156.37,163.117,163.117
21.71825933456421,-0.5257462905788423,0.9999847412109375,0.0,3,-0.0892571,3.0,16288.1,173.408,8.80955,0.543595,0.0482242,0.0905718,0.125745,0.176326,0.233608,0.279273,0.311878,0.347425,0.378254,0.415123,0.459994,0.515785,0.621372,0.811337,1.90321,200.0,99.7804,49.8479,18.6554,0.993833,153.215,156.638,157.492,157.492
21.744455575942993,-0.524847182013591,0.49999237060546875,0.0,3,-0.0785476,3.0,16941.9,173.71,8.47488,0.582365,-1.0,-1.0,-1.0,-1.0,-1.0,-1.0,-1.0,-1.0,-1.0,-1.0,-1.0,-1.0,-1.0,-1.0,-1.0,-1.0,-1.0,-1.0,-1.0,1.01746,153.587,156.853,163.611,163.611
21.763521432876587,-0.5236295151156187,0.9999847412109375,0.0,3,-0.0682386,3.0,16332.0,174.119,8.21021,0.613678,-1.0,-1.0,-1.0,-1.0,-1.0,-1.0,-1.0,-1.0,-1.0,-1.0,-1.0,-1.0,-1.0,-1.0,-1.0,-1.0,-1.0,-1.0,-1.0,1.03897,153.979,157.091,157.919,157.919
21.782374143600464,-0.5224267341210445,0.49999237060546875,0.0,3,-0.062281,3.0,17072.5,174.523,7.82722,0.227108,-1.0,-1.0,-1.0,-1.0,-1.0,-1.0,-1.0,-1.0,-1.0,-1.0,-1.0,-1.0,-1.0,-1.0,-1.0,-1.0,-1.0,-1.0,-1.0,1.05867,154.482,157.103,164.551,164.551
21.802844285964966,-0.49637767845811326,0.9999847412109375,0.0,3,-0.0563828,3.0,16890.4,174.65,7.6744,-0.267449,-1.0,-1.0,-1.0,-1.0,-1.0,-1.0,-1.0,-1.0,-1.0,-1.0,-1.0,-1.0,-1.0,-1.0,-1.0,-1.0,-1.0,-1.0,-1.0,1.07715,154.936,157.192,163.346,163.346
21.831045627593994,-0.4786987433236961,0.49999237060546875,0.0,3,-0.0491861,3.0,17614.6,174.988,7.73149,-0.615156,-1.0,-1.0,-1.0,-1.0,-1.0,-1.0,-1.0,-1.0,-1.0,-1.0,-1.0,-1.0,-1.0,-1.0,-1.0,-1.0,-1.0,-1.0,-1.0,1.09444,155.383,157.386,169.945,169.945
21.84995436668396,-0.4610222695335187,0.9999847412109375,0.0,3,-0.0413753,3.0,16886.6,175.458,7.76316,-0.603513,-1.0,-1.0,-1.0,-1.0,-1.0,-1.0,-1.0,-1.0,-1.0,-1.0,-1.0,-1.0,-1.0,-1.0,-1.0,-1.0,-1.0,-1.0,-1.0,1.11051,155.879,157.699,163.399,163.399
21.87420082092285,-0.42817254058509124,0.49999237060546875,0.0,3,-0.0324149,3.0,17353.3,175.835,7.52247,-0.131061,-1.0,-1.0,-1.0,-1.0,-1.0,-1.0,-1.0,-1.0,-1.0,-1.0,-1.0,-1.0,-1.0,-1.0,-1.0,-1.0,-1.0,-1.0,-1.0,1.12496,156.494,158.408,167.462,167.462
21.892401456832886,-0.3894874377840757,0.9999847412109375,0.0,3,-0.0203617,3.0,16862.6,176.047,7.93525,-0.0387232,-1.0,-1.0,-1.0,-1.0,-1.0,-1.0,-1.0,-1.0,-1.0,-1.0,-1.0,-1.0,-1.0,-1.0,-1.0,-1.0,-1.0,-1.0,-1.0,1.13766,157.102,159.299,163.131,163.131
21.918673515319824,-0.3740017347929254,0.49999237060546875,0.0,3,-0.00753653,3.0,17476.4,176.381,8.65623,-0.0604152,-1.0,-1.0,-1.0,-1.0,-1.0,-1.0,-1.0,-1.0,-1.0,-1.0,-1.0,-1.0,-1.0,-1.0,-1.0,-1.0,-1.0,-1.0,-1.0,1.14873,157.629,159.78,168.6,168.6
21.935501098632812,-0.3375883232182792,0.9999847412109375,0.0,3,0.00321615,3.0,16706.0,176.799,8.77081,0.492346,-1.0,-1.0,-1.0,-1.0,-1.0,-1.0,-1.0,-1.0,-1.0,-1.0,-1.0,-1.0,-1.0,-1.0,-1.0,-1.0,-1.0,-1.0,-1.0,1.15814,158.167,160.227,161.791,161.791
21.962170839309692,-0.30349841102957725,0.49999237060546875,0.0,3,0.0130837,3.0,17503.6,177.0,8.63393,0.687984,-1.0,-1.0,-1.0,-1.0,-1.0,-1.0,-1.0,-1.0,-1.0,-1.0,-1.0,-1.0,-1.0,-1.0,-1.0,-1.0,-1.0,-1.0,-1.0,1.16554,158.841,160.932,168.417,168.417
21.98237705230713,-0.22947792715787885,0.9999847412109375,0.0,3,0.0232171,3.0,17064.9,177.287,9.12022,0.282399,-1.0,-1.0,-1.0,-1.0,-1.0,-1.0,-1.0,-1.0,-1.0,-1.0,-1.0,-1.0,-1.0,-1.0,-1.0,-1.0,-1.0,-1.0,-1.0,1.17136,159.465,161.257,165.04,165.04
22.002185106277466,-0.14241821222139522,0.49999237060546875,0.0,3,0.03148,3.0,17620.1,177.734,9.24643,0.233947,-1.0,-1.0,-1.0,-1.0,-1.0,-1.0,-1.0,-1.0,-1.0,-1.0,-1.0,-1.0,-1.0,-1.0,-1.0,-1.0,-1.0,-1.0,-1.0,1.17589,160.266,161.549,170.067,170.067
22.023395538330078,-0.06978630440667272,0.9999847412109375,0.0,3,0.0393034,3.0,17000.2,178.113,8.97487,0.501367,-1.0,-1.0,-1.0,-1.0,-1.0,-1.0,-1.0,-1.0,-1.0,-1.0,-1.0,-1.0,-1.0,-1.0,-1.0,-1.0,-1.0,-1.0,-1.0,1.17881,161.414,162.755,164.35,164.35
22.044458389282227,-0.016267285102124638,0.49999237060546875,0.0,3,0.0471686,3.0,17892.8,178.339,9.17031,0.186677,-1.0,-1.0,-1.0,-1.0,-1.0,-1.0,-1.0,-1.0,-1.0,-1.0,-1.0,-1.0,-1.0,-1.0,-1.0,-1.0,-1.0,-1.0,-1.0,1.18022,162.271,163.647,172.999,172.999
22.072075843811035,-0.00463900746870786,0.9999847412109375,0.0,3,0.052617,3.0,17306.1,178.868,9.19758,-0.229497,-1.0,-1.0,-1.0,-1.0,-1.0,-1.0,-1.0,-1.0,-1.0,-1.0,-1.0,-1.0,-1.0,-1.0,-1.0,-1.0,-1.0,-1.0,-1.0,1.18056,163.063,163.927,167.19,167.19
22.09013867378235,-0.0025234192621707914,0.9999847412109375,0.0,3,0.0537562,3.0,17535.3,179.586,8.03073,0.239265,-1.0,-1.0,-1.0,-1.0,-1.0,-1.0,-1.0,-1.0,-1.0,-1.0,-1.0,-1.0,-1.0,-1.0,-1.0,-1.0,-1.0,-1.0,-1.0,1.17962,164.129,164.451,169.359,169.359
22.115612745285034,-0.0025146679812669756,0.49999237060546875,0.0,3,0.05439,3.0,17989.8,180.177,7.02157,0.287624,-1.0,-1.0,-1.0,-1.0,-1.0,-1.0,-1.0,-1.0,-1.0,-1.0,-1.0,-1.0,-1.0,-1.0,-1.0,-1.0,-1.0,-1.0,-1.0,1.17728,164.996,165.07,173.912,173.912
22.13415765762329,-0.0045894544590264555,0.9999847412109375,0.0,3,0.0538431,3.0,17526.1,180.696,6.18682,-0.307045,-1.0,-1.0,-1.0,-1.0,-1.0,-1.0,-1.0,-1.0,-1.0,-1.0,-1.0,-1.0,-1.0,-1.0,-1.0,-1.0,-1.0,-1.0,-1.0,1.17397,165.684,165.305,169.231,169.231
22.155205488204956,-0.015960439230548216,0.9999847412109375,0.0,3,0.0514548,3.0,17582.7,181.577,4.81615,0.0543907,-1.0,-1.0,-1.0,-1.0,-1.0,-1.0,-1.0,-1.0,-1.0,-1.0,-1.0,-1.0,-1.0,-1.0,-1.0,-1.0,-1.0,-1.0,-1.0,1.16979,166.473,165.746,169.896,169.896
22.18344283103943,-0.04582188695669173,0.9999847412109375,0.0,3,0.0498754,3.0,17909.0,182.24,3.64017,0.360354,-1.0,-1.0,-1.0,-1.0,-1.0,-1.0,-1.0,-1.0,-1.0,-1.0,-1.0,-1.0,-1.0,-1.0,-1.0,-1.0,-1.0,-1.0,-1.0,1.16461,167.171,166.72,173.155,173.155
22.198819875717163,-0.06787688141584396,0.49999237060546875,0.0,3,0.0494233,3.0,18502.1,182.816,2.90132,-0.0612571,-1.0,-1.0,-1.0,-1.0,-1.0,-1.0,-1.0,-1.0,-1.0,-1.0,-1.0,-1.0,-1.0,-1.0,-1.0,-1.0,-1.0,-1.0,-1.0,1.15865,167.595,167.239,178.3,178.3
22.229105710983276,-0.06751594647243618,0.9999847412109375,0.0,3,0.0492624,3.0,17374.0,183.705,2.25666,-0.0514164,-1.0,-1.0,-1.0,-1.0,-1.0,-1.0,-1.0,-1.0,-1.0,-1.0,-1.0,-1.0,-1.0,-1.0,-1.0,-1.0,-1.0,-1.0,-1.0,1.15204,168.147,167.561,168.13,168.13
22.25142741203308,-0.04776146381091016,0.9999847412109375,0.0,3,0.0504489,3.0,17707.9,184.341,1.67828,0.443938,-1.0,-1.0,-1.0,-1.0,-1.0,-1.0,-1.0,-1.0,-1.0,-1.0,-1.0,-1.0,-1.0,-1.0,-1.0,-1.0,-1.0,-1.0,-1.0,1.14469,168.709,168.718,170.943,170.943
22.26442050933838,-0.020313727393746372,0.9999847412109375,0.0,3,0.053007,3.0,18173.3,184.925,1.63583,0.298291,-1.0,-1.0,-1.0,-1.0,-1.0,-1.0,-1.0,-1.0,-1.0,-1.0,-1.0,-1.0,-1.0,-1.0,-1.0,-1.0,-1.0,-1.0,-1.0,1.13664,169.233,169.451,175.734,175.734
22.29663395881653,-0.014160882554501295,0.49999237060546875,0.0,3,0.0540707,3.0,18563.3,185.631,1.5877,-0.163817,-1.0,-1.0,-1.0,-1.0,-1.0,-1.0,-1.0,-1.0,-1.0,-1.0,-1.0,-1.0,-1.0,-1.0,-1.0,-1.0,-1.0,-1.0,-1.0,1.12817,169.946,169.796,179.258,179.258
22.311296224594116,-0.009127527932326,0.9999847412109375,0.0,3,0.0544517,3.0,17459.5,186.453,1.28368,0.283548,-1.0,-1.0,-1.0,-1.0,-1.0,-1.0,-1.0,-1.0,-1.0,-1.0,-1.0,-1.0,-1.0,-1.0,-1.0,-1.0,-1.0,-1.0,-1.0,1.11932,170.879,170.674,168.75,168.75
22.338343858718872,-0.009102748374144237,0.9999847412109375,0.0,3,0.0545201,3.0,18146.5,186.897,1.03295,0.279312,-1.0,-1.0,-1.0,-1.0,-1.0,-1.0,-1.0,-1.0,-1.0,-1.0,-1.0,-1.0,-1.0,-1.0,-1.0,-1.0,-1.0,-1.0,-1.0,1.11011,171.408,171.279,175.164,175.164
22.35296869277954,-0.009062397877375285,0.9999847412109375,0.0,3,0.0529863,3.0,18469.7,187.62,0.608632,0.00642615,-1.0,-1.0,-1.0,-1.0,-1.0,-1.0,-1.0,-1.0,-1.0,-1.0,-1.0,-1.0,-1.0,-1.0,-1.0,-1.0,-1.0,-1.0,-1.0,1.10066,172.081,171.599,178.428,178.428
22.37872862815857,-0.009009713411331178,0.9999847412109375,0.0,3,0.0510983,3.0,18405.1,188.564,0.141563,0.197328,-1.0,-1.0,-1.0,-1.0,-1.0,-1.0,-1.0,-1.0,-1.0,-1.0,-1.0,-1.0,-1.0,-1.0,-1.0,-1.0,-1.0,-1.0,-1.0,1.09103,172.905,172.233,177.863,177.863
22.406326293945312,-0.006000831479420885,0.9999847412109375,0.0,3,0.0496346,3.0,18538.5,189.371,-0.182605,0.330412,-1.0,-1.0,-1.0,-1.0,-1.0,-1.0,-1.0,-1.0,-1.0,-1.0,-1.0,-1.0,-1.0,-1.0,-1.0,-1.0,-1.0,-1.0,-1.0,1.08128,173.726,173.137,178.976,178.976
22.421156406402588,-0.002367895229458809,0.49999237060546875,0.0,3,0.0471716,3.0,18841.2,190.089,-0.599415,0.0688832,-1.0,-1.0,-1.0,-1.0,-1.0,-1.0,-1.0,-1.0,-1.0,-1.0,-1.0,-1.0,-1.0,-1.0,-1.0,-1.0,-1.0,-1.0,-1.0,1.07149,174.484,173.705,181.956,181.956
22.44598078727722,-0.0018350469264946882,0.9999847412109375,0.0,3,0.0441518,3.0,17890.6,190.814,-1.02234,0.189494,-1.0,-1.0,-1.0,-1.0,-1.0,-1.0,-1.0,-1.0,-1.0,-1.0,-1.0,-1.0,-1.0,-1.0,-1.0,-1.0,-1.0,-1.0,-1.0,1.06175,175.231,174.361,173.06,173.06
22.474247932434082,-0.0006581813461581866,0.9999847412109375,0.0,3,0.0418603,3.0,18467.1,191.346,-1.2072,0.324957,-1.0,-1.0,-1.0,-1.0,-1.0,-1.0,-1.0,-1.0,-1.0,-1.0,-1.0,-1.0,-1.0,-1.0,-1.0,-1.0,-1.0,-1.0,-1.0,1.05222,175.706,175.247,178.239,178.239
22.488966941833496,0.0,0.9999847412109375,0.0,3,0.0387614,3.0,18741.7,192.085,-1.5201,0.32444,-1.0,-1.0,-1.0,-1.0,-1.0,-1.0,-1.0,-1.0,-1.0,-1.0,-1.0,-1.0,-1.0,-1.0,-1.0,-1.0,-1.0,-1.0,-1.0,1.04292,176.357,175.809,181.022,181.022
22.51670789718628,0.0009748250847806532,0.9999847412109375,0.0,3,0.0349579,3.0,18826.0,192.946,-1.91322,0.351769,-1.0,-1.0,-1.0,-1.0,-1.0,-1.0,-1.0,-1.0,-1.0,-1.0,-1.0,-1.0,-1.0,-1.0,-1.0,-1.0,-1.0,-1.0,-1.0,1.0339,177.146,176.477,181.854,181.854
22.536810398101807,0.009786366296472648,0.9999847412109375,0.0,3,0.03298,3.0,18435.7,194.187,-1.83571,0.524329,-1.0,-1.0,-1.0,-1.0,-1.0,-1.0,-1.0,-1.0,-1.0,-1.0,-1.0,-1.0,-1.0,-1.0,-1.0,-1.0,-1.0,-1.0,-1.0,1.02528,178.005,177.495,178.113,178.113
22.558907985687256,0.01907136521106586,0.9999847412109375,0.0,3,0.0317976,3.0,18553.6,195.07,-1.59363,0.377958,-1.0,-1.0,-1.0,-1.0,-1.0,-1.0,-1.0,-1.0,-1.0,-1.0,-1.0,-1.0,-1.0,-1.0,-1.0,-1.0,-1.0,-1.0,-1.0,1.01713,178.78,178.342,179.271,179.271
22.577012062072754,0.03337024303698913,0.9999847412109375,0.0,3,0.0302491,3.0,18680.7,195.938,-1.40707,0.224846,-1.0,-1.0,-1.0,-1.0,-1.0,-1.0,-1.0,-1.0,-1.0,-1.0,-1.0,-1.0,-1.0,-1.0,-1.0,-1.0,-1.0,-1.0,-1.0,1.00942,179.602,179.21,180.556,180.556
22.599571466445923,0.037387206486935415,0.9999847412109375,0.0,3,0.0277407,3.0,18781.5,196.824,-1.34916,0.0607179,-1.0,-1.0,-1.0,-1.0,-1.0,-1.0,-1.0,-1.0,-1.0,-1.0,-1.0,-1.0,-1.0,-1.0,-1.0,-1.0,-1.0,-1.0,-1.0,1.0022,180.49,179.933,181.54,181.54
22.617884635925293,0.041599824172351516,0.9999847412109375,0.0,3,0.0242968,3.0,18839.9,197.73,-1.43673,-0.0562311,0.0389327,0.0887686,0.145869,0.274791,0.590158,1.38879,4.99694,137.183,143.736,148.707,152.897,156.591,161.186,165.843,128.025,82.0378,51.6944,34.3619,16.5357,0.995525,181.411,180.676,182.107,182.107
22.644561052322388,0.04364708359883477,0.9999847412109375,0.0,3,0.0202038,3.0,18876.1,198.643,-1.57324,-0.107712,0.0913063,0.206416,0.33622,0.62132,1.2754,2.69967,6.68092,131.774,139.864,145.335,149.799,153.673,158.443,163.241,170.957,84.1231,52.4392,34.6391,16.5501,0.989459,182.316,181.452,182.443,182.443
22.662145376205444,0.0457350173581702,0.9999847412109375,0.0,3,0.0157069,3.0,18927.2,199.534,-1.70729,-0.0807277,0.137039,0.306966,0.495356,0.897448,1.76345,3.41541,6.82989,54.6082,135.221,141.528,146.381,150.495,155.487,160.46,168.395,86.6148,53.3244,34.9747,16.5774,0.984105,183.196,182.29,182.905,182.905
22.68971586227417,0.045472095568431535,0.9999847412109375,0.0,3,0.0110877,3.0,19003.9,200.399,-1.79489,-0.00535246,0.17564,0.389797,0.623238,1.10783,2.09248,3.77418,6.6092,19.293,129.361,137.312,142.722,147.143,152.404,157.577,165.757,89.3918,54.2972,35.3455,16.6137,0.979531,184.042,183.153,183.579,183.579
22.707221508026123,0.03844953251972794,0.9999847412109375,0.0,4,0.00632763,3.0,19130.1,201.221,-1.89301,0.0479816,0.206585,0.454192,0.719569,1.25577,2.28789,3.89174,6.21872,13.0467,60.5041,132.418,138.729,143.569,149.165,154.575,163.032,92.5096,55.3714,35.7564,16.6602,0.975808,184.858,183.952,184.739,184.739
22.729432344436646,0.02139552707413522,0.9999847412109375,0.0,4,0.00215614,4.0,15434.0,201.433,-1.86146,0.148212,0.229675,0.500895,0.787426,1.35351,2.39706,3.90819,5.89052,10.5942,24.664,126.976,134.772,140.115,146.069,151.715,160.433,95.4603,56.3657,36.1347,16.7054,0.972991,185.424,184.565,178.133,177.309
22.753438711166382,0.0027562475632131097,0.9999847412109375,0.0,4,-0.000824332,4.0,15404.2,201.116,-1.73752,0.1803,0.245769,0.532954,0.833317,1.41765,2.46431,3.91352,5.7044,9.51644,18.2108,120.777,131.337,137.166,143.421,149.251,158.161,97.6949,57.1017,36.4116,16.7384,0.971012,185.182,184.551,177.692,177.073
22.779232263565063,-0.005574834421854466,0.9999847412109375,0.0,4,-0.00243938,4.0,14864.7,200.774,-1.5453,0.213682,0.2567,0.554959,0.865234,1.46396,2.52053,3.95074,5.66763,9.1475,16.2959,74.5913,128.784,134.933,141.361,147.287,156.293,98.939,57.5017,36.5589,16.7542,0.969674,184.749,184.411,176.926,176.444
22.797677040100098,-0.0214417940787971,0.9999847412109375,0.0,4,-0.00275803,4.0,15383.6,201.068,-1.26641,0.268455,0.264025,0.570453,0.888891,1.5024,2.58191,4.03687,5.77394,9.26317,16.3011,67.8777,127.268,133.454,139.891,145.817,154.817,99.1577,57.5635,36.5767,16.7521,0.968799,184.546,184.486,182.973,182.973
22.81686520576477,-0.022990386875237648,0.9999847412109375,0.0,4,-0.00179446,4.0,15434.4,201.715,-0.960686,0.191696,0.269591,0.583539,0.910833,1.54445,2.66919,4.2053,6.07032,9.92236,18.1516,106.423,126.813,132.73,139.008,144.833,153.726,98.3364,57.282,36.4621,16.7305,0.968171,184.907,185.079,183.755,183.755
22.843949556350708,-0.022889144520113865,0.9999847412109375,0.0,4,0.000268579,4.0,15490.6,202.368,-0.540483,0.129239,0.27502,0.597625,0.936273,1.59878,2.79781,4.48469,6.61329,11.3139,22.9861,118.465,127.119,132.595,138.598,144.25,152.956,96.6594,56.7101,36.2332,16.6911,0.967597,185.383,185.8,184.21,184.21
22.863705158233643,-0.02278542149472671,0.9999847412109375,0.0,4,0.00269818,4.0,15524.5,203.037,-0.148789,0.0488686,0.280808,0.61305,0.964696,1.66141,2.95275,4.83889,7.34264,13.4212,32.8485,120.388,127.51,132.581,138.304,143.773,152.276,94.7592,56.053,35.9687,16.6457,0.966996,185.909,186.427,184.516,184.516
22.880796194076538,-0.022680768217990796,0.9999847412109375,0.0,4,0.00535572,4.0,15540.4,203.712,0.177263,0.109147,0.288292,0.632634,1.00044,1.73964,3.1478,5.29837,8.3397,16.7607,60.1493,121.705,127.881,132.6,138.058,143.345,151.642,92.7578,55.3478,35.6814,16.5952,0.966207,186.504,187.086,184.654,184.654
22.902704000473022,-0.020968131585046648,0.9999847412109375,0.0,4,0.00800288,4.0,15587.5,204.358,0.423049,0.166511,0.298163,0.657688,1.04529,1.8358,3.38572,5.87092,9.65285,22.1305,113.207,122.562,128.106,132.536,137.762,142.882,150.984,90.8327,54.6549,35.3948,16.5429,0.965144,187.104,187.681,185.207,185.207
22.930488348007202,-0.013741255592321975,0.9999847412109375,0.0,4,0.0104531,4.0,15643.1,204.995,0.592037,0.20653,0.310637,0.688527,1.0995,1.9495,3.66362,6.55167,11.3105,31.0487,115.661,123.012,128.116,132.318,137.348,142.323,150.252,89.1021,54.0179,35.1266,16.4917,0.963776,187.718,188.247,185.864,185.864
22.94927668571472,-0.007110112045363834,0.9999847412109375,0.0,4,0.0124356,4.0,15700.7,205.63,0.694538,0.220854,0.326049,0.72555,1.16316,2.07882,3.97005,7.29874,13.2102,45.3726,116.528,123.006,127.813,131.847,136.727,141.588,149.377,87.7207,53.4962,34.9016,16.4454,0.962056,188.357,188.783,186.549,186.549
22.975345373153687,-0.00536962510525249,0.9999847412109375,0.0,4,0.0137408,4.0,15755.2,206.267,0.707559,0.217071,0.343825,0.767112,1.23299,2.21547,4.2781,8.02187,15.0515,64.5811,116.48,122.511,127.135,131.06,135.838,140.618,148.307,86.7942,53.1339,34.7392,16.4076,0.96004,189.016,189.301,187.2,187.2
22.993278741836548,-0.004582983962545792,0.9999847412109375,0.0,4,0.0145024,4.0,15805.3,206.907,0.635098,0.205914,0.36383,0.812991,1.30874,2.35904,4.58569,8.70365,16.7138,85.9094,115.889,121.67,126.18,130.032,134.741,139.466,147.085,86.2126,52.8943,34.6253,16.3763,0.957749,189.662,189.831,187.797,187.797
23.01516056060791,-0.003219076644033194,0.9999847412109375,0.0,4,0.0150062,4.0,15852.4,207.548,0.532268,0.19445,0.385743,0.862834,1.39039,2.51153,4.90398,9.38533,18.3197,103.871,115.065,120.671,125.095,128.892,133.545,138.226,145.789,85.7873,52.7096,34.5325,16.3472,0.955227,190.28,190.392,188.357,188.357
23.035858154296875,-0.0012277920010189216,0.9999847412109375,0.0,4,0.01535,4.0,15898.4,208.188,0.440406,0.184997,0.409316,0.916199,1.47741,2.6726,5.23462,10.0763,19.8988,104.347,114.105,119.577,123.931,127.681,132.289,136.931,144.446,85.4552,52.5571,34.4517,16.319,0.952508,190.888,190.963,188.904,188.904
23.05860924720764,0.0,0.9999847412109375,0.0,4,0.0155118,4.0,15944.2,208.828,0.353699,0.177027,0.434186,0.972186,1.56821,2.8388,5.56827,10.7482,21.3454,103.861,113.004,118.38,122.681,126.394,130.965,135.576,143.05,85.2296,52.4426,34.3855,16.2924,0.949631,191.495,191.533,189.45,189.45
23.07954502105713,0.0,0.9999847412109375,0.0,4,0.0155193,4.0,15989.5,209.467,0.267835,0.172005,0.460042,1.0301,1.66165,3.00804,5.90064,11.3913,22.6284,102.979,111.79,117.097,121.358,125.042,129.583,134.168,141.609,85.0939,52.3602,34.3319,16.2672,0.946631,192.099,192.103,189.988,189.988
23.100494861602783,0.0,0.9999847412109375,0.0,4,0.0154533,4.0,16034.7,210.104,0.189292,0.170541,0.486571,1.08935,1.757,3.17977,6.23378,12.0208,23.824,101.944,110.524,115.773,119.999,123.659,128.172,132.734,140.144,84.9997,52.2924,34.2838,16.2425,0.94355,192.693,192.681,190.525,190.525
23.123570442199707,0.0,0.9999847412109375,0.0,4,0.0153756,4.0,16080.3,210.74,0.127741,0.172073,0.513694,1.1499,1.85435,3.35485,6.5724,12.657,25.0172,100.884,109.249,114.442,118.634,122.267,126.753,131.292,138.672,84.9095,52.2253,34.2356,16.2174,0.940399,193.28,193.264,191.066,191.066
23.143739223480225,0.0,0.9999847412109375,0.0,4,0.0153087,4.0,16126.3,211.374,0.0833659,0.175409,0.541178,1.21126,1.95304,3.53239,6.91604,13.3036,26.2348,99.8335,107.981,113.115,117.27,120.877,125.335,129.849,137.198,84.8107,52.1546,34.1856,16.1918,0.937205,193.862,193.848,191.612,191.612
23.16731858253479,0.0,0.9999847412109375,0.0,4,0.0152574,4.0,16172.7,212.006,0.0528977,0.17925,0.568986,1.27336,2.05297,3.71231,7.26495,13.9626,27.486,98.7968,106.721,111.792,115.909,119.489,123.918,128.407,135.722,84.7008,52.0794,34.1334,16.1656,0.933975,194.443,194.432,192.164,192.164
23.196376085281372,0.0005708454215154052,0.9999847412109375,0.0,4,0.0152206,4.0,16219.4,212.636,0.0327409,0.182577,0.596998,1.33595,2.15372,3.89389,7.61778,14.6317,28.767,97.7685,105.468,110.475,114.552,118.103,122.501,126.964,134.245,84.5807,52.0001,34.0795,16.139,0.930722,195.021,195.013,192.718,192.718
23.221503019332886,0.0015778635847568515,0.9999847412109375,0.0,4,0.0151548,4.0,16266.1,213.266,0.0204674,0.184846,0.625135,1.39873,2.25462,4.07519,7.96776,15.2869,29.9883,96.6889,104.194,109.139,113.179,116.702,121.071,125.508,132.755,84.4777,51.927,34.0279,16.1126,0.927452,195.603,195.589,193.273,193.273
23.234033346176147,0.0030779525131794314,0.9999847412109375,0.0,4,0.0150099,4.0,16312.7,213.894,0.00483606,0.185974,0.653207,1.46111,2.35448,4.25309,8.3048,15.8949,31.0298,95.5008,102.865,107.761,111.768,115.266,119.609,124.023,131.239,84.423,51.8719,33.9838,16.0876,0.924183,196.188,196.159,193.827,193.827
23.26075839996338,0.0036750472128391264,0.9999847412109375,0.0,4,0.0147654,4.0,16359.0,214.52,-0.0172738,0.186213,0.681152,1.52287,2.45279,4.4261,8.62384,16.4387,31.8346,94.1885,101.472,106.331,110.312,113.79,118.11,122.504,129.693,84.4293,51.8394,33.9492,16.0641,0.920919,196.775,196.725,194.378,194.378
23.28396463394165,0.0036580662595232334,0.9999847412109375,0.0,4,0.0144144,4.0,16405.1,215.146,-0.0456801,0.185958,0.708731,1.5834,2.54848,4.59202,8.91943,16.905,32.3733,92.7478,100.009,104.845,108.807,112.269,116.571,120.948,128.114,84.5025,51.832,33.9251,16.0426,0.917688,197.361,197.289,194.926,194.926
23.299452304840088,0.0036411395584543546,0.9999847412109375,0.0,4,0.0139968,4.0,16451.0,215.77,-0.079673,0.185604,0.735865,1.64264,2.6416,4.75154,9.19566,17.3124,32.7313,91.2276,98.5037,103.325,107.272,110.721,115.006,119.368,126.513,84.6191,51.8409,33.908,16.0224,0.9145,197.943,197.855,195.472,195.472
23.3235867023468,0.003624239983508984,0.9999847412109375,0.0,4,0.0135604,4.0,16496.8,216.393,-0.109001,0.185432,0.762475,1.70055,2.73233,4.90585,9.45858,17.6861,33.011,89.6859,96.9854,101.793,105.725,109.161,113.43,117.777,124.901,84.7507,51.8557,33.8936,16.003,0.911368,198.518,198.426,196.015,196.015
23.343657732009888,0.0030073956542524195,0.9999847412109375,0.0,4,0.0131234,4.0,16542.3,217.014,-0.131171,0.185583,0.788492,1.75703,2.82062,5.05527,9.71036,18.0358,33.2508,88.1449,95.4657,100.258,104.176,107.598,111.85,116.181,123.284,84.9807,51.8725,33.8804,15.9841,0.908303,199.09,198.997,196.557,196.557
23.365233421325684,0.0029933521256006014,0.9999847412109375,0.0,4,0.0127336,4.0,16587.9,217.635,-0.147343,0.186041,0.814094,1.81266,2.90767,5.20297,9.96124,18.3939,33.5538,86.6693,93.9753,98.7448,102.642,106.048,110.282,114.595,121.672,85.5445,51.8799,33.8636,15.9649,0.905288,199.656,199.573,197.098,197.098
23.388309478759766,0.0029793538257045053,0.9999847412109375,0.0,4,0.0123976,4.0,16633.3,218.254,-0.149311,0.186738,0.83913,1.86715,2.99308,5.34848,10.2111,18.7622,33.9248,85.2669,92.5174,97.2549,101.128,104.515,108.726,113.019,120.069,86.948,51.8768,33.843,15.9454,0.902341,200.22,200.147,197.638,197.638
23.41660165786743,0.0029654007545641316,0.9999847412109375,0.0,4,0.012085,4.0,16678.8,218.871,-0.146605,0.177579,0.863576,1.92035,3.07644,5.49048,10.4551,19.1236,34.3034,83.8978,91.0725,95.7732,99.6203,102.986,107.173,111.445,118.465,130.071,51.8703,33.8213,15.9262,0.899464,200.781,200.715,198.178,198.178
23.43863558769226,0.0029514476834237575,0.9999847412109375,0.0,4,0.0117847,4.0,16724.5,219.488,-0.142414,0.162863,0.887411,1.97217,3.15758,5.62847,10.6914,19.4722,34.6691,82.5469,89.6337,94.2946,98.1135,101.457,105.619,109.868,116.859,128.432,51.8628,33.7997,15.9073,0.896657,201.346,201.282,198.721,198.721
23.465318202972412,0.0029376755273062736,0.9999847412109375,0.0,4,0.0114863,4.0,16776.6,220.097,-0.138998,0.138377,0.910803,2.02295,3.23698,5.76308,10.9205,19.8061,35.0098,81.2026,88.195,92.8147,96.6045,99.9249,104.062,108.288,115.247,126.787,51.8562,33.7787,15.8888,0.893901,201.911,201.848,199.337,199.337
23.47589898109436,0.005575141290053725,0.9999847412109375,0.0,4,0.011183,4.0,16821.0,220.712,-0.13749,0.11122,0.933549,2.07222,3.31384,5.89276,11.1388,20.1173,35.3066,79.8545,86.7518,91.3295,95.0897,98.3869,102.498,106.7,113.627,125.133,51.8527,33.7595,15.871,0.891217,202.474,202.41,199.87,199.87
23.499485731124878,0.006340327799320222,0.9999847412109375,0.0,4,0.0107486,4.0,16864.0,221.325,-0.135735,0.093086,0.955488,2.11909,3.38591,6.0105,11.3218,20.3272,35.3225,78.3536,85.2287,89.7803,93.519,96.798,100.888,105.07,111.97,123.446,51.8818,33.7541,15.8559,0.888611,203.052,202.961,200.381,200.381
23.527276515960693,0.008043495814800261,0.9999847412109375,0.0,4,0.0101684,4.0,16906.2,221.936,-0.162154,0.0840687,0.976542,2.16329,3.45262,6.11487,11.4657,20.4271,35.0477,76.6805,83.6182,88.1614,91.8875,95.1537,99.227,103.393,110.27,121.723,51.9472,33.764,15.8437,0.88609,203.63,203.51,200.883,200.883
23.542882680892944,0.012082424955144526,0.9999847412109375,0.0,4,0.00945747,4.0,16948.7,222.546,-0.191738,0.0617633,0.996482,2.20435,3.5133,6.20503,11.5705,20.4256,34.5306,74.836,81.928,86.4796,90.2008,93.4591,97.5204,101.674,108.532,119.967,52.0466,33.7884,15.8345,0.883679,204.199,204.05,201.387,201.387
23.56255078315735,0.012024882375486195,0.9999847412109375,0.0,4,0.0084815,4.0,16992.1,223.153,-0.231554,0.0410719,1.0149,2.24078,3.56463,6.27193,11.6086,20.2458,33.5825,72.5768,80.0744,84.6717,88.4057,91.6666,95.7258,99.8749,106.723,118.15,52.213,33.8408,15.8306,0.881412,204.783,204.58,201.902,201.902
23.58844518661499,0.011968572173975406,0.9999847412109375,0.0,4,0.00727749,4.0,17048.1,223.747,-0.306403,-0.00108541,1.03151,2.27206,3.60608,6.31576,11.5859,19.9203,32.3366,69.6447,78.0706,82.7522,86.5155,89.7887,93.8544,98.0052,104.852,116.28,52.4403,33.9187,15.8318,0.879324,205.361,205.11,202.566,202.566
23.613253116607666,0.011911219190955162,0.9999847412109375,0.0,4,0.00597954,4.0,17089.6,224.352,-0.381383,-0.03676,1.04623,2.29865,3.63932,6.343,11.5277,19.5341,31.0424,64.0919,75.9894,80.7804,84.5816,87.8716,91.9479,96.103,102.951,114.383,52.6984,34.0099,15.8362,0.87744,205.925,205.652,203.063,203.063
23.629231452941895,0.0129824023293145,0.9999847412109375,0.0,4,0.0046618,4.0,17130.8,224.954,-0.440707,-0.058257,1.05895,2.32065,3.66509,6.35694,11.4475,19.1289,29.8044,58.2664,73.87,78.7895,82.6328,85.941,90.0288,94.1884,101.038,112.473,52.971,34.108,15.8429,0.875784,206.483,206.205,203.552,203.552
23.65143394470215,0.01292010972181335,0.9999847412109375,0.0,4,0.00331056,4.0,17171.4,225.554,-0.482328,-0.0697183,1.06939,2.3374,3.68229,6.35559,11.3412,18.6959,28.5944,53.2916,71.6941,76.7703,80.6619,83.9914,88.0923,92.2572,99.108,110.547,53.2626,34.215,15.8523,0.874389,207.039,206.753,204.035,204.035
23.67552089691162,0.012858024756337206,0.9999847412109375,0.0,4,0.00194502,4.0,17212.5,226.152,-0.517731,-0.0869004,1.07755,2.34906,3.69138,6.34038,11.2135,18.2468,27.4315,49.0375,69.464,74.7305,78.6761,82.0291,86.1441,90.3146,97.167,108.609,53.5691,34.329,15.8643,0.873257,207.587,207.298,204.523,204.523
23.699617624282837,0.012796251253898567,0.9999847412109375,0.0,4,0.000592232,4.0,17254.7,226.747,-0.540781,-0.0953413,1.08328,2.35545,3.69234,6.31211,11.0682,17.7918,26.3306,45.4051,67.1847,72.6811,76.6856,80.0631,84.1921,88.3677,95.2207,106.663,53.8846,34.448,15.8785,0.87241,208.135,207.848,205.023,205.023
23.726350784301758,0.011628530603572725,0.9999847412109375,0.0,4,-0.000765562,4.0,17304.8,227.334,-0.560064,-0.121861,1.08652,2.3564,3.68481,6.26991,10.9029,17.3231,25.2657,42.2044,64.8203,70.6115,74.6825,78.0866,82.2304,86.4111,93.2644,104.706,54.214,34.5739,15.8954,0.871854,208.678,208.39,205.619,205.619
23.74254560470581,0.007667336266177395,0.9999847412109375,0.0,4,-0.00208962,4.0,17346.9,227.925,-0.576077,-0.139686,1.08729,2.35216,3.66952,6.21604,10.7242,16.856,24.262,39.4253,62.3706,68.5402,72.6826,76.1134,80.2711,84.4557,91.3075,102.745,54.5476,34.7029,15.9143,0.871594,209.219,208.938,206.12,206.12
23.762994527816772,0.0032954171143472198,0.9999847412109375,0.0,4,-0.00318992,4.0,17388.0,228.515,-0.578509,-0.150021,1.08597,2.34444,3.65037,6.16101,10.5615,16.4581,23.447,37.3196,60.0157,66.573,70.7679,74.2137,78.3749,82.5558,89.3961,100.819,54.8349,34.8152,15.932,0.87161,209.741,209.506,206.609,206.609
23.78866219520569,0.0005024091325203576,0.9999847412109375,0.0,4,-0.00384855,4.0,17428.7,229.104,-0.537134,-0.15902,1.08315,2.33546,3.6322,6.11707,10.4469,16.1985,22.9418,36.0956,58.108,64.8391,69.0344,72.4689,76.6118,80.7732,87.5832,98.9696,55.0154,34.8873,15.9447,0.871859,210.237,210.092,207.093,207.093
23.80919075012207,-0.0007456951458659023,0.9999847412109375,0.0,4,-0.00408745,4.0,17469.9,229.691,-0.440046,-0.167575,1.07919,2.32589,3.6158,6.0847,10.3777,16.0624,22.7017,35.5734,56.7394,63.3308,67.4733,70.8707,74.9741,79.1008,85.8628,97.193,55.0914,34.92,15.9523,0.872297,210.734,210.676,207.581,207.581
23.83024263381958,-0.0017769098281860353,0.9999847412109375,0.0,4,-0.00403416,4.0,17514.8,230.273,-0.326352,-0.176193,1.07441,2.3158,3.60046,6.05994,10.3385,16.0082,22.6355,35.5015,55.7162,61.9734,66.0274,69.3703,73.4197,77.5014,84.2034,95.4635,55.1443,34.9252,15.9563,0.87287,211.241,211.247,208.112,208.112
23.852408170700073,-0.0038433611392974854,0.9999847412109375,0.0,4,-0.00379252,4.0,17558.1,230.854,-0.212574,-0.189726,1.06913,2.30547,3.58591,6.04022,10.319,16.0068,22.6814,35.7203,54.8386,60.7042,64.6501,67.9281,71.9152,75.9451,82.5794,93.7605,55.3163,34.9126,15.958,0.873525,211.755,211.803,208.63,208.63
23.87712264060974,-0.009354249015450478,0.9999847412109375,0.0,4,-0.00338781,4.0,17599.8,231.435,-0.112841,-0.199443,1.06371,2.29553,3.57299,6.02647,10.3192,16.0562,22.8335,36.2148,54.0359,59.5034,63.328,66.5337,70.4511,74.4243,80.9843,92.0788,55.6733,34.884,15.9574,0.874216,212.272,212.355,209.125,209.125
23.89859175682068,-0.015997070446610452,0.9999847412109375,0.0,4,-0.00265789,4.0,17641.0,232.013,-0.0186982,-0.204405,1.05887,2.28823,3.56619,6.02956,10.368,16.2232,23.2257,37.3311,53.4085,58.4422,62.1209,65.2396,69.0748,72.9814,79.4556,90.4495,56.2541,34.8217,15.9513,0.87488,212.77,212.922,209.615,209.615
23.915147066116333,-0.025986099243164064,0.9999847412109375,0.0,4,-0.00135398,4.0,17682.2,232.59,0.10368,-0.208645,1.05574,2.28708,3.57266,6.06695,10.5127,16.6221,24.0986,39.7491,53.0595,57.6152,61.1125,64.1226,67.8552,71.6796,78.0488,88.9197,57.1041,34.699,15.935,0.875412,213.239,213.509,210.105,210.105
23.93676233291626,-0.03277674317359924,0.9999847412109375,0.0,4,0.000807285,4.0,17724.0,233.162,0.278052,-0.209411,1.05551,2.29602,3.60058,6.15983,10.8158,17.419,25.8412,44.8031,53.0383,57.1013,60.3817,63.2577,66.8629,70.585,76.824,87.5412,58.3741,34.4872,15.9031,0.875707,213.673,214.12,210.601,210.601
23.9589684009552,-0.04035475254058838,0.9999847412109375,0.0,4,0.00388229,4.0,17767.7,233.729,0.531808,-0.211678,1.05962,2.31861,3.65656,6.32419,11.3284,18.7806,28.9446,48.1902,53.246,56.8591,59.9099,62.6359,66.0959,69.6993,75.7859,86.3208,100.932,34.1811,15.8536,0.875608,214.096,214.733,211.12,211.12
23.982056379318237,-0.0509344968944788,0.9999847412109375,0.0,4,0.0077697,4.0,17810.7,234.292,0.827413,-0.213521,1.06921,2.35739,3.74502,6.57138,12.0985,20.9212,34.2547,49.534,53.5607,56.7938,59.6249,62.1986,65.5061,68.9826,74.9027,85.2343,99.6669,33.793,15.7875,0.874975,214.519,215.33,211.631,211.631
24.00517463684082,-0.06028407849371434,0.9999847412109375,0.0,4,0.0125653,4.0,17854.1,234.848,1.14405,-0.214396,1.08607,2.41744,3.87648,6.93179,13.2524,24.4103,43.2034,50.5858,53.9849,56.899,59.5238,61.9482,65.0997,68.4437,74.1852,84.2942,98.5232,33.3165,15.7022,0.873624,214.92,215.922,212.146,212.146
24.02837347984314,-0.07042102552950383,0.9999847412109375,0.0,4,0.0183169,4.0,17897.8,235.396,1.5081,-0.212089,1.11209,2.50435,4.0631,7.4451,14.9947,30.4907,46.3502,51.5469,54.5061,57.1536,59.5896,61.8717,64.8684,68.0771,73.6327,83.5027,97.5056,32.7513,15.596,0.871362,215.309,216.509,212.666,212.666
24.048985958099365,-0.09005528092384339,0.9999847412109375,0.0,4,0.0249888,4.0,17941.9,235.934,1.90171,-0.206873,1.14915,2.62393,4.31834,8.16243,17.6751,40.8115,48.1894,52.4592,55.0947,57.5177,59.7866,61.9353,64.7842,67.8588,73.2257,82.8464,96.605,32.1062,15.4688,0.867998,215.685,217.079,213.189,213.189
24.0722496509552,-0.10235748291015626,0.9999847412109375,0.0,4,0.0328429,4.0,17985.8,236.459,2.31947,-0.19999,1.19999,2.78653,4.66871,9.19388,22.1904,44.5773,49.7445,53.4299,55.8083,58.0398,60.1572,62.1809,64.8872,67.8289,73.0041,82.3628,51.9021,31.3651,15.316,0.8633,215.996,217.631,213.711,213.711
24.095354318618774,-0.10555605925619603,0.9999847412109375,0.0,4,0.0418817,4.0,18031.0,236.969,2.82642,-0.190635,1.26717,3.00224,5.14299,10.6941,30.7121,46.927,51.1805,54.4539,56.626,58.6936,60.6749,62.5847,65.155,67.9689,72.953,82.0423,48.5063,30.5376,15.1371,0.857046,216.3,218.18,214.247,214.247
24.11746048927307,-0.10555605925619603,0.9999847412109375,0.0,4,0.0516186,4.0,18076.2,237.465,3.36362,-0.18334,1.35252,3.27757,5.76303,12.8483,39.7095,48.7279,52.4424,55.4141,57.4217,59.3519,61.2171,63.025,65.4729,68.1674,72.9701,81.7957,45.7525,29.6702,14.9388,0.849041,216.648,218.688,214.785,214.785
24.137555837631226,-0.10555605925619603,0.9999847412109375,0.0,4,0.0615356,4.0,18119.8,237.955,3.84526,-0.178846,1.45719,3.61715,6.54887,15.9253,42.7702,50.1219,53.4735,56.2179,58.0938,59.9116,61.6773,63.3973,65.7374,68.3243,72.9601,81.5368,43.4296,28.8044,14.7279,0.839154,217.049,219.146,215.304,215.304
24.15800166130066,-0.10555605925619603,0.9999847412109375,0.0,4,0.0713886,4.0,18160.8,238.439,4.21982,-0.164021,1.58265,4.02813,7.53146,20.4171,44.7399,51.1968,54.2846,56.8497,58.6188,60.3412,62.0224,63.6666,65.9107,68.4021,72.8855,81.2297,41.413,27.9554,14.507,0.827262,217.479,219.575,215.793,215.793
24.18118715286255,-0.10555605925619603,0.9999847412109375,0.0,4,0.0810574,4.0,18199.5,238.92,4.49668,-0.152924,1.7299,4.51786,8.74926,27.252,46.1523,52.0152,54.8972,57.3174,58.9959,60.6376,62.2459,63.8226,65.982,68.3869,72.7314,80.8596,39.6259,27.1279,14.2773,0.813306,217.92,219.984,216.255,216.255
24.20071840286255,-0.10555605925619603,0.9999847412109375,0.0,4,0.0904065,4.0,18231.4,239.403,4.65644,-0.130904,1.90003,5.09366,10.2461,33.4465,47.179,52.605,55.3221,57.62,59.2218,60.7938,62.3375,63.8549,65.9388,68.2649,72.4823,80.4106,38.0318,26.3261,14.0396,0.79721,218.378,220.382,216.635,216.635
24.228426694869995,-0.10555605925619603,0.9999847412109375,0.0,4,0.0994124,4.0,18266.6,239.882,4.71957,-0.112984,2.09399,5.76401,12.0797,36.0512,47.9211,53.0041,55.5827,57.7761,59.3112,60.821,62.3074,63.7721,65.787,68.0418,72.1419,79.8835,36.5903,25.547,13.7938,0.778932,218.843,220.777,217.053,217.053
24.244279861450195,-0.10555605925619603,0.9999847412109375,0.0,4,0.108184,4.0,18302.3,240.359,4.72687,-0.102057,2.31268,6.54038,14.3366,37.7395,48.4604,53.2606,55.719,57.821,59.2959,60.7501,62.185,63.6009,65.5524,67.7417,71.7323,79.2977,35.2541,24.7814,13.5385,0.75847,219.303,221.185,217.477,217.477
24.269612789154053,-0.10555605925619603,0.9999847412109375,0.0,4,0.116893,4.0,18338.2,240.834,4.70775,-0.082931,2.55732,7.43903,17.1517,38.9763,48.8632,53.4215,55.7746,57.7935,59.2138,60.6175,62.0046,63.3752,65.2681,67.3953,71.2826,78.6793,33.9799,24.0186,13.2717,0.735824,219.754,221.615,217.903,217.903
24.291396379470825,-0.10555605925619603,0.9999847412109375,0.0,4,0.125733,4.0,18374.0,241.306,4.71744,-0.0643818,2.82964,8.48293,20.7413,39.9547,49.1848,53.5302,55.7878,57.7307,59.1013,60.4576,61.7996,63.128,64.9656,67.0334,70.8218,78.0557,32.7316,23.2486,12.9915,0.710975,220.182,222.062,218.328,218.328
24.315386295318604,-0.10555605925619603,0.9999847412109375,0.0,4,0.134586,4.0,18402.0,241.783,4.72785,-0.0366595,3.13042,9.68823,24.4595,40.7244,49.4162,53.5733,55.7436,57.6174,58.9416,60.2535,61.5539,62.8428,64.6277,66.6397,70.3334,77.4109,31.5254,22.4775,12.6993,0.683914,220.613,222.498,218.665,218.665
24.338855981826782,-0.10555605925619603,0.9999847412109375,0.0,4,0.143282,4.0,18434.9,242.254,4.70268,-0.00619386,3.46017,11.0687,26.7371,41.3067,49.5426,53.5306,55.6219,57.432,58.7128,59.9838,61.2455,62.4971,64.2324,66.1919,69.7956,76.7236,30.3805,21.7121,12.3968,0.654622,221.059,222.918,219.053,219.053
24.357943534851074,-0.10555605925619603,0.9999847412109375,0.0,4,0.151873,4.0,18470.1,242.723,4.66545,0.0145881,3.81988,12.6491,28.3433,41.7423,49.5834,53.4176,55.4365,57.1866,58.4273,59.6604,60.8852,62.1015,63.79,65.6995,69.2174,76.0021,29.2851,20.9523,12.0835,0.623112,221.502,223.338,219.471,219.471
24.383021354675293,-0.10555605925619603,0.9999847412109375,0.0,4,0.160469,4.0,18506.6,243.189,4.63265,0.0338392,4.21105,14.4657,29.5718,42.0708,49.5622,53.2555,55.2063,56.9007,58.104,59.3008,60.4906,61.6734,63.3179,65.179,68.6147,75.2609,28.2227,20.2048,11.7587,0.589394,221.937,223.77,219.904,219.904
24.401479482650757,-0.10555605925619603,0.9999847412109375,0.0,4,0.169335,4.0,18543.0,243.651,4.64803,0.0626285,4.63686,16.534,30.5752,42.3441,49.5205,53.0835,54.9702,56.6126,57.78,58.942,60.0987,61.2497,62.8513,64.6658,68.0217,74.533,27.1619,19.4609,11.4202,0.55345,222.348,224.228,220.337,220.337
24.421541452407837,-0.10555605925619603,0.9999847412109375,0.0,4,0.178362,4.0,18572.1,244.117,4.70125,0.0928603,5.09852,18.2926,31.4004,42.5533,49.4449,52.8862,54.7136,56.3065,57.4397,58.5689,59.6939,60.8146,62.3747,64.1447,67.4232,73.8038,26.1179,18.7258,11.0692,0.51527,222.754,224.67,220.691,220.691
24.44269561767578,-0.10555605925619603,0.9999847412109375,0.0,4,0.187234,4.0,18601.5,244.582,4.70708,0.13846,5.59545,19.6844,32.048,42.6664,49.2976,52.6252,54.3967,55.9424,57.0435,58.1417,59.2369,60.3281,61.8489,63.5766,66.7805,73.0354,25.1241,18.0117,10.7083,0.474842,223.188,225.083,221.033,221.033
24.468916416168213,-0.10555605925619603,0.9999847412109375,0.0,4,0.195923,4.0,18636.1,245.041,4.68009,0.172514,6.1288,20.8098,32.5479,42.6908,49.0804,52.3018,54.02,55.5211,56.5917,57.6606,58.7268,59.79,61.2733,62.9601,66.0924,72.2258,24.1803,17.3189,10.3375,0.432141,223.627,225.486,221.443,221.443
24.4913387298584,-0.10555605925619603,0.9999847412109375,0.0,4,0.204542,4.0,18672.8,245.498,4.65231,0.191215,6.70037,21.7384,32.9321,42.6465,48.8113,51.9324,53.5999,55.0588,56.1005,57.1407,58.1792,59.2157,60.663,62.3101,65.3737,71.3888,23.274,16.6442,9.95611,0.387207,224.056,225.897,221.879,221.879
24.51142907142639,-0.11210084296762944,0.9999847412109375,0.0,4,0.213392,4.0,18709.6,245.95,4.65127,0.229335,7.31524,22.5297,33.2473,42.5736,48.5289,51.5547,53.1742,54.5931,55.6065,56.6192,57.6312,58.642,60.0545,61.663,64.66,70.5589,22.3766,15.9783,9.56227,0.340019,224.466,226.345,222.316,222.316
24.531240940093994,-0.1329162422567606,0.9999847412109375,0.0,4,0.222659,4.0,18743.7,246.398,4.72356,0.259086,7.97674,23.2227,33.5205,42.4943,48.2543,51.1894,52.7635,54.1436,55.1299,56.1165,57.103,58.0891,59.4673,61.0387,63.971,69.7554,21.4738,15.3165,9.15501,0.290547,224.819,226.777,222.729,222.729
24.55752468109131,-0.163425887003541,0.9999847412109375,0.0,4,0.232414,4.0,18767.8,246.844,4.79654,0.319549,8.62518,23.8384,33.7629,42.4162,47.9931,50.8431,52.3738,53.7166,54.6772,55.6387,56.6008,57.5625,58.908,60.4434,63.3131,68.9845,20.5627,14.6574,8.734,0.238716,225.094,227.149,223.01,223.01
24.575828790664673,-0.19708499349653721,0.9999847412109375,0.0,4,0.24298,4.0,18805.2,247.261,4.94831,0.369106,9.23865,24.412,34.0083,42.3712,47.7785,50.5486,52.0375,53.3451,54.2814,55.2188,56.1571,57.0955,58.4093,59.9102,62.7192,68.278,19.621,13.9926,8.30435,0.18441,225.267,227.474,223.451,223.451
24.60084080696106,-0.21972127109766007,0.9999847412109375,0.0,4,0.254687,4.0,18847.9,247.648,5.26574,0.396411,9.82601,24.9732,34.2865,42.3894,47.6407,50.3357,51.7856,53.0602,53.973,54.8872,55.8027,56.7189,58.0025,59.4702,62.2206,67.666,18.6318,13.3149,7.87988,0.127526,225.338,227.76,223.956,223.956
24.62131905555725,-0.24358780719339848,0.9999847412109375,0.0,4,0.267653,4.0,18890.6,248.003,5.7521,0.433494,10.3924,25.534,34.6048,42.4773,47.5857,50.2104,51.6242,52.8672,53.7577,54.65,55.5439,56.4392,57.6942,59.1303,61.8229,67.1553,17.6,12.6248,7.4608,0.0679452,225.386,228.064,224.465,224.465
24.643361806869507,-0.2738515917211771,0.9999847412109375,0.0,4,0.26833,4.0,18931.0,248.326,6.42633,0.470456,10.9425,26.1015,34.9648,42.6318,47.6096,50.1699,51.5494,52.7626,53.6323,54.5041,55.378,56.2534,57.4815,58.8877,61.5227,66.743,16.5379,11.9253,7.04708,0.00669988,225.378,228.325,224.946,224.946
24.666059017181396,-0.3058869484812021,0.9999847412109375,0.0,4,0.263893,4.0,18951.2,248.635,7.11155,0.538367,11.4681,26.6323,35.3051,42.7818,47.6374,50.1367,51.4837,52.669,53.5191,54.3717,55.2266,56.0836,57.2862,58.6626,61.2416,66.3513,15.5015,11.2374,6.6424,-0.0530014,225.324,228.446,225.195,225.195
24.68612790107727,-0.32822805978357794,0.92547607421875,0.0,4,0.259065,4.0,18979.0,248.913,7.62819,0.626488,11.9589,27.0845,35.5662,42.859,47.5965,50.0364,51.3525,52.5113,53.3428,54.1771,55.014,55.8532,57.0304,58.377,60.9019,65.9029,14.5315,10.578,6.24984,-0.11106,225.256,228.428,225.522,225.522
24.708679676055908,-0.34550060182809833,0.462738037109375,0.0,4,0.253966,4.0,18955.0,249.105,8.04822,0.720669,12.4203,27.4793,35.7747,42.89,47.5144,49.8977,51.1844,52.318,53.1318,53.9487,54.7683,55.5894,56.741,58.0593,60.5302,23.3579,13.6069,9.9396,5.86791,-0.16751,225.189,228.4,225.243,225.243
24.72991442680359,-0.36921960264444353,0.0,0.0,4,0.248076,4.0,18641.2,248.898,8.29053,0.804064,12.8456,27.7953,35.9022,42.8424,47.356,49.685,50.9434,52.0528,52.8496,53.6491,54.4506,55.2539,56.3811,57.6716,60.0894,20.6173,12.7422,9.32969,5.49817,-0.222276,225.063,228.258,221.561,221.561
24.752566814422607,-0.3813743650913239,0.0,0.0,4,0.241422,4.0,18295.6,248.092,8.25934,0.895867,13.2314,28.026,35.9377,42.704,47.1082,49.3843,50.6153,51.701,52.4801,53.2618,54.0458,54.832,55.9353,57.1976,59.5645,18.7868,11.94,8.75119,5.14182,-0.275276,224.654,227.741,215.745,219.197
24.7754487991333,-0.387525561824441,0.0,0.0,4,0.236419,4.0,18208.8,247.056,8.54256,0.975458,13.6178,28.3111,36.0613,42.6757,46.9826,49.2112,50.417,51.4793,52.2418,53.007,53.7748,54.5445,55.6237,56.8589,59.1757,16.9662,11.1042,8.16252,4.79135,-0.326445,223.819,227.03,214.436,218.426
24.79977512359619,-0.39997558631002905,0.0,0.0,4,0.233507,4.0,18124.7,245.992,9.36579,1.0326,14.0186,28.6906,36.3206,42.8103,47.0353,49.2224,50.404,51.4451,52.1926,52.9426,53.6944,54.4476,55.5042,56.714,58.98,15.1361,10.2246,7.55767,4.44523,-0.375779,222.73,226.291,213.142,217.717
24.817745208740234,-0.39997558631002905,0.0,0.0,4,0.232122,4.0,18040.8,244.901,10.4536,1.1205,14.4215,29.113,36.6454,43.0282,47.1822,49.3289,50.4884,51.5099,52.2424,52.9769,53.7133,54.4513,55.4865,56.67,58.8872,13.4582,9.34967,6.95707,4.10692,-0.423347,221.513,225.414,211.987,216.884
24.83991503715515,-0.39997558631002905,0.0,0.0,4,0.231645,4.0,17951.6,243.786,11.6834,1.19807,14.8183,29.5443,36.9927,43.2799,47.3672,49.4759,50.6138,51.6151,52.333,53.0532,53.7752,54.498,55.5108,56.669,58.8378,11.9576,8.50517,6.37231,3.77861,-0.469269,220.299,224.454,210.805,215.95
24.865198850631714,-0.39997558631002905,0.0,0.0,4,0.231353,4.0,17860.9,242.649,13.0116,1.251,15.2035,29.967,37.3372,43.5378,47.5595,49.6305,50.7466,51.7289,52.4332,53.1387,53.8454,54.5529,55.5446,56.6785,15.7847,10.6184,7.70207,5.80941,3.46125,-0.513574,219.104,223.438,209.641,214.958
24.88420271873474,-0.39997558631002905,0.0,0.0,4,0.230565,4.0,17773.7,241.499,14.1766,1.32936,15.5615,30.3302,37.6155,43.7291,47.6829,49.7149,50.8101,51.7728,52.4623,53.1532,53.8454,54.5386,55.5092,56.6175,13.0909,9.45064,6.95871,5.27837,3.15688,-0.556244,217.952,222.329,208.632,213.894
24.903571844100952,-0.39997558631002905,0.0,0.0,4,0.228601,4.0,17684.3,240.358,15.0511,1.38646,15.8788,30.5965,37.783,43.8007,47.6824,49.6756,50.7482,51.6908,52.3663,53.0433,53.721,54.3989,55.348,15.5749,11.296,8.43912,6.28008,4.78282,2.86635,-0.597332,216.858,221.127,207.67,212.731
24.930968761444092,-0.39997558631002905,0.0,0.0,4,0.225244,4.0,17596.5,239.226,15.6649,1.41974,16.156,30.7726,37.8481,43.7623,47.5686,49.5207,50.571,51.4945,52.1559,52.8181,53.4808,54.144,55.0729,12.4767,9.89151,7.54364,5.65554,4.31822,2.58928,-0.636827,215.806,219.909,206.73,211.582
24.952811002731323,-0.39997558631002905,0.0,0.0,4,0.220369,4.0,17514.2,238.111,15.9633,1.45544,16.3895,30.8504,37.8023,43.6025,47.3305,49.241,50.2695,51.1729,51.8197,52.4674,53.1159,53.7651,12.8166,10.6806,8.73375,6.74552,5.0807,3.88344,2.32559,-0.674628,214.806,218.696,205.888,210.46
24.97372531890869,-0.39997558631002905,0.0,0.0,4,0.213843,4.0,17433.4,237.026,15.8878,1.48105,16.5738,30.8185,37.6308,43.3061,46.9521,48.8212,49.8267,50.7098,51.3423,51.976,52.6108,53.2459,10.8185,9.34449,7.75691,6.03229,4.55199,3.47758,2.07506,-0.710738,213.865,217.483,205.108,209.32
24.99789834022522,-0.39997558631002905,0.0,0.0,4,0.205909,4.0,17355.5,235.967,15.5444,1.49221,16.7168,30.7031,37.3638,42.9086,46.4703,48.2969,49.2793,50.1427,50.7614,51.3815,52.0019,11.2325,9.39177,8.23616,6.89357,5.37887,4.05812,3.09502,1.83702,-0.745138,212.963,216.315,204.323,208.249
25.020227432250977,-0.39997558631002905,0.0,0.0,4,0.196755,4.0,17281.9,234.929,15.0126,1.50166,16.8253,30.5244,37.0262,42.4366,45.9132,47.6965,48.6563,49.5004,50.1054,50.7111,11.8511,9.55088,8.21413,7.26203,6.10641,4.76971,3.59202,2.73223,1.6111,-0.777723,212.094,215.218,203.557,207.258
25.038511991500854,-0.39997558631002905,0.54901123046875,0.0,4,0.18676,4.0,17210.6,233.915,14.3031,1.51774,16.9012,30.2898,36.6266,41.8984,45.2894,47.0296,47.9672,48.792,49.3826,49.9743,9.58452,8.25095,7.18823,6.3825,5.37803,4.19729,3.15097,2.38773,1.39693,-0.808477,211.257,214.178,202.826,206.295
25.062213897705078,-0.39997558631002905,0.9999847412109375,0.0,4,0.175888,4.0,17559.3,233.187,13.4609,1.52946,16.9457,30.0034,36.1684,41.2991,44.6036,46.3013,47.2166,48.0214,48.5981,49.1761,8.14752,7.14987,6.26877,5.57633,4.69816,3.65712,2.73316,2.06139,1.19463,-0.837374,210.472,213.21,208.605,208.605
25.08233618736267,-0.39997558631002905,0.9999847412109375,0.0,4,0.164121,4.0,17954.5,233.147,12.5446,1.62029,16.9666,29.6856,35.676,40.6656,43.8834,45.5389,46.4315,47.2166,47.7795,8.42355,6.92819,6.14164,5.40467,4.81077,4.04784,3.1386,2.33302,1.7502,1.00381,-0.864418,209.911,212.573,213.302,213.302
25.10836911201477,-0.39997558631002905,0.9999847412109375,0.0,4,0.153366,4.0,17991.0,233.382,11.963,1.77819,16.9878,29.3993,35.2281,40.085,43.2197,44.8343,45.7047,46.4708,47.0205,6.63761,5.70782,5.11297,4.52311,4.03375,3.39431,2.62455,1.94172,1.44972,0.823635,-0.889561,209.702,212.45,213.793,213.793
25.12984347343445,-0.39997558631002905,0.9999847412109375,0.0,4,0.143109,4.0,17996.5,233.638,11.5763,1.8849,16.9996,29.1188,34.7935,39.5218,42.5763,44.1502,44.9993,45.7472,6.32982,5.1974,4.57096,4.12838,3.66964,3.27908,2.76022,2.12892,1.56761,1.16461,0.655429,-0.912738,209.734,212.563,213.855,213.855
25.151257038116455,-0.39997558631002905,0.9999847412109375,0.0,4,0.13109,4.0,17974.8,233.941,10.9996,2.06287,16.9742,28.7695,34.2792,38.8731,41.8457,43.3781,44.2058,44.9354,4.76867,4.0589,3.60067,3.26227,2.9033,2.59335,2.17802,1.67099,1.22184,0.901785,0.501518,-0.933805,209.952,212.699,213.53,213.53
25.172285079956055,-0.39997558631002905,0.9999847412109375,0.0,4,0.116905,4.0,17926.4,234.299,10.0584,2.22105,16.9011,28.3235,33.6509,38.1009,40.9866,42.4765,43.2821,4.66962,3.6334,3.11527,2.76369,2.49967,2.21772,1.97381,1.64753,1.25187,0.905666,0.662357,0.362801,-0.952618,210.306,212.82,213.048,213.048
25.19232153892517,-0.39997558631002905,0.9999847412109375,0.0,4,0.100754,4.0,17976.2,234.62,8.93908,2.26848,16.783,27.7916,32.923,37.2206,40.0151,41.4609,42.2445,3.38517,2.67107,2.27921,2.00979,1.80732,1.59187,1.40663,1.16148,0.869448,0.619648,0.447771,0.240704,-0.968955,210.734,212.963,213.553,213.553
25.216338396072388,-0.39997558631002905,0.9999847412109375,0.0,4,0.0835431,4.0,17951.3,235.003,7.80815,2.3086,16.6387,27.2266,32.1611,36.3052,39.0077,40.4092,41.176,2.21409,1.74899,1.47875,1.29212,1.15226,1.00469,0.879221,0.715663,0.525472,0.367548,0.261799,0.137726,-0.982482,211.221,213.194,213.443,213.443
25.237581491470337,-0.39997558631002905,0.9999847412109375,0.0,4,0.0668429,4.0,18027.6,235.349,7.13566,2.04275,16.4853,26.6751,31.4229,35.4199,38.0332,39.3927,40.1507,1.06059,0.840962,0.704799,0.609533,0.538437,0.463952,0.401382,0.321237,0.230676,0.158026,0.110823,0.0570221,-0.992848,211.605,213.574,213.882,213.882
25.257689476013184,-0.39997558631002905,0.9999847412109375,0.0,4,0.0518267,4.0,18157.9,235.61,6.96195,1.7124,16.3338,26.1669,30.7448,34.6063,37.1366,0.0832102,0.0282265,0.0181592,0.0145447,0.0119843,0.0102794,0.00897121,0.00762796,0.00653172,0.0051465,0.00358486,0.00241184,0.00165939,0.000835419,-0.999896,211.941,214.07,215.535,215.535
25.279287099838257,-0.39997558631002905,0.9999847412109375,0.0,4,0.0383458,4.0,18065.3,236.006,6.98087,1.66729,-1.0,-1.0,-1.0,-1.0,-1.0,-1.0,-1.0,-1.0,-1.0,-1.0,-1.0,-1.0,-1.0,-1.0,-1.0,-1.0,-1.0,-1.0,-1.0,-1.00354,212.254,214.61,214.798,214.798
25.306711435317993,-0.39997558631002905,0.9999847412109375,0.0,4,0.0263313,4.0,18136.0,236.292,7.58743,1.39696,-1.0,-1.0,-1.0,-1.0,-1.0,-1.0,-1.0,-1.0,-1.0,-1.0,-1.0,-1.0,-1.0,-1.0,-1.0,-1.0,-1.0,-1.0,-1.0,-1.00368,212.437,215.144,215.529,215.529
25.326756715774536,-0.39997558631002905,0.9999847412109375,0.0,4,0.0159097,4.0,18241.9,236.499,8.49984,1.13629,-1.0,-1.0,-1.0,-1.0,-1.0,-1.0,-1.0,-1.0,-1.0,-1.0,-1.0,-1.0,-1.0,-1.0,-1.0,-1.0,-1.0,-1.0,-1.0,-1.0004,212.575,215.607,217.155,217.155
25.346994161605835,-0.39997558631002905,0.9999847412109375,0.0,4,0.00518942,4.0,18190.9,236.848,9.13204,1.12154,15.7034,24.4131,28.4504,31.8706,34.2496,35.6157,36.4002,37.1218,37.6584,38.2137,38.7886,39.3842,40.2546,0.911879,0.528785,0.29871,0.17571,0.112761,0.0523033,-0.993806,212.716,215.932,216.186,216.186
25.368016719818115,-0.39997558631002905,0.9999847412109375,0.0,4,-0.00603378,4.0,18205.6,237.13,9.75627,0.966132,15.5018,23.9413,27.8523,31.1804,33.582,34.9649,35.7604,36.4927,37.0378,37.6024,38.1875,38.794,39.6814,40.7543,2.17374,0.8967,0.489713,0.305218,0.137978,-0.983852,212.863,216.168,216.251,216.251
25.393189430236816,-0.39997558631002905,0.9999847412109375,0.0,4,-0.0184484,4.0,18295.7,237.372,10.2058,0.691324,15.2659,23.4102,27.187,30.4421,32.8562,34.2499,35.0528,35.7927,36.344,36.9154,37.5079,38.1228,39.0233,40.1136,42.3544,2.06358,0.971501,0.581272,0.254578,-0.970606,213.018,216.313,217.2,217.2
25.415120124816895,-0.39997558631002905,0.9999847412109375,0.0,4,-0.0349962,4.0,18262.1,237.768,9.88245,0.420468,14.9642,22.7433,26.3593,29.5292,31.9186,33.3006,34.0976,34.8326,35.3806,35.9489,36.5386,37.1508,38.0482,39.1358,41.3747,46.8272,1.74995,0.975539,0.40799,-0.953761,213.234,216.246,217.078,217.078
25.437671184539795,-0.39997558631002905,0.9999847412109375,0.0,4,-0.0513639,4.0,18471.0,237.927,9.30329,0.149937,14.645,22.0655,25.5236,28.6243,30.9887,32.3589,33.15,33.8801,34.4249,34.9901,35.577,36.1867,37.0812,38.1663,40.4042,45.8766,3.04813,1.50995,0.598255,-0.933499,213.692,216.379,219.202,219.202
25.455709218978882,-0.39997558631002905,0.9999847412109375,0.0,4,-0.0628909,4.0,18323.4,238.285,9.62882,0.175727,14.3516,21.4886,24.8205,27.9168,30.2971,31.6807,32.481,33.2206,33.7731,34.3468,34.9431,35.5632,36.474,37.5809,39.8704,45.5066,5.82024,2.19206,0.823486,-0.909807,213.92,216.875,217.843,217.843
25.479355096817017,-0.39997558631002905,0.9999847412109375,0.0,4,-0.0738959,4.0,18250.1,238.542,9.84213,0.533005,14.0516,20.9227,24.1538,27.2714,29.6803,31.0857,31.9003,32.6542,33.2181,33.8043,34.4143,35.0495,35.9838,37.1216,39.4827,45.3422,60.7176,3.07465,1.08336,-0.883146,214.142,217.351,217.135,217.135
25.505882740020752,-0.39997558631002905,0.9999847412109375,0.0,4,-0.0859239,4.0,18226.8,238.784,9.78284,0.945847,13.7274,20.3217,23.4761,26.6079,29.0404,30.4648,31.2922,32.0592,32.6335,33.2314,33.8542,34.5034,35.46,36.6273,39.0583,45.1413,61.4539,4.29289,1.38036,-0.853619,214.365,217.669,216.647,216.647
25.522578716278076,-0.39997558631002905,0.9999847412109375,0.0,4,-0.100242,4.0,18231.8,239.036,9.20163,1.34193,13.3663,19.6512,22.7354,25.8543,28.288,29.7177,30.5498,31.3222,31.9012,32.5046,33.1339,33.7906,34.7595,35.9439,38.4185,44.6572,61.7251,6.323,1.72216,-0.821281,214.682,217.799,216.635,216.635
25.546645879745483,-0.39997558631002905,0.9999847412109375,0.0,4,-0.116981,4.0,18278.6,239.278,8.59336,1.54978,12.9802,18.9433,21.97,25.0621,27.4855,28.9137,29.7464,30.5204,31.1013,31.7072,32.3397,33.0005,33.9767,35.1723,37.6779,44.0408,61.7962,144.598,2.11769,-0.785803,215.017,217.925,217.189,217.189
25.564448356628418,-0.39997558631002905,0.9999847412109375,0.0,4,-0.13339,4.0,18326.9,239.532,8.25368,1.60054,12.5779,18.233,21.2193,24.2859,26.7006,28.1284,28.9625,29.739,30.3224,30.9316,31.5682,32.2341,33.2193,34.4282,36.97,43.477,62.0387,152.087,2.57319,-0.746742,215.314,218.147,217.762,217.762
25.59153699874878,-0.39997558631002905,0.9999847412109375,0.0,4,-0.149234,4.0,18370.5,239.792,8.22277,1.54986,12.1612,17.5451,20.4969,23.5449,25.9577,27.3897,28.2283,29.01,29.5983,30.2132,30.8566,31.5305,32.5292,33.7573,36.3494,43.0463,62.6493,159.595,3.09918,-0.703964,215.564,218.438,218.285,218.285
25.609954118728638,-0.39997558631002905,0.9999847412109375,0.0,4,-0.165532,4.0,18401.1,240.063,8.39571,1.45373,11.728,16.8756,19.7965,22.8311,25.2474,26.6876,27.533,28.3225,28.9175,29.5404,30.1929,30.8774,31.8937,33.1467,35.8024,42.736,63.6516,167.045,3.70597,-0.657152,215.78,218.736,218.661,218.661
25.63322877883911,-0.39997558631002905,0.9999847412109375,0.0,4,-0.181517,4.0,18422.5,240.34,8.58481,1.36267,11.2748,16.2144,19.1029,22.1235,24.5436,25.9925,26.8453,27.6434,28.2457,28.8772,29.5398,30.2358,31.2715,32.5517,35.2778,42.4777,64.9466,174.079,4.41398,-0.606243,215.996,219.002,218.913,218.913
25.65942072868347,-0.39997558631002905,0.9999847412109375,0.0,4,-0.198077,4.0,18442.6,240.613,8.7314,1.28718,10.8,15.5591,18.4122,21.4164,23.8393,25.2967,26.157,26.9636,27.5736,28.2139,28.8869,29.5952,30.6512,31.9604,34.7623,42.2556,66.5508,180.695,5.24461,-0.55127,216.221,219.245,219.153,219.153
25.678639888763428,-0.39997558631002905,0.9999847412109375,0.0,4,-0.215418,4.0,18453.8,240.89,8.81212,1.24212,10.3039,14.909,17.7233,20.7081,23.1319,24.5972,25.4647,26.2799,26.8974,27.5468,28.2305,28.9513,30.0285,31.368,34.2506,42.0658,68.5194,186.933,6.23545,-0.492036,216.454,219.476,219.293,219.293
25.700472116470337,-0.39997558631002905,0.9999847412109375,0.0,4,-0.232594,4.0,18467.4,241.16,8.7884,1.24325,9.78748,14.2643,17.036,19.9977,22.4201,23.8922,24.7665,25.5901,26.2151,26.8735,27.568,28.3015,29.4005,30.7718,33.7398,41.9073,70.9351,192.821,7.31619,-0.428627,216.706,219.707,219.449,219.449
25.71871519088745,-0.39997558631002905,0.9999847412109375,0.0,4,-0.250353,4.0,18485.2,241.418,8.77751,1.26026,9.26142,13.6321,16.3609,19.3001,21.7229,23.2037,24.0862,24.9195,25.5533,26.2222,26.9292,27.6775,28.8017,30.2096,33.2766,41.8593,74.1669,198.66,8.30695,-0.36109,216.95,219.96,219.659,219.659
25.7458975315094,-0.39997558631002905,0.9999847412109375,0.0,4,-0.268346,4.0,18495.3,241.681,8.77904,1.29244,8.74828,13.0109,15.6956,18.6121,21.0363,22.5271,23.4188,24.2631,24.9067,25.5875,26.3085,27.0735,28.2262,29.6755,32.8558,41.9248,78.475,200.0,9.2118,-0.2892,217.185,220.213,219.785,219.785
25.766180992126465,-0.39997558631002905,0.9999847412109375,0.0,4,-0.286053,4.0,18510.8,241.94,8.72734,1.33978,8.24871,12.3972,15.0343,17.9249,20.3486,21.8487,22.7496,23.605,24.2588,24.9518,25.6876,26.4701,27.653,29.147,32.4509,42.0722,84.1165,200.0,10.0407,-0.213082,217.429,220.451,219.964,219.964
25.786961793899536,-0.39997558631002905,0.9999847412109375,0.0,4,-0.283514,4.0,18531.5,242.191,8.68907,1.37996,7.76376,11.7948,14.3827,17.2465,19.6702,21.1809,22.092,22.9599,23.625,24.3317,25.0839,25.8862,27.1032,28.6477,32.0935,42.3695,91.9689,108.022,10.7959,-0.134386,217.669,220.693,220.208,220.208
25.810582399368286,-0.39997558631002905,0.9999847412109375,0.0,4,-0.270832,4.0,18548.7,242.445,8.68405,1.41353,7.2937,11.2046,13.7423,16.579,19.0042,20.5271,21.45,22.3321,23.0101,23.7324,24.5035,25.3283,26.5846,28.1875,31.7988,42.8676,103.485,93.0279,11.4817,-0.0582017,217.901,220.936,220.415,220.415
25.83184051513672,-0.39997558631002905,0.9999847412109375,0.0,4,-0.258189,4.0,18567.2,242.699,8.67604,1.44354,6.83814,10.6251,13.11,15.9179,18.3442,19.8803,20.8158,21.7134,22.4055,23.145,23.9369,24.7869,26.087,27.756,31.5577,43.5823,121.024,83.0231,12.1051,0.0150633,218.134,221.17,220.633,220.633
25.855821132659912,-0.39997558631002905,0.9999847412109375,0.0,4,-0.245594,4.0,18587.7,242.951,8.67086,1.46131,6.39726,10.0564,12.4863,15.2633,17.6904,19.2406,20.1899,21.1043,21.812,22.5706,23.3856,24.2637,25.6133,27.3574,31.38,44.576,134.973,75.802,12.6708,0.0853946,218.366,221.398,220.876,220.876
25.875980138778687,-0.39997558631002905,0.9999847412109375,0.0,4,-0.232966,4.0,18608.2,243.2,8.6711,1.47736,5.97148,9.50029,11.8735,14.6187,17.0478,18.614,19.5789,20.5126,21.2379,22.0182,22.8598,23.7702,25.1772,27.0092,31.2948,45.9744,145.226,70.2306,13.1809,0.152796,218.598,221.628,221.12,221.12
25.89657688140869,-0.39997558631002905,0.9999847412109375,0.0,4,-0.220155,4.0,18628.2,243.446,8.70976,1.49302,5.56167,8.95966,11.2763,13.9912,16.4261,18.0126,18.9965,19.9533,20.7,21.5064,22.38,23.3294,24.8058,26.745,31.3574,48.0099,154.146,65.6623,13.6354,0.217234,218.821,221.869,221.359,221.359
25.91831612586975,-0.39997558631002905,0.9999847412109375,0.0,4,-0.207295,4.0,18642.1,243.696,8.75728,1.51475,5.16757,8.43307,10.6919,13.3765,15.8196,17.4297,18.4356,19.4195,20.191,21.028,21.9391,22.9346,24.4937,26.5622,31.5787,50.9042,162.206,61.8735,14.0404,0.278693,219.037,222.102,221.527,221.527
25.940324068069458,-0.39997558631002905,0.9999847412109375,0.0,4,-0.194616,4.0,18658.0,243.946,8.75781,1.54094,4.78881,7.91821,10.116,12.767,15.2171,16.8521,17.8819,18.8952,19.6942,20.5653,21.5188,22.5668,24.2214,26.4419,31.9501,54.9479,169.508,58.7463,14.4034,0.337145,219.262,222.318,221.714,221.714
25.965222120285034,-0.39997558631002905,0.9999847412109375,0.0,4,-0.182122,4.0,18675.8,244.195,8.72323,1.5606,4.42578,7.41615,9.54988,12.1639,14.6204,16.2817,17.3374,18.3833,19.2129,20.1226,21.1244,22.2329,23.9991,26.4008,32.5193,60.8302,176.237,56.1017,14.7273,0.392576,219.495,222.526,221.925,221.925
25.983362197875977,-0.39997558631002905,0.9999847412109375,0.0,4,-0.169683,4.0,18695.0,244.441,8.6736,1.5799,4.07922,6.92962,8.99774,11.5737,14.0385,15.7302,16.8157,17.8994,18.7649,19.72,20.7791,21.9603,23.8623,26.4891,33.4001,70.1195,182.602,53.7758,15.0117,0.444982,219.731,222.743,222.152,222.152
26.01206374168396,-0.39997558631002905,0.9999847412109375,0.0,4,-0.15707,4.0,18714.7,244.684,8.66507,1.59625,3.75017,6.46255,8.46617,11.0073,13.4876,15.2184,16.3416,17.4726,18.3832,19.3954,20.5273,21.8011,23.8788,26.803,34.8142,86.9569,188.828,51.6308,15.2538,0.494345,219.958,222.977,222.386,222.386
26.029998779296875,-0.39997558631002905,0.9999847412109375,0.0,4,-0.144345,4.0,18729.0,244.929,8.68291,1.61701,3.43875,6.01506,7.95507,10.4643,12.9681,14.7482,15.9181,17.1083,18.0754,19.1598,20.3844,21.7779,24.0863,27.4118,37.0121,115.509,194.905,49.6521,15.4571,0.54066,220.177,223.213,222.559,222.559
26.053513288497925,-0.39997558631002905,0.9999847412109375,0.0,4,-0.131694,4.0,18745.7,245.173,8.68244,1.63933,3.145,5.58642,7.4625,9.9408,12.474,14.313,15.5393,16.8015,17.8382,19.0127,20.3544,21.9017,24.5136,28.3879,40.3716,129.686,200.0,47.8543,15.6272,0.583897,220.398,223.436,222.756,222.756
26.07366418838501,-0.39997558631002905,0.9999847412109375,0.0,4,-0.11912,4.0,18764.1,245.415,8.67043,1.65519,2.86938,5.17807,6.99052,9.43971,12.0105,13.921,15.2163,16.5679,17.692,18.9812,20.4749,22.2255,25.2513,29.9105,45.7668,139.992,108.832,46.204,15.7658,0.62405,220.622,223.653,222.974,222.974
26.093027353286743,-0.39997558631002905,0.9999847412109375,0.0,4,-0.106526,4.0,18783.4,245.654,8.6584,1.67112,2.61258,4.79269,6.5436,8.96879,11.5907,13.5921,14.9755,16.4426,17.6814,19.1237,20.8239,22.8578,26.4824,32.3512,55.3965,148.799,97.0166,44.6555,15.8726,0.661113,220.846,223.873,223.203,223.203
26.115196466445923,-0.39997558631002905,0.9999847412109375,0.0,4,-0.0937778,4.0,18802.7,245.891,8.6838,1.6834,2.37537,4.43336,6.12723,8.53824,11.2337,13.3564,14.858,16.4821,17.8797,19.538,21.537,23.9939,28.5584,36.5007,76.3508,156.843,88.1292,43.1685,15.9465,0.695076,221.061,224.102,223.433,223.433
26.140283584594727,-0.39997558631002905,0.9999847412109375,0.0,4,-0.0809746,4.0,18817.3,246.13,8.71945,1.70053,2.1582,4.10124,5.74305,8.15114,10.9476,13.2318,14.8934,16.7349,18.3579,20.3313,22.782,25.9067,32.0685,44.0504,112.293,164.311,80.8315,41.7523,15.9907,0.725914,221.271,224.327,223.607,223.607
26.158832788467407,-0.39997558631002905,0.9999847412109375,0.0,4,-0.0682679,4.0,18834.1,246.367,8.73165,1.71709,1.96131,3.79707,5.39202,7.80927,10.7396,13.2378,15.1176,17.2658,19.2181,21.6702,24.8417,29.1032,38.3083,60.0121,126.14,171.251,74.7799,40.4199,16.0094,0.753628,221.485,224.539,223.807,223.807
26.183122396469116,-0.39997558631002905,0.9999847412109375,0.0,5,-0.0556563,4.0,18851.8,246.603,8.72643,1.72838,1.78546,3.52376,5.0793,7.52308,10.6343,13.4251,15.6152,18.2188,20.6841,23.9231,28.3674,34.843,51.2179,102.236,136.378,177.774,69.6525,39.1578,16.0036,0.778203,221.702,224.745,224.017,224.017
26.202538013458252,-0.3632160369306803,0.9999847412109375,0.0,5,-0.0432152,5.0,16887.3,246.346,8.59556,1.7394,1.63162,3.2845,4.81046,7.304,10.6616,13.8633,16.513,19.8329,23.1612,27.8344,34.8735,46.6825,88.7835,119.135,145.006,183.907,65.2575,37.9638,15.975,0.799584,221.873,224.887,216.624,218.984
26.229180097579956,-0.22439615763723852,0.9999847412109375,0.0,5,-0.0305246,5.0,16848.0,245.609,8.46209,1.73995,1.50227,3.08856,4.60388,7.19368,10.9234,14.7685,18.1884,22.815,27.8838,35.8519,50.2012,83.7123,114.856,130.365,152.994,190.143,61.2817,36.7744,15.9163,0.817634,221.948,224.909,215.494,218.168
26.24723768234253,-0.08710275627672673,0.9999847412109375,0.0,5,-0.0170115,5.0,16297.1,244.853,8.56871,1.75055,1.39862,2.94391,4.47912,7.24872,11.5972,16.5929,21.5504,29.185,39.0768,59.119,100.071,114.039,127.603,140.384,160.992,197.65,57.489,35.5301,15.8197,0.832391,222.357,225.314,214.068,217.153
26.2715003490448,-0.06028407849371434,0.9999847412109375,0.0,5,-0.00445944,5.0,16721.3,244.585,8.78325,1.76194,1.3177,2.83794,4.40898,7.41047,12.6125,19.4679,27.4269,42.7138,70.9784,104.667,116.433,125.746,137.006,148.487,167.816,94.6458,54.3563,34.4302,15.7172,0.844017,222.911,225.621,221.105,221.105
26.289323806762695,-0.048720127344131475,0.9999847412109375,0.0,5,0.00482488,5.0,16758.0,244.893,8.47671,1.77939,1.25476,2.75062,4.34548,7.54154,13.596,22.7574,35.5412,69.9201,103.348,114.985,124.227,132.364,142.681,153.503,172.09,87.773,52.2838,33.6751,15.6466,0.852841,223.538,225.61,221.664,221.664
26.313776969909668,-0.04655496813356877,0.9999847412109375,0.0,5,0.0109469,5.0,16754.3,245.28,7.5572,1.79728,1.20925,2.68294,4.28851,7.61875,14.374,25.8765,45.1677,96.6296,109.925,119.662,128.05,135.67,145.513,155.972,174.118,84.0397,51.0247,33.2074,15.6047,0.859057,224.229,225.641,221.621,221.621
26.335520267486572,-0.04443901926279068,0.9999847412109375,0.0,5,0.0146326,5.0,16750.5,245.693,6.24975,1.81041,1.1811,2.63991,4.25079,7.66635,14.9196,28.3777,54.7204,101.276,112.455,121.471,129.455,136.805,146.386,156.631,174.507,81.9563,50.3018,32.9352,15.5806,0.862858,224.879,225.759,221.568,221.568
26.35967254638672,-0.04655496813356877,0.9999847412109375,0.0,5,0.0169144,5.0,16755.2,246.111,4.88335,1.82059,1.16956,2.62623,4.24848,7.73712,15.3742,30.4277,63.7274,102.931,113.24,121.864,129.608,136.79,146.197,156.298,173.983,80.6921,49.8476,32.7574,15.56,0.864517,225.456,226.002,221.624,221.624
26.379711389541626,-0.04655496813356877,0.9999847412109375,0.0,5,0.0189431,5.0,16771.4,246.523,3.71752,1.82092,1.17347,2.64597,4.29848,7.89837,16.0065,32.968,75.8722,104.046,113.718,122.02,129.555,136.585,145.836,155.804,173.31,79.5324,49.408,32.5727,15.5282,0.86435,225.903,226.356,221.832,221.832
26.403740406036377,-0.04655496813356877,0.9999847412109375,0.0,5,0.0214987,5.0,16795.4,246.927,2.91659,1.80999,1.19155,2.70097,4.41159,8.2011,17.0667,37.241,87.497,105.626,114.67,122.627,129.932,136.794,145.867,155.682,172.985,78.055,48.8257,32.3168,15.4758,0.862626,226.262,226.798,222.146,222.146
26.42705774307251,-0.04655496813356877,0.9999847412109375,0.0,5,0.0247851,5.0,16822.1,247.328,2.4514,1.79577,1.22257,2.79039,4.59023,8.66772,18.7235,44.7178,92.7487,107.769,116.208,123.803,130.859,137.533,146.407,156.051,173.13,76.1949,48.073,31.9782,15.4017,0.859534,226.579,227.262,222.499,222.499
26.443760871887207,-0.04655496813356877,0.9999847412109375,0.0,5,0.0287215,5.0,16849.0,247.728,2.23036,1.7855,1.26545,2.9125,4.83345,9.30974,21.1476,58.2613,97.1458,110.275,118.171,125.417,132.222,138.704,147.369,156.83,173.727,74.0491,47.1831,31.5703,15.3087,0.855209,226.891,227.713,222.855,222.855
26.46892547607422,-0.04655496813356877,0.9999847412109375,0.0,5,0.0331162,5.0,16875.8,248.126,2.15687,1.78197,1.31991,3.06683,5.14166,10.1407,24.5826,80.675,101.074,112.911,120.344,127.272,133.84,140.136,148.596,157.874,174.675,71.7553,46.2066,31.1136,15.2001,0.849683,227.215,228.137,223.209,223.209
26.493343830108643,-0.04655496813356877,0.9999847412109375,0.0,5,0.0377882,5.0,16902.3,248.523,2.15889,1.78264,1.38576,3.25315,5.51584,11.1783,29.4245,88.8071,104.613,115.515,122.562,129.211,135.564,141.686,149.951,159.051,175.872,69.424,45.1863,30.6263,15.0792,0.842973,227.553,228.537,223.559,223.559
26.51141929626465,-0.04443901926279068,0.9999847412109375,0.0,5,0.0426008,5.0,16928.3,248.918,2.19043,1.7852,1.46323,3.47243,5.95944,12.4504,36.3725,94.0546,107.805,118.001,124.726,131.131,137.291,143.255,151.339,160.272,177.243,67.1243,44.1508,30.1207,14.9479,0.835057,227.901,228.917,223.904,223.904
26.532759428024292,-0.04035475254058838,0.9999847412109375,0.0,5,0.0473348,5.0,16953.8,249.312,2.22338,1.78928,1.55196,3.72328,6.4701,13.9664,46.4596,98.0806,110.577,120.23,126.689,132.886,138.877,144.699,152.618,161.397,178.639,64.9433,43.1393,29.6147,14.8096,0.825959,228.276,229.277,224.241,224.241
26.559454679489136,-0.031005266681313516,0.9999847412109375,0.0,5,0.0517545,5.0,16978.8,249.707,2.21551,1.79426,1.65166,4.00378,7.04264,15.718,61.2439,101.195,112.84,122.069,128.31,134.332,140.176,145.874,153.647,162.287,179.884,62.9526,42.1868,29.125,14.6674,0.81568,228.675,229.614,224.573,224.573
26.579244375228882,-0.01998282074928284,0.9999847412109375,0.0,5,0.0555183,5.0,17003.3,250.105,2.14854,1.79957,1.76107,4.30758,7.65909,17.6299,75.07,103.375,114.42,123.323,129.386,135.264,140.986,146.58,154.227,162.76,180.7,61.2463,41.3404,28.675,14.5262,0.804292,229.12,229.923,224.896,224.896
26.60153031349182,-0.015997070446610452,0.9999847412109375,0.0,5,0.0582427,5.0,17027.3,250.506,1.97574,1.805,1.87814,4.6244,8.2889,19.5422,79.432,104.498,115.119,123.775,129.703,135.465,141.089,146.596,154.14,162.614,180.76,59.9175,40.6489,28.2894,14.3916,0.791919,229.609,230.196,225.214,225.214
26.621718406677246,-0.015997070446610452,0.9999847412109375,0.0,5,0.0600587,5.0,17051.8,250.909,1.68798,1.80716,2.00171,4.95068,8.92261,21.3923,81.4928,104.807,115.109,123.569,129.386,135.054,140.596,146.032,153.487,161.915,180.133,58.8886,40.0833,27.9569,14.2623,0.778681,230.079,230.476,225.538,225.538
26.643760919570923,-0.015997070446610452,0.9999847412109375,0.0,5,0.0614786,5.0,17077.1,251.312,1.38691,1.8078,2.13155,5.29032,9.57647,23.2747,82.7156,104.766,114.793,123.081,128.798,134.38,139.847,145.217,152.591,160.973,179.203,57.9792,39.565,27.6422,14.1324,0.764704,230.496,230.804,225.872,225.872
26.663860321044922,-0.015997070446610452,0.9999847412109375,0.0,5,0.0628551,5.0,17103.9,251.711,1.15461,1.80301,2.2676,5.64732,10.2667,25.2947,83.6606,104.657,114.428,122.551,128.173,133.672,139.066,144.37,151.664,160.005,178.24,57.0757,39.0435,27.3224,13.9982,0.750075,230.874,231.167,226.227,226.227
26.68655562400818,-0.015997070446610452,0.9999847412109375,0.0,5,0.0643052,5.0,17129.8,252.111,0.999084,1.79876,2.4095,6.02254,10.9992,27.505,84.4895,104.565,114.093,122.056,127.583,132.999,138.321,143.561,150.775,159.083,177.335,56.1449,38.5044,26.991,13.8589,0.734873,231.236,231.543,226.57,226.57
26.709714651107788,-0.017276443541049957,0.9999847412109375,0.0,5,0.0658432,5.0,17155.7,252.509,0.903751,1.7956,2.55685,6.4157,11.7754,29.9306,85.237,104.497,113.792,121.6,127.033,132.369,137.619,142.794,149.929,158.214,90.1673,55.1863,37.9477,26.6484,13.7148,0.719151,231.595,231.919,226.912,226.912
26.734366178512573,-0.01998282074928284,0.9999847412109375,0.0,5,0.0674928,5.0,17181.6,252.906,0.849259,1.78825,2.70967,6.82774,12.5994,32.6139,85.9374,104.465,113.536,121.193,126.537,131.792,136.972,142.083,149.139,157.414,86.8257,54.1957,37.3713,26.2936,13.5658,0.702926,231.948,232.296,227.255,227.255
26.757014513015747,-0.01998282074928284,0.9999847412109375,0.0,5,0.0693852,5.0,17208.2,253.301,0.831806,1.7823,2.86862,7.26341,13.4882,35.686,86.6956,104.55,113.407,120.916,126.169,131.344,136.452,141.5,148.475,156.764,83.508,53.1391,36.7592,25.9189,13.4103,0.686182,232.285,232.684,227.604,227.604
26.778862237930298,-0.01998282074928284,0.9999847412109375,0.0,5,0.0714905,5.0,17235.0,253.693,0.865905,1.77271,3.03383,7.72373,14.4463,39.2124,87.4865,104.726,113.376,120.741,125.905,131.002,136.039,141.023,147.919,156.248,80.3134,52.0301,36.1172,25.5267,13.2487,0.668911,232.625,233.067,227.961,227.961
26.798909187316895,-0.015997070446610452,0.9999847412109375,0.0,5,0.0736738,5.0,17260.6,254.085,0.908177,1.7667,3.20536,8.20718,15.4678,43.1836,88.2189,104.902,113.358,120.584,125.664,130.684,135.653,140.574,147.405,155.783,77.4328,50.9074,35.463,25.1253,13.0824,0.651075,232.976,233.437,228.299,228.299
26.818700075149536,-0.009354249015450478,0.9999847412109375,0.0,5,0.0756723,5.0,17285.7,254.476,0.940902,1.75628,3.38194,8.70518,16.5238,47.4091,88.7315,104.923,113.198,120.294,125.292,130.242,135.144,140.004,146.787,155.202,75.1175,49.8391,34.8292,24.7306,12.9146,0.632706,233.355,233.778,228.632,228.632
26.84442448616028,-0.004482999816536904,0.9999847412109375,0.0,5,0.0770816,5.0,17310.8,254.868,0.908816,1.7359,3.56134,9.20146,17.5556,51.2416,88.7975,104.557,112.669,119.645,124.569,129.45,134.291,139.096,145.831,154.244,73.7418,48.9199,34.2625,24.3656,12.7501,0.613858,233.777,234.08,228.963,228.963
26.864569902420044,-0.0017769098281860353,0.9999847412109375,0.0,5,0.0777929,5.0,17342.0,255.253,0.783755,1.69848,3.74193,9.68653,18.5296,53.4467,88.3905,103.763,111.725,118.591,123.446,128.263,133.046,137.798,144.476,152.836,73.3875,48.1669,33.7724,24.0355,12.5904,0.594614,234.21,234.368,229.374,229.374
26.88675546646118,-0.0013833228498697282,0.9999847412109375,0.0,5,0.0780334,5.0,17365.9,255.645,0.607666,1.66041,3.92359,10.1634,19.459,54.6963,87.681,102.693,110.513,117.272,122.059,126.815,131.543,136.243,142.853,151.129,73.9391,47.5215,33.331,23.7275,12.4334,0.575053,234.619,234.676,229.694,229.694
26.908835649490356,-0.0010389462113380432,0.9999847412109375,0.0,5,0.0780356,5.0,17389.7,256.035,0.434087,1.6386,4.10637,10.6368,20.3658,55.4669,86.8221,101.488,109.168,115.823,120.544,125.24,129.912,134.561,141.098,149.272,75.5989,46.942,32.9118,23.4292,12.2771,0.555259,235.006,235.01,230.008,230.008
26.931961059570312,-0.0010389462113380432,0.9999847412109375,0.0,5,0.0779658,5.0,17413.6,256.424,0.291318,1.60666,4.29039,11.1114,21.2689,55.9852,85.9153,100.244,107.786,114.337,118.992,123.627,128.243,132.842,139.304,147.371,165.419,46.395,32.4969,23.1321,12.1202,0.53529,235.369,235.356,230.324,230.324
26.95120334625244,-0.0010389462113380432,0.9999847412109375,0.0,5,0.0779123,5.0,17437.8,256.812,0.190124,1.58001,4.47583,11.59,22.1806,56.3558,85.0105,99.0095,106.414,112.862,117.45,122.025,126.585,131.132,137.519,145.481,163.293,45.8613,32.077,22.8319,11.9619,0.515175,235.725,235.714,230.644,230.644
26.97329330444336,-0.0010389462113380432,0.9999847412109375,0.0,5,0.0779025,5.0,17469.9,257.19,0.126291,1.52385,4.66238,12.0728,23.1037,56.6224,84.1196,97.7967,105.065,111.41,115.931,120.445,124.949,129.444,135.758,143.618,161.201,45.3372,31.6501,22.5278,11.8024,0.494961,236.072,236.07,231.069,231.069
26.99803853034973,-0.0022197071462869643,0.9999847412109375,0.0,5,0.077939,5.0,17492.6,257.576,0.0893832,1.4907,4.85,12.5598,24.039,56.8027,83.2428,96.6049,103.739,109.981,114.436,118.888,123.335,127.778,134.02,141.78,159.141,44.8235,31.2164,22.22,11.6418,0.47466,236.422,236.43,231.37,231.37
27.018656730651855,-0.0059099081903696065,0.9999847412109375,0.0,5,0.0780586,5.0,17515.8,257.96,0.0702016,1.46978,5.03884,13.0531,24.9941,56.9281,82.3958,95.4509,102.453,108.591,112.98,117.371,121.762,126.151,132.323,139.989,157.14,44.3125,30.7726,21.9069,11.4798,0.454282,236.767,236.792,231.677,231.677
27.04341220855713,-0.012454213201999666,0.9999847412109375,0.0,5,0.0784536,5.0,17539.1,258.343,0.0755086,1.45052,5.23032,13.5635,26.0096,57.0947,81.6691,94.4274,101.298,107.336,111.659,115.988,120.323,124.66,130.764,138.353,155.338,43.7557,30.2989,21.5788,11.3143,0.433806,237.089,237.171,231.984,231.984
27.063733100891113,-0.018605026975274087,0.9999847412109375,0.0,5,0.0793971,5.0,17566.2,258.72,0.137872,1.43587,5.42702,14.1095,27.1525,57.4176,81.1844,93.6596,100.404,106.342,110.601,114.87,119.148,123.434,129.48,137.026,153.926,43.0806,29.7678,21.2221,11.1424,0.413162,237.382,237.578,232.339,232.339
27.085561990737915,-0.022886039316654207,0.9999847412109375,0.0,5,0.0811018,5.0,17591.2,259.096,0.279421,1.41841,5.63151,14.7092,28.4906,57.9701,81.0238,93.2355,99.8596,105.704,109.9,114.111,118.335,122.569,128.576,136.127,153.058,42.2314,29.1604,20.8269,10.9618,0.392269,237.646,238.0,232.673,232.673
27.105568885803223,-0.024411464110016823,0.9999847412109375,0.0,5,0.0834967,5.0,17615.3,259.471,0.49527,1.40999,5.84516,15.368,30.0457,58.7071,81.1381,93.1064,99.6186,105.373,109.51,113.665,117.837,122.022,128.019,135.618,152.69,41.2288,28.4867,20.3971,10.7724,0.370992,237.916,238.416,232.993,232.993
27.12894368171692,-0.024411464110016823,0.9999847412109375,0.0,5,0.0862618,5.0,17639.3,259.843,0.727149,1.40498,6.06709,16.0748,31.6772,59.4926,81.3697,93.1134,99.5206,105.19,109.271,113.373,117.494,121.631,127.652,135.324,152.6,40.1583,27.7803,19.9485,10.5768,0.349247,238.217,238.796,233.31,233.31
27.154195547103882,-0.024411464110016823,0.9999847412109375,0.0,5,0.0891089,5.0,17663.3,260.213,0.915693,1.40528,6.29638,16.8171,33.1453,60.2198,81.5903,93.1229,99.4296,105.018,109.044,113.095,117.167,121.259,127.33,135.083,152.583,39.0907,27.0682,19.4938,10.3772,0.326943,238.545,239.145,233.627,233.627
27.171818494796753,-0.024411464110016823,0.9999847412109375,0.0,5,0.0919217,5.0,17688.7,260.579,1.04646,1.40371,6.53305,17.5905,34.4515,60.8559,81.7547,93.085,99.2951,104.806,108.779,112.779,116.804,120.87,126.995,134.83,152.555,38.0507,26.3593,19.0371,10.1738,0.303996,238.885,239.48,233.963,233.963
27.19302725791931,-0.024411464110016823,0.9999847412109375,0.0,5,0.0946805,5.0,17712.8,260.945,1.12989,1.40352,6.77716,18.3948,35.6153,61.402,81.858,92.9945,99.1111,104.545,108.467,112.419,116.397,120.459,126.639,134.553,152.501,37.0409,25.6554,18.5789,9.96685,0.280389,239.226,239.81,234.282,234.282
27.217698574066162,-0.025986099243164064,0.9999847412109375,0.0,5,0.0973892,5.0,17736.7,261.31,1.17893,1.40689,7.02907,19.2318,36.6573,61.8694,81.9049,92.8555,98.8816,104.242,108.114,112.018,115.951,120.029,126.263,134.255,152.424,36.0582,24.9629,18.1183,9.75589,0.25609,239.566,240.14,234.598,234.598
27.23932385444641,-0.02928300052881241,0.9999847412109375,0.0,5,0.100172,5.0,17760.5,261.672,1.20898,1.41648,7.29029,20.1135,37.6197,62.3069,81.9502,92.7232,98.6629,103.951,107.774,111.632,115.529,119.641,125.933,134.012,152.425,35.075,24.2734,17.6499,9.53969,0.231059,239.891,240.48,234.912,234.912
27.25989603996277,-0.036467327177524565,0.9999847412109375,0.0,5,0.103189,5.0,17783.4,262.033,1.2528,1.42846,7.56263,21.0461,38.5465,62.7729,82.0575,92.6645,98.5216,103.742,107.519,111.333,115.221,119.376,125.742,133.927,152.637,34.0606,23.5745,17.168,9.31701,0.205281,240.196,240.832,235.216,235.216
27.283561944961548,-0.04443901926279068,0.9999847412109375,0.0,5,0.106711,5.0,17807.1,262.39,1.32809,1.44391,7.85005,21.9828,39.5061,63.3599,82.3316,92.7897,98.5713,103.729,107.464,111.236,115.158,119.377,125.847,134.183,56.3951,32.9642,22.8461,16.6626,9.08528,0.178661,240.465,241.206,235.529,235.529
27.303977727890015,-0.048720127344131475,0.9999847412109375,0.0,5,0.111013,5.0,17831.9,262.74,1.48214,1.45612,8.15732,22.9428,40.5634,64.1555,82.874,93.2045,98.9217,104.024,107.721,111.481,115.486,119.799,126.425,134.982,51.6353,31.7443,22.0697,16.1247,8.84203,0.151072,240.698,241.6,235.856,235.856
27.323914289474487,-0.048720127344131475,0.9999847412109375,0.0,5,0.116085,5.0,17856.9,263.085,1.71786,1.47891,8.48656,23.9336,41.7224,65.1529,83.6732,93.8986,99.5597,104.615,108.279,112.109,116.227,120.669,127.508,136.366,47.5116,30.4209,21.2507,15.5571,8.58725,0.122422,240.929,241.993,236.187,236.187
27.350342273712158,-0.048720127344131475,0.9999847412109375,0.0,5,0.121575,5.0,17881.5,263.426,1.99097,1.49966,8.83655,24.9313,42.917,66.239,84.5943,94.7274,100.341,105.354,109.039,112.987,117.242,121.84,128.935,138.154,43.9635,29.068,20.4162,14.9738,8.32296,0.0925856,241.195,242.349,236.513,236.513
27.368415594100952,-0.048720127344131475,0.9999847412109375,0.0,5,0.127082,5.0,17901.3,263.769,2.19894,1.53418,9.20432,25.9021,44.0677,67.2862,85.486,95.5325,101.098,106.083,109.871,113.948,118.35,123.114,130.486,140.098,40.9623,27.7533,19.5928,14.3948,8.0515,0.0614874,241.499,242.662,236.776,236.776
27.393754482269287,-0.048720127344131475,0.9999847412109375,0.0,5,0.132456,5.0,17924.6,264.105,2.32719,1.56374,9.58914,26.8336,45.1481,68.2517,86.2969,96.2572,101.777,106.808,110.714,114.924,119.477,124.416,132.075,142.098,38.3706,26.4921,18.788,13.8248,7.77333,0.0290586,241.818,242.956,237.084,237.084
27.414051055908203,-0.048720127344131475,0.9999847412109375,0.0,5,0.137727,5.0,17948.4,264.44,2.39868,1.59121,9.99191,27.73,46.1677,69.1488,87.041,96.9162,102.395,107.554,111.581,115.93,120.641,125.761,133.724,144.183,36.049,25.274,17.9984,13.2619,7.48795,-0.00473825,242.136,243.253,237.399,237.399
27.43734312057495,-0.048720127344131475,0.9999847412109375,0.0,5,0.143045,5.0,17972.0,264.772,2.45461,1.62865,10.4053,28.6079,47.1616,70.0284,87.7756,97.5704,103.074,108.391,112.549,117.048,121.931,127.249,135.544,146.482,33.8812,24.0755,17.214,12.7014,7.19427,-0.0399382,242.439,243.564,237.711,237.711
27.45958662033081,-0.048720127344131475,0.9999847412109375,0.0,5,0.148359,5.0,17989.5,265.108,2.49849,1.66959,10.8146,29.4632,48.1213,70.8757,88.4835,98.2006,103.816,109.302,113.601,118.26,123.328,128.86,137.514,45.2694,31.8544,22.9018,16.4374,12.1447,6.89259,-0.0765531,242.743,243.867,237.948,237.948
27.479686737060547,-0.04443901926279068,0.9999847412109375,0.0,5,0.153536,5.0,18010.5,265.44,2.49899,1.7211,11.2183,30.2833,49.0208,71.6521,89.119,98.7891,104.568,110.227,114.671,119.497,124.758,130.514,139.544,40.5749,29.9733,21.7644,15.6743,11.5944,6.58417,-0.11461,243.062,244.159,238.22,238.22
27.502953052520752,-0.03838643468916417,0.9999847412109375,0.0,5,0.158402,5.0,18033.6,265.77,2.48014,1.75698,11.6128,31.0484,49.8246,72.3056,89.6208,99.3111,105.249,111.077,115.663,120.654,126.104,132.081,141.487,37.203,28.2509,20.6775,14.9323,11.0546,6.277,-0.154074,243.406,244.438,238.525,238.525
27.522631645202637,-0.03277674317359924,0.9999847412109375,0.0,5,0.1628,5.0,18057.1,266.101,2.40584,1.80588,11.9948,31.7404,50.5002,72.7907,89.9365,99.6958,105.777,111.76,116.477,121.619,127.246,133.43,143.19,34.54,26.6908,19.6506,14.2168,10.5283,5.97393,-0.194884,243.774,244.708,238.837,238.837
27.54879927635193,-0.02928300052881241,0.9999847412109375,0.0,5,0.160943,5.0,18078.6,266.435,2.29053,1.845,12.3627,32.355,51.0439,73.1041,90.0612,99.9197,106.127,112.246,117.078,122.355,128.141,134.511,42.1206,32.3249,25.2684,18.6791,13.527,10.0156,5.67519,-0.236257,244.14,244.969,239.127,239.127
27.568894624710083,-0.025986099243164064,0.9999847412109375,0.0,5,0.157999,5.0,18092.2,266.779,2.10031,1.91791,12.7134,32.8792,51.4345,73.2162,89.96,99.9242,106.229,112.456,117.38,122.767,128.681,135.205,38.3174,30.4637,23.9827,17.767,12.8657,9.51842,5.38171,-0.27715,244.523,245.225,239.302,239.302
27.589552879333496,-0.021409824863076212,0.9999847412109375,0.0,5,0.154517,5.0,18114.5,267.116,1.87418,1.97704,13.0464,33.3203,51.6913,73.1546,89.6739,99.7305,106.107,112.415,117.411,122.881,128.897,135.542,35.6818,28.8462,22.8018,16.9038,12.2289,9.03517,5.09367,-0.317439,244.893,245.486,239.596,239.596
27.612828254699707,-0.015997070446610452,0.9999847412109375,0.0,5,0.150558,5.0,18139.0,267.452,1.66028,2.01172,13.3614,33.6853,51.8293,72.9434,89.2425,99.3576,105.782,112.145,117.191,122.722,128.812,135.548,33.604,27.4075,21.7053,16.0806,11.6134,8.56478,4.81134,-0.35702,245.259,245.753,239.919,239.919
27.633967638015747,-0.013585955277085305,0.9999847412109375,0.0,5,0.146125,5.0,18163.0,267.789,1.44855,2.05143,13.6571,33.9734,51.851,72.5851,88.6618,98.7972,105.244,111.636,116.709,122.276,128.411,135.204,31.9111,26.1252,20.6874,15.2977,11.0199,8.10816,4.53571,-0.395737,245.626,246.022,240.237,240.237
27.65644097328186,-0.012454213201999666,0.9999847412109375,0.0,5,0.141327,5.0,18181.5,268.131,1.23798,2.08559,13.9342,34.1968,51.7816,72.1161,87.9673,98.0943,104.543,110.943,116.026,121.608,127.765,134.588,30.4578,24.9518,19.7273,14.5457,10.4449,7.66394,4.26691,-0.433482,245.976,246.299,240.492,240.492
27.679046869277954,-0.011371681466698647,0.9999847412109375,0.0,5,0.136238,5.0,18201.3,268.472,1.04206,2.13966,14.193,34.3641,51.637,71.5598,87.1836,97.2784,103.713,110.103,115.183,120.763,126.923,133.755,29.1744,23.8627,18.8137,13.8201,9.8867,7.23193,4.00548,-0.470139,246.323,246.587,240.744,240.744
27.700178146362305,-0.006697177886962891,0.9999847412109375,0.0,5,0.130965,5.0,18225.0,268.808,0.874546,2.17768,14.4347,34.4866,51.4385,70.946,86.3441,96.393,102.803,109.173,114.24,119.809,125.96,132.787,27.9936,22.8271,17.9321,13.1149,9.34301,6.81122,3.75165,-0.505625,246.651,246.88,241.057,241.057
27.72106623649597,-0.004482999816536904,0.9999847412109375,0.0,5,0.12543,5.0,18249.4,269.143,0.743316,2.2023,14.6574,34.5572,51.174,70.2566,85.4241,95.4047,101.775,108.109,113.15,118.693,124.816,131.617,26.9603,21.8679,17.0948,12.4366,8.81754,6.4042,3.50637,-0.539836,246.989,247.165,241.38,241.38
27.7452552318573,-0.002711714804172516,0.9999847412109375,0.0,5,0.119553,5.0,18272.8,269.478,0.606866,2.22504,14.8589,34.5683,50.8306,69.4725,84.3944,94.2776,100.589,106.866,111.862,117.358,123.432,130.179,26.1318,21.0105,16.3149,11.7919,8.31392,6.01292,3.27063,-0.572675,247.333,247.441,241.69,241.69
27.767958164215088,-0.0022197071462869643,0.9999847412109375,0.0,5,0.113427,5.0,18291.1,269.817,0.46572,2.25395,15.0405,34.5308,50.4278,68.6219,83.2871,93.0539,99.2917,105.496,110.437,115.871,121.877,128.551,25.4826,20.2352,15.5818,11.1762,7.83048,5.63715,3.04468,-0.604055,247.666,247.726,241.934,241.934
27.78853464126587,-0.0022197071462869643,0.9999847412109375,0.0,5,0.107152,5.0,18313.2,270.15,0.344141,2.28763,15.2037,34.4552,49.9847,67.7307,82.1376,91.7755,97.9318,104.057,108.933,114.298,120.228,126.818,24.9968,19.5244,14.8865,10.5857,7.36618,5.27662,2.8289,-0.633904,247.99,248.02,242.225,242.225
27.81226921081543,-0.0022197071462869643,0.9999847412109375,0.0,5,0.10082,5.0,18336.4,270.482,0.247524,2.31002,15.3502,34.3518,49.518,66.8243,80.976,90.4821,96.5549,102.597,107.407,112.7,118.551,125.053,24.672,18.862,14.2196,10.0166,6.91929,4.93073,2.62334,-0.662193,248.299,248.321,242.531,242.531
27.834496021270752,-0.0022197071462869643,0.9999847412109375,0.0,5,0.0944963,5.0,18359.7,270.812,0.183344,2.32745,15.4808,34.2261,49.0377,65.915,79.8218,89.1978,95.1884,101.149,105.895,111.117,116.889,123.305,24.5526,18.2433,13.5795,9.46918,6.49078,4.60036,2.4285,-0.688861,248.602,248.628,242.84,242.84
27.853620767593384,-0.0022197071462869643,0.9999847412109375,0.0,5,0.0881931,5.0,18382.3,271.141,0.145618,2.33895,15.5959,34.0804,48.546,65.006,78.6787,87.9278,93.838,99.7185,104.401,109.554,115.252,121.584,24.8067,17.6749,12.9685,8.9446,6.0816,4.28622,2.24467,-0.713872,248.901,248.934,243.139,243.139
27.87740135192871,-0.0022197071462869643,0.9999847412109375,0.0,5,0.0819031,5.0,18402.1,271.472,0.12505,2.35776,15.6955,33.9139,48.0415,64.0948,77.544,86.6676,92.4983,98.3006,102.922,108.007,113.631,119.882,26.2936,17.1729,12.3931,8.44637,5.6937,3.9894,2.07225,-0.737211,249.201,249.24,243.401,243.401
27.898595333099365,-0.0022197071462869643,0.9999847412109375,0.0,5,0.0756154,5.0,18424.2,271.799,0.114398,2.37268,15.7796,33.7267,47.5225,63.1786,76.4124,85.4116,91.1637,96.8887,101.449,106.467,112.018,118.188,128.082,16.7606,11.8604,7.97787,5.32877,3.71103,1.91159,-0.758853,249.501,249.544,243.693,243.693
27.920862436294556,-0.0022197071462869643,0.9999847412109375,0.0,5,0.0693237,5.0,18446.3,272.125,0.109299,2.38205,15.8484,33.5186,46.989,62.2561,75.2823,84.1574,89.8311,95.4792,99.9783,104.93,110.408,116.498,126.265,16.4657,11.3767,7.5418,4.98828,3.45178,1.76285,-0.778793,249.799,249.844,243.986,243.986
27.940150499343872,-0.0059099081903696065,0.9999847412109375,0.0,5,0.0630249,5.0,18468.4,272.449,0.107269,2.38646,15.9019,33.29,46.4404,61.3255,74.1523,82.9033,88.499,94.0694,98.5076,103.393,108.798,114.808,124.448,16.3342,10.9512,7.14191,4.67418,3.21275,1.62633,-0.797023,250.097,250.144,244.277,244.277
27.965259075164795,-0.010338360071182252,0.9999847412109375,0.0,5,0.0569385,5.0,18490.1,272.773,0.112343,2.38757,15.9443,33.0596,45.9074,60.4321,73.0871,81.7309,87.2599,92.7658,97.1532,101.984,107.33,113.277,122.818,16.3443,10.5644,6.77104,4.38385,2.99286,1.50185,-0.81355,250.37,250.465,244.566,244.566
27.987285375595093,-0.017276443541049957,0.9999847412109375,0.0,5,0.0512903,5.0,18511.7,273.095,0.175466,2.38711,15.9799,32.8452,45.4195,59.6199,72.1519,80.7219,86.2076,91.673,96.0309,100.832,106.146,112.061,121.561,16.4467,10.1936,6.4214,4.11401,2.79047,1.38875,-0.828443,250.62,250.807,244.85,244.85
28.010538816452026,-0.025986099243164064,0.9999847412109375,0.0,5,0.0463038,5.0,18533.0,273.415,0.299379,2.38671,16.0128,32.6635,45.0036,58.9363,71.4093,79.9552,85.4324,90.8953,95.2546,100.061,105.388,111.321,120.864,16.5385,9.81451,6.08617,3.8624,2.60459,1.2867,-0.841751,250.841,251.171,245.133,245.133
28.029407501220703,-0.03277674317359924,0.9999847412109375,0.0,5,0.0422505,5.0,18554.4,273.732,0.510591,2.3818,16.0484,32.5349,44.6926,58.4359,70.9397,79.5336,85.0526,90.5668,94.9736,99.8389,105.238,111.264,120.977,16.3452,9.39031,5.75399,3.6241,2.4325,1.19449,-0.853625,251.029,251.555,245.416,245.416
28.052120208740234,-0.036467327177524565,0.9999847412109375,0.0,5,0.0391383,5.0,18576.1,274.045,0.81253,2.37289,16.0884,32.4603,44.4849,58.1246,70.7535,79.4718,85.0877,90.7112,95.215,100.197,105.738,111.937,121.961,15.7033,8.9182,5.42393,3.39801,2.27273,1.11096,-0.864235,251.212,251.936,245.702,245.702
28.075464010238647,-0.03838643468916417,0.9999847412109375,0.0,5,0.0366672,5.0,18600.2,274.352,1.15633,2.35287,16.1292,32.4182,44.3419,57.95,70.7757,79.6776,85.4332,91.2127,95.8534,101.0,106.739,113.178,123.636,14.8085,8.43412,5.10667,3.18688,2.12585,1.03549,-0.873739,251.421,252.284,246.022,246.022
28.097678661346436,-0.04035475254058838,0.9999847412109375,0.0,5,0.0345065,5.0,18620.9,274.655,1.46563,2.34652,16.1666,32.3852,44.2223,57.8534,70.9192,80.043,85.9664,91.9334,96.7391,102.083,108.06,114.79,125.773,13.9228,7.9762,4.81274,2.99349,1.99221,0.967392,-0.882271,251.66,252.593,246.296,246.296
28.11890721321106,-0.04035475254058838,0.9999847412109375,0.0,5,0.0326133,5.0,18653.1,274.938,1.7379,2.3698,16.2011,32.3597,44.1226,57.8324,71.1825,80.5678,86.6882,92.8768,97.8771,103.454,109.714,116.79,128.4,13.0694,7.54406,4.53995,2.81587,1.87025,0.905685,-0.889966,251.894,252.885,246.723,246.723
28.140931844711304,-0.04035475254058838,0.9999847412109375,0.0,5,0.0308726,5.0,18664.6,275.239,1.98748,2.35551,16.2315,32.3344,44.0292,57.8686,71.5392,81.2195,87.5638,94.0037,99.2258,105.071,111.656,119.131,131.471,12.307,7.14864,4.29139,2.65472,1.75991,0.850113,-0.896881,252.14,253.162,246.897,246.897
28.16305661201477,-0.04035475254058838,0.9999847412109375,0.0,5,0.028984,5.0,18691.8,275.522,2.14499,2.36324,16.2538,32.2885,43.9066,57.903,71.8987,81.8822,88.4583,95.161,100.616,106.742,113.673,121.576,134.704,11.7475,6.81332,4.07312,2.51123,1.6611,0.800125,-0.903112,252.419,253.414,247.267,247.267
28.184123277664185,-0.04237228073179722,0.9999847412109375,0.0,5,0.0269735,5.0,18710.4,275.816,2.24797,2.31902,16.2684,32.2243,43.7584,57.9411,72.2693,82.5665,89.3849,96.3631,102.064,108.491,115.79,124.153,138.139,11.3642,6.53534,3.88412,2.38522,1.57381,0.755692,-0.908661,252.69,253.663,247.5,247.5
28.2062931060791,-0.04237228073179722,0.9999847412109375,0.0,5,0.0248192,5.0,18724.9,276.113,2.28244,2.25519,16.2755,32.1412,43.5899,57.9793,72.6451,83.2649,90.334,97.6,103.559,110.303,117.995,126.851,141.766,11.1582,6.31299,3.72347,2.27573,1.49735,0.716522,-0.913569,252.962,253.914,247.674,247.674
28.230600595474243,-0.04237228073179722,0.9999847412109375,0.0,5,0.0225682,5.0,18744.4,276.401,2.27868,2.26558,16.2759,32.0432,43.4273,58.0284,73.0427,83.9995,91.3325,98.9034,105.138,112.221,120.337,129.729,145.664,11.1315,6.14325,3.5896,2.18224,1.43137,0.682419,-0.917854,253.24,254.173,247.927,247.927
28.252768754959106,-0.04237228073179722,0.9999847412109375,0.0,5,0.0202588,5.0,18770.9,276.683,2.27577,2.16167,16.2703,31.9326,43.2768,58.098,73.4772,84.7907,92.4055,100.304,106.836,114.288,122.867,132.85,149.922,11.3281,6.02656,3.48326,2.10503,1.3761,0.653549,-0.921501,253.51,254.429,248.277,248.277
28.273085832595825,-0.04237228073179722,0.9999847412109375,0.0,5,0.0181909,5.0,18795.6,276.961,2.31005,2.17952,16.2633,31.8313,43.1772,58.2599,74.0673,85.799,93.7451,102.03,108.915,116.807,125.941,136.637,155.097,11.6474,5.93779,3.39637,2.04121,1.33031,0.629593,-0.924527,253.756,254.717,248.597,248.597
28.295307397842407,-0.04237228073179722,0.9999847412109375,0.0,5,0.0164748,5.0,18818.9,277.24,2.43644,2.05085,16.2567,31.7464,43.1445,58.547,74.8707,87.1082,95.4566,104.213,111.53,119.963,129.787,141.374,161.591,12.0639,5.87037,3.32724,1.99042,1.29385,0.61055,-0.926931,253.967,255.005,248.956,248.956
28.315626859664917,-0.04237228073179722,0.9999847412109375,0.0,5,0.0146725,5.0,18820.7,277.541,2.51556,2.0174,16.244,31.6477,43.1254,58.8602,75.7289,88.507,97.2901,106.56,114.354,123.387,133.981,146.577,168.819,13.4023,5.86532,3.28753,1.95609,1.26797,0.596436,-0.928741,254.235,255.263,248.948,248.948
28.337435483932495,-0.04237228073179722,0.9999847412109375,0.0,5,0.012399,5.0,18837.9,277.827,2.47906,1.99255,16.2196,31.5095,43.0702,59.1038,76.4799,89.7731,98.9768,108.75,117.013,126.646,138.019,151.649,176.005,200.0,5.96427,3.28674,1.94123,1.25359,0.587296,-0.929993,254.532,255.483,249.161,249.161
28.3610417842865,-0.04237228073179722,0.9999847412109375,0.0,6,0.00985762,5.0,18861.8,278.104,2.37379,1.90354,16.1861,31.346,43.0033,59.3229,77.1972,91.0056,100.635,110.923,119.672,129.93,142.124,156.857,183.513,200.0,6.1682,3.32509,1.94637,1.25139,0.583496,-0.930616,254.833,255.717,249.479,249.479
28.38220238685608,-0.04035475254058838,0.9999847412109375,0.0,6,0.00775361,6.0,17246.7,277.865,2.37142,1.86748,16.1545,31.2203,43.0204,59.7039,78.2005,92.6529,102.817,113.754,123.12,134.178,147.431,163.603,193.314,200.0,6.41255,3.3842,1.96535,1.25875,0.58461,-0.930626,254.885,255.846,244.779,245.659
28.405550479888916,-0.03277674317359924,0.9999847412109375,0.0,6,0.0059585,6.0,17205.3,277.281,2.45901,1.76798,16.1225,31.1325,43.1066,60.2212,79.4549,94.6765,105.485,117.211,127.335,139.383,153.964,171.965,200.0,200.0,6.7167,3.4689,1.99984,1.27654,0.590805,-0.930016,254.422,255.437,244.114,245.139
28.43045210838318,-0.031005266681313516,0.9999847412109375,0.0,6,0.00379992,6.0,16882.3,276.658,2.4819,1.73801,16.0805,31.0369,43.1708,60.6947,80.6477,96.6366,108.098,120.636,131.548,144.641,160.642,180.639,200.0,200.0,7.18545,3.59968,2.05586,1.30673,0.602234,-0.928815,253.92,254.868,243.078,244.208
28.44858455657959,-0.031005266681313516,0.9999847412109375,0.0,6,0.000976563,6.0,17172.3,276.543,2.3925,1.70067,16.0235,30.9114,43.1669,61.0288,81.6033,98.2756,110.33,123.616,135.265,149.349,166.721,188.682,200.0,200.0,7.95188,3.79596,2.13973,1.35229,0.619736,-0.926954,253.596,254.391,247.769,247.769
28.469290018081665,-0.031005266681313516,0.9999847412109375,0.0,6,-0.00205594,6.0,17196.6,276.753,2.27566,1.58201,15.9582,30.7867,43.158,61.3488,82.542,99.9074,112.571,126.636,139.06,154.199,173.053,197.176,200.0,200.0,9.10925,4.05315,2.25014,1.41294,0.64357,-0.924377,253.716,254.483,248.138,248.138
28.491299152374268,-0.031005266681313516,0.9999847412109375,0.0,6,-0.00490493,6.0,17213.6,276.965,2.23781,1.51727,15.8897,30.6903,43.2003,61.7724,83.6803,101.853,115.232,130.221,143.574,159.991,180.664,200.0,200.0,200.0,10.9118,4.36594,2.38532,1.48837,0.673904,-0.921046,253.887,254.689,248.382,248.382
28.515652656555176,-0.03277674317359924,0.9999847412109375,0.0,6,-0.00775838,6.0,17211.6,277.198,2.21624,1.42566,15.8154,30.6092,43.2679,62.2468,84.9265,103.983,118.158,134.185,148.595,166.487,189.294,200.0,200.0,200.0,200.0,4.75007,2.54924,1.57993,0.711014,-0.916944,254.089,254.889,248.394,248.394
28.53530502319336,-0.04443901926279068,0.9999847412109375,0.0,6,-0.0110599,6.0,17213.0,277.433,2.0908,1.33796,15.7289,30.5118,43.2943,62.6314,86.0154,105.9,120.834,137.867,153.319,172.686,197.671,200.0,200.0,200.0,118.86,5.24179,2.75022,1.69073,0.755463,-0.912056,254.333,255.054,248.38,248.38
28.556928634643555,-0.048720127344131475,0.9999847412109375,0.0,6,-0.0142426,6.0,17235.2,277.641,1.93625,1.27167,15.6385,30.439,43.3649,63.1061,87.2862,108.118,123.928,142.138,158.822,179.959,200.0,200.0,200.0,200.0,52.5075,5.82963,2.98298,1.81872,0.806839,-0.906387,254.509,255.251,248.692,248.692
28.58084797859192,-0.048720127344131475,0.9999847412109375,0.0,6,-0.0164737,6.0,17255.0,277.848,1.98763,1.11235,15.5558,30.4531,43.6128,63.9648,89.3207,111.553,128.671,148.656,167.223,191.107,200.0,200.0,200.0,200.0,39.5563,6.46055,3.23323,1.95835,0.864166,-0.899974,254.607,255.532,248.977,248.977
28.601629495620728,-0.048720127344131475,0.9999847412109375,0.0,6,-0.0178744,6.0,17271.6,278.055,2.21757,1.03898,15.4809,30.5498,44.0323,65.2092,92.1625,116.333,135.296,157.833,179.169,200.0,200.0,200.0,200.0,200.0,32.6938,7.12356,3.49713,2.10783,0.926697,-0.892904,254.709,255.812,249.208,249.208
28.62553334236145,-0.048720127344131475,0.9999847412109375,0.0,6,-0.0190626,6.0,17278.7,278.269,2.44427,0.954887,15.4165,30.6868,44.5355,66.6577,95.4896,122.011,143.277,169.092,194.088,200.0,200.0,200.0,200.0,200.0,28.8604,7.86454,3.78354,2.2697,0.994553,-0.885216,254.874,256.027,249.333,249.333
28.645904541015625,-0.048720127344131475,0.9999847412109375,0.0,6,-0.0203563,6.0,17288.6,278.481,2.57834,0.848918,15.3614,30.8425,45.0756,68.2099,99.1202,128.342,152.34,182.175,200.0,200.0,200.0,200.0,200.0,200.0,26.4948,8.56736,4.09687,2.44493,1.0674,-0.876986,255.075,256.211,249.476,249.476
28.669657468795776,-0.04443901926279068,0.9999847412109375,0.0,6,-0.0215632,6.0,17304.6,278.684,2.70014,0.758111,15.3187,31.0333,45.6897,69.9569,103.272,135.744,163.153,200.0,200.0,200.0,200.0,200.0,200.0,174.591,24.6265,9.06969,4.43334,2.63181,1.14491,-0.868235,255.25,256.406,249.708,249.708
28.68970036506653,-0.034597430005669595,0.9999847412109375,0.0,6,-0.0230631,6.0,17310.0,278.902,2.73878,0.719162,15.2843,31.2323,46.3159,71.7541,107.652,143.777,175.182,200.0,200.0,200.0,200.0,200.0,200.0,87.3748,23.2636,9.43781,4.75786,2.83115,1.22636,-0.8591,255.49,256.587,249.777,249.777
28.71048140525818,-0.027609944716095926,0.9999847412109375,0.0,6,-0.0253343,6.0,17320.2,279.118,2.67082,0.683957,15.2501,31.3968,46.8566,73.36,111.712,151.476,187.038,200.0,200.0,200.0,200.0,200.0,199.298,64.6909,22.4703,9.75782,5.04005,3.03018,1.3139,-0.849429,255.777,256.72,249.924,249.924
28.73368239402771,-0.018605026975274087,0.9999847412109375,0.0,6,-0.0265003,6.0,17330.5,279.341,2.43326,0.572975,15.2087,31.4839,47.2086,74.4996,114.755,157.477,200.0,200.0,200.0,200.0,200.0,200.0,193.192,56.3072,22.2789,10.0983,5.30264,3.21125,1.40187,-0.839224,256.105,256.802,250.072,250.072
28.757533073425293,-0.013585955277085305,0.9999847412109375,0.0,6,-0.0243851,6.0,17367.8,279.539,2.09985,0.359573,15.1602,31.4987,47.3807,75.1749,116.715,161.524,200.0,200.0,200.0,200.0,200.0,200.0,186.48,53.0944,22.5027,10.4669,5.55383,3.37912,1.48176,-0.829683,256.434,256.898,250.596,250.596
28.778566598892212,-0.011371681466698647,0.9999847412109375,0.0,6,-0.0228028,6.0,17374.1,279.775,1.78162,0.118718,15.1108,31.4827,47.4705,75.6277,118.138,164.577,200.0,200.0,200.0,200.0,200.0,200.0,156.408,51.5712,22.8581,10.8276,5.78896,3.53433,1.55497,-0.820971,256.7,257.042,250.708,250.708
28.79890775680542,-0.011371681466698647,0.9999847412109375,0.0,6,-0.021687,6.0,17377.4,280.014,1.44405,-0.0127699,15.0607,31.4396,47.4866,75.8763,119.051,166.651,200.0,200.0,200.0,200.0,200.0,197.846,140.545,51.1308,23.3235,11.1849,6.0114,3.67895,1.62236,-0.812994,256.978,257.218,250.752,250.752
28.822851419448853,-0.011371681466698647,0.9999847412109375,0.0,6,-0.0208239,6.0,17384.6,280.25,1.14078,-0.154398,15.0119,31.3852,47.4676,76.0207,119.692,168.193,200.0,200.0,200.0,200.0,200.0,195.553,131.834,51.1365,23.8165,11.5273,6.22022,3.81377,1.68483,-0.805619,257.216,257.403,250.854,250.854
28.84357452392578,-0.010338360071182252,0.9999847412109375,0.0,6,-0.0200962,6.0,17393.9,280.484,0.888521,-0.29202,14.9652,31.3277,47.4341,76.116,120.199,169.463,200.0,200.0,200.0,200.0,199.887,193.361,126.122,51.3079,24.298,11.8502,6.41571,3.9397,1.74308,-0.798745,257.447,257.604,250.987,250.987
28.86617922782898,-0.010338360071182252,0.9999847412109375,0.0,6,-0.0192652,6.0,17432.9,280.686,0.747429,-0.585829,14.9233,31.2861,47.4325,76.2853,120.882,171.082,200.0,200.0,200.0,200.0,197.7,191.06,119.775,51.1492,24.6659,12.1321,6.59303,4.05567,1.79747,-0.792286,257.635,257.81,251.553,251.553
28.886467695236206,-0.011371681466698647,0.9999847412109375,0.0,6,-0.0182809,6.0,17435.2,280.927,0.670594,-0.761434,14.8867,31.2639,47.4721,76.5554,121.814,173.208,200.0,200.0,200.0,200.0,195.403,188.595,112.632,50.605,24.9045,12.3698,6.75179,4.16188,1.84827,-0.786197,257.837,258.043,251.587,251.587
28.908592462539673,-0.010338360071182252,0.9999847412109375,0.0,6,-0.0171537,6.0,17441.8,281.161,0.629796,-0.858141,14.8551,31.26,47.5509,76.9227,122.992,200.0,200.0,200.0,200.0,198.254,192.997,185.959,105.241,49.7517,25.026,12.566,6.89287,4.25878,1.89567,-0.780459,258.04,258.278,251.682,251.682
28.93291449546814,-0.011371681466698647,0.9999847412109375,0.0,6,-0.01606,6.0,17450.0,281.395,0.611685,-0.982338,14.8257,31.2592,47.6327,77.2923,124.177,200.0,200.0,200.0,200.0,195.949,190.597,183.309,99.1648,48.9541,25.1204,12.7429,7.02299,4.34892,1.9401,-0.775058,258.253,258.484,251.797,251.797
28.95362639427185,-0.010338360071182252,0.9999847412109375,0.0,6,-0.0149779,6.0,17479.5,281.603,0.583008,-1.13127,14.7989,31.2634,47.7219,77.6758,125.399,200.0,200.0,200.0,198.103,193.639,188.188,180.617,93.9311,48.167,25.1799,12.8989,7.14171,4.43219,1.98159,-0.769991,258.464,258.693,252.205,252.205
28.97537136077881,-0.006697177886962891,0.9999847412109375,0.0,6,-0.0138041,6.0,17489.6,281.833,0.59541,-1.30123,14.7761,31.2813,47.8401,78.1324,126.814,200.0,200.0,199.685,195.797,191.268,185.695,177.749,88.7752,47.2256,25.1606,13.0226,7.24568,4.50737,2.01998,-0.765252,258.654,258.901,252.373,252.373
28.998342990875244,-0.004482999816536904,0.9999847412109375,0.0,6,-0.0127992,6.0,17496.7,282.064,0.592405,-1.38614,14.7534,31.2901,47.9321,78.5127,128.031,200.0,200.0,197.486,193.564,188.982,183.305,175.002,85.0655,46.5504,25.1848,13.1473,7.34539,4.57858,2.05603,-0.760815,258.888,259.1,252.473,252.473
29.019530534744263,-0.002711714804172516,0.9999847412109375,0.0,6,-0.0121625,6.0,17505.3,282.294,0.537076,-1.46509,14.7276,31.2715,47.9536,78.6956,128.717,200.0,200.0,195.437,191.503,186.901,181.179,172.684,83.403,46.4047,25.3416,13.2996,7.44974,4.64949,2.09054,-0.756642,259.133,259.27,252.596,252.596
29.04132914543152,-0.0017769098281860353,0.9999847412109375,0.0,6,-0.0118545,6.0,17515.4,282.521,0.428627,-1.53691,14.699,31.2283,47.9117,78.6986,128.912,200.0,198.265,193.523,189.598,185.006,179.296,170.799,83.2867,46.6983,25.6147,13.4771,7.55857,4.72029,2.12368,-0.752707,259.377,259.446,252.74,252.74
29.064106225967407,-0.0017769098281860353,0.9999847412109375,0.0,6,-0.0116921,6.0,17543.0,282.729,0.327762,-1.69484,14.6698,31.1756,47.8436,78.6249,128.892,200.0,196.391,191.667,187.759,183.192,177.52,169.11,83.7867,47.1661,25.9309,13.6616,7.66707,4.78958,2.15555,-0.748953,259.591,259.627,253.139,253.139
29.08573603630066,-0.0017769098281860353,0.9999847412109375,0.0,6,-0.0115606,6.0,17550.5,282.959,0.244958,-1.79148,14.6411,31.1219,47.7716,78.5373,128.83,199.151,194.526,189.821,185.934,181.394,175.765,167.461,84.389,47.6564,26.2489,13.844,7.77355,4.85736,2.18663,-0.7453,259.803,259.832,253.248,253.248
29.110616207122803,-0.0017769098281860353,0.9999847412109375,0.0,6,-0.0114111,6.0,17560.1,283.184,0.188099,-1.84422,14.6133,31.0713,47.7057,78.464,128.803,197.262,192.652,187.966,184.098,179.584,173.994,165.785,84.8703,48.0996,26.5485,14.019,7.87654,4.92316,2.21691,-0.741733,260.011,260.042,253.386,253.386
29.130815982818604,-0.0022197071462869643,0.9999847412109375,0.0,6,-0.0112461,6.0,17570.4,283.408,0.15218,-1.91183,14.5864,31.0235,47.6453,78.4033,128.806,195.365,190.77,186.103,182.252,177.763,172.212,164.088,85.245,48.5002,26.8309,14.1871,7.97623,4.98709,2.24644,-0.738249,260.213,260.247,253.534,253.534
29.15203547477722,-0.004482999816536904,0.9999847412109375,0.0,6,-0.0110646,6.0,17591.8,283.62,0.130106,-1.99136,14.5604,30.9785,47.5905,78.3557,128.842,193.462,188.88,184.231,180.398,175.932,170.416,162.369,85.5118,48.8573,27.096,14.3483,8.07268,5.0492,2.27523,-0.734844,260.414,260.453,253.833,253.833
29.174257278442383,-0.008419348299503327,0.9999847412109375,0.0,6,-0.010742,6.0,17603.0,283.841,0.124433,-2.08207,14.5371,30.947,47.5676,78.394,129.108,191.513,186.938,182.299,178.475,174.021,168.518,160.471,85.1097,48.9855,27.2864,14.4865,8.16091,5.10761,2.30303,-0.731516,260.597,260.665,254.006,254.006
29.19793152809143,-0.010338360071182252,0.9999847412109375,0.0,6,-0.0100532,6.0,17613.3,284.062,0.159682,-2.12894,14.5204,30.9506,47.6277,78.6567,129.983,189.449,184.864,180.214,176.378,171.903,166.35,158.091,83.0846,48.5439,27.2886,14.5667,8.22847,5.15682,2.3284,-0.728368,260.763,260.908,254.153,254.153
29.217703819274902,-0.011371681466698647,0.9999847412109375,0.0,6,-0.00897959,6.0,17624.0,284.282,0.255604,-2.16773,14.5106,30.9906,47.7753,79.1596,131.522,187.263,182.651,177.967,174.096,169.563,163.89,155.113,79.6416,47.5585,27.1028,14.588,8.27513,5.19687,2.35147,-0.725376,260.923,261.147,254.307,254.307
29.240833044052124,-0.011371681466698647,0.9999847412109375,0.0,6,-0.0076915,6.0,17635.3,284.5,0.365462,-2.19591,14.5057,31.0538,47.9771,79.8121,133.489,185.007,180.356,175.625,171.704,167.089,161.242,151.554,75.7302,46.3168,26.8089,14.5699,8.30585,5.22908,2.37205,-0.722609,261.101,261.371,254.47,254.47
29.26380181312561,-0.011371681466698647,0.9999847412109375,0.0,6,-0.00631693,6.0,17653.1,284.709,0.466282,-2.25106,14.5045,31.1305,48.2087,80.5454,135.699,182.717,178.023,173.239,169.259,164.547,158.485,147.013,71.9087,45.0089,26.463,14.5261,8.32393,5.25417,2.38986,-0.720137,261.286,261.575,254.727,254.727
29.283893823623657,-0.011371681466698647,0.9999847412109375,0.0,6,-0.00493553,6.0,17664.4,284.925,0.539056,-2.28363,14.506,31.214,48.4534,81.3134,138.028,180.418,175.681,170.84,166.798,161.979,155.668,135.186,68.419,43.739,26.1009,14.4669,8.3325,5.27326,2.405,-0.717971,261.483,261.774,254.89,254.89
29.30451989173889,-0.011371681466698647,0.9999847412109375,0.0,6,-0.00358033,6.0,17675.9,285.139,0.583457,-2.29988,14.5102,31.3023,48.7054,82.0981,140.423,178.121,173.339,168.442,164.336,159.405,152.807,122.766,65.2837,42.5321,25.7323,14.3945,8.33175,5.28609,2.41719,-0.716154,261.682,261.968,255.056,255.056
29.326518774032593,-0.009354249015450478,0.9999847412109375,0.0,6,-0.00226066,6.0,17687.5,285.352,0.606254,-2.30907,14.5168,31.3944,48.9623,82.893,183.293,175.827,171.003,166.048,161.878,156.828,149.9,112.685,62.4639,41.3899,25.3613,14.3107,8.3224,5.29301,2.42651,-0.71468,261.882,262.16,255.223,255.223
29.348090410232544,-0.007533657923340798,0.9999847412109375,0.0,6,-0.00108233,6.0,17700.5,285.562,0.611751,-2.31208,14.5244,31.4809,49.2003,83.627,181.086,173.572,168.711,163.708,159.479,154.319,147.047,104.983,60.1236,40.4015,25.0245,14.2274,8.30832,5.29542,2.4331,-0.713567,262.093,262.341,255.41,255.41
29.373684883117676,-0.006697177886962891,0.9999847412109375,0.0,6,-8.72612e-05,6.0,17713.0,285.772,0.582925,-2.31505,14.5321,31.5573,49.4077,84.2654,178.921,171.369,166.481,161.441,157.166,151.913,144.312,99.2412,58.2622,39.5877,24.7359,14.1509,8.2922,5.29467,2.43738,-0.712777,262.305,262.515,255.591,255.591
29.393804788589478,-0.006697177886962891,0.9999847412109375,0.0,6,0.000757962,6.0,17725.3,285.982,0.537306,-2.31451,14.5404,31.6262,49.5911,84.8255,176.788,169.21,164.302,159.235,154.924,149.594,141.68,94.7922,56.738,38.8987,24.4806,14.0774,8.27302,5.29044,2.43936,-0.712301,262.514,262.693,255.769,255.769
29.415512084960938,-0.006697177886962891,0.9999847412109375,0.0,6,0.00153446,6.0,17737.7,286.191,0.486007,-2.29752,14.5501,31.6943,49.7682,85.3593,174.667,167.068,162.144,157.054,152.712,147.31,139.065,90.9761,55.3631,38.2556,24.2306,13.9987,8.24846,5.28205,2.43907,-0.712112,262.715,262.88,255.947,255.947
29.437471866607666,-0.006697177886962891,0.9999847412109375,0.0,6,0.00231481,6.0,17749.8,286.398,0.449812,-2.27549,14.5621,31.7679,49.9549,85.9157,172.541,164.92,159.98,154.866,150.49,145.011,136.357,87.3654,54.0005,37.5977,23.9634,13.9082,8.21663,5.26896,2.43662,-0.712178,262.906,263.071,256.123,256.123
29.461986780166626,-0.006697177886962891,0.9999847412109375,0.0,6,0.00310057,6.0,17759.8,286.608,0.424914,-2.23604,14.5765,31.8475,50.1523,86.4971,170.408,162.765,157.809,152.669,148.257,142.695,133.509,83.9269,52.6441,36.9224,23.6777,13.8051,8.17707,5.25087,2.43185,-0.712517,263.098,263.263,256.266,256.266
29.481905937194824,-0.009354249015450478,0.9999847412109375,0.0,6,0.00389051,6.0,17772.7,286.813,0.408671,-2.20333,14.593,31.9323,50.3594,87.1016,168.269,160.605,155.631,150.464,146.015,140.36,130.428,80.6574,51.3013,36.2356,23.3769,13.6913,8.13074,5.22835,2.42502,-0.713099,263.286,263.453,256.451,256.451
29.50269079208374,-0.012454213201999666,0.9999847412109375,0.0,6,0.0048095,6.0,17786.2,287.016,0.403002,-2.16938,14.6138,32.0346,50.6074,87.8238,166.091,158.396,153.398,148.193,143.691,137.906,126.283,77.1007,49.7874,35.444,23.0215,13.5527,8.07255,5.19925,2.41567,-0.713944,263.461,263.656,256.646,256.646
29.5238835811615,-0.013585955277085305,0.9999847412109375,0.0,6,0.00606894,6.0,17799.5,287.218,0.4415,-2.11696,14.6421,32.1756,50.9504,88.8313,163.818,156.069,151.024,145.751,141.156,135.142,115.544,72.6815,47.8416,34.4085,22.5497,13.3667,7.99402,5.15989,2.40302,-0.715088,263.611,263.878,256.838,256.838
29.5469753742218,-0.013585955277085305,0.9999847412109375,0.0,6,0.00766489,6.0,17806.1,287.425,0.526876,-2.04725,14.6785,32.3564,51.3922,90.1417,161.448,153.62,148.507,143.132,138.395,132.009,103.752,67.7101,45.5591,33.1654,21.9711,13.1346,7.89486,5.10981,2.38675,-0.716571,263.762,264.098,256.936,256.936
29.570608377456665,-0.013585955277085305,0.9999847412109375,0.0,6,0.00938445,6.0,17818.5,287.625,0.618728,-1.9686,14.7204,32.5587,51.8849,91.6105,159.034,151.117,145.925,140.427,135.512,128.596,93.2776,62.9515,43.2645,31.8773,21.3521,12.8777,7.78172,5.05124,2.36688,-0.718455,263.935,264.297,257.112,257.112
29.593297243118286,-0.013585955277085305,0.9999847412109375,0.0,6,0.0111018,6.0,17833.0,287.821,0.686466,-1.91698,14.766,32.7712,52.3985,93.1461,156.611,148.602,143.327,137.693,132.571,124.901,84.5005,58.6807,41.1031,30.6246,20.7284,12.6083,7.65872,4.98566,2.34351,-0.720766,264.116,264.478,257.32,257.32
29.613718032836914,-0.010338360071182252,0.9999847412109375,0.0,6,0.0128435,6.0,17847.4,288.016,0.73332,-1.83544,14.816,32.9966,52.941,94.775,154.171,146.065,140.698,134.912,129.541,120.594,76.9144,54.7641,39.0323,29.3892,20.0929,12.3242,7.52494,4.91264,2.31651,-0.723512,264.296,264.664,257.53,257.53
29.63580083847046,-0.0059099081903696065,0.9999847412109375,0.0,6,0.0143742,6.0,17855.1,288.216,0.767866,-1.75585,14.867,33.2122,53.4505,96.2945,151.778,143.588,138.139,132.209,126.577,114.073,70.9844,51.5255,37.239,28.2821,19.4992,12.0453,7.38749,4.83494,2.28619,-0.726725,264.5,264.82,257.662,257.662
29.659979343414307,-0.002711714804172516,0.9999847412109375,0.0,6,0.0153466,6.0,17862.2,288.418,0.703131,-1.62164,14.913,33.3805,53.8272,97.3709,149.531,141.298,135.805,129.789,123.979,105.434,67.2176,49.3379,35.9537,27.4488,19.0224,11.8027,7.25889,4.75824,2.25386,-0.730335,264.748,264.951,257.743,257.743
29.678709268569946,-0.0017769098281860353,0.9999847412109375,0.0,6,0.0157914,6.0,17876.5,288.612,0.567897,-1.52155,14.9538,33.502,54.0721,97.9989,147.424,139.19,133.692,127.654,121.776,100.969,65.0349,47.9674,35.0825,26.846,18.6476,11.5931,7.13904,4.68302,2.22,-0.734271,264.982,265.076,257.947,257.947
29.702503204345703,-0.0010389462113380432,0.9999847412109375,0.0,6,0.0159487,6.0,17892.9,288.802,0.413444,-1.43228,14.9921,33.5987,54.2455,98.3793,145.392,137.18,131.698,125.675,119.797,98.4056,63.6074,46.9931,34.4134,26.3553,18.3216,11.3984,7.02228,4.60759,2.18486,-0.738438,265.192,265.226,258.185,258.185
29.72407341003418,-0.0010389462113380432,0.9999847412109375,0.0,6,0.0160055,6.0,17906.9,288.993,0.291408,-1.33366,15.0307,33.689,54.3976,98.6792,143.381,135.199,129.741,123.746,117.891,96.4174,62.4007,46.1294,33.7963,25.8902,18.0035,11.2034,6.90321,4.52988,2.14823,-0.742809,265.379,265.391,258.387,258.387
29.745166063308716,-0.0010389462113380432,0.9999847412109375,0.0,6,0.0160204,6.0,17905.2,289.201,0.194298,-1.16709,15.0696,33.7771,54.5415,98.9464,141.378,133.228,127.798,121.836,116.013,94.6515,61.2778,45.3064,33.1972,25.4333,17.6871,11.0072,6.78262,4.45085,2.11081,-0.747286,265.568,265.571,258.365,258.365
29.76934003829956,-0.0010389462113380432,0.9999847412109375,0.0,6,0.0160416,6.0,17918.8,289.39,0.128035,-1.00779,15.1091,33.8672,54.6893,99.2236,139.368,131.251,125.848,119.918,114.126,92.826,60.1241,44.4633,32.585,24.9669,17.3647,10.8076,6.66,4.37054,2.0728,-0.751831,265.745,265.75,258.559,258.559
29.789915084838867,-0.0010389462113380432,0.9999847412109375,0.0,6,0.0160913,6.0,17936.5,289.574,0.0896114,-0.913344,15.1497,33.9616,54.8474,99.5316,137.345,129.259,123.881,117.979,112.21,90.8171,58.8868,43.5711,31.9439,24.482,17.0317,10.6027,6.53465,4.28862,2.03413,-0.756449,265.913,265.923,258.813,258.813
29.810777187347412,-0.0017769098281860353,0.9999847412109375,0.0,6,0.0161789,6.0,17952.1,289.758,0.0706012,-0.766484,15.1914,34.0611,55.0179,99.8785,135.308,127.25,121.894,116.016,110.26,88.5929,57.5546,42.6243,31.2715,23.9773,16.6881,10.3928,6.40688,4.20535,1.99495,-0.76112,266.083,266.102,259.04,259.04
29.833152770996094,-0.0032529328018426895,0.9999847412109375,0.0,6,0.0163547,6.0,17949.9,289.961,0.0658187,-0.605948,15.2351,34.1713,55.2158,100.393,133.242,125.206,119.866,113.999,108.231,85.8987,56.0148,41.5596,30.5327,23.4318,16.323,10.1733,6.27468,4.11974,1.95495,-0.76587,266.246,266.284,259.024,259.024
29.85517454147339,-0.005171848833560944,0.9999847412109375,0.0,6,0.0166517,6.0,17960.1,290.148,0.0790622,-0.381199,15.2814,34.2959,55.4509,102.968,131.137,123.116,117.783,111.911,106.096,82.6287,54.2189,40.3492,29.7122,22.8362,15.932,9.94256,6.1375,4.03158,1.91413,-0.770693,266.415,266.478,259.155,259.155
29.875518321990967,-0.006697177886962891,0.9999847412109375,0.0,6,0.0171406,6.0,17977.5,290.328,0.110933,-0.231521,15.3314,34.4424,55.7438,141.025,128.976,120.955,115.614,109.711,103.788,78.5583,52.0591,38.93,28.7744,22.1691,15.5045,9.69638,5.99375,3.94021,1.87238,-0.775588,266.561,266.665,259.402,259.402
29.899402856826782,-0.007533657923340798,0.9999847412109375,0.0,6,0.017896,6.0,17995.8,290.504,0.172237,-0.121367,15.3868,34.6202,56.1192,138.813,126.737,118.695,113.326,107.35,101.216,73.5592,49.4504,37.2459,27.6841,21.4072,15.0273,9.4286,5.84048,3.84405,1.82915,-0.78061,266.698,266.859,259.669,259.669
29.922932624816895,-0.007533657923340798,0.9999847412109375,0.0,6,0.0188919,6.0,18010.0,290.685,0.263196,-0.0464408,15.4478,34.8285,56.574,136.546,124.426,116.345,110.925,104.834,98.3443,68.0268,46.5355,35.3654,26.4728,20.5664,14.5061,9.14013,5.67734,3.74253,1.78399,-0.78582,266.836,267.046,259.881,259.881
29.94396686553955,-0.007533657923340798,0.9999847412109375,0.0,6,0.0199412,6.0,18008.7,290.881,0.339016,0.124778,15.5116,35.0479,57.0561,134.26,122.093,113.967,108.49,102.258,95.268,62.8167,43.698,33.5035,25.2575,19.7155,13.9741,8.84345,5.50877,3.63737,1.73709,-0.791241,267.008,267.228,259.856,259.856
29.967084169387817,-0.007533657923340798,0.9999847412109375,0.0,6,0.0209493,6.0,18024.2,291.057,0.385043,0.239215,15.5771,35.2694,57.5394,131.975,119.762,111.593,106.059,99.6747,91.9735,58.1682,41.0661,31.7373,24.0818,18.8804,13.4435,8.5428,5.33594,3.52877,1.68822,-0.796917,267.176,267.389,260.078,260.078
29.9882390499115,-0.0059099081903696065,0.9999847412109375,0.0,6,0.0219336,6.0,18041.0,291.232,0.414817,0.286764,15.6446,35.4946,58.0288,129.685,117.431,109.219,103.624,97.069,88.0998,53.9357,38.5872,30.0408,22.9328,18.0542,12.9113,8.23702,5.15845,3.41656,1.63736,-0.802849,267.34,267.547,260.322,260.322
30.010751724243164,-0.0032529328018426895,0.9999847412109375,0.0,6,0.0228038,6.0,18055.1,291.41,0.434003,0.312912,15.7124,35.7133,58.4957,127.41,115.122,106.875,101.225,94.499,81.4026,50.2538,36.348,28.4717,21.8469,17.2603,12.3899,7.93163,4.97859,3.30183,1.58479,-0.80902,267.515,267.697,260.526,260.526
30.031963348388672,-0.0022197071462869643,0.9999847412109375,0.0,6,0.0233605,6.0,18059.5,291.597,0.408075,0.362131,15.7774,35.9027,58.8769,125.188,112.893,104.636,98.9564,92.11,75.6739,47.4072,34.5168,27.1395,20.8911,16.5416,11.9021,7.63586,4.79992,3.18604,1.5307,-0.815441,267.716,267.833,260.592,260.592
30.052961111068726,-0.0017769098281860353,0.9999847412109375,0.0,6,0.023619,6.0,18072.1,291.775,0.328017,0.411878,15.8391,36.0626,59.1724,123.019,110.739,102.496,96.8149,89.9108,71.6985,45.2103,33.0156,26.0035,20.0457,15.8884,11.4444,7.34962,4.62309,3.06987,1.47555,-0.822046,267.914,267.969,260.772,260.772
30.07528281211853,-0.0017769098281860353,0.9999847412109375,0.0,6,0.0237713,6.0,18085.7,291.951,0.245271,0.426418,15.9005,36.214,59.4405,120.862,108.606,100.386,94.7129,87.7704,68.2715,43.2108,31.6101,24.9214,19.2278,15.2491,10.991,7.06253,4.44427,2.95181,1.41918,-0.82882,268.087,268.12,260.969,260.969
30.096968173980713,-0.0017769098281860353,0.9999847412109375,0.0,6,0.023931,6.0,18097.8,292.127,0.18701,0.463212,15.9628,36.3682,59.7144,118.696,106.465,98.267,92.5991,85.6092,64.845,41.2011,30.194,23.8296,18.4017,14.603,10.5322,6.77193,4.26316,2.8322,1.36206,-0.835685,268.25,268.284,261.144,261.144
30.11879062652588,-0.0017769098281860353,0.9999847412109375,0.0,6,0.0241211,6.0,18104.2,292.309,0.153442,0.507201,16.0267,36.5283,60.0022,116.516,104.307,96.1287,90.4621,83.4052,61.3243,39.1402,28.7443,22.7131,17.5579,13.9436,10.0645,6.47592,4.07882,2.71052,1.30397,-0.842664,268.41,268.45,261.245,261.245
30.140393257141113,-0.0017769098281860353,0.9999847412109375,0.0,6,0.0243263,6.0,18113.1,292.487,0.133285,0.583892,16.0919,36.6928,60.2994,114.325,102.138,93.9763,88.3078,81.1665,57.7867,37.0589,27.2769,21.5818,16.702,13.2742,9.58948,6.1751,3.89141,2.58678,1.24488,-0.849764,268.575,268.618,261.365,261.365
30.16340708732605,-0.0017769098281860353,0.9999847412109375,0.0,6,0.0245419,6.0,18125.3,292.66,0.122065,0.641048,16.1579,36.86,60.6028,112.122,99.9576,91.8125,86.1395,78.8952,54.2802,34.9814,25.8076,20.447,15.8422,12.6012,9.11131,5.87201,3.70246,2.46198,1.18527,-0.856929,268.734,268.78,261.539,261.539
30.18511152267456,-0.0017769098281860353,0.9999847412109375,0.0,6,0.0247686,6.0,18138.5,292.832,0.116694,0.694092,16.2247,37.0299,60.9125,109.91,97.7668,89.6369,83.9561,76.5855,50.81,32.9103,24.3381,19.3099,14.9793,11.925,8.63036,5.56682,3.51208,2.33618,1.12515,-0.864157,268.893,268.941,261.73,261.73
30.20872449874878,-0.0017769098281860353,0.9999847412109375,0.0,6,0.0250087,6.0,18150.3,293.004,0.116318,0.739528,16.2922,37.2027,61.2291,107.685,95.5645,87.4485,81.7563,74.2276,47.3778,30.8475,22.8698,18.1717,14.1143,11.2465,8.14719,5.25994,3.32051,2.20955,1.0646,-0.871437,269.049,269.1,261.902,261.902
30.228981971740723,-0.0017769098281860353,0.9999847412109375,0.0,6,0.0252491,6.0,18154.6,293.182,0.116006,0.827133,16.3604,37.3774,61.5492,105.452,93.3537,85.2507,79.5441,71.8194,44.016,28.8048,21.4082,17.0351,13.2482,10.5658,7.66146,4.95081,3.12728,2.08172,1.00343,-0.878797,269.21,269.262,261.964,261.964
30.251272678375244,-0.0010389462113380432,0.9999847412109375,0.0,6,0.0255054,6.0,18174.2,293.337,0.116599,0.902065,16.4294,37.5554,61.8773,103.205,91.1301,83.0382,77.3119,69.3288,40.6909,26.7702,19.9475,15.8971,12.3796,9.88238,7.17326,4.63979,2.93273,1.95297,0.941786,-0.886215,269.359,269.414,262.228,262.228
30.273853063583374,0.0,0.9999847412109375,0.0,6,0.0257736,6.0,18190.0,293.495,0.130079,0.920044,16.4996,37.7373,62.214,100.947,88.8936,80.8105,75.0579,66.7172,37.4011,24.7389,18.483,14.7533,11.5047,9.19293,6.67992,4.32502,2.73563,1.82245,0.879251,-0.893743,269.501,269.558,262.437,262.437
30.297227382659912,0.0017785374075174332,0.9999847412109375,0.0,6,0.0259434,6.0,18200.8,293.657,0.128872,0.96647,16.5693,37.9103,62.5235,98.6968,86.6731,78.6058,72.8339,64.0654,34.3633,22.8058,17.067,13.6366,10.643,8.50965,6.18756,4.00876,2.53669,1.69034,0.815755,-0.901401,269.662,269.698,262.595,262.595
30.315791368484497,0.005912876129150391,0.9999847412109375,0.0,6,0.0259036,6.0,18202.7,293.83,0.102133,1.01921,16.6349,38.0572,62.9983,96.4791,84.501,76.4679,70.7015,61.5509,31.7855,21.0786,15.7682,12.5959,9.82884,7.85754,5.71251,3.70044,2.34135,1.56008,0.752841,-0.909009,269.837,269.827,262.605,262.605
30.33850932121277,0.009357982873916626,0.9999847412109375,0.0,6,0.0254653,6.0,18212.9,293.992,0.0338672,1.10969,16.6937,38.1564,63.9587,94.3294,82.425,74.4608,68.7491,59.6198,29.8808,19.6422,14.6303,11.6568,9.07564,7.24384,5.2572,3.39994,2.14883,1.43086,0.689961,-0.916643,270.032,269.936,262.749,262.749
30.361942768096924,0.012458521500229837,0.996063232421875,0.04705810546875,6,0.024575,6.0,18228.2,294.146,-0.0917345,1.17123,16.7437,38.1989,66.6825,92.2581,80.4591,72.6021,67.0012,58.4141,28.705,18.5129,13.6628,10.8271,8.3902,6.67458,4.82672,3.11108,1.96179,1.30457,0.628093,-0.924182,270.226,270.035,262.981,262.981
30.38295865058899,0.016001953184604647,0.682342529296875,0.1607818603515625,6,0.0232701,6.0,18223.3,294.204,-0.250928,1.18904,16.7847,38.1878,104.705,90.2572,78.5906,70.8738,65.429,57.5909,28.247,17.6549,12.8408,10.0902,7.76313,6.14469,4.41956,2.83441,1.7813,1.18221,0.56789,-0.931534,269.506,269.303,262.928,262.928
30.406285762786865,0.018610292673110963,0.399993896484375,0.274505615234375,6,0.0214802,6.0,18052.1,293.777,-0.426594,1.26495,16.8147,38.1135,102.688,88.3409,76.8365,69.2942,64.049,57.0061,28.8826,17.1495,12.196,9.46329,7.20432,5.66099,4.04036,2.57297,1.60939,1.0652,0.510082,-0.938609,267.265,267.103,260.53,260.53
30.42760181427002,0.018610292673110963,0.0823516845703125,0.352935791015625,6,0.0192281,6.0,17869.9,292.676,-0.63447,1.33237,16.8331,37.9781,100.733,86.508,75.191,67.85,62.8327,56.5152,31.2577,17.0723,11.7436,8.95063,6.71549,5.22522,3.69135,2.32915,1.44807,0.955077,0.455538,-0.945292,264.414,264.236,257.911,257.911
30.449639558792114,0.018610292673110963,0.0,0.3960723876953125,6,0.0166397,6.0,17641.8,290.98,-0.870135,1.35351,16.8412,37.7956,98.8253,84.7373,73.6226,66.4954,61.7119,56.005,36.8105,17.506,11.4842,8.5454,6.29202,4.83564,3.37345,2.10513,1.29945,0.853559,0.405248,-0.951453,261.855,261.506,254.949,254.316
30.472931623458862,0.018610292673110963,0.0,0.415679931640625,6,0.013707,6.0,17455.8,288.975,-1.12674,1.33719,16.8381,37.5651,96.9694,83.0324,72.1331,65.2288,60.6789,55.4935,48.5906,18.8224,11.5011,8.28082,5.94943,4.50176,3.09256,1.90452,1.1658,0.762164,0.359954,-0.957002,259.3,259.306,252.264,251.765
30.49259662628174,0.018610292673110963,0.0,0.4274444580078125,6,0.0105554,6.0,17329.1,286.789,-1.32753,1.54307,16.8254,37.3012,95.1495,81.3705,70.6908,64.0081,59.6798,54.9264,49.8824,21.6815,11.8694,8.17186,5.69072,4.22533,2.85061,1.72929,1.0487,0.682064,0.320284,-0.961858,258.037,257.195,250.707,249.7
30.513861417770386,0.018610292673110963,0.0,0.4509735107421875,6,0.00722679,6.0,17203.4,284.603,-1.52426,1.68756,16.804,37.0098,93.3594,79.7426,69.2836,62.8175,58.6962,54.3047,50.0868,28.2267,12.787,8.26612,5.52977,4.0125,2.65044,1.58082,0.948892,0.613696,0.28642,-0.966002,255.91,255.042,248.937,247.789
30.538171768188477,0.018610292673110963,0.0,0.5058746337890625,6,0.00369427,6.0,17062.8,282.425,-1.74592,1.68017,16.7725,36.6875,91.6031,78.1537,67.9169,61.6634,57.7371,53.6581,49.9795,43.6557,14.8112,8.69969,5.51471,3.88849,2.50491,1.46544,0.869707,0.55906,0.259208,-0.969339,252.53,252.286,246.827,245.721
30.558225393295288,0.018610292673110963,0.0,0.5607757568359375,6,0.000696748,6.0,16893.7,280.046,-1.74191,1.8107,16.743,36.4127,89.7818,76.4756,66.4318,60.3574,56.5877,52.7407,49.3962,44.6936,17.9512,9.32053,5.57128,3.81716,2.40107,1.3802,0.810951,0.518532,0.23906,-0.971807,250.605,249.189,244.377,243.39
30.58232879638672,0.019988277927041054,0.0,0.6078338623046875,6,-0.0027324,6.0,16713.0,277.64,-1.93558,1.63295,16.6996,36.083,88.0266,74.8782,65.0395,59.1517,55.5411,51.9192,48.8678,44.9701,26.5859,10.8259,5.91651,3.89736,2.37744,1.3374,0.776468,0.493403,0.225989,-0.97344,245.033,245.619,241.59,240.896
30.604435205459595,0.024417495727539065,0.0,0.62744140625,6,-0.00545362,6.0,16556.4,274.91,-1.81934,1.9454,16.6613,35.8171,86.187,73.1684,63.5033,57.7695,54.2855,50.833,47.982,44.5056,38.7467,12.8825,6.38382,4.04979,2.40351,1.3274,0.763088,0.482455,0.219814,-0.974236,243.412,242.005,239.631,238.451
30.62627649307251,0.029289606586098672,0.0,0.6392059326171875,6,-0.00836805,6.0,16368.6,272.204,-1.75735,2.04305,16.6129,35.5206,84.3848,71.5023,62.015,56.4365,53.0776,49.7875,47.1193,43.9783,39.6774,17.0607,7.27663,4.39614,2.52414,1.36491,0.776083,0.487963,0.221059,-0.974167,240.416,238.759,236.679,235.956
30.647478580474854,0.03101206421852112,0.0,0.6470489501953125,6,-0.0119391,6.0,16188.3,269.48,-1.85854,2.11104,16.5472,35.1495,82.6798,69.9539,60.6622,55.2509,52.0248,48.9025,46.4141,43.5724,40.0362,29.102,9.05053,5.06396,2.77431,1.45868,0.817816,0.510637,0.229699,-0.973255,236.911,235.345,234.049,233.369
30.668915510177612,0.03647469915449619,0.0,0.666656494140625,6,-0.0158528,6.0,16015.9,266.743,-2.03386,2.03555,16.4697,34.7597,81.0294,68.4682,59.3765,54.1326,51.0362,48.0731,45.7462,43.153,40.1044,35.9098,12.3789,6.15779,3.17135,1.6118,0.889098,0.550799,0.245821,-0.971493,232.966,232.112,231.675,230.767
30.69314217567444,0.04444715715944767,0.0,0.690185546875,6,-0.0199037,6.0,15836.8,263.932,-2.15363,2.09759,16.3836,34.4183,79.4067,67.0107,58.116,53.0335,50.0595,47.2412,45.056,42.6663,39.9565,36.6319,19.1243,7.87202,3.74397,1.82956,0.991395,0.609034,0.269568,-0.96887,229.815,228.756,229.225,228.059
30.713063955307007,0.05551996231079102,0.0,0.70587158203125,6,-0.0245068,6.0,15654.1,261.133,-2.35462,1.98061,16.282,34.0837,77.8649,65.6461,56.9557,52.0371,49.1842,46.5054,44.4533,42.2424,39.8035,36.9911,31.1902,10.8866,4.59715,2.13524,1.13231,0.688747,0.301942,-0.965298,224.742,224.987,226.556,225.43
30.736011743545532,0.07043126970529556,0.0,0.713714599609375,6,-0.0296264,6.0,15439.8,258.33,-2.6201,1.81717,16.1656,33.7589,76.3976,64.3652,55.8828,51.1273,48.3916,45.8452,43.9148,41.861,39.6425,37.1788,32.922,16.8194,5.86364,2.54914,1.31721,0.792078,0.343482,-0.960737,219.211,221.255,223.454,222.516
30.7568256855011,0.09006686545908452,0.0,0.7176361083984375,6,-0.0357444,6.0,15287.9,255.314,-2.93644,1.83571,16.0274,33.3863,75.0641,63.2369,54.9739,50.3853,47.767,45.3507,43.5348,41.6257,39.5955,37.4023,33.8881,28.0549,7.90146,3.11791,1.55732,0.923075,0.394991,-0.955143,218.267,216.998,221.641,219.757
30.779024362564087,0.11885577589273454,0.0,0.7215576171875,6,-0.0424936,6.0,15062.9,252.466,-3.22979,1.73431,15.8716,32.9971,73.8175,62.2032,54.1602,49.7342,47.2283,44.9325,43.2207,41.4373,39.565,37.5797,34.5279,30.3153,11.3644,3.90013,1.86814,1.08882,0.458926,-0.948261,213.317,213.392,218.119,216.938
30.80119562149048,0.15163072384893894,0.0,0.6374751859692651,6,-0.0510854,6.0,14919.4,249.424,-3.63586,1.88149,15.6806,32.4369,72.8017,61.4324,53.628,49.3722,46.981,44.8045,43.1947,41.5295,39.8008,37.9939,35.2936,31.8358,19.246,5.07427,2.28554,1.30178,0.53787,-0.939931,211.621,209.226,216.754,214.068
30.822940349578857,0.17987812906503678,0.0,0.6244380575492323,6,-0.0618554,6.0,14773.3,246.588,-4.32965,1.93043,15.4505,31.6575,72.0464,60.9541,53.4045,49.3233,47.0455,44.9862,43.4716,41.917,40.3155,38.6607,36.234,33.2514,26.4415,6.97425,2.85901,1.57756,0.635026,-0.929931,210.506,207.163,214.554,211.934
30.84431552886963,0.21053684093058112,0.0,0.6065480704325728,6,-0.0744594,6.0,14593.2,243.911,-5.18067,2.0176,15.1868,30.708,71.4984,60.7018,53.4105,49.4997,47.331,45.3793,43.9524,42.4941,41.0028,39.4739,37.2603,34.6027,29.0557,10.3194,3.6575,1.93526,0.754264,-0.917968,207.611,203.876,212.082,209.277
30.867549180984497,0.24360685944557192,0.0,0.5904083000720857,6,-0.0886422,6.0,14427.8,241.3,-6.20174,2.08927,14.8945,29.6381,71.1169,60.6257,53.5896,49.8411,47.7721,45.9193,44.5693,43.1963,41.7983,40.3729,38.3282,35.9083,31.059,17.2108,4.7881,2.39824,0.899103,-0.903836,204.017,199.843,209.91,206.668
30.888922214508057,0.2687046114355326,0.0,0.5756845102419401,6,-0.103873,6.0,14268.6,238.723,-7.2807,2.1368,14.5818,28.5245,70.834,60.6454,53.8529,50.2546,48.2774,46.5117,45.23,43.9297,42.6105,41.2717,39.3609,37.1223,32.7326,22.6563,6.41182,2.99243,1.07245,-0.887397,200.635,195.499,207.848,204.129
30.911463737487793,0.3059082984924317,0.0,0.5568204913334921,6,-0.119769,6.0,14100.2,236.185,-8.40229,2.15444,14.2547,27.4169,70.603,60.7063,54.1439,50.6837,48.7879,47.1004,45.8775,44.6406,43.3889,42.1215,40.3214,38.2241,34.1673,25.4084,8.80248,3.74896,1.27643,-0.868622,197.086,191.27,205.508,201.635
30.93307137489319,0.3225908908993006,0.0,0.5440717086702944,6,-0.135864,6.0,13944.5,233.696,-9.46395,2.16796,13.9188,26.3578,70.3737,60.7524,54.4028,51.0678,49.2461,47.6268,46.4565,45.2742,44.0797,42.8738,41.1652,39.1834,35.3823,27.4194,12.4553,4.70733,1.51382,-0.847403,193.194,186.806,203.197,199.41
30.955097913742065,0.33971637636423113,0.0,0.5340249105018484,6,-0.150874,6.0,13801.0,231.233,-10.1666,2.22793,13.5866,25.441,70.0181,60.6393,54.4793,51.255,49.4972,47.9382,46.8122,45.6769,44.532,43.3771,41.7451,39.8582,36.2602,28.8548,16.1807,5.88549,1.78469,-0.823674,189.357,182.583,201.218,197.289
30.978381633758545,0.354814152187705,0.0,0.5223593005019938,6,-0.164429,6.0,13646.4,228.827,-10.5618,2.22486,13.2605,24.6742,69.5092,60.3393,54.347,51.2197,49.5182,48.0112,46.9249,45.83,44.7273,43.6173,42.0505,40.2436,36.8135,29.8386,18.3698,7.3017,2.08834,-0.797492,185.532,178.664,198.844,195.198
30.998385906219482,0.3678514515130129,0.0,0.5064493210924254,6,-0.176853,6.0,13498.1,226.451,-10.7392,2.18702,12.9361,24.0187,68.887,59.9015,54.0595,51.0197,49.3694,47.9089,46.8574,45.7992,44.7343,43.663,42.1544,40.4174,37.1327,30.5133,19.8765,8.99276,2.42475,-0.768972,182.019,175.168,196.559,193.192
31.02093005180359,0.38116818827622884,0.0,0.47972412729357444,6,-0.188521,6.0,13358.2,224.077,-10.7336,2.1621,12.6092,23.4398,68.1934,59.3746,53.6714,50.7126,49.1084,47.6914,46.6715,45.6463,44.616,43.5807,42.1236,40.4502,37.2941,30.9802,20.9908,10.6831,2.79502,-0.738171,179.378,172.605,194.435,191.272
31.04289197921753,0.38821200373582543,0.0,0.4487988219802516,6,-0.199834,6.0,13229.8,221.75,-10.64,2.1387,12.2769,22.9058,67.4705,58.8066,53.2347,50.3515,48.7905,47.4135,46.4237,45.429,44.4303,43.4281,42.0193,40.4031,37.3639,31.32,21.8615,12.0264,3.20086,-0.705163,177.441,170.773,192.522,189.467
31.06607723236084,0.4082032330557704,0.0,0.40405628262956605,6,-0.210699,6.0,13121.8,219.478,-10.3915,2.17168,11.9536,22.4219,66.711,58.1907,52.7425,49.9301,48.4104,47.0704,46.1086,45.143,44.1737,43.2017,41.8377,40.2748,37.3429,31.5406,22.5391,13.1146,3.64256,-0.669994,176.195,169.695,190.897,187.963
31.0872642993927,0.42167703303836596,0.0,0.3690041303259018,6,-0.221212,6.0,13017.4,217.327,-10.0475,2.18947,11.6425,21.9788,65.926,57.5404,52.2092,49.4644,47.9836,46.6791,45.7432,44.8047,43.8637,42.9204,41.5977,40.0849,37.2518,31.6711,23.0713,14.0159,4.12244,-0.632602,175.637,169.341,189.332,186.509
31.108643770217896,0.42814808923869396,0.0,0.31971162954274046,6,-0.231897,6.0,12913.6,215.291,-9.7346,2.18679,11.3394,21.5412,65.1642,56.9082,51.6905,49.0112,47.5672,46.297,45.3861,44.473,43.5586,42.6429,41.3592,39.8929,37.1523,31.7738,23.5291,14.796,4.62178,-0.593049,175.337,169.237,187.834,185.006
31.131346225738525,0.4412671956625705,0.0,0.27147635969818085,6,-0.243065,6.0,12823.7,213.367,-9.50278,2.17629,11.0414,21.088,64.4523,56.3226,51.2161,48.6003,47.1919,45.9543,45.0678,44.1794,43.2897,42.3997,41.1538,39.7309,37.0769,31.8826,23.9511,15.4966,5.09671,-0.551307,175.918,169.887,186.565,183.668
31.152957439422607,0.4471224240900825,0.0,0.20654104046295899,6,-0.255246,6.0,12740.7,211.554,-9.39297,2.19575,10.7441,20.5806,63.8432,55.8378,50.8417,48.2876,46.9145,45.7079,44.8445,43.9799,43.1145,42.2486,41.0376,39.6563,37.0816,32.055,24.394,16.167,5.55364,-0.507387,177.165,171.267,185.447,182.382
31.176250457763672,0.4596803793567325,0.0,0.13636679489492903,6,-0.252105,6.0,12673.6,209.907,-9.51327,2.21098,10.4444,20.001,63.3643,55.4802,50.5927,48.0997,46.7606,45.5849,44.7431,43.9009,43.0586,42.2163,41.0377,39.6946,37.1934,32.3163,24.8856,16.8367,5.99894,-0.463013,178.94,173.222,184.605,181.269
31.196996212005615,0.4644513191723172,0.0,0.06653957881180775,6,-0.250008,6.0,12627.0,208.453,-9.69989,2.28739,10.1449,19.3819,62.9727,55.2028,50.4202,47.9871,46.6803,45.534,44.7139,43.8929,43.0719,42.2515,41.1045,39.7968,37.364,32.6227,25.3944,17.493,6.43366,-0.419741,181.094,175.54,184.031,180.481
31.218590259552002,0.46857585242416705,0.0,0.0039215087890625,6,-0.248915,6.0,12585.8,207.196,-9.95049,2.39257,9.84553,18.7296,62.6634,55.0004,50.3167,47.9412,46.6664,45.5477,44.7479,43.9478,43.1476,42.3475,41.2297,39.9563,37.5862,32.9696,25.9198,18.1419,6.86087,-0.377363,183.648,178.335,183.516,179.797
31.24274230003357,0.4719850728288386,0.0,0.0,6,-0.248448,6.0,12553.4,206.157,-10.4051,2.4458,9.54579,18.0483,62.4366,54.8727,50.2809,47.9599,46.716,45.6248,44.8441,44.0634,43.283,42.5031,41.4127,40.1706,37.8601,33.3572,26.4666,18.7911,7.28336,-0.335801,186.032,181.041,183.138,179.222
31.263930559158325,0.4749250742557738,0.0,0.0,6,-0.247997,6.0,12502.3,205.261,-10.8234,2.52895,9.25195,17.394,62.2056,54.7313,50.2231,47.953,46.7379,45.6728,44.9113,44.1493,43.3873,42.6263,41.5628,40.351,38.0967,33.703,26.9642,19.3934,7.69323,-0.294978,186.751,182.115,182.416,178.469
31.286417961120605,0.48524,0.0,0.0,6,-0.24675,6.0,12449.8,204.428,-11.0823,2.58691,8.96932,16.8046,61.9012,54.508,50.0745,47.8519,46.6636,45.6229,44.8793,44.1356,43.3921,42.6491,41.6108,40.4286,38.229,33.9423,27.3583,19.9095,8.081,-0.254851,186.605,182.344,181.585,177.786
31.30624508857727,0.4878866666666667,0.0,0.0,6,-0.244478,6.0,12398.9,203.634,-11.3244,2.54914,8.6973,16.2673,61.5395,54.221,49.8555,47.6761,46.513,45.4951,44.7682,44.0417,43.3158,42.5907,41.5772,40.423,38.2773,34.0952,27.6659,20.3504,8.447,-0.215563,186.066,182.114,180.785,177.112
31.327633142471313,0.49045666666666665,0.0,0.0,6,-0.241219,6.0,12351.7,202.863,-11.3975,2.51555,8.43735,15.7915,61.0953,53.8469,49.5449,47.4043,46.265,45.2687,44.5577,43.8475,43.1382,42.43,41.4409,40.3145,38.2207,34.1425,27.8706,20.7036,8.78651,-0.177158,185.377,181.696,180.008,176.525
31.350367069244385,0.49296000000000006,0.0,0.0,6,-0.236966,6.0,12304.7,202.112,-11.301,2.44489,8.18979,15.3759,60.566,53.3841,49.1424,47.0381,45.9208,44.9452,44.2494,43.5546,42.8612,42.1692,41.2034,40.1044,38.0617,34.0866,27.9758,20.971,9.09795,-0.139665,184.602,181.19,179.223,175.952
31.373013734817505,0.4954299999999999,0.0,0.0,6,-0.232079,6.0,12258.4,201.371,-11.2223,2.32074,7.95093,14.9866,60.0159,52.8971,48.7119,46.6427,45.5452,44.5889,43.9076,43.2276,42.5493,41.8728,40.9292,39.8564,37.864,33.9889,28.0347,21.1917,9.38934,-0.1032,183.853,180.62,178.518,175.321
31.393921852111816,0.49788333333333334,0.0,0.0,5,-0.226908,6.0,12214.5,200.635,-11.0915,2.22317,7.72053,14.6227,59.4482,52.3897,48.258,46.2218,45.1433,44.2044,43.5368,42.8711,42.2073,41.5456,40.6231,39.5752,37.6314,33.8537,28.0521,21.3705,9.66073,-0.0678164,183.13,180.016,177.858,174.709
31.416314363479614,0.5001766666666667,0.0,0.0,5,-0.221562,5.0,13270.7,199.947,-10.9053,2.1313,7.49827,14.2827,58.8653,51.8645,47.7842,45.779,44.7189,43.7966,43.1411,42.4886,41.8388,41.1913,40.2892,39.2651,37.3677,33.6848,28.0329,21.5112,9.91321,-0.0334918,182.401,179.382,177.851,175.073
31.437955856323242,0.5022666666666666,0.0,0.0,5,-0.216035,5.0,13218.3,199.32,-10.7983,2.01343,7.28263,13.9513,58.299,51.3525,47.3207,45.3441,44.3016,43.3952,42.7514,42.1107,41.4735,40.8396,39.9568,38.9555,37.1021,33.5102,28.0012,21.6326,10.1513,-0.000260671,181.755,178.761,177.424,174.667
31.461230039596558,0.5044533333333334,0.0,0.0,5,-0.210439,5.0,13193.0,198.664,-10.6911,1.91881,7.0747,13.6356,57.7358,50.8404,46.8547,44.9058,43.879,42.988,42.3553,41.7261,41.1004,40.4785,39.6142,38.6346,36.8232,33.3192,27.9477,21.7288,10.3732,0.0318095,181.152,178.158,176.131,172.999
31.48431921005249,0.5069366666666666,0.0,0.0,5,-0.204867,5.0,13127.5,197.919,-10.5512,1.84496,6.87461,13.3386,57.1738,50.3266,46.3844,44.4621,43.4502,42.5731,41.9513,41.333,40.7185,40.1079,39.26,38.301,36.5299,33.1098,27.8724,21.7996,10.5791,0.0627289,180.516,177.532,175.293,172.062
31.50423765182495,0.50946,0.0,0.0,5,-0.199423,5.0,13074.5,197.162,-10.5362,1.74481,6.68026,13.041,56.653,49.8494,45.9471,44.0491,43.0513,42.1868,41.5744,40.9665,40.3625,39.7626,38.9299,37.989,36.2555,32.9139,27.8032,21.8667,10.7749,0.0924835,179.885,176.864,174.643,171.306
31.52750277519226,0.5119966666666667,0.0,0.0,5,-0.194293,5.0,13024.7,196.401,-10.5984,1.65853,6.49231,12.7461,56.169,49.4042,45.5383,43.6621,42.6776,41.825,41.2213,40.6221,40.0278,39.4379,38.6195,37.6952,35.9956,32.7273,27.7358,21.9287,10.9603,0.121009,179.25,176.169,174.036,170.592
31.548285722732544,0.5145466666666667,0.0,0.0,5,-0.189463,5.0,12974.2,195.636,-10.6562,1.60704,6.31166,12.4614,55.7075,48.9772,45.1448,43.2887,42.3161,41.4747,40.8792,40.2884,39.7024,39.1215,38.3165,37.4078,35.7385,32.5391,27.6613,21.9779,11.1339,0.148322,178.574,175.437,173.398,169.896
31.57098960876465,0.5171033333333334,0.0,0.0,5,-0.184833,5.0,12922.4,194.869,-10.8345,1.5348,6.1371,12.1779,55.2912,48.5894,44.7864,42.9488,41.9864,41.155,40.567,39.9839,39.4057,38.8326,38.0391,37.1449,35.5034,32.366,27.5942,22.0259,11.2988,0.174438,177.908,174.687,172.772,169.153
31.593785285949707,0.5196733333333332,0.0,0.0,5,-0.180407,5.0,12871.8,194.098,-11.0736,1.47278,5.97029,11.9038,54.9062,48.2277,44.4503,42.6292,41.6763,40.8533,40.2719,39.6959,39.1249,38.5592,37.7759,36.894,35.2784,32.1967,27.5236,22.0659,11.4532,0.199263,177.237,173.931,172.149,168.433
31.61458468437195,0.5222633333333333,0.0,0.0,5,-0.176095,5.0,12820.8,193.321,-11.2512,1.45886,5.81175,11.6485,54.5296,47.8709,44.1167,42.3101,41.3662,40.5513,39.9757,39.4058,38.8415,38.2827,37.5094,36.6389,35.0464,32.0157,27.4364,22.0872,11.5947,0.222923,176.514,173.151,171.488,167.749
31.636423110961914,0.52486,0.0,0.0,5,-0.171777,5.0,12768.3,192.542,-11.4951,1.42886,5.66092,11.4053,54.1811,47.537,43.8027,42.0086,41.0725,40.2651,39.695,39.1305,38.5717,38.0188,37.2547,36.3948,34.8226,31.8384,27.3449,22.099,11.7253,0.245353,175.801,172.371,170.829,167.02
31.660517692565918,0.5274666666666668,0.0,0.0,5,-0.167425,5.0,12716.7,191.76,-11.7684,1.40245,5.51892,11.1805,53.8496,47.2155,43.4982,41.7158,40.7862,39.9853,39.4203,38.8609,38.3073,37.7596,37.003,36.153,34.5999,31.6578,27.2431,22.0967,11.8441,0.266512,175.08,171.593,170.174,166.306
31.681233167648315,0.5300933333333333,0.0,0.0,5,-0.162999,5.0,12665.5,190.972,-11.924,1.43947,5.38651,10.984,53.5125,46.8862,43.1839,41.4124,40.4891,39.6938,39.1332,38.5787,38.0303,37.4877,36.7383,35.8967,34.3619,31.4589,27.1184,22.0705,11.9481,0.28648,174.313,170.797,169.486,165.642
31.702474355697632,0.5327299999999999,0.0,0.0,5,-0.15848,5.0,12612.4,190.181,-12.1203,1.46245,5.26186,10.8033,53.1963,46.5733,42.8835,41.1207,40.2032,39.4132,38.8563,38.3058,37.7617,37.224,36.4813,35.6476,34.1284,31.2609,26.9875,22.0328,12.0414,0.305311,173.562,170.002,168.806,164.92
31.727958917617798,0.5353633333333334,0.0,0.0,5,-0.153808,5.0,12560.1,189.391,-12.3489,1.47855,5.1463,10.6449,52.894,46.2705,42.5907,40.8352,39.9226,39.1375,38.5842,38.0372,37.4968,36.9629,36.2264,35.4001,33.8949,31.0601,26.8476,21.9809,12.123,0.322892,172.816,169.216,168.134,164.201
31.747353315353394,0.5380233333333333,0.0,0.0,5,-0.148961,5.0,12508.8,188.593,-12.4219,1.57391,5.04096,10.5211,52.5785,45.953,42.2822,40.5342,39.6259,38.8451,38.2954,37.7521,37.2153,36.6851,35.954,35.1347,33.6435,30.8397,26.6858,21.9041,12.1894,0.339292,172.027,168.415,167.431,163.554
31.76828169822693,0.5406866666666666,0.0,0.0,5,-0.144051,5.0,12455.4,187.794,-12.5305,1.65632,4.94353,10.4163,52.2847,45.653,41.9885,40.2466,39.342,38.5648,38.0178,37.4777,36.9442,36.4175,35.6912,34.8776,33.3992,30.6229,26.5223,21.819,12.2458,0.354575,171.263,167.615,166.743,162.828
31.79183340072632,0.5433466666666666,0.0,0.0,5,-0.138949,5.0,12402.1,186.996,-12.6963,1.71814,4.85518,10.3356,52.0091,45.3672,41.7065,39.9689,39.0677,38.2935,37.7487,37.211,36.6803,36.1567,35.435,34.6266,33.1587,30.4074,26.3549,21.7239,12.2916,0.368613,170.517,166.831,166.064,162.093
31.812097311019897,0.5460266666666667,0.0,0.0,4,-0.133625,5.0,12351.2,186.192,-12.6826,1.8744,4.77757,10.2972,51.7175,45.0646,41.4074,39.6738,38.7757,38.0047,37.4623,36.927,36.3989,35.8778,35.1605,34.3575,32.8999,30.1732,26.1675,21.6058,12.3225,0.38147,169.726,166.032,165.355,161.46
31.83544158935547,0.54855,0.0,0.0,4,-0.128283,4.0,13688.7,185.435,-12.6979,2.01899,4.70803,10.2835,51.448,44.7798,41.1236,39.3934,38.4972,37.7286,37.1884,36.6553,36.1293,35.6106,34.8966,34.0982,32.6501,29.945,25.9817,21.4833,12.344,0.393242,168.968,165.238,165.441,161.902
31.85809874534607,0.5508433333333334,0.0,0.0,4,-0.122534,4.0,13633.2,184.747,-12.7783,2.12285,4.648,10.3053,51.1885,44.5023,40.845,39.1172,38.2228,37.4559,36.9172,36.386,35.8621,35.3455,34.6346,33.8398,32.4004,29.7147,25.7908,21.3519,12.3544,0.403808,168.262,164.5,164.968,161.49
31.878698348999023,0.5532600000000001,0.0,0.0,4,-0.116274,4.0,13580.1,184.022,-12.6276,2.33527,4.60044,10.3947,50.8902,44.1879,40.5311,38.806,37.9141,37.1494,36.6124,36.083,35.5613,35.0472,34.3399,33.5493,32.1186,29.4539,25.5706,21.1933,12.3475,0.413183,167.537,163.79,163.359,159.527
31.9007887840271,0.55603,0.0,0.0,4,-0.10994,4.0,13496.5,183.191,-12.4684,2.54118,4.56203,10.5306,50.604,43.883,40.225,38.5016,37.6116,36.849,36.3135,35.7858,35.2658,34.7536,34.0495,33.263,31.8402,29.195,25.3496,21.029,12.3304,0.421469,166.815,163.066,162.408,158.442
31.92304563522339,0.5588299999999999,0.0,0.0,4,-0.103417,4.0,13429.5,182.351,-12.4552,2.6841,4.5323,10.7049,50.3563,43.6107,39.9481,38.2251,37.3356,36.5743,36.0399,35.5134,34.9947,34.4838,33.7818,32.9984,31.5822,28.9529,25.1403,20.8701,12.3066,0.428536,166.105,162.326,161.667,157.582
31.945220947265625,0.5616633333333333,0.0,0.0,4,-0.0969219,4.0,13373.2,181.501,-12.3021,2.94101,4.51377,10.9458,50.1132,43.3408,39.6723,37.9493,37.0603,36.2995,35.766,35.2406,34.7231,34.2135,33.5134,32.7324,31.3224,28.7075,24.9259,20.704,12.2716,0.434371,165.344,161.542,160.965,156.941
31.96696972846985,0.5645100000000001,0.0,0.0,4,-0.0908699,4.0,13309.6,180.647,-12.18,3.20547,4.50316,11.23,49.9173,43.1113,39.433,37.7077,36.8182,36.0573,35.5237,34.9985,34.4815,33.9728,33.274,32.4945,31.0882,28.4845,24.7278,20.5471,12.2324,0.439133,164.59,160.719,160.263,156.138
31.988259077072144,0.5673366666666666,0.0,0.0,4,-0.0847801,4.0,13243.7,179.799,-12.2775,3.38945,4.50044,11.5392,49.788,42.939,39.2453,37.5146,36.6233,35.8612,35.3269,34.8009,34.2834,33.7743,33.0756,32.2966,30.8914,28.2941,24.5548,20.4058,12.1907,0.44268,163.879,159.913,159.568,155.267
32.01249957084656,0.5701933333333333,0.0,0.0,4,-0.0788976,4.0,13186.5,178.942,-12.3062,3.66211,4.50896,11.9141,49.6799,42.7835,39.0719,37.3351,36.4409,35.677,35.1417,34.6149,34.0965,33.5866,32.8871,32.1079,30.7033,28.11,24.3852,20.2644,12.1411,0.44497,163.136,159.093,158.878,154.591
32.03164482116699,0.57307,0.0,0.0,4,-0.0733016,4.0,13122.7,178.079,-12.2663,3.97772,4.52708,12.3451,49.6015,42.6526,38.9199,37.1758,36.2782,35.5115,34.9745,34.4464,33.927,33.416,32.7152,31.9346,30.5294,27.9375,24.2234,20.1267,12.086,0.446182,162.354,158.231,158.15,153.81
32.0561203956604,0.57592,0.0,0.0,4,-0.0674812,4.0,13055.5,177.224,-12.438,4.19797,4.55374,12.8062,49.5833,42.5728,38.8138,37.0592,36.1571,35.3867,34.8471,34.3166,33.795,33.2824,32.5793,31.7964,30.3876,27.7931,24.0828,20.0023,12.0298,0.446198,161.614,157.402,157.43,152.933
32.07747220993042,0.5787833333333333,0.0,0.0,4,-0.0618283,4.0,12996.5,176.365,-12.6141,4.45552,4.59089,13.3361,49.5917,42.5143,38.7261,36.9596,36.052,35.2774,34.735,34.2017,33.6775,33.1624,32.4564,31.6708,30.2573,27.6579,23.9483,19.8799,11.9686,0.444915,160.863,156.578,156.728,152.222
32.10010576248169,0.5816833333333333,0.0,0.0,4,-0.0560461,4.0,12933.4,175.495,-12.5735,4.80749,4.63877,13.9823,49.5959,42.4505,38.6327,36.8545,35.9412,35.162,34.6169,34.081,33.5542,33.0367,32.3274,31.5388,30.121,27.5163,23.8073,19.7513,11.9,0.442535,160.017,155.7,155.955,151.506
32.1198365688324,0.5845400000000001,0.0,0.0,4,-0.0507481,4.0,12865.6,174.638,-12.735,5.04719,4.6944,14.691,49.65,42.4286,38.5764,36.7842,35.8642,35.0795,34.5305,33.9912,33.4614,32.9408,32.2276,31.4346,30.0105,27.3967,23.6827,19.6333,11.831,0.439036,159.233,154.87,155.206,150.646
32.14373207092285,0.5873999999999999,0.0,0.0,4,-0.0458064,4.0,12804.1,173.78,-12.984,5.26579,4.75737,15.4944,49.7428,42.4387,38.5483,36.7397,35.8123,35.0213,34.468,33.9245,33.3907,32.8666,32.1489,31.3509,29.9183,27.2929,23.5697,19.5215,11.76,0.434344,158.473,154.053,154.5,149.874
32.16530919075012,0.5901966666666667,0.0,0.0,4,-0.0397213,4.0,12744.3,172.941,-12.9355,5.54715,4.83429,16.9058,49.7402,42.3642,38.4424,36.6213,35.6876,34.8921,34.3358,33.7893,33.2527,32.7259,32.0048,31.2038,29.7662,27.1351,23.4117,19.3753,11.6735,0.428571,157.618,153.27,153.654,149.308
32.186678409576416,0.59291,0.0,0.0,4,-0.0334678,4.0,12679.8,172.127,-12.8641,5.72035,4.92366,61.8822,49.6768,42.2357,38.2864,36.455,35.5165,34.7169,34.1583,33.6097,33.0712,32.5425,31.8189,31.0156,29.5753,26.942,23.2243,19.2064,11.576,0.42171,156.756,152.53,152.811,148.619
32.20950770378113,0.5955766666666666,0.0,0.0,4,-0.027833,4.0,12617.2,171.327,-12.8572,5.81168,5.02181,61.9419,49.6038,42.0976,38.1212,36.2794,35.3362,34.5329,33.9716,33.4208,32.8804,32.3501,31.6243,30.8187,29.3757,26.7407,23.0292,19.0305,11.4732,0.413868,155.945,151.81,152.044,147.893
32.2319393157959,0.5982233333333333,0.0,0.0,4,-0.021765,4.0,12560.4,170.533,-12.7308,5.92984,5.13071,61.9601,49.4935,41.9263,37.9251,36.0738,35.1267,34.3204,33.7572,33.2045,32.6623,32.1306,31.4034,30.5964,29.1516,26.5175,22.8157,18.8397,11.3624,0.405043,155.136,151.093,151.3,147.288
32.25290107727051,0.60084,0.0,0.0,4,-0.0157471,4.0,12500.6,169.748,-12.6228,6.0046,5.24789,61.981,49.3838,41.754,37.7278,35.867,34.9156,34.1062,33.5411,32.9865,32.4427,31.9094,31.1805,30.3722,28.9256,26.2922,22.5999,18.6465,11.2477,0.395278,154.352,150.378,150.574,146.594
32.27670097351074,0.6034433333333333,0.0,0.0,4,-0.0110937,4.0,12441.7,168.967,-12.585,6.04547,5.37058,62.0386,49.3032,41.6055,37.5509,35.6796,34.7231,33.9098,33.3423,32.7857,32.2398,31.7046,30.9732,30.1627,28.7136,26.0784,22.3927,18.4587,11.1319,0.384646,153.612,149.663,149.888,145.878
32.29742622375488,0.60604,0.0,0.0,4,-0.00649321,4.0,12387.3,168.188,-12.5122,6.11789,5.49975,62.1086,49.231,41.463,37.3787,35.4961,34.5345,33.717,33.1467,32.5876,32.0397,31.5026,30.7687,29.9557,28.5034,25.8658,22.1856,18.27,11.0137,0.373247,152.888,148.951,149.223,145.246
32.31781005859375,0.6086233333333333,0.0,0.0,4,-0.0017997,4.0,12330.1,167.413,-12.3718,6.20195,5.63559,62.1748,49.1537,41.3152,37.2014,35.3071,34.3406,33.5191,32.9461,32.3845,31.8343,31.2953,30.5592,29.7438,28.2881,25.6487,21.9744,18.0775,10.8922,0.361172,152.138,148.226,148.523,144.59
32.343510389328,0.6111933333333334,0.0,0.0,4,0.00194561,4.0,12272.2,166.642,-12.3059,6.25144,5.77435,62.2847,49.1113,41.1958,37.0491,35.1417,34.1691,33.343,32.7669,32.2023,31.6493,31.1078,30.3686,29.5503,28.09,25.4463,21.7745,17.8926,10.7711,0.34844,151.423,147.51,147.853,143.883
32.36269450187683,0.6137533333333334,0.0,0.0,4,0.00498819,4.0,12216.1,165.874,-12.2944,6.29013,5.91518,62.4415,49.1062,41.107,36.9233,35.0014,34.0216,33.1899,32.6102,32.0424,31.4862,30.9415,30.1984,29.3763,27.9103,25.2595,21.5865,17.7158,10.6509,0.335207,150.733,146.799,147.205,143.191
32.385164737701416,0.6163,0.0,0.0,4,0.00814569,4.0,12161.4,165.11,-12.1991,6.36518,6.06076,62.5944,49.0962,41.013,36.7923,34.8557,33.869,33.0316,32.4482,31.877,31.3177,30.7702,30.0232,29.1971,27.7256,25.0678,21.3943,17.5355,10.5286,0.321524,150.017,146.083,146.53,142.572
32.40658617019653,0.6188333333333333,0.0,0.0,4,0.0110162,4.0,12104.2,164.35,-12.145,6.41022,6.20777,62.781,49.1124,40.9403,36.6799,34.727,33.7329,32.8893,32.3018,31.7266,31.1638,30.6131,29.8619,29.0314,27.5529,24.8866,21.2099,17.3604,10.4068,0.307404,149.313,145.375,145.859,141.885
32.429147481918335,0.6213533333333334,0.0,0.0,4,0.0127516,4.0,12047.3,163.594,-12.1647,6.42481,6.35459,63.02,49.1705,40.9016,36.5973,34.6262,33.6233,32.773,32.1808,31.6012,31.034,30.4792,29.7231,28.8874,27.4004,24.7227,21.0389,17.1943,10.2866,0.292924,148.628,144.668,145.208,141.182
32.450570821762085,0.6238633333333333,0.0,0.0,3,0.0143672,4.0,11993.6,162.841,-12.178,6.45443,6.50273,63.2865,49.2496,40.8795,36.5286,34.5384,33.5261,32.6683,32.0712,31.4869,30.9152,30.3561,29.5942,28.753,27.2568,24.5661,20.8732,17.0318,10.1666,0.278144,147.949,143.968,144.565,140.546
32.473071575164795,0.6262066666666666,0.0,0.0,3,0.0160931,3.0,14682.1,162.138,-12.1349,6.49073,6.65276,63.5527,49.327,40.855,36.4572,34.4477,33.4262,32.5606,31.9584,31.3695,30.7933,30.23,29.4626,28.6153,27.1102,24.4066,20.7049,16.8674,10.0457,0.263136,147.24,143.262,144.76,141.256
32.49535894393921,0.6282933333333334,0.0,0.0,3,0.0173599,3.0,14619.2,161.512,-12.1247,6.49712,6.80254,63.8423,49.422,40.8443,36.3977,34.3676,33.3365,32.463,31.8553,31.2611,30.6803,30.1126,29.3394,28.4859,26.9708,24.253,20.5411,16.7059,9.92538,0.247904,146.577,142.599,144.384,141.069
32.51724576950073,0.6304933333333334,0.0,0.0,3,0.0182605,3.0,14534.2,160.852,-12.123,6.48586,6.95337,64.1422,49.5242,40.8381,36.3415,34.2904,33.2493,32.3678,31.7547,31.1552,30.5694,29.9969,29.2178,28.3582,26.8327,24.1006,20.378,16.5445,9.80439,0.232504,145.95,141.978,142.507,138.516
32.538915157318115,0.6331366666666667,0.0,0.0,3,0.0193788,3.0,14407.0,160.059,-12.043,6.5029,7.10593,64.4285,49.6139,40.8206,36.2745,34.2032,33.1521,32.2627,31.6444,31.04,30.4493,29.8723,29.0871,28.2217,26.6866,23.9411,20.2093,16.3795,9.68242,0.217023,145.289,141.343,141.387,137.096
32.56202220916748,0.6358633333333332,0.0,0.0,3,0.0202444,3.0,14318.6,159.241,-11.9966,6.50051,7.25524,64.7829,49.7423,40.835,36.2353,34.1417,33.0799,32.1814,31.5572,30.9473,30.3514,29.7694,28.9775,28.1049,26.559,23.7972,20.0527,16.2231,9.56318,0.20146,144.589,140.654,140.594,136.168
32.58226776123047,0.63861,0.0,0.0,3,0.0199203,3.0,14238.1,158.417,-12.0593,6.473,7.39738,65.2866,49.9542,40.9185,36.2572,34.1368,33.0623,32.1533,31.5218,30.9048,30.3025,29.7143,28.9143,28.0329,26.4724,23.6884,19.9229,16.0853,9.44968,0.185873,143.895,139.926,139.885,135.316
32.60548210144043,0.6413766666666667,0.0,0.0,3,0.0188102,3.0,14163.2,157.587,-12.2025,6.44914,7.53275,65.961,50.2542,41.0742,36.3422,34.191,33.1011,32.1799,31.5398,30.9146,30.3042,29.7084,28.8985,28.0065,26.4277,23.6153,19.8202,15.9657,9.34122,0.17024,143.2,139.164,139.218,134.528
32.62704920768738,0.64415,0.0,0.0,3,0.0173777,3.0,14088.3,156.755,-12.3428,6.44757,7.66206,66.7796,50.6096,41.2761,36.4671,34.2826,33.176,32.2408,31.5914,30.9572,30.3381,29.7337,28.9125,28.0087,26.4097,23.5646,19.7345,15.8581,9.23675,0.154702,142.475,138.376,138.527,133.78
32.64892888069153,0.6469233333333333,0.0,0.0,3,0.0153579,3.0,14008.9,155.923,-12.5695,6.42507,7.7822,67.8081,51.0545,41.5522,36.6574,34.4346,33.3092,32.358,31.6977,31.0531,30.424,29.81,28.9756,28.0576,26.4349,23.5505,19.6765,15.7696,9.13858,0.139289,141.743,137.569,137.819,132.954
32.67113018035889,0.64971,0.0,0.0,3,0.0121272,3.0,13928.9,155.087,-12.8885,6.38406,7.89334,69.084,51.5946,41.9071,36.9168,34.6511,33.5044,32.5353,31.8626,31.2059,30.5651,29.94,29.0908,28.1564,26.5056,23.5747,19.6471,15.7005,9.04641,0.124002,141.011,136.749,137.112,132.116
32.69316387176514,0.6525133333333333,0.3019561767578125,0.0,3,0.00847554,3.0,13852.9,154.246,-13.2483,6.34908,7.99644,70.6173,52.2137,42.3283,37.2339,34.9216,33.751,32.7623,32.076,31.4061,30.7524,30.1147,29.2488,28.2965,26.6142,23.6309,19.6416,15.6473,8.95924,0.108927,140.267,135.919,136.417,131.336
32.7155556678772,0.6543966666666666,0.9999847412109375,0.0,3,0.00517583,3.0,14286.7,153.681,-13.5295,6.32858,8.0986,72.2872,52.8193,42.7374,37.5404,35.1815,33.9875,32.9791,32.2792,31.5964,30.9301,30.2802,29.3975,28.4271,26.7143,23.6794,19.6299,15.59,8.87175,0.0940615,139.495,135.112,138.023,138.023
32.738813400268555,0.6547666666666667,0.49999237060546875,0.0,3,0.00233006,3.0,15337.9,153.57,-13.824,6.30124,8.20131,74.0705,53.3884,43.1158,37.8192,35.4151,34.1989,33.1716,32.4587,31.763,31.0846,30.4231,29.5246,28.5369,26.7946,23.7106,19.6051,15.524,8.78298,0.0794322,138.835,134.469,147.901,147.901
32.75909733772278,0.6543933333333334,0.49999237060546875,0.0,3,-0.00141096,3.0,14939.8,153.682,-14.2735,6.27467,8.29722,76.2194,54.0392,43.562,38.1568,35.7037,34.4625,33.4146,32.6873,31.9777,31.2856,30.6108,29.6949,28.6882,26.9125,23.7732,19.6029,15.4727,8.69845,0.064902,138.454,134.052,144.458,144.458
32.7816960811615,0.6544399999999999,0.9999847412109375,0.0,3,-0.00395775,3.0,14763.6,153.668,-14.4788,6.26193,8.4014,78.356,54.5632,43.9007,38.3992,35.9029,34.64,33.5737,32.834,32.1125,31.4088,30.7225,29.7914,28.7685,26.965,23.78,19.5584,15.3929,8.60665,0.0505524,138.166,133.796,142.697,142.697
32.80227041244507,0.6539033333333333,0.49999237060546875,0.0,3,-0.00458288,3.0,15477.3,153.829,-14.4368,6.26386,8.52094,80.2193,54.8754,44.0443,38.4687,35.9399,34.6614,33.582,32.8333,32.1032,31.3914,30.6976,29.7561,28.722,26.9007,23.6879,19.4404,15.2647,8.50286,0.0364075,137.875,133.657,149.332,149.332
32.827266454696655,0.6530866666666666,0.49999237060546875,0.0,3,-0.00460136,3.0,14957.2,154.074,-14.3304,6.26331,8.64492,82.1166,55.1461,44.1219,38.4791,35.9218,34.6294,33.5388,32.7824,32.0448,31.3259,30.6256,29.6756,28.6324,26.7963,23.5619,19.2974,15.1206,8.39576,0.0223872,137.725,133.649,144.656,144.656
32.84788131713867,0.65291,0.9999847412109375,0.0,3,-0.00340712,3.0,14763.5,154.127,-13.909,6.247,8.78285,83.7074,55.2315,44.0267,38.337,35.7612,34.46,33.3626,32.6019,31.8603,31.1376,30.4337,29.4795,28.4324,26.5902,23.3509,19.0918,14.9359,8.27905,0.00856272,137.614,133.73,142.692,142.692
32.870994567871094,0.6521866666666667,0.49999237060546875,0.0,3,-0.00087285,3.0,15462.6,154.344,-13.3488,6.23446,8.93187,85.0102,55.1521,43.7865,38.0676,35.482,34.1767,33.0765,32.3144,31.5715,30.8479,30.1433,29.1885,28.1416,26.3013,23.0712,18.8366,14.7197,8.15544,-0.00501124,137.517,133.866,149.201,149.201
32.89344310760498,0.6512233333333333,0.49999237060546875,0.0,3,0.0015645,3.0,14930.4,154.633,-12.8197,6.24292,9.07815,86.5411,55.1209,43.5655,37.8152,35.2187,33.9091,32.8056,32.0415,31.2972,30.5724,29.8669,28.9111,27.8639,26.0249,22.8025,18.5905,14.5105,8.03471,-0.018453,137.592,134.094,144.398,144.398
32.91311860084534,0.6408153110209107,0.9999847412109375,0.0,3,0.00451005,3.0,14744.1,154.704,-12.1205,6.23613,9.22907,88.0126,55.0205,43.2785,37.5052,34.9021,33.5905,32.4858,31.7211,30.9766,30.2521,29.547,28.5923,27.5467,25.7128,22.505,18.3247,14.29,7.91265,-0.0316671,137.716,134.359,142.502,142.502
32.93668484687805,0.6199786727490059,0.49999237060546875,0.0,3,0.0075326,3.0,15443.7,154.935,-11.4567,6.21288,9.38248,89.5059,54.8829,42.951,37.1604,34.5537,33.2414,32.137,31.3727,30.6289,29.9052,29.2017,28.2493,27.2068,25.3804,22.1915,18.0487,14.0643,7.7907,-0.0446472,137.886,134.679,149.02,149.02
32.96040058135986,0.599232252243335,0.9999847412109375,0.0,3,0.00979221,3.0,14894.8,155.256,-10.9463,6.2119,9.52557,91.6094,54.9116,42.721,36.901,34.285,32.969,31.8621,31.0965,30.3515,29.6271,28.923,27.9706,26.9286,25.1046,21.9258,17.8084,13.8627,7.67585,-0.0574913,138.272,135.128,144.055,144.055
32.97921633720398,0.5884991277216997,0.49999237060546875,0.0,3,0.0121702,3.0,15471.8,155.583,-10.4139,6.22412,9.66769,93.9758,54.9634,42.4855,36.6377,34.013,32.6933,31.5842,30.8175,30.0718,29.3467,28.6423,27.6901,26.649,24.8278,21.6603,17.5693,13.6629,7.56272,-0.0701345,138.736,135.67,149.326,149.326
33.001291275024414,0.5778396114520635,0.9999847412109375,0.0,3,0.0137452,3.0,14906.2,155.923,-10.0095,6.2319,9.8005,97.114,55.1854,42.3349,36.4485,33.8094,32.4837,31.3698,30.6003,29.8522,29.125,28.4187,27.4642,26.4216,24.5992,21.4351,17.3604,13.4833,7.45569,-0.0826785,139.277,136.225,144.159,144.159
33.02242183685303,0.5484720896400511,0.49999237060546875,0.0,3,0.0152829,3.0,15488.4,156.26,-9.59129,6.22662,9.93331,100.635,55.4241,42.1657,36.243,33.5912,32.2602,31.1423,30.3702,29.6201,28.8913,28.1836,27.2276,26.184,24.3617,21.2032,17.1477,13.3024,7.34961,-0.0949987,139.769,136.76,149.487,149.487
33.04543948173523,0.47545244603980336,0.9999847412109375,0.0,3,0.0163393,3.0,14921.5,156.617,-9.26215,6.23315,10.0582,105.161,55.8307,42.0635,36.0957,33.4266,32.0881,30.9644,30.1885,29.4348,28.703,27.9927,27.0336,25.9869,24.1614,21.0022,16.9577,13.1366,7.24803,-0.107208,140.395,137.403,144.3,144.3
33.06671929359436,0.41585186115704476,0.49999237060546875,0.0,3,0.0177324,3.0,15502.0,156.968,-8.88032,6.244,10.1846,110.295,56.2498,41.9309,35.922,33.2381,31.8928,30.7644,29.9855,29.229,28.4948,27.7825,26.8213,25.7727,23.9454,20.7889,16.7599,12.967,7.14658,-0.119214,141.208,138.327,149.622,149.622
33.09146451950073,0.3990344683351336,0.9999847412109375,0.0,3,0.0183126,3.0,14957.9,157.329,-8.62719,6.24503,10.3007,117.137,56.9056,41.8856,35.8232,33.1186,31.7638,30.6277,29.8442,29.0833,28.3449,27.6288,26.663,25.6101,23.7764,20.6147,16.5904,12.8158,7.05071,-0.131107,142.189,139.377,144.639,144.639
33.11177682876587,0.39826610263530166,0.49999237060546875,0.0,3,0.018822,3.0,15556.7,157.7,-8.37437,6.2311,10.4156,125.444,57.6464,41.8523,35.7186,32.9936,31.6296,30.4861,29.6978,28.9328,28.1906,27.4709,26.5005,25.4436,23.6043,20.4383,16.4202,12.665,6.956,-0.142803,142.949,140.219,150.146,150.146
33.134178161621094,0.39744803133763684,0.9999847412109375,0.0,3,0.0186828,3.0,15004.4,158.095,-8.21878,6.23883,10.5195,136.913,58.6989,41.9454,35.6936,32.9419,31.5656,30.4121,29.617,28.8456,28.0977,27.3727,26.3953,25.3311,23.4814,20.3022,16.2789,12.533,6.86662,-0.154367,143.607,140.859,145.087,145.087
33.15699362754822,0.39663617323970113,0.49999237060546875,0.0,3,0.0187452,3.0,15595.4,158.487,-8.02448,6.24948,10.6227,151.633,59.8807,42.0628,35.6584,32.8812,31.4926,30.3296,29.528,28.7506,27.997,27.2669,26.2831,25.2123,23.3526,20.1615,16.1352,12.4003,6.77817,-0.165713,144.102,141.372,150.524,150.524
33.177820444107056,0.39583259940807086,0.9999847412109375,0.0,3,0.0178884,3.0,15063.3,158.875,-7.95881,6.2519,10.7138,173.489,61.4975,42.3386,35.7113,32.9012,31.4965,30.3206,29.5106,28.725,27.9635,27.226,26.2328,25.1523,23.2768,20.0641,16.022,12.287,6.69529,-0.176945,144.614,141.82,145.648,145.648
33.20130181312561,0.3950269545098642,0.49999237060546875,0.0,3,0.0170585,3.0,15666.2,159.264,-7.88125,6.2437,10.8035,200.0,63.3505,42.6609,35.7577,32.915,31.4948,30.3061,29.4875,28.694,27.925,27.1803,26.1778,25.0879,23.1973,19.9639,15.9075,12.1738,6.6137,-0.187915,145.015,142.21,151.213,151.213
33.22199726104736,0.3942109542787759,0.9999847412109375,0.0,3,0.0156695,3.0,15126.8,159.658,-7.88533,6.25167,10.8826,200.0,65.7811,43.1591,35.8808,32.9992,31.5603,30.356,29.5268,28.7232,27.9449,27.1913,26.1767,25.0743,23.1638,19.901,15.8192,12.0772,6.5369,-0.198718,145.472,142.6,146.261,146.261
33.24236249923706,0.39340738044714557,0.9999847412109375,0.0,3,0.0145693,3.0,15729.0,160.046,-7.84104,6.25828,10.9615,200.0,68.5832,43.7148,36.0065,33.0681,31.6108,30.3918,29.5525,28.7393,27.9517,27.1896,26.164,25.0497,23.1203,19.8301,15.726,11.9784,6.46083,-0.209255,145.838,142.964,151.812,151.812
33.26659631729126,0.3921398877024092,0.49999237060546875,0.0,3,0.0120468,3.0,15993.6,160.658,-8.10591,6.25932,11.0214,200.0,72.5924,44.6135,36.3364,33.2755,31.7934,30.5537,29.7005,28.8739,28.0733,27.2986,26.2567,25.1251,23.1663,19.8311,15.6825,11.9104,6.39291,-0.219645,146.325,143.34,154.435,154.435
33.29008078575134,0.39119755241016235,0.9999847412109375,0.0,3,0.00852394,3.0,15335.3,161.113,-8.44185,6.26335,11.0664,200.0,78.1745,45.884,36.8729,33.6064,32.087,30.8219,29.9511,29.1077,28.291,27.5006,26.4376,25.2837,23.2871,19.8916,15.6795,11.8669,6.33126,-0.229909,146.885,143.732,148.319,148.319
33.30967164039612,0.3674137383501729,0.49999237060546875,0.0,3,0.00590682,3.0,15901.1,161.512,-8.58875,6.27377,11.1194,200.0,84.6999,47.1998,37.3948,33.9066,32.3083,31.019,30.133,29.2747,28.4438,27.64,26.559,25.3857,23.3571,19.9113,15.6489,11.8072,6.26715,-0.239859,147.264,144.112,153.481,153.481
33.33178901672363,0.33722088295128194,0.9999847412109375,0.0,3,0.00335193,3.0,15362.1,161.883,-8.72311,6.27984,11.1693,116.203,93.2135,48.7725,38.0252,34.282,32.5804,31.2292,30.3266,29.4532,28.6076,27.7897,26.6904,25.4972,23.4352,19.9374,15.6228,11.7509,6.20483,-0.249565,147.749,144.613,148.536,148.536
33.35431241989136,0.3015269099228705,0.49999237060546875,0.0,3,0.00119495,3.0,15982.8,162.252,-8.76403,6.26697,11.2243,86.9781,103.881,50.4716,38.6732,34.6567,32.8464,31.4156,30.4702,29.5796,28.7213,27.891,26.7752,25.5649,23.4741,19.9325,15.5758,11.6828,6.1415,-0.25894,148.205,145.176,154.256,154.256
33.37511444091797,0.3009053804570964,0.9999847412109375,0.0,3,-0.00119591,3.0,15440.3,162.639,-8.85295,6.26037,11.2725,71.5695,119.176,52.6104,39.5048,35.1602,33.2208,31.696,30.6926,29.753,28.871,28.0274,26.8935,25.6639,23.5415,19.9503,15.5448,11.6249,6.08184,-0.268027,148.801,145.817,149.3,149.3
33.396488904953,0.2935205628561974,0.9999847412109375,0.0,3,-0.00285172,3.0,16045.5,163.036,-8.81222,6.26121,11.3261,62.7951,140.248,54.9632,40.3696,35.6692,33.5924,31.9689,30.9048,29.9114,28.9822,28.1109,26.9617,25.7157,23.5665,19.9349,15.4922,11.5552,6.02114,-0.276759,149.194,146.32,154.868,154.868
33.42107439041138,0.27931625779659797,0.49999237060546875,0.0,3,-0.00532293,3.0,16310.8,163.663,-9.02017,6.26199,11.3656,56.1224,177.102,58.2151,41.5987,36.4345,34.1808,32.4307,31.2893,30.2276,29.2378,28.3128,27.1155,25.8486,23.6637,19.9768,15.4785,11.5092,5.96685,-0.285262,149.711,146.811,157.502,157.502
33.44255566596985,0.24696578936308933,0.9999847412109375,0.0,3,-0.0086174,3.0,15636.9,164.143,-9.25538,6.26375,11.3944,50.9464,200.0,62.6242,43.239,37.4753,34.9969,33.0875,31.8492,30.7024,29.6376,28.6463,27.3683,26.045,23.8182,20.0638,15.4948,11.4814,5.91773,-0.293535,150.346,147.355,151.237,151.237
33.46378827095032,0.2053994933205346,0.9999847412109375,0.0,3,-0.0106587,3.0,16196.4,164.58,-9.26731,6.26731,11.4357,47.555,200.0,67.5525,44.9034,38.4884,35.7727,33.6975,32.3597,31.1262,29.9856,28.9277,27.5696,26.1701,23.8879,20.0842,15.4675,11.4286,5.86474,-0.301454,150.865,147.992,156.339,156.339
33.485515117645264,0.18830215007799364,0.49999237060546875,0.0,3,-0.0125773,3.0,16439.7,165.24,-9.38446,6.27825,11.4749,44.8338,200.0,73.9285,46.9196,39.705,36.7049,34.4339,32.9793,31.6451,30.4167,29.2823,27.8326,26.3468,23.9612,20.1076,15.4428,11.3784,5.81357,-0.309096,151.558,148.777,158.756,158.756
33.507177114486694,0.1824901678409055,0.9999847412109375,0.0,3,-0.0144618,3.0,15759.4,165.753,-9.42012,6.28776,11.5127,42.5945,200.0,82.4037,49.3733,41.163,37.8192,35.3148,33.7226,32.2702,30.94,29.7173,28.1629,26.5788,24.0548,20.1314,15.4185,11.3292,5.76375,-0.316508,152.257,149.521,152.418,152.418
33.528944969177246,0.16664987087043934,0.9999847412109375,0.0,3,-0.0149937,3.0,16327.3,166.223,-9.1903,6.28682,11.5665,41.0962,200.0,92.1838,51.7922,42.5177,38.8208,36.0814,34.3531,32.785,31.3561,30.049,28.3952,26.7195,24.0692,20.0656,15.3359,11.2474,5.70879,-0.323556,152.67,150.16,157.603,157.603
33.55150365829468,0.14663735927669952,0.49999237060546875,0.0,3,-0.0154452,3.0,16553.9,166.932,-9.07874,6.29603,11.6182,39.7557,193.934,105.942,54.7874,44.1663,40.0376,37.0157,35.1253,33.421,31.8767,30.4711,28.7028,26.9223,24.1286,20.0033,15.2569,11.1686,5.65581,-0.330354,153.238,150.834,159.865,159.865
33.57344603538513,0.12374368342559784,0.9999847412109375,0.0,3,-0.0157397,3.0,15868.1,167.479,-8.88792,6.31142,11.6688,38.5573,149.52,126.342,58.5058,46.1574,41.4974,38.1347,36.0513,34.1861,32.507,30.9872,29.087,27.1868,24.2317,19.9393,15.1777,11.0908,5.60417,-0.336924,153.938,151.579,153.465,153.465
33.594470262527466,0.11496328671356043,0.9999847412109375,0.0,3,-0.0146236,3.0,16426.9,167.989,-8.45099,6.31843,11.737,37.7815,126.853,152.957,62.1611,47.9686,42.7717,39.0739,36.8044,34.7866,32.981,31.3558,29.3358,27.3286,24.2329,19.7914,15.036,10.9788,5.5469,-0.343189,154.418,152.322,158.574,158.574
33.61763834953308,0.1024432895563729,0.9999847412109375,0.0,3,-0.0134447,3.0,16637.1,168.746,-8.1445,6.32673,11.8051,37.0515,111.151,197.711,66.7149,50.1477,44.2934,40.194,37.7048,35.5085,33.5563,31.8101,29.6534,27.5256,24.2729,19.6669,14.8931,10.8669,5.49068,-0.349284,155.027,153.039,160.682,160.682
33.64003109931946,0.07999625194202799,0.9999847412109375,0.0,3,-0.0124822,3.0,16742.6,169.581,-7.95107,6.34944,11.8687,36.2914,99.0535,200.0,72.884,52.9952,46.2731,41.6564,38.8886,36.4683,34.334,32.438,30.1138,27.8393,24.3972,19.594,14.7638,10.7633,5.43669,-0.355306,155.818,153.821,161.728,161.728
33.66260814666748,0.054575268609914934,0.9999847412109375,0.0,3,-0.0113671,3.0,16806.7,170.45,-7.8027,6.38156,11.9335,35.5749,89.8286,200.0,81.0016,56.508,48.6716,43.411,40.303,37.6132,35.2623,33.1904,30.6714,28.2281,24.5713,19.5483,14.6305,10.6577,5.3823,-0.361328,156.694,154.712,162.36,162.36
33.685539960861206,0.041115695988759395,0.9999847412109375,0.0,3,-0.00972342,3.0,16851.9,171.342,-7.60471,6.41806,12.0089,35.0015,83.1406,200.0,90.9303,60.4057,51.2447,45.2475,41.7605,38.7751,36.1906,33.9316,31.2084,28.5912,24.7179,19.4814,14.4646,10.5337,5.32384,-0.367405,157.553,155.704,162.803,162.803
33.70600891113281,0.03171988552982609,0.9999847412109375,0.0,3,-0.00682974,3.0,16882.7,172.26,-7.26153,6.46173,12.1024,34.619,78.5193,200.0,102.17,64.29,53.6881,46.9247,43.0543,39.7766,36.9652,34.5275,31.6129,28.8363,24.7704,19.3542,14.2515,10.3805,5.25892,-0.373569,158.339,156.725,163.106,163.106
33.72588634490967,0.027420560310333967,0.9999847412109375,0.0,3,-0.00258064,3.0,16911.6,173.191,-6.75173,6.51547,12.2165,34.4184,75.4284,200.0,114.103,67.8263,55.7762,48.2788,44.053,40.5104,37.4976,34.9046,31.8273,28.9188,24.6999,19.153,14.0017,10.1966,5.18686,-0.379889,159.106,157.766,163.384,163.384
33.749019145965576,0.02164900922784582,0.9999847412109375,0.0,3,0.00275302,3.0,16944.1,174.13,-6.121,6.56826,12.3508,34.3613,73.392,200.0,126.267,70.8472,57.4208,49.2602,44.7241,40.9559,37.776,35.0566,31.8509,28.842,24.5132,18.8851,13.7221,9.98611,5.10782,-0.38647,159.875,158.789,163.697,163.697
33.77326536178589,0.019810919587810838,0.9999847412109375,0.0,3,0.00897074,3.0,16978.6,175.075,-5.4234,6.61948,12.505,34.4147,72.1003,200.0,138.11,73.2391,58.5797,49.8558,45.0661,41.1189,37.8101,34.9966,31.6984,28.6211,24.2246,18.562,13.4198,9.75352,5.02252,-0.393366,160.665,159.8,164.032,164.032
33.79646015167236,0.018061845365970705,0.9999847412109375,0.0,3,0.0160546,3.0,17008.3,176.029,-4.68811,6.68016,12.6711,34.5528,71.3424,200.0,149.095,74.9533,59.2537,50.0826,45.1006,41.023,37.6242,34.7479,31.3922,28.2765,23.8508,18.1948,13.1008,9.50215,4.93082,-0.400744,161.474,160.792,164.317,164.317
33.81645607948303,0.017963215404093888,0.9999847412109375,0.0,3,0.0238028,3.0,17047.5,176.979,-3.96795,6.74635,12.8347,34.746,70.939,200.0,159.084,76.0773,59.5272,50.0149,44.8944,40.7281,37.2718,34.3587,30.9736,27.8436,23.4189,17.8,12.774,9.24273,4.83328,-0.408694,162.304,161.762,164.692,164.692
33.83887314796448,0.017865104547279576,0.9999847412109375,0.0,3,0.0317829,3.0,17094.7,177.924,-3.29903,6.81535,12.9944,34.97,70.7524,200.0,168.356,76.7686,59.5159,49.7422,44.5237,40.2989,36.809,33.8777,30.4831,27.3555,22.9524,17.3914,12.4457,8.98689,4.72957,-0.417381,163.143,162.699,165.144,165.144
33.86240768432617,0.01776720133249027,0.9999847412109375,0.0,3,0.0400298,3.0,17144.9,178.867,-2.70967,6.89306,13.149,35.2035,70.6724,200.0,177.612,77.2247,59.3495,49.3601,44.0662,39.8007,36.2905,33.3516,29.959,26.8432,22.473,16.9808,12.1213,8.73685,4.61957,-0.426945,163.995,163.609,165.629,165.629
33.88341522216797,0.01767002486478848,0.9999847412109375,0.0,3,0.0484433,3.0,17203.2,179.803,-2.21068,6.98396,13.2977,35.4316,70.627,200.0,187.688,77.6106,59.1302,48.9407,43.5807,39.2813,35.7566,32.8147,29.4286,26.3287,21.996,16.5764,11.8046,8.49408,4.50315,-0.437499,164.858,164.502,166.187,166.187
33.90280818939209,0.0175736789651867,0.9999847412109375,0.0,3,0.056823,3.0,17270.8,180.731,-1.80939,7.07921,13.44,35.6447,70.5684,200.0,199.647,78.0628,58.9356,48.5371,43.1082,38.7742,35.2345,32.2893,28.9098,25.8255,21.5303,16.1825,11.497,8.25875,4.3796,-0.449195,165.719,165.372,166.836,166.836
33.92876720428467,0.017477852170647436,0.9999847412109375,0.0,3,0.0650871,3.0,17342.9,181.654,-1.49702,7.17728,13.5763,35.8393,70.477,200.0,200.0,78.6576,58.805,48.1737,42.6677,38.2937,34.7356,31.7847,28.4095,25.339,21.0789,15.8003,11.1984,8.03048,4.24994,-0.46211,166.575,166.228,167.535,167.535
33.94626593589783,0.017382336839145668,0.9999847412109375,0.0,3,0.0733836,3.0,17415.0,182.574,-1.25744,7.29394,13.7073,36.0184,70.3611,200.0,200.0,79.3896,58.7287,47.842,42.2512,37.833,34.2537,31.2953,27.9227,24.8648,20.6383,15.4271,10.9072,7.80808,4.12248,-0.476339,167.436,167.092,168.227,168.227
33.97031021118164,0.017287444433718917,0.9999847412109375,0.0,3,0.0815818,3.0,17492.2,183.488,-1.07864,7.41482,13.8331,36.1786,70.205,200.0,200.0,80.3434,58.7455,47.565,41.876,37.405,33.799,30.8292,27.4554,24.4073,20.2111,15.0641,10.6234,7.5913,3.99826,-0.491969,168.285,167.931,168.971,168.971
33.993714570999146,0.014272353865206243,0.9999847412109375,0.0,3,0.0798743,3.0,17572.3,184.4,-0.947884,7.51268,13.9546,36.327,70.0341,200.0,200.0,81.4554,58.8129,47.3126,41.5175,36.9897,33.3546,30.3722,26.9962,23.9572,19.7908,14.7072,10.345,7.37896,3.87691,-0.508103,169.115,168.76,169.746,169.746
34.01298236846924,0.011559013640508055,0.9999847412109375,0.0,3,0.0783074,3.0,17635.7,185.32,-0.847014,7.61342,14.0749,36.4853,69.9268,200.0,200.0,82.4008,58.7566,46.9708,41.0877,36.5167,32.8632,29.8763,26.5069,23.4843,19.3564,14.3447,10.0658,7.16775,3.75743,-0.523899,169.936,169.609,170.361,170.361
34.034042835235596,0.010286886490657928,0.9999847412109375,0.0,3,0.0769734,3.0,17730.4,186.218,-0.749553,7.68222,14.1958,36.6672,69.9303,200.0,200.0,82.9087,58.4471,46.4601,40.5268,35.9398,32.2878,29.3115,25.9642,22.9705,18.8956,13.9698,9.78248,6.95594,3.63935,-0.539387,170.742,170.463,171.261,171.261
34.05650353431702,0.009095596220151832,0.9999847412109375,0.0,3,0.0758212,3.0,17841.6,187.102,-0.665916,7.6999,14.3171,36.8671,70.0173,200.0,200.0,83.0335,57.9227,45.8083,39.8576,35.2775,31.6437,28.6906,25.3781,22.4235,18.4138,13.585,9.4959,6.74369,3.52239,-0.55463,171.536,171.296,172.335,172.335
34.07844161987305,0.009045957887945696,0.9999847412109375,0.0,3,0.0747869,3.0,17943.9,187.991,-0.59355,7.68838,14.4381,37.0767,70.154,198.822,200.0,82.8959,57.2514,45.061,39.1154,34.5583,30.9543,28.0329,24.7641,21.8556,17.9192,13.1949,9.20813,6.53191,3.40662,-0.569651,172.336,172.122,173.329,173.329
34.10204029083252,0.008996152047306919,0.9999847412109375,0.0,3,0.0737574,3.0,18031.1,188.883,-0.528562,7.74796,14.557,37.2806,70.2823,196.435,200.0,82.7759,56.5699,44.304,38.3655,33.8331,30.2605,27.3722,24.1485,21.2872,17.4254,12.8066,8.92249,6.32211,3.29224,-0.58447,173.193,172.995,174.18,174.18
34.123186111450195,0.008945843681370219,0.9999847412109375,0.0,3,0.0726318,3.0,18105.8,189.784,-0.493074,7.82752,14.6721,37.4647,70.3509,193.747,200.0,82.9625,56.0085,43.6162,37.6667,33.1476,29.5988,26.7382,23.5542,20.7361,16.9442,12.4265,8.64197,6.11571,3.17948,-0.599091,174.027,173.812,174.903,174.903
34.146506786346436,0.01000550482797126,0.9999847412109375,0.0,3,0.0714834,3.0,18154.9,190.698,-0.472696,7.90788,14.7852,37.6404,70.3998,191.073,200.0,83.267,55.4704,42.9358,36.9716,32.4645,28.9388,26.1057,22.9616,20.1867,16.4649,12.0484,8.36342,5.911,3.06785,-0.613551,174.843,174.625,175.44,175.44
34.1689875125885,0.011115337874041871,0.9999847412109375,0.0,3,0.0704186,3.0,18162.7,191.641,-0.428731,8.07722,14.8977,37.822,70.4821,188.801,200.0,83.3784,54.8167,42.1804,36.2198,31.7373,28.2441,25.4453,22.3479,19.6218,15.9763,11.6667,8.08435,5.70692,2.95727,-0.627824,175.689,175.487,175.46,175.46
34.19292950630188,0.011053078673779963,0.9999847412109375,0.0,3,0.0693796,3.0,18244.9,192.528,-0.384955,8.21659,15.0086,38.0015,70.5677,186.69,200.0,83.4609,54.1223,41.396,35.4458,30.9933,27.5364,24.7749,21.7273,19.0523,15.4859,11.2855,7.80673,5.50448,2.84796,-0.641904,176.512,176.313,176.236,176.236
34.21125602722168,0.012212713532795507,0.9999847412109375,0.0,3,0.0682962,3.0,18356.6,193.393,-0.364447,8.29391,15.117,38.1695,70.6231,184.49,200.0,83.7407,53.4775,40.6345,34.6873,30.2607,26.8379,24.1123,21.1132,18.4885,15.0002,10.9079,7.5319,5.30415,2.73988,-0.655819,177.315,177.107,177.305,177.305
34.232555627822876,0.01763927812377612,0.9999847412109375,0.0,3,0.0670996,3.0,18475.1,194.25,-0.365736,8.32275,15.2215,38.3161,70.6142,181.982,200.0,84.4981,52.9842,39.9526,33.9851,29.5705,26.1728,23.477,20.5206,17.9417,14.5267,10.5381,7.26183,5.10695,2.6333,-0.669553,178.124,177.896,178.455,178.455
34.25692820549011,0.020653854324979085,0.9999847412109375,0.0,3,0.0655031,3.0,18576.2,195.115,-0.389529,8.36367,15.317,38.4006,70.4028,178.295,200.0,86.9497,53.0757,39.5872,33.5077,29.0488,25.639,22.9471,20.0087,17.4571,14.0947,10.1911,7.00363,4.9163,2.52891,-0.683095,178.971,178.655,179.44,179.44
34.27832531929016,0.023884914873987435,0.9999847412109375,0.0,3,0.0634232,3.0,18662.4,195.989,-0.475226,8.38184,15.4015,38.4109,69.9552,173.348,200.0,92.0556,53.9812,39.6412,33.3215,28.7415,25.2702,22.5485,19.5963,17.0484,13.7129,9.87174,6.75967,4.73353,2.42725,-0.69639,179.811,179.396,180.278,180.278
34.299997329711914,0.02374347664967179,0.9999847412109375,0.0,3,0.0610046,3.0,18687.6,196.901,-0.576955,8.45483,15.4772,38.368,69.3515,167.78,200.0,100.375,55.6537,40.0476,33.3671,28.5987,25.0244,22.2458,19.2551,16.6934,13.3663,9.57191,6.52633,4.55707,2.32817,-0.709405,180.657,180.171,180.537,180.537
34.3239164352417,0.02192189330254371,0.9999847412109375,0.0,3,0.0584664,3.0,18758.4,197.778,-0.675021,8.52838,15.5473,38.3019,68.6994,162.297,200.0,112.427,57.9192,40.6715,33.5402,28.5386,24.8367,21.9864,18.945,16.3615,13.0354,9.28203,6.29965,4.3854,2.23174,-0.722067,181.486,180.971,181.203,181.203
34.34225940704346,0.023473937577456236,0.9999847412109375,0.0,3,0.0559826,3.0,18850.2,198.639,-0.760749,8.57191,15.6148,38.2368,68.0791,157.332,200.0,129.058,60.5778,41.3746,33.7382,28.4833,24.6464,21.722,18.6297,16.0254,12.7027,8.99328,6.07564,4.21666,2.13763,-0.734377,182.277,181.769,182.084,182.084
34.36523962020874,0.023341959585249424,0.9999847412109375,0.0,3,0.0535245,3.0,18945.4,199.49,-0.822628,8.57843,15.6792,38.1681,67.4752,152.75,200.0,153.893,63.8184,42.2082,33.9901,28.4524,24.4679,21.4638,18.3176,15.6917,12.3729,8.70833,5.85577,4.05171,2.04614,-0.746305,183.056,182.554,183.008,183.008
34.38903880119324,0.02321075702190399,0.9999847412109375,0.0,3,0.0509756,3.0,19028.0,200.336,-0.881079,8.60879,15.7382,38.0805,66.8375,148.263,200.0,197.887,68.2025,43.3505,34.4002,28.515,24.3509,21.2494,18.0357,15.3803,12.0581,8.43336,5.64288,3.89191,1.95756,-0.757844,183.871,183.337,183.812,183.812
34.410475730895996,0.023080019715875387,0.9999847412109375,0.0,3,0.0483665,3.0,19101.0,201.179,-0.940983,8.62792,15.7921,37.9777,66.1799,143.936,200.0,200.0,74.1507,44.85,34.9799,28.6722,24.2934,21.0763,17.7818,15.0891,11.7572,8.16807,5.43708,3.73748,1.87211,-0.768961,184.654,184.104,184.519,184.519
34.43188714981079,0.022947266294807193,0.9999847412109375,0.0,3,0.045784,3.0,19142.8,202.035,-0.979999,8.67193,15.8424,37.871,65.5378,139.918,200.0,200.0,82.0586,46.676,35.6877,28.8889,24.2676,20.9223,17.5396,14.8064,11.4634,7.9093,5.23718,3.58801,1.78981,-0.779636,185.426,184.878,184.936,184.936
34.45454025268555,0.02281745950341224,0.9999847412109375,0.0,3,0.0432928,3.0,19201.0,202.872,-0.989168,8.73266,15.8899,37.7681,64.9343,136.285,200.0,200.0,92.5683,48.8046,36.4865,29.1351,24.2508,20.7704,17.2972,14.5242,11.1721,7.65546,5.04276,3.44347,1.71081,-0.789843,186.192,185.664,185.488,185.488
34.47662425041199,0.022690444255918263,0.9999847412109375,0.0,3,0.0408835,3.0,19272.6,203.691,-0.983445,8.7814,15.9345,37.6677,64.3631,132.974,200.0,200.0,107.245,51.3277,37.4017,29.4213,24.2492,20.6249,17.058,14.2451,10.8853,7.4076,4.85438,3.30414,1.63514,-0.799581,186.941,186.433,186.176,186.176
34.500377893447876,0.022565445123463868,0.9999847412109375,0.0,3,0.0385132,3.0,19349.0,204.497,-0.975938,8.81114,15.9755,37.5641,63.8058,129.88,200.0,200.0,129.708,54.4648,38.5109,29.7877,24.2881,20.504,16.8343,13.9778,10.6085,7.16855,4.67337,3.17068,1.56299,-0.808844,187.681,187.184,186.913,186.913
34.5204291343689,0.020839638252888495,0.9999847412109375,0.0,4,0.0361464,3.0,19424.9,205.293,-0.973251,8.82305,16.0123,37.4531,63.2489,126.929,200.0,200.0,168.964,58.5369,39.9096,30.2772,24.392,20.4236,16.6365,13.7295,10.3457,6.94014,4.50047,3.04339,1.49437,-0.817637,188.419,187.918,187.647,187.647
34.54248046875,0.02082005253276167,0.9999847412109375,0.0,4,0.0339205,4.0,15732.2,205.429,-0.937668,8.81925,16.0474,37.3519,62.7414,124.303,200.0,200.0,200.0,63.4105,41.4487,30.7881,24.4907,20.3334,16.4307,13.477,10.0837,6.71647,4.33318,2.92112,1.429,-0.825976,188.938,188.466,181.487,181.036
34.56445598602295,0.016412739555040995,0.9999847412109375,0.0,4,0.0317876,4.0,15700.6,205.08,-0.881503,8.78673,16.0793,37.2527,62.261,121.897,200.0,200.0,200.0,69.5768,43.2503,31.3794,24.6229,20.2618,16.2376,13.2358,9.83284,6.50333,4.17468,2.80572,1.36763,-0.833782,188.749,188.3,181.124,180.669
34.58745861053467,0.01252278391675403,0.9999847412109375,0.0,4,0.0297208,4.0,15156.6,204.7,-0.865703,8.74599,16.1081,37.1531,61.7982,119.655,200.0,200.0,200.0,77.719,45.4155,32.0829,24.8034,20.2176,16.0621,13.0088,9.59437,6.30089,4.02466,2.69684,1.30995,-0.841102,188.421,187.99,180.443,179.825
34.605730056762695,0.012504253988728549,0.9999847412109375,0.0,4,0.0280349,4.0,15673.9,204.915,-0.854332,8.71616,16.1341,37.0789,61.4387,117.918,200.0,200.0,200.0,86.5448,47.4316,32.6694,24.9165,20.1388,15.8784,12.7888,9.37397,6.11962,3.89274,2.60201,1.26025,-0.847373,188.267,187.875,186.202,186.202
34.62892031669617,0.012456248547285794,0.9999847412109375,0.0,4,0.0265167,4.0,15721.7,205.472,-0.823327,8.70884,16.1603,37.0195,61.1315,116.428,200.0,200.0,200.0,97.0852,49.4633,33.1869,24.9717,20.0179,15.6685,12.5535,9.14843,5.93959,3.76393,2.51026,1.21265,-0.853349,188.645,188.288,186.811,186.811
34.645641803741455,0.01240703650587859,0.9999847412109375,0.0,4,0.0251691,4.0,15749.1,206.043,-0.778213,8.69552,16.1868,36.9747,60.8753,115.167,200.0,200.0,200.0,109.627,51.4454,33.6103,24.9594,19.8513,15.4318,12.3037,8.91879,5.76157,3.63867,2.42184,1.16721,-0.859024,189.121,188.806,187.14,187.14
34.667712926864624,0.01235808302160663,0.9999847412109375,0.0,4,0.0240083,4.0,15777.7,206.611,-0.709977,8.68348,16.2139,36.9463,60.6738,114.139,200.0,200.0,200.0,124.112,53.239,33.8894,24.857,19.6273,15.1631,12.0365,8.68396,5.5852,3.51678,2.33662,1.12387,-0.864409,189.611,189.339,187.477,187.477
34.68453574180603,0.012309732837316891,0.9999847412109375,0.0,4,0.0229676,4.0,15815.8,207.172,-0.634843,8.6714,16.2408,36.927,60.5051,113.256,200.0,200.0,200.0,141.951,54.9673,34.0841,24.7014,19.3705,14.8775,11.7617,8.44879,5.4121,3.39857,2.25452,1.08242,-0.86954,190.11,189.869,187.908,187.908
34.70584464073181,0.012262330695856362,0.9999847412109375,0.0,4,0.0219698,4.0,15864.2,207.722,-0.571815,8.63271,16.2662,36.9079,60.344,112.425,200.0,200.0,200.0,166.83,56.8977,34.299,24.5501,19.1176,14.5974,11.4937,8.2209,5.24546,3.28529,2.17605,1.04292,-0.87442,190.61,190.382,188.498,188.498
34.72448420524597,0.013434912572912874,0.9999847412109375,0.0,4,0.0209649,4.0,15905.2,208.279,-0.52386,8.59769,16.2895,36.8836,60.1749,111.589,200.0,200.0,200.0,200.0,59.2892,34.6116,24.4407,18.8909,14.3355,11.24,8.00384,5.08642,3.17718,2.10118,1.00527,-0.879071,191.12,190.893,188.986,188.986
34.74372148513794,0.014656516155907882,0.9999847412109375,0.0,4,0.019918,4.0,15953.1,208.829,-0.49006,8.54911,16.31,36.8502,59.9871,110.71,200.0,200.0,200.0,200.0,62.4682,35.1007,24.4089,18.7109,14.1036,11.0078,7.80139,4.9366,3.07492,2.03025,0.969542,-0.883485,191.629,191.4,189.555,189.555
34.76519751548767,0.015925068726142248,0.9999847412109375,0.0,4,0.018748,4.0,15991.1,209.386,-0.470973,8.51297,16.3265,36.7987,59.7564,109.706,200.0,200.0,200.0,200.0,67.2465,35.9467,24.5308,18.6192,13.9234,10.8098,7.61928,4.79791,2.97902,1.96334,0.93565,-0.887685,192.154,191.896,190.008,190.008
34.785212993621826,0.015862099617719647,0.9999847412109375,0.0,4,0.0174286,4.0,16029.0,209.942,-0.477388,8.47727,16.3384,36.7262,59.4754,108.556,200.0,200.0,200.0,200.0,74.7093,37.3033,24.8587,18.6413,13.8081,10.6534,7.4613,4.67207,2.89032,1.90093,0.903784,-0.891648,192.681,192.387,190.459,190.459
34.806875467300415,0.017172353069381786,0.9999847412109375,0.0,4,0.0159984,4.0,16066.5,210.497,-0.500289,8.46336,16.3464,36.6374,59.1575,107.31,200.0,200.0,200.0,200.0,86.3266,39.2392,25.3913,18.769,13.7501,10.5331,7.32428,4.55766,2.80825,1.84275,0.873885,-0.895377,193.212,192.888,190.904,190.904
34.82652044296265,0.017105511584132913,0.9999847412109375,0.0,4,0.0144577,4.0,16116.6,211.04,-0.531365,8.44325,16.3503,36.532,58.8031,105.975,200.0,200.0,200.0,200.0,105.909,41.9837,26.1824,19.0239,13.7591,10.4545,7.21112,4.45625,2.73371,1.78939,0.846236,-0.898839,193.735,193.383,191.497,191.497
34.84628772735596,0.01703756222896278,0.9999847412109375,0.0,4,0.01282,4.0,16154.4,211.592,-0.573458,8.43327,16.3503,36.412,58.418,104.57,200.0,200.0,200.0,200.0,143.585,45.8474,27.28,19.4177,13.8366,10.4168,7.12083,4.36716,2.66632,1.74064,0.820746,-0.902042,194.254,193.878,191.949,191.949
34.86578392982483,0.016969612873792644,0.9999847412109375,0.0,4,0.011147,4.0,16190.8,212.144,-0.611844,8.43739,16.3473,36.2839,58.0203,103.158,194.939,200.0,200.0,200.0,200.0,51.1585,28.6957,19.9413,13.9746,10.415,7.0513,4.29,2.60624,1.69673,0.797615,-0.904958,194.768,194.381,192.382,192.382
34.88741850852966,0.016901786615280433,0.9999847412109375,0.0,4,0.00947189,4.0,16226.7,212.695,-0.641073,8.45426,16.3419,36.1516,57.6201,101.772,189.795,200.0,200.0,200.0,200.0,58.5398,30.4697,20.5956,14.1691,10.446,7.00074,4.22407,2.55321,1.65757,0.77682,-0.907588,195.276,194.887,192.809,192.809
34.90512299537659,0.015488022342324256,0.9999847412109375,0.0,4,0.00782442,4.0,16263.5,213.245,-0.660875,8.46377,16.3344,36.0179,57.2252,100.434,184.982,200.0,200.0,200.0,200.0,69.0852,32.6607,21.3866,14.4199,10.5093,6.96943,4.16987,2.50765,1.62347,0.758536,-0.909909,195.772,195.391,193.245,193.245
34.92662239074707,0.015426072518030803,0.9999847412109375,0.0,4,0.00628638,4.0,16301.8,213.792,-0.670957,8.47523,16.3263,35.8917,56.8582,99.212,180.701,200.0,200.0,200.0,200.0,84.05,35.1954,22.2589,14.6977,10.5888,6.94983,4.12445,2.46836,1.59385,0.742573,-0.911938,196.264,195.906,193.7,193.7
34.946736574172974,0.015365028724074364,0.9999847412109375,0.0,4,0.00484824,4.0,16348.2,214.331,-0.660663,8.48065,16.3174,35.7719,56.5154,98.0906,176.867,200.0,200.0,200.0,200.0,106.829,38.1546,23.2259,15.0072,10.6872,6.94349,4.08848,2.43558,1.56878,0.728937,-0.913679,196.754,196.42,194.242,194.242
34.9681122303009,0.015303645168741546,0.9999847412109375,0.0,4,0.0034318,4.0,16391.3,214.873,-0.650508,8.47284,16.3063,35.6497,56.1743,96.9983,173.228,200.0,200.0,200.0,200.0,148.419,41.8929,24.3895,15.3897,10.8261,6.96017,4.06579,2.41089,1.54904,0.717858,-0.91511,197.247,196.919,194.764,194.764
34.984346866607666,0.015242035105824468,0.9999847412109375,0.0,4,0.00201464,4.0,16429.8,215.417,-0.64239,8.47228,16.2929,35.5233,55.8295,95.9174,169.714,200.0,200.0,200.0,200.0,200.0,46.7768,25.8099,15.8597,11.0105,7.00098,4.05617,2.39388,1.53428,0.70912,-0.916261,197.747,197.419,195.222,195.222
35.005348443984985,0.015180538296699523,0.9999847412109375,0.0,4,0.000594378,4.0,16468.0,215.96,-0.636445,8.47736,16.277,35.3924,55.4803,94.8451,166.312,200.0,200.0,200.0,200.0,200.0,53.3473,27.5533,16.4322,11.2466,7.06823,4.0605,2.38495,1.52469,0.702794,-0.917126,198.248,197.919,195.676,195.676
35.0273551940918,0.015119041487574578,0.9999847412109375,0.0,4,-0.000823021,4.0,16505.9,216.503,-0.632347,8.48143,16.2589,35.2577,55.1284,93.7858,163.03,200.0,200.0,200.0,200.0,200.0,62.4759,29.6931,17.1193,11.5377,7.16297,4.07907,2.38419,1.52031,0.698889,-0.917703,198.744,198.415,196.126,196.126
35.04632759094238,0.015057771186033884,0.9999847412109375,0.0,4,-0.00222445,4.0,16543.9,217.044,-0.626961,8.48509,16.2386,35.1204,54.777,92.7484,159.887,200.0,200.0,200.0,200.0,200.0,75.6775,32.3126,17.9306,11.8865,7.28584,4.11216,2.39174,1.52124,0.697439,-0.917989,199.239,198.914,196.578,196.578
35.06745910644531,0.014996727392077448,0.9999847412109375,0.0,4,-0.00361919,4.0,16583.6,217.583,-0.621155,8.49287,16.2161,34.9799,54.4239,91.7255,156.856,200.0,200.0,200.0,200.0,200.0,96.3398,35.5687,18.8897,12.3001,7.43884,4.16014,2.40762,1.52741,0.698391,-0.917992,199.736,199.413,197.043,197.043
35.086623430252075,0.014936249867081645,0.9999847412109375,0.0,4,-0.00502396,4.0,16627.5,218.117,-0.61992,8.49079,16.1912,34.8342,54.0648,90.7045,153.894,200.0,200.0,200.0,200.0,200.0,133.35,39.7257,20.0352,12.7916,7.62621,4.22438,2.43233,1.53906,0.701803,-0.917708,200.23,199.905,197.57,197.57
35.107425928115845,0.01487531932691733,0.9999847412109375,0.0,4,-0.00644255,4.0,16666.3,218.655,-0.621459,8.49431,16.1637,34.6834,53.6992,89.6831,150.992,200.0,200.0,200.0,200.0,200.0,200.0,45.1507,21.4042,13.3703,7.85012,4.30523,2.46587,1.55612,0.707627,-0.917144,200.726,200.398,198.032,198.032
35.12392282485962,0.012400473315529527,0.9999847412109375,0.0,4,-0.00786924,4.0,16704.3,219.191,-0.623995,8.50332,16.1336,34.5276,53.3279,88.6642,148.157,200.0,200.0,200.0,200.0,200.0,200.0,52.4184,23.0449,14.0498,8.11528,4.40464,2.50924,1.5792,0.716117,-0.916272,201.221,200.891,198.483,198.483
35.14548873901367,0.009143890120089053,0.9999847412109375,0.0,4,-0.00919008,4.0,16741.8,219.728,-0.629102,8.51566,16.1031,34.3785,52.9794,87.7256,145.599,200.0,200.0,200.0,200.0,200.0,200.0,61.6232,24.8643,14.7867,8.40457,4.51647,2.5599,1.60699,0.726826,-0.915133,201.704,201.395,198.929,198.929
35.1676926612854,0.004157805579258128,0.9999847412109375,0.0,4,-0.0102682,4.0,16779.4,220.263,-0.610209,8.5286,16.0744,34.2493,52.685,86.952,143.537,200.0,200.0,200.0,200.0,200.0,200.0,72.0393,26.679,15.5163,8.69781,4.63507,2.61605,1.63881,0.739637,-0.913733,202.171,201.915,199.376,199.376
35.1847939491272,0.0029218228484255574,0.9999847412109375,0.0,4,-0.0109832,4.0,16817.0,220.798,-0.564283,8.54662,16.0494,34.1514,52.472,86.414,142.148,200.0,200.0,200.0,200.0,200.0,200.0,81.5155,28.2242,16.1562,8.9701,4.75308,2.67507,1.67343,0.754193,-0.912099,202.624,202.45,199.823,199.823
35.2043251991272,0.002382068499326706,0.9999847412109375,0.0,4,-0.0113823,4.0,16858.0,221.328,-0.475837,8.55993,16.028,34.081,52.3293,86.0759,141.318,200.0,200.0,200.0,200.0,200.0,200.0,88.6592,29.4325,16.692,9.21681,4.86812,2.73545,1.70986,0.77,-0.910294,203.076,202.977,200.309,200.309
35.22778272628784,0.0023722382458671925,0.9999847412109375,0.0,4,-0.0116026,4.0,16896.4,221.859,-0.380443,8.57491,16.0081,34.025,52.2242,85.8467,140.791,200.0,200.0,200.0,200.0,200.0,200.0,94.0105,30.4433,17.1746,9.45414,4.98453,2.79838,1.74845,0.787029,-0.90833,203.542,203.488,200.766,200.766
35.24522542953491,0.002362445017844438,0.9999847412109375,0.0,4,-0.0117407,4.0,16934.2,222.388,-0.290959,8.59242,15.9883,33.9745,52.1347,85.6644,140.399,200.0,200.0,200.0,200.0,200.0,200.0,98.4879,31.3804,17.6441,9.69366,5.10506,2.86446,1.78924,0.805171,-0.90623,204.019,203.987,201.216,201.216
35.26630926132202,0.0018835155779961497,0.9999847412109375,0.0,4,-0.0118635,4.0,16971.9,222.917,-0.219276,8.61253,15.968,33.9237,52.0464,85.4879,140.027,200.0,200.0,200.0,200.0,200.0,200.0,103.004,32.3355,18.1263,9.9413,5.23022,2.93323,1.83176,0.824101,-0.904038,204.502,204.476,201.664,201.664
35.286826372146606,0.0018757196556931982,0.9999847412109375,0.0,4,-0.0119972,4.0,17009.6,223.443,-0.166804,8.63488,15.9467,33.8703,51.9529,85.3005,139.63,200.0,200.0,200.0,200.0,200.0,200.0,108.047,33.3577,18.6374,10.2021,5.3615,3.00524,1.87623,0.843883,-0.901748,204.988,204.96,202.112,202.112
35.30631709098816,0.0018679385545353098,0.9999847412109375,0.0,4,-0.0121491,4.0,17047.5,223.968,-0.130474,8.6587,15.9245,33.8138,51.8533,85.0987,139.199,200.0,200.0,200.0,200.0,200.0,200.0,113.816,34.4565,19.1779,10.4751,5.49807,3.0799,1.92226,0.864325,-0.899383,205.473,205.442,202.561,202.561
35.32619023323059,0.0018601870956675458,0.9999847412109375,0.0,4,-0.0123184,4.0,17085.4,224.491,-0.106516,8.68324,15.9015,33.7546,51.7481,84.8836,138.735,200.0,200.0,200.0,200.0,200.0,200.0,120.407,35.6325,19.7469,10.7595,5.63942,3.15691,1.96967,0.885341,-0.896955,205.957,205.921,203.012,203.012
35.34649205207825,0.001852465279089908,0.9999847412109375,0.0,4,-0.012502,4.0,17123.5,225.012,-0.0913963,8.70778,15.8778,33.693,51.6381,84.6572,138.245,200.0,200.0,200.0,200.0,200.0,200.0,127.892,36.8848,20.344,11.055,5.7855,3.23626,2.01844,0.906932,-0.894462,206.438,206.4,203.465,203.465
35.368953704833984,0.0018447582836573324,0.9999847412109375,0.0,4,-0.0126967,4.0,17161.6,225.532,-0.0824437,8.73165,15.8534,33.6293,51.5241,84.4218,137.733,200.0,200.0,200.0,200.0,200.0,200.0,136.345,38.2095,20.9667,11.3607,5.9358,3.31771,2.06844,0.929033,-0.891911,206.918,206.877,203.918,203.918
35.38369631767273,0.001837080930514882,0.9999847412109375,0.0,4,-0.0128994,4.0,17199.7,226.05,-0.077498,8.75651,15.8285,33.5643,51.4073,84.1804,137.208,200.0,200.0,200.0,200.0,200.0,200.0,145.83,39.5991,21.6112,11.6747,6.08942,3.40075,2.11936,0.951518,-0.889318,207.396,207.353,204.371,204.371
35.40531015396118,0.0014243745948870974,0.9999847412109375,0.0,4,-0.0131083,4.0,17237.6,226.567,-0.0752353,8.78606,15.8031,33.4977,51.2879,83.9335,136.672,199.609,200.0,200.0,200.0,200.0,200.0,156.495,41.0574,22.2795,11.9979,6.24697,3.48575,2.17143,0.974486,-0.886671,207.874,207.829,204.821,204.821
35.42519211769104,0.0005108119851040344,0.9999847412109375,0.0,4,-0.0132837,4.0,17275.3,227.082,-0.0756401,8.81071,15.7778,33.4335,51.1748,83.7054,136.189,198.709,200.0,200.0,200.0,200.0,200.0,166.966,42.4857,22.9422,12.3219,6.40608,3.57196,2.22435,0.997886,-0.883971,208.342,208.307,205.269,205.269
35.44642758369446,0.00030778851360082623,0.9999847412109375,0.0,4,-0.0134189,4.0,17310.3,227.598,-0.0681505,8.84126,15.7528,33.3722,51.0698,83.5007,135.77,197.95,200.0,200.0,200.0,200.0,200.0,176.641,43.8518,23.5896,12.6434,6.56566,3.6589,2.27787,1.02162,-0.881227,208.811,208.785,205.686,205.686
35.46518421173096,0.0003065010532736778,0.9999847412109375,0.0,4,-0.0135038,4.0,17347.8,228.11,-0.0608495,8.87221,15.7282,33.3149,50.9751,83.3252,135.431,197.364,200.0,200.0,200.0,200.0,200.0,184.669,45.1161,24.211,12.9594,6.7249,3.74633,2.33191,1.04567,-0.878441,209.277,209.263,206.13,206.13
35.48622107505798,0.0,0.9999847412109375,0.0,4,-0.0135438,4.0,17385.7,228.62,-0.046636,8.90109,15.704,33.2613,50.8897,83.1759,135.163,196.93,200.0,200.0,200.0,200.0,200.0,190.883,46.2755,24.8045,13.2689,6.88315,3.83385,2.38619,1.06993,-0.875627,209.741,209.738,206.581,206.581
35.50742292404175,0.0,0.9999847412109375,0.0,4,-0.0135696,4.0,17423.8,229.128,-0.0331232,8.93167,15.6798,33.2086,50.807,83.0345,134.917,196.544,200.0,200.0,200.0,200.0,200.0,196.526,47.4064,25.3919,13.5777,7.04175,3.92178,2.44079,1.09436,-0.872791,210.209,210.21,207.034,207.034
35.52791237831116,-0.0007460484413243831,0.9999847412109375,0.0,4,-0.0135922,4.0,17462.4,229.634,-0.0227477,8.96687,15.6556,33.1559,50.7245,82.8942,134.675,196.167,200.0,200.0,200.0,200.0,200.0,200.0,48.5385,25.9812,13.888,7.20127,4.01024,2.49574,1.11894,-0.869936,210.677,210.678,207.493,207.493
35.54831576347351,-0.0013833228498697282,0.9999847412109375,0.0,4,-0.0135722,4.0,17499.7,230.139,-0.0154098,8.99737,15.6317,33.1066,50.6507,82.7784,134.5,195.933,200.0,200.0,200.0,200.0,200.0,200.0,49.5537,26.54,14.1911,7.35971,4.09881,2.55096,1.14375,-0.86705,211.137,211.147,207.936,207.936
35.56542730331421,-0.0013833228498697282,0.9999847412109375,0.0,4,-0.0135098,4.0,17531.0,230.648,-0.00140201,9.04124,15.6086,33.0613,50.5865,82.6886,134.393,195.844,200.0,200.0,200.0,200.0,200.0,200.0,50.4309,27.0584,14.4823,7.51474,4.18623,2.60569,1.16843,-0.864172,211.597,211.617,208.31,208.31
35.586448669433594,-0.0013833228498697282,0.9999847412109375,0.0,4,-0.0134346,4.0,17567.6,231.151,0.0115859,9.08306,15.5854,33.0168,50.5246,82.6054,134.304,195.797,200.0,200.0,200.0,200.0,200.0,200.0,51.2693,27.5674,14.7718,7.6699,4.274,2.66072,1.19329,-0.861272,212.059,212.082,208.743,208.743
35.60522270202637,-0.0013833228498697282,0.9999847412109375,0.0,4,-0.0133584,4.0,17605.3,231.651,0.021322,9.11994,15.5624,32.9726,50.4632,82.5235,134.219,195.754,200.0,200.0,200.0,200.0,200.0,200.0,52.091,28.0699,15.0587,7.82396,4.36122,2.71543,1.21801,-0.858386,212.519,212.543,209.191,209.191
35.626477003097534,-0.0013833228498697282,0.9999847412109375,0.0,4,-0.0132821,4.0,17643.3,232.149,0.0282633,9.16009,15.5394,32.9284,50.4019,82.4415,134.133,195.712,200.0,200.0,200.0,200.0,200.0,200.0,52.9051,28.5699,15.3448,7.97783,4.44838,2.77013,1.24274,-0.8555,212.981,213.004,209.642,209.642
35.64636015892029,-0.0013833228498697282,0.9999847412109375,0.0,4,-0.0132058,4.0,17680.8,232.646,0.0329691,9.20568,15.5164,32.8842,50.3405,82.3595,134.048,195.67,200.0,200.0,200.0,200.0,200.0,200.0,53.7104,29.0668,15.6299,8.1313,4.53538,2.82473,1.26743,-0.852618,213.44,213.462,210.088,210.088
35.66549062728882,-0.0010389462113380432,0.9999847412109375,0.0,4,-0.0131271,4.0,17715.6,233.143,0.036639,9.24681,15.4935,32.8403,50.2798,82.2791,133.966,195.637,200.0,200.0,200.0,200.0,200.0,200.0,54.499,29.5581,15.913,8.28414,4.62213,2.87921,1.29208,-0.849739,213.895,213.917,210.512,210.512
35.68523693084717,-0.0007437799125909806,0.9999847412109375,0.0,4,-0.0130525,4.0,17746.9,233.642,0.0384872,9.30214,15.4707,32.7963,50.2185,82.1968,133.879,195.591,200.0,200.0,200.0,200.0,200.0,200.0,55.2883,30.048,16.195,8.43629,4.70846,2.93342,1.3166,-0.846876,214.353,214.374,210.875,210.875
35.703800201416016,-0.0004978239536285401,0.9999847412109375,0.0,4,-0.0129809,4.0,17783.9,234.134,0.0388269,9.35147,15.4479,32.7522,50.1569,82.1131,133.787,195.535,200.0,200.0,200.0,200.0,200.0,200.0,56.0759,30.5357,16.4756,8.58766,4.79434,2.98736,1.341,-0.844026,214.807,214.828,211.313,211.313
35.72819900512695,-0.0004978239536285401,0.9999847412109375,0.0,4,-0.0129483,4.0,17822.0,234.624,0.0394796,9.39076,15.4245,32.7046,50.0866,82.0059,133.633,195.346,200.0,200.0,200.0,200.0,200.0,200.0,56.9887,31.0605,16.767,8.74195,4.88113,3.04164,1.36545,-0.841177,215.261,215.274,211.766,211.766
35.74527716636658,-0.0004978239536285401,0.9999847412109375,0.0,4,-0.0129583,4.0,17860.5,235.112,0.0308325,9.43785,15.4004,32.6529,50.0067,81.8727,133.41,195.008,200.0,200.0,200.0,200.0,200.0,200.0,58.0486,31.6295,17.0716,8.90001,4.96918,3.09644,1.39003,-0.83832,215.722,215.723,212.223,212.223
35.76777911186218,-0.0004978239536285401,0.9999847412109375,0.0,4,-0.0129795,4.0,17897.7,235.599,0.0213639,9.48396,15.3764,32.6007,49.9249,81.7337,133.17,194.635,200.0,200.0,200.0,200.0,200.0,200.0,59.1407,32.2059,17.3771,9.05768,5.05678,3.15089,1.41441,-0.835487,216.172,216.169,212.666,212.666
35.7873330116272,-0.0010389462113380432,0.9999847412109375,0.0,4,-0.0130017,4.0,17927.2,236.091,0.0137373,9.53284,15.3521,32.5479,49.8423,81.5932,132.927,194.256,200.0,200.0,200.0,200.0,200.0,200.0,60.2478,32.7889,17.6858,9.21684,5.14516,3.20583,1.43901,-0.83263,216.619,216.615,213.025,213.025
35.80402946472168,-0.0010389462113380432,0.9999847412109375,0.0,4,-0.0129886,4.0,17960.0,236.578,0.00636745,9.59533,15.3283,32.4984,49.7675,81.4739,132.741,193.998,200.0,200.0,200.0,200.0,200.0,199.524,61.2279,33.3343,17.9836,9.37305,5.23265,3.26042,1.46355,-0.829773,217.065,217.069,213.407,213.407
35.82519054412842,-0.0010389462113380432,0.9999847412109375,0.0,4,-0.0129292,4.0,17997.1,237.061,0.0100212,9.64833,15.3054,32.4531,49.703,81.3825,132.629,193.899,200.0,200.0,200.0,200.0,200.0,198.337,62.0324,33.8269,18.2656,9.52481,5.31867,3.31441,1.48796,-0.826924,217.503,217.519,213.847,213.847
35.84774208068848,-0.0013833228498697282,0.9999847412109375,0.0,4,-0.0128496,4.0,18035.4,237.54,0.0168803,9.68767,15.2827,32.4098,49.6432,81.3035,132.55,193.87,200.0,200.0,200.0,200.0,200.0,197.1,62.7529,34.2937,18.5397,9.67425,5.40387,3.36804,1.51228,-0.824081,217.942,217.963,214.301,214.301
35.867411613464355,-0.0017769098281860353,0.9999847412109375,0.0,4,-0.012758,4.0,18073.6,238.018,0.0240251,9.74508,15.2603,32.3677,49.5861,81.2318,132.49,200.0,200.0,200.0,200.0,200.0,200.0,195.835,63.4191,34.7431,18.8084,9.82201,5.48846,3.42138,1.53652,-0.821245,218.389,218.41,214.755,214.755
35.88619685173035,-0.0022197071462869643,0.9999847412109375,0.0,4,-0.0126166,4.0,18110.1,238.496,0.0304359,9.79183,15.2387,32.3302,49.5401,81.1903,132.511,200.0,200.0,200.0,200.0,200.0,200.0,194.464,63.8881,35.1317,19.0586,9.96449,5.57129,3.47399,1.56059,-0.818418,218.822,218.853,215.191,215.191
35.90766668319702,-0.0022197071462869643,0.9999847412109375,0.0,4,-0.0124292,4.0,18134.6,238.981,0.0451457,9.85647,15.218,32.2972,49.5047,81.1772,132.607,200.0,200.0,200.0,200.0,200.0,200.0,192.995,64.171,35.4608,19.2901,10.1014,5.65212,3.52571,1.58441,-0.815611,219.257,219.299,215.486,215.486
35.92373728752136,-0.0032529328018426895,0.9999847412109375,0.0,4,-0.0122354,4.0,18169.2,239.457,0.0577575,9.92527,15.1976,32.2652,49.4715,81.1691,132.717,200.0,200.0,200.0,200.0,200.0,200.0,191.506,64.414,35.773,19.515,10.2356,5.73174,3.57675,1.60797,-0.812832,219.695,219.74,215.893,215.893
35.9453809261322,-0.005171848833560944,0.9999847412109375,0.0,4,-0.0120003,4.0,18206.6,239.929,0.0669555,9.97994,15.1779,32.2373,49.4478,81.1867,132.895,200.0,200.0,200.0,200.0,200.0,198.818,189.914,64.4933,36.0305,19.7222,10.3643,5.80936,3.62688,1.63127,-0.810074,220.125,220.179,216.337,216.337
35.964064836502075,-0.007533657923340798,0.9999847412109375,0.0,4,-0.0116365,4.0,18245.8,240.398,0.0823108,10.0287,15.1606,32.2218,49.4537,81.2844,133.287,200.0,200.0,200.0,200.0,200.0,197.287,187.939,64.0934,36.1287,19.8783,10.4776,5.88149,3.67454,1.65391,-0.807366,220.547,220.629,216.801,216.801
35.986672163009644,-0.007533657923340798,0.9999847412109375,0.0,4,-0.011023,4.0,18282.7,240.866,0.117244,10.0948,15.1476,32.2301,49.5167,81.5372,134.1,200.0,200.0,200.0,200.0,200.0,195.587,182.211,62.8348,35.9353,19.9408,10.5629,5.94392,3.71803,1.67553,-0.804725,220.954,221.092,217.242,217.242
36.00817084312439,-0.007533657923340798,0.9999847412109375,0.0,4,-0.0102205,4.0,18316.1,241.335,0.184739,10.1495,15.1383,32.2577,49.6254,81.9143,135.253,200.0,200.0,200.0,200.0,198.679,193.745,164.079,61.018,35.5241,19.9259,10.6225,5.99652,3.75682,1.69571,-0.802211,221.36,221.542,217.653,217.653
36.02729797363281,-0.007533657923340798,0.9999847412109375,0.0,4,-0.00937843,4.0,18337.4,241.814,0.244156,10.2441,15.1307,32.2912,49.747,82.3258,136.506,200.0,200.0,200.0,200.0,196.935,191.853,148.751,59.1959,35.0714,19.8869,10.6714,6.04405,3.7928,1.71481,-0.799812,221.789,221.983,217.893,217.893
36.04527258872986,-0.007533657923340798,0.9999847412109375,0.0,4,-0.00855041,4.0,18373.3,242.278,0.286402,10.3258,15.1239,32.3259,49.8699,82.7398,137.772,200.0,200.0,200.0,199.0,195.188,189.946,136.446,57.5203,34.6324,19.841,10.7141,6.08774,3.82633,1.7328,-0.797541,222.218,222.411,218.317,218.317
36.06533241271973,-0.007533657923340798,0.9999847412109375,0.0,4,-0.00773931,4.0,18412.1,242.738,0.315828,10.3844,15.1181,32.362,49.9942,83.1552,139.046,200.0,200.0,200.0,197.315,193.44,188.023,126.364,55.9735,34.2045,19.7871,10.7499,6.12708,3.85705,1.7495,-0.795422,222.643,222.832,218.777,218.777
36.08414268493652,-0.007533657923340798,0.9999847412109375,0.0,4,-0.00692248,4.0,18451.5,243.195,0.337288,10.4535,15.1137,32.4015,50.1249,83.5867,140.369,200.0,200.0,198.801,195.62,191.677,186.061,117.684,54.4833,33.7656,19.7184,10.7768,6.16144,3.88472,1.76487,-0.793453,223.071,223.262,219.246,219.246
36.10647797584534,-0.007533657923340798,0.9999847412109375,0.0,4,-0.00609136,4.0,18488.1,243.654,0.357689,10.5053,15.1109,32.4455,50.2647,84.0407,141.76,200.0,200.0,197.133,193.913,189.895,184.044,110.027,53.0218,33.3065,19.6313,10.7933,6.19014,3.90896,1.77877,-0.79165,223.49,223.683,219.683,219.683
36.12900710105896,-0.005171848833560944,0.9999847412109375,0.0,4,-0.00527167,4.0,18509.0,244.124,0.370307,10.5807,15.1094,32.4918,50.4076,84.5013,143.174,200.0,199.218,195.463,192.202,188.107,181.985,103.428,51.6422,32.8505,19.5341,10.8019,6.21392,3.93004,1.79122,-0.790019,223.915,224.106,219.935,219.935
36.14637589454651,-0.0038433611392974854,0.9999847412109375,0.0,4,-0.00460672,4.0,18543.1,244.581,0.374444,10.6589,15.1069,32.527,50.5204,84.8725,144.333,200.0,197.621,193.84,190.548,186.391,180.025,98.76,50.6236,32.5166,19.4703,10.8162,6.2373,3.94973,1.80252,-0.788552,224.356,224.514,220.336,220.336
36.164371490478516,-0.0038433611392974854,0.9999847412109375,0.0,4,-0.0041368,4.0,18580.3,245.035,0.346274,10.7168,15.1027,32.5465,50.5922,85.1232,145.14,199.642,196.075,192.279,188.969,184.775,178.235,95.8747,50.0048,32.3322,19.4529,10.8411,6.26239,3.96909,1.813,-0.787221,224.795,224.909,220.777,220.777
36.18776202201843,-0.0032529328018426895,0.9999847412109375,0.0,4,-0.00376272,4.0,18619.0,245.485,0.304484,10.7624,15.0982,32.5597,50.6457,85.3176,145.779,198.125,194.552,190.747,187.427,183.207,176.53,93.7785,49.5597,32.2088,19.4514,10.8677,6.28626,3.98698,1.8225,-0.786026,225.225,225.315,221.238,221.238
36.208675384521484,-0.002711714804172516,0.9999847412109375,0.0,4,-0.00344682,4.0,18655.3,245.937,0.269814,10.7991,15.0938,32.5694,50.6889,85.479,146.318,196.619,193.042,189.232,185.905,181.667,174.878,92.1283,49.2111,32.1178,19.4571,10.8939,6.30859,4.00348,1.83116,-0.784941,225.647,225.722,221.669,221.669
36.2266411781311,-0.002711714804172516,0.9999847412109375,0.0,4,-0.00317597,4.0,18682.8,246.393,0.23414,10.8378,15.0895,32.5768,50.7244,85.6154,146.778,195.12,191.54,187.73,184.399,180.15,173.267,90.7956,48.9317,32.0493,19.4671,10.9191,6.32934,4.01866,1.83906,-0.783954,226.067,226.132,222.005,222.005
36.247063636779785,-0.002711714804172516,0.9999847412109375,0.0,4,-0.00291991,4.0,18714.8,246.845,0.20359,10.8871,15.0857,32.5843,50.759,85.7464,147.22,193.621,190.04,186.229,182.896,178.637,171.665,89.5681,48.6657,31.9808,19.4736,10.9412,6.34798,4.0324,1.84626,-0.783053,226.487,226.547,222.378,222.378
36.268036127090454,-0.002711714804172516,0.9999847412109375,0.0,4,-0.0026629,4.0,18749.5,247.293,0.181102,10.9266,15.0827,32.5935,50.7963,85.8827,147.673,192.118,188.536,184.724,181.389,177.119,170.051,88.343,48.3839,31.8997,19.4722,10.9588,6.36404,4.04452,1.85272,-0.782237,226.9,226.96,222.79,222.79
36.286089181900024,-0.002711714804172516,0.9999847412109375,0.0,4,-0.00239801,4.0,18785.0,247.739,0.166159,10.9553,15.0804,32.6049,50.8379,86.0288,148.153,190.61,187.027,183.213,179.875,175.594,168.413,87.0824,48.0763,31.8023,19.4614,10.9717,6.37754,4.05506,1.8585,-0.7815,227.31,227.371,223.212,223.212
36.30606126785278,-0.002711714804172516,0.9999847412109375,0.0,4,-0.0021224,4.0,18819.7,248.184,0.157319,10.9777,15.0789,32.6186,50.8841,86.1864,148.664,189.096,185.512,181.696,178.354,174.059,166.745,85.7769,47.7401,31.6872,19.4412,10.9799,6.38853,4.0641,1.86363,-0.780836,227.718,227.782,223.624,223.624
36.32411193847656,-0.0038433611392974854,0.9999847412109375,0.0,4,-0.00183845,4.0,18852.4,248.629,0.152647,10.9963,15.0782,32.6345,50.9345,86.3539,149.202,187.577,183.99,180.173,176.826,172.516,165.045,84.4458,47.3812,31.5574,19.4126,10.9839,6.39723,4.07175,1.86815,-0.780241,228.126,228.191,224.017,224.017
36.3474063873291,-0.004482999816536904,0.9999847412109375,0.0,4,-0.001508,4.0,18883.1,249.073,0.149814,11.0181,15.0787,32.656,50.9981,86.558,149.848,186.043,182.453,178.63,175.275,170.942,163.24,82.8927,46.937,31.3847,19.3649,10.98,6.40243,4.07752,1.87198,-0.779718,228.529,228.605,224.379,224.379
36.36617112159729,-0.004482999816536904,0.9999847412109375,0.0,4,-0.00112796,4.0,18914.6,249.513,0.158534,11.0375,15.0806,32.6837,51.076,86.8017,150.612,184.494,180.898,177.067,173.699,169.334,161.285,81.1271,46.4059,31.1671,19.2968,10.9679,6.40383,4.08123,1.87505,-0.779272,228.929,229.017,224.754,224.754
36.38443112373352,-0.004482999816536904,0.9999847412109375,0.0,4,-0.000729322,4.0,18945.7,249.949,0.169356,11.0547,15.0836,32.7149,51.1611,87.0642,151.431,182.938,179.335,175.493,172.112,167.71,159.163,79.3226,45.8415,30.928,19.2169,10.9499,6.4022,4.08314,1.87736,-0.778913,229.329,229.421,225.124,225.124
36.40644145011902,-0.004482999816536904,0.9999847412109375,0.0,4,-0.000328302,4.0,18976.7,250.382,0.178691,11.0604,15.0873,32.7479,51.2496,87.3344,152.272,181.378,177.767,173.916,170.52,166.08,156.695,77.5604,45.2707,30.6794,19.1297,10.9274,6.39796,4.0834,1.87891,-0.778641,229.726,229.819,225.492,225.492
36.42870306968689,-0.004482999816536904,0.9999847412109375,0.0,4,7.00951e-05,4.0,19007.4,250.811,0.185191,11.0648,15.0917,32.7822,51.34,87.6083,153.124,179.814,176.197,172.336,168.926,164.445,151.118,75.8644,44.704,30.4269,19.0377,10.9016,6.39163,4.08228,1.87983,-0.778445,230.122,230.214,225.857,225.857
36.445223808288574,-0.0038433611392974854,0.9999847412109375,0.0,4,0.000469208,4.0,19042.0,251.233,0.190536,11.0539,15.0967,32.8182,51.4334,87.8887,154.22,178.247,174.623,170.752,167.327,162.805,144.632,74.2121,44.1343,30.1667,18.9392,10.8718,6.38284,4.0796,1.88002,-0.778334,230.513,230.606,226.269,226.269
36.466376304626465,-0.004482999816536904,0.9999847412109375,0.0,4,0.000869751,4.0,19070.7,251.656,0.194669,11.051,15.1026,32.8562,51.5302,88.1766,182.059,176.677,173.046,169.165,165.724,161.157,138.607,72.5961,43.5592,29.8979,18.8336,10.8374,6.37139,4.0752,1.87942,-0.778316,230.903,230.996,226.61,226.61
36.48413014411926,-0.004482999816536904,0.9999847412109375,0.0,5,0.00127029,4.0,19099.2,252.075,0.197496,11.055,15.1092,32.8955,51.6295,88.4699,180.496,175.103,171.465,167.574,164.118,159.504,133.022,71.0262,42.9852,29.6243,18.7232,10.7999,6.35795,4.06951,1.87822,-0.778368,231.291,231.384,226.95,226.95
36.50443887710571,-0.005171848833560944,0.9999847412109375,0.0,5,0.00166392,5.0,17113.2,252.004,0.197023,11.0389,15.1165,32.9362,51.7304,88.7652,178.931,173.528,169.884,165.983,162.511,157.85,127.892,69.5148,42.4154,29.3463,18.6071,10.7581,6.34178,4.06201,1.87616,-0.778525,231.534,231.625,222.314,222.403
36.52557158470154,-0.008419348299503327,0.9999847412109375,0.0,5,0.00210953,5.0,17076.3,251.553,0.196946,11.006,15.1253,32.9837,51.8472,89.1055,177.359,171.942,168.289,164.374,160.882,156.158,122.496,67.8561,41.7743,29.0283,18.4714,10.7078,6.32156,4.05227,1.87324,-0.778772,231.234,231.336,221.855,221.961
36.5466673374176,-0.009354249015450478,0.9999847412109375,0.0,5,0.00277543,5.0,16710.1,251.089,0.215431,10.9258,15.1386,33.055,52.0228,89.6189,175.747,170.304,166.631,162.687,159.152,154.308,115.209,65.5113,40.8479,28.5635,18.2712,10.633,6.29135,4.03764,1.86882,-0.779147,230.8,230.95,220.904,221.244
36.56692337989807,-0.009354249015450478,0.9999847412109375,0.0,5,0.00370216,5.0,17075.8,251.106,0.278462,10.8617,15.1571,33.1547,52.2689,90.3428,174.088,168.604,164.897,160.902,157.296,152.247,106.371,62.496,39.6214,27.9395,17.9993,10.5305,6.24981,4.01752,1.86275,-0.779661,230.492,230.701,225.835,225.835
36.586506605148315,-0.009354249015450478,0.9999847412109375,0.0,5,0.00471926,5.0,17097.9,251.454,0.348189,10.8361,15.1785,33.2667,52.5449,91.1561,172.408,166.876,163.13,159.076,155.383,150.062,98.0235,59.4463,38.3319,27.2682,17.6996,10.4145,6.20147,3.99353,1.85516,-0.780338,230.699,230.934,226.152,226.152
36.606613874435425,-0.009354249015450478,0.9999847412109375,0.0,5,0.00572324,5.0,17113.3,251.805,0.400804,10.8035,15.2012,33.3817,52.8258,91.9829,170.725,165.147,161.361,157.245,153.459,147.805,90.8552,56.6486,37.0989,26.6091,17.3962,10.2926,6.14876,3.96647,1.84604,-0.7812,231.006,231.239,226.355,226.355
36.62618064880371,-0.009354249015450478,0.9999847412109375,0.0,5,0.00665951,5.0,17129.9,252.153,0.426787,10.7753,15.2247,33.4943,53.0978,92.7801,169.05,163.428,159.605,155.429,151.549,145.502,84.9148,54.1865,35.9688,25.9881,17.1007,10.1689,6.09298,3.93682,1.83543,-0.782256,231.329,231.548,226.574,226.574
36.647608041763306,-0.004482999816536904,0.9999847412109375,0.0,5,0.00754428,5.0,17161.4,252.486,0.436606,10.7186,15.249,33.606,53.3646,93.5584,167.379,161.717,157.858,153.624,149.648,143.104,79.8385,51.9699,34.9131,25.393,16.8087,10.0421,6.03379,3.90447,1.82334,-0.783502,231.648,231.855,226.984,226.984
36.666778802871704,-0.0010389462113380432,0.9999847412109375,0.0,5,0.00821424,5.0,17181.9,252.83,0.443386,10.6568,15.2716,33.7,53.5826,94.1811,165.744,160.054,156.172,151.896,147.846,140.793,76.177,50.2809,34.0704,24.9004,16.5552,9.92511,5.97596,3.87145,1.81016,-0.784926,231.983,232.143,227.261,227.261
36.685367584228516,0.0,0.9999847412109375,0.0,5,0.00851774,5.0,17202.0,253.173,0.394442,10.6187,15.2897,33.7603,53.7097,94.5147,164.175,158.48,154.594,150.309,146.235,138.914,74.2895,49.3301,33.5527,24.5746,16.3706,9.8298,5.92414,3.83985,1.79639,-0.786498,232.341,232.421,227.527,227.527
36.70425987243652,0.0,0.9999847412109375,0.0,5,0.00854897,5.0,17222.2,253.516,0.306042,10.5714,15.3046,33.7953,53.7686,94.6298,162.653,156.971,153.097,148.829,144.771,137.476,73.5696,48.8821,33.2606,24.3661,16.2349,9.74989,5.87655,3.8092,1.78215,-0.788184,232.683,232.699,227.793,227.793
36.72782373428345,0.00030174851417541504,0.9999847412109375,0.0,5,0.00845265,5.0,17243.2,253.858,0.210499,10.5128,15.3182,33.8189,53.7962,94.6433,161.152,155.491,151.636,147.395,143.373,136.248,73.3659,48.655,33.0669,24.2078,16.1194,9.67577,5.83014,3.7785,1.76748,-0.789948,233.012,232.995,228.07,228.07
36.744213819503784,0.0010401908308267595,0.9999847412109375,0.0,5,0.0083375,5.0,17285.1,254.178,0.13372,10.4134,15.3321,33.8418,53.8206,94.6443,159.651,154.012,150.178,145.966,141.981,135.03,73.2193,48.4477,32.879,24.0506,16.0029,9.60014,5.7825,3.7469,1.75232,-0.791772,233.328,233.302,228.612,228.612
36.764045000076294,0.0013847589492797852,0.9999847412109375,0.0,5,0.00820637,5.0,17304.7,254.519,0.0812772,10.3058,15.3458,33.8635,53.8416,94.6335,158.151,152.534,148.721,144.539,140.593,133.819,73.1305,48.2623,32.6995,23.8971,15.8873,9.52432,5.7345,3.71497,1.73697,-0.793623,233.633,233.603,228.89,228.89
36.7875816822052,0.0013847589492797852,0.9999847412109375,0.0,5,0.00805473,5.0,17319.7,254.863,0.036647,10.2527,15.3595,33.8834,53.8577,94.6069,156.651,151.058,147.267,143.117,139.213,132.619,73.1226,48.1093,32.5333,23.7499,15.7739,9.44893,5.68643,3.68288,1.72148,-0.795494,233.954,233.919,229.086,229.086
36.80564093589783,0.0013847589492797852,0.9999847412109375,0.0,5,0.00790715,5.0,17337.0,255.204,0.00364574,10.1996,15.3732,33.9038,53.8748,94.5835,155.146,149.577,145.81,141.691,137.827,131.398,73.0975,47.9471,32.3626,23.6003,15.6594,9.37318,5.63825,3.65077,1.70601,-0.797362,234.262,234.227,229.313,229.313
36.82907581329346,0.0013847589492797852,0.9999847412109375,0.0,5,0.00777364,5.0,17355.3,255.543,-0.0183798,10.128,15.3871,33.9257,53.8958,94.5722,153.637,148.091,144.344,140.255,136.43,130.144,73.0067,47.7547,32.1774,23.4425,15.5411,9.29592,5.58945,3.61834,1.69044,-0.799237,234.568,234.537,229.555,229.555
36.844375133514404,0.0013847589492797852,0.9999847412109375,0.0,5,0.00765276,5.0,17397.4,255.859,-0.0322021,10.0214,15.401,33.9483,53.9193,94.5699,152.122,146.598,142.873,138.813,135.024,128.866,72.8679,47.5426,31.9842,23.2813,15.422,9.21882,5.541,3.58624,1.67507,-0.801086,234.876,234.848,230.084,230.084
36.86549735069275,0.0013847589492797852,0.9999847412109375,0.0,5,0.00753641,5.0,17419.4,256.192,-0.0418827,9.88318,15.4149,33.9711,53.9435,94.5705,150.603,145.102,141.397,137.366,133.613,127.575,72.7135,47.324,31.7887,23.1193,15.3028,9.14206,5.49286,3.55439,1.65983,-0.802918,235.171,235.143,230.407,230.407
36.884658336639404,0.0022215262055397035,0.9999847412109375,0.0,5,0.00742459,5.0,17432.4,256.534,-0.0476806,9.81071,15.4287,33.9941,53.9685,94.5742,149.08,143.602,139.918,135.915,132.197,126.271,72.5394,47.097,31.5896,22.9556,15.1832,9.06528,5.44482,3.52263,1.64466,-0.804741,235.485,235.459,230.577,230.577
36.907591581344604,0.0032551348209381107,0.9999847412109375,0.0,5,0.0072751,5.0,17448.3,256.872,-0.0510089,9.74626,15.4416,34.0126,53.9825,94.5451,147.562,142.108,138.447,134.476,130.797,125.001,72.548,46.9486,31.4275,22.8125,15.0736,8.99276,5.39873,3.49192,1.62987,-0.806526,235.795,235.761,230.787,230.787
36.92525291442871,0.004485584795475006,0.9999847412109375,0.0,5,0.00705099,5.0,17465.7,257.208,-0.0621401,9.65242,15.4531,34.0229,53.9759,94.4536,146.054,140.629,136.995,133.061,129.43,123.797,72.911,46.948,31.3323,22.7054,14.9803,8.92651,5.35519,3.46243,1.61544,-0.808281,236.105,236.055,231.015,231.015
36.94513916969299,0.005174625292420388,0.9999847412109375,0.0,5,0.00673127,5.0,17508.7,257.519,-0.08296,9.52557,15.4628,34.0229,53.9431,94.2825,144.56,139.17,135.567,131.678,128.105,122.667,73.7527,47.143,31.3246,22.645,14.9081,8.86848,5.315,3.43457,1.60149,-0.809996,236.423,236.352,231.544,231.544
36.96550250053406,0.005174625292420388,0.9999847412109375,0.0,5,0.00628471,5.0,17535.1,257.845,-0.11871,9.3418,15.47,34.009,53.8756,94.0071,143.086,137.738,134.172,130.336,126.834,121.625,75.2825,47.6096,31.436,22.6475,14.8643,8.82129,5.27925,3.40886,1.58818,-0.811658,236.725,236.625,231.94,231.94
36.98634362220764,0.005174625292420388,0.9999847412109375,0.0,5,0.00575733,5.0,17545.2,258.185,-0.162417,9.24281,15.4751,33.9854,53.7847,93.6644,141.624,136.321,132.796,129.018,125.593,120.616,77.3718,48.2844,31.6373,22.6979,14.8428,8.78345,5.24777,3.38546,1.57573,-0.813232,237.048,236.928,232.07,232.07
37.00549244880676,0.005174625292420388,0.9999847412109375,0.0,5,0.00521064,5.0,17559.4,258.52,-0.199551,9.17498,15.4793,33.9585,53.6868,93.3053,140.161,134.905,131.42,127.701,124.352,119.587,79.7639,49.054,31.8762,22.7684,14.8313,8.75048,5.21891,3.36366,1.56399,-0.814724,237.359,237.232,232.258,232.258
37.023749589920044,0.0032551348209381107,0.9999847412109375,0.0,5,0.00469184,5.0,17574.9,258.853,-0.222568,9.10347,15.4831,33.9326,53.594,92.9667,138.691,133.478,130.034,126.37,123.09,118.509,82.2222,49.8239,32.1131,22.839,14.8217,8.71975,5.19187,3.34322,1.55298,-0.816122,237.66,237.537,232.462,232.462
37.046486377716064,0.0004986856132745743,0.9999847412109375,0.0,5,0.00428224,5.0,17606.1,259.171,-0.232985,9.03765,15.4877,33.9158,53.5266,92.7111,137.198,132.024,128.614,124.997,121.776,117.337,84.2147,50.4058,32.2718,22.8721,14.7987,8.68635,5.1651,3.32361,1.54269,-0.817415,237.955,237.856,232.846,232.846
37.06514763832092,0.0,0.9999847412109375,0.0,5,0.00408387,5.0,17630.1,259.493,-0.222702,8.94076,15.495,33.9188,53.5114,92.6182,135.665,130.52,127.135,123.552,120.37,116.017,84.948,50.5304,32.2448,22.8139,14.7393,8.64186,5.13533,3.30331,1.5327,-0.818634,238.223,238.171,233.193,233.193
37.083741426467896,0.0,0.9999847412109375,0.0,5,0.00406361,5.0,17645.4,259.822,-0.173037,8.89405,15.5045,33.9382,53.5401,92.661,134.098,128.974,125.607,122.047,118.889,114.581,84.5423,50.2571,32.0593,22.6787,14.6497,8.58837,5.1032,3.28253,1.523,-0.819785,238.506,238.496,233.394,233.394
37.108863830566406,-0.00030107833445072176,0.9999847412109375,0.0,5,0.00410628,5.0,17662.0,260.149,-0.120001,8.87732,15.5147,33.9632,53.5838,92.751,132.517,127.411,124.06,120.519,117.382,113.106,83.741,49.8477,31.8211,22.5185,14.5509,8.53246,5.07069,3.26186,1.51353,-0.820898,238.8,238.807,233.613,233.613
37.125054597854614,-0.0004978239536285401,0.9999847412109375,0.0,5,0.00416541,5.0,17679.1,260.475,-0.0762559,8.86384,15.5249,33.9894,53.6311,92.8527,130.931,125.842,122.506,118.985,115.866,111.62,82.8505,49.4095,31.5726,22.3541,14.451,8.4767,5.03852,3.2415,1.50425,-0.821986,239.096,239.106,233.839,233.839
37.14649701118469,-0.0004978239536285401,0.9999847412109375,0.0,5,0.00422287,5.0,17698.9,260.797,-0.0436426,8.86988,15.5348,34.015,53.6772,92.952,129.342,124.272,120.951,117.449,114.35,110.135,81.99,48.984,31.3306,22.1937,14.3534,8.4222,5.00706,3.22158,1.49517,-0.82305,239.396,239.405,234.09,234.09
37.16449308395386,-0.0004978239536285401,0.9999847412109375,0.0,5,0.00426364,5.0,17723.7,261.112,-0.0222476,8.85968,15.5444,34.0387,53.7186,93.0374,127.753,122.702,119.399,115.917,112.839,108.659,81.2483,48.6024,31.1076,22.0435,14.2606,8.36963,4.97647,3.20213,1.48625,-0.824098,239.689,239.696,234.427,234.427
37.18667769432068,-0.0004978239536285401,0.9999847412109375,0.0,5,0.0042913,5.0,17743.8,261.431,-0.00922968,8.85937,15.5538,34.0611,53.7567,93.1129,126.163,121.133,117.847,114.387,111.331,107.19,80.5908,48.2502,30.8964,21.899,14.17,8.31774,4.94606,3.18272,1.47732,-0.825151,239.984,239.988,234.692,234.692
37.20726466178894,-0.00030107833445072176,0.9999847412109375,0.0,5,0.0043118,5.0,17763.4,261.749,-0.00101518,8.86771,15.563,34.0826,53.7927,93.1822,124.571,119.563,116.295,112.857,109.825,105.725,79.9842,47.917,30.6935,21.759,14.0816,8.2668,4.9161,3.16355,1.46848,-0.826193,240.278,240.28,234.953,234.953
37.22679781913757,0.0,0.9999847412109375,0.0,5,0.00432897,5.0,17783.3,262.066,0.00453458,8.85853,15.5722,34.1039,53.828,93.2492,122.977,117.99,114.741,111.326,108.318,104.259,79.3977,47.591,30.4931,21.6202,13.9935,8.21588,4.88609,3.14433,1.45961,-0.827241,240.567,240.568,235.216,235.216
37.24433708190918,0.0,0.9999847412109375,0.0,5,0.00434637,5.0,17803.6,262.382,0.008823,8.85193,15.5814,34.1252,53.8635,93.3165,121.379,116.415,113.184,109.793,106.809,102.793,78.8096,47.2638,30.2922,21.4809,13.9051,8.16479,4.85599,3.12506,1.4507,-0.828291,240.858,240.858,235.483,235.483
37.265103816986084,0.0004986856132745743,0.9999847412109375,0.0,5,0.00436044,5.0,17831.5,262.689,0.0122557,8.81065,15.5907,34.1464,53.8982,93.3815,119.779,114.837,111.626,108.259,105.299,101.326,78.241,46.9427,30.0935,21.3425,13.8169,8.11367,4.8258,3.1057,1.44176,-0.829348,241.144,241.143,235.854,235.854
37.285380363464355,0.0007448330521583557,0.9999847412109375,0.0,5,0.00436997,5.0,17849.9,263.005,0.0140324,8.78643,15.5997,34.1669,53.9316,93.4425,118.176,113.258,110.066,106.723,103.79,99.8608,77.7044,46.6343,29.9005,21.2074,13.7304,8.0633,4.79599,3.08657,1.4329,-0.830394,241.433,241.431,236.097,236.097
37.30791759490967,0.0010401908308267595,0.9999847412109375,0.0,5,0.00433588,5.0,17868.9,263.318,0.0158045,8.77655,15.6082,34.1831,53.9537,93.8408,116.577,111.685,108.515,105.199,102.294,98.4179,77.4244,46.4178,29.745,21.091,13.6516,8.01547,4.76701,3.06774,1.42407,-0.831446,241.727,241.716,236.348,236.348
37.327234506607056,0.0010401908308267595,0.9999847412109375,0.0,5,0.00425363,5.0,17887.9,263.631,0.00630831,8.75861,15.6157,34.1941,53.9628,122.37,114.983,110.12,106.973,103.687,100.815,96.9996,77.4367,46.3079,29.6341,20.9975,13.5829,7.97145,4.73956,3.04964,1.41545,-0.83248,242.018,241.996,236.6,236.6
37.34651708602905,0.0010401908308267595,0.9999847412109375,0.0,5,0.00415874,5.0,17907.2,263.942,-0.00348083,8.74582,15.623,34.2037,53.9685,120.751,113.388,108.554,105.432,102.176,99.3369,95.5846,77.5274,46.2251,29.5344,20.9098,13.5166,7.92834,4.71247,3.03171,1.40688,-0.83351,242.307,242.28,236.855,236.855
37.365694999694824,0.0010401908308267595,0.9999847412109375,0.0,5,0.00405955,5.0,17933.6,264.246,-0.0109683,8.71218,15.63,34.2127,53.9727,119.128,111.79,106.986,103.888,100.664,97.8585,94.169,77.6524,46.1551,29.4408,20.8256,13.4523,7.8862,4.6859,3.01409,1.39844,-0.834524,242.591,242.562,237.204,237.204
37.385849475860596,0.0010401908308267595,0.9999847412109375,0.0,5,0.00395823,5.0,17951.9,264.556,-0.0165825,8.69063,15.6369,34.2209,53.9756,117.501,110.189,105.416,102.343,99.1501,96.3784,92.7516,77.8041,46.0961,29.3528,20.745,13.3901,7.84527,4.66005,2.99693,1.39021,-0.835515,242.875,242.846,237.447,237.447
37.403753995895386,0.0010401908308267595,0.9999847412109375,0.0,5,0.00386024,5.0,17970.7,264.865,-0.0194531,8.68307,15.6436,34.2292,53.9788,115.87,108.585,103.841,100.794,97.6326,94.8948,91.3296,77.9467,46.0341,29.2644,20.6648,13.3286,7.8049,4.63458,2.98004,1.38212,-0.836487,243.159,243.132,237.695,237.695
37.42583250999451,0.0010401908308267595,0.9999847412109375,0.0,5,0.00376606,5.0,17989.3,265.173,-0.0201847,8.67113,15.6502,34.2374,53.9823,114.233,106.976,102.264,99.2411,96.1117,93.4075,89.9029,78.0785,45.9702,29.1765,20.5857,13.2682,7.76539,4.60969,2.96355,1.37423,-0.837436,243.44,243.413,237.942,237.942
37.44548535346985,0.0010401908308267595,0.9999847412109375,0.0,5,0.00367665,5.0,18008.3,265.479,-0.0191879,8.66142,15.6568,34.2459,53.9867,112.592,105.363,100.682,97.6845,94.5867,91.9161,88.4709,78.1873,45.8983,29.086,20.5056,13.2077,7.72605,4.585,2.94721,1.36643,-0.838374,243.722,243.695,238.193,238.193
37.466744899749756,0.0010401908308267595,0.9999847412109375,0.0,5,0.00358868,5.0,18034.1,265.778,-0.017211,8.63416,15.6632,34.2542,53.991,110.947,103.746,99.0963,96.1248,93.0588,90.4217,87.0354,78.2972,45.8274,28.9966,20.4267,13.1481,7.68735,4.56071,2.93115,1.35876,-0.839295,244.001,243.974,238.533,238.533
37.48611855506897,0.0010401908308267595,0.9999847412109375,0.0,5,0.00349712,5.0,18052.5,266.083,-0.0158144,8.61347,15.6693,34.2614,53.9933,109.298,102.126,97.509,94.5636,91.5298,88.9268,85.5997,78.4481,45.7749,28.9169,20.3539,13.0922,7.65066,4.53758,2.91581,1.35142,-0.840178,244.279,244.253,238.777,238.777
37.50665211677551,0.0010401908308267595,0.9999847412109375,0.0,5,0.00340486,5.0,18071.0,266.387,-0.0143019,8.60598,15.6752,34.2682,53.9948,107.644,100.503,95.9187,92.9997,89.9985,87.4296,84.1616,77.8098,45.7283,28.8404,20.2833,13.0376,7.61479,4.51492,2.90079,1.34422,-0.841044,244.56,244.533,239.022,239.022
37.526243686676025,0.0010401908308267595,0.9999847412109375,0.0,5,0.00331426,5.0,18089.5,266.69,-0.0121253,8.59505,15.681,34.2748,53.9961,105.986,98.876,94.325,91.4326,88.4643,85.9297,82.7201,76.8185,45.6845,28.7666,20.2149,12.9846,7.57991,4.49291,2.88618,1.33722,-0.841885,244.836,244.81,239.267,239.267
37.54546356201172,0.0010401908308267595,0.9999847412109375,0.0,5,0.00322509,5.0,18108.2,266.991,-0.00959405,8.5843,15.6866,34.2811,53.9972,104.322,97.2451,92.728,89.8625,86.9273,84.427,81.2754,75.7175,45.6428,28.6944,20.1479,12.9328,7.5458,4.47137,2.8719,1.33038,-0.842708,245.113,245.087,239.515,239.515
37.56415796279907,0.0007448330521583557,0.9999847412109375,0.0,5,0.00313568,5.0,18133.4,267.285,-0.00683106,8.55816,15.6918,34.2867,53.9971,102.655,95.6108,91.128,88.2899,85.3881,82.9225,79.8288,74.5592,45.6121,28.6289,20.0856,12.884,7.51345,4.45089,2.85829,1.32386,-0.843493,245.388,245.361,239.846,239.846
37.586528301239014,0.0010401908308267595,0.9999847412109375,0.0,5,0.0030427,5.0,18151.6,267.585,-0.00478723,8.53607,15.6969,34.2917,53.9956,100.983,93.9733,89.5257,86.7153,83.8474,81.4167,78.3811,73.3645,45.5942,28.5693,20.0268,12.8371,7.48211,4.43096,2.84503,1.31748,-0.844261,245.662,245.635,240.088,240.088
37.605414628982544,0.0010401908308267595,0.9999847412109375,0.0,5,0.00294948,5.0,18169.8,267.884,-0.00248705,8.5274,15.7018,34.2963,53.9936,99.3061,92.3319,87.92,85.1377,82.304,79.9086,76.9306,72.1396,45.5814,28.5128,19.9701,12.7915,7.45155,4.4115,2.83207,1.31125,-0.845012,245.938,245.911,240.33,240.33
37.626431703567505,0.0013847589492797852,0.9999847412109375,0.0,5,0.00285482,5.0,18188.0,268.182,-0.000498315,8.51636,15.7065,34.3002,53.9904,97.6248,90.6871,86.3115,83.5577,80.7587,78.3986,75.4784,70.8929,45.5792,28.4618,19.917,12.7482,7.42221,4.39275,2.81956,1.30523,-0.845739,246.211,246.183,240.571,240.571
37.64503002166748,0.002713725343346596,0.9999847412109375,0.0,5,0.00276184,5.0,18206.5,268.479,0.00214151,8.50471,15.7109,34.3036,53.9866,95.9385,89.0384,84.6997,81.9749,79.2108,76.8863,74.0235,69.6268,45.5852,28.4164,19.8681,12.7077,7.39467,4.3751,2.80777,1.29954,-0.846425,246.483,246.456,240.815,240.815
37.666489362716675,0.0032551348209381107,0.9999847412109375,0.0,5,0.00257587,5.0,18231.0,268.768,0.00409891,8.47999,15.7136,34.2974,53.9583,94.2578,87.3996,83.1014,80.4082,77.6827,75.3981,72.6003,68.4105,45.8076,28.4555,19.8609,12.6847,7.37331,4.35977,2.79702,1.29411,-0.847095,246.764,246.716,241.137,241.137
37.686370611190796,0.004485584795475006,0.9999847412109375,0.0,5,0.00228548,5.0,18248.9,269.064,-0.0180027,8.45754,15.7143,34.2796,53.9015,92.5843,85.7726,81.5186,78.8601,76.1772,73.9366,71.2112,67.2404,46.2962,28.5994,19.9067,12.6849,7.36095,4.34825,2.7882,1.28932,-0.847705,247.045,246.974,241.376,241.376
37.70527148246765,0.0067003373056650165,0.9999847412109375,0.0,5,0.0019145,5.0,18267.0,269.357,-0.0423108,8.4477,15.7132,34.2528,53.823,90.9146,84.1531,79.9461,77.3245,74.6868,72.4931,69.844,66.0884,47.0082,28.8281,19.9945,12.7032,7.35552,4.33964,2.78085,1.28503,-0.848269,247.325,247.235,241.615,241.615
37.72531795501709,0.011375798285007477,0.9999847412109375,0.0,5,0.00134873,5.0,18285.0,269.65,-0.0743231,8.43567,15.7082,34.205,53.6923,89.262,82.5581,78.4041,75.8241,73.2377,71.0975,68.5357,65.011,48.2735,29.2634,20.1834,12.7646,7.36629,4.33772,2.77682,1.28179,-0.848736,247.615,247.481,241.853,241.853
37.74708962440491,0.012458521500229837,0.9999847412109375,0.0,5,0.000443697,5.0,18303.3,269.942,-0.136117,8.42102,15.6968,34.1211,53.4728,87.6425,81.0076,76.9161,74.3852,71.8598,69.7835,67.3252,64.0559,50.6024,30.0762,20.5522,12.9002,7.40403,4.34655,2.77797,1.28012,-0.849069,247.92,247.71,242.095,242.095
37.76654529571533,0.016001953184604647,0.9999847412109375,0.0,5,-0.000752926,5.0,18327.6,270.226,-0.240388,8.39112,15.6794,34.0055,53.1772,86.05,79.4933,75.4716,72.9954,70.5376,68.5315,66.1848,63.1661,54.1735,31.2888,21.1041,13.1102,7.46911,4.3667,2.78484,1.28036,-0.849221,248.219,247.941,242.414,242.414
37.78555130958557,0.018610292673110963,0.9999847412109375,0.0,5,-0.00225925,5.0,18345.6,270.515,-0.349582,8.36022,15.6551,33.8562,52.8019,84.4861,78.0167,74.0715,71.6551,69.2707,67.3397,65.1092,62.3281,57.5928,33.0271,21.8848,13.4099,7.56692,4.40058,2.79876,1.28305,-0.849133,248.517,248.167,242.655,242.655
37.803996086120605,0.024417495727539065,0.9999847412109375,0.0,5,-0.00412059,5.0,18363.6,270.802,-0.482671,8.34012,15.6231,33.6689,52.3383,82.9545,76.5818,72.7202,70.3684,68.0623,66.2104,64.0984,61.5394,57.8263,35.5182,22.9706,13.8227,7.70424,4.45064,2.82089,1.28857,-0.848768,248.821,248.39,242.893,242.893
37.825194358825684,0.03101206421852112,0.9999847412109375,0.0,5,-0.00639701,5.0,18381.9,271.088,-0.630608,8.31436,15.5814,33.4367,51.773,81.4614,75.1955,71.4245,69.1421,66.9192,65.1497,63.1571,60.8049,57.6876,39.1923,24.4995,14.3918,7.89543,4.52298,2.85453,1.29818,-0.84799,249.125,248.6,243.135,243.135
37.845253467559814,0.04238022714853287,0.9999847412109375,0.0,5,-0.00923038,5.0,18400.6,271.369,-0.805194,8.2822,15.5274,33.147,51.0781,80.0203,73.8736,70.2019,67.9945,65.8601,64.1763,62.3042,60.1459,57.4603,44.9909,26.7345,15.1879,8.15917,4.62383,2.90241,1.31263,-0.84674,249.441,248.79,243.382,243.382
37.8664231300354,0.050943209230899816,0.9999847412109375,0.0,5,-0.0129213,5.0,18425.8,271.641,-1.0358,8.22729,15.4558,32.7725,50.1928,78.6607,72.6508,69.0907,66.9661,64.9279,63.3353,61.587,59.6153,57.2771,52.1535,30.3131,16.3701,8.53698,4.76721,2.97081,1.33373,-0.844862,249.779,248.937,243.713,243.713
37.88529825210571,0.0627541694790125,0.9999847412109375,0.0,5,-0.0176206,5.0,18445.0,271.913,-1.36895,8.16437,15.3635,32.303,49.1011,77.3942,71.5389,68.1015,66.0664,64.1301,62.6316,61.0066,59.2096,57.156,53.401,36.3958,18.1458,9.07077,4.96549,3.06498,1.36298,-0.842226,250.128,249.058,243.968,243.968
37.90516662597656,0.07308872379362584,0.9999847412109375,0.0,5,-0.0233414,5.0,18464.5,272.176,-1.76431,8.10407,15.2494,31.7416,47.8216,76.217,70.5304,67.2234,65.2814,63.4486,62.0433,60.5363,58.8973,57.0759,54.012,47.5426,20.844,9.81355,5.23339,3.19141,1.40251,-0.838615,250.465,249.162,244.227,244.227
37.92597270011902,0.08711414933204652,0.9999847412109375,0.0,5,-0.0300066,5.0,18484.9,272.43,-2.22562,8.03022,15.114,31.1005,46.394,75.1159,69.607,66.4335,64.5848,62.8533,61.5368,60.1386,58.6388,57.0065,54.3918,50.4308,25.0526,10.8326,5.58628,3.35627,1.45425,-0.833835,250.781,249.262,244.496,244.496
37.94683837890625,0.10556860119104386,0.9999847412109375,0.0,5,-0.0375202,5.0,18506.1,272.673,-2.70343,7.94019,14.9582,30.394,44.86,74.0762,68.7491,65.7086,63.9506,62.3156,61.0817,59.7819,58.4031,56.9258,54.6327,51.4809,32.014,12.225,6.04211,3.56588,1.51988,-0.827726,251.061,249.347,244.775,244.775
37.965397119522095,0.11885577589273454,0.9999847412109375,0.0,5,-0.0460656,5.0,18534.3,272.894,-3.23408,7.81334,14.779,29.6137,43.2092,73.1101,67.9695,65.0617,63.3923,61.8495,60.6928,59.483,58.2111,56.865,54.8208,52.1538,44.0792,14.1983,6.63738,3.83254,1.6022,-0.820074,251.318,249.38,245.146,245.146
37.985384941101074,0.12230059541761876,0.9999847412109375,0.0,5,-0.0556197,5.0,18555.7,273.105,-3.85721,7.6707,14.5763,28.7692,41.471,72.2093,67.2569,64.4794,62.8951,61.4394,60.3542,59.226,58.0486,56.8141,54.9692,52.6384,47.0169,17.0814,7.41438,4.16872,1.70388,-0.810669,251.565,249.399,245.432,245.432
38.00570249557495,0.12230059541761876,0.9999847412109375,0.0,5,-0.065635,5.0,18575.8,273.306,-4.48193,7.52362,14.3573,27.9056,39.7475,71.3207,66.5491,63.8939,62.3882,61.0114,59.9899,58.9331,57.8366,56.6954,55.009,52.9228,48.274,21.3039,8.4003,4.57992,1.8262,-0.79936,251.78,249.478,245.699,245.699
38.02754044532776,0.12230059541761876,0.9999847412109375,0.0,5,-0.0755663,5.0,18594.9,273.502,-5.00688,7.35893,14.1287,27.0598,38.1139,70.3979,65.7936,63.2495,61.814,60.5069,59.5409,58.5454,57.5173,56.4531,54.8936,52.9916,48.9284,27.5548,9.61819,5.06905,1.96987,-0.786037,251.939,249.619,245.952,245.952
38.04560899734497,0.12230059541761876,0.9999847412109375,0.0,5,-0.0850804,5.0,18612.2,273.696,-5.36511,7.17947,13.8939,26.2485,36.5983,69.4165,64.9643,62.52,61.1467,59.9007,58.9829,58.04,57.0698,56.0698,54.6136,52.8555,49.1968,36.9951,11.0951,5.63929,2.13547,-0.770629,252.056,249.805,246.182,246.182
38.064013957977295,0.12230059541761876,0.9999847412109375,0.0,5,-0.0942273,5.0,18634.2,273.884,-5.59785,6.96768,13.6519,25.4639,35.1773,68.3845,64.0721,61.7183,60.4011,59.2095,58.3344,57.4376,56.5177,55.5727,54.2035,52.563,49.2104,40.1974,12.885,6.29875,2.32371,-0.753129,252.171,250.001,246.473,246.473
38.08555889129639,0.13293031603097916,0.9999847412109375,0.0,5,-0.103154,5.0,18647.3,274.079,-5.74469,6.75522,13.4004,24.6934,33.8208,67.3195,63.1348,60.8647,59.5988,58.4568,57.6201,56.7647,55.8895,54.9931,53.6994,52.159,49.0529,41.3411,15.0744,7.06112,2.53621,-0.733471,252.304,250.192,246.65,246.65
38.10516285896301,0.14779222160577773,0.9999847412109375,0.0,5,-0.112008,5.0,18659.3,274.271,-5.809,6.55001,13.1376,23.9271,32.5056,66.2432,62.1675,59.9759,58.7578,57.6616,56.8602,56.0426,55.208,54.3553,53.1289,51.676,48.777,41.9139,17.7862,7.94237,2.77435,-0.711634,252.416,250.332,246.808,246.808
38.126298666000366,0.15945535935461522,0.9999847412109375,0.0,5,-0.121046,5.0,18672.1,274.455,-5.87175,6.33902,12.8607,23.1514,31.203,65.1763,61.1928,59.0761,57.9033,56.8502,56.0819,55.2996,54.5025,53.69,52.5249,51.1506,48.432,42.2043,21.2345,8.96858,3.04041,-0.687573,252.524,250.415,246.977,246.977
38.144312620162964,0.17987812906503678,0.7254791259765625,0.0,5,-0.130355,5.0,18685.7,274.63,-5.96906,6.12315,12.5691,22.3633,29.9062,64.1257,60.2171,58.1723,57.0426,56.0304,55.2933,54.544,53.782,53.0068,51.8981,50.5952,48.0365,42.3167,25.7266,10.1673,3.3363,-0.661258,252.645,250.483,247.155,247.155
38.16390299797058,0.18411031402647496,0.3803863525390625,0.0,5,-0.140051,5.0,18559.9,274.625,-6.09888,5.88202,12.2619,21.5593,28.6079,63.1009,59.2486,57.2732,56.1848,55.2116,54.5041,53.786,53.0569,52.3165,51.2601,50.0228,47.6079,42.3112,30.2552,11.5767,3.66451,-0.632648,252.691,250.454,245.516,245.516
38.18531060218811,0.18839170932769778,0.0,0.0,5,-0.150026,5.0,18377.5,274.291,-6.2438,5.63523,11.9404,20.7461,27.3194,62.0957,58.2799,56.3709,55.3218,54.3855,53.706,53.0172,52.319,51.6111,50.6032,49.4261,47.1409,42.2041,32.0228,13.233,4.02671,-0.601707,252.606,250.307,243.12,243.12
38.20426678657532,0.19272231496870518,0.0,0.0,5,-0.160505,5.0,18155.0,273.579,-6.44554,5.38259,11.6034,19.9169,26.0276,61.1307,57.3284,55.4836,54.4723,53.5713,52.9183,52.2574,51.5883,50.9109,49.9483,48.8271,46.6603,42.0375,33.0257,15.2072,4.42621,-0.568436,252.266,249.896,241.632,238.761
38.22553753852844,0.2060093939304352,0.0,0.0,5,-0.172353,5.0,18090.0,272.712,-6.92883,5.11902,11.2446,19.0453,24.6854,60.2771,56.4515,54.6705,53.6964,52.83,52.2029,51.569,50.9282,50.2802,49.361,48.2928,46.2369,41.8966,33.7541,17.6749,4.87173,-0.532833,251.723,249.133,241.003,237.65
38.24362349510193,0.2197393659502268,0.0,0.0,5,-0.185522,5.0,18028.4,271.828,-7.65361,4.85164,10.866,18.1413,23.3127,59.5353,55.6564,53.9207,52.9829,52.15,51.548,50.9401,50.3262,49.7063,48.8282,47.8099,45.8572,41.7708,34.3147,20.8222,5.36918,-0.494814,251.046,248.187,240.357,236.666
38.26617503166199,0.22441444396972657,0.0,0.0,5,-0.199727,5.0,17965.5,270.926,-8.5498,4.57152,10.4709,17.2213,21.9386,58.8875,54.9401,53.2092,52.3061,51.5053,50.9271,50.3438,49.7554,49.1619,48.3224,47.3507,45.4929,41.6342,34.7383,23.6202,5.92328,-0.454309,250.285,247.182,239.656,235.705
38.285271644592285,0.22441444396972657,0.0,0.0,5,-0.214477,5.0,17901.9,270.009,-9.50349,4.28948,10.0634,16.3038,20.5955,58.2979,54.272,52.5121,51.6307,50.8599,50.3041,49.7438,49.1793,48.6103,47.8066,46.8778,45.107,41.4518,35.0239,25.2355,6.53694,-0.411231,249.479,246.209,238.894,234.786
38.304370164871216,0.22441444396972657,0.0,0.0,5,-0.22922,5.0,17837.8,269.083,-10.3907,4.00224,9.64721,15.4038,19.3093,57.723,53.6155,51.8242,50.9309,50.1799,49.6448,49.1059,48.5633,48.0171,47.2463,46.3568,44.6651,41.1923,35.1631,26.3006,7.21066,-0.365529,248.623,245.29,238.062,233.921
38.32430028915405,0.22441444396972657,0.0,0.0,5,-0.243594,5.0,17773.7,268.153,-11.1224,3.71493,9.22426,14.5277,18.0909,57.1318,52.9446,51.1231,50.2157,49.4555,48.9309,48.4117,47.8894,47.3641,46.6235,45.7701,44.1506,40.8421,35.1593,27.0096,7.94449,-0.317193,247.717,244.409,237.186,233.102
38.34717631340027,0.21511349827051163,0.0,0.0,5,-0.257458,5.0,17710.0,267.224,-11.6796,3.42519,8.79443,13.6739,16.9388,24.1532,52.2484,50.3988,49.4784,48.7079,48.1765,47.66,47.1552,46.6491,45.9365,45.1164,43.5633,40.4042,35.0282,27.4613,8.74028,-0.266173,246.788,243.557,236.295,232.308
38.364081621170044,0.21053684093058112,0.0,0.0,5,-0.270605,5.0,17648.5,266.302,-12.0267,3.14562,8.35827,12.8426,15.8553,22.0192,51.5095,49.6357,48.7043,47.9251,47.3879,46.8661,46.3592,45.8662,45.1795,44.3903,42.8985,39.8767,34.7766,27.7058,9.59676,-0.212499,245.879,242.774,235.395,231.578
38.38548398017883,0.21053684093058112,0.0,0.0,5,-0.282826,5.0,17587.8,265.396,-12.1267,2.86624,7.91583,12.033,14.8422,20.4535,50.7102,48.8177,47.8781,47.0925,46.5511,46.0255,45.5151,45.0193,44.3479,43.5875,42.1529,39.2582,34.4099,27.7744,10.5111,-0.156168,244.954,242.029,234.485,230.881
38.40513491630554,0.21053684093058112,0.501953125,0.0,5,-0.294182,5.0,17528.5,264.504,-12.0157,2.57905,7.46614,11.2393,13.8937,19.1788,49.8529,47.9472,47.0021,46.2124,45.6685,45.1407,44.6283,44.1307,43.4579,42.7183,41.3375,38.5619,33.9464,27.7014,11.4755,-0.0972243,244.026,241.295,233.597,230.197
38.425493001937866,0.21053684093058112,0.9999847412109375,0.0,5,-0.304503,5.0,17786.5,263.993,-11.6671,2.30392,7.00892,10.4619,13.0125,18.1582,48.9216,47.0101,46.063,45.2721,44.7277,44.1995,43.687,43.1894,42.517,41.7812,40.4497,37.7867,33.389,27.5013,12.3018,-0.0356624,243.164,240.644,235.276,235.276
38.44537329673767,0.21053684093058112,0.9999847412109375,0.0,5,-0.313796,5.0,18058.5,263.897,-11.1044,2.05034,6.54287,9.72144,12.1975,17.4022,47.9132,46.0033,45.058,44.2691,43.7262,43.1998,42.689,42.1934,41.5238,40.7915,39.4945,36.9393,32.748,27.1921,12.9439,0.0285568,242.584,240.269,238.819,238.819
38.46532917022705,0.21053684093058112,0.9999847412109375,0.0,5,-0.322535,5.0,18073.6,264.056,-10.4844,1.82039,6.0655,9.01892,11.4365,16.9491,46.8606,44.9571,44.0157,43.2306,42.6906,42.1671,41.6594,41.1669,40.5017,39.7745,38.4982,36.0468,32.0522,26.8067,13.4422,0.0954545,242.377,240.195,239.078,239.078
38.485520362854004,0.21053684093058112,0.9999847412109375,0.0,5,-0.33032,5.0,18058.7,264.257,-9.67998,1.61998,5.57769,8.36256,10.7472,50.1573,45.7326,43.8431,42.9096,42.1313,41.5962,41.0777,40.5749,40.0874,39.4291,38.7097,37.4484,35.0949,31.2898,26.3383,13.8111,0.164995,242.355,240.336,238.881,238.881
38.506884813308716,0.2197393659502268,0.9999847412109375,0.0,5,-0.33713,5.0,18048.9,264.468,-8.71689,1.42053,5.07924,7.75672,10.1402,48.9087,44.5279,42.6606,41.7387,40.9705,40.4425,39.931,39.4352,38.9545,38.3057,37.5969,36.3549,34.0882,30.4668,25.7961,14.0673,0.237099,242.414,240.59,238.746,238.746
38.525981187820435,0.22913873232901097,0.9999847412109375,0.0,5,-0.343471,5.0,18046.6,264.68,-7.73101,1.2141,4.58324,7.20084,9.61671,47.6117,43.2857,41.4449,40.5367,39.7804,39.2607,38.7573,38.2696,37.7968,37.1589,36.4623,35.2421,33.0527,29.609,25.2058,14.2322,0.311665,242.508,240.832,238.71,238.71
38.543869972229004,0.23873494006693363,0.9999847412109375,0.0,5,-0.341524,5.0,18051.8,264.871,-6.86775,1.09326,4.12625,6.68751,9.16204,46.3744,42.0929,40.2745,39.3782,38.6321,38.1197,37.6235,37.1429,36.6771,36.0489,35.3631,34.1626,32.0366,28.7625,24.6096,14.3331,0.388424,242.717,241.023,238.775,238.775
38.565070152282715,0.24360685944557192,0.9999847412109375,0.0,5,-0.306172,5.0,18065.0,265.012,-6.52776,1.12743,3.70764,6.19689,8.72213,45.3982,41.1098,39.2938,38.3997,37.656,37.1456,36.6515,36.1732,35.7098,35.0852,34.4037,33.2116,31.1189,28.0005,24.0723,14.4067,0.460503,243.161,241.018,238.947,238.947
38.58369469642639,0.2485279891639948,0.9999847412109375,0.0,5,-0.27342,5.0,18051.6,265.132,-6.83048,1.40405,3.32769,5.72766,8.28168,44.7594,40.3948,38.5541,37.6495,36.898,36.3825,35.884,35.4015,34.9346,34.3054,33.6196,32.4215,30.3232,27.3356,23.6045,14.4641,0.52453,243.749,240.823,238.793,238.793
38.605088233947754,0.25851787962019446,0.9999847412109375,0.0,5,-0.240789,5.0,18028.3,265.263,-7.41387,1.74728,2.99434,5.32157,7.96144,44.233,39.7661,37.8912,36.9717,36.2088,35.686,35.1807,34.6922,34.2196,33.5834,32.8906,31.6819,29.57,26.6731,23.1248,14.4725,0.580414,244.038,240.697,238.486,238.486
38.62519717216492,0.2687046114355326,0.9999847412109375,0.0,5,-0.205137,5.0,18006.6,265.399,-7.29501,2.25233,2.71737,5.03237,7.99312,43.5095,38.9795,37.0864,36.1598,35.3917,34.8659,34.3581,33.8674,33.393,32.7549,32.0606,30.8507,28.7413,25.914,22.5495,14.3967,0.627941,243.935,240.784,238.194,238.194
38.646512508392334,0.2896685991436243,0.9999847412109375,0.0,5,-0.168484,5.0,18057.7,265.449,-7.08782,2.63695,2.49646,4.85866,8.69181,42.7668,38.1764,36.2667,35.3338,34.5615,34.0332,33.5234,33.031,32.5554,31.9161,31.2211,30.0117,27.9076,25.1236,21.9362,14.2661,0.666922,243.873,240.86,238.847,238.847
38.66556525230408,0.30044585503637794,0.9999847412109375,0.0,5,-0.133159,5.0,18056.6,265.524,-7.37054,3.01469,2.33272,4.80542,53.7621,42.2258,37.5274,35.5837,34.6365,33.8534,33.3184,32.8025,32.3048,31.8243,31.1791,30.4784,29.261,27.1487,24.3676,21.337,14.1068,0.697077,243.953,240.675,238.847,238.847
38.684653759002686,0.3059082984924317,0.9999847412109375,0.0,5,-0.0975289,5.0,18052.1,265.588,-7.6009,3.46617,2.23501,4.9505,53.7267,41.7171,36.8991,34.9179,33.955,33.1602,32.6178,32.0953,31.5916,31.1058,30.4541,29.7473,28.5212,26.3999,23.6183,20.7087,13.9009,0.718288,243.96,240.549,238.787,238.787
38.705928564071655,0.31141995228827,0.9999847412109375,0.0,5,-0.062288,5.0,18079.1,265.591,-7.87447,3.92999,2.20771,5.39182,53.896,41.3038,36.3384,34.3107,33.3281,32.5184,31.9666,31.4355,30.9242,30.4314,29.7712,29.056,27.8178,25.6824,22.895,20.0646,13.6566,0.730576,243.994,240.436,239.132,239.132
38.726736307144165,0.31141995228827,0.9999847412109375,0.0,5,-0.0287409,5.0,18074.8,265.585,-8.41149,4.50661,2.25484,6.37975,54.5451,41.1284,35.9499,33.8527,32.8401,32.0075,31.441,30.8965,30.3728,29.8688,29.1943,28.4649,27.2049,25.0402,22.23,19.4269,13.3856,0.733978,244.125,240.22,239.088,239.088
38.74506497383118,0.31141995228827,0.9999847412109375,0.0,5,0.00351262,5.0,18066.2,265.545,-9.02634,5.24043,2.38347,100.432,55.6731,41.1644,35.7071,33.5189,32.4668,31.6039,31.0178,30.4554,29.9152,29.3961,28.7024,27.9537,26.6637,24.4573,21.6109,18.7928,13.0841,0.728739,244.244,240.009,238.977,238.977
38.765440702438354,0.316980816423893,0.9999847412109375,0.0,5,0.0353272,5.0,18049.2,265.493,-9.50363,6.11891,2.60402,103.472,57.1694,41.3244,35.5395,33.2458,32.1482,31.2504,30.642,30.059,29.5001,28.9637,28.2482,27.4775,26.1534,23.9,21.0129,18.175,12.7462,0.715117,244.237,239.85,238.759,238.759
38.78551173210144,0.316980816423893,0.9999847412109375,0.0,5,0.0672798,5.0,18033.3,265.417,-9.58335,7.18703,2.92998,106.159,58.9412,41.537,35.3911,32.984,31.8379,30.9033,30.2713,29.6669,29.0883,28.534,27.796,27.0027,25.6441,23.3439,20.4182,17.5644,12.3699,0.693417,244.07,239.721,238.545,238.545
38.80351901054382,0.316980816423893,0.9999847412109375,0.0,5,0.0976453,5.0,18023.7,265.293,-9.6578,8.42868,3.36909,109.239,61.5863,42.0561,35.4374,32.8828,31.6738,30.6914,30.0288,29.3964,28.7923,28.2146,27.4471,26.6243,25.2201,22.8569,19.8762,16.9945,11.9695,0.664056,244.081,239.539,238.414,238.414
38.825376749038696,0.316980816423893,0.9999847412109375,0.0,5,0.127207,5.0,17992.7,265.188,-9.80334,9.71881,3.94529,112.892,65.1198,42.8128,35.6167,32.8857,31.6022,30.5632,29.8647,29.1995,28.5654,27.9604,27.1586,26.3014,24.8443,22.4083,19.3644,16.4499,11.5403,0.627293,244.026,239.371,238.036,238.036
38.84439206123352,0.316980816423893,0.9999847412109375,0.0,5,0.158258,5.0,17972.1,265.097,-9.31795,11.1308,4.71092,116.302,68.7924,43.4312,35.666,32.7692,31.417,30.3268,29.596,28.9017,28.2413,27.6125,26.7811,25.8948,24.394,21.9013,18.8142,15.886,11.0704,0.583391,243.727,239.414,237.732,237.732
38.86648488044739,0.316980816423893,0.9999847412109375,0.0,5,0.187848,5.0,17973.7,264.949,-8.75719,12.6613,5.69089,120.577,74.0799,44.432,35.9287,32.8208,31.3817,30.2269,29.4553,28.7243,28.0307,27.3719,26.5032,25.5801,24.024,21.4582,18.3126,15.3604,10.5796,0.532708,243.681,239.359,237.741,237.741
38.88664960861206,0.316980816423893,0.9999847412109375,0.0,5,0.215187,5.0,17961.7,264.821,-8.89297,13.9937,6.63264,126.291,80.418,46.0898,36.552,33.1544,31.5968,30.3538,29.5268,28.7458,28.0072,27.3075,26.3881,25.4148,23.7826,21.1149,17.8832,14.8873,10.0959,0.475375,243.751,239.158,237.665,237.665
38.90512204170227,0.316980816423893,0.9999847412109375,0.0,5,0.24367,5.0,17932.1,264.755,-8.54322,15.435,7.47844,131.776,84.5235,47.7369,37.0889,33.3972,31.722,30.3929,29.5124,28.6835,27.902,27.164,26.1973,25.1778,23.4773,20.7217,17.4224,14.4003,9.62632,0.411578,243.511,239.17,237.199,237.199
38.92703604698181,0.316980816423893,0.9999847412109375,0.0,5,0.273716,5.0,17946.4,264.693,-7.9916,16.5394,8.25708,136.27,87.1536,49.1516,37.4108,33.4489,31.6689,30.2646,29.3379,28.4685,27.6511,26.8814,25.8762,24.8201,23.0671,20.2494,16.912,13.8887,9.16734,0.341366,243.173,239.317,237.373,237.373
38.9453980922699,0.316980816423893,0.9999847412109375,0.0,5,0.273337,5.0,17964.2,264.685,-7.67521,17.1962,8.97594,140.151,88.9947,50.4819,37.6111,33.3877,31.5093,30.0356,29.0671,28.1612,27.3121,26.5147,25.4766,24.3897,22.5944,19.7312,16.3752,13.3669,8.72054,0.267003,242.947,239.442,237.612,237.612
38.96569585800171,0.316980816423893,0.9999847412109375,0.0,5,0.262358,5.0,17991.7,264.736,-7.36432,17.4219,9.66522,70.2069,89.9094,51.3293,37.4799,33.0532,31.1026,29.5799,28.583,27.6531,26.7837,25.9693,24.912,23.8086,21.9937,19.1192,15.7805,12.8151,8.27892,0.195345,242.724,239.606,237.948,237.948
38.98548173904419,0.316980816423893,0.9999847412109375,0.0,5,0.253687,5.0,18045.9,264.821,-7.09372,17.1408,10.3398,67.4014,90.0229,51.5315,36.9592,32.4086,30.4194,28.8734,27.8643,26.9254,26.0496,25.2309,24.1705,23.0667,21.2579,18.4094,15.1262,12.2321,7.83999,0.126268,242.521,239.792,238.663,238.663
39.00509476661682,0.316980816423893,0.9999847412109375,0.0,5,0.246648,5.0,18111.4,264.938,-6.86989,16.4657,11.0017,66.6731,89.595,51.1901,36.128,31.5214,29.5219,27.9737,26.9661,26.0304,25.1593,24.3465,23.2957,22.2046,20.422,17.6288,14.4298,11.6279,7.40426,0.0592414,242.379,239.977,239.523,239.523
39.026246786117554,0.316980816423893,0.9999847412109375,0.0,5,0.240434,5.0,18176.0,265.079,-6.70807,15.5578,11.6446,66.9136,88.8928,50.5447,35.1222,30.499,28.5056,26.9676,25.9692,25.0439,24.184,23.383,22.3495,21.2785,19.5338,16.8124,13.714,11.016,6.97374,-0.00607228,242.305,240.158,240.39,240.39
39.04702281951904,0.316980816423893,0.9999847412109375,0.0,5,0.234653,5.0,18198.2,265.272,-6.54861,14.6056,12.2663,68.4253,88.0412,49.7205,34.0096,29.3941,27.4172,25.8974,24.9132,24.0028,23.1583,22.3729,21.3613,20.3153,18.616,15.9769,12.9895,10.4025,6.54917,-0.0698703,242.292,240.344,240.719,240.719
39.063716411590576,0.316980816423893,0.9999847412109375,0.0,5,0.228965,5.0,18197.9,265.482,-6.24685,13.7799,12.8616,145.006,87.1462,48.8515,32.8559,28.2572,26.3011,24.8027,23.8349,22.9415,22.1143,21.3462,20.3589,19.3401,17.6897,15.1382,12.2664,9.7936,6.13207,-0.132164,242.349,240.568,240.682,240.682
39.084455251693726,0.316980816423893,0.9999847412109375,0.0,5,0.221802,5.0,18224.7,265.634,-6.1966,13.0044,13.3969,145.805,86.6975,48.6909,31.9872,27.3264,25.3624,23.8654,22.9019,22.0148,21.1954,20.4363,19.463,18.4615,16.8452,14.361,11.5861,9.21428,5.72904,-0.192837,242.542,240.764,241.071,241.071
39.10560870170593,0.316980816423893,0.9999847412109375,0.0,5,0.212488,5.0,18213.9,265.795,-6.48246,12.4074,13.8543,66.1251,86.9501,49.7811,31.5763,26.717,24.6967,23.1675,22.1882,21.2899,20.463,19.6993,18.7235,17.7234,16.1178,13.6699,10.9638,8.6736,5.34302,-0.251686,242.877,240.868,240.93,240.93
39.123534202575684,0.316980816423893,0.9999847412109375,0.0,5,0.201364,5.0,18211.4,265.919,-7.04462,11.9266,14.2391,61.3118,87.8796,52.4433,31.6279,26.4117,24.2824,22.6858,21.67,20.7428,19.8931,19.1117,18.1177,17.1042,15.4879,13.0493,10.3887,8.16508,4.97296,-0.308555,243.249,240.896,240.891,240.891
39.145471811294556,0.316980816423893,0.9999847412109375,0.0,5,0.189255,5.0,18213.4,266.027,-7.77489,11.481,14.5686,57.8851,89.3068,56.7639,32.0617,26.3281,24.0417,22.3471,21.2778,20.3076,19.4234,18.6144,17.5909,16.5537,14.913,12.468,9.84095,7.67716,4.61677,-0.363265,243.536,240.883,240.917,240.917
39.1671416759491,0.31141995228827,0.9999847412109375,0.0,5,0.177369,5.0,18216.4,266.129,-8.36996,11.0673,14.8694,55.3473,90.8628,59.9085,32.6585,26.293,23.823,22.0168,20.8875,19.8698,18.9481,18.1094,17.0548,15.9933,14.3287,11.8809,9.29354,7.19461,4.27138,-0.415692,243.683,240.891,240.955,240.955
39.18513751029968,0.3059082984924317,0.9999847412109375,0.0,5,0.165916,5.0,18241.5,266.208,-8.82292,10.6209,15.1472,53.3344,92.4761,62.0415,33.4043,26.2777,23.5989,21.6695,20.4756,19.4078,18.4471,17.5784,16.4931,15.4087,13.7242,11.2815,8.74326,6.71613,3.93686,-0.465782,243.774,240.961,241.274,241.274
39.205408573150635,0.3059082984924317,0.9999847412109375,0.0,5,0.154607,5.0,18258.5,266.293,-9.23009,10.1521,15.3975,51.5756,94.2754,63.7167,34.4635,26.3557,23.4231,21.3481,20.0793,18.9542,17.9498,17.0478,15.9291,14.8204,13.1158,10.6814,8.19751,6.24625,3.61433,-0.513535,243.849,241.045,241.506,241.506
39.22512698173523,0.3059082984924317,0.9999847412109375,0.0,5,0.143571,5.0,18267.7,266.386,-9.54069,9.68869,15.6239,50.0358,96.2263,65.0355,35.9148,26.5266,23.2863,21.0408,19.6866,18.4975,17.4451,16.5072,15.3535,14.2203,12.4975,10.0773,7.65518,5.78486,3.30408,-0.558904,243.894,241.12,241.631,241.631
39.24374556541443,0.3059082984924317,0.9999847412109375,0.0,5,0.132914,5.0,18273.0,266.483,-9.71289,9.24542,15.8297,48.691,98.2912,66.0481,37.882,26.7916,23.1787,20.7353,19.2849,18.0255,16.9217,15.9464,14.7575,13.6011,11.8644,9.46695,7.11574,5.33212,3.00636,-0.601869,243.92,241.205,241.704,241.704
39.26396703720093,0.3059082984924317,0.9999847412109375,0.0,5,0.122484,5.0,18275.9,266.581,-9.79221,8.82246,16.0124,47.4682,100.565,66.8625,40.7574,27.2408,23.152,20.4672,18.9031,17.5623,16.4003,15.3837,14.1569,12.9766,11.2275,8.85846,6.58477,4.89166,2.7223,-0.642379,243.954,241.295,241.744,241.744
39.28678798675537,0.3059082984924317,0.9999847412109375,0.0,5,0.112465,5.0,18270.4,266.692,-9.75928,8.41863,16.1766,46.3878,102.862,67.4528,44.9617,27.8785,23.1851,20.2111,18.5162,17.0848,15.86,14.8001,13.5354,12.3333,10.5775,8.24719,6.06054,4.46295,2.45192,-0.680435,243.989,241.399,241.68,241.68
39.30548858642578,0.3059082984924317,0.9999847412109375,0.0,5,0.103122,5.0,18265.3,266.812,-9.54406,8.03762,16.3283,45.4849,104.893,67.7684,47.927,28.6606,23.2196,19.9146,18.0783,16.5532,15.2665,14.1664,12.8697,11.6528,9.90258,7.62771,5.54147,4.04584,2.19546,-0.716002,244.018,241.536,241.606,241.606
39.32529306411743,0.3059082984924317,0.9999847412109375,0.0,5,0.0942995,5.0,18264.8,266.934,-9.20816,7.66129,16.465,44.7098,106.727,67.8834,49.4921,29.7268,23.3107,19.6102,17.6146,15.9887,14.6386,13.4997,12.1751,10.9494,9.21483,7.00928,5.03357,3.64392,1.9538,-0.749085,244.061,241.696,241.598,241.598
39.34637260437012,0.3059082984924317,0.9999847412109375,0.0,5,0.0856406,5.0,18266.2,267.056,-8.82998,7.30575,16.5803,43.9842,108.565,67.9468,50.5756,31.4737,23.6273,19.3988,17.2015,15.4523,14.027,12.8434,11.4877,10.2528,8.53673,6.40618,4.54489,3.26151,1.72775,-0.779712,244.139,241.863,241.615,241.615
39.36743378639221,0.3059082984924317,0.9999847412109375,0.0,5,0.0756318,5.0,18270.7,267.142,-8.57473,7.08903,16.6446,43.0136,111.364,68.5054,51.947,36.0521,25.1042,19.8367,17.2525,15.2649,13.689,12.4088,10.9736,9.69397,7.95826,5.86926,4.10137,2.91206,1.52062,-0.807765,244.348,241.982,241.671,241.671
39.38648319244385,0.3059082984924317,0.9999847412109375,0.0,5,0.0640246,5.0,18270.3,267.221,-8.75403,6.88094,16.6548,41.7866,115.33,69.732,53.6246,42.5409,29.1406,21.4997,18.1095,15.6439,13.77,12.298,10.6982,9.3151,7.50089,5.4067,3.70613,2.59709,1.33295,-0.833182,244.617,242.0,241.708,241.708
39.405866384506226,0.3059082984924317,0.9999847412109375,0.0,5,0.0525796,5.0,18236.9,267.34,-8.79717,6.81354,16.6453,40.6396,119.363,71.1357,54.9946,45.4938,37.3014,24.6267,19.7283,16.4563,14.1162,12.3596,10.527,9.00299,7.08401,4.97439,3.33886,2.30748,1.16357,-0.855855,244.784,242.046,241.235,241.235
39.42544412612915,0.3059082984924317,0.9999847412109375,0.0,5,0.0421903,5.0,18236.9,267.437,-8.60412,6.72458,16.6326,39.7002,122.852,72.3938,55.8694,47.216,41.2002,30.1414,22.283,17.6757,14.6483,12.507,10.3835,8.69737,6.67019,4.5563,2.99427,2.04164,1.01252,-0.875747,244.835,242.167,241.225,241.225
39.446083784103394,0.30044585503637794,0.9999847412109375,0.0,5,0.0326363,5.0,18266.6,267.518,-8.35641,6.54611,16.6131,38.9116,125.906,73.5447,56.3959,48.3076,43.106,36.9488,26.8688,19.686,15.5344,12.8297,10.3164,8.43045,6.28104,4.16602,2.67967,1.80314,0.88019,-0.892939,244.849,242.323,241.615,241.615
39.468159675598145,0.2790881846100092,0.9999847412109375,0.0,5,0.02165,5.0,18289.6,267.566,-8.2673,6.47269,16.548,37.9313,130.047,75.5874,57.2392,49.6576,45.0314,40.2529,35.7423,25.6293,18.268,14.1926,10.8158,8.50485,6.07464,3.87108,2.42245,1.60374,0.768202,-0.907528,245.027,242.441,241.914,241.914
39.48433184623718,0.2635866403579712,0.9999847412109375,0.0,5,0.00761479,5.0,18304.9,267.589,-8.85399,6.46413,16.4111,36.5686,136.433,79.6475,58.9325,51.692,47.534,43.5201,40.2791,36.3993,29.637,19.3211,12.9919,9.45409,6.26099,3.74189,2.24881,1.45538,0.679732,-0.919285,245.517,242.473,242.121,242.121
39.5038800239563,0.25349832922220233,0.9999847412109375,0.0,5,-0.00711757,5.0,18239.3,267.683,-9.41242,6.74185,16.2448,35.1964,143.477,85.1132,61.1991,53.6619,49.8293,46.2508,43.5054,40.5176,37.1194,32.7709,19.1453,11.8261,6.89084,3.76075,2.14856,1.35414,0.614965,-0.928043,245.887,242.517,241.286,241.286
39.52642250061035,0.2485279891639948,0.9999847412109375,0.0,5,-0.0195506,5.0,18218.8,267.763,-9.2787,7.1171,16.095,34.1527,149.059,89.7509,63.1332,54.9005,51.2257,47.8985,45.4005,42.7628,39.9257,36.7706,31.0744,16.5619,7.93802,3.89311,2.11295,1.29899,0.575372,-0.93353,245.925,242.756,240.995,240.995
39.54446744918823,0.24360685944557192,0.9999847412109375,0.0,5,-0.0297387,5.0,18216.9,267.857,-8.66135,7.44364,15.9583,33.3796,153.163,93.1895,64.5928,55.7037,51.908,48.7501,46.4067,43.9683,41.4042,38.6633,34.3225,26.9352,9.61537,4.17352,2.1553,1.29571,0.561746,-0.935795,245.826,243.065,240.959,240.959
39.56839323043823,0.24360685944557192,0.9999847412109375,0.0,5,-0.0395177,5.0,18233.8,267.926,-7.85415,7.81957,15.8066,32.657,157.185,96.5328,66.1944,56.5758,52.5201,49.399,47.1776,44.8887,42.5149,40.0305,36.2792,31.2501,12.882,4.72627,2.30748,1.35508,0.575003,-0.934965,245.855,243.385,241.168,241.168
39.587846517562866,0.23873494006693363,0.9999847412109375,0.0,5,-0.0530899,5.0,18266.5,267.932,-7.8686,8.22903,15.5796,31.5542,164.87,102.576,70.0012,58.9778,54.4218,50.9839,48.786,46.6409,44.4421,42.177,38.8599,34.7549,24.0489,6.00504,2.66204,1.50768,0.619987,-0.930914,246.296,243.305,241.595,241.595
39.608606576919556,0.22441444396972657,0.9999847412109375,0.0,5,-0.0694459,5.0,18219.2,267.995,-8.56283,8.77739,15.2975,30.2351,176.585,110.749,76.4806,63.0946,57.7213,53.7262,51.1998,48.9037,46.7958,44.6981,41.6797,38.0758,30.5155,8.7006,3.28618,1.76925,0.69864,-0.923576,246.736,243.094,241.031,241.031
39.62551522254944,0.2060093939304352,0.9999847412109375,0.0,5,-0.0837057,5.0,18202.2,268.059,-8.67978,9.41901,15.0262,29.157,188.394,117.725,82.7065,67.335,61.0407,56.4338,53.5518,50.9536,48.5993,46.4564,43.6211,40.2975,33.6782,13.6185,4.17641,2.13442,0.811348,-0.912711,246.771,243.285,240.769,240.769
39.64563202857971,0.19272231496870518,0.9999847412109375,0.0,5,-0.0948437,5.0,18213.8,268.146,-8.26373,9.86288,14.7762,28.3617,78.1066,122.69,87.2216,70.9211,63.7468,58.5715,55.366,52.497,49.9142,47.5771,44.6556,41.5169,35.4138,20.8425,5.32693,2.59679,0.95627,-0.898482,246.633,243.705,240.907,240.907
39.667683601379395,0.18839170932769778,0.9999847412109375,0.0,5,-0.104531,5.0,18243.1,268.235,-7.55431,10.2176,14.5262,27.6911,68.2829,126.741,90.964,74.3333,66.3193,60.5569,57.0234,53.8832,51.0745,48.5477,45.4083,42.2767,36.5429,24.1542,6.80671,3.16598,1.13235,-0.881204,246.581,244.137,241.288,241.288
39.68629765510559,0.17987812906503678,0.9999847412109375,0.0,5,-0.118396,5.0,18281.4,268.259,-7.56454,10.7391,14.2096,26.7095,57.9863,133.843,97.6343,80.5941,71.9768,65.0675,60.8745,57.1929,53.9354,51.0326,47.4627,43.9563,38.3903,27.2316,9.19333,3.94999,1.3511,-0.860694,247.157,244.038,241.789,241.789
39.706647872924805,0.17156139016151428,0.9999847412109375,0.0,5,-0.135802,5.0,18231.1,268.349,-8.51425,11.3415,13.8402,25.5156,48.8649,143.586,106.916,89.4307,80.4844,72.9411,67.754,63.0834,59.0197,55.4518,51.131,46.9579,40.7447,30.3406,13.302,5.02999,1.61795,-0.836893,247.69,243.745,241.252,241.252
39.72791409492493,0.15945535935461522,0.9999847412109375,0.0,5,-0.149607,5.0,18185.0,268.476,-8.27804,12.298,13.4927,24.5985,44.2555,151.571,113.959,96.2258,87.0909,79.3416,73.9737,68.7674,63.8595,59.5829,54.4816,49.6343,42.5576,32.3248,17.08,6.3188,1.92606,-0.80938,247.513,244.101,240.549,240.549
39.74661350250244,0.1555184364318848,0.9999847412109375,0.0,5,-0.158961,5.0,18191.4,268.606,-7.21066,13.0768,13.1706,23.9675,42.2942,156.892,118.058,100.231,91.0212,83.1861,77.7439,72.4507,67.3264,62.4985,56.7654,51.3875,43.6563,33.2904,19.1871,7.7432,2.26903,-0.778292,247.193,244.711,240.611,240.611
39.76696252822876,0.14400292970240117,0.9999847412109375,0.0,5,-0.166663,5.0,18227.8,268.737,-6.15124,13.545,12.8462,23.4374,41.0749,161.32,121.086,103.222,93.9763,86.0989,80.6176,75.2776,70.097,65.0967,58.7647,52.8844,44.5501,33.8599,20.638,9.34966,2.64708,-0.744113,247.1,245.139,241.084,241.084
39.791430950164795,0.12230059541761876,0.9999847412109375,0.0,5,-0.178135,5.0,18266.5,268.818,-5.71711,14.2497,12.4715,22.6856,38.6756,170.35,126.792,108.825,99.4938,91.5194,85.9536,80.5134,75.2165,70.0821,63.2036,56.307,46.7595,34.9748,22.3022,11.1337,3.08132,-0.706955,247.777,245.1,241.594,241.594
39.8066132068634,0.10236983336508275,0.9999847412109375,0.0,5,-0.193748,5.0,18271.4,268.923,-6.57411,14.935,12.0507,21.7194,35.4832,186.566,135.46,117.337,107.884,99.7706,94.0855,88.5065,83.0477,77.7268,70.5424,62.7703,50.9342,37.0204,24.2542,12.9534,3.58517,-0.66674,248.469,244.856,241.781,241.781
39.82697677612305,0.09611992873251439,0.9999847412109375,0.0,5,-0.206145,5.0,18189.6,269.151,-6.39695,16.1285,11.6575,20.9485,33.4851,200.0,142.47,123.759,114.244,106.061,100.313,94.6589,89.1125,83.6873,76.3269,68.3083,54.905,38.8417,25.6355,14.4201,4.12938,-0.623264,248.321,245.399,240.611,240.611
39.84768772125244,0.09006686545908452,0.9999847412109375,0.0,5,-0.213544,5.0,18200.0,269.332,-5.27219,17.127,11.3057,20.4373,32.6459,78.7506,146.276,126.81,117.301,109.117,103.365,97.7019,92.1424,86.6987,79.3025,71.2223,57.3946,39.8619,26.3028,15.4318,4.68893,-0.576612,247.954,246.105,240.722,240.722
39.86679744720459,0.08421064354479313,0.9999847412109375,0.0,5,-0.219148,5.0,18246.9,269.507,-4.30858,17.6506,10.9727,20.0211,32.1276,70.4214,148.9,128.664,119.181,111.02,105.282,99.6335,94.0858,88.652,81.2641,73.1835,59.312,40.6286,26.6804,16.2077,5.22072,-0.527367,247.917,246.541,241.327,241.327
39.88657999038696,0.07308872379362584,0.9999847412109375,0.0,5,-0.226121,5.0,18293.6,269.674,-3.79254,18.1471,10.6373,19.5487,31.3228,63.9331,153.094,131.512,122.003,113.849,108.114,102.465,96.9138,91.4721,84.0646,75.947,61.9494,41.8881,27.1341,16.959,5.73099,-0.475994,248.308,246.648,241.949,241.949
39.90719962120056,0.05788215436041355,0.9999847412109375,0.0,5,-0.223475,5.0,18333.5,269.846,-4.16106,18.5138,10.2921,18.9674,30.0946,57.4394,160.43,136.558,126.541,118.369,112.616,106.943,101.361,95.8803,88.4046,80.1854,65.9141,44.0822,27.9109,17.7688,6.23325,-0.423748,248.784,246.586,242.485,242.485
39.92422127723694,0.04238022714853287,0.9999847412109375,0.0,5,-0.216755,5.0,18249.3,270.146,-4.1357,19.3316,9.96657,18.4679,29.1201,53.3022,167.299,141.155,130.33,122.034,116.275,110.594,104.999,99.5007,91.9893,83.7124,69.2713,46.2347,28.6461,18.4121,6.69615,-0.373029,248.878,246.995,241.394,241.394
39.949551820755005,0.032783732190728186,0.9999847412109375,0.0,5,-0.206343,5.0,18265.6,270.366,-3.37057,20.2411,9.67664,18.1558,28.6764,51.4647,170.475,143.069,131.803,123.313,117.581,111.926,106.357,100.884,93.4087,85.1679,70.7789,47.458,29.0237,18.7656,7.09688,-0.323903,248.717,247.669,241.591,241.591
39.96902251243591,0.025992322340607645,0.9999847412109375,0.0,5,-0.19524,5.0,18302.4,270.571,-2.72125,21.158,9.40272,17.8952,28.2854,49.9608,173.258,144.603,132.949,124.209,118.499,112.875,107.338,101.899,94.4685,86.2794,71.9755,48.6229,29.3853,19.0203,7.46009,-0.276702,248.891,247.972,242.068,242.068
39.98518657684326,0.019988277927041054,0.9999847412109375,0.0,5,-0.183707,5.0,18284.3,270.833,-2.34889,21.9432,9.14594,17.6829,27.9156,48.6366,176.11,145.941,133.92,124.936,119.191,113.602,108.1,102.696,95.3169,87.1865,72.9844,49.7435,29.752,19.1942,7.78599,-0.231814,249.058,248.223,241.923,241.923
40.01045274734497,0.014771598950028421,0.9999847412109375,0.0,5,-0.170569,5.0,18297.1,271.073,-1.78904,22.8984,8.91666,17.5873,27.7254,47.9637,176.968,145.926,133.752,124.67,118.904,113.362,107.912,102.562,95.2608,87.2241,73.2054,50.2872,29.9532,19.2544,8.06234,-0.189475,249.131,248.657,242.006,242.006
40.02552676200867,0.009357982873916626,0.9999847412109375,0.0,5,-0.156607,5.0,18339.1,271.285,-1.32505,23.6594,8.71199,17.5571,27.6097,47.5957,176.703,145.23,133.013,123.911,118.145,112.66,107.268,101.979,94.7695,86.8443,73.0465,50.5409,30.0802,19.2899,8.29597,-0.149984,249.263,248.951,242.551,242.551
40.04983353614807,0.005912876129150391,0.9999847412109375,0.0,5,-0.142323,5.0,18382.3,271.5,-1.07169,24.1019,8.53125,17.5284,27.5086,47.3371,176.057,144.313,132.088,122.992,117.235,111.807,106.476,101.252,94.1375,86.3271,72.7586,50.6849,30.1929,19.3239,8.49117,-0.113637,249.429,249.176,243.125,243.125
40.06728196144104,0.0010401908308267595,0.9999847412109375,0.0,6,-0.127525,5.0,18371.3,271.767,-0.828203,24.6214,8.37824,17.5138,27.452,47.2897,174.637,142.979,130.817,121.772,116.051,110.684,105.419,100.264,93.2529,85.5678,72.2484,50.65,30.2576,19.3419,8.64622,-0.0806503,249.608,249.457,242.981,242.981
40.08428978919983,0.0,0.9999847412109375,0.0,6,-0.112108,6.0,16802.6,271.513,-0.603859,24.8814,8.25604,17.5215,27.4581,47.5353,172.226,141.121,129.107,120.175,114.525,109.226,104.034,98.9559,92.0581,84.5117,71.4685,50.4037,30.253,19.3349,8.76075,-0.0511945,249.603,249.569,239.527,239.521
40.105796813964844,-0.0010389462113380432,0.9999847412109375,0.0,6,-0.0963686,6.0,16767.4,270.967,-0.395758,24.8861,8.16566,17.5414,27.4982,48.0011,169.335,138.992,127.172,118.383,112.823,107.598,102.481,97.4832,90.7057,83.3043,70.5492,50.0391,30.2108,19.3141,8.83754,-0.0255114,249.153,249.18,239.024,239.075
40.12780523300171,-0.0017769098281860353,0.9999847412109375,0.0,6,-0.0805066,6.0,16504.8,270.413,-0.232476,24.7288,8.10721,17.5646,27.549,48.6304,166.334,136.777,125.167,116.53,111.066,105.915,100.877,95.9606,89.3041,82.0497,69.5841,49.6244,30.1569,19.2896,8.88009,-0.00364176,248.655,248.708,238.095,238.317
40.14842510223389,-0.0022197071462869643,0.9999847412109375,0.0,6,-0.0645717,6.0,16794.7,270.301,-0.107735,24.4954,8.08241,17.5901,27.6062,49.437,163.313,134.524,123.13,114.652,109.285,104.208,99.2478,94.4155,87.8811,80.7731,68.5959,49.1766,30.096,19.2626,8.88989,0.014342,248.274,248.344,242.32,242.32
40.16443467140198,-0.0022197071462869643,0.9999847412109375,0.0,6,-0.0486358,6.0,16807.8,270.498,-0.02195,24.1183,8.08551,17.6132,27.6579,50.4053,160.411,132.316,121.13,112.804,107.532,102.528,97.6473,92.897,86.4834,79.5205,67.6243,48.725,30.0415,19.2382,8.88384,0.0284627,248.332,248.406,242.531,242.531
40.18675661087036,-0.0017769098281860353,0.9999847412109375,0.0,6,-0.0327218,6.0,16838.2,270.677,0.0294608,23.6975,8.09097,17.6335,27.7026,51.5719,157.636,130.163,119.177,110.996,105.814,100.885,96.0816,91.4125,85.118,78.2972,66.6743,48.2738,29.9948,19.2169,8.8782,0.0386683,248.497,248.563,242.855,242.855
40.205812215805054,0.0010401908308267595,0.9999847412109375,0.0,6,-0.016805,6.0,16895.2,270.818,0.0665281,23.0225,8.0963,17.6529,27.7446,53.0329,154.931,128.035,117.244,109.206,104.111,99.2569,94.5312,89.9432,83.7667,77.0854,65.7301,47.8126,29.9513,19.1968,8.87273,0.0449486,248.632,248.69,243.805,243.805
40.22628951072693,0.0038457546383142472,0.9999847412109375,0.0,6,-0.0010174,6.0,16873.5,271.058,0.0829227,22.3493,8.10075,17.6652,27.768,54.7938,152.447,126.035,115.417,107.508,102.493,97.7112,93.0607,88.5509,82.4887,75.9414,64.8404,47.3758,29.9272,19.1842,8.86824,0.0472565,248.798,248.83,243.498,243.498
40.247358560562134,0.012458521500229837,0.9999847412109375,0.0,6,0.0019533,6.0,16868.1,271.282,0.0556988,21.6877,8.10341,17.6658,27.7609,56.8987,150.271,124.227,113.751,105.95,101.003,96.2898,91.7116,87.2755,81.3203,74.9001,64.0352,46.9845,29.9192,19.1843,8.8657,0.0468714,249.008,248.99,243.408,243.408
40.26754426956177,0.018610292673110963,0.9999847412109375,0.0,6,0.0013625,6.0,17015.6,271.336,-0.0122738,20.6483,8.10209,17.6429,27.7018,59.2325,148.628,122.769,112.378,104.645,99.7461,95.0947,90.5815,86.2123,80.3531,74.0432,63.3856,46.6901,29.9443,19.2096,8.86745,0.0464617,249.221,249.112,245.45,245.45
40.288352966308594,0.02141547352075577,0.9999847412109375,0.0,6,-7.08739e-05,6.0,17004.1,271.564,-0.20002,19.8336,8.09295,17.5748,27.5525,60.9383,148.018,121.988,111.57,103.828,98.9335,94.3316,89.8684,85.551,79.7649,73.5397,63.0363,46.5936,30.0574,19.2842,8.87768,0.0461698,249.453,249.159,245.426,245.426
40.30512499809265,0.02141547352075577,0.9999847412109375,0.0,6,-0.00227672,6.0,16945.7,271.841,-0.492129,19.4123,8.07585,17.4645,27.3201,61.4391,148.43,121.833,111.284,103.461,98.5226,93.9508,89.5248,85.2448,79.5129,73.3477,62.9507,46.6714,30.2493,19.4071,8.89662,0.0460876,249.803,249.314,244.559,244.559
40.328441858291626,0.022891879454255106,0.9999847412109375,0.0,6,-0.00456745,6.0,16913.3,272.091,-0.774009,18.9569,8.05543,17.3456,27.0933,61.9979,149.073,121.759,111.06,103.145,98.1583,93.5955,89.2047,84.9611,79.2789,73.1704,62.873,46.7468,30.4316,19.5426,8.91925,0.0463315,250.029,249.503,244.076,244.076
40.34822964668274,0.03647469915449619,0.9999847412109375,0.0,6,-0.0065983,6.0,16904.0,272.311,-0.880576,18.7307,8.03422,17.2345,26.9171,64.0373,149.472,121.474,110.658,102.676,97.6525,93.0899,88.7393,84.5351,78.9089,72.864,62.6797,46.7341,30.5595,19.6716,8.94271,0.0469317,250.23,249.751,243.895,243.895
40.36537742614746,0.04872864820063114,0.9999847412109375,0.0,6,-0.00939399,6.0,16967.7,272.445,-1.02971,18.2859,8.00302,17.0792,26.6522,63.383,151.281,121.863,110.812,102.68,97.5747,92.9597,88.6344,84.4566,78.8664,72.8619,62.746,46.8959,30.7722,19.8565,8.97744,0.0480162,250.457,249.83,244.846,244.846
40.38895106315613,0.04872864820063114,0.9999847412109375,0.0,6,-0.0137284,6.0,16957.6,272.654,-1.3478,18.0705,7.95459,16.8424,26.1952,58.4179,156.842,123.686,112.137,103.683,98.3933,93.6235,89.2661,85.0881,79.4946,73.4839,63.348,47.4308,31.1769,20.1335,9.03237,0.0497611,250.796,249.827,244.703,244.703
40.408318519592285,0.04872864820063114,0.9999847412109375,0.0,6,-0.0190929,6.0,16952.2,272.85,-1.80686,17.9876,7.89184,16.5499,25.6191,53.8103,170.555,126.664,114.388,105.461,99.9016,94.906,90.3926,86.1949,80.5732,74.5259,64.312,48.2207,31.7158,20.4706,9.10498,0.052351,251.106,249.884,244.624,244.624
40.42625617980957,0.04872864820063114,0.9999847412109375,0.0,6,-0.0244945,6.0,16949.9,273.039,-2.16337,17.9692,7.82185,16.2544,25.052,50.4731,185.945,129.984,116.886,107.432,101.573,96.3261,91.6016,87.3159,81.6661,75.5821,65.2888,49.0212,32.2613,20.8111,9.18726,0.0558855,251.288,250.037,244.588,244.588
40.44859957695007,0.04872864820063114,0.9999847412109375,0.0,6,-0.0296477,6.0,16959.0,273.212,-2.34751,18.0169,7.74507,15.9698,24.5211,47.9621,196.09,133.387,119.419,109.411,103.24,97.7346,92.7947,88.3363,82.6498,76.5369,66.1802,49.7642,32.7797,21.1407,9.27843,0.0605784,251.428,250.228,244.701,244.701
40.46364879608154,0.04872864820063114,0.9999847412109375,0.0,6,-0.0347417,6.0,16971.0,273.379,-2.47237,18.0477,7.66028,15.6877,24.002,45.8181,200.0,137.357,122.153,111.538,105.029,99.2437,94.0701,89.4154,83.609,77.4694,67.054,50.4975,33.2953,21.4709,9.38032,0.066415,251.571,250.387,244.886,244.886
40.48367142677307,0.04872864820063114,0.9999847412109375,0.0,6,-0.0397967,6.0,16979.5,273.549,-2.55153,18.0961,7.56697,15.4062,23.4908,43.9169,200.0,142.59,125.134,113.847,106.965,100.875,95.4482,90.5821,84.5571,78.3902,67.9183,51.2273,33.8124,21.8036,9.49376,0.0734499,251.72,250.545,245.008,245.008
40.50408911705017,0.04872864820063114,0.9999847412109375,0.0,6,-0.0449203,6.0,16988.3,273.713,-2.56639,18.2493,7.46413,15.1199,22.9741,42.1368,200.0,150.581,128.509,116.456,109.151,102.717,97.0068,91.9039,85.61,79.3451,68.815,51.9834,34.3477,22.1468,9.62051,0.0817307,251.889,250.701,245.135,245.135
40.52508187294006,0.04872864820063114,0.9999847412109375,0.0,6,-0.0506304,6.0,16997.1,273.872,-2.66983,18.4871,7.34767,14.8074,22.3973,40.2019,200.0,169.112,133.281,119.904,112.057,105.181,99.1073,93.7035,87.0686,80.5623,69.9435,52.9114,34.98,22.5375,9.76588,0.0913554,252.109,250.787,245.262,245.262
40.548484325408936,0.04872864820063114,0.9999847412109375,0.0,6,-0.05631,6.0,16981.1,274.057,-2.73578,18.8039,7.22202,14.4939,21.8274,38.4388,200.0,183.179,139.872,123.724,115.259,107.888,101.409,95.6718,88.6598,81.8218,71.0733,53.8462,35.6217,22.9355,9.91575,0.102325,252.257,250.937,245.045,245.045
40.56831431388855,0.046563297510147095,0.9999847412109375,0.0,6,-0.0612667,6.0,16987.2,274.218,-2.60238,19.1818,7.09422,14.2038,21.3262,37.0728,200.0,192.185,148.718,127.266,118.133,110.287,103.426,97.3757,90.0147,82.8704,71.9394,54.5945,36.1674,23.2933,10.0619,0.114717,252.334,251.173,245.117,245.117
40.58763599395752,0.04238022714853287,0.9999847412109375,0.0,6,-0.0657399,6.0,17002.4,274.372,-2.43966,19.4758,6.96694,13.9273,20.8664,35.936,200.0,198.98,164.113,131.137,120.821,112.509,105.276,98.9226,91.2269,83.7926,72.6281,55.2164,36.648,23.6242,10.2058,0.128462,252.424,251.377,245.33,245.33
40.605621099472046,0.03839399814605713,0.9999847412109375,0.0,6,-0.0699418,6.0,17025.2,274.521,-2.32758,19.6659,6.83957,13.6581,20.4293,34.9228,200.0,200.0,174.678,135.907,123.537,114.702,107.087,100.427,92.3948,84.6711,73.2141,55.7647,37.0907,23.9395,10.3489,0.143434,252.54,251.561,245.658,245.658
40.62776803970337,0.03647469915449619,0.9999847412109375,0.0,6,-0.0708421,6.0,17044.9,274.675,-2.28396,19.7546,6.71249,13.3929,20.0039,33.9772,200.0,200.0,182.444,142.749,126.746,116.978,108.959,101.977,93.5923,85.5678,73.7509,56.2762,37.5134,24.2465,10.491,0.15918,252.669,251.723,245.946,245.946
40.6485321521759,0.032783732190728186,0.9999847412109375,0.0,6,-0.0706275,6.0,17044.1,274.854,-2.19936,19.8728,6.58664,13.1376,19.6057,33.1478,200.0,200.0,188.401,155.031,130.45,119.154,110.728,103.427,94.6986,86.3821,74.204,56.6968,37.8867,24.5311,10.6303,0.175018,252.791,251.915,245.937,245.937
40.66662883758545,0.027616359293460846,0.9999847412109375,0.0,6,-0.0699709,6.0,17060.7,275.014,-2.07777,19.9312,6.46303,12.8965,19.2432,32.4614,200.0,200.0,192.88,164.611,134.672,121.233,112.25,104.655,95.6114,87.0312,74.5317,56.9905,38.1888,24.783,10.7644,0.190898,252.898,252.119,246.175,246.175
40.68727493286133,0.02141547352075577,0.9999847412109375,0.0,6,-0.06891,6.0,17075.5,275.18,-1.95599,19.9306,6.34227,12.6695,18.9152,31.9005,200.0,200.0,196.265,170.56,139.889,123.288,113.515,105.654,96.3287,87.5153,74.7355,57.1637,38.4219,25.0016,10.8927,0.206685,253.007,252.322,246.39,246.39
40.70787000656128,0.014771598950028421,0.9999847412109375,0.0,6,-0.0671085,6.0,17088.7,275.354,-1.8114,19.7639,6.22726,12.4692,18.6502,31.5635,200.0,200.0,198.139,173.838,145.919,124.753,114.153,106.105,96.5861,87.6176,74.6614,57.1213,38.5301,25.1589,11.0097,0.222249,253.084,252.55,246.58,246.58
40.728949308395386,0.012458521500229837,0.9999847412109375,0.0,6,-0.0644153,6.0,17102.6,275.532,-1.5552,19.5461,6.11969,12.3018,18.4623,31.502,200.0,200.0,198.436,174.797,149.883,125.131,113.979,105.831,96.2439,87.2288,74.2315,56.8233,38.4886,25.2423,11.1123,0.237457,253.15,252.812,246.77,246.77
40.746347188949585,0.01034228540956974,0.9999847412109375,0.0,6,-0.0613945,6.0,17158.8,275.666,-1.34136,19.0479,6.01743,12.1515,18.3102,31.5683,200.0,200.0,198.175,174.965,151.609,125.11,113.518,105.293,95.6841,86.6609,73.6752,56.4284,38.3856,25.291,11.2059,0.252162,253.241,252.999,247.601,247.601
40.764026403427124,0.008422890678048134,0.9999847412109375,0.0,6,-0.0582841,6.0,17150.1,275.872,-1.15119,18.7193,5.91995,12.0114,18.1777,31.7039,200.0,200.0,197.778,174.917,152.708,125.042,113.002,104.693,95.0744,86.0545,73.0914,56.0029,38.2578,25.3221,11.2928,0.266286,253.399,253.189,247.483,247.483
40.78586268424988,0.0067003373056650165,0.9999847412109375,0.0,6,-0.0550059,6.0,17145.7,276.072,-0.964805,18.5325,5.82798,11.8856,18.0729,31.9459,200.0,200.0,197.093,174.5,153.099,124.759,112.339,103.96,94.3558,85.3589,72.4459,55.5263,38.0929,25.3294,11.3716,0.27977,253.572,253.401,247.413,247.413
40.80741882324219,0.0067003373056650165,0.9999847412109375,0.0,6,-0.051524,6.0,17147.1,276.265,-0.786961,18.3608,5.74234,11.7761,18.0016,32.3274,200.0,200.0,196.048,173.666,152.8,124.161,111.476,103.062,93.502,84.5537,71.7225,54.9897,37.886,25.31,11.4414,0.292567,253.727,253.6,247.432,247.432
40.82518267631531,0.0067003373056650165,0.9999847412109375,0.0,6,-0.0479634,6.0,17159.7,276.446,-0.624355,18.2604,5.66241,11.6799,17.9553,32.8269,200.0,200.0,194.872,172.68,152.252,123.459,110.546,102.106,92.6014,83.7113,70.9741,54.4275,37.6565,25.2731,11.5036,0.304642,253.897,253.791,247.574,247.574
40.848015546798706,0.0075370088219642644,0.9999847412109375,0.0,6,-0.0444959,6.0,17173.9,276.622,-0.523664,18.1401,5.58798,11.5927,17.9221,33.3986,200.0,200.0,193.875,171.882,151.955,122.999,109.741,101.236,91.7724,82.9284,70.2691,53.8816,37.4279,25.2303,11.56,0.315943,254.068,253.943,247.817,247.817
40.86858057975769,0.012458521500229837,0.9999847412109375,0.0,6,-0.0411714,6.0,17178.5,276.807,-0.467574,18.0954,5.51891,11.5134,17.899,34.0353,200.0,200.0,193.149,171.361,152.007,122.926,109.126,100.494,91.0493,82.232,69.6269,53.3626,37.2068,25.1844,11.6109,0.326452,254.257,254.099,247.883,247.883
40.88546180725098,0.016001953184604647,0.9999847412109375,0.0,6,-0.0381454,6.0,17183.6,276.991,-0.451826,18.0972,5.45424,11.4369,17.8725,34.6666,200.0,200.0,192.983,171.395,152.763,123.726,108.905,100.015,90.5414,81.711,69.1107,52.9058,37.0142,25.1463,11.6586,0.336192,254.46,254.233,247.955,247.955
40.90795111656189,0.017281517758965494,0.9999847412109375,0.0,6,-0.0355399,6.0,17190.0,277.171,-0.498127,18.1239,5.3934,11.3594,17.8309,35.2162,200.0,200.0,193.624,172.17,154.397,126.206,109.293,99.929,90.3365,81.4363,68.7698,52.5394,36.865,25.1247,11.7046,0.345174,254.673,254.35,248.046,248.046
40.92567682266235,0.017281517758965494,0.9999847412109375,0.0,6,-0.0332521,6.0,17201.2,277.345,-0.597728,18.1654,5.33646,11.2833,17.7818,35.7105,200.0,200.0,194.92,173.439,156.532,131.762,110.282,100.201,90.3722,81.3556,68.5662,52.251,36.7452,25.1127,11.7483,0.35346,254.874,254.476,248.204,248.204
40.95027041435242,0.017281517758965494,0.9999847412109375,0.0,6,-0.0310987,6.0,17212.0,277.517,-0.706107,18.1983,5.28397,11.2135,17.7393,36.2356,200.0,200.0,196.556,174.848,158.714,137.166,111.781,100.714,90.5274,81.3708,68.4291,52.0014,36.631,25.0991,11.7879,0.361099,255.049,254.616,248.363,248.363
40.96409893035889,0.017281517758965494,0.9999847412109375,0.0,6,-0.0289615,6.0,17222.4,277.69,-0.791543,18.2316,5.23662,11.1545,17.7146,36.8762,200.0,200.0,198.317,176.188,160.712,141.173,113.786,101.389,90.7203,81.4135,68.3113,51.7625,36.506,25.076,11.822,0.368093,255.21,254.771,248.512,248.512
40.986815214157104,0.017281517758965494,0.9999847412109375,0.0,6,-0.0268157,6.0,17232.7,277.86,-0.847293,18.2956,5.19415,11.1063,17.7094,37.6723,200.0,200.0,200.0,177.452,162.521,144.406,116.544,102.239,90.9362,81.4736,68.2038,51.5298,36.3685,25.0423,11.8509,0.374481,255.37,254.932,248.661,248.661
41.00900363922119,0.014771598950028421,0.9999847412109375,0.0,6,-0.0246976,6.0,17242.9,278.03,-0.892813,18.374,5.15634,11.0676,17.7206,38.6345,200.0,200.0,200.0,178.817,164.236,147.226,120.931,103.357,91.2076,81.574,68.1235,51.3134,36.2238,25.0013,11.8749,0.38028,255.529,255.084,248.808,248.808
41.02898812294006,0.011375798285007477,0.9999847412109375,0.0,6,-0.022445,6.0,17245.4,278.207,-0.916444,18.4794,5.12408,11.0439,17.7642,39.976,200.0,200.0,200.0,180.03,165.593,149.421,127.006,104.59,91.4516,81.6156,68.0012,51.0734,36.051,24.9421,11.8922,0.385483,255.674,255.258,248.847,248.847
41.04852032661438,0.011375798285007477,0.9999847412109375,0.0,6,-0.0198043,6.0,17255.2,278.376,-0.885949,18.5934,5.09869,11.044,17.8656,42.0615,200.0,200.0,200.0,180.629,166.218,150.631,130.278,105.553,91.46,81.4345,67.7254,50.7487,35.8197,24.8492,11.8999,0.390081,255.791,255.461,248.985,248.985
41.064208984375,0.011375798285007477,0.9999847412109375,0.0,6,-0.0168813,6.0,17267.4,278.543,-0.798693,18.682,5.08012,11.0661,18.0204,44.3301,200.0,200.0,200.0,180.769,166.335,151.19,132.099,106.321,91.2925,81.09,67.337,50.363,35.5433,24.7293,11.8987,0.394023,255.912,255.647,249.16,249.16
41.08527755737305,0.011375798285007477,0.9999847412109375,0.0,6,-0.0139511,6.0,17280.9,278.705,-0.718975,18.8412,5.0673,11.1019,18.2045,46.4225,200.0,200.0,200.0,180.923,166.411,151.671,133.6,107.369,91.1803,80.7524,66.9545,49.9826,35.2564,24.5995,11.8918,0.397293,256.069,255.807,249.355,249.355
41.105074405670166,0.016001953184604647,0.9999847412109375,0.0,6,-0.0111197,6.0,17292.7,278.869,-0.687621,18.9806,5.05975,11.1484,18.4092,48.229,200.0,200.0,200.0,181.287,166.614,152.268,135.097,109.095,91.2318,80.4911,66.6247,49.6328,34.9722,24.4667,11.8804,0.399867,256.229,255.946,249.525,249.525
41.125431537628174,0.027616359293460846,0.9999847412109375,0.0,6,-0.00850708,6.0,17283.5,279.053,-0.654456,19.2327,5.05695,11.2017,18.6224,49.6211,200.0,200.0,200.0,182.095,167.155,153.176,136.855,112.423,91.5999,80.3846,66.4013,49.3415,34.7039,24.338,11.866,0.401754,256.415,256.081,249.395,249.395
41.145718574523926,0.032783732190728186,0.9999847412109375,0.0,6,-0.00666076,6.0,17295.9,279.211,-0.682594,19.4586,5.05515,11.2403,18.7782,49.9806,200.0,200.0,200.0,184.43,168.974,155.266,139.908,119.576,92.9902,80.8134,66.5346,49.2471,34.5207,24.2478,11.8557,0.403071,256.645,256.137,249.57,249.57
41.169270753860474,0.03839399814605713,0.9999847412109375,0.0,6,-0.00570995,6.0,17313.7,279.361,-0.872632,19.6258,5.05291,11.2574,18.8546,49.292,200.0,200.0,200.0,188.733,172.423,158.601,144.226,126.748,96.0247,82.009,67.1073,49.3891,34.4513,24.2041,11.8516,0.4039,256.882,256.173,249.823,249.823
41.1864914894104,0.04036250747740269,0.9999847412109375,0.0,6,-0.00581009,6.0,17330.6,279.504,-1.15899,19.8891,5.04831,11.2445,18.8257,47.6177,200.0,200.0,200.0,195.697,178.052,163.334,149.825,134.401,102.562,84.3671,68.2403,49.8256,34.5216,24.2177,11.8568,0.404378,257.149,256.18,250.07,250.07
41.203545570373535,0.04036250747740269,0.9999847412109375,0.0,6,-0.00660927,6.0,17327.9,279.663,-1.53936,20.1252,5.04196,11.2112,18.7274,45.5364,124.726,200.0,200.0,200.0,185.649,169.556,155.952,141.972,116.859,88.1437,69.839,50.4939,34.699,24.2699,11.8682,0.404648,257.353,256.226,250.101,250.101
41.229731798172,0.04036250747740269,0.9999847412109375,0.0,6,-0.00715048,6.0,17323.3,279.825,-1.73514,20.5202,5.03766,11.1887,18.6609,43.8732,114.71,200.0,200.0,200.0,193.594,176.001,161.351,148.168,126.68,93.1539,71.4617,51.1597,34.8728,24.3053,11.876,0.404831,257.476,256.406,249.967,249.967
41.24768257141113,0.04036250747740269,0.9999847412109375,0.0,6,-0.00729591,6.0,17338.3,279.963,-1.80747,20.8305,5.03542,11.1801,18.639,42.6024,108.139,200.0,200.0,200.0,200.0,182.383,166.559,153.201,133.64,100.643,73.0349,51.7825,35.0264,24.317,11.8792,0.405009,257.56,256.577,250.178,250.178
41.269086599349976,0.04036250747740269,0.9999847412109375,0.0,6,-0.00738556,6.0,17360.3,280.091,-1.8362,21.1001,5.03361,11.1739,18.6232,41.4293,102.727,200.0,200.0,200.0,200.0,189.337,172.193,157.907,139.543,112.871,74.8852,52.4554,35.2021,24.325,11.8815,0.405172,257.677,256.715,250.495,250.495
41.28749465942383,0.04036250747740269,0.9999847412109375,0.0,6,-0.00822956,6.0,17378.0,280.219,-2.00208,21.4143,5.02802,11.1416,18.526,39.8957,96.6945,200.0,200.0,200.0,200.0,198.867,179.883,164.217,145.957,122.895,77.7819,53.4334,35.5104,24.3847,11.8926,0.405324,257.889,256.746,250.753,250.753
41.30850434303284,0.04036250747740269,0.9999847412109375,0.0,6,-0.00920755,6.0,17351.5,280.393,-2.16578,21.8033,5.02103,11.1031,18.4123,38.4018,90.6447,200.0,200.0,200.0,200.0,200.0,188.824,171.501,151.997,131.03,81.7432,54.5574,35.8778,24.4737,11.906,0.405568,258.03,256.857,250.398,250.398
41.328991413116455,0.03839399814605713,0.9999847412109375,0.0,6,-0.0093773,6.0,17358.6,280.529,-2.07064,22.3104,5.01685,11.0898,18.3807,37.3571,85.7049,200.0,200.0,200.0,200.0,200.0,197.02,178.092,156.995,136.826,86.3653,55.5196,36.1742,24.5339,11.9112,0.405955,258.083,257.091,250.475,250.475
41.34816098213196,0.03460461050271988,0.9999847412109375,0.0,6,-0.00904447,6.0,17378.3,280.655,-1.94757,22.6672,5.01431,11.0914,18.3819,36.5396,81.4913,116.75,200.0,200.0,200.0,200.0,200.0,184.349,161.679,141.36,92.7645,56.4009,36.4371,24.5837,11.9116,0.406459,258.146,257.27,250.749,250.749
41.36440563201904,0.032783732190728186,0.9999847412109375,0.0,6,-0.00879795,6.0,17402.1,280.773,-1.86156,23.0553,5.0113,11.0902,18.3383,35.6869,77.3324,107.901,200.0,200.0,200.0,200.0,200.0,191.448,166.953,145.668,103.29,57.4001,36.7485,24.6582,11.9128,0.406957,258.287,257.386,251.097,251.097
41.38396906852722,0.032783732190728186,0.9999847412109375,0.0,6,-0.00920421,6.0,17419.9,280.895,-1.98746,23.4061,5.00507,11.0667,18.1976,34.5998,72.6471,100.485,200.0,200.0,200.0,200.0,200.0,200.0,173.979,150.851,112.343,58.7505,37.1984,24.796,11.9217,0.40745,258.471,257.429,251.358,251.358
41.40473914146423,0.03101206421852112,0.9999847412109375,0.0,6,-0.00926906,6.0,17379.2,281.079,-1.96597,24.0073,5.00024,11.054,18.0611,33.6577,68.5375,94.9077,200.0,200.0,200.0,200.0,200.0,200.0,181.107,156.03,119.039,60.0913,37.6406,24.9337,11.9269,0.407984,258.572,257.618,250.779,250.779
41.42399215698242,0.03101206421852112,0.9999847412109375,0.0,6,-0.00837022,6.0,17392.1,281.206,-1.75014,24.6063,4.99998,11.0737,17.9855,33.032,65.5755,90.9662,112.499,200.0,200.0,200.0,200.0,200.0,186.858,160.132,123.468,61.2129,37.9705,25.028,11.9212,0.408544,258.599,257.855,250.956,250.956
41.44519329071045,0.03101206421852112,0.9999847412109375,0.0,6,-0.00713474,6.0,17418.0,281.322,-1.57237,24.9725,5.00221,11.0945,17.9133,32.4912,63.0546,87.5047,105.109,200.0,200.0,200.0,200.0,200.0,192.338,163.992,127.015,62.3944,38.2799,25.1181,11.9108,0.409012,258.671,258.004,251.321,251.321
41.466572523117065,0.029289606586098672,0.9999847412109375,0.0,6,-0.00661117,6.0,17442.9,281.431,-1.52147,25.5002,5.00226,11.0737,17.7516,31.7223,60.0143,83.4649,98.3017,200.0,200.0,200.0,200.0,200.0,200.0,169.469,131.201,64.2122,38.7444,25.2761,11.9093,0.409312,258.882,258.029,251.685,251.685
41.48690581321716,0.029289606586098672,0.9999847412109375,0.0,6,-0.00674469,6.0,17447.5,281.557,-1.71822,25.9202,5.00012,11.014,17.5109,30.7742,56.602,78.9598,92.0044,200.0,200.0,200.0,200.0,200.0,200.0,176.788,135.895,66.8695,39.367,25.5018,11.9229,0.40949,259.051,258.069,251.853,251.853
41.5044629573822,0.027616359293460846,0.9999847412109375,0.0,6,-0.00615341,6.0,17409.7,281.735,-1.62134,26.7418,5.00226,10.9611,17.3115,30.0269,53.9671,75.2309,87.4113,105.569,200.0,200.0,200.0,200.0,200.0,183.328,139.57,69.7079,39.9095,25.6981,11.9367,0.409582,259.121,258.316,251.215,251.215
41.52909803390503,0.025992322340607645,0.9999847412109375,0.0,6,-0.00481493,6.0,17427.1,281.851,-1.4263,27.4029,5.00722,10.915,17.151,29.4552,52.0073,72.2327,83.9118,98.7147,200.0,200.0,200.0,200.0,200.0,188.755,142.528,72.7159,40.3575,25.8609,11.9501,0.409582,259.153,258.51,251.456,251.456
41.54542922973633,0.022891879454255106,0.9999847412109375,0.0,6,-0.0032695,6.0,17458.7,281.953,-1.29849,27.828,5.0068,10.861,16.9874,28.9166,50.2596,69.4789,80.7531,93.555,200.0,200.0,200.0,200.0,200.0,194.122,145.405,76.5134,40.802,26.0262,11.9683,0.409342,259.231,258.642,251.908,251.908
41.564889430999756,0.019988277927041054,0.9999847412109375,0.0,6,-0.00358993,6.0,17484.4,282.06,-1.32732,28.1979,4.99809,10.782,16.7762,28.2771,48.3251,66.5087,77.3516,88.5992,104.688,200.0,200.0,200.0,200.0,200.0,149.037,82.5668,41.3562,26.2381,11.9977,0.408858,259.381,258.697,252.284,252.284
41.58834385871887,0.014771598950028421,0.9999847412109375,0.0,6,-0.0064109,6.0,17454.4,282.228,-1.37457,28.5903,4.98405,10.6952,16.5599,27.6595,46.5476,63.7276,74.1341,84.3579,96.4753,200.0,200.0,200.0,200.0,200.0,152.743,88.1237,41.9231,26.4577,12.032,0.408871,259.48,258.825,251.902,251.902
41.60382866859436,0.01034228540956974,0.9999847412109375,0.0,6,-0.00826103,6.0,17463.5,282.352,-1.21631,29.1373,4.96897,10.6264,16.4016,27.2364,45.3752,61.7076,71.7239,81.3904,91.9544,200.0,200.0,200.0,200.0,200.0,155.139,91.5814,42.3247,26.6172,12.0608,0.409583,259.516,259.084,251.986,251.986
41.628416776657104,0.008422890678048134,0.9999847412109375,0.0,6,-0.00935251,6.0,17488.6,282.463,-1.01271,29.4582,4.95297,10.5709,16.2859,26.9537,44.6074,60.2301,69.9018,79.2108,89.0262,200.0,200.0,200.0,200.0,200.0,156.414,93.7213,42.5908,26.7282,12.085,0.410854,259.539,259.278,252.34,252.34
41.64937782287598,0.004485584795475006,0.9999847412109375,0.0,6,-0.0100787,6.0,17513.5,282.576,-0.819364,29.5952,4.93512,10.5188,16.186,26.729,43.9984,58.9923,68.3477,77.3707,86.7195,200.0,200.0,200.0,200.0,200.0,157.139,95.2167,42.8109,26.8188,12.1086,0.412558,259.599,259.428,252.705,252.705
41.668546199798584,0.0017785374075174332,0.9999847412109375,0.0,6,-0.0106366,6.0,17531.1,282.696,-0.681699,29.7261,4.91545,10.4662,16.0901,26.5257,43.437,57.8537,66.9106,75.6787,84.6737,200.0,200.0,200.0,200.0,200.0,157.614,96.3688,43.041,26.9023,12.1328,0.41458,259.689,259.56,252.963,252.963
41.687963008880615,0.0007448330521583557,0.9999847412109375,0.0,6,-0.0109285,6.0,17511.1,282.856,-0.541675,29.9085,4.89515,10.4174,16.0073,26.366,42.9679,56.8683,65.65,74.2051,82.9875,106.586,200.0,200.0,200.0,200.0,157.662,97.119,43.2558,26.9688,12.1558,0.416831,259.779,259.71,252.711,252.711
41.70773959159851,0.00030174851417541504,0.9999847412109375,0.0,6,-0.0109389,6.0,17517.4,282.987,-0.377409,30.2152,4.87461,10.3735,15.9396,26.2537,42.5884,56.0318,64.5642,72.9537,81.6563,105.27,200.0,200.0,200.0,200.0,157.249,97.5015,43.4487,27.0161,12.1769,0.419272,259.889,259.884,252.766,252.766
41.725407123565674,0.00030174851417541504,0.9999847412109375,0.0,6,-0.010815,6.0,17535.4,283.104,-0.241637,30.4122,4.85347,10.3308,15.8773,26.1609,42.2284,55.2505,63.5488,71.7997,80.4837,200.0,200.0,200.0,200.0,200.0,156.622,97.6882,43.6506,27.0553,12.1975,0.421861,259.985,260.012,253.021,253.021
41.74498748779297,0.00030174851417541504,0.9999847412109375,0.0,6,-0.0106724,6.0,17553.8,283.221,-0.139846,30.5272,4.83187,10.2875,15.8145,26.0686,41.841,54.4606,62.5305,70.6573,79.3294,200.0,200.0,200.0,200.0,200.0,155.971,97.8028,43.8872,27.0941,12.2185,0.424514,260.091,260.124,253.29,253.29
41.76895833015442,0.00030174851417541504,0.9999847412109375,0.0,6,-0.0105804,6.0,17566.8,283.342,-0.0769517,30.6771,4.80976,10.2422,15.7472,25.9649,41.4006,53.6267,61.4716,69.4738,78.1068,200.0,200.0,200.0,200.0,200.0,155.405,97.9096,44.1778,27.1377,12.2404,0.427199,260.208,260.23,253.481,253.481
41.7893271446228,0.00030174851417541504,0.9999847412109375,0.0,6,-0.0105265,6.0,17553.2,283.491,-0.0412013,30.8683,4.78721,10.1952,15.6763,25.8522,40.9176,52.7577,60.3812,68.2591,76.8329,200.0,200.0,200.0,200.0,200.0,154.906,97.9999,44.5228,27.1849,12.263,0.429914,260.33,260.342,253.309,253.309
41.803603410720825,0.00030174851417541504,0.9999847412109375,0.0,6,-0.0104921,6.0,17558.6,283.617,-0.0202829,31.151,4.76453,10.1475,15.6039,25.7355,40.403,51.8681,59.2736,67.0294,75.5344,200.0,200.0,200.0,200.0,200.0,154.44,98.0588,44.9198,27.2338,12.2859,0.432635,260.464,260.472,253.363,253.363
41.824456453323364,0.00030174851417541504,0.9999847412109375,0.0,6,-0.0104716,6.0,17573.0,283.733,-0.00877118,31.3558,4.7415,10.0989,15.5296,25.6145,39.8595,50.9603,58.1517,65.7886,74.2155,200.0,200.0,200.0,200.0,200.0,153.997,98.0837,45.373,27.2845,12.3092,0.435388,260.575,260.58,253.565,253.565
41.84837603569031,0.00030174851417541504,0.9999847412109375,0.0,6,-0.0104602,6.0,17590.1,283.847,-0.00274807,31.4824,4.71849,10.0501,15.4549,25.4879,39.2931,50.0388,57.0201,64.5425,72.8865,199.932,200.0,200.0,200.0,200.0,153.567,98.0731,45.8846,27.3425,12.3326,0.438134,260.683,260.685,253.814,253.814
41.86807894706726,0.00030174851417541504,0.9999847412109375,0.0,6,-0.0104545,6.0,17603.2,283.963,0.000123867,31.6105,4.69551,10.0012,15.3799,25.3326,38.7054,49.1056,55.8801,63.295,71.5546,198.361,200.0,200.0,200.0,200.0,153.148,98.0277,46.4577,27.4189,12.3561,0.440874,260.79,260.792,254.005,254.005
41.885520219802856,0.00030174851417541504,0.9999847412109375,0.0,6,-0.010453,6.0,17594.6,284.103,0.00122936,31.7645,4.67237,9.95194,15.3041,25.1459,38.0976,48.162,54.7343,62.0455,70.2145,196.784,200.0,200.0,200.0,200.0,152.736,97.9484,47.0993,27.5145,12.3797,0.443631,260.903,260.904,253.899,253.899
41.90952754020691,0.0,0.9999847412109375,0.0,6,-0.010453,6.0,17601.1,284.225,0.00159941,31.9779,4.6492,9.9026,15.2283,24.9307,37.4727,47.2094,53.5837,60.7964,68.875,195.205,200.0,200.0,200.0,200.0,152.327,97.8343,47.8152,27.6298,12.4033,0.446389,261.027,261.027,253.977,253.977
41.9266242980957,0.0,0.9999847412109375,0.0,6,-0.010453,6.0,17615.1,284.338,0.00185451,32.1192,4.62619,9.85358,15.1529,24.6896,36.8317,46.2508,52.4306,59.5512,67.54,193.626,200.0,200.0,200.0,200.0,151.915,97.6879,48.6104,27.7651,12.4268,0.449129,261.134,261.134,254.175,254.175
41.94757890701294,0.0,0.9999847412109375,0.0,6,-0.010453,6.0,17629.6,284.451,0.00207824,32.1981,4.60288,9.80394,15.0765,24.4224,36.1746,45.2822,51.2785,58.3064,66.2021,192.046,199.597,200.0,200.0,200.0,151.507,97.5117,49.4971,27.9218,12.4506,0.451905,261.238,261.238,254.386,254.386
41.965596199035645,-0.00030107833445072176,0.9999847412109375,0.0,6,-0.010453,6.0,17640.7,284.567,0.00223564,32.2736,4.5798,9.75477,15.0009,24.1325,35.504,44.3076,50.1313,57.0668,64.8683,190.465,197.962,200.0,200.0,200.0,151.096,97.3066,50.4552,28.0993,12.4742,0.454654,261.344,261.344,254.548,254.548
41.988407611846924,-0.00030107833445072176,0.9999847412109375,0.0,6,-0.010454,6.0,17636.6,284.699,0.00220308,32.3722,4.55667,9.7055,14.9197,23.8196,34.8181,43.3265,48.9869,55.8284,63.5382,188.883,196.325,200.0,200.0,200.0,150.687,97.074,51.3401,28.2997,12.4978,0.457407,261.455,261.455,254.501,254.501
42.00620722770691,-0.00030107833445072176,0.9999847412109375,0.0,6,-0.0104564,6.0,17643.6,284.818,0.00173462,32.5087,4.53339,9.65587,14.8176,23.4843,34.1181,42.3365,47.8435,54.5893,62.2032,187.298,194.686,200.0,200.0,200.0,150.28,96.8189,52.1392,28.5237,12.5216,0.460177,261.572,261.572,254.59,254.59
42.027775049209595,-0.00030107833445072176,0.9999847412109375,0.0,6,-0.0104564,6.0,17655.3,284.932,0.00195277,32.5978,4.51025,9.60658,14.6962,23.1293,33.4061,41.3422,46.7058,53.3576,60.8741,185.716,193.047,199.617,200.0,200.0,149.869,96.5539,52.8577,28.7713,12.5453,0.462933,261.678,261.678,254.758,254.758
42.048970222473145,-0.00030107833445072176,0.9999847412109375,0.0,6,-0.0104564,6.0,17667.3,285.045,0.00219047,32.6459,4.48705,9.55686,14.5554,22.7549,32.6819,40.3401,45.5718,52.1274,59.5495,184.132,191.409,197.927,200.0,200.0,149.459,96.2887,53.5052,29.0445,12.569,0.465696,261.783,261.782,254.931,254.931
42.067105531692505,0.0,0.9999847412109375,0.0,6,-0.0104564,6.0,17676.8,285.16,0.00234017,32.6844,4.46379,9.49759,14.3958,22.3611,31.9451,39.3323,44.4407,50.8996,58.2243,182.548,189.769,196.237,200.0,200.0,149.047,96.0239,54.0879,29.3441,12.5979,0.468466,261.888,261.888,255.07,255.07
42.083967208862305,0.0007448330521583557,0.9999847412109375,0.0,6,-0.0104578,6.0,17677.8,285.284,0.00216007,32.7372,4.4406,9.42434,14.2184,21.9498,31.1972,38.3179,43.3142,49.6732,56.9008,180.962,188.128,194.546,200.0,200.0,148.638,95.7597,54.61,29.6709,12.6345,0.471226,261.996,261.996,255.09,255.09
42.10892462730408,0.0013847589492797852,0.9999847412109375,0.0,6,-0.0105098,6.0,17685.2,285.4,0.00115469,32.8061,4.41707,9.33589,14.0203,21.5143,30.4257,37.2824,42.1699,48.418,55.5236,179.33,186.447,192.816,200.0,200.0,148.309,95.5283,55.0948,30.0322,12.6799,0.474002,262.113,262.102,255.191,255.191
42.12625312805176,0.0017785374075174332,0.9999847412109375,0.0,6,-0.0106147,6.0,17694.8,285.514,-0.0127422,32.8487,4.39248,9.23237,13.8026,21.0559,29.6327,36.2257,41.0068,47.1316,54.0935,177.65,184.727,191.046,200.0,200.0,148.063,95.3322,55.546,30.4299,12.7342,0.476793,262.224,262.201,255.33,255.33
42.14527440071106,0.0017785374075174332,0.9999847412109375,0.0,6,-0.0107902,6.0,17703.6,285.626,-0.027217,32.9677,4.36154,9.11384,13.5647,20.5739,28.8153,35.147,39.8205,45.8082,52.5965,175.908,182.953,189.226,198.541,200.0,147.928,95.1809,55.9716,30.8684,12.7976,0.479602,262.343,262.302,255.457,255.457
42.167062282562256,0.0017785374075174332,0.9999847412109375,0.0,6,-0.0126737,6.0,17709.5,285.738,-0.054568,33.2049,4.32297,8.98069,13.3069,20.0685,27.9747,34.0531,38.6112,44.4446,51.033,174.1,181.125,187.354,196.567,200.0,147.912,95.0799,56.3754,31.3509,12.8707,0.482559,262.457,262.398,255.545,255.545
42.18612217903137,0.0013847589492797852,0.9999847412109375,0.0,6,-0.0162228,6.0,17687.5,285.879,-0.0768702,33.5483,4.27707,8.83408,13.0333,19.5472,27.1243,32.9619,37.4024,43.0793,49.4654,66.4263,179.287,185.474,194.584,200.0,147.919,94.9883,56.7407,31.8729,12.9527,0.486313,262.571,262.509,255.24,255.24
42.2068133354187,0.0,0.9999847412109375,0.0,6,-0.0196956,6.0,17692.2,285.989,-0.0857939,33.9771,4.22423,8.67647,12.7481,19.0208,26.2804,31.8971,36.2278,41.7644,47.9748,63.5379,177.505,183.65,192.662,200.0,147.809,94.8482,57.0425,32.4028,13.0427,0.490992,262.678,262.634,255.291,255.291
42.226176738739014,-0.0017769098281860353,0.9999847412109375,0.0,6,-0.0230449,6.0,17705.1,286.09,-0.0746484,34.3664,4.1648,8.50944,12.4548,18.4939,25.4512,30.8698,35.1045,40.5236,46.6057,61.6339,175.814,181.913,190.838,200.0,147.503,94.6287,57.269,32.8851,13.1398,0.496577,262.761,262.746,255.473,255.473
42.2468101978302,-0.004482999816536904,0.9999847412109375,0.0,6,-0.0262011,6.0,17723.2,286.18,-0.0476872,34.8497,4.09915,8.33459,12.1561,17.972,24.6447,29.8963,34.0536,39.391,45.4115,60.8502,174.264,180.309,189.161,200.0,146.894,94.2868,57.403,33.3104,13.2429,0.503057,262.828,262.861,255.734,255.734
42.26508450508118,-0.005171848833560944,0.9999847412109375,0.0,6,-0.0291064,6.0,17706.4,286.307,0.00759044,35.2838,4.0282,8.1543,11.8558,17.461,23.8709,28.9933,33.097,38.4006,44.4488,166.152,172.892,178.877,187.672,198.885,145.893,93.7811,57.4301,33.6723,13.3506,0.510356,262.886,262.976,255.549,255.549
42.289961099624634,-0.005171848833560944,0.9999847412109375,0.0,6,-0.0318463,6.0,17707.8,286.414,0.0745539,35.8821,3.95145,7.96634,11.5498,16.952,23.1111,28.1349,32.2032,37.5061,43.6465,165.019,171.633,177.554,186.305,197.464,144.638,93.1714,57.3815,33.9831,13.4639,0.518478,262.988,263.115,255.516,255.516
42.306615114212036,-0.005171848833560944,0.9999847412109375,0.0,6,-0.0345367,6.0,17726.8,286.501,0.138031,36.2981,3.86896,7.76952,11.2335,16.434,22.3481,27.2952,31.3347,36.6464,42.9178,163.914,170.401,176.261,184.971,196.08,143.32,92.5307,57.2916,34.2577,13.5844,0.527369,263.067,263.205,255.78,255.78
42.328697681427,-0.005171848833560944,0.9999847412109375,0.0,6,-0.0372322,6.0,17751.3,286.585,0.189833,36.4605,3.78043,7.56217,10.9045,15.9021,21.5866,26.4606,30.4688,35.7938,42.2093,162.791,169.157,174.96,183.628,194.687,142.017,91.8948,57.1782,34.5046,13.713,0.537064,263.142,263.279,256.138,256.138
42.34741735458374,-0.005171848833560944,0.9999847412109375,0.0,6,-0.0399426,6.0,17771.2,286.677,0.230975,36.4369,3.68625,7.3453,10.5639,15.3575,20.8322,25.6317,29.6087,34.9475,41.5259,161.646,167.897,173.646,182.271,193.277,140.745,91.2678,57.0445,34.7253,13.8494,0.547501,263.222,263.356,256.425,256.425
42.365100145339966,-0.005171848833560944,0.9999847412109375,0.0,6,-0.0426734,6.0,17784.6,286.777,0.261072,36.3115,3.58627,7.11876,10.2115,14.7999,20.0841,24.8073,28.7514,34.1049,40.8648,160.473,166.617,172.315,180.894,191.845,139.509,90.6528,56.893,34.9219,13.9942,0.558701,263.31,263.44,256.624,256.624
42.38552927970886,-0.005171848833560944,0.9999847412109375,0.0,6,-0.0454257,6.0,17793.3,286.883,0.280537,36.1496,3.48051,6.88245,9.84723,14.2288,19.3425,23.9866,27.8957,33.2637,40.2295,159.275,165.316,170.966,179.498,190.391,138.317,90.0501,56.7248,35.0955,14.1473,0.570669,263.406,263.531,256.755,256.755
42.406248331069946,-0.005171848833560944,0.9999847412109375,0.0,6,-0.0482238,6.0,17800.6,286.995,0.293626,35.8415,3.36937,6.63705,9.4717,13.6455,18.6067,23.1685,27.0398,32.4181,39.6058,158.035,163.981,169.584,178.065,188.896,137.239,89.4735,56.546,35.2492,14.309,0.583359,263.5,263.617,256.857,256.857
42.42521071434021,-0.0022197071462869643,0.9999847412109375,0.0,6,-0.0511354,6.0,17807.9,287.11,0.283851,35.4261,3.25204,6.38046,9.08173,13.046,17.8661,22.3348,26.1559,31.5227,38.8978,156.706,162.569,168.125,176.546,187.303,136.441,88.9631,56.3742,35.3923,14.481,0.596842,263.608,263.702,256.961,256.961
42.445122718811035,0.0,0.9999847412109375,0.0,6,-0.0541461,6.0,17897.4,287.137,0.284105,34.6391,3.12891,6.11388,8.67894,12.4488,17.1243,21.4914,25.2523,30.5868,38.113,155.302,161.091,166.598,174.953,185.627,136.121,88.5077,56.2063,35.5244,14.6627,0.611094,263.692,263.763,258.226,258.226
42.46620178222656,0.0017785374075174332,0.9999847412109375,0.0,6,-0.0573018,6.0,17880.9,287.283,0.26527,33.9965,2.99957,5.83653,8.26212,11.8547,16.3772,20.6295,24.3142,29.584,37.1731,153.795,159.52,164.976,173.255,183.831,200.0,88.1363,56.0535,35.6505,14.8422,0.626149,263.791,263.827,258.05,258.05
42.486591815948486,0.0038457546383142472,0.9999847412109375,0.0,6,-0.0606936,6.0,17855.1,287.44,0.205372,33.4621,2.86351,5.54676,7.82849,11.2581,15.6125,19.7291,23.3108,28.4569,35.9239,152.122,157.801,163.201,171.387,181.845,200.0,87.9004,55.9367,35.7828,15.0163,0.642059,263.938,263.931,257.661,257.661
42.50726389884949,0.0038457546383142472,0.9999847412109375,0.0,6,-0.0643228,6.0,17847.0,287.584,0.110871,32.7476,2.72104,5.24541,7.38948,10.6605,14.8342,18.7951,22.2497,27.2151,34.3792,150.289,155.938,161.278,169.356,179.674,200.0,87.7997,55.855,35.9209,15.185,0.658824,264.068,264.017,257.536,257.536
42.52924180030823,0.0038457546383142472,0.9999847412109375,0.0,6,-0.0680474,6.0,17969.7,287.586,0.00878405,31.6914,2.57217,4.9345,6.95944,10.0716,14.0606,17.8602,21.1785,25.9462,32.7497,148.394,154.017,159.301,167.265,177.435,200.0,87.7539,55.7751,36.0503,15.3463,0.676463,264.191,264.105,259.181,259.181
42.547178745269775,0.0038457546383142472,0.9999847412109375,0.0,6,-0.071832,6.0,18035.7,287.648,-0.0872654,30.4968,2.41705,4.62568,6.53919,9.49298,13.2964,16.9302,20.1088,24.6687,31.0973,146.46,152.063,157.292,165.138,175.156,197.752,87.7448,55.7006,36.1676,15.4999,0.695007,264.228,264.12,260.288,260.288
42.56904101371765,0.002713725343346596,0.9999847412109375,0.0,6,-0.0756753,6.0,17954.6,287.879,-0.174559,29.7113,2.25551,4.32482,6.12838,8.92397,12.5397,16.0055,19.0402,23.3856,29.4236,144.488,150.074,155.253,162.979,172.841,195.075,87.7735,55.6415,36.2741,15.6465,0.714508,264.368,264.246,259.135,259.135
42.59032320976257,0.0,0.9999847412109375,0.0,6,-0.0775321,6.0,17906.3,288.083,-0.224203,28.6757,2.0961,4.03445,5.73199,8.37585,11.8146,15.1261,18.0326,22.2021,27.9728,142.633,148.19,153.32,160.938,170.659,192.568,87.7054,55.5443,36.3455,15.7819,0.734904,264.471,264.369,258.412,258.412
42.60398244857788,-0.0038433611392974854,0.9999847412109375,0.0,6,-0.0742467,6.0,17992.3,288.147,-0.204871,27.4705,1.94305,3.75606,5.35276,7.8547,11.1332,14.3141,17.1231,21.1796,26.8644,140.991,146.495,151.575,159.104,168.711,190.363,87.4529,55.3754,36.3664,15.9036,0.754939,264.581,264.53,259.409,259.409
42.62902307510376,-0.010338360071182252,0.9999847412109375,0.0,6,-0.070721,6.0,18191.3,288.069,-0.155957,25.8298,1.79642,3.48917,4.98952,7.35694,10.488,13.5533,16.286,20.2772,26.0203,139.509,144.943,149.971,157.424,166.938,188.381,87.0632,55.152,36.3463,16.0126,0.774104,264.604,264.615,262.415,262.415
42.64867424964905,-0.014766907691955567,0.9999847412109375,0.0,6,-0.0667833,6.0,18117.3,288.301,-0.0602172,24.7264,1.65683,3.23553,4.64525,6.88955,9.89239,12.8717,15.5636,19.5756,25.6891,138.289,143.628,148.598,156.002,165.455,186.771,86.4369,54.8351,36.268,16.1057,0.792358,264.631,264.74,261.537,261.537
42.6637749671936,-0.014766907691955567,0.9999847412109375,0.0,6,-0.062321,6.0,17992.3,288.601,0.149988,23.6656,1.52469,2.99656,4.32282,6.45725,9.35705,12.2872,14.9899,19.1558,26.3654,137.386,142.602,147.519,154.905,164.338,185.631,85.5169,54.4002,36.1212,16.1805,0.809652,264.74,264.947,259.695,259.695
42.68740248680115,-0.014766907691955567,0.9999847412109375,0.0,6,-0.058009,6.0,17932.6,288.83,0.311196,22.6868,1.3992,2.76712,4.01078,6.03361,8.82441,11.6972,14.4025,18.7265,28.0393,136.362,141.472,146.342,153.699,163.101,184.337,84.6924,54.0012,35.9764,16.2492,0.825974,264.889,265.113,258.797,258.797
42.70733070373535,-0.014766907691955567,0.9999847412109375,0.0,6,-0.0536845,6.0,18159.8,288.737,0.437604,21.1051,1.28113,2.54982,3.71387,5.62892,8.31422,11.1348,13.8517,18.3925,129.742,135.328,140.335,145.165,152.494,161.863,183.043,83.8672,53.5998,35.816,16.3081,0.841263,265.061,265.279,261.921,261.921
42.729915380477905,-0.014766907691955567,0.9999847412109375,0.0,6,-0.0488036,6.0,18194.5,288.853,0.66435,19.7837,1.17133,2.34854,3.44073,5.2622,7.87013,10.6858,13.4927,18.5522,129.214,134.603,139.489,144.299,151.633,161.015,182.251,82.7482,53.0773,35.588,16.3482,0.855499,265.068,265.386,262.634,262.634
42.74894309043884,-0.014766907691955567,0.9999847412109375,0.0,6,-0.0435608,6.0,18064.2,289.159,0.913075,18.9076,1.06998,2.16302,3.18943,4.92927,7.48294,10.336,13.3148,19.4375,128.861,134.051,138.811,143.632,150.993,160.417,181.785,81.4558,52.4796,35.3127,16.3723,0.868617,265.211,265.63,260.751,260.751
42.76761245727539,-0.014766907691955567,0.9999847412109375,0.0,6,-0.0388425,6.0,17985.7,289.409,1.00907,18.0368,0.976868,1.98935,2.95115,4.60552,7.09111,9.95875,13.0953,20.8798,128.126,133.168,137.843,142.657,150.011,159.434,180.823,80.4517,51.9943,35.0746,16.3956,0.880569,265.431,265.795,259.573,259.573
42.78546214103699,-0.01998282074928284,0.9999847412109375,0.0,6,-0.0346158,6.0,18060.8,289.482,0.924604,17.2217,0.892426,1.82961,2.72916,4.29796,6.70538,9.56956,12.8497,121.491,127.066,131.999,136.608,141.396,148.713,158.091,179.396,79.6994,51.608,34.8672,16.4168,0.891317,265.708,265.946,260.499,260.499
42.80755400657654,-0.027609944716095926,0.9999847412109375,0.0,6,-0.0297297,6.0,18101.7,289.587,0.98161,16.2209,0.817841,1.69026,2.53834,4.04296,6.41913,9.373,13.0211,121.03,126.375,131.173,135.719,140.507,147.827,157.216,178.576,78.6201,51.0833,34.5864,16.4169,0.900848,265.749,266.066,261.23,261.23
42.82680940628052,-0.04237228073179722,0.9999847412109375,0.0,6,-0.0238717,6.0,18049.9,289.786,1.13762,15.6811,0.754181,1.57426,2.38444,3.85453,6.27206,9.48956,14.1,121.115,126.191,130.828,135.343,140.169,147.554,157.038,178.662,77.0851,50.3618,34.2139,16.3902,0.909068,265.797,266.336,260.596,260.596
42.84741806983948,-0.048720127344131475,0.9999847412109375,0.0,6,-0.0171583,6.0,18015.5,289.977,1.40319,15.1553,0.70282,1.48425,2.27163,3.74163,6.29266,10.0669,18.4074,121.593,126.402,130.874,135.433,140.333,147.84,157.498,179.587,75.1873,49.4762,33.7634,16.3381,0.915802,265.851,266.573,259.955,259.955
42.86518836021423,-0.048720127344131475,0.9999847412109375,0.0,6,-0.0101779,6.0,17975.6,290.157,1.58444,14.8517,0.664642,1.42136,2.2003,3.70295,6.49056,11.3305,114.826,122.086,126.669,131.052,135.689,140.676,148.329,158.191,180.856,73.2257,48.5478,33.287,16.2696,0.920919,265.953,266.764,259.443,259.443
42.88667583465576,-0.048720127344131475,0.9999847412109375,0.0,6,-0.00241119,6.0,18088.1,290.172,1.94603,14.1725,0.64093,1.39061,2.18238,3.77326,7.00585,15.0285,116.154,122.873,127.248,131.667,136.414,141.528,149.388,159.543,104.23,70.9964,47.4856,32.7423,16.1763,0.924316,265.968,266.951,260.976,260.976
42.90565848350525,-0.04035475254058838,0.9999847412109375,0.0,6,0.00621289,6.0,18056.7,290.339,2.37608,13.7946,0.632874,1.39621,2.22727,3.98467,8.0698,109.202,117.676,123.955,128.234,132.788,137.688,142.975,151.118,161.671,96.7849,68.5201,46.2918,32.1283,16.0573,0.925914,265.985,267.165,260.551,260.551
42.924882888793945,-0.009354249015450478,0.9999847412109375,0.0,6,0.0147454,6.0,18035.7,290.493,2.77824,13.514,0.641357,1.43952,2.3368,4.34841,10.0359,111.252,118.902,124.873,129.24,133.934,138.992,144.459,152.899,163.869,92.3949,66.1847,45.1364,31.5218,15.927,0.925573,266.105,267.302,260.234,260.234
42.9485719203949,0.0,0.9999847412109375,0.0,6,0.0208804,6.0,18019.1,290.648,2.74823,13.2612,0.66452,1.5107,2.48608,4.7823,13.0736,111.518,118.788,124.636,129.045,133.789,138.906,144.442,152.997,164.137,89.8755,64.7618,44.3799,31.0938,15.8192,0.923381,266.506,267.227,260.037,260.037
42.96767997741699,0.004485584795475006,0.9999847412109375,0.0,6,0.0245473,6.0,18071.8,290.738,2.17164,13.0248,0.700958,1.60625,2.66711,5.25136,19.553,110.337,117.445,123.208,127.572,132.267,137.332,142.812,151.282,162.314,89.0248,64.1845,44.0049,30.8406,15.7348,0.91949,266.954,267.086,260.689,260.689
42.98522686958313,0.005912876129150391,0.9999847412109375,0.0,6,0.0272357,6.0,18052.0,290.907,1.51252,12.7678,0.749329,1.72751,2.8886,5.80293,31.9177,108.635,115.644,121.322,125.606,130.215,135.185,140.56,148.866,159.68,88.7984,63.9245,43.772,30.6517,15.6534,0.914185,267.215,267.074,260.49,260.49
43.004313945770264,0.005912876129150391,0.9999847412109375,0.0,6,0.029411,6.0,18049.4,291.056,0.893851,12.6754,0.808472,1.87367,3.15206,6.45385,39.257,106.681,113.62,119.216,123.404,127.907,132.761,138.009,146.115,156.658,88.9115,63.8265,43.6104,30.4944,15.5697,0.907618,267.415,267.139,260.465,260.465
43.028557538986206,0.005912876129150391,0.9999847412109375,0.0,6,0.0314814,6.0,18058.0,291.194,0.395095,12.5786,0.877289,2.04335,3.45901,7.22928,44.1323,104.695,111.564,117.084,121.174,125.569,130.306,135.424,143.325,153.594,89.581,63.7587,43.4608,30.3416,15.4792,0.899984,267.57,267.261,260.54,260.54
43.04616379737854,0.0017785374075174332,0.9999847412109375,0.0,6,0.0336787,6.0,18049.8,291.341,0.052782,12.735,0.955261,2.23705,3.81285,8.16425,48.3855,102.796,109.586,115.031,119.029,123.323,127.95,132.948,140.657,150.67,194.205,63.6437,43.2879,30.1773,15.3792,0.891357,267.696,267.414,260.476,260.476
43.06669616699219,-0.0010389462113380432,0.9999847412109375,0.0,6,0.0362346,6.0,18052.8,291.481,-0.151394,12.8511,1.04169,2.45491,4.21844,9.31638,53.3877,101.099,107.783,113.15,117.068,121.276,125.809,130.703,138.25,148.047,192.808,63.4048,43.0589,29.9869,15.2679,0.881866,267.782,267.588,260.494,260.494
43.08822989463806,-0.012454213201999666,0.9999847412109375,0.0,6,0.0393102,6.0,18057.6,291.615,-0.205093,13.0609,1.13693,2.69996,4.68647,10.7415,60.2897,99.6754,106.221,111.501,115.356,119.497,123.956,128.771,136.194,145.829,191.327,62.9855,42.7484,29.7587,15.1444,0.871506,267.85,267.773,260.578,260.578
43.10761880874634,-0.031005266681313516,0.9999847412109375,0.0,6,0.0433585,6.0,18058.5,291.754,-0.15293,13.4141,1.24251,2.98077,5.24405,12.3746,72.8759,98.7249,105.087,110.264,114.087,118.194,122.617,127.394,134.762,144.328,189.702,62.2328,42.2869,29.4603,15.0074,0.860204,267.859,268.029,260.58,260.58
43.128785610198975,-0.03838643468916417,0.9999847412109375,0.0,6,0.0494549,6.0,18071.2,291.874,0.12456,13.8151,1.36273,3.32022,5.96525,14.5439,83.3566,98.7059,104.81,109.893,113.747,117.89,122.356,127.184,134.639,144.334,187.78,60.7992,41.5131,29.0144,14.8413,0.847712,267.73,268.383,260.757,260.757
43.1474084854126,-0.04035475254058838,0.9999847412109375,0.0,6,0.0571553,6.0,18050.8,292.025,0.635227,14.3748,1.50073,3.73051,6.8495,17.4575,86.1084,99.3027,105.141,110.22,114.157,118.396,122.971,127.924,135.588,145.581,185.607,58.8892,40.5113,28.4569,14.6511,0.833755,267.68,268.676,260.468,260.468
43.16802668571472,-0.04035475254058838,0.9999847412109375,0.0,6,0.0652744,6.0,18064.2,292.135,1.0962,14.8788,1.65741,4.20412,7.8448,21.1137,87.9819,99.9506,105.577,110.765,114.804,119.159,123.867,128.972,136.889,147.246,78.4222,56.9181,39.4659,27.872,14.4513,0.818105,267.735,268.824,260.654,260.654
43.18708300590515,-0.03838643468916417,0.9999847412109375,0.0,6,0.0733668,6.0,18087.1,292.232,1.4598,15.1948,1.83369,4.71769,8.94909,25.6112,89.3183,100.478,106.027,111.343,115.489,119.966,124.815,130.081,138.266,149.009,74.6577,55.0202,38.439,27.2884,14.2465,0.800634,267.825,268.909,260.979,260.979
43.208378314971924,-0.013585955277085305,0.9999847412109375,0.0,6,0.0801236,6.0,18109.0,292.331,1.76699,15.347,2.02385,5.27211,10.1736,31.2094,90.3277,100.898,106.495,111.945,116.203,120.807,125.801,131.236,139.704,150.856,71.5515,53.1957,37.4319,26.7067,14.0368,0.781343,267.917,268.99,261.299,261.299
43.225568532943726,-0.0017769098281860353,0.9999847412109375,0.0,6,0.0833875,6.0,18110.1,292.457,1.95443,15.4305,2.22063,5.8367,11.4063,36.9816,90.5693,100.749,106.414,111.939,116.261,120.941,126.023,131.56,140.204,151.629,69.239,51.7648,36.6036,26.2061,13.8381,0.761003,268.188,268.953,261.33,261.33
43.24624729156494,-0.0007437799125909806,0.9999847412109375,0.0,6,0.0844628,6.0,18122.9,292.578,1.68452,15.4754,2.41918,6.37753,12.5166,41.3837,89.8458,99.7681,105.404,110.903,115.207,119.868,124.932,130.454,139.076,150.564,67.9387,50.884,36.0379,25.83,13.6604,0.739965,268.555,268.834,261.503,261.503
43.26555776596069,-0.0004978239536285401,0.9999847412109375,0.0,6,0.0843546,6.0,18135.6,292.702,1.20287,15.4353,2.6193,6.90302,13.542,44.6845,88.6441,98.3436,103.896,109.315,113.555,118.147,123.135,128.574,137.067,148.296,67.1441,50.2799,35.6043,25.5163,13.4924,0.718419,268.808,268.806,261.689,261.689
43.28612923622131,-0.00030107833445072176,0.9999847412109375,0.0,6,0.083852,6.0,18146.6,292.831,0.770824,15.2351,2.82132,7.42507,14.537,47.5283,87.2977,96.782,102.235,107.554,111.716,116.223,121.118,126.453,134.783,145.784,66.5355,49.7585,35.2091,25.2199,13.3262,0.696521,268.967,268.865,261.849,261.849
43.30581569671631,-0.00030107833445072176,0.9999847412109375,0.0,6,0.0832745,6.0,18158.9,292.962,0.431755,14.9633,3.02471,7.94765,15.5247,50.2322,85.9314,95.2032,100.554,105.772,109.854,114.273,119.072,124.301,132.463,143.237,66.102,49.2464,34.8171,24.924,13.159,0.67442,269.098,268.969,262.01,262.01
43.327654123306274,-0.00030107833445072176,0.9999847412109375,0.0,6,0.0828425,6.0,18206.2,293.055,0.216686,14.4147,3.22981,8.47649,16.5296,53.0773,84.6249,93.6861,98.9417,104.066,108.074,112.413,117.124,122.256,130.263,140.831,65.8201,48.6927,34.4036,24.6169,12.9888,0.652165,269.179,269.075,262.717,262.717
43.34520411491394,-0.0017769098281860353,0.9999847412109375,0.0,6,0.0825879,6.0,18196.1,293.212,0.0947104,14.0462,3.43572,9.01056,17.5536,56.115,83.3805,92.2356,97.4042,102.443,106.384,110.65,115.281,120.325,128.195,138.58,65.7754,48.0948,33.9682,24.2989,12.8164,0.629879,269.288,269.224,262.578,262.578
43.36663317680359,-0.004482999816536904,0.9999847412109375,0.0,6,0.0825478,6.0,18191.3,293.361,0.0350383,13.7986,3.64299,9.55307,18.6075,59.3331,82.2066,90.8622,95.9527,100.916,104.798,108.999,113.559,118.528,126.278,136.505,66.2352,47.4446,33.507,23.9679,12.6411,0.607532,269.404,269.388,262.501,262.501
43.38552403450012,-0.006697177886962891,0.9999847412109375,0.0,6,0.0827681,6.0,18191.2,293.505,0.0365258,13.5897,3.85199,10.1073,19.704,60.6443,81.1121,89.5784,94.6018,99.4999,103.331,107.477,111.98,116.885,124.537,134.637,164.699,46.7336,33.0157,23.6219,12.4626,0.585123,269.508,269.551,262.499,262.499
43.40696930885315,-0.006697177886962891,0.9999847412109375,0.0,6,0.0833127,6.0,18212.6,293.622,0.0859173,13.396,4.06331,10.6778,20.8608,61.1782,80.1101,88.4019,93.3709,98.2172,102.008,106.113,110.57,115.427,123.007,133.015,163.096,45.9505,32.4887,23.2582,12.2802,0.562645,269.597,269.716,262.799,262.799
43.425517082214355,-0.006697177886962891,0.9999847412109375,0.0,6,0.0841071,6.0,18212.9,293.763,0.183985,13.2501,4.27741,11.2652,22.0777,61.4215,79.171,87.3062,92.2303,97.0346,100.794,104.865,109.288,114.108,121.635,131.579,161.455,45.1136,31.9344,22.8804,12.0943,0.540032,269.686,269.866,262.813,262.813
43.44536805152893,-0.0038433611392974854,0.9999847412109375,0.0,6,0.0849797,6.0,18213.7,293.9,0.273934,13.1942,4.49348,11.8629,23.3305,61.444,78.2369,86.2313,91.1132,95.878,99.6079,103.648,108.038,112.826,120.305,130.192,159.803,44.2631,31.3724,22.4981,11.907,0.517296,269.804,270.005,262.823,262.823
43.46576523780823,-0.0004978239536285401,0.9999847412109375,0.0,6,0.0856807,6.0,18215.3,294.036,0.333385,13.1464,4.71086,12.4612,24.5766,61.2428,77.2372,85.0973,89.9295,94.6475,98.3417,102.344,106.695,111.44,118.857,128.666,158.178,43.4493,30.8271,22.1231,11.7202,0.494366,269.947,270.111,262.846,262.846
43.48526048660278,0.0013847589492797852,0.9999847412109375,0.0,6,0.0859639,6.0,18221.7,294.167,0.316408,13.1416,4.92706,13.0434,25.7544,60.79,76.1054,83.8234,88.5893,93.2428,96.887,100.836,105.128,109.812,117.131,126.815,156.614,42.7223,30.3238,21.7683,11.5368,0.471339,270.118,270.189,262.921,262.921
43.50507831573486,0.004485584795475006,0.9999847412109375,0.0,6,0.0859095,6.0,18233.3,294.29,0.229225,13.1062,5.14218,13.6108,26.8689,60.1655,74.873,82.4407,87.1268,91.7026,95.2856,99.1681,103.388,107.993,115.189,124.709,155.099,42.062,29.8527,21.4289,11.3561,0.448222,270.272,270.264,263.103,263.103
43.52366781234741,0.005174625292420388,0.9999847412109375,0.0,6,0.0855662,6.0,18239.3,294.419,0.126485,13.0946,5.3561,14.1635,27.9209,59.4123,73.5611,80.9699,85.5655,90.0522,93.5651,97.3709,101.508,106.02,113.071,122.397,153.621,41.4558,29.4078,21.1021,11.1774,0.425032,270.425,270.348,263.19,263.19
43.546473026275635,0.005174625292420388,0.9999847412109375,0.0,6,0.0849864,6.0,18245.3,294.547,0.00222957,13.0998,5.56821,14.7006,28.912,58.5612,72.1872,79.4297,83.9266,88.3158,91.7517,95.4733,99.5176,103.928,110.817,119.925,152.171,40.8939,28.9847,20.786,11.001,0.401851,270.57,270.439,263.276,263.276
43.56903266906738,0.0038457546383142472,0.9999847412109375,0.0,6,0.0843245,6.0,18251.6,294.675,-0.110277,13.1175,5.77893,15.2288,29.8716,57.6641,70.7943,77.8695,82.2658,86.5553,89.9123,93.5474,97.4967,101.802,108.526,117.41,150.727,40.3466,28.5691,20.4738,10.8256,0.378729,270.698,270.546,263.366,263.366
43.586278676986694,0.0,0.9999847412109375,0.0,6,0.0837237,6.0,18258.6,294.8,-0.189062,13.1414,5.9891,15.7564,30.8327,56.7625,69.4196,76.3331,80.6313,84.8241,88.1046,91.6564,95.5145,99.7193,106.283,114.951,149.269,39.786,28.1473,20.1589,10.65,0.355676,270.808,270.668,263.466,263.466
43.603907108306885,-0.0059099081903696065,0.9999847412109375,0.0,6,0.0834224,6.0,18265.8,294.925,-0.219138,13.1658,6.20051,16.299,31.8565,55.9122,68.1176,74.8861,79.0975,83.2051,86.4185,89.8973,93.6751,97.7924,104.219,112.704,147.769,39.1681,27.6978,19.8307,10.4721,0.332693,270.889,270.817,263.57,263.57
43.62656927108765,-0.024411464110016823,0.9999847412109375,0.0,6,0.0837037,6.0,18273.4,295.049,-0.165214,13.1943,6.41606,16.8787,33.0262,55.1691,66.9491,73.6047,77.7489,81.7914,84.9543,88.379,92.0985,96.1524,102.481,110.838,146.195,38.4448,27.195,19.4765,10.2892,0.309725,270.938,270.998,263.679,263.679
43.64758253097534,-0.04655496813356877,0.9999847412109375,0.0,6,0.0853907,6.0,18281.0,295.17,0.00537261,13.2723,6.64425,17.5612,34.5943,54.6966,66.0971,72.7133,76.8372,80.8629,84.0149,87.4294,91.1405,95.1881,101.512,109.876,144.449,37.5017,26.5665,19.0597,10.0932,0.286604,270.884,271.271,263.789,263.789
43.66636300086975,-0.06028407849371434,0.9999847412109375,0.0,6,0.0894,6.0,18284.2,295.289,0.449897,13.3557,6.89654,18.4353,36.6098,54.6556,65.7759,72.4702,76.6527,80.7431,83.9507,87.4307,91.2189,95.3576,101.84,110.44,142.418,36.1557,25.7404,18.5431,9.87507,0.263045,270.712,271.622,263.846,263.846
43.68654227256775,-0.06525413133203983,0.9999847412109375,0.0,6,0.0954692,6.0,18290.1,295.396,1.16244,13.4759,7.17687,19.525,38.2234,54.959,65.949,72.8349,77.1534,81.3887,84.7185,88.3393,92.2909,96.6202,103.425,112.502,140.115,34.4806,24.7565,17.9424,9.63585,0.238675,270.562,271.94,263.919,263.919
43.70677328109741,-0.06525413133203983,0.9764556884765625,0.0,6,0.102621,6.0,18300.8,295.488,1.93111,13.5716,7.48191,20.7965,39.5315,55.3984,66.4209,73.5739,78.0809,82.517,86.0156,89.831,94.0082,98.6005,105.854,140.784,137.639,32.7021,23.7095,17.3022,9.38267,0.213215,270.503,272.139,264.073,264.073
43.72582745552063,-0.06274449974298478,0.7490081787109375,0.0313720703125,6,0.110182,6.0,18303.8,295.554,2.5807,13.706,7.80985,22.2273,40.6016,55.85,67.0579,74.5266,79.2572,83.9325,87.6326,91.6816,96.1303,101.041,108.839,138.397,135.061,30.9471,22.6549,16.6486,9.11938,0.186388,270.51,272.257,264.117,264.117
43.74746012687683,-0.034597430005669595,0.5372467041015625,0.1372528076171875,6,0.117882,6.0,18218.3,295.417,3.12411,13.8297,8.1608,23.8174,41.4869,56.2736,67.8108,75.6349,80.6189,85.5664,89.4977,93.8151,98.578,103.859,137.482,135.953,132.409,29.2523,21.6112,15.9908,8.84708,0.158027,269.949,271.743,262.9,262.9
43.763864517211914,-0.010338360071182252,0.2235260009765625,0.2784271240234375,6,0.123713,6.0,18082.5,294.878,3.33166,14.0429,8.5135,25.3438,41.9449,56.315,68.1367,76.2178,81.3892,86.541,90.6477,95.1711,100.178,105.749,135.288,133.698,130.006,27.8524,20.6985,15.3925,8.57955,0.12815,268.108,269.525,260.961,260.961
43.78639030456543,-0.002711714804172516,0.04705810546875,0.3450927734375,6,0.126404,6.0,17881.9,293.719,2.97838,14.2056,8.84767,26.4895,41.8574,55.7894,67.6385,75.7647,80.9766,86.1774,90.3297,94.9101,99.9879,105.649,133.42,131.817,128.103,26.8656,19.9729,14.8865,8.32571,0.0970628,265.276,266.056,257.84,258.357
43.805177211761475,0.0,0.0,0.42352294921875,6,0.12712,6.0,17705.6,292.088,2.31489,14.2922,9.16857,27.0867,41.4473,54.9162,66.616,74.6473,79.8013,84.9471,89.057,93.5922,98.6221,104.242,131.768,130.184,126.528,26.1628,19.3527,14.4329,8.07927,0.0651796,263.146,263.621,255.353,255.797
43.82363533973694,0.00030174851417541504,0.0,0.51763916015625,6,0.127257,6.0,17541.6,290.161,1.70277,14.4218,9.48794,27.4124,40.9344,53.9553,65.4574,73.3541,78.4225,83.483,87.5252,91.9861,96.9339,102.454,130.185,128.629,125.05,25.6056,18.7569,13.9902,7.83275,0.0327884,260.799,260.958,253.0,253.437
43.846688985824585,0.00030174851417541504,0.0,0.588226318359375,6,0.12721,6.0,17396.9,287.981,1.21656,14.5902,9.80752,27.5781,40.3791,52.9779,64.2693,72.0209,76.9958,81.9631,85.9307,90.3091,95.1653,100.581,128.63,127.103,123.606,25.164,18.1665,13.5493,7.58549,0.000148773,257.214,257.286,250.9,251.335
43.86433529853821,0.00030174851417541504,0.0,0.6392059326171875,6,0.127006,6.0,17227.1,285.612,0.824347,14.8181,10.126,27.6225,39.7886,51.9888,63.0596,70.6579,75.5336,80.4008,84.2883,88.578,93.3349,98.6396,127.1,125.604,122.191,24.8699,17.582,13.1111,7.3383,-0.0325955,253.535,253.528,248.547,248.861
43.889005184173584,-0.0004978239536285401,0.0,0.6588134765625,6,0.126819,6.0,17042.3,283.108,0.556892,14.8922,10.4442,27.5865,39.1847,51.0171,61.8721,69.3205,74.0992,78.8694,82.6786,86.8814,91.5417,96.7382,125.58,124.113,120.781,24.7442,16.9968,12.6727,7.09126,-0.0652986,249.829,249.826,245.871,246.217
43.906291484832764,-0.014766907691955567,0.0,0.6705780029296875,6,0.126727,6.0,16861.0,280.422,0.382988,15.0026,10.7621,27.4882,38.5782,50.0741,60.724,68.031,72.7188,77.3977,81.1339,85.2558,89.8264,94.9223,124.064,122.624,119.366,24.8296,16.4235,12.2336,6.84478,-0.0978509,247.978,248.146,243.248,243.618
43.92666816711426,-0.048720127344131475,0.0,0.67449951171875,6,0.127619,6.0,16684.4,277.768,0.31672,15.0785,11.0928,27.405,38.0654,49.3055,59.8332,67.064,71.7065,76.3427,80.047,84.1356,88.6716,93.7321,122.466,121.041,117.826,24.9927,15.8594,11.7726,6.59418,-0.13028,245.177,245.431,240.563,241.191
43.94776129722595,-0.08419944196939469,0.0,0.682342529296875,6,0.131034,6.0,16562.0,275.08,0.509984,15.3484,11.4629,27.4453,37.801,48.9638,59.5768,66.8983,71.6123,76.3312,80.1089,84.2867,88.9315,94.4289,120.641,119.198,115.949,24.7037,15.2271,11.2544,6.33073,-0.162829,241.548,242.258,238.48,239.729
43.965235471725464,-0.08710275627672673,0.0,0.6941070556640625,6,0.137823,6.0,16387.5,272.461,1.18215,15.5694,11.8943,27.6648,37.862,49.2093,60.2059,67.8607,72.8195,77.8069,81.8167,86.2696,91.2423,119.665,118.489,116.986,113.597,23.5267,14.4794,10.6651,6.04942,-0.195882,237.197,238.641,235.585,237.624
43.985100507736206,-0.08710275627672673,0.0,0.698028564453125,6,0.146764,6.0,16197.1,269.831,2.29343,15.6051,12.3596,27.9831,38.1195,49.8831,61.5027,69.6944,75.0471,80.4674,84.8527,89.7508,118.163,117.348,116.101,114.507,110.898,21.9302,13.679,10.0407,5.75625,-0.229707,232.776,234.951,232.576,235.143
44.0065279006958,-0.08419944196939469,0.0,0.7019500732421875,6,0.156844,6.0,16002.5,267.022,3.39395,15.7188,12.7835,28.3394,38.4959,50.8592,63.2976,72.204,78.0865,84.0947,89.0492,116.569,115.757,114.885,113.551,111.842,107.952,20.3085,12.8796,9.42693,5.45599,-0.264462,230.921,233.963,229.635,232.478
44.024502754211426,-0.07578476108610631,0.0,0.7019500732421875,6,0.167891,6.0,15814.6,264.293,4.57449,15.75,13.1669,28.7329,39.0375,52.1589,65.6495,75.4934,82.081,115.658,114.898,114.083,113.208,112.268,110.828,108.975,104.726,18.7325,12.0912,8.83624,5.14859,-0.300372,227.777,231.116,226.727,229.892
44.04610252380371,-0.07578476108610631,0.0,0.7019500732421875,6,0.177772,6.0,15697.4,261.518,5.20222,16.0543,13.4899,29.0296,39.5219,53.3801,67.932,78.7506,86.1491,113.341,112.53,111.661,110.727,109.723,108.182,106.193,101.582,17.508,11.3984,8.30485,4.84094,-0.337593,224.297,227.556,225.256,228.007
44.06597065925598,-0.07578476108610631,0.0,0.70587158203125,6,0.185487,6.0,15520.8,258.861,5.28693,16.2448,13.7424,29.1699,39.8193,54.2665,69.7088,81.3745,112.287,111.191,110.341,109.429,108.45,107.397,105.776,103.684,98.7719,16.664,10.8261,7.84319,4.53441,-0.376227,220.457,223.522,222.973,225.226
44.08450770378113,-0.08710275627672673,0.0,0.713714599609375,6,0.191804,6.0,15332.1,256.24,5.18713,16.2468,13.9435,29.2065,39.9985,54.9337,71.1462,83.7437,110.296,109.159,108.278,107.333,106.319,105.225,103.544,101.367,96.2036,16.0469,10.3366,7.43283,4.23444,-0.416106,216.275,219.52,220.376,222.377
44.104010343551636,-0.11544705033302308,0.0,0.7333221435546875,6,0.199532,6.0,15128.8,253.14,4.97043,16.6804,14.1408,29.3277,40.4052,56.0476,73.3735,109.402,108.168,106.977,106.054,105.063,103.998,102.849,101.082,98.7803,93.2105,15.2861,9.82605,7.02896,3.9549,-0.457172,219.274,222.714,217.375,219.548
44.12991118431091,-0.14024839140474796,0.0,0.7529296875,6,0.192174,6.0,14910.8,250.214,5.74265,17.2323,14.4194,29.8716,41.7319,59.0338,78.9869,106.752,105.397,104.087,103.069,101.972,100.791,99.5141,97.5294,94.9025,88.0069,13.8828,9.13127,6.55744,3.68078,-0.497598,218.207,221.615,213.506,217.126
44.145503282547,-0.1477773819118738,0.0,0.76861572265625,6,0.187001,6.0,14851.0,247.099,6.53251,18.6016,14.7516,30.7741,43.8439,63.8064,106.084,103.61,102.075,100.581,99.4172,98.16,96.7924,95.2972,92.9244,89.6244,23.6676,12.3269,8.3608,6.05638,3.41347,-0.535032,214.533,218.887,212.121,216.691
44.16759419441223,-0.1477773819118738,0.0,0.776458740234375,6,0.183656,6.0,14671.1,244.119,6.87597,20.2039,15.0892,31.8291,46.3451,69.7223,103.053,100.252,98.5011,96.7906,95.4436,93.9736,92.3504,90.5298,87.4924,82.5243,16.8219,10.9627,7.62401,5.56933,3.15429,-0.570525,210.426,214.714,209.625,214.055
44.18752074241638,-0.1477773819118738,0.0,0.7803802490234375,6,0.180343,6.0,14499.4,241.209,6.99959,21.5725,15.3961,32.863,48.8742,76.0971,100.063,96.9293,94.9579,93.0069,91.4515,89.7179,87.7493,85.426,80.9372,26.7974,14.2101,9.8544,6.96775,5.12014,2.90826,-0.604675,205.313,209.527,207.24,211.392
44.20543360710144,-0.14398828148841858,0.0,0.7843017578125,6,0.173383,6.0,14301.7,238.348,6.5031,22.7628,15.6424,33.7003,51.0043,102.434,97.3513,93.9377,91.767,89.5914,87.8214,85.7988,83.3863,80.2254,41.0276,17.736,12.6284,8.99089,6.40701,4.71816,2.67588,-0.637511,200.554,204.466,205.004,208.075
44.227787256240845,-0.08419944196939469,0.0,0.7960662841796875,6,0.167003,6.0,14073.9,235.633,6.31928,23.2914,15.8553,34.46,52.9835,100.207,94.7744,91.0996,88.7342,86.3165,84.2981,81.8897,78.7238,63.4554,22.8946,15.1636,11.4006,8.23882,5.89594,4.34255,2.45493,-0.668732,194.745,198.471,201.803,204.686
44.24697422981262,-0.017276443541049957,0.0,0.823516845703125,6,0.15847,6.0,13873.7,232.969,6.25503,23.4395,16.0173,35.0421,54.5501,98.1669,92.466,88.5831,86.0491,83.4115,81.1364,78.2507,73.3719,34.0652,18.2771,13.6804,10.4816,7.61399,5.44737,4.00305,2.25021,-0.698083,188.069,191.682,199.103,201.584
44.26522660255432,-0.005171848833560944,0.0,0.8274383544921875,6,0.146218,6.0,13651.4,230.492,5.8382,23.1968,16.094,35.226,55.1186,96.5088,90.7137,86.7633,84.1733,81.4546,79.0778,75.9548,62.3045,30.3865,17.6965,13.1077,9.95705,7.17121,5.08931,3.71653,2.06564,-0.725075,178.554,181.812,196.33,197.962
44.28512239456177,-0.0022532987144341073,0.0,0.83135986328125,6,0.131777,6.0,13431.9,228.184,4.94948,22.6371,16.0949,35.0464,54.7551,95.1984,89.4659,85.5813,83.0482,80.4077,78.1234,75.1948,69.7352,33.8589,19.2987,13.3399,9.77144,6.88338,4.81141,3.47696,1.90162,-0.749607,167.026,169.459,193.566,194.397
44.30760383605957,-0.0014284191747754814,0.0,0.83135986328125,6,0.115368,6.0,13201.7,226.088,3.87145,21.7879,16.0497,34.6717,53.8924,94.0815,88.4906,84.7373,82.3144,79.823,77.7103,75.1177,71.3644,43.3184,22.5661,14.584,9.84638,6.7027,4.59043,3.27252,1.75661,-0.77158,152.962,153.866,190.484,190.83
44.32567048072815,-0.0014519126078424353,0.0,0.83135986328125,6,0.0988581,6.0,13034.9,224.05,2.73281,20.8796,15.9771,34.2086,52.8135,93.0581,87.6395,84.0384,81.7402,79.4082,77.4715,75.1801,72.2103,64.3128,27.8677,16.915,10.2012,6.61194,4.414,3.09894,1.62894,-0.790878,137.016,136.389,188.393,187.987
44.3448166847229,-0.0023687974762792393,0.0,0.83135986328125,6,0.0826785,6.0,12837.3,221.94,1.62172,20.0077,15.888,33.7212,51.6846,92.0702,86.8269,83.3764,81.1974,79.0111,77.2285,75.1704,72.6642,69.1252,36.3207,20.053,10.9452,6.60368,4.27765,2.95276,1.51833,-0.807676,122.615,120.736,186.167,184.738
44.36675667762756,-0.006394126668100556,0.0,0.83135986328125,6,0.0667092,6.0,12583.4,220.168,0.650723,18.8418,15.7921,33.2598,50.6307,91.071,85.9874,82.6713,80.5948,78.5318,76.8713,74.9891,72.778,69.9586,49.9382,24.0675,12.2128,6.6761,4.17861,2.83155,1.42432,-0.821997,104.386,101.225,182.22,181.156
44.3850736618042,-0.008281436252715066,0.0,0.83135986328125,6,0.0520188,6.0,12496.5,218.089,-0.200509,17.9646,15.6993,32.8325,49.6697,90.0523,85.1109,81.9129,79.9238,77.9648,76.4019,74.6563,72.6488,70.2206,64.6819,29.2448,13.6759,6.85098,4.11903,2.73797,1.34638,-0.833881,87.3812,83.8113,180.697,180.021
44.405176639556885,-0.0011596284716700513,0.0,0.83135986328125,6,0.0383474,6.0,12184.5,216.061,-0.875039,16.9818,15.6178,32.4755,48.884,88.9832,84.1551,81.0515,79.1316,77.2534,75.7642,74.1172,72.2503,70.057,65.7715,35.2902,15.161,7.12695,4.09581,2.66944,1.28415,-0.843524,73.8922,69.6404,176.873,175.431
44.427364349365234,0.0025063999159634113,0.0,0.83135986328125,6,0.0251586,6.0,11812.7,214.612,-1.44387,15.6154,15.5431,32.1605,48.203,87.885,83.153,80.1294,78.2679,76.4567,75.028,73.4589,71.7005,69.6715,65.9671,42.6695,16.7144,7.54899,4.11958,2.62894,1.23779,-0.850985,52.7926,48.2145,170.687,170.487
44.44373106956482,0.026201663692016153,0.0,0.8352813720703125,6,0.0134703,6.0,11736.3,212.65,-1.86119,14.6491,15.4762,31.8939,47.6388,86.7528,82.0984,79.1406,77.3273,75.5701,74.1903,72.6823,71.0069,69.0964,65.741,51.1838,18.2571,7.99303,4.19187,2.61825,1.20643,-0.856386,34.125,29.5018,169.194,169.539
44.46547031402588,0.051459436987303195,0.0,0.8352813720703125,6,0.00266045,6.0,11175.6,211.068,-2.15423,13.3857,15.4205,31.694,47.232,85.5706,80.9706,78.0616,76.2842,74.567,73.2233,71.7596,70.143,68.3141,65.1734,58.3041,19.6021,8.39151,4.31324,2.63588,1.19,-0.859848,18.0827,13.4411,162.164,161.604
44.4864718914032,0.07019928567751,0.0,0.08352813720703126,6,-0.00819856,6.0,10594.9,210.285,-2.48253,11.7747,15.3631,31.4848,46.8052,84.4013,79.8579,76.9985,75.2574,73.5803,72.2728,70.8528,69.293,67.5421,64.5931,59.238,21.134,8.81662,4.48796,2.68913,1.18879,-0.861486,0.0,0.0,151.791,154.328
44.5061981678009,0.0767885258987546,0.0,0.08352813720703126,6,-0.0180896,6.0,11219.6,208.81,-2.73054,10.6069,15.3085,31.2933,46.4206,83.2213,78.728,75.9134,74.2051,72.5639,71.2885,69.9071,68.3968,66.7125,63.9175,59.2387,22.6923,9.23936,4.66358,2.77639,1.20207,-0.861371,1.37953,0.990508,159.883,162.922
44.52537393569946,0.0744217384393979,0.0,0.8352813720703125,6,-0.0272544,6.0,11266.9,207.689,-2.87251,9.17673,15.2636,31.1572,46.1636,81.9984,77.538,74.7557,73.0716,71.4572,70.2054,68.8525,67.3781,65.7414,63.05,58.7254,23.926,9.60414,4.82438,2.86633,1.22929,-0.859609,6.62741,6.00852,160.96,164.435
44.546523094177246,0.07167446803265562,0.0,0.08352813720703126,6,-0.0355585,6.0,10391.8,207.349,-3.03704,7.45077,15.2193,31.0256,45.9174,80.7728,76.3439,73.5929,71.932,70.3432,69.114,67.7883,66.3478,64.7555,62.1583,58.1157,25.1848,9.97078,4.98555,2.95643,1.2656,-0.856245,0.0,0.0,148.602,152.526
44.56840920448303,0.05325473174356856,0.0,0.08352813720703126,6,-0.0363839,6.0,10619.1,206.221,-3.16916,6.16746,15.1749,30.8926,45.6679,79.5506,75.1537,72.4341,70.7964,69.2332,68.0263,66.7275,65.32,63.7709,61.2631,57.463,26.5231,10.346,5.1482,3.04678,1.3019,-0.852252,3.62798,4.15476,150.712,154.843
44.58514595031738,0.02954476287206014,0.0,0.83135986328125,6,-0.0368865,6.0,10645.1,204.802,-3.2347,4.98323,15.1351,30.7857,45.4781,78.3119,73.9396,71.2463,69.6281,68.0865,66.8985,65.6223,64.2426,62.7291,60.2932,56.6719,27.6577,10.6889,5.30299,3.13453,1.33791,-0.848248,14.118,14.8966,151.567,155.87
44.60621094703674,0.015274874106369291,0.0,0.08313598632812501,6,-0.0374387,6.0,10251.2,202.873,-3.27922,4.13575,15.0946,30.6753,45.2803,77.0841,72.7378,70.0713,68.4731,66.9535,65.7845,64.531,63.1791,61.701,59.3358,55.8804,28.87,11.0415,5.45986,3.2229,1.37394,-0.844254,2.49884,3.38741,145.431,150.632
44.62439036369324,0.0033873624310766658,0.0,0.83135986328125,6,-0.0374158,6.0,10949.9,200.212,-3.15885,3.76656,15.0622,30.6106,45.1862,75.8271,71.4946,68.8466,67.2626,65.7591,64.604,63.3671,62.0353,60.5823,58.2663,54.9175,29.5906,11.3221,5.59937,3.30543,1.4092,-0.840253,21.0432,21.8536,154.886,160.046
44.64583110809326,0.0,0.0,0.83135986328125,6,-0.0362838,6.0,11015.2,197.126,-2.77061,3.73875,15.0449,30.633,45.2904,74.5059,70.1644,67.5198,65.9399,64.4418,63.2911,62.0602,60.7354,59.2901,56.9883,53.6591,29.3157,11.456,5.70393,3.37648,1.4431,-0.83621,18.9596,19.553,156.595,161.174
44.66556167602539,-0.0017998067768942563,0.0,0.83135986328125,6,-0.0338634,6.0,11117.1,193.871,-2.13955,3.8928,15.0447,30.7567,45.6282,73.1085,68.733,66.0743,64.4874,62.9826,61.8259,60.5893,59.2565,57.7993,55.472,52.0619,28.038,11.4263,5.76924,3.43508,1.47599,-0.832042,19.0579,19.3771,158.616,162.092
44.686418294906616,-0.00686593101773411,0.0,0.83135986328125,6,-0.0303205,6.0,11149.9,190.693,-1.34461,4.14122,15.0605,30.974,46.1843,71.6449,67.2141,64.5259,62.9227,61.4001,60.2284,58.9751,57.62,56.1328,53.739,50.1282,26.1545,11.2583,5.7961,3.4798,1.50675,-0.827892,19.2421,19.3031,159.811,162.013
44.70594263076782,-0.01684266279394428,0.0,0.8274383544921875,6,-0.0263599,6.0,11059.5,187.716,-0.563974,4.40404,15.0829,31.231,47.1846,70.1641,65.6716,62.9491,61.3259,59.7809,58.5916,57.3164,55.9317,54.4066,51.9201,47.995,24.3417,11.0529,5.80799,3.51838,1.53641,-0.823768,18.5803,18.541,158.944,160.424
44.72526812553406,-0.021994905392726263,0.0,0.8274383544921875,6,-0.0228103,6.0,10843.7,185.008,0.0610895,4.45549,15.1004,31.4607,74.3134,68.727,64.1837,61.4342,59.7948,58.2322,57.029,55.7354,54.326,52.7681,50.1952,45.8989,23.0201,10.9034,5.82928,3.55889,1.56575,-0.819732,16.3546,16.326,155.948,157.284
44.74649477005005,-0.024116187538951634,0.0,0.8274383544921875,6,-0.0200437,6.0,10665.1,182.492,0.492014,4.38517,15.1075,31.6287,73.0203,67.3622,62.7871,60.0236,58.376,56.8053,55.5952,54.292,52.8701,51.2934,48.6659,44.0419,22.2196,10.8424,5.87152,3.60592,1.59558,-0.815766,10.5508,10.5586,153.422,154.615
44.76408791542053,-0.017635165894031524,0.0,0.0823516845703125,6,-0.0181859,6.0,10504.3,180.08,0.734531,4.26128,15.103,31.7233,71.784,66.0801,61.494,58.731,57.0847,55.5165,54.3086,53.0068,51.5867,50.0103,47.375,42.6153,21.8618,10.8686,5.93489,3.65907,1.62529,-0.811973,2.90287,2.99142,151.169,152.211
44.78444266319275,-0.0025460156321525573,0.0,0.8195953369140625,6,-0.0172256,6.0,10783.4,178.06,0.802664,4.05365,15.0865,31.7429,70.605,64.8796,60.3027,57.554,55.9186,54.3631,53.166,51.877,50.4733,48.917,46.3234,41.7174,21.8797,10.9787,6.0203,3.7191,1.6552,-0.808321,19.5916,19.7901,155.262,155.947
44.80509281158447,0.005568973195832223,0.0,0.815673828125,5,-0.0169967,6.0,10311.4,176.23,0.76153,3.70816,15.0605,31.7011,69.4732,63.7453,59.1932,56.4697,54.8526,53.3178,52.1386,50.8711,49.4944,47.9736,45.4587,41.1865,22.1851,11.1561,6.12368,3.78475,1.68521,-0.804801,9.41663,9.75556,148.737,149.25
44.826181411743164,0.033529163539661094,0.0,0.08078308105468751,5,-0.0172976,5.0,11186.9,174.239,0.648743,3.37036,15.0275,31.6148,68.3791,62.6619,58.1456,55.4545,53.8608,52.3517,51.1947,49.9544,48.6115,47.135,44.719,40.8154,22.7032,11.3841,6.24064,3.85466,1.71528,-0.801379,0.0,0.0,146.546,146.741
44.84743309020996,0.06887332545717557,0.0,0.7882232666015625,5,-0.0179737,5.0,11152.0,172.504,0.48361,3.09622,14.9898,31.4975,67.3144,61.6169,57.1437,54.4895,52.9223,51.4417,50.3098,49.0998,47.7939,46.3662,44.0561,40.4919,23.3866,11.6508,6.36793,3.92778,1.7454,-0.798032,13.4124,13.4952,151.358,151.262
44.86382794380188,0.0760730698177591,0.0,0.07490081787109375,5,-0.018894,5.0,10912.5,170.805,0.301616,2.82767,14.9493,31.361,66.2701,60.5981,56.1719,53.5571,52.0179,50.5674,49.4615,48.283,47.0154,45.6372,43.4321,40.1605,24.1948,11.9448,6.50203,4.00281,1.77539,-0.794758,3.43713,3.56126,144.801,144.419
44.885419845581055,0.08022681552463211,0.0,0.698028564453125,5,-0.0198816,5.0,11153.0,169.061,0.133765,2.51958,14.9082,31.2203,65.2379,59.593,55.2144,52.6392,51.1278,49.7072,48.6268,47.479,46.2485,44.9175,42.81,39.7787,25.0612,12.2494,6.63834,4.07826,1.80518,-0.791529,17.8215,18.0354,147.789,147.205
44.906349658966064,0.08099388282829585,0.0,0.619598388671875,5,-0.0208495,5.0,10739.7,167.331,-0.01138,2.27732,14.8676,31.0823,64.2121,58.5941,54.2625,51.7257,50.2415,48.8497,47.7939,46.6753,45.4802,44.1932,42.1747,39.3413,25.9503,12.5566,6.77483,4.15358,1.83485,-0.788316,10.5715,10.7895,142.523,141.903
44.92544722557068,0.07166324303299189,0.0,0.5137176513671875,5,-0.0216745,5.0,10617.0,165.314,-0.121825,2.1362,14.8294,30.9575,63.1875,57.594,53.3064,50.8061,49.3473,47.9824,46.9496,45.8581,44.6953,43.4483,41.5082,38.8368,26.7919,12.8499,6.90669,4.22699,1.86408,-0.785128,7.14624,7.3306,140.844,140.193
44.94625282287598,0.06915755418224259,0.0,0.4274444580078125,5,-0.0223072,5.0,10525.4,163.286,-0.193938,2.01184,14.794,30.8492,62.1623,56.5904,52.3436,49.8772,48.4421,47.1022,46.0905,45.0239,43.8908,42.6798,40.8086,38.2718,27.5512,13.123,7.03258,4.29819,1.89299,-0.781941,8.94247,9.07201,139.633,139.067
44.966655015945435,0.06986722712488845,0.0,0.305877685546875,5,-0.0227655,5.0,10447.2,161.37,-0.235349,1.81001,14.7611,30.7561,61.1373,55.5842,51.3756,48.9411,47.5281,46.2118,45.2199,44.1763,43.0704,41.8922,40.0829,37.6614,28.2249,13.3754,7.1524,4.36711,1.9215,-0.778762,13.5402,13.7089,138.534,137.956
44.98656177520752,0.07731206109098468,0.0,0.2078399658203125,5,-0.0230592,5.0,10437.4,159.61,-0.244101,1.6353,14.7307,30.6769,60.1121,54.5757,50.4029,47.9988,46.6067,45.3125,44.3391,43.3171,42.2366,41.0888,39.3354,37.0149,28.8091,13.6072,7.26621,4.43378,1.94964,-0.775591,20.8797,21.0184,138.328,137.878
45.00739598274231,0.08884211835702259,0.0,0.149017333984375,5,-0.0232132,5.0,10405.8,157.978,-0.226916,1.52286,14.7019,30.6088,59.0872,53.566,49.4276,47.0526,45.6806,44.4076,43.452,42.4504,41.394,40.2747,38.5731,36.3431,29.3167,13.8227,7.37589,4.4992,1.97778,-0.77239,31.7519,31.8598,137.861,137.53
45.02654576301575,0.11360681188913684,0.0,0.1294097900390625,5,-0.0232967,5.0,10341.9,156.438,-0.194594,1.45016,14.6742,30.5467,58.0657,52.5596,48.4551,46.1088,44.7564,43.5043,42.5659,41.5842,40.5509,39.4591,37.8068,35.6604,29.565,14.029,7.48298,4.56369,2.00577,-0.769188,44.8519,44.9388,137.005,136.741
45.046149492263794,0.14157791549444199,0.0,0.117645263671875,5,-0.0234502,5.0,10248.8,154.976,-0.165021,1.26967,14.6455,30.5162,57.0549,51.5659,47.4969,45.1801,43.8478,42.6168,41.6959,40.7342,39.7243,38.6599,37.0563,34.9912,29.4971,14.2453,7.59282,4.62914,2.03388,-0.765991,58.4219,58.5285,135.779,135.473
45.066774129867554,0.1572706263927339,0.0,0.1028435482240237,5,-0.0238164,5.0,10169.6,153.657,-0.14667,1.08072,14.6137,30.5562,56.062,50.5946,46.5645,44.279,42.9678,41.759,40.8564,39.9157,38.9299,37.8938,36.3398,34.3561,29.3382,14.4955,7.71262,4.69843,2.06275,-0.762761,70.1105,70.2082,134.739,134.406
45.08519673347473,0.1901455755424686,0.0,0.10307446532779728,5,-0.0245021,5.0,10095.4,152.378,-0.144562,0.930702,14.577,30.6777,55.0924,49.6523,45.6655,43.4138,42.1255,40.9401,40.0569,39.1381,38.1779,37.1711,35.6683,33.7669,29.1555,14.7981,7.84757,4.77348,2.09268,-0.759492,81.9072,81.9755,133.785,133.395
45.10542440414429,0.2084951568084955,0.0,0.11435957109994607,5,-0.0257085,5.0,10014.3,151.109,-0.15517,0.829551,14.5325,30.8909,54.1571,48.7529,44.8156,42.6013,41.338,40.1781,39.3158,38.4208,37.4879,36.5122,35.0632,33.2468,29.0013,15.1923,8.00903,4.85877,2.12466,-0.756126,93.6791,93.693,132.767,132.269
45.127843141555786,0.23396544383794066,0.0,0.1785006022007368,5,-0.0278209,5.0,9915.32,149.834,-0.206203,0.653116,14.4741,31.1881,53.2773,47.9225,44.0446,41.8734,40.6387,39.5074,38.6684,37.7998,36.8972,35.9557,34.5646,32.8384,28.9379,15.7572,8.21893,4.96261,2.16035,-0.752581,105.318,105.178,131.573,130.857
45.145179271698,0.2610039998896917,0.0,0.2606255572556315,4,-0.0314153,5.0,9798.47,148.606,-0.332027,0.436709,14.3938,31.4888,52.4838,47.1984,43.3944,41.2744,40.0734,38.9753,38.163,37.3244,36.4561,35.5533,34.2257,32.596,29.0268,16.6315,8.51209,5.09746,2.20199,-0.748773,113.084,112.822,130.194,129.138
45.16477298736572,0.29661148798389364,0.0,0.3140526000580399,4,-0.0367172,4.0,10849.1,147.414,-0.536346,0.254078,14.2881,31.696,51.7866,46.5914,42.8759,40.8148,39.6519,38.5917,37.8087,37.003,36.1717,35.3113,34.0509,32.5193,29.2569,17.9576,8.9181,5.27357,2.25175,-0.744549,116.491,115.87,129.129,127.877
45.18510317802429,0.31993465043485164,0.0,0.38223278959728824,4,-0.0439084,4.0,10816.1,146.211,-0.818485,0.131691,14.1547,31.4839,51.1923,46.1075,42.4938,40.4986,39.3773,38.3587,37.6074,36.8362,36.0435,35.2266,34.0361,32.6001,29.6152,19.9711,9.47608,5.50282,2.3119,-0.739762,117.536,116.329,127.944,126.271
45.20650601387024,0.33685575438148035,0.0,0.415384769445485,4,-0.0529912,4.0,10497.0,144.915,-1.21177,0.0579745,13.9941,30.5522,50.6973,45.7394,42.2382,40.3142,39.2364,38.2608,37.5434,36.8073,36.0529,35.2788,34.1573,32.8127,30.0725,22.6553,10.2331,5.79727,2.3845,-0.734263,116.467,114.561,126.013,123.757
45.225292682647705,0.3622724966629253,0.0,0.4372426395525833,4,-0.0642474,4.0,10287.1,143.515,-1.88486,-0.132478,13.8047,29.1568,50.3107,45.4959,42.1171,40.2699,39.2364,38.3043,37.6211,36.9221,36.206,35.4731,34.4168,33.1605,30.6322,24.4276,11.2803,6.17758,2.47189,-0.72799,114.693,112.12,123.824,120.844
45.246614933013916,0.41360231529246083,0.0,0.43820010046341396,4,-0.0769523,4.0,10150.7,142.103,-2.7301,-0.334416,13.5974,27.7857,49.9902,45.3234,42.0692,40.2979,39.3092,38.4184,37.7673,37.103,36.4246,35.7308,34.7331,33.5541,31.2077,25.7417,12.6757,6.64686,2.57349,-0.720925,110.776,107.728,122.432,118.957
45.266942501068115,0.4422764225078995,0.0,0.44598331124417345,4,-0.09,4.0,10038.4,140.637,-3.51514,-0.47292,13.3866,26.6014,49.6772,45.1531,42.0175,40.3155,39.3692,38.5169,37.8944,37.2607,36.6151,35.9569,35.0123,33.8982,31.7038,26.7452,14.4498,7.19601,2.68738,-0.713037,107.043,103.449,121.177,117.54
45.28516626358032,0.4722282017520908,0.0,0.4416456389050048,4,-0.103003,4.0,9918.55,139.109,-4.19734,-0.54453,13.1761,25.5692,49.3532,44.9647,41.9396,40.3007,39.3922,38.576,37.9801,37.3733,36.7563,36.1287,35.2309,34.1749,32.1047,27.5281,16.7036,7.83028,2.81379,-0.704245,103.757,99.6221,119.78,116.095
45.3064980506897,0.5128075627789367,0.0,0.42554145472790095,4,-0.115876,4.0,9762.21,137.561,-4.81323,-0.623398,12.9663,24.6469,49.0163,44.7565,41.8325,40.253,39.3784,38.5944,38.0231,37.4419,36.8505,36.2496,35.3921,34.3873,32.4241,28.1486,19.1404,8.56223,2.95337,-0.694518,101.215,96.5422,117.874,114.46
45.32360291481018,0.5552591797637164,0.0,0.405395516222349,4,-0.129582,4.0,9597.07,136.041,-5.57362,-0.786819,12.7481,23.7247,48.709,44.5798,41.7536,40.2331,39.3906,38.6368,38.0884,37.5314,36.9654,36.3901,35.5693,34.6104,32.746,28.7269,20.7725,9.45114,3.10993,-0.683924,98.9163,94.0112,116.102,112.148
45.347676277160645,0.5892747154426575,0.0,0.387619585577897,4,-0.143452,4.0,9506.61,134.576,-6.32332,-0.955731,12.5289,22.863,48.4009,44.3983,41.6633,40.1977,39.3868,38.6605,38.1328,37.5976,37.0546,36.5034,35.7174,34.7991,33.0215,29.2207,21.9666,10.506,3.28211,-0.67247,95.7931,90.5211,115.114,110.935
45.3666205406189,0.6244959189593016,0.0,0.3669567948087759,4,-0.156574,4.0,9430.78,133.113,-6.89544,-1.07566,12.3166,22.1141,48.0558,44.1689,41.5152,40.0982,39.3159,38.6154,38.1061,37.5899,37.0669,36.5367,35.782,34.9008,33.1973,29.5812,22.8424,11.7106,3.46716,-0.660106,93.1788,87.5547,114.151,110.09
45.38534927368164,0.6393582770244282,0.0,0.3582376777890992,4,-0.168627,4.0,9362.74,131.652,-7.24226,-1.14053,12.1128,21.4767,47.6648,43.881,41.2988,39.9243,39.167,38.4899,37.9978,37.4985,36.9928,36.4809,35.7532,34.9053,33.267,29.8096,23.4755,13.0589,3.66353,-0.646833,91.3958,85.4565,113.205,109.412
45.40355205535889,0.6544087117973528,0.0,0.3475397309407097,4,-0.179673,4.0,9261.13,130.206,-7.41692,-1.20029,11.9154,20.9284,47.2344,43.5424,41.0237,39.687,38.9518,38.2953,37.8187,37.3354,36.8454,36.3496,35.6456,34.8268,33.248,29.9298,23.9269,14.506,3.87182,-0.632592,90.2593,84.0345,111.688,108.622
45.4249906539917,0.6695468969226877,0.0,0.33324328480015963,4,-0.190851,4.0,9122.7,128.808,-7.68392,-1.35079,11.7151,20.3915,46.8089,43.2077,40.7498,39.4488,38.7344,38.0973,37.6352,37.1671,36.6928,36.2124,35.5306,34.7386,33.2157,30.0242,24.3107,15.6667,4.09762,-0.617464,89.4041,82.9734,110.186,106.761
45.44622755050659,0.6847304825396898,0.0,0.32097951835572813,4,-0.201845,4.0,9047.38,127.47,-7.91196,-1.50792,11.5145,19.8846,46.376,42.8625,40.4618,39.1942,38.4992,37.8801,37.4315,36.9773,36.5177,36.0524,35.3914,34.6242,33.1522,30.0766,24.6195,16.5585,4.33952,-0.601494,87.5842,81.2856,109.324,105.79
45.46666860580444,0.7000615704394877,0.0,0.300197103187097,4,-0.211757,4.0,8986.75,126.157,-7.95897,-1.62911,11.3199,19.4557,45.9044,42.4678,40.1194,38.8816,38.2039,37.6008,37.1642,36.7225,36.2759,35.8241,35.1829,34.4379,33.0112,30.0405,24.8082,17.2157,4.59209,-0.58465,86.0772,79.6495,108.48,105.186
45.4851131439209,0.704127277392894,0.0,0.28599012916960914,4,-0.220381,4.0,8937.34,124.857,-7.787,-1.7013,11.1316,19.1113,45.3902,42.0188,39.7173,38.506,37.8437,37.2549,36.8289,36.3984,35.9633,35.5235,34.9,34.1759,32.7899,29.9142,24.8823,17.6855,4.85301,-0.566925,85.3914,78.8841,107.699,104.786
45.508023262023926,0.7081679646112025,0.0,0.2736741226596957,4,-0.227837,4.0,8878.24,123.565,-7.41201,-1.73007,10.9476,18.8434,44.8404,41.5246,39.2653,38.0778,37.4295,36.8536,36.4372,36.0168,35.5921,35.1633,34.5557,33.8511,32.5024,29.7144,24.8646,18.0157,5.12252,-0.548264,85.4538,78.9717,106.78,104.353
45.52520179748535,0.7236204564604474,0.0,0.246052879159669,4,-0.235218,4.0,8767.9,122.326,-7.10755,-1.85319,10.7602,18.5924,44.2934,41.0318,38.8139,37.6495,37.0145,36.4511,36.0441,35.6332,35.2186,34.8002,34.2079,33.5217,32.2093,29.5045,24.8249,18.2861,5.40831,-0.528719,86.156,79.4803,105.36,103.152
45.54641246795654,0.7274026553201676,0.0,0.22461096080117454,4,-0.243244,4.0,8711.6,121.136,-6.86641,-1.986,10.5652,18.3168,43.7731,40.5689,38.394,37.2526,36.6311,36.08,35.6822,35.2809,34.8762,34.468,33.8907,33.2227,31.9462,29.3212,24.8029,18.5397,5.71699,-0.508355,86.5,80.4284,104.802,102.315
45.56361651420593,0.7309051621633705,0.0,0.2019349889181849,4,-0.251096,4.0,8671.77,120.034,-6.58476,-2.11511,10.3677,18.0638,43.2512,40.1024,37.9692,36.8501,36.2414,35.7021,35.3131,34.9209,34.5256,34.1272,33.5642,32.9133,31.6717,29.1219,24.755,18.7431,6.04292,-0.487116,86.7928,80.8122,104.299,101.864
45.584259271621704,0.7342710013166847,0.0,0.187682042343103,4,-0.258472,4.0,8634.44,118.975,-6.18839,-2.20181,10.1692,17.8529,42.7181,39.6208,37.5274,36.4294,35.8329,35.3048,34.9242,34.5406,34.1543,33.7651,33.2156,32.581,31.3722,28.8939,24.6691,18.8906,6.38353,-0.464976,87.5897,81.7437,103.76,101.515
45.60646462440491,0.7375351342821742,0.0,0.1639862547598521,4,-0.265545,4.0,8588.28,117.948,-5.68824,-2.23736,9.96842,17.6758,42.1801,39.1318,37.077,35.9993,35.4145,34.8972,34.5245,34.1493,33.7715,33.3912,32.8546,32.2354,31.0579,28.6482,24.5579,18.9976,6.74074,-0.441919,88.6505,83.0184,103.128,101.057
45.6235830783844,0.7406689561945138,0.0,0.13901529307186114,4,-0.27288,4.0,8534.46,116.962,-5.18252,-2.26897,9.76146,17.496,41.6551,38.6572,36.6415,35.5839,35.0106,34.5039,34.1392,33.7721,33.4026,33.031,32.507,31.9028,30.7558,28.4126,24.4505,19.0927,7.12234,-0.417873,90.2578,84.8854,102.367,100.559
45.64729142189026,0.7436089006863131,0.0,0.11279441393038138,3,-0.281797,4.0,8472.22,116.037,-4.88915,-2.37615,9.54184,17.2221,41.1829,38.2438,36.2709,35.2348,34.6734,34.1777,33.8209,33.4621,33.1012,32.7383,32.227,31.638,30.521,28.2439,24.4039,19.2291,7.51451,-0.39287,92.2729,86.8923,101.859,99.5737
45.66446828842163,0.7461833385656185,0.0,0.08693174449920633,3,-0.292532,3.0,10389.2,115.227,-4.77587,-2.49497,9.30947,16.8342,40.7673,37.8963,35.9693,34.9571,34.4079,33.9232,33.5747,33.2243,32.8719,32.5178,32.0192,31.4452,30.3581,28.1462,24.4224,19.4123,7.90255,-0.366911,93.5599,88.7618,101.977,99.4104
45.687650203704834,0.7483414167385176,0.0,0.06609988705718312,3,-0.304053,3.0,10358.9,114.548,-4.72124,-2.60814,9.07014,16.4064,40.3738,37.574,35.693,34.7062,34.1691,33.6953,33.3548,33.0125,32.6686,32.323,31.8366,31.2772,30.2188,28.0702,24.457,19.5999,8.27723,-0.339921,94.8705,90.1437,101.813,99.0872
45.705655574798584,0.7503119741276155,0.0,0.04232586928135346,3,-0.315985,3.0,10291.4,113.928,-4.64635,-2.68556,8.82894,15.9671,39.9899,37.2622,35.4263,34.4651,33.9408,33.4776,33.1448,32.8104,32.4746,32.1373,31.6628,31.1173,30.0864,27.9979,24.4901,19.7785,8.63631,-0.311863,96.1581,91.5164,101.04,97.9593
45.72807431221008,0.7523524545208427,0.0,0.054901123046875,3,-0.328414,3.0,10226.2,113.286,-4.5498,-2.71869,8.58924,15.5119,39.6175,36.9632,35.1717,34.2355,33.7254,33.2731,32.9478,32.6211,32.2931,31.9637,31.5006,30.9686,29.964,27.9327,24.5259,19.9514,8.98244,-0.28267,97.5487,93.0185,100.514,97.1506
45.745213747024536,0.7543516167752662,0.0,0.0,3,-0.341804,3.0,10151.2,112.657,-4.51672,-2.75324,8.34864,15.0172,39.2685,36.6894,34.9448,34.0334,33.5373,33.0975,32.7802,32.461,32.1406,31.8191,31.3671,30.8481,29.8689,27.8922,24.5821,20.1354,9.32307,-0.252294,97.9637,93.5023,99.8378,96.3905
45.765390396118164,0.7562013980663227,0.0,0.0,3,-0.357211,3.0,10127.9,112.075,-4.72238,-2.84806,8.10305,14.4392,38.9673,36.4709,34.7782,33.8922,33.4104,32.9835,32.6757,32.3654,32.0528,31.739,31.2979,30.7916,29.8371,27.9128,24.6955,20.3652,9.67372,-0.220774,99.742,95.1475,99.8614,95.8889
45.78745222091675,0.7578223404347741,0.0,0.0,3,-0.374788,3.0,10083.2,111.565,-5.16759,-2.96745,7.8526,13.7964,38.7101,36.306,34.6715,33.8115,33.344,32.9302,32.6319,32.3313,32.0285,31.7235,31.2933,30.7995,29.8688,27.9946,24.8662,20.6427,10.0383,-0.188119,100.543,95.8998,99.7212,95.167
45.80531620979309,0.7592398704275769,0.0,0.0,3,-0.392864,3.0,10040.2,111.119,-5.75671,-3.15398,7.60486,13.1809,38.4503,36.1401,34.5656,33.7311,33.2775,32.876,32.5868,32.2954,32.002,31.7065,31.2896,30.8085,29.9005,28.0737,25.029,20.9099,10.3945,-0.154323,100.806,96.0529,99.4298,94.6234
45.82651424407959,0.7605842990978807,0.0,0.0,3,-0.409975,3.0,10001.5,110.696,-6.2363,-3.33222,7.36578,12.644,38.1538,35.9316,34.4118,33.6044,33.1634,32.7734,32.4924,32.2095,31.9247,31.638,31.2336,30.7671,29.8819,28.0997,25.1342,21.1187,10.7206,-0.119422,100.73,95.9908,98.9884,94.3132
45.84646010398865,0.761900122902859,0.0,0.0,3,-0.409766,3.0,9965.89,110.282,-6.52865,-3.47778,7.13568,12.1792,37.8184,35.6767,34.2055,33.4251,32.9969,32.6172,32.3439,32.0687,31.7918,31.5131,31.1202,30.6672,29.8071,28.0672,25.1769,21.2649,11.0137,-0.0840664,100.432,95.8171,98.4957,94.1155
45.86652112007141,0.7632159467078373,0.0,0.0,3,-0.406728,3.0,9928.46,109.868,-6.66563,-3.6052,6.91354,11.7659,37.4543,35.387,33.9598,33.204,32.7896,32.4205,32.1542,31.8862,31.6166,31.3454,30.9631,30.5226,29.6869,27.9896,25.1713,21.3616,11.2781,-0.0492957,99.9949,95.5668,97.9674,93.9316
45.88611149787903,0.7645508404230327,0.0,0.0,3,-0.404212,3.0,9879.33,109.448,-6.91796,-3.8045,6.69357,11.3503,37.0959,35.105,33.7208,32.9891,32.5881,32.2312,31.9729,31.7119,31.4494,31.1854,30.8134,30.3849,29.5727,27.9196,25.1696,21.4581,11.5364,-0.0151173,99.5459,95.2516,97.429,93.5451
45.90685415267944,0.7658412376810548,0.0,0.0,3,-0.403279,3.0,9816.94,109.042,-7.57375,-4.17745,6.47325,10.907,36.7629,34.8534,33.5154,32.8079,32.4206,32.0759,31.8266,31.5746,31.3199,31.063,30.701,30.2844,29.495,27.8886,25.2025,21.5826,11.8013,0.0183439,99.2755,94.8443,97.1655,92.5801
45.9268217086792,0.7670426420247307,0.0,0.0,3,-0.402077,3.0,9777.33,108.664,-8.34157,-4.60796,6.26003,10.494,36.4173,34.5832,33.2922,32.6073,32.2326,31.8994,31.6584,31.4149,31.169,30.9206,30.5688,30.1632,29.3954,27.8346,25.2117,21.6787,12.0462,0.0509567,99.0083,94.5732,96.9059,92.0603
45.946547508239746,0.7681709450459077,0.0,0.0,3,-0.398376,3.0,9749.53,108.309,-8.84435,-5.00543,6.06127,10.1649,36.0198,34.2456,32.9964,32.3308,31.9669,31.6435,31.4098,31.1737,30.9353,30.6946,30.3539,29.9592,29.2108,27.6918,25.1332,21.6873,12.2402,0.0826654,98.5829,94.373,96.441,91.9799
45.96543264389038,0.7692960697487152,0.0,0.0,3,-0.391209,3.0,9726.55,107.955,-8.95432,-5.32143,5.87592,9.91049,35.5751,33.8472,32.634,31.9847,31.6301,31.3152,31.0877,30.858,30.6261,30.3922,30.0611,29.6778,28.9478,27.4674,24.9735,21.6151,12.3854,0.113495,97.9855,94.0923,95.9016,92.072
45.98575830459595,0.7704561559535874,0.0,0.0,3,-0.382492,3.0,9700.52,107.59,-8.77416,-5.56621,5.69994,9.70077,35.1075,33.4159,32.2348,31.6005,31.2543,30.947,30.7251,30.5012,30.2753,30.0475,29.7253,29.3525,28.6413,27.1975,24.7679,21.4961,12.4986,0.143488,97.2868,93.7129,95.3574,92.1401
46.0074143409729,0.7716194204768291,0.0,0.0,3,-0.375183,3.0,9635.67,107.224,-8.91232,-5.92417,5.52531,9.46729,34.6701,33.0133,31.8666,31.2493,30.9117,30.6123,30.3962,30.1782,29.9583,29.7367,29.4234,29.0612,28.3703,26.9623,24.5964,21.4051,12.6177,0.172581,96.6959,93.3037,94.4344,91.8493
46.02528619766235,0.7852465252741924,0.0,0.0,3,-0.370976,3.0,9560.55,106.858,-9.6759,-6.49071,5.34854,9.17424,34.2962,32.671,31.5637,30.9676,30.6394,30.3483,30.1383,29.9265,29.7131,29.4979,29.194,28.8427,28.1734,26.8027,24.4998,21.3797,12.7629,0.200579,96.4565,92.8773,94.213,90.5632
46.04775595664978,0.7864899135503048,0.0,0.0,3,-0.367349,3.0,9531.64,106.473,-10.4655,-7.00137,5.17823,8.88762,33.9409,32.3337,31.2648,30.6903,30.373,30.09,29.8859,29.6802,29.4728,29.2639,28.9689,28.6282,27.9794,26.6476,24.4046,21.3543,12.9,0.227395,96.176,92.6498,94.2095,89.9943
46.068323850631714,0.7877752863656109,0.0,0.0,3,-0.362327,3.0,9515.44,106.075,-10.9559,-7.39519,5.01891,8.647,33.5691,31.967,30.9318,30.3764,30.0699,29.7959,29.5972,29.397,29.1953,28.9921,28.7052,28.3741,27.7441,26.4514,24.2655,21.2868,13.0071,0.253144,95.7415,92.3376,94.0467,89.8417
46.085325717926025,0.8017278891201317,0.0,0.0,3,-0.355091,3.0,9499.42,105.664,-11.1333,-7.6586,4.8692,8.44605,33.1816,31.576,30.5706,30.0322,29.7355,29.4704,29.2779,29.083,28.8864,28.6884,28.4091,28.0869,27.4743,26.2195,24.0891,21.1835,13.0878,0.277874,95.1861,91.8852,93.7731,89.8076
46.10759234428406,0.8030994522858226,0.0,0.0,3,-0.347316,3.0,9470.18,105.246,-11.1469,-7.86395,4.72642,8.26887,32.7893,31.1731,30.1952,29.6727,29.385,29.1282,28.9418,28.753,28.5618,28.3688,28.0966,27.7828,27.1867,25.9677,23.8931,21.0609,13.1505,0.301714,94.5596,91.3067,93.3176,89.74
46.12591075897217,0.8044677341999207,0.0,0.0,3,-0.340998,3.0,9411.57,104.829,-11.4673,-8.17666,4.58618,8.0733,32.4335,30.7937,29.8445,29.3382,29.0598,28.8113,28.6311,28.4486,28.2639,28.077,27.812,27.5065,26.9267,25.7427,23.7241,20.9631,13.2196,0.324596,94.0913,90.7379,92.6631,89.2654
46.1474175453186,0.8058557036235742,0.0,0.0,3,-0.336353,3.0,9359.12,104.406,-12.1219,-8.60182,4.44932,7.85975,32.1207,30.4392,29.5195,29.0299,28.7608,28.5208,28.3468,28.1708,27.9926,27.8124,27.5566,27.2596,26.6957,25.5459,23.5838,20.8918,13.2958,0.346359,93.7777,90.3167,92.4191,88.4708
46.165504455566406,0.807309298079079,0.0,0.0,3,-0.331661,3.0,9327.26,103.963,-12.6627,-8.93534,4.32056,7.66752,31.8153,30.0872,29.1872,28.7132,28.4529,28.2209,28.0528,27.8827,27.7106,27.5367,27.2899,27.0032,26.455,25.3375,23.4322,20.8069,13.3586,0.367018,93.3847,89.9272,92.2177,88.0472
46.185139417648315,0.8088055488052871,0.0,0.0,3,-0.32574,3.0,9299.52,103.507,-13.0209,-9.1762,4.20016,7.50354,31.5081,29.7349,28.8414,28.3818,28.1296,27.905,27.7423,27.5778,27.4114,27.2432,27.0048,26.728,26.1972,25.1101,23.261,20.7006,13.4047,0.386673,92.8988,89.4559,91.9658,87.7614
46.20758128166199,0.8103444558021985,0.0,0.0,3,-0.318707,3.0,9271.37,103.038,-13.1958,-9.32176,4.08696,7.3645,31.2001,29.3831,28.4846,28.0384,27.7938,27.576,27.4184,27.2591,27.098,26.9353,26.7046,26.437,25.9243,24.8671,23.0714,20.5767,13.4359,0.405355,92.3609,88.8921,91.6688,87.5163
46.22548699378967,0.8118964878054801,0.0,0.0,3,-0.311747,3.0,9230.94,102.565,-13.3526,-9.46345,3.97976,7.24072,30.902,29.0401,28.1253,27.6919,27.4545,27.2433,27.0904,26.936,26.78,26.6224,26.3991,26.1403,25.6448,24.619,22.8742,20.4452,13.4575,0.423103,91.8282,88.2938,91.184,87.2354
46.24529433250427,0.8134714885699097,0.0,0.0,3,-0.305916,3.0,9178.74,102.085,-13.7182,-9.68341,3.8771,7.11171,30.6397,28.7261,27.7855,27.3594,27.1291,26.9244,26.7763,26.6268,26.4757,26.3232,26.1072,25.857,25.3783,24.3859,22.6899,20.3261,13.4808,0.439866,91.3945,87.7352,90.7556,86.6594
46.26775121688843,0.815131801875746,0.0,0.0,3,-0.301136,3.0,9134.66,101.579,-14.1476,-9.8674,3.77954,6.9805,30.4135,28.441,27.4715,27.0383,26.8151,26.6167,26.4733,26.3284,26.1822,26.0346,25.8257,25.5839,25.1215,24.1642,22.5153,20.2165,13.5045,0.455619,90.9993,87.1924,90.4505,86.1044
46.28951907157898,0.8168643027166184,0.0,0.0,3,-0.296882,3.0,9094.23,101.051,-14.5397,-9.98961,3.68784,6.85896,30.2133,28.177,27.1764,26.7292,26.5039,26.3114,26.1724,26.0322,25.8906,25.7477,25.5456,25.3117,24.8649,23.9413,22.3408,20.1073,13.5238,0.470443,90.5701,86.6051,90.1549,85.6176
46.307567834854126,0.8186427410797869,0.0,0.0,3,-0.291197,3.0,9054.19,100.509,-14.8765,-10.0559,3.60211,6.75283,30.0341,27.93,26.8967,26.4348,26.2021,26.006,25.8699,25.7339,25.5968,25.4584,25.2628,25.0364,24.6044,23.7127,22.1621,19.9926,13.5367,0.484334,90.0969,85.9875,89.8407,85.1584
46.32664442062378,0.8204471013305364,0.0,0.0,3,-0.28559,3.0,9012.91,99.9591,-15.1458,-10.0773,3.52242,6.66679,29.8706,27.6957,26.6287,26.1517,25.9114,25.7088,25.5683,25.4313,25.2974,25.1633,24.9737,24.7546,24.3365,23.4749,21.9755,19.8669,13.5415,0.497292,89.5802,85.3585,89.4877,84.7174
46.34514856338501,0.8222934616016708,0.0,0.0,3,-0.280185,3.0,8967.17,99.3964,-15.3767,-10.0655,3.44898,6.59864,29.727,27.4773,26.3751,25.8824,25.6342,25.4249,25.2798,25.1382,25.0001,24.8654,24.6809,24.4685,24.0637,23.2306,21.7834,19.7329,13.54,0.509363,89.0198,84.7368,89.0622,84.2632
46.365246534347534,0.8242792750654891,0.0,0.0,3,-0.275995,3.0,8917.02,98.7912,-15.6048,-9.99149,3.3794,6.52511,29.6351,27.2992,26.1568,25.6463,25.3892,25.1723,25.022,24.8753,24.7322,24.5926,24.4029,24.1938,23.8018,22.9963,21.6003,19.6078,13.543,0.520639,88.5213,83.9692,88.6673,83.6919
46.39110851287842,0.8263353073133882,0.0,0.0,3,-0.273138,3.0,8864.98,98.1646,-15.9443,-9.91314,3.31306,6.44239,29.6037,27.1677,25.9791,25.4483,25.181,24.9556,24.7993,24.6468,24.498,24.3529,24.1556,23.9384,23.5515,22.7726,21.4256,19.4925,13.5517,0.531185,88.083,83.2384,88.2953,83.0594
46.40948843955994,0.8284284177042832,0.0,0.0,3,-0.269887,3.0,8812.07,97.5267,-16.3556,-9.83717,3.2512,6.36197,29.6229,27.0748,25.8348,25.2816,25.0031,24.7683,24.6055,24.4466,24.2917,24.1405,23.935,23.7087,23.3078,22.551,21.2507,19.3786,13.5611,0.540966,87.6157,82.5438,87.905,82.4278
46.427330493927,0.8305385906034596,0.0,0.0,3,-0.266157,3.0,8758.45,96.8836,-16.7954,-9.76452,3.19474,6.29396,29.6826,27.0118,25.7163,25.1391,24.8486,24.6038,24.434,24.2684,24.1069,23.9493,23.7351,23.4993,23.0813,22.3247,21.0685,19.2592,13.567,0.549867,87.0848,81.8724,87.4749,81.8226
46.44646620750427,0.8326737010147395,0.0,0.0,3,-0.262473,3.0,8705.3,96.2329,-17.1777,-9.65306,3.14454,6.24655,29.7737,26.9713,25.617,25.0145,24.7114,24.4561,24.2791,24.1065,23.9381,23.7738,23.5506,23.3048,22.8693,22.0895,20.8745,19.1291,13.5639,0.557894,86.4574,81.2155,87.0182,81.2514
46.46527647972107,0.8350457177910022,0.0,0.0,3,-0.259641,3.0,8651.25,95.51,-17.2979,-9.32313,3.09869,6.19779,29.9302,26.9784,25.5583,24.9276,24.6105,24.3435,24.1585,23.9781,23.8022,23.6306,23.3975,23.1408,22.6861,21.8718,20.6812,18.9971,13.5594,0.565236,85.776,80.2973,86.5517,80.6774
46.49211835861206,0.8375191252414752,0.0,0.0,3,-0.25847,3.0,8590.7,94.7562,-17.5181,-8.98112,3.05424,6.12496,30.194,27.0638,25.5658,24.9019,24.5686,24.2879,24.0935,23.9041,23.7193,23.5392,23.2945,23.0252,22.5483,21.6946,20.4997,18.8738,13.5622,0.572084,85.2489,79.3818,86.0965,79.9677
46.515799045562744,0.8400007358209295,0.0,0.0,2,-0.257958,3.0,8526.67,93.9999,-17.8957,-8.70309,3.01279,6.0444,30.6412,27.2167,25.6296,24.9281,24.5762,24.2802,24.0753,23.8756,23.6809,23.4912,23.2336,22.9502,22.4486,21.5512,20.3203,18.7494,13.5658,0.578421,84.707,78.5698,85.6056,79.2239
46.529072761535645,0.8424390338793621,0.0,0.0,2,-0.255944,2.0,10709.4,93.2568,-18.4137,-8.50391,2.97568,5.97461,31.7428,27.4321,25.7445,25.001,24.6285,24.3154,24.0987,23.8877,23.6822,23.4819,23.2101,22.9112,22.3825,21.4375,20.1439,18.6184,13.5663,0.584051,84.1108,77.8157,85.6051,79.2409
46.551629304885864,0.8447831600170881,0.0,0.0,2,-0.25427,2.0,10677.2,92.5424,-19.04,-8.37217,2.94408,5.92775,59.576,27.7066,25.907,25.1169,24.7216,24.3897,24.1602,23.9368,23.7193,23.5074,23.2201,22.9043,22.3462,21.3501,19.988,18.4771,13.5607,0.588824,83.4711,77.1044,85.4087,78.9726
46.56934404373169,0.8472559112172425,0.0,0.0,2,-0.252567,2.0,10531.8,91.7888,-19.3322,-8.00266,2.91799,5.91198,57.7257,28.0333,26.1101,25.269,24.849,24.4967,24.2533,24.0164,23.786,23.5617,23.2576,22.9238,22.3344,21.284,19.8502,18.3221,13.5437,0.592851,82.6429,76.2518,84.1944,77.4299
46.59028911590576,0.8501289751116894,0.0,0.0,2,-0.251839,2.0,10325.3,90.9132,-19.3753,-7.44098,2.89276,5.89622,55.8449,28.5186,26.3944,25.4944,25.046,24.6702,24.4108,24.1586,23.9134,23.6749,23.3518,22.9974,22.3725,21.2611,19.7477,18.1674,13.5244,0.596477,81.9244,75.1681,82.7619,75.6083
46.61346793174744,0.8530830859204727,0.0,0.0,2,-0.251647,2.0,10179.8,90.0129,-19.5575,-6.97565,2.86895,5.88995,53.9582,29.6875,26.7553,25.7882,25.3073,24.905,24.6276,24.3581,24.0963,23.8418,23.4975,23.12,22.4556,21.2768,19.6765,18.0122,13.4997,0.599757,81.2046,74.249,81.713,74.4025
46.62397027015686,0.8560253842235226,0.0,0.0,2,-0.251987,2.0,10050.5,89.1162,-19.9494,-6.66068,2.8475,5.90426,52.0691,56.9894,27.2157,26.1584,25.6406,25.208,24.9101,24.621,24.3404,24.0679,23.6995,23.2962,22.5875,21.3337,19.638,17.8792,13.4687,0.60257,80.4622,73.407,80.8001,73.3273
46.645106077194214,0.8589699794026874,0.0,0.0,2,-0.253076,2.0,9927.6,88.2188,-20.5533,-6.47804,2.829,5.96678,50.1636,55.0788,28.1921,26.63,26.0634,25.5957,25.2741,24.9623,24.66,24.3667,23.9707,23.5379,22.7786,21.44,19.6377,17.7753,13.4326,0.604777,79.7245,72.5832,79.9544,72.285
46.667988538742065,0.8619326214656112,0.0,0.0,2,-0.254544,2.0,9817.15,87.3159,-21.2133,-6.3225,2.81491,6.12187,48.267,53.1756,56.0126,27.5454,26.6455,26.0679,25.717,25.3792,25.0521,24.7351,24.3077,23.8413,23.025,21.5913,19.6714,17.697,13.3881,0.606287,78.9643,71.7599,79.2395,71.2935
46.692036151885986,0.8649546541823605,0.0,0.0,2,-0.255039,2.0,9733.91,86.3949,-21.4819,-5.95655,2.80873,6.59304,46.4554,51.3559,54.1832,55.5729,27.9635,26.8436,26.2938,25.8492,25.4736,25.1311,24.67,24.1676,23.2907,21.757,19.715,17.6269,13.3251,0.607248,78.0176,70.7961,78.5233,70.7108
46.70386552810669,0.8679008899873216,0.0,0.0,2,-0.254129,2.0,9649.11,85.497,-21.4671,-5.52093,2.81144,37.2058,44.7573,49.6425,52.4578,53.8411,54.5729,29.6836,27.5995,26.7082,26.08,25.591,25.0408,24.5006,23.5607,21.9242,19.7589,17.5584,13.2394,0.607935,76.9837,69.8027,77.6604,70.2901
46.72994875907898,0.870709313225395,0.0,0.0,2,-0.252438,2.0,9547.08,84.6411,-21.5014,-5.20967,2.82213,35.5704,43.135,48.0019,50.8033,52.1795,52.9078,53.5415,53.9927,54.4429,27.6627,26.5652,25.619,24.88,23.8525,22.1072,19.8135,17.4984,13.1365,0.60831,75.9624,68.9285,76.7622,69.6353
46.75640916824341,0.8734803301953133,0.0,0.0,2,-0.247119,2.0,9438.29,83.7966,-21.6893,-5.02418,2.83957,33.9496,41.5288,46.3779,49.1646,50.5324,51.2565,51.8872,52.336,52.7832,53.2291,53.674,27.277,25.6726,24.21,22.338,19.9021,17.4625,13.0241,0.608148,75.0424,68.109,75.9175,68.8141
46.769030809402466,0.8762808784295646,0.0,0.0,2,-0.240413,2.0,9331.37,82.9431,-22.0245,-4.92015,2.86304,32.3048,39.9089,44.7381,47.5105,48.8717,49.5912,50.2176,50.6637,51.1086,51.5522,51.9945,52.6114,53.3143,24.9175,22.6414,20.0417,17.4612,12.9059,0.607014,74.2287,67.3022,75.146,67.9439
46.79300904273987,0.8652858507925123,0.0,0.0,2,-0.234651,2.0,9231.52,82.0748,-22.4411,-4.84197,2.89324,30.6276,38.2724,43.0858,45.8437,47.1958,47.9117,48.5349,48.9781,49.4197,49.8603,50.2999,50.9136,51.6121,52.9146,23.0282,20.2384,17.4977,12.7818,0.604842,73.4714,66.483,74.4643,67.0872
46.8070867061615,0.8269773708611861,0.0,0.0,2,-0.228466,2.0,9144.28,81.2413,-22.839,-4.79275,2.93876,29.0212,36.7016,41.494,44.2349,45.5793,46.2895,46.9083,47.3488,47.788,48.2258,48.6621,49.2709,49.9647,51.2588,23.5939,20.4597,17.549,12.6437,0.60166,72.8156,65.7897,73.8043,66.395
46.83743333816528,0.8024657277988437,0.0,0.0,2,-0.219943,2.0,9065.91,80.4786,-23.0085,-4.7373,3.00667,27.6335,35.309,40.065,42.7843,44.1178,44.8231,45.4364,45.8728,46.3082,46.7425,47.1757,47.7801,48.4676,49.7512,24.7883,20.6465,17.5752,12.4815,0.597503,72.1043,65.2806,72.9988,66.004
46.85091304779053,0.7264373195270291,0.0,0.0,2,-0.209512,2.0,8983.83,79.7739,-23.0197,-4.71467,3.09788,26.4342,34.0655,38.7758,41.4686,42.7879,43.4865,44.0947,44.5273,44.9582,45.388,45.8169,46.4158,47.0979,48.3692,50.8925,20.8021,17.5794,12.2997,0.592401,71.3057,64.8257,72.1519,65.5945
46.87295913696289,0.6539505188356619,0.0,0.0,2,-0.193608,2.0,8903.47,79.0902,-22.9166,-4.68517,3.21112,25.3436,32.9049,37.5628,40.2248,41.5305,42.2208,42.8226,43.2509,43.678,44.1037,44.5279,45.1202,45.7954,47.0553,49.5548,20.9585,17.5826,12.1143,0.586298,70.6457,64.5609,71.363,65.1488
46.886194944381714,0.4561236208804166,0.0,0.0,2,-0.173702,2.0,8827.0,78.4051,-22.7575,-4.63051,3.35031,24.2892,31.7698,36.3701,39.0005,40.2923,40.975,41.5693,41.9927,42.4151,42.8365,43.2568,43.8431,44.5104,45.7575,48.2324,21.1725,17.6075,11.9405,0.578743,70.2125,64.4628,70.6658,64.6713
46.91505265235901,0.33534560039108124,0.0,0.0,2,-0.154964,2.0,8753.79,77.7159,-22.594,-4.55085,3.53523,23.23,30.6287,35.1683,37.7671,39.043,39.7186,40.3065,40.7246,41.1418,41.5582,41.9738,42.5541,43.2149,44.4477,46.8977,21.6651,17.6709,11.7823,0.569776,70.3181,64.8096,70.0545,64.1585
46.93122720718384,0.14270120336047248,0.0,0.0,2,-0.136551,2.0,8674.67,77.1234,-22.8986,-4.81482,3.78533,22.2346,29.5299,34.0033,36.5681,37.8263,38.4933,39.0745,39.4882,39.9005,40.3114,40.7216,41.2949,41.9484,43.1679,45.5917,22.9991,17.7535,11.6336,0.559305,70.5868,65.1084,69.3921,63.6244
46.95186996459961,0.10124829053347091,0.0,0.0,2,-0.115653,2.0,8594.58,76.6463,-23.2413,-5.19731,4.13146,21.506,28.6216,33.0144,35.5371,36.777,37.4336,38.0064,38.4144,38.8214,39.2273,39.632,40.1971,40.8418,42.0467,44.4412,48.4083,17.7779,11.4727,0.54696,70.8729,65.2138,68.7229,63.0453
46.97348237037659,0.05222524763844442,0.0,0.0,2,-0.0924142,2.0,8542.72,76.2335,-23.2,-5.47444,4.48482,21.0146,27.8906,32.1884,34.664,35.8839,36.5293,37.0926,37.4942,37.895,38.295,38.6941,39.2512,39.8861,41.0743,43.438,47.3603,17.7393,11.2989,0.532862,71.0198,65.3071,68.0634,62.8922
46.99600076675415,0.03374454838308971,0.0,0.0,2,-0.0636256,2.0,8508.71,75.8695,-22.6952,-5.58564,4.82834,20.6936,27.2978,31.4907,33.9161,35.114,35.7484,36.3016,36.6962,37.0904,37.4839,37.8769,38.4257,39.0509,40.2213,42.5532,46.4287,17.6483,11.1161,0.517207,70.9408,65.8434,67.4237,63.0002
47.012911319732666,0.03108800738354524,0.0,0.0,2,-0.0253299,2.0,8482.22,75.5014,-21.8766,-5.50697,5.14113,20.3559,26.7008,30.7894,33.1648,34.3403,34.9638,35.5071,35.8947,36.282,36.669,37.0555,37.5959,38.212,39.3642,41.6642,45.4921,17.5799,10.9442,0.499674,70.7799,66.7209,66.9258,63.0897
47.027077198028564,0.02853709482857895,0.0,0.0,2,0.010246,2.0,8455.45,75.1318,-20.9658,-5.30305,5.41323,19.9406,26.0465,30.0337,32.3602,33.5132,34.1258,34.6601,35.0407,35.421,35.8013,36.1814,36.7131,37.3199,38.4546,40.7226,44.5023,17.5698,10.7926,0.480341,70.6065,67.1142,66.5853,63.0216
47.05630445480347,0.021464896612003445,0.0,0.0,2,0.0418999,2.0,8412.37,74.7497,-20.0469,-4.96583,5.63393,19.3937,25.2838,29.1737,31.4531,32.5833,33.1849,33.7101,34.0846,34.4584,34.8317,35.2051,35.7279,36.3252,37.4434,39.6781,43.4097,17.6886,10.6717,0.459542,70.5195,66.9307,66.2617,62.7289
47.07241225242615,0.0,0.0,0.0,2,0.064932,2.0,8314.67,74.289,-20.1497,-4.96108,5.76829,18.4978,24.2146,28.0156,30.2507,31.3582,31.9482,32.4642,32.8325,33.2003,33.5678,33.9348,34.448,35.0349,36.1359,38.3365,42.0175,18.361,10.617,0.437217,70.9467,65.9791,65.7692,61.7273
47.08899688720703,-0.011909742113672198,0.0,0.0,2,0.0798828,2.0,8261.15,73.6638,-20.7538,-4.95532,5.83052,17.3249,22.8953,26.6091,28.7953,29.8831,30.461,30.9662,31.3272,31.6883,32.0493,32.4103,32.9154,33.4919,34.5725,36.7382,40.3625,45.4987,10.6297,0.413226,71.3245,64.8283,65.9866,60.6549
47.11568546295166,-0.07987096379368039,0.0,0.0,2,0.091334,2.0,8219.28,72.9703,-21.4289,-4.9068,5.86299,16.1295,21.5388,25.1584,27.294,28.3586,28.9257,29.4212,29.7746,30.1275,30.4806,30.8341,31.3293,31.8955,32.9571,35.0832,38.6483,43.7073,10.6825,0.387825,71.161,63.9887,66.2518,59.7467
47.13085341453552,-0.17539164081805167,0.0,0.0,2,0.0774619,2.0,8173.21,72.2793,-22.047,-4.85487,5.89006,15.0656,20.275,23.7898,25.8738,26.9102,27.4638,27.9483,28.2945,28.6405,28.9864,29.332,29.8154,30.3689,31.4092,33.4939,36.9956,41.975,10.754,0.361648,70.8058,63.5609,66.2744,59.0238
47.145336627960205,-0.1886881037268316,0.0,0.0,2,0.0492379,2.0,8118.27,71.6488,-22.4658,-4.80707,5.92681,14.2278,19.1936,22.5909,24.6152,25.6249,26.1627,26.6343,26.9716,27.3093,27.6472,27.9852,28.4585,28.9994,30.0149,32.0579,35.4931,40.3907,10.8231,0.336744,70.3282,63.4908,65.931,58.5318
47.172526836395264,-0.19568574792881932,0.0,0.0,2,0.0253026,2.0,8057.17,71.1111,-22.6031,-4.78175,5.97968,13.641,18.3325,21.6022,23.5594,24.5413,25.0647,25.5225,25.8502,26.1785,26.5074,26.8368,27.2986,27.8272,28.8192,30.8166,34.1852,39.0005,10.8725,0.313343,69.7553,63.541,65.2748,58.2547
47.18757438659668,-0.19599054990874853,0.0,0.0,2,0.00586241,2.0,7997.97,70.6767,-22.4263,-4.75644,6.0481,13.2679,17.6774,20.813,22.7017,23.6535,24.1622,24.6077,24.9259,25.2445,25.564,25.8843,26.3338,26.8491,27.8183,29.7692,33.0709,37.8068,10.8943,0.291416,69.1618,63.6729,64.4675,58.1344
47.21547031402588,-0.18303562579751015,0.04705810546875,0.0,2,-0.00892622,2.0,7962.14,70.3444,-21.7833,-4.64639,6.131,13.0678,17.2073,20.2094,22.0312,22.9526,23.4461,23.8789,24.1884,24.4982,24.8084,25.1196,25.5569,26.0588,27.0045,28.9108,32.1472,36.8074,10.8827,0.271034,68.4669,63.879,63.6231,58.4315
47.230709075927734,-0.0643951342270958,0.1607818603515625,0.0,2,-0.0199621,2.0,7998.7,70.122,-21.0725,-4.68871,6.22281,12.9758,16.8689,19.7435,21.501,22.3928,22.8715,23.2917,23.5925,23.8938,24.1955,24.498,24.9235,25.4123,26.3348,28.1984,31.3719,35.9593,10.8434,0.252143,67.88,64.0575,63.3224,59.2544
47.24570322036743,-0.0316956487260405,0.2862701416015625,0.0,2,-0.0288475,2.0,8392.13,70.0434,-20.3382,-4.82211,6.31528,12.925,16.5965,19.3508,21.0467,21.9101,22.3743,22.7823,23.0746,23.3675,23.6611,23.9554,24.3694,24.8455,25.7454,27.5676,30.6801,35.1968,10.7915,0.234579,67.2329,63.8921,64.2789,64.2789
47.27315711975098,-0.024119325123667715,0.368621826171875,0.0,2,-0.0370081,2.0,8713.78,70.0408,-19.6292,-5.00362,6.40105,12.869,16.3397,18.98,20.6165,21.4523,21.9024,22.2983,22.5823,22.8671,23.1527,23.4389,23.8418,24.3054,25.183,26.9644,30.0167,34.4632,10.7419,0.218234,66.6627,63.705,66.6628,66.6628
47.289183378219604,-0.015619950767358145,0.5058746337890625,0.0,2,-0.0454491,2.0,9091.91,70.1218,-18.9611,-5.17477,6.47475,12.7825,16.0681,18.599,20.1775,20.986,21.4221,21.8062,22.0819,22.3585,22.6361,22.9146,23.3063,23.7575,24.6128,26.3535,29.3449,33.7203,10.7058,0.203064,66.2708,63.595,69.5501,69.5501
47.30378484725952,-0.015609865933656694,0.28038787841796875,0.0,2,-0.0546806,2.0,9658.17,70.3025,-18.3759,-5.33556,6.53379,12.6576,15.7696,18.1938,19.7149,20.4963,20.9185,21.2907,21.558,21.8265,22.0961,22.3668,22.7475,23.1861,24.0187,25.718,28.647,32.9495,10.6897,0.189053,66.0605,63.5378,73.8348,73.8348
47.334460973739624,-0.02648306357693703,0.30391693115234375,0.0,2,-0.0648907,2.0,9486.59,70.5367,-17.8737,-5.47569,6.57759,12.4955,15.4423,17.7618,19.2258,19.9799,20.388,20.7481,21.007,21.2673,21.5288,21.7915,22.1612,22.5869,23.3962,25.053,27.9176,32.1448,10.6964,0.176189,66.0173,63.5721,72.7467,72.7467
47.349507093429565,-0.12917832093027792,0.666656494140625,0.0,2,-0.0755828,2.0,9424.73,70.7502,-17.3924,-5.60293,6.6094,12.3121,15.102,17.3191,18.7265,19.4533,19.8472,20.1953,20.4458,20.6977,20.951,21.2057,21.5644,21.9773,22.763,24.3763,27.1751,31.3253,10.7211,0.164481,66.0744,63.7152,72.2431,72.2431
47.363988637924194,-0.25300938057793926,0.33921051025390625,0.0,2,-0.0867236,2.0,10359.6,70.9554,-17.0943,-5.8213,6.63013,12.1113,14.7515,16.8684,18.2198,18.9193,19.2991,19.635,19.8769,20.1204,20.3655,20.612,20.9595,21.3599,22.1216,23.6903,26.4219,30.4925,10.7638,0.15389,66.2993,64.1801,79.0452,79.0452
47.393051624298096,-0.361301220746574,0.3411712646484375,0.0,2,-0.0996354,2.0,10274.3,71.1881,-17.0989,-6.09585,6.63449,11.8725,14.3653,16.381,17.6752,18.3465,18.7116,19.0349,19.2679,19.5027,19.7391,19.9771,20.313,20.7003,21.4371,22.9585,25.6188,29.6033,10.8472,0.144221,66.6662,64.5532,78.7669,78.7669
47.407252073287964,-0.4781316857993525,0.337249755859375,0.0,2,-0.11231,2.0,10158.9,71.4657,-17.2106,-6.3939,6.63491,11.6386,13.9918,15.9094,17.1476,17.7911,18.1416,18.4523,18.6765,18.9025,19.1302,19.3597,19.6838,20.058,20.7704,22.2437,24.8319,28.7283,10.9984,0.135361,66.6753,65.0519,77.8943,77.8943
47.43563985824585,-0.5202681013858784,0.32744598388671875,0.0,2,-0.123084,2.0,10016.0,71.777,-17.2262,-6.66935,6.64022,11.4368,13.6629,15.4896,16.6749,17.2921,17.6288,17.9276,18.1433,18.3609,18.5804,18.8016,19.1144,19.476,20.1651,21.5921,24.1108,27.9216,11.2242,0.127285,66.6753,65.8074,76.8086,76.8086
47.45145082473755,-0.5754172369632771,0.258819580078125,0.0,2,-0.130928,2.0,9839.97,72.1423,-17.0229,-6.91135,6.6553,11.2778,13.3918,15.1369,16.2739,16.8674,17.1916,17.4794,17.6874,17.8973,18.1092,18.3229,18.6252,18.9749,19.6425,21.027,23.4811,27.2127,11.5293,0.11998,66.6753,66.6248,75.468,75.468
47.4671106338501,-0.621227011207223,0.384307861328125,0.0,2,-0.135148,2.0,9513.87,72.5474,-16.5401,-7.10866,6.68297,11.1645,13.1828,14.8571,15.9515,16.5243,16.8375,17.1158,17.317,17.5201,17.7252,17.9322,18.2252,18.5644,19.2127,20.5597,22.9564,26.6182,11.8923,0.113468,66.6753,67.5934,73.013,73.013
47.48359394073486,-0.6442089281958218,0.227447509765625,0.0,2,-0.134978,2.0,9542.65,72.9882,-15.7469,-7.23461,6.72681,11.1007,13.0409,14.6566,15.7151,16.271,16.575,16.8454,17.0409,17.2384,17.4378,17.6392,17.9244,18.2547,18.8865,20.2025,22.5513,26.1563,12.2849,0.107767,67.3807,68.6553,73.1317,73.1317
47.5204496383667,-0.667434272991394,0.0745086669921875,0.0,2,-0.129849,2.0,9146.87,73.4845,-14.6123,-7.27737,6.79036,11.0874,12.9681,14.5377,15.5685,16.1113,16.4083,16.6725,16.8636,17.0567,17.2518,17.4488,17.7278,18.0511,18.6699,19.9627,22.275,25.8393,12.6523,0.102865,68.2506,69.7688,70.2123,70.2123
47.53769397735596,-0.7422268908780019,0.0,0.0,2,-0.118914,2.0,8698.99,73.8816,-13.1177,-7.35489,6.88004,11.1307,12.9724,14.5097,15.5223,16.0565,16.349,16.609,16.7972,16.9873,17.1794,17.3734,17.6482,17.9667,18.5772,19.8558,22.146,25.6895,12.8145,0.0987139,68.2585,70.9254,65.2814,68.1896
47.5574164390564,-0.7416984153879708,0.0,0.0,2,-0.101914,2.0,8469.88,74.0782,-11.6134,-7.58791,7.0029,11.2343,13.0564,14.5753,15.5803,16.1105,16.4007,16.6587,16.8454,17.034,17.2246,17.417,17.6896,18.0058,18.6139,19.8876,22.1718,25.7166,12.6224,0.0950188,67.98,71.8748,62.7668,67.1433
47.572088956832886,-0.7412755812344514,0.0,0.0,2,-0.0785859,2.0,8423.0,74.2355,-9.5333,-7.87615,7.16562,11.4028,13.2232,14.7406,15.7474,16.278,16.5684,16.8265,17.0132,17.2017,17.3922,17.5849,17.8583,18.1761,18.7868,20.0651,22.3613,25.9317,12.1046,0.0916437,67.6651,72.5965,62.0509,67.0268
47.58611822128296,-0.7410091930296595,0.0,0.0,2,-0.0497392,2.0,8466.12,74.3346,-7.32633,-8.10698,7.34926,11.6271,13.4608,14.993,16.0094,16.5443,16.8368,17.0969,17.2853,17.476,17.6688,17.8639,18.1407,18.4623,19.0799,20.3709,22.6968,26.3158,11.4603,0.0885088,67.0451,73.1813,61.6298,68.0815
47.603984355926514,-0.7408718324114469,0.0,0.0,2,-0.0179918,2.0,8494.91,74.3857,-5.51182,-8.26087,7.53689,11.8777,13.7342,15.2905,16.3202,16.8619,17.159,17.4237,17.6154,17.8092,18.0053,18.2035,18.4847,18.8112,19.4378,20.7488,23.1132,26.7961,10.8621,0.0851377,66.3492,73.3143,61.3858,68.7956
47.63205432891846,-0.7408979067362348,0.0,0.0,2,0.0146515,2.0,8494.59,74.376,-4.0739,-8.33489,7.72066,12.1326,14.0193,15.6013,16.6466,17.1988,17.5015,17.771,17.9662,18.1634,18.3629,18.5645,18.8503,19.182,19.8187,21.1553,23.5627,27.3186,10.3532,0.0810238,65.8408,73.1463,61.2207,68.9706
47.647653102874756,-0.7410876848114952,0.0,0.0,2,0.0477139,2.0,8481.83,74.3054,-2.85691,-8.34787,7.90023,12.3886,14.3113,15.9196,16.9858,17.549,17.8574,18.1318,18.3305,18.5312,18.7341,18.9391,19.2298,19.5678,20.218,21.5812,24.0371,27.8712,9.91419,0.0758529,65.4306,72.9027,61.0311,68.9713
47.6658570766449,-0.7414102537779436,0.0,0.0,2,0.0811931,2.0,8462.05,74.1854,-1.75877,-8.32495,8.07685,12.6503,14.6121,16.2513,17.3401,17.9143,18.2286,18.508,18.7102,18.9148,19.1219,19.3314,19.6287,19.9742,20.6384,22.0287,24.5383,28.4561,9.52454,0.0694731,65.0394,72.6482,60.7982,68.9055
47.69561433792114,-0.7418183035205007,0.0,0.0,2,0.115282,2.0,8425.01,74.0336,-0.625743,-8.35642,8.25266,12.9241,14.9263,16.6028,17.7149,18.3005,18.6214,18.9073,19.1144,19.324,19.536,19.7504,20.0545,20.4078,21.0863,22.5076,25.0741,29.0846,9.1687,0.0617865,64.6374,72.3956,60.5185,68.6604
47.71198749542236,-0.7422709753034165,0.0,0.0,2,0.152191,2.0,8350.96,73.8652,0.995045,-8.61819,8.44218,13.2424,15.2966,17.0196,18.1597,18.7618,19.0919,19.3859,19.5988,19.814,20.0317,20.2517,20.5637,20.9259,21.6218,23.0831,25.7183,29.8376,8.81056,0.0530204,64.1085,72.4211,59.8484,68.1915
47.72556447982788,-0.7427986443710315,0.0,0.0,2,0.190694,2.0,8321.22,73.6689,2.82016,-8.96145,8.64046,13.5881,15.7052,17.4787,18.6541,19.275,19.6151,19.9176,20.1367,20.358,20.5817,20.8079,21.129,21.5022,22.2201,23.7241,26.438,30.6775,8.47456,0.0433096,63.7268,72.2859,59.3391,68.2054
47.753220558166504,-0.7434034611831221,0.0,0.0,2,0.227544,2.0,8301.55,73.4439,4.55249,-9.31744,8.82474,13.9107,16.0907,17.914,19.1244,19.7625,20.1117,20.4224,20.6475,20.8753,21.1058,21.3389,21.6696,22.0539,22.7922,24.3381,27.1292,31.4907,8.1967,0.0327051,63.5433,71.7618,59.1301,68.1113
47.768219232559204,-0.7441090807972277,0.0,0.0,2,0.261661,2.0,8280.29,73.1814,6.00009,-9.61457,8.98606,14.1942,16.4292,18.3,19.5409,20.1945,20.553,20.8723,21.1036,21.3375,21.5741,21.8133,22.1526,22.5465,23.3029,24.8905,27.7545,32.2304,7.97538,0.0211903,63.3855,70.9403,59.1225,67.7961
47.793967962265015,-0.7449370078111116,0.0,0.0,2,0.289555,2.0,8255.06,72.8734,7.10412,-9.81136,9.12767,14.4456,16.7294,18.6448,19.9132,20.5833,20.9506,21.2776,21.5144,21.7538,21.9959,22.2405,22.5873,22.9903,23.7656,25.3916,28.3254,32.911,7.79393,0.00868893,63.0414,69.9809,59.164,67.3717
47.809019327163696,-0.7458985321385998,0.0,0.0,2,0.292737,2.0,8223.94,72.5157,7.93587,-9.90012,9.25951,14.6855,17.0185,18.976,20.274,20.9598,21.3355,21.6698,21.9117,22.1563,22.4036,22.6539,23.0091,23.422,24.2159,25.879,28.8826,33.5797,7.63322,-0.00380452,62.4474,69.1247,59.1197,66.944
47.836875677108765,-0.7469786005612574,0.0,0.0,2,0.295749,2.0,8185.78,72.1139,8.61575,-9.906,9.38999,14.9303,17.3163,19.3175,20.647,21.3485,21.7325,22.0742,22.3219,22.5725,22.8261,23.0826,23.4466,23.8694,24.6818,26.385,29.4612,34.2724,7.48139,-0.0157475,61.7662,68.4461,58.9373,66.5467
47.850388050079346,-0.6842279064283986,0.0,0.0,2,0.299616,2.0,8125.33,71.681,9.41582,-9.9494,9.52973,15.1987,17.645,19.6968,21.0595,21.778,22.172,22.523,22.7773,23.0345,23.2947,23.5577,23.9309,24.3641,25.1966,26.9446,30.0997,35.0344,7.32916,-0.0271737,61.0886,67.94,58.6041,65.9841
47.86753964424133,-0.5889054021297488,0.0,0.0,2,0.306616,2.0,8034.95,71.205,10.586,-10.0632,9.69723,15.5359,18.0569,20.1734,21.5766,22.318,22.7244,23.0862,23.3482,23.6131,23.8809,24.1515,24.5355,24.982,25.8407,27.6402,30.8895,35.9702,7.16132,-0.03792,60.5391,67.9246,57.9922,65.2282
47.88436269760132,-0.42854187123896553,0.0,0.0,2,0.318161,2.0,7938.95,70.6585,12.2801,-10.3331,9.90557,15.9744,18.5938,20.7913,22.2491,23.0187,23.44,23.8148,24.0862,24.3609,24.6387,24.9197,25.3185,25.7817,26.6715,28.5363,31.9012,37.1884,6.97442,-0.047799,59.9747,68.2621,57.0772,64.6453
47.91178369522095,-0.39070725780892873,0.0,0.0,2,0.332576,2.0,7881.0,70.0252,13.9085,-10.4573,10.1449,16.4915,19.2288,21.5219,23.0425,23.8436,24.2827,24.6737,24.9569,25.2432,25.5327,25.8253,26.2402,26.7218,27.6477,29.5879,33.0841,38.7604,6.78523,-0.0569015,59.382,68.535,56.2481,64.5737
47.92398142814636,-0.2941800133266952,0.0,0.0,2,0.348085,2.0,7831.66,69.3406,15.4776,-10.5086,10.4031,17.0588,19.9263,22.3261,23.9138,24.7515,25.2101,25.6181,25.9133,26.2116,26.5133,26.8184,27.2512,27.754,28.7195,30.74,34.3786,40.6865,6.60584,-0.065385,58.7434,68.2302,55.5022,64.5603
47.94954800605774,-0.2786703360995172,0.0,0.0,2,0.363673,2.0,7781.9,68.6154,16.9319,-10.4927,10.6747,17.6629,20.6679,23.1786,24.8398,25.7142,26.1925,26.6184,26.9268,27.2386,27.5537,27.8723,28.3238,28.8477,29.8537,31.9594,35.7601,42.9908,6.44052,-0.073353,58.147,67.7674,54.8361,64.4665
47.97448921203613,-0.24817804075682257,0.0,0.0,2,0.382017,2.0,7725.99,67.8621,18.2303,-10.4249,10.955,18.288,21.4354,24.061,25.795,26.7081,27.2079,27.6524,27.974,28.2988,28.627,28.9588,29.4294,29.9758,31.0244,33.2161,37.3257,45.7057,6.29065,-0.0809631,57.5511,67.0318,54.2428,64.2088
47.98761534690857,-0.17866693188425806,0.0,0.0,2,0.400634,2.0,7662.12,67.0931,19.374,-10.3259,11.2394,18.9231,22.2154,24.9581,26.7674,27.7193,28.2395,28.7023,29.0372,29.3758,29.718,30.0638,30.5538,31.1221,32.2125,34.4927,39.1114,48.8898,6.1552,-0.0884959,56.9835,66.2359,53.6995,63.7793
48.012146949768066,-0.14251010469391043,0.0,0.0,2,0.418065,2.0,7591.55,66.3229,20.3972,-10.2237,11.5258,19.5666,23.0052,25.8647,27.7493,28.7397,29.2816,29.7633,30.1118,30.4637,30.8192,31.1783,31.6875,32.2785,33.4119,35.8693,41.1442,14.2338,6.03214,-0.0959991,56.4903,65.5184,53.1839,63.2175
48.033698320388794,-0.06544705011249179,0.1921539306640625,0.0,2,0.434603,2.0,7516.6,65.5501,21.3569,-10.145,11.8163,20.2239,23.8109,26.7892,28.7493,29.7796,30.3425,30.8426,31.2044,31.5701,31.9397,32.313,32.8419,33.455,34.66,37.4318,43.4881,11.7613,5.91868,-0.103457,56.0031,64.7979,52.6664,62.5892
48.053518772125244,-0.03510647717416286,0.36077880859375,0.0,2,0.450379,2.0,7287.75,64.715,22.2906,-10.0953,12.1137,20.8958,24.6341,27.7331,29.7712,30.8405,31.4251,31.9448,32.3205,32.7,33.0832,33.4718,34.0352,34.7094,36.0676,39.2165,46.2175,10.6347,5.81323,-0.110845,55.5533,64.1762,55.7129,55.7129
48.07207489013672,-0.032379780825647526,0.5215606689453125,0.0,2,0.46524,2.0,7839.34,64.0007,23.1531,-10.0588,12.4159,21.5789,25.4706,28.6912,30.806,31.9161,32.5223,33.0618,33.4591,33.8687,34.2912,34.7269,35.3606,36.1203,37.6571,41.2509,49.403,9.8707,5.71534,-0.118138,55.085,63.4915,59.903,59.903
48.09109926223755,-0.03244337441797368,0.7333221435546875,0.0,2,0.479194,2.0,8515.91,63.439,23.9701,-10.0335,12.7227,22.273,26.3183,29.6613,31.8548,33.011,33.6661,34.2665,34.7119,35.1717,35.6466,36.1374,36.8523,37.7119,39.4581,43.5825,53.1595,9.28846,5.62359,-0.125394,54.6413,62.8402,65.0357,65.0357
48.11516499519348,-0.03248827600016445,0.46862030029296875,0.0,2,0.492291,2.0,9517.68,63.0424,24.7942,-10.0212,13.0336,22.977,27.1787,30.6453,32.9324,34.2112,34.9448,35.6188,36.1197,36.6377,37.1737,37.7285,38.5387,39.5158,41.5106,46.2762,15.4699,8.81748,5.537,-0.132614,54.2752,62.2996,72.579,72.579
48.125351905822754,-0.032521584233852104,0.49999237060546875,0.0,2,0.50515,2.0,9660.37,62.7482,25.6594,-10.0327,13.3499,23.6954,28.0553,31.6462,34.1302,35.5627,36.3875,37.1472,37.7132,38.2996,38.9075,39.5381,40.4614,41.5786,43.8729,49.4274,12.2205,8.4211,5.45465,-0.139792,54.002,61.8939,73.9715,73.9715
48.143980979919434,-0.032552367744184095,0.49999237060546875,0.0,2,0.519837,2.0,9856.76,62.4763,26.5167,-10.0699,13.6684,24.417,28.934,32.6898,35.46,37.0693,37.9998,38.8595,39.5015,40.1682,40.8609,41.5811,42.6388,43.9236,46.5797,53.1097,11.0429,8.08398,5.37683,-0.147024,53.8023,61.5343,75.4646,75.4646
48.16765832901001,-0.014172250410992342,0.49999237060546875,0.0,2,0.533165,2.0,10005.4,62.2341,27.3424,-10.1298,13.9822,25.1272,29.8005,33.8223,36.916,38.7276,39.78,40.7556,41.4861,42.2466,43.0388,43.8647,45.0816,46.5665,49.6593,57.399,10.2646,7.79633,5.30379,-0.15434,53.6589,61.1835,76.6161,76.6161
48.19183945655823,0.0,0.49999237060546875,0.0,2,0.544954,2.0,10135.0,62.0161,28.1258,-10.2158,14.2863,25.8177,30.6421,35.0385,38.4958,40.5382,41.7308,42.8404,43.6739,44.5439,45.4529,46.4033,47.8089,49.5328,53.1539,62.4032,9.68861,7.54959,5.23542,-0.161697,53.5812,60.8898,77.6175,77.6175
48.208256006240845,0.03547223459628504,0.49999237060546875,0.0,2,0.555148,2.0,10236.0,61.8343,28.8327,-10.3061,14.5771,26.4821,31.4865,36.3364,40.2018,42.5071,43.861,45.1257,46.0791,47.0772,48.1234,49.2209,50.8509,52.8612,57.1254,13.0597,9.23822,7.33624,5.17134,-0.169066,53.5446,60.6194,78.4016,78.4016
48.229973793029785,0.12239662147757784,0.49999237060546875,0.0,2,0.56382,2.0,10318.5,61.6869,29.4499,-10.3937,14.8552,27.1182,32.3731,37.7208,42.0452,44.6514,46.1915,47.6369,48.7305,49.8794,51.0877,52.3601,54.2591,56.616,61.6709,11.8045,8.87233,7.14944,5.11078,-0.176433,53.5693,60.4417,79.039,79.039
48.24910354614258,0.2093824150806715,0.49999237060546875,0.0,2,0.571166,2.0,10381.3,61.5751,29.9723,-10.4674,15.1229,27.7316,33.3098,39.2081,44.0535,47.0074,48.7651,50.4229,51.6827,53.0112,54.414,55.8974,58.1232,60.906,66.8782,11.0102,8.56453,6.98278,5.0525,-0.183802,53.7255,60.4955,79.5267,79.5267
48.26592516899109,0.2616177268944215,0.49999237060546875,0.0,2,0.577559,2.0,10426.4,61.495,30.4055,-10.5194,15.3856,28.3341,34.3181,40.8361,46.2838,49.6476,51.6649,53.5784,55.0394,56.5868,58.2284,59.9726,62.6062,65.8933,13.921,10.4141,8.29486,6.82966,4.99542,-0.191193,54.04,60.7355,79.8814,79.8814
48.288440465927124,0.2858057491286248,0.49999237060546875,0.0,2,0.583214,2.0,10458.8,61.4428,30.784,-10.5615,15.6464,28.9327,35.4174,42.642,48.7977,52.6536,54.9865,57.2136,58.9238,60.7442,62.6856,64.7542,67.6893,71.0227,12.414,9.93051,8.05215,6.68628,4.93896,-0.198616,54.4035,60.9881,80.1307,80.1307
48.3043327331543,0.33731929234609004,0.49999237060546875,0.0,2,0.589868,2.0,10486.5,61.411,31.1293,-10.6044,15.9055,29.5597,36.6214,44.6594,51.6566,56.1115,58.8344,61.4535,63.4778,65.5898,67.6941,69.789,72.7065,13.732,11.5158,9.52193,7.83053,6.55079,4.8828,-0.206113,54.7256,61.1482,80.3468,80.3468
48.325223207473755,0.39307365711558984,0.49999237060546875,0.0,2,0.59686,2.0,10504.4,61.4023,31.4361,-10.643,16.1642,30.2384,37.9441,46.9247,54.9328,60.1268,63.339,66.3094,68.4192,70.519,72.6094,74.6901,13.8527,12.3684,10.8523,9.16676,7.62592,6.42183,4.82675,-0.213802,55.068,61.3549,80.4869,80.4869
48.34529662132263,0.45306400672763586,0.49999237060546875,0.0,2,0.603177,2.0,10525.0,61.4115,31.7173,-10.6882,16.4214,30.9701,39.3965,49.4755,58.7092,64.7785,68.174,71.123,73.2174,75.302,77.3769,13.7732,12.4597,11.511,10.3224,8.85335,7.43622,6.29897,4.77079,-0.221691,55.4369,61.6115,80.6431,80.6431
48.367894649505615,0.5062675899910892,0.49999237060546875,0.0,2,0.608763,2.0,10546.4,61.4419,31.9741,-10.7408,16.6751,31.7556,40.9888,52.3534,63.0859,69.4778,72.8466,75.7729,77.8512,14.8138,13.3001,12.4458,11.5972,10.8726,9.88145,8.57385,7.25987,6.18185,4.71491,-0.229768,55.832,61.9044,80.8088,80.8088
48.38715982437134,0.5171670887407847,0.49999237060546875,0.0,2,0.613567,2.0,10563.3,61.5009,32.1922,-10.7917,16.9233,32.5951,42.7323,55.6087,67.6595,73.9984,77.3405,80.2436,14.1338,12.9581,12.1955,11.61,10.9573,10.3622,9.50496,8.32258,7.09552,6.07018,4.65913,-0.23802,56.2423,62.2014,80.9377,80.9377
48.406322717666626,0.5170088010583073,0.49999237060546875,0.0,2,0.617546,2.0,10575.7,61.5892,32.3712,-10.8436,17.1642,33.4886,44.6392,59.3023,72.0409,78.3277,81.6429,13.7231,12.7047,11.9999,11.4466,10.9866,10.4475,9.93753,9.17758,8.09505,6.94186,5.9635,4.60338,-0.246446,56.5952,62.3794,81.0339,81.0339
48.425315618515015,0.5058098478094327,0.49999237060546875,0.0,2,0.620697,2.0,10589.4,61.7028,32.4973,-10.8915,17.3979,34.4385,46.7281,63.4613,76.2296,82.4651,13.9716,12.5166,11.8486,11.3169,10.8715,10.4869,10.0233,9.57382,8.88807,7.8871,6.79737,5.86084,4.54734,-0.255046,56.9236,62.4858,81.1393,81.1393
48.44374227523804,0.5055786081791439,0.49999237060546875,0.0,2,0.623125,2.0,10605.4,61.8346,32.5898,-10.9446,17.6263,35.4556,49.037,67.5949,80.2512,14.7983,12.6857,11.7284,11.2114,10.7761,10.399,10.0658,9.65678,9.25311,8.62643,7.69388,6.65983,5.76101,4.49041,-0.263812,57.1964,62.5467,81.2598,81.2598
48.46533489227295,0.5053164898121854,0.49999237060546875,0.0,2,0.625498,2.0,10623.9,61.984,32.6544,-11.0057,17.8475,36.5398,51.5874,71.545,84.0938,13.1197,11.874,11.1306,10.7011,10.3284,9.99879,9.70308,9.33517,8.96734,8.3886,7.5139,6.52887,5.66395,4.43263,-0.272737,57.4499,62.6257,81.4034,81.4034
48.48411273956299,0.5270895495693622,0.49999237060546875,0.0,2,0.628474,2.0,10641.5,62.1556,32.6837,-11.0719,18.0593,37.6897,54.4016,75.3003,87.7457,12.2133,11.2683,10.6483,10.2768,9.94815,9.65337,9.38613,9.05017,8.71094,8.1716,7.34609,6.40427,5.56967,4.3741,-0.281897,57.6999,62.7154,81.538,81.538
48.50377106666565,0.6076498600509416,0.3097991943359375,0.0,2,0.630588,2.0,10656.1,62.3532,32.6738,-11.1411,18.2595,38.9023,57.5017,78.8506,14.4851,11.5646,10.7845,10.2458,9.91549,9.61948,9.35133,9.10631,8.79572,8.47965,7.97295,7.18939,6.2857,5.47809,4.31481,-0.291318,57.9932,62.8834,81.6519,81.6519
48.52697777748108,0.6811187862978081,0.08823394775390625,0.0,2,0.631731,2.0,10185.5,62.5614,32.6032,-11.2133,18.4454,40.1662,60.8733,82.1713,13.1343,11.0622,10.3864,9.90489,9.60501,9.33377,9.08627,8.85876,8.56859,8.27131,7.79159,7.04353,6.17327,5.38935,4.25478,-0.301001,58.4218,63.2564,78.2055,78.2055
48.54793357849121,0.7322894030971527,0.0,0.0,2,0.631574,2.0,9281.89,62.7416,32.3978,-11.2755,18.6086,41.4383,64.0668,85.1876,12.3811,10.67,10.063,9.62187,9.34424,9.09147,8.85959,8.64555,8.37132,8.08874,7.63041,6.91113,6.06889,5.30482,4.19433,-0.310927,58.9615,63.6828,70.6325,72.2158
48.56398606300354,0.7451729283009259,0.0,0.0,2,0.629688,2.0,8442.25,62.8612,31.9886,-11.3158,18.7376,42.646,66.8296,87.7966,11.8917,10.3748,9.81202,9.39795,9.13557,8.89568,8.67485,8.47041,8.20774,7.93601,7.49324,6.79533,5.97448,5.226,4.13362,-0.321117,59.5446,63.9607,63.3303,66.5796
48.585851192474365,0.7717454789795782,0.0,0.0,2,0.6259,2.0,7904.89,62.9198,31.368,-11.3303,18.827,43.7324,69.1234,89.9591,11.5729,10.1626,9.62612,9.22869,8.9759,8.74418,8.53044,8.33223,8.07714,7.81278,7.38029,6.69661,5.89054,5.15333,4.07281,-0.331563,60.1227,63.9665,58.7885,62.6885
48.60595083236694,0.8126448861012273,0.0,0.0,2,0.620623,2.0,7575.44,62.9447,30.5985,-11.3228,18.8863,44.7176,71.0521,91.7724,11.3521,10.0034,9.48257,9.09526,8.8484,8.62182,8.4126,8.2184,7.96824,7.70875,7.28344,6.60906,5.81316,5.08439,4.01102,-0.342276,60.6216,63.8646,56.2114,60.0865
48.628443002700806,0.8125925131598711,0.0,0.0,2,0.614413,2.0,7378.0,62.9632,29.7363,-11.3049,18.9196,45.6015,72.665,93.2825,11.2008,9.8838,9.37142,8.98937,8.74568,8.52192,8.31524,8.12332,7.87602,7.61944,7.19876,6.53008,5.74063,5.01782,3.948,-0.353245,60.9997,63.7196,54.8168,58.3739
48.643884897232056,0.8125070178718194,0.0,0.0,2,0.608376,2.0,7261.94,62.9934,28.7948,-11.2824,18.9297,46.3754,73.9891,94.5145,11.1058,9.79696,9.28753,8.90666,8.66382,8.4409,8.23504,8.04394,7.79776,7.54239,7.12387,6.45821,5.67195,4.95277,3.88371,-0.364541,61.1969,63.4612,54.1108,57.252
48.66383743286133,0.8123699989333525,0.0,0.0,2,0.601169,2.0,7196.0,63.0418,27.7774,-11.2539,18.9174,47.0218,75.033,95.4762,11.0643,9.74124,9.22896,8.84616,8.60186,8.37786,8.17119,7.97948,7.7327,7.47694,7.05819,6.39299,5.60688,4.88905,3.8182,-0.376191,61.2944,63.1836,53.8086,56.5129
48.685274600982666,0.6547468927588351,0.0,0.0,2,0.592636,2.0,7161.82,63.1153,26.6775,-11.2217,18.8794,47.4941,75.763,96.1616,11.0895,9.72352,9.201,8.81213,8.5642,8.33681,8.1273,7.93325,7.68383,7.42571,7.00388,6.33548,5.54646,4.82732,3.75166,-0.388193,61.3637,62.896,53.756,56.0215
48.70446586608887,0.40024800613975925,0.0,0.0,2,0.582966,2.0,7148.33,63.2155,25.4622,-11.1873,18.8209,47.8066,76.2268,96.6184,11.1763,9.738,9.19826,8.79904,8.54542,8.31324,8.09928,7.90135,7.64747,7.38531,6.95795,6.28321,5.48902,4.76645,3.68387,-0.400565,61.2191,62.3726,53.8533,55.7038
48.72641968727112,0.149926718434286,0.039215087890625,0.0,2,0.572751,2.0,7149.66,63.3066,24.1511,-11.1383,18.7573,48.0531,76.5663,96.9691,11.2871,9.76056,9.20017,8.7887,8.52841,8.29078,8.07232,7.8703,7.61131,7.34448,6.9108,6.22881,5.42944,4.70311,3.61396,-0.413368,60.8254,61.6225,54.0485,55.5215
48.744213342666626,0.009185684302275069,0.619598388671875,0.0,2,0.562289,2.0,7214.79,63.3769,22.7898,-11.0875,18.6958,48.2848,76.8544,97.2827,11.4024,9.7782,9.19567,8.77143,8.50425,8.26108,8.03804,7.83225,7.56876,7.29736,6.85745,6.16854,5.36465,4.63563,3.54151,-0.42662,60.1302,60.6054,54.7484,55.7862
48.76634120941162,-0.027145663026797894,0.9999847412109375,0.0,2,0.551877,2.0,8172.59,63.5446,21.4343,-11.0453,18.6437,48.5574,77.1629,97.6387,11.4952,9.77531,9.17214,8.73634,8.46311,8.21511,7.98815,7.77917,7.51215,7.23755,6.79262,6.09846,5.29189,4.56228,3.46565,-0.440341,59.3139,59.5918,62.3147,62.3147
48.783862829208374,-0.047623291542599595,0.49999237060546875,0.0,2,0.541573,2.0,9734.6,64.0146,20.2388,-11.0351,18.603,48.8915,77.5138,98.0682,11.549,9.74314,9.12307,8.67791,8.39995,8.14829,7.91849,7.70723,7.43775,7.16114,6.71352,6.01643,5.2096,4.48187,3.38564,-0.454614,58.8026,59.1226,74.047,74.047
48.805288553237915,-0.050915703632041814,0.49999237060546875,0.0,2,0.533132,2.0,9754.56,64.6224,19.2911,-11.0766,18.5862,49.4111,78.0499,98.7626,11.4955,9.6503,9.02474,8.57646,8.29718,8.04474,7.81452,7.6031,7.33374,7.05753,6.61121,5.91623,5.1138,4.39165,3.30117,-0.469422,58.612,59.189,74.7248,74.7248
48.827468156814575,-0.0508098320480939,0.49999237060546875,0.0,2,0.52511,2.0,9812.73,65.2158,18.4668,-11.1739,18.582,50.0418,78.6678,99.6289,11.374,9.5197,8.89544,8.44787,8.1694,7.91788,7.68873,7.47843,7.21066,6.93633,6.49341,5.80398,5.00878,4.29443,3.2133,-0.484709,58.6457,59.5351,75.1744,75.1744
48.846763610839844,-0.013995061513598077,0.49999237060546875,0.0,2,0.516583,2.0,9840.3,65.8319,17.7011,-11.3069,18.574,50.6375,79.1977,100.452,11.2617,9.38897,8.76462,8.31764,8.03949,7.78861,7.56024,7.35084,7.08448,6.81181,6.37211,5.68851,4.90049,4.19404,3.12309,-0.500412,58.7966,59.9612,75.3982,75.3982
48.867379903793335,0.0024576770793339237,0.49999237060546875,0.0,2,0.506951,2.0,9857.2,66.4739,16.932,-11.4654,18.5524,51.0645,79.5047,101.012,11.2287,9.28962,8.65699,8.20642,7.92628,7.6739,7.4446,7.23468,6.96801,6.6955,6.25684,5.57666,4.79365,4.09355,3.0315,-0.516464,59.0502,60.5257,75.5272,75.5272
48.885815382003784,0.13086577929631868,0.49999237060546875,0.0,2,0.496093,2.0,9851.8,67.1487,16.098,-11.6146,18.5149,51.2854,79.5668,101.226,11.3058,9.22938,8.57799,8.11798,7.83333,7.57712,7.34477,7.13254,6.86357,6.58934,6.14916,5.46922,4.68896,3.9934,2.93876,-0.532842,59.3456,61.1363,75.4999,75.4999
48.904468059539795,0.26361515779375033,0.49999237060546875,0.0,2,0.483991,2.0,9834.83,67.8418,15.1546,-11.7394,18.461,51.2884,79.3845,101.055,11.5476,9.21369,8.53019,8.05392,7.76124,7.49893,7.26147,7.04495,6.77144,6.49347,6.04904,5.36605,4.58628,3.89348,2.84494,-0.549533,60.1094,62.1382,75.3683,75.3683
48.926976919174194,0.3377666717756741,0.49999237060546875,0.0,2,0.471365,2.0,9824.74,68.5335,14.1682,-11.8522,18.4075,51.2293,79.1244,100.754,11.953,9.20637,8.48412,7.98888,7.68703,7.41783,7.17507,6.95424,6.67572,6.39368,5.94459,5.25837,4.47964,3.7901,2.74886,-0.566556,61.5144,63.3975,75.2862,75.2862
48.94868564605713,0.3457808396781112,0.49999237060546875,0.0,2,0.458217,2.0,9823.55,69.243,13.2175,-11.9737,18.3546,51.1103,78.7905,100.327,12.8039,9.21021,8.44049,7.92313,7.61074,7.33376,7.08509,6.8597,6.57625,6.28975,5.83565,5.14603,4.36863,3.68328,2.65046,-0.583874,62.9782,64.3419,75.2749,75.2749
48.96576237678528,0.3448773365633612,0.49999237060546875,0.0,2,0.445063,2.0,9825.96,69.9766,12.2863,-12.1093,18.296,50.8741,78.3254,99.6796,13.9073,9.24923,8.41498,7.86856,7.54268,7.25573,6.99956,6.76836,6.47887,6.18732,5.72675,5.03232,4.25542,3.57448,2.55035,-0.601438,64.1045,64.9153,75.2955,75.2955
48.98394989967346,0.28462660861472444,0.49999237060546875,0.0,2,0.4313,2.0,9821.42,70.7275,11.3507,-12.2561,18.2245,50.4585,77.6653,98.7208,15.3267,9.36205,8.43079,7.84191,7.49671,7.19572,6.92894,6.68959,6.39151,6.09292,5.62359,4.9212,4.14262,3.46522,2.44924,-0.619224,65.0102,65.4255,75.2632,75.2632
49.007551193237305,0.23758042112285085,0.49999237060546875,0.0,2,0.416503,2.0,9794.42,71.5034,10.3411,-12.4074,18.1417,49.8822,76.825,97.4989,17.2182,9.58477,8.49781,7.84768,7.47542,7.15506,6.8739,6.62357,6.31397,6.00597,5.52547,4.81204,4.02969,3.35491,2.34717,-0.637213,65.699,65.857,75.0826,75.0826
49.02511811256409,0.23689531101305505,0.49999237060546875,0.0,2,0.400949,2.0,9720.01,72.3065,9.26159,-12.5353,18.0544,49.2153,75.871,96.1399,19.6793,9.97552,8.61394,7.88011,7.47182,7.12649,6.82724,6.56326,6.23958,5.92026,5.42654,4.70089,3.91395,3.2418,2.24368,-0.655417,66.3381,66.3722,74.5112,74.5112
49.04637002944946,0.23620277909034024,0.9999847412109375,0.0,2,0.384652,2.0,9617.26,73.1183,8.15303,-12.6234,17.9634,48.4707,74.8112,94.6738,23.1006,10.7686,8.80539,7.94604,7.49049,7.11248,6.79009,6.50914,6.1683,5.83539,5.32611,4.58708,3.79486,3.12555,2.13874,-0.673817,67.0839,66.9955,73.7423,73.7423
49.06867718696594,0.257864001786833,0.49999237060546875,0.0,2,0.367431,2.0,10741.0,73.9975,7.10289,-12.6716,17.8651,47.6239,73.6118,93.0741,28.6048,11.8906,9.16019,8.07448,7.54871,7.12649,6.77288,6.46947,6.10644,5.75631,5.22766,4.4724,3.67376,3.00701,2.03279,-0.692354,68.2327,67.636,81.925,81.925
49.08387589454651,0.28035709482869536,0.49999237060546875,0.0,2,0.34927,2.0,10358.1,74.9167,6.2828,-12.7559,17.7582,46.6855,72.2766,91.3675,39.0893,13.3998,9.92387,8.32015,7.67475,7.1856,6.78898,6.45483,6.06188,5.68915,5.13563,4.35961,3.55288,2.88794,1.92683,-0.710807,69.1425,68.3564,79.492,79.492
49.108378171920776,0.28744019462575515,0.49999237060546875,0.0,2,0.328927,2.0,10086.6,75.8005,5.46048,-12.8798,17.6165,45.4501,70.5463,89.2827,113.547,16.1771,11.36,9.01298,8.02846,7.39541,6.91652,6.52878,6.08514,5.67419,5.07906,4.26722,3.44334,2.77519,1.82315,-0.728966,70.0654,68.9174,77.3812,77.3812
49.126078844070435,0.2865516652558446,0.9999847412109375,0.0,2,0.307094,2.0,9884.67,76.6481,4.54474,-13.0378,17.4318,43.8877,68.3302,86.807,103.779,22.4769,14.1094,10.6439,9.0559,7.95044,7.26542,6.76365,6.22406,5.74566,5.07848,4.20568,3.35011,2.67183,1.72292,-0.746739,70.9911,69.401,75.8079,75.8079
49.146647691726685,0.2856544350910187,0.49999237060546875,0.0,2,0.282909,2.0,11031.1,77.504,3.60285,-13.2152,17.2124,42.1132,65.7051,84.0154,97.9363,43.7185,20.2089,13.7442,11.1887,9.43504,8.15707,7.30463,6.54659,5.94003,5.15048,4.18,3.27446,2.5786,1.62695,-0.763988,71.8991,69.8974,84.1226,84.1226
49.166929483413696,0.2613362937814789,0.49999237060546875,0.0,2,0.256795,2.0,10663.7,78.3881,2.65944,-13.3833,16.9692,40.2502,62.7843,80.893,93.0186,103.829,40.9125,20.866,15.4574,12.2762,10.1815,8.69803,7.25811,6.33773,5.32154,4.19649,3.21751,2.4955,1.53591,-0.780544,72.8215,70.4513,81.8568,81.8568
49.1881103515625,0.14156849060137633,0.9999847412109375,0.0,2,0.229332,2.0,10277.2,79.2894,1.71975,-13.4309,16.7152,38.4124,59.7083,77.5713,88.7339,96.5931,103.16,173.117,26.7726,18.4328,14.0556,11.359,8.95499,7.21199,5.64115,4.26328,3.17977,2.42206,1.45025,-0.796261,74.0054,71.1369,78.913,78.913
49.206244468688965,0.023248793970732328,0.49999237060546875,0.0,2,0.202281,2.0,11182.7,80.2477,0.629653,-13.389,16.4823,36.8135,56.8464,74.4261,85.2311,91.6701,96.277,101.847,109.024,35.9227,22.2966,16.1658,11.6736,8.86112,6.16963,4.36538,3.14941,2.35144,1.36853,-0.811109,74.9852,72.0363,85.3816,85.3816
49.225714445114136,-0.0039800396130681035,0.9999847412109375,0.0,2,0.177969,2.0,10619.5,81.2161,-0.413769,-13.3794,16.3081,35.6595,54.6478,71.9356,82.6377,88.3831,92.2288,96.4304,100.325,106.208,41.5785,24.2765,15.341,10.7999,6.94786,4.45245,3.10183,2.27103,1.28737,-0.825224,75.4228,73.1185,81.5512,81.5512
49.24425148963928,-0.030324486189700663,0.49999237060546875,0.0,2,0.157079,2.0,11520.5,82.1544,-1.08233,-13.4175,16.197,34.9332,53.1847,70.1981,80.7983,86.2707,89.7501,93.4205,96.6204,100.711,107.44,36.7009,19.4354,12.6411,7.63871,4.49575,3.0282,2.17796,1.20627,-0.838572,75.83,74.3408,87.9618,87.9618
49.26368069648743,-0.0614122708414051,0.49999237060546875,0.0,2,0.139122,2.0,10976.6,83.0863,-1.53297,-13.5031,16.1222,34.4436,52.1532,68.9074,79.4054,84.7497,88.0124,91.3936,94.2636,97.7541,102.488,171.926,23.9613,14.3568,8.19927,4.52048,2.9415,2.08006,1.12736,-0.851119,76.376,75.4168,84.2809,84.2809
49.28636431694031,-0.07670679817012853,0.9999847412109375,0.0,2,0.123135,2.0,10605.4,83.9451,-1.76826,-13.5908,16.0823,34.174,51.5374,68.0581,78.4578,83.7368,86.8835,90.1172,92.8297,96.065,100.241,107.546,27.632,15.5355,8.535,4.52037,2.8426,1.97944,1.05177,-0.862777,77.0027,76.4673,81.386,81.386
49.30612850189209,-0.08058404090380669,0.49999237060546875,0.0,2,0.109295,2.0,11576.6,84.8288,-1.82116,-13.6302,16.0788,34.1289,51.3452,67.668,77.9783,83.2181,86.3346,89.5321,92.2086,95.3904,99.4649,106.227,28.3516,15.6989,8.54968,4.48008,2.73094,1.8769,0.980125,-0.873494,77.6343,77.531,88.4109,88.4109
49.32544994354248,-0.08026324998240172,0.9999847412109375,0.0,2,0.0969188,2.0,10797.8,85.8844,-1.71769,-13.4892,16.1014,34.2429,51.4429,67.5968,77.8254,83.0415,86.1853,89.4206,92.1399,95.3932,99.6214,107.47,26.485,15.0532,8.32252,4.39907,2.61505,1.7762,0.913378,-0.883264,78.4269,78.6903,83.0026,83.0026
49.344135999679565,-0.024929056969704103,0.49999237060546875,0.0,2,0.085601,2.0,11483.8,86.9354,-1.48608,-13.3395,16.1436,34.4794,51.7487,67.7582,77.912,83.1281,86.3463,89.6815,92.5119,95.9523,100.609,170.085,23.3205,13.9308,7.94067,4.27462,2.50284,1.68132,0.852747,-0.892011,79.1912,79.7707,87.7695,87.7695
49.365883350372314,-0.0006574612463594725,0.9999847412109375,0.0,2,0.0739886,2.0,10774.8,87.9574,-1.11195,-13.2421,16.1838,34.7085,52.0221,67.8885,77.9683,83.1977,86.4915,89.93,92.8797,96.5324,101.768,168.895,20.9027,12.9973,7.60722,4.1636,2.41287,1.60039,0.799889,-0.899648,80.1636,80.6566,82.7971,82.7971
49.38371753692627,0.0048329895008504395,0.9999847412109375,0.0,2,0.0619485,2.0,11553.0,88.9368,-0.805732,-13.1219,16.2049,34.8262,52.0872,67.794,77.7948,83.0219,86.3494,89.8374,92.8474,96.6163,102.234,40.2835,19.837,12.5561,7.44014,4.10478,2.36213,1.54052,0.756359,-0.906076,81.1802,81.4143,88.4654,88.4654
49.40520524978638,0.0145203121423355,0.49999237060546875,0.0,2,0.0489384,2.0,12285.2,89.9478,-0.673084,-13.1464,16.2089,34.8437,51.9733,67.505,77.4216,82.6232,85.9445,89.4277,92.436,96.208,101.858,39.7184,19.6725,12.4775,7.40434,4.08888,2.35048,1.5026,0.722288,-0.911343,82.0568,82.2231,93.755,93.755
49.42770290374756,0.02020306620128453,0.9999847412109375,0.0,2,0.0350553,2.0,11583.3,90.9305,-0.603967,-13.16,16.2006,34.7888,51.734,67.0787,76.9064,82.0637,85.3499,88.7893,91.7504,95.4408,100.843,167.211,20.1212,12.65,7.46039,4.10328,2.35375,1.48733,0.697699,-0.915451,82.9739,83.0431,89.0858,89.0858
49.44527745246887,0.02012388206953307,0.49999237060546875,0.0,2,0.0201089,2.0,12279.6,91.9459,-0.506951,-12.6688,16.1766,34.6424,51.342,66.4831,76.2157,81.3064,84.5227,87.8719,90.7337,94.2517,99.1728,167.175,21.4745,13.1752,7.64204,4.1587,2.37236,1.49407,0.683855,-0.918305,84.4389,84.0503,93.6173,93.6173
49.46661138534546,0.020039051954781013,0.9999847412109375,0.0,2,0.00409573,2.0,11322.1,93.0337,-0.509494,-11.9425,16.1368,34.4062,50.8033,65.7227,75.3526,80.3611,83.4773,86.6982,89.4207,92.7071,97.0693,167.406,24.1288,14.147,7.96982,4.25982,2.40786,1.5095,0.681826,-0.919834,85.4828,84.9299,87.3635,87.3635
49.484185218811035,0.01104085219173599,0.9999847412109375,0.0,2,-0.0122731,2.0,12179.2,93.9617,-0.55903,-11.4725,16.0923,34.1504,50.2353,64.9277,74.4518,79.3833,82.3979,85.4911,88.0794,91.154,95.0807,101.472,27.9045,15.4051,8.37565,4.38457,2.45298,1.53002,0.687521,-0.919991,86.4195,85.8232,93.0645,93.0645
49.505369663238525,0.0010596736825009188,0.49999237060546875,0.0,2,-0.0149329,2.0,12776.7,95.008,-0.684741,-11.1497,16.0486,33.9062,49.6892,64.1556,73.5728,78.4376,81.36,84.3398,86.8126,89.7125,93.3153,98.5253,32.825,16.8574,8.81906,4.51956,2.50281,1.5534,0.694575,-0.919375,87.2892,86.7484,97.4415,97.4415
49.52446246147156,0.0,0.9999847412109375,0.0,2,-0.0168932,2.0,11955.7,96.0341,-0.790212,-10.9535,16.0122,33.7106,49.2247,63.4752,72.7879,77.5974,80.4476,83.3404,85.7269,88.5012,91.8879,96.5249,164.268,18.2534,9.22654,4.64424,2.55039,1.57662,0.702155,-0.91866,88.0462,87.6351,91.6645,91.6645
49.54502558708191,0.0,0.9999847412109375,0.0,2,-0.0181769,2.0,12379.5,97.1619,-0.808661,-10.789,15.9855,33.5776,48.8633,62.9127,72.1256,76.8878,79.6877,82.5215,84.8509,87.5444,90.8005,95.1367,164.152,19.3664,9.5508,4.74864,2.59312,1.59878,0.710161,-0.917842,88.7435,88.4673,95.1856,95.1856
49.565343618392944,0.0006314467359334231,0.9999847412109375,0.0,2,-0.0185674,2.0,11814.6,98.8849,-0.636766,-10.1182,15.9711,33.5241,48.629,62.4964,71.6166,76.3378,79.1133,81.9198,84.2239,86.884,90.0894,94.3226,163.75,19.9102,9.74188,4.82506,2.6303,1.62038,0.719181,-0.916832,89.7718,89.6224,90.5363,90.5363
49.5867338180542,0.006777163571069638,0.9999847412109375,0.0,2,-0.0178493,2.0,12023.0,100.161,-0.45608,-9.58312,15.9722,33.5692,48.5475,62.2587,71.2957,75.9844,78.7662,81.5832,83.8998,86.5806,89.825,94.1565,163.002,19.6327,9.74493,4.86061,2.65811,1.63996,0.728941,-0.91564,90.2867,90.3655,92.0213,92.0213
49.60586071014404,0.030614631210565568,0.9999847412109375,0.0,2,-0.0169509,2.0,12483.8,101.296,-0.355082,-9.45997,15.9755,33.63,48.482,62.042,70.9976,75.6574,78.4507,81.2843,83.6197,86.3313,89.631,94.1074,162.193,19.2561,9.72293,4.8914,2.68546,1.65991,0.739163,-0.914378,90.6113,91.1218,95.4414,95.4414
49.62399935722351,0.05701788607891649,0.49999237060546875,0.0,2,-0.0165713,2.0,13157.5,102.243,-0.262797,-9.58506,15.9706,33.6424,48.3338,61.732,70.6013,75.2282,78.0178,80.8497,83.1856,85.9008,89.2122,93.7307,161.54,19.2731,9.79957,4.94753,2.72074,1.68303,0.75004,-0.913084,91.9548,92.8419,100.549,100.549
49.64590311050415,0.06747984875924885,0.9999847412109375,0.0,2,-0.0174497,2.0,12702.4,103.0,-0.189775,-9.80119,15.9453,33.5366,48.002,61.2106,69.9815,74.5606,77.3104,80.0959,82.3877,85.0412,88.2547,92.5512,161.267,20.2408,10.1247,5.06945,2.77718,1.71484,0.762849,-0.91168,93.7252,94.0366,97.435,97.435
49.66549587249756,0.06731237852730788,0.49999237060546875,0.0,2,-0.0200027,2.0,14063.4,103.613,-0.233609,-10.0896,15.8931,33.2756,47.4372,60.4184,69.0735,73.5894,76.2545,78.94,81.1347,83.6523,86.6499,90.4959,161.491,22.828,10.8333,5.28845,2.8644,1.75929,0.77853,-0.910103,94.9853,94.5935,107.176,107.176
49.68760061264038,0.06351865149850647,0.49999237060546875,0.0,2,-0.0243743,2.0,13903.8,104.217,-0.476907,-10.36,15.8122,32.8539,46.6341,59.345,67.8639,72.3153,74.8567,77.396,79.4509,81.7779,84.4896,87.8117,95.185,28.5559,12.1067,5.63201,2.98855,1.81838,0.797384,-0.908346,95.8884,94.9725,106.619,106.619
49.70505714416504,0.04373824926967423,0.49999237060546875,0.0,2,-0.0301827,2.0,13636.6,104.916,-0.847841,-10.5295,15.7092,32.3155,45.6589,58.0636,66.4278,70.8122,73.2353,75.6081,77.5084,79.6322,82.0556,84.9149,90.3161,159.265,14.1795,6.11572,3.15086,1.89229,0.819603,-0.906368,96.6885,95.4294,104.621,104.621
49.72594165802002,0.012039305634498596,0.9999847412109375,0.0,2,-0.0365766,2.0,13265.6,105.666,-1.24851,-10.4512,15.5972,31.7422,44.6336,56.7159,64.9149,69.2274,71.5777,73.7922,75.5489,77.4907,79.6711,82.1761,86.5677,95.6462,17.3081,6.72763,3.34388,1.97802,0.844855,-0.90414,97.538,96.1053,101.797,101.797
49.748371601104736,-0.002108203678391874,0.49999237060546875,0.0,2,-0.0421899,2.0,14246.6,106.499,-1.66416,-10.3584,15.4964,31.2468,43.7304,55.5089,63.5485,67.7906,70.105,72.2045,73.8513,75.6577,77.6634,79.9306,83.759,90.1094,21.361,7.38428,3.54409,2.06723,0.871919,-0.901669,98.1412,96.9285,108.853,108.853
49.76521420478821,-0.02746457467409782,0.9999847412109375,0.0,2,-0.0468629,2.0,13535.1,107.415,-1.96976,-10.2849,15.4085,30.8356,42.9601,54.4586,62.3475,66.5222,68.8032,70.8374,72.401,74.1063,75.9864,78.0893,81.5625,86.9038,26.4118,8.0558,3.74462,2.1576,0.900331,-0.898982,98.8261,97.8283,103.958,103.958
49.78380513191223,-0.04915573784740021,0.49999237060546875,0.0,2,-0.0500119,2.0,14317.0,108.364,-2.14031,-10.2298,15.341,30.5466,42.3806,53.6386,61.3946,65.5089,67.7595,69.7589,71.2672,72.9068,74.707,76.7076,79.9734,84.8266,155.158,8.64866,3.92782,2.24386,0.929465,-0.896074,99.4613,98.8201,109.46,109.46
49.80651068687439,-0.058725837435511255,0.9999847412109375,0.0,2,-0.0515407,2.0,13488.6,109.345,-2.1845,-10.1864,15.2947,30.3809,41.9902,53.0505,60.6938,64.7559,66.9801,68.9565,70.4338,72.0374,73.7943,75.7413,78.9023,83.534,155.08,9.09957,4.08405,2.32321,0.958868,-0.892968,100.166,99.8563,103.661,103.661
49.825828313827515,-0.06188108637423254,0.9999847412109375,0.0,2,-0.0509351,2.0,13900.7,110.501,-1.93642,-9.98935,15.2762,30.3731,41.8352,52.7535,60.3118,64.3336,66.5372,68.4963,69.9712,71.5729,73.3284,75.2751,78.4395,83.089,154.348,9.30318,4.19521,2.39048,0.988046,-0.889637,100.842,100.997,106.412,106.412
49.846923828125,-0.058146522075049584,0.9999847412109375,0.0,2,-0.048795,2.0,14179.1,111.719,-1.61231,-9.85046,15.2772,30.4781,41.8395,52.6555,60.1491,64.1392,66.3262,68.2776,69.7707,71.3947,73.1792,75.1645,78.4113,83.2575,153.147,9.32063,4.27193,2.4486,1.01718,-0.886114,101.676,102.186,108.536,108.536
49.863592863082886,-0.03161101105602458,0.49999237060546875,0.0,2,-0.0458806,2.0,14575.6,112.874,-1.27219,-9.82668,15.2884,30.6321,41.9159,52.6491,60.0884,64.0514,66.2242,68.1827,69.7054,71.3662,73.1973,75.2452,78.6254,83.8102,151.701,9.25029,4.32993,2.50141,1.04617,-0.882492,102.606,103.31,111.503,111.503
49.88552117347717,-0.014826929378444329,0.9999847412109375,0.0,2,-0.042909,2.0,13797.3,113.829,-0.902399,-9.92669,15.2999,30.7776,41.9847,52.6366,60.0224,63.9587,66.1175,68.0971,69.6515,71.3527,73.235,75.3523,78.8867,84.5028,27.039,9.18403,4.38702,2.55418,1.07554,-0.8788,103.58,104.3,105.895,105.895
49.905073165893555,-0.0034849051702022554,0.49999237060546875,0.0,2,-0.0404733,2.0,14794.2,114.654,-0.588047,-10.0848,15.3036,30.8706,41.982,52.5395,59.8652,63.772,65.9154,67.9195,69.4991,71.2325,73.1573,75.3325,79.0026,85.0524,25.5565,9.18663,4.45822,2.61183,1.1059,-0.875049,104.508,105.077,113.031,113.031
49.92405104637146,0.0,0.9999847412109375,0.0,2,-0.0387796,2.0,14206.8,115.489,-0.359671,-10.2462,15.2965,30.897,41.8875,52.3328,59.5889,63.462,65.5911,67.61,69.2038,70.9558,72.9065,75.1184,78.8791,85.2674,24.898,9.27457,4.54884,2.67625,1.13749,-0.871243,105.44,105.817,109.027,109.027
49.94520115852356,0.0,0.49999237060546875,0.0,2,-0.0377324,2.0,15224.0,116.309,-0.227759,-10.3851,15.2799,30.8658,41.7144,52.0322,59.2106,63.0462,65.1608,67.1825,68.7802,70.538,72.498,74.7252,78.5283,85.109,24.8042,9.43313,4.65627,2.74657,1.17011,-0.867401,106.301,106.509,116.322,116.322
49.967334270477295,0.0005853594280779362,0.9999847412109375,0.0,2,-0.0371326,2.0,14497.3,117.213,-0.165486,-10.4215,15.2567,30.7932,41.4862,51.6661,58.761,62.5566,64.6547,66.6709,68.2648,70.0191,71.9768,74.203,78.0111,84.6512,25.172,9.64049,4.77583,2.82124,1.20353,-0.863526,107.224,107.309,111.325,111.325
49.986138105392456,0.000583071168512106,0.49999237060546875,0.0,2,-0.0369361,2.0,15357.2,118.123,-0.156856,-10.4014,15.2276,30.6841,41.2096,51.2427,58.2487,62.0017,64.0808,66.0837,67.667,69.4095,71.3535,73.564,77.3429,83.9083,145.588,9.89217,4.90627,2.89968,1.23753,-0.859641,108.095,108.106,117.397,117.397
50.006603956222534,0.0005807477049529552,0.9999847412109375,0.0,2,-0.0369361,2.0,14594.0,119.047,-0.176393,-10.4006,15.1958,30.5544,40.9076,50.7897,57.7043,61.4135,63.4719,65.4576,67.0269,68.7535,70.679,72.8663,76.5988,83.0275,145.028,10.166,5.04209,2.97996,1.27179,-0.855755,108.96,108.932,112.055,112.055
50.02911043167114,0.001427925651234885,0.49999237060546875,0.0,2,-0.0369867,2.0,15471.9,119.947,-0.199167,-10.4215,15.1631,30.4144,40.5954,50.3262,57.1488,60.8137,62.8508,64.8183,66.3727,68.0823,69.9877,72.1502,75.8323,82.1138,144.478,10.4478,5.18031,3.06128,1.30635,-0.851843,109.76,109.722,118.277,118.277
50.04396724700928,0.0026441741343339285,0.9999847412109375,0.0,2,-0.0370486,2.0,14717.8,120.862,-0.220673,-10.4608,15.13,30.2668,40.2769,49.8569,56.5872,60.2075,62.2234,64.1724,65.7118,67.4037,69.2885,71.4257,75.0571,81.1927,143.927,10.7331,5.31979,3.14322,1.34113,-0.847909,110.597,110.555,113.003,113.003
50.0662477016449,0.003381770311233898,0.9999847412109375,0.0,2,-0.037124,2.0,15472.4,121.828,-0.227969,-10.4352,15.0966,30.1119,39.9524,49.3819,56.0198,59.5954,61.5898,63.5199,65.0439,66.7182,68.5819,70.6933,74.273,80.265,143.374,11.0217,5.46035,3.22567,1.37608,-0.843958,111.414,111.369,118.339,118.339
50.087621212005615,0.003365822759146492,0.49999237060546875,0.0,2,-0.0372394,2.0,16012.0,122.904,-0.245784,-10.4325,15.0623,29.9474,39.6182,48.8972,55.4421,58.9725,60.9451,62.8554,64.3631,66.0189,67.8607,69.9448,73.47,79.3129,142.829,11.3191,5.6038,3.30948,1.41147,-0.839964,112.337,112.279,122.498,122.498
50.10421895980835,0.00260896663804849,0.9999847412109375,0.0,2,-0.0373872,2.0,15079.5,123.913,-0.263433,-10.47,15.0272,29.7742,39.2759,48.4042,54.8554,58.3403,60.2907,62.1806,63.6715,65.308,67.1268,69.1829,72.6518,78.3442,142.287,11.6241,5.74972,3.39443,1.44723,-0.835937,113.293,113.222,115.802,115.802
50.1251437664032,0.0009357918647366265,0.49999237060546875,0.0,2,-0.0375169,2.0,15947.0,124.818,-0.273629,-10.5543,14.9922,29.5954,38.93,47.9088,54.2668,57.7061,59.6344,61.504,62.9783,64.5959,66.3923,68.4207,71.8349,77.3868,141.734,11.9304,5.89663,3.48005,1.48331,-0.831871,114.145,114.078,121.919,121.919
50.14512085914612,-0.0013902176291216164,0.9999847412109375,0.0,2,-0.037639,2.0,15222.5,125.705,-0.29019,-10.666,14.957,29.4108,38.5801,47.4103,53.6752,57.0688,58.9751,60.8245,62.2823,63.8808,65.6551,67.6562,71.0167,76.4348,141.173,12.2384,6.04439,3.56619,1.51961,-0.827778,115.002,114.934,116.827,116.827
50.16430187225342,-0.01402829885808751,0.49999237060546875,0.0,2,-0.0376685,2.0,16195.7,126.55,-0.299541,-10.781,14.9228,29.2253,38.2334,46.9182,53.0913,56.4397,58.325,60.1556,61.5983,63.1792,64.9333,66.91,70.2232,75.5293,140.581,12.5357,6.19012,3.65189,1.55603,-0.823657,115.775,115.731,123.8,123.8
50.18515920639038,-0.034507673782389614,0.9999847412109375,0.0,2,-0.0373872,2.0,15474.4,127.43,-0.326148,-10.897,14.8929,29.0521,37.9088,46.4558,52.5416,55.8467,57.7146,59.5313,60.9629,62.5319,64.2725,66.2338,69.5196,74.7724,139.894,12.7867,6.3248,3.73394,1.59198,-0.819527,116.56,116.584,118.772,118.772
50.20640993118286,-0.05410253970202059,0.49999237060546875,0.0,2,-0.0363057,2.0,16429.1,128.291,-0.329559,-11.0448,14.8746,28.92,37.6479,46.076,52.0853,55.3522,57.2129,59.0285,60.4607,62.0314,63.7762,65.745,69.055,74.4039,138.971,12.9101,6.42709,3.80437,1.6259,-0.815467,117.217,117.396,125.596,125.596
50.225526332855225,-0.07425846159795921,0.9999847412109375,0.0,2,-0.0340903,2.0,15680.3,129.183,-0.266673,-11.189,14.8731,28.8469,37.4765,45.8113,51.7594,54.9955,56.8675,58.7009,60.15,61.7431,63.518,65.5303,68.9445,74.6515,137.715,12.8545,6.482,3.85737,1.65661,-0.811534,117.907,118.324,120.356,120.356
50.24396061897278,-0.08930155741542577,0.49999237060546875,0.0,2,-0.0305875,2.0,16625.9,130.046,-0.130074,-11.3244,14.8914,28.8408,37.4056,45.6756,51.5798,54.799,56.7064,58.581,60.068,61.7101,63.5492,65.6533,69.2887,75.8928,136.076,12.6082,6.48183,3.8891,1.68301,-0.807814,118.534,119.24,127.106,127.106
50.265156507492065,-0.08894387048050761,0.9999847412109375,0.0,2,-0.0256327,2.0,15879.5,130.927,0.109975,-11.4572,14.9328,28.9103,37.447,45.6838,51.5633,54.7976,56.7669,58.7136,60.2668,61.9945,63.9489,66.2181,70.2884,141.317,133.988,12.1772,6.42194,3.8966,1.70419,-0.804373,119.187,120.22,121.852,121.852
50.28639626502991,-0.08862921965807675,0.49999237060546875,0.0,2,-0.0195945,2.0,16974.2,131.702,0.456136,-11.6579,14.9937,29.0349,37.5703,45.7968,51.6659,54.9607,57.0183,59.0681,60.7189,62.5736,64.7055,67.2458,72.1556,139.055,131.535,11.6423,6.3175,3.88349,1.71999,-0.801308,119.799,121.106,129.73,129.73
50.305965423583984,-0.07312550192038218,0.9999847412109375,0.0,2,-0.0124963,2.0,16260.2,132.552,0.898899,-11.8234,15.0748,29.2134,37.7732,46.0116,51.884,55.306,57.4861,59.682,61.4731,63.5208,65.9357,68.957,76.4813,136.468,128.69,11.0377,6.17433,3.85095,1.73033,-0.798642,120.443,122.004,124.808,124.808
50.326730728149414,-0.05596553986866028,0.49999237060546875,0.0,2,-0.00517875,2.0,17230.2,133.396,1.3584,-11.9671,15.165,29.3985,37.9867,46.2407,52.1314,55.7356,58.0632,60.4424,62.419,64.7325,67.5836,71.5447,137.588,133.766,125.684,10.463,6.021,3.80868,1.73622,-0.796447,121.169,122.823,131.727,131.727
50.34380030632019,-0.04388550617491516,0.9999847412109375,0.0,2,0.00209874,2.0,16456.8,134.271,1.82265,-12.0969,15.2607,29.5745,38.1885,46.4558,52.409,56.2213,58.7238,61.3306,63.5502,66.2503,69.8699,138.181,134.956,131.013,122.585,9.93741,5.86654,3.76051,1.73833,-0.794706,121.981,123.649,126.326,126.326
50.36506533622742,-0.035781238833665845,0.49999237060546875,0.0,2,0.0085923,2.0,17398.3,135.128,2.14918,-12.214,15.3477,29.6991,38.3169,46.5795,52.6224,56.6438,59.3312,62.194,64.714,67.9655,73.3603,135.794,132.488,128.43,119.652,9.50239,5.72815,3.71328,1.73741,-0.793492,122.832,124.353,133.029,133.029
50.38529372215271,-0.028526909182838477,0.9999847412109375,0.0,2,0.014641,2.0,16605.2,136.009,2.40984,-12.3253,15.4249,29.7909,38.3996,46.6467,52.809,57.0524,59.9473,63.1204,66.0496,70.294,135.781,133.487,130.101,125.926,116.778,9.11614,5.59527,3.66357,1.73314,-0.792779,123.703,125.12,127.461,127.461
50.40437722206116,-0.024129222653573378,0.49999237060546875,0.0,2,0.0196263,2.0,17546.2,136.875,2.55049,-12.5286,15.4829,29.8151,38.3862,46.5942,52.8761,57.3211,60.4181,63.9248,67.3798,74.6855,133.768,131.434,127.982,123.709,114.227,8.80383,5.47943,3.61622,1.72603,-0.792633,124.449,125.679,134.164,134.164
50.42398524284363,-0.024028686584522948,0.9999847412109375,0.0,2,0.0235898,2.0,16765.8,137.763,2.61255,-12.8136,15.5214,29.7731,38.2794,46.4256,52.8131,57.4303,60.7142,64.5656,68.7177,134.268,132.003,129.64,126.137,121.788,112.032,8.56139,5.37955,3.57202,1.71683,-0.792954,125.218,126.276,128.679,128.679
50.4453284740448,-0.023933245248701423,0.49999237060546875,0.0,2,0.0263655,2.0,17744.9,138.606,2.49836,-13.099,15.5383,29.6574,38.0685,46.1274,52.584,57.3228,60.7495,64.8993,69.9379,132.819,130.54,128.16,124.63,120.237,110.311,8.39914,5.2958,3.53112,1.70535,-0.793794,126.105,126.914,135.674,135.674
50.46375250816345,-0.02383497350553051,0.9999847412109375,0.0,2,0.028897,2.0,16972.4,139.474,2.35367,-13.3429,15.5477,29.5224,37.8321,45.7982,52.3255,57.1819,60.7562,65.2567,72.8284,131.423,129.132,126.739,123.185,118.755,108.675,8.26344,5.20767,3.48535,1.69058,-0.79509,127.065,127.73,130.267,130.267
50.48757886886597,-0.023771232732022182,0.49999237060546875,0.0,2,0.0315329,2.0,18437.2,140.037,2.26981,-13.8076,15.5552,29.3887,37.5996,45.4757,52.0936,57.0873,60.8431,65.8447,132.206,129.992,127.688,125.279,121.699,117.226,106.966,8.13314,5.10698,3.43105,1.67172,-0.796872,127.871,128.499,140.79,140.79
50.50407433509827,-0.023691188812181352,0.49999237060546875,0.0,2,0.0353028,2.0,17914.7,140.744,2.37135,-14.1607,15.5751,29.3113,37.4509,45.2714,52.0584,57.2944,61.3887,67.667,130.495,128.258,125.927,123.488,119.855,115.297,104.674,7.95142,4.97644,3.3613,1.64815,-0.799029,128.42,129.25,137.491,137.491
50.527297258377075,-0.02360525764505379,0.9999847412109375,0.0,2,0.0395738,2.0,17369.4,141.503,2.46072,-14.3886,15.5983,29.2548,37.3343,45.1276,52.1328,57.7007,62.3234,130.822,128.644,126.378,124.014,121.535,117.833,113.164,102.043,7.75526,4.83617,3.28111,1.62026,-0.801645,129.054,130.016,133.288,133.288
50.54755187034607,-0.025554749048749607,0.49999237060546875,0.0,2,0.04376,2.0,18353.7,142.335,2.50474,-14.5401,15.6167,29.1877,37.2044,44.9863,52.2276,58.191,63.6221,129.002,126.797,124.502,122.103,119.584,115.81,111.021,99.5051,7.57735,4.7048,3.19444,1.58828,-0.80481,129.767,130.73,140.351,140.351
50.56437420845032,-0.025442274435162546,0.9999847412109375,0.0,2,0.048103,2.0,17471.2,143.249,2.54954,-14.636,15.6335,29.1224,37.0791,44.8735,52.3922,58.8776,66.0471,127.126,124.892,122.564,120.128,117.563,113.706,108.775,96.98,7.40597,4.5788,3.10186,1.55212,-0.808497,130.558,131.557,134.142,134.142
50.5854218006134,-0.025329307591319083,0.49999237060546875,0.0,2,0.0519702,2.0,18296.8,144.167,2.49158,-14.6961,15.64,29.0258,36.9106,44.7214,52.5128,59.6061,128.371,125.352,123.093,120.736,118.265,115.66,111.728,106.662,94.7523,7.27469,4.46825,3.01627,1.51196,-0.812798,131.404,132.318,139.971,139.971
50.60384249687195,-0.025214248768885932,0.9999847412109375,0.0,2,0.0552856,2.0,17412.6,145.102,2.439,-14.9005,15.6347,28.894,36.6932,44.5182,52.5641,60.3687,126.747,123.703,121.424,119.044,116.545,113.906,109.909,104.725,92.8243,7.1915,4.37575,2.9401,1.46821,-0.81768,132.1,132.938,133.634,133.634
50.62666416168213,-0.01933309042554659,0.9999847412109375,0.0,2,0.0568644,2.0,18337.0,145.987,2.21989,-15.2168,15.6001,28.6656,36.3393,44.1219,52.2752,60.5269,125.533,122.488,120.207,117.824,115.323,112.679,108.673,103.466,91.6657,7.23611,4.32504,2.88343,1.42726,-0.823088,132.705,133.406,140.251,140.251
50.6473491191864,-0.0127438729626406,0.49999237060546875,0.0,2,0.051047,2.0,18963.9,147.009,1.9985,-15.5405,15.5507,28.395,35.9273,43.6443,51.8397,60.4019,124.488,121.45,119.176,116.8,114.306,111.671,107.679,102.493,90.8112,7.37067,4.3023,2.84085,1.39161,-0.828505,133.519,134.157,145.095,145.095
50.66659736633301,-0.008710384706743061,0.9999847412109375,0.0,2,0.0444629,2.0,18122.9,147.897,1.77377,-15.8815,15.4962,28.1191,35.5106,43.1677,51.4096,60.3579,123.437,120.407,118.14,115.771,113.286,110.659,106.683,101.518,89.9553,7.56931,4.29762,2.80862,1.36096,-0.833282,134.74,135.214,138.88,138.88
50.68532872200012,-0.006459921402931214,0.49999237060546875,0.0,2,0.0383365,2.0,19408.0,148.304,1.68297,-16.5061,15.4436,27.8632,35.1257,42.7518,51.1007,60.8359,122.264,119.235,116.969,114.602,112.117,109.492,105.513,100.341,88.8984,7.80999,4.30438,2.78449,1.33533,-0.837341,135.644,136.039,149.642,149.609
50.70623207092285,-0.006438238440503677,0.49999237060546875,0.0,2,0.0330417,2.0,18996.5,148.981,1.72732,-16.8862,15.3973,27.6438,34.7963,42.4412,51.0113,124.17,120.877,117.84,115.566,113.189,110.693,108.052,104.045,98.8108,87.5055,8.0667,4.3165,2.76667,1.31463,-0.840651,136.2,136.716,145.808,145.808
50.725258111953735,-0.006412744144946338,0.9999847412109375,0.0,2,0.0279214,2.0,18352.6,149.777,1.74486,-17.0895,15.3484,27.4279,34.4751,42.1627,51.0106,122.737,119.433,116.383,114.099,111.71,109.199,106.539,102.492,97.179,86.0471,8.40681,4.3475,2.76006,1.29952,-0.843241,136.88,137.443,140.873,140.873
50.74548029899597,-0.006383726768344641,0.49999237060546875,0.0,2,0.0224826,2.0,19184.7,150.683,1.69199,-17.1806,15.2906,27.1924,34.1285,41.8586,50.9858,121.36,118.048,114.99,112.698,110.301,107.778,105.104,101.027,95.6478,84.7103,8.92503,4.40903,2.76866,1.29048,-0.845142,137.671,138.172,146.805,146.805
50.76394057273865,-0.008548204147070646,0.9999847412109375,0.0,2,0.0167653,2.0,18169.1,151.66,1.58672,-17.1786,15.2246,26.94,33.7602,41.5338,50.9475,120.027,116.71,113.647,111.35,108.947,106.417,103.732,99.6322,94.2,83.4681,9.72903,4.50335,2.79282,1.2875,-0.846355,138.587,139.037,139.494,139.494
50.78661513328552,-0.02048614286618928,0.9999847412109375,0.0,2,0.0104243,2.0,18927.4,152.61,1.36355,-17.1162,15.1463,26.6561,33.3493,41.1452,50.7892,118.819,115.505,112.444,110.15,107.748,105.219,102.535,98.4338,92.9902,82.4382,11.2993,4.64214,2.83585,1.29087,-0.846915,139.485,139.81,144.861,144.861
50.80668807029724,-0.05071143905228936,0.9999847412109375,0.0,2,0.00420922,2.0,19287.5,153.731,1.18829,-17.0679,15.0655,26.3752,32.9506,40.7862,50.7334,117.561,114.247,111.187,108.892,106.49,103.96,101.273,97.1629,91.693,81.3431,66.4615,4.81359,2.8933,1.30009,-0.846778,140.417,140.763,147.69,147.69
50.82402443885803,-0.0722537717445319,0.49999237060546875,0.0,2,-0.000981156,2.0,19512.2,154.891,1.07599,-17.0414,14.9934,26.1363,32.6263,40.5745,51.1388,116.043,112.715,109.641,107.333,104.916,102.367,99.6548,95.4923,89.9143,79.8782,65.3941,4.99444,2.95755,1.3141,-0.845943,141.29,141.846,149.445,149.445
50.848379611968994,-0.07882510603219271,0.9999847412109375,0.0,2,-0.00481207,2.0,18489.4,155.85,1.07228,-17.0486,14.9343,25.9528,32.4021,40.5699,52.4315,114.183,110.823,107.713,105.376,102.923,100.328,97.5584,93.2761,87.5675,77.9654,63.9952,5.16863,3.02343,1.33175,-0.844491,142.101,142.954,141.862,141.862
50.866549253463745,-0.08942800676040351,0.9999847412109375,0.0,2,-0.00794393,2.0,19375.8,156.68,1.13948,-17.098,14.88,25.7948,32.2387,40.7074,56.2575,112.132,108.728,105.571,103.193,100.689,98.031,95.1779,90.7185,84.9985,75.8689,62.4235,5.35094,3.09549,1.3534,-0.842482,142.774,143.814,148.269,148.269
50.8844428062439,-0.09661779496919673,0.9999847412109375,0.0,3,-0.00985939,2.0,19592.0,157.675,1.39777,-17.1786,14.8368,25.684,32.1779,41.0951,115.773,109.757,106.288,103.059,100.618,98.036,95.2792,92.2929,87.5374,82.0533,73.4633,60.544,5.51946,3.16739,1.378,-0.839948,143.478,144.78,150.048,150.048
50.90540933609009,-0.09633596690223864,0.9999847412109375,0.0,3,-0.0109747,3.0,15265.8,158.236,1.635,-17.2747,14.7998,25.6022,32.2004,41.7336,113.279,107.144,103.589,100.266,97.7401,95.0519,92.1548,88.9713,84.0558,78.9541,70.9213,58.4428,5.68322,3.24185,1.40575,-0.836928,144.16,145.677,139.605,140.908
50.92547655105591,-0.0963872083689583,0.9999847412109375,0.0,3,-0.0121673,3.0,15239.8,158.134,1.72368,-17.3528,14.7597,25.5141,32.2514,42.5418,110.77,104.507,100.859,97.431,94.8067,91.9917,88.9201,85.487,80.7944,76.0379,68.5119,56.3505,5.86602,3.3238,1.43614,-0.833627,144.401,145.96,138.681,140.269
50.9481360912323,-0.0964605539977923,0.9999847412109375,0.0,3,-0.012915,3.0,14376.6,157.988,1.81385,-17.385,14.7233,25.4423,32.3762,43.7226,108.129,101.714,97.9523,94.3904,91.6391,88.6525,85.331,81.9064,77.5578,73.1339,66.0997,54.1318,6.04509,3.40646,1.46796,-0.83009,144.295,145.95,137.999,139.864
50.96535062789917,-0.09628773963944365,0.9999847412109375,0.0,3,-0.0130656,3.0,15243.4,158.332,1.9915,-17.3742,14.6927,25.3937,32.6007,45.6098,105.305,98.7029,94.7963,91.0569,88.129,84.8898,81.4773,78.3254,74.3101,70.2099,63.6578,51.7355,6.20936,3.4864,1.50045,-0.826377,144.238,146.026,147.081,147.081
50.98538398742676,-0.09979930980786682,0.9999847412109375,0.0,3,-0.0121711,3.0,15518.3,159.132,2.39212,-17.3548,14.6728,25.3921,32.9835,50.1618,102.162,95.3093,91.1982,87.1959,83.9864,80.6122,77.4959,74.6172,70.9371,67.1636,61.1022,49.0213,6.3393,3.55945,1.53348,-0.822411,144.669,146.694,149.836,149.836
51.00699234008789,-0.11149878340462221,0.9999847412109375,0.0,3,-0.0103892,3.0,15682.3,160.002,2.92627,-17.3634,14.6615,25.4553,33.5458,110.772,98.7036,91.5153,87.1098,82.6921,79.3787,76.3255,73.504,70.8888,67.5336,64.0791,58.4997,46.0065,6.43985,3.62702,1.56731,-0.818174,145.268,147.501,151.453,151.453
51.02388000488281,-0.13268919893755268,0.9999847412109375,0.0,3,-0.00800306,3.0,15804.7,160.893,3.50168,-17.3979,14.656,25.5807,34.3104,107.474,94.9597,87.3172,82.4658,77.8953,74.9231,72.1748,69.6259,67.256,64.2043,61.05,55.8445,42.7629,6.51997,3.69095,1.60191,-0.813725,145.907,148.29,152.648,152.648
51.046167850494385,-0.13660397852509282,0.9999847412109375,0.0,3,-0.00523264,3.0,15886.9,161.803,4.05812,-17.4408,14.654,25.7673,35.323,104.003,90.9386,82.6526,77.472,73.3725,70.7065,68.2323,65.9306,63.7837,61.0099,58.1316,53.0419,39.3618,6.58649,3.75224,1.63694,-0.809129,146.53,149.018,153.455,153.455
51.06387162208557,-0.13595724055973812,0.9999847412109375,0.0,3,-0.00247699,3.0,15984.3,162.694,4.59597,-17.5155,14.6512,26.0049,36.6372,100.431,86.6918,77.6208,72.898,69.2237,66.8239,64.5896,62.5044,60.5542,58.0272,55.3932,50.1729,35.9576,6.65549,3.81471,1.67265,-0.804437,147.219,149.749,154.385,154.385
51.08562350273132,-0.13532792314563877,0.9999847412109375,0.0,3,7.80424e-06,3.0,16104.4,163.561,5.07656,-17.6079,14.6446,26.2868,38.3938,96.8054,82.2228,73.0128,68.7778,65.4655,63.2942,61.2667,59.3694,57.5904,55.2785,52.7324,47.3093,32.6989,6.73709,3.88097,1.70922,-0.799678,147.973,150.487,155.535,155.535
51.10445594787598,-0.13928174885883926,0.9999847412109375,0.0,3,0.00255507,3.0,16244.3,164.405,5.53469,-17.6999,14.6384,26.6412,41.165,93.0327,77.2993,68.7627,64.9548,61.962,59.9934,58.1501,56.4209,54.7957,52.6314,49.9981,44.3998,29.5492,6.81617,3.94679,1.74606,-0.794856,148.736,151.263,156.879,156.879
51.12654638290405,-0.13865586465641855,0.49999237060546875,0.0,3,0.00539654,3.0,16387.4,165.239,6.02516,-17.8017,14.6357,27.0976,108.567,89.0218,72.3848,64.7673,61.3414,58.6368,56.8515,55.1758,53.6,52.0939,49.8857,47.1571,41.4037,26.5106,6.88083,4.00846,1.78243,-0.790005,149.445,152.027,158.264,158.264
51.14762473106384,-0.13815981015066303,0.9999847412109375,0.0,3,0.00820702,3.0,15723.2,165.9,6.39965,-17.8956,14.6329,27.6571,105.165,84.8095,67.9077,61.0845,57.9928,55.5419,53.9191,52.3922,50.9157,49.377,47.0886,44.2826,38.4274,23.7919,6.94352,4.06876,1.81838,-0.785191,150.132,152.748,152.113,152.113
51.16365623474121,-0.08849533091862997,0.9999847412109375,0.0,3,0.00960654,3.0,16202.8,166.504,6.42777,-17.9283,14.614,28.2367,101.965,80.7524,64.1682,57.9675,55.141,52.8927,51.4003,49.9534,48.447,46.8654,44.5348,41.6905,35.824,21.8585,7.05958,4.14282,1.85513,-0.780567,150.799,153.216,156.41,156.41
51.18632125854492,-0.04990614229564866,0.9999847412109375,0.0,3,0.010308,3.0,16418.9,167.287,6.5083,-17.9661,14.5873,28.8972,98.8303,76.6218,60.8426,55.167,52.5662,50.4915,49.0747,47.6036,46.0633,44.4606,42.1026,39.25,33.4505,20.3804,7.20206,4.22356,1.89222,-0.776051,151.702,153.924,158.552,158.552
51.203847885131836,-0.022381217528184255,0.9999847412109375,0.0,3,0.0104238,3.0,16569.9,168.124,6.58791,-17.9619,14.553,29.6677,95.7395,72.3512,57.8378,52.6132,50.2081,48.2552,46.8213,45.3237,43.7685,42.1531,39.7934,36.959,31.2886,19.2284,7.37267,4.31239,1.93049,-0.771521,152.734,154.791,160.03,160.03
51.22646641731262,-0.011363392928671091,0.9999847412109375,0.0,3,0.0098254,3.0,16687.7,168.998,6.67246,-17.9603,14.5091,30.5685,92.7221,68.4343,55.1303,50.2919,48.0545,46.1152,44.6625,43.1551,41.5958,39.9814,37.64,34.8538,29.3733,18.3402,7.58364,4.41322,1.97097,-0.7669,153.714,155.605,161.183,161.183
51.24349808692932,-0.004069718980478743,0.9999847412109375,0.0,3,0.00803679,3.0,16779.0,169.905,6.6388,-17.9883,14.4491,31.5812,89.8902,65.0932,52.7651,48.2446,46.1001,44.1497,42.6926,41.1908,39.6385,38.0449,35.7426,33.0292,27.7882,17.7211,7.86868,4.53572,2.01546,-0.762099,154.672,156.317,162.078,162.078
51.26585626602173,-0.0015507744044686354,0.9999847412109375,0.0,3,0.00486534,3.0,16778.6,170.883,6.40889,-17.9862,14.3781,32.7246,87.2994,62.2783,50.7225,46.4585,44.3445,42.3958,40.9516,39.4645,37.9363,36.3742,34.1314,31.5103,26.5313,17.3182,8.25652,4.68645,2.0652,-0.757042,155.663,157.021,162.139,162.139
51.285362005233765,0.0,0.9999847412109375,0.0,3,-9.94841e-05,3.0,16747.1,171.896,5.89017,-17.9626,14.3016,33.9906,85.0599,60.007,49.0235,44.947,42.85,40.9225,39.5013,38.0404,36.5487,35.0274,32.858,30.3407,25.6246,17.1237,8.734,4.87581,2.1215,-0.75172,156.746,157.734,161.812,161.812
51.30540871620178,0.0,0.9999847412109375,0.0,3,-0.00675518,3.0,16765.1,172.881,5.16643,-17.9571,14.2201,35.5033,83.1634,58.1779,47.6077,43.6619,41.5949,39.702,38.3115,36.8864,35.4367,33.9629,31.872,29.461,24.9909,17.0713,9.16818,5.10966,2.18508,-0.746077,157.859,158.461,161.964,161.964
51.325371980667114,0.001093452162221074,0.9999847412109375,0.0,3,-0.014242,3.0,16823.9,173.834,4.36104,-17.8981,14.1444,38.2974,81.4155,56.5361,46.3099,42.4734,40.4418,38.5887,37.2317,35.8449,34.4389,33.0141,31.001,28.6927,24.4497,17.0253,9.52734,5.38179,2.25521,-0.740027,158.95,159.317,162.516,162.516
51.343834400177,0.0025969906801668313,0.9999847412109375,0.0,3,-0.0221503,3.0,16902.1,174.778,3.64968,-17.8845,14.0793,104.481,79.7209,54.9703,45.0573,41.3206,39.3268,37.5153,36.1927,34.8448,33.4824,32.1062,30.1688,27.959,23.9269,16.9408,9.80665,5.6758,2.33265,-0.733418,159.891,160.147,163.267,163.267
51.36462140083313,0.003941007629875094,0.9999847412109375,0.0,3,-0.030495,3.0,16966.0,175.73,3.0208,-17.8932,14.024,102.972,78.0852,53.4785,43.8497,40.2054,38.2515,36.483,35.1956,33.887,32.5679,31.2397,29.3755,27.2598,23.4236,16.8289,10.0233,5.93075,2.41914,-0.726095,160.802,160.966,163.956,163.956
51.38445520401001,0.005551667299959808,0.9999847412109375,0.0,3,-0.0394567,3.0,16907.3,176.77,2.37555,-17.7919,13.9756,101.541,76.5548,52.0944,42.7098,39.15,37.2387,35.5149,34.2633,32.9943,31.7182,30.437,28.6435,26.6171,22.9615,16.7133,10.198,6.14986,2.51673,-0.717937,161.779,161.818,163.354,163.354
51.40612602233887,0.0108200042479982,0.9999847412109375,0.0,3,-0.0490506,3.0,16957.9,177.73,1.76567,-17.7161,13.9338,100.193,75.1353,50.8143,41.6356,38.1538,36.2875,34.6089,33.3936,32.1642,30.9299,29.6945,27.969,26.0268,22.5373,16.5959,10.3379,6.33866,2.62681,-0.708814,162.759,162.656,163.806,163.806
51.424251317977905,0.019405584265788398,0.9999847412109375,0.0,3,-0.0591176,3.0,17062.0,178.654,1.25219,-17.7291,13.8996,98.9016,73.7924,49.6014,40.6029,37.1951,35.3746,33.7417,32.5624,31.3719,30.1787,28.9874,27.327,25.464,22.1286,16.4649,10.4439,6.49838,2.73317,-0.69854,163.662,163.421,164.79,164.79
51.44412326812744,0.034681186577479046,0.9999847412109375,0.0,3,-0.066377,3.0,17191.8,179.559,0.824906,-17.8382,13.8722,97.6671,72.5272,48.4527,39.6102,36.2724,34.4988,32.9111,31.7677,30.616,29.4622,28.3133,26.7156,24.9267,21.7345,16.3254,10.5229,6.63407,2.82834,-0.687004,164.539,164.163,166.041,166.041
51.46579694747925,0.04888910534648846,0.9999847412109375,0.0,3,-0.0618456,3.0,17315.4,180.465,0.462946,-17.9944,13.8484,96.5219,71.3868,47.4034,38.681,35.4064,33.6805,32.1385,31.0302,29.9168,28.8014,27.693,26.1558,24.4357,21.3754,16.1957,10.587,6.75292,2.91445,-0.675766,165.429,164.896,167.241,167.241
51.4853355884552,0.06850598221699399,0.9999847412109375,0.0,3,-0.0582107,3.0,17539.4,181.296,0.0886969,-18.2461,13.8229,95.5255,70.4558,46.5197,37.8581,34.6339,32.9569,31.4614,30.3874,29.3113,28.2338,27.1633,25.6829,24.0261,21.0848,16.1026,10.6558,6.86451,2.99357,-0.665507,166.366,165.602,169.358,169.358
51.50418996810913,0.0809578398987651,0.9999847412109375,0.0,3,-0.0560926,3.0,17703.7,182.16,-0.372682,-18.4746,13.7855,94.7875,69.8877,45.9293,37.2232,34.0204,32.3939,30.9469,29.9061,28.8656,27.8256,26.7898,25.3604,23.7611,20.9217,16.0937,10.7604,6.98516,3.06887,-0.656092,167.312,166.224,170.989,170.989
51.52406907081604,0.10167433274201117,0.9999847412109375,0.0,3,-0.0551227,3.0,17798.0,183.067,-0.977339,-18.6672,13.7343,94.3137,69.6839,45.6533,36.7853,33.5593,31.9832,30.586,29.578,28.5707,27.5662,26.5649,25.1798,23.6336,20.8779,16.17,10.9037,7.11902,3.1422,-0.647402,168.277,166.836,171.926,171.926
51.54719424247742,0.12050209896604219,0.9999847412109375,0.0,3,-0.055568,3.0,17824.2,184.008,-1.64827,-18.7963,13.6695,94.0859,69.8076,45.7028,36.5447,33.2467,31.7032,30.354,29.3823,28.4058,27.4334,26.466,25.1226,23.6212,20.9386,16.3232,11.0859,7.26747,3.21496,-0.639297,169.224,167.438,172.222,172.222
51.56535243988037,0.13221696696860402,0.9999847412109375,0.0,3,-0.0575002,3.0,17840.6,184.935,-2.33892,-18.8156,13.5899,94.1006,70.2414,46.1267,36.5223,33.1082,31.5443,30.2401,29.3033,28.3623,27.4188,26.4813,25.1811,23.7187,21.1012,16.5524,11.3127,7.43541,3.28846,-0.63161,170.221,168.072,172.354,172.354
51.585410594940186,0.13151128649182617,0.9999847412109375,0.0,3,-0.0601543,3.0,17902.0,185.816,-3.08022,-18.8323,13.5005,94.2769,70.8648,46.8898,36.6832,33.1121,31.4861,30.19,29.2851,28.3781,27.469,26.559,25.297,23.8777,21.3187,16.8288,11.5674,7.61738,3.36324,-0.624151,171.112,168.691,172.929,172.929
51.607792377471924,0.13504375648498532,0.9999847412109375,0.0,3,-0.062928,3.0,17974.5,186.674,-3.80263,-18.8466,13.4109,94.4939,71.5133,47.8843,36.948,33.1906,31.4913,30.1456,29.2537,28.3771,27.5005,26.6237,25.3987,24.0201,21.5227,17.0974,11.8218,7.79993,3.43788,-0.616852,171.919,169.354,173.659,173.659
51.62520241737366,0.1343293704986572,0.9999847412109375,0.0,3,-0.0655702,3.0,18022.4,187.538,-4.34713,-18.7743,13.3276,94.6707,72.0851,49.0236,37.2551,33.292,31.5129,30.1097,29.1842,28.3154,27.4677,26.6217,25.4407,24.1013,21.6729,17.3225,12.0548,7.97396,3.51072,-0.609627,172.692,170.091,174.094,174.094
51.645360708236694,0.1336464042663574,0.9999847412109375,0.0,3,-0.0677546,3.0,18112.1,188.364,-4.80918,-18.7251,13.2506,94.7941,72.5688,50.3101,37.5975,33.4095,31.5441,30.0793,29.1163,28.215,27.3701,26.5518,25.4121,24.1194,21.7594,17.5011,12.2601,8.1369,3.58237,-0.602359,173.416,170.831,174.947,174.947
51.66726732254028,0.14148919748463978,0.9999847412109375,0.0,3,-0.0691407,3.0,18225.9,189.169,-5.21241,-18.7275,13.1827,94.8425,72.9418,51.6861,37.9524,33.5234,31.5674,30.0386,29.0367,28.1017,27.2269,26.4069,25.3049,24.0581,21.7714,17.6172,12.4311,8.28353,3.65185,-0.595136,174.089,171.56,176.043,176.043
51.684255599975586,0.14075109701464572,0.9999847412109375,0.0,3,-0.0701764,3.0,18279.8,190.008,-5.46999,-18.6701,13.1241,94.822,73.2158,52.8244,38.326,33.6378,31.5857,29.9897,28.9475,27.9776,27.0724,26.2259,25.1282,23.924,21.717,17.6755,12.5664,8.41437,3.7184,-0.587959,174.762,172.29,176.58,176.58
51.70435643196106,0.14004554686335224,0.9999847412109375,0.0,3,-0.0709527,3.0,18377.7,190.81,-5.69355,-18.6411,13.0714,94.7689,73.4395,53.7657,38.7688,33.7895,31.6315,29.962,28.8759,27.8678,26.9298,26.0547,24.9242,23.7424,21.615,17.6949,12.6747,8.53263,3.7834,-0.580756,175.47,173.03,177.507,177.507
51.725422859191895,0.13935759147892396,0.9999847412109375,0.0,3,-0.0709627,3.0,18500.8,191.592,-5.95144,-18.6789,13.0252,94.6888,73.6207,54.5609,39.2987,33.9889,31.7123,29.9612,28.8268,27.7772,26.8033,25.8974,24.7302,23.523,21.465,17.6716,12.7573,8.63703,3.84612,-0.573671,176.162,173.74,178.691,178.691
51.74618673324585,0.14722219426840547,0.9999847412109375,0.0,3,-0.0707877,3.0,18546.6,192.422,-6.13824,-18.6603,12.9882,94.57,73.7465,55.218,39.9117,34.2286,31.8209,29.9803,28.7934,27.6988,26.6863,25.7473,24.5413,23.2984,21.2645,17.6016,12.8074,8.7253,3.90491,-0.566767,176.872,174.473,179.17,179.17
51.76531362533569,0.16434438820004466,0.9999847412109375,0.0,3,-0.070493,3.0,18621.7,193.226,-6.25336,-18.6334,12.9594,94.4248,73.8333,55.7767,40.6452,34.532,31.9759,30.0352,28.7898,27.6456,26.5908,25.6154,24.3671,23.0857,21.0238,17.4942,12.8275,8.79698,3.96055,-0.559973,177.571,175.195,179.875,179.875
51.786231994628906,0.17280719533500571,0.9999847412109375,0.0,3,-0.0692948,3.0,18729.3,194.002,-6.40501,-18.6661,12.9369,94.2783,73.9121,56.2873,41.5721,34.9441,32.2137,30.1567,28.8437,27.6424,26.5391,25.5223,24.2259,22.9008,20.7807,17.3566,12.8257,8.85498,4.01327,-0.553389,178.201,175.816,180.905,180.905
51.80404472351074,0.18139375949844716,0.9999847412109375,0.0,3,-0.068188,3.0,18775.1,194.811,-6.54389,-18.6577,12.9228,94.1379,73.9916,56.7669,42.755,35.4977,32.559,30.3644,28.9722,27.704,26.544,25.4793,24.1273,22.7519,20.5647,17.1884,12.802,8.90043,4.06173,-0.547113,178.859,176.438,181.386,181.386
51.82525563240051,0.18047386898607015,0.9999847412109375,0.0,3,-0.0672143,3.0,18836.3,195.598,-6.62556,-18.6053,12.9163,94.0105,74.0804,57.2304,44.109,36.239,33.046,30.6853,29.198,27.8502,26.6233,25.5018,24.0846,22.6501,20.3846,16.9959,12.7557,8.93197,4.10682,-0.541049,179.563,177.104,181.955,181.955
51.84559440612793,0.17958904418572788,0.9999847412109375,0.0,3,-0.0653041,3.0,18930.2,196.355,-6.78011,-18.608,12.9188,47.6265,74.1725,57.673,45.2663,37.2045,33.6982,31.1355,29.534,28.0912,26.7847,25.5963,24.1021,22.5986,20.2419,16.7782,12.6862,8.94751,4.14775,-0.535315,180.269,177.767,182.851,182.851
51.86623978614807,0.17867616681575776,0.9999847412109375,0.0,3,-0.0632127,3.0,18971.3,197.136,-6.9264,-18.5888,12.9363,45.5645,74.2423,58.0669,46.2358,38.4082,34.5182,31.7128,29.9753,28.4204,27.0208,25.7545,24.1717,22.5892,20.1291,16.5579,12.5877,8.94397,4.18201,-0.530053,180.959,178.431,183.292,183.292
51.88518404960632,0.17778082230180506,0.9999847412109375,0.0,3,-0.0610374,3.0,19017.2,197.902,-6.95312,-18.498,12.9702,43.9595,74.2847,58.4102,47.0589,39.8686,35.5398,32.4395,30.5393,28.8515,27.3425,25.9854,24.3,22.6268,20.0492,16.3575,12.4547,8.91772,4.20977,-0.525202,181.692,179.173,183.71,183.71
51.90437388420105,0.1722650630817376,0.9999847412109375,0.0,3,-0.0576261,3.0,19098.9,198.638,-7.02931,-18.4655,13.022,42.5842,74.3058,58.7127,47.7722,41.1516,36.8241,33.3585,31.2599,29.4118,27.772,26.3073,24.5014,22.7229,20.0103,16.1813,12.2895,8.86833,4.23088,-0.520846,182.383,179.866,184.486,184.486
51.92654228210449,0.16683308538204678,0.9999847412109375,0.0,3,-0.0537227,3.0,19138.0,199.395,-7.10106,-18.4289,13.101,41.4003,74.2836,58.9514,48.3647,42.1637,38.2754,34.4791,32.1397,30.0997,28.3051,26.7145,24.769,22.8698,20.0045,16.0236,12.0887,8.79324,4.24214,-0.517214,183.066,180.562,184.909,184.909
51.946534633636475,0.16151389297320506,0.9999847412109375,0.0,4,-0.0495513,3.0,19173.7,200.147,-7.00417,-18.2963,13.211,40.3728,74.2079,59.1175,48.8396,42.9647,39.415,35.8313,33.1985,30.9281,28.9502,27.2122,25.1054,23.0684,20.0318,15.884,11.865,8.68997,4.24341,-0.514267,183.801,181.355,185.225,185.225
51.963675022125244,0.16122934966913424,0.9999847412109375,0.0,4,-0.0434955,4.0,15530.8,200.411,-6.77866,-18.2242,13.3363,39.5221,74.046,59.177,49.1681,43.5535,40.2429,37.0269,34.4122,31.8712,29.6816,27.7756,25.4876,23.2984,20.0761,15.7526,11.6466,8.55215,4.23396,-0.512067,184.396,182.044,178.397,176.393
51.985533237457275,0.161557005595034,0.9999847412109375,0.0,4,-0.0361207,4.0,15503.2,200.107,-6.30714,-18.1278,13.4548,38.9089,73.7446,59.0732,49.295,43.8884,40.7539,37.7778,35.4416,32.8382,30.4188,28.3336,25.8555,23.5098,20.1014,15.6091,11.4262,8.37707,4.21034,-0.510815,184.419,182.307,177.541,175.56
52.00700116157532,0.16642432466025156,0.9999847412109375,0.0,4,-0.0290988,4.0,14795.9,199.764,-5.71783,-17.8631,13.5464,38.221,73.4934,59.0198,49.464,44.2485,41.267,38.484,36.3515,34.0366,31.4816,29.161,26.4362,23.8896,20.244,15.5359,11.2481,8.19144,4.17809,-0.510403,184.225,182.186,176.969,174.753
52.02668213844299,0.1661928043598309,0.9999847412109375,0.0,4,-0.021839,4.0,15362.7,199.973,-5.55196,-17.6649,13.5937,37.2157,73.4643,59.2038,49.8784,44.8525,42.0158,39.4053,37.4414,35.3627,33.1196,30.6428,27.5327,24.6752,20.665,15.6213,11.1551,8.04265,4.1418,-0.510918,184.236,181.942,182.482,182.482
52.04689073562622,0.16560458771139383,0.9999847412109375,0.0,4,-0.0149749,4.0,15416.9,200.504,-5.75649,-17.5005,13.6039,36.0158,73.6127,59.572,50.4743,45.6269,42.9202,40.4581,38.6298,36.7268,34.7257,32.5873,29.2706,25.9448,21.3978,15.8697,11.1433,7.93872,4.09589,-0.512861,184.692,182.075,183.218,183.218
52.06542706489563,0.16500418578398726,0.9999847412109375,0.0,4,-0.00833065,4.0,15441.3,201.046,-5.87957,-17.218,13.5937,34.8568,73.7822,59.9523,51.065,46.3749,43.7786,41.4364,39.7137,37.9396,36.1017,34.1822,31.2984,27.6512,22.3842,16.2348,11.1855,7.86544,4.03549,-0.516192,185.223,182.471,183.472,183.472
52.083964347839355,0.16442926216715326,0.9999847412109375,0.0,4,0.000478919,4.0,15492.4,201.565,-6.06088,-17.0143,13.5687,33.7879,73.9221,60.2911,51.5953,47.0433,44.5407,42.2971,40.6579,38.9824,37.2632,35.4908,32.8924,29.6734,23.6413,16.7116,11.276,7.81954,3.95973,-0.521023,185.69,182.913,184.07,184.07
52.10619783401489,0.16383107574501385,0.9999847412109375,0.0,4,0.0112054,4.0,15522.6,202.105,-6.22092,-16.8638,13.5359,32.8564,73.9712,60.5239,52.0006,47.5692,45.1459,42.9843,41.4125,39.8141,38.185,36.5192,34.111,31.2118,25.1563,17.2783,11.4016,7.79432,3.8777,-0.527915,186.095,183.38,184.485,184.485
52.123573780059814,0.16326501414924857,0.9999847412109375,0.0,4,0.021506,4.0,15539.6,202.616,-5.94495,-16.2969,13.4803,31.9013,74.0721,60.8048,52.4457,48.1257,45.7741,43.685,42.172,40.6394,39.0848,37.5052,35.243,32.5658,27.1228,18.064,11.6149,7.81394,3.81331,-0.536753,186.741,183.982,184.638,184.638
52.14580512046814,0.1672278333331893,0.9999847412109375,0.0,4,0.0175292,4.0,15600.0,203.064,-6.19077,-15.6691,13.3603,30.5644,74.6428,61.5747,53.388,49.1806,46.9004,44.8815,43.4245,41.954,40.4683,38.9658,36.8302,34.3341,29.4296,19.5324,12.0869,7.95067,3.78076,-0.546691,187.614,184.172,185.342,185.342
52.165348291397095,0.18036562724769117,0.9999847412109375,0.0,4,0.000973399,4.0,15593.4,203.552,-6.86928,-15.1022,13.2047,29.1584,75.4203,62.5514,54.5292,50.4262,48.2101,46.2538,44.8457,43.4282,42.0005,40.5619,38.5272,36.1685,31.6226,21.7524,12.7929,8.18394,3.77505,-0.554673,188.172,184.339,185.498,185.498
52.186673641204834,0.1938047013489219,0.9999847412109375,0.0,4,-0.011927,4.0,15496.8,204.15,-6.50759,-14.1756,13.0814,28.2231,75.6506,62.9457,55.0603,51.043,48.8789,46.9725,45.6034,44.2275,42.8446,41.4544,39.4951,37.235,32.9264,23.8606,13.4557,8.40181,3.77947,-0.55993,188.228,184.941,184.167,184.167
52.20562434196472,0.20280747046022052,0.9999847412109375,0.0,4,-0.0194338,4.0,15520.8,204.685,-5.35285,-13.3963,13.0073,27.8336,75.1064,62.5291,54.7565,50.8105,48.6901,46.8254,45.4884,44.147,42.8009,41.4502,39.5514,37.3693,33.2402,24.7835,13.9012,8.54826,3.78726,-0.562425,188.052,185.724,184.411,184.411
52.22577929496765,0.21204794602400623,0.9999847412109375,0.0,4,-0.0249284,4.0,15614.9,205.171,-4.17044,-12.8879,12.9409,27.646,74.2764,61.8168,54.1507,50.2725,48.1932,46.3681,45.0612,43.752,42.4404,41.1265,39.2835,37.1727,33.2029,25.2329,14.3034,8.69225,3.80723,-0.562637,188.159,186.487,185.494,185.494
52.24636244773865,0.22672314245223998,0.9999847412109375,0.0,4,-0.0348495,4.0,15732.1,205.584,-3.74792,-12.4264,12.8044,27.0182,74.0618,61.7411,54.1904,50.3829,48.3457,46.5604,45.2838,44.0063,42.7285,41.4502,39.6608,37.6168,33.793,26.2284,15.175,9.01412,3.86483,-0.560672,189.077,186.814,186.883,186.883
52.265281438827515,0.25265824490609273,0.9999847412109375,0.0,4,-0.0494102,4.0,15851.2,205.992,-4.4764,-12.2279,12.6013,25.9765,74.4744,62.3062,54.8726,51.1339,49.1368,47.3888,46.1402,44.8921,43.6445,42.3983,40.6562,38.6702,34.9684,27.7125,16.6953,9.55339,3.96286,-0.556609,189.947,186.757,188.298,188.298
52.283761739730835,0.273843699006401,0.9999847412109375,0.0,4,-0.0652726,4.0,15721.8,206.588,-5.22433,-11.7057,12.3746,24.8903,75.0404,63.021,55.6979,52.0226,50.062,48.3473,47.1238,45.9015,44.6809,43.4623,41.7609,39.8243,36.2231,29.206,18.6087,10.2497,4.09071,-0.550377,190.413,186.771,186.86,186.86
52.305174350738525,0.2786070105717704,0.996063232421875,0.0,4,-0.0773872,4.0,15752.1,207.071,-5.20326,-11.1809,12.1763,24.1503,75.0783,63.1892,55.967,52.3502,50.4235,48.7403,47.5401,46.3419,45.1465,43.9541,42.2909,40.4003,36.8934,30.0966,19.9296,10.9353,4.22893,-0.541637,190.407,187.132,187.157,187.157
52.32577443122864,0.27773568751119077,0.6548919677734375,0.0,4,-0.0868462,4.0,15845.8,207.518,-4.99741,-10.9875,11.9929,23.6282,74.747,62.9768,55.8501,52.2898,50.3957,48.7427,47.5651,46.3905,45.2195,44.0525,42.4262,40.5804,37.1646,30.5793,20.8186,11.6212,4.37896,-0.530641,190.403,187.594,188.238,188.238
52.34439396858215,0.2829963979553431,0.3411712646484375,0.0,4,-0.0958341,4.0,15712.6,207.752,-4.88145,-11.0367,11.8032,23.154,74.3425,62.6876,55.6531,52.1472,50.2846,48.6607,47.5049,46.3527,45.2049,44.062,42.4711,40.6675,37.3371,30.9461,21.5433,12.3868,4.5482,-0.517739,190.57,188.041,186.71,186.71
52.363532066345215,0.27745109429677334,0.101959228515625,0.0,4,-0.105471,4.0,15528.3,207.664,-4.97452,-11.2443,11.5972,22.6463,74.0151,62.4734,55.5281,52.0741,50.2413,48.6448,47.5093,46.3783,45.2522,44.1316,42.573,40.8084,37.5556,31.3362,22.2327,13.2666,4.74257,-0.503029,190.713,188.267,184.552,184.552
52.38532304763794,0.2838996118119297,0.0352935791015625,0.0,4,-0.116013,4.0,15350.9,207.298,-5.23441,-11.4784,11.3743,22.0924,73.7975,62.3664,55.5063,52.1008,50.296,48.725,47.6082,46.4965,45.3903,44.2902,42.7611,41.0314,37.8475,31.777,22.9186,14.1159,4.96411,-0.486625,190.74,188.261,183.721,181.192
52.40628504753113,0.27917034919482964,0.0313720703125,0.0,4,-0.127349,4.0,15265.5,206.782,-5.54198,-11.6469,11.1359,21.5029,73.6758,62.3519,55.5723,52.2124,50.4334,48.8859,47.7864,46.6923,45.6042,44.5227,43.0202,41.3218,38.1993,32.2577,23.6014,14.9214,5.21505,-0.468435,190.531,187.979,182.943,179.934
52.42573404312134,0.25772389705292886,0.117645263671875,0.0,4,-0.139841,4.0,15215.0,206.23,-6.05015,-11.8535,10.8801,20.8595,73.6947,62.4741,55.77,52.4521,50.6965,49.1701,48.0862,47.0079,45.936,44.8708,43.3918,41.7208,38.6509,32.8171,24.3196,15.716,5.50058,-0.448435,190.236,187.525,182.494,179.179
52.4472291469574,0.24229755153318866,0.45489501953125,0.0,4,-0.153313,4.0,15231.1,205.726,-6.81187,-12.1477,10.6095,20.1822,73.8287,62.7074,56.0733,52.7936,51.0593,49.552,48.482,47.4178,46.3602,45.3094,43.8509,42.2038,39.1792,33.4355,25.0619,16.5012,5.82283,-0.426618,189.98,187.049,182.682,179.345
52.465474367141724,0.2267686704486608,0.9999847412109375,0.0,4,-0.165412,4.0,15482.2,205.555,-7.50998,-12.5781,10.3437,19.6153,73.7759,62.7489,56.183,52.941,51.2278,49.7396,48.6833,47.6334,46.59,45.5539,44.1162,42.4931,39.515,33.8652,25.6299,17.1531,6.164,-0.403095,189.656,186.761,183.979,183.979
52.48632025718689,0.2264656737828255,0.9999847412109375,0.0,4,-0.175479,4.0,15937.7,205.748,-7.84071,-13.0067,10.0912,19.1862,73.4549,62.5187,56.0215,52.8181,51.1268,49.6584,48.6167,47.5816,46.5535,45.5328,44.1173,42.5202,39.5926,34.0475,25.9781,17.6408,6.51532,-0.377898,189.369,186.713,189.272,189.272
52.505430936813354,0.22605278195321557,0.9999847412109375,0.0,4,-0.185718,4.0,16302.1,206.011,-8.45854,-13.7367,9.846,18.7686,73.1419,62.2932,55.8618,52.6954,51.0249,49.5754,48.5475,47.5264,46.5127,45.5066,44.1121,42.5395,39.6589,34.2113,26.2946,18.0866,6.86208,-0.351186,189.331,186.804,193.553,193.553
52.523727893829346,0.22539812076330182,0.9999847412109375,0.0,4,-0.198086,4.0,16432.9,206.428,-9.44493,-14.3215,9.59597,18.2612,73.0767,62.3102,55.9373,52.8029,51.15,49.7163,48.7,47.6907,46.6888,45.6947,44.317,42.7641,39.9208,34.547,26.7359,18.5962,7.20818,-0.323084,189.579,186.866,195.263,195.263
52.54773569107056,0.2246037357223034,0.9999847412109375,0.0,4,-0.211494,4.0,16426.8,206.934,-10.4831,-14.7432,9.34812,17.7283,73.1208,62.4319,56.1122,53.0064,51.3692,49.9495,48.9433,47.9443,46.9526,45.9689,44.6058,43.0697,40.2579,34.9449,27.2155,19.117,7.54693,-0.29338,189.973,187.015,195.226,195.226
52.56649422645569,0.22376382268488407,0.9999847412109375,0.0,4,-0.224332,4.0,16380.8,207.469,-11.3663,-15.1298,9.11284,17.2512,73.0767,62.4622,56.1944,53.1166,51.4951,50.0892,49.0931,48.1041,47.1228,46.1495,44.801,43.2817,40.5017,35.2508,27.6091,19.5677,7.86363,-0.26194,190.309,187.266,194.695,194.695
52.584230184555054,0.2228987907528877,0.9999847412109375,0.0,4,-0.226228,4.0,16326.7,208.02,-11.6834,-15.4128,8.89894,16.8954,72.7649,62.2246,56.0117,52.9645,51.3601,49.9697,48.9848,48.0073,47.0376,46.0762,44.7447,43.2449,40.5025,35.3283,27.8056,19.8731,8.14281,-0.229134,190.58,187.673,194.049,194.049
52.60629844665527,0.22208556654095649,0.9999847412109375,0.0,4,-0.219523,4.0,16325.8,208.538,-11.4764,-15.636,8.70385,16.645,72.2117,61.747,55.5928,52.5788,50.9933,49.62,48.6477,47.6831,46.7265,45.7783,44.466,42.9887,40.2896,35.2055,27.8294,20.0495,8.38656,-0.197033,190.853,188.232,193.951,193.951
52.623560428619385,0.22133042977273465,0.9999847412109375,0.0,4,-0.21236,4.0,16357.4,209.019,-11.147,-15.8457,8.51745,16.4258,71.6055,61.2163,55.1211,52.1409,50.5744,49.2184,48.2588,47.3071,46.3637,45.4291,44.1359,42.6814,40.026,35.0328,27.8047,20.1818,8.61147,-0.165914,191.215,188.82,194.384,194.384
52.64619565010071,0.22052348528444768,0.9999847412109375,0.0,4,-0.205282,4.0,16342.8,209.533,-10.751,-15.9592,8.33591,16.2114,71.0122,60.6976,54.6606,51.7133,50.1654,48.8263,47.8791,46.94,46.0096,45.088,43.8135,42.3809,39.7678,34.8619,27.7748,20.3005,8.82444,-0.135727,191.683,189.389,194.224,194.224
52.666407108306885,0.22986379014881947,0.9999847412109375,0.0,4,-0.198162,4.0,16316.4,210.054,-10.2701,-15.9881,8.1596,16.007,70.4166,60.1764,54.1971,51.2824,49.7529,48.4303,47.4953,46.5687,45.6509,44.7423,43.4863,42.0749,39.5033,34.6824,27.7319,20.4016,9.02522,-0.106406,192.201,189.943,193.912,193.912
52.68573260307312,0.2446210010035677,0.9999847412109375,0.0,4,-0.190724,4.0,16295.7,210.573,-9.69275,-15.9717,7.99014,15.8276,69.7822,59.6169,53.6961,50.8145,49.3036,47.9978,47.0751,46.1611,45.2561,44.3605,43.123,41.7334,39.2035,34.4684,27.6552,20.4715,9.21127,-0.0778999,192.658,190.449,193.66,193.66
52.705257177352905,0.2597784200986226,0.9999847412109375,0.0,4,-0.182728,4.0,16283.8,211.09,-9.00228,-15.9285,7.82895,15.6851,69.0826,58.9943,53.1336,50.2861,48.7944,47.5061,46.5962,45.6951,44.8033,43.9212,42.703,41.3357,38.8489,34.2022,27.5313,20.5012,9.38043,-0.050204,193.04,190.912,193.513,193.513
52.72663640975952,0.2753469325840318,0.9999847412109375,0.0,4,-0.174189,4.0,16289.6,211.597,-8.24306,-15.8835,7.67596,15.5798,68.3237,58.3143,52.516,49.7035,48.2318,46.9614,46.0646,45.1769,44.2988,43.4305,42.2321,40.888,38.4455,33.8899,27.3651,20.4945,9.53323,-0.0233498,193.393,191.357,193.57,193.57
52.74719190597534,0.29133084237253914,0.9999847412109375,0.0,4,-0.165492,4.0,16311.8,212.091,-7.52726,-15.8624,7.52953,15.4961,67.5504,57.6208,51.8852,49.1082,47.6564,46.4041,45.5205,44.6462,43.7817,42.9273,41.7488,40.4277,38.0294,33.564,27.1834,20.4698,9.67357,0.00257111,193.759,191.774,193.825,193.825
52.76591157913208,0.30772947783635307,0.9999847412109375,0.0,4,-0.157079,4.0,16346.7,212.572,-6.9649,-15.8844,7.38765,15.4141,66.8127,56.962,51.2879,48.5452,47.1127,45.8779,45.007,44.1457,43.2943,42.4533,41.2937,39.9948,37.6387,33.2591,27.0139,20.4467,9.80603,0.0274811,194.152,192.139,194.235,194.235
52.786349296569824,0.3185233450954034,0.9999847412109375,0.0,4,-0.1493,4.0,16385.1,213.044,-6.59751,-15.9384,7.24938,15.32,66.1435,56.3687,50.7531,48.0429,46.6286,45.4101,44.5511,43.7019,42.8629,42.0343,40.8923,39.6139,37.2967,32.9956,26.8732,20.4365,9.93341,0.0512784,194.56,192.449,194.691,194.691
52.804112911224365,0.3417446415265867,0.635284423828125,0.0,4,-0.14225,4.0,16428.2,213.505,-6.4279,-16.0158,7.11445,15.2072,65.5553,55.8522,50.2912,47.6111,46.2134,45.0099,44.1619,43.3238,42.496,41.6787,40.5528,39.2928,37.011,32.7802,26.7662,20.4434,10.0569,0.073925,195.0,192.743,195.195,195.195
52.82520389556885,0.3535758331630255,0.180389404296875,0.0,4,-0.135815,4.0,16183.8,213.756,-6.36237,-16.1048,6.98401,15.0817,65.035,55.3994,49.889,47.2367,45.8544,44.6646,43.8265,42.9985,42.181,41.3741,40.2627,39.0196,36.7697,32.6021,26.6845,20.4614,10.1753,0.0953649,195.349,192.941,192.355,192.355
52.84679436683655,0.3668745554475021,0.0,0.0,4,-0.129677,4.0,15863.8,213.527,-6.26498,-16.1831,6.85972,14.9598,64.5458,54.9747,49.5126,46.8866,45.5189,44.3421,43.5134,42.695,41.8871,41.09,39.9923,38.765,36.5448,32.4363,26.6083,20.4776,10.2857,0.115654,195.509,193.01,189.717,187.409
52.86550283432007,0.37488084859286747,0.0,0.0,4,-0.124564,4.0,15702.7,212.953,-6.29809,-16.2395,6.73738,14.8012,64.168,54.6544,49.2343,46.6312,45.2759,44.1103,43.2896,42.4792,41.6795,40.8905,39.8045,38.5905,36.3952,32.3355,26.5801,20.5219,10.3966,0.134795,195.395,192.786,188.21,185.077
52.88421654701233,0.3832732346011946,0.0,0.0,4,-0.121291,4.0,15646.8,212.28,-6.58179,-16.2511,6.61226,14.5624,63.9838,54.5157,49.1275,46.5413,45.1951,44.0375,43.2226,42.4181,41.624,40.8407,39.7629,38.5581,36.3799,32.3525,26.6426,20.625,10.5167,0.152864,195.104,192.268,187.748,184.194
52.90442776679993,0.3918345304381103,0.0,0.0,4,-0.120029,4.0,15590.8,211.59,-7.1807,-16.2505,6.48264,14.2334,64.0173,54.5812,49.2135,46.6374,45.2967,44.1436,43.3319,42.5306,41.7397,40.9595,39.8857,38.6857,36.5158,32.5029,26.8088,20.7971,10.6499,0.16997,194.717,191.544,187.331,183.282
52.926838636398315,0.40738344133814175,0.0,0.0,4,-0.120655,4.0,15534.8,210.874,-8.06305,-16.2262,6.34898,13.8287,64.2539,54.8368,49.4787,46.9069,45.5681,44.4164,43.6057,42.8051,42.0149,41.2354,40.1622,38.9626,36.793,32.778,27.0728,21.0348,10.7963,0.186226,194.251,190.694,186.893,182.391
52.94559597969055,0.4164302686858457,0.0,0.0,4,-0.122584,4.0,15476.8,210.135,-9.13515,-16.1956,6.21435,13.3872,64.6286,55.2216,49.8657,47.2935,45.9542,44.8019,43.9906,43.1892,42.3981,41.6174,40.5426,39.3406,37.1658,33.1375,27.4029,21.3169,10.9511,0.201738,193.661,189.781,186.371,181.537
52.96525263786316,0.41868711738754993,0.0,0.0,4,-0.125037,4.0,15417.0,209.377,-10.2567,-16.1687,6.08303,12.9525,65.0539,55.6528,50.2958,47.7215,46.3806,45.2268,44.4142,43.6113,42.8187,42.0362,40.9588,39.7535,37.5714,33.5253,27.7545,21.6123,11.1065,0.216564,192.959,188.879,185.741,180.747
52.985318183898926,0.42801092322992784,0.0,0.0,4,-0.127626,4.0,15355.7,208.602,-11.3345,-16.1395,5.95678,12.5424,65.4843,56.0872,50.7281,48.1513,46.8086,45.6529,44.8389,44.0345,43.2401,42.4559,41.3755,40.1667,37.977,33.9124,28.1042,21.905,11.2584,0.230789,192.186,188.004,185.042,179.992
53.00660514831543,0.4375130235063626,0.0,0.0,4,-0.130239,4.0,15290.6,207.813,-12.4016,-16.1447,5.83564,12.1571,65.9127,56.5186,51.1568,48.5772,47.2325,46.0749,45.2592,44.4532,43.657,42.8709,41.7878,40.5753,38.3779,34.2946,28.4489,22.1928,11.4063,0.244442,191.346,187.119,184.299,179.188
53.02650690078735,0.43999618307769917,0.0,0.0,4,-0.132734,4.0,15227.9,207.006,-13.3912,-16.1384,5.71996,11.7993,66.3243,56.933,51.5684,48.986,47.6395,46.48,45.6629,44.8552,44.0573,43.2694,42.1836,40.9678,38.7632,34.6622,28.7807,22.4701,11.5489,0.257554,190.456,186.219,183.552,178.446
53.043994665145874,0.4497485031858087,0.0,0.0,4,-0.134732,4.0,15165.4,206.194,-14.2539,-16.1354,5.6112,11.4797,66.6776,57.2908,51.9254,49.3414,47.9937,46.8329,46.0148,45.2061,44.4069,43.6178,42.5299,41.3116,39.1016,34.9873,29.0768,22.7207,11.6819,0.270159,189.557,185.362,182.765,177.748
53.06556677818298,0.4522817513644695,0.0,0.0,4,-0.135906,4.0,15103.5,205.384,-14.9166,-16.1325,5.51067,11.2061,66.934,57.555,52.1922,49.6088,48.2611,47.1002,46.282,45.473,44.6736,43.884,42.7955,41.5762,39.3641,35.2429,29.3151,22.9286,11.8007,0.28227,188.594,184.512,181.941,177.099
53.08767628669739,0.46219105729454496,0.0,0.0,4,-0.136225,4.0,15041.6,204.58,-15.3765,-16.1355,5.41781,10.9743,22.4213,57.7228,52.3662,49.7854,48.4391,47.2792,46.4616,45.6533,44.8546,44.0656,42.9777,41.7591,39.5477,35.4268,29.4937,23.0922,11.9052,0.293952,187.631,183.699,181.101,176.472
53.10580563545227,0.4647368903085248,0.0,0.0,4,-0.13601,4.0,14979.6,203.779,-15.7226,-16.1534,5.33107,10.7705,20.9209,57.8313,52.4826,49.9057,48.5613,47.4033,46.5868,45.7796,44.9819,44.194,43.1077,41.8907,39.6819,35.5651,29.6338,23.2266,11.9991,0.305167,186.664,182.871,180.298,175.794
53.12882375717163,0.4672827233225044,0.0,0.0,4,-0.135314,4.0,14921.0,202.978,-15.9231,-16.1468,5.24966,10.5902,20.0519,57.8869,52.5479,49.9758,48.634,47.4782,46.6634,45.8577,45.0616,44.2752,43.191,41.9764,39.7719,35.6625,29.7394,23.3347,12.0836,0.315961,185.737,182.06,179.532,175.165
53.14632177352905,0.4697935948344197,0.0,0.0,4,-0.133975,4.0,14863.7,202.188,-15.9834,-16.1384,5.17403,10.4372,19.5135,57.8728,52.546,49.9803,48.6419,47.4891,46.6765,45.8732,45.0792,44.295,43.2138,42.0027,39.8047,35.7073,29.8009,23.4096,12.1566,0.326358,184.851,181.291,178.768,174.567
53.16711235046387,0.47226314820753096,0.0,0.0,4,-0.131915,4.0,14807.8,201.411,-15.8674,-16.1187,5.10443,10.3135,19.231,57.7778,52.4661,49.9088,48.575,47.4262,46.6165,45.816,45.0251,44.2439,43.1669,41.9605,39.7715,35.6917,29.8117,23.4466,12.2168,0.336374,183.973,180.55,178.004,173.999
53.183595418930054,0.4746913834418388,0.0,0.0,4,-0.129284,4.0,14751.6,200.647,-15.6209,-16.1025,5.03985,10.2128,19.1277,57.6197,52.3256,49.778,48.4495,47.3055,46.4992,45.7023,44.915,44.1374,43.0654,41.8649,39.6869,35.6291,29.7829,23.4537,12.2667,0.346048,183.124,179.837,177.248,173.423
53.2075617313385,0.47709737044755995,0.0,0.0,4,-0.126469,4.0,14696.7,199.89,-15.338,-16.0918,4.97855,10.1228,19.0951,57.4414,52.1655,49.6278,48.3049,47.1659,46.3633,45.57,44.7862,44.0124,42.9458,41.7514,39.5848,35.55,29.7395,23.4491,12.3111,0.35537,182.325,179.134,176.551,172.81
53.22524118423462,0.4794874658614334,0.0,0.0,4,-0.123495,4.0,14644.2,199.138,-14.9969,-16.0626,4.92025,10.0421,19.1319,57.2456,51.9884,49.4609,48.1439,47.01,46.2111,45.4215,44.6416,43.8716,42.8104,41.6223,39.4677,35.4568,29.6836,23.4344,12.3509,0.364357,181.57,178.446,175.889,172.224
53.24892854690552,0.4818362431365034,0.0,0.0,4,-0.120227,4.0,14592.6,198.399,-14.6014,-16.0325,4.86531,9.97471,19.2909,57.0191,51.7816,49.2652,47.9541,46.8258,46.0309,45.2454,44.4696,43.7037,42.6484,41.467,39.3254,35.3402,29.6077,23.4042,12.3844,0.37303,180.848,177.784,175.228,171.657
53.26743459701538,0.4841468805911392,0.0,0.0,4,-0.116684,4.0,14541.7,197.672,-14.1353,-15.9961,4.81386,9.9214,19.6232,56.7594,51.5431,49.0384,47.734,46.6115,45.8209,45.0398,44.2684,43.5069,42.4579,41.2839,39.1562,35.199,29.5108,23.3577,12.4115,0.381392,180.135,177.137,174.572,171.102
53.28687071800232,0.48642573486207974,0.0,0.0,4,-0.112994,4.0,14490.2,196.955,-13.6424,-15.9667,4.76511,9.87742,20.1669,56.4826,51.2882,48.7956,47.498,46.3816,45.5954,44.8189,44.0521,43.2952,42.2527,41.0862,38.9728,35.0446,29.4024,23.3019,12.4342,0.389468,179.447,176.505,173.919,170.532
53.30594229698181,0.4886855192228034,0.0,0.0,4,-0.109459,4.0,14439.9,196.244,-13.1862,-15.9408,4.71788,9.83336,20.9609,56.2213,51.0477,48.5669,47.2757,46.1651,45.3831,44.6108,43.8484,43.0959,42.0597,40.9004,38.8006,34.8999,29.3012,23.2503,12.4565,0.397241,178.802,175.879,173.318,169.935
53.326212882995605,0.49093259031004893,0.0,0.0,4,-0.10609,4.0,14390.8,195.537,-12.7489,-15.9013,4.67199,9.78868,65.0716,55.9764,50.8227,48.3529,47.0679,45.9629,45.1848,44.4166,43.6583,42.91,41.8797,40.7272,38.6403,34.7655,29.2077,23.2032,12.4785,0.404722,178.177,175.252,172.738,169.347
53.346619606018066,0.501111311912872,0.0,0.0,4,-0.102826,4.0,14341.7,194.837,-12.3337,-15.8585,4.62761,9.74511,64.812,55.7417,50.6073,48.1481,46.869,45.7692,44.9952,44.2308,43.4764,42.7321,41.7075,40.5615,38.4871,34.6372,29.1183,23.1583,12.4996,0.411924,177.573,174.631,172.157,168.762
53.36780667304993,0.5114060294618737,0.0,0.0,4,-0.0997289,4.0,14292.7,194.143,-11.9375,-15.8113,4.58459,9.70181,64.5654,55.519,50.403,47.9539,46.6806,45.5859,44.8156,44.0549,43.3043,42.5639,41.5445,40.4049,38.3423,34.516,29.0343,23.1163,12.5201,0.41886,176.94,173.979,171.58,168.173
53.38685154914856,0.5136700930607412,0.0,0.0,4,-0.0968855,4.0,14242.9,193.453,-11.5871,-15.7672,4.5425,9.65547,64.3436,55.3194,50.2204,47.7808,46.5127,45.4227,44.6557,43.8986,43.1514,42.4144,41.4001,40.2661,38.2144,34.4096,28.9617,23.0817,12.5414,0.425537,176.297,173.302,171.0,167.572
53.409096240997314,0.5241266666666666,0.0,0.0,4,-0.094467,4.0,14193.3,192.762,-11.3192,-15.7252,4.50058,9.59996,64.1668,55.1616,50.0771,47.6456,46.3819,45.2958,44.5318,43.7776,43.0334,42.2994,41.2892,40.1601,38.1175,34.3308,28.9109,23.062,12.5658,0.431957,175.691,172.636,170.446,166.947
53.427409648895264,0.5264266666666666,0.0,0.0,4,-0.0924538,4.0,14143.9,192.072,-11.1145,-15.6746,4.45878,9.53562,64.0323,55.0433,49.971,47.5463,46.2863,45.2035,44.4418,43.69,42.9483,42.2168,41.2101,40.0849,38.0497,34.2779,28.8807,23.0564,12.5932,0.438135,175.071,171.944,169.9,166.318
53.44636011123657,0.5287266666666666,0.0,0.0,4,-0.0908058,4.0,14094.0,191.382,-10.9683,-15.6189,4.41714,9.46352,63.9362,54.9605,49.8984,47.479,46.222,45.142,44.3822,43.6324,42.8926,42.1631,41.1593,40.0373,38.0081,34.2482,28.8687,23.0633,12.6231,0.444083,174.476,171.262,169.347,165.685
53.46519660949707,0.5310266666666666,0.0,0.0,4,-0.0895503,4.0,14043.7,190.692,-10.8775,-15.5607,4.37564,9.38394,63.877,54.9121,49.8579,47.4428,46.1882,45.1103,44.3521,43.6036,42.8654,42.1374,41.1357,40.0163,37.9918,34.2407,28.8744,23.0824,12.6557,0.44982,173.885,170.585,168.79,165.047
53.489030599594116,0.5333233333333334,0.0,0.0,4,-0.0886777,4.0,13992.8,190.003,-10.8461,-15.505,4.3342,9.29669,63.8557,54.8986,49.8502,47.4382,46.1852,45.1088,44.3517,43.6044,42.8672,42.1402,41.1401,40.0223,38.001,34.2558,28.8981,23.1139,12.6909,0.455366,173.297,169.913,168.22,164.408
53.50665068626404,0.53562,0.0,0.0,4,-0.088198,4.0,13942.1,189.314,-10.8771,-15.4497,4.29266,9.20099,63.8754,54.9232,49.8782,47.468,46.216,45.1404,44.3838,43.6372,42.9006,42.1742,41.1748,40.0579,38.0382,34.2959,28.9416,23.1592,12.7294,0.460728,172.708,169.242,167.652,163.77
53.52952575683594,0.5379233333333333,0.0,0.0,4,-0.0880445,4.0,13891.0,188.623,-10.9532,-15.3927,4.2511,9.09887,63.9294,54.9795,49.9359,47.5264,46.2747,45.1994,44.443,43.6965,42.9601,42.234,41.2348,40.1181,38.0987,34.3567,29.0015,23.216,12.7706,0.465926,172.106,168.567,167.084,163.124
53.54990482330322,0.54023,0.478424072265625,0.0,4,-0.0882033,4.0,13839.5,187.931,-11.0623,-15.3292,4.20946,8.9908,20.7176,55.066,50.022,47.6122,46.3603,45.2847,44.5282,43.7815,43.0448,42.3185,41.3189,40.2019,38.1815,34.4372,29.0774,23.2838,12.8142,0.470977,171.498,167.88,166.512,162.475
53.56685280799866,0.5414233333333334,0.9215545654296875,0.0,4,-0.0883611,4.0,14194.7,187.573,-11.1902,-15.2688,4.16884,8.88635,19.0265,55.1495,50.1052,47.6949,46.4428,45.3671,44.6104,43.8634,43.1266,42.3999,41.4001,40.2827,38.2614,34.5151,29.1506,23.3495,12.8567,0.475911,170.914,167.236,168.668,168.668
53.58800959587097,0.54145,0.9999847412109375,0.0,4,-0.0880144,4.0,14566.8,187.565,-11.3029,-15.2241,4.13131,8.80013,18.4136,55.1798,50.1377,47.7286,46.4771,45.4019,44.6456,43.8991,43.1627,42.4364,41.437,40.3203,38.3,34.5555,29.193,23.3923,12.8917,0.480713,170.466,166.777,173.004,173.004
53.60903072357178,0.5405966666666666,0.9999847412109375,0.0,4,-0.0874069,4.0,14729.2,187.821,-11.4834,-15.1935,4.09641,8.7254,18.0297,55.1833,50.1445,47.7373,46.4869,45.4126,44.6569,43.9111,43.1753,42.4497,41.4513,40.3354,38.3172,34.5763,29.2188,23.4224,12.9218,0.485307,170.246,166.536,174.98,174.98
53.627524614334106,0.5394300000000001,0.9999847412109375,0.0,4,-0.0862539,4.0,14787.1,188.171,-11.6499,-15.1844,4.0658,8.6714,17.916,55.131,50.0984,47.6947,46.4461,45.3734,44.6189,43.8744,43.1399,42.4156,41.4189,40.305,38.2907,34.5574,29.2115,23.4277,12.9431,0.489615,170.192,166.478,175.701,175.701
53.64677619934082,0.5381033333333334,0.49999237060546875,0.0,4,-0.083926,4.0,14814.5,188.569,-11.7023,-15.2236,4.04233,8.65655,18.3579,54.9609,49.9404,47.5435,46.2987,45.2295,44.4775,43.7354,43.0035,42.2818,41.2888,40.1793,38.1729,34.4561,29.1361,23.3824,12.9474,0.49357,170.226,166.567,176.036,176.036
53.667205572128296,0.5373300000000001,0.9999847412109375,0.0,4,-0.0795358,4.0,14388.4,188.801,-11.3709,-15.2903,4.02976,8.70832,63.4765,54.5857,49.5885,47.2045,45.9672,44.9045,44.1573,43.4201,42.6931,41.9764,40.9905,39.8892,37.8985,34.2133,28.9444,23.2514,12.9239,0.497112,170.263,166.767,171.097,171.097
53.68409037590027,0.5366366666666667,0.9999847412109375,0.0,4,-0.0728844,4.0,14709.1,189.009,-10.6162,-15.3563,4.02895,8.83722,62.8343,53.9888,49.0274,46.6636,45.4374,44.3849,43.6451,42.9154,42.1959,41.4868,40.5119,39.4232,37.4566,33.82,28.6295,23.0299,12.8711,0.500249,170.236,167.033,174.71,174.71
53.707571268081665,0.5354233333333334,0.9999847412109375,0.0,4,-0.0660637,4.0,14832.6,189.373,-9.94961,-15.4747,4.03317,8.98977,62.1766,53.3756,48.4513,46.1083,44.8937,43.8517,43.1194,42.3974,41.6858,40.9846,40.0208,38.9451,37.0031,33.4163,28.3055,22.8007,12.8133,0.502876,170.342,167.365,176.231,176.231
53.72632908821106,0.5339633333333333,0.9999847412109375,0.0,4,-0.0601204,4.0,14851.2,189.811,-9.43258,-15.5259,4.03894,9.1349,61.6157,52.8467,47.9547,45.6297,44.4252,43.3922,42.6666,41.9512,41.2463,40.552,39.5978,38.5334,36.6127,33.0687,28.0264,22.6028,12.7623,0.504936,170.657,167.749,176.482,176.482
53.75130605697632,0.5324466666666667,0.9999847412109375,0.0,4,-0.0547641,4.0,14849.5,190.266,-9.05119,-15.5688,4.04715,9.27994,61.1237,52.3729,47.5098,45.2008,44.0053,42.9804,42.2607,41.5513,40.8525,40.1643,39.2188,38.1643,36.2626,32.7568,27.7755,22.424,12.7144,0.506446,171.077,168.152,176.467,176.467
53.77133631706238,0.5308600000000001,0.9999847412109375,0.0,4,-0.0488976,4.0,14846.3,190.742,-8.65585,-15.6342,4.0627,9.46509,60.5828,51.8479,47.0167,44.7257,43.5401,42.5241,41.8108,41.108,40.4158,39.7343,38.7983,37.7548,35.8741,32.4102,27.4956,22.2229,12.6568,0.507337,171.488,168.57,176.428,176.428
53.785431146621704,0.5292733333333334,0.9999847412109375,0.0,4,-0.0424703,4.0,14846.6,191.218,-8.1324,-15.6683,4.08638,9.70047,59.9789,51.2622,46.4668,44.1958,43.0213,42.0151,41.3091,40.6137,39.9289,39.2549,38.3295,37.2981,35.4405,32.023,27.1821,21.9961,12.5885,0.507596,171.912,169.045,176.428,176.428
53.8067569732666,0.5279333333333334,0.9999847412109375,0.0,4,-0.0362151,4.0,14927.2,191.62,-7.68374,-15.7679,4.11536,9.96163,59.3983,50.6909,45.9304,43.6788,42.515,41.5186,40.8196,40.1312,39.4537,38.7869,37.8718,36.8523,35.0171,31.6446,26.8748,21.7723,12.5181,0.50721,172.398,169.565,177.337,177.337
53.83002805709839,0.5265266666666666,0.9999847412109375,0.0,4,-0.0314725,4.0,14958.7,192.042,-7.51857,-15.8422,4.14469,10.1931,58.993,50.2579,45.5229,43.2855,42.1297,41.1403,40.4465,39.7634,39.0911,38.4297,37.5222,36.5116,34.693,31.3539,26.637,21.5972,12.4592,0.506098,172.972,170.046,177.758,177.758
53.85206747055054,0.5250866666666667,0.9999847412109375,0.0,4,-0.027902,4.0,14967.2,192.474,-7.52453,-15.8646,4.17504,10.4007,58.7333,49.9301,45.2128,42.9855,41.8354,40.8512,40.161,39.4817,38.8132,38.1557,37.2537,36.2494,34.443,31.1283,26.4506,21.4575,12.4081,0.504322,173.573,170.487,177.858,177.858
53.87366008758545,0.5236033333333333,0.9999847412109375,0.0,4,-0.024463,4.0,14978.1,192.919,-7.60924,-15.9059,4.21076,10.6297,58.5056,49.6095,44.9089,42.691,41.5463,40.5669,39.8803,39.2045,38.5397,37.8858,36.9891,35.9909,34.196,30.9046,26.2645,21.3165,12.3537,0.501881,174.086,170.883,177.985,177.985
53.88647937774658,0.5221366666666667,0.9999847412109375,0.0,4,-0.0206836,4.0,14992.0,193.359,-7.58102,-15.9114,4.25412,10.9084,58.2491,49.2483,44.5667,42.3595,41.2209,40.247,39.5643,38.8926,38.2318,37.5821,36.6912,35.6998,33.9179,30.6527,26.0546,21.157,12.2908,0.498783,174.543,171.296,178.149,178.149
53.910348415374756,0.5208,0.9999847412109375,0.0,4,-0.0168322,4.0,15047.2,193.76,-7.51866,-15.9285,4.3037,11.2262,57.9991,48.8745,44.212,42.0159,40.8834,39.9151,39.2365,38.5689,37.9124,37.2669,36.382,35.3976,33.629,30.3906,25.8356,20.9894,12.2228,0.495066,174.992,171.732,178.752,178.752
53.92715001106262,0.51951,0.9999847412109375,0.0,4,-0.013882,4.0,15099.2,194.147,-7.64243,-15.9665,4.35537,11.5301,57.8825,48.5784,43.929,41.7405,40.6124,39.648,38.9723,38.3077,37.6543,37.0119,36.1313,35.152,33.3932,30.1749,25.6525,20.8463,12.1593,0.49069,175.468,172.134,179.416,179.416
53.9500629901886,0.51817,0.9999847412109375,0.0,4,-0.0117191,4.0,15122.5,194.549,-7.8637,-15.9576,4.40915,11.8196,57.8969,48.3492,43.7073,41.5235,40.3982,39.4363,38.7626,38.0999,37.4484,36.8082,35.9306,34.9547,33.2025,29.9984,25.4997,20.7234,12.0992,0.485689,175.951,172.5,179.695,179.695
53.965054750442505,0.51681,0.9999847412109375,0.0,4,-0.00967056,4.0,15145.3,194.957,-8.1337,-15.965,4.46791,12.1344,57.9629,48.125,43.4894,41.31,40.1871,39.2275,38.5555,37.8946,37.2449,36.6065,35.7317,34.759,33.0131,29.8221,25.3459,20.5984,12.036,0.480083,176.377,172.838,179.966,179.966
53.99400472640991,0.5154466666666666,0.9999847412109375,0.0,4,-0.00719244,4.0,15167.5,195.366,-8.29336,-15.9539,4.53445,12.5174,58.0034,47.8615,43.2267,41.053,39.9334,38.977,38.3072,37.6486,37.0013,36.3654,35.494,34.5256,32.7877,29.6134,25.1651,20.4528,11.9639,0.473877,176.741,173.186,180.23,180.23
54.00530695915222,0.5141266666666666,0.9999847412109375,0.0,4,-0.00437051,4.0,15203.7,195.762,-8.35501,-15.9354,4.6083,12.9737,58.0283,47.5789,42.927,40.7603,39.6448,38.6921,38.025,37.3693,36.7248,36.0918,35.2246,34.261,32.5326,29.3778,24.9619,20.2899,11.8842,0.467105,177.089,173.558,180.613,180.613
54.026371002197266,0.51289,0.9999847412109375,0.0,4,-0.00181371,4.0,15256.9,196.133,-8.49038,-15.9499,4.68654,13.4641,58.1334,47.3384,42.644,40.4832,39.3712,38.4217,37.7571,37.1037,36.4618,35.8313,34.9678,34.0086,32.2887,29.1514,24.7651,20.1303,11.803,0.459747,177.452,173.921,181.286,181.286
54.049994468688965,0.5115966666666667,0.9999847412109375,0.0,4,0.000399288,4.0,15282.2,196.521,-8.65831,-15.9315,4.76861,13.9841,58.3403,47.1515,42.3841,40.2279,39.1186,38.1717,37.509,36.8576,36.2177,35.5894,34.729,33.7733,32.0605,28.9383,24.5777,19.9762,11.721,0.45181,177.831,174.267,181.592,181.592
54.06726336479187,0.5102966666666666,0.9999847412109375,0.0,4,0.00260514,4.0,15305.0,196.911,-8.82816,-15.9116,4.85601,14.5708,58.6053,46.9877,42.119,39.9673,38.8607,37.9163,37.2554,36.6061,35.9682,35.3419,34.4846,33.5325,31.8268,28.7197,24.3851,19.8171,11.6351,0.443319,178.191,174.601,181.864,181.864
54.08533024787903,0.5089866666666667,0.9999847412109375,0.0,4,0.00515621,4.0,15326.0,197.304,-8.91735,-15.8809,4.95089,15.2881,58.8696,46.8091,41.8174,39.6715,38.5683,37.627,36.9685,36.3216,35.6863,35.0626,34.209,33.2613,31.564,28.4749,24.1707,19.6413,11.542,0.434273,178.526,174.95,182.116,182.116
54.11006569862366,0.50768,0.9999847412109375,0.0,4,0.00802773,4.0,15347.4,197.696,-8.917,-15.8356,5.0532,16.1869,59.1335,46.6152,41.4923,39.3415,38.2425,37.3051,36.6494,36.0054,35.373,34.7524,33.9033,32.9607,31.2734,28.2051,23.9356,19.4498,11.4419,0.424702,178.85,175.314,182.365,182.365
54.12647604942322,0.5064233333333332,0.9999847412109375,0.0,4,0.0110056,4.0,15385.4,198.073,-8.90883,-15.809,5.1618,17.3236,59.4437,46.4332,41.1725,38.9975,37.9029,36.9695,36.3168,35.6759,35.0467,34.4292,33.5847,32.6475,30.9707,27.9242,23.6909,19.2504,11.3373,0.414598,179.183,175.683,182.817,182.817
54.14363718032837,0.5051433333333333,0.9999847412109375,0.0,4,0.0139357,4.0,15410.4,198.457,-8.90197,-15.7696,5.27589,18.8708,59.8365,46.2824,40.8722,38.6521,37.5611,36.6317,35.9819,35.344,34.7179,34.1037,33.2635,32.3318,30.6654,27.6403,23.4431,19.0477,11.2295,0.403951,179.537,176.055,183.116,183.116
54.17033791542053,0.5038633333333333,0.9999847412109375,0.0,4,0.0168664,4.0,15432.7,198.841,-8.88491,-15.7191,5.39576,22.277,60.313,46.1598,40.5887,38.3151,37.2135,36.288,35.6413,35.0063,34.3833,33.7723,32.9367,32.0103,30.3544,27.3511,23.1903,18.8405,11.1181,0.392773,179.896,176.426,183.382,183.382
54.19065618515015,0.5025833333333334,0.9999847412109375,0.0,4,0.0198218,4.0,15453.7,199.225,-8.85261,-15.6593,5.52158,113.242,60.8767,46.064,40.3201,37.9898,36.8638,35.9359,35.2921,34.6603,34.0405,33.4327,32.6019,31.681,30.0358,27.0547,22.931,18.6276,11.003,0.381076,180.257,176.797,183.633,183.633
54.20524454116821,0.49347070825693196,0.9999847412109375,0.0,4,0.0228354,4.0,15475.2,199.609,-8.79959,-15.5946,5.65398,119.491,61.5243,45.9893,40.0614,37.6714,36.5197,35.5736,34.9298,34.3012,33.6848,33.0804,32.2545,31.3394,29.7053,26.7476,22.6625,18.4073,10.8837,0.36886,180.615,177.169,183.887,183.887
54.23165416717529,0.49220086389061063,0.9999847412109375,0.0,4,0.0259983,4.0,15495.4,199.996,-8.71807,-15.5241,5.79344,126.98,62.2551,45.9312,39.8087,37.3565,36.178,35.2116,34.5555,33.9257,33.3128,32.7121,31.8914,30.9825,29.3603,26.4273,22.383,18.1783,10.7596,0.356126,181.014,177.593,184.127,184.127
54.24515414237976,0.47553045949139006,0.9999847412109375,0.0,4,0.0293142,4.0,15518.0,200.383,-8.61124,-15.4529,5.94007,136.094,63.0794,45.891,39.5623,37.0451,35.8389,34.8515,34.1819,33.5402,32.9245,32.3277,31.5127,30.6103,29.0008,26.0939,22.0925,17.9407,10.631,0.342878,181.396,178.008,184.395,184.395
54.26986241340637,0.4667212659828365,0.9999847412109375,0.0,4,0.0326778,4.0,15542.2,200.767,-8.4825,-15.3681,6.09344,147.568,64.0415,45.8863,39.334,36.7473,35.5117,34.502,33.8183,33.1636,32.5362,31.9346,31.125,30.2295,28.633,25.7528,21.7953,17.6974,10.4986,0.329104,181.854,178.504,184.681,184.681
54.28512501716614,0.4580306294811734,0.9999847412109375,0.0,4,0.0357367,4.0,15567.7,201.145,-8.39648,-15.272,6.25093,163.091,65.274,45.9743,39.1639,36.4973,35.2278,34.1926,33.4926,32.8232,32.1824,31.5685,30.7512,29.8618,28.2773,25.4218,21.5054,17.4584,10.3655,0.314818,182.348,179.003,184.985,184.985
54.30921030044556,0.44942690706174826,0.9999847412109375,0.0,4,0.0385434,4.0,15594.7,201.527,-8.36949,-15.185,6.41315,184.723,66.8007,46.1521,39.0471,36.2901,34.9824,33.9184,33.2002,32.5141,31.8582,31.2306,30.3962,29.5007,27.9275,25.0956,21.2185,17.2205,10.2307,0.300028,182.838,179.487,185.304,185.304
54.332435846328735,0.44086854592013175,0.9999847412109375,0.0,4,0.0414197,4.0,15605.3,201.927,-8.32253,-15.0762,6.58229,200.0,68.5833,46.3861,38.9572,36.1024,34.7537,33.6589,32.9211,32.2174,31.5455,30.9033,30.0507,29.1373,27.5676,24.7602,20.9237,16.9761,10.0922,0.284729,183.31,179.968,185.437,185.437
54.35387468338013,0.4252096014621203,0.9999847412109375,0.0,4,0.0446464,4.0,15627.2,202.325,-8.21393,-14.9699,6.76089,200.0,70.5583,46.634,38.8632,35.9074,34.5169,33.3907,32.6332,31.9117,31.2237,30.567,29.6964,28.7654,27.1817,24.4018,20.6105,16.7181,9.94758,0.268923,183.753,180.459,185.691,185.691
54.36599254608154,0.4098841746916436,0.9999847412109375,0.0,4,0.0480759,4.0,15656.1,202.718,-8.06052,-14.8569,6.94824,200.0,72.8233,46.9237,38.7829,35.72,34.2854,33.1266,32.3485,31.6086,30.9039,30.2324,29.3433,28.3943,26.7843,24.028,20.2846,16.4504,9.7982,0.252597,184.238,181.013,186.031,186.031
54.39631748199463,0.4018301880190273,0.9999847412109375,0.0,4,0.0509879,4.0,15688.4,203.101,-7.97281,-14.7249,7.13781,200.0,75.8139,47.4058,38.8143,35.6218,34.1339,32.9355,32.1326,31.3702,30.6454,29.9556,29.0441,28.0729,26.43,23.674,19.9734,16.1922,9.64964,0.235774,184.804,181.584,186.414,186.414
54.41194152832031,0.40077158120234807,0.9999847412109375,0.0,4,0.0533916,4.0,15721.7,203.488,-8.01094,-14.615,7.32991,200.0,79.7279,48.1022,38.9636,35.6159,34.0643,32.8186,31.986,31.197,30.4481,29.7366,28.7981,27.8005,26.118,23.3357,19.6737,15.9409,9.50121,0.21845,185.338,182.083,186.809,186.809
54.425313234329224,0.39963364725987116,0.9999847412109375,0.0,4,0.0557944,4.0,15726.0,203.904,-8.03725,-14.4728,7.52873,191.784,84.5822,48.9504,39.1818,35.6593,34.0367,32.7384,31.8729,31.0543,30.279,29.5435,28.5756,27.5492,25.8235,22.9915,19.3682,15.6847,9.34937,0.200612,185.788,182.514,186.876,186.876
54.45270371437073,0.39850939040804906,0.9999847412109375,0.0,4,0.0587861,4.0,15746.6,204.315,-7.94706,-14.3286,7.74016,154.401,90.212,49.831,39.3877,35.684,33.9888,32.6373,31.7388,30.8907,30.089,29.33,28.3331,27.2785,25.5115,22.6276,19.0363,15.4094,9.19022,0.182293,186.162,182.942,187.109,187.109
54.46639156341553,0.390558103354359,0.9999847412109375,0.0,4,0.062195,4.0,15780.4,204.717,-7.78453,-14.1929,7.96343,103.138,96.9748,50.7874,39.6049,35.7091,33.938,32.5314,31.5987,30.7204,29.8918,29.1089,28.0827,26.9999,25.1919,22.2578,18.6845,15.1198,9.02505,0.163471,186.514,183.38,187.503,187.503
54.49087309837341,0.3827622603522613,0.9999847412109375,0.0,4,0.0649297,4.0,15818.8,205.097,-7.68802,-14.0256,8.18695,80.7297,106.616,52.1567,40.0261,35.8881,34.0216,32.5457,31.5703,30.654,29.7915,28.9784,27.9154,26.7968,24.9366,21.937,18.3513,14.8421,8.86149,0.14416,186.989,183.843,187.961,187.961
54.511285066604614,0.37505602437210883,0.9999847412109375,0.0,4,0.0668856,4.0,15857.2,205.479,-7.78876,-13.8926,8.40922,67.734,121.009,54.0726,40.7018,36.2552,34.2679,32.7046,31.6752,30.711,29.8059,28.9548,27.8453,26.6817,24.7551,21.6712,18.0377,14.577,8.69967,0.124369,187.495,184.261,188.416,188.416
54.53508377075195,0.36734998024463655,0.9999847412109375,0.0,4,0.0687544,4.0,15854.8,205.898,-7.89337,-13.7191,8.6374,59.6285,142.342,56.459,41.5552,36.7418,34.613,32.948,31.8563,30.8369,29.8829,28.9883,27.8257,26.6108,24.6093,21.4307,17.7259,14.3086,8.53505,0.104083,187.963,184.672,188.414,188.414
54.5488498210907,0.35326960288195564,0.9999847412109375,0.0,4,0.0714957,4.0,15872.4,206.313,-7.81514,-13.5338,8.88296,54.6632,173.194,59.0364,42.4086,37.2056,34.9296,33.1599,32.0046,30.9295,29.9264,28.9884,27.7733,26.5083,24.4346,21.1674,17.399,14.0157,8.36182,0.083346,188.358,185.137,188.603,188.603
54.573190212249756,0.35226895057260993,0.9999847412109375,0.0,4,0.0749442,4.0,15909.7,206.72,-7.63543,-13.378,9.14556,51.308,200.0,61.8863,43.2877,37.6648,35.2336,33.355,32.1342,31.0018,29.9487,28.9669,27.6992,26.3845,24.24,20.8886,17.0637,13.7028,8.18114,0.0621198,188.76,185.678,189.038,189.038
54.58565139770508,0.35133222199801356,0.9999847412109375,0.0,4,0.0776803,4.0,15953.1,207.101,-7.49365,-13.1738,9.40713,48.2472,200.0,65.8854,44.5726,38.3992,35.767,33.7482,32.4431,31.2375,30.1205,29.0828,27.7479,26.3696,24.1346,20.6738,16.771,13.4014,8.00201,0.0404205,189.241,186.172,189.555,189.555
54.60969161987305,0.35039057621305186,0.9999847412109375,0.0,4,0.0793616,4.0,15995.1,207.484,-7.62146,-13.0163,9.66231,45.3249,197.7,71.7816,46.4751,39.543,36.6384,34.4308,33.0131,31.7098,30.5077,29.3957,27.9717,26.509,24.1538,20.5463,16.5344,13.1198,7.82598,0.0182635,189.732,186.542,190.053,190.053
54.6253080368042,0.34934812761560086,0.9999847412109375,0.0,4,0.0808188,4.0,15988.0,207.908,-7.78219,-12.8163,9.92159,42.8343,191.445,79.9333,48.9307,41.0161,37.7682,35.3262,33.7696,32.3468,31.0413,29.8392,28.3083,26.7448,24.247,20.4672,16.3279,12.8565,7.64783,-0.00437037,190.159,186.876,190.006,190.006
54.65336990356445,0.34831305483369773,0.9999847412109375,0.0,4,0.0833709,4.0,16000.6,208.329,-7.69706,-12.5881,10.204,41.0395,184.658,90.0256,51.5844,42.5424,38.9149,36.2184,34.5134,32.9641,31.5502,30.2548,28.6137,26.9481,24.308,20.3617,16.1055,12.5872,7.46063,-0.0274264,190.479,187.273,190.128,190.128
54.66603660583496,0.34731240252435214,0.9999847412109375,0.0,4,0.0868584,4.0,16040.4,208.736,-7.48744,-12.4133,10.4881,39.6909,176.623,102.977,54.4972,44.1473,40.0968,37.1225,35.2576,33.5735,32.0453,30.6524,28.8977,27.1278,24.3451,20.2365,15.8722,12.3157,7.26546,-0.0509402,190.76,187.71,190.588,190.588
54.689019203186035,0.3463978013963997,0.9999847412109375,0.0,4,0.0896136,4.0,16088.1,209.108,-7.29386,-12.1743,10.7293,38.2776,152.734,124.327,58.6419,46.4224,41.7895,38.4391,36.36,34.4968,32.8177,31.2967,29.3934,27.4878,24.5204,20.2017,15.6941,12.0795,7.07157,-0.0749118,191.183,188.157,191.156,191.156
54.70517373085022,0.3454881174788127,0.9999847412109375,0.0,4,0.0909607,4.0,16133.5,209.478,-7.45107,-11.9915,10.9196,36.698,119.106,200.0,65.1214,49.9107,44.3926,40.4826,38.0899,35.9667,34.0703,32.3661,30.2516,28.1546,24.928,20.3151,15.602,11.8952,6.88208,-0.0993169,191.678,188.482,191.696,191.696
54.73654317855835,0.3444677963280057,0.9999847412109375,0.0,4,0.0918791,4.0,16124.1,209.893,-7.69111,-11.7701,11.0755,35.1964,98.0523,197.227,74.6313,54.7252,47.921,43.2255,40.4014,37.9265,35.7398,33.7938,31.4042,29.0609,25.5062,20.5282,15.5642,11.7435,6.69147,-0.124181,192.111,188.774,191.636,191.636
54.75205087661743,0.3434425579668333,0.9999847412109375,0.0,4,0.0940654,4.0,16130.9,210.31,-7.62849,-11.4999,11.2224,34.0392,85.2713,192.305,87.0325,60.3925,51.9289,46.2631,42.9221,40.0339,37.5126,35.2926,32.5961,29.9834,26.0784,20.7244,15.5146,11.5889,6.50282,-0.14941,192.413,189.152,191.676,191.676
54.7683961391449,0.34246157449894893,0.9999847412109375,0.0,4,0.0974328,4.0,16171.9,210.709,-7.40746,-11.3018,11.3603,33.1328,76.7665,187.377,103.782,67.1245,56.4963,49.6285,45.6674,42.2948,39.3889,36.8593,33.8226,30.9174,26.6408,20.9032,15.4544,11.4332,6.32389,-0.175069,192.66,189.582,192.148,192.148
54.78674936294556,0.33531554255867374,0.9999847412109375,0.0,4,0.100671,4.0,16224.3,211.09,-7.21771,-11.1286,11.4715,32.2401,69.9209,181.889,131.792,76.6759,62.7061,54.0914,49.2619,45.2273,41.8064,38.8694,35.3929,32.1161,27.378,21.1757,15.4434,11.3077,6.1613,-0.201209,192.985,190.031,192.773,192.773
54.806336641311646,0.32821535830646753,0.9999847412109375,0.0,4,0.0943887,4.0,16272.5,211.49,-7.2684,-11.0751,11.5551,31.3365,64.1498,175.435,195.009,91.3749,71.6803,60.3151,54.1834,49.1866,45.0369,41.5358,37.4635,33.6941,28.3594,21.5745,15.4952,11.2183,6.01576,-0.227373,193.372,190.43,193.348,193.348
54.8258957862854,0.32107932771945685,0.9999847412109375,0.0,4,0.083286,4.0,16277.6,211.945,-7.30294,-11.0733,11.6277,30.5536,59.685,167.865,190.808,113.275,83.7937,68.26,60.283,53.9787,48.8717,44.6507,39.8387,35.4758,29.4454,22.0103,15.5615,11.1399,5.88158,-0.251588,193.708,190.843,193.446,193.446
54.85197114944458,0.32005600437588677,0.9999847412109375,0.0,4,0.0740516,4.0,16339.0,212.385,-7.10804,-11.1931,11.7062,30.0029,56.6213,157.971,186.946,143.276,98.2182,77.0322,66.7536,58.899,52.7017,47.6878,42.0873,37.113,30.3941,22.3502,15.5789,11.0422,5.7527,-0.273738,193.971,191.333,194.107,194.107
54.866188049316406,0.3190698927902648,0.9999847412109375,0.0,4,0.0656764,4.0,16439.5,212.809,-6.95344,-11.5083,11.7787,29.5427,54.1935,137.501,183.168,191.241,117.666,87.8713,74.4179,64.5413,56.983,51.0126,44.4924,38.8276,31.3587,22.682,15.5923,10.9475,5.63278,-0.294034,194.226,191.802,195.302,195.302
54.897948265075684,0.3180419179769512,0.9999847412109375,0.0,4,0.0572478,4.0,16526.4,213.251,-6.92808,-11.9148,11.8345,29.0688,51.9492,121.39,179.158,187.817,149.572,103.667,85.0328,72.0811,62.558,55.2613,47.5095,40.9517,32.5463,23.1102,15.6495,10.878,5.52546,-0.312627,194.54,192.237,196.346,196.346
54.9115355014801,0.3170139431636377,0.9999847412109375,0.0,4,0.0478985,4.0,16591.1,213.693,-7.0261,-12.2804,11.8633,28.4984,49.5983,107.502,174.488,183.966,188.066,132.149,102.718,84.0146,71.0778,61.5975,51.911,44.0095,34.2528,23.767,15.8056,10.8583,5.43487,-0.329561,194.96,192.685,197.129,197.129
54.923651695251465,0.31597666541083713,0.9999847412109375,0.0,4,0.0373732,4.0,16640.1,214.139,-7.35546,-12.6377,11.8623,27.8218,47.1248,95.2632,168.751,179.503,183.97,187.441,137.255,105.216,85.3092,71.7413,58.6823,48.5846,36.748,24.7457,16.0914,10.9001,5.36312,-0.344775,195.444,193.066,197.717,197.717
54.94899082183838,0.3148579869375254,0.9999847412109375,0.0,4,0.0262577,4.0,16635.1,214.62,-7.74564,-12.9221,11.8397,27.1072,44.737,85.0933,161.528,174.469,179.432,183.221,185.688,146.669,110.093,88.1236,68.887,55.1414,40.1439,26.0385,16.4899,10.9933,5.30822,-0.358211,195.923,193.421,197.695,197.695
54.97403883934021,0.31377652022216157,0.9999847412109375,0.0,4,0.0156156,4.0,16650.6,215.085,-7.97373,-13.1683,11.8087,26.4465,42.6693,77.2749,150.909,169.103,174.714,178.882,181.561,184.043,186.358,114.369,83.5277,63.8589,44.3173,27.5302,16.9446,11.1121,5.26608,-0.369772,196.356,193.815,197.848,197.848
54.98819041252136,0.3069144246605784,0.9999847412109375,0.0,4,0.00535029,4.0,16697.5,215.522,-8.11613,-13.4354,11.7679,25.8234,40.8362,71.0079,128.481,163.176,169.722,174.37,177.303,179.993,182.484,184.807,106.343,76.0461,49.5852,29.2778,17.4695,11.2621,5.23786,-0.379418,196.756,194.226,198.394,198.394
55.005351305007935,0.3059398975310102,0.9999847412109375,0.0,4,-0.00497896,4.0,16750.3,215.949,-8.25413,-13.7042,11.7122,25.2001,39.1151,65.6327,111.384,155.85,164.126,169.465,172.732,175.682,178.386,180.889,184.113,95.1527,56.7554,31.4483,18.1104,11.4603,5.22632,-0.387147,197.189,194.669,199.022,199.022
55.03320384025574,0.29923617290989496,0.9999847412109375,0.0,4,-0.0161164,4.0,16798.0,216.365,-8.49072,-13.9408,11.6332,24.5256,37.3687,60.6276,97.3794,139.958,157.031,163.662,167.45,170.778,173.775,176.516,180.012,132.391,67.8683,34.4098,18.9597,11.7393,5.23642,-0.392907,197.662,195.079,199.592,199.592
55.04599976539612,0.292629495014747,0.9999847412109375,0.0,4,-0.0279377,4.0,16841.7,216.778,-8.8757,-14.186,11.5334,23.8167,35.636,56.0354,85.8644,117.186,145.247,156.392,161.168,165.108,168.538,171.61,175.466,179.391,86.4737,38.4718,20.0548,12.1059,5.26873,-0.396662,198.15,195.459,200.114,200.114
55.07001209259033,0.2860457251684181,0.9999847412109375,0.0,4,-0.0397809,4.0,16844.7,217.222,-9.22311,-14.38,11.4204,23.1191,34.017,52.0335,76.7109,100.702,120.904,145.493,153.447,158.572,162.693,166.24,170.572,174.894,120.214,43.8616,21.379,12.5466,5.32078,-0.398375,198.602,195.845,200.169,200.169
55.093361139297485,0.26866588505387307,0.9999847412109375,0.0,4,-0.0509213,4.0,16865.8,217.656,-9.39829,-14.566,11.3017,22.4712,32.5832,48.7012,69.6428,88.8416,104.191,122.771,140.707,150.798,156.246,160.52,165.491,170.295,177.761,50.7382,22.8825,13.0392,5.38962,-0.39798,199.006,196.285,200.409,200.409
55.10745143890381,0.20709115640938283,0.9999847412109375,0.0,4,-0.061374,4.0,16897.0,218.089,-9.43328,-14.7597,11.1765,21.864,31.2984,45.8738,64.0069,79.8823,92.0912,106.327,119.538,136.508,148.51,154.218,160.15,165.574,173.72,59.6954,24.587,13.587,5.47581,-0.395466,199.432,196.815,200.777,200.777
55.13440155982971,0.14564177750144155,0.9999847412109375,0.0,4,-0.0713475,4.0,16930.1,218.525,-9.36426,-14.93,11.0427,21.2808,30.1145,43.3929,59.3145,72.7383,82.7506,94.0988,104.329,117.063,133.351,146.486,154.296,160.61,169.588,71.9418,26.5514,14.2028,5.58084,-0.390851,200.116,197.663,201.17,201.17
55.14642310142517,0.07689920797323188,0.9999847412109375,0.0,4,-0.0810874,4.0,16957.8,218.98,-9.2833,-15.0809,10.8978,20.7057,28.9912,41.1403,55.2439,66.7595,75.1344,84.4139,92.5904,102.529,114.869,130.596,147.3,155.186,165.273,89.9662,28.8693,14.9055,5.70689,-0.384123,200.958,198.652,201.504,201.504
55.17755603790283,0.041759871983528145,0.9999847412109375,0.0,4,-0.0898245,4.0,16970.8,219.48,-9.12353,-15.2175,10.7494,20.1729,27.9908,39.219,51.9134,62.0175,69.2233,77.0713,83.8708,91.9937,101.867,114.125,137.203,149.444,161.004,115.878,31.4071,15.6525,5.84842,-0.375364,201.793,199.717,201.688,201.688
55.197625398635864,0.014717217033108076,0.9999847412109375,0.0,4,-0.0963753,4.0,16954.2,220.051,-8.59082,-15.2959,10.6079,19.7279,27.1959,37.7647,49.4962,58.6727,65.1318,72.0873,78.0478,85.09,93.5368,103.854,122.84,143.943,157.263,172.926,33.7884,16.3558,5.99594,-0.364647,202.348,200.717,201.481,201.481
55.217676401138306,0.012262067769728602,0.9999847412109375,0.0,4,-0.100221,4.0,16948.3,220.651,-7.64042,-15.3572,10.4771,19.383,26.6214,36.7804,47.9415,56.5886,62.6316,69.0992,74.6096,81.0814,88.79,98.1266,115.083,139.411,154.407,170.622,35.6649,16.9514,6.14324,-0.352084,202.735,201.717,201.408,201.408
55.23719549179077,0.012203198013603688,0.9999847412109375,0.0,4,-0.101836,4.0,16947.7,221.272,-6.3472,-15.4029,10.353,19.1117,26.2085,36.1347,46.9943,55.3749,61.2149,67.4497,72.7491,78.9591,86.335,95.239,111.327,136.326,152.385,168.837,36.9943,17.444,6.29085,-0.337826,203.07,202.6,201.398,201.398
55.25790524482727,0.012144328257478774,0.9999847412109375,0.0,4,-0.102277,4.0,16955.2,221.893,-4.97169,-15.4024,10.2273,18.8684,25.8642,35.6398,46.3226,54.5581,60.2925,66.4106,71.6074,77.6931,84.9163,93.6287,109.348,134.332,150.818,167.325,38.0304,17.8931,6.44415,-0.322057,203.509,203.371,201.481,201.481
55.27790975570679,0.012085932492949071,0.9999847412109375,0.0,4,-0.102301,4.0,16971.8,222.509,-3.74635,-15.3849,10.0951,18.6239,25.5283,35.176,45.7182,53.8449,59.5032,65.54,70.6676,76.6719,83.7988,92.3935,107.9,132.762,149.4,165.901,38.9966,18.3455,6.60658,-0.30499,204.028,204.028,201.673,201.673
55.29629683494568,0.012027536728419365,0.9999847412109375,0.0,4,-0.102264,4.0,16986.0,223.125,-2.74023,-15.3274,9.95496,18.3663,25.1762,34.6923,45.0918,53.1092,58.6918,64.6483,69.7078,75.6328,82.6654,91.1475,106.454,131.189,147.984,164.478,40.0014,18.8216,6.77878,-0.286842,204.59,204.623,201.843,201.843
55.31406831741333,0.011970562938675286,0.9999847412109375,0.0,4,-0.10233,4.0,17015.8,223.726,-1.96308,-15.2364,9.80733,18.0924,24.7991,34.1699,44.4087,52.3011,57.7958,63.6581,68.6372,74.4673,81.3867,89.7311,104.786,129.373,146.506,163.017,41.093,19.3289,6.9601,-0.267826,205.168,205.188,202.187,202.187
55.33350849151611,0.010831906438001122,0.9999847412109375,0.0,4,-0.102632,4.0,17054.3,224.319,-1.40978,-15.1344,9.65256,17.7996,24.3909,33.5945,43.6429,51.3829,56.7688,62.5121,67.3882,73.0953,79.8656,88.025,102.731,126.989,144.91,161.486,42.3175,19.8747,7.15003,-0.248124,205.749,205.721,202.641,202.641
55.35627770423889,0.00539433125796107,0.9999847412109375,0.0,4,-0.103165,4.0,17097.0,224.905,-1.04313,-15.032,9.49183,17.4907,23.9555,32.9725,42.8036,50.3666,55.6246,61.2271,65.98,71.5387,78.1268,86.0585,100.332,123.826,143.197,159.886,43.6746,20.4568,7.34743,-0.227873,206.327,206.239,203.147,203.147
55.37350869178772,0.0014368143461147942,0.9999847412109375,0.0,4,-0.103649,4.0,17142.1,225.489,-0.809524,-14.9434,9.32816,17.178,23.5165,32.3484,41.9658,49.3562,54.4895,59.9557,64.5896,70.0056,76.4193,84.1339,97.9966,120.758,141.489,158.289,45.0498,21.049,7.54889,-0.207175,206.872,206.782,203.682,203.682
55.39069437980652,0.00031162574887275694,0.9999847412109375,0.0,4,-0.103859,4.0,17185.9,226.072,-0.615722,-14.8626,9.16426,16.8714,23.0923,31.7565,41.1864,48.429,53.458,58.8111,63.348,68.6491,74.9247,82.4704,96.02,118.244,139.885,156.753,46.3349,21.6263,7.75092,-0.186167,207.384,207.348,204.208,204.208
55.40682315826416,0.0,0.9999847412109375,0.0,4,-0.10389,4.0,17235.1,226.649,-0.442149,-14.8013,8.99976,16.5679,22.6762,31.183,40.4408,47.5509,52.4874,57.7422,62.1954,67.3985,73.5577,80.9627,94.2595,116.065,138.348,155.253,47.5594,22.1943,7.95373,-0.164904,207.896,207.903,204.786,204.786
55.43593096733093,0.0,0.9999847412109375,0.0,4,-0.103876,4.0,17279.5,227.228,-0.303979,-14.7473,8.83407,16.2631,22.2594,30.6104,39.6989,46.679,51.5257,56.6847,61.0569,66.1654,72.2128,79.4835,92.5397,113.952,136.819,153.756,48.7755,22.7633,8.15798,-0.143445,208.42,208.443,205.316,205.316
55.4500732421875,0.0,0.9999847412109375,0.0,4,-0.103867,4.0,17322.1,227.806,-0.20163,-14.6942,8.66712,15.956,21.8392,30.0329,38.9504,45.7996,50.5551,55.6173,59.9076,64.9204,70.8546,77.9893,90.8017,111.816,135.279,152.251,50.0019,23.3368,8.36378,-0.121827,208.95,208.977,205.823,205.823
55.4730761051178,0.0,0.9999847412109375,0.0,4,-0.103872,4.0,17364.8,228.385,-0.129671,-14.6968,8.49899,15.6464,21.4153,29.4498,38.1941,44.9099,49.573,54.5366,58.7433,63.6584,69.4773,76.473,89.035,109.638,133.721,150.735,51.243,23.9155,8.57104,-0.10007,209.471,209.482,206.329,206.329
55.48569321632385,0.0010491971497703341,0.9999847412109375,0.0,4,-0.103876,4.0,17407.6,228.961,-0.0773427,-14.7197,8.33005,15.3353,20.9894,28.8639,37.434,44.0159,48.586,53.4508,57.5735,62.3906,68.093,74.9489,87.2604,107.451,132.153,149.212,52.4903,24.497,8.77933,-0.0782057,209.997,210.0,206.838,206.838
55.509636878967285,0.0027248516172543166,0.9999847412109375,0.0,4,-0.103922,4.0,17484.9,229.508,-0.037763,-14.819,8.16004,15.0214,20.5589,28.2702,36.6617,43.1057,47.5798,52.342,56.3776,61.0925,66.6735,73.3829,85.4295,105.182,130.555,147.672,53.7646,25.0858,8.98905,-0.05624,210.523,210.513,207.742,207.742
55.53540897369385,0.005174625292420388,0.9999847412109375,0.0,4,-0.104154,4.0,17526.9,230.083,-0.0290883,-14.9415,7.98809,14.7003,20.115,27.6518,35.8485,42.1397,46.5057,51.1513,55.0869,59.6835,65.1224,71.6581,83.3848,102.59,128.861,146.076,55.1421,25.6979,9.20182,-0.0341775,211.055,211.009,208.263,208.263
55.54944348335266,0.005912876129150391,0.9999847412109375,0.0,4,-0.104574,4.0,17559.2,230.663,-0.0460864,-15.0209,7.8141,14.372,19.6582,27.0096,34.9962,41.1201,45.3671,49.8831,53.7068,58.1702,63.4482,69.7851,81.1406,99.7002,127.066,144.425,56.6331,26.3358,9.41801,-0.0119967,211.609,211.525,208.645,208.645
55.57835674285889,0.005912876129150391,0.9999847412109375,0.0,4,-0.105143,4.0,17594.5,231.24,-0.0837827,-15.1033,7.63825,14.0379,19.191,26.3489,34.1142,40.0605,44.1804,48.5576,52.2609,56.5804,61.6837,67.8041,78.7537,96.6001,125.179,142.727,58.2274,26.9973,9.63754,0.0103217,212.145,212.028,209.063,209.063
55.59094715118408,0.0038457546383142472,0.9999847412109375,0.0,4,-0.105765,4.0,17631.7,231.813,-0.126562,-15.2032,7.46115,13.7011,18.7197,25.6819,33.2231,38.9896,42.9807,47.2173,50.7987,54.9724,59.8987,65.7999,76.3387,93.4642,123.244,141.006,59.8775,27.6721,9.85937,0.0327821,212.674,212.539,209.505,209.505
55.606133699417114,0.0022215262055397035,0.9999847412109375,0.0,4,-0.106306,4.0,17690.8,232.369,-0.16085,-15.3144,7.28355,13.3653,18.2518,25.0231,32.3476,37.9415,41.8096,45.9128,49.3786,53.4148,58.1745,63.8707,74.0282,90.4907,121.322,139.296,61.5089,28.3447,10.082,0.0553919,213.198,213.074,210.152,210.152
55.630515575408936,0.0007448330521583557,0.9999847412109375,0.0,4,-0.106712,4.0,17748.8,232.921,-0.175661,-15.4831,7.10588,13.0323,17.7903,24.3782,31.4972,36.929,40.6826,44.6617,48.0214,51.9316,56.5399,62.0507,71.8662,87.7455,119.444,137.613,63.0813,29.0068,10.3044,0.0781329,213.692,213.596,210.901,210.901
55.65617513656616,-0.0007437799125909806,0.9999847412109375,0.0,4,-0.106979,4.0,17776.1,233.497,-0.166113,-15.5886,6.92811,12.7018,17.3348,23.7462,30.6699,35.9495,39.5963,43.4608,46.7225,50.5174,54.9879,60.3314,69.8418,85.2085,117.613,135.956,64.5867,29.6567,10.5265,0.101002,214.206,214.143,211.225,211.225
55.67002844810486,-0.007533657923340798,0.9999847412109375,0.0,4,-0.10707,4.0,17807.7,234.068,-0.138471,-15.6524,6.75044,12.3745,16.8868,23.1299,29.8703,35.0091,38.558,42.3186,45.4919,49.1836,53.532,58.7287,67.9759,82.9105,115.854,134.337,65.994,30.2881,10.7475,0.123992,214.717,214.695,211.599,211.599
55.68522119522095,-0.012454213201999666,0.9999847412109375,0.0,4,-0.106758,4.0,17839.5,234.635,-0.0936092,-15.6799,6.57441,12.0568,16.458,22.5512,29.1348,34.1577,37.6284,41.3074,44.4133,48.0284,52.2882,57.3819,66.4534,81.1258,114.297,132.816,67.1441,30.8674,10.9637,0.14705,215.196,215.271,211.977,211.977
55.70612549781799,-0.018605026975274087,0.9999847412109375,0.0,4,-0.10593,4.0,17872.9,235.199,0.012291,-15.672,6.4009,11.7516,16.0536,22.0197,28.4793,33.4168,36.8332,40.459,43.5233,47.0936,51.3063,56.3518,65.3577,79.9807,113.011,131.422,67.9478,31.3744,11.1727,0.170115,215.659,215.856,212.373,212.373
55.72546887397766,-0.021409824863076212,0.9999847412109375,0.0,4,-0.104521,4.0,17909.0,235.758,0.151188,-15.6407,6.2306,11.4604,15.6764,21.5402,27.9114,32.7974,36.1861,39.7899,42.8414,46.4035,50.616,55.6743,64.7405,79.5618,112.024,130.172,68.356,31.7959,11.3725,0.193117,216.108,216.439,212.802,212.802
55.747294664382935,-0.022886039316654207,0.9999847412109375,0.0,4,-0.102606,4.0,17945.1,236.314,0.341858,-15.5901,6.0635,11.1817,15.3227,21.1052,27.4189,32.2825,35.667,39.2762,42.3405,45.9272,50.1821,55.3107,64.5547,79.8146,111.276,129.043,68.4218,32.1389,11.5631,0.215975,216.561,217.01,213.23,213.23
55.76952123641968,-0.022886039316654207,0.9999847412109375,0.0,4,-0.100399,4.0,17983.4,236.865,0.529724,-15.5298,5.89913,10.911,14.983,20.6959,26.9694,31.8277,35.2219,38.8536,41.9468,45.5789,49.9037,55.14,64.6445,80.5206,110.639,127.978,68.29,32.4299,11.7464,0.238599,217.032,217.552,213.683,213.683
55.790196895599365,-0.022886039316654207,0.9999847412109375,0.0,4,-0.0980747,4.0,18023.4,237.413,0.697162,-15.4685,5.7368,10.6442,14.6495,20.2967,26.5365,31.3965,34.8063,38.468,41.5977,45.2855,49.6949,55.0607,64.8749,81.4903,110.015,126.931,68.0772,32.6926,11.9245,0.260959,217.52,218.07,214.158,214.158
55.8112108707428,-0.021409824863076212,0.9999847412109375,0.0,4,-0.0957483,4.0,18064.5,237.957,0.824233,-15.4071,5.57643,10.3796,14.3176,19.8984,26.1036,30.9653,34.3914,38.0847,41.2528,44.9995,49.4989,55.0027,65.1533,82.5859,109.354,125.873,67.8556,32.9418,12.0986,0.282993,218.017,218.574,214.646,214.646
55.82675552368164,-0.021409824863076212,0.9999847412109375,0.0,4,-0.0935319,4.0,18106.0,238.498,0.915863,-15.352,5.41774,10.115,13.9831,19.4919,25.6547,30.5112,33.9485,37.6674,40.8694,44.6698,49.2536,54.8904,65.3726,83.643,108.609,124.777,67.6884,33.1924,12.2701,0.304672,218.526,219.061,215.139,215.139
55.851571559906006,-0.017276443541049957,0.9999847412109375,0.0,4,-0.0914434,4.0,18145.5,239.039,0.958826,-15.3012,5.26084,9.85054,13.6459,19.0765,25.1879,30.0307,33.4729,37.2109,40.4403,44.2872,48.9471,54.7076,65.5096,84.62,107.784,123.641,67.5817,33.4467,12.4392,0.325978,219.036,219.543,215.61,215.61
55.864389181137085,-0.011371681466698647,0.9999847412109375,0.0,4,-0.0895751,4.0,18185.3,239.578,0.979702,-15.2533,5.1053,9.58421,13.3019,18.6443,24.6887,29.5032,32.9383,36.6813,39.9257,43.8034,48.5194,54.3781,65.4509,85.3219,106.846,122.443,67.584,33.7179,12.6074,0.346925,219.558,220.016,216.083,216.083
55.889288663864136,-0.008419348299503327,0.9999847412109375,0.0,4,-0.0881608,4.0,18225.0,240.116,0.953448,-15.2107,4.95,9.31109,12.9414,18.1753,24.1217,28.8766,32.2797,35.9972,39.2281,43.0995,47.8227,53.7132,64.9153,85.2505,105.712,121.129,67.8223,34.039,12.7787,0.367539,220.106,220.462,216.554,216.554
55.90537667274475,-0.0032529328018426895,0.9999847412109375,0.0,4,-0.0872262,4.0,18264.6,240.654,0.859056,-15.1741,4.79459,9.0306,12.5636,17.6683,23.4839,28.1466,31.4904,35.1498,38.3353,42.1594,46.8351,52.6815,63.8474,84.2779,104.38,119.697,68.3069,34.4157,12.9543,0.387877,220.656,220.902,217.024,217.024
55.93304181098938,-0.0017769098281860353,0.9999847412109375,0.0,4,-0.0867603,4.0,18304.2,241.19,0.732541,-15.1469,4.63885,8.743,12.1693,17.1252,22.7791,27.3184,30.5768,34.1462,37.256,40.9924,45.5657,51.292,62.2527,82.3885,102.858,118.148,69.035,34.8494,13.1347,0.407991,221.205,221.342,217.495,217.495
55.94504427909851,-0.0004978239536285401,0.9999847412109375,0.0,4,-0.0866445,4.0,18343.9,241.725,0.570455,-15.1236,4.48295,8.45056,11.7636,16.5571,22.0277,26.4211,29.5758,33.032,36.044,39.6637,44.0957,49.6466,60.2769,79.8262,101.192,116.511,69.9475,35.3268,13.319,0.427942,221.74,221.792,217.966,217.966
55.96807837486267,-0.0004978239536285401,0.9999847412109375,0.0,4,-0.0867384,4.0,18385.7,242.256,0.419873,-15.1109,4.32705,8.1556,11.3519,15.9755,21.2506,25.486,28.5265,31.857,34.7592,38.2461,42.5142,47.8587,58.0892,76.8876,99.432,114.817,70.9741,35.8314,13.5057,0.447792,222.257,222.256,218.464,218.464
55.99055075645447,-0.00030107833445072176,0.9999847412109375,0.0,4,-0.0869358,4.0,18424.1,242.788,0.282351,-15.0948,4.1713,7.85984,10.938,15.3887,20.4635,24.5358,27.4578,30.6576,33.4446,36.792,40.8874,46.0127,55.8151,73.7953,97.6186,113.092,72.0593,36.3499,13.6935,0.467581,222.761,222.733,218.921,218.921
56.012924671173096,-0.00030107833445072176,0.9999847412109375,0.0,4,-0.0871371,4.0,18462.2,243.319,0.175902,-15.0745,4.01575,7.5646,10.525,14.8033,19.6787,23.5886,26.3931,29.4628,32.1355,35.3444,39.2685,44.1766,53.5549,70.727,95.788,111.357,73.1495,36.8692,13.8813,0.487349,223.252,223.22,219.374,219.374
56.02652144432068,-0.0004978239536285401,0.9999847412109375,0.0,4,-0.0873121,4.0,18500.1,243.848,0.100393,-15.069,3.86029,7.26997,10.1132,14.2206,18.8988,22.6487,25.3373,28.2792,30.8398,33.9131,37.67,42.3667,51.333,67.7267,93.9508,109.619,74.2277,37.3856,14.0688,0.507123,223.731,223.702,219.824,219.824
56.06133246421814,-0.0004978239536285401,0.9999847412109375,0.0,4,-0.0874551,4.0,18538.3,244.376,0.0492118,-15.0749,3.70491,6.97595,9.7028,13.6407,18.1239,21.7161,24.2908,27.1074,29.5582,32.4989,36.0927,40.5834,49.1509,64.7964,92.1084,107.879,75.2897,37.898,14.2558,0.526904,224.212,224.187,220.278,220.278
56.08385515213013,-0.0004978239536285401,0.9999847412109375,0.0,4,-0.0875648,4.0,18590.1,244.89,0.0167858,-15.1062,3.54937,6.68206,9.293,13.0625,17.3526,20.789,23.2516,25.9447,28.2877,31.0985,34.5327,38.8225,47.0027,61.927,90.2598,106.138,76.3353,38.4068,14.4428,0.546724,224.691,224.672,220.883,220.883
56.10392928123474,-0.0007437799125909806,0.9999847412109375,0.0,4,-0.0876611,4.0,18628.1,245.415,-0.00538207,-15.1512,3.39348,6.38771,8.88277,12.4842,16.5817,19.8631,22.2139,24.7846,27.0206,29.7025,32.9783,37.0693,44.8674,59.0824,88.3945,104.389,77.3769,38.9154,14.63,0.566597,225.166,225.151,221.347,221.347
56.126516580581665,-0.0004978239536285401,0.9999847412109375,0.0,4,-0.0876983,4.0,18662.5,245.94,-0.0198599,-15.1734,3.2375,6.09378,8.47368,11.9086,15.8163,18.9452,21.1868,23.6376,25.7694,28.3261,31.4486,35.3478,42.7786,56.3202,86.5312,102.644,78.9775,39.4158,14.8166,0.586506,225.643,225.643,221.755,221.755
56.12886905670166,-0.0007437799125909806,0.9999847412109375,0.0,4,-0.0877121,4.0,18697.7,246.462,-0.017417,-15.1865,3.08126,5.79958,8.06447,11.3333,15.0519,18.0293,20.1622,22.4943,24.5226,26.9551,29.926,33.6357,40.7052,53.5861,84.6531,100.893,117.77,39.9137,15.0032,0.606456,226.12,226.128,222.174,222.174
56.14793252944946,-0.0007437799125909806,0.9999847412109375,0.0,4,-0.0877016,4.0,18733.5,246.985,-0.0197485,-15.2481,2.92469,5.50497,7.6549,10.7579,14.2879,17.1144,19.1392,21.3532,23.2788,25.5883,28.4089,31.931,38.6435,50.8754,82.7572,99.1371,116.037,40.4089,15.1898,0.626457,226.585,226.591,222.598,222.598
56.17763137817383,-0.0010389462113380432,0.9999847412109375,0.0,4,-0.0876415,4.0,18770.8,247.504,-0.012172,-15.3084,2.76795,5.21039,7.24572,10.1837,13.5266,16.2038,18.1219,20.2193,22.0439,24.2324,26.9055,30.2441,36.6083,48.2117,80.8533,97.3811,114.301,40.8968,15.3758,0.646493,227.058,227.071,223.037,223.037
56.18914246559143,-0.0032529328018426895,0.9999847412109375,0.0,4,-0.0875648,4.0,18842.9,247.993,-0.00174744,-15.48,2.61101,4.91549,6.83616,9.60911,12.765,15.2929,17.1044,19.0856,20.8092,22.8769,25.403,28.5586,34.5764,45.555,78.9232,95.6174,112.557,41.3825,15.5618,0.666559,227.518,227.534,223.9,223.9
56.211456060409546,-0.006697177886962891,0.9999847412109375,0.0,4,-0.0874179,4.0,18870.2,248.517,0.00283339,-15.6022,2.45401,4.62087,6.42739,9.03643,12.0071,14.3876,16.094,17.9608,19.5853,21.5346,23.9171,26.8945,32.5758,42.954,76.9896,93.8584,110.815,41.8566,15.7466,0.686647,227.985,228.019,224.23,224.23
56.2350435256958,-0.011371681466698647,0.9999847412109375,0.0,4,-0.0870045,4.0,18898.6,249.036,0.0267827,-15.6787,2.29749,4.32866,6.02349,8.47361,11.2667,13.5076,15.1154,16.8757,18.4086,20.2497,22.5017,25.3196,30.7071,40.5833,75.1569,92.1506,109.104,42.285,15.9263,0.706735,228.439,228.531,224.564,224.564
56.25112509727478,-0.015997070446610452,0.9999847412109375,0.0,4,-0.0862053,4.0,18928.6,249.55,0.0958226,-15.7712,2.14191,4.0401,5.62656,7.92434,10.5501,12.6615,14.1791,15.8432,17.2945,19.0403,21.1798,23.863,29.0125,38.5188,73.5001,90.5234,107.446,42.645,16.098,0.726777,228.858,229.035,224.921,224.921
56.26738882064819,-0.01998282074928284,0.9999847412109375,0.0,4,-0.0849832,4.0,18960.1,250.059,0.200291,-15.8698,1.98775,3.7558,5.23725,7.38915,9.85728,11.849,13.2845,14.8623,16.2418,17.9049,19.9492,22.5224,27.4901,36.7645,72.0494,88.9854,105.846,42.9276,16.2601,0.746702,229.274,229.545,225.295,225.295
56.287352561950684,-0.021409824863076212,0.9999847412109375,0.0,4,-0.0832957,4.0,19026.0,250.534,0.348913,-16.0199,1.83525,3.47598,4.85559,6.8677,9.18743,11.0689,12.43,13.9313,15.2481,16.8413,18.8079,21.2963,26.1419,35.3373,70.8272,87.5456,104.311,43.1244,16.4113,0.766469,229.681,230.057,226.061,226.061
56.306469440460205,-0.021409824863076212,0.9999847412109375,0.0,4,-0.0812243,4.0,19056.1,251.033,0.539914,-16.1772,1.68483,3.20055,4.48061,6.35695,8.5342,10.3112,11.6031,13.0341,14.2947,15.8266,17.7277,20.1496,24.9189,34.1677,69.7777,86.1833,102.828,43.2477,16.5521,0.785985,230.083,230.552,226.441,226.441
56.3361554145813,-0.021409824863076212,0.9999847412109375,0.0,4,-0.0789951,4.0,19081.2,251.53,0.715727,-16.2767,1.53628,2.92773,4.10844,5.84871,7.88248,9.55396,10.7758,12.1357,13.3394,14.8094,16.645,19.0016,23.7029,33.0556,68.7708,84.8435,101.359,43.3359,16.6867,0.805224,230.523,231.037,226.736,226.736
56.356401443481445,-0.024411464110016823,0.9999847412109375,0.0,4,-0.0767496,4.0,19108.7,252.022,0.850671,-16.3475,1.38992,2.65744,3.7382,5.34018,7.22609,8.7873,9.93498,11.2189,12.361,13.7633,15.5257,17.8073,22.4236,31.8721,67.7353,83.4938,99.881,43.412,16.8171,0.824118,230.969,231.496,227.063,227.063
56.37645745277405,-0.027609944716095926,0.9999847412109375,0.0,4,-0.0744541,4.0,19136.7,252.508,0.93525,-16.3961,1.24616,2.39058,3.37126,4.83345,6.56807,8.01504,9.08509,10.2887,11.3652,12.6944,14.3769,16.5749,21.0924,30.6426,66.6903,82.1423,98.4006,43.4694,16.9424,0.842621,231.409,231.951,227.395,227.395
56.39656615257263,-0.02928300052881241,0.9999847412109375,0.0,4,-0.0719221,4.0,19170.9,252.984,1.01013,-16.4227,1.10571,2.12905,3.0109,4.33443,5.91826,7.25093,8.24332,9.36648,10.3774,11.634,13.2379,15.3563,19.7926,29.5571,65.7184,80.8308,96.947,43.4766,17.0581,0.860664,231.826,232.419,227.793,227.793
56.41662049293518,-0.02928300052881241,0.9999847412109375,0.0,4,-0.0690878,4.0,19203.7,253.452,1.11344,-16.41,0.968919,1.87352,2.658,3.84431,5.27821,6.49695,7.41186,8.455,9.40095,10.5861,12.1143,14.1595,18.5448,28.713,64.8378,79.5728,95.5301,43.4233,17.1628,0.878201,232.225,232.904,228.19,228.19
56.436359167099,-0.02928300052881241,0.9999847412109375,0.0,4,-0.0660823,4.0,19229.5,253.919,1.2238,-16.3268,0.835993,1.62378,2.31165,3.36039,4.64196,5.74346,6.57779,7.53708,8.41435,9.52357,10.9706,12.9373,17.2753,28.0163,63.9843,78.3374,94.1287,43.3316,17.2585,0.895186,232.63,233.356,228.498,228.498
56.45653939247131,-0.03277674317359924,0.9999847412109375,0.0,4,-0.0630472,4.0,19252.6,254.378,1.29897,-16.1565,0.707155,1.37985,1.97136,2.88085,4.00504,4.98268,5.73038,6.59771,7.39825,8.42062,9.77172,11.6404,15.8987,27.33,63.1005,77.0935,92.7205,43.2241,17.3477,0.911576,233.048,233.797,228.806,228.806
56.47654676437378,-0.0509344968944788,0.9999847412109375,0.0,4,-0.0599216,4.0,19292.5,254.824,1.33984,-16.0082,0.582861,1.14276,1.63871,2.40812,3.37082,4.21869,4.87398,5.64166,6.35748,7.28198,8.52188,10.2716,14.4179,26.7737,62.2121,75.8542,91.3152,43.0909,17.4289,0.927319,233.449,234.217,229.214,229.214
56.49649214744568,-0.08134533800184728,0.9999847412109375,0.0,4,-0.0562375,4.0,19337.3,255.255,1.36385,-15.9379,0.463938,0.914793,1.31768,1.94953,2.752,3.46999,4.03221,4.6992,5.32936,6.15526,7.28473,8.9227,13.0243,27.4501,61.4794,74.717,89.9841,42.8602,17.4921,0.942338,233.779,234.676,229.746,229.746
56.516254901885986,-0.12932398319244384,0.9999847412109375,0.0,4,-0.0506714,4.0,19336.9,255.711,1.56469,-15.7843,0.352511,0.701179,1.01703,1.52087,2.17623,2.77776,3.25918,3.8425,4.40624,5.16426,6.23783,7.87569,12.4558,37.1632,61.3007,73.946,88.9257,42.3373,17.51,0.956405,233.928,235.169,229.743,229.743
56.535858392715454,-0.17986175753176215,0.9999847412109375,0.0,4,-0.0428918,4.0,19442.2,256.054,2.02425,-15.9304,0.250131,0.503787,0.738162,1.12156,1.63863,2.13258,2.54198,3.05581,3.57184,4.29796,5.39516,7.24532,13.9396,51.7665,61.6563,73.5802,88.1801,41.4985,17.4753,0.969285,233.938,235.668,230.971,230.971
56.55677318572998,-0.22912025451660156,0.9999847412109375,0.0117645263671875,4,-0.0320228,4.0,19421.6,256.463,2.84838,-15.8171,0.159611,0.327316,0.486855,0.758002,1.14517,1.54024,1.88823,2.35398,2.85772,3.63609,4.99775,7.99076,46.0432,54.7805,62.6403,73.7449,87.8587,40.2658,17.371,0.980597,233.776,236.082,230.768,230.768
56.5761935710907,-0.258498252928257,0.8509674072265625,0.11509021133917485,4,-0.0190423,4.0,19534.2,256.711,4.11082,-16.08,0.0828274,0.173712,0.263455,0.423971,0.672454,0.952711,1.22547,1.63542,2.14917,3.13386,5.78471,37.5618,52.4402,57.1816,63.8649,74.2034,87.7967,38.8297,17.2171,0.990055,233.264,236.021,232.023,232.023
56.593339681625366,-0.2738515917211771,0.36077880859375,0.1806803993497533,4,-0.0056575,4.0,19385.3,256.784,5.27172,-16.2741,0.020227,0.0434657,0.0673873,0.112825,0.190762,0.291923,0.407219,0.622409,0.999947,2.54236,46.65,51.0076,55.1615,58.9727,64.9188,74.6287,87.7417,37.4301,17.0469,0.997603,230.325,233.433,230.236,230.236
56.60601758956909,-0.2738515917211771,0.0,0.2143665754997073,4,0.00832003,4.0,19026.4,256.186,6.18871,-16.2547,-1.0,-1.0,-1.0,-1.0,-1.0,-1.0,-1.0,-1.0,-1.0,-1.0,-1.0,-1.0,-1.0,-1.0,-1.0,-1.0,-1.0,-1.0,-1.0,1.00283,226.966,230.735,226.149,226.149
56.62646961212158,-0.2738515917211771,0.0,0.23274085339968223,4,0.0205657,4.0,18687.3,255.035,6.78287,-16.3502,-1.0,-1.0,-1.0,-1.0,-1.0,-1.0,-1.0,-1.0,-1.0,-1.0,-1.0,-1.0,-1.0,-1.0,-1.0,-1.0,-1.0,-1.0,-1.0,1.00559,224.534,227.059,220.535,223.807
56.652058362960815,-0.2738515917211771,0.0,0.2480527516496613,4,0.0357658,4.0,18572.3,253.484,7.73588,-16.3219,-1.0,-1.0,-1.0,-1.0,-1.0,-1.0,-1.0,-1.0,-1.0,-1.0,-1.0,-1.0,-1.0,-1.0,-1.0,-1.0,-1.0,-1.0,-1.0,1.00596,222.352,226.316,218.483,223.026
56.67209243774414,-0.2738515917211771,0.0,0.2480527516496613,4,0.0522305,4.0,18405.7,251.911,8.76882,-16.2724,-1.0,-1.0,-1.0,-1.0,-1.0,-1.0,-1.0,-1.0,-1.0,-1.0,-1.0,-1.0,-1.0,-1.0,-1.0,-1.0,-1.0,-1.0,-1.0,1.00353,220.746,224.447,216.624,221.096
56.69305682182312,-0.2738515917211771,0.0,0.23580323304967804,4,0.0713746,4.0,18299.8,250.247,10.4363,-16.2211,0.0139131,0.0354101,0.0662039,0.179442,38.0706,48.132,51.5707,54.2524,56.0404,57.746,59.3836,60.9634,63.0916,65.423,69.5573,77.1143,46.4891,30.5759,15.8666,0.998481,218.96,222.889,214.576,220.449
56.703686237335205,-0.20599187351763248,0.0,0.21944306555053572,4,0.0911509,4.0,18165.9,248.607,12.0156,-16.0541,0.0901345,0.242152,0.488663,1.85924,45.077,51.4178,54.2875,56.6272,58.2229,59.7656,61.262,62.7174,64.6944,66.8771,70.7814,77.996,41.4683,29.1076,15.5391,0.990389,217.459,221.053,213.014,218.946
56.725762367248535,-0.15550321377813817,0.0,0.19228512875128217,4,0.111651,4.0,18030.5,246.919,13.7684,-16.0047,0.198269,0.566949,1.26703,11.7567,48.8324,54.0834,56.6202,58.7336,60.1923,61.6138,63.002,64.3597,66.2134,68.2715,71.9769,78.8834,38.0665,27.6908,15.197,0.979383,217.046,221.605,211.349,217.245
56.7492299079895,-0.08419944196939469,0.0,0.1372528076171875,4,0.130661,4.0,17891.0,245.358,15.215,-15.9186,0.340578,1.03904,2.63535,39.2643,51.3517,56.0281,58.3525,60.3109,61.6725,63.0059,64.3129,65.5957,67.3539,69.3134,72.8571,79.507,35.5346,26.4418,14.867,0.965434,217.116,221.457,210.026,215.279
56.77049946784973,-0.04655496813356877,0.0,0.007843017578125,4,0.148124,4.0,17821.4,243.9,16.2479,-15.8138,0.518229,1.68995,5.0321,43.02,53.1436,57.4467,59.6193,61.4632,62.7506,64.0153,65.2588,66.4824,68.1636,70.0422,73.4525,79.8846,33.4891,25.3315,14.5469,0.948608,218.315,222.002,209.182,214.592
56.78530168533325,-0.034597430005669595,0.0,0.0,4,0.163388,4.0,17826.6,242.765,16.8067,-15.7144,0.730977,2.54383,9.25195,45.2022,54.3116,58.3505,60.4103,62.1661,63.396,64.6072,65.8004,66.9764,68.5952,70.4084,73.7094,79.9603,31.824,24.3649,14.2414,0.929014,220.738,224.245,209.374,214.374
56.8133819103241,-0.034597430005669595,0.0,0.0,4,0.176564,4.0,17778.6,241.899,16.873,-15.6838,0.979646,3.62804,17.0456,46.5574,55.0007,58.8389,60.8091,62.4947,63.6783,64.8457,65.9974,67.1342,68.7017,70.4605,73.6702,79.7682,30.4253,23.5102,13.9455,0.906622,220.861,223.984,209.156,213.438
56.82829689979553,-0.036467327177524565,0.0,0.0,4,0.186379,4.0,17732.2,241.127,16.0487,-15.477,1.26313,4.92107,28.3424,47.1283,55.1069,58.7921,60.6933,62.3239,63.4709,64.6036,65.7226,66.8283,68.3551,70.0708,73.2078,79.1854,29.3296,22.7974,13.6675,0.881301,220.591,223.015,209.051,212.399
56.847750186920166,-0.05319807678461075,0.0,0.0,4,0.19294,4.0,17687.0,240.424,14.603,-15.4504,1.57744,6.37238,31.1069,47.0903,54.7167,58.2801,60.1255,61.7118,62.829,63.9337,65.0262,66.1069,67.6008,69.2816,72.3604,78.2435,28.4863,22.2016,13.4035,0.853193,220.311,221.989,208.983,211.434
56.86776614189148,-0.09305701591074467,0.0,0.0,4,0.196705,4.0,17653.5,239.763,12.5748,-15.3481,1.91841,7.92013,32.0684,46.6035,53.941,57.4015,59.1998,60.7483,61.8404,62.9213,63.9913,65.0508,66.517,68.1685,71.1989,77.0057,27.8479,21.6925,13.148,0.822459,219.981,220.964,208.932,210.668
56.88687777519226,-0.12578093446791172,0.0,0.0,4,0.198528,4.0,17619.8,239.123,10.0582,-15.1888,2.28515,9.53651,32.3647,45.8488,52.928,56.2948,58.0498,59.5636,60.6327,61.6919,62.7415,63.7818,65.2225,66.8476,69.8342,75.5742,27.3513,21.2291,12.8916,0.789097,219.499,219.974,208.798,210.018
56.90538239479065,-0.1329162422567606,0.0,0.0,4,0.200714,4.0,17579.7,238.48,7.8708,-15.1157,2.68184,11.3404,32.5921,45.1667,51.9889,55.2601,56.9707,58.4488,59.4939,60.5305,61.5587,62.5786,63.9928,65.5898,68.5299,74.1972,26.8272,20.727,12.6154,0.753299,218.841,219.26,208.322,209.534
56.9243950843811,-0.1329162422567606,0.0,0.086273193359375,4,0.204407,4.0,17541.0,237.825,6.21767,-14.999,3.11251,13.4659,32.9305,44.6923,51.2557,54.4277,56.0917,57.5319,58.5516,59.564,60.5691,61.5671,62.9525,64.5187,67.4073,72.9916,26.1852,20.1514,12.3118,0.715281,218.106,218.804,207.768,209.187
56.95086741447449,-0.14398828148841858,0.0,0.188232421875,4,0.210105,4.0,17443.6,237.055,5.26856,-14.9646,3.58121,16.0753,33.4132,44.4571,50.7658,53.8372,55.453,56.8537,57.8469,58.8339,59.8148,60.7896,62.1441,63.6774,66.5097,72.001,25.3873,19.4945,11.9799,0.675256,215.435,216.639,206.419,208.245
56.96755909919739,-0.15550321377813817,0.0,0.2575247260061815,4,0.218088,4.0,17313.4,236.033,4.97383,-15.0054,4.09306,19.0011,34.0417,44.4611,50.5258,53.4979,55.0652,56.4263,57.3924,58.3535,59.3094,60.2603,61.5828,63.0816,65.8543,71.2443,24.4236,18.7594,11.621,0.633422,211.74,213.558,204.623,206.976
56.98504161834717,-0.15550321377813817,0.0,0.2987286821671705,4,0.228588,4.0,17173.7,234.734,5.16485,-14.993,4.65628,21.2152,34.8182,44.701,50.5376,53.4134,54.9335,56.2553,57.1947,58.1298,59.0609,59.9876,61.2776,62.7411,65.452,70.7346,23.3014,17.9527,11.2366,0.589873,208.59,211.146,202.681,205.628
57.00521230697632,-0.15550321377813817,0.0,0.3433663013415753,4,0.242019,4.0,17029.1,233.252,5.92038,-14.9408,5.28531,23.1311,35.7707,45.1971,50.8235,53.6077,55.0823,56.3662,57.2793,58.1891,59.0955,59.9982,61.2559,62.6836,65.3313,70.5012,22.0281,17.0806,10.8267,0.544555,206.033,209.259,200.601,204.285
57.033886432647705,-0.15550321377813817,0.0,0.3811365944891486,4,0.257199,4.0,16893.1,231.629,6.95066,-14.8174,5.98354,24.8241,36.7624,45.8006,51.2374,53.9369,55.3691,56.6172,57.5057,58.3914,59.2743,60.1541,61.3804,62.7733,65.3595,70.4172,20.7181,16.1897,10.4021,0.497403,203.123,206.885,198.655,202.955
57.05020880699158,-0.1556353915098496,0.0,0.3948235596182421,4,0.272276,4.0,16745.2,229.898,7.79247,-14.5944,6.74313,26.2371,37.6183,46.3198,51.586,54.2085,55.6018,56.8172,57.6829,58.5464,59.4075,60.2658,61.4627,62.8233,65.3515,28.0944,19.4855,15.3295,9.97433,0.4483,200.063,204.089,196.984,201.172
57.06436800956726,-0.15794591009456974,0.0,0.3974159732453697,4,0.286754,4.0,16585.3,228.115,8.4895,-14.426,7.5622,27.4018,38.3141,46.7174,51.8283,54.3805,55.7382,56.9234,57.7681,58.6109,59.4516,60.29,61.4597,62.7904,65.2646,25.3882,18.3428,14.5091,9.54587,0.397248,197.353,201.557,195.088,199.284
57.08742380142212,-0.14455869196725388,0.0,0.45489501953125,4,0.300888,4.0,16427.2,226.312,9.12633,-14.3303,8.44631,28.3879,38.8945,47.0293,51.9981,54.4855,55.8101,56.9672,57.7921,58.6154,59.4371,60.257,61.4015,62.7038,65.1273,23.2964,17.266,13.7199,9.11503,0.34432,194.961,199.259,193.195,197.417
57.11208939552307,-0.08224886235594749,0.0,0.45489501953125,4,0.315336,4.0,16227.7,224.334,9.70748,-14.1373,9.403,29.2769,39.4324,47.3249,52.1633,54.5903,55.884,57.0145,57.8208,58.6259,59.4298,60.2321,61.3524,62.6277,65.0031,21.4604,16.2218,12.9475,8.6787,0.289568,192.655,197.389,190.822,195.077
57.13370060920715,-0.024361425984601177,0.0,0.4588165283203125,4,0.330127,4.0,16052.8,222.264,10.5132,-13.9496,10.3283,30.0891,39.9365,47.6099,52.3282,54.6991,55.9635,57.069,57.8579,58.646,59.4329,60.2185,61.3158,62.5657,64.8951,19.7997,15.2098,12.1924,8.23763,0.233092,192.275,196.776,188.68,193.051
57.1497802734375,-0.005594044093340635,0.0,0.4588165283203125,4,0.342858,4.0,15926.8,220.204,11.0,-13.6914,11.1456,30.6631,40.2104,47.675,52.2802,54.5978,55.835,56.9173,57.69,58.462,59.2332,60.0033,61.0794,62.3059,64.593,18.4501,14.3085,11.4963,7.8019,0.175053,191.718,195.687,187.174,191.452
57.16618084907532,-0.0035716388931032266,0.0,0.4509735107421875,4,0.351324,4.0,15817.2,218.243,10.4932,-13.3442,11.815,30.8711,40.0976,47.3502,51.8437,54.11,55.3211,56.3814,57.1387,57.8957,58.6522,59.408,60.4647,61.6698,24.6899,17.4699,13.5661,10.8865,7.37685,0.115454,190.487,193.528,186.577,189.495
57.18965291976929,-0.0036219780282117425,0.0,0.4509735107421875,4,0.356071,4.0,15694.4,216.386,9.31781,-13.0777,12.3508,30.7873,39.6746,46.7093,51.0902,53.3056,54.4911,55.5299,56.2722,57.0146,57.757,58.4991,59.5374,60.7222,23.9497,16.755,12.9462,10.3454,6.95767,0.0543721,189.025,191.283,185.588,187.577
57.20576310157776,-0.016664578387935954,0.0,0.4509735107421875,3,0.358378,4.0,15564.4,214.579,7.88764,-12.9281,12.7837,30.5242,39.0649,45.8783,50.1451,52.3092,53.469,54.4862,55.2137,55.9417,56.67,57.3986,58.4186,59.5836,61.7634,16.2065,12.4047,9.85014,6.54678,-0.00796564,187.401,189.117,184.335,185.739
57.22861695289612,-0.04168701727420091,0.0,0.45489501953125,3,0.359664,3.0,19042.6,212.824,6.37815,-12.7752,13.147,30.1877,38.3887,44.9821,49.1347,51.2473,52.3813,53.3767,54.0892,54.8027,55.517,56.2319,57.2335,58.3786,60.5239,15.7357,11.9001,9.37922,6.15202,-0.0713386,185.902,188.193,184.723,185.14
57.25286149978638,-0.145485566026764,0.0,0.4588165283203125,3,0.355387,3.0,18957.7,211.201,5.10096,-12.6343,13.4796,29.8884,37.7749,44.159,48.2006,50.2627,51.3712,52.3452,53.0428,53.7417,54.4419,55.1432,56.1263,57.2513,59.3617,15.2251,11.3823,8.90712,5.76833,-0.135479,184.228,186.462,183.507,183.837
57.272175550460815,-0.21539582514390346,0.0,0.38300056404645977,3,0.340271,3.0,18700.8,209.596,4.15619,-12.4895,13.8168,29.7173,37.3327,43.5287,47.4676,49.4821,50.5664,51.5197,52.203,52.8879,53.5745,54.2624,55.2275,56.3325,58.4079,14.5509,10.8037,8.41048,5.39051,-0.197831,180.299,183.042,179.922,181.73
57.28429841995239,-0.2387821316062535,0.0,0.3806879768220598,3,0.328573,3.0,18570.6,207.807,3.78853,-12.2469,14.1803,29.7191,37.116,43.1524,47.0007,48.9724,50.0345,50.9688,51.6388,52.3108,52.9846,53.6599,54.6078,55.6938,57.7351,13.652,10.1417,7.8781,5.01559,-0.257696,177.945,181.31,178.17,180.844
57.308005571365356,-0.2470649364981024,0.0,0.38071620690574354,3,0.319934,3.0,18384.2,206.073,4.05054,-12.0886,14.5657,29.8605,37.0843,42.9874,46.757,48.6907,49.7328,50.6501,51.308,51.968,52.6301,53.2939,54.2258,55.2938,19.2517,12.5983,9.41954,7.32116,4.64532,-0.315172,175.328,179.278,176.116,179.329
57.32505965232849,-0.2555649596737325,0.0,0.3837290778778521,3,0.313683,3.0,18177.2,204.323,4.78163,-12.0132,14.963,30.0972,37.1825,42.9738,46.6752,48.575,49.5993,50.5011,51.1481,51.7974,52.4488,53.1019,54.0189,55.0703,15.9486,11.4837,8.67024,6.75538,4.28278,-0.370294,172.873,177.816,173.858,177.596
57.349132776260376,-0.25863853895768524,0.0,0.38565316211543565,3,0.309463,3.0,17964.0,202.571,5.8758,-12.0048,15.3687,30.4089,37.3844,43.0821,46.7243,48.5943,49.6027,50.4907,51.128,51.7674,52.409,53.0523,53.9558,54.992,13.7115,10.3633,7.91418,6.19027,3.92958,-0.423133,170.224,176.029,171.567,175.768
57.36560773849487,-0.1607841975037257,0.0,0.4271369342674904,3,0.306476,3.0,17764.7,200.808,7.19223,-12.0307,15.7715,30.7558,37.6409,43.2577,46.8475,48.6907,49.6849,50.5603,51.1885,51.819,52.4515,53.0859,53.977,15.0087,11.8989,9.29003,7.17556,5.63794,3.58797,-0.473735,167.267,173.932,169.345,174.082
57.39081525802612,-0.05861076508982417,0.0,0.4980316162109375,3,0.302796,3.0,17546.1,198.925,8.44148,-12.0226,16.1352,31.0352,37.8277,43.364,46.9021,48.7193,49.6995,50.5627,51.1822,51.804,52.4278,53.0537,14.7785,12.4913,10.4538,8.33081,6.49112,5.11827,3.2622,-0.522126,164.788,172.265,167.175,172.099
57.41194009780884,0.0,0.0,0.5058746337890625,3,0.296514,3.0,17246.1,196.946,9.44976,-12.0851,16.4234,31.1537,37.8329,43.278,46.7605,48.5502,49.5158,50.3664,50.977,51.5899,52.2051,15.1647,12.3309,10.9221,9.32897,7.51613,5.88338,4.6451,2.95629,-0.568141,161.944,170.264,164.483,169.032
57.432214975357056,0.0006446342694262664,0.0,0.501953125,3,0.28664,3.0,16994.6,194.88,9.92798,-12.1504,16.6174,31.0687,37.6055,42.9436,46.3636,48.1231,49.073,49.9101,50.5112,51.1148,51.7207,12.6412,10.9713,9.83642,8.46213,6.84044,5.35505,4.22161,2.67215,-0.61156,160.278,169.625,162.381,166.24
57.451802015304565,0.0009755016414696974,0.0,0.4980316162109375,3,0.27413,3.0,16791.0,192.837,9.82117,-12.2006,16.7381,30.8395,37.2152,42.4357,45.7884,47.5159,48.4491,49.2721,49.8633,50.4571,13.7999,11.3881,10.003,8.99689,7.74838,6.25561,4.8825,3.83541,2.40733,-0.652361,159.145,168.288,160.811,163.834
57.47550296783447,0.0,0.0,0.501953125,3,0.260097,3.0,16626.6,190.817,9.40425,-12.2278,16.8111,30.5317,36.7389,41.8376,45.1211,46.8156,47.7319,48.5404,49.1215,49.7053,12.2693,10.4549,9.205,8.27665,7.11519,5.72301,4.44512,3.47509,2.15903,-0.690601,158.024,166.619,159.54,161.864
57.488951683044434,-0.005163331494579712,0.0,0.501953125,3,0.244795,3.0,16505.1,188.787,8.69498,-12.1802,16.842,30.1582,36.1908,41.1636,44.3757,46.0363,46.9353,47.7289,48.2996,48.8732,11.4608,9.72623,8.53162,7.64743,6.54568,5.23305,4.03765,3.13752,1.92619,-0.72636,156.775,164.667,158.54,160.53
57.51116323471069,-0.02717713578954339,0.0,0.501953125,3,0.228553,3.0,16355.3,186.797,7.83718,-12.1374,16.8395,29.7385,35.5934,40.438,43.5772,45.2033,46.0844,46.8629,47.4229,47.9861,11.0743,9.13667,7.94474,7.08237,6.0224,4.7758,3.65471,2.81966,1.708,-0.759675,155.547,162.761,157.365,158.829
57.53108859062195,-0.1636015125630889,0.0,0.43966514958491104,3,0.212276,3.0,16200.7,184.805,6.9282,-12.0582,16.8206,29.3148,34.9972,39.7161,42.7834,44.3753,45.2388,46.0021,46.5516,47.1044,47.6604,8.56796,7.37258,6.53103,5.51301,4.33306,3.28658,2.51636,1.50306,-0.790608,154.422,161.22,156.05,157.158
57.54933261871338,-0.26220066942554277,0.0,0.4059599616998322,3,0.198248,3.0,16104.1,182.971,6.08236,-11.9569,16.8242,28.9827,34.5177,39.1271,42.1307,43.692,44.5396,45.2892,45.8291,46.3724,9.40983,7.70997,6.64435,5.87802,4.94558,3.86538,2.91241,2.21611,1.30804,-0.819373,153.007,158.713,155.041,156.274
57.56737017631531,-0.2960846290352941,0.0,0.39502716118904646,3,0.188186,3.0,15991.3,181.226,5.77728,-11.8186,16.879,28.8104,34.2384,38.7651,41.7191,43.2561,44.091,44.8297,45.3617,45.8974,7.41373,6.48616,5.68915,5.06841,4.28328,3.35151,2.5205,1.91209,1.12026,-0.846265,150.799,155.919,153.585,155.56
57.587523221969604,-0.33946023265901953,0.0,0.38849103940554136,3,0.183096,3.0,15865.2,179.357,5.99526,-11.4433,16.9983,28.8251,34.192,38.6675,41.5888,43.1095,43.9355,44.6664,8.3169,6.41191,5.65174,5.13414,4.60372,4.15248,3.5486,2.79976,2.11362,1.60485,0.938656,-0.871553,151.679,153.49,151.493,155.225
57.60406017303467,-0.37871477401885506,0.0,0.3799428970669487,3,0.182644,3.0,15683.7,177.574,6.83483,-11.0693,17.1783,29.0101,34.3572,38.8098,41.7141,43.2253,44.0461,5.79732,5.04499,4.54816,4.17452,3.8757,3.53941,3.2337,2.80199,2.23931,1.70471,1.30006,0.7631,-0.895538,150.796,150.407,148.652,154.613
57.6251745223999,-0.3973997373261861,0.0,0.38249404606354165,3,0.185958,3.0,15463.7,175.862,8.27594,-10.7422,17.4073,29.3309,34.6904,39.1423,42.0418,5.69043,4.30749,3.71992,3.41765,3.1728,2.96807,2.79314,2.58563,2.3884,2.09761,1.70082,1.30906,1.00513,0.594505,-0.918377,148.414,146.659,145.271,153.778
57.645689725875854,-0.40164215490126676,0.0,0.39922112949897665,3,0.192111,3.0,15356.2,174.003,9.82215,-10.0835,17.6741,29.7544,35.1494,39.6163,4.80464,3.02872,2.63282,2.3772,2.22783,2.09876,1.98576,1.88573,1.76328,1.64325,1.46049,1.20119,0.935673,0.724292,0.432855,-0.940283,146.263,142.162,144.016,152.592
57.66545748710632,-0.4058069811920263,0.0,0.41580009907083654,3,0.198274,3.0,15162.8,172.178,11.3294,-9.48662,17.9384,30.1763,35.6067,40.0886,2.16553,1.68059,1.51036,1.38998,1.31618,1.25041,1.19142,1.13817,1.07169,1.00519,0.901633,0.75032,0.590689,0.460703,0.278084,-0.961454,143.625,136.3,142.119,150.911
57.68511462211609,-0.4334265894615153,0.0,0.4073198153666272,3,0.202991,3.0,14927.5,170.433,12.7254,-9.04686,18.1746,30.5332,35.9861,1.70197,0.874549,0.715964,0.653883,0.608149,0.57939,0.553335,0.529639,0.507975,0.480567,0.452802,0.408887,0.343308,0.272528,0.213854,0.130119,-0.981897,139.476,129.207,139.492,149.183
57.70832085609436,-0.4620779224915119,0.0,0.39302807438024107,3,0.204807,3.0,14681.0,168.726,13.668,-8.67285,-1.0,-1.0,-1.0,-1.0,-1.0,-1.0,-1.0,-1.0,-1.0,-1.0,-1.0,-1.0,-1.0,-1.0,-1.0,-1.0,-1.0,-1.0,-1.0,-1.00155,136.414,121.837,136.702,147.39
57.729342460632324,-0.4737485672529538,0.0,0.3872065710002753,3,0.20095,3.0,14427.2,167.437,14.4988,-8.82768,-1.0,-1.0,-1.0,-1.0,-1.0,-1.0,-1.0,-1.0,-1.0,-1.0,-1.0,-1.0,-1.0,-1.0,-1.0,-1.0,-1.0,-1.0,-1.0,-1.02004,126.207,115.136,134.12,145.153
57.750442028045654,-0.48518511699540545,0.0,0.3767030726849656,3,0.188914,3.0,14098.1,166.31,14.4722,-9.26094,-1.0,-1.0,-1.0,-1.0,-1.0,-1.0,-1.0,-1.0,-1.0,-1.0,-1.0,-1.0,-1.0,-1.0,-1.0,-1.0,-1.0,-1.0,-1.0,-1.03674,113.339,112.993,130.87,142.352
57.768471002578735,-0.48898334334544835,0.0,0.36766988814787405,3,0.173123,3.0,13884.1,164.872,13.6779,-9.54872,-1.0,-1.0,-1.0,-1.0,-1.0,-1.0,-1.0,-1.0,-1.0,-1.0,-1.0,-1.0,-1.0,-1.0,-1.0,-1.0,-1.0,-1.0,-1.0,-1.05153,106.757,113.524,129.298,139.813
57.78957390785217,-0.502032899006543,0.0,0.33320692607000996,3,0.15708,3.0,13747.3,163.237,12.7793,-9.72464,-1.0,-1.0,-1.0,-1.0,-1.0,-1.0,-1.0,-1.0,-1.0,-1.0,-1.0,-1.0,-1.0,-1.0,-1.0,-1.0,-1.0,-1.0,-1.0,-1.06444,103.024,116.294,129.092,137.224
57.80508375167847,-0.5074950668384011,0.0,0.28651517873744264,3,0.142548,3.0,14015.0,161.205,11.6771,-9.38645,-1.0,-1.0,-1.0,-1.0,-1.0,-1.0,-1.0,-1.0,-1.0,-1.0,-1.0,-1.0,-1.0,-1.0,-1.0,-1.0,-1.0,-1.0,-1.0,-1.07565,103.618,121.041,133.173,136.401
57.825167417526245,-0.512062105788365,0.0,0.22224613923326975,3,0.131047,3.0,13663.0,159.506,11.1363,-9.45254,-1.0,-1.0,-1.0,-1.0,-1.0,-1.0,-1.0,-1.0,-1.0,-1.0,-1.0,-1.0,-1.0,-1.0,-1.0,-1.0,-1.0,-1.0,-1.0,-1.08542,108.163,125.922,128.306,136.093
57.84889197349548,-0.5164678602551048,0.0,0.0966521718311328,3,0.125334,3.0,13352.1,157.867,11.3046,-9.35956,-1.0,-1.0,-1.0,-1.0,-1.0,-1.0,-1.0,-1.0,-1.0,-1.0,-1.0,-1.0,-1.0,-1.0,-1.0,-1.0,-1.0,-1.0,-1.0,-1.09376,115.366,130.61,121.874,136.458
57.86623167991638,-0.5211424221938848,0.0,0.0,3,0.12716,3.0,13420.8,156.128,12.1246,-8.94227,-1.0,-1.0,-1.0,-1.0,-1.0,-1.0,-1.0,-1.0,-1.0,-1.0,-1.0,-1.0,-1.0,-1.0,-1.0,-1.0,-1.0,-1.0,-1.0,-1.10105,125.174,135.791,121.642,137.393
57.8877158164978,-0.5256422592758387,0.0,0.0,3,0.1354,3.0,13760.1,154.454,13.2301,-8.08571,-1.0,-1.0,-1.0,-1.0,-1.0,-1.0,-1.0,-1.0,-1.0,-1.0,-1.0,-1.0,-1.0,-1.0,-1.0,-1.0,-1.0,-1.0,-1.0,-1.10793,131.951,139.76,127.82,137.902
57.905073404312134,-0.45771071348122017,0.0,0.0,3,0.146091,3.0,13799.1,153.183,14.3978,-7.08563,-1.0,-1.0,-1.0,-1.0,-1.0,-1.0,-1.0,-1.0,-1.0,-1.0,-1.0,-1.0,-1.0,-1.0,-1.0,-1.0,-1.0,-1.0,-1.0,-1.11494,133.514,140.705,129.341,137.331
57.92437553405762,-0.3471074486097694,0.0,0.0,3,0.154026,3.0,13734.8,152.142,15.109,-6.07012,-1.0,-1.0,-1.0,-1.0,-1.0,-1.0,-1.0,-1.0,-1.0,-1.0,-1.0,-1.0,-1.0,-1.0,-1.0,-1.0,-1.0,-1.0,-1.0,-1.12236,133.882,140.61,129.229,136.265
57.94636797904968,-0.2574614876120041,0.0,0.0,3,0.15689,3.0,13633.3,151.32,15.5,-5.45357,-1.0,-1.0,-1.0,-1.0,-1.0,-1.0,-1.0,-1.0,-1.0,-1.0,-1.0,-1.0,-1.0,-1.0,-1.0,-1.0,-1.0,-1.0,-1.0,-1.12999,134.231,140.14,128.646,134.9
57.963475704193115,-0.2088990723132156,0.0117645263671875,0.0,3,0.153763,3.0,13539.5,150.702,15.8512,-5.45521,-1.0,-1.0,-1.0,-1.0,-1.0,-1.0,-1.0,-1.0,-1.0,-1.0,-1.0,-1.0,-1.0,-1.0,-1.0,-1.0,-1.0,-1.0,-1.0,-1.13725,134.486,139.8,128.212,133.502
57.98767447471619,-0.1651757275048426,0.3725433349609375,0.0,3,0.14446,3.0,13486.2,150.207,15.3659,-5.58283,-1.0,-1.0,-1.0,-1.0,-1.0,-1.0,-1.0,-1.0,-1.0,-1.0,-1.0,-1.0,-1.0,-1.0,-1.0,-1.0,-1.0,-1.0,-1.0,-1.14364,134.778,138.917,128.408,132.249
58.00629758834839,-0.10886401108566982,0.9058685302734375,0.0,3,0.133137,3.0,13833.8,149.803,14.5115,-5.70454,-1.0,-1.0,-1.0,-1.0,-1.0,-1.0,-1.0,-1.0,-1.0,-1.0,-1.0,-1.0,-1.0,-1.0,-1.0,-1.0,-1.0,-1.0,-1.0,-1.14914,135.28,138.086,133.496,133.496
58.02564978599548,-0.10887325542094185,0.9999847412109375,0.0,3,0.123565,3.0,14814.7,149.786,13.8413,-5.70719,-1.0,-1.0,-1.0,-1.0,-1.0,-1.0,-1.0,-1.0,-1.0,-1.0,-1.0,-1.0,-1.0,-1.0,-1.0,-1.0,-1.0,-1.0,-1.0,-1.15385,135.765,137.927,142.878,142.878
58.04519319534302,-0.13545693471849277,0.49999237060546875,0.0,3,0.117311,3.0,15351.0,150.175,13.6198,-5.50243,-1.0,-1.0,-1.0,-1.0,-1.0,-1.0,-1.0,-1.0,-1.0,-1.0,-1.0,-1.0,-1.0,-1.0,-1.0,-1.0,-1.0,-1.0,-1.0,-1.15784,135.895,138.355,148.116,148.116
58.06901216506958,-0.2268212210877612,0.9999847412109375,0.0,3,0.111704,3.0,14696.0,150.681,13.6154,-5.2703,-1.0,-1.0,-1.0,-1.0,-1.0,-1.0,-1.0,-1.0,-1.0,-1.0,-1.0,-1.0,-1.0,-1.0,-1.0,-1.0,-1.0,-1.0,-1.0,-1.16113,136.005,138.724,142.148,142.148
58.08932304382324,-0.445020066896081,0.49999237060546875,0.0,3,0.10259,3.0,15014.3,151.245,12.9894,-4.93686,-1.0,-1.0,-1.0,-1.0,-1.0,-1.0,-1.0,-1.0,-1.0,-1.0,-1.0,-1.0,-1.0,-1.0,-1.0,-1.0,-1.0,-1.0,-1.0,-1.16379,136.13,138.574,145.06,145.06
58.10903072357178,-0.5423257527127427,0.9999847412109375,0.0,3,0.0905802,3.0,14412.9,151.726,11.6968,-4.4342,-1.0,-1.0,-1.0,-1.0,-1.0,-1.0,-1.0,-1.0,-1.0,-1.0,-1.0,-1.0,-1.0,-1.0,-1.0,-1.0,-1.0,-1.0,-1.0,-1.16595,135.984,137.954,139.484,139.484
58.1295382976532,-0.5993125145362379,0.49999237060546875,0.0,3,0.0779764,3.0,15091.8,151.998,10.4306,-4.16829,-1.0,-1.0,-1.0,-1.0,-1.0,-1.0,-1.0,-1.0,-1.0,-1.0,-1.0,-1.0,-1.0,-1.0,-1.0,-1.0,-1.0,-1.0,-1.0,-1.16765,135.499,137.175,145.627,145.627
58.14909529685974,-0.6186083708552365,0.9999847412109375,0.0,3,0.0690891,3.0,14831.9,152.189,9.97535,-4.18161,-1.0,-1.0,-1.0,-1.0,-1.0,-1.0,-1.0,-1.0,-1.0,-1.0,-1.0,-1.0,-1.0,-1.0,-1.0,-1.0,-1.0,-1.0,-1.0,-1.16856,135.011,136.904,143.044,143.044
58.165926933288574,-0.6275324490395188,0.49999237060546875,0.0,3,0.063276,3.0,15270.2,152.546,10.0213,-4.00281,-1.0,-1.0,-1.0,-1.0,-1.0,-1.0,-1.0,-1.0,-1.0,-1.0,-1.0,-1.0,-1.0,-1.0,-1.0,-1.0,-1.0,-1.0,-1.0,-1.16857,134.627,136.984,147.3,147.3
58.18360114097595,-0.6262103512405356,0.9999847412109375,0.0,3,0.0568044,3.0,14605.5,152.962,9.94256,-3.72198,-1.0,-1.0,-1.0,-1.0,-1.0,-1.0,-1.0,-1.0,-1.0,-1.0,-1.0,-1.0,-1.0,-1.0,-1.0,-1.0,-1.0,-1.0,-1.0,-1.16772,134.439,137.112,141.342,141.342
58.206502199172974,-0.6250916531029345,0.49999237060546875,0.0,3,0.048248,3.0,15020.7,153.314,9.36626,-3.31945,-1.0,-1.0,-1.0,-1.0,-1.0,-1.0,-1.0,-1.0,-1.0,-1.0,-1.0,-1.0,-1.0,-1.0,-1.0,-1.0,-1.0,-1.0,-1.0,-1.1662,134.428,137.215,145.171,145.171
58.22578501701355,-0.6243130137742063,0.9999847412109375,0.0,3,0.0391304,3.0,14622.6,153.559,8.90114,-3.1512,-1.0,-1.0,-1.0,-1.0,-1.0,-1.0,-1.0,-1.0,-1.0,-1.0,-1.0,-1.0,-1.0,-1.0,-1.0,-1.0,-1.0,-1.0,-1.0,-1.16393,134.561,137.418,141.443,141.443
58.24440288543701,-0.6238362958178421,0.49999237060546875,0.0,3,0.0310776,3.0,15396.1,153.709,8.82607,-3.25116,-1.0,-1.0,-1.0,-1.0,-1.0,-1.0,-1.0,-1.0,-1.0,-1.0,-1.0,-1.0,-1.0,-1.0,-1.0,-1.0,-1.0,-1.0,-1.0,-1.16069,134.693,137.698,148.539,148.539
58.26823329925537,-0.6227589132364592,0.9999847412109375,0.0,3,0.0248067,3.0,14872.4,154.048,9.06687,-3.25599,-1.0,-1.0,-1.0,-1.0,-1.0,-1.0,-1.0,-1.0,-1.0,-1.0,-1.0,-1.0,-1.0,-1.0,-1.0,-1.0,-1.0,-1.0,-1.0,-1.15628,134.808,138.05,143.74,143.74
58.28623676300049,-0.6216751744156579,0.49999237060546875,0.0,3,0.0176555,3.0,15353.0,154.389,9.04271,-3.11145,-1.0,-1.0,-1.0,-1.0,-1.0,-1.0,-1.0,-1.0,-1.0,-1.0,-1.0,-1.0,-1.0,-1.0,-1.0,-1.0,-1.0,-1.0,-1.0,-1.15087,134.988,138.33,147.929,147.929
58.30941700935364,-0.6208107258547843,0.9999847412109375,0.0,3,0.0111667,3.0,14800.6,154.661,8.91482,-2.80964,-1.0,-1.0,-1.0,-1.0,-1.0,-1.0,-1.0,-1.0,-1.0,-1.0,-1.0,-1.0,-1.0,-1.0,-1.0,-1.0,-1.0,-1.0,-1.0,-1.14452,135.296,138.67,143.045,143.045
58.3289635181427,-0.6202481986662746,0.49999237060546875,0.0,3,0.00606411,3.0,15444.6,154.838,9.14987,-2.70669,-1.0,-1.0,-1.0,-1.0,-1.0,-1.0,-1.0,-1.0,-1.0,-1.0,-1.0,-1.0,-1.0,-1.0,-1.0,-1.0,-1.0,-1.0,-1.0,-1.1373,135.499,139.029,148.938,148.938
58.345314502716064,-0.6095861974173722,0.9999847412109375,0.0,3,0.00221127,3.0,14991.1,155.074,9.73353,-2.68956,-1.0,-1.0,-1.0,-1.0,-1.0,-1.0,-1.0,-1.0,-1.0,-1.0,-1.0,-1.0,-1.0,-1.0,-1.0,-1.0,-1.0,-1.0,-1.0,-1.12902,135.622,139.399,144.999,144.999
58.367239236831665,-0.6182269145312905,0.49999237060546875,0.0,3,-0.00301487,3.0,15372.3,155.474,10.0056,-2.52743,-1.0,-1.0,-1.0,-1.0,-1.0,-1.0,-1.0,-1.0,-1.0,-1.0,-1.0,-1.0,-1.0,-1.0,-1.0,-1.0,-1.0,-1.0,-1.0,-1.1197,135.755,139.651,148.452,148.452
58.38945174217224,-0.6171463538301984,0.9999847412109375,0.0,3,-0.0105618,3.0,14794.8,155.814,9.67208,-2.21112,-1.0,-1.0,-1.0,-1.0,-1.0,-1.0,-1.0,-1.0,-1.0,-1.0,-1.0,-1.0,-1.0,-1.0,-1.0,-1.0,-1.0,-1.0,-1.0,-1.10953,135.978,139.811,143.063,143.063
58.405458211898804,-0.616695060831507,0.49999237060546875,0.0,3,-0.0182183,3.0,15445.5,155.956,9.24196,-1.93166,-1.0,-1.0,-1.0,-1.0,-1.0,-1.0,-1.0,-1.0,-1.0,-1.0,-1.0,-1.0,-1.0,-1.0,-1.0,-1.0,-1.0,-1.0,-1.0,-1.09864,136.364,139.976,148.979,148.979
58.42631483078003,-0.606555872959386,0.9999847412109375,0.0,3,-0.0216854,3.0,15101.6,156.043,9.60509,-1.83189,-1.0,-1.0,-1.0,-1.0,-1.0,-1.0,-1.0,-1.0,-1.0,-1.0,-1.0,-1.0,-1.0,-1.0,-1.0,-1.0,-1.0,-1.0,-1.0,-1.08691,136.609,140.407,145.995,145.995
58.44530630111694,-0.606102418835126,0.49999237060546875,0.0,3,-0.0228823,3.0,15742.3,156.188,10.5279,-1.84433,-1.0,-1.0,-1.0,-1.0,-1.0,-1.0,-1.0,-1.0,-1.0,-1.0,-1.0,-1.0,-1.0,-1.0,-1.0,-1.0,-1.0,-1.0,-1.0,-1.07423,136.701,140.815,151.9,151.9
58.468472719192505,-0.6150996447375418,0.49999237060546875,0.0,3,-0.0243762,3.0,15199.1,156.458,11.5279,-1.86781,-1.0,-1.0,-1.0,-1.0,-1.0,-1.0,-1.0,-1.0,-1.0,-1.0,-1.0,-1.0,-1.0,-1.0,-1.0,-1.0,-1.0,-1.0,-1.0,-1.06043,136.75,141.067,147.04,147.04
58.48748540878296,-0.5952866116835921,0.9999847412109375,0.0,3,-0.0279468,3.0,14889.4,156.526,11.5765,-1.50937,-1.0,-1.0,-1.0,-1.0,-1.0,-1.0,-1.0,-1.0,-1.0,-1.0,-1.0,-1.0,-1.0,-1.0,-1.0,-1.0,-1.0,-1.0,-1.0,-1.04582,136.849,141.104,143.919,143.919
58.507710695266724,-0.5376124999411404,0.49999237060546875,0.0,3,-0.0332134,3.0,15399.2,156.809,11.6436,-1.38167,-1.0,-1.0,-1.0,-1.0,-1.0,-1.0,-1.0,-1.0,-1.0,-1.0,-1.0,-1.0,-1.0,-1.0,-1.0,-1.0,-1.0,-1.0,-1.0,-1.03052,137.004,141.116,148.823,148.823
58.526800870895386,-0.474523788425882,0.9999847412109375,0.0,3,-0.0394233,3.0,15117.4,156.981,11.7323,-1.45946,-1.0,-1.0,-1.0,-1.0,-1.0,-1.0,-1.0,-1.0,-1.0,-1.0,-1.0,-1.0,-1.0,-1.0,-1.0,-1.0,-1.0,-1.0,-1.0,-1.01434,137.445,141.355,146.114,146.114
58.54511046409607,-0.3913299019513744,0.49999237060546875,0.0,3,-0.0461939,3.0,15787.7,157.217,11.8702,-1.62153,15.0326,23.5459,29.1378,35.4898,41.0078,44.5153,46.657,48.7157,50.3057,52.0071,53.8319,55.7938,58.8016,62.6743,71.5463,0.234149,0.106562,0.0612148,0.025538,-0.997133,137.968,141.784,152.532,152.532
58.56975793838501,-0.26865495405239365,0.49999237060546875,0.0,3,-0.0526422,3.0,15401.5,157.486,12.2248,-1.89499,14.8417,23.4666,29.2162,35.8199,41.6211,45.3407,47.6239,49.8276,51.5357,53.3692,55.3423,57.4715,60.7515,65.0032,74.8656,107.782,0.868454,0.472097,0.191402,-0.978697,138.645,142.491,149.154,149.154
58.58611249923706,-0.21310682648096851,0.9999847412109375,0.0,3,-0.058986,3.0,15277.3,157.602,12.5771,-2.21251,14.6442,23.405,29.3255,36.2062,42.3241,46.2833,48.7283,51.0983,52.9425,54.9293,57.0754,59.4006,63.0021,67.7059,78.7739,117.378,1.88758,0.946323,0.371624,-0.958998,139.636,143.467,147.672,147.672
58.60573363304138,-0.21287976123377994,0.49999237060546875,0.0,3,-0.0655039,3.0,16066.4,157.807,12.9109,-2.50643,14.4422,23.3512,29.4498,36.625,43.0863,47.3093,49.9339,52.4903,54.4877,56.6477,58.9907,61.5408,65.5141,70.7471,83.2594,129.215,3.45817,1.49739,0.566643,-0.938055,140.708,144.318,154.798,154.798
58.626803159713745,-0.21244002999898046,0.9999847412109375,0.0,3,-0.0716723,3.0,15540.4,158.204,13.1661,-2.61216,14.2512,23.3268,29.6263,37.1381,43.9977,48.5313,51.3688,54.1477,56.3295,58.6992,61.2818,64.1072,68.5402,74.4362,88.8052,145.107,17.2347,2.14042,0.776588,-0.915876,141.579,144.912,149.944,149.944
58.647337675094604,-0.2062448106954495,0.49999237060546875,0.0,3,-0.0782617,3.0,16025.6,158.625,13.1514,-2.58885,14.0658,23.3047,29.8088,37.672,44.9577,49.829,52.9012,55.9272,58.3153,60.9212,63.7762,66.9171,71.8823,78.5584,95.1823,165.574,19.9091,2.90687,1.00101,-0.892639,142.378,145.328,154.332,154.332
58.665366411209106,-0.2114365123699419,0.9999847412109375,0.0,3,-0.0846208,3.0,15340.3,159.11,12.9482,-2.38511,13.8943,23.3169,30.0523,38.3182,46.101,51.3727,54.726,58.0509,60.6901,63.5858,66.7771,70.3112,75.9483,83.6258,103.248,195.241,19.842,3.83012,1.23817,-0.86853,143.081,145.809,148.353,148.353
58.68654131889343,-0.210873833611055,0.9999847412109375,0.0,3,-0.0923689,3.0,15713.9,159.618,12.426,-2.09846,13.7232,23.3007,30.2453,38.8901,47.1559,52.826,56.463,60.0929,62.9912,66.1885,69.7334,73.6853,80.0467,88.8268,111.896,200.0,20.1895,4.93458,1.48962,-0.843726,143.623,146.169,151.766,151.766
58.7066445350647,-0.20443535263061524,0.49999237060546875,0.0,3,-0.102129,3.0,15877.4,160.304,11.6793,-1.85505,13.5454,23.2233,30.3262,39.2761,47.9485,53.9639,57.8512,61.7535,64.8858,68.3582,72.2291,76.5709,83.6188,93.4678,120.038,200.0,21.0096,5.94467,1.7591,-0.818218,144.288,146.543,153.322,153.322
58.726794958114624,-0.20389542500078675,0.9999847412109375,0.0,3,-0.1126,3.0,15293.6,160.805,10.8917,-1.72392,13.3727,23.1364,30.3854,39.6265,48.6981,55.0591,59.2002,63.3816,66.7556,70.5146,74.7283,79.484,87.2708,98.2932,128.881,200.0,21.6684,6.82564,2.04793,-0.791866,144.983,147.046,147.902,147.902
58.7473361492157,-0.19234435437007497,0.9999847412109375,0.0,3,-0.123853,3.0,15845.7,161.253,10.0457,-1.65827,13.2042,23.0353,30.4128,39.921,49.37,56.0649,60.4546,64.9122,68.5276,72.5753,77.1374,82.3183,90.8749,103.147,138.212,200.0,22.2821,7.6076,2.34736,-0.764657,145.581,147.458,152.93,152.93
58.766056537628174,-0.16044961935679114,0.49999237060546875,0.0,3,-0.134138,3.0,16110.3,161.895,9.53197,-1.63526,13.0561,22.9967,30.5505,40.4131,50.3596,57.4967,62.2173,67.0446,70.985,75.4236,80.4608,86.226,95.8538,109.898,151.627,200.0,22.3325,8.24208,2.62361,-0.736401,146.168,148.086,155.552,155.552
58.787123918533325,-0.14076015638733902,0.9999847412109375,0.0,3,-0.129834,3.0,15490.7,162.435,9.19134,-1.65623,12.9259,23.013,30.7882,41.0927,51.6649,59.3652,64.5118,69.8193,74.1857,79.141,84.8126,91.3674,102.468,119.014,170.815,200.0,22.0523,8.75005,2.87663,-0.707731,146.844,148.902,149.838,149.838
58.80506134033203,-0.12680382438854623,0.9999847412109375,0.0,3,-0.121951,3.0,15994.3,162.94,8.75735,-1.70128,12.7981,23.0122,30.9913,41.717,52.9052,61.1742,66.7582,72.5659,77.3814,82.8881,89.246,96.6683,109.423,128.879,193.483,200.0,21.9363,9.20927,3.11237,-0.680548,147.502,149.487,154.411,154.411
58.826754331588745,-0.11346317712012678,0.9999847412109375,0.0,3,-0.114589,3.0,16168.8,163.685,8.35512,-1.71794,12.6754,23.0078,31.1848,42.3304,54.1498,63.0152,69.0655,75.4135,80.7202,86.8374,93.9656,102.377,117.063,140.048,200.0,200.0,21.8686,9.61875,3.33185,-0.654809,148.213,150.089,156.15,156.15
58.84359097480774,-0.10088995623689453,0.49999237060546875,0.0,3,-0.107467,3.0,16302.9,164.467,8.02501,-1.77625,12.5597,23.0116,31.3912,42.9756,55.4704,64.9879,71.5566,78.513,84.38,91.2021,99.2327,108.823,125.87,153.352,200.0,150.807,21.7847,9.97688,3.5358,-0.630402,149.003,150.792,157.454,157.454
58.86584448814392,-0.09289575548953066,0.9999847412109375,0.0,3,-0.100807,3.0,15643.5,165.084,7.60991,-1.86919,12.4487,23.0124,31.5885,43.6098,56.7969,66.9989,74.1211,81.7371,88.2199,95.8274,104.88,115.83,135.681,168.765,200.0,110.291,21.7328,10.2999,3.72611,-0.607295,149.814,151.503,151.312,151.312
58.88370418548584,-0.08173485512379558,0.9999847412109375,0.0,3,-0.0954364,3.0,16159.2,165.629,7.00292,-1.98164,12.3347,22.9688,31.6928,44.0647,57.8327,68.6284,76.2409,84.4508,91.497,99.8343,109.853,122.117,144.76,183.728,200.0,93.0145,21.8592,10.6272,3.90667,-0.585562,150.564,151.994,155.976,155.976
58.90518116950989,-0.07794081605621303,0.9999847412109375,0.0,3,-0.0900372,3.0,16383.7,166.374,6.54032,-2.08588,12.2299,22.9445,31.8297,44.5845,58.996,70.4601,78.6322,87.5291,95.2344,104.436,115.616,129.487,155.652,200.0,200.0,81.2189,21.9073,10.9081,4.07324,-0.565071,151.304,152.63,158.215,158.215
58.926907777786255,-0.0742238960056007,0.9999847412109375,0.0,3,-0.0839031,3.0,16513.3,167.183,6.21815,-2.1335,12.1412,22.9757,32.0743,45.3249,60.5728,72.9174,81.8355,91.6598,100.267,110.667,123.485,139.673,171.096,200.0,200.0,71.2373,21.7687,11.1165,4.22336,-0.545735,152.055,153.462,159.498,159.498
58.94433832168579,-0.07388447911843658,0.9999847412109375,0.0,3,-0.0768455,3.0,16600.7,168.019,6.08059,-2.16604,12.0707,23.0751,32.4562,46.358,62.7189,76.2586,86.2094,97.3386,107.237,119.387,134.654,154.41,194.356,200.0,200.0,62.5591,21.4415,11.2479,4.35614,-0.52755,152.766,154.359,160.356,160.356
58.968111515045166,-0.07353897221535444,0.9999847412109375,0.0,3,-0.0692661,3.0,16666.1,168.87,6.05185,-2.20006,12.0143,23.225,32.9431,47.6319,65.375,80.4459,91.7538,104.641,116.321,130.948,149.796,174.997,200.0,200.0,200.0,55.5381,21.0212,11.3244,4.47387,-0.510506,153.479,155.209,160.996,160.996
58.986114740371704,-0.07317803727194667,0.9999847412109375,0.0,3,-0.0616015,3.0,16675.1,169.759,6.02726,-2.2005,11.9681,23.4046,33.4947,49.0729,68.4363,85.3736,98.3885,113.555,127.617,145.668,169.681,200.0,200.0,200.0,200.0,50.0924,20.586,11.368,4.57894,-0.494611,154.234,156.019,161.121,161.121
59.003828048706055,-0.07281466632217169,0.9999847412109375,0.0,3,-0.0544279,3.0,16678.3,170.654,5.90053,-2.18056,11.9263,23.5827,34.0449,50.5421,71.6537,90.6952,105.708,123.636,140.692,163.222,194.361,200.0,200.0,200.0,200.0,46.0985,20.2119,11.4035,4.67433,-0.479909,155.074,156.794,161.133,161.133
59.025410175323486,-0.07246063339680432,0.9999847412109375,0.0,3,-0.047891,3.0,16719.4,171.526,5.68158,-2.17764,11.8874,23.7501,34.5716,51.9863,74.9235,96.2668,113.552,134.743,155.483,183.789,200.0,200.0,200.0,200.0,146.055,43.1395,19.9043,11.4369,4.76104,-0.466411,155.94,157.536,161.513,161.513
59.048176527023315,-0.07211512649372219,0.9999847412109375,0.0,3,-0.0418246,3.0,16793.8,172.377,5.4245,-2.20349,11.8532,23.915,35.091,53.4389,78.3136,102.217,122.134,147.268,172.663,200.0,200.0,200.0,200.0,200.0,117.041,40.8086,19.6329,11.4625,4.83864,-0.454102,156.796,158.279,162.216,162.216
59.065245151519775,-0.07177489760443569,0.9999847412109375,0.0,3,-0.0359176,3.0,16888.5,173.215,5.18991,-2.26026,11.8267,24.0951,35.6425,54.9926,82.0367,108.946,132.095,162.293,193.988,200.0,200.0,200.0,200.0,200.0,98.6269,38.7975,19.3588,11.4698,4.90613,-0.442943,157.616,159.038,163.128,163.128
59.08536982536316,-0.07143548071727157,0.9999847412109375,0.0,3,-0.0298656,3.0,16981.3,174.051,4.99731,-2.30881,11.8111,24.31,36.2717,56.7659,86.3941,117.078,144.492,181.757,200.0,200.0,200.0,200.0,200.0,200.0,85.1998,36.914,19.0504,11.4493,4.96239,-0.432901,158.425,159.845,164.028,164.028
59.10650444030762,-0.07109443982586265,0.9999847412109375,0.0,3,-0.0233219,3.0,17063.2,174.891,4.89442,-2.33968,11.8107,24.5847,37.0401,58.9306,91.8691,127.701,161.303,200.0,200.0,200.0,200.0,200.0,200.0,170.167,74.3657,35.0199,18.6772,11.3902,5.00579,-0.42398,159.187,160.694,164.824,164.824
59.1270489692688,-0.06153337918105535,0.9999847412109375,0.0,3,-0.0164416,3.0,17136.5,175.735,4.8698,-2.37744,11.8239,24.913,37.9393,61.4967,98.6339,141.527,184.336,200.0,200.0,200.0,200.0,200.0,200.0,128.839,65.6641,33.1922,18.2633,11.3006,5.0374,-0.416177,159.927,161.515,165.535,165.535
59.14852738380432,-0.049992998046275855,0.9999847412109375,0.0,3,-0.00959713,3.0,17177.1,176.601,4.87179,-2.40085,11.8467,25.2726,38.92,64.3652,106.608,158.948,200.0,200.0,200.0,200.0,200.0,200.0,176.521,104.119,58.8756,31.5396,17.848,11.1954,5.05948,-0.409484,160.721,162.323,165.96,165.96
59.1640841960907,-0.04712039226541917,0.9999847412109375,0.0,3,-0.0034526,3.0,17198.3,177.486,4.77906,-2.39842,11.8716,25.6163,39.8672,67.2287,115.074,178.96,200.0,200.0,200.0,200.0,200.0,200.0,136.431,89.0356,53.9355,30.1969,17.4865,11.097,5.07559,-0.403905,161.618,163.097,166.151,166.151
59.186774253845215,-0.04688248773788412,0.9999847412109375,0.0,3,0.00180786,3.0,17244.8,178.357,4.55858,-2.40571,11.8959,25.9264,40.7314,69.9272,123.563,200.0,200.0,200.0,200.0,200.0,200.0,187.1,114.494,79.3278,50.3568,29.1398,17.1859,11.0106,5.08696,-0.399413,162.527,163.817,166.59,166.59
59.20559215545654,-0.041675078302597,0.9999847412109375,0.0,3,0.00642842,3.0,17309.3,179.218,4.26467,-2.42924,11.9222,26.2171,41.5431,72.5271,132.232,200.0,200.0,200.0,200.0,200.0,200.0,151.767,100.416,72.4231,47.5806,28.2587,16.9196,10.9278,5.09261,-0.395985,163.406,164.538,167.205,167.205
59.22503042221069,-0.036798048934936524,0.9999847412109375,0.0,3,0.0106236,3.0,17386.8,180.072,3.96864,-2.47225,11.9526,26.5018,42.3347,75.1133,141.348,200.0,200.0,200.0,200.0,200.0,188.047,129.609,90.3233,67.0939,45.2834,27.48,16.6683,10.8421,5.09186,-0.393578,164.272,165.29,167.95,167.95
59.24511218070984,-0.0343945323578082,0.9999847412109375,0.0,3,0.0145242,3.0,17463.1,180.926,3.67884,-2.50324,11.9879,26.7886,43.1257,77.7423,151.151,200.0,200.0,200.0,200.0,200.0,156.88,114.077,82.5547,62.7493,43.2976,26.7646,16.422,10.7505,5.0847,-0.392123,165.144,166.077,168.691,168.691
59.26712703704834,-0.03421958353168642,0.9999847412109375,0.0,3,0.0183217,3.0,17531.2,181.786,3.42036,-2.51972,12.0303,27.0918,43.9545,80.5426,162.224,200.0,200.0,200.0,200.0,199.259,134.98,102.064,76.0952,58.9606,41.4739,26.0693,16.1674,10.6481,5.07061,-0.391575,165.979,166.874,169.352,169.352
59.286452531814575,-0.029857784923631697,0.9999847412109375,0.0,3,0.0219943,3.0,17595.4,182.65,3.18653,-2.54338,12.0793,27.4091,44.8158,83.5045,174.713,200.0,200.0,200.0,200.0,165.901,118.784,92.5161,70.6521,55.6355,39.7977,25.3959,15.9068,10.5364,5.05004,-0.391903,166.791,167.654,169.973,169.973
59.30683779716492,-0.017276380768703917,0.9999847412109375,0.0,3,0.0254094,3.0,17625.4,183.537,2.96113,-2.54461,12.1327,27.728,45.6759,86.5143,188.297,200.0,200.0,200.0,200.0,143.334,106.701,84.9867,66.1488,52.7866,38.3013,24.7651,15.6498,10.42,5.02403,-0.39306,167.624,168.433,170.285,170.285
59.32810592651367,-0.00713620321802795,0.9999847412109375,0.0,3,0.0280635,3.0,17661.4,184.422,2.70215,-2.52854,12.1835,28.0016,46.4009,89.0697,200.0,200.0,200.0,200.0,187.74,129.369,98.6909,79.7793,62.9105,50.6742,37.1475,24.2535,15.4289,10.3136,4.99549,-0.394988,168.542,169.192,170.618,170.618
59.34626793861389,-0.003046677541195725,0.9999847412109375,0.0,3,0.0297067,3.0,17721.0,185.293,2.37467,-2.52026,12.2275,28.2019,46.9078,90.8171,200.0,200.0,200.0,200.0,172.293,121.689,94.067,76.6702,60.9083,49.3276,36.3789,23.8898,15.259,10.2245,4.96629,-0.397591,169.479,169.904,171.185,171.185
59.36539602279663,-0.0024261482566595074,0.9999847412109375,0.0,3,0.0305211,3.0,17794.3,186.155,1.99407,-2.52447,12.2659,28.34,47.226,91.8295,200.0,200.0,200.0,200.0,164.985,117.819,91.6315,74.9731,59.7689,48.53,35.8945,23.6382,15.1281,10.1488,4.93632,-0.400767,170.385,170.61,171.888,171.888
59.38440680503845,-0.002413472966551781,0.9999847412109375,0.0,3,0.0308472,3.0,17875.5,187.011,1.61302,-2.54251,12.3022,28.4438,47.4348,92.3974,200.0,200.0,200.0,200.0,161.558,115.863,90.3227,74.0132,59.0843,48.023,35.5604,23.4444,15.0158,10.0782,4.90472,-0.40442,171.244,171.341,172.67,172.67
59.40658354759216,-0.002999101818026975,0.9999847412109375,0.0,3,0.0309893,3.0,17954.9,187.865,1.26987,-2.53541,12.3395,28.539,47.6091,92.8076,200.0,200.0,200.0,200.0,159.438,114.547,89.3872,73.2941,58.5454,47.6059,35.2689,23.2634,14.905,10.0059,4.8707,-0.408473,172.083,172.122,173.44,173.44
59.42561864852905,-0.0018591628548440835,0.9999847412109375,0.0,3,0.0311353,3.0,18029.4,188.722,0.990725,-2.53053,12.3799,28.6413,47.7961,93.2458,200.0,200.0,200.0,200.0,157.222,113.165,88.3998,72.5323,57.9716,47.1605,34.9568,23.0691,14.7857,9.92785,4.83392,-0.412859,172.876,172.906,174.162,174.162
59.44731426239014,0.0,0.9999847412109375,0.0,3,0.0312869,3.0,18099.3,189.579,0.777475,-2.53027,12.4227,28.7499,47.994,93.7085,200.0,200.0,200.0,200.0,154.93,111.723,87.366,71.733,57.3691,46.6921,34.6277,22.8636,14.6593,9.84515,4.79487,-0.417519,173.66,173.688,174.85,174.85
59.467195987701416,0.0029535561157017945,0.9999847412109375,0.0,3,0.0313413,3.0,18137.0,190.458,0.602498,-2.49389,12.4662,28.8539,48.1739,94.0877,200.0,200.0,200.0,200.0,153.259,110.595,86.5166,71.0528,56.8374,46.2671,34.3191,22.6641,14.5333,9.76126,4.75446,-0.422398,174.466,174.473,175.211,175.211
59.486207246780396,0.005931699953662853,0.9999847412109375,0.0,3,0.0311987,3.0,18203.1,191.313,0.449971,-2.46097,12.5086,28.943,48.3065,94.2741,200.0,200.0,200.0,199.299,152.883,110.129,86.0664,70.638,56.4723,45.9498,34.0669,22.4867,14.4145,9.67956,4.71353,-0.427448,175.28,175.244,175.84,175.84
59.506267070770264,0.009913804553970696,0.9999847412109375,0.0,3,0.0308186,3.0,18282.0,192.158,0.30929,-2.43873,12.5488,29.0122,48.3795,94.223,200.0,200.0,200.0,198.465,154.109,110.48,86.1086,70.551,56.3137,45.767,33.8865,22.3386,14.3066,9.6018,4.67265,-0.432616,176.087,175.998,176.598,176.598
59.52649760246277,0.016300314246850706,0.9999847412109375,0.0,3,0.0301549,3.0,18367.2,192.996,0.176218,-2.43043,12.5857,29.0559,48.3781,93.8865,200.0,200.0,200.0,197.82,157.418,111.871,86.7712,70.875,56.4133,45.7526,33.7965,22.2286,14.2133,9.53004,4.6325,-0.437842,176.892,176.738,177.418,177.418
59.54358196258545,0.017686844716469446,0.9999847412109375,0.0,3,0.029092,3.0,18453.8,193.83,0.0430535,-2.41937,12.6172,29.0621,48.2706,93.1545,200.0,200.0,200.0,197.404,164.094,114.88,88.38,71.8188,56.899,45.9888,33.8412,22.1756,14.1428,9.46811,4.59407,-0.443064,177.717,177.473,178.258,178.258
59.56515336036682,0.017592277800043424,0.9999847412109375,0.0,3,0.0276253,3.0,18534.4,194.665,-0.117739,-2.39951,12.6426,29.0296,48.0568,92.0417,200.0,200.0,200.0,197.163,175.189,119.856,91.0921,73.4667,57.813,46.4988,34.0305,22.1836,14.0968,9.41698,4.5578,-0.448226,178.536,178.197,179.039,179.039
59.58757781982422,0.017497597629825275,0.9999847412109375,0.0,3,0.0259306,3.0,18610.9,195.501,-0.286618,-2.38742,12.6641,28.9744,47.784,90.7413,200.0,200.0,200.0,196.951,189.134,126.519,94.6699,75.6357,59.0278,47.1936,34.3139,22.2301,14.0664,9.37307,4.52333,-0.453278,179.328,178.932,179.779,179.779
59.605655670166016,0.013242262238413094,0.9999847412109375,0.0,3,0.0241925,3.0,18660.8,196.352,-0.434154,-2.35421,12.6836,28.9131,47.5006,89.4372,200.0,200.0,200.0,196.668,190.805,134.389,98.7717,78.0832,60.3842,47.967,34.633,22.2903,14.042,9.33239,4.49015,-0.458185,180.105,179.691,180.272,180.272
59.624094009399414,0.0065893678473681215,0.9999847412109375,0.0,3,0.0226313,3.0,18724.9,197.192,-0.544921,-2.31494,12.7041,28.8653,47.2616,88.3259,186.132,200.0,200.0,196.231,191.158,142.399,102.778,80.4113,61.6398,48.6651,34.9076,22.3315,14.0109,9.28969,4.45746,-0.46293,180.862,180.482,180.883,180.883
59.64720153808594,0.00038216197863221173,0.9999847412109375,0.0,3,0.0214674,3.0,18800.1,198.021,-0.603318,-2.28454,12.7284,28.8505,47.1194,87.5819,182.198,200.0,199.702,195.579,190.92,148.838,105.829,82.1091,62.5036,49.1112,35.0498,22.3192,13.9601,9.23951,4.42435,-0.467513,181.586,181.289,181.605,181.605
59.66630578041077,-0.0009368775742314755,0.9999847412109375,0.0,3,0.0208642,3.0,18879.4,198.846,-0.598338,-2.26723,12.759,28.8838,47.1132,87.3266,180.502,200.0,198.717,194.676,190.197,151.859,107.081,82.7019,62.7197,49.155,34.987,22.2251,13.8789,9.17721,4.38986,-0.471969,182.283,182.111,182.372,182.372
59.68538212776184,-0.003397236306667328,0.9999847412109375,0.0,4,0.020724,3.0,18956.6,199.664,-0.518789,-2.25549,12.7949,28.9566,47.2178,87.4642,180.52,200.0,197.599,193.579,189.14,151.626,106.703,82.3213,62.3756,48.8559,34.7521,22.0633,13.7727,9.10502,4.35426,-0.476322,182.989,182.928,183.119,183.119
59.70870041847229,-0.00560692522887451,0.9999847412109375,0.0,4,0.0208909,4.0,15355.6,199.915,-0.406259,-2.23756,12.8342,29.0554,47.3959,87.8613,181.668,199.683,196.394,192.356,187.87,149.188,105.238,81.2955,61.6627,48.3322,34.4054,21.8581,13.6507,9.02666,4.31805,-0.480593,183.561,183.581,176.418,176.454
59.72620725631714,-0.007404720968653759,0.9999847412109375,0.0,4,0.0213572,4.0,15329.0,199.648,-0.286263,-2.22982,12.877,29.1806,47.6474,88.5179,200.0,198.428,195.106,191.011,186.387,144.746,102.764,79.6658,60.6035,47.5961,33.9519,21.6105,13.5129,8.94201,4.28107,-0.484812,183.457,183.56,176.033,176.149
59.7474684715271,-0.007418363006726528,0.9999847412109375,0.0,4,0.0220472,4.0,14766.2,199.371,-0.164365,-2.19084,12.9227,29.3262,47.9559,89.3779,200.0,197.128,193.755,189.57,184.711,139.073,99.6433,77.6376,59.3081,46.7128,33.4229,21.3325,13.3635,8.85252,4.24336,-0.489013,183.196,183.354,175.347,175.656
59.76624250411987,-0.005617945936756829,0.9999847412109375,0.0,4,0.0228478,4.0,15258.9,199.62,-0.051445,-2.14445,12.9703,29.4834,48.2963,90.3521,200.0,195.803,192.369,188.072,182.885,133.089,96.3129,75.4656,57.9208,45.7687,32.8603,21.0398,13.2079,8.76017,4.20498,-0.493247,183.101,183.284,181.265,181.265
59.78721356391907,-0.0006213838589191436,0.9999847412109375,0.0,4,0.0236289,4.0,15318.1,200.216,0.0413287,-2.10831,13.0183,29.6408,48.6364,91.3277,198.857,194.475,190.98,186.566,180.971,127.6,93.1924,73.4045,56.5894,44.8548,32.3104,20.7506,13.053,8.66768,4.16625,-0.497539,183.54,183.716,182.007,182.007
59.80630326271057,0.00037511615082621577,0.9999847412109375,0.0,4,0.0241873,4.0,15357.6,200.823,0.111608,-2.08529,13.0638,29.7793,48.9232,92.1139,197.621,193.189,189.649,185.146,179.169,123.573,90.8172,71.7925,55.5173,44.1001,31.8404,20.4926,12.9093,8.57956,4.1279,-0.501899,184.101,184.229,182.48,182.48
59.82535743713379,0.0009221653879930575,0.9999847412109375,0.0,4,0.0244686,4.0,15396.3,201.43,0.12386,-2.07039,13.1061,29.8934,49.1409,92.6501,196.418,191.958,188.396,183.848,177.621,121.069,89.2489,70.6782,54.7391,43.5285,31.464,20.2721,12.7797,8.49701,4.09018,-0.506318,184.68,184.746,182.94,182.94
59.8459689617157,0.0009184163949638605,0.9999847412109375,0.0,4,0.0245621,4.0,15436.7,202.034,0.106389,-2.0549,13.1463,29.9911,49.3115,93.0139,195.234,190.763,187.195,182.633,176.296,119.515,88.192,69.882,54.1497,43.0751,31.1481,20.0757,12.6589,8.41789,4.05276,-0.510792,185.254,185.275,183.418,183.418
59.86649775505066,0.0009146860227609675,0.9999847412109375,0.0,4,0.0245463,4.0,15479.4,202.635,0.0732223,-2.04882,13.1855,30.0794,49.4551,93.2774,194.062,189.588,186.023,181.466,175.117,118.486,87.4179,69.262,53.6646,42.6866,30.8652,19.8922,12.5427,8.34042,4.01535,-0.515315,185.815,185.808,183.924,183.924
59.88558745384216,0.0006098883493213603,0.9999847412109375,0.0,4,0.0244858,4.0,15516.0,203.241,0.0395166,-2.03657,13.2243,30.1641,49.5876,93.5001,192.891,188.418,184.86,180.316,173.998,117.663,86.7537,68.7098,53.2194,42.3228,30.5946,19.7133,12.4279,8.26335,3.97782,-0.519872,186.371,186.351,184.362,184.362
59.906187534332275,0.0,0.9999847412109375,0.0,4,0.0244109,4.0,15560.3,203.839,0.0110229,-2.02309,13.2631,30.248,49.7174,93.7103,191.718,187.248,183.698,179.169,172.895,116.895,86.1189,68.1748,52.7843,41.9648,30.3264,19.5348,12.3131,8.18605,3.9401,-0.52446,186.925,186.9,184.884,184.884
59.92712473869324,0.0,0.9999847412109375,0.0,4,0.0243661,4.0,15608.6,204.432,-0.0122177,-2.01806,13.3026,30.3352,49.856,93.9513,190.537,186.067,182.522,178.004,171.741,115.975,85.3981,67.5853,52.3153,41.5849,30.0465,19.3512,12.196,8.10764,3.90206,-0.529071,187.471,187.451,185.456,185.456
59.94441246986389,0.0,0.9999847412109375,0.0,4,0.0243651,4.0,15658.8,205.023,-0.0222117,-2.02205,13.343,30.427,50.0069,94.2352,189.346,184.872,181.33,176.814,170.521,114.838,84.5612,66.9224,51.8012,41.1762,29.751,19.1609,12.076,8.02785,3.86365,-0.533706,188.013,188.003,186.053,186.053
59.96537494659424,0.0,0.9999847412109375,0.0,4,0.0243861,4.0,15706.7,205.615,-0.0254634,-2.02531,13.3838,30.5215,50.1644,94.5417,188.149,183.669,180.127,175.609,169.26,113.592,83.662,66.2196,51.2638,40.7522,29.4472,18.9667,11.9542,7.94719,3.82497,-0.538366,188.558,188.555,186.623,186.623
59.98536396026611,0.0,0.9999847412109375,0.0,4,0.0244185,4.0,15751.5,206.207,-0.0255314,-2.01996,13.4249,30.6173,50.3255,94.8602,186.946,182.46,178.917,174.395,167.973,112.293,82.7353,65.4992,50.7144,40.3204,29.1391,18.7706,11.8316,7.86605,3.78613,-0.543039,189.105,189.104,187.158,187.158
60.003939628601074,0.0,0.9999847412109375,0.0,4,0.0244557,4.0,15795.1,206.8,-0.0242601,-2.01554,13.4663,30.7142,50.4887,95.185,185.738,181.246,177.701,173.175,166.667,110.97,81.7921,64.7679,50.1588,39.8843,28.8283,18.573,11.7082,7.78443,3.74708,-0.547735,189.648,189.65,187.676,187.676
60.02506232261658,0.0,0.9999847412109375,0.0,4,0.0244967,4.0,15832.1,207.397,-0.0224109,-2.00037,13.5079,30.8117,50.6536,95.5146,184.526,180.027,176.481,171.95,165.342,109.629,80.8401,64.0305,49.5985,39.4448,28.5154,18.3742,11.5841,7.70239,3.70786,-0.552453,190.193,190.195,188.119,188.119
60.04523777961731,0.0021047804526363807,0.9999847412109375,0.0,4,0.0245368,4.0,15873.9,207.988,-0.020638,-1.98256,13.5496,30.9095,50.8188,95.8451,183.31,178.805,175.257,170.72,164.001,108.294,79.8888,63.293,49.0379,39.005,28.2021,18.1751,11.4598,7.6202,3.66855,-0.55718,190.738,190.74,188.613,188.613
60.06649303436279,0.0038362577648460867,0.9999847412109375,0.0,4,0.0245106,4.0,15917.5,208.577,-0.0164008,-1.96816,13.5905,31.001,50.9663,96.1111,182.099,177.593,174.049,169.518,162.774,107.249,79.0972,62.6553,48.5365,38.6024,27.908,17.9838,11.3384,7.53917,3.62938,-0.56192,191.286,191.274,189.13,189.13
60.08633852005005,0.003820361856470505,0.9999847412109375,0.0,4,0.0243341,4.0,15962.0,209.163,-0.0254204,-1.9589,13.6293,31.0779,51.073,96.23,180.904,176.409,172.883,168.384,161.824,106.856,78.6573,62.2378,48.1671,38.2829,27.657,17.8102,11.2238,7.46099,3.59064,-0.566668,191.841,191.797,189.659,189.659
60.10565996170044,0.0038044659480949245,0.9999847412109375,0.0,4,0.0240418,4.0,16006.7,209.749,-0.0536435,-1.95042,13.6662,31.1431,51.1474,96.2336,179.722,175.247,171.746,167.301,161.034,106.974,78.4922,61.9917,47.9006,38.0285,27.4402,17.6507,11.1149,7.38536,3.55243,-0.571399,192.395,192.324,190.19,190.19
60.126853942871094,0.0037886242919663586,0.9999847412109375,0.0,4,0.0237004,4.0,16051.0,210.333,-0.0844942,-1.94392,13.7023,31.2029,51.2077,96.189,178.542,174.091,170.62,166.234,160.257,107.322,78.4466,61.8186,47.6765,37.8007,27.2372,17.4973,11.0085,7.31089,3.51453,-0.57611,192.939,192.855,190.717,190.717
60.147366523742676,0.003772782635837793,0.9999847412109375,0.0,4,0.0233428,4.0,16094.6,210.917,-0.111374,-1.94133,13.7379,31.2605,51.2623,96.1269,177.36,172.935,169.493,165.168,159.45,107.762,78.4443,61.6709,47.4672,37.5821,27.0392,17.3461,10.9033,7.23705,3.47686,-0.580796,193.477,193.388,191.237,191.237
60.16646122932434,0.0012005275791417808,0.9999847412109375,0.0,4,0.0229847,4.0,16134.9,211.503,-0.131956,-1.9336,13.7731,31.3173,51.3154,96.0627,176.175,171.775,168.363,164.097,158.603,108.226,78.4499,61.5267,47.2598,37.3648,26.8423,17.1957,10.7986,7.16371,3.43948,-0.585445,194.015,193.925,191.715,191.715
60.18415641784668,0.0,0.9999847412109375,0.0,4,0.0227353,4.0,16177.8,212.085,-0.149925,-1.9277,13.8096,31.3839,51.397,96.1016,174.971,170.587,167.197,162.973,157.615,108.195,78.1912,61.219,46.9558,37.0873,26.6147,17.0333,10.6897,7.08872,3.40199,-0.590061,194.539,194.471,192.224,192.224
60.20563983917236,-0.00034456909986212847,0.9999847412109375,0.0,4,0.0226495,4.0,16221.2,212.666,-0.140654,-1.92426,13.8483,31.4661,51.5221,96.2965,173.742,169.362,165.981,161.773,156.45,107.387,77.526,60.6621,46.5054,36.719,26.3406,16.8522,10.5737,7.01087,3.36412,-0.594657,195.055,195.023,192.74,192.74
60.226539850234985,-0.0005673326231539249,0.9999847412109375,0.0,4,0.022659,4.0,16264.7,213.245,-0.114952,-1.92335,13.8882,31.5575,51.6728,96.5826,172.496,168.113,164.734,160.528,155.185,106.128,76.6259,59.9618,45.971,36.2984,26.0401,16.6606,10.4537,6.9314,3.32604,-0.599241,195.576,195.568,193.256,193.256
60.24427533149719,-0.0005649306225776672,0.9999847412109375,0.0,4,0.022741,4.0,16308.0,213.824,-0.0885428,-1.92459,13.9292,31.656,51.8431,96.9381,171.236,166.846,163.464,159.249,153.841,104.538,75.5536,59.1564,45.3755,35.84,25.7202,16.4611,10.3307,6.85075,3.28782,-0.603817,196.099,196.109,193.772,193.772
60.266337394714355,-0.0005625369190673033,0.9999847412109375,0.0,4,0.0228745,4.0,16351.1,214.401,-0.0579821,-1.92736,13.971,31.7599,52.0284,97.3464,169.966,165.563,162.175,157.943,152.429,102.723,74.3621,58.2769,44.7352,35.3532,25.3853,16.2554,10.2052,6.76887,3.24928,-0.60841,196.624,196.647,194.284,194.284
60.285107135772705,-0.0005601432155569394,0.9999847412109375,0.0,4,0.0230243,4.0,16393.8,214.978,-0.0308458,-1.93082,14.0132,31.8659,52.2189,97.7722,168.689,164.274,160.877,156.625,150.983,100.855,73.1401,57.3779,44.0835,34.859,25.0463,16.0477,10.0787,6.68654,3.2106,-0.613017,197.152,197.18,194.791,194.791
60.308104276657104,-0.0005577578091124693,0.9999847412109375,0.0,4,0.0231768,4.0,16436.2,215.553,-0.00912612,-1.93429,14.0557,31.9725,52.411,98.2033,167.407,162.98,159.575,155.302,149.512,98.993,71.9211,56.4797,43.4307,34.3637,24.7064,15.8393,9.95186,6.60388,3.17175,-0.617643,197.68,197.71,195.295,195.295
60.326451539993286,0.0,0.9999847412109375,0.0,4,0.0233251,4.0,16478.3,216.128,0.0071308,-1.93721,14.0982,32.0793,52.6028,98.6325,166.122,161.682,158.27,153.976,148.019,97.1691,70.7189,55.591,42.7833,33.8712,24.3676,15.6311,9.82481,6.52106,3.13279,-0.622287,198.209,198.238,195.796,195.796
60.34522199630737,0.0011554613113962113,0.9999847412109375,0.0,4,0.0234324,4.0,16520.2,216.702,0.0199646,-1.93925,14.1403,32.1824,52.7842,99.0232,164.839,160.39,156.972,152.665,146.555,95.5297,69.6115,54.7597,42.1697,33.3995,24.039,15.4267,9.69909,6.43866,3.09378,-0.626952,198.742,198.761,196.294,196.294
60.36619234085083,0.0019671512995846573,0.9999847412109375,0.0,4,0.0234572,4.0,16562.0,217.274,0.0220205,-1.94338,14.1814,32.2775,52.943,99.3327,163.563,159.111,155.695,151.386,145.198,94.2307,68.6857,54.0402,41.6212,32.9683,23.7311,15.2305,9.57633,6.35741,3.05487,-0.631635,199.276,199.278,196.791,196.791
60.38397717475891,0.0019586736046088237,0.9999847412109375,0.0,4,0.0233819,4.0,16604.0,217.846,0.0124885,-1.95172,14.2212,32.3629,53.0745,99.5437,162.296,157.849,154.442,150.149,143.993,93.3274,67.9678,53.4486,41.1477,32.5836,23.4468,15.0438,9.45708,6.27751,3.01608,-0.636338,199.811,199.791,197.289,197.289
60.406747579574585,0.0019502255519231158,0.9999847412109375,0.0,4,0.0232379,4.0,16645.9,218.416,-0.00788851,-1.95837,14.26,32.4414,53.1866,99.6855,161.035,156.598,153.205,148.938,142.892,92.6889,67.3895,52.9428,40.7251,32.2307,23.1788,14.8635,9.34023,6.19859,2.97742,-0.64105,200.344,200.308,197.788,197.788
60.424437284469604,0.001941836783817659,0.9999847412109375,0.0,4,0.0230662,4.0,16691.1,218.982,-0.028922,-1.97204,14.2983,32.517,53.2907,99.799,159.774,155.348,151.972,147.735,141.819,92.1533,66.8632,52.4686,40.3214,31.8895,22.9168,14.6856,9.22434,6.12009,2.93883,-0.64576,200.871,200.827,198.324,198.324
60.446616888046265,0.001130774115677923,0.9999847412109375,0.0,4,0.0228879,4.0,16732.9,219.55,-0.0462561,-1.98416,14.3365,32.5917,53.3925,99.905,158.51,154.096,150.737,146.531,140.742,91.6384,66.3476,52.0009,39.921,31.5504,22.656,14.5084,9.10875,6.04176,2.90031,-0.650462,201.394,201.348,198.822,198.822
60.467363357543945,0.0,0.9999847412109375,0.0,4,0.0227458,4.0,16773.7,220.118,-0.0602582,-1.99291,14.3751,32.6698,53.504,100.046,157.237,152.833,149.488,145.308,139.606,90.972,65.7527,51.4841,39.4918,31.1933,22.386,14.3274,8.9918,5.96289,2.86174,-0.655158,201.913,201.873,199.307,199.307
60.48638844490051,0.0,0.9999847412109375,0.0,4,0.0226838,4.0,16813.8,220.684,-0.0630297,-1.99767,14.415,32.7561,53.638,100.267,155.949,151.549,148.212,144.045,138.359,89.9796,64.9861,50.8621,39.0005,30.7976,22.0961,14.1385,8.87179,5.88275,2.82297,-0.65985,202.426,202.404,199.783,199.783
60.50548791885376,0.0,0.9999847412109375,0.0,4,0.0226843,4.0,16854.0,221.25,-0.0526699,-2.01305,14.4557,32.8487,53.7899,100.552,154.648,150.249,146.916,142.751,137.024,88.7362,64.0883,50.1596,38.4617,30.3722,21.791,13.9434,8.74933,5.80156,2.78401,-0.664543,202.934,202.927,200.261,200.261
60.52432703971863,0.0,0.9999847412109375,0.0,4,0.0227105,4.0,16894.6,221.813,-0.0392217,-2.02699,14.4969,32.9442,53.9492,100.862,153.34,148.939,145.608,141.443,135.647,87.3917,63.1378,49.4246,37.9042,29.9351,21.4797,13.7455,8.62581,5.71988,2.74494,-0.669243,203.448,203.448,200.743,200.743
60.54806661605835,0.0,0.9999847412109375,0.0,4,0.0227434,4.0,16942.1,222.368,-0.0272178,-2.04979,14.5383,33.0404,54.1107,101.18,152.027,147.624,144.295,140.128,134.247,86.0241,62.1746,48.6818,37.3413,29.4945,21.1666,13.547,8.50192,5.63801,2.70581,-0.673948,203.963,203.966,201.305,201.305
60.56630563735962,0.0,0.9999847412109375,0.0,4,0.0227792,4.0,16982.9,222.928,-0.017229,-2.07458,14.5797,33.1371,54.2733,101.501,150.71,146.304,142.977,138.808,132.829,84.6487,61.2072,47.9361,36.7769,29.0529,20.8529,13.3481,8.37788,5.55605,2.66664,-0.678656,204.475,204.479,201.793,201.793
60.58653283119202,0.0,0.9999847412109375,0.0,4,0.0228116,4.0,17022.3,223.486,-0.00981035,-2.09247,14.6213,33.2338,54.4355,101.82,149.388,144.982,141.656,137.485,131.398,83.2851,60.2441,47.1925,36.2136,28.6116,20.539,13.1488,8.25351,5.47385,2.62734,-0.683383,204.99,204.994,202.262,202.262
60.60551643371582,0.0,0.9999847412109375,0.0,4,0.0228412,4.0,17061.1,224.044,-0.00456632,-2.10327,14.6628,33.3303,54.5971,102.136,148.064,143.656,140.333,136.16,129.949,81.9343,59.2889,46.4535,35.6523,28.1715,20.2256,12.9497,8.12915,5.39161,2.588,-0.688115,205.505,205.507,202.723,202.723
60.62539005279541,0.0,0.9999847412109375,0.0,4,0.0228669,4.0,17099.7,224.6,-0.000996412,-2.12116,14.7045,33.4268,54.758,102.45,146.735,142.327,139.006,134.832,128.479,80.5953,58.3383,45.7168,35.0923,27.7318,19.9121,12.7502,8.00445,5.30912,2.54851,-0.692866,206.012,206.014,203.182,203.182
60.64739680290222,0.0014406801315148673,0.9999847412109375,0.0,4,0.0228888,4.0,17139.0,225.154,0.00132229,-2.14329,14.7462,33.5232,54.9187,102.761,145.404,140.995,137.677,133.502,126.975,79.269,57.3925,44.9825,34.5332,27.2924,19.5984,12.5504,7.87952,5.22643,2.50892,-0.697631,206.52,206.522,203.648,203.648
60.665220499038696,0.003983528798231855,0.9999847412109375,0.0,4,0.0228712,4.0,17185.9,225.701,0.00344896,-2.17099,14.7874,33.6156,55.0679,103.032,144.073,139.667,136.355,132.185,125.532,78.0776,56.5187,44.2921,33.9993,26.8686,19.2926,12.3538,7.75568,5.14415,2.46935,-0.702405,207.033,207.027,204.192,204.192
60.68534016609192,0.004625834080080191,0.9999847412109375,0.0,4,0.0227005,4.0,17229.7,226.248,-0.00099698,-2.21401,14.8262,33.6917,55.1722,103.144,142.76,138.367,135.071,130.932,124.501,77.404,55.9151,43.7676,33.5635,26.506,19.0184,12.1701,7.63692,5.06406,2.43018,-0.707174,207.551,207.513,204.727,204.727
60.70513916015625,0.0046052751497675974,0.9999847412109375,0.0,4,0.0223433,4.0,17267.1,226.798,-0.0330959,-2.24259,14.8619,33.7476,55.2214,103.062,141.468,137.101,133.834,129.754,123.789,77.3665,55.6408,43.4444,33.246,26.2173,18.7825,12.0022,7.52452,4.9868,2.3916,-0.71192,208.079,207.999,205.171,205.171
60.72538471221924,0.005289027633260315,0.9999847412109375,0.0,4,0.0218827,4.0,17304.5,227.347,-0.0785882,-2.2607,14.8956,33.7918,55.2387,102.872,140.187,135.851,132.621,128.614,123.085,77.7032,55.5545,43.2343,32.9948,25.9699,18.5681,11.8435,7.41599,4.9114,2.35354,-0.71663,208.599,208.491,205.616,205.616
60.744994163513184,0.005265396844424927,0.9999847412109375,0.0,4,0.0213863,4.0,17341.6,227.895,-0.120987,-2.28038,14.9283,33.831,55.2442,102.645,138.906,134.605,131.412,127.48,122.305,78.1991,55.5415,43.0667,32.7672,25.7375,18.3618,11.6887,7.30944,4.83715,2.31594,-0.721289,209.103,208.986,206.057,206.057
60.76546049118042,0.005241895421221852,0.9999847412109375,0.0,4,0.0208923,4.0,17379.5,228.44,-0.153746,-2.31119,14.9605,33.8693,55.2485,102.419,137.621,133.353,130.198,126.338,121.446,78.7258,55.535,42.9008,32.5405,25.5059,18.1566,11.5351,7.20387,4.76365,2.27878,-0.725892,209.601,209.484,206.508,206.508
60.784173011779785,0.004523637506489953,0.9999847412109375,0.0,4,0.0204083,4.0,17421.1,228.982,-0.17649,-2.34093,14.9922,33.9072,55.2535,102.201,136.33,132.095,128.976,125.184,120.525,79.2599,55.5235,42.7303,32.3117,25.2736,17.9519,11.3826,7.09939,4.69104,2.24213,-0.730426,210.1,209.986,206.985,206.985
60.80564641952515,0.005195668768609564,0.9999847412109375,0.0,4,0.0199239,4.0,17473.0,229.512,-0.194904,-2.40566,15.0233,33.9435,55.2561,101.981,135.036,130.833,127.749,124.024,119.567,79.8442,55.5275,42.5675,32.0872,25.0446,17.75,11.2322,6.99645,4.61954,2.20607,-0.734884,210.592,210.478,207.619,207.619
60.82517170906067,0.005174625292420388,0.9999847412109375,0.0,4,0.0194403,4.0,17508.1,230.055,-0.208183,-2.44781,15.0536,33.9781,55.2562,101.759,133.738,129.567,126.518,122.857,118.579,80.4777,55.5482,42.4131,31.8677,24.8196,17.5511,11.0841,6.89514,4.54922,2.17063,-0.739264,211.091,210.976,208.037,208.037
60.84510016441345,0.005174625292420388,0.9999847412109375,0.0,4,0.0189578,4.0,17544.1,230.595,-0.217311,-2.47473,15.0832,34.0112,55.2541,101.535,132.435,128.296,125.281,121.683,117.566,81.1655,55.5847,42.2666,31.6533,24.5984,17.3554,10.9384,6.79557,4.48014,2.13585,-0.743562,211.59,211.475,208.465,208.465
60.86754846572876,0.005174625292420388,0.9999847412109375,0.0,4,0.018479,4.0,17579.8,231.134,-0.223305,-2.49774,15.1122,34.043,55.2505,101.312,131.128,127.02,124.039,120.502,116.528,81.9006,55.6325,42.1256,31.4424,24.3805,17.1626,10.7951,6.69774,4.41234,2.10174,-0.747773,212.083,211.969,208.888,208.888
60.88685989379883,0.005174625292420388,0.9999847412109375,0.0,4,0.0180175,4.0,17616.3,231.671,-0.22578,-2.53855,15.1406,34.0748,55.2489,101.103,129.814,125.737,122.789,119.308,115.463,82.6237,55.6673,41.9757,31.2273,24.161,16.9703,10.6532,6.60128,4.34562,2.06826,-0.751901,212.568,212.458,209.322,209.322
60.90734100341797,0.005174625292420388,0.9999847412109375,0.0,4,0.0175654,4.0,17654.0,232.206,-0.224946,-2.57202,15.1684,34.1058,55.2474,100.9,128.496,124.448,121.531,118.106,114.377,83.3722,55.7026,41.8255,31.013,23.9433,16.7805,10.5137,6.50666,4.28028,2.03552,-0.755935,213.059,212.953,209.769,209.769
60.92511510848999,0.005174625292420388,0.9999847412109375,0.0,4,0.0171062,4.0,17712.3,232.722,-0.227352,-2.65878,15.1952,34.1341,55.2409,100.686,127.174,123.157,120.272,116.9,113.282,84.2251,55.7764,41.696,30.8107,23.7339,16.596,10.3775,6.41416,4.21636,2.00349,-0.759883,213.542,213.436,210.464,210.464
60.943841218948364,0.005174625292420388,0.9999847412109375,0.0,4,0.0166346,4.0,17745.4,233.257,-0.230791,-2.71581,15.2211,34.1594,55.2284,100.458,125.851,121.864,119.01,115.693,112.181,85.2215,55.9009,41.5936,30.6243,23.5352,16.4183,10.2453,6.32408,4.15402,1.9722,-0.76374,214.034,213.924,210.858,210.858
60.96568965911865,0.005174625292420388,0.9999847412109375,0.0,4,0.0161568,4.0,17779.7,233.789,-0.23362,-2.75174,15.2461,34.1823,55.2112,100.22,124.524,120.567,117.746,114.483,111.071,86.3433,56.0649,41.5117,30.4502,23.3449,16.2462,10.1166,6.23623,4.0932,1.94167,-0.767505,214.527,214.415,211.266,211.266
60.98406410217285,0.005174625292420388,0.9999847412109375,0.0,4,0.0156781,4.0,17813.9,234.32,-0.235594,-2.77599,15.2702,34.203,55.1908,99.9783,123.193,119.267,116.478,113.267,109.951,87.5749,56.2632,41.4473,30.2858,23.1617,16.0791,9.9913,6.15064,4.03392,1.91191,-0.771175,215.015,214.903,211.672,211.672
61.00597023963928,0.005174625292420388,0.9999847412109375,0.0,4,0.0152089,4.0,17848.8,234.848,-0.235762,-2.8069,15.2937,34.2231,55.1705,99.7426,121.857,117.962,115.203,112.042,108.815,88.8638,56.4684,41.3848,30.1234,22.9809,15.9147,9.86835,6.06684,3.97596,1.88285,-0.774755,215.496,215.386,212.086,212.086
61.026448488235474,0.005174625292420388,0.9999847412109375,0.0,4,0.0147464,4.0,17885.0,235.374,-0.233846,-2.82568,15.3164,34.2419,55.149,99.5094,120.516,116.65,113.922,110.811,107.666,90.2331,56.6901,41.3295,29.9663,22.8046,15.754,9.74829,5.9851,3.91947,1.85455,-0.77824,215.981,215.873,212.515,212.515
61.04607391357422,0.005174625292420388,0.9999847412109375,0.0,4,0.0142781,4.0,17933.9,235.888,-0.234153,-2.87222,15.3382,34.2582,55.1234,99.2685,119.172,115.336,112.638,109.576,106.511,91.7676,56.9595,41.298,29.822,22.6371,15.5993,9.632,5.90573,3.86456,1.82703,-0.78163,216.46,216.351,213.096,213.096
61.06756043434143,0.005174625292420388,0.9999847412109375,0.0,5,0.0138013,4.0,17969.7,236.411,-0.235784,-2.90486,15.359,34.2718,55.0924,99.0161,117.825,114.02,111.352,108.338,105.351,93.5059,57.2878,41.2957,29.6943,22.4807,15.4515,9.51981,5.82889,3.81133,1.80032,-0.784923,216.941,216.83,213.523,213.523
61.08384585380554,0.005174625292420388,0.9999847412109375,0.0,5,0.0133235,5.0,16104.2,236.451,-0.233663,-2.92446,15.3789,34.2833,55.058,98.8192,116.475,112.7,110.063,107.096,104.183,95.4214,57.6602,41.3139,29.5786,22.3327,15.3095,9.41135,5.75446,3.75975,1.77441,-0.788116,217.29,217.179,208.718,208.61
61.10445952415466,0.005174625292420388,0.9999847412109375,0.0,5,0.0128276,5.0,16073.2,236.085,-0.232369,-2.93171,15.3976,34.2908,55.0157,120.094,115.128,111.384,108.778,105.859,103.019,97.1119,58.1289,41.3798,29.4882,22.201,15.1771,9.30839,5.68325,3.7102,1.74946,-0.791196,217.088,216.974,208.306,208.19
61.126163721084595,0.005174625292420388,0.9999847412109375,0.0,5,0.0122949,5.0,15689.0,235.706,-0.237543,-2.93095,15.4147,34.2923,54.9598,118.735,113.787,110.076,107.501,104.632,101.865,96.7331,58.7539,41.5216,29.4376,22.0935,15.0581,9.21215,5.61566,3.66288,1.72548,-0.794165,216.761,216.639,207.695,207.424
61.145143032073975,0.005174625292420388,0.9999847412109375,0.0,5,0.0117289,5.0,16055.6,235.823,-0.249912,-2.91941,15.4303,34.2882,54.8919,117.378,112.45,108.773,106.231,103.412,100.719,96.0588,59.5418,41.7396,29.4259,22.0095,14.9521,9.12252,5.55171,3.61779,1.70249,-0.797021,216.58,216.45,212.334,212.334
61.16370868682861,0.004485584795475006,0.9999847412109375,0.0,5,0.0111749,5.0,16088.5,236.241,-0.259477,-2.91198,15.4451,34.2832,54.824,116.016,111.109,107.465,104.955,102.184,99.561,95.2381,60.3717,41.9717,29.4219,21.9313,14.8507,9.03633,5.49016,3.57441,1.68037,-0.799766,216.872,216.743,212.795,212.795
61.18378686904907,0.0038457546383142472,0.9999847412109375,0.0,5,0.0106832,5.0,16111.4,236.665,-0.263436,-2.90524,15.4599,34.2827,54.7703,114.647,109.757,106.143,103.663,100.936,98.3729,94.2961,61.0852,42.1424,29.3875,21.8378,14.7442,8.95008,5.42972,3.53218,1.65903,-0.802404,217.243,217.127,213.099,213.099
61.205376863479614,0.0022215262055397035,0.9999847412109375,0.0,5,0.0102641,5.0,16134.6,237.088,-0.25173,-2.89862,15.4751,34.2878,54.7338,113.269,108.392,104.806,102.352,99.6642,97.154,93.2629,61.6286,42.2284,29.3137,21.7244,14.6306,8.8627,5.36993,3.49084,1.63836,-0.804946,217.618,217.519,213.405,213.405
61.22497797012329,0.0010401908308267595,0.9999847412109375,0.0,5,0.00996464,5.0,16159.5,237.509,-0.23591,-2.89643,15.4914,34.3035,54.7269,111.878,107.01,103.447,101.015,98.3592,95.8907,92.1294,61.8292,42.1532,29.1641,21.5713,14.5009,8.77111,5.3096,3.4499,1.61826,-0.807396,217.988,217.915,213.732,213.732
61.24634528160095,0.00030174851417541504,0.9999847412109375,0.0,5,0.00981539,5.0,16186.3,237.927,-0.201845,-2.90156,15.5094,34.3332,54.7583,110.472,105.607,102.061,99.6466,97.0143,94.5751,90.8929,61.559,41.8615,28.9129,21.3644,14.3487,8.6726,5.24757,3.40875,1.59852,-0.809773,218.353,218.314,214.086,214.086
61.26585674285889,0.0,0.9999847412109375,0.0,5,0.00978726,5.0,16215.1,238.342,-0.159309,-2.91438,15.5289,34.3744,54.8211,109.053,104.186,100.653,98.2519,95.6374,93.2183,89.5802,60.899,41.3925,28.5801,21.1146,14.1784,8.5684,5.18409,3.36735,1.57902,-0.812099,218.72,218.71,214.466,214.466
61.28612518310547,0.0,0.9999847412109375,0.0,5,0.00982493,5.0,16245.0,238.756,-0.113169,-2.93615,15.5491,34.4218,54.9005,107.625,102.754,99.2313,96.8419,94.2419,91.8383,88.2275,60.0345,40.8316,28.2047,20.8424,13.9989,8.46159,5.12004,3.32596,1.55972,-0.814388,219.093,219.099,214.861,214.861
61.30656671524048,0.0,0.9999847412109375,0.0,5,0.00987595,5.0,16274.3,239.169,-0.075037,-2.95939,15.5693,34.47,54.983,106.192,101.317,97.8049,95.4267,92.8411,90.4524,86.8663,59.1386,40.2579,27.8249,20.5688,13.8195,8.35522,5.05648,3.28495,1.54063,-0.816651,219.472,219.483,215.249,215.249
61.32599377632141,0.0,0.9999847412109375,0.0,5,0.00992077,5.0,16302.4,239.582,-0.0473181,-2.97852,15.5893,34.5173,55.0632,104.755,99.8774,96.3765,94.01,91.4394,89.0665,85.5078,58.2734,39.6994,27.4528,20.2997,13.6424,8.25002,4.9935,3.24427,1.52168,-0.818898,219.854,219.864,215.622,215.622
61.34538412094116,0.0,0.9999847412109375,0.0,5,0.00995415,5.0,16329.9,239.995,-0.028623,-2.99317,15.609,34.5633,55.1401,103.314,98.4352,94.9466,92.5925,90.0378,87.682,84.1547,57.4497,39.1606,27.0904,20.0361,13.468,8.14593,4.93099,3.20384,1.50281,-0.821138,220.236,220.244,215.986,215.986
61.36643314361572,0.0,0.9999847412109375,0.0,5,0.00997704,5.0,16357.0,240.406,-0.016764,-3.00392,15.6286,34.6081,55.2141,101.87,96.9906,93.5151,91.1739,88.636,86.2985,82.806,56.6622,38.6383,26.7359,19.7768,13.2956,8.04251,4.86872,3.1635,1.48395,-0.823379,220.617,220.622,216.345,216.345
61.385507106781006,0.00030174851417541504,0.9999847412109375,0.0,5,0.00999134,5.0,16383.8,240.817,-0.00951483,-3.01126,15.648,34.6521,55.2858,100.422,95.5431,92.0815,89.7539,87.2335,84.9151,81.4605,55.9017,38.129,26.3876,19.521,13.1248,7.93977,4.80674,3.1233,1.46513,-0.825617,220.996,221.0,216.7,216.7
61.405388832092285,0.0007448330521583557,0.9999847412109375,0.0,5,0.0100004,5.0,16410.3,241.227,-0.00511941,-3.01581,15.6673,34.6955,55.356,98.9692,94.0924,90.6454,88.3318,85.8293,83.5307,80.116,55.1574,37.6271,26.0427,19.267,12.9548,7.83732,4.74483,3.08313,1.44631,-0.827855,221.374,221.376,217.05,217.05
61.426491260528564,0.0010401908308267595,0.9999847412109375,0.0,5,0.00996559,5.0,16436.7,241.636,-0.0020224,-3.01788,15.686,34.7344,55.4144,97.5154,92.6429,89.2124,86.9144,84.4325,82.1571,78.7935,54.5401,37.1845,25.7266,19.0289,12.7919,7.73742,4.68387,3.04334,1.42755,-0.830093,221.755,221.748,217.399,217.399
61.4462788105011,0.0017785374075174332,0.9999847412109375,0.0,5,0.00988263,5.0,16463.1,242.044,-0.00996639,-3.01848,15.7037,34.768,55.4591,96.0606,91.1951,87.7833,85.5028,83.0438,80.7952,77.494,54.0663,36.8089,25.4425,18.8085,12.6373,7.64077,4.62419,3.00414,1.40895,-0.832321,222.136,222.118,217.749,217.749
61.46621370315552,0.002713725343346596,0.9999847412109375,0.0,5,0.00974053,5.0,16489.7,242.451,-0.0194974,-3.01684,15.7204,34.7953,55.4872,94.6056,89.75,86.3594,84.0982,81.6654,79.4477,76.2211,53.7604,36.5112,25.1966,18.6091,12.4924,7.54778,4.56595,2.9656,1.39051,-0.834538,222.517,222.485,218.1,218.1
61.48506259918213,0.0038457546383142472,0.9999847412109375,0.0,5,0.00950688,5.0,16516.5,242.856,-0.037225,-3.01591,15.7355,34.8125,55.4895,93.1529,88.3115,84.9455,82.7067,80.3042,78.1231,74.988,53.7287,36.3399,25.0107,18.443,12.363,7.46086,4.51014,2.9282,1.37239,-0.836732,222.9,222.848,218.454,218.454
61.50624203681946,0.0038457546383142472,0.7646942138671875,0.0,5,0.00917023,5.0,16542.9,243.261,-0.0634898,-3.01483,15.7486,34.8183,55.4626,91.7033,86.8805,83.5427,81.3294,78.962,76.8235,73.795,54.014,36.312,24.8938,18.3151,12.2514,7.38096,4.45725,2.89223,1.35469,-0.838891,223.284,223.208,218.804,218.804
61.523850202560425,0.0038457546383142472,0.0,0.0,5,0.00877159,5.0,16461.4,243.52,-0.0963883,-3.01407,15.7602,34.8166,55.4173,90.2542,85.4528,82.1456,79.9596,77.6294,75.5365,72.6184,54.5243,36.3829,24.8231,18.2132,12.1526,7.30658,4.40692,2.85765,1.33751,-0.840996,223.616,223.525,217.74,217.74
61.54526877403259,0.0038457546383142472,0.0,0.07843017578125,5,0.00839585,5.0,16148.3,243.201,-0.1166,-3.01417,15.7716,34.816,55.3764,88.8011,84.0209,80.7438,78.5843,76.2903,74.2406,71.4221,55.0058,36.4383,24.7466,18.1093,12.0542,7.23352,4.35779,2.824,1.32085,-0.843035,223.638,223.551,213.483,213.787
61.56642723083496,0.0038457546383142472,0.0,0.42352294921875,5,0.00809449,5.0,16070.9,242.502,-0.115284,-3.013,15.7836,34.8219,55.3535,87.3438,82.5827,79.3335,77.1986,74.9375,72.9263,70.1914,55.2893,36.4058,24.6316,17.9865,11.9491,7.15926,4.30902,2.79098,1.30468,-0.845003,221.829,221.756,212.446,212.78
61.5853750705719,0.0038457546383142472,0.0,0.6627349853515625,5,0.00781935,5.0,15849.6,241.141,-0.110593,-3.00208,15.7954,34.829,55.3357,85.8883,81.1461,77.9243,75.8133,73.5839,71.6094,68.9513,55.5229,36.3531,24.5093,17.8619,11.845,7.08681,4.26175,2.75907,1.28911,-0.846894,214.865,214.79,209.549,209.914
61.604079723358154,0.005174625292420388,0.0,0.839202880859375,5,0.00756853,5.0,15602.6,239.048,-0.108276,-2.97909,15.8069,34.8372,55.3222,84.4396,79.7161,76.5213,74.4337,72.235,70.2954,67.7082,55.7089,36.2819,24.3816,17.7364,11.7424,7.01622,4.216,2.72829,1.27414,-0.84871,207.611,207.529,206.29,206.705
61.62434005737305,0.01034228540956974,0.0,0.9529266357421875,5,0.00732582,5.0,15333.0,236.454,-0.105001,-2.93307,15.8179,34.8448,55.3086,83.0027,78.2983,75.1303,73.0659,70.8975,68.9922,66.4724,55.9017,36.2165,24.2599,17.6163,11.6441,6.94856,4.17218,2.69881,1.2598,-0.850447,199.68,199.586,202.724,203.195
61.64534664154053,0.025992322340607645,0.0,0.9999847412109375,5,0.00696057,5.0,15057.0,233.528,-0.106839,-2.8707,15.8262,34.8382,55.2597,81.5896,76.9089,73.7714,71.7331,69.5991,67.7329,65.2912,56.5675,36.3502,24.2299,17.5466,11.5696,6.89086,4.13279,2.67167,1.24629,-0.852104,191.362,191.246,199.066,199.579
61.66533899307251,0.05320698060095311,0.0,0.9999847412109375,5,0.00612324,5.0,14800.3,230.412,-0.140536,-2.79344,15.8258,34.7804,55.0807,80.2284,75.5868,72.4927,70.4913,68.4072,66.5991,64.2749,59.1398,37.2518,24.54,17.657,11.5759,6.86379,4.10564,2.65031,1.2344,-0.853636,183.497,183.339,195.686,196.17
61.68511414527893,0.08324245943404734,0.0,0.9999847412109375,5,0.00433701,5.0,14571.2,227.218,-0.270695,-2.70329,15.8086,34.6221,54.6468,78.9547,74.3812,71.3542,69.4097,67.4027,65.6848,63.5369,60.1099,39.9394,25.5944,18.1481,11.7469,6.89719,4.10196,2.63976,1.2254,-0.85496,176.611,176.371,192.72,193.058
61.70502328872681,0.11083207569876065,0.0,0.9999847412109375,5,0.00131005,5.0,14348.6,224.017,-0.551476,-2.60733,15.7692,34.3352,53.8929,77.7882,73.3173,70.3848,68.5187,66.616,65.0171,63.0821,60.4086,46.0559,27.8962,19.233,12.1597,7.0156,4.13068,2.64409,1.22043,-0.855982,169.929,169.539,189.896,189.99
61.72508358955383,0.1392063446233794,0.0,0.9999847412109375,5,-0.00287754,5.0,14130.5,220.844,-0.972824,-2.5154,15.7086,33.9323,52.8629,76.719,72.378,69.5597,67.7855,66.0013,64.5315,62.8058,60.6243,56.8179,32.1183,21.118,12.8643,7.22977,4.19527,2.66515,1.22035,-0.856595,162.875,162.264,187.524,186.575
61.74665307998657,0.17145130024433136,0.0,0.8628257939268524,5,-0.00797683,5.0,13917.1,217.706,-1.48058,-2.42012,15.6306,33.4444,51.6455,75.7245,71.5291,68.8345,67.1563,65.491,64.1437,62.6032,60.7588,58.2895,39.6314,24.1154,13.9116,7.54458,4.29626,2.70331,1.22561,-0.856718,155.324,154.422,185.071,183.393
61.765214681625366,0.19345691258087752,0.0,0.8452215726808129,5,-0.0136569,5.0,13792.4,214.685,-1.99214,-2.34122,15.54,32.9074,50.339,74.7779,70.7325,68.1619,66.5763,65.0213,63.7821,62.395,60.7917,58.8324,53.5848,28.7764,15.3668,7.96362,4.4336,2.75885,1.23675,-0.856252,151.683,150.39,183.532,181.574
61.78420352935791,0.21202297188550548,0.0,0.8303689518735766,5,-0.0195811,5.0,13617.1,211.807,-2.45266,-2.28234,15.4418,32.3548,49.0287,73.8539,69.9542,67.501,66.0001,64.5428,63.3955,62.1312,60.7071,59.0439,55.8933,36.1467,17.3135,8.48853,4.60645,2.83175,1.25421,-0.855112,147.696,145.925,181.273,179.216
61.805113315582275,0.23675712413457223,0.0,0.8105819320048926,5,-0.0253952,5.0,13435.7,209.025,-2.82795,-2.24402,15.3408,31.8181,47.7885,72.9291,69.1633,66.8165,65.3901,64.0164,62.945,61.7781,60.4868,59.0214,56.4797,48.2779,19.8285,9.11192,4.81104,2.92069,1.27801,-0.853258,143.237,140.922,178.88,176.809
61.82569193840027,0.25209154990925453,0.0,0.7983145785729615,5,-0.0308822,5.0,13260.4,206.315,-3.08907,-2.21911,15.24,31.3133,46.6522,71.9913,68.3451,66.0917,64.7302,63.4271,62.4183,61.329,60.1387,58.8142,56.6154,52.9792,23.0229,9.82921,5.04516,3.02504,1.30825,-0.850655,138.651,135.755,176.532,174.512
61.84626126289368,0.2567338872517738,0.0,0.7946007653681031,5,-0.0359004,5.0,13086.9,203.669,-3.245,-2.20793,15.1412,30.8488,45.6339,71.0336,67.4921,65.3196,64.0142,62.7705,61.8132,60.7865,59.6747,58.4543,56.4833,53.5455,27.0203,10.6325,5.30586,3.14377,1.34478,-0.847306,133.875,130.394,174.186,172.263
61.86635375022888,0.2669881183784455,0.0,0.7863975056404856,5,-0.0402787,5.0,12915.8,201.062,-3.2901,-2.19699,15.0467,30.4351,44.7513,70.0484,66.5957,64.4916,63.2335,62.0392,61.1241,60.1476,59.0974,57.9555,56.1461,53.5807,31.8514,11.498,5.5868,3.27461,1.38714,-0.843239,128.82,124.771,171.847,170.067
61.88537669181824,0.2833419367154439,0.0,0.7733146506024584,5,-0.0439351,5.0,12747.6,198.49,-3.21868,-2.18679,14.9576,30.075,44.0056,69.0332,65.654,63.607,62.3883,61.2347,60.3541,59.4181,58.4166,57.3353,55.644,53.3175,37.4501,12.3984,5.88184,3.41537,1.43482,-0.838495,123.831,119.246,169.532,167.933
61.905508279800415,0.30028872511948146,0.0,0.7448602223031411,5,-0.0469936,5.0,12583.7,195.948,-3.0615,-2.17865,14.8723,29.7564,43.365,67.9969,64.6798,62.6812,61.4961,60.3771,59.5255,58.6232,57.6617,56.6292,55.0296,52.8751,43.8806,13.3307,6.1908,3.56582,1.48751,-0.833124,119.138,114.059,167.279,165.846
61.92563772201538,0.31147349738966057,0.0,0.7243105779788925,5,-0.0496534,5.0,12433.7,193.438,-2.85646,-2.16749,14.7883,29.4629,42.7903,66.9519,63.6896,61.7341,60.5785,59.4903,58.6641,57.7912,56.8642,55.8732,54.3496,52.3304,46.3633,14.3118,6.51747,3.72693,1.54509,-0.827171,115.318,109.797,165.219,163.926
61.94385504722595,0.3164033739020427,0.0,0.7175770454377183,5,-0.0520981,5.0,12284.9,190.96,-2.63839,-2.14841,14.7033,29.1804,42.2486,65.9089,62.6973,60.7818,59.6536,58.5938,57.7908,56.9447,56.0489,55.0949,53.6378,51.732,46.5921,15.3666,6.86647,3.89986,1.60748,-0.820678,112.207,106.287,163.197,162.009
61.967570781707764,0.32129744017341483,0.0,0.7109018569531922,5,-0.0544747,5.0,12128.4,188.5,-2.43406,-2.11601,14.6155,28.8982,41.716,64.8759,61.7135,59.8365,58.7344,57.7018,56.9209,56.0999,55.2333,54.3136,52.917,51.1108,46.5064,16.5258,7.24292,4.08588,1.67463,-0.813681,109.407,103.143,161.097,159.971
61.98617601394653,0.3261477383724414,0.0,0.7042907420764485,5,-0.0568779,5.0,11971.9,186.062,-2.25969,-2.07729,14.5241,28.6102,41.1783,63.8579,60.7444,58.9052,57.8287,56.8225,56.063,55.2663,54.4275,53.5403,52.2,50.4837,46.2838,17.8192,7.65067,4.28571,1.74638,-0.80622,106.762,100.192,159.014,157.914
62.004005432128906,0.33095227904128843,0.0,0.6948615563112759,5,-0.0593498,5.0,11820.6,183.647,-2.11724,-2.0287,14.4289,28.3143,40.6303,62.857,59.7924,57.9907,56.9394,55.9591,55.2204,54.4472,53.6352,52.779,51.4917,49.8579,45.9849,19.2737,8.09249,4.49979,1.82258,-0.798326,104.178,97.3367,157.007,155.907
62.02533793449402,0.33568917814378324,0.0,0.6798066143608437,5,-0.0618742,5.0,11669.6,181.266,-2.00015,-1.97554,14.3301,28.012,40.0754,61.8718,58.8561,57.0914,56.0647,55.1096,54.3913,53.6407,52.8544,52.0277,50.7903,49.2321,45.6322,20.907,8.56897,4.72795,1.90309,-0.790016,101.66,94.5759,155.005,153.921
62.046008348464966,0.34034053055942065,0.0,0.6649330894723063,5,-0.064452,5.0,11521.2,178.928,-1.90916,-1.93131,14.2282,27.704,39.5196,60.9022,57.935,56.2067,55.2041,54.2736,53.5751,52.8464,52.0847,51.2861,50.0956,48.607,45.2411,22.7438,9.08127,4.97006,1.98769,-0.781323,99.3606,92.0505,153.04,151.956
62.06669569015503,0.3449063362882007,0.0,0.6559166935251268,5,-0.0670732,5.0,11376.0,176.633,-1.83894,-1.89603,14.1233,27.3915,39.0069,59.9471,57.028,55.3354,54.3564,53.4498,52.7705,52.0628,51.3247,50.5528,49.4064,47.9821,44.82,24.8115,9.63042,5.22603,2.07624,-0.772263,97.247,89.7249,151.119,150.034
62.084980487823486,0.3014964647621413,0.0,0.6814242988202356,5,-0.0697191,5.0,11230.5,174.379,-1.7831,-1.86873,14.016,27.0761,38.5653,59.0053,56.1337,54.476,53.5198,52.6363,51.9756,51.2881,50.5726,49.826,48.7211,47.3563,44.3737,27.1385,10.2169,5.49563,2.16858,-0.762854,95.0986,87.3762,149.192,148.109
62.106197357177734,0.27288523894480743,0.0,0.6989137761082771,5,-0.0722492,5.0,11064.5,172.138,-1.74732,-1.84261,13.9081,26.7672,38.2692,58.0695,55.2433,53.6188,52.6843,51.8226,51.1794,50.5111,49.8167,49.0936,48.0271,46.7163,43.8897,29.6817,10.8307,5.7755,2.2641,-0.753131,92.092,84.1468,146.994,145.926
62.123690605163574,0.23932389126601938,0.0,0.7197489441825158,5,-0.074468,5.0,10898.0,169.894,-1.69876,-1.81722,13.8024,26.4773,38.4019,57.1305,54.3457,52.7519,51.8373,50.9956,50.3684,49.7176,49.0424,48.3408,47.3088,46.046,43.3531,32.3185,11.4532,6.05996,2.3618,-0.743139,88.4337,80.2829,144.768,143.748
62.14549446105957,0.2020009082406759,0.0,0.7331771966286452,5,-0.0762652,5.0,10728.4,167.648,-1.62658,-1.79445,13.7003,26.2126,59.822,56.1832,53.4354,51.8692,50.9726,50.1489,49.5362,48.9013,48.2434,47.561,46.5597,45.3393,42.7607,34.3019,12.0684,6.3443,2.46086,-0.732924,83.9906,75.6411,142.492,141.541
62.16572546958923,0.15748319240300915,0.0,0.7471844075003541,4,-0.0775512,5.0,10569.0,165.395,-1.51972,-1.76341,13.6032,25.9782,58.8446,55.2239,52.5083,50.9665,50.0859,49.2784,48.6785,48.0578,47.4153,46.7499,45.7759,44.5927,42.1119,34.6518,12.6592,6.62362,2.56039,-0.72254,79.0499,70.5201,140.335,139.468
62.18584322929382,0.12230104350557862,0.0,0.8352813720703125,4,-0.0782555,4.0,11706.3,163.165,-1.37192,-1.72969,13.5122,25.7781,57.8585,54.2498,51.5614,50.0409,49.1744,48.3809,47.7924,47.1841,46.5553,45.905,44.9549,43.8042,41.4071,34.5581,13.2081,6.89284,2.65942,-0.712045,73.6073,64.9245,138.599,138.204
62.20385813713074,0.08746799928983051,0.0,0.807830810546875,4,-0.0783427,4.0,11668.3,160.948,-1.18363,-1.7009,13.4278,25.6139,56.8619,53.2594,50.5936,49.0914,48.2371,47.456,46.8773,46.28,45.6632,45.0262,44.0971,42.9748,40.6498,34.2375,13.7017,7.1481,2.75725,-0.701483,65.074,56.2677,135.793,135.642
62.22595715522766,0.04668982961873523,0.0,0.745086669921875,4,-0.0779136,4.0,11181.9,158.711,-0.971544,-1.67589,13.3494,25.48,55.8584,52.258,49.6112,48.1252,47.2817,46.5117,45.9418,45.3542,44.7482,44.1232,43.213,42.1161,39.8549,33.7842,14.1406,7.38886,2.85341,-0.690917,57.3733,48.485,133.182,132.896
62.243852615356445,0.03938379277547201,0.0,0.6784210205078125,4,-0.0771487,4.0,11012.0,156.448,-0.755945,-1.65329,13.275,25.3663,54.8543,51.2541,48.6246,47.1536,46.3203,45.5605,44.9989,44.4204,43.8246,43.2107,42.3182,41.245,39.0424,33.2601,14.5376,7.61776,2.94785,-0.680401,51.8096,42.8874,131.201,130.728
62.2652063369751,0.05059825024346511,0.0,0.6235198974609375,4,-0.0762346,4.0,10900.3,154.212,-0.548157,-1.62413,13.203,25.2622,53.8565,50.2567,47.6443,46.188,45.3646,44.6149,44.0613,43.4917,42.9058,42.3029,41.4276,40.3772,38.2308,32.7071,14.9095,7.83877,3.04079,-0.669973,48.6704,39.6691,129.854,129.376
62.28615069389343,0.0840558707042411,0.0,0.5921478271484375,4,-0.0753544,4.0,10799.7,152.001,-0.364206,-1.5694,13.1313,25.1573,52.8712,49.274,46.6798,45.2388,44.4256,43.6861,43.1408,42.5803,42.0044,41.4125,40.5544,39.527,37.4363,32.1548,15.2755,8.05676,3.13268,-0.659652,47.8532,38.9118,128.615,128.216
62.30536079406738,0.11311637307443345,0.0,0.5450897216796875,4,-0.0746759,4.0,10685.1,149.862,-0.219699,-1.51641,13.0582,25.042,51.9045,48.3134,45.7397,44.315,43.5126,42.784,42.2473,41.6962,41.1308,40.5502,39.7099,38.7059,36.6718,31.6238,15.6549,8.27694,3.22408,-0.649445,47.8465,38.9646,127.233,126.879
62.32529973983765,0.14678806757574278,0.0,0.48626708984375,4,-0.0743082,4.0,10580.5,147.799,-0.123319,-1.46666,12.9824,24.91,50.9601,47.3793,44.8288,43.4219,42.6311,41.914,41.3864,40.8453,40.2907,39.722,38.9001,37.9204,35.9441,31.1231,16.0621,8.50342,3.31551,-0.63935,49.0574,40.2425,125.986,125.634
62.34393262863159,0.17962761414159087,0.0,0.36601979547182145,4,-0.0743058,4.0,10504.3,145.817,-0.0721839,-1.39276,12.9032,24.7583,50.0395,46.4736,43.9489,42.5612,41.7828,41.0779,40.56,40.0293,39.4861,38.9297,38.1269,37.1721,35.2546,30.6539,16.5071,8.73903,3.4074,-0.629353,51.7565,43.0344,125.09,124.7
62.36508774757385,0.20405060558784752,0.0,0.3379800588315929,4,-0.074715,4.0,10455.3,143.985,-0.0604523,-1.32049,12.8202,24.5842,49.1439,45.5973,43.1012,41.7341,40.9688,40.2768,39.7689,39.2492,38.7178,38.1741,37.3909,36.4616,34.6037,30.2157,16.9998,8.98677,3.50021,-0.619439,57.9779,49.3696,124.513,124.112
62.385289669036865,0.21170029232464108,0.0,0.3289934754898595,4,-0.075558,4.0,10349.1,142.282,-0.0802239,-1.27397,12.7328,24.3867,48.2733,44.7502,42.2851,40.9399,40.1884,39.5098,39.0125,38.5041,37.9847,37.4541,36.691,35.7876,33.9893,29.8057,17.5497,9.24947,3.59448,-0.609572,64.5186,56.0114,123.295,122.818
62.40599870681763,0.2133686762804631,0.0,0.32196058068110567,4,-0.0768316,4.0,10232.3,140.645,-0.126826,-1.25294,12.6411,24.1687,47.4267,43.9309,41.4991,40.1769,39.4397,38.7751,38.2886,37.7918,37.2848,36.7674,36.0246,35.1472,33.4083,29.4196,18.1645,9.52929,3.69069,-0.599716,70.7188,62.2881,121.954,121.379
62.42390561103821,0.21499119751300352,0.0,0.32145665236421694,4,-0.0785073,4.0,10117.3,139.053,-0.19254,-1.24901,12.545,23.975,46.6029,43.1376,40.7409,39.4424,38.7199,38.0695,37.594,37.109,36.6145,36.1104,35.3879,34.5364,32.856,29.0519,18.8496,9.8277,3.78918,-0.589838,76.6569,68.2426,120.634,119.965
62.446351766586304,0.21660658454414455,0.0,0.3241969089015562,4,-0.0805863,4.0,10000.7,137.468,-0.266323,-1.23778,12.4446,23.8275,45.8016,42.3697,40.0095,38.7354,38.0279,37.392,36.9276,36.4545,35.9724,35.4817,34.7794,33.9535,32.3302,28.7005,19.6157,10.1473,3.89042,-0.579906,82.6232,74.2127,119.291,118.535
62.465360164642334,0.21820464565760145,0.0,0.3301694753263139,4,-0.083133,4.0,9882.59,135.9,-0.347798,-1.22832,12.3388,23.7346,45.025,41.6295,39.3074,38.0582,37.366,36.7447,36.2916,35.8304,35.361,34.8836,34.2014,33.4008,31.8333,28.3684,20.4386,10.494,3.99536,-0.569867,88.2031,79.8328,117.939,117.079
62.48529672622681,0.21978538085337418,0.0,0.3361276408758669,4,-0.0862387,4.0,9763.7,134.349,-0.437847,-1.21899,12.2267,23.71,44.276,40.9201,38.6376,37.414,36.7374,36.1309,35.6892,35.2401,34.7833,34.3192,33.6569,32.8813,31.3683,28.0592,20.9662,10.8757,4.10505,-0.559682,93.2381,84.9619,116.589,115.603
62.50436210632324,0.23408752492890694,0.0,0.34102267031225575,4,-0.0900338,4.0,9649.08,132.813,-0.537257,-1.2012,12.1066,23.7783,43.5589,40.246,38.005,36.8078,36.147,35.5556,35.1253,34.6884,34.2445,33.7936,33.1511,32.4002,30.9406,27.779,21.3099,11.3039,4.22107,-0.549285,97.6213,89.5502,115.311,114.137
62.523813009262085,0.25562904073297976,0.0,0.34626977972424666,4,-0.0947192,4.0,9538.58,131.3,-0.634803,-1.15407,11.9764,24.0006,42.8801,39.6145,37.417,36.247,35.6025,35.0264,34.6079,34.1831,33.7522,33.3148,32.6921,31.9657,30.5583,27.5369,21.5715,11.7964,4.34563,-0.538595,101.14,93.5038,114.085,112.753
62.54568338394165,0.28533097130854923,0.0,0.35105850931823157,4,-0.100671,4.0,9421.57,129.835,-0.757755,-1.11549,11.8321,45.9971,42.2516,39.0389,36.8878,35.7462,35.1186,34.5584,34.1518,33.7396,33.3218,32.8983,32.2955,31.5935,30.2377,27.3508,21.8117,12.3856,4.48246,-0.527503,103.509,96.5827,112.843,111.216
62.56552481651306,0.3321434663341815,0.0,0.34554071653141893,4,-0.108306,4.0,9306.16,128.421,-0.940774,-1.08786,11.6697,45.3863,41.6859,38.5328,36.4317,35.3202,34.7101,34.1663,33.772,33.3727,32.9684,32.559,31.9768,31.2993,29.9945,27.2369,22.0687,13.1163,4.63613,-0.515888,104.524,98.4933,111.663,109.65
62.58544850349426,0.3661631987359127,0.0,0.34659737842540045,4,-0.117923,4.0,9200.13,127.072,-1.20498,-1.06788,11.4869,44.8345,41.1905,38.104,36.0564,34.9763,34.3846,33.8577,33.476,33.0899,32.6993,32.3041,31.743,31.0903,29.8358,27.202,22.3611,14.0443,4.81148,-0.503612,104.431,99.2072,110.629,108.158
62.605419874191284,0.41060131689182794,0.0,0.3397044011362943,4,-0.129531,4.0,9093.14,125.77,-1.58705,-1.05413,11.2846,44.34,40.7623,37.7482,35.7567,34.709,34.1359,33.6262,33.2574,32.8845,32.5076,32.1267,31.5864,30.9588,29.7535,27.237,22.6861,15.2232,5.01226,-0.490548,103.486,98.7298,109.593,106.65
62.626099824905396,0.44859687859060554,0.0,0.33187011097036495,4,-0.142793,4.0,8992.83,124.513,-2.06953,-1.05267,11.0671,21.7378,40.3868,37.4482,35.5138,34.4987,33.9442,33.4514,33.0952,32.7353,32.3719,32.0048,31.4847,30.8814,29.7245,27.3172,23.0224,16.3016,5.24018,-0.476608,102.017,97.3745,108.607,105.248
62.64610242843628,0.47894284334381426,0.0,0.32656040100325157,4,-0.157301,4.0,8895.41,123.28,-2.62212,-1.05557,10.839,20.4584,40.0483,37.1861,35.3082,34.3249,33.7885,33.3123,32.9682,32.6209,32.2703,31.9165,31.4157,30.8354,29.7249,27.4191,23.3483,17.1637,5.49624,-0.461729,100.389,95.6243,107.612,103.927
62.66728186607361,0.5202194705240428,0.0,0.3136577473427609,4,-0.172658,4.0,8797.16,122.06,-3.2134,-1.05975,10.6044,19.4062,39.7326,36.9456,35.1227,34.1701,33.651,33.1905,32.8581,32.5227,32.1843,31.843,31.3603,30.8017,29.7344,27.5234,23.6495,17.883,5.78117,-0.445864,98.6772,93.6905,106.562,102.641
62.68536067008972,0.5737213899156327,0.0,0.2927843894684103,4,-0.188574,4.0,8705.77,120.852,-3.80734,-1.06266,10.366,18.4745,39.4301,36.716,34.9458,34.0224,33.5198,33.0742,32.7527,32.4286,32.1017,31.7722,31.3065,30.7681,29.7407,27.6185,23.9189,18.4945,6.09598,-0.428991,97.0618,91.8179,105.555,101.471
62.705198526382446,0.5977368612558364,0.0,0.2844335462079804,4,-0.204984,4.0,8619.13,119.673,-4.40371,-1.07674,10.1245,17.6212,39.1381,36.4945,34.7748,33.8793,33.3922,32.9608,32.6497,32.3361,32.02,31.7016,31.2518,30.7322,29.7421,27.7026,24.1596,19.0251,6.44366,-0.411081,95.6732,90.1465,104.583,100.38
62.72379660606384,0.6223235289209615,0.0,0.27371199434028914,3,-0.221836,4.0,8531.78,118.503,-4.99948,-1.08386,9.88068,16.8276,38.8548,36.2791,34.6077,33.7387,33.2664,32.8484,32.547,32.2434,31.9376,31.6295,31.1947,30.6926,29.7371,27.7739,24.3743,19.4912,6.82757,-0.392118,94.3535,88.5623,103.61,99.2746
62.74625372886658,0.6586024769177288,0.0,0.2578917690071774,3,-0.238922,3.0,10454.9,117.358,-5.56653,-1.08073,9.63586,16.0909,38.5743,36.0633,34.4378,33.5938,33.1356,32.7301,32.4379,32.1437,31.8474,31.5492,31.1283,30.6427,29.7194,27.8266,24.5589,19.8953,7.24965,-0.372085,93.1299,87.1163,103.026,98.8124
62.767094373703,0.6730160272663148,0.0,0.24979630831265723,3,-0.256039,3.0,10424.2,116.262,-6.07922,-1.06967,9.39102,15.4081,38.2912,35.8414,34.2592,33.4388,32.9937,32.6,32.3165,32.0311,31.7438,31.4547,31.0468,30.5766,29.6833,27.8554,24.7102,20.2408,7.71183,-0.350947,92.0395,85.8411,102.256,98.0972
62.78508758544922,0.6991496952281054,0.0,0.22811335130715024,3,-0.273049,3.0,10199.4,115.179,-6.54247,-1.0536,9.14666,14.7744,38.0021,35.6099,34.0684,33.2703,32.8375,32.455,32.1796,31.9024,31.6235,31.3429,30.9473,30.4913,29.6259,27.8583,24.8271,20.5321,8.21623,-0.328698,90.9846,84.6489,100.842,96.4463
62.80378222465515,0.7024873303133435,0.0,0.21814289582400853,3,-0.28998,3.0,10064.1,114.058,-6.97388,-1.04012,8.90243,14.1804,37.7088,35.3707,33.8678,33.0905,32.6694,32.2973,32.0295,31.7601,31.489,31.2165,30.8323,30.3898,29.5505,27.839,24.9131,20.7779,8.76718,-0.305349,90.2295,83.8659,99.6198,94.9757
62.826499938964844,0.717527781688509,0.0,0.19544564370615508,3,-0.306851,3.0,9956.13,112.957,-7.39878,-1.05025,8.65821,13.6202,37.4122,35.1252,33.6586,32.9011,32.491,32.1287,31.8681,31.606,31.3424,31.0773,30.7039,30.274,29.4592,27.8001,24.9717,20.9843,9.34183,-0.280931,89.335,83.0627,98.6272,93.8668
62.84664869308472,0.7326828477933569,0.0,0.1639160317361796,3,-0.323528,3.0,9872.26,111.886,-7.7823,-1.07015,8.41445,13.094,37.1093,34.8703,33.438,32.6991,32.2992,31.9462,31.6924,31.4371,31.1804,30.9225,30.5592,30.1411,29.3493,27.7391,25.0014,21.1519,9.86034,-0.255465,88.8641,82.5916,97.8155,93.043
62.86513423919678,0.7479180687479675,0.0,0.1165599874090717,3,-0.340112,3.0,9807.77,110.855,-8.11224,-1.08753,8.17041,12.5947,36.8032,34.6095,33.2095,32.4881,32.0981,31.7538,31.5063,31.2575,31.0075,30.7562,30.4025,29.9955,29.2253,27.6612,25.0081,21.2879,10.3267,-0.228948,88.9946,82.7656,97.171,92.4282
62.883490324020386,0.7631619152955555,0.0,0.06414709822143277,3,-0.356808,3.0,9770.38,109.885,-8.39191,-1.09633,7.92491,12.1139,36.499,34.3485,32.9792,32.2746,31.8938,31.5579,31.3165,31.0739,30.8301,30.5852,30.2405,29.8441,29.0944,27.5738,25.0001,21.4019,10.7512,-0.201354,90.0343,83.9014,96.7881,92.0708
62.90569996833801,0.7659397655505097,0.0,0.070587158203125,3,-0.374025,3.0,9748.22,109.011,-8.67798,-1.11989,7.67627,11.6397,36.2057,34.0974,32.7578,32.0694,31.6976,31.3697,31.1341,30.8974,30.6596,30.4208,30.0848,29.6985,28.9684,27.4891,24.9904,21.5067,11.1456,-0.172644,91.853,85.8314,96.5349,91.8841
62.925994634628296,0.7684855985644895,0.0,0.0,3,-0.392281,3.0,9675.5,108.21,-9.04229,-1.15763,7.42288,11.1607,35.9344,33.8682,32.5576,31.8851,31.522,31.2019,30.972,30.741,30.5091,30.2762,29.9486,29.5721,28.8608,27.4211,24.9935,21.6164,11.5221,-0.142776,92.4982,86.5261,95.9682,91.0676
62.944297313690186,0.7708216625660813,0.0,0.0,3,-0.411594,3.0,9679.86,107.475,-9.45276,-1.1741,7.16515,10.6798,35.684,33.6597,32.3777,31.7205,31.3659,31.0535,30.8291,30.6037,30.3774,30.1502,29.8307,29.4637,28.7705,27.3688,25.0084,21.7309,11.884,-0.111727,94.5982,88.6821,96.1005,90.9753
62.965368032455444,0.7728843911878952,0.0,0.0,3,-0.431818,3.0,9639.7,106.826,-9.89948,-1.17539,6.90362,10.2024,35.4501,33.4669,32.2129,31.5705,31.2242,30.9191,30.7,30.4801,30.2592,30.0376,29.7259,29.368,28.6923,27.3267,25.0302,21.8461,12.2315,-0.0794254,95.5657,89.7215,95.8181,90.502
62.985395669937134,0.7748263437116674,0.0,0.0,3,-0.452686,3.0,9589.06,106.215,-10.376,-1.16437,6.63908,9.73508,35.2256,33.2827,32.0557,31.4277,31.0892,30.7911,30.5772,30.3625,30.1469,29.9305,29.6264,29.2772,28.6182,27.2873,25.0514,21.9552,12.5619,-0.0458322,95.8698,90.0737,95.411,89.9353
63.00514221191406,0.7767174431415275,0.0,0.0,3,-0.473873,3.0,9536.19,105.62,-10.8592,-1.14474,6.37232,9.28398,35.0034,33.0991,31.8981,31.2838,30.9528,30.6614,30.4523,30.2425,30.032,29.8207,29.5238,29.1829,28.5398,27.2419,25.0637,22.0506,12.8706,-0.0109339,95.7928,90.0297,94.9527,89.373
63.02371120452881,0.7785831160244314,0.0,0.0,3,-0.495117,3.0,9482.9,105.033,-11.3301,-1.1212,6.10377,8.85244,34.778,32.9103,31.734,31.1328,30.809,30.5239,30.3195,30.1143,29.9084,29.702,29.4118,29.0789,28.451,27.1845,25.0612,22.1271,13.1553,0.0252677,95.489,89.7576,94.4615,88.8345
63.04525589942932,0.7804265406787488,0.0,0.0,3,-0.516197,3.0,9429.44,104.453,-11.7892,-1.11035,5.83855,8.44226,12.4608,32.7119,31.559,30.9702,30.6532,30.3742,30.1741,29.9733,29.772,29.57,29.2863,28.9608,28.3473,27.1107,25.0396,22.181,13.4141,0.0627533,95.0593,89.352,93.9457,88.3174
63.06778860092163,0.7822413604677406,0.0,0.0,3,-0.536913,3.0,9376.07,103.882,-12.2295,-1.12108,5.58096,8.05465,11.3901,32.5002,31.3693,30.7922,30.4815,30.2083,30.0123,29.8158,29.6186,29.4209,29.1432,28.8247,28.2249,27.0167,24.9953,22.2088,13.6454,0.10149,94.5458,88.8888,93.4124,87.8188
63.08392119407654,0.7840307537097764,0.0,0.0,3,-0.557077,3.0,9323.7,103.319,-12.6302,-1.15076,5.33151,7.69059,10.6361,32.2721,31.1617,30.5955,30.2909,30.023,29.831,29.6383,29.4451,29.2515,28.9795,28.6677,28.0805,26.8993,24.9254,22.2081,13.8479,0.141434,93.9664,88.3943,92.8625,87.3557
63.106555700302124,0.7858137903150729,0.0,0.0,3,-0.555831,3.0,9272.41,102.758,-12.9781,-1.1857,5.09015,7.34738,10.0199,32.0298,30.9387,30.3828,30.0839,29.8211,29.6327,29.4438,29.2544,29.0645,28.798,28.4925,27.9174,26.7616,24.833,22.1823,14.0239,0.181872,93.3481,87.87,92.3128,86.9133
63.12608551979065,0.7876000052387392,0.0,0.0,3,-0.547409,3.0,9221.51,102.196,-13.2842,-1.22378,4.85682,7.02213,9.48532,31.7776,30.7045,30.1583,29.8647,29.6067,29.4218,29.2365,29.0506,28.8644,28.603,28.3035,27.7399,26.6083,24.7231,22.1362,14.1769,0.221138,92.7114,87.322,91.7684,86.4747
63.14526009559631,0.789408468390992,0.0,0.0,3,-0.53868,3.0,9170.65,101.627,-13.5885,-1.26486,4.63101,6.70996,8.99749,31.5235,30.4674,29.9305,29.642,29.3886,29.207,29.025,28.8426,28.6598,28.4034,28.1095,27.557,26.4483,24.6044,22.0786,14.3131,0.259138,92.0791,86.7547,91.2435,86.016
63.165186405181885,0.7912423580902007,0.0,0.0,3,-0.529899,3.0,9116.93,101.05,-13.9251,-1.31891,4.41249,6.40818,8.54002,31.2727,30.2327,29.7047,29.4211,29.1721,28.9937,28.8149,28.6357,28.4563,28.2045,27.9161,27.3741,26.2873,24.4827,22.0151,14.4362,0.295849,91.4689,86.1737,90.7555,85.469
63.18526220321655,0.7931271008833218,0.0,0.0,3,-0.521343,3.0,9064.4,100.457,-14.3005,-1.3644,4.20106,6.1146,8.10219,31.0304,30.0059,29.4863,29.2075,28.9626,28.7873,28.6116,28.4355,28.2592,28.0119,27.7288,27.1968,26.1309,24.3636,21.9512,14.5493,0.331236,90.8944,85.5634,90.2978,84.9098
63.20635199546814,0.7950525261515726,0.0,0.0,3,-0.512903,3.0,9012.49,99.8512,-14.6884,-1.39247,3.99695,5.83074,7.68669,30.7944,29.7845,29.273,28.9986,28.7577,28.5853,28.4125,28.2395,28.0662,27.8232,27.545,27.0226,25.9767,24.2446,21.8847,14.6513,0.365298,90.3295,84.9307,89.8402,84.3646
63.22542595863342,0.7970100524353556,0.0,0.0,3,-0.504463,3.0,8959.91,99.2353,-15.0834,-1.40968,3.80039,5.55807,7.2955,30.562,29.5662,29.0622,28.792,28.555,28.3853,28.2153,28.0451,27.8747,27.6358,27.3624,26.849,25.8221,24.1235,21.8135,14.7414,0.398029,89.7575,84.2839,89.3691,83.8204
63.245386838912964,0.7989923696024207,0.0,0.0,3,-0.495937,3.0,8906.49,98.6116,-15.4807,-1.42014,3.6116,5.29757,6.92924,30.3317,29.3492,28.8523,28.5861,28.3526,28.1855,28.0182,27.8507,27.683,27.4479,27.179,26.6743,25.6655,23.9987,21.736,14.8188,0.429422,89.1714,83.6283,88.8809,83.2772
63.26659679412842,0.8009940745115398,0.0,0.0,3,-0.487247,3.0,8852.34,97.9818,-15.8747,-1.42653,3.43078,5.05006,6.58815,30.1019,29.1318,28.6417,28.3792,28.1491,27.9844,27.8196,27.6546,27.4895,27.2582,26.9935,26.497,25.5053,23.8688,21.6512,14.8832,0.459465,88.5691,82.9674,88.3763,82.7361
63.28520059585571,0.8030100818533218,0.0,0.0,2,-0.478323,3.0,8797.55,97.3475,-16.261,-1.43176,3.25851,4.81619,6.27227,29.8713,28.913,28.4292,28.1703,27.9433,27.7809,27.6184,27.4558,27.2931,27.0652,26.8046,26.3159,25.3405,23.7329,21.558,14.9343,0.488149,87.9493,82.3055,87.8568,82.1973
63.30583453178406,0.8049952595069194,0.0,0.0,2,-0.469113,2.0,11049.8,96.7229,-16.635,-1.43748,3.09538,4.59643,5.98158,29.639,28.6917,28.2139,27.9582,27.7342,27.574,27.4137,27.2533,27.0929,26.8682,26.6113,26.13,25.1701,23.59,21.4559,14.9718,0.515464,87.3141,81.644,87.8999,82.5271
63.32440114021301,0.8068901729188229,0.0,0.0,2,-0.458431,2.0,11015.6,96.1267,-16.9925,-1.44497,2.94152,4.39124,5.71693,29.4038,28.4667,27.9946,27.7421,27.5208,27.3626,27.2044,27.0461,26.8878,26.6661,26.4128,25.9384,24.9932,23.4393,21.3441,14.9957,0.541373,86.6737,80.9912,87.7093,82.5386
63.345839977264404,0.7958283594869078,0.0,0.0,2,-0.446739,2.0,10925.8,95.5358,-17.3286,-1.45457,2.79704,4.20094,5.47862,29.1648,28.2373,27.7703,27.5207,27.3021,27.1459,26.9896,26.8333,26.677,26.4582,26.2082,25.7403,24.809,23.2801,21.2223,15.0059,0.565774,86.0344,80.3528,86.5536,81.1084
63.367406129837036,0.7849950504653966,0.0,0.0,2,-0.43464,2.0,10715.5,94.8851,-17.6457,-1.46798,2.66218,4.02575,5.26659,28.9226,28.0039,27.5419,27.295,27.0789,26.9244,26.77,26.6155,26.4611,26.245,25.9982,25.5364,24.6182,23.1132,21.0912,15.0031,0.588618,85.4257,79.7622,85.1205,79.2318
63.38443636894226,0.7871206596746646,0.0,0.0,2,-0.422304,2.0,10573.2,94.1943,-17.9544,-1.48417,2.53698,3.86502,5.07901,28.6801,27.7695,27.3121,27.0678,26.8539,26.7012,26.5484,26.3957,26.2431,26.0295,25.7857,25.3297,24.4238,22.9415,20.9537,14.9893,0.609879,84.8257,79.1873,84.1304,78.0058
63.40527820587158,0.7893151942549339,0.0,0.0,2,-0.409939,2.0,10462.1,93.4811,-18.264,-1.49916,2.42134,3.71849,4.91389,28.4406,27.5375,27.0843,26.8424,26.6307,26.4795,26.3284,26.1773,26.0264,25.8152,25.5742,25.1235,24.2292,22.7682,20.813,14.9668,0.629548,84.1918,78.5638,83.3427,77.0744
63.42411541938782,0.7915604997558066,0.0,0.0,2,-0.397707,2.0,10365.7,92.7514,-18.5811,-1.50979,2.31519,3.58656,4.77025,28.2145,27.3103,26.861,26.6214,26.4117,26.262,26.1123,25.9628,25.8134,25.6044,25.366,24.9205,24.0369,22.596,20.6714,14.9375,0.647624,83.5361,77.895,82.652,76.2801
63.44501566886902,0.7938491913161042,0.0,0.0,2,-0.385727,2.0,10276.1,92.0076,-18.9126,-1.51591,2.21847,3.46923,4.64804,28.0088,27.0895,26.6439,26.4063,26.1985,26.0501,25.9019,25.7538,25.6058,25.3989,25.163,24.7221,23.8486,22.4263,20.5304,14.9025,0.664114,82.8644,77.1865,82.0087,75.5461
63.465338945388794,0.7961763456950408,0.0,0.0,2,-0.374067,2.0,10189.3,91.2513,-19.264,-1.51986,2.13111,3.36673,4.54809,27.8254,26.8759,26.4337,26.1979,25.9918,25.8447,25.6978,25.551,25.4043,25.1993,24.9656,24.5292,23.665,22.2598,20.3908,14.8625,0.679039,82.1862,76.4505,81.3875,74.8363
63.48584008216858,0.7985364242467324,0.0,0.0,2,-0.36273,2.0,10103.6,90.4843,-19.6348,-1.52305,2.05327,3.27978,4.47265,27.665,26.675,26.2299,25.9958,25.7913,25.6454,25.4996,25.354,25.2086,25.0053,24.7737,24.3412,23.4857,22.0964,20.2524,14.8175,0.692413,81.4962,75.6986,80.7726,74.1367
63.50416421890259,0.8009312731864738,0.0,0.0,2,-0.351731,2.0,10017.9,89.706,-20.0193,-1.52353,1.98581,3.20903,4.42423,27.5285,26.4954,26.0336,25.7999,25.5968,25.4519,25.3071,25.1626,25.0183,24.8167,24.5869,24.1582,23.3106,21.9359,20.1149,14.7676,0.704258,80.7889,74.924,80.1553,73.4415
63.526455879211426,0.8033602771091666,0.0,0.0,2,-0.339946,2.0,9931.86,88.9166,-20.416,-1.52151,1.92888,3.15503,4.40569,27.4172,26.3384,25.8561,25.6131,25.4082,25.2643,25.1205,24.977,24.8337,24.6335,24.4054,23.98,23.1397,21.7784,19.9786,14.7131,0.714577,80.0686,74.1333,79.5326,72.7459
63.54371905326843,0.8058243591224582,0.0,0.0,2,-0.327579,2.0,9845.12,88.1158,-20.8239,-1.51734,1.88252,3.11857,4.42137,27.3328,26.205,25.701,25.4471,25.233,25.0845,24.9397,24.797,24.6546,24.4557,24.2292,23.8068,22.973,21.6239,19.8435,14.6543,0.723253,79.335,73.3282,78.9028,72.047
63.56668543815613,0.8083232115237995,0.0,0.0,2,-0.31562,2.0,9757.38,87.3037,-21.2433,-1.51263,1.84659,3.10012,4.47669,27.2768,26.0965,25.5694,25.3039,25.08,24.9247,24.7733,24.6255,24.4814,24.2835,24.0583,23.6386,22.8106,21.4726,19.7098,14.5914,0.730315,78.585,72.5062,78.2626,71.3434
63.58504295349121,0.8108589882310343,0.0,0.0,2,-0.304118,2.0,9668.37,86.4796,-21.676,-1.5084,1.82104,3.10038,4.58033,27.2518,26.0148,25.4629,25.185,24.9507,24.7882,24.6297,24.4751,24.3243,24.1192,23.8931,23.4757,22.653,21.3248,19.5779,14.5248,0.735791,77.8229,71.6723,77.6147,70.6284
63.60370874404907,0.8134341508645555,0.0,0.0,2,-0.293123,2.0,9578.41,85.6427,-22.1211,-1.50363,1.80572,3.11996,4.74707,27.2604,25.9621,25.3835,25.0923,24.8468,24.6766,24.5106,24.3487,24.1907,23.9759,23.7395,23.3186,22.5004,21.181,19.4483,14.4549,0.739723,77.0469,70.8218,76.9618,69.9029
63.62536144256592,0.8027809539054048,0.0,0.0,2,-0.282647,2.0,9487.96,84.7927,-22.5718,-1.49577,1.80052,3.15987,5.00947,27.3049,25.9398,25.3324,25.0269,24.7694,24.591,24.4169,24.2472,24.0815,23.8565,23.6086,23.1695,22.3527,21.041,19.3209,14.382,0.742152,76.2587,69.9585,76.301,69.178
63.64444065093994,0.7790945513068637,0.0,0.0,2,-0.272699,2.0,9396.8,83.9305,-23.0258,-1.48539,1.80528,3.22117,5.46989,27.3878,25.9499,25.3113,24.9903,24.7199,24.5325,24.3498,24.1717,23.9979,23.7618,23.5018,23.0413,22.2097,20.9045,19.1956,14.3062,0.743126,75.4933,69.1251,75.631,68.451
63.66531586647034,0.7557047411618382,0.0,0.0,2,-0.263293,2.0,9306.08,83.058,-23.4804,-1.4726,1.81977,3.30502,30.682,27.5122,25.9946,25.322,24.9842,24.6998,24.5028,24.3108,24.1236,23.9411,23.6931,23.4202,22.9369,22.0716,20.7717,19.0724,14.2277,0.7427,74.7824,68.3608,74.9593,67.732
63.68444776535034,0.7074568049438298,0.0,0.0,2,-0.254448,2.0,9215.62,82.1768,-23.9344,-1.45788,1.84375,3.41283,31.0547,27.6818,26.0765,25.3668,25.0107,24.7111,24.5037,24.3016,24.1047,23.9127,23.6519,23.365,22.8573,21.9487,20.6426,18.9515,14.1467,0.740928,74.1023,67.6407,74.2859,67.019
63.70674729347229,0.6016985925210925,0.0,0.0,2,-0.246182,2.0,9125.08,81.2892,-24.3865,-1.44158,1.87694,3.54635,31.5019,27.9013,26.1989,25.4485,25.0724,24.7563,24.5375,24.3244,24.1169,23.9146,23.64,23.3381,22.804,21.8492,20.5174,18.833,14.0636,0.737865,73.5165,67.0353,73.6089,66.3084
63.725077867507935,0.4428237730438585,0.0,0.0,2,-0.238505,2.0,9034.39,80.3994,-24.8354,-1.42403,1.91903,3.70781,32.0334,28.1757,26.3655,25.5701,25.1721,24.8378,24.6066,24.3816,24.1624,23.9489,23.6594,23.3411,22.7785,21.7741,20.3961,18.717,13.9785,0.733571,73.1515,66.6814,72.9283,65.5993
63.74638772010803,0.3331303181493953,0.0,0.0,2,-0.231416,2.0,8943.78,79.5146,-25.2793,-1.40544,1.96965,3.90037,32.6605,28.511,26.5803,25.7351,25.3129,24.9586,24.7137,24.4755,24.2437,24.018,23.712,23.3759,22.7825,21.7245,20.2796,18.6036,13.8916,0.72811,73.0897,66.6599,72.2454,64.8934
63.76641011238098,0.23148941603762843,0.0,0.0,2,-0.2249,2.0,8853.75,78.6434,-25.7154,-1.38601,2.0285,4.12855,33.3962,28.9134,26.8476,25.947,25.4979,25.1215,24.8616,24.6089,24.3631,24.124,23.8,23.4445,22.8174,21.7015,20.1808,18.4925,13.8029,0.721541,73.1605,66.7898,71.5635,64.1948
63.786126136779785,0.20430865333176312,0.0,0.0,2,-0.21892,2.0,8764.86,77.7907,-26.1407,-1.36587,2.09521,4.39826,34.2558,29.39,27.1718,26.2093,25.7304,25.3294,25.0528,24.7841,24.523,24.2691,23.9253,23.5485,22.8847,21.706,20.104,18.3834,13.7125,0.713929,73.212,66.9036,70.8862,63.5089
63.80612277984619,0.19821699456078312,0.0,0.0,2,-0.213418,2.0,8677.48,76.9555,-26.5513,-1.34581,2.16947,4.7212,35.2559,29.9479,27.5572,26.5254,26.0132,25.585,25.2899,25.0035,24.7253,24.4551,24.0896,23.6893,22.9854,21.7385,20.0493,18.2756,13.6201,0.705338,73.0017,66.7647,70.2145,62.8401
63.82615375518799,0.1988156865520676,0.0,0.0,2,-0.208326,2.0,8591.58,76.1308,-26.9427,-1.32633,2.25103,5.12007,36.4166,30.5948,28.0085,26.8988,26.3494,25.8908,25.5751,25.269,24.972,24.6838,24.2943,23.8683,23.1203,21.7993,20.0165,18.1684,13.5254,0.695826,72.5451,66.3803,69.5477,62.1894
63.84906315803528,0.1994103858115077,0.0,0.0,2,-0.203579,2.0,8506.88,75.3116,-27.3099,-1.30755,2.33963,5.64841,37.7624,31.3402,28.5309,27.3335,26.7423,26.2498,25.9112,25.5833,25.2654,24.9572,24.5412,24.0868,23.2905,21.8888,20.0055,18.063,13.4282,0.685451,71.938,65.8415,68.8831,61.5552
63.86646580696106,0.20000247164646784,0.0,0.0,2,-0.199128,2.0,8423.04,74.496,-27.649,-1.28943,2.435,6.543,39.325,32.1959,29.1311,27.8345,27.1965,26.6659,26.3018,25.9494,25.6083,25.2779,24.8326,24.3469,23.4975,22.0077,20.0162,17.9717,13.3285,0.674268,71.2536,65.221,68.2181,60.9346
63.88573408126831,0.20059245222281913,0.0,0.0,2,-0.194958,2.0,8339.78,73.6833,-27.9577,-1.27171,2.53665,63.1758,41.1483,33.1783,29.8191,28.4096,27.7186,27.1452,26.7523,26.3726,26.0055,25.6504,25.1724,24.6519,23.7439,22.1578,20.0494,17.8968,13.2264,0.662333,70.5253,64.552,67.5524,60.324
63.90558958053589,0.20118061792105935,0.0,0.0,2,-0.19107,2.0,8257.01,72.8731,-28.2358,-1.25419,2.64412,69.6998,43.2923,34.3095,30.6077,29.0689,28.3175,27.6955,27.2701,26.8597,26.4633,26.0805,25.566,25.0067,24.0337,22.3415,20.1065,17.8389,13.1221,0.649699,69.7741,63.8553,66.8867,59.7209
63.9273636341095,0.20176696874118846,0.0,0.0,2,-0.187476,2.0,8174.65,72.0654,-28.4833,-1.23635,2.75699,78.2255,45.8386,35.6179,31.5137,29.8254,29.0047,28.3272,27.8648,27.4194,26.9899,26.5758,26.0201,25.4173,24.3717,22.5623,20.1892,17.7988,13.0161,0.636421,69.0143,63.1449,66.2219,59.1231
63.946300745010376,0.2161831370639081,0.0,0.0,2,-0.18438,2.0,8092.64,71.2602,-28.7006,-1.21772,2.87484,89.8094,48.9004,37.1407,32.5581,30.6953,29.7945,29.053,28.5482,28.0627,27.5955,27.1456,26.5432,25.8913,24.7641,22.8242,20.2997,17.7773,12.9087,0.622557,68.2486,62.4238,65.5588,58.5291
63.96842432022095,0.23113627853393556,0.0,0.0,2,-0.181753,2.0,8010.95,70.4568,-28.8889,-1.19821,2.99721,106.411,52.6384,38.9265,33.7679,31.6993,30.7047,29.8889,29.3348,28.8031,28.2924,27.8016,27.1458,26.4379,25.2182,23.1321,20.4406,17.7757,12.8003,0.608177,67.4419,61.6594,64.8981,57.9376
63.98535752296448,0.2391578549468123,0.0,0.0,2,-0.179457,2.0,7929.48,69.6543,-29.0493,-1.17795,3.1236,132.119,57.2889,41.0403,35.1777,32.8634,31.7579,30.8547,30.243,29.6573,29.0961,28.5579,27.8404,27.0682,25.743,23.4918,20.6152,17.7955,12.6913,0.593338,66.6081,60.863,64.2396,57.3474
64.00408864021301,0.2398413442009132,0.0,0.0,2,-0.177502,2.0,7848.17,68.8531,-29.183,-1.15693,3.25354,177.111,63.21,43.5695,36.832,34.2203,32.9822,31.975,31.2953,30.6461,30.0255,29.4318,28.6425,27.7958,26.3491,23.9103,20.8269,17.8382,12.5819,0.578088,65.7806,60.0661,63.5831,56.7577
64.02550482749939,0.23312299919128418,0.0,0.0,2,-0.175888,2.0,7767.02,68.054,-29.2908,-1.13531,3.38655,200.0,70.9743,46.635,38.7892,35.8124,34.4134,33.2811,32.5198,31.7949,31.104,30.4447,29.571,28.6369,27.0494,24.3955,21.0797,17.9055,12.4726,0.562477,64.9801,59.2909,62.9281,56.1688
64.04513907432556,0.19168992907212676,0.0,0.0,2,-0.174612,2.0,7686.0,67.2588,-29.3744,-1.11408,3.52211,200.0,81.559,50.4096,41.1277,37.6949,36.0979,34.813,33.9528,33.1365,32.361,31.6234,30.6492,29.6121,27.8592,24.957,21.3784,17.9993,12.3634,0.54656,64.2227,58.5555,62.2748,55.5804
64.06793880462646,0.10013363447720434,0.007843017578125,0.0,2,-0.173668,2.0,7605.24,66.4707,-29.435,-1.09346,3.65977,122.504,96.778,55.1488,43.9556,39.942,38.0972,36.6229,35.641,34.713,33.8346,33.002,31.9068,30.7464,28.7979,25.6062,21.7281,18.1219,12.2547,0.530377,63.5993,57.9476,61.6237,54.9934
64.08960151672363,0.004213694522630733,0.509796142578125,0.0,2,-0.173034,2.0,7538.72,65.6971,-29.4728,-1.07343,3.79894,37.5835,120.411,61.2437,47.4238,42.6536,40.4925,38.7795,37.6453,36.5783,35.5728,34.6236,33.381,32.0714,29.8886,26.3564,22.1349,18.2754,12.1466,0.513977,63.2099,57.5629,61.0569,54.5322
64.1100242137909,-0.02956739188520238,0.823516845703125,0.0,2,-0.172523,2.0,8735.5,65.1095,-29.5024,-1.05308,3.93981,26.028,161.54,69.2676,51.7176,45.9426,43.3716,41.3533,40.0265,38.785,37.6211,36.5276,35.1037,33.6124,31.1479,27.2144,22.5993,18.4582,12.0379,0.497403,63.0149,57.3779,66.7042,66.7042
64.12888407707214,-0.13755850123484928,0.49999237060546875,0.0,2,-0.17199,2.0,10019.1,64.771,-29.5717,-1.03335,4.08271,21.4124,200.0,80.2318,57.1303,49.9834,46.8691,44.4528,42.8777,41.4135,40.0489,38.7742,37.1248,35.4097,32.6031,28.1932,23.1251,18.6705,11.9277,0.480686,62.84,57.2453,76.3468,76.3468
64.14668416976929,-0.25105664245612175,0.49999237060546875,0.0,2,-0.171755,2.0,10167.3,64.5896,-29.7257,-1.01603,4.22655,18.8403,200.0,96.4255,64.3005,55.1649,51.2922,48.3312,46.4212,44.6597,43.0302,41.5184,39.5769,37.5756,34.3383,29.3439,23.7387,18.9255,11.8187,0.463795,62.9698,57.3487,77.8552,77.8552
64.16505146026611,-0.32494123706078903,0.49999237060546875,0.0,2,-0.171531,2.0,10275.7,64.4581,-29.9003,-1.00282,4.37263,17.2075,200.0,122.249,74.059,61.915,56.9501,53.224,50.8522,48.6863,46.7007,44.8741,42.5495,40.1782,36.3947,30.6813,24.4406,19.2198,11.7167,0.446716,63.3252,57.6568,78.7089,78.7089
64.18515253067017,-0.3889816658456965,0.49999237060546875,0.0,2,-0.170867,2.0,10338.8,64.3794,-30.0633,-0.995064,4.52328,16.1131,80.247,168.454,87.7169,70.8139,64.2301,59.4068,56.3874,53.6639,51.1952,48.9471,46.1179,43.2676,38.7929,32.2011,25.2183,19.5424,11.6215,0.42944,63.6698,58.0258,79.2058,79.2058
64.20506930351257,-0.4691411185191572,0.49999237060546875,0.0,2,-0.169541,2.0,10375.3,64.352,-30.1886,-0.992954,4.68058,15.3584,50.5362,200.0,107.746,82.8159,73.7365,67.2919,63.3433,59.8367,56.7021,53.8834,50.3835,46.9099,41.5597,33.8995,26.0593,19.8831,11.5298,0.411964,63.9497,58.4169,79.4931,79.4931
64.22550082206726,-0.5229867949026649,0.49999237060546875,0.0,2,-0.167409,2.0,10399.7,64.3726,-30.2612,-0.995677,4.84626,14.8289,38.9945,200.0,139.492,99.6484,86.4955,77.5508,72.2227,67.5845,63.5106,59.9042,55.4992,51.2054,44.7395,35.7799,26.9547,20.2344,11.4397,0.394296,64.2414,58.8792,79.683,79.683
64.2473816871643,-0.5565894920557104,0.49999237060546875,0.0,2,-0.164289,2.0,10421.0,64.4396,-30.273,-1.00135,5.02152,14.4516,32.9281,200.0,197.086,124.804,104.408,91.3595,83.879,77.536,72.0902,67.364,61.7083,56.3149,48.4081,37.8586,27.9022,20.5927,11.3502,0.376437,64.4897,59.3559,79.8457,79.8457
64.27830386161804,-0.5563799624066554,0.49999237060546875,0.0,2,-0.160271,2.0,10444.9,64.5471,-30.2254,-1.00858,5.207,14.1758,29.209,125.653,200.0,166.579,131.452,110.989,99.8915,90.8176,83.2608,76.8704,69.4198,62.5074,52.6974,40.1741,28.9093,20.9593,11.2613,0.358389,64.6774,59.7995,80.0281,80.0281
64.2917857170105,-0.5561006545116827,0.49999237060546875,0.0,2,-0.155548,2.0,10468.5,64.6904,-30.1194,-1.01191,5.39837,13.9645,26.6868,78.6478,200.0,200.0,177.469,141.408,123.495,109.618,98.5508,89.5197,79.3497,70.243,57.8297,42.797,29.9949,21.341,11.1746,0.340153,64.7717,60.1433,80.2099,80.2099
64.30513715744019,-0.5557652121618933,0.49999237060546875,0.0,2,-0.150278,2.0,10488.7,64.8625,-29.9656,-1.0104,5.57899,13.7936,24.8499,59.5037,200.0,200.0,200.0,195.446,162.155,138.563,120.972,107.351,92.7448,80.2761,64.1425,45.8239,31.183,21.7458,11.0914,0.321748,64.8543,60.4323,80.366,80.366
64.32826638221741,-0.5553820165432496,0.49999237060546875,0.0,2,-0.144564,2.0,10504.0,65.0591,-29.7722,-1.00467,5.74759,13.6491,23.4429,49.0744,144.423,200.0,200.0,200.0,200.0,189.184,157.228,134.517,111.902,93.8812,72.1383,49.3767,32.4982,22.18,11.0126,0.303182,64.9485,60.6937,80.4853,80.4853
64.3485381603241,-0.45722913843548296,0.49999237060546875,0.0,2,-0.13845,2.0,10514.6,65.2778,-29.5448,-0.996238,5.90472,13.5233,22.3262,42.4986,93.6543,200.0,200.0,200.0,200.0,200.0,200.0,180.991,141.592,113.4,82.6067,53.611,33.9644,22.6482,10.9388,0.284464,65.0557,60.9428,80.5681,80.5681
64.37499713897705,-0.26575999069232586,0.49999237060546875,0.0,2,-0.131988,2.0,10521.9,65.5133,-29.2804,-0.986993,6.05077,13.41,21.412,37.9565,71.2986,127.407,200.0,200.0,200.0,200.0,200.0,200.0,193.882,143.809,96.927,58.7539,35.6133,23.1563,10.8706,0.265603,64.9517,61.0013,80.6254,80.6254
64.38824987411499,-0.03218156173815485,0.49999237060546875,0.0,2,-0.125264,2.0,10527.2,65.7515,-28.9836,-0.977924,6.18577,13.3032,20.64,34.6048,58.6463,90.0196,126.01,193.858,200.0,200.0,200.0,200.0,200.0,198.027,117.807,65.1641,37.4922,23.714,10.8092,0.246612,64.5832,60.8057,80.6664,80.6664
64.40852403640747,-0.004205670142292976,0.49999237060546875,0.0,2,-0.118375,2.0,10531.8,65.9786,-28.6614,-0.969371,6.30969,13.1978,19.9689,32.0037,50.4437,70.9691,90.6736,119.797,155.482,200.0,200.0,200.0,200.0,200.0,151.262,73.4179,39.6653,24.3335,10.7559,0.2275,63.9146,60.3112,80.7013,80.7013
64.43259048461914,0.0,0.49999237060546875,0.0,2,-0.111333,2.0,10538.0,66.1926,-28.3384,-0.97457,6.42303,13.093,19.3764,29.9178,44.6761,59.3907,72.0722,88.6489,106.088,132.083,174.965,200.0,200.0,200.0,200.0,84.4168,42.2009,25.0228,10.711,0.208268,63.3376,59.8425,80.748,80.748
64.44435954093933,0.0024582812568414956,0.49999237060546875,0.0,2,-0.104005,2.0,10547.5,66.4042,-28.0063,-0.990391,6.52722,12.9928,18.8566,28.224,40.4333,51.6649,60.6712,71.6048,82.1921,96.4621,116.739,147.824,200.0,200.0,200.0,99.5632,45.149,25.7783,10.6731,0.1889,63.0402,59.6123,80.82,80.82
64.4708890914917,0.0032701151825189592,0.49999237060546875,0.0,2,-0.0964463,2.0,10558.8,66.6194,-27.6546,-1.00807,6.62238,12.8945,18.3917,26.8107,37.1616,46.1138,52.9292,60.8025,68.0376,77.2339,89.3126,105.879,143.045,200.0,200.0,121.785,48.626,26.6122,10.643,0.169394,62.913,59.5404,80.9059,80.9059
64.49433779716492,0.0032675741498470303,0.49999237060546875,0.0,2,-0.0887817,2.0,10569.7,66.8396,-27.2849,-1.02293,6.70813,12.7938,17.9637,25.5941,34.5269,41.8811,47.264,53.2626,58.5783,65.0783,73.2071,83.6636,104.593,146.501,200.0,157.871,52.8252,27.547,10.6225,0.149754,62.8999,59.5746,80.9902,80.9902
64.50804495811462,0.001175799692264758,0.49999237060546875,0.0,2,-0.092356,2.0,10578.7,67.0643,-26.9031,-1.03244,6.78395,12.6864,17.5583,24.515,32.3235,38.4961,42.8752,47.6229,51.7184,56.5892,62.4782,69.7416,83.3106,107.158,200.0,200.0,58.049,28.6145,10.614,0.130178,62.9696,59.6794,81.0602,81.0602
64.5331518650055,-0.002447649916137258,0.49999237060546875,0.0,2,-0.106275,2.0,10584.6,67.2924,-26.5172,-1.03633,6.84949,12.5694,17.1653,23.5344,30.4245,35.6869,39.326,43.1862,46.4473,50.2451,54.7238,60.084,69.6428,85.1385,146.206,200.0,64.7714,29.8531,10.6195,0.111709,63.1048,59.8332,81.1066,81.1066
64.54629778862,-0.10460819223906348,0.49999237060546875,0.0,2,-0.12029,2.0,10587.3,67.5234,-26.1344,-1.03572,6.90461,12.4414,16.7792,22.6282,28.7516,33.2918,36.365,39.5673,42.2272,45.2742,48.7991,52.9237,60.0353,70.9425,107.678,200.0,73.7615,31.3087,10.6411,0.0945179,63.2883,60.0191,81.1285,81.1285
64.57417273521423,-0.23334427017929715,0.49999237060546875,0.0,2,-0.134433,2.0,10600.8,67.7518,-25.7696,-1.04206,6.9495,12.3027,16.398,21.7823,27.2562,31.2112,33.8398,36.5382,38.7488,41.2475,44.0944,47.3671,52.867,60.9689,85.6117,200.0,86.3618,33.0348,10.6801,0.0786129,63.7989,60.4991,81.2125,81.2125
64.5861222743988,-0.4529310057678422,0.49999237060546875,0.0,2,-0.148899,2.0,10665.6,67.9543,-25.4762,-1.08662,6.98375,12.1502,16.0134,20.9744,25.8843,29.3511,31.6187,33.9171,35.7779,37.8578,40.1978,42.8495,47.2163,53.451,71.0878,200.0,105.512,35.134,10.7402,0.0639661,64.614,61.2163,81.7064,81.7064
64.61527872085571,-0.49440768319755796,0.49999237060546875,0.0,2,-0.163782,2.0,10703.6,68.178,-25.2291,-1.12166,7.0075,11.9834,15.6237,20.1956,24.6101,27.6629,29.6318,31.6051,33.1868,34.9379,36.8872,39.0699,42.6046,47.5276,60.712,136.949,138.105,37.7347,10.824,0.0505559,65.8006,62.1967,82.0108,82.0108
64.62922763824463,-0.4939219103073031,0.49999237060546875,0.0,2,-0.17868,2.0,10714.2,68.4549,-25.0022,-1.14474,7.02317,11.8127,15.2456,19.4702,23.4594,26.168,27.8936,29.6066,30.968,32.4631,34.1126,35.9417,38.8639,42.8537,53.1025,102.16,200.0,40.8982,10.927,0.0383835,66.6182,62.9674,82.0999,82.0999
64.65380954742432,-0.482752083522353,0.49999237060546875,0.0,2,-0.193318,2.0,10707.5,68.7741,-24.7622,-1.1604,7.0323,11.6437,14.8875,18.8063,22.4343,24.8585,26.3866,27.8914,29.0786,30.3737,31.7921,33.3521,35.8173,39.1298,47.3677,82.0893,200.0,44.7191,11.0461,0.0274553,66.9756,63.4078,82.055,82.055
64.66912961006165,-0.270223062479496,0.49999237060546875,0.0,2,-0.207486,2.0,10687.1,69.12,-24.4876,-1.16922,7.03587,11.4798,14.5531,18.2049,21.5273,23.7166,25.0843,26.4217,27.4704,28.6081,29.8464,31.1994,33.318,36.1284,42.942,69.1625,200.0,49.3241,11.1788,0.0177867,67.2071,63.7522,81.9031,81.9031
64.6941773891449,-0.20361503235398792,0.49999237060546875,0.0,2,-0.221124,2.0,10659.7,69.483,-24.1481,-1.17305,7.03402,11.3207,14.2401,17.658,20.7201,22.7136,23.9492,25.1504,26.0875,27.0992,28.1948,29.385,31.2349,33.6631,39.4308,60.1637,200.0,54.9268,11.3246,0.00940235,67.0626,63.7594,81.6944,81.6944
64.70849370956421,-0.152345992741889,0.49999237060546875,0.0,2,-0.234351,2.0,10633.1,69.8412,-23.764,-1.17432,7.02601,11.1631,13.9415,17.1509,19.9869,21.8134,22.9379,24.0255,24.87,25.7782,26.7572,27.8158,29.4507,31.5777,36.5452,53.4734,200.0,61.9311,11.4863,0.00233277,66.8792,63.693,81.4893,81.4893
64.73560070991516,-0.12404275360982865,0.49999237060546875,0.0,2,-0.247115,2.0,10613.4,70.1942,-23.3603,-1.18669,7.01208,11.0072,13.6563,16.6795,19.3182,21.0015,22.0317,23.0236,23.7908,24.6129,25.4958,26.4465,27.9069,29.7925,34.1347,48.3117,159.834,70.85,11.6636,-0.00341694,66.7947,63.7095,81.3343,81.3343
64.74913334846497,-0.07632938694457213,0.49999237060546875,0.0,2,-0.259201,2.0,10606.0,70.548,-22.947,-1.22483,6.99323,10.856,13.3884,16.2474,18.7156,20.2772,21.2279,22.1397,22.8426,23.5935,24.3973,25.2599,26.5787,28.2709,32.1219,44.2696,121.574,82.28,11.8523,-0.00786837,66.7909,63.8201,81.2733,81.2733
64.7772274017334,-0.07211078319900949,0.49999237060546875,0.0,2,-0.270558,2.0,10608.6,70.9089,-22.4929,-1.27009,6.96972,10.7096,13.1367,15.8506,18.1713,19.6288,20.5122,21.3565,22.0056,22.6971,23.4354,24.2251,25.4281,26.9632,30.4226,41.0322,99.3157,97.2485,12.0508,-0.0110406,66.7775,63.9451,81.2897,81.2897
64.79361414909363,-0.06801555212077126,0.49999237060546875,0.0,2,-0.281411,2.0,10616.1,71.2763,-21.9934,-1.30835,6.94054,10.5634,12.8933,15.4757,17.6649,19.031,19.8556,20.6415,21.244,21.8845,22.5666,23.2944,24.3991,25.8023,28.9377,38.3283,84.5165,118.024,12.2638,-0.012931,66.8758,64.1751,81.3462,81.3462
64.81074285507202,-0.06792450639162709,0.49999237060546875,0.0,2,-0.292066,2.0,10622.5,71.6494,-21.4607,-1.33248,6.90442,10.4124,12.6494,15.1086,17.1768,18.4596,19.231,19.9642,20.5251,21.1201,21.7522,22.4252,23.4435,24.7315,27.5878,35.9666,73.6811,149.709,12.4986,-0.0135226,67.069,64.4671,81.3964,81.3964
64.82776188850403,-0.07592549552681545,0.49999237060546875,0.0,2,-0.302759,2.0,10624.8,72.0267,-20.9146,-1.34329,6.86041,10.2532,12.3992,14.7402,16.6938,17.8988,18.6209,19.3055,19.828,20.3812,20.9678,21.5908,22.531,23.7155,26.324,33.8338,65.212,200.0,12.7623,-0.012795,67.344,64.7931,81.4157,81.4157
64.8574001789093,-0.09335157292540867,0.49999237060546875,0.0,2,-0.313622,2.0,10622.9,72.4072,-20.3705,-1.34409,6.8081,10.084,12.1401,14.3661,16.2103,17.3415,18.0172,18.6562,19.143,19.6573,20.2016,20.7786,21.6469,22.7369,25.1217,31.8706,58.3148,200.0,13.0605,-0.0107334,67.6972,65.1517,81.4027,81.4027
64.87265539169312,-0.0932327618081371,0.49999237060546875,0.0,2,-0.3248,2.0,10668.6,72.7605,-19.8869,-1.37808,6.74726,9.90384,11.8701,13.9833,15.7214,16.782,17.4135,18.0093,18.4622,18.94,19.4446,19.9785,20.7799,21.7824,23.9624,30.0338,52.5096,200.0,13.3996,-0.00735076,68.123,65.5322,81.7387,81.7387
64.88880634307861,-0.09311919680869579,0.49999237060546875,0.0,2,-0.336554,2.0,10733.3,73.0982,-19.4705,-1.4297,6.67747,9.7104,11.5857,13.5862,15.2199,16.2117,16.8003,17.3544,17.7747,18.2174,18.6842,19.1769,19.9148,20.8348,22.8236,28.2785,47.4554,200.0,13.7903,-0.0026768,68.5319,65.8419,82.2285,82.2285
64.90593814849854,-0.09300105827063322,0.49999237060546875,0.0,2,-0.349003,2.0,10758.3,73.4495,-19.1009,-1.46353,6.59872,9.50351,11.2864,13.1744,14.7052,15.6296,16.1766,16.6903,17.0793,17.4882,17.9186,18.3722,19.0496,19.8915,21.701,26.5921,42.9894,200.0,14.2419,0.00328461,68.9303,66.1055,82.4358,82.4358
64.9363477230072,-0.08834868262319266,0.49999237060546875,0.0,2,-0.361862,2.0,10756.4,73.8128,-18.7559,-1.48355,6.51207,9.28748,10.9791,12.7573,14.1892,15.0496,15.5571,16.0328,16.3922,16.7695,17.1659,17.5829,18.2042,18.974,20.6196,25.007,39.1001,196.29,14.7531,0.0105545,69.3135,66.3743,82.4286,82.4286
64.95292806625366,-0.09275321283211312,0.49999237060546875,0.0,2,-0.374886,2.0,10736.8,74.1865,-18.4158,-1.49144,6.41838,9.06554,10.6685,12.3418,13.6804,14.4808,14.9516,15.3919,15.7241,16.0722,16.4374,16.8208,17.391,18.0954,19.5934,23.5375,35.7339,136.04,15.3225,0.0191474,69.6646,66.6554,82.2844,82.2844
64.96994233131409,-0.08810627228813059,0.49999237060546875,0.0,2,-0.387839,2.0,10707.2,74.5706,-18.0643,-1.48927,6.3183,8.84033,10.3584,11.933,13.1846,13.9297,14.3668,14.7748,15.0822,15.4038,15.7406,16.0938,16.6178,17.2634,18.6303,22.1881,32.8283,103.664,15.9477,0.0290793,70.0219,66.9907,82.0593,82.0593
64.98719620704651,-0.09249161314876875,0.49999237060546875,0.0,2,-0.400519,2.0,10675.8,74.9644,-17.6877,-1.48099,6.2123,8.61362,10.0515,11.5338,12.7053,13.3999,13.8063,14.1851,14.4699,14.7676,15.0789,15.4049,15.8878,16.4812,17.7322,20.9555,30.3174,83.6266,16.6259,0.0403623,70.3447,67.3433,81.8182,81.8182
65.01917171478271,-0.13796704630189202,0.49999237060546875,0.0,2,-0.412793,2.0,10649.4,75.3662,-17.2806,-1.47055,6.10059,8.38626,9.74861,11.1453,12.2433,12.8918,13.2705,13.6228,13.8874,14.1636,14.4521,14.7537,15.1999,15.7469,16.8958,19.8292,28.135,70.0693,17.3551,0.0530039,70.6751,67.7421,81.6131,81.6131
65.03675150871277,-0.2715776195362173,0.49999237060546875,0.0,2,-0.424548,2.0,10631.3,75.7772,-16.8473,-1.46096,5.98333,8.15875,9.45028,10.7677,11.7984,12.4051,12.7586,13.0871,13.3334,13.5903,13.8584,14.1384,14.5517,15.0577,16.1166,18.7985,26.2257,60.3215,18.1325,0.0670016,71.1249,68.2892,81.4711,81.4711
65.05495524406433,-0.3285301425166428,0.49999237060546875,0.0,2,-0.435516,2.0,10621.1,76.2026,-16.4135,-1.45422,5.86111,7.93292,9.15893,10.4039,11.3738,11.943,12.274,12.5812,12.8114,13.0512,13.3011,13.5619,13.9465,14.4163,15.3969,17.8627,24.5633,53.087,18.9447,0.0823319,71.8105,69.1391,81.3907,81.3907
65.07050323486328,-0.4001560046980878,0.49999237060546875,0.0,2,-0.445032,2.0,10613.9,76.6678,-15.9574,-1.45212,5.73542,7.71361,8.88128,10.0626,10.9797,11.5165,11.8283,12.1172,12.3336,12.5588,12.7933,13.0378,13.398,13.8375,14.7524,17.0398,23.1617,47.7694,19.7513,0.0989344,72.2586,69.9494,81.3356,81.3356
65.09101414680481,-0.43812802167282505,0.49999237060546875,0.0,2,-0.452177,2.0,10599.0,77.1723,-15.4618,-1.45333,5.60812,7.5069,8.6258,9.75472,10.6289,11.1397,11.436,11.7104,11.9158,12.1294,12.3518,12.5834,12.9244,13.34,14.2038,16.3545,22.0487,44.0634,20.4849,0.116728,72.5601,70.8496,81.2268,81.2268
65.109046459198,-0.45721203826321166,0.49999237060546875,0.0,2,-0.455941,2.0,10567.3,77.7336,-14.8089,-1.45677,5.48109,7.31879,8.4008,9.49099,10.3341,10.8262,11.1115,11.3757,11.5733,11.7788,11.9927,12.2154,12.5431,12.9423,13.7712,15.8309,21.2542,41.8219,21.0605,0.135615,72.7469,71.8363,80.9913,80.9913
65.12911176681519,-0.4561626550021457,0.49999237060546875,0.0,2,-0.455993,2.0,10515.0,78.3585,-13.92,-1.46189,5.35464,7.14969,8.2066,9.27145,10.0949,10.5756,10.8543,11.1124,11.3054,11.5061,11.715,11.9325,12.2526,12.6425,13.4521,15.4637,20.76,40.8412,21.4333,0.155543,72.9197,72.866,80.5985,80.5985
65.14788722991943,-0.415676019215025,0.9999847412109375,0.0,2,-0.452422,2.0,10441.2,79.045,-12.7664,-1.46845,5.22822,6.99726,8.03965,9.09126,9.90552,10.3812,10.6572,10.9128,11.1041,11.303,11.5101,11.7258,12.0434,12.4304,13.2347,15.2371,20.5365,40.9991,21.5964,0.17649,73.1094,73.8808,80.0413,80.0413
65.17120575904846,-0.3861532735188156,0.49999237060546875,0.0,2,-0.446183,2.0,11565.4,79.8768,-11.4529,-1.47594,5.09989,6.85365,7.88855,8.93507,9.74718,10.2224,10.4984,10.7541,10.9456,11.1448,11.3524,11.5687,11.8873,12.2759,13.0848,15.1059,20.5053,42.0686,21.6102,0.198454,73.4032,74.7621,88.2627,88.2627
65.19129252433777,-0.3576807969110012,0.49999237060546875,0.0,2,-0.438874,2.0,11083.6,80.7971,-10.1862,-1.48437,4.9671,6.70775,7.73685,8.78046,9.5925,10.0686,10.3454,10.6021,10.7944,10.9946,11.2033,11.421,11.7419,12.1337,12.9507,15.0011,20.5422,43.6393,21.5768,0.221359,73.9545,75.5696,85.0921,85.0921
65.20610523223877,-0.29718886598784877,0.9999847412109375,0.0,2,-0.430227,2.0,10694.4,81.6907,-8.81081,-1.49389,4.8305,6.56138,7.58721,8.63111,9.44606,9.92499,10.2038,10.4626,10.6567,10.8589,11.0699,11.29,11.6149,12.0122,12.8424,14.9372,20.6807,46.0012,21.4837,0.245165,74.4885,76.4253,82.0875,82.0875
65.23867082595825,-0.2351884000681378,0.49999237060546875,0.0,2,-0.420464,2.0,11621.4,82.6292,-7.37035,-1.50471,4.68966,6.41264,7.43691,8.48348,9.3037,9.78705,10.0689,10.3308,10.5274,10.7325,10.9466,11.1702,11.5006,11.9052,12.7532,14.9065,20.9148,49.3702,21.3489,0.269861,75.0217,77.2126,88.7483,88.7483
65.25542569160461,-0.12847834476566314,0.49999237060546875,0.0,2,-0.411117,2.0,11009.8,83.5988,-6.03401,-1.51717,4.54215,6.25121,7.27049,8.3162,9.13892,9.62508,9.90901,10.1732,10.3717,10.5789,10.7954,11.0218,11.3567,11.7675,12.6307,14.8372,21.1055,53.2315,21.2588,0.295383,75.7613,77.8792,84.57,84.57
65.27290081977844,-0.11269482398598052,0.9999847412109375,0.0,2,-0.402762,2.0,10553.0,84.4947,-4.65406,-1.53109,4.38677,6.07282,7.08152,8.12029,8.94049,9.4264,9.71063,9.97541,10.1745,10.3825,10.6,10.8277,11.1648,11.579,12.4515,14.6956,21.1822,57.2455,21.2404,0.321744,76.4724,78.4012,81.0092,81.0092
65.28898310661316,-0.1123228323769945,0.49999237060546875,0.0,2,-0.395838,2.0,11462.7,85.3711,-3.52102,-1.54544,4.22276,5.87453,6.86544,7.88922,8.70007,9.1815,9.46347,9.7264,9.92426,10.1311,10.3476,10.5743,10.9105,11.3239,12.1968,14.454,21.0789,60.8646,21.3113,0.348938,77.3656,78.9691,87.5401,87.5401
65.30506229400635,-0.11194362504761511,0.9999847412109375,0.0,2,-0.390091,2.0,10865.7,86.2645,-2.70581,-1.56134,4.05177,5.6599,6.62696,7.62885,8.42444,8.89772,9.17521,9.43418,9.62919,9.83319,10.0468,10.2707,10.6029,11.0119,11.8772,14.1253,20.812,63.9798,21.4512,0.376785,78.3136,79.6381,83.446,83.446
65.33749771118164,-0.12676993771457673,0.49999237060546875,0.0,2,-0.384578,2.0,11727.1,87.1412,-2.06298,-1.5786,3.87641,5.43653,6.37699,7.35396,8.13179,8.59534,8.86745,9.12158,9.31307,9.51352,9.72354,9.94382,10.2709,10.6741,11.5286,13.7591,20.4836,67.4182,21.6079,0.405138,79.1202,80.3871,89.5737,89.5737
65.35345506668091,-0.21658066129889122,0.9999847412109375,0.0,2,-0.378686,2.0,11101.6,88.0287,-1.57518,-1.59626,3.69864,5.20953,6.12277,7.07429,7.83399,8.28768,8.5543,8.80354,8.99148,9.18834,9.39474,9.61138,9.93333,10.3307,11.1747,13.3891,20.1671,72.1893,21.7473,0.433846,79.8764,81.2352,85.2652,85.2652
65.36928224563599,-0.25859318858453356,0.49999237060546875,0.0,2,-0.370946,2.0,11949.4,88.8881,-1.25317,-1.61401,3.52209,4.98922,5.8793,6.81044,7.55672,8.00361,8.26669,8.51289,8.69874,8.89357,9.09804,9.31286,9.63251,10.0277,10.8694,13.0938,20.0484,81.984,21.7938,0.462684,80.3661,82.1285,91.2795,91.2795
65.38541293144226,-0.272797464102041,0.9999847412109375,0.0,2,-0.360186,2.0,11325.2,89.7404,-0.827709,-1.63238,3.3497,4.78335,5.65791,6.57815,7.3198,7.76571,8.02884,8.27552,8.46199,8.65774,8.86345,9.07989,9.40253,9.80238,10.6577,12.9422,20.3188,106.805,21.6928,0.491432,80.7806,83.1886,86.9703,86.9703
65.41655254364014,-0.2719416296604322,0.49999237060546875,0.0,2,-0.347064,2.0,12203.9,90.5569,-0.285053,-1.65237,3.18111,4.5883,5.45295,6.36958,7.11364,7.56331,7.8295,8.0796,8.26903,8.46821,8.6779,8.89894,9.22924,9.63989,10.5233,12.9164,20.9953,186.418,21.4867,0.519939,81.2378,84.1966,93.2179,93.2179
65.4336302280426,-0.3022778254892913,0.9999847412109375,0.0,2,-0.331855,2.0,11618.0,91.3636,0.393097,-1.67408,3.01605,4.40223,5.26181,6.18147,6.93464,7.39277,7.66501,7.92152,8.11629,8.32151,8.53805,8.76685,9.10977,9.53789,10.4655,13.0249,22.2023,200.0,21.2001,0.548146,81.7416,85.1933,89.1936,89.1936
65.45185542106628,-0.34262714161634444,0.49999237060546875,0.0,2,-0.315239,2.0,12544.8,92.127,1.08293,-1.6968,2.85428,4.22213,5.07966,6.00708,6.77457,7.245,7.52585,7.79137,7.99355,8.20716,8.43314,8.6726,9.03283,9.48482,10.4728,13.2621,24.0958,200.0,20.8716,0.575903,82.1787,85.9619,95.8166,95.8166
65.46837759017944,-0.3501783679885324,0.9999847412109375,0.0,2,-0.296696,2.0,11988.4,92.8718,1.87981,-1.71847,2.69681,4.05107,4.91156,5.85436,6.64454,7.13346,7.42702,7.70574,7.91872,8.14445,8.38409,8.63893,9.02411,9.51044,10.5856,13.7132,27.3237,200.0,20.4883,0.603146,82.5279,86.7141,92.0211,92.0211
65.4854187965393,-0.3492326768557386,0.49999237060546875,0.0,2,-0.276819,2.0,12952.8,93.5662,2.73436,-1.73929,2.54356,3.88684,4.75399,5.71866,6.53939,7.05293,7.36341,7.65968,7.88708,8.12903,8.38697,8.66247,9.08127,9.61424,10.8093,14.4234,32.9971,178.548,20.0814,0.629727,82.9111,87.4223,98.9264,98.9264
65.51618361473083,-0.34831027391184277,0.49999237060546875,0.0,2,-0.25529,2.0,12415.3,94.2435,3.73008,-1.75867,2.39492,3.7311,4.61024,5.60616,6.46895,7.01624,7.34998,7.67046,7.91778,8.18223,8.46561,8.77002,9.23618,9.83541,11.2042,15.5678,45.0801,130.281,19.6465,0.655629,83.2957,88.1676,95.2888,95.2888
65.53650379180908,-0.34758425440882956,0.9999847412109375,0.0,2,-0.233138,2.0,12139.9,94.7766,4.64058,-1.77723,2.25033,3.57956,4.47334,5.50703,6.42156,7.01112,7.3743,7.72572,7.99871,8.29236,8.60907,8.95164,9.48103,10.1702,11.7823,17.3003,80.8461,102.57,19.2222,0.6807,83.668,88.7554,93.0945,93.0945
65.55079889297485,-0.34685619208222873,0.49999237060546875,0.0,2,-0.210914,2.0,13261.3,95.3112,5.55849,-1.79461,2.10982,3.43043,4.34013,5.41694,6.39273,7.03369,7.4333,7.82346,8.12897,8.46,8.81984,9.21237,9.82583,10.6373,12.594,19.9847,200.0,84.9536,18.8238,0.704811,84.0154,89.1721,101.248,101.248
65.56712317466736,-0.3461027987431424,0.49999237060546875,0.0,2,-0.187556,2.0,12806.7,95.8644,6.61759,-1.81005,1.97435,3.28908,4.22063,5.354,6.41126,7.122,7.57185,8.01616,8.36766,8.75211,9.1743,9.64005,10.379,11.378,13.8919,24.9768,200.0,72.2222,18.4204,0.728016,84.3302,89.6781,98.2609,98.2609
65.5953311920166,-0.34552263684427986,0.49999237060546875,0.0,2,-0.163775,2.0,12572.5,96.2904,7.61206,-1.82541,1.84363,3.15278,4.11054,5.31344,6.47491,7.27813,7.79616,8.31538,8.73154,9.19228,9.70514,10.2794,11.2095,12.5048,15.9741,36.0359,200.0,62.8628,18.0324,0.750209,84.617,90.1063,96.4032,96.4032
65.61035943031311,-0.3450698109490409,0.49999237060546875,0.0,2,-0.140507,2.0,12477.0,96.6229,8.51905,-1.86368,1.71724,3.01767,4.00283,5.28503,6.57347,7.4951,8.10336,8.72428,9.23031,9.79945,10.4442,11.1808,12.4073,14.1887,19.4291,74.8586,154.296,55.9512,17.68,0.771273,84.8676,90.3557,95.6282,95.6282
65.62525653839111,-0.3446931142794977,0.49999237060546875,0.0,2,-0.118281,2.0,12463.1,96.8995,9.30164,-1.91144,1.59505,2.88152,3.89295,5.2619,6.70146,7.77311,8.50055,9.26033,9.89282,10.6189,11.461,12.4491,14.1601,16.8024,25.8643,200.0,118.056,50.7607,17.3695,0.791152,85.1139,90.4692,95.4996,95.4996
65.6551125049591,-0.34435795502290134,0.49999237060546875,0.0,2,-0.0970486,2.0,12486.9,97.1456,9.95746,-1.952,1.4777,2.7456,3.78247,5.24771,6.87116,8.13889,9.03006,9.98863,10.8092,11.7777,12.938,14.353,16.9504,21.3752,41.9073,200.0,96.8197,46.7207,17.0933,0.809797,85.349,90.5224,95.6727,95.6727
65.67098259925842,-0.34404513063752873,0.49999237060546875,0.0,2,-0.0765823,2.0,12524.6,97.3753,10.5107,-1.98029,1.36604,2.61242,3.67554,5.25203,7.109,8.64708,9.77824,11.0441,12.1707,13.5543,15.2943,17.5484,22.1137,31.479,153.201,200.0,82.7602,43.4566,16.8419,0.827165,85.5718,90.5672,95.9589,95.9589
65.68573307991028,-0.34374469938192054,0.49999237060546875,0.0,2,-0.0566829,2.0,12565.4,97.5959,10.9863,-1.9969,1.26092,2.48457,3.57685,5.2876,7.45635,9.39294,10.907,12.7003,14.3918,16.6045,19.623,23.9851,34.8288,72.0858,200.0,168.991,72.6807,40.7372,16.6078,0.843219,85.7772,90.622,96.2707,96.2707
65.71278715133667,-0.3434710972094287,0.49999237060546875,0.0,2,-0.037185,2.0,12631.1,97.7968,11.4239,-2.02567,1.16306,2.36458,3.49162,5.37178,7.98186,10.5588,12.7596,15.6089,18.573,22.9289,29.9571,43.2029,113.44,200.0,200.0,131.325,65.0368,38.4145,16.3855,0.857931,85.9679,90.6924,96.7441,96.7441
65.72726464271545,-0.34323317635559947,0.49999237060546875,0.0,2,-0.0175818,2.0,12718.8,97.9715,11.9035,-2.08052,1.07319,2.25662,3.43031,5.54258,8.84569,12.6206,16.3457,22.042,29.3508,43.916,87.1911,200.0,200.0,200.0,200.0,107.546,58.8826,36.3487,16.1654,0.87132,86.1182,90.7944,97.4366,97.4366
65.75396013259888,-0.294337312188933,0.49999237060546875,0.0,2,0.00211924,2.0,12769.2,98.1577,12.3729,-2.11317,0.99172,2.16268,3.39958,5.84277,10.3451,16.8609,25.4016,45.6367,105.908,200.0,200.0,200.0,200.0,200.0,157.231,91.1513,53.8148,34.497,15.9472,0.883373,86.2408,90.9099,97.8324,97.8324
65.76851320266724,-0.19514979051890938,0.49999237060546875,0.0,2,0.0216872,2.0,12803.9,98.3481,12.8214,-2.13384,0.919059,2.08411,3.40543,6.33621,13.2126,28.9658,79.6183,200.0,200.0,200.0,200.0,200.0,200.0,174.102,124.374,79.2689,49.6099,32.8454,15.7341,0.894062,86.5132,91.1593,98.1026,98.1026
65.79530429840088,-0.1263206647042272,0.49999237060546875,0.0,2,0.0408556,2.0,12827.9,98.5492,13.2321,-2.1446,0.855561,2.02234,3.45534,7.13745,20.024,200.0,200.0,200.0,200.0,200.0,200.0,195.967,162.063,135.329,103.404,70.3617,46.107,31.3816,15.5293,0.903374,87.0373,91.6087,98.2903,98.2903
65.80820512771606,-0.023807373262631396,0.49999237060546875,0.0,2,0.0593154,2.0,12844.3,98.772,13.5775,-2.14696,0.801618,1.97896,3.55861,8.47277,50.6998,200.0,200.0,200.0,200.0,193.449,168.67,149.528,129.042,111.59,89.0562,63.5356,43.1881,30.0955,15.3357,0.911295,87.6434,92.0686,98.4184,98.4184
65.83437514305115,-0.004642474952072216,0.49999237060546875,0.0,2,0.0767175,2.0,12856.2,99.0223,13.8457,-2.14457,0.757543,1.95537,3.72572,10.8503,200.0,200.0,200.0,194.277,169.373,150.139,134.836,122.373,108.364,95.8429,78.8111,58.2389,40.7661,28.9792,15.1563,0.917828,88.3858,92.573,98.511,98.511
65.84634280204773,0.0,0.49999237060546875,0.0,2,0.0927517,2.0,12865.4,99.3085,13.9875,-2.14117,0.723716,1.95332,3.96956,15.7103,200.0,200.0,183.027,153.373,137.476,124.574,113.893,104.907,94.4821,84.8604,71.2874,54.0988,38.768,28.0221,14.9928,0.922975,88.9619,92.842,98.582,98.582
65.87193965911865,0.0015540873356920976,0.9999847412109375,0.0,2,0.107369,2.0,12873.7,99.6211,13.9963,-2.14513,0.700848,1.97696,4.31446,29.6972,200.0,181.502,148.934,128.742,117.385,107.877,99.8004,92.8553,84.6225,76.8493,65.5883,50.8077,37.1077,27.1998,14.8436,0.926731,89.44,93.002,98.6457,98.6457
65.88505482673645,0.00800968137703836,0.49999237060546875,0.0,2,0.120794,2.0,14150.3,100.072,13.9942,-2.16482,0.689465,2.03204,4.80318,200.0,200.0,150.159,127.2,112.207,103.501,96.0562,89.617,83.9928,77.2184,70.713,61.0954,48.1114,35.6956,26.479,14.7045,0.929129,89.902,93.1779,108.018,108.018
65.90715312957764,0.015663223308585585,0.49999237060546875,0.0,2,0.134191,2.0,13729.1,100.619,14.0876,-2.19012,0.690162,2.13284,5.56469,200.0,180.027,128.068,111.01,99.4368,92.5531,86.567,81.314,76.6675,70.9969,65.4743,57.1674,45.6753,34.3764,25.7863,14.5617,0.930277,90.3938,93.5748,105.328,105.328
65.92938280105591,0.03859960803329944,0.49999237060546875,0.0,2,0.147161,2.0,13463.0,101.108,14.092,-2.21754,0.703351,2.28477,6.73287,200.0,149.875,112.063,98.7965,89.5357,83.9243,78.9805,74.5921,70.6708,65.8339,61.0685,53.7959,43.5228,33.1746,25.1382,14.4195,0.93016,90.9223,94.0152,103.25,103.25
65.9510645866394,0.05717506919056178,0.49999237060546875,0.0,2,0.159062,2.0,13289.9,101.56,13.9582,-2.24361,0.729477,2.49048,8.49165,200.0,129.837,100.478,89.6872,81.9946,77.2679,73.0617,69.2947,65.902,61.6818,57.4853,51.0061,41.6959,32.1261,24.5583,14.2837,0.928733,91.5349,94.4302,101.891,101.891
65.97297978401184,0.060533806251709656,0.49999237060546875,0.0,2,0.169577,2.0,13194.1,101.992,13.6692,-2.27192,0.769009,2.75342,11.1464,200.0,116.023,91.9962,82.8663,76.2567,72.1525,68.4724,65.1541,62.1472,58.3826,54.6118,48.7359,40.176,31.2313,24.0511,14.1563,0.925966,92.1783,94.779,101.127,101.127
65.98352789878845,0.06043226894887785,0.9999847412109375,0.0,2,0.178878,2.0,13166.3,102.408,13.2667,-2.3191,0.822435,3.08133,15.3417,200.0,105.938,85.5223,77.5706,71.7453,68.0986,64.8093,61.8275,59.1124,55.6956,52.2532,46.8491,38.8879,30.4549,23.6003,14.0344,0.921867,92.7613,95.0667,100.902,100.902
66.00700092315674,0.06029802491869156,0.49999237060546875,0.0,2,0.18747,2.0,14418.3,102.958,12.8692,-2.34897,0.890485,3.48975,22.8189,176.224,97.9568,80.2192,73.1725,67.9597,64.6746,61.697,58.9858,56.507,53.3736,50.2015,45.1897,37.7355,29.7455,23.179,13.9125,0.916453,93.2989,95.3907,110.082,110.082
66.02912974357605,0.06013986104312663,0.49999237060546875,0.0,2,0.196472,2.0,13949.6,103.606,12.6052,-2.36911,0.974178,4.01638,41.7308,154.368,90.7126,75.2662,69.0172,64.3526,61.3942,58.7002,56.2367,53.9755,51.1055,48.186,43.5451,36.5771,29.0204,22.7413,13.7803,0.909812,93.8351,95.9451,107.037,107.037
66.04972076416016,0.05999512157058033,0.49999237060546875,0.0,2,0.205323,2.0,13629.0,104.199,12.2688,-2.38194,1.07366,4.67201,142.973,137.398,84.47,70.885,65.3018,61.1004,58.421,55.9708,53.7218,51.6503,49.0108,46.3144,42.0039,35.4755,28.3184,22.3097,13.6433,0.901924,94.4065,96.5018,104.542,104.542
66.06827712059021,0.05986087754039404,0.9999847412109375,0.0,2,0.213205,2.0,13408.6,104.749,11.7824,-2.38762,1.18861,5.44825,200.0,124.925,79.4704,67.2931,62.2249,58.3864,55.9273,53.6708,51.5932,49.674,47.2209,44.706,40.6667,34.5047,27.6868,21.9124,13.508,0.892732,95.0251,96.9479,102.816,102.816
66.0863242149353,0.06321344109982252,0.49999237060546875,0.0,2,0.220015,2.0,14541.5,105.398,11.2594,-2.38864,1.31896,6.34502,200.0,115.609,75.4714,64.3613,59.6911,56.1358,53.8498,51.7465,49.8049,48.0073,45.7038,43.3353,39.5167,33.6564,27.1231,21.5492,13.3747,0.88223,95.6768,97.3588,111.068,111.068
66.1040153503418,0.06302426750808954,0.49999237060546875,0.0,2,0.226821,2.0,13979.3,106.13,10.838,-2.38943,1.46588,7.42724,200.0,107.442,71.7757,61.6097,57.2971,53.9984,51.8701,49.9068,48.0903,46.4048,44.2397,42.0075,38.3954,32.8207,26.5602,21.1813,13.2346,0.870519,96.3502,97.9796,107.292,107.292
66.13089156150818,0.06285499332423011,0.9999847412109375,0.0,2,0.232944,2.0,13617.6,106.785,10.2835,-2.39381,1.62835,8.67459,200.0,100.823,68.6263,59.2271,55.2094,52.1238,50.1273,48.2816,46.5704,44.9797,42.9322,40.8163,37.3817,32.0549,26.0351,20.8311,13.0932,0.85758,97.0549,98.5512,104.461,104.461
66.14770293235779,0.06266943780665596,0.49999237060546875,0.0,2,0.237954,2.0,14675.4,107.503,9.68368,-2.40314,1.80515,10.0468,200.0,95.7421,66.0915,57.2781,53.4885,50.5691,48.6759,46.9228,45.2949,43.7794,41.8255,39.8027,36.5112,31.3866,25.5663,20.5101,12.9535,0.843402,97.7898,99.0446,112.117,112.117
66.17131185531616,0.06246656721989314,0.49999237060546875,0.0,2,0.242842,2.0,14059.6,108.288,9.17337,-2.41645,1.99769,11.6347,200.0,91.1187,63.7087,55.4264,51.8458,49.0795,47.2817,45.6143,44.0638,42.6184,40.7522,38.8167,35.6601,30.7273,25.0985,20.1859,12.8079,0.82809,98.5288,99.7143,107.924,107.924
66.19027328491211,0.06228798941676816,0.9999847412109375,0.0,2,0.246891,2.0,13672.5,108.979,8.50547,-2.43234,2.20378,13.3564,200.0,87.3813,61.7062,53.8478,50.436,47.794,46.0742,44.4771,42.9902,41.6026,39.8089,37.9459,34.9021,30.1317,24.6672,19.8799,12.6617,0.81163,99.2979,100.312,104.886,104.886
66.20854663848877,0.062093130279928445,0.49999237060546875,0.0,2,0.249715,2.0,14705.6,109.733,7.78843,-2.44839,2.42131,15.1077,200.0,84.6259,60.1573,52.6037,49.315,46.7641,45.1018,43.5569,42.1174,40.773,39.0336,37.2255,34.2676,29.6226,24.2878,19.602,12.5176,0.794016,100.09,100.825,112.36,112.36
66.22925090789795,0.061881731375505525,0.9999847412109375,0.0,2,0.252351,2.0,14066.8,110.551,7.17541,-2.47035,2.65227,17.022,200.0,82.0593,58.6813,51.4088,48.2339,45.768,44.1594,42.6632,41.2681,39.9643,38.2763,36.52,33.6435,29.1179,23.9079,19.3208,12.3681,0.775371,100.874,101.53,107.985,107.985
66.24728488922119,0.05824238269645721,0.49999237060546875,0.0,2,0.254393,2.0,14989.3,111.38,6.55535,-2.49239,2.89419,18.9989,200.0,79.9057,57.3975,50.3548,47.2742,44.8788,43.3152,41.8599,40.5021,39.2326,37.588,35.8759,33.0691,28.6471,23.5469,19.0482,12.2166,0.75573,101.684,102.203,114.56,114.56
66.26705932617188,0.04837736688931783,0.9999847412109375,0.0,2,0.256319,2.0,14261.5,112.249,6.00952,-2.5133,3.14795,21.1226,200.0,77.8433,56.1468,49.3215,46.3307,44.0028,42.4821,41.0659,39.7441,38.5076,36.9048,35.2352,32.4959,28.1747,23.1821,18.7709,12.0601,0.735185,102.492,102.971,109.512,109.512
66.28365302085876,0.04227396626769255,0.49999237060546875,0.0,2,0.257738,2.0,15119.4,113.121,5.42196,-2.53197,3.41117,23.271,200.0,76.0813,55.039,48.394,45.4782,43.2072,41.7228,40.34,39.0488,37.8404,36.2736,34.6408,31.9602,27.7275,22.8312,18.4995,11.9011,0.713739,103.313,103.678,115.578,115.578
66.31158351898193,0.042113885603124894,0.9999847412109375,0.0,2,0.259131,2.0,14341.2,114.018,4.89992,-2.54894,3.68547,25.5632,200.0,74.3335,53.9287,47.461,44.6194,42.4046,40.9562,39.6064,38.3456,37.1653,35.6342,34.038,31.416,27.272,22.4723,18.2211,11.7369,0.691459,104.138,104.486,110.137,110.137
66.3318681716919,0.0419554110990713,0.49999237060546875,0.0,2,0.259942,2.0,15169.3,114.906,4.35521,-2.56435,3.96693,27.7874,198.295,72.8894,52.9678,46.64,43.8577,41.6883,40.2692,38.9463,37.7104,36.5532,35.0519,33.4862,30.9136,26.8452,22.13,17.9505,11.5712,0.668359,105.005,105.226,115.972,115.972
66.35335326194763,0.057160375813155744,0.9999847412109375,0.0,2,0.26045,2.0,14374.3,115.813,3.86167,-2.57949,4.25574,29.9968,193.518,71.5859,52.0738,45.8677,43.1377,41.0085,39.6154,38.3167,37.1032,35.9669,34.4923,32.9544,30.4268,26.4283,21.792,17.6807,11.4025,0.644526,105.885,106.032,110.388,110.388
66.36430525779724,0.10793913472652436,0.49999237060546875,0.0,2,0.259892,2.0,15201.9,116.702,3.35106,-2.58714,4.54482,31.8162,192.74,70.8028,51.4463,45.2988,42.5959,40.4884,39.1098,37.8248,36.6243,35.5002,34.0419,32.521,30.0221,26.0706,21.4908,17.4317,11.2362,0.620014,106.83,106.745,116.226,116.226
66.38533043861389,0.13639778383852294,0.9999847412109375,0.0,2,0.257521,2.0,14408.3,117.607,2.93418,-2.59058,4.82397,32.825,199.119,70.9244,51.2851,45.0869,42.3676,40.2499,38.8659,37.5766,36.3728,35.2464,33.7858,32.2638,29.7654,25.8209,21.2588,17.2237,11.0781,0.595027,107.899,107.398,110.638,110.638
66.40658903121948,0.1680664245013396,0.49999237060546875,0.0,2,0.252175,2.0,15247.8,118.488,2.34882,-2.59728,5.0784,32.5303,200.0,72.6542,51.9352,45.4931,42.6812,40.4975,39.0731,37.7482,36.513,35.3586,33.8642,32.3093,29.763,25.7574,21.1466,17.0878,10.9369,0.569765,109.018,107.857,116.579,116.579
66.4243175983429,0.16742395765001575,0.9999847412109375,0.0,2,0.244091,2.0,14483.3,119.373,1.67677,-2.60957,5.30496,31.2712,200.0,76.1957,53.4415,46.5383,43.5499,41.2395,39.7372,38.3433,37.0467,35.8375,34.2757,32.6552,30.0109,25.875,21.1498,17.0209,10.8124,0.544431,110.126,108.346,111.181,111.181
66.45124793052673,0.1668156105071803,0.49999237060546875,0.0,2,0.233963,2.0,15379.5,120.211,0.879258,-2.62386,5.5061,29.5883,200.0,81.7096,55.7806,48.1825,44.9308,42.4319,40.8142,39.3182,37.9308,36.6406,34.9794,33.2621,30.4732,26.1441,21.247,17.0093,10.7015,0.519216,111.119,108.847,117.579,117.579
66.47086215019226,0.1606626797976593,0.9999847412109375,0.0,2,0.222447,2.0,14656.1,121.056,0.0541869,-2.62924,5.68607,27.8531,200.0,89.5596,58.9669,50.4066,46.7962,44.043,42.2705,40.6381,39.1298,37.7324,35.9401,34.0954,31.1173,26.5376,21.4184,17.0399,10.6014,0.494239,112.065,109.445,112.476,112.476
66.49001550674438,0.14934689794677,0.49999237060546875,0.0,2,0.210555,2.0,15602.8,121.848,-0.702764,-2.63736,5.85224,26.3483,200.0,99.9029,62.862,53.074,49.0168,45.9507,43.9893,42.1915,40.5378,39.0117,37.0631,35.0677,31.8678,26.9979,21.626,17.0896,10.5068,0.469686,112.808,110.065,119.275,119.275
66.50803303718567,0.13847450517210178,0.9999847412109375,0.0,2,0.198123,2.0,14919.5,122.647,-1.46899,-2.65092,6.00328,24.9928,200.0,114.312,67.785,56.3678,51.7345,48.2704,46.0711,44.0667,42.2326,40.548,38.408,36.2295,32.7626,27.5487,21.8825,17.1651,10.4193,0.445602,113.614,110.739,114.484,114.484
66.52917265892029,0.1380122189941071,0.49999237060546875,0.0,2,0.186063,2.0,15901.2,123.406,-2.1205,-2.66915,6.14654,23.906,148.336,133.645,73.5657,60.1116,54.783,50.8471,48.3693,46.1252,44.0833,42.2175,39.8608,37.4768,33.7139,28.1259,22.1474,17.2427,10.3339,0.42213,114.24,111.423,121.548,121.548
66.5523202419281,0.1375383604348451,0.9999847412109375,0.0,2,0.173662,2.0,15216.5,124.184,-2.76423,-2.69029,6.27619,22.9147,100.767,163.128,80.9902,64.7497,58.5085,53.9654,51.1341,48.5885,46.2878,44.1983,41.576,38.9427,34.8256,28.7977,22.4603,17.3447,10.2555,0.399275,114.965,112.085,116.771,116.771
66.58087611198425,0.1370858194200229,0.49999237060546875,0.0,2,0.161498,2.0,16203.5,124.927,-3.30516,-2.71341,6.39658,22.0734,77.9772,200.0,90.2511,70.2691,62.863,57.5635,54.2988,51.3883,48.7774,46.4224,43.4884,40.5659,36.0433,29.5235,22.7954,17.4559,10.1812,0.377181,115.571,112.729,123.859,123.859
66.59295105934143,0.13658455258933827,0.9999847412109375,0.0,2,0.147512,2.0,15464.3,125.75,-3.92289,-2.72039,6.51128,21.1811,62.6524,200.0,104.645,78.3337,69.0878,62.6296,58.7143,55.2639,52.2003,49.462,46.0837,42.7541,37.671,30.4869,23.2458,17.6193,10.1108,0.353756,116.382,113.442,118.665,118.665
66.61553072929382,0.1361003397942055,0.49999237060546875,0.0,2,0.133482,2.0,16550.8,126.545,-4.46392,-2.70967,6.61162,20.379,52.8614,200.0,125.557,89.0316,77.092,69.0053,64.2009,60.0263,56.3654,53.1292,49.1822,45.3409,39.5678,31.5908,23.7588,17.8117,10.0496,0.331444,117.075,114.109,126.52,126.52
66.64330434799194,0.13560638183590026,0.9999847412109375,0.0,2,0.118548,2.0,15782.5,127.356,-5.11337,-2.70688,6.6914,19.5725,45.5974,200.0,161.371,105.035,88.5674,77.8944,71.7267,66.4686,61.9333,57.9815,53.2332,48.6854,41.983,32.9748,24.4034,18.0673,10.0045,0.310213,117.891,114.756,121.118,121.118
66.65981721878052,0.10701493873796425,0.49999237060546875,0.0,2,0.103789,2.0,16863.4,128.139,-5.69095,-2.71068,6.75943,18.8558,40.3847,200.0,200.0,128.765,104.54,89.776,81.5562,74.7206,68.947,64.0063,58.177,52.7016,44.8167,34.5524,25.1232,18.354,9.96866,0.29021,118.539,115.408,128.914,128.914
66.67504954338074,0.07806331890191884,0.9999847412109375,0.0,2,0.0887791,2.0,16032.0,128.963,-6.33062,-2.6916,6.81344,18.181,36.3195,130.938,200.0,169.026,129.13,107.041,95.393,86.0375,78.3581,71.9427,64.552,57.7788,48.3023,36.4309,25.9627,18.6914,9.94543,0.271384,119.364,116.181,123.058,123.058
66.70521426200867,0.03668115509984394,0.49999237060546875,0.0,2,0.0752665,2.0,17046.2,129.784,-6.7664,-2.66349,6.86705,17.6569,33.4667,95.4776,200.0,200.0,165.054,130.201,113.146,100.048,89.6739,81.2549,71.8235,63.4221,52.0376,38.3522,26.7846,19.0101,9.92137,0.253857,120.009,117.076,130.341,130.341
66.72282218933105,0.0019016161991190165,0.9999847412109375,0.0,2,0.0629303,2.0,16208.3,130.623,-7.14468,-2.65049,6.91865,17.2337,31.3379,77.268,200.0,200.0,200.0,163.328,137.053,118.068,103.709,92.4703,80.2988,69.8098,56.1005,40.3433,27.6012,19.3168,9.89784,0.237521,120.768,118.086,124.398,124.398
66.74049210548401,-0.0009066577270130316,0.49999237060546875,0.0,2,0.0531723,2.0,17259.7,131.451,-7.25664,-2.66044,6.97883,16.9744,29.9779,67.6691,200.0,200.0,200.0,200.0,165.075,138.003,118.567,103.936,88.6364,75.8836,59.7876,42.0438,28.2526,19.5398,9.86229,0.222411,121.322,119.158,131.966,131.966
66.77218437194824,-0.0032233292359113695,0.9999847412109375,0.0,2,0.0448338,2.0,16424.2,132.319,-7.21896,-2.68626,7.03952,16.7911,28.9851,61.4736,190.16,200.0,200.0,200.0,200.0,161.772,135.433,116.478,97.4056,82.0632,63.3801,43.6163,28.8238,19.7227,9.82323,0.208401,121.981,120.137,126.061,126.061
66.79196691513062,-0.00401058536947084,0.49999237060546875,0.0,2,0.0382101,2.0,17458.9,133.183,-6.94516,-2.70691,7.10232,16.6888,28.326,57.5521,152.75,200.0,200.0,200.0,200.0,187.782,152.888,128.938,105.758,87.7463,66.5355,44.9191,29.2642,19.8462,9.77834,0.195569,122.572,121.102,133.5,133.5
66.81361436843872,-0.0039939560634332395,0.9999847412109375,0.0,2,0.031809,2.0,16581.6,134.082,-6.64868,-2.67428,7.15651,16.581,27.7135,54.2649,128.883,200.0,200.0,200.0,200.0,200.0,175.279,144.248,115.608,94.2417,70.0174,46.3121,29.7305,19.982,9.74043,0.183848,123.411,122.028,127.282,127.282
66.83745050430298,-0.003977363752514744,0.49999237060546875,0.0,2,0.0263483,2.0,17574.1,134.979,-6.24924,-2.65154,7.20713,16.5039,27.2433,51.8424,114.155,200.0,200.0,200.0,200.0,200.0,200.0,160.771,125.734,100.677,73.3212,47.574,30.135,20.0928,9.70353,0.173303,124.105,122.915,134.398,134.398
66.8522641658783,-0.0008881884583334128,0.9999847412109375,0.0,2,0.0211846,2.0,16667.7,135.903,-5.88359,-2.64263,7.25043,16.4243,26.8085,49.7642,103.212,200.0,200.0,200.0,200.0,200.0,200.0,180.773,137.37,107.807,76.8436,48.8771,30.5485,20.2097,9.67262,0.16382,124.933,123.812,127.943,127.943
66.8777506351471,0.0,0.49999237060546875,0.0,2,0.0172865,2.0,17561.4,136.863,-5.34635,-2.59964,7.29342,16.3897,26.5342,48.4011,96.5153,192.352,200.0,200.0,200.0,200.0,200.0,199.602,147.693,113.871,79.6956,49.8727,30.8409,20.2791,9.63913,0.155449,125.615,124.739,134.362,134.362
66.90515518188477,0.0,0.9999847412109375,0.0,2,0.0142099,2.0,16583.7,137.842,-4.73768,-2.5333,7.33351,16.3773,26.3483,47.4356,91.973,173.742,200.0,200.0,200.0,200.0,200.0,200.0,157.038,119.159,82.0815,50.6665,31.0593,20.3222,9.60647,0.148105,126.461,125.757,127.275,127.275
66.91836953163147,0.0005311301909387111,0.9999847412109375,0.0,2,0.0127761,2.0,17529.5,138.779,-3.98286,-2.49034,7.37676,16.4265,26.3518,47.162,90.3249,166.896,200.0,200.0,200.0,200.0,200.0,200.0,161.448,121.514,83.0459,50.9209,31.0852,20.2917,9.5672,0.141819,127.126,126.753,134.095,134.095
66.9489758014679,0.0008731195502883443,0.49999237060546875,0.0,2,0.0112817,2.0,18116.6,139.899,-3.48091,-2.48499,7.4125,16.4569,26.3226,46.8259,88.5834,160.203,200.0,200.0,200.0,200.0,200.0,200.0,166.533,124.219,84.167,51.2408,31.1421,20.2788,9.5352,0.136339,128.083,127.738,138.635,138.635
66.9662356376648,0.001812315816292539,0.9999847412109375,0.0,2,0.00948256,2.0,17041.5,140.925,-3.07645,-2.50987,7.44024,16.4596,26.2347,46.3391,86.425,152.617,200.0,200.0,200.0,200.0,200.0,200.0,173.442,127.876,85.7069,51.7161,31.2605,20.295,9.51144,0.131513,129.121,128.726,130.832,130.832
66.99654865264893,0.0018041503182705493,0.49999237060546875,0.0,2,0.00824326,2.0,17971.6,141.867,-2.61065,-2.50694,7.46634,16.4771,26.1998,46.056,85.0926,147.978,200.0,200.0,200.0,200.0,200.0,200.0,178.452,130.448,86.7458,52.0134,31.3204,20.2915,9.48813,0.127367,129.983,129.703,137.473,137.473
67.01564288139343,0.0017961321806162598,0.9999847412109375,0.0,2,0.00678652,2.0,17069.4,142.792,-2.2369,-2.45607,7.48567,16.4726,26.1199,45.6622,83.4663,142.707,200.0,200.0,200.0,200.0,200.0,200.0,184.994,133.792,88.1135,52.432,31.4287,20.3112,9.4718,0.123812,130.937,130.622,130.969,130.969
67.03214478492737,0.0,0.9999847412109375,0.0,2,0.00575894,2.0,18071.7,143.691,-1.87463,-2.41962,7.50333,16.4784,26.0784,45.4149,82.4085,139.309,200.0,200.0,200.0,200.0,200.0,200.0,189.855,136.211,89.0729,52.7107,31.4927,20.3167,9.45627,0.120831,131.668,131.439,138.239,138.239
67.0497829914093,-0.0008512416239082812,0.49999237060546875,0.0,2,0.00457686,2.0,18641.0,144.809,-1.68662,-2.39404,7.51624,16.4688,26.0057,45.0918,81.1534,135.491,200.0,200.0,200.0,200.0,200.0,200.0,195.953,139.228,90.278,53.0776,31.5914,20.3388,9.44567,0.118267,132.62,132.364,142.713,142.713
67.08026146888733,-0.005531747768400238,0.9999847412109375,0.0,2,0.00352782,2.0,17371.6,145.935,-1.4788,-2.27882,7.52717,16.4594,25.9401,44.8072,80.0718,132.279,200.0,200.0,200.0,200.0,200.0,200.0,200.0,142.041,91.3853,53.4123,31.6818,20.3596,9.43676,0.116049,133.661,133.43,133.358,133.358
67.10189056396484,-0.022992417845763266,0.9999847412109375,0.0,2,0.00344103,2.0,18215.3,146.916,-1.18316,-2.18335,7.54226,16.4896,25.9836,44.8684,80.1345,132.271,200.0,200.0,200.0,200.0,200.0,200.0,200.0,142.066,91.3418,53.3603,31.6419,20.3309,9.42194,0.1142,134.454,134.413,139.394,139.394
67.12303757667542,-0.022859162267753853,0.49999237060546875,0.0,2,0.00414913,2.0,18677.2,148.093,-0.972419,-2.13276,7.56167,16.5547,26.1204,45.2201,81.1479,134.891,200.0,200.0,200.0,200.0,200.0,200.0,197.417,139.756,90.3352,52.9845,31.4921,20.2596,9.4014,0.112553,135.384,135.511,142.969,142.969
67.1426727771759,-0.022750248192949223,0.9999847412109375,0.0,2,0.0055868,2.0,17679.5,149.055,-0.696345,-2.13945,7.58599,16.6543,26.3483,45.8557,83.1078,140.231,200.0,200.0,200.0,200.0,200.0,200.0,189.104,135.487,88.4916,52.3179,31.2408,20.1482,9.37485,0.110991,136.325,136.605,135.617,135.617
67.16519856452942,-0.022651863233484327,0.9999847412109375,0.0,2,0.00749033,2.0,18705.0,149.924,-0.411918,-2.1502,7.61369,16.7774,26.6389,46.6935,85.7899,147.867,200.0,200.0,200.0,200.0,200.0,200.0,179.177,130.267,86.1986,51.4832,30.9284,20.0119,9.34439,0.109464,137.079,137.471,143.095,143.095
67.18926310539246,-0.015509890532142795,0.49999237060546875,0.0,2,0.0097062,2.0,19231.0,151.033,-0.147205,-2.06965,7.64433,16.9186,26.9779,47.6934,89.1054,157.798,200.0,200.0,200.0,200.0,200.0,200.0,168.859,124.683,83.6828,50.5514,30.5773,19.8589,9.31086,0.107894,138.03,138.495,147.223,147.223
67.21132373809814,-0.0008212560277680556,0.9999847412109375,0.0,2,0.0119383,2.0,18122.3,152.037,0.106949,-2.00697,7.67603,17.0643,27.3295,48.7455,92.7098,169.221,200.0,200.0,200.0,200.0,200.0,200.0,159.565,119.501,81.2806,49.6406,30.2286,19.7054,9.27664,0.106236,139.017,139.485,139.081,139.081
67.23238611221313,0.004456027471286555,0.9999847412109375,0.0,3,0.0134012,2.0,19039.8,152.956,0.287071,-1.96356,7.70258,17.1736,27.5846,49.4952,95.2974,177.756,200.0,200.0,200.0,200.0,200.0,200.0,153.905,116.254,79.7288,49.0306,29.986,19.5942,9.24879,0.104489,139.892,140.205,145.734,145.734
67.25567746162415,0.0096772101688385,0.9999847412109375,0.0,3,0.0139939,3.0,15033.4,153.604,0.318834,-1.79756,7.72295,17.2395,27.7234,49.8664,96.5041,181.676,200.0,200.0,200.0,200.0,200.0,200.0,151.567,114.871,79.0357,48.738,29.8585,19.5296,9.22821,0.102667,140.85,140.985,135.554,135.636
67.27614402770996,0.009685980935096742,0.9999847412109375,0.0,3,0.0137135,3.0,15006.2,153.426,0.254426,-1.65439,7.73692,17.261,27.7424,49.8425,96.2237,180.354,200.0,200.0,200.0,200.0,200.0,200.0,152.285,115.234,79.165,48.7544,29.8443,19.5115,9.21497,0.100785,141.022,140.97,135.346,135.261
67.29722952842712,0.010987492294550563,0.9999847412109375,0.0,3,0.0129477,3.0,13946.4,153.219,0.149981,-1.58609,7.74708,17.2571,27.6936,49.5982,95.1287,176.221,200.0,200.0,200.0,200.0,200.0,200.0,154.756,116.593,79.7591,48.945,29.894,19.5196,9.20602,0.0988954,140.918,140.759,134.923,134.598
67.32003569602966,0.007337444848691424,0.9999847412109375,0.0,3,0.0119535,3.0,14815.8,153.706,0.0466869,-1.56886,7.75515,17.2407,27.6128,49.254,93.6887,171.045,200.0,200.0,200.0,200.0,200.0,200.0,158.182,118.475,80.5902,49.2222,29.9752,19.5407,9.19936,0.0970369,141.022,140.814,142.999,142.999
67.34030866622925,0.0,0.9999847412109375,0.0,3,0.0109655,3.0,15035.6,154.608,-0.0611617,-1.50555,7.76294,17.2241,27.5327,48.9168,92.304,166.21,200.0,200.0,200.0,200.0,200.0,200.0,161.755,120.416,81.4378,49.5028,30.0574,19.5623,9.19296,0.095216,141.769,141.565,145.206,145.206
67.36136651039124,-0.002878756805062294,0.9999847412109375,0.0,3,0.0102856,3.0,15138.5,155.589,-0.150727,-1.37232,7.77294,17.223,27.4943,48.7171,91.4313,163.143,200.0,200.0,200.0,200.0,200.0,200.0,164.238,121.734,81.9935,49.674,30.0995,19.5675,9.184,0.0934198,142.602,142.463,146.23,146.23
67.38326215744019,-0.009524999030418693,0.9999847412109375,0.0,3,0.0100314,3.0,15205.6,156.596,-0.176536,-1.28049,7.78625,17.2438,27.5139,48.7032,91.2232,162.231,200.0,200.0,200.0,200.0,200.0,200.0,165.017,122.109,82.119,49.6875,30.0845,19.5495,9.17127,0.0916329,143.444,143.389,146.888,146.888
67.40524625778198,-0.01657109889909625,0.9999847412109375,0.0,3,0.0102922,3.0,15191.6,157.655,-0.163617,-1.1707,7.80373,17.2915,27.604,48.9128,91.8031,163.823,200.0,200.0,200.0,200.0,200.0,200.0,163.67,121.319,81.7174,49.5085,29.9999,19.503,9.15383,0.0898355,144.287,144.337,146.852,146.852
67.42603397369385,-0.016477709046453237,0.9999847412109375,0.0,3,0.0111763,3.0,15141.2,158.739,-0.102239,-0.964802,7.82671,17.3729,27.782,49.4013,93.3755,168.627,200.0,200.0,200.0,200.0,200.0,200.0,159.857,119.16,80.6897,49.0985,29.8307,19.4216,9.13034,0.0879802,145.195,145.369,146.275,146.275
67.44880270957947,-0.016393279105871916,0.9999847412109375,0.0,3,0.0124118,3.0,15234.0,159.719,0.000624955,-0.816618,7.85335,17.4751,28.0135,50.0616,95.5868,175.67,200.0,200.0,200.0,200.0,200.0,200.0,154.891,116.328,79.3376,48.5635,29.6142,19.3199,9.103,0.0860314,146.073,146.323,147.133,147.133
67.47216200828552,-0.016312984509319065,0.9999847412109375,0.0,3,0.0137593,3.0,15396.4,160.651,0.100001,-0.76943,7.88202,17.5863,28.2678,50.7962,98.1037,184.009,200.0,200.0,200.0,200.0,200.0,200.0,149.8,113.383,77.9127,47.9933,29.3823,19.2109,9.07375,0.0839638,146.93,147.211,148.679,148.679
67.49563527107239,-0.006034973772962889,0.9999847412109375,0.0,3,0.0152041,3.0,15574.2,161.572,0.197376,-0.805948,7.9128,17.7065,28.5442,51.6039,100.94,193.825,200.0,200.0,200.0,200.0,200.0,198.781,144.685,110.376,76.4355,47.3948,29.1369,19.0951,9.04255,0.081753,147.773,148.076,150.4,150.4
67.51958155632019,-0.0007778250363469124,0.9999847412109375,0.0,3,0.0164801,3.0,15725.9,162.506,0.306738,-0.76185,7.94344,17.8212,28.8038,52.3575,103.616,200.0,200.0,200.0,200.0,200.0,200.0,190.895,140.382,107.803,75.1449,46.8599,28.9125,18.9867,9.01182,0.0794107,148.724,148.992,151.883,151.883
67.54322004318237,0.0,0.9999847412109375,0.0,3,0.017337,3.0,15837.0,163.472,0.365282,-0.708833,7.97169,17.9158,29.0079,52.9249,105.587,200.0,200.0,200.0,200.0,200.0,200.0,185.772,137.512,106.047,74.2386,46.4678,28.7395,18.8989,8.98387,0.0769556,149.645,149.828,152.973,152.973
67.5554141998291,0.0,0.9999847412109375,0.0,3,0.0178305,3.0,15920.5,164.457,0.362581,-0.670469,7.99791,17.9929,29.1624,53.322,106.885,200.0,200.0,200.0,200.0,200.0,200.0,182.738,135.76,104.946,73.646,46.1949,28.6099,18.8284,8.95822,0.0743926,150.564,150.673,153.788,153.788
67.57922720909119,0.0,0.9999847412109375,0.0,3,0.0180847,3.0,15863.5,165.537,0.317266,-0.51936,8.02312,18.059,29.285,53.606,107.719,200.0,200.0,200.0,200.0,200.0,200.0,180.981,134.702,104.255,73.2509,45.997,28.5074,18.7684,8.93375,0.0717196,151.523,151.582,153.278,153.278
67.60280895233154,0.0,0.9999847412109375,0.0,3,0.0181524,3.0,15908.0,166.542,0.251298,-0.36878,8.04771,18.1168,29.3829,53.8014,108.183,200.0,200.0,200.0,200.0,200.0,200.0,180.168,134.163,103.87,73.0048,45.8558,28.4252,18.7163,8.91,0.0689406,152.485,152.504,153.664,153.664
67.62560486793518,0.0,0.9999847412109375,0.0,3,0.018131,3.0,16017.7,167.501,0.188666,-0.269168,8.07232,18.1714,29.4702,53.956,108.472,200.0,200.0,200.0,200.0,200.0,200.0,179.793,133.863,103.628,72.8267,45.7397,28.3515,18.6672,8.88627,0.0660724,153.386,153.385,154.702,154.702
67.64744997024536,0.0,0.9999847412109375,0.0,3,0.0180876,3.0,16161.8,168.436,0.139148,-0.243504,8.09733,18.2261,29.5562,54.1032,108.721,200.0,200.0,200.0,200.0,200.0,200.0,179.517,133.615,103.415,72.6619,45.6277,28.2788,18.618,8.86217,0.0631363,154.252,154.244,156.089,156.089
67.6702721118927,0.0,0.9999847412109375,0.0,3,0.0180513,3.0,16299.4,169.376,0.102834,-0.254971,8.12285,18.2822,29.645,54.2569,108.992,200.0,200.0,200.0,200.0,200.0,200.0,179.195,133.341,103.185,72.4875,45.5113,28.2037,18.5675,8.83757,0.0601479,155.117,155.111,157.426,157.426
67.69127678871155,0.0,0.9999847412109375,0.0,3,0.0180318,3.0,16413.8,170.33,0.0767173,-0.233616,8.1489,18.3401,29.7375,54.4216,109.302,200.0,200.0,200.0,200.0,200.0,200.0,178.781,133.015,102.923,72.2962,45.3874,28.1254,18.5154,8.81246,0.0571151,156.011,156.007,158.542,158.542
67.71155571937561,0.0,0.9999847412109375,0.0,3,0.0180227,3.0,16506.9,171.299,0.0583182,-0.221662,8.17534,18.3993,29.8329,54.594,109.639,200.0,200.0,200.0,200.0,200.0,200.0,178.307,132.654,102.639,72.0941,45.2585,28.0449,18.4621,8.78695,0.0540461,156.889,156.887,159.449,159.449
67.73258399963379,0.0,0.9999847412109375,0.0,3,0.0180184,3.0,16559.5,172.294,0.0446433,-0.193772,8.20211,18.4594,29.9301,54.7707,109.989,200.0,200.0,200.0,200.0,200.0,200.0,177.804,132.276,102.344,71.885,45.1267,27.9629,18.408,8.76113,0.0509446,157.775,157.774,159.997,159.997
67.75955629348755,0.0,0.9999847412109375,0.0,3,0.0180141,3.0,16594.5,173.301,0.0337967,-0.121987,8.22915,18.52,30.0282,54.9495,110.343,200.0,200.0,200.0,200.0,200.0,200.0,177.295,131.892,102.046,71.6742,44.9936,27.88,18.3533,8.73505,0.0478119,158.695,158.694,160.307,160.307
67.78359270095825,0.0,0.9999847412109375,0.0,3,0.0180065,3.0,16675.2,174.273,0.0248576,-0.0641443,8.25639,18.5811,30.1267,55.1278,110.693,200.0,200.0,200.0,200.0,200.0,200.0,176.799,131.516,101.75,71.4643,44.8603,27.7969,18.2983,8.70878,0.0446525,159.596,159.595,161.072,161.072
67.80351996421814,0.0010847996849318346,0.9999847412109375,0.0,3,0.0179984,3.0,16778.9,175.228,0.0179061,-0.0322231,8.28384,18.6425,30.2258,55.307,111.045,200.0,200.0,200.0,200.0,200.0,200.0,176.3,131.138,101.454,71.2534,44.7262,27.7131,18.243,8.6823,0.0414684,160.479,160.477,162.066,162.066
67.82260179519653,0.0015067597597371786,0.9999847412109375,0.0,3,0.0179579,3.0,16891.6,176.175,0.0140215,-0.0303987,8.31117,18.7025,30.3205,55.4706,111.329,200.0,200.0,200.0,200.0,200.0,200.0,175.959,130.845,101.208,71.0667,44.6013,27.6327,18.1889,8.65594,0.0382658,161.354,161.346,163.155,163.155
67.84314799308777,0.001994929900964101,0.9999847412109375,0.0,3,0.017841,3.0,16993.9,177.124,0.00611465,0.00759783,8.33792,18.7582,30.4035,55.5937,111.451,200.0,200.0,200.0,200.0,200.0,200.0,175.993,130.761,101.086,70.941,44.5001,27.5611,18.1384,8.63013,0.0350537,162.265,162.241,164.15,164.15
67.86520838737488,0.003182669518366456,0.9999847412109375,0.0,3,0.0176589,3.0,17082.4,178.082,-0.010663,0.0459028,8.36414,18.8102,30.4762,55.6823,111.431,200.0,200.0,200.0,200.0,200.0,200.0,176.358,130.855,101.071,70.8674,44.4192,27.4971,18.0911,8.60482,0.0318359,163.147,163.11,165.011,165.011
67.88767647743225,0.004637346444278955,0.9999847412109375,0.0,3,0.0174128,3.0,17159.1,179.045,-0.027573,0.076423,8.38976,18.8583,30.5386,55.7361,111.276,200.0,200.0,200.0,200.0,200.0,200.0,177.049,131.129,101.163,70.8455,44.3586,27.4408,18.047,8.58006,0.0286231,164.025,163.974,165.783,165.783
67.90713572502136,0.005446870486065745,0.9999847412109375,0.0,3,0.0170509,3.0,17186.8,180.04,-0.045091,0.16051,8.41419,18.8993,30.5822,55.7277,110.877,200.0,200.0,200.0,200.0,200.0,200.0,178.347,131.734,101.449,70.919,44.3349,27.3985,18.0088,8.55641,0.0254293,164.933,164.858,166.031,166.031
67.93599438667297,0.005416200592825189,0.9999847412109375,0.0,3,0.0165936,3.0,17263.7,180.997,-0.0739714,0.231788,8.43748,18.9339,30.6095,55.6672,110.282,200.0,200.0,200.0,200.0,200.0,200.0,180.187,132.625,101.903,71.0737,44.343,27.3683,17.976,8.53382,0.0222693,165.83,165.735,166.759,166.759
67.95545172691345,0.005386075514825061,0.9999847412109375,0.0,3,0.0160987,3.0,17362.6,181.937,-0.103134,0.275686,8.46007,18.9655,30.6295,55.5851,109.615,200.0,200.0,200.0,200.0,200.0,200.0,182.286,133.649,102.433,71.2641,44.365,27.3437,17.9456,8.51186,0.0191507,166.701,166.597,167.708,167.708
67.97685289382935,0.005356302964333445,0.9999847412109375,0.0,3,0.0155842,3.0,17473.0,182.866,-0.130067,0.284303,8.48203,18.9949,30.6448,55.4909,108.917,200.0,200.0,200.0,200.0,200.0,200.0,184.564,134.76,103.011,71.4765,44.3955,27.3226,17.917,8.49046,0.0160821,167.559,167.451,168.774,168.774
67.99790930747986,0.005326498365886509,0.9999847412109375,0.0,3,0.0150472,3.0,17574.9,183.796,-0.153593,0.318559,8.50328,19.0218,30.6547,55.3828,108.179,200.0,200.0,200.0,200.0,200.0,200.0,187.059,135.973,103.644,71.7145,44.4363,27.3057,17.8905,8.46972,0.0130715,168.444,168.33,169.764,169.764
68.02044558525085,0.0052964373837970195,0.9999847412109375,0.0,3,0.0144817,3.0,17663.4,184.734,-0.176611,0.355554,8.52369,19.0457,30.6582,55.2575,107.394,200.0,200.0,200.0,200.0,200.0,200.0,189.817,137.313,104.347,71.9845,44.4891,27.2939,17.8664,8.44972,0.0101252,169.306,169.187,170.624,170.624
68.04311060905457,0.005266152066020295,0.9999847412109375,0.0,3,0.0139095,3.0,17736.2,185.679,-0.196407,0.387728,8.54342,19.0678,30.6584,55.1263,106.606,200.0,200.0,200.0,200.0,200.0,200.0,192.726,138.719,105.084,72.269,44.5478,27.2848,17.8439,8.43035,0.00724991,170.161,170.04,171.362,171.362
68.06518745422363,0.005235033501405269,0.9999847412109375,0.0,3,0.0133621,3.0,17771.1,186.65,-0.205769,0.470025,8.56267,19.0897,30.66,55.0043,105.869,197.355,200.0,200.0,200.0,200.0,200.0,195.607,140.093,105.798,72.5416,44.6026,27.2748,17.8214,8.41143,0.00445294,171.037,170.92,171.674,171.674
68.08611130714417,0.005205004567271099,0.9999847412109375,0.0,3,0.0128457,3.0,17850.0,187.587,-0.207706,0.539193,8.58146,19.1118,30.6639,54.895,105.197,194.577,200.0,200.0,200.0,200.0,200.0,198.402,141.41,106.475,72.7966,44.651,27.2632,17.7989,8.39292,0.00173982,171.901,171.79,172.425,172.425
68.10754561424255,0.009017090601387124,0.9999847412109375,0.0,3,0.012345,3.0,17946.8,188.508,-0.207629,0.581686,8.59964,19.1331,30.6675,54.7896,104.557,191.969,200.0,200.0,200.0,200.0,200.0,200.0,142.719,107.145,73.047,44.6986,27.2521,17.777,8.37499,-0.000888745,172.749,172.641,173.353,173.353
68.13260078430176,0.01667147436654506,0.9999847412109375,0.0,3,0.0117018,3.0,18052.3,189.421,-0.205209,0.590676,8.6157,19.1442,30.6463,54.6094,103.661,188.576,200.0,200.0,200.0,200.0,200.0,200.0,144.569,108.115,73.4357,44.7985,27.2609,17.7638,8.35903,-0.0034194,173.601,173.466,174.373,174.373
68.14869093894958,0.01808277997374534,0.9999847412109375,0.0,3,0.0105521,3.0,18148.9,190.334,-0.226178,0.636095,8.62603,19.1234,30.5439,54.1777,101.894,182.457,200.0,200.0,200.0,200.0,200.0,200.0,148.343,110.143,74.3056,45.0761,27.3354,17.7785,8.3484,-0.00580446,174.517,174.278,175.312,175.312
68.1782751083374,0.01797869973878066,0.9999847412109375,0.0,3,0.00888461,3.0,18234.9,191.253,-0.325042,0.671708,8.63014,19.0695,30.3593,53.5001,99.3246,174.085,200.0,200.0,200.0,200.0,200.0,200.0,154.415,113.385,75.7095,45.5455,27.4801,17.8228,8.34364,-0.00799489,175.41,175.065,176.146,176.146
68.19352316856384,0.017872580935557682,0.9999847412109375,0.0,3,0.00698345,3.0,18289.1,192.19,-0.443524,0.719633,8.63027,18.9986,30.1366,52.7232,96.5107,165.378,200.0,200.0,200.0,200.0,200.0,200.0,162.1,117.408,77.4263,46.1208,27.6628,17.8835,8.34272,-0.0099597,176.275,175.877,176.697,176.697
68.22220134735107,0.017766688639918964,0.9999847412109375,0.0,3,0.00506275,3.0,18344.5,193.125,-0.53491,0.799711,8.62804,18.9227,29.9078,51.9501,93.8097,157.414,200.0,200.0,200.0,200.0,200.0,200.0,170.764,121.824,79.2719,46.7324,27.8586,17.9507,8.34418,-0.0116632,177.138,176.732,177.209,177.209
68.24080085754395,0.01766351443529129,0.9999847412109375,0.0,3,0.00318592,3.0,18429.4,194.036,-0.599051,0.862167,8.62375,18.8448,29.6807,51.2056,91.2981,150.321,200.0,200.0,200.0,200.0,200.0,200.0,180.256,126.524,81.1901,47.3607,28.0607,18.0217,8.34778,-0.0130755,177.975,177.576,178.021,178.021
68.25782322883606,0.014699901342205704,0.9999847412109375,0.0,3,0.00133389,3.0,18527.1,194.935,-0.647868,0.895561,8.61709,18.7633,29.4524,50.4796,88.9294,143.899,200.0,200.0,200.0,200.0,200.0,200.0,190.806,131.583,83.2068,48.0135,28.2719,18.0979,8.35384,-0.0141782,178.8,178.406,178.961,178.961
68.28934526443481,0.009683297700832288,0.9999847412109375,0.0,3,-0.000425641,3.0,18627.1,195.828,-0.692396,0.918507,8.60864,18.6821,29.2318,49.7975,86.7728,138.264,200.0,200.0,200.0,200.0,200.0,200.0,198.67,136.829,85.2447,48.6648,28.4835,18.1759,8.36182,-0.0149693,179.628,179.253,179.93,179.93
68.30836582183838,0.0028374998841807246,0.9999847412109375,0.0,3,-0.0019477,3.0,18715.8,196.727,-0.720321,0.96287,8.59979,18.6092,29.0388,49.214,84.9776,133.717,192.849,200.0,200.0,200.0,200.0,200.0,200.0,141.749,87.1095,49.2528,28.6748,18.2475,8.37036,-0.0154668,180.441,180.115,180.792,180.792
68.32612037658691,0.0013207823074422777,0.9999847412109375,0.0,3,-0.00295383,3.0,18796.7,197.63,-0.707393,0.993022,8.59323,18.5597,28.9101,48.832,83.8241,130.862,186.835,200.0,200.0,200.0,200.0,200.0,200.0,145.217,88.3967,49.6543,28.8055,18.2969,8.37677,-0.0157086,181.213,180.992,181.576,181.576
68.35210108757019,0.0006293329325256248,0.9999847412109375,0.0,3,-0.00341541,3.0,18833.5,198.562,-0.612895,1.06756,8.58952,18.5356,28.8491,48.6546,83.299,129.582,184.232,200.0,200.0,200.0,200.0,200.0,200.0,146.88,89.0084,49.8452,28.8683,18.3211,8.38042,-0.0157368,181.995,181.886,181.941,181.941
68.37082600593567,0.0,0.9999847412109375,0.0,3,-0.00354797,3.0,18904.4,199.464,-0.480816,1.13963,8.58707,18.5257,28.8271,48.5963,83.1364,129.199,183.472,200.0,200.0,200.0,200.0,200.0,200.0,147.388,89.1997,49.9084,28.8912,18.3312,8.38287,-0.0155801,182.795,182.758,182.617,182.617
68.39550161361694,0.0,0.9999847412109375,0.0,3,-0.00351888,3.0,18986.9,200.349,-0.359936,1.18866,8.58478,18.5217,28.8224,48.5931,83.1442,129.241,183.578,200.0,200.0,200.0,200.0,200.0,200.0,147.326,89.1878,49.9114,28.896,18.3352,8.38519,-0.0152796,183.594,183.595,183.41,183.41
68.41256189346313,0.0,0.9999847412109375,0.0,3,-0.0034197,3.0,19076.0,201.218,-0.256598,1.20607,8.58222,18.5197,28.8241,48.6118,83.2236,129.46,184.052,200.0,200.0,200.0,200.0,200.0,200.0,147.024,89.0912,49.8905,28.8941,18.3374,8.38778,-0.0148768,184.39,184.407,184.27,184.27
68.44346690177917,-0.00037113424490516387,0.9999847412109375,0.0,3,-0.00332529,3.0,19158.1,202.078,-0.177307,1.25358,8.57898,18.516,28.8231,48.6252,83.2916,129.659,184.492,200.0,200.0,200.0,200.0,200.0,199.072,146.751,89.008,49.8752,28.8951,18.3412,8.39105,-0.014399,185.207,185.225,185.068,185.068
68.45752120018005,-0.0003689840437999616,0.9999847412109375,0.0,3,-0.00325519,3.0,19231.8,202.935,-0.121625,1.28926,8.57509,18.51,28.8174,48.627,83.3277,129.785,185.161,200.0,200.0,200.0,200.0,200.0,198.019,146.576,88.9624,49.8728,28.901,18.3473,8.39498,-0.0138683,185.996,186.011,185.783,185.783
68.48260498046875,0.0,0.9999847412109375,0.0,3,-0.00320226,3.0,19274.2,203.804,-0.0823597,1.34545,8.57073,18.5025,28.8083,48.62,83.3413,129.859,200.0,200.0,200.0,200.0,200.0,200.0,196.991,146.468,88.9429,49.8795,28.9103,18.355,8.39937,-0.0133003,186.782,186.793,186.208,186.208
68.50656723976135,0.0009021542066584032,0.9999847412109375,0.0,3,-0.00315982,3.0,19334.3,204.654,-0.0542334,1.42075,8.56607,18.4939,28.7972,48.608,83.3413,129.901,200.0,200.0,200.0,200.0,200.0,200.0,195.975,146.401,88.94,49.8916,28.9218,18.3638,8.40407,-0.0127055,187.572,187.58,186.774,186.774
68.52311038970947,0.005401989769190549,0.9999847412109375,0.0,3,-0.00316555,3.0,19409.8,205.484,-0.0340061,1.47699,8.5608,18.4823,28.7788,48.5762,83.2834,129.806,200.0,200.0,200.0,200.0,200.0,200.0,195.03,146.513,89.0032,49.9252,28.9407,18.3756,8.40937,-0.0120884,188.344,188.343,187.5,187.5
68.55270218849182,0.01008655196847394,0.9999847412109375,0.0,4,-0.00338155,3.0,19491.7,206.298,-0.025607,1.50433,8.55343,18.4589,28.7314,48.4615,82.9844,129.126,200.0,200.0,200.0,200.0,200.0,200.0,194.399,147.398,89.3519,50.0488,28.9898,18.3994,8.41677,-0.0114345,189.118,189.075,188.29,188.29
68.57573866844177,0.014904129270724953,0.9999847412109375,0.0,4,-0.00400812,4.0,15787.1,206.444,-0.0484743,1.54125,8.54194,18.4124,28.6277,48.1874,82.222,127.337,200.0,200.0,200.0,200.0,200.0,200.0,194.341,149.838,90.268,50.3501,29.0984,18.4469,8.4283,-0.0107049,189.711,189.582,182.21,182.063
68.59507465362549,0.0162951821188132,0.9999847412109375,0.0,4,-0.00521166,4.0,15755.1,206.118,-0.120723,1.56827,8.52447,18.3334,28.4454,47.6939,80.8367,124.097,173.737,200.0,200.0,200.0,200.0,200.0,195.001,154.663,92.027,50.91,29.293,18.5287,8.44591,-0.00984049,189.595,189.343,181.94,181.665
68.61536908149719,0.01633606673777103,0.9999847412109375,0.0,4,-0.0069049,4.0,15235.6,205.757,-0.249022,1.61683,8.50131,18.2261,28.1966,47.0222,78.9727,119.815,165.521,200.0,200.0,200.0,200.0,200.0,196.134,161.964,94.6015,51.7099,29.5661,18.6417,8.46943,-0.0087835,189.342,188.988,181.344,180.798
68.63409376144409,0.01630095806221167,0.9999847412109375,0.0,4,-0.00879985,4.0,15734.2,206.067,-0.38541,1.7018,8.47456,18.1053,27.9197,46.2863,76.9743,115.342,157.172,200.0,200.0,200.0,200.0,200.0,197.313,170.992,97.6634,52.6389,29.8805,18.7718,8.49685,-0.00748682,189.289,188.893,186.93,186.93
68.65533399581909,0.01487744727051196,0.9999847412109375,0.0,4,-0.0107024,4.0,15788.2,206.701,-0.498899,1.75975,8.44555,17.9805,27.639,45.5561,75.0417,111.133,149.535,200.0,200.0,200.0,200.0,200.0,198.323,177.847,100.963,53.6184,30.2106,18.9092,8.52685,-0.00591286,189.788,189.386,187.596,187.596
68.68029189109802,0.011125003990083933,0.9999847412109375,0.0,4,-0.0125034,4.0,15830.2,207.341,-0.578501,1.79647,8.41499,17.8567,27.3673,44.8667,73.2667,107.37,142.886,200.0,200.0,200.0,200.0,200.0,199.088,181.084,104.328,54.5981,30.5407,19.048,8.55869,-0.00403825,190.348,189.966,188.096,188.096
68.7041974067688,0.003852479186703761,0.9999847412109375,0.0,4,-0.0140045,4.0,15873.4,207.979,-0.617514,1.83091,8.38447,17.7437,27.1275,44.2789,71.8011,104.35,137.678,200.0,200.0,200.0,200.0,200.0,199.454,182.89,107.366,55.4738,30.8395,19.1769,8.59064,-0.00186038,190.902,190.581,188.608,188.608
68.72784614562988,0.0012255701733939349,0.9999847412109375,0.0,4,-0.0149611,4.0,15918.3,208.614,-0.604964,1.86725,8.35625,17.6535,26.9479,43.8645,70.8197,102.397,134.4,200.0,200.0,200.0,200.0,200.0,199.245,183.506,109.504,56.1041,31.0652,19.2799,8.62016,0.000583331,191.429,191.219,189.141,189.141
68.74254560470581,0.0,0.9999847412109375,0.0,4,-0.0153559,4.0,15956.4,209.254,-0.518032,1.90186,8.33085,17.5874,26.8298,43.6231,70.3048,101.443,132.868,200.0,200.0,200.0,200.0,200.0,198.492,183.199,110.59,56.4601,31.2103,19.3544,8.64656,0.00323995,191.95,191.856,189.612,189.612
68.76722812652588,0.0,0.9999847412109375,0.0,4,-0.0153874,4.0,15994.5,209.894,-0.392132,1.96589,8.30697,17.536,26.7501,43.4897,70.0795,101.102,132.4,200.0,200.0,200.0,200.0,200.0,197.402,182.361,110.965,56.6356,31.3032,19.4108,8.67121,0.00606696,192.499,192.484,190.046,190.046
68.79027032852173,-0.0008645201850682497,0.9999847412109375,0.0,4,-0.0152696,4.0,16046.3,210.52,-0.271111,2.01231,8.28323,17.4896,26.6843,43.3972,69.9678,101.002,132.351,200.0,200.0,200.0,200.0,200.0,196.177,181.32,111.052,56.7398,31.3763,19.4608,8.69561,0.00902049,193.06,193.081,190.657,190.657
68.81580805778503,-0.0008606649258546532,0.9999847412109375,0.0,4,-0.0150922,4.0,16103.3,211.142,-0.17821,2.03036,8.25924,17.4445,26.6231,43.3197,69.8986,100.996,132.467,200.0,200.0,200.0,200.0,200.0,194.899,180.199,111.026,56.8168,31.4425,19.5089,8.72021,0.0120598,193.627,193.663,191.334,191.334
68.83506321907043,-0.0008568158648069948,0.9999847412109375,0.0,4,-0.0148957,4.0,16156.8,211.763,-0.104945,2.05231,8.23497,17.3993,26.5627,43.2458,69.841,101.018,132.634,200.0,200.0,200.0,200.0,200.0,193.604,179.054,110.966,56.8861,31.507,19.5567,8.74508,0.0151513,194.208,194.248,191.973,191.973
68.86180019378662,-0.0008529420110955833,0.9999847412109375,0.0,4,-0.014716,4.0,16204.8,212.388,-0.0529926,2.08785,8.21028,17.3528,26.4993,43.1649,69.7672,101.008,132.749,200.0,200.0,200.0,200.0,200.0,192.323,177.932,110.945,56.9664,31.5752,19.6061,8.77036,0.0182753,194.786,194.824,192.546,192.546
68.88275718688965,-0.0008490247702226043,0.9999847412109375,0.0,4,-0.0145558,4.0,16242.5,213.02,-0.017811,2.1256,8.1853,17.305,26.4331,43.0768,69.6759,100.961,132.803,200.0,200.0,200.0,200.0,200.0,191.059,176.834,110.964,57.0572,31.6468,19.657,8.79594,0.0214138,195.36,195.394,193.014,193.014
68.89877128601074,-0.0008451075293496252,0.9999847412109375,0.0,4,-0.0144141,4.0,16277.8,213.652,0.00488621,2.19609,8.16011,17.2561,26.3646,42.9826,69.5684,100.882,132.802,200.0,200.0,200.0,200.0,200.0,189.809,175.755,111.023,57.158,31.7216,19.709,8.82175,0.0245599,195.943,195.973,193.414,193.414
68.92360520362854,-0.0008412584683019669,0.9999847412109375,0.0,4,-0.0142868,4.0,16325.5,214.273,0.0191922,2.25389,8.13483,17.2066,26.2944,42.884,69.449,100.778,132.757,200.0,200.0,200.0,200.0,199.244,188.568,174.691,111.107,57.2657,31.7983,19.7618,8.84764,0.0277023,196.516,196.543,193.978,193.978
68.9416778087616,-0.0008374403980839996,0.9999847412109375,0.0,4,-0.0141686,4.0,16376.7,214.889,0.0281751,2.29012,8.10953,17.1568,26.2231,42.7823,69.3223,100.658,132.685,200.0,200.0,200.0,200.0,197.931,187.333,173.634,111.21,57.378,31.8763,19.815,8.87357,0.0308383,197.083,197.109,194.584,194.584
68.97003865242004,-0.0008336347241979094,0.9999847412109375,0.0,4,-0.0140556,4.0,16428.4,215.503,0.0338891,2.32441,8.08425,17.1068,26.1516,42.6796,69.1915,100.53,132.599,200.0,200.0,200.0,200.0,196.62,186.1,172.577,111.321,57.4919,31.9547,19.8682,8.89945,0.0339653,197.657,197.681,195.201,195.201
68.98602962493896,-0.0005554097394645215,0.9999847412109375,0.0,4,-0.013943,4.0,16476.4,216.119,0.0379699,2.36068,8.05906,17.0569,26.0801,42.5768,69.0608,100.401,132.512,200.0,200.0,200.0,200.0,195.306,184.864,171.518,111.432,57.6056,32.0328,19.9213,8.92523,0.0370804,198.223,198.247,195.772,195.772
69.00856041908264,0.00033508669584989546,0.9999847412109375,0.0,4,-0.0138333,4.0,16513.0,216.742,0.0407024,2.398,8.03395,17.0072,26.0087,42.4737,68.9287,100.269,132.419,200.0,200.0,200.0,200.0,193.992,183.628,170.456,111.547,57.7195,32.1108,19.9742,8.95092,0.0401839,198.787,198.81,196.222,196.222
69.03061366081238,0.0015305856062968572,0.9999847412109375,0.0,4,-0.0137709,4.0,16551.8,217.363,0.0421482,2.46035,8.00853,16.9553,25.9319,42.3561,68.7573,100.054,132.182,200.0,200.0,200.0,200.0,192.718,182.428,169.442,111.754,57.858,32.1962,20.0299,8.97698,0.0432785,199.363,199.377,196.67,196.67
69.05703949928284,0.0019567764980408056,0.9999847412109375,0.0,4,-0.0138429,4.0,16599.6,217.974,0.0349919,2.5088,7.98203,16.8969,25.8397,42.1967,68.4757,99.6042,131.534,200.0,200.0,200.0,199.621,191.561,181.332,168.566,112.23,58.0686,32.3036,20.0937,9.00431,0.0463777,199.94,199.926,197.236,197.236
69.07624006271362,0.001947765241842717,0.9999847412109375,0.0,4,-0.0140265,4.0,16650.5,218.582,0.00851946,2.5356,7.95452,16.8331,25.7344,42.0023,68.1028,98.963,130.554,200.0,200.0,200.0,198.52,190.497,180.319,167.797,112.934,58.34,32.4299,20.1648,9.03284,0.0494939,200.51,200.473,197.839,197.839
69.10029578208923,0.0019387836279347542,0.9999847412109375,0.0,4,-0.0142496,4.0,16700.5,219.188,-0.0188098,2.5679,7.9265,16.7671,25.6242,41.7954,67.6979,98.2559,129.462,200.0,200.0,200.0,197.452,189.464,179.33,167.051,113.727,58.6352,32.5637,20.239,9.06197,0.0526369,201.081,201.034,198.436,198.436
69.12270712852478,0.0019297723717366657,0.9999847412109375,0.0,4,-0.0144847,4.0,16747.2,219.796,-0.0415903,2.59856,7.89811,16.7,25.5119,41.584,67.2831,97.5307,128.341,200.0,200.0,200.0,196.39,188.436,178.346,166.3,114.555,58.9401,32.7009,20.3146,9.09152,0.0558142,201.64,201.591,198.991,198.991
69.14123177528381,0.0019206277252330135,0.9999847412109375,0.0,4,-0.0147188,4.0,16780.9,220.413,-0.0583032,2.63989,7.8694,16.6322,25.3989,41.3719,66.8688,96.8094,127.231,200.0,200.0,200.0,195.322,187.402,177.357,165.53,115.391,59.2478,32.8395,20.3911,9.12143,0.0590334,202.198,202.149,199.399,199.399
69.16007041931152,0.0023877519038692117,0.9999847412109375,0.0,4,-0.014942,4.0,16822.5,221.021,-0.0686674,2.69631,7.84038,16.5643,25.2859,41.1615,66.4613,96.1055,126.154,200.0,200.0,200.0,194.239,186.355,176.355,164.736,116.217,59.554,32.9782,20.4679,9.15167,0.0622997,202.76,202.712,199.886,199.886
69.18802046775818,0.002376607247404754,0.9999847412109375,0.0,4,-0.015157,4.0,16869.5,221.623,-0.0748902,2.73913,7.81102,16.4958,25.1727,40.9522,66.059,95.4156,125.105,200.0,200.0,200.0,193.144,185.295,175.343,163.918,117.039,59.8596,33.1173,20.5453,9.18228,0.0656162,203.312,203.267,200.443,200.443
69.2052047252655,0.001893831094959751,0.9999847412109375,0.0,4,-0.0153673,4.0,16918.7,222.221,-0.0789436,2.76218,7.78126,16.4268,25.0589,40.7424,65.6587,94.7331,124.072,200.0,200.0,200.0,192.04,184.228,174.324,163.082,117.863,60.1666,33.2575,20.6235,9.21331,0.0689855,203.862,203.817,201.027,201.027
69.22728896141052,0.001467648312052091,0.9999847412109375,0.0,4,-0.01558,4.0,16966.3,222.817,-0.0818986,2.8,7.75106,16.3568,24.9436,40.5305,65.2552,94.047,123.037,200.0,200.0,199.412,190.933,183.158,173.301,162.236,118.702,60.4789,33.4001,20.703,9.24483,0.0724081,204.419,204.374,201.595,201.595
69.2492003440857,0.0,0.9999847412109375,0.0,4,-0.0157507,4.0,17011.4,223.414,-0.0852707,2.82741,7.72076,16.2879,24.8316,40.3289,64.8811,93.4251,122.115,200.0,200.0,198.219,189.783,182.049,172.244,161.341,119.463,60.7721,33.5375,20.7809,9.27642,0.0758817,204.962,204.925,202.132,202.132
69.27433848381042,-0.00031608458043696976,0.9999847412109375,0.0,4,-0.0158275,4.0,17043.6,224.019,-0.0781934,2.87543,7.69082,16.2225,24.729,40.1535,64.5765,92.9497,121.445,200.0,200.0,196.926,188.542,180.856,171.112,160.355,120.023,61.0145,33.6602,20.8537,9.30746,0.0793966,205.503,205.485,202.517,202.517
69.292072057724,-0.0005201721006135145,0.9999847412109375,0.0,4,-0.0158337,4.0,17087.0,224.613,-0.059166,2.9249,7.66113,16.1597,24.6329,39.9968,64.323,92.5818,120.96,200.0,200.0,195.559,187.233,179.6,169.923,159.303,120.431,61.2186,33.7719,20.9226,9.33811,0.0829445,206.044,206.041,203.029,203.029
69.31691336631775,-0.0010804780861362814,0.9999847412109375,0.0,4,-0.0157736,4.0,17133.4,225.203,-0.0409014,2.95971,7.63174,16.0994,24.5435,39.8583,64.1173,92.3144,120.649,200.0,200.0,194.124,185.861,178.286,168.683,158.191,120.695,61.3859,33.8729,20.9878,9.36833,0.086516,206.579,206.591,203.58,203.58
69.340402841568,-0.0014318659542097401,0.9999847412109375,0.0,4,-0.0156615,4.0,17181.3,225.789,-0.0172412,2.98423,7.60263,16.0412,24.4591,39.734,63.9493,92.1259,120.472,200.0,200.0,192.634,184.439,176.926,167.402,157.032,120.843,61.5238,33.9653,21.0498,9.39814,0.0900995,207.116,207.139,204.149,204.149
69.36340284347534,-0.001830587312579155,0.9999847412109375,0.0,4,-0.0155347,4.0,17226.8,226.375,0.00333012,3.01725,7.57359,15.9836,24.3762,39.6136,63.7917,91.9592,120.334,200.0,200.0,191.128,183.003,175.553,166.108,155.858,120.957,61.6531,34.055,21.1108,9.42783,0.0936863,207.656,207.683,204.691,204.691
69.38062691688538,-0.0018218952620029454,0.9999847412109375,0.0,4,-0.015363,4.0,17267.6,226.962,0.0185486,3.04346,7.54492,15.928,24.2982,39.5061,63.6677,91.8628,120.316,200.0,198.393,189.577,181.525,174.141,164.779,154.646,120.97,61.7557,34.1366,21.1688,9.45702,0.0972672,208.188,208.224,205.19,205.19
69.40621280670166,-0.001813143981099129,0.9999847412109375,0.0,4,-0.0151485,4.0,17302.7,227.553,0.0381017,3.09287,7.5167,15.8745,24.225,39.4112,63.5758,91.8337,120.414,200.0,196.715,187.983,180.007,172.693,163.418,153.399,120.887,61.8325,34.2101,21.2237,9.48564,0.100832,208.725,208.77,205.595,205.595
69.4294912815094,-0.0018045407760143282,0.9999847412109375,0.0,4,-0.0149239,4.0,17346.6,228.134,0.0547275,3.1335,7.48873,15.8219,24.1533,39.3198,63.4929,91.8218,120.543,200.0,195.025,186.379,178.48,171.235,162.048,152.142,120.78,61.9022,34.2811,21.2774,9.51395,0.104372,209.259,209.306,206.115,206.115
69.44885611534119,-0.0017959968012571333,0.9999847412109375,0.0,4,-0.0147007,4.0,17392.3,228.711,0.0670892,3.15987,7.46099,15.7696,24.0822,39.2293,63.4109,91.8121,120.675,200.0,193.336,184.774,176.952,169.777,160.678,150.884,120.674,61.9703,34.3511,21.3305,9.542,0.107883,209.79,209.837,206.657,206.657
69.47423028945923,-0.0017874824416637418,0.9999847412109375,0.0,4,-0.0144785,4.0,17438.2,229.286,0.0757939,3.18912,7.4335,15.7178,24.0116,39.1393,63.3294,91.8026,120.808,200.0,191.646,183.17,175.424,168.32,159.307,149.626,120.568,62.0374,34.4203,21.383,9.56978,0.111362,210.325,210.372,207.203,207.203
69.49541306495667,-0.0013849251988374942,0.9999847412109375,0.0,4,-0.0142558,4.0,17481.9,229.861,0.0824269,3.21524,7.4063,15.6665,23.942,39.0509,63.2507,91.7983,120.949,199.177,189.956,181.564,173.895,166.86,157.934,148.365,120.457,62.1017,34.488,21.4347,9.59722,0.114805,210.853,210.9,207.724,207.724
69.51984238624573,0.0,0.9999847412109375,0.0,4,-0.0140818,4.0,17516.6,230.441,0.0868879,3.24981,7.37902,15.6137,23.868,38.9499,63.1375,91.7201,121.085,197.445,188.313,180.001,172.404,165.435,156.594,147.137,120.432,62.1918,34.5631,21.4889,9.62486,0.118215,211.386,211.424,208.139,208.139
69.53586769104004,0.0,0.9999847412109375,0.0,4,-0.0140093,4.0,17557.5,231.014,0.0791138,3.29118,7.35121,15.5569,23.7841,38.821,62.9497,91.4835,121.381,195.821,186.768,178.528,170.996,164.086,155.319,145.978,120.442,62.3381,34.6549,21.5492,9.65327,0.1216,211.926,211.942,208.623,208.623
69.55970740318298,0.00030174851417541504,0.9999847412109375,0.0,4,-0.014006,4.0,17601.2,231.583,0.0594643,3.32231,7.32304,15.4974,23.6932,38.673,62.7107,91.1379,200.0,194.27,185.288,177.113,169.641,162.786,154.089,144.863,120.393,62.5235,34.7584,21.6137,9.68223,0.124969,212.456,212.458,209.141,209.141
69.5838303565979,0.0004986856132745743,0.9999847412109375,0.0,4,-0.0140236,4.0,17645.9,232.149,0.0405691,3.3442,7.2948,15.4371,23.6004,38.5196,62.4565,90.7603,200.0,192.736,183.824,175.713,168.3,161.498,152.869,143.756,120.234,62.7203,34.8653,21.6794,9.71132,0.128329,212.981,212.978,209.671,209.671
69.60077691078186,0.0004986856132745743,0.9999847412109375,0.0,4,-0.0140432,4.0,17689.6,232.714,0.0261077,3.37335,7.26658,15.3769,23.5075,38.3658,62.202,90.3802,200.0,191.199,182.358,174.311,166.956,160.208,151.647,142.644,119.968,62.9182,34.9725,21.7451,9.7404,0.131684,213.504,213.5,210.192,210.192
69.62223839759827,0.0004986856132745743,0.9999847412109375,0.0,4,-0.0140584,4.0,17730.5,233.278,0.0162298,3.39516,7.23838,15.3168,23.415,38.2132,61.95,90.0064,200.0,189.655,180.883,172.901,165.605,158.911,150.419,141.524,119.611,63.114,35.079,21.8106,9.76944,0.13504,214.021,214.018,210.686,210.686
69.64424133300781,0.0004986856132745743,0.9999847412109375,0.0,4,-0.0140703,4.0,17765.8,233.846,0.0097223,3.43387,7.2102,15.2568,23.3229,38.0616,61.7007,89.6392,200.0,188.101,179.402,171.484,164.247,157.609,149.185,140.395,119.179,63.3074,35.1848,21.876,9.79846,0.138399,214.541,214.538,211.098,211.098
69.66885805130005,0.0004986856132745743,0.9999847412109375,0.0,4,-0.014078,4.0,17807.7,234.406,0.00569822,3.46574,7.182,15.1969,23.2311,37.9108,61.4542,89.2767,200.0,186.54,177.912,170.06,162.883,156.299,147.946,139.258,118.685,63.4992,35.2902,21.9411,9.8275,0.141762,215.056,215.055,211.595,211.595
69.69114065170288,0.0004986856132745743,0.9999847412109375,0.0,4,-0.0140832,4.0,17850.7,234.963,0.00330456,3.48741,7.15376,15.137,23.1393,37.7606,61.2091,88.9187,198.472,184.972,176.417,168.63,161.514,154.985,146.701,138.113,118.139,63.6894,35.3953,22.0062,9.85655,0.145133,215.568,215.567,212.106,212.106
69.71037173271179,0.0004986856132745743,0.9999847412109375,0.0,4,-0.0140861,4.0,17893.7,235.518,0.0019325,3.51301,7.12547,15.0771,23.0476,37.6105,60.9652,88.5623,196.784,183.398,174.916,167.195,160.139,153.666,145.452,136.963,117.549,63.8792,35.5002,22.0713,9.88566,0.14851,216.083,216.082,212.617,212.617
69.73846006393433,0.0004986856132745743,0.9999847412109375,0.0,4,-0.014088,4.0,17935.6,236.072,0.00119167,3.53416,7.09713,15.0171,22.9558,37.4606,60.7214,88.2073,195.09,181.82,173.41,165.756,158.76,152.343,144.2,135.806,116.921,64.0686,35.6052,22.1365,9.91482,0.151895,216.592,216.591,213.116,213.116
69.75850558280945,0.0004986856132745743,0.9999847412109375,0.0,4,-0.0140894,4.0,17971.1,236.629,0.000772118,3.56223,7.06873,14.957,22.8638,37.3103,60.4775,87.853,193.391,180.236,171.9,164.312,157.378,151.016,142.944,134.643,116.258,64.2579,35.7103,22.2018,9.94403,0.155288,217.101,217.1,213.54,213.54
69.78184342384338,0.00030174851417541504,0.9999847412109375,0.0,4,-0.0140899,4.0,18011.3,237.18,0.000547686,3.5923,7.04026,14.8967,22.7717,37.1599,60.2337,87.4979,191.688,178.649,170.386,162.865,155.991,149.686,141.685,133.476,115.565,64.4476,35.8156,22.2672,9.97331,0.158689,217.609,217.609,214.015,214.015
69.80316066741943,0.00030174851417541504,0.9999847412109375,0.0,4,-0.0140904,4.0,18052.8,237.728,0.000457017,3.61483,7.01173,14.8363,22.6794,37.0092,59.9893,87.1426,189.981,177.057,168.868,161.414,154.602,148.352,140.423,132.303,114.845,64.6375,35.921,22.3327,10.0027,0.162098,218.113,218.113,214.509,214.509
69.82439613342285,0.00030174851417541504,0.9999847412109375,0.0,4,-0.0140908,4.0,18094.7,238.274,0.000425955,3.63448,6.98315,14.7758,22.5869,36.8583,59.7444,86.7873,188.269,175.462,167.346,159.96,153.209,147.016,139.157,131.125,114.099,64.8275,36.0266,22.3984,10.0321,0.165514,218.617,218.617,215.007,215.007
69.84613370895386,0.00030174851417541504,0.9999847412109375,0.0,4,-0.0140908,4.0,18136.0,238.818,0.000429725,3.65577,6.9545,14.7152,22.4942,36.7069,59.4993,86.4306,186.553,173.863,165.821,158.502,151.812,145.675,137.889,129.942,113.329,65.0182,36.1325,22.4642,10.0615,0.168937,219.119,219.119,215.497,215.497
69.86667037010193,0.0004986856132745743,0.9999847412109375,0.0,4,-0.0140908,4.0,18173.4,239.363,0.000436191,3.67535,6.92578,14.6545,22.4013,36.5554,59.2536,86.0737,184.833,172.261,164.293,157.041,150.413,144.333,136.618,128.754,112.539,65.2091,36.2386,22.5302,10.0911,0.172369,219.618,219.618,215.947,215.947
69.89061093330383,0.00030174851417541504,0.9999847412109375,0.0,4,-0.0140913,4.0,18211.7,239.906,0.000407134,3.70181,6.89699,14.5935,22.3082,36.4033,59.0069,85.7152,183.11,170.654,162.761,155.576,149.01,142.987,135.344,127.562,111.729,65.4007,36.345,22.5963,10.1207,0.175809,220.118,220.118,216.398,216.398
69.90883827209473,0.00030174851417541504,0.9999847412109375,0.0,4,-0.0140918,4.0,18252.0,240.445,0.000403294,3.72304,6.86814,14.5325,22.2148,36.251,58.7601,85.3566,181.382,169.044,161.225,154.109,147.605,141.638,134.067,126.365,110.9,65.5925,36.4516,22.6626,10.1504,0.179257,220.614,220.614,216.877,216.877
69.93426966667175,0.00030174851417541504,0.9999847412109375,0.0,4,-0.0140918,4.0,18292.7,240.982,0.000407372,3.73848,6.83922,14.4713,22.1213,36.0984,58.5123,84.9972,179.651,167.431,159.686,152.638,146.196,140.286,132.788,125.162,110.053,65.7847,36.5584,22.729,10.1801,0.182713,221.108,221.108,217.36,217.36
69.95547747612,0.00030174851417541504,0.9999847412109375,0.0,4,-0.0140918,4.0,18333.1,241.517,0.000416499,3.75779,6.81023,14.4099,22.0275,35.9453,58.2644,84.6364,177.916,165.813,158.144,151.163,144.783,138.931,131.505,123.956,109.189,65.9776,36.6656,22.7956,10.2099,0.186176,221.603,221.603,217.841,217.841
69.9775071144104,0.00030174851417541504,0.9999847412109375,0.0,4,-0.0140923,4.0,18372.6,242.051,0.000432693,3.77195,6.78119,14.3485,21.9336,35.792,58.0159,84.2754,176.177,164.193,156.598,149.686,143.368,137.572,130.22,122.744,108.31,66.1707,36.7729,22.8623,10.2398,0.189647,222.093,222.093,218.312,218.312
69.99857115745544,0.0004986856132745743,0.9999847412109375,0.0,4,-0.0140923,4.0,18409.0,242.585,0.000412215,3.79343,6.75208,14.2869,21.8394,35.6382,57.7665,83.9129,174.434,162.568,155.049,148.205,141.95,136.212,128.931,121.53,107.416,66.3645,36.8805,22.9292,10.2697,0.193126,222.584,222.584,218.743,218.743
70.01914429664612,0.0004986856132745743,0.9999847412109375,0.0,4,-0.0140927,4.0,18448.2,243.116,0.000404999,3.81166,6.7229,14.2251,21.745,35.4842,57.5169,83.5504,172.687,160.941,153.496,146.721,140.528,134.848,127.64,120.313,106.508,66.5584,36.9882,22.9962,10.2998,0.196612,223.072,223.072,219.208,219.208
70.04200291633606,0.0004986856132745743,0.9999847412109375,0.0,4,-0.0140927,4.0,18487.7,243.643,0.000407721,3.82539,6.69367,14.1633,21.6504,35.3299,57.2665,83.1864,170.937,159.309,151.94,145.234,139.104,133.481,126.346,119.093,105.586,66.753,37.0963,23.0633,10.3298,0.200106,223.558,223.558,219.678,219.678
70.06774020195007,0.0004986856132745743,0.9999847412109375,0.0,4,-0.0140927,4.0,18527.1,244.17,0.000412427,3.83997,6.66436,14.1013,21.5556,35.1751,57.0158,82.8222,169.183,157.674,150.381,143.743,137.676,132.111,125.05,117.871,104.651,66.9478,37.2045,23.1306,10.36,0.203607,224.043,224.043,220.146,220.146
70.0838623046875,0.0004986856132745743,0.9999847412109375,0.0,4,-0.0140932,4.0,18566.1,244.694,0.000419311,3.85158,6.635,14.0391,21.4607,35.0201,56.7643,82.4658,167.424,156.036,148.818,142.249,136.246,130.738,123.75,116.646,103.704,67.143,37.313,23.1981,10.3902,0.207116,224.526,224.526,220.61,220.61
70.10622692108154,0.0004986856132745743,0.9999847412109375,0.0,4,-0.0140932,4.0,18602.9,245.218,0.000410326,3.86615,6.60556,13.9768,21.3654,34.8647,56.5125,82.2544,165.663,154.393,147.252,140.752,134.812,129.362,122.448,115.419,102.745,67.3389,37.4218,23.2657,10.4205,0.210633,225.007,225.007,221.048,221.048
70.13544583320618,0.0004986856132745743,0.9999847412109375,0.0,4,-0.0140937,4.0,18641.2,245.739,0.000403882,3.87996,6.57607,13.9144,21.27,34.709,56.2598,82.3502,163.898,152.748,145.683,139.253,133.375,127.984,121.143,114.189,101.774,67.5349,37.5308,23.3335,10.4508,0.214158,225.487,225.487,221.502,221.502
70.15672063827515,0.00030174851417541504,0.9999847412109375,0.0,4,-0.0140937,4.0,18679.6,246.258,0.000403295,3.89141,6.54651,13.8519,21.1744,34.5529,56.007,83.2257,162.128,151.099,144.11,137.749,131.935,126.602,119.835,112.956,100.792,67.7317,37.64,23.4013,10.4812,0.21769,225.965,225.965,221.959,221.959
70.17671966552734,0.00030174851417541504,0.9999847412109375,0.0,4,-0.0140942,4.0,18717.9,246.776,0.000405423,3.90146,6.51689,13.7892,21.0786,34.3966,55.7536,174.983,160.355,149.447,142.534,136.243,130.493,125.217,118.524,111.72,99.8001,67.9286,37.7494,23.4694,10.5117,0.221229,226.441,226.441,222.415,222.415
70.19541907310486,0.00030174851417541504,0.9999847412109375,0.0,4,-0.0140942,4.0,18756.0,247.291,0.000407684,3.91013,6.48721,13.7264,20.9825,34.2398,55.4993,173.045,158.578,147.791,140.954,134.733,129.047,123.83,117.211,110.483,98.7971,68.1262,37.8592,23.5376,10.5422,0.224777,226.916,226.916,222.868,222.868
70.22038841247559,0.00030174851417541504,0.9999847412109375,0.0,4,-0.0140947,4.0,18793.4,247.805,0.000405047,3.91859,6.45746,13.6634,20.8863,34.0828,55.2448,171.102,156.797,146.131,139.372,133.22,127.597,122.439,115.895,109.242,97.7844,68.3239,37.969,23.6059,10.5728,0.228331,227.389,227.389,223.312,223.312
70.24324250221252,0.00030174851417541504,0.9999847412109375,0.0,5,-0.0140947,4.0,18831.0,248.318,0.000400635,3.92705,6.42766,13.6004,20.7899,33.9255,54.9895,169.155,155.014,144.469,137.786,131.704,126.146,121.046,114.576,107.999,96.7617,68.5223,38.0792,23.6743,10.6035,0.231892,227.86,227.86,223.758,223.758
70.26538133621216,0.00030174851417541504,0.9999847412109375,0.0,5,-0.0140951,5.0,16870.0,248.243,0.000392479,3.93472,6.39781,13.5372,20.6934,33.7679,54.7343,167.205,153.227,142.804,136.199,130.187,124.692,119.651,113.256,106.754,95.7308,68.7206,38.1894,23.7429,10.6341,0.235458,228.136,228.136,219.016,219.016
70.28368926048279,0.00030174851417541504,0.9999847412109375,0.0,5,-0.0140951,5.0,16830.9,247.779,0.000379918,3.93022,6.36802,13.4742,20.5969,33.6105,54.4791,165.26,151.444,141.142,134.613,128.671,123.241,118.258,111.938,105.512,94.6943,68.9183,38.2996,23.8113,10.6648,0.239019,227.804,227.804,218.572,218.572
70.30793356895447,0.0007448330521583557,0.9999847412109375,0.0,5,-0.0141075,5.0,16454.7,247.278,-0.00156966,3.92114,6.33821,13.4108,20.4996,33.4505,54.2167,163.33,149.675,139.492,133.039,127.167,121.799,116.875,110.628,104.277,93.6582,69.0328,38.4119,23.8805,10.6955,0.242572,227.371,227.369,217.777,217.583
70.32766938209534,0.0022215262055397035,0.9999847412109375,0.0,5,-0.0141977,5.0,16825.6,247.38,-0.00953425,3.91573,6.30789,13.3445,20.3953,33.2716,53.9043,161.485,147.976,137.904,131.521,125.713,120.405,115.535,109.356,103.076,92.6478,69.0608,38.5394,23.9554,10.7271,0.246129,227.142,227.123,222.533,222.533
70.35376238822937,0.0038457546383142472,0.9999847412109375,0.0,5,-0.0143698,5.0,16851.0,247.795,-0.0227515,3.9208,6.27686,13.2747,20.283,33.072,53.5387,159.721,146.346,136.375,130.057,124.308,119.054,114.235,108.122,101.908,91.6609,69.0219,38.6838,24.0369,10.7599,0.249712,227.458,227.422,222.884,222.884
70.37212824821472,0.0038457546383142472,0.9999847412109375,0.0,5,-0.0147021,5.0,16872.5,248.211,-0.0463728,3.93028,6.24447,13.1983,20.1555,32.8326,53.0706,158.118,144.85,134.962,128.698,122.999,117.792,113.016,106.959,100.802,90.7253,68.9659,38.8615,24.1312,10.7948,0.253343,227.848,227.779,223.168,223.168
70.39618158340454,0.0038457546383142472,0.9999847412109375,0.0,5,-0.0151489,5.0,16895.2,248.624,-0.0890409,3.94023,6.21084,13.1167,20.0164,32.5642,52.5307,156.625,143.446,133.628,127.412,121.756,116.59,111.853,105.845,99.7413,89.8199,68.8754,39.0648,24.2354,10.8317,0.257041,228.235,228.143,223.467,223.467
70.4150652885437,0.0038457546383142472,0.9999847412109375,0.0,5,-0.0156153,5.0,16920.2,249.033,-0.125279,3.94452,6.17644,13.0331,19.874,32.2897,51.9787,155.143,142.051,132.303,126.132,120.519,115.394,110.694,104.736,98.6837,88.9084,68.7153,39.2753,24.343,10.8695,0.260822,228.612,228.514,223.796,223.796
70.43916320800781,0.0038457546383142472,0.9999847412109375,0.0,5,-0.0160707,5.0,16948.5,249.439,-0.149962,3.94009,6.14135,12.9485,19.7305,32.0153,51.4327,153.641,140.639,130.962,124.838,119.27,114.186,109.525,103.618,97.6179,87.9797,68.4839,39.4876,24.4518,10.908,0.264697,228.985,228.888,224.169,224.169
70.4628381729126,0.0038457546383142472,0.9999847412109375,0.0,5,-0.0165146,5.0,16977.4,249.843,-0.165765,3.92538,6.10553,12.8627,19.586,31.7409,50.8925,152.119,139.21,129.607,123.531,118.009,112.966,108.346,102.49,96.5438,87.0346,68.1901,39.7017,24.5621,10.9473,0.268673,229.355,229.261,224.551,224.551
70.48141622543335,0.0038457546383142472,0.9999847412109375,0.0,5,-0.0169528,5.0,17005.6,250.246,-0.17599,3.91127,6.06888,12.7755,19.4396,31.465,50.3532,150.583,137.77,128.241,122.215,116.738,111.74,107.159,101.355,95.464,86.0761,67.8429,39.919,24.6743,10.9875,0.272755,229.727,229.634,224.925,224.925
70.50846028327942,0.0032551348209381107,0.9999847412109375,0.0,5,-0.0173906,5.0,17032.6,250.648,-0.183145,3.89978,6.03134,12.6866,19.2908,31.1861,49.8123,149.039,136.322,126.87,120.893,115.463,110.508,105.968,100.217,94.3808,85.1062,67.4501,40.1407,24.7889,11.0287,0.276946,230.098,230.005,225.283,225.283
70.52546763420105,0.002713725343346596,0.9999847412109375,0.0,5,-0.0177768,5.0,17059.3,251.05,-0.187454,3.8864,5.99324,12.5978,19.1441,30.9156,49.2986,147.434,134.824,125.455,119.532,114.152,109.244,104.747,99.0523,93.274,84.109,66.9985,40.356,24.902,11.0703,0.281246,230.462,230.38,225.636,225.636
70.5496940612793,0.002713725343346596,0.9999847412109375,0.0,5,-0.0181096,5.0,17088.1,251.447,-0.179039,3.87307,5.95462,12.5092,18.9995,30.6537,48.8114,145.771,133.277,123.997,118.133,112.806,107.947,103.496,97.8611,92.1437,83.0851,66.4933,40.5643,25.0132,11.1121,0.285649,230.826,230.755,226.015,226.015
70.57410550117493,0.0032551348209381107,0.9999847412109375,0.0,5,-0.0184301,5.0,17113.7,251.846,-0.169871,3.85938,5.91527,12.4194,18.8537,30.3916,48.3281,144.088,131.713,122.525,116.72,111.448,106.639,102.236,96.6609,91.0056,82.0491,65.9522,40.7738,25.1256,11.1548,0.29015,231.19,231.122,226.356,226.356
70.59060502052307,0.0038457546383142472,0.9999847412109375,0.0,5,-0.0187491,5.0,17138.6,252.245,-0.162582,3.8548,5.87513,12.3282,18.7058,30.1268,47.8584,142.398,130.143,121.048,115.302,110.085,105.327,100.972,95.457,89.8644,81.0087,65.3808,40.9868,25.2401,11.1982,0.29475,231.557,231.489,226.686,226.686
70.618248462677,0.0067003373056650165,0.9999847412109375,0.0,5,-0.0191196,5.0,17163.2,252.641,-0.157995,3.85472,5.83389,12.2336,18.5515,29.848,47.4468,140.749,128.608,119.6,113.911,108.747,104.039,99.728,94.2718,88.7397,79.9818,64.7967,41.2147,25.3608,11.2432,0.299451,231.927,231.848,227.012,227.012
70.63723254203796,0.008422890678048134,0.9999847412109375,0.0,5,-0.0196894,5.0,17188.2,253.037,-0.167689,3.84892,5.79055,12.1305,18.3787,29.5243,47.0196,139.282,127.224,118.283,112.639,107.517,102.848,98.5744,93.1672,87.6859,79.0124,64.2417,41.4904,25.4999,11.2916,0.304274,232.309,232.19,227.342,227.342
70.66199731826782,0.008422890678048134,0.9999847412109375,0.0,5,-0.0204828,5.0,17216.8,253.427,-0.213249,3.83954,5.74477,12.0178,18.1855,29.1512,46.5559,138.017,126.008,117.111,111.498,106.406,101.766,97.5207,92.1509,86.7104,78.1058,63.7194,41.8214,25.6603,11.3441,0.309248,232.694,232.528,227.716,227.716
70.68087363243103,0.008422890678048134,0.9999847412109375,0.0,5,-0.0213869,5.0,17243.0,253.818,-0.271405,3.82232,5.69703,11.899,17.9806,28.7532,46.1383,136.846,124.87,116.005,110.417,105.349,100.734,96.5126,91.1758,85.7708,77.2285,63.1964,42.1792,25.8338,11.3994,0.314395,233.064,232.874,228.067,228.067
70.70336151123047,0.008422890678048134,0.9999847412109375,0.0,5,-0.0223158,5.0,17268.1,254.208,-0.319336,3.8128,5.64764,11.7766,17.7703,28.3471,45.8673,135.688,123.743,114.909,109.343,104.3,99.7081,95.5105,90.2055,84.836,76.3549,62.6511,42.4643,26.0141,11.4568,0.319733,233.427,233.231,228.399,228.399
70.72340822219849,0.008422890678048134,0.9999847412109375,0.0,5,-0.0232375,5.0,17292.8,254.597,-0.352906,3.80611,5.59666,11.6515,17.5569,27.9389,45.865,134.514,122.601,113.8,108.259,103.24,98.673,94.4998,89.228,83.8946,75.476,62.0774,42.6559,26.199,11.5161,0.325279,233.784,233.589,228.726,228.726
70.74504446983337,0.008422890678048134,0.9999847412109375,0.0,5,-0.0241349,5.0,17317.6,254.985,-0.373038,3.79023,5.5441,11.5241,17.3412,27.5316,46.4479,133.307,121.432,112.668,107.154,102.161,97.6204,93.4726,88.2359,82.9404,74.5872,61.4723,42.7627,26.3873,11.577,0.331044,234.136,233.946,229.054,229.054
70.77036213874817,0.008422890678048134,0.9999847412109375,0.0,5,-0.0250133,5.0,17347.1,255.367,-0.383682,3.76809,5.48985,11.3939,17.1227,27.1234,162.062,132.074,120.241,111.516,106.03,101.066,96.5533,92.4326,87.232,81.976,73.6902,60.8398,42.7965,26.5796,11.6399,0.337036,234.49,234.304,229.438,229.438
70.79051089286804,0.008422890678048134,0.9999847412109375,0.0,5,-0.0258954,5.0,17372.3,255.752,-0.392496,3.73831,5.43382,11.2604,16.8997,26.7101,160.774,130.835,119.045,110.36,104.903,99.9676,95.4827,91.3898,86.2258,81.0096,72.7917,60.1865,42.7688,26.7778,11.7049,0.343252,234.842,234.655,229.778,229.778
70.81330418586731,0.008422890678048134,0.9999847412109375,0.0,5,-0.0267795,5.0,17396.2,256.136,-0.398441,3.72244,5.37591,11.1235,16.6722,26.2918,159.478,129.589,117.842,109.199,103.771,98.8649,94.4083,90.343,85.2163,80.0403,71.8912,59.5128,42.6857,26.9821,11.7721,0.349705,235.196,235.009,230.094,230.094
70.83684635162354,0.008422890678048134,0.9999847412109375,0.0,5,-0.0276616,5.0,17419.9,256.52,-0.402127,3.71181,5.31618,10.9832,16.4405,25.8694,158.165,128.331,116.63,108.029,102.632,97.7553,93.3277,89.2906,84.202,79.0669,70.9877,58.8188,42.5517,27.192,11.8414,0.356393,235.548,235.361,230.408,230.408
70.85687303543091,0.008422890678048134,0.9999847412109375,0.0,5,-0.0285261,5.0,17443.9,256.901,-0.402265,3.69222,5.25469,10.8401,16.2056,25.4453,156.818,127.049,115.397,106.841,101.476,96.6309,92.234,88.2263,83.1772,78.0842,70.0768,58.1026,42.3689,27.4064,11.9128,0.363318,235.895,235.713,230.725,230.725
70.87651944160461,0.008422890678048134,0.9999847412109375,0.0,5,-0.0293816,5.0,17474.0,257.276,-0.400431,3.66466,5.19138,10.6938,15.967,25.0181,155.443,125.749,114.15,105.641,100.309,95.4961,91.1307,87.1537,82.1447,77.0953,69.161,57.3667,42.1426,27.6259,11.9862,0.370481,236.244,236.063,231.117,231.117
70.9031093120575,0.009357982873916626,0.9999847412109375,0.0,5,-0.0302528,5.0,17498.4,257.655,-0.402686,3.62947,5.12615,10.5438,15.7231,24.5838,154.078,124.454,112.906,104.443,99.1447,94.3641,90.0303,86.0831,81.1145,76.1084,68.2471,56.6167,41.8795,27.8332,12.0621,0.37788,236.591,236.407,231.446,231.446
70.92615509033203,0.009357982873916626,0.9999847412109375,0.0,5,-0.031184,5.0,17521.6,258.033,-0.406,3.61098,5.05874,10.3887,15.471,24.1365,152.785,123.204,111.7,103.278,98.0088,93.258,88.9528,85.0339,80.1034,75.1381,67.3469,55.8615,41.5886,27.99,12.141,0.385523,236.946,236.749,231.753,231.753
70.94541335105896,0.009357982873916626,0.9999847412109375,0.0,5,-0.0321706,5.0,17544.7,258.409,-0.420739,3.5967,4.9891,10.2286,15.211,23.7158,151.555,121.993,110.525,102.14,96.8982,92.1745,87.8964,84.0036,79.1091,74.1829,66.4589,55.0998,41.2713,28.0986,12.223,0.393421,237.297,237.089,232.059,232.059
70.96496415138245,0.009357982873916626,0.9999847412109375,0.0,5,-0.0331529,5.0,17568.2,258.785,-0.432236,3.57315,4.91751,10.0652,14.9469,23.3569,150.309,120.771,109.34,100.993,95.7785,91.0829,86.8323,82.9671,78.1091,73.2229,65.5671,54.3232,40.9209,28.1581,12.3075,0.401575,237.64,237.433,232.369,232.369
70.98903703689575,0.009357982873916626,0.9999847412109375,0.0,5,-0.034129,5.0,17599.3,259.151,-0.439585,3.53575,4.84392,9.8983,14.6788,23.0705,149.04,119.532,108.142,99.8341,94.6488,89.9823,85.7606,81.9229,77.1026,72.2573,64.6712,53.5426,40.5395,28.172,12.3943,0.409992,237.983,237.776,232.777,232.777
71.01284456253052,0.01034228540956974,0.9999847412109375,0.0,5,-0.0351236,5.0,17622.5,259.524,-0.449085,3.49395,4.76823,9.72743,14.4052,22.8663,147.784,118.3,106.949,98.68,93.5232,88.8853,84.6917,80.8819,76.0994,71.2941,63.7777,52.7641,40.1317,28.1453,12.4839,0.418672,238.324,238.114,233.089,233.089
71.03030681610107,0.009357982873916626,0.9999847412109375,0.0,5,-0.036177,5.0,17645.0,259.896,-0.456934,3.47212,4.69018,9.5514,14.1237,22.7549,146.599,117.11,105.79,97.5547,92.4237,87.8118,83.6445,79.8608,75.1128,70.3463,62.8966,51.9943,39.704,28.0839,12.5769,0.427626,238.674,238.451,233.385,233.385
71.05538702011108,0.009357982873916626,0.9999847412109375,0.0,5,-0.0372294,5.0,17667.4,260.267,-0.473548,3.45231,4.61,9.37172,13.8378,22.7731,145.399,115.91,104.622,96.4217,91.317,86.7321,82.5913,78.8339,74.1222,69.3949,62.0127,51.2233,39.2505,27.9856,12.6726,0.436861,239.012,238.79,233.682,233.682
71.07685422897339,0.009357982873916626,0.9999847412109375,0.0,5,-0.0382159,5.0,17690.3,260.636,-0.472521,3.42467,4.52799,9.18997,13.5558,22.98,144.093,114.642,103.398,95.2403,90.1673,85.6137,81.5033,77.7756,73.1039,68.4196,61.1099,50.4401,38.7649,27.8479,12.7701,0.446372,239.344,239.135,233.984,233.984
71.10091066360474,0.009357982873916626,0.9999847412109375,0.0,5,-0.0391815,5.0,17722.5,260.995,-0.467585,3.37538,4.44395,9.00505,13.3128,23.4434,142.744,113.344,102.151,94.0393,88.9996,84.4787,80.4009,76.7041,72.0737,67.434,60.1997,49.6522,38.254,27.6764,12.87,0.456162,239.678,239.473,234.408,234.408
71.11858439445496,0.009357982873916626,0.9999847412109375,0.0,5,-0.0401686,5.0,17744.2,261.363,-0.468159,3.32891,4.35775,8.81604,13.1188,24.3055,141.411,112.054,100.909,92.8434,87.837,83.3487,79.3024,75.6363,71.0473,66.4518,59.2925,48.867,37.7232,27.4755,12.9726,0.466225,240.015,239.806,234.699,234.699
71.14091539382935,0.009357982873916626,0.9999847412109375,0.0,5,-0.0411647,5.0,17766.0,261.729,-0.469034,3.305,4.26939,8.62385,12.9803,26.0034,140.076,110.762,99.6653,91.646,86.6725,82.2168,78.2028,74.5678,70.0202,65.4691,58.3852,48.0821,37.1725,27.2459,13.0626,0.476567,240.354,240.144,234.987,234.987
71.16326808929443,0.009357982873916626,0.9999847412109375,0.0,5,-0.0421503,5.0,17787.9,262.094,-0.470642,3.2579,4.17897,8.45393,12.9056,200.0,138.712,109.45,98.405,90.4342,85.4955,81.0741,77.0933,73.4902,68.9855,64.48,57.473,47.2947,36.6005,26.9879,13.1298,0.487189,240.681,240.473,235.277,235.277
71.18686175346375,0.009357982873916626,0.9999847412109375,0.0,5,-0.0430797,5.0,17810.8,262.458,-0.462546,3.18396,4.0867,8.32209,12.9072,200.0,137.251,108.076,97.0955,89.1809,84.2814,79.898,75.9534,72.3854,67.9268,63.4702,56.545,46.4972,36.0036,26.6999,13.174,0.498084,241.007,240.81,235.579,235.579
71.20825743675232,0.009357982873916626,0.9999847412109375,0.0,5,-0.0440109,5.0,17859.0,262.796,-0.461661,3.01383,3.99238,8.23006,12.9936,200.0,135.778,106.694,95.7778,87.9213,83.0617,78.7167,74.8095,71.2768,66.8651,62.4582,55.6153,45.6991,35.3886,26.3868,13.1965,0.509248,241.33,241.133,236.216,236.216
71.23111343383789,0.009357982873916626,0.9999847412109375,0.0,5,-0.0450009,5.0,17874.1,263.168,-0.474968,2.84152,3.90337,8.17992,13.1757,200.0,134.371,105.35,94.4915,86.6873,81.8653,77.5567,73.6843,70.1856,65.8187,61.4595,54.6968,44.9089,34.761,26.0527,13.1986,0.520677,241.658,241.456,236.422,236.422
