timestamp,target_steer,target_accel,target_brake,target_gear,angle,gear,rpm,speedX,speedY,speedZ,track_0,track_1,track_2,track_3,track_4,track_5,track_6,track_7,track_8,track_9,track_10,track_11,track_12,track_13,track_14,track_15,track_16,track_17,track_18,trackPos,wheelSpinVel_0,wheelSpinVel_1,wheelSpinVel_2,wheelSpinVel_3
1.5178897380828857,0.1894884705543518,0.9999847412109375,0.0,1,0.00822276,0.0,5235.99,-0.00913045,-0.00302988,0.00318209,5.70304,12.6267,22.455,140.486,90.9268,77.357,71.6721,67.3518,64.5773,62.0267,59.6744,57.4982,54.7119,51.8501,47.2417,40.0655,31.0431,22.7658,11.2227,0.333439,0.0,0.0,0.0,0.0
1.537031888961792,0.021057226695120335,0.9999847412109375,0.0,1,0.00822276,0.0,5386.69,-0.00913045,-0.00302988,0.00318209,5.70304,12.6267,22.455,140.486,90.9268,77.357,71.6721,67.3518,64.5773,62.0267,59.6744,57.4982,54.7119,51.8501,47.2417,40.0655,31.0431,22.7658,11.2227,0.333439,0.0,0.0,0.0,0.0
1.5604448318481445,0.0018620826303958893,0.9999847412109375,0.0,1,0.00822276,0.0,5542.21,-0.00913045,-0.00302988,0.00318209,5.70304,12.6267,22.455,140.486,90.9268,77.357,71.6721,67.3518,64.5773,62.0267,59.6744,57.4982,54.7119,51.8501,47.2417,40.0655,31.0431,22.7658,11.2227,0.333439,0.0,0.0,0.0,0.0
1.5776617527008057,0.0007543712854385376,0.9999847412109375,0.0,1,0.00822276,0.0,5702.71,-0.00913045,-0.00302988,0.00318209,5.70304,12.6267,22.455,140.486,90.9268,77.357,71.6721,67.3518,64.5773,62.0267,59.6744,57.4982,54.7119,51.8501,47.2417,40.0655,31.0431,22.7658,11.2227,0.333439,0.0,0.0,0.0,0.0
1.6006832122802734,0.0007543712854385376,0.9999847412109375,0.0,1,0.00822276,0.0,5868.34,-0.00913045,-0.00302988,0.00318209,5.70304,12.6267,22.455,140.486,90.9268,77.357,71.6721,67.3518,64.5773,62.0267,59.6744,57.4982,54.7119,51.8501,47.2417,40.0655,31.0431,22.7658,11.2227,0.333439,0.0,0.0,0.0,0.0
1.6225473880767822,0.004446343518793583,0.9999847412109375,0.0,1,0.00822276,0.0,6039.26,-0.00913045,-0.00302988,0.00318209,5.70304,12.6267,22.455,140.486,90.9268,77.357,71.6721,67.3518,64.5773,62.0267,59.6744,57.4982,54.7119,51.8501,47.2417,40.0655,31.0431,22.7658,11.2227,0.333439,0.0,0.0,0.0,0.0
1.6423273086547852,0.046525731682777405,0.9999847412109375,0.0,1,0.00822276,0.0,6215.65,-0.00913045,-0.00302988,0.00318209,5.70304,12.6267,22.455,140.486,90.9268,77.357,71.6721,67.3518,64.5773,62.0267,59.6744,57.4982,54.7119,51.8501,47.2417,40.0655,31.0431,22.7658,11.2227,0.333439,0.0,0.0,0.0,0.0
1.6594672203063965,0.12735802307724953,0.9999847412109375,0.0,1,0.00822276,0.0,6397.68,-0.00913045,-0.00302988,0.00318209,5.70304,12.6267,22.455,140.486,90.9268,77.357,71.6721,67.3518,64.5773,62.0267,59.6744,57.4982,54.7119,51.8501,47.2417,40.0655,31.0431,22.7658,11.2227,0.333439,0.0,0.0,0.0,0.0
1.677978277206421,0.1760781742632389,0.9999847412109375,0.0,1,0.00822276,0.0,6585.53,-0.00913045,-0.00302988,0.00318209,5.70304,12.6267,22.455,140.486,90.9268,77.357,71.6721,67.3518,64.5773,62.0267,59.6744,57.4982,54.7119,51.8501,47.2417,40.0655,31.0431,22.7658,11.2227,0.333439,0.0,0.0,0.0,0.0
1.6997096538543701,0.20339087024331093,0.9999847412109375,0.0,1,0.00822276,0.0,6779.4,-0.00913045,-0.00302988,0.00318209,5.70304,12.6267,22.455,140.486,90.9268,77.357,71.6721,67.3518,64.5773,62.0267,59.6744,57.4982,54.7119,51.8501,47.2417,40.0655,31.0431,22.7658,11.2227,0.333439,0.0,0.0,0.0,0.0
1.7222442626953125,0.21778537333011627,0.9999847412109375,0.0,1,0.00822276,0.0,6979.46,-0.00913045,-0.00302988,0.00318209,5.70304,12.6267,22.455,140.486,90.9268,77.357,71.6721,67.3518,64.5773,62.0267,59.6744,57.4982,54.7119,51.8501,47.2417,40.0655,31.0431,22.7658,11.2227,0.333439,0.0,0.0,0.0,0.0
1.7404694557189941,0.21778537333011627,0.9999847412109375,0.0,1,0.00822276,0.0,7185.91,-0.00913045,-0.00302988,0.00318209,5.70304,12.6267,22.455,140.486,90.9268,77.357,71.6721,67.3518,64.5773,62.0267,59.6744,57.4982,54.7119,51.8501,47.2417,40.0655,31.0431,22.7658,11.2227,0.333439,0.0,0.0,0.0,0.0
1.7616910934448242,0.21778537333011627,0.9999847412109375,0.0,1,0.00822276,0.0,7398.97,-0.00913045,-0.00302988,0.00318209,5.70304,12.6267,22.455,140.486,90.9268,77.357,71.6721,67.3518,64.5773,62.0267,59.6744,57.4982,54.7119,51.8501,47.2417,40.0655,31.0431,22.7658,11.2227,0.333439,0.0,0.0,0.0,0.0
1.7807095050811768,0.16315998136997223,0.9999847412109375,0.0,1,0.00822276,0.0,7618.85,-0.00913045,-0.00302988,0.00318209,5.70304,12.6267,22.455,140.486,90.9268,77.357,71.6721,67.3518,64.5773,62.0267,59.6744,57.4982,54.7119,51.8501,47.2417,40.0655,31.0431,22.7658,11.2227,0.333439,0.0,0.0,0.0,0.0
1.800560474395752,0.11111789289861917,0.9999847412109375,0.0,1,0.00822276,0.0,7845.75,-0.00913045,-0.00302988,0.00318209,5.70304,12.6267,22.455,140.486,90.9268,77.357,71.6721,67.3518,64.5773,62.0267,59.6744,57.4982,54.7119,51.8501,47.2417,40.0655,31.0431,22.7658,11.2227,0.333439,0.0,0.0,0.0,0.0
1.8196356296539307,0.03114630375057459,0.9999847412109375,0.0,1,0.00822276,0.0,8079.91,-0.00913045,-0.00302988,0.00318209,5.70304,12.6267,22.455,140.486,90.9268,77.357,71.6721,67.3518,64.5773,62.0267,59.6744,57.4982,54.7119,51.8501,47.2417,40.0655,31.0431,22.7658,11.2227,0.333439,0.0,0.0,0.0,0.0
1.8415677547454834,0.0018620826303958893,0.9999847412109375,0.0,1,0.00822276,0.0,8321.56,-0.00913045,-0.00302988,0.00318209,5.70304,12.6267,22.455,140.486,90.9268,77.357,71.6721,67.3518,64.5773,62.0267,59.6744,57.4982,54.7119,51.8501,47.2417,40.0655,31.0431,22.7658,11.2227,0.333439,0.0,0.0,0.0,0.0
1.857076644897461,0.0,0.9999847412109375,0.0,1,0.00822276,0.0,8570.94,-0.00913045,-0.00302988,0.00318209,5.70304,12.6267,22.455,140.486,90.9268,77.357,71.6721,67.3518,64.5773,62.0267,59.6744,57.4982,54.7119,51.8501,47.2417,40.0655,31.0431,22.7658,11.2227,0.333439,0.0,0.0,0.0,0.0
1.880192756652832,-0.0007526958361268044,0.9999847412109375,0.0,1,0.00822276,0.0,8828.3,-0.00913045,-0.00302988,0.00318209,5.70304,12.6267,22.455,140.486,90.9268,77.357,71.6721,67.3518,64.5773,62.0267,59.6744,57.4982,54.7119,51.8501,47.2417,40.0655,31.0431,22.7658,11.2227,0.333439,0.0,0.0,0.0,0.0
1.9017951488494873,-0.0007526958361268044,0.9999847412109375,0.0,1,0.00822276,0.0,9093.88,-0.00913045,-0.00302988,0.00318209,5.70304,12.6267,22.455,140.486,90.9268,77.357,71.6721,67.3518,64.5773,62.0267,59.6744,57.4982,54.7119,51.8501,47.2417,40.0655,31.0431,22.7658,11.2227,0.333439,0.0,0.0,0.0,0.0
1.9192225933074951,0.003461897373199463,0.9999847412109375,0.0,1,0.00822276,0.0,9367.96,-0.00913045,-0.00302988,0.00318209,5.70304,12.6267,22.455,140.486,90.9268,77.357,71.6721,67.3518,64.5773,62.0267,59.6744,57.4982,54.7119,51.8501,47.2417,40.0655,31.0431,22.7658,11.2227,0.333439,0.0,0.0,0.0,0.0
1.940312147140503,0.028439495712518692,0.9999847412109375,0.0,1,0.00822276,0.0,9648.33,-0.00913045,-0.00302988,0.00318209,5.70304,12.6267,22.455,140.486,90.9268,77.357,71.6721,67.3518,64.5773,62.0267,59.6744,57.4982,54.7119,51.8501,47.2417,40.0655,31.0431,22.7658,11.2227,0.333439,0.0,0.0,0.0,0.0
1.9603078365325928,0.0775301605463028,0.9999847412109375,0.0,1,0.00822276,0.0,9928.97,-0.00913045,-0.00302988,0.00318209,5.70304,12.6267,22.455,140.486,90.9268,77.357,71.6721,67.3518,64.5773,62.0267,59.6744,57.4982,54.7119,51.8501,47.2417,40.0655,31.0431,22.7658,11.2227,0.333439,0.0,0.0,0.0,0.0
1.9808111190795898,0.11111789289861917,0.9999847412109375,0.0,1,0.00822276,0.0,10209.6,-0.00913045,-0.00302988,0.00318209,5.70304,12.6267,22.455,140.486,90.9268,77.357,71.6721,67.3518,64.5773,62.0267,59.6744,57.4982,54.7119,51.8501,47.2417,40.0655,31.0431,22.7658,11.2227,0.333439,0.0,0.0,0.0,0.0
2.000607967376709,0.12182162050157785,0.9999847412109375,0.0,1,0.00822276,0.0,10490.3,-0.00913045,-0.00302988,0.00318209,5.70304,12.6267,22.455,140.486,90.9268,77.357,71.6721,67.3518,64.5773,62.0267,59.6744,57.4982,54.7119,51.8501,47.2417,40.0655,31.0431,22.7658,11.2227,0.333439,0.0,0.0,0.0,0.0
2.0218160152435303,0.12182162050157785,0.9999847412109375,0.0,1,0.00822276,0.0,10770.9,-0.00913045,-0.00302988,0.00318209,5.70304,12.6267,22.455,140.486,90.9268,77.357,71.6721,67.3518,64.5773,62.0267,59.6744,57.4982,54.7119,51.8501,47.2417,40.0655,31.0431,22.7658,11.2227,0.333439,0.0,0.0,0.0,0.0
2.0376646518707275,0.12182162050157785,0.9999847412109375,0.0,1,0.00822276,0.0,11051.5,-0.00913045,-0.00302988,0.00318209,5.70304,12.6267,22.455,140.486,90.9268,77.357,71.6721,67.3518,64.5773,62.0267,59.6744,57.4982,54.7119,51.8501,47.2417,40.0655,31.0431,22.7658,11.2227,0.333439,0.0,0.0,0.0,0.0
2.0588080883026123,0.11640824377536774,0.9999847412109375,0.0,1,0.00822276,0.0,11332.2,-0.00913045,-0.00302988,0.00318209,5.70304,12.6267,22.455,140.486,90.9268,77.357,71.6721,67.3518,64.5773,62.0267,59.6744,57.4982,54.7119,51.8501,47.2417,40.0655,31.0431,22.7658,11.2227,0.333439,0.0,0.0,0.0,0.0
2.0812430381774902,0.0775301605463028,0.9999847412109375,0.0,1,0.00822276,0.0,11612.8,-0.00913045,-0.00302988,0.00318209,5.70304,12.6267,22.455,140.486,90.9268,77.357,71.6721,67.3518,64.5773,62.0267,59.6744,57.4982,54.7119,51.8501,47.2417,40.0655,31.0431,22.7658,11.2227,0.333439,0.0,0.0,0.0,0.0
2.097907304763794,0.02585571352392435,0.9999847412109375,0.0,1,0.00822276,0.0,11893.5,-0.00913045,-0.00302988,0.00318209,5.70304,12.6267,22.455,140.486,90.9268,77.357,71.6721,67.3518,64.5773,62.0267,59.6744,57.4982,54.7119,51.8501,47.2417,40.0655,31.0431,22.7658,11.2227,0.333439,0.0,0.0,0.0,0.0
2.11777400970459,0.0026004770770668983,0.9999847412109375,0.0,1,0.00822276,0.0,12174.1,-0.00913045,-0.00302988,0.00318209,5.70304,12.6267,22.455,140.486,90.9268,77.357,71.6721,67.3518,64.5773,62.0267,59.6744,57.4982,54.7119,51.8501,47.2417,40.0655,31.0431,22.7658,11.2227,0.333439,0.0,0.0,0.0,0.0
2.137809991836548,-0.004442274570465088,0.9999847412109375,0.0,1,0.00822276,0.0,12454.7,-0.00913045,-0.00302988,0.00318209,5.70304,12.6267,22.455,140.486,90.9268,77.357,71.6721,67.3518,64.5773,62.0267,59.6744,57.4982,54.7119,51.8501,47.2417,40.0655,31.0431,22.7658,11.2227,0.333439,0.0,0.0,0.0,0.0
2.1584317684173584,-0.011207499541342258,0.9999847412109375,0.0,1,0.00822276,0.0,12735.6,-0.00913045,-0.00302988,0.00318209,5.70304,12.6267,22.455,140.486,90.9268,77.357,71.6721,67.3518,64.5773,62.0267,59.6744,57.4982,54.7119,51.8501,47.2417,40.0655,31.0431,22.7658,11.2227,0.333439,0.0,0.0,0.0,0.0
2.1792449951171875,-0.011207499541342258,0.9999847412109375,0.0,1,0.00822276,0.0,13017.4,-0.00913045,-0.00302988,0.00318209,5.70304,12.6267,22.455,140.486,90.9268,77.357,71.6721,67.3518,64.5773,62.0267,59.6744,57.4982,54.7119,51.8501,47.2417,40.0655,31.0431,22.7658,11.2227,0.333439,0.0,0.0,0.0,0.0
2.2012217044830322,-0.011207499541342258,0.9999847412109375,0.0,1,0.00822276,0.0,13300.3,-0.00913045,-0.00302988,0.00318209,5.70304,12.6267,22.455,140.486,90.9268,77.357,71.6721,67.3518,64.5773,62.0267,59.6744,57.4982,54.7119,51.8501,47.2417,40.0655,31.0431,22.7658,11.2227,0.333439,0.0,0.0,0.0,0.0
2.2218308448791504,-0.00677928701043129,0.9999847412109375,0.0,1,0.00822276,0.0,13584.3,-0.00913045,-0.00302988,0.00318209,5.70304,12.6267,22.455,140.486,90.9268,77.357,71.6721,67.3518,64.5773,62.0267,59.6744,57.4982,54.7119,51.8501,47.2417,40.0655,31.0431,22.7658,11.2227,0.333439,0.0,0.0,0.0,0.0
2.2378435134887695,0.008137837052345276,0.9999847412109375,0.0,1,0.00822276,0.0,13869.5,-0.00913045,-0.00302988,0.00318209,5.70304,12.6267,22.455,140.486,90.9268,77.357,71.6721,67.3518,64.5773,62.0267,59.6744,57.4982,54.7119,51.8501,47.2417,40.0655,31.0431,22.7658,11.2227,0.333439,0.0,0.0,0.0,0.0
2.258122444152832,0.03114630375057459,0.9999847412109375,0.0,1,0.00822276,0.0,14155.8,-0.00913045,-0.00302988,0.00318209,5.70304,12.6267,22.455,140.486,90.9268,77.357,71.6721,67.3518,64.5773,62.0267,59.6744,57.4982,54.7119,51.8501,47.2417,40.0655,31.0431,22.7658,11.2227,0.333439,0.0,0.0,0.0,0.0
2.281331777572632,0.06904089823365211,0.9999847412109375,0.0,1,0.00822276,0.0,14443.2,-0.00913045,-0.00302988,0.00318209,5.70304,12.6267,22.455,140.486,90.9268,77.357,71.6721,67.3518,64.5773,62.0267,59.6744,57.4982,54.7119,51.8501,47.2417,40.0655,31.0431,22.7658,11.2227,0.333439,0.0,0.0,0.0,0.0
2.302669048309326,0.09598499536514282,0.9999847412109375,0.0,1,0.00822276,0.0,14731.7,-0.00913045,-0.00302988,0.00318209,5.70304,12.6267,22.455,140.486,90.9268,77.357,71.6721,67.3518,64.5773,62.0267,59.6744,57.4982,54.7119,51.8501,47.2417,40.0655,31.0431,22.7658,11.2227,0.333439,0.0,0.0,0.0,0.0
2.321143627166748,0.10595056787133217,0.9999847412109375,0.0,1,0.00822276,0.0,15021.4,-0.00913045,-0.00302988,0.00318209,5.70304,12.6267,22.455,140.486,90.9268,77.357,71.6721,67.3518,64.5773,62.0267,59.6744,57.4982,54.7119,51.8501,47.2417,40.0655,31.0431,22.7658,11.2227,0.333439,0.0,0.0,0.0,0.0
2.3382351398468018,0.10595056787133217,0.9999847412109375,0.0,1,0.00822276,0.0,15312.3,-0.00913045,-0.00302988,0.00318209,5.70304,12.6267,22.455,140.486,90.9268,77.357,71.6721,67.3518,64.5773,62.0267,59.6744,57.4982,54.7119,51.8501,47.2417,40.0655,31.0431,22.7658,11.2227,0.333439,0.0,0.0,0.0,0.0
2.3606295585632324,0.10595056787133217,0.9999847412109375,0.0,1,0.00822276,0.0,15604.2,-0.00913045,-0.00302988,0.00318209,5.70304,12.6267,22.455,140.486,90.9268,77.357,71.6721,67.3518,64.5773,62.0267,59.6744,57.4982,54.7119,51.8501,47.2417,40.0655,31.0431,22.7658,11.2227,0.333439,0.0,0.0,0.0,0.0
2.3809008598327637,0.10090626869350672,0.9999847412109375,0.0,1,0.00822276,0.0,15897.4,-0.00913045,-0.00302988,0.00318209,5.70304,12.6267,22.455,140.486,90.9268,77.357,71.6721,67.3518,64.5773,62.0267,59.6744,57.4982,54.7119,51.8501,47.2417,40.0655,31.0431,22.7658,11.2227,0.333439,0.0,0.0,0.0,0.0
2.397087812423706,0.07322401646524668,0.9999847412109375,0.0,1,0.00822276,0.0,16191.7,-0.00913045,-0.00302988,0.00318209,5.70304,12.6267,22.455,140.486,90.9268,77.357,71.6721,67.3518,64.5773,62.0267,59.6744,57.4982,54.7119,51.8501,47.2417,40.0655,31.0431,22.7658,11.2227,0.333439,0.0,0.0,0.0,0.0
2.419851779937744,0.03692899737507105,0.9999847412109375,0.0,1,0.00822276,0.0,16487.1,-0.00913045,-0.00302988,0.00318209,5.70304,12.6267,22.455,140.486,90.9268,77.357,71.6721,67.3518,64.5773,62.0267,59.6744,57.4982,54.7119,51.8501,47.2417,40.0655,31.0431,22.7658,11.2227,0.333439,0.0,0.0,0.0,0.0
2.4389705657958984,0.009614386595785618,0.9999847412109375,0.0,1,0.00822276,0.0,16783.8,-0.00913045,-0.00302988,0.00318209,5.70304,12.6267,22.455,140.486,90.9268,77.357,71.6721,67.3518,64.5773,62.0267,59.6744,57.4982,54.7119,51.8501,47.2417,40.0655,31.0431,22.7658,11.2227,0.333439,0.0,0.0,0.0,0.0
2.4616644382476807,0.0007543712854385376,0.9999847412109375,0.0,1,0.00822276,0.0,17080.9,-0.00913045,-0.00302988,0.00318209,5.70304,12.6267,22.455,140.486,90.9268,77.357,71.6721,67.3518,64.5773,62.0267,59.6744,57.4982,54.7119,51.8501,47.2417,40.0655,31.0431,22.7658,11.2227,0.333439,0.0,0.0,0.0,0.0
2.477947950363159,0.0,0.9999847412109375,0.0,1,0.00822276,0.0,17378.1,-0.00913045,-0.00302988,0.00318209,5.70304,12.6267,22.455,140.486,90.9268,77.357,71.6721,67.3518,64.5773,62.0267,59.6744,57.4982,54.7119,51.8501,47.2417,40.0655,31.0431,22.7658,11.2227,0.333439,0.0,0.0,0.0,0.0
2.518303632736206,0.0,0.9999847412109375,0.0,1,0.00871628,0.0,17972.4,-0.0164474,0.0138418,0.00256131,5.70582,12.646,22.5471,139.767,90.6271,77.1409,71.4869,67.1886,64.4275,61.8889,59.547,57.3803,54.6054,51.7547,47.163,40.0057,31.0007,22.7402,11.2174,0.33345,0.802061,-0.812382,1.05351,-1.08385
2.537834405899048,0.0,0.9999847412109375,0.0,1,0.00863188,1.0,5249.36,0.26276,-0.0212382,0.00407249,5.70538,12.6429,22.5322,139.887,90.6766,77.1764,71.5172,67.2154,64.4521,61.9113,59.5677,57.3994,54.6227,51.7701,47.1756,40.0153,31.0075,22.7444,11.2182,0.333443,-0.546555,0.272038,-0.533746,-0.417467
2.5584986209869385,0.004446343518793583,0.9999847412109375,0.0,1,0.00866812,1.0,5264.23,0.145572,-0.00120537,0.00537767,5.70568,12.6445,22.5403,139.832,90.6526,77.1589,71.5022,67.202,64.4397,61.9,59.5573,57.3896,54.6139,51.762,47.169,40.0101,31.0038,22.7422,11.2177,0.333433,0.748957,-0.127187,0.756252,0.813635
2.581670045852661,0.01675084326416254,0.9999847412109375,0.0,1,0.00864428,1.0,5235.99,0.294066,0.00559288,0.00463117,5.70555,12.6436,22.5366,139.863,90.6654,77.168,71.51,67.2086,64.4457,61.9055,59.5624,57.3944,54.6179,51.7657,47.172,40.0122,31.0054,22.7432,11.218,0.333433,-0.653874,0.502736,-0.545733,-0.545733
2.597787618637085,0.03397613763809204,0.9999847412109375,0.0,1,0.00874728,1.0,5235.99,0.757395,-0.00210234,0.00705276,5.70606,12.6476,22.5574,139.708,90.5996,77.1201,71.4686,67.1722,64.4122,61.8745,59.5334,57.3675,54.5937,51.7438,47.1538,39.9984,30.9958,22.7375,11.2169,0.333442,1.60769,1.30869,4.72876,4.72876
2.618840456008911,0.046525731682777405,0.9999847412109375,0.0,1,0.00881022,1.0,5235.99,1.64,0.0164252,0.0186293,5.70643,12.6505,22.5742,139.602,90.5519,77.0841,71.4374,67.1441,64.3862,61.8502,59.5109,57.3464,54.5741,51.7259,47.1387,39.9866,30.9877,22.733,11.2163,0.333442,2.2864,1.8161,5.88422,5.88422
2.641876459121704,0.05722969863563776,0.9999847412109375,0.0,1,0.00872105,1.0,5235.99,2.61756,0.0257632,0.0373896,5.70593,12.6475,22.5656,139.705,90.5885,77.1086,71.4571,67.1608,64.401,61.8635,59.5227,57.3568,54.5831,51.7335,47.1438,39.9901,30.9907,22.7354,11.2172,0.33344,1.88134,2.15906,6.34506,6.34506
2.657689094543457,0.05722969863563776,0.9999847412109375,0.0,1,0.00860422,1.0,5235.99,3.57113,0.0271095,0.0584274,5.70528,12.6437,22.5558,139.837,90.635,77.139,71.4818,67.1813,64.4188,61.8793,59.5367,57.3691,54.5936,51.7422,47.1499,39.994,30.9943,22.7384,11.2185,0.333436,2.76032,2.616,6.44501,6.44501
2.68044114112854,0.05722969863563776,0.9999847412109375,0.0,1,0.00845307,1.0,5235.99,4.48743,0.0345551,0.0767369,5.70444,12.6388,22.5429,140.009,90.6953,77.1783,71.5134,67.2078,64.4422,61.8997,59.5548,57.3851,54.6071,51.7533,47.1575,39.9989,30.9989,22.7421,11.2201,0.333432,3.72098,3.45722,6.89081,6.89081
2.7010204792022705,0.05722969863563776,0.9999847412109375,0.0,1,0.00825613,1.0,5235.99,5.38581,0.0428698,0.089126,5.70333,12.6324,22.5251,140.236,90.7761,77.2312,71.5566,67.2439,64.4744,61.9284,59.5801,57.4077,54.6263,51.7691,47.1684,40.0064,31.0054,22.7474,11.2222,0.333429,4.55722,4.32523,7.57537,7.57537
2.7177083492279053,0.049970694817602634,0.9999847412109375,0.0,1,0.00801867,1.0,5235.99,6.25962,0.0510062,0.0932879,5.70196,12.6245,22.5028,140.514,90.8751,77.2969,71.61,67.2889,64.5142,61.9636,59.6116,57.4358,54.6502,51.789,47.1826,40.016,31.0136,22.7538,11.2249,0.333428,5.33891,5.22569,8.53599,8.53599
2.7389180660247803,0.03397613763809204,0.9999847412109375,0.0,1,0.00777357,1.0,5235.99,7.09876,0.0529163,0.0912965,5.70056,12.6167,22.483,140.792,90.9723,77.3601,71.6608,67.3312,64.5513,61.9965,59.6405,57.4612,54.6714,51.8065,47.1944,40.0235,31.0205,22.7598,11.2276,0.333426,6.05798,6.33988,9.82967,9.82967
2.7592685222625732,0.01675084326416254,0.9999847412109375,0.0,1,0.00758045,1.0,5235.99,7.98344,0.0431775,0.0912596,5.69956,12.6115,22.4796,140.976,91.0243,77.3889,71.6816,67.3465,64.5633,62.0056,59.6471,57.4658,54.6736,51.8062,47.1909,40.0189,31.0194,22.7612,11.2296,0.333411,7.63794,7.6734,11.4675,11.4675
2.784268856048584,0.003461897373199463,0.9999847412109375,0.0,1,0.0074951,1.0,5235.99,8.82045,0.029375,0.0963504,5.69931,12.6109,22.4978,140.997,91.0089,77.3689,71.6605,67.3249,64.5413,61.9833,59.6249,57.4435,54.6514,51.7843,47.1694,40.0006,31.0084,22.7565,11.2303,0.333383,8.44522,8.31565,13.0221,13.0221
2.7994375228881836,0.0007543712854385376,0.9999847412109375,0.0,1,0.00750416,1.0,5235.99,9.66547,0.0156185,0.106789,5.69976,12.6148,22.5384,140.868,90.9283,77.3011,71.598,67.2661,64.4854,61.9297,59.5734,57.394,54.6044,51.7397,47.1291,39.9677,30.9873,22.746,11.2298,0.333336,9.0685,8.88512,14.5536,14.5536
2.8196260929107666,0.0007543712854385376,0.9999847412109375,0.0,1,0.00752943,1.0,5235.99,10.5137,0.0109827,0.121144,5.70041,12.6199,22.5866,140.703,90.831,77.2202,71.5237,67.197,64.4194,61.8665,59.513,57.3362,54.5494,51.6881,47.0825,39.9297,30.9626,22.7335,11.229,0.333278,9.64813,9.48418,16.0245,16.0245
2.839951515197754,0.0007543712854385376,0.9999847412109375,0.0,1,0.00754708,1.0,5235.99,11.3599,0.0090308,0.137438,5.70109,12.6251,22.6381,140.538,90.7305,77.1363,71.4467,67.125,64.3506,61.801,59.45,57.2754,54.492,51.6338,47.0333,39.8898,30.9367,22.7203,11.2282,0.33321,10.3034,10.2047,17.4266,17.4266
2.8636415004730225,0.0007543712854385376,0.49999237060546875,0.0,1,0.00755852,1.0,5235.99,12.2045,0.00758308,0.153352,5.70179,12.6306,22.6926,140.373,90.6278,77.0499,71.3669,67.0502,64.279,61.7324,59.3842,57.2123,54.4319,51.5771,46.9817,39.8477,30.9095,22.7064,11.2275,0.333136,11.0624,11.0154,18.7765,18.7765
2.8807175159454346,0.0026004770770668983,0.9999847412109375,0.0,1,0.00756377,1.0,5235.99,13.0378,0.00605445,0.16815,5.70252,12.6364,22.751,140.205,90.5215,76.9597,71.2835,66.9723,64.2043,61.6607,59.3153,57.146,54.369,51.5173,46.9276,39.8033,30.8808,22.6919,11.2267,0.333054,11.8651,11.8438,14.2997,14.2997
2.904951572418213,0.011213961988687515,0.9999847412109375,0.0,1,0.00754374,1.0,5235.99,13.8552,0.00703334,0.181554,5.70317,12.6417,22.809,140.065,90.4237,76.8753,71.2047,66.8978,64.1326,61.5915,59.2483,57.0813,54.3075,51.4587,46.8737,39.7591,30.8524,22.6776,11.2262,0.332965,12.6502,12.6339,15.8774,15.8774
2.9224278926849365,0.023394957184791565,0.9999847412109375,0.0,1,0.00744074,1.0,5235.99,14.6794,0.0179719,0.193225,5.70329,12.644,22.8549,140.038,90.3706,76.822,71.152,66.8459,64.0815,61.5412,59.199,57.0327,54.26,51.4127,46.83,39.7223,30.8293,22.6668,11.2266,0.33288,13.431,13.3968,17.4862,17.4862
2.944366455078125,0.03114630375057459,0.9999847412109375,0.0,1,0.00719422,1.0,5235.99,15.5076,0.0371018,0.203388,5.70249,12.6408,22.8754,140.211,90.3988,76.8262,71.1486,66.8372,64.0697,61.5269,59.1825,57.0144,54.2396,51.3905,46.8059,39.6999,30.8167,22.6625,11.2287,0.332807,14.2094,14.1413,19.0546,19.0546
2.959794044494629,0.04000488296151161,0.9999847412109375,0.0,1,0.00682085,1.0,5235.99,16.338,0.0531797,0.212381,5.70085,12.6327,22.8739,140.567,90.4991,76.8816,71.188,66.8657,64.0922,61.5439,59.1948,57.0226,54.2431,51.3897,46.7987,39.6902,30.8133,22.664,11.2324,0.332747,14.9813,14.8876,20.5956,20.5956
2.9811604022979736,0.04320379439741373,0.9999847412109375,0.0,1,0.00631111,1.0,5235.99,17.1703,0.0713222,0.220861,5.69827,12.6192,22.8479,141.119,90.6777,76.992,71.2745,66.9355,64.1519,61.5952,59.2388,57.0601,54.2726,51.4118,46.8102,39.6942,30.8198,22.6717,11.2377,0.332704,15.7586,15.6321,22.1116,22.1116
3.0020182132720947,0.04320379439741373,0.9999847412109375,0.0,1,0.00564974,1.0,5235.99,18.088,0.0819168,0.230282,5.6947,12.6005,22.8032,141.877,90.9312,77.1537,71.403,67.0416,64.2442,61.6758,59.3088,57.1212,54.323,51.4518,46.8354,39.7075,30.8336,22.6845,11.2448,0.332676,16.6062,16.4625,23.7497,23.7497
3.0229077339172363,0.04000488296151161,0.49999237060546875,0.0,1,0.00500792,1.0,5235.99,18.9244,0.0861951,0.239402,5.69113,12.5823,22.7584,142.628,91.1827,77.3138,71.5312,67.1472,64.3365,61.7564,59.3795,57.1829,54.3739,51.4925,46.8615,39.7214,30.8477,22.6972,11.2518,0.332662,17.3739,17.2238,25.2115,25.2115
3.0441179275512695,0.04000488296151161,0.9999847412109375,0.0,1,0.00437706,1.0,5235.99,19.7544,0.0873452,0.249302,5.68755,12.5649,22.7196,143.362,91.4232,77.4658,71.6511,67.2452,64.4217,61.8298,59.4434,57.2382,54.4188,51.5279,46.8828,39.7313,30.8589,22.7085,11.2588,0.332657,18.1315,17.9883,20.8046,20.8046
3.0649969577789307,0.03114630375057459,0.9999847412109375,0.0,1,0.00376719,1.0,5235.99,20.5661,0.0971317,0.259779,5.68397,12.5486,22.6888,144.063,91.6466,77.6034,71.7589,67.3322,64.4965,61.8942,59.4983,57.285,54.4562,51.5559,46.8979,39.7359,30.8666,22.7176,11.2657,0.332666,18.8727,18.7319,22.465,22.465
3.08370304107666,0.01884252205491066,0.9999847412109375,0.0,1,0.0032441,1.0,5235.99,21.3859,0.0872895,0.270449,5.68086,12.5363,22.6791,144.627,91.8099,77.6977,71.8287,67.3856,64.54,61.9296,59.5262,57.307,54.4705,51.5634,46.8956,39.7271,30.8649,22.7214,11.2717,0.33268,19.6077,19.4939,24.1272,24.1272
3.101263999938965,0.008137837052345276,0.9999847412109375,0.0,1,0.0028879,1.0,5235.99,22.2104,0.0662706,0.281177,5.67878,12.5315,22.7084,144.916,91.8603,77.7098,71.8286,67.3771,64.5268,61.9123,59.5057,57.2837,54.4441,51.5341,46.8627,39.6952,30.8469,22.7152,11.2757,0.332685,20.3391,20.268,25.7275,25.7275
3.122262716293335,0.004446343518793583,0.9999847412109375,0.0,1,0.0027191,1.0,5235.99,23.0384,0.0430761,0.291914,5.67792,12.5352,22.7815,144.895,91.7838,77.6304,71.7497,67.2991,64.4498,61.8362,59.4307,57.2095,54.3718,51.4636,46.7956,39.6374,30.8106,22.6981,11.2775,0.332673,21.0734,21.0458,27.2809,27.2809
3.1434178352355957,0.003461897373199463,0.9999847412109375,0.0,1,0.00266236,1.0,5235.99,23.8694,0.0304836,0.302639,5.67782,12.5444,22.8847,144.683,91.6276,77.4939,71.6214,67.1778,64.3326,61.723,59.3212,57.1037,54.2703,51.3671,46.7069,39.563,30.7627,22.6739,11.2779,0.332647,21.823,21.8145,28.7927,28.7927
3.1650454998016357,0.003461897373199463,0.49999237060546875,0.0,1,0.0026409,1.0,5330.6,24.7033,0.0245622,0.313516,5.67799,12.556,23.0037,144.402,91.4415,77.3347,71.4736,67.0386,64.1989,61.5944,59.1977,56.9845,54.1568,51.2592,46.6084,39.4814,30.7096,22.6465,11.2778,0.332611,22.5825,22.5786,30.2915,30.2915
3.183509349822998,0.003461897373199463,0.9999847412109375,0.0,1,0.00261896,1.0,5235.99,25.5295,0.0210031,0.324381,5.67821,12.5687,23.1313,144.111,91.249,77.1702,71.3204,66.8945,64.0606,61.4616,59.0697,56.861,54.0392,51.1478,46.5066,39.3966,30.6545,22.618,11.2777,0.332571,23.3423,23.3366,25.9225,25.9225
3.2056972980499268,0.003461897373199463,0.9999847412109375,0.0,1,0.00258225,1.0,5235.99,26.3302,0.0173601,0.335287,5.67838,12.5818,23.2648,143.832,91.0585,77.0058,71.1677,66.7504,63.9222,61.3282,58.941,56.7368,53.9208,51.0352,46.4037,39.3108,30.5985,22.5891,11.2774,0.332527,24.0767,24.0675,27.6973,27.6973
3.2236804962158203,0.003461897373199463,0.9999847412109375,0.0,1,0.00253743,1.0,5235.99,27.1441,0.0151872,0.345875,5.67855,12.5957,23.4062,143.555,90.8666,76.8398,71.0126,66.6041,63.7814,61.1926,58.81,56.6104,53.8002,50.9204,46.2987,39.2229,30.5412,22.5592,11.277,0.332477,24.8204,24.8096,29.4089,29.4089
3.241750478744507,0.003461897373199463,0.9999847412109375,0.0,1,0.00248688,1.0,5501.32,27.9652,0.0137575,0.356195,5.67869,12.6105,23.5562,143.277,90.6719,76.6706,70.8547,66.4546,63.6377,61.0541,58.6765,56.4811,53.6766,50.803,46.191,39.1328,30.4823,22.5285,11.2765,0.332426,25.5709,25.5588,31.2371,31.2371
3.2617461681365967,0.004446343518793583,0.49999237060546875,0.0,1,0.00243109,1.0,5984.9,28.7936,0.0126973,0.366331,5.67881,12.6262,23.7165,142.996,90.4728,76.4979,70.6933,66.302,63.4907,60.9123,58.5396,56.3488,53.5502,50.6827,46.0806,39.0403,30.4216,22.4968,11.2758,0.332375,26.3274,26.3143,33.9374,33.9374
3.28147292137146,0.006784313358366489,0.9999847412109375,0.0,1,0.00235813,1.0,5236.45,29.618,0.0138031,0.369712,5.67882,12.6424,23.8847,142.732,90.2785,76.3276,70.5335,66.15,63.3442,60.7708,58.403,56.2166,53.4235,50.5621,45.9697,38.9469,30.3605,22.4646,11.275,0.332324,27.0843,27.0659,30.0459,30.0459
3.3041961193084717,0.008137837052345276,0.9999847412109375,0.0,1,0.00223463,1.0,5695.1,30.4203,0.0199792,0.371139,5.67853,12.6576,24.0526,142.536,90.109,76.1735,70.3874,66.0104,63.2085,60.6392,58.275,56.0923,53.304,50.4472,45.8632,38.8563,30.3014,22.4339,11.2745,0.332276,27.8245,27.792,32.3109,32.3109
3.3219666481018066,0.009614386595785618,0.9999847412109375,0.0,1,0.00206297,1.0,6303.47,31.2422,0.0229903,0.373018,5.6779,12.6721,24.2213,142.407,89.9632,76.0358,70.2546,65.8819,63.0832,60.5167,58.1554,55.9754,53.191,50.3383,45.7613,38.7685,30.2444,22.4043,11.2743,0.332235,28.5788,28.5367,35.7116,35.7116
3.3444976806640625,0.009614386595785618,0.49999237060546875,0.0,1,0.00183743,1.0,7216.69,32.0775,0.0262455,0.37733,5.67691,12.6855,24.3885,142.352,89.8443,75.9165,70.1367,65.7663,62.9693,60.4047,58.045,55.867,53.0853,50.2359,45.6642,38.6839,30.1894,22.3761,11.2745,0.3322,29.3482,29.2924,40.8087,40.8087
3.3622260093688965,0.009614386595785618,0.49999237060546875,0.0,1,0.00157374,1.0,6674.91,32.9179,0.0252555,0.384403,5.67565,12.6985,24.5587,142.349,89.7429,75.8086,70.0284,65.6584,62.8622,60.2989,57.9407,55.7639,52.9841,50.1369,45.5697,38.6005,30.1355,22.3484,11.2747,0.332172,30.1207,30.0584,38.1838,38.1838
3.3844473361968994,0.009614386595785618,0.9999847412109375,0.0,1,0.00129717,1.0,6105.76,33.748,0.0250735,0.393889,5.67425,12.7125,24.7407,142.355,89.6427,75.7002,69.9195,65.55,62.7546,60.1919,57.8348,55.6594,52.8814,50.0366,45.4739,38.5155,30.0804,22.32,11.2749,0.332151,30.8845,30.8204,34.9598,34.9598
3.4029533863067627,0.009614386595785618,0.49999237060546875,0.0,1,0.00101965,1.0,6999.7,34.5725,0.0257968,0.405184,5.67279,12.7278,24.9377,142.352,89.5361,75.5867,69.8055,65.4367,62.642,60.0807,57.725,55.5508,52.7749,49.9325,45.3746,38.4276,30.0232,22.2903,11.2746,0.332137,31.6364,31.572,39.5975,39.5975
3.4248437881469727,0.009614386595785618,0.9999847412109375,0.0,1,0.000731643,1.0,6432.99,35.4046,0.0253893,0.417324,5.67119,12.744,25.1495,142.356,89.4289,75.472,69.6901,65.3219,62.528,59.9677,57.613,55.4404,52.6666,49.8268,45.2734,38.3375,29.9646,22.2597,11.2742,0.332132,32.401,32.334,36.8086,36.8086
3.4418513774871826,0.008137837052345276,0.49999237060546875,0.0,1,0.000438865,1.0,7500.74,36.2337,0.0253394,0.4297,5.66951,12.7616,25.3789,142.357,89.3176,75.3531,69.5708,65.2036,62.4106,59.8513,57.498,55.3267,52.5553,49.7178,45.1696,38.245,29.904,22.2279,11.2735,0.332136,33.1566,33.0886,42.3933,42.3933
3.4624314308166504,0.008137837052345276,0.9999847412109375,0.0,1,0.000160392,1.0,7012.11,37.0731,0.0197017,0.441689,5.66785,12.7815,25.636,142.324,89.1909,75.2222,69.4409,65.0751,62.2838,59.7262,57.3748,55.2055,52.4366,49.6024,45.0599,38.1478,29.8401,22.1939,11.2722,0.332145,33.922,33.8596,40.0859,40.0859
3.4859275817871094,0.008137837052345276,0.49999237060546875,0.0,1,-0.000102345,1.0,8379.39,37.9138,0.0172039,0.45315,5.66622,12.8039,25.9237,142.256,89.0468,75.0783,69.2995,64.9364,62.1471,59.5921,57.2429,55.076,52.3106,49.4801,44.9443,38.0454,29.7727,22.1578,11.2703,0.332161,34.6869,34.6262,47.296,47.296
3.5056345462799072,0.009614386595785618,0.49999237060546875,0.0,1,-0.000403706,1.0,7994.66,38.8487,0.0138345,0.46504,5.66431,12.8302,26.2717,142.188,88.8877,74.9183,69.1417,64.7817,61.9947,59.4421,57.0956,54.9313,52.1694,49.3431,44.8148,37.9304,29.6967,22.1167,11.2678,0.332185,35.5427,35.4787,45.6444,45.6444
3.5246667861938477,0.021057226695120335,0.9999847412109375,0.0,1,-0.000716988,1.0,7650.92,39.6939,0.0158192,0.475403,5.66225,12.8544,26.6088,142.178,88.7604,74.784,69.0077,64.6486,61.863,59.3118,56.9669,54.8045,52.0452,49.222,44.6994,37.8268,29.6281,22.0797,11.2655,0.332219,36.3222,36.247,43.6988,43.6988
3.5469858646392822,0.03692899737507105,0.49999237060546875,0.0,1,-0.00122768,1.0,9361.61,40.5421,0.0358725,0.485375,5.65884,12.8713,26.899,142.484,88.7523,74.7331,68.9438,64.5768,61.7871,59.2325,56.8852,54.7205,51.9595,49.135,44.6117,37.7421,29.5729,22.0509,11.2651,0.332281,37.1241,36.9906,52.7757,52.7757
3.565140962600708,0.05353868380188942,0.49999237060546875,0.0,1,-0.00216991,1.0,9157.11,41.3998,0.0636175,0.495155,5.65259,12.8702,27.0272,143.508,89.0155,74.8728,69.0411,64.6458,61.8394,59.2709,56.9114,54.7365,51.9632,49.1274,44.5886,37.7023,29.5496,22.0414,11.2691,0.332392,37.9634,37.7192,52.2179,52.2179
3.586193799972534,0.06498080585151911,0.49999237060546875,0.0,1,-0.00369341,1.0,9056.33,42.2322,0.0892753,0.485716,5.64247,12.8437,26.9108,145.551,89.6583,75.2769,69.3625,64.91,62.0697,59.4722,57.0874,54.8902,52.0904,49.2297,44.6551,37.7244,29.5696,22.0586,11.2793,0.332577,38.8015,38.4182,51.6329,51.6329
3.6068804264068604,0.06904089823365211,0.49999237060546875,0.0,1,-0.00578672,1.0,8933.26,43.0652,0.0968799,0.479438,5.62862,12.7922,26.5658,148.696,90.6947,75.9539,69.9128,65.3736,62.4816,59.839,57.415,55.1839,52.343,49.4429,44.8117,37.809,29.6327,22.1023,11.2958,0.332849,39.6273,39.1181,50.9413,50.9413
3.6277525424957275,0.06904089823365211,0.49999237060546875,0.0,1,-0.00829012,1.0,8777.55,43.9022,0.0843332,0.478411,5.61224,12.7233,26.0887,152.788,92.0449,76.8438,70.6408,65.9906,63.0324,60.3324,57.8583,55.5833,52.6898,49.7394,45.0356,37.9396,29.7263,22.1648,11.3168,0.333211,40.4364,39.8429,50.0626,50.0626
3.6478347778320312,0.06904089823365211,0.49999237060546875,0.0,1,-0.0110124,1.0,8591.95,44.7395,0.0626879,0.48127,5.59446,12.6458,25.5744,157.595,93.6039,77.8693,71.4803,66.7024,63.6686,60.9027,58.3716,56.0466,53.0928,50.0851,45.2982,38.0966,29.836,22.2374,11.3403,0.333669,41.2241,40.5887,49.0137,49.0137
3.6644794940948486,0.06904089823365211,0.9999847412109375,0.0,1,-0.0138214,1.0,8380.43,45.5725,0.0491265,0.488084,5.57598,12.5655,25.0758,162.944,95.2932,78.9739,72.383,67.4668,64.3505,61.5143,58.9216,56.5429,53.5243,50.4555,45.5798,38.2652,29.9513,22.3137,11.3649,0.334232,41.9954,41.3445,47.8143,47.8143
3.685973644256592,0.06904089823365211,0.49999237060546875,0.0,1,-0.0166987,1.0,10405.6,46.4181,0.0254055,0.498234,5.5568,12.4831,24.5956,168.878,97.1104,80.1552,73.3455,68.2804,65.0764,62.1642,59.5058,57.0695,53.9823,50.848,45.8779,38.4443,30.0713,22.393,11.3906,0.334912,42.7725,42.1012,58.7042,58.7042
3.708125352859497,0.06904089823365211,0.49999237060546875,0.0,1,-0.0198138,1.0,10172.7,47.2813,-0.0267264,0.510382,5.53621,12.392,24.0864,175.93,99.2083,81.5123,74.4504,69.2141,65.909,62.9099,60.1761,57.6743,54.5087,51.3,46.2231,38.6541,30.2089,22.4835,11.4189,0.335695,43.5894,42.8601,58.0082,58.0082
3.7247586250305176,0.06904089823365211,0.49999237060546875,0.0,1,-0.0231302,1.0,10017.9,48.145,-0.0804332,0.523557,5.51439,12.2942,23.5658,184.234,101.59,83.0424,75.6928,70.263,66.8438,63.7469,60.9285,58.3529,55.0993,51.8074,46.6111,38.8917,30.3618,22.5832,11.4496,0.336584,44.4001,43.6277,57.125,57.125
3.7494421005249023,0.06904089823365211,0.49999237060546875,0.0,1,-0.026594,1.0,9871.88,49.0067,-0.129035,0.536706,5.49157,12.1918,23.0502,191.183,104.244,84.7332,77.062,71.4157,67.8701,64.6644,61.7526,59.0959,55.7454,52.3624,47.0352,39.1522,30.5259,22.6903,11.4822,0.337595,45.204,44.3994,56.2901,56.2901
3.768909454345703,0.06904089823365211,0.49999237060546875,0.0,1,-0.0301626,1.0,9739.34,49.8641,-0.168523,0.549144,5.4679,12.0865,22.5488,195.447,107.167,86.5759,78.5479,72.6641,68.9793,65.6549,62.6409,59.8959,56.4405,52.9585,47.4905,39.4317,30.6982,22.8025,11.5163,0.338747,46.0,45.1726,55.5305,55.5305
3.7860982418060303,0.06887400336898863,0.49999237060546875,0.0,1,-0.0337518,1.0,9628.0,50.7252,-0.212111,0.480448,5.44371,11.9815,22.0774,198.772,110.308,88.5315,80.1177,73.9777,70.1444,66.6933,63.5705,60.732,57.1652,53.5791,47.9629,39.7204,30.872,22.9162,11.5511,0.340055,46.61,45.8249,54.8868,54.8868
3.808150291442871,0.068683427476231,0.9999847412109375,0.0,1,-0.0371454,1.0,9559.75,51.5533,-0.230521,0.391025,5.42017,11.8852,21.6741,200.0,113.454,90.4594,81.6553,75.2581,71.2759,67.6988,64.4685,61.5367,57.8606,54.1719,48.4111,39.9907,31.0293,23.0201,11.5841,0.341517,47.4544,46.672,54.4861,54.4861
3.82769775390625,0.06849075734289363,0.49999237060546875,0.0,1,-0.0406492,1.0,11732.5,52.3905,-0.257654,0.337088,5.39555,11.785,21.2712,200.0,116.946,92.5745,83.3342,76.6521,72.5057,68.7902,65.4418,62.4085,58.6125,54.8125,48.8947,40.2827,31.1959,23.1299,11.6188,0.343158,48.2673,47.4552,66.261,66.261
3.845796823501587,0.06829452009648085,0.49999237060546875,0.0,1,-0.0445412,1.0,11456.1,53.2432,-0.326498,0.313458,5.36857,11.6716,20.8233,200.0,121.186,95.1127,85.3434,78.3166,73.9732,70.0914,66.6013,63.447,59.5087,55.5765,49.4733,40.6351,31.3946,23.2599,11.6585,0.344959,49.1173,48.2108,65.333,65.333
3.865307569503784,0.0680976844956167,0.49999237060546875,0.0,1,-0.0487679,1.0,11257.8,54.0985,-0.40148,0.313911,5.33959,11.5475,20.3477,200.0,126.251,98.0995,87.694,80.258,75.6813,71.6032,67.9473,64.6511,60.5468,56.4611,50.1431,41.0451,31.6219,23.4078,11.7024,0.346926,49.9505,48.9689,64.2031,64.2031
3.8859636783599854,0.06790031958119944,0.49999237060546875,0.0,1,-0.053247,1.0,11061.7,54.9561,-0.473327,0.33062,5.31427,11.4267,19.8826,200.0,132.183,101.526,90.3716,82.458,77.6104,73.3067,69.4601,66.0018,61.7084,57.4484,50.8882,41.4993,31.8667,23.5637,11.745,0.348384,50.7684,49.7313,63.085,63.085
3.905564785003662,0.06770254042139277,0.49999237060546875,0.0,1,-0.0558648,1.0,10868.5,55.8155,-0.534078,0.356762,5.28214,11.2906,19.4024,200.0,139.067,105.415,93.3878,84.9232,79.7661,75.2052,71.1425,67.5011,62.9953,58.5399,51.7106,42.0005,32.1326,23.7362,11.7955,0.3507,51.5736,50.5003,61.983,61.983
3.928361654281616,0.06353526450481484,0.49999237060546875,0.0,1,-0.0585276,1.0,10685.2,56.6737,-0.575809,0.386179,5.2489,11.1531,18.9394,200.0,146.934,109.741,96.7106,87.6213,82.1161,77.2671,72.9645,69.1204,64.3803,59.7117,52.589,42.533,32.4072,23.9146,11.8479,0.353152,52.3645,51.2767,60.9346,60.9346
3.949615955352783,0.055794110721929,0.9999847412109375,0.0,1,-0.0610664,1.0,10523.4,57.5254,-0.599254,0.414122,5.21522,11.0195,18.5116,200.0,155.639,114.381,100.236,90.4622,84.5787,79.4199,74.8591,70.7991,65.8105,60.9163,53.4868,43.0725,32.6761,24.0903,11.9004,0.355756,53.1289,52.0693,60.0048,60.0048
3.9647929668426514,0.04857251477660611,0.49999237060546875,0.0,1,-0.0633911,1.0,12625.8,58.394,-0.655618,0.437502,5.18156,10.8925,18.1251,200.0,165.101,119.255,103.896,93.3864,87.1013,81.6146,76.7836,72.4979,67.2515,62.1246,54.3809,43.604,32.9351,24.258,11.9519,0.358505,53.8916,52.8715,71.3739,71.3739
3.987856149673462,0.03882171187800293,0.49999237060546875,0.0,1,-0.0656655,1.0,13117.4,58.8727,-0.78449,0.197003,5.14776,10.7678,17.7591,200.0,175.825,124.582,107.848,96.5186,89.7896,83.9439,78.8178,74.2876,68.7631,63.3876,55.3099,44.1517,33.1999,24.4254,12.0037,0.361328,54.4636,53.447,74.7037,74.7037
4.004123210906982,0.025023366394162177,0.49999237060546875,0.0,1,-0.0683405,1.0,13012.5,59.6576,-0.952169,0.133633,5.11202,10.6323,17.366,200.0,186.986,131.115,112.634,100.281,93.0041,86.7179,81.2335,76.4069,70.5477,64.8742,56.3999,44.7935,33.5127,24.617,12.061,0.364176,55.1214,54.0051,74.1859,74.1859
4.025951147079468,0.016165563216898278,0.49999237060546875,0.0,1,-0.0707233,1.0,12816.9,60.4821,-1.10767,0.102213,5.07753,10.5074,17.0188,200.0,192.427,137.99,117.588,104.133,96.2727,89.5223,83.6624,78.5283,72.3238,66.3452,57.4689,45.4143,33.8098,24.7945,12.1153,0.367068,55.8246,54.7767,73.0984,73.0984
4.046188116073608,0.0107898050904274,0.49999237060546875,0.0,1,-0.072683,1.0,12535.0,61.3472,-1.21995,0.100095,5.04467,10.3961,16.7243,200.0,196.087,144.953,122.518,107.92,99.4635,92.2427,86.0055,80.5642,74.0178,67.7392,58.4714,45.9866,34.0772,24.9501,12.1651,0.370018,56.5545,55.5981,71.514,71.514
4.0662453174591064,0.007805794312323134,0.49999237060546875,0.0,1,-0.074201,1.0,12200.7,62.2407,-1.27743,0.119453,5.01326,10.2972,16.4776,164.918,198.819,151.87,127.329,111.57,102.518,94.8299,88.221,82.4791,75.6005,69.0333,59.3918,46.5024,34.3109,25.0826,12.2103,0.373049,57.3141,56.4508,69.6179,69.6179
4.086227893829346,0.006487056407131876,0.49999237060546875,0.0,1,-0.0752583,1.0,11857.7,63.1446,-1.27778,0.150229,4.98314,10.2108,16.2747,112.255,200.0,158.572,131.905,115.002,105.366,97.2275,90.2625,84.2345,77.0415,70.203,60.2138,46.9533,34.5077,25.1906,12.2508,0.376195,58.0882,57.322,67.6602,67.6602
4.1039040088653564,0.005293930270694196,0.9999847412109375,0.0,1,-0.0757999,1.0,11550.9,64.0382,-1.21986,0.182813,4.95424,10.1371,16.1168,90.13,200.0,164.76,136.054,118.072,107.896,99.3423,92.0514,85.7634,78.2868,71.2057,60.9086,47.3237,34.6606,25.2709,12.286,0.379481,58.8551,58.1992,65.8963,65.8963
4.126070022583008,0.0052772965932302175,0.49999237060546875,0.0,1,-0.0759761,1.0,13585.6,64.9367,-1.15884,0.26686,4.92578,10.0713,15.9874,77.9163,200.0,170.627,139.92,120.901,110.211,101.264,93.6676,87.1377,79.3985,72.0942,61.516,47.639,34.7836,25.3324,12.3178,0.382914,59.6862,59.0952,76.8522,76.8522
4.148899078369141,0.00526041854788363,0.49999237060546875,0.0,1,-0.0762813,1.0,13104.9,65.8484,-1.15659,0.350789,4.896,10.0004,15.8445,68.5709,200.0,177.464,144.368,124.132,112.844,103.445,95.4982,88.6913,80.6537,73.0963,62.2015,47.9977,34.9278,25.4026,12.3521,0.386442,60.5386,59.9053,74.7801,74.7801
4.167802333831787,0.005243857070021331,0.49999237060546875,0.0,1,-0.0765743,1.0,12746.3,66.743,-1.151,0.41013,4.86557,9.92835,15.7011,61.6091,200.0,183.273,149.201,127.608,115.663,105.769,97.4415,90.3359,81.9775,74.1501,62.9197,48.372,35.0788,25.4737,12.3871,0.39006,61.3522,60.7201,72.7246,72.7246
4.185400485992432,0.004185223102965392,0.49999237060546875,0.0,1,-0.0766897,1.0,12435.2,67.6181,-1.12234,0.447089,4.83525,9.85988,15.5708,56.6136,200.0,186.561,154.1,131.092,118.468,108.069,99.3555,91.9487,83.2689,75.1727,63.6107,48.727,35.2183,25.5355,12.4205,0.393768,62.1323,61.5358,70.9373,70.9373
4.205893278121948,0.0032487552757263184,0.9999847412109375,0.0,1,-0.0764866,1.0,12183.2,68.4704,-1.06274,0.465067,4.80543,9.79831,15.464,53.1923,200.0,188.788,158.71,134.325,121.052,110.173,101.096,93.4067,84.4279,76.0834,64.2176,49.0302,35.3307,25.5802,12.4508,0.397578,62.8772,62.3484,69.4831,69.4831
4.226925373077393,0.0024328763294499366,0.49999237060546875,0.0,1,-0.0759881,1.0,14316.2,69.335,-1.02012,0.46712,4.77615,9.74302,15.3785,50.7984,200.0,190.415,162.993,137.292,123.404,112.075,102.659,94.709,85.4551,76.8838,64.7431,49.2845,35.4173,25.6088,12.478,0.401482,63.6222,63.1484,80.9854,80.9854
4.243748188018799,0.0011626867540637032,0.49999237060546875,0.0,1,-0.075535,1.0,13869.0,70.2197,-1.02677,0.459131,4.74635,9.68577,15.288,48.5939,200.0,191.924,167.765,140.568,125.991,114.16,104.368,96.1302,86.5743,77.7548,65.3148,49.5628,35.5153,25.6406,12.5061,0.405421,64.4329,63.938,79.1274,79.1274
4.268758773803711,0.0,0.49999237060546875,0.0,1,-0.0750321,1.0,13509.1,71.1021,-1.02749,0.450042,4.7165,9.62936,15.2004,46.6988,200.0,193.264,172.825,144.005,128.688,116.325,106.136,97.5947,87.7233,78.6465,65.8973,49.8448,35.6141,25.6698,12.5338,0.409391,65.2314,64.7435,77.097,77.097
4.289549827575684,0.0,0.49999237060546875,0.0,1,-0.0743567,1.0,12975.0,72.0675,-0.995199,0.515141,4.68703,9.57658,15.1251,45.2108,200.0,194.373,177.729,147.365,131.306,118.412,107.831,98.9931,88.8135,79.4866,66.4403,50.1021,35.6998,25.6894,12.5595,0.413399,66.0607,65.6131,74.0873,74.0873
4.304580450057983,0.0,0.9999847412109375,0.0,1,-0.0732093,1.0,12494.2,73.0132,-0.898185,0.595164,4.65895,9.53493,15.0852,44.4175,200.0,195.061,180.275,149.978,133.318,119.998,109.105,100.032,89.6112,80.0901,66.8161,50.2635,35.7376,25.6825,12.5797,0.417478,66.8911,66.5488,71.307,71.307
4.323806285858154,0.0,0.49999237060546875,0.0,1,-0.0716311,1.0,14448.5,73.9589,-0.802638,0.665288,4.63206,9.50324,15.0778,44.1495,200.0,195.41,181.552,151.838,134.726,121.089,109.967,100.722,90.1272,80.4682,67.0341,50.3364,35.7316,25.6515,12.5949,0.421628,67.7082,67.4526,81.7929,81.7929
4.346179723739624,0.0,0.49999237060546875,0.0,1,-0.0700861,1.0,13862.9,74.9019,-0.760935,0.707491,4.60489,9.4703,15.0672,43.8088,200.0,195.783,182.711,153.92,136.302,122.312,110.934,101.499,90.7104,80.8982,67.2873,50.428,35.7349,25.6229,12.6106,0.425784,68.5967,68.3219,79.1178,79.1178
4.367987155914307,0.0023768984598889946,0.49999237060546875,0.0,1,-0.0684938,1.0,13478.4,75.7928,-0.715495,0.724889,4.5779,9.43846,15.0606,43.4946,200.0,196.121,183.689,156.052,137.909,123.554,111.913,102.284,91.2987,81.3308,67.5408,50.5191,35.7378,25.5937,12.6256,0.429934,69.4317,69.1615,76.8954,76.8954
4.385036945343018,0.005060760731432587,0.9999847412109375,0.0,1,-0.0667594,1.0,13205.3,76.6333,-0.646194,0.743968,4.55154,9.41032,15.066,43.3104,200.0,196.359,184.421,157.999,139.364,124.67,112.787,102.979,91.8127,81.7033,67.7521,50.5865,35.729,25.5589,12.6387,0.434074,70.2386,69.976,75.3077,75.3077
4.406633377075195,0.007392107365767161,0.49999237060546875,0.0,1,-0.0650133,1.0,15387.1,77.4912,-0.5894,0.804985,4.52522,9.38244,15.0732,43.1035,200.0,196.592,185.096,160.068,140.907,125.852,113.711,103.713,92.3572,82.0988,67.9783,50.6616,35.7239,25.5261,12.6516,0.438207,71.0252,70.7686,87.0807,87.0807
4.42682147026062,0.008704647697728128,0.49999237060546875,0.0,1,-0.063502,1.0,14871.0,78.3868,-0.583508,0.85724,4.49817,9.3487,15.0615,42.6273,200.0,196.981,185.972,162.904,143.033,127.492,115.005,104.753,93.1406,82.6812,68.3306,50.8051,35.7522,25.5095,12.6671,0.442299,71.8625,71.5432,84.8568,84.8568
4.446990251541138,0.008676032078423537,0.49999237060546875,0.0,1,-0.0621222,1.0,14450.9,79.2797,-0.582829,0.897214,4.47096,9.31224,15.0406,42.017,200.0,197.448,186.915,166.316,145.587,129.462,116.561,106.005,94.0883,83.3899,68.7666,50.993,35.8013,25.5031,12.6838,0.446337,72.6874,72.3332,82.4571,82.4571
4.463314533233643,0.008647938840790651,0.9999847412109375,0.0,1,-0.0607164,1.0,14072.4,80.1563,-0.573604,0.924774,4.44419,9.277,15.0228,41.433,200.0,197.889,187.773,169.927,148.275,131.526,118.185,107.309,95.0722,84.1243,69.2172,51.1873,35.853,25.4979,12.6998,0.45033,73.4861,73.1327,80.2843,80.2843
4.48567533493042,0.008619323221486062,0.49999237060546875,0.0,1,-0.0592241,1.0,16222.0,81.0492,-0.573054,0.939572,4.4181,9.24476,15.0141,40.9275,200.0,198.27,188.509,173.467,150.97,133.584,119.797,108.597,96.0394,84.8425,69.6541,51.3726,35.9001,25.4905,12.7143,0.454275,74.2738,73.9315,91.8433,91.8433
4.507761478424072,0.008586957991409115,0.49999237060546875,0.0,1,-0.0576888,1.0,15577.0,82.0591,-0.60613,0.943954,4.38962,9.20779,14.9985,40.2806,200.0,198.744,189.363,176.353,154.422,136.212,121.853,110.24,97.2734,85.761,70.2175,51.6189,35.9712,25.4915,12.7307,0.458522,75.1982,74.8236,88.8997,88.8997
4.530178546905518,0.006035182693022304,0.49999237060546875,0.0,1,-0.0561809,1.0,14899.2,83.1263,-0.62602,0.999243,4.36176,9.17161,14.9835,39.6196,200.0,199.224,190.193,178.482,158.245,139.108,124.109,112.037,98.6206,86.762,70.8314,51.8894,36.0529,25.4974,12.7466,0.462674,76.1409,75.7564,85.0857,85.0857
4.550481557846069,0.0016498914870259663,0.9999847412109375,0.0,1,-0.0543525,1.0,14255.1,84.1861,-0.599557,1.08331,4.33574,9.14496,14.9997,39.2046,200.0,199.516,190.753,179.846,161.578,141.606,126.036,113.558,99.7464,87.5878,71.3249,52.0937,36.1027,25.4881,12.7579,0.466751,77.0948,76.7753,81.3631,81.3631
4.5750343799591064,0.0006657464895397424,0.49999237060546875,0.0,1,-0.0520492,1.0,16442.8,85.2445,-0.566371,1.15348,4.31219,9.13249,15.0624,39.1223,200.0,199.549,190.966,180.534,163.919,143.327,127.34,114.569,100.475,88.1044,71.6119,52.1873,36.1003,25.454,12.7626,0.470754,78.011,77.7796,93.1459,93.1459
4.598099708557129,0.0,0.49999237060546875,0.0,1,-0.0496638,1.0,15674.7,86.303,-0.562515,1.19305,4.29,9.12459,15.14,39.0672,200.0,199.545,191.126,181.095,166.245,145.027,128.621,115.558,101.183,88.6033,71.8851,52.2731,36.0939,25.4179,12.7651,0.47462,78.9966,78.7706,89.4725,89.4725
4.622167348861694,0.0,0.9999847412109375,0.0,1,-0.0471373,1.0,15153.1,87.2921,-0.540648,1.21962,4.26958,9.12333,15.24,39.0811,200.0,199.473,191.197,181.491,168.376,146.57,129.773,116.437,101.805,89.0342,72.1124,52.3336,36.0755,25.3763,12.7647,0.478333,79.9426,79.7299,86.4581,86.4581
4.640171766281128,0.0,0.49999237060546875,0.0,1,-0.0444748,1.0,17537.5,88.2809,-0.519042,1.27884,4.25094,9.12894,15.3634,39.1573,200.0,199.339,191.186,181.747,170.13,147.949,130.792,117.208,102.341,89.3983,72.2945,52.3701,36.0458,25.3293,12.7613,0.48189,80.8496,80.662,99.3394,99.3394
4.6611833572387695,0.0006555453781038523,0.49999237060546875,0.0,1,-0.0418767,1.0,16801.9,89.3013,-0.527812,1.32728,4.23354,9.13657,15.4928,39.1553,200.0,199.249,191.228,182.062,171.555,149.611,132.026,118.148,103.004,89.8565,72.5364,52.4369,36.0299,25.2888,12.7573,0.485257,81.7837,81.5731,95.9007,95.9007
4.682429075241089,0.002996715299367905,0.49999237060546875,0.0,1,-0.0392767,1.0,16199.0,90.3116,-0.528103,1.36336,4.2177,9.14826,15.6363,39.1244,200.0,199.166,191.277,182.371,172.687,151.42,133.369,119.171,103.725,90.3577,72.8049,52.5161,36.0196,25.251,12.7517,0.488429,82.7056,82.4881,92.4519,92.4519
4.704241514205933,0.00701780755054454,0.9999847412109375,0.0,1,-0.0365994,1.0,15677.8,91.2897,-0.503454,1.38839,4.20372,9.16605,15.7942,39.1136,200.0,199.052,191.284,182.61,173.54,153.206,134.686,120.17,104.426,90.8405,73.0595,52.5878,36.0056,25.2115,12.7437,0.491412,83.6019,83.3923,89.4517,89.4517
4.731683731079102,0.009633215740850815,0.49999237060546875,0.0,1,-0.0339151,1.0,18049.2,92.2887,-0.47987,1.4018,4.19129,9.18822,15.9449,39.0766,200.0,198.944,191.296,182.843,174.288,155.137,136.109,121.248,105.182,91.3642,73.339,52.6714,35.997,25.1747,12.7342,0.494207,84.4928,84.273,102.268,102.268
4.7513391971588135,0.011065448910625962,0.49999237060546875,0.0,1,-0.0315079,1.0,17096.6,93.3913,-0.493766,1.46299,4.1794,9.2068,16.0567,38.832,200.0,198.98,191.481,183.292,175.287,157.963,138.21,122.857,106.334,92.1817,73.8046,52.8488,36.0311,25.1579,12.7265,0.496798,85.488,85.2034,97.6438,97.6438
4.7698047161102295,0.011018321010775243,0.9999847412109375,0.0,1,-0.0291971,1.0,16292.9,94.4842,-0.500268,1.53518,4.16878,9.22683,16.1495,38.5056,200.0,199.067,191.722,183.798,176.284,161.307,140.691,124.757,107.694,93.1514,74.3634,53.0717,36.0853,25.1506,12.7184,0.499189,86.5078,86.197,93.0233,93.0233
4.79797625541687,0.010971443217813659,0.49999237060546875,0.0,1,-0.0268305,1.0,18473.3,95.5713,-0.510453,1.59315,4.16004,9.253,16.2385,38.1944,200.0,199.131,191.931,184.245,177.134,164.799,143.266,126.719,109.092,94.1435,74.9324,53.2974,36.1404,25.1438,12.7081,0.501381,87.4937,87.1841,104.73,104.73
4.817964553833008,0.0068722216456780835,0.49999237060546875,0.0,1,-0.0246087,1.0,17529.1,96.6567,-0.554188,1.62636,4.15258,9.27986,16.3039,37.7833,200.0,199.265,192.218,184.776,178.047,167.82,146.389,129.095,110.786,95.349,75.6306,53.5852,36.2226,25.1495,12.6978,0.503347,88.5207,88.1712,100.083,100.083
4.8363049030303955,0.002187218795062043,0.9999847412109375,0.0,1,-0.0223307,1.0,16850.8,97.6749,-0.587625,1.66938,4.14728,9.31366,16.3665,37.3938,200.0,199.373,192.469,185.247,178.84,169.784,149.653,131.564,112.535,96.5869,76.343,53.8771,36.3059,25.1555,12.685,0.505081,89.5111,89.1658,96.1682,96.1682
4.861442565917969,0.0010443503203190242,0.49999237060546875,0.0,1,-0.0197778,1.0,19162.6,98.6953,-0.621068,1.70646,4.14526,9.36187,16.4496,37.1427,154.149,199.355,192.571,185.525,179.361,171.014,152.523,133.713,114.038,97.6364,76.9327,54.1053,36.3601,25.1483,12.667,0.506566,90.4115,90.115,108.646,108.646
4.880804777145386,0.000629280935972929,0.49999237060546875,0.0,1,-0.0171472,1.0,18242.9,99.7462,-0.664994,1.73526,4.146,9.41939,16.5334,36.9166,144.187,199.307,192.633,185.748,179.795,171.991,155.444,135.885,115.546,98.6839,77.5157,54.328,36.4112,25.1395,12.646,0.507767,91.3614,91.0706,104.153,104.153
4.9013824462890625,0.0006267065182328224,0.49999237060546875,0.0,1,-0.014385,1.0,17511.9,100.77,-0.677063,1.7573,4.14972,9.48844,16.6229,36.7403,136.268,199.204,192.63,185.887,180.115,172.728,158.269,137.971,116.983,99.6722,78.0578,54.5284,36.452,25.1261,12.6214,0.508685,92.2951,92.0239,99.9556,99.9556
4.926370143890381,0.0006243126466870309,0.9999847412109375,0.0,1,-0.011337,1.0,16967.1,101.722,-0.637404,1.77332,4.157,9.5741,16.7331,36.6863,130.884,198.981,192.487,185.856,180.222,173.13,160.553,139.634,118.106,100.429,78.4553,54.6575,36.4615,25.0986,12.5915,0.509336,93.1712,92.9512,96.787,96.787
4.946441411972046,0.0006217100657522678,0.49999237060546875,0.0,1,-0.00800462,1.0,19226.7,102.757,-0.589973,1.82386,4.16782,9.67032,16.8633,36.7474,127.465,198.642,192.211,185.666,180.134,173.249,162.038,140.836,118.895,100.942,78.7024,54.714,36.4396,25.0572,12.5564,0.509722,94.0363,93.8656,109.055,109.055
4.969538927078247,0.0006189490668475628,0.49999237060546875,0.0,1,-0.00470211,1.0,18190.6,103.855,-0.576529,1.87515,4.18139,9.76221,16.9826,36.7661,123.865,198.326,191.961,185.505,180.078,173.399,163.188,142.235,119.821,101.551,79.006,54.7968,36.4293,25.0214,12.5207,0.509791,95.0369,94.8522,103.876,103.876
4.99406623840332,0.0010186941922300805,0.9999847412109375,0.0,1,-0.0012681,1.0,17471.7,104.869,-0.535669,1.91762,4.19846,9.85509,17.1073,36.8219,120.993,197.963,191.656,185.28,179.944,173.439,163.901,143.481,120.633,102.075,79.2575,54.8544,36.4081,24.9808,12.4843,0.509539,95.9946,95.8294,99.6975,99.6975
5.012821435928345,0.002816934352914492,0.49999237060546875,0.0,1,0.00237209,1.0,19694.7,105.891,-0.493106,1.94776,4.21946,9.95144,17.2453,36.951,119.13,197.521,191.263,184.95,179.687,173.314,164.222,144.39,121.204,102.426,79.4037,54.8619,36.3656,24.931,12.4467,0.508959,96.8951,96.7631,111.752,111.752
5.037970542907715,0.0036022793074759344,0.49999237060546875,0.0,1,0.00591829,1.0,18557.4,106.95,-0.476263,1.97227,4.24345,10.0417,17.3659,37.0083,116.693,197.129,190.926,184.687,179.506,173.28,164.642,145.638,122.011,102.943,79.648,54.9156,36.3433,24.8905,12.411,0.508013,97.8829,97.7232,105.949,105.949
5.058237075805664,0.0035879324390552937,0.9999847412109375,0.0,1,0.00948128,1.0,17909.7,107.918,-0.443369,1.98956,4.27098,10.1293,17.4806,37.0478,114.281,196.741,190.591,184.425,179.326,173.242,165.002,146.979,122.878,103.501,79.9155,54.9799,36.3256,24.8523,12.3761,0.506699,98.8146,98.6505,102.176,102.176
5.079372406005859,0.0035732002208630244,0.49999237060546875,0.0,1,0.0131404,1.0,19085.5,108.912,-0.418362,2.00227,4.30249,10.2169,17.5977,37.1083,112.252,196.322,190.219,184.121,179.095,173.138,165.223,148.223,123.673,104.005,80.1501,55.0286,36.3015,24.8116,12.3411,0.505013,99.6882,99.5345,110.42,110.433
5.100157976150513,0.0014901688666269183,0.9999847412109375,0.0,1,0.0167664,1.0,18469.1,109.919,-0.408262,2.01507,4.33775,10.3003,17.7039,37.1287,110.015,195.928,189.873,183.845,178.897,173.069,165.466,149.686,124.616,104.612,80.4435,55.1042,36.2891,24.7764,12.3072,0.502919,100.632,100.464,105.404,105.404
5.121834993362427,0.0,0.49999237060546875,0.0,1,0.0205389,1.0,19108.8,110.944,-0.404201,2.03477,4.3778,10.386,17.8186,37.1948,108.323,195.482,189.468,183.502,178.62,172.9,165.545,150.923,125.398,105.102,80.667,55.1468,36.2627,24.735,12.2726,0.500404,101.537,101.391,110.668,110.681
5.144078969955444,-0.004403640012399604,0.9999847412109375,0.0,1,0.0244746,1.0,18532.4,111.934,-0.38597,2.05726,4.42101,10.4746,17.9439,37.3132,107.174,194.978,188.998,183.085,178.259,172.628,165.466,151.881,125.984,105.454,80.8074,55.1506,36.2199,24.6865,12.2369,0.497444,102.463,102.344,105.745,105.745
5.169593095779419,-0.008856539720886698,0.9999847412109375,0.0,1,0.0287199,1.0,19646.2,112.93,-0.36102,2.07988,4.46519,10.5718,18.0959,37.553,107.084,194.353,188.398,182.519,177.728,172.152,165.102,152.16,126.101,105.476,80.755,55.0652,36.1395,24.6213,12.1984,0.494024,103.328,103.265,110.228,110.24
5.190662622451782,-0.008818695730768765,0.9999847412109375,0.0,1,0.0333129,1.0,19245.2,113.943,-0.332122,2.09475,4.51085,10.6798,18.2805,37.935,108.162,193.592,187.653,181.788,177.01,171.453,164.436,151.647,125.674,105.118,80.48,54.8769,36.0156,24.5368,12.1564,0.490087,104.216,104.216,111.354,111.363
5.210581064224243,-0.0034806257790327075,0.9999847412109375,0.0,2,0.0382272,1.0,19684.7,114.943,-0.276475,2.09878,4.55799,10.7982,18.4963,38.4519,110.342,192.708,186.774,180.906,176.122,170.552,163.497,150.416,124.755,104.415,80.0029,54.5952,35.8521,24.4345,12.1112,0.485613,105.111,105.167,110.41,110.42
5.23298192024231,0.005303863111681615,0.9999847412109375,0.0,2,0.042191,2.0,14124.9,115.465,-0.187407,2.10001,4.6055,10.9192,18.72,39.0043,112.834,191.793,185.862,179.985,175.191,169.6,162.49,149.033,123.729,103.637,79.4817,54.2929,35.6798,24.3282,12.0653,0.480613,105.889,105.958,101.979,102.047
5.2537572383880615,0.031290485956395664,0.9999847412109375,0.0,2,0.042314,2.0,14103.5,115.35,-0.098219,2.08677,4.65138,11.0311,18.9178,39.4482,114.453,190.97,185.048,179.179,174.39,168.804,161.697,148.214,123.092,103.133,79.1211,54.0656,35.5398,24.2368,12.0223,0.475508,105.986,106.008,101.716,101.734
5.279065847396851,0.039110397143910326,0.9999847412109375,0.0,2,0.0414364,2.0,13209.6,115.2,0.00544093,2.06352,4.69091,11.1027,18.998,39.3895,111.963,190.56,184.686,178.888,174.175,168.709,161.856,149.914,124.189,103.844,79.4745,54.1702,35.5415,24.2094,11.9915,0.470546,105.982,105.777,101.42,101.048
5.303598403930664,0.03901845106544594,0.9999847412109375,0.0,2,0.0392611,2.0,14819.3,115.752,-0.024518,2.03923,4.72194,11.1216,18.9261,38.7032,104.929,190.685,184.888,179.237,174.679,169.456,163.087,153.691,127.687,106.217,80.7906,54.716,35.7298,24.266,11.9767,0.465786,106.284,105.811,113.216,113.216
5.322446584701538,0.028716973132118583,0.49999237060546875,0.0,2,0.0360725,2.0,15661.2,116.712,-0.204156,2.04521,4.74625,11.0998,18.7414,37.5942,95.8338,191.233,185.494,180.035,175.672,170.745,164.912,157.176,133.45,110.11,82.9529,55.6339,36.0708,24.3899,11.9745,0.461186,107.163,106.487,119.745,119.745
5.344502925872803,0.011445110857486725,0.9999847412109375,0.0,2,0.0324883,2.0,14685.3,117.725,-0.456264,2.06627,4.76726,11.0616,18.5178,36.3948,87.353,191.953,186.214,180.947,176.776,172.125,166.748,160.058,140.703,114.932,85.5861,56.7386,36.4826,24.5439,11.9779,0.45672,108.1,107.349,112.83,112.83
5.364473581314087,0.0,0.49999237060546875,0.0,2,0.0295393,2.0,15446.5,118.75,-0.664086,2.09758,4.79021,11.0443,18.3627,35.5202,81.6052,192.409,186.628,181.508,177.479,173.025,167.954,161.854,147.263,119.199,87.8557,57.6608,36.8143,24.6619,11.9755,0.452389,108.93,108.309,118.149,118.149
5.388767719268799,-0.011338848352512965,0.9999847412109375,0.0,2,0.0275332,2.0,14471.3,119.766,-0.762627,2.13095,4.81685,11.0581,18.3023,35.0372,78.334,192.462,186.648,181.615,177.679,173.349,168.464,162.692,150.648,122.198,89.4,58.2579,37.0122,24.7216,11.9633,0.448172,109.781,109.347,111.121,111.121
5.412635087966919,-0.028214515239199,0.9999847412109375,0.0,2,0.0268108,2.0,15339.6,120.721,-0.730194,2.15795,4.84882,11.1144,18.3657,35.0301,77.5892,191.957,186.147,181.149,177.253,172.976,168.167,162.519,151.124,123.1,89.8121,58.3731,37.0185,24.6994,11.9377,0.444085,110.505,110.334,117.315,117.315
5.430328845977783,-0.028079521091381707,0.49999237060546875,0.0,2,0.0271713,2.0,15940.0,121.818,-0.682954,2.17563,4.88598,11.2082,18.5356,35.4186,78.8143,190.979,185.205,180.213,176.316,172.036,167.22,161.557,150.047,122.131,89.2286,58.07,36.8596,24.6065,11.9002,0.440038,111.347,111.406,121.947,121.947
5.453643798828125,-0.025716741527700798,0.9999847412109375,0.0,2,0.0284028,2.0,14912.7,122.853,-0.536972,2.18325,4.92792,11.3341,18.796,36.1433,81.747,189.627,183.912,178.895,174.963,170.636,165.747,159.953,147.631,119.707,87.8642,57.4358,36.5686,24.4566,11.8528,0.435966,112.255,112.499,114.523,114.523
5.478054046630859,-0.008450417295840259,0.49999237060546875,0.0,2,0.0301608,2.0,15803.5,123.801,-0.343153,2.18524,4.97304,11.4811,19.1164,37.0999,85.9903,188.056,182.412,177.339,173.35,168.943,163.933,157.915,143.675,116.527,86.0774,56.6157,36.2017,24.2734,11.7993,0.431862,113.084,113.446,120.851,120.851
5.499333381652832,-0.0005652093392920991,0.9999847412109375,0.0,2,0.0317294,2.0,14968.0,124.726,-0.124098,2.19057,5.01759,11.6233,19.4236,38.0161,90.1817,186.569,180.978,175.853,171.812,167.333,162.207,155.966,139.605,113.776,84.5075,55.8814,35.8669,24.1035,11.7479,0.427729,114.013,114.339,114.862,114.862
5.52006983757019,0.001392794358941416,0.9999847412109375,0.0,2,0.0326438,2.0,15971.8,125.607,0.00855501,2.19613,5.05889,11.7423,19.6645,38.6817,93.0691,185.354,179.797,174.647,170.582,166.066,160.88,154.514,137.159,112.088,83.5125,55.3925,35.6302,23.9758,11.7037,0.42358,114.865,115.06,122.122,122.122
5.539703607559204,0.004134537959285081,0.49999237060546875,0.0,2,0.0331203,2.0,16650.0,126.665,0.0753583,2.20598,5.09813,11.8457,19.8599,39.1698,94.9599,184.316,178.785,173.631,169.559,165.034,159.829,153.417,135.721,111.067,82.8835,55.062,35.4573,23.8756,11.6642,0.419405,115.825,115.928,127.368,127.368
5.563351154327393,0.007124196371566505,0.9999847412109375,0.0,2,0.0332829,2.0,15590.1,127.702,0.103138,2.22014,5.13596,11.9378,20.0221,39.5256,96.0734,183.4,177.892,172.747,168.685,164.168,158.976,152.58,134.97,110.504,82.508,54.8418,35.329,23.7947,11.6279,0.415198,116.831,116.868,119.747,119.747
5.587944507598877,0.008272764038294553,0.49999237060546875,0.0,2,0.0331109,2.0,16430.5,128.684,0.0967744,2.2386,5.17221,12.0176,20.1476,39.7352,96.3161,182.612,177.127,172.006,167.967,163.481,158.333,152.019,134.934,110.42,82.398,54.7377,35.2478,23.7342,11.5949,0.410963,117.76,117.726,125.672,125.672
5.607971906661987,0.00823725315866371,0.9999847412109375,0.0,2,0.0326793,2.0,15525.5,129.634,0.0648206,2.26,5.20713,12.0873,20.244,39.8294,95.884,181.922,176.457,171.373,167.367,162.927,157.848,151.661,135.457,110.709,82.4946,54.7238,35.203,23.6895,11.5647,0.406713,118.713,118.625,119.149,119.149
5.629371643066406,0.008203573892824351,0.9999847412109375,0.0,2,0.0320993,2.0,16496.4,130.535,0.0209945,2.28307,5.2412,12.1511,20.3231,39.8572,95.0867,181.284,175.839,170.797,166.83,162.444,157.445,151.403,136.314,111.218,82.7116,54.7618,35.1792,23.6539,11.536,0.40246,119.528,119.407,126.162,126.162
5.654278755187988,0.00816282983093212,0.49999237060546875,0.0,2,0.0313995,2.0,17118.2,131.625,-0.0331308,2.30413,5.27458,12.2099,20.3881,39.8323,94.0198,180.686,175.258,170.263,166.34,162.013,157.1,151.214,137.456,111.913,83.0289,54.8425,35.1724,23.6256,11.5085,0.398207,120.476,120.33,130.978,130.978
5.675683498382568,0.004023517187163234,0.9999847412109375,0.0,2,0.0306084,2.0,16035.0,132.662,-0.0869841,2.32142,5.3073,12.2647,20.442,39.7676,92.7732,180.117,174.703,169.757,165.881,161.615,156.793,151.064,138.577,112.76,83.4268,54.957,35.179,23.603,11.4822,0.393963,121.475,121.31,123.136,123.136
5.696713924407959,0.0,0.9999847412109375,0.0,2,0.0299346,2.0,16914.4,133.621,-0.133018,2.33703,5.34047,12.3234,20.5081,39.7531,91.8422,179.492,174.094,169.192,165.356,161.145,156.401,150.803,139.125,113.446,83.734,55.0313,35.1692,23.5734,11.4546,0.38974,122.34,122.197,129.38,129.38
5.716752767562866,-0.0005401144601156314,0.49999237060546875,0.0,2,0.0294488,2.0,17494.8,134.728,-0.174339,2.35176,5.37462,12.3893,20.5947,39.8188,91.3647,178.785,173.404,168.538,164.736,160.567,155.885,150.388,139.235,113.852,83.887,55.0386,35.1324,23.5321,11.4251,0.38552,123.285,123.18,133.877,133.877
5.740393161773682,-0.0005374975875920306,0.9999847412109375,0.0,2,0.0291508,2.0,16384.1,135.771,-0.185361,2.36566,5.40985,12.4625,20.7024,39.9644,91.3187,177.994,172.634,167.797,164.021,159.886,155.251,149.829,139.021,113.969,83.8823,54.9781,35.0682,23.4789,11.3935,0.381297,124.273,124.207,125.81,125.81
5.762261152267456,-0.0005351065238192677,0.9999847412109375,0.0,2,0.0290375,2.0,17268.8,136.724,-0.166541,2.37783,5.44605,12.5428,20.8305,40.1878,91.6856,177.124,171.788,166.972,163.216,159.107,154.505,149.135,138.543,113.798,83.7219,54.8511,34.9775,23.4143,11.3599,0.377082,125.131,125.104,132.099,132.099
5.784390211105347,-0.0005323265671978394,0.49999237060546875,0.0,2,0.0289835,2.0,17837.4,137.832,-0.148558,2.39002,5.48261,12.6256,20.9653,40.4366,92.1845,176.223,170.913,166.117,162.378,158.291,153.719,148.395,137.979,113.533,83.5109,54.7025,34.8781,23.3459,11.3257,0.372864,126.088,126.075,136.507,136.507
5.803478717803955,0.002436379514336586,0.9999847412109375,0.0,2,0.0289565,2.0,16715.5,138.869,-0.128383,2.40408,5.51939,12.7096,21.1034,40.6973,92.7443,175.304,170.02,165.243,161.522,157.456,152.912,147.63,137.372,113.226,83.2766,54.5438,34.7746,23.2757,11.2911,0.368639,127.092,127.085,128.346,128.346
5.828553915023804,0.013201196568484107,0.9999847412109375,0.0,2,0.0289011,2.0,17598.1,139.818,-0.0976478,2.42132,5.55596,12.7922,21.238,40.945,93.2377,174.391,169.133,164.376,160.672,156.629,152.116,146.879,136.789,112.963,83.0663,54.3954,34.6753,23.2074,11.2569,0.364419,127.965,127.953,134.629,134.629
5.850809097290039,0.025735325884055346,0.49999237060546875,0.0,2,0.0284264,2.0,18142.0,140.934,-0.073149,2.43916,5.58975,12.857,21.3225,41.0067,92.7762,173.633,168.394,163.673,160.001,155.999,151.543,146.395,136.649,113.357,83.2102,54.3981,34.6366,23.1653,11.2274,0.360232,128.972,128.874,138.851,138.851
5.87194561958313,0.027741919488099714,0.9999847412109375,0.0,2,0.0271143,2.0,17017.7,141.961,-0.0927187,2.45709,5.61778,12.8853,21.3064,40.7015,90.5033,173.192,167.954,163.297,159.684,155.758,151.407,146.423,137.284,115.107,84.0787,54.7072,34.7201,23.1763,11.2074,0.356131,130.059,129.792,130.646,130.646
5.891721487045288,0.02761777100130916,0.9999847412109375,0.0,2,0.0251339,2.0,17917.0,142.892,-0.181957,2.4746,5.64041,12.8831,21.2092,40.1177,87.024,173.006,167.747,163.17,159.633,155.805,151.589,146.811,138.348,118.073,85.5774,55.276,34.9059,23.2316,11.1959,0.352187,130.981,130.572,137.075,137.075
5.9146177768707275,0.027469219535912075,0.49999237060546875,0.0,2,0.0225888,2.0,18449.3,144.006,-0.349928,2.4913,5.65823,12.855,21.0458,39.324,82.8182,173.034,167.739,163.236,159.787,156.071,152.005,147.448,139.634,122.26,87.6815,56.0834,35.1831,23.326,11.1916,0.348403,132.001,131.472,141.21,141.21
5.938175916671753,0.027334803129161395,0.9999847412109375,0.0,2,0.0197077,2.0,17335.2,145.014,-0.524306,2.50813,5.67238,12.8104,20.8444,38.4329,78.4905,173.193,167.852,163.398,160.04,156.437,152.521,148.176,140.925,127.428,90.2541,57.0618,35.5225,23.4465,11.1927,0.344807,133.041,132.436,133.062,133.062
5.960007429122925,0.019346156555078927,0.9999847412109375,0.0,2,0.0169697,2.0,18258.1,145.923,-0.631816,2.52244,5.68502,12.7671,20.6558,37.6264,74.8052,173.296,167.913,163.474,160.197,156.695,152.908,148.742,141.925,130.726,92.8638,58.0332,35.8557,23.5647,11.1945,0.341479,133.856,133.275,139.688,139.688
5.983231067657471,0.006504709395244717,0.49999237060546875,0.0,2,0.0142006,2.0,18785.4,147.032,-0.801424,2.5357,5.69535,12.7187,20.4619,36.8367,71.4169,173.41,167.984,163.532,160.332,156.924,153.256,149.25,142.798,132.905,95.6965,59.068,36.2087,23.6911,11.1988,0.338396,134.811,134.225,143.789,143.789
6.005881071090698,0.0,0.9999847412109375,0.0,2,0.0118628,2.0,17667.5,148.031,-0.925695,2.54973,5.70633,12.6836,20.3106,36.2154,68.836,173.348,167.89,163.414,160.273,156.941,153.369,149.489,143.31,134.211,98.2184,59.9631,36.5064,23.7948,11.2002,0.335527,135.77,135.269,135.602,135.602
6.02457594871521,-0.0023177804903375607,0.9999847412109375,0.0,2,0.0106134,2.0,18584.5,148.938,-0.897295,2.56677,5.72162,12.686,20.2645,35.9533,67.6517,121.241,167.382,162.905,159.794,156.509,152.995,149.189,143.166,134.464,99.5442,60.4047,36.6379,23.8312,11.1918,0.332896,136.481,136.2,142.197,142.197
6.046911239624023,-0.0029606723481416706,0.49999237060546875,0.0,2,0.00985813,2.0,19073.3,150.057,-0.847109,2.58355,5.73817,12.7037,20.2629,35.8435,67.0454,118.965,166.68,162.213,159.124,155.874,152.402,148.65,142.735,134.292,100.301,60.6367,36.6946,23.838,11.1796,0.330449,137.381,137.209,146.02,146.02
6.0700414180755615,-0.0029460720723867412,0.9999847412109375,0.0,2,0.00941515,2.0,17962.2,151.043,-0.751051,2.6004,5.75525,12.7303,20.288,35.8258,66.7826,117.829,165.854,161.403,158.334,155.111,151.672,147.96,142.128,133.87,100.687,60.7346,36.7042,23.8265,11.1651,0.328153,138.346,138.244,137.84,137.84
6.091709852218628,-0.002932848901748657,0.9999847412109375,0.0,3,0.00941557,2.0,18893.4,151.936,-0.602488,2.61791,5.77348,12.7707,20.3523,35.9394,66.9946,118.203,164.857,160.434,157.38,154.175,150.757,147.071,141.287,133.132,100.525,60.6371,36.6453,23.7883,11.1472,0.326025,139.101,139.091,144.567,144.567
6.113781690597534,0.0,0.9999847412109375,0.0,3,0.00957218,3.0,14937.6,152.534,-0.457742,2.63381,5.79161,12.8147,20.4287,36.0964,67.3686,119.1,163.798,159.405,156.367,153.177,149.775,146.11,140.365,132.287,100.175,60.4738,36.5641,23.7418,11.1286,0.324017,139.909,139.938,134.871,134.912
6.13283896446228,0.007387945057513814,0.9999847412109375,0.0,3,0.0098439,3.0,14911.1,152.355,-0.301886,2.63256,5.80931,12.8608,20.513,36.2839,67.8616,168.019,162.7,158.339,155.316,152.137,148.75,145.102,139.388,131.369,99.6926,60.2644,36.4677,23.69,11.1099,0.322138,139.988,140.042,134.344,134.403
6.155933141708374,0.015430144011229278,0.9999847412109375,0.0,3,0.00980996,3.0,13847.7,152.135,-0.181576,2.62056,5.82422,12.893,20.5629,36.3673,67.9996,167.004,161.716,157.382,154.376,151.216,147.851,144.231,138.57,130.66,99.6021,60.1994,36.4246,23.6607,11.0954,0.320376,139.85,139.841,133.737,133.877
6.180453300476074,0.018715178943537174,0.9999847412109375,0.0,3,0.00914682,3.0,14721.6,152.579,-0.128484,2.6194,5.8342,12.8981,20.5447,36.2413,67.4181,166.237,160.964,156.642,153.657,150.529,147.203,143.631,138.064,130.355,100.313,60.4272,36.4884,23.6757,11.089,0.31875,139.969,139.826,142.089,142.089
6.199963808059692,0.01863099803622812,0.9999847412109375,0.0,3,0.0077703,3.0,14931.6,153.467,-0.175284,2.63574,5.83873,12.8732,20.4508,35.8851,66.0677,114.248,160.466,156.141,153.178,150.096,146.825,143.321,137.888,130.461,101.974,60.9949,36.6746,23.7413,11.0915,0.317266,140.724,140.435,144.205,144.205
6.224191427230835,0.018539233263395728,0.9999847412109375,0.0,3,0.00595301,3.0,15023.7,154.435,-0.283212,2.6594,5.83931,12.8288,20.3101,35.3951,64.3148,108.952,160.122,155.786,152.834,149.805,146.598,143.172,137.889,130.767,104.31,61.7929,36.942,23.8401,11.1002,0.31594,141.603,141.224,145.129,145.129
6.244376182556152,0.010863871071261043,0.9999847412109375,0.0,3,0.00396523,3.0,15070.4,155.433,-0.396349,2.68806,5.8374,12.7752,20.1501,34.8611,62.4809,103.669,159.834,155.483,152.531,149.555,146.412,143.064,137.93,131.095,107.022,62.7065,37.2482,23.955,11.1124,0.31479,142.502,142.084,145.59,145.59
6.269090890884399,0.0016779144926927984,0.9999847412109375,0.0,3,0.00220865,3.0,15117.3,156.43,-0.499175,2.71443,5.8353,12.7274,20.0099,34.4014,60.9455,99.4152,159.456,155.094,152.136,149.205,146.118,142.839,137.832,131.233,109.547,63.5408,37.525,24.0586,11.1236,0.313824,143.378,143.003,146.036,146.036
6.288453817367554,-0.003562407999075949,0.9999847412109375,0.0,3,0.00107411,3.0,15184.6,157.412,-0.542455,2.73375,5.83547,12.7001,19.9258,34.1205,60.0112,96.8795,158.841,154.483,151.528,148.626,145.581,142.353,137.439,131.006,111.229,64.0836,37.7013,24.1229,11.1294,0.313023,144.216,143.962,146.677,146.677
6.310769319534302,-0.0051944457446225,0.9999847412109375,0.0,3,0.000642285,3.0,15272.7,158.378,-0.510629,2.74455,5.83865,12.6966,19.9046,34.0331,59.6955,96.0009,157.961,153.622,150.68,147.8,144.783,141.588,136.735,130.406,111.797,64.2748,37.7582,24.1407,11.1285,0.31235,145.038,144.928,147.521,147.521
6.3329572677612305,-0.00516858492884785,0.9999847412109375,0.0,3,0.000710666,3.0,15377.7,159.332,-0.420241,2.74751,5.84397,12.7098,19.9278,34.0809,59.8048,96.2348,156.892,152.584,149.662,146.799,143.802,140.629,135.815,129.552,111.513,64.2109,37.7295,24.1253,11.1228,0.311771,145.873,145.874,148.528,148.528
6.357275724411011,-0.002809235208034515,0.9999847412109375,0.0,3,0.00103064,3.0,15484.5,160.284,-0.312687,2.74881,5.85013,12.731,19.9726,34.1955,60.1267,97.0282,155.728,151.455,148.557,145.711,142.728,139.573,134.788,128.572,110.879,64.0203,37.6585,24.0936,11.115,0.311266,146.728,146.788,149.563,149.563
6.379932165145874,0.0,0.9999847412109375,0.0,3,0.00140356,3.0,15582.1,161.242,-0.208006,2.75483,5.85619,12.7533,20.0211,34.3232,60.4938,97.9492,154.541,150.305,147.432,144.601,141.632,138.493,133.737,127.566,110.176,63.8059,37.5798,24.0593,11.107,0.310811,147.604,147.68,150.511,150.511
6.400835037231445,0.0042468670904481165,0.9999847412109375,0.0,3,0.00165728,3.0,15671.8,162.205,-0.124514,2.76599,5.86119,12.7704,20.0572,34.4158,60.7551,98.6,153.392,149.191,146.341,143.526,140.574,137.455,132.732,126.616,109.602,63.6558,37.5235,24.0341,11.1007,0.310398,148.501,148.554,151.38,151.38
6.42381477355957,0.008056503483401612,0.9999847412109375,0.0,3,0.00165114,3.0,15756.7,163.169,-0.0727367,2.78028,5.86432,12.777,20.0675,34.4326,60.7824,98.6388,152.331,148.158,145.328,142.532,139.602,136.508,131.829,125.785,109.282,63.6409,37.5139,24.0277,11.0976,0.310026,149.412,149.414,152.203,152.203
6.444908618927002,0.00801480462792019,0.9999847412109375,0.0,3,0.00129266,3.0,15837.8,164.136,-0.0601222,2.79725,5.86488,12.7695,20.0425,34.3466,60.4925,97.8487,151.387,147.237,144.421,141.648,138.745,135.683,131.062,125.113,109.252,63.8093,37.5677,24.0468,11.0989,0.309711,150.334,150.263,152.987,152.987
6.466080665588379,0.00797310577243877,0.9999847412109375,0.0,3,0.000665724,3.0,15917.1,165.103,-0.0909824,2.81679,5.8633,12.7508,19.9904,34.1825,59.9664,96.4565,150.53,146.396,143.592,140.843,137.972,134.947,130.392,124.551,109.371,64.1213,37.6711,24.086,11.1038,0.309464,151.249,151.121,153.753,153.753
6.486483812332153,0.004989362149039904,0.9999847412109375,0.0,3,-8.90642e-05,3.0,15997.1,166.068,-0.135162,2.83776,5.86035,12.726,19.9244,33.9811,59.3349,94.8162,149.71,145.59,142.796,140.07,137.232,134.247,129.76,124.031,109.491,64.5071,37.7999,24.1356,11.1107,0.30929,152.149,151.992,154.526,154.526
6.508287191390991,0.0011356841962784528,0.9999847412109375,0.0,3,-0.000806287,3.0,16079.5,167.03,-0.183257,2.85881,5.85693,12.7013,19.8601,33.7885,58.7411,93.2994,148.869,144.764,141.981,139.276,136.471,133.523,129.102,123.479,109.492,64.8819,37.9252,24.1843,11.1179,0.309197,153.031,152.879,155.321,155.321
6.5305280685424805,-0.0007550744816660881,0.9999847412109375,0.0,3,-0.00129898,3.0,16164.0,167.99,-0.212419,2.87889,5.85431,12.6837,19.8152,33.6558,58.3373,92.281,147.942,143.857,141.088,138.403,135.626,132.712,128.348,122.817,109.267,65.1435,38.0128,24.2185,11.1231,0.309167,153.891,153.783,156.136,156.136
6.55563759803772,-0.0026809423184394835,0.9999847412109375,0.0,3,-0.0015178,3.0,16249.9,168.948,-0.206232,2.8976,5.8528,12.6752,19.7942,33.5952,58.1563,91.8304,146.914,142.855,140.103,137.438,134.686,131.8,127.485,122.03,108.819,65.2625,38.0531,24.2344,11.1258,0.309195,154.743,154.691,156.965,156.965
6.574594020843506,-0.0026667862701416013,0.9999847412109375,0.0,3,-0.00148973,3.0,16336.7,169.904,-0.176001,2.91454,5.85241,12.675,19.7949,33.5996,58.1737,91.8788,145.795,141.767,139.036,136.392,133.66,130.799,126.525,121.133,108.189,65.2506,38.0499,24.2337,11.126,0.30926,155.596,155.597,157.804,157.804
6.596179962158203,-0.002652630221843719,0.9999847412109375,0.0,3,-0.00129344,3.0,16423.4,170.86,-0.126213,2.93024,5.85275,12.6805,19.8104,33.6482,58.326,92.2674,144.613,140.62,137.913,135.288,132.576,129.736,125.499,120.163,107.444,65.1499,38.0173,24.2215,11.1246,0.309355,156.455,156.493,158.643,158.643
6.6203696727752686,-0.002638488981127739,0.9999847412109375,0.0,3,-0.00101796,3.0,16509.7,171.815,-0.0746676,2.94579,5.85348,12.6887,19.833,33.7179,58.5437,92.8223,143.4,139.444,136.761,134.156,131.462,128.643,124.441,119.158,106.644,65.0076,37.9707,24.204,11.1224,0.309458,157.323,157.38,159.477,159.477
6.644173622131348,-0.001098507147403434,0.9999847412109375,0.0,3,-0.000706032,3.0,16595.2,172.769,-0.0285566,2.96115,5.85442,12.6982,19.8589,33.798,58.7933,93.4607,142.171,138.251,135.594,133.008,130.332,127.534,123.366,118.135,105.817,64.8467,37.9179,24.184,11.1199,0.309563,158.196,158.261,160.303,160.303
6.661502122879028,0.0,0.9999847412109375,0.0,3,-0.000445351,3.0,16680.0,173.723,0.0125301,2.97654,5.85512,12.7061,19.8805,33.8647,59.0028,93.9999,140.953,137.07,134.437,131.871,129.214,126.437,122.306,117.129,105.016,64.7133,37.8741,24.1674,11.1178,0.30966,159.076,159.132,161.123,161.123
6.684519529342651,0.0,0.9999847412109375,0.0,3,-0.000295997,3.0,16763.6,174.676,0.0337845,2.99314,5.85521,12.7099,19.8917,33.9013,59.1203,94.4451,139.767,135.918,133.308,130.762,128.126,125.372,121.28,116.163,104.271,64.639,37.8501,24.1586,11.1169,0.309753,159.963,159.996,161.93,161.93
6.706859827041626,0.0,0.9999847412109375,0.0,3,-0.000226721,3.0,16846.6,175.628,0.0375717,3.01021,5.8549,12.7109,19.8958,33.9162,59.1715,143.262,138.601,134.785,132.198,129.672,127.057,124.328,120.278,115.223,103.561,64.6066,37.8402,24.1553,11.1169,0.309837,160.846,160.863,162.733,162.733
6.729018688201904,0.0,0.9999847412109375,0.0,3,-0.000196248,3.0,16929.3,176.578,0.0341797,3.02732,5.85443,12.7106,19.8964,33.9208,59.1907,142.064,137.442,133.658,131.092,128.587,125.994,123.291,119.283,114.292,102.86,64.5943,37.837,24.1546,11.1172,0.309914,161.724,161.731,163.532,163.532
6.750446319580078,0.0,0.9999847412109375,0.0,3,-0.000184402,3.0,17012.2,177.525,0.0284776,3.04433,5.85393,12.7098,19.8956,33.9208,59.1949,140.865,136.282,132.53,129.986,127.502,124.932,122.254,118.289,113.362,102.158,64.5914,37.8368,24.155,11.1176,0.309981,162.597,162.6,164.333,164.333
6.7739577293396,-0.0007116020049154759,0.9999847412109375,0.0,3,-0.000181273,3.0,17095.1,178.469,0.0226061,3.06167,5.85345,12.7088,19.8942,33.9188,59.1925,139.662,135.119,131.399,128.877,126.413,123.866,121.214,117.293,112.429,101.447,64.5926,37.8379,24.1558,11.1181,0.310039,163.467,163.468,165.134,165.134
6.797705888748169,-0.0019664971803035588,0.9999847412109375,0.0,3,-0.000147492,3.0,17177.9,179.411,0.0162166,3.07999,5.85323,12.7092,19.8959,33.9257,59.2168,138.443,133.94,130.253,127.753,125.31,122.785,120.159,116.281,111.48,100.71,64.5772,37.8333,24.1544,11.1181,0.310088,164.331,164.338,165.934,165.934
6.815919876098633,-0.0038336868043988945,0.9999847412109375,0.0,3,-3.81172e-05,3.0,17260.4,180.35,0.0166558,3.09765,5.85358,12.7126,19.9052,33.9542,59.3065,137.193,132.731,129.079,126.602,124.18,121.677,119.076,115.238,110.497,99.9262,64.5214,37.8148,24.1473,11.1172,0.310122,165.188,165.21,166.731,166.731
6.839482545852661,-0.004573406657204031,0.9999847412109375,0.0,3,0.000202194,3.0,17341.1,181.288,0.0247294,3.11615,5.8549,12.7212,19.9274,34.0203,59.51,135.894,131.477,127.862,125.41,123.007,120.526,117.948,114.149,109.464,99.0733,64.3958,37.7724,24.1307,11.1146,0.310133,166.036,166.085,167.512,167.512
6.859158754348755,-0.004548033781349659,0.9999847412109375,0.0,3,0.00059028,3.0,17422.5,182.224,0.0483329,3.13493,5.85745,12.7362,19.9649,34.13,59.8459,134.541,130.173,126.597,124.172,121.789,119.327,116.771,113.007,108.374,98.1475,64.1917,37.7027,24.1029,11.11,0.3101,166.881,166.96,168.297,168.297
6.884430170059204,-0.004522796444362029,0.9999847412109375,0.0,3,0.00107144,3.0,17504.7,183.155,0.0821492,3.15297,5.86097,12.7556,20.0127,34.269,60.2713,133.154,128.837,125.302,122.905,120.54,118.097,115.562,111.833,107.25,97.1769,63.9383,37.6155,24.0679,11.104,0.310018,167.728,167.828,169.091,169.091
6.905144214630127,-0.004497586215147749,0.9999847412109375,0.0,3,0.00159293,3.0,17587.1,184.085,0.115314,3.17,5.86524,12.7776,20.0663,34.4235,60.7438,131.75,127.485,123.992,121.623,119.276,116.852,114.338,110.644,106.109,96.1863,63.6634,37.5198,24.029,11.097,0.309876,168.578,168.687,169.888,169.888
6.926112651824951,-0.0010226291999872773,0.9999847412109375,0.0,3,0.00209485,3.0,17669.5,185.011,0.144883,3.18647,5.86998,12.8003,20.1202,34.5772,61.2119,130.349,126.135,122.683,120.343,118.014,115.608,113.116,109.457,104.973,95.2023,63.3974,37.4261,23.9904,11.0897,0.309667,169.432,169.539,170.683,170.683
6.948958158493042,0.0004125505685806275,0.9999847412109375,0.0,3,0.00245202,3.0,17751.2,185.936,0.164776,3.20513,5.87433,12.8186,20.1622,34.6931,61.5595,128.989,124.823,121.411,119.096,116.786,114.401,111.933,108.312,103.882,94.2766,63.2039,37.3565,23.9609,11.0835,0.309403,170.298,170.376,171.474,171.474
6.970555543899536,0.0036893548330354194,0.9999847412109375,0.0,3,0.00262392,3.0,17832.4,186.858,0.156475,3.22296,5.87808,12.831,20.1881,34.7589,61.7454,127.681,123.559,120.183,117.892,115.603,113.241,110.798,107.219,102.849,93.4214,63.1018,37.3175,23.9431,11.0789,0.309082,171.165,171.205,172.258,172.258
6.993874549865723,0.005198851359849796,0.9999847412109375,0.0,3,0.00254008,3.0,17911.0,187.779,0.135149,3.24207,5.88057,12.8343,20.1903,34.7523,61.6999,126.445,122.362,119.018,116.749,114.482,112.145,109.73,106.197,101.892,92.66,63.1271,37.322,23.9425,11.0769,0.308731,172.038,172.025,173.019,173.019
7.01578688621521,0.006029448322330911,0.9999847412109375,0.0,3,0.00219598,3.0,17990.2,188.698,0.0819349,3.26243,5.88149,12.8279,20.1674,34.6706,61.4173,125.28,121.231,117.915,115.665,113.423,111.114,108.729,105.246,101.011,91.9871,63.284,37.3719,23.9599,11.0777,0.308384,172.91,172.843,173.784,173.784
7.037054777145386,0.005995283118138711,0.9999847412109375,0.0,3,0.00167561,3.0,18071.1,189.612,0.0176947,3.28171,5.88123,12.8145,20.1272,34.538,60.978,124.161,120.142,116.851,114.619,112.402,110.121,107.769,104.337,100.175,91.3637,63.5325,37.4531,23.9898,11.0806,0.308053,173.771,173.665,174.564,174.564
7.059238910675049,0.006876904526116947,0.9999847412109375,0.0,3,0.00105503,3.0,18152.6,190.524,-0.0491932,3.29948,5.88002,12.7966,20.0765,34.3763,60.4538,123.062,119.072,115.805,113.589,111.399,109.147,106.827,103.448,99.3592,90.7577,63.8368,37.5536,24.0276,11.0851,0.307764,174.621,174.492,175.351,175.351
7.0806663036346436,0.008853769879561539,0.9999847412109375,0.0,3,0.000360548,3.0,18234.1,191.433,-0.10651,3.31659,5.87786,12.775,20.0173,34.1925,59.8698,121.977,118.015,114.771,112.571,110.406,108.184,105.896,102.569,98.5539,90.1581,64.1856,37.6695,24.0718,11.0908,0.307537,175.466,175.32,176.139,176.139
7.1042375564575195,0.012294907815704742,0.9999847412109375,0.0,3,-0.000462711,3.0,18315.1,192.339,-0.158173,3.33625,5.87417,12.747,19.9439,33.9707,59.1812,120.921,116.984,113.761,111.576,109.436,107.244,104.99,101.716,97.7749,89.5827,64.6109,37.8118,24.127,11.0988,0.307402,176.315,176.142,176.922,176.922
7.123414754867554,0.013510213616232699,0.9999847412109375,0.0,3,-0.00150327,3.0,18395.4,193.243,-0.213769,3.35456,5.86815,12.7088,19.8472,33.6868,58.3199,119.92,116.004,112.799,110.627,108.512,106.35,104.131,100.912,97.0457,89.0587,65.1648,37.998,24.2,11.1103,0.307393,177.167,176.95,177.698,177.698
7.148078680038452,0.01343230173281394,0.9999847412109375,0.0,3,-0.00278914,3.0,18472.1,194.147,-0.284561,3.37527,5.85935,12.659,19.7244,33.3346,57.2761,118.981,115.082,111.892,109.729,107.636,105.507,103.323,100.16,96.3713,88.5901,65.871,38.2355,24.2941,11.126,0.307546,178.021,177.753,178.44,178.44
7.170465469360352,0.013354820777953915,0.9999847412109375,0.0,3,-0.00418979,3.0,18550.4,195.046,-0.366559,3.39716,5.84833,12.602,19.5874,32.9508,56.1663,118.066,114.182,111.005,108.851,106.777,104.68,102.531,99.4248,95.7123,88.1311,66.6667,38.5028,24.4006,11.1446,0.307887,178.862,178.568,179.196,179.196
7.192886590957642,0.013277598380229126,0.9999847412109375,0.0,3,-0.00560085,3.0,18630.4,195.942,-0.432223,3.41743,5.83552,12.5412,19.4453,32.5629,55.0735,117.144,113.276,110.112,107.967,105.909,103.844,101.73,98.6782,95.0396,87.6492,67.4983,38.7819,24.5127,11.1652,0.308436,179.689,179.389,179.968,179.968
7.214653491973877,0.013200634539639575,0.9999847412109375,0.0,3,-0.00700702,3.0,18711.0,196.835,-0.482341,3.43525,5.82084,12.4771,19.2992,32.1741,54.0063,116.213,112.36,109.209,107.074,105.029,102.995,100.915,97.9167,94.3499,87.1413,68.2269,39.0709,24.6298,11.1877,0.309217,180.51,180.21,180.748,180.748
7.238065004348755,0.011874890351047118,0.9999847412109375,0.0,3,-0.00840533,3.0,18791.4,197.725,-0.519521,3.45399,5.80423,12.4093,19.1488,31.7843,52.9642,115.27,111.433,108.297,106.172,104.137,102.133,100.086,97.1402,93.643,86.608,68.7079,39.3696,24.7519,11.2124,0.31024,181.329,181.032,181.524,181.524
7.255635976791382,0.0048516758598759775,0.9999847412109375,0.0,3,-0.00976343,3.0,18870.6,198.612,-0.548393,3.47425,5.78578,12.339,18.9969,31.4009,51.966,114.307,110.488,107.367,105.252,103.227,101.25,99.2362,96.3412,92.9112,86.0417,69.0002,39.6724,24.8769,11.2388,0.311514,182.143,181.854,182.291,182.291
7.279621124267578,0.0013045986717659978,0.9999847412109375,0.0,3,-0.0108051,3.0,18943.8,199.497,-0.56758,3.49247,5.7672,12.276,18.8671,31.088,51.1834,113.246,109.451,106.35,104.25,102.239,100.286,98.3025,95.455,92.0875,85.3699,69.0429,39.9236,24.9836,11.2637,0.313024,182.927,182.701,183.001,183.001
7.3008153438568115,0.00037624016404151915,0.9999847412109375,0.0,3,-0.0113456,3.0,19010.0,200.376,-0.523412,3.51657,5.74993,12.2272,18.7752,30.8865,50.7178,112.035,108.276,105.204,103.123,101.131,99.2012,97.2456,94.4415,91.131,84.5501,68.817,40.0827,25.0566,11.2845,0.31472,183.688,183.564,183.642,183.642
7.3238677978515625,0.0,0.9999847412109375,0.0,3,-0.0115121,3.0,19080.1,201.244,-0.429868,3.53941,5.73339,12.1883,18.7103,30.7645,50.4768,110.715,106.998,103.961,101.904,99.9339,98.0281,96.0989,93.3357,90.0785,83.6242,68.4093,40.1728,25.1047,11.3024,0.31658,184.45,184.406,184.318,184.318
7.343656063079834,0.0,0.9999847412109375,0.0,3,-0.0114992,3.0,19151.4,202.102,-0.325545,3.55957,5.71678,12.1533,18.657,30.678,50.338,109.34,105.67,102.67,100.639,98.6934,96.8117,94.9082,92.1847,88.9793,82.6471,67.9075,40.2308,25.1416,11.3193,0.318568,185.223,185.22,185.007,185.007
7.365583896636963,0.000369770172983408,0.9999847412109375,0.0,3,-0.0114261,3.0,19222.7,202.949,-0.234628,3.57692,5.69971,12.1186,18.606,30.6008,50.2291,107.945,104.322,101.361,99.3558,97.4359,95.5784,93.7005,91.0166,87.8625,81.6501,67.3593,40.2798,25.1758,11.3364,0.320652,185.999,186.012,185.695,185.695
7.388074159622192,0.0009075356254602472,0.9999847412109375,0.0,4,-0.0113448,3.0,19293.2,203.787,-0.163448,3.59884,5.68204,12.0828,18.5535,30.522,50.1195,106.543,102.968,100.046,98.0674,96.1728,94.3397,92.4876,89.8431,86.7402,80.6466,66.7847,40.3293,25.2108,11.354,0.322812,186.775,186.792,186.377,186.377
7.412087917327881,0.0027037084684520957,0.9999847412109375,0.0,4,-0.0113051,4.0,15625.0,203.954,-0.106613,3.61694,5.66365,12.0446,18.496,30.431,49.9797,105.149,101.621,98.7381,96.7855,94.9158,93.1071,91.281,88.6764,85.6248,79.6493,66.2001,40.3889,25.25,11.3725,0.32503,187.343,187.352,179.94,179.947
7.4342217445373535,0.0033100891019248718,0.9999847412109375,0.0,4,-0.0114005,4.0,15594.0,203.629,-0.0702583,3.62505,5.6441,12.0009,18.4261,30.3072,49.7534,103.793,100.31,97.463,95.5352,93.6892,91.9046,90.1047,87.5404,84.5404,78.6832,65.634,40.4773,25.3005,11.3931,0.327297,187.196,187.176,179.62,179.595
7.4558961391448975,0.003980107597808044,0.9999847412109375,0.0,4,-0.0116518,4.0,15051.7,203.274,-0.0696149,3.62929,5.62329,11.9512,18.3421,30.1465,49.4295,102.479,99.0375,96.2251,94.3205,92.4966,90.7356,88.9624,86.4386,83.4906,77.7514,65.0895,40.5987,25.3639,11.4159,0.329613,186.912,186.86,179.0,178.772
7.478503942489624,0.003972376652608315,0.9999847412109375,0.0,4,-0.0120418,4.0,15566.4,203.559,-0.087398,3.63629,5.60131,11.896,18.2457,29.9534,49.021,101.2,97.7978,95.0175,93.1349,91.3321,89.594,87.8476,85.3647,82.4687,76.8467,64.5586,40.7502,25.4389,11.4408,0.331978,186.839,186.758,184.933,184.933
7.500235319137573,0.003955124438057343,0.9999847412109375,0.0,4,-0.0124902,4.0,15615.9,204.195,-0.113429,3.6533,5.57842,11.8378,18.143,29.7453,48.5765,99.9308,96.5667,93.818,91.9568,90.1748,88.4593,86.7396,84.2974,81.4531,75.947,64.0178,40.9166,25.5201,11.467,0.334417,187.334,187.239,185.552,185.552
7.522916316986084,0.0039376823406418165,0.9999847412109375,0.0,4,-0.0129461,4.0,15650.6,204.838,-0.134937,3.67556,5.55483,11.778,18.0379,29.5333,48.1267,98.657,95.3314,92.6145,90.775,89.0137,87.3203,85.6275,83.2258,80.4327,75.0403,63.455,41.0877,25.6036,11.494,0.336937,187.91,187.814,185.966,185.966
7.5421953201293945,0.003920321621596813,0.9999847412109375,0.0,4,-0.0133858,4.0,15687.2,205.478,-0.148493,3.70265,5.53063,11.7173,17.9321,29.3224,47.6847,97.3732,94.0868,91.4022,89.5845,87.8442,86.173,84.5067,82.1451,79.4027,74.1223,62.8665,41.259,25.6877,11.5216,0.339542,188.489,188.396,186.399,186.399
7.567803859710693,0.0039030694070458405,0.9999847412109375,0.0,4,-0.0138017,4.0,15727.7,206.114,-0.154782,3.72751,5.50586,11.6561,17.8263,29.1141,47.3055,96.0776,92.8311,90.1792,88.3839,86.6651,85.0158,83.3759,81.0542,78.3619,73.1913,62.2522,41.4287,25.7719,11.5497,0.342235,189.065,188.976,186.881,186.881
7.588111877441406,0.0038858985708653928,0.9999847412109375,0.0,4,-0.0141959,4.0,15771.0,206.747,-0.155797,3.75419,5.48045,11.594,17.7201,28.9075,47.0948,94.771,91.5652,88.9466,87.1739,85.4768,83.8495,82.2359,79.9538,77.3111,72.2486,61.6144,41.5974,25.8564,11.5784,0.34502,189.642,189.557,187.39,187.39
7.610100984573364,0.0038689176175494997,0.9999847412109375,0.0,4,-0.014578,4.0,15820.6,207.373,-0.154685,3.77119,5.45438,11.5309,17.6127,28.7008,47.1891,93.4559,90.2911,87.7063,85.9564,84.2814,82.6758,81.0885,78.8457,76.2522,71.2962,60.9562,41.7669,25.9418,11.6077,0.347893,190.217,190.136,187.977,187.977
7.632322788238525,0.004550937847159802,0.9999847412109375,0.0,4,-0.0149597,4.0,15873.0,207.996,-0.154001,3.77776,5.4276,11.4664,17.5034,28.4914,48.3574,92.135,89.0115,86.4606,84.734,83.081,81.4971,79.936,77.7323,75.1875,70.3365,60.2813,41.9398,26.0291,11.6378,0.350855,190.793,190.712,188.599,188.599
7.6535303592681885,0.006966452107429504,0.9999847412109375,0.0,4,-0.0153895,4.0,15924.3,208.618,-0.154282,3.7798,5.39977,11.3988,17.3882,28.2691,97.2788,90.8198,87.7372,85.2199,83.5159,81.8848,80.3223,78.7872,76.6225,74.1262,69.3789,59.5999,42.1265,26.1223,11.6693,0.353914,191.373,191.283,189.21,189.21
7.677016496658325,0.00987998057459481,0.9999847412109375,0.0,4,-0.0159597,4.0,15972.0,209.241,-0.163236,3.79151,5.37031,11.3251,17.2599,28.0151,95.9094,89.5307,86.487,84.0016,82.3194,80.7093,79.1668,77.6577,75.5321,73.084,68.4394,58.929,42.2828,26.2291,11.7035,0.357083,191.965,191.845,189.778,189.778
7.696563005447388,0.012077634715583796,0.9999847412109375,0.0,4,-0.0167723,4.0,16017.9,209.865,-0.189909,3.80495,5.33852,11.2417,17.1106,27.7092,94.596,88.2898,85.2813,82.8251,81.1628,79.5718,78.0478,76.5641,74.4773,72.0774,67.5345,58.2853,42.388,26.3586,11.7418,0.360386,192.563,192.394,190.324,190.324
7.718023061752319,0.013225313489511607,0.9999847412109375,0.0,4,-0.017848,4.0,16059.0,210.49,-0.241811,3.82834,5.30399,11.1476,16.9384,27.3482,93.3424,87.1003,84.1233,81.6931,80.0486,78.475,76.9678,75.5079,73.4601,71.1079,66.6653,57.67,42.455,26.5135,11.785,0.363863,193.163,192.939,190.815,190.815
7.742981910705566,0.013166443733386697,0.9999847412109375,0.0,4,-0.0191135,4.0,16103.7,211.111,-0.307993,3.85362,5.26695,11.0449,16.749,26.9484,92.1281,85.9443,82.9962,80.5902,78.9624,77.4047,75.913,74.4749,72.4658,70.1609,65.8171,57.0673,42.4774,26.689,11.8322,0.367534,193.755,193.49,191.345,191.345
7.765064239501953,0.01435533139863983,0.9999847412109375,0.0,4,-0.0204679,4.0,16149.4,211.73,-0.374806,3.87639,5.22769,10.9363,16.5495,26.5298,90.9267,84.7993,81.8792,79.4966,77.8849,76.3429,74.8664,73.4479,71.477,69.2188,64.9717,56.4592,42.4456,26.8778,11.8827,0.371431,194.333,194.048,191.888,191.888
7.784832239151001,0.015589724247654277,0.9999847412109375,0.0,4,-0.0218821,4.0,16195.7,212.347,-0.428704,3.89493,5.18617,10.8226,16.3416,26.0978,89.7308,83.6588,80.7663,78.4068,76.8109,75.2844,73.8229,72.4218,70.4886,68.2763,64.1242,55.8414,42.3622,27.0781,11.9362,0.375577,194.906,194.607,192.438,192.438
7.808088302612305,0.016869042904274538,0.9999847412109375,0.0,4,-0.0234273,4.0,16242.0,212.961,-0.475968,3.92144,5.1418,10.701,16.12,25.6397,88.5579,82.5378,79.6714,77.3338,75.7531,74.2412,72.794,71.4074,69.5115,67.3445,63.2856,55.2249,42.2438,27.2971,11.994,0.380004,195.488,195.161,192.988,192.988
7.82826566696167,0.018192220526747405,0.9999847412109375,0.0,4,-0.0251211,4.0,16288.0,213.575,-0.531744,3.94298,5.0943,10.571,15.8834,25.1534,87.4118,81.4398,78.5976,76.2805,74.714,73.216,71.7823,70.4088,68.5476,66.4252,62.4575,54.6118,42.0964,27.5373,12.0566,0.38474,196.065,195.708,193.535,193.535
7.85214900970459,0.018110210516676307,0.9999847412109375,0.0,4,-0.0269264,4.0,16329.3,214.19,-0.586642,3.96928,5.0436,10.4332,15.6342,24.6459,86.2832,80.3565,77.5376,75.24,73.6871,72.2024,70.7816,69.4209,67.5906,65.5121,61.6338,53.9961,41.918,27.7969,12.1238,0.389819,196.64,196.259,194.027,194.027
7.873733758926392,0.019470365995786467,0.9999847412109375,0.0,4,-0.0287784,4.0,16374.2,214.801,-0.63698,3.99648,4.98988,10.2894,15.3766,24.1287,85.1558,79.2742,76.4781,74.2001,72.6607,71.1893,69.7814,68.4333,66.6303,64.5951,60.8044,53.3684,41.7031,28.0711,12.1951,0.39526,197.207,196.816,194.559,194.559
7.894485712051392,0.020872994090616704,0.9999847412109375,0.0,4,-0.0306755,4.0,16420.6,215.41,-0.676158,4.01806,4.93301,10.1393,15.1106,23.602,84.0293,78.1923,75.4191,73.1605,71.6346,70.1763,68.7814,67.4458,65.6664,63.6738,59.969,52.7289,41.4545,28.3604,12.2707,0.401082,197.771,197.369,195.11,195.11
7.917072296142578,0.022317578581472243,0.9999847412109375,0.0,4,-0.0326957,4.0,16467.4,216.016,-0.713491,4.03329,4.87243,9.9806,14.831,23.0542,82.9221,77.1269,74.3754,72.1351,70.6221,69.1764,67.7937,66.4702,64.7099,62.7593,59.1385,52.0881,41.1843,28.6217,12.3518,0.407314,198.34,197.913,195.666,195.666
7.939651250839233,0.025444133247742428,0.9999847412109375,0.0,4,-0.0348743,4.0,16513.8,216.621,-0.761606,4.05532,4.80784,9.81233,14.536,22.4813,81.8425,76.0849,73.3531,71.1298,69.6287,68.1947,66.8236,65.5114,63.7665,61.8555,58.3169,51.4503,40.8978,28.8238,12.4393,0.413979,198.915,198.455,196.218,196.218
7.961395978927612,0.027017145105997724,0.9999847412109375,0.0,4,-0.0372773,4.0,16559.5,217.224,-0.816593,4.07426,4.73865,9.63248,14.2218,21.8754,80.806,75.0797,72.3647,70.1561,68.6654,67.2418,65.8809,64.5789,62.848,60.9706,57.5123,50.8232,40.6034,28.9793,12.5345,0.42112,199.491,198.984,196.761,196.761
7.983447790145874,0.0286283770313176,0.9999847412109375,0.0,4,-0.0399216,4.0,16599.7,217.83,-0.887723,4.09873,4.6646,9.44064,13.8881,21.2372,79.8159,74.1137,71.4126,69.2163,67.7345,66.3198,64.9678,63.6745,61.9559,60.1053,56.7251,50.2074,40.3027,29.0949,12.638,0.42877,200.068,199.511,197.242,197.242
8.005614042282104,0.028498415419614564,0.9999847412109375,0.0,4,-0.0427611,4.0,16643.5,218.43,-0.962428,4.12716,4.58556,9.23769,13.5377,20.5748,78.8614,73.178,70.4881,68.3023,66.8281,65.4211,64.0769,62.7916,61.0839,59.2525,55.9485,49.5964,39.9913,29.1714,12.7499,0.436978,200.64,200.041,197.759,197.759
8.027957677841187,0.030141415078192953,0.9999847412109375,0.0,4,-0.0456727,4.0,16689.0,219.028,-1.04209,4.15084,4.50192,9.02655,13.1774,19.9191,77.9135,72.2474,69.5685,67.3927,65.9259,64.5265,63.1898,61.9121,60.2152,58.3968,55.1662,48.9749,39.6572,29.2035,12.8688,0.445773,201.197,200.582,198.299,198.299
8.049497365951538,0.03182242531563156,0.9999847412109375,0.0,4,-0.0486476,4.0,16735.0,219.623,-1.10025,4.16809,4.41352,8.80721,12.8076,19.2936,76.9704,71.3207,68.6521,66.486,65.0265,63.6344,62.3053,61.0351,59.3489,57.5426,54.3773,48.3426,39.3008,29.1945,12.9949,0.455183,201.75,201.119,198.846,198.846
8.071653366088867,0.033540581187804536,0.9999847412109375,0.0,4,-0.0517987,4.0,16780.7,220.216,-1.15887,4.19321,4.31971,8.57703,12.4229,18.688,76.0584,70.42,67.7598,65.6018,64.1483,62.7626,61.44,60.1766,58.4999,56.7045,53.595,47.712,38.934,29.1556,13.1304,0.465242,202.315,201.648,199.39,199.39
8.093273162841797,0.037255612038982415,0.9999847412109375,0.0,4,-0.0551755,4.0,16825.6,220.807,-1.2318,4.21458,4.22005,8.33487,12.0214,18.1,75.1896,69.5556,66.9006,64.7483,63.2995,61.9187,60.6014,59.3434,57.6747,55.8888,52.824,47.0875,38.5615,29.0922,13.2766,0.475993,202.879,202.166,199.923,199.923
8.113650560379028,0.03708460758874813,0.9999847412109375,0.0,4,-0.0587911,4.0,16864.5,221.4,-1.30956,4.24214,4.11422,8.08044,11.603,17.5313,74.3675,68.7303,66.0771,63.9282,62.4823,61.105,59.7916,58.5378,56.8753,55.0971,52.0652,46.47,38.1844,29.007,13.4343,0.487482,203.442,202.679,200.388,200.388
8.137975931167603,0.038910601146363966,0.9999847412109375,0.0,4,-0.062532,4.0,16907.3,221.986,-1.39295,4.27267,4.00243,7.81596,11.1732,17.0016,73.5666,67.9222,65.2695,63.1224,61.6788,60.3043,58.994,57.7438,56.0869,54.3157,51.3049,45.8472,37.793,28.8944,13.6025,0.499755,203.995,203.204,200.895,200.895
8.158281564712524,0.038733394899638375,0.9999847412109375,0.0,4,-0.0663709,4.0,16951.9,222.569,-1.46199,4.29699,3.8846,7.54193,10.7333,16.5213,72.7805,67.1261,64.4726,62.3266,60.8846,59.5123,58.2048,56.9578,55.306,53.5413,50.5442,45.2162,37.3855,28.7546,13.7812,0.512841,204.539,203.726,201.425,201.425
8.180147409439087,0.040585975490212436,0.9999847412109375,0.0,4,-0.0702943,4.0,16996.9,223.149,-1.53337,4.31382,3.76061,7.25855,10.2858,16.1019,72.0069,66.3397,63.6842,61.5387,60.0979,58.7273,57.4223,56.1781,54.531,52.7723,49.7881,44.5759,36.9616,28.5882,13.9633,0.526774,205.08,204.249,201.96,201.96
8.203480958938599,0.04040168429911137,0.9999847412109375,0.0,4,-0.0743552,4.0,17041.5,223.725,-1.59444,4.34033,3.63013,6.96488,9.8573,15.7492,71.2586,65.5739,62.9145,60.7679,59.3273,57.9578,56.6543,55.4123,53.769,52.0155,49.0427,43.9313,36.5258,28.3998,14.1219,0.541586,205.627,204.767,202.49,202.49
8.223832368850708,0.04021739310801029,0.9999847412109375,0.0,4,-0.0785111,4.0,17085.2,224.301,-1.6698,4.36117,3.49317,6.66167,9.46036,15.4878,70.5263,64.8207,62.1562,60.0074,58.5665,57.1974,55.895,54.6547,53.0146,51.2658,48.3037,43.2783,36.0755,28.1884,14.2548,0.557307,206.165,205.286,203.009,203.009
8.247936248779297,0.04208464112977187,0.9999847412109375,0.0,4,-0.0826325,4.0,17121.7,224.88,-1.72028,4.39145,3.35005,6.35271,9.10312,15.373,69.7794,64.0544,61.3854,59.2352,57.7945,56.4263,55.1255,53.8874,52.2511,50.5075,47.5573,42.6055,35.6013,27.9476,14.3607,0.573953,206.691,205.816,203.445,203.445
8.26763129234314,0.04189224651079625,0.9999847412109375,0.0,4,-0.0867495,4.0,17163.4,225.452,-1.74255,4.4226,3.20052,6.06328,8.78827,15.4667,69.0253,63.2813,60.6081,58.4567,57.0164,55.6494,54.3505,53.1147,51.4826,49.7447,46.8071,41.9163,35.1066,27.681,14.4413,0.591554,207.214,206.34,203.938,203.938
8.291492462158203,0.043785838015625876,0.9999847412109375,0.0,4,-0.0909062,4.0,17206.7,226.02,-1.76957,4.44678,3.04439,5.80342,8.51931,15.9207,68.2747,62.5102,59.8325,57.6798,56.2395,54.8736,53.5764,52.3429,50.715,48.9828,46.0576,41.215,34.5953,27.3918,14.4979,0.610126,207.74,206.859,204.453,204.453
8.312067985534668,0.047888411351790026,0.9999847412109375,0.0,4,-0.0951637,4.0,17250.6,226.585,-1.79216,4.47786,2.88328,5.57468,8.30015,17.4764,67.5427,61.7536,59.0697,56.9144,55.4738,54.1081,52.8122,51.5806,49.9561,48.229,45.3156,40.5065,34.072,27.0839,14.532,0.629684,208.274,207.368,204.975,204.975
8.335427045822144,0.05926119668805041,0.9999847412109375,0.0,4,-0.099904,4.0,17292.8,227.141,-1.84358,4.65097,2.73442,5.37011,8.11323,83.0192,66.9822,61.138,58.4349,56.2672,54.8196,53.4486,52.1483,50.9137,49.2863,47.5577,44.6455,39.8489,33.5773,26.7878,14.5536,0.650313,208.893,207.84,205.478,205.478
8.357774019241333,0.0948580394506827,0.9999847412109375,0.0,4,-0.0891178,4.0,17333.8,227.693,-2.01068,4.79883,2.60212,5.18691,7.95048,83.1175,66.6769,60.7311,57.9891,55.7938,54.3297,52.9444,51.6318,50.3864,48.7466,47.0069,44.0805,39.273,33.1284,26.5163,14.5675,0.670146,209.481,208.222,205.97,205.97
8.380423545837402,0.13121110890520737,0.9999847412109375,0.0,4,-0.0798929,4.0,17325.8,228.262,-2.1091,5.17641,2.48381,5.01546,7.78583,83.9313,66.8088,60.6796,57.8643,55.6154,54.1179,52.703,51.3639,50.0949,48.4261,46.6583,43.691,38.8332,32.7622,26.2974,14.584,0.687538,210.115,208.508,205.872,205.872
8.402722120285034,0.14549816012247777,0.9999847412109375,0.0,4,-0.0734707,4.0,17374.8,228.754,-2.48219,5.60079,2.3742,4.83459,7.56088,86.1309,67.7703,61.2976,58.3418,55.9885,54.4254,52.9511,51.5584,50.2408,48.5114,46.6834,43.6244,38.6415,32.5527,26.1863,14.6222,0.702905,210.776,208.595,206.444,206.444
8.422447204589844,0.14872331260189414,0.9999847412109375,0.0,4,-0.0689197,4.0,17401.6,229.244,-3.1485,5.9881,2.27429,4.65624,7.31021,89.6124,69.4421,62.473,59.3145,56.8105,55.1524,53.5924,52.122,50.7339,48.9164,47.0007,43.8072,38.6378,32.4388,26.1393,14.6707,0.716461,211.341,208.755,206.796,206.796
8.4436616897583,0.14816047055794548,0.9999847412109375,0.0,4,-0.0645728,4.0,17446.3,229.701,-3.66748,6.45908,2.18616,4.50003,7.09421,93.852,71.4558,63.8952,60.4979,57.8173,56.0485,54.3887,52.8283,51.3587,49.4397,47.4232,44.0759,38.6949,32.3206,26.0844,14.7091,0.728427,211.785,209.1,207.291,207.291
8.466693878173828,0.14779222160577773,0.9999847412109375,0.0,4,-0.0602006,4.0,17521.3,230.128,-4.22404,6.75991,2.10996,4.36849,6.92151,98.9145,73.8028,65.5471,61.8729,58.9889,57.0934,55.3198,53.6572,52.0953,50.0618,47.9322,44.4133,38.7985,32.2127,26.0125,14.735,0.738856,212.161,209.46,208.172,208.172
8.489952325820923,0.13657197691500186,0.9999847412109375,0.0,4,-0.055434,4.0,17550.3,230.587,-4.6875,7.01965,2.04675,4.26727,6.80802,104.75,76.4035,67.3559,63.3712,60.2613,58.2256,56.3271,54.5525,52.8903,50.7327,48.4811,44.7789,38.9171,32.1122,25.908,14.7434,0.747724,212.495,209.848,208.526,208.526
8.5100839138031,0.10236983336508275,0.9999847412109375,0.0,4,-0.0497162,4.0,17617.7,231.018,-5.03396,7.14519,1.99783,4.20418,6.77835,111.05,79.0509,69.1551,64.8437,61.4986,59.3183,57.2915,55.4027,53.6385,51.3555,48.9819,45.0977,38.9954,31.9832,25.7479,14.7273,0.755005,212.818,210.334,209.325,209.325
8.534732103347778,0.07855126298964024,0.9999847412109375,0.0,4,-0.0427544,4.0,17667.1,231.476,-5.31163,7.16328,1.96546,4.18765,6.85848,117.504,81.5659,70.8068,66.17,62.5934,60.2719,58.1206,56.1218,54.2599,51.8579,49.3693,45.3159,38.995,31.8015,25.5202,14.682,0.760508,213.205,210.963,209.934,209.934
8.55536150932312,0.0652639925479889,0.9999847412109375,0.0,4,-0.0336908,4.0,17704.7,231.968,-5.29588,7.10627,1.95299,4.23504,7.11196,122.962,83.4175,71.9224,67.0155,63.2499,60.8144,58.5639,56.4782,54.54,52.046,49.4698,45.2905,38.8145,31.5043,25.1915,14.5964,0.764057,213.502,211.659,210.373,210.373
8.576935529708862,0.0627541694790125,0.9999847412109375,0.0,4,-0.022475,4.0,17738.8,232.48,-4.95101,6.99869,1.96284,4.35844,7.60767,126.786,84.3909,72.3628,67.2679,63.3737,60.8625,58.5471,56.4055,54.4191,51.8684,49.2397,44.9888,38.4341,31.0818,24.772,14.4701,0.765442,213.78,212.378,210.783,210.783
8.599734783172607,0.0627541694790125,0.9999847412109375,0.0,4,-0.0100423,4.0,17794.9,232.985,-4.48313,6.79494,1.99565,4.56015,8.42394,129.626,84.8472,72.4104,67.1771,63.1912,60.6271,58.2674,56.0886,54.0707,51.4843,48.8241,44.5335,37.9447,30.5931,24.3163,14.3151,0.764479,214.115,212.994,211.447,211.447
8.622737169265747,0.0627541694790125,0.9999847412109375,0.0,4,0.00310847,4.0,17817.7,233.526,-4.00384,6.54717,2.05331,4.85176,9.80014,131.897,84.9986,72.2275,66.886,62.8303,60.2272,57.8355,55.6305,53.5915,50.9819,48.3027,43.9914,37.3951,30.0697,23.8432,14.137,0.760965,214.504,213.55,211.727,211.727
8.641881942749023,0.0627541694790125,0.9999847412109375,0.0,4,0.0165472,4.0,17878.4,234.038,-3.53183,6.30117,2.1372,5.24764,12.9087,134.089,85.063,71.9746,66.5331,62.414,59.7761,57.3563,55.1289,53.0718,50.4432,47.7491,43.4239,36.8296,29.5391,23.3692,13.9407,0.754772,214.975,214.108,212.369,212.369
8.66621994972229,0.0652639925479889,0.9999847412109375,0.0,4,0.0295204,4.0,17930.3,234.557,-3.3541,5.87858,2.24831,5.75958,158.372,137.338,85.4811,71.9641,66.3837,62.175,59.4866,57.0251,54.7633,52.6779,50.0178,47.2969,42.94,36.3246,29.0488,22.9217,13.7336,0.745742,215.454,214.519,213.07,213.07
8.687719106674194,0.06782302595674992,0.9999847412109375,0.0,4,0.0426121,4.0,17938.4,235.114,-3.14842,5.54707,2.39036,6.43576,92.5702,140.854,85.9138,71.9508,66.2282,61.9284,59.1889,56.6856,54.3895,52.2759,49.5847,46.8377,42.4506,35.8169,28.5588,22.4769,13.5086,0.73376,215.949,215.015,213.164,213.164
8.708312273025513,0.06782302595674992,0.9999847412109375,0.0,4,0.0551172,4.0,18065.8,235.571,-3.13358,5.03868,2.56299,7.30624,78.2566,145.98,86.8253,72.2549,66.336,61.9083,59.0962,56.5326,54.1862,52.0305,49.2916,46.5025,42.0623,35.3809,28.1149,22.0615,13.273,0.718824,216.471,215.436,214.655,214.655
8.731855154037476,0.06782302595674992,0.9999847412109375,0.0,4,0.0674389,4.0,18064.9,236.139,-3.24712,4.49624,2.77,8.46928,71.7688,152.299,87.9914,72.7101,66.563,61.9873,59.0913,56.4578,54.0531,51.8485,49.054,46.2157,41.7125,34.9717,27.6887,21.6584,13.0217,0.700799,216.926,215.839,214.68,214.68
8.75442624092102,0.06782302595674992,0.9999847412109375,0.0,4,0.0800202,4.0,18147.5,236.638,-3.2154,4.00921,3.01462,10.078,69.0152,159.076,89.119,73.1122,66.7375,62.016,59.038,56.337,53.8762,51.6251,48.7782,45.8941,41.3339,34.5426,27.2519,21.2515,12.7509,0.679714,217.434,216.387,215.492,215.492
8.775845289230347,0.0652639925479889,0.9999847412109375,0.0,4,0.0919539,4.0,18226.1,237.136,-3.50545,3.23384,3.29607,11.6524,65.4703,168.759,90.8995,73.9181,67.2373,62.3187,59.2293,56.4358,53.8979,51.5822,48.6614,45.7116,41.0661,34.1896,26.8623,20.8737,12.4688,0.655518,217.868,216.72,216.605,216.605
8.797861814498901,0.05788215436041355,0.9999847412109375,0.0,4,0.1047,4.0,18193.8,237.732,-3.52864,2.64576,3.62356,13.1481,64.6555,177.829,92.2131,74.3786,67.4405,62.3606,59.1817,56.3153,53.7176,51.3528,48.3774,45.3807,40.6779,33.7539,26.4244,20.4704,12.1669,0.628138,218.311,217.252,216.221,216.221
8.820276737213135,0.04872864820063114,0.9999847412109375,0.0,4,0.117399,4.0,18390.2,238.139,-3.62806,1.81264,3.99632,14.5153,63.8515,188.747,93.7235,74.932,67.71,62.4531,59.1767,56.231,53.5686,51.1506,48.1162,45.0688,40.3043,33.3285,25.9944,20.074,11.8694,0.597628,218.81,217.77,218.493,218.493
8.83932614326477,0.046563297510147095,0.9999847412109375,0.0,4,0.130656,4.0,18357.6,238.748,-3.74978,0.951477,4.422,15.8308,64.052,192.782,94.8634,75.2139,67.748,62.3432,58.9871,55.978,53.2649,50.8063,47.7282,44.6451,39.841,32.8427,25.53,19.6602,11.5715,0.563794,219.173,218.205,218.188,218.188
8.863346099853516,0.04444715715944767,0.9999847412109375,0.0,4,0.145032,4.0,18433.5,239.273,-3.47928,0.215102,4.8626,17.1689,65.8232,193.199,95.0143,74.853,67.2595,61.785,58.3953,55.3622,52.6324,50.1628,47.0765,43.9912,39.1957,32.2363,24.9971,19.2103,11.269,0.526662,219.649,218.916,218.804,218.804
8.885396718978882,0.03839399814605713,0.9999847412109375,0.0,4,0.15849,4.0,18554.3,239.742,-3.54756,-0.732778,5.28467,18.3372,66.0164,193.899,96.1093,75.0531,67.2173,61.5997,58.1347,55.0426,52.2667,49.7609,46.6367,43.5218,38.6965,31.7286,24.524,18.7961,10.9783,0.486205,220.137,219.342,220.527,220.527
8.908093690872192,0.03647469915449619,0.9999847412109375,0.0,4,0.15888,4.0,18456.3,240.396,-3.49122,-1.30352,5.69393,19.424,66.059,194.244,97.3761,75.3229,67.2216,61.4485,57.9017,54.7461,51.9203,49.3755,46.2106,43.0638,38.2061,31.2275,24.0565,18.3872,10.6922,0.443581,220.74,219.924,219.381,219.381
8.927865743637085,0.03647469915449619,0.9999847412109375,0.0,4,0.154997,4.0,18476.2,240.948,-3.34425,-1.73302,6.08893,20.4284,65.9599,194.369,98.8559,75.6813,67.2867,61.3429,57.7069,54.4818,51.6019,49.0146,45.8053,42.6235,37.7297,30.7372,23.5977,17.9859,10.4121,0.401794,221.368,220.545,219.564,219.564
8.951128244400024,0.03460461050271988,0.9999847412109375,0.0,4,0.150748,4.0,18441.1,241.54,-3.20433,-1.94895,6.46629,21.3133,65.3594,194.496,101.008,76.3835,67.6109,61.4457,57.6933,54.3767,51.4243,48.7796,45.5088,42.2768,37.3264,30.296,23.1697,17.6044,10.1408,0.361027,221.971,221.078,219.169,219.169
8.972907066345215,0.032783732190728186,0.9999847412109375,0.0,4,0.146667,4.0,18409.4,242.127,-2.95824,-1.93737,6.82973,22.1418,64.9075,194.393,103.262,77.0846,67.9199,61.5289,57.6588,54.2506,51.2265,48.5252,45.1946,41.9144,36.9112,29.8489,22.7414,17.2259,9.87512,0.321378,222.524,221.658,218.778,218.778
8.99575424194336,0.029289606586098672,0.9999847412109375,0.0,4,0.143128,4.0,18407.6,242.688,-2.59573,-1.76206,7.18275,22.9629,64.9318,193.962,105.086,77.493,67.99,61.4104,57.4448,53.9641,50.8848,48.1414,44.7681,41.4559,36.4228,29.3571,22.2915,16.8394,9.61292,0.282904,223.013,222.256,218.742,218.742
9.01821517944336,0.029289606586098672,0.9999847412109375,0.0,4,0.140182,4.0,18428.9,243.231,-2.20262,-1.51147,7.52732,23.7918,65.4129,193.241,106.289,77.5246,67.7624,61.0459,57.0144,53.4863,50.373,47.6056,44.2109,40.8864,35.8508,28.8148,21.8171,16.4434,9.35365,0.245548,223.47,222.838,218.984,218.984
9.037730693817139,0.029289606586098672,0.9999847412109375,0.0,4,0.137573,4.0,18463.4,243.764,-1.83969,-1.26039,7.86314,24.6082,66.0828,192.361,107.15,77.3434,67.3668,60.5431,56.463,52.902,49.767,46.9862,43.5824,40.2569,35.2348,28.2475,21.3325,16.0451,9.09829,0.20916,223.93,223.37,219.388,219.388
9.059277772903442,0.029289606586098672,0.9999847412109375,0.0,4,0.134986,4.0,18510.6,244.286,-1.58199,-1.06501,8.18826,25.3792,66.6553,191.449,108.125,77.1915,66.9882,60.0522,55.9215,52.3261,49.1687,46.374,42.9609,39.6343,34.6258,27.6875,20.8552,15.6538,8.84843,0.173648,224.41,223.859,219.942,219.942
9.08246397972107,0.029289606586098672,0.9999847412109375,0.0,4,0.132253,4.0,18566.8,244.799,-1.44607,-0.967883,8.50183,26.0878,67.0015,190.562,109.513,77.2116,66.732,59.6566,55.4613,51.8211,48.6327,45.8172,42.3872,39.0531,34.0496,27.1506,20.3936,15.2736,8.60457,0.138925,224.898,224.318,220.61,220.61
9.106014013290405,0.032783732190728186,0.9999847412109375,0.0,4,0.129341,4.0,18617.4,245.316,-1.4038,-0.950205,8.80431,26.7334,67.1217,189.708,111.432,77.4436,66.6234,59.3743,55.0971,51.3984,48.1685,45.3237,41.8675,38.5177,33.5088,26.6379,19.9478,14.9041,8.36619,0.1049,225.386,224.771,221.215,221.215
9.127722263336182,0.03647469915449619,0.9999847412109375,0.0,4,0.126151,4.0,18662.2,245.836,-1.40948,-0.980666,9.09455,27.3044,66.9607,188.911,114.182,78.0037,66.7428,59.2659,54.8795,51.1013,47.8132,44.9258,41.4287,38.0506,33.0199,26.1591,19.5228,14.548,8.1338,0.0715648,225.882,225.21,221.75,221.75
9.147846937179565,0.03647469915449619,0.9999847412109375,0.0,4,0.122605,4.0,18704.0,246.356,-1.47192,-1.03594,9.37091,27.79,66.4873,188.188,118.138,79.0199,67.1747,59.3939,54.8599,50.9727,47.6033,44.6549,41.0967,37.6729,32.5983,25.7236,19.1237,14.208,7.90824,0.0389804,226.389,225.643,222.249,222.249
9.170853853225708,0.03647469915449619,0.9999847412109375,0.0,4,0.118858,4.0,18741.8,246.877,-1.56658,-1.09622,9.63537,28.213,65.8567,187.482,123.259,80.4052,67.8434,59.6927,54.9796,50.96,47.4914,44.4681,40.834,37.3523,32.2187,25.3148,18.7411,13.8789,7.68829,0.00712172,226.886,226.096,222.699,222.699
9.193568229675293,0.03647469915449619,0.9999847412109375,0.0,4,0.115076,4.0,18778.2,247.396,-1.64473,-1.14759,9.88922,28.5949,65.2021,186.745,129.431,82.0435,68.6555,60.0859,55.1718,51.0043,47.4256,44.3194,40.6015,37.0558,31.8566,24.9179,18.3674,13.5571,7.47355,-0.0239276,227.367,226.567,223.132,223.132
9.21558165550232,0.03647469915449619,0.9999847412109375,0.0,4,0.111314,4.0,18815.0,247.913,-1.69882,-1.19291,10.1331,28.9442,64.5609,185.965,136.786,83.915,69.588,60.5518,55.4168,51.0882,47.3901,44.1945,40.3869,36.7729,31.5041,24.5281,18.0001,13.2414,7.26385,-0.0541513,227.841,227.043,223.569,223.569
9.237845659255981,0.032783732190728186,0.9999847412109375,0.0,4,0.107601,4.0,18851.3,248.428,-1.72801,-1.23287,10.3674,29.2659,63.9489,185.138,145.552,86.0204,70.6317,61.0802,55.7046,51.2022,47.3766,44.086,40.1838,36.4984,31.1573,24.1432,17.6381,12.9314,7.05919,-0.0835339,228.31,227.522,224.001,224.001
9.259418249130249,0.029289606586098672,0.9999847412109375,0.0,4,0.104019,4.0,18890.8,248.937,-1.74464,-1.26781,10.5936,29.5722,63.4114,184.249,155.78,88.2785,71.7222,61.62,55.9917,51.3092,47.3527,43.9659,39.9688,36.2129,30.8023,23.755,17.2774,12.6249,6.85909,-0.112085,228.774,228.013,224.47,224.47
9.282579898834229,0.025992322340607645,0.9999847412109375,0.0,4,0.100712,4.0,18924.9,249.447,-1.73137,-1.29602,10.8137,29.8833,63.0238,183.269,161.738,90.4694,72.71,62.0601,56.1868,51.3326,47.2538,43.7786,39.6964,35.8796,30.413,23.3486,16.9103,12.3181,6.66274,-0.139821,229.221,228.517,224.877,224.877
9.302401781082153,0.022891879454255106,0.9999847412109375,0.0,4,0.0977672,4.0,18957.6,249.955,-1.66648,-1.31029,11.0296,30.2114,62.8192,182.185,162.566,92.3977,73.4732,62.3153,56.2218,51.2174,47.0344,43.4861,39.3366,35.4745,29.973,22.9151,16.5326,12.0089,6.46962,-0.166765,229.656,229.027,225.266,225.266
9.326066017150879,0.02141547352075577,0.9999847412109375,0.0,4,0.0952027,4.0,18990.0,250.46,-1.56506,-1.32755,11.2422,30.561,62.794,181.001,162.527,93.9383,73.9434,62.3424,56.0646,50.9389,46.6752,43.0732,38.8779,34.9894,29.4775,22.4521,16.1433,11.6969,6.27943,-0.192967,230.082,229.532,225.651,225.651
9.346449613571167,0.02141547352075577,0.9999847412109375,0.0,4,0.0930101,4.0,19023.2,250.961,-1.42939,-1.3512,11.4525,30.9338,62.9359,179.724,162.023,95.0012,74.0784,62.1178,55.6991,50.4862,46.1687,42.5345,38.3169,34.4223,28.9255,21.9596,15.7422,11.3816,6.09174,-0.218507,230.507,230.035,226.045,226.045
9.369113445281982,0.02141547352075577,0.9999847412109375,0.0,4,0.0909652,4.0,19067.5,251.449,-1.29724,-1.396,11.6579,31.3028,63.1185,178.407,161.327,95.9448,74.1077,61.8084,55.2622,49.9732,45.6114,41.9529,37.7217,33.8287,28.3569,21.4608,15.3412,11.0691,5.90768,-0.243407,230.947,230.51,226.569,226.569
9.392821311950684,0.02141547352075577,0.9999847412109375,0.0,4,0.0888726,4.0,19099.4,251.943,-1.20847,-1.4403,11.856,31.6451,63.241,177.092,160.589,97.1541,74.2587,61.572,54.8799,49.5032,45.0892,41.4009,37.151,33.2557,27.8046,20.974,14.9492,10.7635,5.72785,-0.267718,231.404,230.961,226.952,226.952
9.411373376846313,0.02141547352075577,0.9999847412109375,0.0,4,0.0867254,4.0,19131.4,252.432,-1.15095,-1.46788,12.0472,31.9607,63.3036,175.781,159.82,98.685,74.5519,61.4192,54.5592,49.081,44.6056,40.8811,36.6065,32.7044,27.269,20.4995,14.5663,10.4648,5.55212,-0.291461,231.863,231.409,227.331,227.331
9.436852931976318,0.02141547352075577,0.9999847412109375,0.0,4,0.0845594,4.0,19163.2,252.917,-1.1166,-1.50635,12.2319,32.255,63.3281,174.464,159.005,100.504,74.9548,61.3238,54.2782,48.6879,44.1447,40.3799,36.077,32.1657,26.7437,20.0334,14.1904,10.1719,5.38023,-0.314647,232.308,231.849,227.709,227.709
9.457932472229004,0.02141547352075577,0.9999847412109375,0.0,4,0.0824404,4.0,19195.5,253.398,-1.08348,-1.55099,12.4115,32.5374,63.3499,173.13,158.121,102.487,75.3854,61.2279,53.9903,48.2862,43.6752,39.8708,35.5413,31.6226,26.217,19.5691,13.8182,9.88316,5.21176,-0.337296,232.746,232.296,228.093,228.093
9.477890729904175,0.02141547352075577,0.9999847412109375,0.0,4,0.0802932,4.0,19243.3,253.861,-1.06821,-1.6344,12.5849,32.7986,63.3324,171.793,157.209,104.867,75.9583,61.2047,53.7521,47.9206,43.2336,39.3845,35.0236,31.0944,25.702,19.1141,13.4533,9.60036,5.04707,-0.359406,233.184,232.729,228.661,228.661
9.500946521759033,0.018610292673110963,0.9999847412109375,0.0,4,0.0780598,4.0,19271.4,254.336,-1.07326,-1.7013,12.7513,33.0322,63.2506,170.465,156.296,107.904,76.7834,61.3187,53.611,47.6277,42.8489,38.9443,34.5421,30.5952,25.2082,18.6731,13.0981,9.32452,4.88629,-0.380994,233.627,233.156,228.997,228.997
9.522825241088867,0.011375798285007477,0.9999847412109375,0.0,4,0.0758906,4.0,19300.7,254.805,-1.07759,-1.73985,12.913,33.2576,63.1782,169.116,155.321,111.24,77.6495,61.4287,53.457,47.3198,42.4496,38.491,34.05,30.088,24.7105,18.2328,12.746,9.05253,4.72883,-0.402053,234.058,233.599,229.345,229.345
9.548036575317383,0.0067003373056650165,0.9999847412109375,0.0,4,0.0742418,4.0,19329.6,255.273,-1.05083,-1.79614,13.0775,33.5344,63.3284,167.661,154.118,113.195,77.7486,61.0345,52.9142,46.704,41.8012,37.8326,33.3978,29.4569,24.1311,17.7511,12.3769,8.77449,4.57255,-0.422633,234.434,234.079,229.689,229.689
9.569028854370117,0.002713725343346596,0.9999847412109375,0.0,4,0.0733079,4.0,19359.5,255.737,-0.912754,-1.84992,13.2486,33.8899,63.7889,166.066,152.631,112.675,76.6355,59.8849,51.8019,45.6445,40.7982,36.8847,32.5216,28.6532,23.4385,17.2114,11.9827,8.48622,4.41627,-0.442815,234.791,234.581,230.043,230.043
9.589637041091919,0.0017785374075174332,0.9999847412109375,0.0,5,0.0728875,4.0,19409.1,256.181,-0.739793,-1.96476,13.4246,34.3021,64.4697,164.371,150.945,110.217,74.6206,58.1864,50.2811,44.2699,39.5452,35.7342,31.4897,27.7305,22.6687,16.6328,11.572,8.19157,4.2603,-0.462689,235.154,235.057,230.634,230.634
9.611526250839233,0.0017785374075174332,0.9999847412109375,0.0,5,0.0727759,5.0,17386.3,256.089,-0.545498,-2.04045,13.603,34.7479,65.2821,162.615,149.14,106.596,72.0797,56.1731,48.528,42.7175,38.1522,34.4709,30.3719,26.7426,21.8573,16.034,11.1534,7.89428,4.10501,-0.482324,235.361,235.334,225.952,225.94
9.633956909179688,0.005174625292420388,0.9999847412109375,0.0,5,0.0727577,5.0,17344.0,255.617,-0.376779,-2.07273,13.7808,35.2003,66.1278,160.842,147.299,102.665,69.4076,54.0856,46.7226,41.1268,36.7305,33.1856,29.2388,25.7444,21.0408,15.4345,10.7361,7.59875,3.95123,-0.501725,235.007,235.003,225.484,225.483
9.65546727180481,0.025992322340607645,0.9999847412109375,0.0,5,0.0725409,5.0,16973.5,255.102,-0.267282,-2.14498,13.9535,35.6213,66.8681,159.108,145.534,99.4481,67.0696,52.2053,45.074,39.6595,35.4087,31.9831,28.1712,24.798,20.2603,14.8559,10.33,7.30955,3.79964,-0.520931,234.594,234.55,224.672,224.414
9.675725221633911,0.04872864820063114,0.9999847412109375,0.0,5,0.0709785,5.0,17343.5,255.196,-0.26076,-2.19708,14.1017,35.8532,66.9409,157.627,144.284,100.976,66.8557,51.6056,44.3789,38.9301,34.6754,31.2612,27.4771,24.1418,19.6746,14.3831,9.97583,7.0466,3.65451,-0.539853,234.477,234.148,229.36,229.36
9.69787883758545,0.05551996231079102,0.9999847412109375,0.0,5,0.0669805,5.0,17384.4,255.576,-0.57634,-2.32746,14.205,35.7466,65.8531,156.587,143.889,113.528,71.052,53.5344,45.5219,39.5983,35.0411,31.4267,27.4643,24.0091,19.4352,14.0954,9.71124,6.8286,3.5204,-0.558279,234.979,234.153,229.944,229.944
9.721325874328613,0.05551996231079102,0.9999847412109375,0.0,5,0.0610586,5.0,17401.5,255.97,-1.17891,-2.40211,14.2697,35.3795,63.9604,155.86,144.008,131.62,81.0723,58.3665,48.6403,41.6954,36.4884,32.4397,28.0811,24.3471,19.4967,13.9636,9.52161,6.64898,3.39719,-0.575953,235.52,234.296,230.167,230.167
9.743206977844238,0.05551996231079102,0.9999847412109375,0.0,5,0.0544838,5.0,17420.8,256.355,-1.78122,-2.44271,14.3148,34.9271,61.9159,155.197,144.142,134.337,98.511,66.0182,53.4339,44.8819,38.6923,34.0052,29.0777,24.9504,19.7144,13.9077,9.36915,6.49042,3.28263,-0.592645,235.939,234.563,230.422,230.422
9.765681266784668,0.046563297510147095,0.9999847412109375,0.0,5,0.0480793,5.0,17441.3,256.734,-2.20552,-2.46727,14.3522,34.4917,60.0585,154.459,144.071,135.597,125.762,76.7751,59.7559,48.9161,41.4078,35.9001,30.2678,25.6699,19.9877,13.8755,9.23091,6.34304,3.17578,-0.608175,236.263,234.908,230.692,230.692
9.78982138633728,0.025992322340607645,0.9999847412109375,0.0,5,0.0424371,5.0,17465.9,257.109,-2.43241,-2.4798,14.3905,34.1376,58.5629,122.217,143.694,136.034,129.383,90.6783,67.2102,53.3951,44.294,37.846,31.4422,26.3512,20.2229,13.8237,9.08932,6.19959,3.07584,-0.622457,236.539,235.334,231.012,231.012
9.809849262237549,0.009357982873916626,0.9999847412109375,0.0,5,0.0383741,5.0,17490.9,257.489,-2.44379,-2.50147,14.4431,33.9503,57.6475,117.244,142.876,135.682,129.927,104.522,73.7619,56.9933,46.4397,39.1863,32.1586,26.6926,20.2501,13.6779,8.91426,6.04678,2.98009,-0.635578,236.75,235.87,231.348,231.348
9.83202862739563,0.0038457546383142472,0.9999847412109375,0.0,5,0.0363699,5.0,17513.7,257.878,-2.15387,-2.51538,14.5189,33.9769,57.4095,115.362,141.563,134.572,129.128,111.744,76.4727,58.1291,46.8861,39.2898,32.0292,26.4482,19.9435,13.388,8.68609,5.87569,2.88616,-0.647719,236.91,236.463,231.649,231.649
9.853095769882202,0.002713725343346596,0.9999847412109375,0.0,5,0.0358539,5.0,17537.3,258.269,-1.65029,-2.51564,14.6114,34.1543,57.6371,115.469,139.912,132.969,127.582,111.155,75.4021,57.0549,45.8918,38.3845,31.2352,25.7571,19.3912,12.9961,8.42199,5.69294,2.79399,-0.659133,237.121,236.993,231.96,231.96
9.876588106155396,0.002713725343346596,0.9999847412109375,0.0,5,0.0359244,5.0,17561.3,258.66,-1.15348,-2.50243,14.708,34.3855,58.0372,116.318,138.131,131.179,125.759,107.207,72.8137,55.131,44.3613,37.1141,30.2087,24.9154,18.7617,12.577,8.15169,5.51078,2.70491,-0.66998,237.418,237.424,232.277,232.277
9.89617133140564,0.0022215262055397035,0.9999847412109375,0.0,5,0.0360872,5.0,17582.3,259.052,-0.767707,-2.47624,14.8025,34.6189,58.4542,145.692,136.327,129.36,123.893,102.911,70.0919,53.1471,42.8027,35.8314,29.1813,24.0784,18.1406,12.1669,7.8888,5.33427,2.61898,-0.680415,237.765,237.797,232.556,232.556
9.919437646865845,0.0017785374075174332,0.9999847412109375,0.0,5,0.0362186,5.0,17606.8,259.439,-0.5043,-2.44303,14.8942,34.8435,58.8522,143.903,134.529,127.549,122.04,98.937,67.5367,51.2689,41.3192,34.606,28.1962,23.2738,17.5416,11.77,7.63372,5.16274,2.53532,-0.690587,238.125,238.154,232.879,232.879
9.940972566604614,0.0017785374075174332,0.9999847412109375,0.0,5,0.0362834,5.0,17632.8,259.823,-0.328769,-2.41785,14.9833,35.057,59.2222,142.12,132.742,125.758,120.216,95.4106,65.2005,49.5235,39.9265,33.4474,27.2582,22.5034,16.9643,11.385,7.38511,4.99505,2.45323,-0.700586,238.486,238.5,233.222,233.222
9.96403694152832,0.0017785374075174332,0.9999847412109375,0.0,5,0.0362618,5.0,17659.5,260.205,-0.221799,-2.41521,15.0699,35.2579,59.5584,140.344,130.971,123.992,118.432,92.3725,63.1014,47.9201,38.6293,32.3582,26.3686,21.7678,16.4087,11.0113,7.14238,4.83073,2.37245,-0.710452,238.845,238.841,233.576,233.576
9.986214876174927,0.0067003373056650165,0.9999847412109375,0.0,5,0.0361709,5.0,17686.3,260.586,-0.160241,-2.4294,15.1548,35.4493,59.8685,138.574,129.211,122.244,116.678,89.6797,61.1677,46.4145,37.3975,31.316,25.5113,21.055,15.8669,10.6447,6.90315,4.66833,2.29234,-0.720252,239.202,239.183,233.93,233.93
10.006318807601929,0.013590455055236816,0.9999847412109375,0.0,5,0.0357661,5.0,17716.7,260.962,-0.133013,-2.4762,15.2336,35.6019,60.0673,136.845,127.517,120.595,115.079,88.4827,59.9299,45.3116,36.4286,30.4595,24.7786,20.4281,15.375,10.3016,6.67449,4.51115,2.21367,-0.729955,239.58,239.496,234.333,234.333
10.029102087020874,0.019988277927041054,0.9999847412109375,0.0,5,0.0346904,5.0,17740.3,261.342,-0.189308,-2.51382,15.3,35.6726,60.0308,135.209,125.966,119.156,113.807,90.6795,60.2051,45.064,36.0104,29.988,24.3013,19.9758,14.9834,10.0049,6.46627,4.36383,2.13753,-0.739504,239.997,239.774,234.646,234.646
10.050354242324829,0.024417495727539065,0.9999847412109375,0.0,5,0.0328254,5.0,17764.4,261.72,-0.345437,-2.54544,15.3512,35.6461,59.7211,133.68,124.581,117.953,112.875,98.0494,62.5474,45.9229,36.2822,29.9888,24.1319,19.7314,14.71,9.76278,6.28241,4.22856,2.0648,-0.748806,240.425,240.037,234.965,234.965
10.071610450744629,0.024417495727539065,0.9999847412109375,0.0,5,0.0303498,5.0,17789.0,262.096,-0.564346,-2.6059,15.389,35.5427,59.2051,132.232,123.313,116.909,112.143,104.724,67.2274,47.9009,37.2073,30.4188,24.2323,19.6651,14.5362,9.56715,6.12029,4.10482,1.99599,-0.75774,240.826,240.311,235.289,235.289
10.093408346176147,0.024417495727539065,0.9999847412109375,0.0,5,0.0276039,5.0,17823.6,262.46,-0.788775,-2.68606,15.4181,35.4009,58.6012,130.813,122.086,115.91,111.437,105.366,74.3181,50.8267,38.6217,31.1451,24.5066,19.7091,14.4231,9.40128,5.97385,3.99054,1.93134,-0.766194,241.198,240.623,235.732,235.732
10.115737438201904,0.019988277927041054,0.9999847412109375,0.0,5,0.0247562,5.0,17849.1,262.831,-0.980788,-2.79221,15.4409,35.2401,57.9668,129.399,120.862,114.905,110.69,105.4,84.5507,54.7494,40.4835,32.1172,24.9127,19.8321,14.3521,9.25709,5.84006,3.88464,1.87087,-0.774125,241.544,240.944,236.087,236.087
10.139476299285889,0.012458521500229837,0.9999847412109375,0.0,5,0.0221251,5.0,17869.0,263.205,-1.1083,-2.85379,15.4624,35.0954,57.3997,127.948,119.58,113.811,109.805,105.015,97.5987,59.2577,42.4996,33.1322,25.3218,19.9506,14.2794,9.11679,5.71229,3.7845,1.8143,-0.781504,241.869,241.313,236.349,236.349
10.161553144454956,0.0038457546383142472,0.9999847412109375,0.0,5,0.020199,5.0,17889.6,263.579,-1.12861,-2.9222,15.4906,35.0193,57.0405,126.395,118.151,112.517,108.651,104.153,98.7346,62.8758,43.9098,33.7361,25.4759,19.9085,14.1276,8.9501,5.57909,3.68528,1.76077,-0.788343,242.14,241.725,236.623,236.623
10.183640003204346,0.0013847589492797852,0.9999847412109375,0.0,5,0.0193177,5.0,17911.1,263.954,-0.990831,-3.00665,15.5316,35.0482,56.9817,124.698,116.519,110.955,107.157,102.782,97.7589,63.7628,43.9246,33.5035,25.1523,19.5786,13.8371,8.73413,5.43147,3.58284,1.70916,-0.79472,242.378,242.177,236.906,236.906
10.20630693435669,0.0010401908308267595,0.9999847412109375,0.0,5,0.0191823,5.0,17956.0,264.306,-0.75367,-3.16419,15.5818,35.1516,57.1337,122.9,114.744,109.208,105.432,101.085,96.0889,62.3196,42.8364,32.6357,24.4783,19.0422,13.4495,8.48465,5.27437,3.47848,1.65898,-0.800773,242.635,242.594,237.498,237.498
10.226738929748535,0.0010401908308267595,0.9999847412109375,0.0,5,0.0192925,5.0,17972.3,264.685,-0.519161,-3.2913,15.6338,35.277,57.3507,121.065,112.921,107.399,103.633,99.2846,94.2072,60.1579,41.4244,31.5897,23.7115,18.455,13.0414,8.23102,5.11825,3.3761,1.61046,-0.806579,242.947,242.965,237.719,237.719
10.249071836471558,0.0010401908308267595,0.9999847412109375,0.0,5,0.0194238,5.0,17990.4,265.06,-0.337764,-3.35971,15.6848,35.4017,57.5692,119.222,111.09,105.584,101.826,97.4742,92.2983,58.0074,40.0278,30.5585,22.9579,17.879,12.6422,7.98341,4.96605,3.27638,1.56326,-0.812225,243.293,243.319,237.957,237.957
10.270234823226929,0.0010401908308267595,0.9999847412109375,0.0,5,0.0195225,5.0,18010.1,265.434,-0.215337,-3.48498,15.7343,35.5205,57.7745,117.379,109.262,103.774,100.027,95.6765,90.4093,56.0149,38.7136,29.5796,22.2373,17.3256,12.2564,7.743,4.8178,3.17906,1.51709,-0.817753,243.626,243.647,238.217,238.217
10.291516780853271,0.005912876129150391,0.9999847412109375,0.0,5,0.019578,5.0,18042.4,265.796,-0.134862,-3.61651,15.7825,35.6334,57.9648,115.536,107.438,101.971,98.2374,93.8947,88.5513,54.1824,37.48,28.6504,21.5468,16.7917,11.8818,7.50808,4.67234,3.08334,1.47156,-0.823214,243.972,243.985,238.59,238.59
10.314647197723389,0.011375798285007477,0.9999847412109375,0.0,5,0.0193132,5.0,18082.8,266.146,-0.0980695,-3.85544,15.8247,35.7092,58.0559,113.729,105.669,100.241,96.5416,92.2492,87.0258,53.2534,36.6822,27.9782,21.0037,16.3489,11.5543,7.29305,4.53525,2.99164,1.42712,-0.828595,244.326,244.273,239.184,239.184
10.335623025894165,0.013590455055236816,0.9999847412109375,0.0,5,0.0184582,5.0,18095.0,266.523,-0.150267,-3.98986,15.8562,35.7175,57.9656,111.995,104.002,98.646,95.0155,90.8466,86.0311,54.0076,36.6729,27.7638,20.7197,16.0645,11.3074,7.11165,4.4121,2.90651,1.38441,-0.833862,244.734,244.558,239.342,239.342
10.35944414138794,0.013590455055236816,0.9999847412109375,0.0,5,0.01706,5.0,18111.6,266.895,-0.284948,-4.10807,15.877,35.6622,57.7084,110.325,102.427,97.17,93.6363,89.6436,85.3276,56.6517,37.4821,28.0073,20.6884,15.933,11.1386,6.96357,4.30351,2.82871,1.34401,-0.838928,245.124,244.836,239.561,239.561
10.382502317428589,0.013590455055236816,0.9999847412109375,0.0,5,0.0155005,5.0,18130.4,267.264,-0.430227,-4.26227,15.893,35.5853,57.4004,108.67,100.872,95.7197,92.2863,88.4687,84.5568,60.4825,38.6988,28.4532,20.7608,15.8626,11.0018,6.83093,4.203,2.75577,1.3057,-0.843755,245.474,245.149,239.808,239.808
10.401805639266968,0.013590455055236816,0.9999847412109375,0.0,5,0.0139183,5.0,18192.2,267.591,-0.547864,-4.52422,15.9061,35.5009,57.0815,107.01,99.3138,94.2636,90.9264,87.2694,83.6732,65.4069,40.2032,29.0222,20.8909,15.8262,10.8846,6.70974,4.1097,2.68772,1.26984,-0.84828,245.804,245.47,240.613,240.613
10.425672054290771,0.009357982873916626,0.9999847412109375,0.0,5,0.0122309,5.0,18203.7,267.965,-0.656669,-4.76172,15.9147,35.4002,56.7283,105.358,97.7653,92.8193,89.5781,86.0754,82.748,72.365,42.2347,29.8206,21.1289,15.8515,10.7999,6.60503,4.02563,2.62549,1.23665,-0.852488,246.141,245.786,240.786,240.786
10.446171760559082,0.0017785374075174332,0.9999847412109375,0.0,5,0.0108025,5.0,18215.0,268.337,-0.719648,-4.88651,15.9246,35.3215,56.4432,103.666,96.1653,91.3097,88.1496,84.771,81.6377,76.1037,44.1358,30.5069,21.301,15.8408,10.7028,6.50064,3.94515,2.56693,1.20593,-0.856353,246.465,246.163,240.931,240.931
10.468543767929077,-0.00030107833445072176,0.9999847412109375,0.0,5,0.0101108,5.0,18229.9,268.708,-0.676271,-5.08132,15.9441,35.3161,56.3584,101.877,94.4363,89.6398,86.5301,83.2228,80.1875,75.1965,44.6157,30.4926,21.1309,15.6445,10.5261,6.37153,3.85872,2.50781,1.17666,-0.859934,246.717,246.556,241.126,241.126
10.492599964141846,-0.0017769098281860353,0.9999847412109375,0.0,5,0.0101059,5.0,18258.5,269.068,-0.502963,-5.27659,15.9727,35.3792,56.4585,99.9981,92.59,87.8259,84.7409,81.4625,78.4556,73.5111,43.5599,29.7686,20.6281,15.2717,10.275,6.21937,3.76652,2.44786,1.14852,-0.863284,246.984,246.966,241.433,241.433
10.510054588317871,-0.0032529328018426895,0.9999847412109375,0.0,5,0.0103565,5.0,18315.7,269.359,-0.348478,-5.62942,16.002,35.4616,56.6177,98.2535,90.8665,86.1229,83.0517,79.7848,76.7797,71.7217,42.0654,28.8674,20.059,14.8747,10.0231,6.07446,3.68155,2.39364,1.1236,-0.866218,247.23,247.278,242.266,242.266
10.529617547988892,-0.0032529328018426895,0.9999847412109375,0.0,5,0.0107505,5.0,18317.9,269.706,-0.201626,-5.83919,16.033,35.5583,56.8158,96.4865,89.1162,84.3885,81.3264,78.0632,75.0458,69.7355,40.3297,27.8532,19.4372,14.45,9.7601,5.92655,3.59618,2.33967,1.09906,-0.86909,247.523,247.609,242.296,242.296
10.551851511001587,-0.0022197071462869643,0.9999847412109375,0.1058807373046875,5,0.0112045,5.0,18327.3,270.043,-0.0741316,-5.96707,16.065,35.6615,57.0314,94.7065,87.3521,82.639,79.5843,76.3214,73.2849,67.525,38.5496,26.8127,18.8012,14.0172,9.49333,5.77735,3.51043,2.2856,1.07455,-0.871952,247.831,247.934,242.418,242.418
10.571250677108765,0.0010401908308267595,0.9999847412109375,0.26666259765625,5,0.0115998,5.0,18289.0,270.208,0.0190508,-6.11993,16.0961,35.7585,57.2312,92.9288,85.5942,80.8988,77.8542,74.5958,71.5457,64.7547,36.9555,25.8571,18.2052,13.6061,9.23629,5.63169,3.42597,2.23207,1.05014,-0.874813,246.122,246.216,241.921,241.921
10.591612815856934,0.016001953184604647,0.698028564453125,0.42352294921875,5,0.0117742,5.0,18223.1,269.968,0.0660323,-6.23842,16.1237,35.8323,57.3689,91.1748,83.8698,79.2015,76.176,72.9366,69.8975,62.3288,35.799,25.1121,17.712,13.2516,9.00476,5.49514,3.34464,2.17971,1.02583,-0.87769,242.955,243.019,241.02,241.02
10.611965417861938,0.03839399814605713,0.2548980712890625,0.5607757568359375,5,0.0111328,5.0,17994.1,269.071,0.0492937,-6.43317,16.1373,35.8167,57.2716,89.5205,82.2776,77.6681,74.6922,71.5234,68.5851,63.1227,36.1033,25.0836,17.5756,13.0976,8.86677,5.39417,3.2769,2.1333,1.00281,-0.880509,239.277,239.207,238.073,238.073
10.629600763320923,0.04872864820063114,0.0,0.635284423828125,5,0.00880986,5.0,17651.5,267.373,-0.162299,-6.51625,16.1211,35.6165,56.6946,88.0745,80.9557,76.4647,73.5948,70.5871,67.8905,63.8588,40.0067,26.715,18.2355,13.3833,8.93201,5.37131,3.24005,2.10114,0.9835,-0.883077,235.293,234.921,233.81,233.352
10.650206089019775,0.050943209230899816,0.0,0.682342529296875,5,0.00458181,5.0,17356.6,265.064,-0.673407,-6.5178,16.0701,35.2116,55.6026,86.8611,79.9278,75.6102,72.8933,70.1104,67.7193,64.603,51.764,31.2655,20.1159,14.2932,9.26832,5.44933,3.24345,2.08817,0.969792,-0.885187,231.997,231.2,230.446,228.963
10.670810222625732,0.050943209230899816,0.0,0.7411651611328125,5,-0.000959516,5.0,17158.8,262.493,-1.36614,-6.48099,15.9937,34.6737,54.202,85.8024,79.0852,74.9623,72.41,69.854,67.7356,65.1862,61.5832,41.2241,23.6844,15.9376,9.88253,5.62296,3.28502,2.09422,0.962463,-0.886682,228.91,227.701,228.002,226.174
10.689967632293701,0.04872864820063114,0.0,0.8039093017578125,5,-0.00711066,5.0,16935.3,259.772,-2.04998,-6.41148,15.9024,34.0805,52.7055,84.812,78.3133,74.3794,71.9803,69.6211,67.7178,65.5303,62.8307,58.5221,29.9502,18.5028,10.782,5.88473,3.3621,2.11901,0.962334,-0.887397,225.585,224.027,225.175,223.155
10.712299585342407,0.03101206421852112,0.0,0.8470458984375,5,-0.0134866,5.0,16702.2,256.907,-2.68481,-6.35364,15.8021,33.4727,51.2179,83.8449,77.5549,73.7951,71.5309,69.3364,67.6004,65.6615,63.4087,60.5487,41.8047,22.4449,12.0173,6.23692,3.47473,2.16292,0.969933,-0.887244,221.569,219.722,222.134,219.987
10.729568719863892,0.012458521500229837,0.0,0.86273193359375,5,-0.0190398,5.0,16482.7,253.902,-3.15424,-6.24818,15.7087,32.9456,49.9662,82.7907,76.6756,73.0572,70.8989,68.8286,67.2116,65.4372,63.4369,61.0692,55.9464,27.7672,13.4542,6.63253,3.60802,2.22051,0.984581,-0.886196,217.499,215.459,219.166,217.154
10.749550580978394,0.004485584795475006,0.0,0.8666534423828125,5,-0.0227107,5.0,16274.6,250.845,-3.25105,-6.12723,15.638,32.5864,49.1415,81.5464,75.5542,72.034,69.9472,67.9586,66.4167,64.741,62.8805,60.741,56.736,33.1711,14.7387,6.98876,3.73816,2.28271,1.0045,-0.884338,213.506,211.441,216.214,214.595
10.769814729690552,0.0022215262055397035,0.0,0.870574951171875,5,-0.0243645,5.0,16074.4,247.81,-2.94333,-6.02817,15.5921,32.3972,48.7338,80.1078,74.1914,70.7324,68.6894,66.7495,65.2512,63.6307,61.8444,59.8153,56.1769,36.8166,15.6135,7.26418,3.85483,2.3455,1.02856,-0.881772,209.14,207.122,213.334,212.177
10.79090404510498,0.0022215262055397035,0.0,0.870574951171875,5,-0.0245735,5.0,15869.2,244.778,-2.39839,-5.94129,15.563,32.3249,48.6098,78.5392,72.6687,69.2479,67.2319,65.3212,63.8484,62.2589,60.5124,58.5384,55.0518,38.2097,16.1025,7.47319,3.96172,2.40944,1.05613,-0.87863,204.896,202.936,210.455,209.683
10.80915641784668,0.0022215262055397035,0.0,0.870574951171875,5,-0.0240826,5.0,15651.6,241.776,-1.8294,-5.92153,15.5408,32.3063,48.6177,76.918,71.0812,67.6888,65.6928,63.8032,62.3484,60.7802,59.0597,57.1196,53.7132,38.3437,16.3973,7.65415,4.06731,2.47632,1.08657,-0.875068,200.727,198.838,207.467,206.859
10.832723617553711,0.0022215262055397035,0.0,0.8666534423828125,5,-0.0233458,5.0,15456.0,238.765,-1.32085,-5.88412,15.5197,32.304,48.7384,75.2909,69.4849,66.1187,64.141,62.2705,60.8319,59.2825,57.5845,55.673,52.3291,38.0909,16.6352,7.83157,4.17635,2.54678,1.11921,-0.871214,196.534,194.751,204.812,204.334
10.852014064788818,0.0022215262055397035,0.0,0.8588104248046875,5,-0.0225947,5.0,15262.4,235.773,-0.909469,-5.83366,15.4973,32.2996,49.4058,73.6809,67.9077,64.5689,62.6102,60.7597,59.3379,57.8081,56.1339,54.2527,50.9763,37.8849,16.8849,8.0168,4.29039,2.62058,1.15346,-0.86717,192.438,190.793,202.219,201.809
10.8717520236969,0.0013847589492797852,0.0,0.8352813720703125,5,-0.0219618,5.0,15070.7,232.838,-0.604666,-5.80055,15.4722,32.2831,79.9531,72.1007,66.3644,63.0559,61.1182,59.2899,57.8869,56.3795,54.7324,52.8865,49.6924,37.9267,17.1818,8.21501,4.40956,2.69705,1.18868,-0.863023,188.034,186.56,199.676,199.278
10.889833211898804,0.0010406415801867842,0.0,0.792144775390625,5,-0.0214806,5.0,14889.5,229.948,-0.394114,-5.76977,15.4444,32.2522,78.3842,70.5531,64.8583,61.5832,59.6687,57.865,56.4831,55.0006,53.3844,51.5791,48.4821,38.244,17.5341,8.42735,4.53368,2.77582,1.22462,-0.85881,184.231,182.914,197.281,196.872
10.910007238388062,0.00030897036194801333,0.0,0.7803802490234375,5,-0.0211686,5.0,14704.9,227.128,-0.257327,-5.77319,15.4139,32.2063,76.843,69.0387,63.3897,60.1512,58.262,56.4852,55.1264,53.6715,52.0895,50.3296,47.3415,38.839,17.9419,8.65225,4.6614,2.85592,1.26077,-0.854595,181.812,180.652,194.864,194.416
10.932143926620483,0.0,0.0,0.7843017578125,5,-0.0210117,5.0,14526.5,224.34,-0.179772,-5.77485,15.3814,32.1472,75.3278,67.5551,61.9557,58.7564,56.8943,55.1464,53.8123,52.3869,50.8418,49.1307,46.2585,39.6813,18.3997,8.88786,4.7918,2.9368,1.2969,-0.850404,179.662,178.653,192.514,192.021
10.950761318206787,0.0,0.0,0.7843017578125,5,-0.0209719,5.0,14345.3,221.57,-0.138824,-5.74533,15.3474,32.0784,73.8356,66.0983,60.5515,57.3932,55.5594,53.8416,52.5334,51.1389,49.6322,47.9716,45.2169,39.9795,18.8962,9.13156,4.9241,3.01813,1.33293,-0.846242,177.278,176.404,190.13,189.615
10.970499992370605,0.0,0.0,0.7843017578125,5,-0.0210201,5.0,14164.9,218.818,-0.1221,-5.69372,15.3123,32.0022,72.3641,64.6652,59.1732,56.0573,54.2527,52.566,51.2844,49.9215,48.4539,46.8444,44.2054,39.6192,19.4243,9.38199,5.05801,3.09989,1.3689,-0.8421,174.803,174.053,187.751,187.221
10.991850852966309,0.0,0.0,0.7843017578125,5,-0.0211248,5.0,13984.8,216.115,-0.119336,-5.64772,15.2763,31.9212,70.9106,63.2527,57.8172,54.7447,52.9698,51.3147,50.0599,48.7289,47.3006,45.7419,43.2147,39.0889,19.9766,9.63797,5.19351,3.18223,1.40495,-0.837959,171.75,171.091,185.374,184.831
11.010175704956055,0.0,0.0,0.7803802490234375,5,-0.021258,5.0,13804.6,213.43,-0.122531,-5.59465,15.2403,31.8385,69.4724,61.8573,56.4791,53.4505,51.7056,50.0821,48.8542,47.555,46.1654,44.6564,42.2356,38.4666,20.5381,9.89479,5.32862,3.26409,1.44069,-0.83386,168.607,168.012,182.994,182.445
11.030200719833374,0.0025773406527936455,0.0,0.776458740234375,5,-0.0214041,5.0,13610.2,210.78,-0.128334,-5.57236,15.2044,31.7553,68.0483,60.4774,55.1574,52.173,50.458,48.8661,47.6649,46.3972,45.0458,43.5851,41.2649,37.7868,21.1043,10.1517,5.46325,3.34551,1.47619,-0.829793,165.577,165.024,180.438,179.872
11.050579309463501,0.01472898322263422,0.0,0.776458740234375,5,-0.021598,5.0,13434.6,208.131,-0.132237,-5.54452,15.168,31.6685,66.6407,59.1161,53.8555,50.9159,49.2313,47.6712,46.4968,45.2605,43.947,42.5338,40.31,37.0808,21.6923,10.4127,5.5987,3.42703,1.51155,-0.825751,162.635,162.107,178.114,177.528
11.071037292480469,0.04392374458932318,0.0,0.776458740234375,5,-0.0220335,5.0,13262.9,205.493,-0.141226,-5.49438,15.128,31.561,65.2653,57.7918,52.5943,49.702,48.0492,46.5224,45.376,44.1725,42.8982,41.5339,39.4076,36.4085,22.3984,10.7008,5.7419,3.51141,1.54736,-0.821703,159.634,159.12,175.858,175.24
11.09026026725769,0.08315442097427322,0.0,0.776458740234375,5,-0.0231586,5.0,13090.5,202.874,-0.185778,-5.42884,15.0779,31.3946,63.9568,56.545,51.4195,48.5803,46.9633,45.4739,44.3588,43.192,41.9615,40.6514,38.6314,35.8655,23.4632,11.0697,5.90841,3.60448,1.58465,-0.817622,156.492,155.972,173.636,172.9
11.110060453414917,0.11990400409796897,0.0,0.7803802490234375,5,-0.0254745,5.0,12918.0,200.307,-0.334206,-5.37353,15.0095,31.1267,62.7542,55.4205,50.3805,47.6033,46.028,44.5821,43.5033,42.3787,41.1987,39.9502,38.0486,35.5231,25.2634,11.5982,6.12138,3.71553,1.62554,-0.81337,152.654,152.103,171.472,170.501
11.130145072937012,0.13804199215753937,0.0,0.776458740234375,5,-0.0291864,5.0,12742.6,197.771,-0.62608,-5.31863,14.9195,30.7521,61.6715,54.4326,49.4913,46.7847,45.2564,43.859,42.8205,41.7426,40.6177,39.4357,37.6575,35.3627,28.2383,12.352,6.3974,3.85082,1.67148,-0.808847,148.26,147.595,169.305,168.031
11.149460792541504,0.15326452301368118,0.0,0.6812558774649148,5,-0.0340021,5.0,12561.8,195.26,-1.04679,-5.276,14.812,30.3317,60.6842,53.5507,48.7155,46.0835,44.6043,43.2573,42.2602,41.2295,40.1597,39.0431,37.3818,35.2885,30.0721,13.3591,6.73983,4.01165,1.72321,-0.80394,143.864,143.0,167.065,165.526
11.171481609344482,0.1788922182615381,0.0,0.6619765122270092,5,-0.0394868,5.0,12442.0,192.815,-1.50534,-5.25531,14.6931,29.9021,59.7566,52.7322,48.0044,45.4466,44.0156,42.7177,41.7604,40.7746,39.7564,38.7,37.1429,35.2165,30.8121,14.6305,7.14435,4.19588,1.78057,-0.798606,142.533,141.375,165.549,163.794
11.189760446548462,0.21731998065836727,0.0,0.6349872794711514,4,-0.0454668,5.0,12302.6,190.442,-1.91614,-5.21556,14.565,29.4751,58.8742,51.96,47.3383,44.853,43.4683,42.2172,41.2975,40.3537,39.3826,38.3806,36.9153,35.1276,31.2426,16.2274,7.61782,4.40565,1.84434,-0.792746,141.387,139.844,163.774,161.89
11.211294889450073,0.2540477899593115,0.0,0.6124036221212105,4,-0.052011,4.0,13632.4,188.179,-2.27232,-5.16119,14.4263,29.0402,58.0409,51.2383,46.7218,44.3072,42.9671,41.7604,40.8764,39.9719,39.0445,38.0918,36.7083,35.0391,31.5331,18.2947,8.18059,4.64736,1.91599,-0.786242,140.426,138.418,162.667,161.026
11.232098579406738,0.2876424499740575,0.0,0.5947656298860283,4,-0.0591336,4.0,13582.3,186.052,-2.59012,-5.10117,14.2761,28.5899,57.2568,50.5666,46.154,43.808,42.511,41.3465,40.4961,39.6284,38.7416,37.8339,36.5233,34.9569,31.7454,21.0538,8.8576,4.92845,1.99726,-0.778943,139.301,136.796,161.104,159.394
11.251658201217651,0.330248010968091,0.0,0.5684341241784243,4,-0.0667787,4.0,13258.2,184.001,-2.90424,-5.05447,14.1153,28.1267,56.5155,49.9375,45.6266,43.3468,42.0908,40.9663,40.1473,39.3138,38.4644,37.5978,36.3523,34.8753,31.9009,23.9778,9.67223,5.25378,2.08883,-0.770805,137.552,134.508,158.792,156.611
11.271745443344116,0.3692080037047466,0.0,0.5471189150815462,4,-0.0750571,4.0,13084.3,181.915,-3.24432,-5.01264,13.9426,27.6334,55.8247,49.359,45.1479,42.9319,41.7153,40.6287,39.8391,39.0375,38.2229,37.394,36.2073,34.809,32.0326,25.3147,10.6703,5.63385,2.19231,-0.761735,135.826,132.236,156.859,154.316
11.29195761680603,0.4182800411220515,0.0,0.5166369851985264,4,-0.084116,4.0,12925.5,179.871,-3.63523,-4.98784,13.7565,27.0901,55.1928,48.8399,44.7268,42.5725,41.3936,40.3432,39.5814,38.8096,38.0271,37.2331,36.1001,34.7718,32.1643,26.186,11.9188,6.08138,2.30906,-0.7517,134.104,129.977,155.073,152.341
11.311481237411499,0.4387693709993363,0.0,0.503909689786716,4,-0.0940892,4.0,12782.4,177.882,-4.09212,-4.97919,13.5562,26.4797,54.6271,48.3874,44.3706,42.2759,41.133,40.1171,39.3817,38.6378,37.8851,37.1231,36.0393,34.7741,32.3125,26.8669,13.5203,6.61344,2.44079,-0.740647,132.634,127.972,153.481,150.497
11.33105754852295,0.45176135378697885,0.0,0.49834373880947924,4,-0.104835,4.0,12640.5,175.922,-4.59219,-4.95322,13.3438,25.8194,54.116,47.9881,44.0646,42.0271,40.9182,39.9346,39.2238,38.506,37.7809,37.0481,36.0088,34.8001,32.4649,27.4277,15.6007,7.24484,2.58875,-0.728514,131.166,126.008,151.889,148.717
11.35147738456726,0.4649448200237626,0.0,0.4901132454775965,4,-0.116029,4.0,12494.7,173.985,-5.09409,-4.91219,13.1233,25.147,53.636,47.6164,43.7819,41.7984,40.7212,39.7674,39.0794,38.3856,37.6857,36.9796,35.9802,34.8217,32.5965,27.8836,18.1711,7.98681,2.75349,-0.715247,129.606,123.998,150.221,146.918
11.37176775932312,0.5037201189936698,0.0,0.4682468979946945,4,-0.127417,4.0,12350.5,172.068,-5.56318,-4.85951,12.8976,24.4903,53.17,47.2539,43.5033,41.5701,40.5226,39.5963,38.9291,38.2572,37.5804,36.8985,35.935,34.8209,32.692,28.2444,19.8151,8.85237,2.93543,-0.70082,128.028,122.021,148.547,145.165
11.390976667404175,0.5264717825484275,0.0,0.45397156221937046,4,-0.138883,4.0,12219.7,170.204,-5.97918,-4.81196,12.6677,23.8599,52.7103,46.8927,43.2213,41.335,40.3149,39.4142,38.7662,38.1142,37.4584,36.7985,35.8676,34.7934,32.749,28.5239,20.8793,9.86104,3.13536,-0.685205,126.352,120.037,147.01,143.583
11.40982174873352,0.5407504765218123,0.0,0.4450125183932964,4,-0.150323,4.0,12089.0,168.38,-6.34233,-4.76391,12.4348,23.2645,52.2503,46.5263,42.9293,41.0865,40.0921,39.2151,38.5847,37.9511,37.3144,36.6745,35.7732,34.7352,32.7657,28.7314,21.6508,11.0352,3.35385,-0.668395,124.687,118.068,145.461,142.023
11.429822444915771,0.5551991647345821,0.0,0.43594681314260836,4,-0.161638,4.0,11957.5,166.584,-6.64833,-4.71397,12.1994,22.7106,51.7847,46.1491,42.6221,40.8202,39.8494,38.9944,38.3805,37.764,37.1448,36.5232,35.6488,34.6437,32.7418,28.8737,22.2308,12.4019,3.59169,-0.650355,123.019,116.144,143.888,140.468
11.449228525161743,0.5698035804462308,0.0,0.4267833980110319,4,-0.172853,4.0,11818.4,164.82,-6.92723,-4.68658,11.9615,22.195,51.3153,45.7634,42.3024,40.5391,39.5903,38.7557,38.1572,37.5564,36.9537,36.349,35.4993,34.524,32.6836,28.9627,22.6762,13.8618,3.84946,-0.631124,121.403,114.299,142.225,138.829
11.47231936454773,0.5751791439792233,0.0,0.4234105468685049,4,-0.184029,4.0,11691.0,163.073,-7.17286,-4.65436,11.7205,21.7112,50.8462,45.3741,41.9756,40.2486,39.3207,38.5051,37.9207,37.3348,36.7473,36.1584,35.3316,34.3838,32.5995,29.0104,23.0247,14.9337,4.12835,-0.610716,119.828,112.532,140.71,137.304
11.491626977920532,0.5900247754789889,0.0,0.4140957829636227,4,-0.19504,4.0,11565.4,161.341,-7.36537,-4.61167,11.4776,21.2702,50.3701,44.9738,41.6344,39.9417,39.0333,38.2357,37.6645,37.0923,36.5191,35.9448,35.1394,34.217,32.4842,29.0142,23.2883,15.7318,4.42843,-0.589146,118.243,110.801,139.196,135.832
11.510958671569824,0.6050596463225131,0.0,0.4026389710464809,4,-0.205797,4.0,11445.7,159.629,-7.49088,-4.56114,11.233,20.8793,49.8826,44.5581,41.2749,39.6144,38.7245,37.9438,37.3851,36.8257,36.2657,35.7053,34.9198,34.0212,32.3359,28.9749,23.4773,16.3468,4.75001,-0.566411,116.725,109.177,137.738,134.441
11.532054424285889,0.610415112775142,0.0,0.3952825104407634,4,-0.216288,4.0,11330.7,157.944,-7.55201,-4.5059,10.9868,20.54,49.3837,44.1277,40.8978,39.2677,38.3954,37.6307,37.0839,36.5366,35.9891,35.4414,34.6746,33.7984,32.1574,28.897,23.6037,16.8287,5.09377,-0.542509,115.335,107.717,136.329,133.11
11.551827907562256,0.615659338084838,0.0,0.39005136501453297,4,-0.226476,4.0,11216.2,156.294,-7.56307,-4.4581,10.7392,20.2602,48.8713,43.6804,40.5014,38.9003,38.0446,37.2952,36.7595,36.2238,35.688,35.1525,34.4032,33.548,31.9488,28.7816,23.6738,17.2047,5.45948,-0.517497,113.909,106.304,134.929,131.786
11.570915222167969,0.6208241054352963,0.0,0.3849017328626724,4,-0.23629,4.0,11102.0,154.669,-7.51514,-4.4131,10.4905,20.0518,48.342,43.2134,40.0829,38.5096,37.6697,36.9347,36.4098,35.885,35.3605,34.8365,34.1039,33.2684,31.7086,28.6286,23.6914,17.4929,5.84692,-0.491389,112.489,104.869,133.524,130.476
11.590768337249756,0.6259253064183642,0.0,0.3778653427287929,4,-0.245755,4.0,10989.8,153.064,-7.41285,-4.36813,10.2404,19.9219,47.798,42.7292,39.6453,38.0987,37.2739,36.5527,36.038,35.5237,35.01,34.497,33.7802,32.9635,31.4411,28.4433,23.6643,17.7097,6.25659,-0.464196,111.137,103.521,132.14,129.191
11.611104488372803,0.6411329797028378,0.0,0.3591066766684288,4,-0.254972,4.0,10875.8,151.481,-7.28148,-4.33441,9.98804,19.8753,47.246,42.2348,39.1959,37.675,36.8647,36.1567,35.6518,35.1477,34.6443,34.1418,33.4403,32.6415,31.1547,28.2346,23.603,17.8705,6.68743,-0.435934,109.951,102.345,130.727,127.903
11.63043212890625,0.6461646652461712,0.0,0.3353010930495229,4,-0.264153,4.0,10776.4,149.923,-7.14014,-4.30407,9.7333,19.9111,46.6979,41.7427,38.7472,37.2512,36.4549,35.7597,35.2641,34.7696,34.2761,33.7838,33.0968,32.3153,30.8621,28.0157,23.5216,17.9914,7.09038,-0.406656,109.204,101.611,129.535,126.712
11.651855707168579,0.6510897746515523,0.0,0.29874595383805685,4,-0.27338,4.0,10689.3,148.398,-6.97991,-4.26325,9.48726,20.0512,46.1584,41.2575,38.3042,36.8321,36.0494,35.3665,34.8799,34.3946,33.9106,33.4281,32.755,31.9898,30.5688,27.7922,23.4265,18.0815,7.45034,-0.376359,109.03,101.498,128.48,125.691
11.672186851501465,0.6663237609014847,0.0,0.2417069425680912,4,-0.282742,4.0,10615.8,146.93,-6.80205,-4.21409,9.25271,20.3426,45.6322,40.7843,37.8718,36.4228,35.6532,34.9821,34.5042,34.0277,33.5528,33.0795,32.4198,31.6704,30.2799,27.5693,23.3237,18.1488,7.77351,-0.345041,109.651,102.246,127.589,124.826
11.69144892692566,0.6708453255960345,0.0,0.17624202732197822,4,-0.292437,4.0,10563.2,145.552,-6.61349,-4.15945,9.02805,20.913,45.1298,40.3335,37.4606,36.0338,35.2768,34.617,34.1474,33.6794,33.2131,32.7486,32.1017,31.3672,30.0057,27.3573,23.2233,18.2039,8.06663,-0.312673,111.374,104.184,126.964,124.187
11.709966897964478,0.674966577596292,0.0,0.09741594038230787,4,-0.302771,4.0,10524.7,144.296,-6.43666,-4.09718,8.81079,51.2143,44.667,39.921,37.0863,35.6807,34.9356,34.2867,33.825,33.3651,32.907,32.4508,31.8157,31.0953,29.7613,27.1706,23.1392,18.2602,8.33759,-0.279188,114.242,107.297,126.543,123.681
11.731467485427856,0.678566110593332,0.0,0.04705810546875,4,-0.314215,4.0,10503.0,143.199,-6.30992,-4.02589,8.59738,50.7697,44.2677,39.5707,36.7724,35.3868,34.6529,34.0142,33.56,33.1076,32.6571,32.2087,31.5847,30.8772,29.5684,27.0304,23.0912,18.3353,8.59531,-0.244494,118.242,111.503,126.37,123.325
11.750235319137573,0.6815454870393779,0.0,0.0,4,-0.325061,4.0,10472.6,142.291,-6.31083,-3.96809,8.3848,50.405,43.9487,39.2989,36.5348,35.1679,34.4444,33.815,33.3677,32.9222,32.4788,32.0375,31.4236,30.7279,29.4418,26.9509,23.0925,18.4412,8.84684,-0.20849,121.691,115.328,126.155,122.812
11.771002054214478,0.6839670507146884,0.0,0.0,3,-0.316973,4.0,10449.7,141.553,-6.46657,-3.93016,8.17268,50.1164,43.7057,39.1009,36.3687,35.0191,34.3052,33.6842,33.2431,32.804,32.367,31.9322,31.3274,30.6422,29.3763,26.9273,23.1391,18.5762,9.09406,-0.172746,124.654,118.698,126.039,122.371
11.789794921875,0.6858898641479294,0.0,0.0,3,-0.309812,3.0,12802.3,140.967,-6.73359,-3.89696,7.96323,49.8805,43.5142,38.9522,36.2496,34.9162,34.2111,33.598,33.1625,32.7291,32.2979,31.8691,31.2727,30.5972,29.3496,26.9381,23.2119,18.7254,9.33409,-0.138359,126.057,120.472,126.229,122.594
11.811646223068237,0.6874550211575813,0.0,0.0,3,-0.302783,3.0,12757.6,140.49,-7.03435,-3.87838,7.76062,49.6556,43.3318,38.8104,36.1362,34.818,34.1213,33.5156,33.0855,32.6575,32.2318,31.8085,31.22,30.5536,29.3233,26.947,23.2788,18.8635,9.55978,-0.105255,126.605,121.343,125.938,122.279
11.830156564712524,0.6889479906321969,0.0,0.0,3,-0.295472,3.0,12699.1,140.035,-7.3391,-3.89318,7.56725,19.2591,43.1369,38.6544,36.0075,34.7038,34.0151,33.4167,32.9917,32.569,32.1485,31.7305,31.1495,30.492,29.2784,26.9359,23.3236,18.9777,9.7671,-0.0734482,126.706,121.724,124.791,120.779
11.852603435516357,0.6907329914985504,0.0,0.0,3,-0.287892,3.0,12593.7,139.491,-7.6569,-3.94831,7.38352,18.6277,42.93,38.4846,35.864,34.5742,33.8933,33.3018,32.8819,32.4642,32.0489,31.636,31.0623,30.4131,29.2157,26.9059,23.3479,19.0694,9.95634,-0.0429961,126.543,121.799,123.833,119.598
11.872066974639893,0.6925901798999402,0.0,0.0,3,-0.280515,3.0,12528.2,138.925,-7.99791,-4.02513,7.20825,18.1471,42.7248,38.3148,35.7189,34.4425,33.7689,33.1839,32.7688,32.356,31.9455,31.5376,30.9708,30.3295,29.1474,26.8687,23.3621,19.1477,10.1308,-0.013937,126.219,121.657,123.225,118.923
11.891889810562134,0.6944703370624781,0.0,0.0,3,-0.273437,3.0,12470.1,138.352,-8.36285,-4.10076,7.04019,17.6843,42.5328,38.1561,35.5836,34.3198,33.653,33.0741,32.6634,32.2551,31.8492,31.4459,30.8856,30.2519,29.0838,26.8343,23.3753,19.2203,10.294,0.0137571,125.801,121.358,122.703,118.319
11.912973165512085,0.696380025489349,0.0,0.0,3,-0.266789,3.0,12412.8,137.77,-8.75553,-4.16129,6.8784,17.1889,42.3632,38.0177,35.4668,34.2148,33.5544,32.9811,32.5745,32.1703,31.7686,31.3695,30.8153,30.1885,29.0334,26.8104,23.3948,19.2935,10.4487,0.040102,125.334,120.94,122.215,117.701
11.930281400680542,0.6983290889353306,0.0,0.0,3,-0.260795,3.0,12354.9,137.176,-9.21197,-4.21205,6.72167,16.633,42.2267,37.9099,35.3789,34.1374,33.4829,32.9148,32.5118,32.1114,31.7134,31.3181,30.7692,30.1487,29.0054,26.8059,23.4287,19.3742,10.5982,0.0651271,124.844,120.43,121.739,117.06
11.949689388275146,0.7003142461488303,0.0,0.0,3,-0.255476,3.0,12296.5,136.571,-9.73831,-4.25417,6.56998,16.05,42.1238,37.8331,35.3201,34.088,33.4387,32.8753,32.4757,32.0786,31.684,31.292,30.7479,30.1328,29.0001,26.8213,23.4776,19.4634,10.7431,0.0888532,124.335,119.856,121.261,116.409
11.973314046859741,0.7023453408846259,0.0,0.0,3,-0.250936,3.0,12237.2,135.952,-10.324,-4.28529,6.4235,15.4691,42.0518,37.7848,35.288,34.0643,33.4195,32.8602,32.4636,32.0695,31.6779,31.2889,30.749,30.1387,29.0151,26.8545,23.5399,19.5599,10.8836,0.111317,123.803,119.231,120.773,115.752
11.99268364906311,0.7044190918911248,0.0,0.0,3,-0.247069,3.0,12176.7,135.32,-10.9605,-4.30785,6.28255,14.9108,42.006,37.7604,35.2779,34.0618,33.421,32.8653,32.4713,32.0798,31.6909,31.3046,30.7684,30.1623,29.0466,26.902,23.6124,19.6613,11.0194,0.132559,123.245,118.568,120.267,115.09
12.011295318603516,0.7065322179167346,0.0,0.0,3,-0.243652,3.0,12114.3,134.676,-11.6383,-4.32688,6.14759,14.3865,41.9812,37.7548,35.2849,34.0755,33.4384,32.8859,32.4941,32.1049,31.7183,31.3343,30.8014,30.1991,29.0904,26.9596,23.6915,19.7651,11.1498,0.152613,122.656,117.879,119.742,114.413
12.033024072647095,0.7086880002130475,0.0,0.0,3,-0.24063,3.0,12050.5,134.019,-12.3595,-4.34933,6.01886,13.8974,41.9744,37.765,35.3063,34.1029,33.469,32.9193,32.5295,32.1423,31.7576,31.3757,30.8456,30.2467,29.144,27.0251,23.7755,19.8699,11.2747,0.171499,122.039,117.164,119.194,113.729
12.05045223236084,0.710876595025286,0.0,0.0,3,-0.237845,3.0,11986.3,133.352,-13.1027,-4.37397,5.89723,13.4531,41.9777,37.7832,35.3347,34.1363,33.5054,32.9581,32.5702,32.1848,31.8019,31.4217,30.8941,30.298,29.2008,27.0923,23.859,19.9715,11.3925,0.189218,121.391,116.441,118.62,113.062
12.073501110076904,0.7131045648566354,0.0,0.0,3,-0.235261,3.0,11921.5,132.673,-13.844,-4.39718,5.78334,13.0574,41.9846,37.8034,35.3638,34.17,33.5415,32.9965,32.6102,32.2264,31.8451,31.4666,30.9412,30.3476,29.2552,27.1563,23.9375,20.0663,11.5019,0.205775,120.709,115.705,118.023,112.406
12.092806100845337,0.7153653472039104,0.0,0.0,3,-0.232878,3.0,11856.0,131.984,-14.5711,-4.41782,5.67716,12.7068,41.9915,37.8222,35.3905,34.2009,33.5746,33.0315,32.6466,32.2642,31.8845,31.5074,30.9841,30.3928,29.3047,27.2145,24.009,20.1528,11.6028,0.221232,119.996,114.959,117.407,111.757
12.11181116104126,0.7176556608155183,0.0,0.0,3,-0.230491,3.0,11789.3,131.286,-15.2799,-4.43809,5.57872,12.398,41.9968,37.8379,35.4131,34.2274,33.6031,33.0618,32.6781,32.297,31.9185,31.5428,31.0214,30.4323,29.3481,27.2656,24.0723,20.2301,11.6948,0.235603,119.259,114.202,116.775,111.105
12.132710933685303,0.7199820681946445,0.0,0.0,3,-0.228161,3.0,11721.5,130.577,-15.9827,-4.46121,5.48763,12.1218,42.0032,37.8532,35.4347,34.2522,33.6297,33.09,32.7075,32.3275,31.9502,31.5755,31.0557,30.4685,29.3879,27.3123,24.1299,20.3004,11.7791,0.248908,118.504,113.43,116.139,110.429
12.150835990905762,0.7223347255865112,0.0,0.0,3,-0.225821,3.0,11654.2,129.86,-16.6671,-4.48289,5.40415,11.8796,42.0078,37.8653,35.4522,34.2724,33.6516,33.1133,32.7318,32.3529,31.9766,31.6029,31.0845,30.4989,29.4216,27.3522,24.18,20.3621,11.8549,0.261154,117.739,112.659,115.494,109.772
12.174741268157959,0.724716914242711,0.0,0.0,3,-0.223455,3.0,11586.8,129.134,-17.3153,-4.49781,5.32839,11.6714,42.0074,37.8712,35.4628,34.2855,33.666,33.129,32.7485,32.3705,31.9951,31.6224,31.1053,30.5212,29.4466,27.3832,24.2204,20.4138,11.922,0.272364,116.955,111.88,114.838,109.126
12.193289518356323,0.727125352911651,0.0,0.0,3,-0.221233,3.0,11519.2,128.4,-17.9245,-4.50451,5.26004,11.4936,42.0023,37.8713,35.4669,34.2919,33.6736,33.1376,32.7579,32.3807,32.0062,31.6344,31.1185,30.5357,29.4637,27.4057,24.2516,20.456,11.9808,0.282595,116.154,111.089,114.176,108.482
12.211293697357178,0.7295600415933319,0.0,0.0,3,-0.218971,3.0,11451.1,127.658,-18.4986,-4.50418,5.19875,11.3427,41.9938,37.867,35.4658,34.2928,33.6756,33.1406,32.7615,32.385,32.0112,31.6401,31.1253,30.5439,29.4742,27.421,24.2749,20.4896,12.0319,0.291869,115.346,110.292,113.507,107.837
12.22969937324524,0.7320209802877531,0.0,0.0,3,-0.216761,3.0,11381.4,126.908,-19.0598,-4.5057,5.14392,11.2122,41.9864,37.8626,35.464,34.2926,33.6762,33.142,32.7635,32.3876,32.0143,31.6438,31.1299,30.5495,29.4819,27.4327,24.2938,20.5177,12.0765,0.300215,114.536,109.485,112.838,107.159
12.25548243522644,0.7345016064917296,0.0,0.0,3,-0.214585,3.0,11312.3,126.152,-19.6026,-4.50414,5.0955,11.1021,41.9794,37.8572,35.4607,34.2903,33.6747,33.1412,32.7632,32.3877,32.015,31.645,31.1317,30.5521,29.4863,27.4406,24.308,20.5401,12.1147,0.307652,113.731,108.683,112.171,106.492
12.272944450378418,0.7370019202052615,0.0,0.0,3,-0.212373,3.0,11243.4,125.39,-20.111,-4.49567,5.05361,11.0149,41.9693,37.8479,35.4528,34.2833,33.6682,33.1352,32.7576,32.3826,32.0102,31.6407,31.128,30.5491,29.4846,27.4422,24.3152,20.5551,12.146,0.314206,112.915,107.876,111.496,105.833
12.291786432266235,0.7395186401767563,0.0,0.0,3,-0.210356,3.0,11174.3,124.623,-20.5831,-4.48028,5.01807,10.9499,41.956,37.8345,35.4402,34.2713,33.6566,33.1239,32.7466,32.3719,32.0,31.6308,31.1186,30.5403,29.477,27.4374,24.3155,20.5628,12.1707,0.319917,112.095,107.068,110.817,105.179
12.310805320739746,0.7538266666666666,0.0,0.0,3,-0.208322,3.0,11105.1,123.852,-21.0204,-4.4591,4.98851,10.9053,41.9398,37.8173,35.4232,34.2549,33.6404,33.108,32.7308,32.3564,31.9846,31.6157,31.1041,30.5263,29.464,27.4267,24.3094,20.5637,12.1892,0.324836,111.27,106.256,110.132,104.525
12.335144281387329,0.7564133333333334,0.0,0.0,3,-0.206305,3.0,11034.7,123.076,-21.4373,-4.43896,4.96448,10.8779,41.9245,37.7988,35.4044,34.2363,33.622,33.0897,32.7127,32.3384,31.9668,31.598,31.0866,30.5093,29.4477,27.4123,24.2989,20.5595,12.2023,0.328985,110.404,105.401,109.445,103.855
12.350703716278076,0.75901,0.0,0.0,3,-0.204339,3.0,10964.7,122.297,-21.8361,-4.41729,4.94559,10.8653,41.9293,37.7806,35.3855,34.2171,33.6029,33.0707,32.6937,32.3194,31.9479,31.5792,31.0679,30.4907,29.4298,27.3956,24.2855,20.5515,12.2106,0.332401,109.559,104.558,108.762,103.184
12.37425684928894,0.76162,0.0,0.0,3,-0.202355,3.0,10894.9,121.514,-22.2049,-4.39142,4.93203,10.8708,41.9571,37.7597,35.3634,34.1945,33.5801,33.0479,32.6709,32.2966,31.9251,31.5565,31.0452,30.4681,29.4075,27.3744,24.267,20.5381,12.2136,0.335098,108.721,103.725,108.076,102.522
12.390195608139038,0.7642333333333333,0.0,0.0,3,-0.200474,3.0,10825.3,120.73,-22.5391,-4.36057,4.92371,10.8952,42.008,37.7353,35.3373,34.1679,33.5532,33.0208,32.6437,32.2694,31.8978,31.5291,31.0178,30.4407,29.3802,27.348,24.2429,20.5188,12.2114,0.337105,107.885,102.898,107.386,101.865
12.412813663482666,0.7668466666666667,0.0,0.0,3,-0.198663,3.0,10755.7,119.946,-22.8393,-4.32517,4.92037,10.9379,42.0831,37.7075,35.3074,34.1373,33.5222,32.9895,32.6123,32.2378,31.8662,31.4974,30.9861,30.4089,29.3484,27.3167,24.2136,20.494,12.2043,0.338471,107.055,102.079,106.695,101.211
12.433859586715698,0.7694633333333334,0.0,0.0,3,-0.19684,3.0,10685.8,119.161,-23.1118,-4.28902,4.92155,10.9969,42.1849,37.6775,35.2748,34.1039,33.4884,32.9554,32.5779,32.2032,31.8314,31.4625,30.951,30.3737,29.313,27.2815,24.1799,20.4645,12.1927,0.339234,106.228,101.264,106.002,100.555
12.455094575881958,0.7720833333333333,0.0,0.0,3,-0.19506,3.0,10615.8,118.375,-23.3651,-4.25261,4.9268,11.0693,42.3184,37.6479,35.2423,34.0702,33.4543,32.9208,32.543,32.1681,31.7959,31.4268,30.915,30.3375,29.2765,27.2446,24.1442,20.4323,12.1775,0.33942,105.412,100.457,105.314,99.8905
12.473951816558838,0.7747033333333333,0.0,0.0,3,-0.193304,3.0,10546.4,117.589,-23.5933,-4.21305,4.93613,11.1565,42.4843,37.622,35.209,34.0354,33.4188,32.8849,32.5068,32.1315,31.7591,31.3897,30.8775,30.2996,29.2381,27.2057,24.1058,20.3969,12.1587,0.339045,104.602,99.6546,104.628,99.2341
12.492721796035767,0.77732,0.0,0.0,3,-0.191563,3.0,10477.3,116.804,-23.7928,-4.17013,4.9494,11.2596,42.6835,37.6152,35.174,33.9988,33.3814,32.847,32.4685,32.0928,31.7201,31.3503,30.8376,30.2593,29.1971,27.1639,24.0642,20.358,12.1362,0.338139,103.795,98.8562,103.942,98.5834
12.513861894607544,0.77993,0.0,0.0,3,-0.190035,3.0,10408.4,116.021,-23.9641,-4.12464,4.96642,11.3785,42.9179,37.63,35.1371,33.9602,33.342,32.8068,32.4279,32.0519,31.6787,31.3086,30.7955,30.2165,29.1535,27.1193,24.0194,20.3156,12.1104,0.336746,102.994,98.0665,103.258,97.9364
12.530260801315308,0.78253,0.0,0.0,3,-0.188504,3.0,10339.7,115.241,-24.1084,-4.07757,4.98676,11.5128,43.1684,37.6674,35.0986,33.92,33.3009,32.7649,32.3854,32.0089,31.6354,31.2648,30.7512,30.1717,29.1076,27.0722,23.9718,20.2701,12.0816,0.334919,102.198,97.2817,102.574,97.2923
12.555583238601685,0.7851233333333334,0.0,0.0,3,-0.186988,3.0,10271.0,114.463,-24.2301,-4.03083,5.01014,11.6619,43.396,37.7297,35.0628,33.8788,33.2588,32.722,32.342,31.9649,31.5908,31.2198,30.7056,30.1255,29.0603,27.0234,23.922,20.2221,12.0501,0.332676,101.406,96.5024,101.893,96.6472
12.573664665222168,0.78771,0.0,0.0,3,-0.185506,3.0,10202.8,113.687,-24.3296,-3.98266,5.03636,11.8253,43.6027,37.8194,35.0461,33.8378,33.2167,32.6791,32.2985,31.9208,31.5461,31.1745,30.6596,30.0788,29.0125,26.9736,23.871,20.1724,12.0162,0.330036,100.625,95.7321,101.217,96.0053
12.592280149459839,0.7902866666666667,0.0,0.0,3,-0.184058,3.0,10135.0,112.914,-24.4067,-3.93298,5.06522,12.0034,43.7898,37.9385,35.0516,33.7999,33.1747,32.6362,32.2549,31.8766,31.5014,31.1292,30.6134,30.0318,28.9642,26.9232,23.819,20.1212,11.9802,0.327026,99.8509,94.9667,100.544,95.3676
12.611855030059814,0.79285,0.0,0.0,3,-0.18271,3.0,10067.6,112.145,-24.462,-3.88248,5.0966,12.1965,43.9586,38.0888,35.0803,33.7805,33.135,32.5932,32.2113,31.8323,31.4564,31.0836,30.5671,29.9845,28.9154,26.8721,23.766,20.0686,11.9422,0.323667,99.0866,94.2115,99.8747,94.734
12.631537199020386,0.7954,0.0,0.0,3,-0.181528,3.0,10000.6,111.38,-24.4966,-3.83243,5.1301,12.4046,44.1114,38.2724,35.1336,33.7826,33.1127,32.5531,32.1676,31.7879,31.4114,31.038,30.5205,29.937,28.8662,26.8205,23.712,20.0147,11.9027,0.320028,98.328,93.4629,99.2083,94.104
12.653638362884521,0.7979366666666666,0.0,0.0,3,-0.180365,3.0,9933.97,110.619,-24.5093,-3.78198,5.1657,12.631,44.2502,38.4914,35.2125,33.8068,33.1111,32.5305,32.131,31.7436,31.3659,30.9918,30.4735,29.8889,28.8164,26.7681,23.6569,19.9594,11.8614,0.3161,97.5791,92.725,98.5458,93.4792
12.675792694091797,0.8004533333333334,0.0,0.0,3,-0.179212,3.0,9867.86,109.864,-24.5,-3.73158,5.20311,12.8774,44.3755,38.7397,35.3185,33.8545,33.1312,32.5284,32.1139,31.7123,31.3229,30.9452,30.4259,29.8404,28.7661,26.7148,23.6007,19.9028,11.8187,0.311926,96.8356,91.994,97.8866,92.8604
12.692822217941284,0.8029566666666667,0.0,0.0,3,-0.178083,3.0,9802.17,109.113,-24.4686,-3.68047,5.24206,13.1439,44.4888,38.9722,35.4545,33.9278,33.1751,32.5485,32.1181,31.7014,31.2976,30.9064,30.3786,29.792,28.7158,26.6614,23.5442,19.8455,11.7748,0.307533,96.1013,91.2717,97.2319,92.2455
12.715522527694702,0.8054433333333333,0.0,0.0,3,-0.177007,3.0,9736.92,108.367,-24.4202,-3.6296,5.28225,13.4294,44.5925,39.1852,35.6246,34.0303,33.246,32.5939,32.1465,31.7135,31.2945,30.8886,30.3416,29.7451,28.667,26.6091,23.4885,19.7887,11.7302,0.302943,95.3758,90.5553,96.5832,91.6329
12.730836629867554,0.8079166666666666,0.0,0.0,3,-0.176055,3.0,9672.13,107.625,-24.3567,-3.58002,5.32358,13.7381,44.6875,39.3801,35.8317,34.1641,33.3457,32.6662,32.2005,31.7502,31.3147,30.8933,30.3259,29.7077,28.6197,26.5582,23.4337,19.7322,11.6852,0.298173,94.6629,89.8505,95.9401,91.0233
12.753633499145508,0.8103666666666667,0.0,0.0,3,-0.175276,3.0,9607.84,106.89,-24.2779,-3.53219,5.36571,14.0753,44.7754,39.558,36.078,34.3316,33.4763,32.7673,32.2818,31.8129,31.3598,30.9218,30.3325,29.6912,28.5737,26.5087,23.3799,19.6763,11.6399,0.293273,93.9574,89.1534,95.3019,90.4188
12.771685361862183,0.8128,0.0,0.0,3,-0.174532,3.0,9544.11,106.16,-24.1832,-3.48581,5.40853,14.4496,44.8562,39.7199,36.3253,34.5349,33.6397,32.8987,32.392,31.9031,31.4311,30.9751,30.3624,29.6965,28.538,26.4601,23.3269,19.6208,11.5943,0.288256,93.2629,88.4681,94.6688,89.8197
12.794546842575073,0.81521,0.0,0.0,3,-0.173798,3.0,9481.21,105.437,-24.0671,-3.43849,5.45201,14.8818,44.9287,39.8674,36.5497,34.7756,33.8369,33.0614,32.5318,32.0213,31.5289,31.0538,30.4159,29.7237,28.5216,26.4118,23.2738,19.5652,11.5483,0.283139,92.5739,87.7907,94.0398,89.2325
12.812649965286255,0.8176,0.0,0.0,2,-0.173075,3.0,9418.68,104.72,-23.9311,-3.39174,5.49585,15.4086,44.9935,40.002,36.7534,35.0257,34.0713,33.2583,32.7038,32.17,31.6556,31.1598,30.495,29.7745,28.5259,26.364,23.2211,19.5097,11.5022,0.277962,91.8931,87.123,93.4146,88.6491
12.833672761917114,0.81992,0.0,0.0,2,-0.172411,2.0,11826.6,104.024,-23.7811,-3.34634,5.53973,16.1374,45.0534,40.1273,36.941,35.2564,34.327,33.4956,32.914,32.3547,31.8165,31.2982,30.6042,29.8531,28.5543,26.3191,23.1707,19.456,11.4566,0.272736,91.2229,86.4617,93.5551,89.1853
12.852617263793945,0.8220966666666667,0.0,0.0,2,-0.171762,2.0,11787.8,103.371,-23.613,-3.30238,5.58395,51.3964,45.1065,40.2402,37.1098,35.4651,34.5597,33.75,33.161,32.5745,32.0103,31.4678,30.7422,29.9582,28.6055,26.2866,23.1203,19.4023,11.4107,0.26746,90.574,85.822,93.4651,89.3553
12.871159553527832,0.8241966666666667,0.0,0.0,2,-0.171185,2.0,11733.8,102.741,-23.4228,-3.2622,5.62838,51.4003,45.1487,40.3363,37.2575,35.6486,34.7652,33.9764,33.4033,32.8218,32.2347,31.666,30.9064,30.0872,28.6771,26.2696,23.0675,19.3467,11.3644,0.26221,89.9488,85.2118,92.24,87.8328
12.889134168624878,0.8264633333333333,0.0,0.0,2,-0.1705,2.0,11494.9,102.061,-23.2103,-3.22682,5.67308,51.3963,45.1798,40.4169,37.3859,35.8075,34.9446,34.1749,33.6164,33.0503,32.4763,31.8939,31.0979,30.2408,28.7693,26.2679,23.0117,19.2888,11.3174,0.256985,89.3355,84.6224,90.5897,85.7271
12.909802198410034,0.8288433333333334,0.0,0.0,2,-0.169802,2.0,11335.4,101.347,-22.9798,-3.19175,5.71764,51.3893,45.205,40.4885,37.5014,35.9499,35.1052,34.3535,33.8085,33.2566,32.6975,32.1309,31.3245,30.4264,28.8886,26.2865,22.9563,19.2312,11.2706,0.251779,88.7193,84.0335,89.4391,84.3889
12.931309700012207,0.8312766666666667,0.0,0.0,2,-0.169208,2.0,11215.6,100.617,-22.7404,-3.15689,5.76126,51.385,45.2305,40.558,37.6114,36.0855,35.2559,34.5205,33.9881,33.4495,32.9043,32.3524,31.5678,30.6541,29.0436,26.3319,22.9051,19.1772,11.2255,0.246615,88.0938,83.4326,88.5449,83.425
12.949632167816162,0.83374,0.0,0.0,2,-0.168911,2.0,11115.5,99.878,-22.5048,-3.11917,5.80273,51.3929,45.2666,40.6363,37.7273,36.2264,35.4111,34.6891,34.1683,33.6422,33.1101,32.572,31.8078,30.9185,29.2498,26.4159,22.8659,19.1324,11.1842,0.241524,87.4729,82.813,87.7925,82.6324
12.969637870788574,0.8362236666666667,0.0,0.0,2,-0.169032,2.0,11025.7,99.1329,-22.2904,-3.08178,5.84148,51.4192,45.32,40.7295,37.8557,36.379,35.5775,34.8682,34.3569,33.8417,33.3221,32.797,32.0521,31.1863,29.5198,26.5478,22.8549,19.0999,11.1478,0.23649,86.8599,82.1816,87.1226,81.9206
12.99553632736206,0.8387173333333333,0.0,0.0,2,-0.16969,2.0,10941.1,98.3848,-22.1018,-3.04615,5.87686,51.4658,45.3924,40.839,37.9996,36.5447,35.7567,35.0597,34.5575,34.0517,33.5423,33.0293,32.3026,31.4591,29.8381,26.7344,22.8805,19.0812,11.1171,0.231568,86.2562,81.5444,86.4971,81.2469
13.013786792755127,0.8412153333333333,0.0,0.0,2,-0.170873,2.0,10859.2,97.6354,-21.9388,-3.0127,5.90872,51.5324,45.4837,40.9655,38.159,36.7231,35.9482,35.2631,34.7697,34.273,33.7729,33.2695,32.5591,31.7366,30.159,26.982,22.9459,19.0765,11.0921,0.226776,85.6535,80.8983,85.8943,80.5927
13.029884576797485,0.843714,0.0,0.0,2,-0.172481,2.0,10778.7,96.8858,-21.8001,-2.98173,5.93701,51.6182,45.5926,41.1083,38.3322,36.9145,36.1504,35.4769,34.992,34.504,34.013,33.5187,32.8217,32.0176,30.4807,27.2969,23.0539,19.0853,11.0727,0.222129,85.0528,80.2482,85.3031,79.9484
13.062896251678467,0.846211,0.0,0.0,2,-0.17446,2.0,10699.9,96.1367,-21.6759,-2.94963,5.96182,21.405,45.7161,41.2642,38.5163,37.1164,36.3621,35.698,35.2212,34.7417,34.2592,33.7739,33.0895,32.3006,30.8004,27.6824,23.2069,19.1067,11.0588,0.217653,84.4456,79.5916,84.7153,79.3275
13.07517695426941,0.8486996666666666,0.0,0.0,2,-0.176767,2.0,10620.5,95.3901,-21.5663,-2.92099,5.98337,19.3662,45.8523,41.4308,38.7085,37.326,36.5813,35.9258,35.4554,34.9833,34.5091,34.0323,33.3602,32.5857,31.116,28.0826,23.4076,19.1396,11.0499,0.213349,83.832,78.9333,84.1242,78.7027
13.095254182815552,0.851188,0.0,0.0,2,-0.179448,2.0,10540.7,94.6436,-21.4731,-2.8938,6.00121,18.125,46.0046,41.6103,38.9128,37.5459,36.8106,36.1634,35.6991,35.2332,34.7657,34.2966,33.6363,32.8758,31.4334,28.476,23.6636,19.1891,11.0466,0.209245,83.2134,78.2643,83.5347,78.0698
13.116882801055908,0.8536736666666667,0.0,0.0,2,-0.182512,2.0,10460.8,93.8979,-21.401,-2.87111,6.01528,17.2187,46.173,41.8039,39.13,37.7762,37.05,36.411,35.9526,35.4927,35.0313,34.5684,33.9182,33.171,31.7548,28.8641,23.982,19.272,11.0494,0.20535,82.5963,77.5952,82.9473,77.4328
13.138983726501465,0.8561566666666667,0.0,0.0,2,-0.186022,2.0,10380.9,93.153,-21.348,-2.85255,6.02561,16.4909,46.3564,42.011,39.3585,38.0172,37.2982,36.6671,36.2145,35.7605,35.3049,34.848,34.2063,33.4701,32.0789,29.2464,24.3697,19.3926,11.058,0.201677,81.9747,76.9224,82.36,76.7957
13.150017738342285,0.858635,0.0,0.0,2,-0.189931,2.0,10301.1,92.4095,-21.3108,-2.83811,6.03228,15.8726,46.5532,42.2302,39.597,38.2679,37.5555,36.9305,36.4832,36.0349,35.5851,35.1341,34.5005,33.7738,32.4044,29.6239,24.8346,19.5537,11.0725,0.198248,81.3509,76.2495,81.7712,76.1613
13.174431085586548,0.86111,0.0,0.0,2,-0.194145,2.0,10221.6,91.667,-21.2848,-2.82589,6.03551,15.3287,46.7627,42.4598,39.8439,38.5269,37.821,37.2016,36.7584,36.3146,35.8703,35.4249,34.7994,34.0819,32.7306,29.9988,25.3276,19.7585,11.0926,0.195053,80.7199,75.572,81.1821,75.532
13.191627025604248,0.8367008387616749,0.0,0.0,2,-0.198626,2.0,10143.0,90.9258,-21.2642,-2.81425,6.03512,14.8379,46.9841,42.6983,40.0992,38.7923,38.0928,37.4791,37.0399,36.6001,36.1598,35.7191,35.1013,34.3928,33.0585,30.3703,25.8034,20.011,11.1186,0.192156,80.0851,74.8946,80.5894,74.9189
13.22220230102539,0.7994499931150469,0.0,0.0,2,-0.203345,2.0,10064.3,90.1874,-21.2451,-2.80314,6.03163,14.3895,47.2155,42.9453,40.3614,39.0627,38.3691,37.7609,37.3257,36.8898,36.4535,36.0167,35.4047,34.7046,33.3869,30.7368,26.2619,20.3148,11.1499,0.189515,79.5293,74.3111,79.9939,74.3081
13.235676288604736,0.7502148567619035,0.6941070556640625,0.0,2,-0.208366,2.0,9985.11,89.4509,-21.229,-2.78977,6.02457,13.9678,47.4602,43.2043,40.6338,39.3433,38.654,38.0506,37.6192,37.1873,36.7548,36.3219,35.7153,35.0215,33.7193,31.1025,26.7087,20.6791,11.1876,0.187158,79.0788,73.8409,79.4006,73.6887
13.249846458435059,0.7139479617644051,0.462738037109375,0.0,2,-0.213565,2.0,11680.0,88.9986,-21.2448,-2.77862,6.01434,13.574,47.7123,43.4692,40.9103,39.628,38.9429,38.3431,37.9147,37.4863,37.0577,36.6286,36.0273,35.3396,34.0498,31.4647,27.1416,21.107,11.2306,0.185126,78.7572,73.5194,89.139,89.139
13.272083759307861,0.6899391242748437,0.49999237060546875,0.0,2,-0.218868,2.0,11865.8,88.8085,-21.3408,-2.7732,6.00131,13.2067,47.9681,43.7352,41.187,39.912,39.2312,38.6351,38.2093,37.7835,37.3578,36.9323,36.3363,35.6546,34.3759,31.82,27.5608,21.6037,11.2783,0.183442,78.5934,73.3598,90.8647,90.8647
13.290003538131714,0.6902524069817426,0.49999237060546875,0.0,2,-0.224197,2.0,12071.8,88.6899,-21.4726,-2.77819,5.98658,12.8691,48.2194,43.9947,41.4566,40.187,39.5105,38.9181,38.4948,38.0716,37.6484,37.2255,36.6339,35.958,34.6903,32.1602,27.9588,22.1253,11.3285,0.182076,78.5165,73.2948,92.4436,92.4436
13.313083410263062,0.6782843343320629,0.49999237060546875,0.0,2,-0.229091,2.0,12192.4,88.6355,-21.6084,-2.79431,5.97184,12.5698,48.4495,44.2321,41.7025,40.438,39.7643,39.1755,38.7549,38.3342,37.9136,37.4932,36.905,36.2337,34.9768,32.4692,28.3203,22.5984,11.3772,0.181011,78.4122,73.2303,93.3925,93.3925
13.335713386535645,0.6662922369332314,0.49999237060546875,0.0,2,-0.233257,2.0,12263.2,88.6306,-21.7125,-2.81955,5.95861,12.3125,48.6443,44.433,41.9106,40.6512,39.9802,39.3938,38.9755,38.5574,38.1394,37.7215,37.1368,36.4695,35.2218,32.7353,28.6336,23.0125,11.4204,0.180213,78.3244,73.2151,93.9513,93.9513
13.35653018951416,0.6192580939226945,0.49999237060546875,0.0,2,-0.236492,2.0,12302.7,88.6672,-21.753,-2.84857,5.94782,12.0956,20.0156,44.5879,42.0716,40.8174,40.1491,39.565,39.1484,38.7323,38.3167,37.9014,37.3203,36.6569,35.4169,32.9513,28.8934,23.3626,11.4555,0.179666,78.2529,73.2516,94.2615,94.2615
13.376989841461182,0.5850319650762942,0.49999237060546875,0.0,2,-0.238776,2.0,12330.4,88.7323,-21.7179,-2.87909,5.93945,11.9113,18.8108,44.6961,42.186,40.936,40.2705,39.6889,39.2739,38.8595,38.4457,38.0326,37.4551,36.7959,35.5634,33.1172,29.1011,23.6524,11.4819,0.179368,78.3078,73.4422,94.476,94.476
13.395123958587646,0.5626736439822726,0.49999237060546875,0.0,2,-0.240321,2.0,12355.0,88.8156,-21.6164,-2.90797,5.9324,11.7458,17.9856,44.7688,42.2645,41.0179,40.3552,39.776,39.3628,38.9502,38.5381,38.1268,37.5522,36.8971,35.6724,33.2444,29.2681,23.8972,11.5021,0.17933,78.4465,73.7394,94.6652,94.6652
13.413236141204834,0.5624644599313466,0.49999237060546875,0.0,2,-0.241395,2.0,12376.5,88.9127,-21.4709,-2.93427,5.92563,11.5876,17.3123,44.8192,42.3199,41.0766,40.416,39.8394,39.428,39.0171,38.6069,38.1973,37.6253,36.9737,35.7568,33.3456,29.4072,24.1105,11.5246,0.179529,78.6223,74.0752,94.8321,94.8321
13.433757066726685,0.5622287777977595,0.49999237060546875,0.0,2,-0.24228,2.0,12392.3,89.0221,-21.2981,-2.95738,5.91814,11.4292,16.72,44.8563,42.3616,41.1217,40.4629,39.8882,39.4787,39.0697,38.6612,38.2535,37.684,37.0354,35.8259,33.4305,29.5281,24.3019,11.5594,0.179981,78.7699,74.3681,94.9557,94.9557
13.452774286270142,0.5619702599181393,0.49999237060546875,0.0,2,-0.243041,2.0,12401.7,89.1421,-21.1084,-2.97725,5.90955,11.2673,16.1791,44.8854,42.3945,41.1581,40.5012,39.9281,39.52,39.1127,38.7062,38.3003,37.7334,37.0878,35.8846,33.5051,29.6365,24.4764,11.6081,0.180681,78.9032,74.6225,95.0297,95.0297
13.471590280532837,0.5616921377659814,0.49999237060546875,0.0,2,-0.243658,2.0,12406.1,89.2712,-20.9083,-2.99633,5.89941,11.1006,15.6747,44.9078,42.4206,41.1876,40.5326,39.9612,39.5542,39.1483,38.7435,38.3395,37.7752,37.1326,35.9351,33.5712,29.7351,24.6363,11.6722,0.181663,79.0332,74.8498,95.0649,95.0649
13.491825580596924,0.5613903181415246,0.49999237060546875,0.0,2,-0.244118,2.0,12402.7,89.4113,-20.6955,-3.01248,5.88801,10.9299,15.2008,44.9231,42.4395,41.2093,40.5563,39.9866,39.5809,39.1762,38.7726,38.3703,37.8087,37.1691,35.9774,33.6282,29.8233,24.7823,11.7519,0.182899,79.1643,75.0598,95.0427,95.0427
13.513607501983643,0.5610660936341676,0.49999237060546875,0.0,2,-0.244348,2.0,12395.4,89.5618,-20.4628,-3.02634,5.87556,10.7568,14.755,44.9282,42.448,41.2201,40.5691,40.0012,39.5967,39.1933,38.791,38.3899,37.8307,37.1942,36.0083,33.673,29.8982,24.9132,11.8472,0.184401,79.3005,75.2651,94.9865,94.9865
13.53557300567627,0.5607319592747586,0.49999237060546875,0.0,2,-0.244383,2.0,12388.9,89.7169,-20.2071,-3.03509,5.86192,10.5802,14.3312,44.9251,42.4479,41.2221,40.5726,40.0066,39.6035,39.2014,38.8004,38.4007,37.8432,37.2096,36.0297,33.7074,29.9617,25.0309,11.9591,0.186167,79.4424,75.472,94.9364,94.9364
13.553265571594238,0.5603879150632974,0.49999237060546875,0.0,2,-0.244284,2.0,12384.8,89.8766,-19.946,-3.04726,5.84681,10.3987,13.9234,44.9165,42.4419,41.2184,40.5702,40.0057,39.6039,39.2032,38.8036,38.4052,37.8497,37.2183,36.0443,33.7343,30.0165,25.1381,12.0896,0.188195,79.5932,75.6764,94.9038,94.9038
13.577605247497559,0.5600313758209878,0.49999237060546875,0.0,2,-0.244045,2.0,12382.4,90.0421,-19.681,-3.06436,5.83032,10.2129,13.5305,44.9014,42.4292,41.208,40.5611,39.9978,39.5972,39.1979,38.7997,38.4027,37.8492,37.22,36.0512,33.7536,30.0625,25.2342,12.2392,0.190489,79.7539,75.8831,94.8851,94.8851
13.590526580810547,0.5596593255059011,0.49999237060546875,0.0,2,-0.243756,2.0,12379.8,90.2148,-19.4089,-3.08477,5.81217,10.0235,13.1519,44.8789,42.4086,41.19,40.5444,39.9824,39.5826,39.1844,38.7877,38.3922,37.8407,37.2138,36.0495,33.7645,30.0994,25.3186,12.4084,0.193029,79.9188,76.0911,94.865,94.865
13.623125314712524,0.559272841275869,0.49999237060546875,0.0,2,-0.243266,2.0,12378.5,90.3942,-19.1295,-3.10987,5.7869,9.83036,12.7861,44.8479,42.3797,41.1633,40.5192,39.9584,39.5596,39.1623,38.7667,38.3726,37.8232,37.1988,36.0391,33.7663,30.1267,25.3915,12.5981,0.195844,80.0876,76.3026,94.8553,94.8553
13.635605335235596,0.45514099898687443,0.49999237060546875,0.0,2,-0.242565,2.0,12374.0,90.5826,-18.8365,-3.13489,5.75375,9.63442,12.4333,44.8078,42.3418,41.1273,40.4847,39.9253,39.5274,39.1311,38.7365,38.3435,37.7962,37.1743,36.0193,33.7582,30.1434,25.4531,12.8084,0.198877,80.2647,76.5234,94.8242,94.8242
13.65873122215271,0.3705936190191656,0.49999237060546875,0.0,2,-0.241575,2.0,12362.1,90.7853,-18.5205,-3.15618,5.71269,9.43587,12.0933,44.7555,42.2917,41.0787,40.4377,39.8797,39.4829,39.0877,38.6941,38.3022,37.7566,37.1373,35.9872,33.7375,30.1474,25.5015,13.0316,0.202187,80.7545,77.0672,94.7323,94.7323
13.67130732536316,0.18801963002534708,0.49999237060546875,0.0,2,-0.240249,2.0,12353.3,91.0024,-18.1826,-3.18039,5.66421,9.23554,11.7671,44.6886,42.2269,41.0158,40.3759,39.8195,39.4238,39.0297,38.6373,38.2466,37.7026,37.0855,35.9407,33.702,30.1365,25.5351,13.2399,0.205741,81.4418,77.858,94.6639,94.6639
13.693533420562744,0.10507658904832665,0.49999237060546875,0.0,2,-0.238611,2.0,12349.1,91.2366,-17.8373,-3.21509,5.60828,9.0327,11.4525,44.6084,42.1489,40.9397,40.301,39.7459,39.3515,38.9586,38.5674,38.1779,37.6357,37.0207,35.881,33.6535,30.1123,25.555,13.4323,0.209531,82.4915,79.0635,94.6298,94.6298
13.715602159500122,0.04305726584648558,0.49999237060546875,0.0,2,-0.236506,2.0,12346.3,91.5049,-17.4819,-3.2645,5.54569,8.82948,11.1537,44.5073,42.0501,40.8433,40.2059,39.652,39.2587,38.8672,38.4773,38.0892,37.5489,36.9361,35.8013,33.5857,30.0693,25.5559,13.6062,0.213524,83.5982,80.3692,94.6091,94.6091
13.73518443107605,0.04300557949114591,0.49999237060546875,0.0,2,-0.243414,2.0,12342.9,91.8152,-17.0997,-3.32659,5.47697,8.62736,10.8738,44.3779,41.9235,40.7195,40.0836,39.5311,39.1389,38.7486,38.3603,37.9736,37.4355,36.8252,35.6954,33.4924,30.0018,25.533,13.7597,0.217992,84.4904,81.4917,94.5838,94.5838
13.757970094680786,0.04918581649703812,0.49999237060546875,0.0,2,-0.253928,2.0,12336.9,92.1663,-16.6701,-3.39766,5.40249,8.42719,10.6155,44.2141,41.7633,40.5624,39.9284,39.3776,38.9865,38.5975,38.2107,37.8258,37.29,36.6825,35.5581,33.3687,29.9053,25.4831,13.8911,0.223786,85.0323,82.2689,94.538,94.538
13.779065608978271,0.09092589442577834,0.49999237060546875,0.0,2,-0.263671,2.0,12336.1,92.5425,-16.1881,-3.48088,5.3224,8.22891,10.38,44.0126,41.5667,40.3692,39.7373,39.1885,38.7989,38.4114,38.026,37.6429,37.1098,36.5054,35.3871,33.2122,29.7779,25.4048,14.0003,0.230949,85.3945,82.8558,94.5252,94.5252
13.793332815170288,0.16237045971920094,0.49999237060546875,0.0,2,-0.272699,2.0,12342.4,92.9335,-15.659,-3.57759,5.23636,8.03083,10.1656,43.7764,41.3363,40.1426,39.5132,38.9666,38.5787,38.1928,37.8092,37.4279,36.8977,36.2969,35.1853,33.0258,29.6223,25.3009,14.0905,0.239486,85.5912,83.2462,94.5734,94.5734
13.810434103012085,0.2122268783569336,0.49999237060546875,0.0,2,-0.281185,2.0,12361.1,93.3264,-15.0958,-3.68959,5.14394,7.83345,9.96844,43.5137,41.0802,39.8907,39.264,38.7199,38.3338,37.9498,37.5681,37.1887,36.6615,36.0644,34.9601,32.8169,29.4456,25.1776,14.1651,0.249366,85.6527,83.4579,94.7136,94.7136
13.841046571731567,0.2686601053596536,0.49999237060546875,0.0,2,-0.289479,2.0,12380.7,93.7155,-14.5023,-3.79188,5.04419,7.63949,9.7791,43.2411,40.8147,39.6295,39.0056,38.4641,38.0799,37.6979,37.3182,36.9408,36.4166,35.8233,34.7265,32.5998,29.2611,25.0468,14.2302,0.26058,85.7103,83.6048,94.8651,94.8651
13.857832431793213,0.3400453306764895,0.49999237060546875,0.0,2,-0.298089,2.0,12392.4,94.0949,-13.9025,-3.86856,4.93555,7.44328,9.58191,42.9828,40.5632,39.3822,38.7609,38.2219,37.8396,37.4595,37.0818,36.7064,36.185,35.5952,34.5059,32.395,29.0878,24.9253,14.2946,0.273162,85.7807,83.6904,94.9581,94.9581
13.874781847000122,0.3395538095312789,0.49999237060546875,0.0,2,-0.307169,2.0,12397.4,94.4648,-13.3547,-3.94882,4.81761,7.24301,9.37206,42.7458,40.3325,39.1555,38.5365,38.0,37.6195,37.2412,36.8654,36.4919,35.9732,35.3867,34.3044,32.2085,28.9312,24.8175,14.3607,0.287145,85.8253,83.6797,94.9983,94.9983
13.8915536403656,0.34754593973713743,0.49999237060546875,0.0,2,-0.316563,2.0,12397.7,94.8291,-12.8532,-4.03464,4.69143,7.0415,9.15549,42.5226,40.1151,38.942,38.3252,37.7908,37.412,37.0356,36.6615,36.2899,35.7739,35.1904,34.1148,32.0335,28.7848,24.7174,14.4251,0.302467,86.0269,83.8012,95.0012,95.0012
13.918010473251343,0.34705370844187217,0.49999237060546875,0.0,2,-0.326116,2.0,12397.8,95.1905,-12.3827,-4.12684,4.55743,6.84063,8.93659,42.3059,39.904,38.7347,38.1201,37.5877,37.2106,36.8359,36.4637,36.0939,35.5805,35.0001,33.9307,31.8639,28.6431,24.6205,14.4859,0.319142,86.2994,84.0011,95.0027,95.0027
13.931573152542114,0.34655194305953757,0.49999237060546875,0.0,2,-0.335708,2.0,12386.7,95.5589,-11.9227,-4.21553,4.416,6.64205,8.71912,42.09,39.6936,38.5283,37.9159,37.3855,37.0099,36.6369,36.2665,35.8986,35.3879,34.8106,33.7472,31.6948,28.5016,24.523,14.5421,0.337172,86.6275,84.2757,94.9291,94.9291
13.958138227462769,0.33758174537446073,0.49999237060546875,0.0,2,-0.345106,2.0,12347.3,95.9489,-11.428,-4.28153,4.26763,6.44858,8.50983,41.8639,39.4733,38.3122,37.7022,37.174,36.7999,36.4286,36.0601,35.6941,35.1862,34.6121,33.555,31.5173,28.352,24.4178,14.5902,0.356564,86.9752,84.6099,94.6359,94.6359
13.971019268035889,0.2809824524878524,0.49999237060546875,0.0,2,-0.353958,2.0,12309.1,96.3491,-10.8751,-4.33948,4.11279,6.26387,8.31826,41.6113,39.2277,38.0713,37.4639,36.9381,36.5658,36.1964,35.8297,35.4659,34.961,34.3906,33.3403,31.3183,28.1826,24.295,14.6256,0.377348,87.3493,85.0308,94.3331,94.3331
13.993456363677979,0.272963792755357,0.9999847412109375,0.0,2,-0.362261,2.0,12298.2,96.7435,-10.281,-4.40472,3.95229,6.0873,8.14551,41.3323,38.957,37.8056,37.2013,36.6782,36.308,35.9405,35.5759,35.2143,34.7128,34.1462,33.1035,31.0981,27.9937,24.1548,14.6486,0.399507,87.8946,85.667,94.2375,94.2375
14.016109943389893,0.2503405722529516,0.49999237060546875,0.0,2,-0.37074,2.0,13547.2,97.2494,-9.80453,-4.47391,3.79311,5.9114,7.97253,41.06,38.6929,37.5464,36.9452,36.4248,36.0565,35.6911,35.3286,34.969,34.4707,33.908,32.8728,30.8836,27.8097,24.0182,14.6692,0.42302,88.4699,86.2631,103.402,103.402
14.039640426635742,0.22183957122316708,0.49999237060546875,0.0,2,-0.380856,2.0,13138.0,97.8346,-9.57788,-4.53812,3.63573,5.72294,7.76065,40.86,38.4981,37.355,36.7559,36.2376,35.8708,35.5069,35.1459,34.7879,34.2919,33.7322,32.7029,30.7263,27.6769,23.9245,14.7057,0.447779,89.2661,86.8637,100.796,100.796
14.053425788879395,0.20806938343048095,0.49999237060546875,0.0,2,-0.386833,2.0,12876.4,98.3546,-9.40808,-4.59219,3.48084,5.52647,7.52124,40.7143,38.3553,37.2141,36.6165,36.0997,35.7339,35.3711,35.0113,34.6545,34.16,33.6025,32.5779,30.611,27.5818,23.8615,14.7528,0.473793,90.1473,87.4773,98.7519,98.7519
14.078823566436768,0.20768548364639283,0.49999237060546875,0.0,2,-0.373726,2.0,12715.0,98.8189,-9.23604,-4.63602,3.32973,5.32926,7.27359,40.5925,38.2349,37.0952,36.4985,35.9828,35.618,35.2562,34.8973,34.5414,34.0484,33.4925,32.4718,30.5136,27.5021,23.8104,14.8019,0.49964,90.9001,88.0406,97.4798,97.4798
14.091981649398804,0.20085276377904632,0.9999847412109375,0.0,2,-0.360443,2.0,12623.6,99.2473,-9.03483,-4.66356,3.18331,5.13554,7.02849,40.4776,38.1208,36.9825,36.3865,35.8716,35.5076,35.1467,34.7887,34.4338,33.9421,33.3877,32.3704,30.4205,27.4256,23.7612,14.8481,0.524622,91.474,88.5208,96.7638,96.7638
14.122034549713135,0.20688891019821168,0.49999237060546875,0.0,2,-0.347154,2.0,13806.7,99.7823,-8.90425,-4.64885,3.04138,4.94377,6.78172,40.3773,38.0205,36.8831,36.2877,35.7734,35.4099,35.0496,34.6925,34.3384,33.8479,33.2948,32.2801,30.3378,27.3579,23.7184,14.8936,0.548727,92.0367,88.9889,105.417,105.417
14.135723114013672,0.19993746175769095,0.49999237060546875,0.0,2,-0.335371,2.0,13305.9,100.39,-8.95782,-4.56489,2.90118,4.74073,6.49869,40.3623,38.001,36.8627,36.2669,35.7522,35.3884,35.0279,34.6706,34.3167,33.8264,33.2737,32.2596,30.3201,27.3476,23.723,14.9576,0.571896,92.787,89.4337,102.116,102.116
14.15063214302063,0.2059515266418457,0.49999237060546875,0.0,2,-0.32449,2.0,12976.4,100.916,-9.03651,-4.45808,2.76318,4.53236,6.19851,40.4047,38.0363,36.8951,36.2981,35.7824,35.4179,35.0566,34.6987,34.3441,33.8533,33.3001,32.2852,30.3452,27.3748,23.7582,15.0319,0.594138,93.5164,89.8722,99.5361,99.5361
14.182114362716675,0.20558110427856446,0.9999847412109375,0.0,2,-0.313865,2.0,12791.8,101.364,-9.03683,-4.3529,2.62955,4.33115,5.9143,40.4387,38.0632,36.9187,36.3206,35.804,35.4389,35.077,34.7184,34.3632,33.8716,33.3179,32.3025,30.3615,27.3935,23.7849,15.0992,0.615489,93.9913,90.2874,98.0704,98.0704
14.203674793243408,0.20513047885894775,0.49999237060546875,0.0,2,-0.304164,2.0,13914.4,101.909,-9.07192,-4.25862,2.50098,4.13981,5.65164,40.4484,38.0664,36.9193,36.3199,35.8026,35.4371,35.0748,34.7158,34.3602,33.868,33.3137,32.2981,30.3575,27.3934,23.7946,15.1558,0.636073,94.3663,90.7302,106.275,106.275
14.2229483127594,0.2046095724105835,0.49999237060546875,0.0,2,-0.294691,2.0,13355.6,102.539,-9.24914,-4.16406,2.37682,3.95124,5.39115,40.4822,38.092,36.9417,36.3406,35.8219,35.4556,35.0927,34.7331,34.3769,33.8839,33.3287,32.3117,30.3702,27.4073,23.815,15.214,0.655813,94.9167,91.1999,102.515,102.515
14.243348360061646,0.19778677835230096,0.9999847412109375,0.0,2,-0.284437,2.0,13005.6,103.075,-9.21564,-4.00664,2.25843,3.77293,5.14998,8.78575,38.095,36.9421,36.3397,35.8198,35.4527,35.0891,34.7291,34.3724,33.8789,33.323,32.305,30.3634,27.4032,23.8193,15.2615,0.674729,95.4293,91.7254,99.7675,99.7675
14.265427827835083,0.1788134067239364,0.49999237060546875,0.0,2,-0.273041,2.0,14007.5,103.684,-9.07358,-3.79994,2.14535,3.60603,4.93063,8.20218,38.0595,36.9048,36.3015,35.781,35.4134,35.0494,34.6889,34.3321,33.8385,33.2827,32.2646,30.3246,27.3698,23.7984,15.2945,0.692879,95.8735,92.3691,107.031,107.031
14.28456449508667,0.1665513598857075,0.49999237060546875,0.0,2,-0.261664,2.0,13409.9,104.338,-9.08541,-3.63784,2.03591,3.44319,4.71416,7.69223,38.0377,36.8802,36.276,35.7546,35.3865,35.0219,34.6609,34.3036,33.8094,33.2534,32.235,30.2951,27.3441,23.783,15.327,0.710149,96.5371,93.0261,102.91,102.91
14.30135178565979,0.16622254464548084,0.9999847412109375,0.0,2,-0.251287,2.0,13167.7,104.823,-9.00473,-3.53401,1.93161,3.29055,4.51472,7.30034,37.992,36.8321,36.2271,35.7052,35.3367,34.9718,34.6105,34.2528,33.7583,33.2021,32.1841,30.2453,27.2997,23.7508,15.3492,0.726535,97.0876,93.6477,100.955,100.955
14.31644320487976,0.16585033935293556,0.49999237060546875,0.0,2,-0.240628,2.0,14314.3,105.372,-8.97757,-3.47389,1.83297,3.14782,4.33336,6.99646,37.9195,36.7579,36.1521,35.6299,35.2614,34.8964,34.535,34.1773,33.6827,33.1265,32.1093,30.173,27.235,23.7008,15.3606,0.742116,97.4979,94.1895,109.326,109.326
14.330175399780273,0.16540559131667018,0.49999237060546875,0.0,2,-0.230416,2.0,13720.5,106.028,-9.07915,-3.37635,1.73955,3.00873,4.15403,6.67918,37.8761,36.7122,36.1051,35.5818,35.2127,34.8474,34.4857,34.1276,33.6326,33.0759,32.0582,30.1227,27.189,23.6654,15.3753,0.756745,98.0983,94.7014,105.332,105.332
14.36345887184143,0.17081848340916136,0.9999847412109375,0.0,2,-0.219657,2.0,13343.1,106.584,-8.92616,-3.17806,1.65194,2.87838,3.9896,6.41561,37.8175,36.6515,36.0434,35.5193,35.1496,34.7838,34.4219,34.0637,33.5685,33.0115,31.9934,30.0594,27.1307,23.619,15.3823,0.770518,98.6725,95.3119,102.342,102.342
14.381659507751465,0.19449066579618182,0.49999237060546875,0.0,2,-0.207926,2.0,14384.0,107.19,-8.76407,-3.00835,1.56957,2.75849,3.84408,6.2237,37.7245,36.5572,35.9487,35.4242,35.0543,34.6883,34.3261,33.968,33.4731,32.9164,31.8991,29.968,27.0472,23.551,15.3769,0.783474,99.0953,95.8807,109.901,109.901
14.399868726730347,0.20658317681268165,0.49999237060546875,0.0,2,-0.197571,2.0,13801.1,107.839,-8.77409,-2.88617,1.49159,2.64352,3.7009,6.02318,37.6563,36.4865,35.8771,35.352,34.9816,34.6151,34.2525,33.894,33.3987,32.842,31.8247,29.8947,26.9789,23.4949,15.374,0.795476,99.6276,96.3505,105.905,105.905
14.419925689697266,0.20617284439727662,0.9999847412109375,0.0,2,-0.187915,2.0,13551.7,108.32,-8.70384,-2.80542,1.4191,2.53835,3.57077,5.86101,37.5794,36.4071,35.7968,35.2711,34.9003,34.5335,34.1706,33.8117,33.316,32.7592,31.7422,29.8132,26.903,23.4313,15.3653,0.806645,100.089,96.7988,103.902,103.902
14.438273429870605,0.20568829385268192,0.49999237060546875,0.0,2,-0.177693,2.0,14653.3,108.888,-8.67034,-2.72848,1.35272,2.44369,3.45767,5.75301,37.4834,36.3092,35.698,35.1719,34.8009,34.4339,34.0709,33.7119,33.216,32.6591,31.6427,29.7159,26.8127,23.355,15.3484,0.816957,100.495,97.2679,111.961,111.961
14.454148292541504,0.2051013734747221,0.49999237060546875,0.0,2,-0.168036,2.0,13964.1,109.576,-8.6684,-2.53428,1.29174,2.35364,3.3483,5.6306,37.4201,36.243,35.6303,35.103,34.7314,34.3639,34.0004,33.6409,33.1444,32.5869,31.5697,29.643,26.7432,23.295,15.336,0.826368,101.141,97.8213,107.195,107.195
14.470403909683228,0.20466971401069936,0.9999847412109375,0.0,2,-0.157816,2.0,13650.1,110.082,-8.50862,-2.35756,1.23652,2.27336,3.25601,5.56514,37.3382,36.1587,35.5449,35.0166,34.6443,34.2763,33.9125,33.5528,33.056,32.498,31.4803,29.5548,26.6598,23.223,15.3158,0.834954,101.695,98.3935,104.669,104.669
14.495667219161987,0.19790476226806641,0.49999237060546875,0.0,2,-0.147443,2.0,14749.2,110.648,-8.38099,-2.23085,1.18664,2.20508,3.18595,5.59488,37.2216,36.0407,35.4263,34.8976,34.525,34.1567,33.7927,33.4331,32.9365,32.3788,31.3617,29.4391,26.5517,23.1301,15.2841,0.842702,102.106,98.9374,112.685,112.685
14.516467094421387,0.1973846826553345,0.49999237060546875,0.0,2,-0.138803,2.0,14175.2,111.277,-8.45886,-2.14059,1.14211,2.1442,3.1219,5.63904,37.1387,35.9548,35.3393,34.8096,34.4364,34.0675,33.7029,33.3427,32.8456,32.2876,31.2702,29.3478,26.4643,23.0533,15.2566,0.849567,102.725,99.477,108.772,108.772
14.530179977416992,0.1969861478805542,0.9999847412109375,0.0,2,-0.129865,2.0,13905.1,111.759,-8.4352,-2.06307,1.10395,2.09576,3.07618,5.78582,37.0469,35.86,35.2434,34.7129,34.3392,33.9698,33.6047,33.2439,32.7463,32.1879,31.1703,29.2483,26.3692,22.9692,15.2237,0.855575,103.254,99.9889,106.629,106.629
14.552727937698364,0.19647847080230713,0.49999237060546875,0.0,2,-0.120176,2.0,14916.6,112.373,-8.28704,-1.86598,1.07226,2.05997,3.05466,6.20142,36.9255,35.7365,35.119,34.5881,34.2141,33.8445,33.4792,33.1183,32.6205,32.0621,31.0451,29.1252,26.2533,22.8674,15.1809,0.860778,103.703,100.562,114.004,114.004
14.57777214050293,0.19593027877807617,0.9999847412109375,0.0,2,-0.111134,2.0,14266.2,113.036,-8.29368,-1.67792,1.04614,2.03069,3.04168,39.3454,36.8388,35.6467,35.0275,34.4953,34.1207,33.7505,33.3847,33.0233,32.5247,31.9656,30.9478,29.0279,26.1591,22.7826,15.143,0.865123,104.349,101.133,109.484,109.484
14.59196162223816,0.1954085454940796,0.49999237060546875,0.0,2,-0.102836,2.0,15248.9,113.667,-8.36741,-1.53844,1.02559,2.01227,3.04806,39.2736,36.7576,35.562,34.9412,34.4075,34.0319,33.661,33.2945,32.9325,32.4332,31.8733,30.8541,28.9336,26.0671,22.6989,15.1029,0.868588,104.936,101.672,116.538,116.538
14.615799188613892,0.22019424292579295,0.49999237060546875,0.0,2,-0.0961955,2.0,14600.9,114.317,-8.63266,-1.44231,1.01111,2.00414,3.06681,39.2417,36.7133,35.5127,34.8894,34.3538,33.9767,33.6043,33.2366,32.8736,32.3729,31.8114,30.7896,28.8657,25.9971,22.6319,15.0669,0.871154,105.591,102.182,112.056,112.056
14.629467725753784,0.28966905954178424,0.9999847412109375,0.0,2,-0.0889738,2.0,14289.6,114.803,-8.76335,-1.38068,1.00393,2.01346,3.11719,39.1847,36.6452,35.44,34.8147,34.2773,33.8991,33.5256,33.1567,32.7926,32.2907,31.7281,30.7044,28.7781,25.9092,22.5496,15.0219,0.872854,106.019,102.585,109.602,109.602
14.654129266738892,0.31952403202917423,0.49999237060546875,0.0,2,-0.080499,2.0,15315.4,115.403,-8.72779,-1.24498,1.00415,2.04154,3.21227,39.0689,36.5218,35.3135,34.6871,34.1489,33.7702,33.3961,33.0268,32.6622,32.1598,31.597,30.5732,28.6476,25.7838,22.4361,14.9617,0.873765,106.169,102.858,117.052,117.052
14.677668809890747,0.3673057457453012,0.49999237060546875,0.0,2,-0.0722278,2.0,14672.7,116.037,-8.80228,-1.14168,1.01132,2.08305,3.33814,38.9669,36.4107,35.199,34.5708,34.0315,33.6521,33.2773,32.9074,32.5422,32.039,31.4753,30.451,28.5251,25.6648,22.3269,14.9009,0.873774,106.475,103.164,112.597,112.597
14.690512657165527,0.4367254689280192,0.9999847412109375,0.0,2,-0.0640872,2.0,14417.6,116.472,-8.73647,-1.09118,1.02551,2.14462,3.51709,38.8318,36.2684,35.0542,34.4248,33.8846,33.5048,33.1298,32.7596,32.3942,31.8907,31.3268,30.3024,28.3784,25.5243,22.1998,14.8301,0.8729,106.695,103.409,110.535,110.535
14.713208198547363,0.46361728523648343,0.49999237060546875,0.0,2,-0.0562332,2.0,15578.4,116.963,-8.66608,-1.03587,1.04604,2.22514,3.74797,38.681,36.1111,34.8949,34.2647,33.7239,33.3436,32.9683,32.598,32.2326,31.729,31.1652,30.1411,28.2198,25.3732,22.0636,14.7533,0.871312,106.752,103.523,119.019,119.019
14.736155271530151,0.49106851342494284,0.49999237060546875,0.0,2,-0.0498317,2.0,14944.0,117.54,-8.81396,-0.943453,1.0725,2.31485,4.00152,38.6058,36.0238,34.803,34.1705,33.6277,33.2461,32.8696,32.4981,32.1317,31.627,31.0618,30.0357,28.1119,25.265,21.9609,14.6877,0.868877,107.023,103.646,114.711,114.711
14.758748054504395,0.5097062726815542,0.9999847412109375,0.0,2,-0.0438092,2.0,14604.7,117.952,-8.79518,-0.777292,1.10469,2.41631,4.30404,38.5569,35.9573,34.7305,34.0954,33.5504,33.1672,32.7891,32.4162,32.0483,31.542,30.9752,29.9461,28.018,25.1682,21.8667,14.6239,0.865751,107.348,103.803,111.993,111.993
14.774230718612671,0.5185685511992437,0.49999237060546875,0.0,2,-0.0377372,2.0,15714.8,118.414,-8.85803,-0.642224,1.1422,2.53252,4.67465,38.523,35.8914,34.6583,34.0203,33.4731,33.0883,32.7087,32.3343,31.9651,31.4567,30.8881,29.8562,27.9234,25.0705,21.771,14.5581,0.861985,107.612,103.972,120.081,120.081
14.790647268295288,0.517428795805738,0.49999237060546875,0.0,2,-0.0338953,2.0,15114.6,118.923,-9.17981,-0.545765,1.18427,2.65671,5.08094,38.577,35.8875,34.6457,34.0033,33.4525,33.0655,32.6836,32.3069,31.9354,31.424,30.8521,29.8148,27.873,25.0101,21.7041,14.5015,0.85745,108.006,104.18,115.974,115.974
14.81971549987793,0.5266326350066811,0.49999237060546875,0.0,2,-0.030619,2.0,14864.4,119.25,-9.46504,-0.484656,1.23176,2.79553,5.58764,38.6689,35.8976,34.6465,33.9993,33.4444,33.0546,32.6703,32.2911,31.9173,31.4026,30.827,29.7834,27.8314,24.9565,21.6418,14.4446,0.852275,108.403,104.427,113.96,113.96
14.831554889678955,0.5360842136732644,0.9999847412109375,0.0,2,-0.0266698,2.0,14744.5,119.499,-9.60358,-0.399146,1.28547,2.95534,6.32927,38.7476,35.8803,34.6181,33.9667,33.4083,33.016,32.6293,32.248,31.872,31.3547,30.7759,29.727,27.7667,24.8825,21.5627,14.3788,0.846512,108.646,104.636,113.019,113.019
14.858354091644287,0.5351748513384101,0.49999237060546875,0.0,2,-0.0222314,2.0,15933.5,119.89,-9.73277,-0.291028,1.34493,3.13582,7.96688,38.8225,35.8563,34.5692,33.914,33.3524,32.9579,32.569,32.1856,31.8077,31.2878,30.7065,29.6529,27.6853,24.7938,21.4715,14.3069,0.840207,108.818,104.841,121.736,121.736
14.87293553352356,0.5340933846230463,0.49999237060546875,0.0,2,-0.0189183,2.0,15360.4,120.355,-10.11,-0.21373,1.40842,3.3234,45.8322,38.9962,35.9111,34.5784,33.915,33.3492,32.9517,32.5598,32.1736,31.7929,31.2692,30.684,29.6237,27.6442,24.7386,21.4058,14.2432,0.8332,109.152,105.084,117.854,117.854
14.889941453933716,0.5333956641615213,0.49999237060546875,0.0,2,-0.0169252,2.0,15109.1,120.655,-10.4489,-0.165658,1.47667,3.52583,46.4031,39.218,36.0021,34.6178,33.9315,33.3576,32.957,32.562,32.1727,31.789,31.2612,30.6715,29.6038,27.6111,24.6898,21.3442,14.1792,0.825576,109.49,105.332,115.838,115.838
14.920355319976807,0.5329212142476843,0.49999237060546875,0.0,2,-0.0144141,2.0,15024.6,120.859,-10.7036,-0.145116,1.55068,3.75211,46.986,39.437,36.0873,34.6509,33.9398,33.3464,32.938,32.5401,32.148,31.7617,31.2303,30.6365,29.5619,27.5579,24.6232,21.268,14.1075,0.817432,109.727,105.562,115.146,115.146
14.935964584350586,0.5324723474174365,0.9999847412109375,0.0,2,-0.0110195,2.0,14964.4,121.052,-10.7874,-0.0779687,1.63085,4.0101,47.5443,39.6285,36.1469,34.6595,33.9244,33.3115,32.8901,32.4817,32.0855,31.697,31.1628,30.5658,29.4856,27.4732,24.5295,21.1699,14.0257,0.808811,109.87,105.78,114.684,114.684
14.950091361999512,0.5316699688866827,0.49999237060546875,0.0,2,-0.00723392,2.0,16212.2,121.397,-10.901,-0.00729921,1.71609,4.29692,48.1279,39.8257,36.2076,34.6679,33.9083,33.2757,32.841,32.42,32.012,31.6166,31.0795,30.4798,29.3946,27.3748,24.4237,21.0619,13.9387,0.799718,110.004,106.011,123.851,123.851
14.973766565322876,0.530653622747728,0.49999237060546875,0.0,2,-0.00476247,2.0,15654.0,121.834,-11.2619,0.0452668,1.80416,4.58544,48.9309,40.1529,36.368,34.7647,33.9754,33.3187,32.868,32.4317,32.0092,31.6,31.0483,30.4435,29.3511,27.3188,24.353,20.9805,13.8605,0.790009,110.296,106.253,120.105,120.105
14.997016429901123,0.5299745081651769,0.49999237060546875,0.0,2,-0.0034526,2.0,15383.0,122.126,-11.5888,0.0794831,1.89622,4.8889,49.8731,40.5521,36.5804,34.9064,34.0839,33.4007,32.9322,32.479,32.0406,31.6162,31.0446,30.4215,29.3197,27.2731,24.2906,20.9048,13.7829,0.779791,110.609,106.494,117.947,117.947
15.009059190750122,0.5196101057849452,0.49999237060546875,0.0,2,-0.00158054,2.0,15269.8,122.327,-11.8207,0.0964409,1.99374,5.22785,50.8562,40.9571,36.7913,35.0445,34.1883,33.4779,32.9913,32.5211,32.0665,31.6268,31.035,30.3907,29.2661,27.2073,24.2106,20.8148,13.6982,0.769141,110.834,106.719,117.047,117.047
15.03043270111084,0.5191901690359041,0.9999847412109375,0.0,2,0.00126046,2.0,15199.9,122.511,-11.8706,0.150558,2.09735,5.61703,51.8176,41.328,36.9692,35.1511,34.2619,33.5253,33.0212,32.5344,32.0642,31.6098,30.9987,30.3341,29.1765,27.106,24.1004,20.7008,13.6031,0.758101,111.003,106.978,116.489,116.489
15.054060459136963,0.5086600686525584,0.49999237060546875,0.0,2,0.00452393,2.0,16470.7,122.839,-11.9605,0.195441,2.2053,6.04964,52.8332,41.7109,37.1504,35.2584,34.3354,33.5718,33.0498,32.5462,32.0601,31.5907,30.96,30.2749,29.0834,26.9895,23.9769,20.5763,13.503,0.746672,111.148,107.232,125.822,125.822
15.082233667373657,0.4980403672903776,0.49999237060546875,0.0,2,0.00641983,2.0,15916.1,123.263,-12.2817,0.228308,2.3152,6.48634,54.1703,42.2606,37.4529,35.471,34.5067,33.7103,33.1665,32.6424,32.1371,31.6495,30.9951,30.285,29.0525,26.9126,23.8862,20.4764,13.4107,0.734711,111.464,107.526,122.116,122.116
15.097935676574707,0.4974011696875096,0.49999237060546875,0.0,2,0.00744456,2.0,15630.2,123.554,-12.5653,0.24837,2.42877,6.94936,55.7393,42.9122,37.8237,35.7407,34.7302,33.8971,33.329,32.7822,32.2554,31.7477,31.067,30.3294,29.0515,26.8452,23.8024,20.3811,13.3188,0.722305,111.826,107.843,119.849,119.849
15.114640712738037,0.4969376965115468,0.49999237060546875,0.0,2,0.0090596,2.0,15491.5,123.765,-12.7382,0.260828,2.54768,7.47532,57.4078,43.5817,38.1971,36.0089,34.9508,34.08,33.487,32.9169,32.3682,31.8399,31.1325,30.367,29.0435,26.766,23.7,20.2708,13.2202,0.709546,112.088,108.125,118.754,118.754
15.129240036010742,0.4965379234403372,0.49999237060546875,0.0,2,0.0116593,2.0,15420.2,123.947,-12.7381,0.293901,2.67223,8.10819,59.0903,44.2176,38.5344,36.2418,35.1367,34.2289,33.6116,33.0187,32.4488,31.9006,31.1674,30.3752,29.0079,26.6633,23.5665,20.1364,13.1117,0.696487,112.253,108.387,118.177,118.177
15.163116931915283,0.4961886711418629,0.49999237060546875,0.0,2,0.0150725,2.0,15405.5,124.106,-12.634,0.314248,2.80202,8.88072,60.8086,44.831,38.8442,36.4472,35.2954,34.3511,33.7099,33.0947,32.5039,31.9363,31.1781,30.3598,28.9506,26.5419,23.4073,19.9821,12.995,0.683136,112.364,108.634,118.05,118.05
15.179450750350952,0.49584600850939753,0.9999847412109375,0.0,2,0.0186498,2.0,15411.8,124.262,-12.4733,0.32041,2.93663,9.85926,62.6189,45.4491,39.1466,36.6428,35.4436,34.4622,33.7969,33.1593,32.5476,31.9606,31.1773,30.3333,28.8825,26.4112,23.2306,19.8144,12.8732,0.669504,112.46,108.868,118.094,118.094
15.19502878189087,0.4951321280250947,0.49999237060546875,0.0,2,0.0218064,2.0,16725.4,124.587,-12.4205,0.320575,3.07513,11.1671,64.6878,46.15,39.4975,36.8767,35.6258,34.6042,33.9128,33.2508,32.6166,32.0086,31.1984,30.3267,28.8314,26.2935,23.0535,19.6461,12.7506,0.655593,112.589,109.095,127.762,127.762
15.216620922088623,0.4941634471217792,0.49999237060546875,0.0,2,0.0236914,2.0,16161.6,125.028,-12.6105,0.331828,3.21362,13.1644,67.4957,47.1496,40.047,37.2767,35.9599,34.8872,34.1624,33.4696,32.8068,32.1721,31.3276,30.4206,28.8688,26.2459,22.9178,19.507,12.6373,0.641268,112.886,109.343,124.011,124.011
15.239015579223633,0.49344517352680367,0.49999237060546875,0.0,2,0.0252983,2.0,15835.3,125.355,-12.7423,0.35481,3.35415,104.66,71.4788,48.3378,40.7088,37.7664,36.3742,35.243,34.4803,33.7525,33.0571,32.3923,31.5091,30.5624,28.947,26.2292,22.8026,19.3737,12.525,0.626602,113.225,109.609,121.436,121.436
15.25271224975586,0.49291800024608773,0.49999237060546875,0.0,2,0.0275895,2.0,15672.3,125.595,-12.7412,0.371537,3.50002,98.0458,79.4871,49.5678,41.3756,38.2529,36.7824,35.591,34.7893,34.0255,33.2968,32.6013,31.6789,30.692,29.0128,26.2006,22.678,19.2236,12.4059,0.611656,113.493,109.884,120.136,120.136
15.279542207717896,0.4830212692293618,0.49999237060546875,0.0,2,0.0303981,2.0,15610.2,125.789,-12.6088,0.373135,3.65263,91.946,156.268,50.7781,42.0043,38.6996,37.151,35.8998,35.0595,34.2603,33.4991,32.7735,31.8129,30.7872,29.0466,26.1451,22.5338,19.0503,12.2782,0.596479,113.678,110.155,119.631,119.631
15.292142391204834,0.4547997961847484,0.9999847412109375,0.0,2,0.0337073,2.0,15594.6,125.967,-12.3798,0.363153,3.81165,86.219,149.866,51.9863,42.607,39.1173,37.49,36.1789,35.3003,34.4659,33.6725,32.9173,31.9192,30.8556,29.0556,26.0688,22.3747,18.8582,12.1436,0.581124,113.849,110.46,119.501,119.501
15.312744855880737,0.4360085000991573,0.49999237060546875,0.0,2,0.0371968,2.0,16886.3,126.322,-12.2255,0.359625,3.9745,80.4107,143.741,53.3234,43.2685,39.5765,37.8639,36.4881,35.5682,34.6961,33.8683,33.0815,32.0436,30.9397,29.0771,26.001,22.2213,18.6617,12.0071,0.565552,114.123,110.865,129.007,129.007
15.33398985862732,0.3916143143939506,0.49999237060546875,0.0,2,0.0395419,2.0,16307.8,126.791,-12.2983,0.363276,4.13579,73.234,137.195,55.1541,44.2144,40.2616,38.4393,36.9808,36.0081,35.0878,34.216,33.3889,32.3,31.1449,29.2023,26.0119,22.1218,18.4912,11.8789,0.549634,114.591,111.324,125.128,125.128
15.359331846237183,0.3340681623151774,0.49999237060546875,0.0,2,0.0415837,2.0,15990.5,127.137,-12.3294,0.365862,4.29894,60.9788,130.687,57.3644,45.3519,41.0904,39.1397,37.5845,36.5505,35.5744,34.6517,33.7782,32.6307,31.4168,29.3829,26.0629,22.0484,18.3339,11.7518,0.533401,115.204,111.908,122.622,122.622
15.37003207206726,0.2812686747929547,0.9999847412109375,0.0,2,0.0437948,2.0,15833.6,127.405,-12.2362,0.363787,4.4683,43.5562,124.681,59.7386,46.5327,41.9387,39.8514,38.1941,37.0956,36.0612,35.0855,34.1637,32.9558,31.6814,29.5544,26.104,21.9669,18.172,11.6189,0.51694,115.854,112.628,121.371,121.371
15.39080548286438,0.25970835189968344,0.49999237060546875,0.0,2,0.0463502,2.0,17083.4,127.81,-12.1659,0.356213,4.64335,37.2572,119.094,62.3498,47.776,42.8204,40.5863,38.8203,37.6535,36.5574,35.5259,34.5537,33.2828,31.9457,29.7227,26.1398,21.8805,18.0077,11.481,0.500273,116.505,113.418,130.527,130.527
15.415494203567505,0.2455621728040278,0.49999237060546875,0.0,2,0.0481006,2.0,16479.3,128.324,-12.2794,0.352098,4.81735,33.2134,113.276,66.9172,49.3939,43.9791,41.5605,39.6586,38.4066,37.234,36.1336,35.099,33.7503,32.3362,29.9958,26.251,21.8428,17.8741,11.3482,0.483287,117.203,114.118,126.45,126.45
15.439249277114868,0.24512571826639276,0.49999237060546875,0.0,2,0.0499045,2.0,16148.6,128.718,-12.301,0.346556,4.99492,30.6594,107.631,149.031,51.2594,45.3043,42.672,40.6138,39.2646,38.0048,36.8262,35.7211,34.2852,32.7849,30.314,26.3914,21.8219,17.7511,11.2139,0.466017,117.817,114.727,123.836,123.836
15.450809240341187,0.24477788393944497,0.9999847412109375,0.0,2,0.052643,2.0,15987.9,129.032,-12.1494,0.338652,5.18138,29.1856,102.545,142.883,53.1693,46.6319,43.7735,41.5514,40.1011,38.7514,37.4924,36.3153,34.7906,33.2034,30.6021,26.505,21.7813,17.6163,11.0716,0.448523,118.231,115.241,122.553,122.553
15.469818830490112,0.24428161075959606,0.49999237060546875,0.0,2,0.0555608,2.0,17233.4,129.48,-11.994,0.327744,5.37487,28.2248,97.8724,137.236,55.1834,48.0051,44.9023,42.5052,40.9475,39.5027,38.1594,36.9071,35.2902,33.6134,30.8789,26.6061,21.7309,17.4763,10.9238,0.430854,118.546,115.703,131.682,131.682
15.49014663696289,0.2436745623163879,0.49999237060546875,0.0,2,0.0575992,2.0,16618.0,130.028,-12.0179,0.320018,5.56708,27.1947,92.9684,131.375,57.8091,49.7941,46.3774,43.7572,42.0635,40.4991,39.0497,37.7033,35.9714,34.1833,31.284,26.7954,21.7344,17.3691,10.7803,0.412868,119.007,116.152,127.514,127.514
15.509559392929077,0.2432181682313482,0.9999847412109375,0.0,2,0.0596644,2.0,16291.3,130.44,-11.9475,0.310987,5.76265,26.3185,88.1768,125.688,61.5641,51.8769,48.085,45.2012,43.3483,41.6443,40.0722,38.6173,36.7537,34.8388,31.7537,27.0246,21.7602,17.2753,10.6359,0.394658,119.468,116.593,124.928,124.928
15.530639886856079,0.24267426168825476,0.49999237060546875,0.0,2,0.062184,2.0,17465.7,130.931,-11.8799,0.297088,5.96496,25.6394,83.6692,120.36,144.57,54.1755,49.9513,46.768,44.7357,42.8757,41.1673,39.5927,37.585,35.5322,32.2471,27.2636,21.7887,17.1833,10.4874,0.376221,119.857,117.029,133.479,133.479
15.551453351974487,0.24204727369764198,0.49999237060546875,0.0,2,0.0640194,2.0,16807.6,131.497,-11.9671,0.28621,6.16528,24.8945,78.9553,114.879,138.355,57.2161,52.3498,48.7771,46.5139,44.4546,42.5731,40.8474,38.6584,36.4337,32.9013,27.6067,21.877,17.1257,10.3424,0.357453,120.354,117.473,128.98,128.98
15.571200847625732,0.24157869433363283,0.9999847412109375,0.0,2,0.0655214,2.0,16454.1,131.92,-11.9248,0.278847,6.37006,24.2493,74.3875,109.63,132.407,62.7099,55.1303,51.086,48.5468,46.2515,44.1666,42.2647,39.8663,37.4448,33.6324,27.992,21.9856,17.0793,10.1949,0.338437,120.832,117.926,126.182,126.182
15.590897560119629,0.24102814127473782,0.49999237060546875,0.0,2,0.0675685,2.0,17614.9,132.417,-11.8511,0.274414,6.58239,23.7333,70.1103,104.76,126.887,138.804,59.0189,53.6243,50.7657,48.1999,45.8844,43.7843,41.1525,38.514,34.3973,28.3888,22.0958,17.0336,10.0429,0.319276,121.223,118.381,134.627,134.627
15.616426229476929,0.24040669204729298,0.49999237060546875,0.0,2,0.0689198,2.0,16956.0,132.978,-11.9403,0.262358,6.78744,23.1486,65.5635,99.7419,121.216,132.754,139.171,57.4726,53.6344,50.7099,48.0916,45.7337,42.8013,39.8858,35.3854,28.9206,22.2782,17.0273,9.90077,0.299813,121.728,118.838,130.116,130.116
15.638028383255005,0.23994475919908534,0.9999847412109375,0.0,2,0.07048,2.0,16609.3,133.395,-11.9098,0.245087,6.97607,22.6225,61.0869,94.9418,115.797,126.973,133.184,138.775,57.9628,53.6559,50.643,47.9737,44.6823,41.4405,36.4954,29.5146,22.4881,17.035,9.76644,0.280124,122.201,119.29,127.369,127.369
15.64917778968811,0.21405132866442203,0.49999237060546875,0.0,2,0.0726096,2.0,17775.2,133.888,-11.8434,0.231143,7.15096,22.186,56.8124,90.5023,110.781,121.621,127.641,133.058,137.018,58.3315,53.5429,50.4326,46.7269,43.1142,37.6733,30.1325,22.703,17.0444,9.63763,0.260266,122.584,119.743,135.857,135.857
15.670153379440308,0.17821863269805907,0.49999237060546875,0.0,2,0.0736625,2.0,17100.1,134.457,-11.9227,0.222939,7.30292,21.6969,52.0386,85.9525,105.659,116.162,121.988,127.229,131.059,134.964,59.7005,53.8146,49.3347,45.2379,39.1615,30.9211,23.0012,17.0965,9.52242,0.240117,123.177,120.304,131.225,131.225
15.6911940574646,0.11699821557417511,0.9999847412109375,0.0,2,0.0750357,2.0,16750.7,134.877,-11.8584,0.21775,7.44049,21.2538,47.4107,81.6384,100.806,110.988,116.631,121.705,125.411,129.189,133.043,62.3244,52.4739,47.66,40.8317,31.7907,23.3302,17.1627,9.41505,0.219799,123.83,120.969,128.445,128.445
15.712366342544556,0.08327962167933584,0.49999237060546875,0.0,2,0.0770981,2.0,17925.8,135.377,-11.7729,0.213356,7.56754,20.8798,43.9234,77.6764,96.3423,106.226,111.7,116.618,120.21,123.871,127.604,131.412,58.4858,50.319,42.6214,32.6975,23.6653,17.2302,9.31309,0.199329,124.515,121.792,137.011,137.011
15.740270614624023,0.06505475363282796,0.49999237060546875,0.0,2,0.0786645,2.0,17242.0,135.973,-11.8292,0.221505,7.67478,20.4655,40.8416,73.6424,91.8159,101.402,106.705,111.468,114.945,118.489,122.1,125.783,131.066,55.0084,44.8615,33.8228,24.0958,17.3431,9.22491,0.178578,125.303,122.57,132.315,132.315
15.755090951919556,0.049148834634572265,0.9999847412109375,0.0,2,0.0775978,2.0,16882.0,136.436,-11.7085,0.22171,7.77363,20.1126,38.4461,69.9546,87.668,96.9768,102.122,106.741,110.112,113.546,117.045,120.614,125.731,131.76,47.2901,35.0016,24.534,17.457,9.14178,0.157645,125.898,123.259,129.461,129.461
15.770658493041992,0.04334003752072653,0.49999237060546875,0.0,2,0.0680358,2.0,18021.9,137.005,-11.4822,0.213002,7.87005,19.8582,36.7108,66.8112,84.0991,93.159,98.1631,102.654,105.931,109.268,112.67,116.137,121.109,126.966,49.8783,36.1054,24.9198,17.5439,9.05886,0.137705,126.314,123.937,137.764,137.764
15.80146837234497,0.030577053446825594,0.9999847412109375,0.0,2,0.0587937,2.0,17292.2,137.678,-11.2926,0.205698,7.95623,19.6165,35.2193,63.8486,80.7235,89.544,94.4126,98.7806,101.967,105.213,108.52,111.891,116.723,122.417,54.7826,37.3062,25.3346,17.6433,8.98325,0.119065,126.851,124.608,132.718,132.718
15.818740367889404,0.021971329412742827,0.49999237060546875,0.0,2,0.0506331,2.0,18258.3,138.373,-10.9796,0.195177,8.03897,19.4356,34.0801,61.2979,77.7759,86.3753,91.1203,95.3768,98.482,101.644,104.866,108.151,112.859,118.406,129.318,38.4453,25.707,17.7225,8.90926,0.101761,127.378,125.349,139.617,139.617
15.833362817764282,0.018176308050183578,0.9999847412109375,0.0,2,0.0429112,2.0,17462.3,139.103,-10.6838,0.161769,8.1137,19.2684,33.0953,58.9438,75.0301,83.4158,88.0426,92.1925,95.2199,98.3028,101.444,104.647,109.237,114.645,125.286,39.6393,26.0899,17.8065,8.84126,0.0856916,128.011,126.12,134.03,134.03
15.849655628204346,0.01475311416713521,0.49999237060546875,0.0,2,0.0361301,2.0,18434.9,139.814,-10.2871,0.10158,8.1849,19.144,32.3281,56.9275,72.6283,80.8143,85.3314,89.3834,92.3398,95.3504,98.4185,101.546,106.031,111.313,121.71,40.7583,26.4294,17.8722,8.7754,0.070873,128.58,126.888,140.963,140.963
15.874386072158813,0.013154655539008478,0.9999847412109375,0.0,2,0.0294749,2.0,17635.1,140.559,-9.93706,0.0303503,8.24634,19.01,31.6024,54.9935,70.3081,78.2963,82.7054,86.6616,89.548,92.4877,95.4838,98.5383,102.919,108.08,118.238,41.9902,26.805,17.955,8.71771,0.0572229,129.247,127.638,135.362,135.362
15.895730018615723,0.008999880796087285,0.49999237060546875,0.0,2,0.0234219,2.0,18587.0,141.292,-9.50321,-0.0359789,8.30209,18.8945,30.9893,53.2752,68.2049,76.0038,80.3101,84.1749,86.9954,89.8689,92.7975,95.784,100.067,105.115,115.052,43.2111,27.1648,18.0329,8.66463,0.0447719,129.872,128.402,142.138,142.138
15.917861223220825,0.006664083877047524,0.9999847412109375,0.0,2,0.0171239,2.0,17752.9,142.059,-9.13417,-0.0795397,8.34555,18.7479,30.3417,51.527,66.0659,73.6718,77.8741,81.6463,84.3999,87.2054,90.0657,92.9827,97.1665,102.099,111.811,44.9556,27.6041,18.1461,8.62275,0.0334529,130.623,129.161,136.278,136.278
15.935570478439331,0.0030707189398041616,0.49999237060546875,0.0,2,0.0112569,2.0,18672.9,142.815,-8.7128,-0.123883,8.38235,18.6092,29.7638,49.9339,64.0836,71.5019,75.6031,79.2866,81.9762,84.717,87.5118,90.3625,94.4524,99.2747,108.775,47.6393,28.0476,18.2631,8.58698,0.0233133,131.288,129.907,142.809,142.809
15.954060554504395,0.0012811066427702703,0.9999847412109375,0.0,2,0.00536745,2.0,17816.5,143.601,-8.35322,-0.168682,8.40942,18.4542,29.1838,48.3709,62.127,69.3572,73.3578,76.9526,79.5779,82.2539,84.9834,87.7684,91.7647,96.478,105.766,126.325,28.5498,18.4057,8.56058,0.0142744,132.032,130.665,136.768,136.768
15.969217777252197,0.0012761907446260253,0.49999237060546875,0.0,2,0.000297244,2.0,18689.0,144.393,-7.87712,-0.196881,8.43364,18.3275,28.7144,47.0492,60.4184,67.4702,71.3765,74.8886,77.4548,80.0715,82.741,85.4656,89.3761,93.9901,103.088,123.239,29.002,18.5309,8.5369,0.00638223,132.668,131.455,142.963,142.963
15.992829084396362,0.0012710638104503353,0.9999847412109375,0.0,2,-0.00432903,2.0,17786.8,145.219,-7.37535,-0.21246,8.45243,18.2085,28.2949,45.8589,58.8457,65.7244,69.54,72.9725,75.4822,78.0419,80.6542,83.3212,87.1507,91.671,100.589,120.359,29.4459,18.6561,8.51858,-0.000430902,133.388,132.284,136.539,136.539
16.01327085494995,0.0012660920498271783,0.49999237060546875,0.0,2,-0.00777466,2.0,18663.0,146.02,-6.72021,-0.231886,8.4716,18.1332,28.0113,44.9601,57.5829,64.3041,68.0382,71.4005,73.8598,76.3699,78.9324,81.5496,85.3092,89.749,98.5136,117.966,29.7717,18.7403,8.49969,-0.00611981,133.996,133.135,142.762,142.762
16.03477907180786,0.001261014771188299,0.9999847412109375,0.0,2,-0.0108307,2.0,17797.4,146.838,-6.08607,-0.258849,8.48547,18.0612,27.7572,44.1484,56.4179,62.9869,66.6429,69.9379,72.3494,74.812,77.3272,79.8969,83.5903,87.9542,96.5748,115.729,30.0814,18.8236,8.4861,-0.0107942,134.725,133.983,136.593,136.593
16.055539846420288,0.0012561174938703575,0.49999237060546875,0.0,2,-0.0129369,2.0,18709.6,147.627,-5.36596,-0.294373,8.49855,18.0199,27.5977,43.5369,55.4777,61.9084,65.4941,68.729,71.0982,73.5188,75.9924,78.5209,82.1569,86.4554,94.9533,113.86,30.2876,18.8739,8.4731,-0.0144365,135.344,134.81,143.115,143.115
16.07123851776123,0.004558199230463554,0.9999847412109375,0.0,2,-0.0149511,2.0,17864.0,148.438,-4.72337,-0.319304,8.50495,17.968,27.4283,42.9279,54.5494,60.8438,64.3603,67.5359,69.8634,72.2428,74.6755,77.1632,80.7423,84.9765,93.354,112.017,30.5118,18.9369,8.46694,-0.0171909,136.113,135.642,137.088,137.088
16.095637321472168,0.00865779494238086,0.9999847412109375,0.0,3,-0.0164292,2.0,18783.2,149.225,-4.05426,-0.342505,8.50838,17.9277,27.302,42.4122,53.7338,59.9011,63.3529,66.4734,68.7627,71.1041,73.499,75.9495,79.4768,83.6526,91.9213,110.368,30.6841,18.9865,8.46374,-0.0190593,136.755,136.408,143.685,143.685
16.11064314842224,0.011173259146350126,0.9999847412109375,0.0,3,-0.017999,3.0,14862.3,149.892,-3.45464,-0.367071,8.50444,17.8693,27.1454,41.8573,52.885,58.9244,62.3115,65.3765,67.6268,69.9295,72.286,74.6986,78.1736,82.2894,90.4471,108.671,30.8986,19.0575,8.46821,-0.0201344,137.515,137.164,133.63,133.686
16.130791664123535,0.011177949382464091,0.9999847412109375,0.0,3,-0.0184944,3.0,14838.6,149.808,-2.6723,-0.387567,8.50256,17.8496,27.0943,41.4921,52.2605,58.1902,61.5221,64.5409,66.7587,69.0294,71.3547,73.7366,77.169,81.2373,89.308,107.365,30.9696,19.0815,8.47031,-0.0203961,137.686,137.547,132.19,132.12
16.15025806427002,0.011187385690836235,0.9999847412109375,0.0,3,-0.0186103,3.0,13624.6,149.639,-1.9815,-0.389545,8.49777,17.8359,27.0686,41.1722,51.7016,57.5296,60.8107,63.7863,65.9741,68.2155,70.5123,72.866,76.2599,80.2851,88.2781,106.187,31.0027,19.0974,8.47531,-0.0199347,137.548,137.51,131.736,131.587
16.174420833587646,0.011165218741583327,0.9999847412109375,0.0,3,-0.0190013,3.0,14467.1,150.036,-1.50852,-0.389375,8.48594,17.7987,26.9955,40.7769,51.0684,56.7922,60.0202,62.9512,65.1076,67.3185,69.5848,71.9088,75.2614,79.2403,87.1489,104.897,31.0985,19.1407,8.48772,-0.018899,137.61,137.525,139.614,139.614
16.193469285964966,0.005402520136187474,0.9999847412109375,0.0,3,-0.0199903,3.0,14689.4,150.837,-1.26373,-0.383076,8.4658,17.7254,26.843,40.2574,50.3,55.9107,59.081,61.9622,64.0839,66.2599,68.4917,70.7819,74.0875,78.0132,85.8233,103.377,31.3131,19.2278,8.50902,-0.0174479,138.261,138.059,141.85,141.85
16.21105194091797,0.001230762135386467,0.9999847412109375,0.0,3,-0.0211671,3.0,14801.5,151.712,-1.14289,-0.376092,8.44158,17.6381,26.6621,39.6963,49.4889,54.9844,58.0949,60.9244,63.0099,65.1499,67.3464,69.601,72.8575,76.7275,84.4338,101.782,31.6333,19.333,8.53476,-0.0156828,139.036,138.792,142.97,142.97
16.230172872543335,-0.0008188249874611697,0.9999847412109375,0.0,3,-0.0221427,3.0,14863.2,152.623,-1.04255,-0.363486,8.41675,17.5562,26.4984,39.163,48.7154,54.0991,57.1517,59.9317,61.9818,64.0869,66.2491,68.4691,71.6782,75.4945,83.1009,100.252,32.0154,19.4322,8.56117,-0.0136425,139.82,139.62,143.582,143.582
16.249966144561768,-0.007339268432979782,0.9999847412109375,0.0,3,-0.0228007,3.0,14909.0,153.544,-0.925651,-0.347673,8.39253,17.4855,26.3652,38.6747,48.0003,53.2778,56.2755,59.0083,61.0252,63.0974,65.2268,67.4146,70.5787,74.3446,81.8578,98.8269,32.4446,19.5173,8.58688,-0.0113614,140.609,140.483,144.026,144.026
16.26936984062195,-0.01853015494998544,0.9999847412109375,0.0,3,-0.0230382,3.0,14961.1,154.46,-0.801242,-0.336587,8.37003,17.4314,26.2741,38.2446,47.36,52.539,55.4858,58.1746,60.1608,62.2027,64.3023,66.4603,69.5834,73.3031,80.732,97.5398,32.8976,19.5809,8.61058,-0.00887966,141.393,141.363,144.524,144.524
16.29070258140564,-0.02203596659425646,0.9999847412109375,0.0,3,-0.0226138,3.0,15027.4,155.364,-0.668026,-0.331813,8.35176,17.4062,26.2532,37.9079,46.8364,51.9288,54.8311,57.482,59.4416,61.4572,63.5307,65.6635,68.7522,72.4332,79.7926,96.4712,33.3077,19.6063,8.62942,-0.00626914,142.15,142.266,145.161,145.161
16.31509780883789,-0.02193361906450242,0.9999847412109375,0.0,3,-0.0215276,3.0,15094.6,156.268,-0.481767,-0.321158,8.33826,17.4112,26.2993,37.6588,46.4249,51.4427,54.3068,56.9254,58.8625,60.8562,62.9086,65.0206,68.0804,71.7304,79.035,95.6181,33.6448,19.5924,8.64279,-0.00359877,142.904,143.172,145.805,145.805
16.33565092086792,-0.021832856562864038,0.9999847412109375,0.0,3,-0.020037,3.0,15179.6,157.158,-0.27391,-0.313573,8.32786,17.4352,26.36,37.4541,46.0738,51.0248,53.8549,56.4449,58.3622,60.3369,62.3702,64.4642,67.4999,71.1232,78.3818,94.8898,33.9625,19.5542,8.65262,-0.000914256,143.68,144.051,146.619,146.619
16.350688219070435,-0.021733113007871434,0.9999847412109375,0.0,3,-0.0183328,3.0,15275.6,158.039,-0.0760834,-0.310238,8.31933,17.4699,26.4116,37.2635,45.7479,50.6361,53.4347,55.9981,57.8969,59.8538,61.8701,63.9472,66.9603,70.5595,77.7769,94.2202,34.3149,19.5032,8.66033,0.00174824,144.472,144.898,147.543,147.543
16.372130870819092,-0.02163348266917281,0.9999847412109375,0.0,3,-0.0165055,3.0,15371.8,158.919,0.101161,-0.309674,8.31233,17.5122,26.4465,37.074,45.4301,50.2585,53.0271,55.5652,57.4463,59.3864,61.3862,63.4474,66.4395,70.0157,77.1945,93.5787,34.7344,19.4441,8.66638,0.0043474,145.269,145.726,148.475,148.475
16.390187978744507,-0.02153339946529828,0.9999847412109375,0.0,3,-0.0145949,3.0,15461.7,159.803,0.255739,-0.305458,8.30699,17.561,26.4632,36.8811,45.1142,49.8849,52.6245,55.1382,57.0025,58.926,60.9099,62.9555,65.9273,69.4815,76.6236,92.9521,35.2542,19.3786,8.67069,0.00682894,146.074,146.549,149.347,149.347
16.415329217910767,-0.0214330898288358,0.9999847412109375,0.0,3,-0.0126241,3.0,15546.0,160.689,0.389014,-0.298653,8.30327,17.6158,26.4623,36.6817,44.7961,49.5113,52.2222,54.712,56.5598,58.4674,60.4358,62.4667,65.4181,68.951,76.0573,92.3323,35.9074,19.3078,8.67332,0.00917554,146.88,147.369,150.163,150.163
16.433498859405518,-0.021332440543491392,0.9999847412109375,0.0,3,-0.0106395,3.0,15626.1,161.578,0.504226,-0.292043,8.30114,17.675,26.4409,36.4704,44.4686,49.1289,51.8118,54.2778,56.1094,58.0008,59.9539,61.9699,64.9013,68.4126,75.4833,91.7051,36.7711,19.2339,8.67436,0.0113482,147.69,148.185,150.939,150.939
16.45290470123291,-0.021231564825559036,0.9999847412109375,0.0,3,-0.00866634,3.0,15700.8,162.469,0.595474,-0.283741,8.30053,17.7378,26.3977,36.2437,44.128,48.7339,51.3885,53.8307,55.6458,57.521,59.4585,61.4596,64.3707,67.8605,74.8942,91.0613,37.9697,19.1579,8.67391,0.0133324,148.503,148.997,151.665,151.665
16.470017671585083,-0.021130462675038725,0.9999847412109375,0.0,3,-0.00671465,3.0,15771.0,163.362,0.665075,-0.27101,8.30157,17.8042,26.3338,36.0015,43.7732,48.3243,50.9508,53.3689,55.1673,57.0263,58.9479,60.9335,63.8242,67.2917,74.288,90.3975,39.8189,19.0803,8.67186,0.0151032,149.321,149.811,152.342,152.342
16.48980188369751,-0.02102970017340034,0.9999847412109375,0.0,3,-0.00478965,3.0,15844.7,164.252,0.716659,-0.258452,8.30451,17.8745,26.2511,35.7446,43.4044,47.9004,50.4986,52.8925,54.6737,56.5165,58.4219,60.3919,63.2615,66.7061,73.6636,89.7133,123.896,19.0139,8.66798,0.0166277,150.139,150.624,153.052,153.052
16.511228561401367,-0.020929390536937858,0.9999847412109375,0.0,3,-0.00288469,3.0,15922.0,165.138,0.754891,-0.247587,8.30941,17.9405,26.1507,35.4741,43.0225,47.4635,50.0332,52.4027,54.1666,55.9926,57.8817,59.8361,62.6841,66.1052,73.0226,89.0102,123.152,18.9679,8.66224,0.0179059,150.954,151.436,153.798,153.798
16.5329852104187,-0.02082942054935731,0.9999847412109375,0.0,3,-0.000993554,3.0,16002.3,166.021,0.783832,-0.23956,8.3164,17.9859,26.0338,35.1911,42.6292,47.015,49.5559,51.901,53.6477,55.4567,57.3292,59.267,62.0935,65.4907,72.3675,88.2907,122.388,18.9435,8.65451,0.0189296,151.767,152.245,154.572,154.572
16.550048112869263,-0.020729676994364708,0.9999847412109375,0.0,3,0.00089043,3.0,16084.4,166.902,0.80719,-0.237691,8.3256,18.0111,25.9018,34.8967,42.2254,46.5566,49.0684,51.3886,53.118,54.9099,56.7657,58.6874,61.4914,64.8644,71.6993,87.5569,121.608,18.9417,8.64468,0.0196927,152.58,153.048,155.365,155.365
16.569815635681152,-0.02063004665566608,0.9999847412109375,0.0,3,0.0027787,3.0,16167.2,167.782,0.827174,-0.239083,8.33727,18.0178,25.7572,34.593,41.8136,46.09,48.5731,50.8684,52.5804,54.355,56.1942,58.0992,60.881,64.2296,71.0222,86.8124,120.816,18.9615,8.63253,0.0201771,153.389,153.854,156.165,156.165
16.59415030479431,-0.020530529533261434,0.9999847412109375,0.0,3,0.00468367,3.0,16249.6,168.661,0.846015,-0.24223,8.35151,18.0083,25.6011,34.2814,41.3955,45.6177,48.0721,50.3426,52.0372,53.7946,55.6168,57.5052,60.2647,63.5887,70.339,86.0615,120.017,19.0036,8.61799,0.020386,154.196,154.663,156.961,156.961
16.6115460395813,-0.020431238843444735,0.9999847412109375,0.0,3,0.00660342,3.0,16334.6,169.538,0.864761,-0.249761,8.36843,17.9838,25.4338,33.9624,40.9711,45.1395,47.565,49.8108,51.4882,53.2282,55.0336,56.9057,59.6424,62.9416,69.6492,85.3034,119.212,19.0699,8.60098,0.0203057,155.001,155.471,157.782,157.782
16.633161783218384,-0.02033183493733406,0.9999847412109375,0.0,3,0.00850361,3.0,16416.1,170.416,0.883044,-0.257917,8.38768,17.9429,25.2527,33.6315,40.5352,44.649,47.046,49.2665,50.9262,52.6489,54.4372,56.2922,59.0059,62.2799,68.9435,84.5269,118.384,19.1633,8.58185,0.0199446,155.809,156.276,158.571,158.571
16.65321969985962,-0.020232204598635433,0.9999847412109375,0.0,3,0.0103785,3.0,16494.2,171.296,0.893841,-0.264923,8.40942,17.8863,25.0584,33.2887,40.0869,44.146,46.514,48.709,50.3506,52.0556,53.8263,55.6642,58.3542,61.6022,68.2204,83.7297,117.529,19.2852,8.56049,0.01928,156.618,157.081,159.327,159.327
16.672374963760376,-0.020132461043642837,0.9999847412109375,0.0,3,0.012242,3.0,16570.2,172.177,0.900262,-0.270069,8.43366,17.8157,24.8522,32.9353,39.6287,43.6326,45.971,48.1406,49.764,51.4511,53.2037,55.0241,57.6903,60.9118,67.4835,82.9158,116.654,19.4377,8.53691,0.0183249,157.427,157.888,160.062,160.062
16.69163465499878,-0.02003283070494421,0.9999847412109375,0.0,3,0.0140931,3.0,16645.5,173.057,0.904642,-0.280554,8.46048,17.7316,24.6345,32.5716,39.16,43.109,45.4176,47.5613,49.166,50.8352,52.5696,54.3722,57.0138,60.2082,66.7321,82.086,115.76,19.6218,8.51105,0.0170731,158.235,158.685,160.79,160.79
16.70969581604004,-0.019933313582539556,0.9999847412109375,0.0,3,0.0159294,3.0,16721.6,173.936,0.906048,-0.292792,8.48995,17.6346,24.4053,32.198,38.6814,42.5748,44.8533,46.9708,48.557,50.2075,51.9235,53.7079,56.3246,59.4913,65.9663,81.2385,114.842,19.8393,8.48288,0.0155141,159.046,159.486,161.524,161.524
16.7326819896698,-0.01983402289272286,0.9999847412109375,0.0,3,0.0177714,3.0,16798.5,174.813,0.907114,-0.303122,8.52146,17.5256,24.1663,31.8167,38.1955,42.0333,44.2817,46.3731,47.9405,49.5721,51.2697,53.0358,55.6272,58.7658,65.1913,80.3799,113.912,20.0917,8.45225,0.0136428,159.856,160.292,162.268,162.268
16.751580476760864,-0.03110133891776204,0.9999847412109375,0.0,3,0.0196287,3.0,16886.6,175.68,0.911761,-0.321293,8.54554,17.4059,23.9188,31.4285,37.7037,41.486,43.7044,45.7692,47.3176,48.9305,50.6095,52.357,54.9232,58.0335,64.4087,79.5134,112.974,20.3794,8.42659,0.0114672,160.66,161.097,163.113,163.113
16.774667263031006,-0.037560957498550415,0.9999847412109375,0.0,3,0.0217912,3.0,16968.6,176.549,0.903031,-0.340096,8.56245,17.2879,23.6834,31.0642,37.2452,40.9775,43.1688,45.2098,46.7417,48.3376,50.0004,51.7316,54.2755,57.3614,63.694,78.7323,112.16,20.6776,8.40831,0.00894396,161.418,161.918,163.91,163.91
16.796037912368774,-0.0445912577866204,0.9999847412109375,0.0,3,0.0245511,3.0,17045.5,177.418,0.951963,-0.354717,8.57487,17.1831,23.479,30.7529,36.8579,40.5506,42.721,44.7437,46.2632,47.847,49.4975,51.2169,53.7451,56.8145,63.1207,78.1291,111.606,20.9564,8.39497,0.006037,162.144,162.775,164.654,164.654
16.811058044433594,-0.046902426923314734,0.9999847412109375,0.0,3,0.0279562,3.0,17120.0,178.284,1.05764,-0.364395,8.58407,17.0932,23.3082,30.4986,36.5464,40.211,42.3675,44.3784,45.8896,47.4654,49.109,50.8219,53.3421,56.4036,62.7014,77.7203,111.343,21.2029,8.38533,0.00267466,162.859,163.638,165.375,165.375
16.829946279525757,-0.049258955906322226,0.9999847412109375,0.0,3,0.0318744,3.0,17194.3,179.147,1.22121,-0.381931,8.58969,17.0136,23.162,30.2866,36.2926,39.9385,42.0856,44.0895,45.5962,47.1687,48.8087,50.5192,53.0371,56.0983,62.4016,77.4656,111.318,21.4258,8.37964,-0.00117779,163.58,164.477,166.092,166.092
16.856421947479248,-0.04901129596986498,0.9999847412109375,0.0,3,0.0347068,3.0,17270.0,180.006,1.39699,-0.402901,8.59018,16.9362,23.0263,30.0954,36.0686,39.7007,41.8417,43.8418,45.3463,46.917,48.5563,50.2667,52.7859,55.851,62.1692,77.2987,111.443,21.6412,8.37954,-0.00554784,164.324,165.296,166.823,166.823
16.87021780014038,-0.04876507759299129,0.9999847412109375,0.0,3,0.0296275,3.0,17347.4,180.86,1.57043,-0.418675,8.58523,16.8577,22.8946,29.9146,35.8608,39.4824,41.6201,43.6174,45.1214,46.6918,48.332,50.0436,52.5669,55.6385,61.9777,77.1871,111.675,21.8571,8.38535,-0.00952276,165.085,166.105,167.57,167.57
16.88981318473816,-0.04852433714253518,0.9999847412109375,0.0,3,0.0246283,3.0,17448.4,181.695,1.73909,-0.453079,8.57472,16.7755,22.7624,29.7379,35.6602,39.2741,41.4093,43.406,44.9098,46.4812,48.1232,49.8377,52.3661,55.4465,61.8104,77.1103,111.987,22.0803,8.39728,-0.0124817,165.846,166.898,168.537,168.537
16.91086983680725,-0.04828129019674534,0.9999847412109375,0.0,3,0.0197007,3.0,17532.2,182.538,1.90201,-0.486988,8.55937,16.6909,22.6306,29.5657,35.468,39.0762,41.21,43.2073,44.7121,46.2857,47.93,49.6485,52.1833,55.2748,61.6683,77.0689,112.384,22.3075,8.41467,-0.0145009,166.598,167.681,169.356,169.356
16.93025302886963,-0.04803709000328866,0.9999847412109375,0.0,3,0.0154864,3.0,17606.1,183.385,2.04687,-0.511094,8.53859,16.6012,22.4949,29.3908,35.2743,38.8779,41.0109,43.0088,44.5152,46.0911,47.7386,49.4611,52.0046,55.1072,61.5316,77.0381,112.833,22.5464,8.43824,-0.0156225,167.367,168.464,170.072,170.072
16.950851917266846,-0.047793178121748686,0.9999847412109375,0.0,3,0.0113513,3.0,17677.4,184.231,2.16162,-0.527879,8.51239,16.5043,22.3516,29.2076,35.0722,38.6704,40.8027,42.8014,44.3095,45.8873,47.538,49.2651,51.8158,54.9305,61.3866,77.0004,113.306,22.8034,8.4679,-0.0159276,168.142,169.241,170.761,170.761
16.973450422286987,-0.04754955455212543,0.9999847412109375,0.0,3,0.00713795,3.0,17746.9,185.076,2.24977,-0.542369,8.48092,16.4001,22.1995,29.0143,34.8583,38.4509,40.5824,42.5811,44.0903,45.6701,47.3243,49.055,51.6131,54.7394,61.226,76.9476,113.791,23.0806,8.50378,-0.0154126,168.917,170.009,171.435,171.435
16.993658542633057,-0.047306219294418896,0.9999847412109375,0.0,3,0.00325173,3.0,17813.9,185.92,2.30906,-0.548645,8.44443,16.2886,22.0385,28.81,34.6317,38.2173,40.3467,42.3455,43.8552,45.437,47.0934,48.8277,51.3925,54.5293,61.0463,76.873,114.278,23.3796,8.54573,-0.0141373,169.696,170.776,172.082,172.082
17.011408805847168,-0.04706374897246249,0.9999847412109375,0.0,3,-0.000464741,3.0,17882.0,186.761,2.34478,-0.549344,8.40272,16.1687,21.8668,28.5917,34.3882,37.9653,40.0916,42.0893,43.599,45.1816,46.8395,48.5771,51.1475,54.2942,60.8384,76.7655,114.748,23.704,8.59372,-0.0121702,170.48,171.542,172.738,172.738
17.033601999282837,-0.049353361130096016,0.9999847412109375,0.0,3,-0.00430853,3.0,17954.1,187.597,2.35995,-0.55315,8.35658,16.0412,21.6852,28.3601,34.1287,37.6949,39.8175,41.8129,43.3223,44.9046,46.564,48.303,50.8786,54.0332,60.6026,76.6254,115.201,24.0543,8.64728,-0.00955582,171.258,172.299,173.435,173.435
17.05267310142517,-0.05168381555244637,0.9999847412109375,0.0,3,-0.00796539,3.0,18025.7,188.431,2.3587,-0.555459,8.30637,15.9088,21.4977,28.1222,33.8618,37.4172,39.5357,41.5288,43.0371,44.62,46.2801,48.0211,50.6008,53.7635,60.3574,76.4769,115.68,24.422,8.70615,-0.0062561,172.025,173.058,174.127,174.127
17.073928594589233,-0.05405485473851363,0.9999847412109375,0.0,3,-0.0111736,3.0,18098.2,189.261,2.35829,-0.556534,8.25301,15.7756,21.312,27.8892,33.6028,37.1492,39.2645,41.2564,42.7648,44.3482,46.0103,47.754,50.3397,53.5123,60.1352,76.3613,116.263,24.7901,8.76864,-0.00235494,172.776,173.826,174.826,174.826
17.09461498260498,-0.05646636061021127,0.9999847412109375,0.0,3,-0.0142482,3.0,18175.2,190.085,2.37867,-0.563468,8.1976,15.6438,21.1323,27.6677,33.3605,36.9008,39.015,41.0075,42.5173,44.1031,45.7686,47.517,50.1111,53.2965,59.9547,76.3034,117.007,25.1472,8.83368,0.00211334,173.513,174.599,175.569,175.569
17.115171670913696,-0.06172141287728212,0.9999847412109375,0.0,3,-0.0170601,3.0,18250.3,190.907,2.41759,-0.571307,8.14037,15.5145,20.959,27.4585,33.1361,36.6742,38.7895,40.7846,42.2974,43.887,45.5579,47.3127,49.9182,53.1199,59.8205,76.3091,117.935,25.4889,8.90112,0.00714366,174.246,175.371,176.295,176.295
17.134759187698364,-0.06140367521977051,0.9999847412109375,0.0,3,-0.0192035,3.0,18324.7,191.726,2.46832,-0.578041,8.08214,15.3912,20.7987,27.2717,32.9429,36.484,38.6043,40.6051,42.1237,43.72,45.3983,47.1627,49.7834,53.0068,59.761,76.4174,119.138,25.7973,8.96926,0.0126572,174.957,176.141,177.014,177.014
17.155982971191406,-0.06108787735259782,0.9999847412109375,0.0,3,-0.0211337,3.0,18401.5,192.54,2.5592,-0.587885,8.02292,15.2726,20.6491,27.1041,32.7766,36.3264,38.4545,40.4641,41.9903,43.5958,45.2846,47.0611,49.7013,52.952,59.7702,76.6193,120.629,26.0746,9.03816,0.0186284,175.677,176.92,177.756,177.756
17.171420574188232,-0.06077246744349288,0.9999847412109375,0.0,3,-0.0229452,3.0,18475.7,193.353,2.65521,-0.597881,7.96199,15.1542,20.5025,26.9432,32.6208,36.1819,38.3188,40.3393,41.8745,43.4901,45.1908,46.9805,49.6427,52.9227,59.811,76.8675,122.332,26.3384,9.1091,0.0250473,176.407,177.68,178.474,178.474
17.19157600402832,-0.06045783345052352,0.9999847412109375,0.0,3,-0.0243095,3.0,18547.8,194.164,2.74236,-0.605344,7.89921,15.0351,20.3559,26.7839,32.4687,36.042,38.1893,40.2208,41.7656,43.3928,45.106,46.9099,49.5956,52.9065,59.8684,77.143,124.226,26.5969,9.18189,0.0318375,177.144,178.43,179.171,179.171
17.212602853775024,-0.06294193851694463,0.9999847412109375,0.0,3,-0.0257171,3.0,18620.8,194.971,2.81795,-0.613477,7.83416,14.9131,20.206,26.6209,32.3129,35.8989,38.0562,40.0992,41.654,43.292,45.0188,46.8369,49.5464,52.8889,59.9269,77.4244,126.222,26.8573,9.25715,0.0389709,177.887,179.173,179.877,179.877
17.232784748077393,-0.06546016650050258,0.9999847412109375,0.0,3,-0.0271276,3.0,18692.3,195.778,2.87112,-0.621463,7.76762,14.79,20.0559,26.4586,32.1585,35.758,37.9263,39.9817,41.5462,43.197,44.9367,46.7704,49.5041,52.8809,59.9973,77.7268,127.662,27.1132,9.33427,0.0464376,178.617,179.907,180.567,180.567
17.254389762878418,-0.06511932982545036,0.9999847412109375,0.0,3,-0.0280474,3.0,18762.9,196.581,2.92177,-0.626901,7.70029,14.6684,19.9097,26.3044,32.0163,35.6318,37.8128,39.8821,41.4586,43.122,44.8768,46.7277,49.4882,52.9014,60.1028,78.0803,128.702,27.3508,9.41186,0.0541814,179.34,180.648,181.25,181.25
17.273542642593384,-0.06478019096696129,0.9999847412109375,0.0,4,-0.0289148,3.0,18834.9,197.38,2.97806,-0.632497,7.63204,14.5482,19.767,26.1565,31.8841,35.5182,37.7136,39.7973,41.3871,43.0651,44.8359,46.7054,49.4956,52.947,60.2404,78.4822,129.492,27.5723,9.48991,0.0621643,180.065,181.392,181.945,181.945
17.29271149635315,-0.06466431498652633,0.9999847412109375,0.0,4,-0.0300191,4.0,15256.6,197.653,2.91266,-0.637165,7.56164,14.4207,19.6121,25.9897,31.7257,35.3747,37.5814,39.679,41.2793,42.9701,44.7557,46.6415,49.458,52.9462,60.3248,78.8169,129.992,27.8218,9.57112,0.0703405,180.702,181.989,173.998,175.16
17.31129503250122,-0.06478570887079152,0.9999847412109375,0.0,4,-0.031122,4.0,15230.6,197.367,2.73209,-0.643493,7.48922,14.284,19.4403,25.7943,31.5283,35.1843,37.3984,39.5047,41.1133,42.8133,44.6105,46.5091,49.3476,52.865,60.316,79.0304,130.222,28.1157,9.65568,0.0785777,180.747,181.938,173.502,174.69
17.330838441848755,-0.06491304511302771,0.9999847412109375,0.0,4,-0.031894,4.0,14596.4,197.067,2.62265,-0.649881,7.41911,14.1592,19.2893,25.6329,31.3773,35.049,37.2758,39.3955,41.0157,42.7296,44.542,46.458,49.3243,52.8795,60.4204,79.3967,130.481,28.3471,9.73613,0.086853,180.494,181.728,172.782,174.191
17.35398578643799,-0.0648438590880794,0.9999847412109375,0.0,4,-0.0322364,4.0,15115.0,197.23,2.63059,-0.647882,7.35236,14.0497,19.166,25.5164,31.2885,34.9872,37.2333,39.374,41.011,42.7435,44.5774,46.5166,49.4203,53.0247,60.6782,79.9726,130.802,28.4945,9.81095,0.0951691,180.303,181.633,179.531,179.531
17.37403631210327,-0.06460701367752004,0.9999847412109375,0.0,4,-0.0319007,4.0,15186.9,197.788,2.74953,-0.635235,7.28784,13.9523,19.0655,25.4387,31.2545,34.9907,37.2634,39.4306,41.0897,42.8467,44.7068,46.6758,49.6255,53.2895,61.0793,80.7532,131.155,28.5701,9.88124,0.103597,180.608,182.038,180.448,180.448
17.396712064743042,-0.06436083027586341,0.9999847412109375,0.0,4,-0.0314778,4.0,15223.5,198.368,2.87466,-0.624606,7.22366,13.858,18.9707,25.3709,31.2352,35.0127,37.3137,39.5105,41.1928,42.9758,44.865,46.8656,49.8645,53.5928,61.5263,81.647,131.437,28.6254,9.9503,0.112073,181.089,182.548,180.889,180.889
17.41300320625305,-0.0641137979659252,0.9999847412109375,0.0,4,-0.0313128,4.0,15255.1,198.95,2.94716,-0.614795,7.15805,13.7572,18.864,25.2837,31.1898,35.0041,37.3308,39.5545,41.2589,43.0665,44.9822,47.0126,50.058,53.8471,61.9179,82.5228,131.568,28.7103,10.0216,0.1206,181.628,183.044,181.266,181.266
17.436298370361328,-0.06386676565598697,0.9999847412109375,0.0,4,-0.0312999,4.0,15288.0,199.532,2.94216,-0.60783,7.09015,13.6454,18.7372,25.1626,31.0965,34.9397,37.2869,39.5325,41.255,43.0824,45.0213,47.0766,50.1623,54.0048,62.1987,83.2957,131.527,28.8483,10.0965,0.129153,182.189,183.523,181.656,181.656
17.451773405075073,-0.06362100670847111,0.9999847412109375,0.0,4,-0.0316451,4.0,15324.9,200.111,2.87547,-0.606926,7.02008,13.5233,18.5909,25.0085,30.9573,34.8193,37.1821,39.4444,41.1815,43.0253,44.9826,47.0592,50.1787,54.0666,62.3673,83.9558,131.338,29.0367,10.1752,0.137705,182.755,184.003,182.091,182.091
17.475731134414673,-0.06337609666923683,0.9999847412109375,0.0,4,-0.0322745,4.0,15365.4,200.688,2.7773,-0.613304,6.94873,13.3945,18.4316,24.8321,30.7858,34.6617,37.0357,39.3116,41.0598,42.9177,44.8904,46.9855,50.1334,54.0615,62.4588,84.5486,131.044,29.2575,10.2564,0.146283,183.315,184.496,182.571,182.571
17.492803812026978,-0.0631324599924249,0.9999847412109375,0.0,4,-0.0328267,4.0,15408.6,201.262,2.67843,-0.625448,6.87651,13.2622,18.2656,24.6443,30.5982,34.4843,36.8681,39.1558,40.9141,42.7841,44.7714,46.8825,50.0589,54.0246,62.5139,85.1339,130.685,29.4939,10.3389,0.154922,183.867,185.009,183.083,183.083
17.515333890914917,-0.06289009667803534,0.9999847412109375,0.0,4,-0.0333636,4.0,15454.0,201.833,2.59522,-0.640545,6.80452,13.1308,18.1014,24.4586,30.4136,34.3101,36.7042,39.0033,40.773,42.6552,44.6573,46.7853,49.9898,53.9951,62.5781,85.7891,130.298,29.7219,10.421,0.163559,184.405,185.536,183.621,183.621
17.531466007232666,-0.06264773336364578,0.9999847412109375,0.0,4,-0.0338061,4.0,15498.9,202.404,2.5443,-0.654691,6.73316,13.0034,17.9443,24.2852,30.2467,34.1575,36.5638,38.8777,40.6591,42.556,44.5751,46.7223,49.9588,54.0069,62.6942,86.5909,129.91,29.9246,10.5015,0.172259,184.928,186.078,184.155,184.155
17.556089162826538,-0.062405370049256205,0.9999847412109375,0.0,4,-0.0339006,4.0,15542.2,202.975,2.52612,-0.665094,6.66268,12.8809,17.7962,24.1274,30.1019,34.0317,36.4541,38.7857,40.5816,42.4961,44.5345,46.7039,49.9761,54.0732,62.8759,87.5815,129.529,30.0959,10.5799,0.181015,185.443,186.624,184.671,184.671
17.572115421295166,-0.06216300673486665,0.9999847412109375,0.0,4,-0.033872,4.0,15584.6,203.546,2.53302,-0.671825,6.59277,12.7617,17.6548,23.9811,29.9742,33.928,36.3674,38.7188,40.5325,42.4655,44.5258,46.7209,50.0323,54.1828,63.1117,88.7584,129.146,30.243,10.6567,0.189804,185.961,187.166,185.175,185.175
17.5961856842041,-0.06192106787461787,0.9999847412109375,0.0,4,-0.0338004,4.0,15626.1,204.116,2.54798,-0.675187,6.52374,12.6459,17.5191,23.8438,29.8601,33.8392,36.2998,38.672,40.5043,42.4584,44.542,46.7639,50.1181,54.3256,63.3887,90.118,128.748,30.3704,10.7318,0.19857,186.479,187.7,185.669,185.669
17.61493229866028,-0.06167955346850988,0.9999847412109375,0.0,4,-0.0335038,4.0,15666.9,204.685,2.56526,-0.675909,6.45517,12.532,17.3865,23.7122,29.7538,33.7614,36.2431,38.6389,40.4903,42.4664,44.576,46.8254,50.2249,54.493,63.6958,91.6645,128.333,30.4838,10.8056,0.207347,186.999,188.227,186.154,186.154
17.632614374160767,-0.06143803906240191,0.9999847412109375,0.0,4,-0.0331939,4.0,15707.0,205.254,2.57919,-0.673711,6.38686,12.4189,17.2557,23.5838,29.6521,33.6899,36.1936,38.6142,40.4859,42.4854,44.6207,46.8991,50.3458,54.6764,64.0257,93.4009,127.894,30.5883,10.8787,0.216115,187.52,188.75,186.631,186.631
17.656158208847046,-0.06119737356457549,0.9999847412109375,0.0,4,-0.0329354,4.0,15747.3,205.821,2.58804,-0.669089,6.31869,12.306,17.1247,23.4545,29.5506,33.6176,36.1443,38.5891,40.4813,42.5044,44.666,46.9747,50.4691,54.8638,64.3616,95.3194,127.424,30.6901,10.9512,0.224866,188.047,189.27,187.109,187.109
17.672797203063965,-0.060957132520889856,0.9999847412109375,0.0,4,-0.032544,4.0,15787.9,206.387,2.58587,-0.664478,6.25125,12.1938,16.9937,23.3245,29.4473,33.5439,36.0938,38.5628,40.4756,42.5226,44.7112,47.05,50.5926,55.0511,64.7236,97.4336,126.923,30.7902,11.0229,0.233536,188.573,189.784,187.591,187.591
17.69477152824402,-0.06071689147720424,0.9999847412109375,0.0,4,-0.0321925,4.0,15828.4,206.953,2.57733,-0.659297,6.18409,12.0819,16.8634,23.1947,29.3435,33.4706,36.043,38.537,40.4717,42.5415,44.7576,47.1269,50.7189,55.2437,65.1277,99.7295,126.394,30.8871,11.0939,0.242154,189.097,190.299,188.073,188.073
17.711447954177856,-0.06047792379594098,0.9999847412109375,0.0,4,-0.0318654,4.0,15869.6,207.516,2.5672,-0.654146,6.11746,11.9711,16.7342,23.0672,29.2433,33.4013,35.9969,38.5172,40.4728,42.5683,44.8117,47.2128,50.8553,55.4473,65.5888,101.202,125.843,30.9773,11.164,0.250727,189.618,190.815,188.562,188.562
17.734033823013306,-0.06023895611467771,0.9999847412109375,0.0,4,-0.0313905,4.0,15911.1,208.079,2.56045,-0.651267,6.05143,11.861,16.6057,22.9399,29.1442,33.3334,35.9529,38.4995,40.4769,42.5975,44.8699,47.3033,50.9981,55.6586,66.1074,102.067,125.268,31.0632,11.2331,0.259242,190.141,191.331,189.056,189.056
17.750200271606445,-0.06000041288755524,0.9999847412109375,0.0,4,-0.030958,4.0,15952.0,208.641,2.54982,-0.648216,5.98591,11.752,16.4784,22.8142,29.0465,33.2676,35.9118,38.4853,40.4859,42.6318,44.9328,47.3989,51.1463,55.8777,66.6891,102.612,124.671,31.145,11.3013,0.26768,190.662,191.845,189.542,189.542
17.775584936141968,-0.059762294114573546,0.9999847412109375,0.0,4,-0.0305155,4.0,15993.5,209.202,2.54075,-0.645574,5.92114,11.6448,16.3536,22.6922,28.9542,33.2091,35.8792,38.4804,40.5032,42.6762,45.0084,47.5087,51.3105,56.1159,67.3554,102.96,124.056,31.2178,11.3681,0.276052,191.179,192.36,190.035,190.035
17.79159116744995,-0.05952502424987344,0.9999847412109375,0.0,4,-0.0299223,4.0,16035.0,209.761,2.53605,-0.645109,5.85745,11.5396,16.2321,22.5757,28.8703,33.1599,35.8569,38.4873,40.535,42.736,45.0998,47.636,51.4943,56.3771,68.1213,103.165,123.426,31.2803,11.4333,0.284327,191.693,192.875,190.528,190.528
17.81504487991333,-0.059287329931032536,0.9999847412109375,0.0,4,-0.0293329,4.0,16075.4,210.321,2.53329,-0.64252,5.79468,11.4369,16.1142,22.4642,28.7935,33.1209,35.846,38.5068,40.5807,42.8112,45.2078,47.7817,51.6996,56.6872,69.0013,103.262,122.781,31.3323,11.4967,0.292501,192.207,193.39,191.009,191.009
17.830212354660034,-0.059050484520473207,0.9999847412109375,0.0,4,-0.0287235,4.0,16116.4,210.879,2.5343,-0.639777,5.73284,11.3359,15.999,22.3568,28.7228,33.089,35.8432,38.5359,40.6367,42.8972,45.3283,47.9405,51.9198,57.0534,69.9972,103.264,122.12,31.3781,11.5587,0.300573,192.724,193.905,191.496,191.496
17.85050916671753,-0.058814063564054664,0.9999847412109375,0.0,4,-0.028025,4.0,16157.4,211.436,2.53188,-0.638606,5.67199,11.2366,15.8858,22.2519,28.6555,33.0612,35.8459,38.571,40.6994,42.9915,45.4582,48.1091,52.1519,57.4752,71.1174,103.183,121.439,31.4178,11.6194,0.308523,193.239,194.414,191.983,191.983
17.87350034713745,-0.05857806706177692,0.9999847412109375,0.0,4,-0.0273512,4.0,16197.0,211.992,2.52607,-0.633431,5.61231,11.1396,15.7756,22.1518,28.5943,33.0418,35.8575,38.6163,40.7733,43.0974,45.6004,48.2927,52.4105,57.9652,72.3898,103.035,120.742,31.4502,11.6783,0.316345,193.753,194.925,192.454,192.454
17.889497756958008,-0.05834249501363995,0.9999847412109375,0.0,4,-0.0266221,4.0,16237.8,212.547,2.52209,-0.628668,5.55381,11.0451,15.6693,22.0573,28.5419,33.0333,35.8818,38.676,40.8625,43.2206,45.7618,48.4956,52.7259,58.5399,73.8464,102.831,120.031,31.4734,11.7353,0.324036,194.264,195.435,192.938,192.938
17.910629987716675,-0.05558113927736878,0.9999847412109375,0.0,4,-0.0258334,4.0,16278.2,213.101,2.52149,-0.625351,5.49653,10.9528,15.566,21.9665,28.4944,33.031,35.9129,38.7441,40.9611,43.3533,45.9334,48.7125,53.0965,59.1963,75.495,102.572,119.303,31.491,11.7907,0.331579,194.777,195.944,193.42,193.42
17.931451082229614,-0.055355808688402175,0.9999847412109375,0.0,4,-0.0251411,4.0,16317.7,213.656,2.51454,-0.617467,5.4401,10.8611,15.462,21.8733,28.4431,33.0232,35.9388,38.8057,41.053,43.4802,46.098,48.9318,53.5027,59.9121,77.3147,102.247,118.549,31.5123,11.8452,0.338969,195.3,196.45,193.889,193.889
17.95666217803955,-0.043437769607302425,0.9999847412109375,0.0,4,-0.0244764,4.0,16358.1,214.209,2.49621,-0.611292,5.384,10.7686,15.3557,21.7749,28.3827,33.0043,35.9519,38.8538,41.131,43.591,46.2477,49.1674,53.9391,60.6816,79.3089,101.859,117.768,31.5408,11.8996,0.346273,195.823,196.949,194.368,194.368
17.973960876464844,-0.031115257280676944,0.9999847412109375,0.0,4,-0.0241674,4.0,16396.8,214.765,2.47872,-0.606467,5.32715,10.6679,15.2312,21.6408,28.2659,32.9145,35.8847,38.8123,41.1112,43.5965,46.2902,49.3093,54.2701,61.336,81.1953,101.343,116.916,31.6202,11.9578,0.353444,196.396,197.437,194.831,194.831
17.991580724716187,-0.0273967827418043,0.9999847412109375,0.0,4,-0.02469,4.0,16434.3,215.325,2.38498,-0.596851,5.26655,10.547,15.0649,21.4269,28.0234,32.6655,35.6364,38.568,40.873,43.3672,46.0947,49.185,54.2861,61.5996,82.3711,100.615,115.938,31.8124,12.026,0.360586,197.02,197.882,195.276,195.276
18.013583660125732,-0.02557743754029274,0.9999847412109375,0.0,4,-0.0258964,4.0,16472.4,215.888,2.18898,-0.590473,5.20218,10.4064,14.8595,21.1365,27.661,32.2641,35.2139,38.1299,40.4235,42.9092,45.658,48.787,53.9721,61.4463,82.4346,99.6971,114.843,32.1144,12.1047,0.367767,197.634,198.315,195.728,195.728
18.038809061050415,-0.02223888121187687,0.9999847412109375,0.0,4,-0.0275386,4.0,16509.8,216.452,1.95108,-0.583725,5.1351,10.2541,14.6301,20.8017,27.2288,31.772,34.6899,37.5758,39.8489,42.3173,45.0768,48.2238,53.4566,61.036,82.011,98.6691,113.676,32.4866,12.1902,0.375041,198.214,198.777,196.173,196.173
18.051480293273926,-0.01636481016178926,0.9999847412109375,0.0,4,-0.0295065,4.0,16548.8,217.015,1.72925,-0.573536,5.06565,10.0935,14.3849,20.4375,26.7492,31.2199,34.0956,36.9441,39.19,41.6375,44.3944,47.5457,52.7996,60.4445,81.3298,97.5652,112.46,32.9104,12.2813,0.382472,198.78,199.263,196.634,196.634
18.071545839309692,-0.014992328080851583,0.9999847412109375,0.0,4,-0.03175,4.0,16588.7,217.578,1.52536,-0.567063,4.99278,9.92137,14.1191,20.0348,26.2101,30.5921,33.4135,36.2138,38.4236,40.8432,43.5816,46.7181,51.958,59.612,80.3929,96.3701,111.183,33.4053,12.3799,0.390147,199.351,199.743,197.108,197.108
18.0928692817688,-0.014928474091049287,0.9999847412109375,0.0,4,-0.0343168,4.0,16627.2,218.142,1.31212,-0.55752,4.91654,9.73902,13.8356,19.6018,25.6225,29.9027,32.6631,35.4052,37.5724,39.9562,42.6619,45.7658,50.9624,58.5756,79.2666,95.101,109.856,33.9657,12.4859,0.398127,199.911,200.227,197.566,197.566
18.1128990650177,-0.014864846533834934,0.9999847412109375,0.0,4,-0.0369867,4.0,16667.7,218.704,1.12277,-0.54667,4.83723,9.55114,13.5435,19.1553,25.0179,29.1909,31.8865,34.5673,36.688,39.0343,41.703,44.7674,49.9084,57.4595,78.0685,93.8007,108.507,34.5649,12.5971,0.406474,200.447,200.729,198.047,198.047
18.136479139328003,-0.014801445409208535,0.9999847412109375,0.0,4,-0.0395725,4.0,16709.0,219.264,0.975427,-0.540025,4.75533,9.3596,13.2482,18.7067,24.4104,28.4769,31.107,33.7251,35.7999,38.1094,40.7397,43.7633,48.8463,56.3332,76.8592,92.4924,107.149,35.1869,12.7122,0.415202,200.966,201.243,198.538,198.538
18.15804672241211,-0.014737931068288164,0.9999847412109375,0.0,4,-0.0421351,4.0,16748.2,219.825,0.86684,-0.526924,4.67066,9.16468,12.9501,18.257,23.8039,27.7643,30.3296,32.887,34.9171,37.1896,39.7817,42.7654,47.791,55.2163,75.6571,91.1842,105.789,35.8221,12.8309,0.424362,201.481,201.763,199.004,199.004
18.170941591262817,-0.014674756376249714,0.9999847412109375,0.0,4,-0.0446098,4.0,16789.5,220.383,0.792201,-0.515536,4.58291,8.96634,12.6491,17.8065,23.1991,27.0551,29.5565,32.053,34.0405,36.2774,38.8315,41.7775,46.747,54.1137,74.4681,89.8783,104.428,36.4382,12.9535,0.433985,201.991,202.283,199.494,199.494
18.193768978118896,-0.01339450629875064,0.9999847412109375,0.0,4,-0.0469883,4.0,16829.8,220.94,0.743212,-0.507313,4.49216,8.76415,12.3449,17.3532,22.5939,26.3467,28.7846,31.2211,33.1682,35.3699,37.8867,40.7938,45.7095,53.0198,73.2868,88.5724,103.065,37.0322,13.0798,0.444061,202.498,202.799,199.976,199.976
18.21651554107666,-0.01217755462663869,0.9999847412109375,0.0,4,-0.0494154,4.0,16869.6,221.496,0.712278,-0.491549,4.39803,8.55624,12.0336,16.8924,21.978,25.6255,27.9983,30.3732,32.2811,34.4447,36.9214,39.7859,44.6412,51.8861,72.071,87.25,101.688,37.6191,13.2117,0.45461,203.017,203.31,200.446,200.446
18.232574939727783,-0.00897720028558125,0.9999847412109375,0.0,4,-0.0518697,4.0,16910.7,222.049,0.67854,-0.48001,4.29998,8.3417,11.7127,16.4178,21.3446,24.8827,27.1877,29.4978,31.3646,33.4859,35.9176,38.7336,43.5162,50.6758,70.79,85.8991,100.29,38.2109,13.3497,0.465663,203.537,203.81,200.934,200.934
18.258835554122925,-0.006274204781070973,0.9999847412109375,0.0,4,-0.0544665,4.0,16949.7,222.603,0.643589,-0.468533,4.19767,8.11838,11.3798,15.925,20.6843,24.1073,26.3404,28.581,30.4034,32.4758,34.8538,37.6118,42.3028,49.3456,69.4056,84.5046,98.8606,38.822,13.4956,0.477229,204.065,204.301,201.4,201.4
18.27460479736328,-0.0047387549560703335,0.9999847412109375,0.0,4,-0.0573257,4.0,16989.9,223.154,0.590273,-0.451672,4.09086,7.88514,11.0315,15.4086,19.9906,23.2892,25.4438,27.6103,29.3802,31.3945,33.7089,36.3933,40.968,47.8493,67.8649,83.0485,97.3878,39.4707,13.6512,0.489329,204.604,204.783,201.875,201.875
18.29067850112915,-0.0047182452319096775,0.9999847412109375,0.0,4,-0.0603049,4.0,17030.8,223.703,0.515543,-0.440503,3.97926,7.6425,10.6698,14.8723,19.2687,22.4362,24.5077,26.5949,28.3066,30.2555,32.4957,35.0966,39.5318,46.2147,66.1721,81.5389,95.8766,40.1524,13.8163,0.502004,205.134,205.263,202.362,202.362
18.31474280357361,-0.0046976981494172175,0.9999847412109375,0.0,4,-0.063392,4.0,17069.0,224.253,0.437013,-0.424467,3.86338,7.39271,10.299,14.3244,18.5321,21.5658,23.5523,25.5589,27.2087,29.0886,31.2496,33.7604,38.0463,44.5107,64.3633,79.9974,94.3419,40.848,13.9894,0.515269,205.654,205.755,202.817,202.817
18.333887338638306,-0.004677300500251974,0.9999847412109375,0.0,4,-0.0664848,4.0,17109.5,224.799,0.371275,-0.407631,3.74316,7.13672,9.92132,13.7694,17.7889,20.6891,22.5896,24.5153,26.1024,27.912,29.9929,32.4114,36.5421,42.7813,62.4506,78.4395,92.7938,41.5436,14.1698,0.529149,206.162,206.255,203.297,203.297
18.351582050323486,-0.0046569402094185355,0.9999847412109375,0.0,4,-0.0695079,4.0,17149.9,225.344,0.322347,-0.396375,3.61896,6.87543,9.53828,13.2104,17.0427,19.809,21.6244,23.4703,24.9938,26.7319,28.7322,31.0576,35.0328,41.0443,60.4067,76.8709,91.2359,42.2335,14.3567,0.54363,206.662,206.756,203.779,203.779
18.374805450439453,-0.004636579918585097,0.9999847412109375,0.0,4,-0.0725244,4.0,17188.1,225.889,0.287088,-0.375989,3.49065,6.60843,9.14972,12.6464,16.2931,18.927,20.6575,22.424,23.8845,25.5511,27.4697,29.7016,33.52,39.3006,58.1245,75.2923,89.6692,42.9157,14.5504,0.558736,207.164,207.259,204.231,204.231
18.394702911376953,-0.004616369061078876,0.9999847412109375,0.0,4,-0.0754765,4.0,17228.6,226.43,0.263648,-0.359695,3.35797,6.33589,8.75543,12.0775,15.5398,18.0421,19.6877,21.3762,22.7731,24.3674,26.2037,28.3416,32.0017,37.5505,55.679,73.7038,88.0937,43.5909,14.7508,0.574488,207.66,207.76,204.713,204.713
18.413069009780884,-0.006059084122941519,0.9999847412109375,0.0,4,-0.0783828,4.0,17267.1,226.971,0.248679,-0.345605,3.22122,6.05778,8.35533,11.5039,14.7827,17.1542,18.716,20.3264,21.6592,23.1808,24.9346,26.9772,30.4779,35.792,53.213,72.1041,86.5085,44.2588,14.958,0.590856,208.155,208.257,205.172,205.172
18.431947469711304,-0.011607738621144866,0.9999847412109375,0.0,4,-0.0812476,4.0,17306.4,227.509,0.238003,-0.323147,3.08034,5.77435,7.95004,10.9264,14.0236,16.2655,17.7461,19.2781,20.547,21.9964,23.6677,25.6163,28.9569,34.037,50.7569,70.4994,84.9179,44.9126,15.1716,0.607859,208.647,208.76,205.638,205.638
18.449034452438354,-0.016257689385969817,0.9999847412109375,0.0,4,-0.0837596,4.0,17347.0,228.045,0.236059,-0.307905,2.9361,5.48882,7.54562,10.355,13.2792,15.3983,16.803,18.2619,19.4706,20.8528,22.4479,24.31,27.5066,32.3793,48.5187,68.9379,83.3538,45.5022,15.3868,0.625473,209.109,209.281,206.119,206.119
18.476532459259033,-0.03137190395982005,0.9999847412109375,0.0,4,-0.0858377,4.0,17384.4,228.581,0.288015,-0.28795,2.7892,5.20308,7.14534,9.79663,12.5582,14.5631,15.9006,17.2926,18.4484,19.771,21.3001,23.0873,26.1631,30.8701,46.6184,67.4513,81.8369,45.9905,15.5998,0.643631,209.553,209.821,206.565,206.565
18.4968421459198,-0.049081062287539244,0.9999847412109375,0.0,4,-0.0870565,4.0,17424.7,229.111,0.374915,-0.266118,2.64105,4.92212,6.75734,9.26594,11.8844,13.7917,15.0759,16.4163,17.5311,18.8096,20.2915,22.0285,25.0313,29.6567,45.4159,66.1256,80.4239,46.2862,15.801,0.662267,209.941,210.395,207.043,207.043
18.511608123779297,-0.05802333703994752,0.9999847412109375,0.0,4,-0.0867365,4.0,17469.4,229.688,0.615428,-0.249267,2.47894,4.62551,6.35764,8.73464,11.2305,13.0657,14.3152,15.6255,16.7197,17.9804,19.4482,21.1791,24.1964,28.9095,45.577,64.9775,79.0734,46.2545,15.9923,0.683111,210.286,211.076,207.577,207.577
18.53325891494751,-0.06274449974298478,0.9999847412109375,0.0,4,-0.0849164,4.0,17513.9,230.257,1.02293,-0.22074,2.31858,4.34027,5.98132,8.24899,10.6506,12.4498,13.6865,14.9923,16.0903,17.3634,18.8569,20.6328,23.7698,28.7751,47.5904,64.1038,77.9099,45.8981,16.1463,0.704107,210.641,211.748,208.102,208.102
18.556990146636963,-0.06274449974298478,0.9999847412109375,0.0,4,-0.0820759,4.0,17561.4,230.817,1.49169,-0.200919,2.15964,4.06143,5.617,7.78643,10.116,11.8994,13.1387,14.458,15.5771,16.8852,18.4347,20.2991,23.6508,29.1581,49.3554,63.3765,76.8537,45.3501,16.2717,0.725077,211.039,212.355,208.666,208.666
18.580785512924194,-0.06274449974298478,0.9999847412109375,0.0,4,-0.0788491,4.0,17603.8,231.374,1.92884,-0.174497,2.00228,3.7854,5.25653,7.32894,9.60054,11.3749,12.6226,13.9651,15.1152,16.473,18.1003,20.0855,23.7335,29.9565,49.9983,62.6771,75.8263,44.7357,16.3786,0.745829,211.496,212.902,209.172,209.172
18.6008038520813,-0.06274449974298478,0.9999847412109375,0.0,4,-0.0755785,4.0,17648.6,231.923,2.27142,-0.148241,1.84677,3.5099,4.89444,6.86686,9.08544,10.8499,12.1076,13.4766,14.662,16.0776,17.7969,19.93,23.9526,31.1409,50.1954,61.9386,74.7807,44.1258,16.4737,0.766261,211.986,213.406,209.704,209.704
18.621151208877563,-0.06274449974298478,0.9999847412109375,0.0,4,-0.0723899,4.0,17689.7,232.472,2.51773,-0.126746,1.69354,3.23578,4.53098,6.40702,8.56761,10.3189,11.5853,12.9813,14.2049,15.6849,17.5107,19.8191,24.3089,32.8093,50.1097,61.141,73.6993,43.5413,16.5592,0.786255,212.49,213.888,210.196,210.196
18.64430260658264,-0.06274449974298478,0.9999847412109375,0.0,4,-0.0693548,4.0,17730.9,233.016,2.67343,-0.0943692,1.54315,2.9635,4.16866,5.95183,8.0486,9.78236,11.0557,12.4791,13.7443,15.2963,17.2448,19.764,24.8493,35.2092,49.8266,60.2851,72.5812,43.0175,16.6351,0.805771,213.003,214.371,210.684,210.684
18.66794180870056,-0.06274449974298478,0.9999847412109375,0.0,4,-0.066376,4.0,17773.0,233.558,2.77621,-0.0734437,1.39627,2.69581,3.8172,5.50525,7.53322,9.24634,10.5261,11.9786,13.2898,14.9245,17.0195,19.8003,25.6767,38.8671,49.4012,59.3785,71.4297,42.6002,16.7007,0.824732,213.509,214.85,211.185,211.185
18.691168308258057,-0.06781297326087952,0.9999847412109375,0.0,4,-0.063402,4.0,17810.2,234.098,2.8209,0.00436668,1.25363,2.44082,3.4812,5.07442,7.03289,8.72642,10.0156,11.5047,12.8729,14.6118,16.8952,20.0264,27.0477,40.9422,48.8921,58.445,70.2615,42.2907,16.7533,0.843084,214.02,215.359,211.627,211.627
18.711642265319824,-0.10555605925619603,0.9999847412109375,0.0,4,-0.0578073,4.0,17851.4,234.63,2.89419,0.08601,1.12007,2.20318,3.16742,4.6726,6.57197,8.25979,9.57396,11.1245,12.581,14.4776,17.049,20.7332,29.7319,41.5258,48.3939,57.5438,69.122,42.0357,16.7855,0.860593,214.464,215.877,212.115,212.115
18.732882738113403,-0.15550321377813817,0.9999847412109375,0.0,4,-0.049919,4.0,17873.4,235.161,2.97364,0.199841,0.998884,1.98925,2.88809,4.32531,6.20096,7.92885,9.31609,11.0022,12.637,14.8438,17.9861,22.8182,36.1021,42.0095,48.0658,56.7935,68.1063,41.6309,16.7813,0.876553,214.726,216.367,212.382,212.382
18.755383253097534,-0.21972127109766007,0.9999847412109375,0.0,4,-0.0399521,4.0,17926.8,235.634,3.24084,0.347285,0.893158,1.80757,2.659,4.06577,5.99095,7.86074,9.43383,11.4387,13.4872,16.431,21.0208,29.1719,38.7537,42.6733,48.0385,56.3073,67.31,40.7759,16.7238,0.89062,214.814,216.848,212.957,212.957
18.776642322540283,-0.2738515917211771,0.9999847412109375,0.1286199452998244,4,-0.0275634,4.0,17978.3,236.067,3.89367,0.427322,0.80514,1.6637,2.4907,3.92011,6.01499,8.22071,10.2232,12.9949,16.1178,21.219,31.0471,36.844,40.4062,43.5234,48.3094,56.1053,66.7599,39.3849,16.6076,0.902534,214.7,217.168,213.612,213.612
18.80078959465027,-0.31139841079711916,0.9999847412109375,0.20317653785808942,4,-0.0132793,4.0,17956.1,236.263,4.76034,0.530026,0.73637,1.56039,2.38843,3.90675,6.35642,9.27472,12.287,17.1689,23.9756,33.6389,36.7906,39.0892,41.7633,44.4108,48.7368,56.0876,66.3835,37.7207,16.4443,0.912073,211.08,214.031,213.402,213.402
18.82538866996765,-0.3513565365225077,0.58038330078125,0.24809229211434283,4,0.00242203,4.0,17932.1,236.155,5.76367,0.650791,0.689246,1.50394,2.3654,4.06973,7.21989,11.8008,17.8449,30.8503,34.5302,36.9264,38.9171,40.6859,42.927,45.2633,49.2261,56.176,66.1204,35.9853,16.2437,0.918968,207.192,210.823,213.17,213.17
18.84294581413269,-0.3752723786979914,0.0,0.24972234960192963,4,0.0182959,4.0,17601.3,235.551,6.70221,0.718289,0.665092,1.49768,2.42975,4.45179,8.96423,18.2203,31.1796,34.9077,36.9151,38.686,40.3051,41.8164,43.7984,45.9201,49.6038,56.2132,65.8374,34.4059,16.0272,0.923065,203.376,207.22,209.218,209.218
18.866325616836548,-0.3813743650913239,0.0,0.24253020199299494,4,0.0333411,4.0,17133.9,234.172,7.31437,0.765907,0.665611,1.54732,2.59552,5.12548,12.4702,30.2584,34.0759,36.624,38.2403,39.7453,41.1672,42.5231,44.3332,46.3012,49.7697,56.0972,65.4421,33.0683,15.8093,0.924215,200.638,204.689,201.973,205.587
18.89077091217041,-0.387525561824441,0.0,0.2326954349677271,4,0.0493132,4.0,17001.3,232.464,8.01581,0.881149,0.693348,1.6711,2.91959,6.39473,22.7093,33.1173,35.8232,37.9214,39.3198,40.6548,41.9379,43.1778,44.8524,46.6929,49.9747,56.0436,65.1193,31.7068,15.564,0.922415,198.831,203.157,199.966,204.224
18.91170310974121,-0.387525561824441,0.0,0.2381069567111626,4,0.0669257,4.0,16855.5,230.762,9.07513,0.921695,0.75048,1.8883,3.47805,8.94606,30.0079,35.0332,37.2786,39.1094,40.3593,41.5696,42.7461,43.8927,45.4543,47.1848,50.2988,56.1241,64.9337,30.2657,15.284,0.917668,197.48,201.502,198.019,202.753
18.93352961540222,-0.39074202398758384,0.0,0.24261031476034162,4,0.0869324,4.0,16700.2,229.004,10.5295,0.977236,0.840454,2.23099,4.42261,15.3392,32.6799,36.7352,38.7017,40.3459,41.4844,42.5969,43.6864,44.755,46.2193,47.8523,50.8126,56.4047,64.9465,28.7169,14.9636,0.909925,195.891,200.212,195.893,201.029
18.956175088882446,-0.3965323017571773,0.0,0.2409754377484923,4,0.109035,4.0,16525.8,227.211,12.3615,0.913302,0.966866,2.74172,6.03793,25.9703,34.7853,38.3198,40.0964,41.6032,42.6557,43.6906,44.7091,45.7125,47.0938,48.6415,51.4637,56.8378,65.1171,27.1417,14.6114,0.89913,193.739,198.63,193.748,199.356
18.978323459625244,-0.40893691549574335,0.0,0.24011160104127258,4,0.132578,4.0,16389.0,225.364,14.3623,0.973906,1.13366,3.48273,8.96797,29.3918,36.5802,39.779,41.4179,42.8201,43.8051,44.7775,45.738,46.6872,47.9982,49.4725,52.1728,57.348,65.3773,25.6168,14.2394,0.885231,191.283,196.847,191.819,197.84
19.000014781951904,-0.42156760171099883,0.0,0.25469846659310036,4,0.156518,4.0,16223.8,223.522,16.4621,1.00385,1.34437,4.53963,14.95,31.7099,38.0867,41.0494,42.5847,43.9055,44.837,45.7591,46.6721,47.5764,48.8285,50.2402,52.8347,57.8326,65.6321,24.2072,13.861,0.868199,188.522,194.615,189.847,195.771
19.023563623428345,-0.42783388589652255,0.0,0.2708270579721965,4,0.179991,4.0,16047.7,221.642,18.3977,0.995432,1.6017,6.03493,21.8939,33.4441,39.3043,42.0908,43.5453,44.8014,45.6896,46.5705,47.4444,48.3113,49.5137,50.8723,53.3757,58.2177,65.8109,22.9385,13.4852,0.84808,185.047,191.624,187.785,193.853
19.045934438705444,-0.43421016336828155,0.0,0.27896387565386144,4,0.201934,4.0,15886.9,219.729,19.9608,1.03846,1.9068,8.12349,24.6537,34.6985,40.1921,42.842,44.232,45.4357,46.2884,47.1354,47.9768,48.8126,49.9734,51.2869,53.7127,58.4199,65.8335,21.8324,13.1201,0.824918,181.197,188.117,185.78,191.966
19.067676544189453,-0.44053644389175195,0.0,0.3098134806911378,4,0.221031,4.0,15724.8,217.831,20.9035,1.05988,2.25766,10.9425,26.2726,35.464,40.6801,43.2207,44.5584,45.7191,46.5427,47.3616,48.176,48.9857,50.1118,51.3877,53.7481,58.3416,65.6057,20.9137,12.7732,0.798737,177.543,184.491,184.016,189.89
19.089490175247192,-0.4468560581554503,0.0,0.34266951971863646,4,0.237676,4.0,15534.2,215.935,21.4054,1.01589,2.65358,14.4394,27.2786,35.8682,40.8582,43.3071,44.6003,45.7243,46.5228,47.3177,48.1088,48.8963,49.9922,51.2356,53.5395,58.0351,65.1726,20.1376,12.4376,0.769694,173.409,180.193,182.03,187.362
19.10982036590576,-0.45333899578355863,0.0,0.3573985420649223,4,0.252522,4.0,15341.5,213.99,21.5854,0.951152,3.09455,16.5829,27.9081,36.0242,40.8206,43.189,44.4429,45.5345,46.3108,47.0843,47.8548,48.6222,49.6915,50.9058,53.1592,57.568,64.5948,19.4641,12.1065,0.737988,168.96,175.549,179.956,184.852
19.13008689880371,-0.45999192303584885,0.0,0.3593707396004528,4,0.26581,4.0,15168.5,211.994,21.4666,0.895411,3.58004,17.9004,28.2667,35.9862,40.6109,42.9069,44.1254,45.1874,45.9436,46.6976,47.4493,48.1987,49.2435,50.4313,52.6388,56.9691,63.8977,18.8772,11.7767,0.703738,164.973,171.364,178.078,182.605
19.15372920036316,-0.46672484540540105,0.0,0.3587652630700506,4,0.277743,4.0,15014.3,209.974,21.0877,0.850513,4.10969,18.7773,28.4218,35.7947,40.2631,42.4924,43.678,44.7128,45.4503,46.1863,46.9206,47.6531,48.6754,49.8386,52.0036,56.2616,63.1015,18.3656,11.4456,0.667027,161.687,167.838,176.39,180.617
19.17180848121643,-0.4733244425795165,0.0,0.3557424348819748,4,0.288113,4.0,14872.3,207.994,20.4732,0.772725,4.67839,19.3397,28.3889,35.4489,39.7722,41.9392,43.094,44.1032,44.8232,45.5422,46.2602,46.9769,47.9779,49.1182,51.2435,55.4346,62.1943,17.9379,11.1144,0.628036,158.461,164.474,174.84,178.778
19.20280647277832,-0.47986071028579963,0.0,0.3527486136310575,4,0.296713,4.0,14743.5,206.033,19.5294,0.703728,5.28057,19.6531,28.1797,34.9482,39.1334,41.2408,42.3662,43.351,44.0542,44.7571,45.4594,46.161,47.1418,48.2602,50.348,54.4763,61.1631,17.6039,10.7831,0.586826,155.772,161.703,173.496,177.051
19.22015380859375,-0.4862903178357333,0.0,0.33782406924544106,4,0.304333,4.0,14592.9,204.104,18.4935,0.564982,5.91836,19.8153,27.8743,34.3684,38.4209,40.4705,41.5673,42.5283,43.2152,43.9023,44.5894,45.2763,46.2374,47.3345,49.3857,53.453,60.0701,17.3385,10.4469,0.543538,153.603,159.547,171.872,175.109
19.239063262939453,-0.49277658859372764,0.0,0.31832592580577646,4,0.311767,4.0,14483.9,202.158,17.4164,0.470836,6.51967,19.8984,27.5394,33.7759,37.7009,39.6943,40.7633,41.701,42.3719,43.0436,43.7157,44.3882,45.3299,46.4059,48.4209,52.4277,58.9751,17.1154,10.1094,0.498288,152.306,158.253,170.61,173.746
19.268434047698975,-0.49918286423445996,0.0,0.28265625570079655,4,0.318975,4.0,14395.0,200.236,16.255,0.430625,7.03685,19.9158,27.1772,33.1706,36.9723,38.9111,39.9528,40.8678,41.523,42.1794,42.8368,43.495,44.4175,45.4727,47.4519,51.3984,57.876,16.9393,9.79086,0.45108,151.785,157.659,169.652,172.582
19.292500734329224,-0.5053624870429498,0.0,0.23360820413813707,4,0.326034,4.0,14321.5,198.382,15.0342,0.4236,7.48352,19.8832,26.7971,32.5601,36.2427,38.1282,39.1431,40.0357,40.6754,41.3168,41.9597,42.6038,43.5073,44.5419,46.4853,50.3716,56.7788,16.8113,9.49125,0.401899,152.265,157.966,168.879,171.603
19.31199836730957,-0.511092137316841,0.0,0.2318106942255516,4,0.332986,4.0,14262.3,196.663,13.8099,0.405315,7.87028,19.8108,26.4043,31.9483,35.5156,37.3489,38.3376,39.208,39.8325,40.4591,41.0875,41.7177,42.6023,43.6164,45.5242,49.3501,55.686,16.7353,9.20995,0.350732,153.61,158.97,168.25,170.815
19.336044549942017,-0.5164718089527108,0.0,0.2324242096559385,4,0.321953,4.0,14169.7,195.049,12.5842,0.387154,8.20525,19.7061,26.0024,31.3378,34.7931,36.5754,37.5383,38.3871,38.9965,39.6084,40.2225,40.8388,41.7048,42.6984,44.5707,48.3359,54.5996,16.7177,8.94641,0.298813,154.082,159.175,167.219,169.658
19.349385976791382,-0.5216548259253116,0.0,0.21935708172327525,3,0.304132,4.0,14058.7,193.494,11.5052,0.326917,8.49997,19.5945,25.6195,30.7593,34.1077,35.8407,36.7785,37.6061,38.2008,38.7984,39.3986,40.0012,40.8488,41.8223,43.6593,47.3638,53.554,16.7418,8.69797,0.249568,153.997,158.899,165.939,168.323
19.375566959381104,-0.5265145292989786,0.0,0.18157789645523678,3,0.287392,3.0,17199.2,192.036,10.6723,0.256556,8.76669,19.5044,25.2892,30.2507,33.4995,35.186,36.1002,36.9075,37.4882,38.0721,38.6589,39.2485,40.0782,41.0323,42.835,46.4798,52.5959,16.7726,8.46089,0.203209,153.949,158.779,166.396,168.422
19.393688440322876,-0.5308409318908986,0.0,0.09927063894259909,3,0.271486,3.0,17117.3,190.738,9.97002,0.219996,9.00651,19.423,24.9922,29.7901,32.9458,34.5885,35.4801,36.2683,36.8356,37.4063,37.9803,38.5573,39.3701,40.3052,42.0747,45.6611,51.7036,16.8251,8.23611,0.159622,154.723,159.481,165.925,167.942
19.415003061294556,-0.5349240160011469,0.0,0.05832687652685956,3,0.256401,3.0,17028.1,189.513,9.39055,0.203892,9.22278,19.3489,24.7244,29.3722,32.4412,34.0427,34.913,35.683,36.2377,36.7959,37.3577,37.9227,38.7191,39.6363,41.3738,44.9035,50.8732,16.902,8.02328,0.118697,157.489,162.093,163.118,166.115
19.439058542251587,-0.5390904283585432,0.0,0.054901123046875,3,0.242754,3.0,16911.5,188.263,9.03953,0.202197,9.42529,19.3056,24.5139,29.029,32.02,33.584,34.4349,35.1882,35.7312,36.2779,36.8284,37.3824,38.1636,39.0639,40.7714,44.2474,50.1465,16.9507,7.81839,0.0803763,160.076,164.475,161.673,165.219
19.461682081222534,-0.5430001897147235,0.0,0.0509796142578125,3,0.230961,3.0,16803.9,187.09,8.98619,0.209716,9.62064,19.3055,24.3747,28.7767,31.6999,33.2308,34.0643,34.8028,35.3354,35.8718,36.4122,36.9562,37.7237,38.6087,40.2889,43.7153,49.5476,16.9188,7.61872,0.044576,161.231,165.502,160.422,164.385
19.48774814605713,-0.5467466277064942,0.0,0.0352935791015625,3,0.221017,3.0,16699.2,185.966,9.22987,0.220582,9.81017,19.3439,24.2997,28.6067,31.4715,32.9738,33.7923,34.5179,35.0412,35.5687,36.1,36.6352,37.3905,38.262,39.9176,43.299,49.0692,16.7887,7.42427,0.0112019,161.507,165.776,159.207,163.576
19.506385326385498,-0.5503564073729421,0.0,0.01568603515625,3,0.212669,3.0,16606.0,184.883,9.73288,0.229288,9.99321,19.4122,24.2757,28.5035,31.3188,32.7963,33.6019,34.3162,34.8316,35.3511,35.8747,36.4021,37.1468,38.0063,39.6401,42.9812,48.6945,16.5651,7.23623,-0.0198167,161.629,165.98,158.116,162.863
19.526289463043213,-0.5538261955841817,0.0,0.0039215087890625,3,0.20564,3.0,16519.8,183.842,10.4402,0.235283,10.1681,19.5,24.2882,28.4496,31.2227,32.6791,33.4734,34.178,34.6865,35.1991,35.7159,36.2366,36.9719,37.8209,39.4355,42.7407,48.4024,16.2701,7.05611,-0.0485598,161.773,166.228,157.116,162.191
19.55042028427124,-0.5571693248597563,0.0,0.0,3,0.199667,3.0,16431.5,182.839,11.2931,0.238695,10.3328,19.5965,24.322,28.4272,31.1639,32.602,33.3866,34.0827,34.5851,35.0918,35.6026,36.1173,36.8444,37.6841,39.2819,42.555,48.1701,15.9372,6.8857,-0.0750923,161.73,166.277,156.129,161.472
19.576566696166992,-0.5604424584077268,0.0,0.0,3,0.194367,3.0,16337.8,181.857,12.2349,0.239469,10.4846,19.6909,24.3625,28.4186,31.1234,32.5454,33.3213,34.0099,34.507,35.0084,35.5139,36.0234,36.7432,37.5746,39.1572,42.4016,47.9746,15.6017,6.72685,-0.0994759,161.364,165.979,155.122,160.669
19.59923505783081,-0.5637022594361536,0.0,0.0,3,0.189426,3.0,16240.2,180.879,13.2135,0.237604,10.6211,19.7739,24.3968,28.4084,31.0845,32.4918,33.2601,33.9418,34.4341,34.9307,35.4314,35.9361,36.6493,37.4733,39.0421,42.2604,47.7951,15.2935,6.58115,-0.121762,160.703,165.365,154.108,159.799
19.61186957359314,-0.5669720598542379,0.0,0.0,3,0.184634,3.0,16142.2,179.898,14.1864,0.233535,10.7405,19.8381,24.4148,28.3848,31.0342,32.4281,33.1891,33.8646,34.3524,34.8445,35.3408,35.8411,36.5482,37.3653,38.9215,42.1159,47.6157,15.0343,6.44981,-0.141991,159.875,164.562,153.115,158.897
19.634642124176025,-0.5702585259217521,0.0,0.0,3,0.179807,3.0,16044.0,178.912,15.1226,0.228254,10.8415,19.879,24.4103,28.3405,30.9644,32.3455,33.0997,33.7692,34.2528,34.7407,35.2329,35.7291,36.4305,37.2411,38.7855,41.9576,47.4252,14.8377,6.33358,-0.160207,158.957,163.648,152.143,157.973
19.65673565864563,-0.5735683238984675,0.0,0.0,3,0.174819,3.0,15946.1,177.919,16.0024,0.222961,10.9236,19.8943,24.3799,28.2709,30.8702,32.2389,32.9866,33.6505,34.1301,34.6141,35.1022,35.5945,36.2904,37.0949,38.6282,41.7795,47.2174,14.7126,6.23289,-0.176443,157.988,162.667,151.188,157.034
19.67819046974182,-0.5768947875246125,0.0,0.0,3,0.169639,3.0,15848.4,176.921,16.8154,0.218684,10.987,19.8832,24.3223,28.1744,30.7496,32.1064,32.8478,33.5061,33.9819,34.4619,34.9463,35.4348,36.1255,36.9242,38.4468,41.5784,46.9888,14.6656,6.14784,-0.190735,156.985,161.639,150.247,156.088
19.70338749885559,-0.5802379168001872,0.0,0.0,3,0.164257,3.0,15751.3,175.918,17.5571,0.21602,11.032,19.846,24.2375,28.0508,30.6021,31.9471,32.6823,33.3354,33.8073,34.2836,34.7643,35.2492,35.9348,36.7279,38.2403,41.3531,46.7379,14.7045,6.07833,-0.203133,155.968,160.588,149.318,155.14
19.7283034324646,-0.5835877123355337,0.0,0.0,3,0.158632,3.0,15654.7,174.913,18.2265,0.215051,11.0592,19.7835,24.1262,27.9004,30.4281,31.7616,32.4906,33.1385,33.6067,34.0794,34.5565,35.0378,35.7185,36.5061,38.0088,41.1037,46.4647,14.8404,6.0243,-0.213671,154.945,159.524,148.4,154.192
19.746182203292847,-0.5869408410007663,0.0,0.0,3,0.152765,3.0,15558.9,173.907,18.824,0.215431,11.0691,19.6964,23.9891,27.724,30.2281,31.55,32.2732,32.9159,33.3804,33.8496,34.3231,34.8009,35.4769,36.2592,37.7523,40.8302,46.1689,15.0934,5.98566,-0.222387,153.916,158.452,147.493,153.246
19.76689577102661,-0.5902906365361127,0.0,0.0,3,0.146699,3.0,15463.8,172.902,19.3502,0.216572,11.0625,19.5854,23.8267,27.5218,30.0024,31.3128,32.03,32.6676,33.1286,33.5942,34.0642,34.5386,35.2099,35.987,37.4708,40.5323,45.8501,15.5012,5.96231,-0.229328,152.893,157.382,146.597,152.304
19.796452045440674,-0.5936370989415732,0.0,0.0,3,0.140381,3.0,15369.7,171.898,19.8054,0.217787,11.0397,19.4514,23.64,27.2946,29.7514,31.0504,31.7617,32.3941,32.8516,33.3136,33.7802,34.2513,34.918,35.6899,37.1647,40.2101,45.5083,16.1449,5.9542,-0.234535,151.878,156.317,145.714,151.367
19.81564998626709,-0.5969668956976042,0.0,0.0,3,0.133799,3.0,15276.6,170.899,20.1897,0.218539,11.0014,19.295,23.4292,27.0426,29.4752,30.7628,31.468,32.0954,32.5493,33.0078,33.471,33.9387,34.6008,35.3676,36.8335,39.8633,45.1428,17.2854,5.96136,-0.238049,150.869,155.256,144.845,150.436
19.83631658554077,-0.6002766936743197,0.0,0.0,3,0.127002,3.0,15184.6,169.906,20.503,0.218478,10.9482,19.1172,23.1953,26.7665,29.1747,30.4506,31.1498,31.772,32.2223,32.6774,33.1371,33.6014,34.2589,35.0207,36.4776,39.4921,44.7537,52.9664,5.98371,-0.239913,149.874,154.205,143.99,149.513
19.85450577735901,-0.6035631597418338,0.0,0.0,3,0.119954,3.0,15094.0,168.92,20.7454,0.217519,10.8806,18.9185,22.9386,26.4665,28.8498,30.1138,30.8069,31.424,31.8706,32.3221,32.7783,33.2392,33.8921,34.6488,36.0969,39.0961,44.3405,52.7038,6.02141,-0.240168,148.894,153.166,143.152,148.599
19.878172159194946,-0.6068196276403746,0.0,0.0,3,0.112646,3.0,15004.8,167.943,20.9181,0.215763,10.7993,18.6998,22.6602,26.1437,28.5014,29.7533,30.4402,31.052,31.4949,31.9428,32.3955,32.8529,33.5011,34.2528,35.6918,38.6758,43.9035,52.4335,6.07451,-0.238857,147.924,152.137,142.33,147.696
19.90589690208435,-0.6100494304998281,0.0,0.0,3,0.105114,3.0,14917.0,166.974,21.0232,0.213421,10.705,18.4625,22.3612,25.7991,28.1307,29.3702,30.0508,30.6572,31.0963,31.5405,31.9896,32.4435,33.087,33.8335,35.2634,38.2322,43.4435,52.1546,6.14299,-0.236019,146.972,151.123,141.523,146.804
19.926247119903564,-0.6132425689305365,0.0,0.0,3,0.0973966,3.0,14830.8,166.016,21.0637,0.210798,10.5985,18.2079,22.0433,25.4344,27.7392,28.9661,29.6402,30.241,30.6763,31.1167,31.5622,32.0126,32.6512,33.3923,34.8131,37.7664,42.9615,51.8668,6.22683,-0.23171,146.036,150.127,140.733,145.927
19.94788098335266,-0.6164057091922716,0.0,0.0,3,0.0894804,3.0,14746.0,165.067,21.0436,0.208137,10.4806,17.9375,21.708,25.0511,27.3285,28.5424,29.2098,29.805,30.2364,30.673,31.1147,31.5614,32.1951,32.9308,34.3422,37.28,42.4589,51.5704,6.3261,-0.225969,145.118,149.148,139.958,145.064
19.965424060821533,-0.6195321850252616,0.0,0.0,3,0.0813954,3.0,14662.8,164.129,20.9677,0.205615,10.3521,17.6526,21.3568,24.6509,26.9002,28.1008,28.7615,29.3509,29.7783,30.211,30.6489,31.0919,31.7205,32.4507,33.8526,36.7746,41.9374,51.2662,6.44089,-0.218838,144.217,148.189,139.197,144.216
19.99127221107483,-0.6226219964295067,0.0,0.0,3,0.0732274,3.0,14581.1,163.202,20.8413,0.203334,10.2139,17.3552,20.9918,24.2359,26.4565,27.6437,28.2974,28.8809,29.3043,29.733,30.1669,30.6061,31.2296,31.9543,33.3465,36.2525,41.3996,50.9561,6.5711,-0.210374,143.328,147.246,138.449,143.383
20.010801076889038,-0.6256818096647785,0.0,0.0,3,0.064961,3.0,14500.8,162.284,20.6698,0.201322,10.0668,17.0464,20.6145,23.8076,25.999,27.1724,27.8191,28.3966,28.8158,29.2404,29.6704,30.1057,30.724,31.4429,32.8253,35.715,40.8525,50.6416,6.71685,-0.200625,142.457,146.324,137.713,142.566
20.031084537506104,-0.628704958471305,0.0,0.0,3,0.056627,3.0,14421.8,161.377,20.4588,0.199507,9.9116,16.7277,20.2264,23.3679,25.5297,26.6891,27.3286,27.9,28.3149,28.7353,29.1613,29.5927,30.2056,30.9188,32.2911,35.1643,40.2994,50.3251,6.87818,-0.189632,141.603,145.424,136.989,141.763
20.057706117630005,-0.6316914428490866,0.0,0.0,3,0.0482562,3.0,14344.1,160.481,20.2138,0.197811,9.74899,16.4005,19.8292,22.9184,25.0501,26.1953,26.8274,27.3927,27.8032,28.2195,28.6413,29.0687,29.6763,30.3835,31.7456,34.6021,39.7416,50.0091,7.05506,-0.177441,140.765,144.544,136.274,140.974
20.0739426612854,-0.6346479290578948,0.0,0.0,3,0.0398824,3.0,14267.6,159.594,19.9401,0.196158,9.57966,16.0661,19.4243,22.4608,24.562,25.6927,26.3174,26.8764,27.2826,27.6946,28.1122,28.5356,29.1376,29.8389,31.1906,34.0302,39.1804,49.6966,7.24757,-0.164096,139.943,143.684,135.569,140.2
20.09626054763794,-0.63757441709773,0.0,0.0,3,0.0315385,3.0,14192.2,158.716,19.643,0.19448,9.40436,15.7256,19.0132,21.9965,24.0669,25.1831,25.8003,26.3529,26.7547,27.1623,27.5758,27.995,28.5915,29.2867,30.628,33.4504,38.6175,49.3911,7.45567,-0.149649,139.135,142.844,134.873,139.439
20.12183976173401,-0.64046424070882,0.0,0.0,3,0.023253,3.0,14117.8,157.849,19.3272,0.192718,9.22363,15.3802,18.5969,21.5268,23.5663,24.6677,25.2774,25.8235,26.2208,26.6241,27.0333,27.4484,28.0393,28.7284,30.0591,32.8642,38.0542,49.0961,7.67942,-0.134138,138.341,142.022,134.183,138.69
20.146095037460327,-0.6433273992808225,0.0,0.0,3,0.0150862,3.0,14044.4,156.99,18.9979,0.190869,9.03805,15.0308,18.1768,21.0531,23.0614,24.148,24.7501,25.2898,25.6826,26.0815,26.4864,26.8973,27.4825,28.1654,29.4855,32.2732,37.4923,48.8158,7.91887,-0.117609,137.564,141.221,133.5,137.953
20.16269874572754,-0.646160559683852,0.0,0.0,3,0.00706244,3.0,13971.9,156.14,18.6598,0.188955,8.84818,14.6784,17.754,20.5767,22.5538,23.6255,24.22,24.7532,25.1414,25.5359,25.9365,26.3432,26.9227,27.5994,28.9088,31.6792,36.9337,48.5554,8.17395,-0.100116,136.798,140.436,132.823,137.228
20.18540096282959,-0.648967055047794,0.0,0.0,3,-0.000810385,3.0,13900.1,155.298,18.3175,0.186997,8.65449,14.3238,17.3295,20.0988,22.0446,23.1015,23.6883,24.2149,24.5987,24.9887,25.385,25.7874,26.3612,27.0318,28.3305,31.0835,36.3805,48.3205,8.44466,-0.0816968,136.041,139.666,132.15,136.514
20.21011233329773,-0.6517468853726487,0.0,0.0,3,-0.00850105,3.0,13829.0,154.464,17.9758,0.185021,8.45741,13.9678,16.9041,19.6204,21.535,22.577,23.1562,23.6764,24.0556,24.4411,24.8331,25.2314,25.7995,26.4638,27.7519,30.4877,35.8348,48.1177,8.73096,-0.0623894,135.291,138.909,131.48,135.81
20.227672815322876,-0.6545067169181877,0.0,0.0,3,-0.015944,3.0,13758.5,153.636,17.6389,0.183076,8.25751,13.6113,16.4791,19.1426,21.0264,22.0536,22.6251,23.1388,23.5135,23.8947,24.2823,24.6764,25.2389,25.8971,27.1746,29.8933,35.2992,47.9549,9.03258,-0.0422522,134.55,138.165,130.812,135.115
20.25360918045044,-0.6572398834246397,0.0,0.0,3,-0.0231323,3.0,13688.5,152.816,17.3113,0.181184,8.05511,13.255,16.055,18.6664,20.5194,21.532,22.096,22.6033,22.9735,23.3503,23.7337,24.1237,24.6806,25.3328,26.5998,29.3018,34.7762,47.8411,9.34935,-0.0213254,133.814,137.434,130.146,134.428
20.279170036315918,-0.659953051151776,0.0,0.0,3,-0.0300531,3.0,13619.0,152.002,16.9967,0.179361,7.85056,12.8993,15.6327,18.1925,20.0152,21.0133,21.5699,22.0708,22.4366,22.8091,23.1884,23.5742,24.1257,24.7718,26.0286,28.7144,34.2684,47.7866,9.68103,0.000349045,133.089,136.717,129.48,133.75
20.29773473739624,-0.6626495532294828,0.0,0.0,3,-0.0366814,3.0,13549.8,151.193,16.6987,0.177601,7.64419,12.5447,15.2125,17.7216,19.5145,20.4983,21.0475,21.5422,21.9037,22.272,22.647,23.0289,23.5749,24.2152,25.4621,28.1321,33.7786,47.8035,10.0273,0.0227324,132.367,136.008,128.814,133.078
20.32421851158142,-0.6653260565278741,0.0,0.0,3,-0.0429592,3.0,13480.8,150.39,16.4206,0.175897,7.43625,12.1916,14.7951,17.2543,19.0178,19.9876,20.5296,21.0182,21.3754,21.7395,22.1106,22.4886,23.0293,23.6639,24.9011,27.5568,33.3098,47.9069,10.3877,0.0457853,131.646,135.307,128.147,132.412
20.340901374816895,-0.6679858941768357,0.0,0.0,3,-0.0488877,3.0,13412.0,149.592,16.1652,0.174244,7.22698,11.8402,14.3807,16.791,18.5256,19.4816,20.0166,20.4992,20.8523,21.2124,21.5796,21.9537,22.4894,23.1184,24.3463,26.9937,32.8653,48.1141,10.7619,0.0694663,130.932,134.616,127.479,131.751
20.36590337753296,-0.6706323993062538,0.0,0.0,3,-0.0544596,3.0,13343.4,148.798,15.9348,0.172604,7.01675,11.4911,13.9698,16.3322,18.0386,18.9813,19.5094,19.9862,20.3353,20.6914,21.0548,21.4252,21.9559,22.5797,23.7986,26.4452,32.449,48.4476,11.1491,0.0937157,130.217,133.929,126.809,131.095
20.380969285964966,-0.6732689050460141,0.0,0.0,3,-0.0596645,3.0,13274.9,148.007,15.7311,0.171004,6.80545,11.1439,13.5622,15.8776,17.5564,18.486,19.0075,19.4786,19.8238,20.1762,20.5358,20.9028,21.4287,22.0474,23.2579,25.9118,32.0637,48.9338,11.5489,0.118532,129.501,133.245,126.137,130.442
20.4116632938385,-0.6758920782662307,0.0,0.0,3,-0.0644634,3.0,13206.4,147.22,15.5554,0.169426,6.59335,10.7989,13.1579,15.4275,17.0794,17.9964,18.5113,18.9771,19.3184,19.6672,20.0233,20.3868,20.9083,21.5222,22.7247,25.3952,31.7142,49.6083,11.9605,0.143865,128.788,132.568,125.464,129.792
20.426793336868286,-0.6785052520967896,0.0,0.0,3,-0.0688503,3.0,13137.9,146.436,15.4085,0.167843,6.38075,10.4563,12.7574,14.9821,16.6079,17.5125,18.0212,18.4817,18.8195,19.1647,19.5174,19.8777,20.3949,21.0042,22.1995,24.8969,31.4056,50.5177,12.3828,0.169651,128.072,131.89,124.788,129.145
20.452385425567627,-0.6811084265376907,0.0,0.023529052734375,3,-0.0728438,3.0,13069.3,145.655,15.2909,0.166284,6.16766,10.1159,12.3602,14.541,16.1413,17.034,17.5367,17.9921,18.3264,18.6683,19.0178,19.3751,19.8882,20.4933,21.6817,24.4181,31.1433,51.7234,12.8152,0.195867,127.352,131.212,124.109,128.498
20.47886061668396,-0.6837682641866524,0.0,0.0509796142578125,3,-0.0764427,3.0,12973.8,144.857,15.2049,0.16458,5.95407,9.77736,11.9659,14.1037,15.6793,16.5605,17.0573,17.5079,17.8389,18.1776,18.5241,18.8784,19.3877,19.9889,21.1711,23.9596,30.9331,53.3099,13.2568,0.222486,125.854,129.775,123.172,127.603
20.495444536209106,-0.6865780926804803,0.0,0.0117645263671875,3,-0.0796413,3.0,12864.0,144.014,15.1549,0.162048,5.74008,9.44061,11.5744,13.67,15.2213,16.0913,16.5826,17.0285,17.3564,17.692,18.0356,18.3873,18.893,19.4905,20.6711,23.5229,30.7827,55.3969,13.7067,0.249469,123.721,127.748,122.089,126.574
20.51991295814514,-0.689437918122597,0.0,0.0,3,-0.0823846,3.0,12820.0,143.156,15.1377,0.158897,5.52593,9.10597,11.1859,13.2403,14.7682,15.6275,16.1134,16.5549,16.8798,17.2126,17.5535,17.9026,18.4051,18.9994,20.1876,23.1118,30.7056,58.1778,14.1625,0.276775,123.296,127.435,121.625,126.158
20.536442279815674,-0.6921910834083643,0.0,0.0,3,-0.0846307,3.0,12767.5,142.33,15.1521,0.157292,5.31185,8.77403,10.8016,12.8161,14.3215,15.1707,15.6516,16.0891,16.4112,16.7414,17.0799,17.4268,17.9265,18.5179,19.7247,22.7333,30.7246,61.9835,14.6207,0.304384,123.149,127.357,121.096,125.673
20.560683012008667,-0.6948742529665275,0.0,0.0,3,-0.0863502,3.0,12701.2,141.525,15.2033,0.15789,5.09819,8.44527,10.4218,12.3979,13.882,14.7217,15.1982,15.6319,15.9515,16.2795,16.6159,16.9609,17.4582,18.0511,19.2856,22.3935,30.8646,67.3498,15.0777,0.332236,122.783,127.037,120.432,125.063
20.58552074432373,-0.6975240912258315,0.0,0.0,3,-0.0875826,3.0,12631.5,140.73,15.2899,0.159562,4.88481,8.11881,10.0453,11.9841,13.4479,14.2788,14.7511,15.1815,15.499,15.8249,16.1595,16.5028,16.999,17.603,18.8699,22.0947,31.149,75.2014,15.5321,0.360296,122.273,126.565,119.729,124.419
20.601640462875366,-0.7001539307058198,0.0,0.0,3,-0.0883663,3.0,12560.8,139.941,15.4059,0.160827,4.67148,7.79349,9.67048,11.5725,13.0166,13.8392,14.3075,14.7348,15.0503,15.3745,15.7075,16.0496,16.553,17.1716,18.476,21.8374,31.6055,87.3667,15.9843,0.388539,121.671,125.999,119.019,123.764
20.62789297103882,-0.7027771039260365,0.0,0.0,3,-0.0887859,3.0,12489.8,139.154,15.5435,0.160744,4.45804,7.46831,9.29574,11.161,12.5857,13.4001,13.8646,14.2891,14.6027,14.9253,15.2573,15.6043,16.1197,16.7551,18.1024,21.6234,32.2737,108.112,16.3988,0.416922,121.015,125.374,118.311,123.101
20.65298318862915,-0.7053902777565954,0.0,0.0,3,-0.0889051,3.0,12418.7,138.37,15.6955,0.159053,4.24438,7.14247,8.91975,10.7478,12.1529,12.9593,13.4202,13.8418,14.1537,14.4758,14.8136,15.1686,15.6974,16.3518,17.7483,21.4561,33.213,150.266,16.7469,0.445421,120.319,124.708,117.607,122.432
20.674858570098877,-0.7079967853273824,0.0,0.0,3,-0.0887616,3.0,12347.6,137.588,15.8563,0.156074,4.03051,6.81547,8.54159,10.3316,11.7169,12.5151,12.9723,13.3911,13.7034,14.0317,14.3772,14.7413,15.2852,15.961,17.4139,21.3416,34.5167,200.0,17.0375,0.474003,119.602,124.016,116.906,121.758
20.69639253616333,-0.7106066260280554,0.0,0.0,3,-0.088376,3.0,12276.6,136.805,16.0226,0.152455,3.81635,6.48677,8.16047,9.91137,11.2761,12.066,12.5194,12.9391,13.2576,13.5932,13.9473,14.3215,14.8824,15.5828,17.1005,21.29,36.3354,200.0,17.278,0.502652,118.866,123.303,116.208,121.083
20.719956398010254,-0.7132131335988423,0.0,0.0,3,-0.0877168,3.0,12205.6,136.023,16.1924,0.148893,3.60207,6.15636,7.77613,9.48647,10.8299,11.6112,12.0638,12.491,12.8164,13.1603,13.5241,13.9097,14.49,15.2183,16.8115,21.317,38.9275,200.0,17.4739,0.531331,118.116,122.576,115.512,120.407
20.744230270385742,-0.7158196411696294,0.0,0.0,3,-0.0868199,3.0,12134.7,135.241,16.3652,0.145912,3.38778,5.82417,7.38833,9.05646,10.3778,11.1517,11.6109,12.0468,12.3799,12.733,13.1078,13.5064,14.1089,14.8697,16.5517,21.4459,42.7637,200.0,17.6299,0.560003,117.361,121.843,114.817,119.731
20.75671648979187,-0.7184328150001882,0.0,0.0,3,-0.0856824,3.0,12063.7,134.457,16.5411,0.143786,3.17362,5.49011,6.99676,8.62078,9.91887,10.6934,11.1606,11.6062,11.9481,12.3116,12.699,13.1126,13.7408,14.5396,16.3277,21.7106,48.7991,163.62,17.7501,0.58864,116.597,121.104,114.122,119.056
20.786438703536987,-0.7210459888307471,0.0,0.0,3,-0.0843024,3.0,11992.7,133.673,16.7206,0.142521,2.95954,5.15381,6.60075,8.17839,9.45293,10.2359,10.7122,11.1687,11.5204,11.896,12.2978,12.7287,13.3871,14.231,16.1479,22.1619,59.304,127.03,17.8381,0.617235,115.832,120.363,113.426,118.38
20.80845546722412,-0.7236658289210779,0.3450927734375,0.0,3,-0.0826766,3.0,11921.7,132.887,16.9038,0.1419,2.74586,4.8155,6.20026,7.72896,8.98566,9.77914,10.2655,10.7344,11.0975,11.4869,11.9055,12.3568,13.0511,13.9494,16.0258,22.883,81.3308,104.892,17.8968,0.64573,115.06,119.617,112.729,117.704
20.83002805709839,-0.7261456775562,0.6235198974609375,0.0,3,-0.0810821,3.0,12229.3,132.143,17.0633,0.14161,2.53185,4.47203,5.79007,7.26462,8.50787,9.31104,9.80765,10.2895,10.6647,11.0692,11.5065,11.9807,12.716,13.6779,15.9481,23.9419,150.407,90.2496,17.938,0.674123,114.287,118.853,118.008,118.008
20.84981894493103,-0.7273756024841033,0.49999237060546875,0.0,3,-0.0800524,3.0,12828.7,131.774,17.1542,0.145189,2.31665,4.11948,5.3632,6.77442,8.00359,8.81231,9.31706,9.81031,10.1968,10.6159,11.0718,11.5695,12.3482,13.3798,15.8746,25.3934,200.0,80.1267,17.9769,0.702406,113.594,118.128,123.786,123.786
20.86792755126953,-0.727868905707219,0.49999237060546875,0.0,3,-0.079428,3.0,12870.6,131.626,17.2402,0.148996,2.10022,3.75874,4.92106,6.26194,7.4733,8.28327,8.79412,9.29732,9.69444,10.1278,10.6026,11.1249,11.9507,13.0611,15.8264,27.5412,200.0,72.6253,18.0094,0.730652,113.067,117.566,124.345,124.345
20.89583134651184,-0.728185553046381,0.49999237060546875,0.0,3,-0.0796475,3.0,12870.6,131.531,17.2319,0.151196,1.88185,3.38694,4.45834,5.72137,6.90131,7.70392,8.21583,8.72452,9.12911,9.57379,10.0648,10.6098,11.4816,12.6741,15.7492,30.7092,200.0,67.0269,18.0473,0.758892,112.689,117.126,124.359,124.359
20.91484808921814,-0.7283522095406769,0.49999237060546875,0.0,3,-0.0812714,3.0,12849.2,131.481,17.051,0.149781,1.66112,3.00198,3.97059,5.14253,6.27001,7.05042,7.55401,8.05901,8.46392,8.91243,9.41186,9.97139,10.8782,12.1423,15.5353,35.3654,200.0,62.923,18.1039,0.787139,112.437,116.754,124.158,124.158
20.936384677886963,-0.728388873969422,0.49999237060546875,0.0,3,-0.0845928,3.0,12820.2,131.47,16.6518,0.143522,1.4384,2.60494,3.45873,4.52275,5.57168,6.31016,6.79223,7.28006,7.67447,8.1147,8.60923,9.16867,10.0877,11.3951,15.0632,42.5088,184.16,59.9703,18.1856,0.81539,112.292,116.428,123.88,123.88
20.95667004585266,-0.7283088788521601,0.49999237060546875,0.0,3,-0.0896711,3.0,12789.9,131.494,16.0275,0.13281,1.21445,2.19926,2.92877,3.86715,4.8102,5.48485,5.93012,6.38468,6.75517,7.17187,7.64399,8.18331,9.08151,10.3862,14.2255,54.9439,159.505,57.8727,18.2914,0.843664,112.245,116.15,123.587,123.587
20.979844570159912,-0.7281422223578642,0.49999237060546875,0.0,3,-0.0962771,3.0,12761.1,131.544,15.2071,0.117731,0.990524,1.79017,2.3928,3.18772,4.0004,4.59045,4.98395,5.38903,5.72172,6.0987,6.52938,7.02609,7.86469,9.10885,12.9593,84.8094,144.045,56.3727,18.4145,0.87195,112.288,115.936,123.308,123.308
21.003928422927856,-0.727992231512998,0.49999237060546875,0.0,3,-0.103727,3.0,12731.2,131.589,14.1908,0.158517,0.767914,1.3845,1.86183,2.50143,3.16614,3.65579,3.98568,4.32812,4.61155,4.9351,5.30792,5.74215,6.48577,7.61407,11.3083,196.527,132.983,55.1787,18.538,0.900242,112.41,115.798,123.02,123.02
21.028725147247314,-0.7278089093692724,0.49999237060546875,0.0,3,-0.111253,3.0,12698.3,131.644,13.194,0.197919,0.54791,0.992892,1.34424,1.82195,2.32705,2.7049,2.96229,3.23189,3.45694,3.71599,4.01734,4.37223,4.99001,5.95226,9.33054,200.0,123.842,54.0499,18.6435,0.928488,112.584,115.803,122.704,122.704
21.045400619506836,-0.7276522522646344,0.49999237060546875,0.0,3,-0.107988,3.0,12661.4,131.691,12.1588,0.271752,0.337377,0.617709,0.842242,1.15232,1.48635,1.74048,1.91573,2.10118,2.25749,2.43912,2.65276,2.90766,3.36009,4.08776,6.88805,200.0,115.89,52.9257,18.7261,0.956186,112.788,115.922,122.349,122.349
21.068925857543945,-0.7274089337829625,0.9999847412109375,0.0,3,-0.100455,3.0,12621.7,131.764,11.1564,0.315399,0.139764,0.258487,0.354937,0.490236,0.638791,0.753819,0.834171,0.92014,0.993356,1.07932,1.18167,1.30558,1.53044,1.90594,3.533,200.0,109.331,51.9054,18.7974,0.98196,113.012,116.083,121.967,121.967
21.093241453170776,-0.7260923474780253,0.49999237060546875,0.0,3,-0.0944837,3.0,13172.1,132.159,9.90662,0.590349,-1.0,-1.0,-1.0,-1.0,-1.0,-1.0,-1.0,-1.0,-1.0,-1.0,-1.0,-1.0,-1.0,-1.0,-1.0,-1.0,-1.0,-1.0,-1.0,1.00562,113.325,116.255,127.491,127.491
21.114312648773193,-0.7248957538489811,0.49999237060546875,0.0,3,-0.0878645,3.0,12777.7,132.518,8.96483,0.59702,-1.0,-1.0,-1.0,-1.0,-1.0,-1.0,-1.0,-1.0,-1.0,-1.0,-1.0,-1.0,-1.0,-1.0,-1.0,-1.0,-1.0,-1.0,-1.0,1.02744,113.731,116.664,123.457,123.457
21.133848428726196,-0.7238224860257159,0.9999847412109375,0.0,3,-0.0834724,3.0,12634.1,132.84,8.24058,0.370053,-1.0,-1.0,-1.0,-1.0,-1.0,-1.0,-1.0,-1.0,-1.0,-1.0,-1.0,-1.0,-1.0,-1.0,-1.0,-1.0,-1.0,-1.0,-1.0,1.0477,114.178,116.713,121.991,121.991
21.153621435165405,-0.7225725623184971,0.49999237060546875,0.0,3,-0.0821141,3.0,13478.3,133.215,7.31926,-0.008606,-1.0,-1.0,-1.0,-1.0,-1.0,-1.0,-1.0,-1.0,-1.0,-1.0,-1.0,-1.0,-1.0,-1.0,-1.0,-1.0,-1.0,-1.0,-1.0,1.06672,114.741,116.746,129.678,129.678
21.173715353012085,-0.7220225958873207,0.49999237060546875,0.0,3,-0.0797697,3.0,13488.1,133.38,6.87741,-0.598322,-1.0,-1.0,-1.0,-1.0,-1.0,-1.0,-1.0,-1.0,-1.0,-1.0,-1.0,-1.0,-1.0,-1.0,-1.0,-1.0,-1.0,-1.0,-1.0,1.08492,115.255,116.85,130.438,130.438
21.19701886177063,-0.7209826593629147,0.49999237060546875,0.0,3,-0.0747184,3.0,13141.3,133.692,6.34519,-0.480773,-1.0,-1.0,-1.0,-1.0,-1.0,-1.0,-1.0,-1.0,-1.0,-1.0,-1.0,-1.0,-1.0,-1.0,-1.0,-1.0,-1.0,-1.0,-1.0,1.10219,115.705,117.342,127.137,127.137
21.22430396080017,-0.7204126941524229,0.9999847412109375,0.0,3,-0.0661684,3.0,12884.9,133.863,5.95769,-0.139212,-1.0,-1.0,-1.0,-1.0,-1.0,-1.0,-1.0,-1.0,-1.0,-1.0,-1.0,-1.0,-1.0,-1.0,-1.0,-1.0,-1.0,-1.0,-1.0,1.11809,116.14,118.115,124.544,124.544
21.24304699897766,-0.7196794055775211,0.49999237060546875,0.0,3,-0.0553826,3.0,13702.5,134.083,6.16431,-0.203955,-1.0,-1.0,-1.0,-1.0,-1.0,-1.0,-1.0,-1.0,-1.0,-1.0,-1.0,-1.0,-1.0,-1.0,-1.0,-1.0,-1.0,-1.0,-1.0,1.13258,116.437,118.619,132.114,132.114
21.2620632648468,-0.7183361542334966,0.49999237060546875,0.0,3,-0.0437897,3.0,13239.0,134.486,6.66355,-0.309638,-1.0,-1.0,-1.0,-1.0,-1.0,-1.0,-1.0,-1.0,-1.0,-1.0,-1.0,-1.0,-1.0,-1.0,-1.0,-1.0,-1.0,-1.0,-1.0,1.14598,116.655,118.898,128.253,128.253
21.29183316230774,-0.6839917456715803,0.9999847412109375,0.0,3,-0.0330652,3.0,12871.6,134.781,6.59915,0.147414,-1.0,-1.0,-1.0,-1.0,-1.0,-1.0,-1.0,-1.0,-1.0,-1.0,-1.0,-1.0,-1.0,-1.0,-1.0,-1.0,-1.0,-1.0,-1.0,1.15811,116.914,119.282,124.349,124.349
21.310898542404175,-0.3222268351620901,0.49999237060546875,0.0,3,-0.0226839,3.0,13536.3,135.017,6.3417,0.666563,-1.0,-1.0,-1.0,-1.0,-1.0,-1.0,-1.0,-1.0,-1.0,-1.0,-1.0,-1.0,-1.0,-1.0,-1.0,-1.0,-1.0,-1.0,-1.0,1.16856,117.39,119.921,130.408,130.408
21.332111120224,-0.126052462014053,0.49999237060546875,0.0,3,-0.00976348,3.0,13248.1,135.202,6.78144,0.701484,-1.0,-1.0,-1.0,-1.0,-1.0,-1.0,-1.0,-1.0,-1.0,-1.0,-1.0,-1.0,-1.0,-1.0,-1.0,-1.0,-1.0,-1.0,-1.0,1.17755,118.855,121.222,128.312,128.312
21.35511565208435,-0.016737713667495796,0.9999847412109375,0.0,3,0.0036813,3.0,13302.8,135.282,7.65449,0.220802,-1.0,-1.0,-1.0,-1.0,-1.0,-1.0,-1.0,-1.0,-1.0,-1.0,-1.0,-1.0,-1.0,-1.0,-1.0,-1.0,-1.0,-1.0,-1.0,1.1854,121.417,122.627,128.437,128.437
21.371464252471924,0.0,0.49999237060546875,0.0,3,0.0142648,3.0,13934.5,135.766,8.20879,0.139096,-1.0,-1.0,-1.0,-1.0,-1.0,-1.0,-1.0,-1.0,-1.0,-1.0,-1.0,-1.0,-1.0,-1.0,-1.0,-1.0,-1.0,-1.0,-1.0,1.1923,122.9,123.187,134.004,134.004
21.397664070129395,0.0005372783169150352,0.9999847412109375,0.0,3,0.0215515,3.0,13257.2,136.334,8.11463,0.53234,-1.0,-1.0,-1.0,-1.0,-1.0,-1.0,-1.0,-1.0,-1.0,-1.0,-1.0,-1.0,-1.0,-1.0,-1.0,-1.0,-1.0,-1.0,-1.0,1.19826,123.925,124.826,128.423,128.423
21.41872525215149,0.0005363931879401206,0.49999237060546875,0.0,3,0.0279915,3.0,14084.2,136.686,7.96124,0.667958,-1.0,-1.0,-1.0,-1.0,-1.0,-1.0,-1.0,-1.0,-1.0,-1.0,-1.0,-1.0,-1.0,-1.0,-1.0,-1.0,-1.0,-1.0,-1.0,1.203,124.587,125.804,136.195,136.195
21.44047975540161,0.0005355684086680412,0.49999237060546875,0.0,3,0.0342036,3.0,14027.4,137.014,8.14797,0.107094,-1.0,-1.0,-1.0,-1.0,-1.0,-1.0,-1.0,-1.0,-1.0,-1.0,-1.0,-1.0,-1.0,-1.0,-1.0,-1.0,-1.0,-1.0,-1.0,1.20689,124.962,126.068,135.449,135.449
21.46548318862915,0.0005344946868717671,0.49999237060546875,0.0,3,0.038584,3.0,13856.0,137.441,8.12758,-0.382982,-1.0,-1.0,-1.0,-1.0,-1.0,-1.0,-1.0,-1.0,-1.0,-1.0,-1.0,-1.0,-1.0,-1.0,-1.0,-1.0,-1.0,-1.0,-1.0,1.21011,125.43,126.168,133.752,133.752
21.482466220855713,0.0,0.9999847412109375,0.0,3,0.0400572,3.0,13252.6,138.102,7.25106,-0.038033,-1.0,-1.0,-1.0,-1.0,-1.0,-1.0,-1.0,-1.0,-1.0,-1.0,-1.0,-1.0,-1.0,-1.0,-1.0,-1.0,-1.0,-1.0,-1.0,1.21244,126.224,126.447,128.012,128.012
21.50685477256775,-0.0008770247561732928,0.9999847412109375,0.0,3,0.0408508,3.0,13931.9,138.594,6.26821,0.28058,-1.0,-1.0,-1.0,-1.0,-1.0,-1.0,-1.0,-1.0,-1.0,-1.0,-1.0,-1.0,-1.0,-1.0,-1.0,-1.0,-1.0,-1.0,-1.0,1.21357,126.865,127.028,134.427,134.427
21.53125786781311,-0.0008753072635332743,0.49999237060546875,0.0,3,0.0432758,3.0,14750.8,139.008,5.84828,0.207252,-1.0,-1.0,-1.0,-1.0,-1.0,-1.0,-1.0,-1.0,-1.0,-1.0,-1.0,-1.0,-1.0,-1.0,-1.0,-1.0,-1.0,-1.0,-1.0,1.21376,127.197,127.576,142.771,142.771
21.554330348968506,0.0,0.49999237060546875,0.0,3,0.0454433,3.0,14360.3,139.574,5.60094,-0.161469,-1.0,-1.0,-1.0,-1.0,-1.0,-1.0,-1.0,-1.0,-1.0,-1.0,-1.0,-1.0,-1.0,-1.0,-1.0,-1.0,-1.0,-1.0,-1.0,1.2133,127.62,127.885,139.295,139.295
21.569368600845337,0.0024193008206288024,0.9999847412109375,0.0,3,0.0460265,3.0,13695.1,140.349,5.06117,-0.207883,-1.0,-1.0,-1.0,-1.0,-1.0,-1.0,-1.0,-1.0,-1.0,-1.0,-1.0,-1.0,-1.0,-1.0,-1.0,-1.0,-1.0,-1.0,-1.0,1.21218,128.395,127.997,132.432,132.432
21.592864990234375,0.0056658334170778596,0.9999847412109375,0.0,3,0.0453644,3.0,13959.3,141.13,4.09287,0.363149,-1.0,-1.0,-1.0,-1.0,-1.0,-1.0,-1.0,-1.0,-1.0,-1.0,-1.0,-1.0,-1.0,-1.0,-1.0,-1.0,-1.0,-1.0,-1.0,1.21025,129.238,129.074,134.348,134.348
21.617832899093628,0.006673473927956075,0.49999237060546875,0.0,3,0.0450765,3.0,14479.9,141.766,3.43071,0.488242,-1.0,-1.0,-1.0,-1.0,-1.0,-1.0,-1.0,-1.0,-1.0,-1.0,-1.0,-1.0,-1.0,-1.0,-1.0,-1.0,-1.0,-1.0,-1.0,1.2075,129.992,129.781,139.134,139.134
21.636625289916992,0.00665620008003898,0.9999847412109375,0.0,3,0.0439378,3.0,14112.5,142.305,2.92567,0.0805533,-1.0,-1.0,-1.0,-1.0,-1.0,-1.0,-1.0,-1.0,-1.0,-1.0,-1.0,-1.0,-1.0,-1.0,-1.0,-1.0,-1.0,-1.0,-1.0,1.20428,130.596,130.079,136.36,136.36
21.6576988697052,0.006634503614287824,0.49999237060546875,0.0,3,0.0410997,3.0,14664.8,142.982,2.28946,-0.274753,-1.0,-1.0,-1.0,-1.0,-1.0,-1.0,-1.0,-1.0,-1.0,-1.0,-1.0,-1.0,-1.0,-1.0,-1.0,-1.0,-1.0,-1.0,-1.0,1.2007,131.182,130.161,141.782,141.782
21.680622816085815,0.006605884790187701,0.9999847412109375,0.0,3,0.0388294,3.0,13686.4,143.875,1.62474,0.204523,-1.0,-1.0,-1.0,-1.0,-1.0,-1.0,-1.0,-1.0,-1.0,-1.0,-1.0,-1.0,-1.0,-1.0,-1.0,-1.0,-1.0,-1.0,-1.0,1.1968,131.956,131.143,132.565,132.565
21.703819513320923,0.003807159047462046,0.9999847412109375,0.0,3,0.0371187,3.0,14440.7,144.349,1.13233,0.30136,-1.0,-1.0,-1.0,-1.0,-1.0,-1.0,-1.0,-1.0,-1.0,-1.0,-1.0,-1.0,-1.0,-1.0,-1.0,-1.0,-1.0,-1.0,-1.0,1.1926,132.526,132.101,139.185,139.185
21.727976322174072,0.0008525030558928847,0.49999237060546875,0.0,3,0.0346149,3.0,15173.3,144.86,0.655593,0.0316999,-1.0,-1.0,-1.0,-1.0,-1.0,-1.0,-1.0,-1.0,-1.0,-1.0,-1.0,-1.0,-1.0,-1.0,-1.0,-1.0,-1.0,-1.0,-1.0,1.18819,133.086,132.454,146.607,146.607
21.74531650543213,-0.0005129045056396473,0.49999237060546875,0.0,3,0.03055,3.0,14522.4,145.573,0.0252099,-0.219881,-1.0,-1.0,-1.0,-1.0,-1.0,-1.0,-1.0,-1.0,-1.0,-1.0,-1.0,-1.0,-1.0,-1.0,-1.0,-1.0,-1.0,-1.0,-1.0,1.18365,133.713,132.622,141.154,141.154
21.77151870727539,-0.00234752193160976,0.9999847412109375,0.0,3,0.0270717,3.0,13780.3,146.358,-0.432516,-0.0232334,-1.0,-1.0,-1.0,-1.0,-1.0,-1.0,-1.0,-1.0,-1.0,-1.0,-1.0,-1.0,-1.0,-1.0,-1.0,-1.0,-1.0,-1.0,-1.0,1.17911,134.411,133.106,133.624,133.624
21.79506015777588,-0.005505371904931963,0.9999847412109375,0.0,3,0.0252706,3.0,14342.1,146.908,-0.596536,0.413349,-1.0,-1.0,-1.0,-1.0,-1.0,-1.0,-1.0,-1.0,-1.0,-1.0,-1.0,-1.0,-1.0,-1.0,-1.0,-1.0,-1.0,-1.0,-1.0,1.17466,134.844,134.413,138.706,138.706
21.817579746246338,-0.006485031362374623,0.49999237060546875,0.0,3,0.0229897,3.0,14926.9,147.52,-0.839391,0.234752,-1.0,-1.0,-1.0,-1.0,-1.0,-1.0,-1.0,-1.0,-1.0,-1.0,-1.0,-1.0,-1.0,-1.0,-1.0,-1.0,-1.0,-1.0,-1.0,1.17029,135.472,134.82,144.331,144.331
21.83337426185608,-0.007544178882927324,0.9999847412109375,0.0,3,0.0187495,3.0,14552.6,148.059,-1.33879,-0.232614,-1.0,-1.0,-1.0,-1.0,-1.0,-1.0,-1.0,-1.0,-1.0,-1.0,-1.0,-1.0,-1.0,-1.0,-1.0,-1.0,-1.0,-1.0,-1.0,1.16597,136.164,134.996,141.213,141.213
21.856853485107422,-0.007513619767511263,0.9999847412109375,0.0,3,0.0149224,3.0,14814.9,148.877,-1.71494,-0.0398957,-1.0,-1.0,-1.0,-1.0,-1.0,-1.0,-1.0,-1.0,-1.0,-1.0,-1.0,-1.0,-1.0,-1.0,-1.0,-1.0,-1.0,-1.0,-1.0,1.16183,136.749,135.571,143.296,143.296
21.886310338974,-0.007484965927017232,0.49999237060546875,0.0,3,0.0127485,3.0,15091.8,149.644,-1.78807,0.284398,-1.0,-1.0,-1.0,-1.0,-1.0,-1.0,-1.0,-1.0,-1.0,-1.0,-1.0,-1.0,-1.0,-1.0,-1.0,-1.0,-1.0,-1.0,-1.0,1.15792,137.367,136.739,145.8,145.8
21.904382467269897,-0.006399132240911325,0.9999847412109375,0.0,3,0.00952196,3.0,14638.5,150.202,-2.00582,0.167568,-1.0,-1.0,-1.0,-1.0,-1.0,-1.0,-1.0,-1.0,-1.0,-1.0,-1.0,-1.0,-1.0,-1.0,-1.0,-1.0,-1.0,-1.0,-1.0,1.15427,138.053,137.277,141.544,141.544
21.923080682754517,-0.0036847323603959132,0.49999237060546875,0.0,3,0.00479603,3.0,15264.2,150.799,-2.43325,-0.121272,-1.0,-1.0,-1.0,-1.0,-1.0,-1.0,-1.0,-1.0,-1.0,-1.0,-1.0,-1.0,-1.0,-1.0,-1.0,-1.0,-1.0,-1.0,-1.0,1.15084,138.65,137.505,147.395,147.395
21.95189929008484,-0.001717404060997069,0.9999847412109375,0.0,3,0.00061059,3.0,14391.2,151.637,-2.66716,-0.0239164,-1.0,-1.0,-1.0,-1.0,-1.0,-1.0,-1.0,-1.0,-1.0,-1.0,-1.0,-1.0,-1.0,-1.0,-1.0,-1.0,-1.0,-1.0,-1.0,1.14776,139.298,137.777,139.278,139.278
21.96761918067932,0.0,0.9999847412109375,0.0,3,-0.00128806,3.0,14857.3,152.255,-2.41423,0.455374,-1.0,-1.0,-1.0,-1.0,-1.0,-1.0,-1.0,-1.0,-1.0,-1.0,-1.0,-1.0,-1.0,-1.0,-1.0,-1.0,-1.0,-1.0,-1.0,1.14522,139.759,139.177,143.176,143.176
21.989700317382812,0.0,0.49999237060546875,0.0,3,-0.00375211,3.0,15452.8,152.842,-2.38699,0.360218,-1.0,-1.0,-1.0,-1.0,-1.0,-1.0,-1.0,-1.0,-1.0,-1.0,-1.0,-1.0,-1.0,-1.0,-1.0,-1.0,-1.0,-1.0,-1.0,1.14316,140.409,139.701,148.697,148.697
22.012746810913086,0.0,0.9999847412109375,0.0,3,-0.00840008,3.0,15060.3,153.359,-2.75941,-0.113288,-1.0,-1.0,-1.0,-1.0,-1.0,-1.0,-1.0,-1.0,-1.0,-1.0,-1.0,-1.0,-1.0,-1.0,-1.0,-1.0,-1.0,-1.0,-1.0,1.14144,141.108,139.898,145.571,145.571
22.036317348480225,-0.0004913673687819391,0.9999847412109375,0.0,3,-0.0130084,3.0,15319.5,154.157,-3.04193,-0.00240288,-1.0,-1.0,-1.0,-1.0,-1.0,-1.0,-1.0,-1.0,-1.0,-1.0,-1.0,-1.0,-1.0,-1.0,-1.0,-1.0,-1.0,-1.0,-1.0,1.14012,141.655,140.29,148.172,148.172
22.05394697189331,-0.0012090514369122683,0.49999237060546875,0.0,3,-0.0162503,3.0,15565.8,154.934,-3.02764,0.342897,-1.0,-1.0,-1.0,-1.0,-1.0,-1.0,-1.0,-1.0,-1.0,-1.0,-1.0,-1.0,-1.0,-1.0,-1.0,-1.0,-1.0,-1.0,-1.0,1.1393,142.301,141.423,150.349,150.349
22.078022241592407,-0.002242585365756725,0.9999847412109375,0.0,3,-0.0207143,3.0,15108.9,155.461,-3.22492,0.257762,-1.0,-1.0,-1.0,-1.0,-1.0,-1.0,-1.0,-1.0,-1.0,-1.0,-1.0,-1.0,-1.0,-1.0,-1.0,-1.0,-1.0,-1.0,-1.0,1.13901,143.029,141.994,146.11,146.11
22.10142421722412,-0.0028724339675903323,0.49999237060546875,0.0,3,-0.0265274,3.0,15783.0,156.016,-3.67196,-0.0561414,-1.0,-1.0,-1.0,-1.0,-1.0,-1.0,-1.0,-1.0,-1.0,-1.0,-1.0,-1.0,-1.0,-1.0,-1.0,-1.0,-1.0,-1.0,-1.0,1.13918,143.588,142.22,152.238,152.238
22.12568712234497,-0.002861209820508957,0.9999847412109375,0.0,3,-0.0315244,3.0,14983.2,156.774,-3.91338,-0.03043,-1.0,-1.0,-1.0,-1.0,-1.0,-1.0,-1.0,-1.0,-1.0,-1.0,-1.0,-1.0,-1.0,-1.0,-1.0,-1.0,-1.0,-1.0,-1.0,1.13987,144.154,142.502,144.935,144.935
22.146485328674316,-0.0028522216182947156,0.9999847412109375,0.0,3,-0.0340974,3.0,15443.8,157.381,-3.57733,0.420991,-1.0,-1.0,-1.0,-1.0,-1.0,-1.0,-1.0,-1.0,-1.0,-1.0,-1.0,-1.0,-1.0,-1.0,-1.0,-1.0,-1.0,-1.0,-1.0,1.14131,144.551,143.836,149.035,149.035
22.163532733917236,-0.002843055725097656,0.49999237060546875,0.0,3,-0.0374975,3.0,15962.2,158.0,-3.55482,0.353016,-1.0,-1.0,-1.0,-1.0,-1.0,-1.0,-1.0,-1.0,-1.0,-1.0,-1.0,-1.0,-1.0,-1.0,-1.0,-1.0,-1.0,-1.0,-1.0,1.14343,145.178,144.326,154.157,154.157
22.186681032180786,-0.002835429820418358,0.9999847412109375,0.0,3,-0.0430692,3.0,15555.2,158.515,-3.97287,-0.110004,-1.0,-1.0,-1.0,-1.0,-1.0,-1.0,-1.0,-1.0,-1.0,-1.0,-1.0,-1.0,-1.0,-1.0,-1.0,-1.0,-1.0,-1.0,-1.0,1.14603,145.896,144.522,150.54,150.54
22.208793878555298,-0.00352737362128372,0.9999847412109375,0.0,3,-0.0479499,3.0,15832.2,159.306,-4.15468,0.0434662,-1.0,-1.0,-1.0,-1.0,-1.0,-1.0,-1.0,-1.0,-1.0,-1.0,-1.0,-1.0,-1.0,-1.0,-1.0,-1.0,-1.0,-1.0,-1.0,1.14919,146.452,144.977,152.767,152.767
22.232863187789917,-0.008187855579592288,0.49999237060546875,0.0,3,-0.0515462,3.0,16147.3,160.021,-4.07183,0.32433,-1.0,-1.0,-1.0,-1.0,-1.0,-1.0,-1.0,-1.0,-1.0,-1.0,-1.0,-1.0,-1.0,-1.0,-1.0,-1.0,-1.0,-1.0,-1.0,1.15307,147.067,146.115,155.746,155.746
22.252468585968018,-0.019664164794857303,0.9999847412109375,0.0,3,-0.0568401,3.0,15667.7,160.53,-4.33176,0.177292,-1.0,-1.0,-1.0,-1.0,-1.0,-1.0,-1.0,-1.0,-1.0,-1.0,-1.0,-1.0,-1.0,-1.0,-1.0,-1.0,-1.0,-1.0,-1.0,1.15759,147.781,146.583,151.687,151.687
22.276918649673462,-0.04878833738638088,0.49999237060546875,0.0,3,-0.0628422,3.0,16206.8,161.174,-4.77553,-0.0900679,-1.0,-1.0,-1.0,-1.0,-1.0,-1.0,-1.0,-1.0,-1.0,-1.0,-1.0,-1.0,-1.0,-1.0,-1.0,-1.0,-1.0,-1.0,-1.0,1.1627,148.311,146.722,156.493,156.493
22.30172610282898,-0.08336847939838966,0.9999847412109375,0.0,3,-0.0660962,3.0,15368.7,161.944,-4.74739,0.0684024,-1.0,-1.0,-1.0,-1.0,-1.0,-1.0,-1.0,-1.0,-1.0,-1.0,-1.0,-1.0,-1.0,-1.0,-1.0,-1.0,-1.0,-1.0,-1.0,1.16842,148.787,147.223,148.502,148.502
22.321877241134644,-0.09042973151763281,0.9999847412109375,0.0,3,-0.0644006,3.0,15881.2,162.493,-4.0424,0.559648,-1.0,-1.0,-1.0,-1.0,-1.0,-1.0,-1.0,-1.0,-1.0,-1.0,-1.0,-1.0,-1.0,-1.0,-1.0,-1.0,-1.0,-1.0,-1.0,1.17479,148.902,149.081,153.489,153.489
22.340018272399902,-0.09013313307126364,0.49999237060546875,0.0,3,-0.0612961,3.0,16496.6,163.108,-3.37983,0.27284,-1.0,-1.0,-1.0,-1.0,-1.0,-1.0,-1.0,-1.0,-1.0,-1.0,-1.0,-1.0,-1.0,-1.0,-1.0,-1.0,-1.0,-1.0,-1.0,1.18149,149.298,149.626,159.04,159.04
22.366710662841797,-0.08982833596865336,0.9999847412109375,0.0,3,-0.0588509,3.0,15942.5,163.74,-2.89976,-0.179604,-1.0,-1.0,-1.0,-1.0,-1.0,-1.0,-1.0,-1.0,-1.0,-1.0,-1.0,-1.0,-1.0,-1.0,-1.0,-1.0,-1.0,-1.0,-1.0,1.18833,149.883,149.745,154.026,154.026
22.38931679725647,-0.08940923995256422,0.9999847412109375,0.0,3,-0.0540272,3.0,16031.6,164.609,-2.08363,0.313892,-1.0,-1.0,-1.0,-1.0,-1.0,-1.0,-1.0,-1.0,-1.0,-1.0,-1.0,-1.0,-1.0,-1.0,-1.0,-1.0,-1.0,-1.0,-1.0,1.19532,150.373,150.875,154.93,154.93
22.4108567237854,-0.08911071241060892,0.49999237060546875,0.0,3,-0.0472907,3.0,16523.7,165.228,-1.15082,0.449565,-1.0,-1.0,-1.0,-1.0,-1.0,-1.0,-1.0,-1.0,-1.0,-1.0,-1.0,-1.0,-1.0,-1.0,-1.0,-1.0,-1.0,-1.0,-1.0,1.20229,150.826,152.081,159.455,159.455
22.43152666091919,-0.08886571727116903,0.9999847412109375,0.0,3,-0.040862,3.0,16128.8,165.736,-0.32284,-0.0107823,-1.0,-1.0,-1.0,-1.0,-1.0,-1.0,-1.0,-1.0,-1.0,-1.0,-1.0,-1.0,-1.0,-1.0,-1.0,-1.0,-1.0,-1.0,-1.0,1.20908,151.337,152.47,155.645,155.645
22.45370101928711,-0.09215174948745408,0.9999847412109375,0.0,3,-0.0350944,3.0,16346.1,166.565,0.366297,-0.0707963,-1.0,-1.0,-1.0,-1.0,-1.0,-1.0,-1.0,-1.0,-1.0,-1.0,-1.0,-1.0,-1.0,-1.0,-1.0,-1.0,-1.0,-1.0,-1.0,1.21558,151.838,152.551,158.238,158.238
22.475484609603882,-0.09924827104946599,0.9999847412109375,0.0,3,-0.0284603,3.0,16330.4,167.486,0.869851,0.476557,-1.0,-1.0,-1.0,-1.0,-1.0,-1.0,-1.0,-1.0,-1.0,-1.0,-1.0,-1.0,-1.0,-1.0,-1.0,-1.0,-1.0,-1.0,-1.0,1.22171,152.554,153.831,157.756,157.756
22.49702000617981,-0.1028157696257035,0.49999237060546875,0.0,3,-0.0202821,3.0,16909.0,168.06,1.60727,0.382233,-1.0,-1.0,-1.0,-1.0,-1.0,-1.0,-1.0,-1.0,-1.0,-1.0,-1.0,-1.0,-1.0,-1.0,-1.0,-1.0,-1.0,-1.0,-1.0,1.22721,153.121,154.604,162.7,162.7
22.517848014831543,-0.12297517047992598,0.9999847412109375,0.0,3,-0.0126399,3.0,16365.1,168.588,2.38362,-0.0979001,-1.0,-1.0,-1.0,-1.0,-1.0,-1.0,-1.0,-1.0,-1.0,-1.0,-1.0,-1.0,-1.0,-1.0,-1.0,-1.0,-1.0,-1.0,-1.0,1.23216,153.668,154.801,158.862,158.862
22.540764570236206,-0.1588416376025509,0.9999847412109375,0.0,3,-0.0061022,3.0,16568.2,169.423,2.66333,0.10195,-1.0,-1.0,-1.0,-1.0,-1.0,-1.0,-1.0,-1.0,-1.0,-1.0,-1.0,-1.0,-1.0,-1.0,-1.0,-1.0,-1.0,-1.0,-1.0,1.23647,154.272,155.194,159.772,159.772
22.563166856765747,-0.17818744480697749,0.49999237060546875,0.0,3,0.00286925,3.0,16852.7,170.077,3.11,0.407757,-1.0,-1.0,-1.0,-1.0,-1.0,-1.0,-1.0,-1.0,-1.0,-1.0,-1.0,-1.0,-1.0,-1.0,-1.0,-1.0,-1.0,-1.0,-1.0,1.23976,154.586,156.21,163.034,163.034
22.58633303642273,-0.19883605260400103,0.9999847412109375,0.0,3,0.0145289,3.0,16435.1,170.486,3.99782,0.121974,-1.0,-1.0,-1.0,-1.0,-1.0,-1.0,-1.0,-1.0,-1.0,-1.0,-1.0,-1.0,-1.0,-1.0,-1.0,-1.0,-1.0,-1.0,-1.0,1.24198,154.773,156.828,159.018,159.018
22.610365390777588,-0.2091571010482808,0.49999237060546875,0.0,3,0.0253609,3.0,16993.0,171.04,4.95469,-0.13502,-1.0,-1.0,-1.0,-1.0,-1.0,-1.0,-1.0,-1.0,-1.0,-1.0,-1.0,-1.0,-1.0,-1.0,-1.0,-1.0,-1.0,-1.0,-1.0,1.24323,155.039,156.967,164.168,164.168
22.625200748443604,-0.2139797852175931,0.9999847412109375,0.0,3,0.0354011,3.0,16140.4,171.669,5.27033,0.309873,-1.0,-1.0,-1.0,-1.0,-1.0,-1.0,-1.0,-1.0,-1.0,-1.0,-1.0,-1.0,-1.0,-1.0,-1.0,-1.0,-1.0,-1.0,-1.0,1.2433,155.419,157.413,156.165,156.165
22.65038537979126,-0.19730973108875255,0.49999237060546875,0.0,3,0.0460894,3.0,17085.7,171.864,5.62216,0.339078,-1.0,-1.0,-1.0,-1.0,-1.0,-1.0,-1.0,-1.0,-1.0,-1.0,-1.0,-1.0,-1.0,-1.0,-1.0,-1.0,-1.0,-1.0,-1.0,1.24176,155.831,157.902,164.603,164.603
22.67661762237549,-0.13334185262123746,0.9999847412109375,0.0,3,0.0573157,3.0,16562.7,172.32,6.52486,-0.0707165,-1.0,-1.0,-1.0,-1.0,-1.0,-1.0,-1.0,-1.0,-1.0,-1.0,-1.0,-1.0,-1.0,-1.0,-1.0,-1.0,-1.0,-1.0,-1.0,1.23898,156.104,158.14,160.209,160.209
22.691702842712402,-0.07520181348571245,0.9999847412109375,0.0,3,0.0669726,3.0,17115.2,172.827,6.98115,-0.0377202,-1.0,-1.0,-1.0,-1.0,-1.0,-1.0,-1.0,-1.0,-1.0,-1.0,-1.0,-1.0,-1.0,-1.0,-1.0,-1.0,-1.0,-1.0,-1.0,1.23506,156.796,158.418,164.939,164.939
22.718833684921265,-0.04307041327779492,0.49999237060546875,0.0,3,0.0755466,3.0,17317.8,173.5,7.09755,0.390929,-1.0,-1.0,-1.0,-1.0,-1.0,-1.0,-1.0,-1.0,-1.0,-1.0,-1.0,-1.0,-1.0,-1.0,-1.0,-1.0,-1.0,-1.0,-1.0,1.22971,157.714,159.452,167.13,167.13
22.74052357673645,-0.015180761775523424,0.9999847412109375,0.0,3,0.0848061,3.0,17020.4,173.793,7.66575,0.0537938,-1.0,-1.0,-1.0,-1.0,-1.0,-1.0,-1.0,-1.0,-1.0,-1.0,-1.0,-1.0,-1.0,-1.0,-1.0,-1.0,-1.0,-1.0,-1.0,1.22311,158.352,160.115,164.334,164.334
22.76053524017334,-0.006557358548312139,0.49999237060546875,0.0,3,0.0913194,3.0,17386.5,174.474,7.94923,-0.165968,-1.0,-1.0,-1.0,-1.0,-1.0,-1.0,-1.0,-1.0,-1.0,-1.0,-1.0,-1.0,-1.0,-1.0,-1.0,-1.0,-1.0,-1.0,-1.0,1.2155,158.902,160.279,167.998,167.998
22.78204846382141,-0.003234631243807574,0.9999847412109375,0.0,3,0.0936799,3.0,16547.9,175.132,7.12177,0.264104,-1.0,-1.0,-1.0,-1.0,-1.0,-1.0,-1.0,-1.0,-1.0,-1.0,-1.0,-1.0,-1.0,-1.0,-1.0,-1.0,-1.0,-1.0,-1.0,1.20673,160.072,160.659,160.222,160.222
22.804052591323853,-0.0015100130814438063,0.9999847412109375,0.0,3,0.0943397,3.0,17270.0,175.591,6.1309,0.290292,-1.0,-1.0,-1.0,-1.0,-1.0,-1.0,-1.0,-1.0,-1.0,-1.0,-1.0,-1.0,-1.0,-1.0,-1.0,-1.0,-1.0,-1.0,-1.0,1.19661,160.828,161.017,166.548,166.548
22.825119972229004,0.0,0.49999237060546875,0.0,3,0.0935761,3.0,17849.5,176.166,5.34467,-0.156334,-1.0,-1.0,-1.0,-1.0,-1.0,-1.0,-1.0,-1.0,-1.0,-1.0,-1.0,-1.0,-1.0,-1.0,-1.0,-1.0,-1.0,-1.0,-1.0,1.18554,161.527,161.219,172.745,172.745
22.846277952194214,0.0,0.9999847412109375,0.0,3,0.0912062,3.0,16889.1,176.989,4.24298,-0.135332,-1.0,-1.0,-1.0,-1.0,-1.0,-1.0,-1.0,-1.0,-1.0,-1.0,-1.0,-1.0,-1.0,-1.0,-1.0,-1.0,-1.0,-1.0,-1.0,1.17377,162.364,161.575,163.584,163.584
22.873750925064087,0.0,0.9999847412109375,0.0,3,0.0893054,3.0,17275.9,177.664,3.10655,0.267855,-1.0,-1.0,-1.0,-1.0,-1.0,-1.0,-1.0,-1.0,-1.0,-1.0,-1.0,-1.0,-1.0,-1.0,-1.0,-1.0,-1.0,-1.0,-1.0,1.16112,163.099,162.505,166.696,166.696
22.894575834274292,0.0,0.49999237060546875,0.0,3,0.0868404,3.0,17747.3,178.314,2.2394,0.057902,-1.0,-1.0,-1.0,-1.0,-1.0,-1.0,-1.0,-1.0,-1.0,-1.0,-1.0,-1.0,-1.0,-1.0,-1.0,-1.0,-1.0,-1.0,-1.0,1.1478,163.714,163.035,171.271,171.271
22.91559076309204,0.0,0.9999847412109375,0.0,3,0.0829926,3.0,16900.3,179.055,1.3061,-0.0896402,-1.0,-1.0,-1.0,-1.0,-1.0,-1.0,-1.0,-1.0,-1.0,-1.0,-1.0,-1.0,-1.0,-1.0,-1.0,-1.0,-1.0,-1.0,-1.0,1.1341,164.438,163.373,163.598,163.598
22.936803579330444,0.0,0.9999847412109375,0.0,3,0.0798926,3.0,17241.6,179.727,0.537813,0.412896,-1.0,-1.0,-1.0,-1.0,-1.0,-1.0,-1.0,-1.0,-1.0,-1.0,-1.0,-1.0,-1.0,-1.0,-1.0,-1.0,-1.0,-1.0,-1.0,1.12011,165.045,164.266,166.489,166.489
22.95881199836731,-0.0014684898645306627,0.9999847412109375,0.0,3,0.0773002,3.0,17664.7,180.387,0.0292619,0.336819,-1.0,-1.0,-1.0,-1.0,-1.0,-1.0,-1.0,-1.0,-1.0,-1.0,-1.0,-1.0,-1.0,-1.0,-1.0,-1.0,-1.0,-1.0,-1.0,1.10594,165.667,164.83,170.504,170.504
22.9827663898468,-0.0019476263510932524,0.49999237060546875,0.0,3,0.0735874,3.0,18107.7,181.048,-0.594141,-0.0294765,-1.0,-1.0,-1.0,-1.0,-1.0,-1.0,-1.0,-1.0,-1.0,-1.0,-1.0,-1.0,-1.0,-1.0,-1.0,-1.0,-1.0,-1.0,-1.0,1.09171,166.335,165.293,174.868,174.868
23.001363515853882,-0.0019384964202841123,0.9999847412109375,0.0,3,0.0703758,3.0,17096.5,181.84,-1.0397,0.279323,-1.0,-1.0,-1.0,-1.0,-1.0,-1.0,-1.0,-1.0,-1.0,-1.0,-1.0,-1.0,-1.0,-1.0,-1.0,-1.0,-1.0,-1.0,-1.0,1.07752,167.055,166.096,165.338,165.338
23.02323889732361,-0.001932974656575049,0.9999847412109375,0.0,3,0.0677133,3.0,17803.2,182.319,-1.29904,0.083665,-1.0,-1.0,-1.0,-1.0,-1.0,-1.0,-1.0,-1.0,-1.0,-1.0,-1.0,-1.0,-1.0,-1.0,-1.0,-1.0,-1.0,-1.0,-1.0,1.0635,167.492,166.787,171.784,171.784
23.049564599990845,-0.0019240176411221424,0.9999847412109375,0.0,3,0.0642483,3.0,18051.6,183.096,-1.67739,0.0547302,-1.0,-1.0,-1.0,-1.0,-1.0,-1.0,-1.0,-1.0,-1.0,-1.0,-1.0,-1.0,-1.0,-1.0,-1.0,-1.0,-1.0,-1.0,-1.0,1.04967,168.136,167.444,174.372,174.372
23.071783542633057,-0.0019137349412714439,0.9999847412109375,0.0,3,0.060645,3.0,18118.0,183.988,-2.01619,0.168769,-1.0,-1.0,-1.0,-1.0,-1.0,-1.0,-1.0,-1.0,-1.0,-1.0,-1.0,-1.0,-1.0,-1.0,-1.0,-1.0,-1.0,-1.0,-1.0,1.0361,168.936,168.205,175.009,175.009
23.091946601867676,0.0,0.9999847412109375,0.0,3,0.0569687,3.0,18054.1,184.994,-2.30248,0.180801,-1.0,-1.0,-1.0,-1.0,-1.0,-1.0,-1.0,-1.0,-1.0,-1.0,-1.0,-1.0,-1.0,-1.0,-1.0,-1.0,-1.0,-1.0,-1.0,1.02281,169.777,168.998,174.576,174.576
23.11150622367859,0.0010172619479273757,0.9999847412109375,0.0,3,0.0547459,3.0,17880.1,186.109,-2.21052,0.196303,-1.0,-1.0,-1.0,-1.0,-1.0,-1.0,-1.0,-1.0,-1.0,-1.0,-1.0,-1.0,-1.0,-1.0,-1.0,-1.0,-1.0,-1.0,-1.0,1.00994,170.651,170.143,172.784,172.784
23.131726026535034,0.0024144534575752915,0.9999847412109375,0.0,3,0.0537781,3.0,17887.1,187.094,-1.88643,0.195855,0.0218721,0.0532759,0.0942518,0.213811,0.911301,110.806,118.66,123.921,127.2,130.203,132.99,135.6,139.01,142.616,97.2234,68.4705,46.0642,31.8827,16.1074,0.997565,171.471,171.218,172.801,172.801
23.1576669216156,0.0029984124323353166,0.9999847412109375,0.0,3,0.0534371,3.0,17954.6,188.035,-1.5113,0.185493,0.129119,0.314252,0.555409,1.25643,5.26977,109.803,117.531,122.737,125.989,128.971,131.739,134.334,137.726,141.316,96.9094,68.1917,45.8467,31.7187,16.0159,0.985618,172.285,172.177,173.441,173.441
23.18148136138916,0.004368309551328421,0.9999847412109375,0.0,3,0.053305,3.0,18037.2,188.963,-1.17422,0.170987,0.233184,0.567347,1.00235,2.26506,9.44223,108.922,116.486,121.624,124.842,127.796,130.542,133.118,136.488,140.058,96.4909,67.844,45.6014,31.5437,15.9243,0.974022,173.12,173.072,174.236,174.236
23.205381870269775,0.0069043300401667755,0.9999847412109375,0.0,3,0.0531709,3.0,18121.0,189.888,-0.904276,0.15674,0.334764,0.814235,1.43799,3.24594,13.4482,108.019,115.428,120.499,123.683,126.611,129.335,131.892,135.24,138.79,96.1683,67.506,45.3625,31.3732,15.8349,0.9627,173.972,173.934,175.046,175.046
23.22110915184021,0.007843824377059935,0.9999847412109375,0.0,3,0.0528672,3.0,18201.8,190.812,-0.701729,0.146045,0.434059,1.05498,1.86155,4.19172,17.1304,106.992,114.283,119.3,122.457,125.362,128.067,130.609,133.939,137.472,96.1758,67.2402,45.1574,31.2195,15.7498,0.95162,174.838,174.773,175.828,175.828
23.241631984710693,0.007798344504833221,0.9999847412109375,0.0,4,0.0523438,3.0,18280.5,191.735,-0.574516,0.139742,0.531443,1.29007,2.273,5.09672,20.3573,105.82,113.032,118.011,121.147,124.035,126.726,129.256,132.572,136.092,96.8882,67.0635,44.9932,31.0855,15.6693,0.940732,175.71,175.602,176.589,176.589
23.267058849334717,0.00778513908147812,0.9999847412109375,0.0,4,0.051733,4.0,14805.7,192.003,-0.475758,0.139081,0.62706,1.51997,2.67346,5.96571,23.2244,104.59,111.738,116.684,119.802,122.676,125.354,127.874,131.177,134.686,140.649,66.9252,44.8471,30.9608,15.5914,0.930021,176.38,176.254,169.491,169.364
23.287668228149414,0.005072454224070534,0.9999847412109375,0.0,4,0.0511016,4.0,14780.0,191.723,-0.395306,0.136465,0.720546,1.74397,3.06203,6.79906,25.8044,103.349,110.437,115.351,118.452,121.31,123.977,126.486,129.776,133.274,139.223,66.8016,44.709,30.8408,15.5155,0.919531,176.293,176.16,169.168,169.032
23.30798363685608,0.0,0.9999847412109375,0.0,4,0.0504746,4.0,14178.1,191.42,-0.356088,0.136971,0.812138,1.96275,3.44015,7.60171,28.1613,102.115,109.14,114.021,117.104,119.948,122.602,125.1,128.378,131.865,137.799,66.6823,44.5741,30.7233,15.441,0.909239,176.037,175.907,168.637,168.366
23.332796573638916,-0.002343447911739349,0.9999847412109375,0.0,4,0.0500858,4.0,14695.6,191.74,-0.33274,0.148653,0.90262,2.17943,3.81582,8.40674,30.6951,101.026,107.949,112.781,115.839,118.662,121.298,123.781,127.042,130.512,136.424,66.4759,44.4019,30.5895,15.3643,0.899084,175.969,175.889,174.578,174.578
23.353410005569458,-0.00879523628950119,0.9999847412109375,0.0,4,0.0500251,4.0,14752.0,192.407,-0.278561,0.166928,0.992928,2.39714,4.19629,9.2407,33.6649,100.124,106.896,111.658,114.68,117.474,120.086,122.549,125.786,129.234,135.115,66.1452,44.1758,30.4314,15.2834,0.88898,176.453,176.438,175.284,175.284
23.37456440925598,-0.009851136661525815,0.9999847412109375,0.0,4,0.0504414,4.0,14788.4,193.086,-0.209168,0.184637,1.0837,2.61884,4.58968,10.1392,37.5146,99.4758,106.035,110.7,113.673,116.427,119.007,121.442,124.646,128.063,133.901,65.6347,43.871,30.2374,15.196,0.878887,177.008,177.091,175.719,175.719
23.39647340774536,-0.009808634274741634,0.9999847412109375,0.0,4,0.0512872,4.0,14826.7,193.763,-0.0892488,0.199923,1.17567,2.84677,5.00091,11.1203,42.5163,99.0273,105.336,109.884,112.796,115.503,118.043,120.444,123.608,126.988,132.77,64.9648,43.4955,30.0108,15.1024,0.868731,177.574,177.746,176.171,176.171
23.424180030822754,-0.0023035710936784746,0.9999847412109375,0.0,4,0.0523078,4.0,14870.7,194.433,0.0332126,0.208248,1.26884,3.07982,5.42584,12.1628,48.5059,98.624,104.686,109.114,111.964,114.62,117.118,119.483,122.605,125.945,131.669,64.2346,43.0923,29.7709,15.0058,0.858489,178.163,178.374,176.691,176.691
23.44366717338562,0.004964292374867946,0.9999847412109375,0.0,4,0.0530738,4.0,14919.8,195.098,0.141447,0.207164,1.36276,3.31384,5.85082,13.1965,54.4336,98.0563,103.917,108.243,111.04,113.652,116.113,118.447,121.531,124.835,130.508,63.6007,42.7302,29.5491,14.9119,0.848143,178.795,178.96,177.272,177.272
23.462175369262695,0.012028127320607504,0.9999847412109375,0.0,4,0.0532373,4.0,14972.1,195.76,0.172391,0.195531,1.45645,3.54303,6.25838,14.1345,58.7389,97.1829,102.909,107.164,109.922,112.503,114.936,117.247,120.304,123.582,129.217,63.1841,42.4637,29.3708,14.8258,0.837733,179.462,179.507,177.893,177.893
23.48854923248291,0.014559220636747779,0.9999847412109375,0.0,4,0.0526993,4.0,15026.7,196.419,0.125907,0.16664,1.54907,3.76353,6.63771,14.9261,60.5469,95.9828,101.638,105.851,108.586,111.148,113.566,115.862,118.902,122.164,127.778,63.017,42.3075,29.2431,14.7488,0.82731,180.139,180.04,178.541,178.541
23.509032011032104,0.015876620694830392,0.9999847412109375,0.0,4,0.0515686,4.0,15079.8,197.077,0.0106179,0.13853,1.64019,3.97423,6.987,15.571,60.2114,94.5181,100.15,104.346,107.071,109.623,112.033,114.322,117.354,120.609,126.214,63.0624,42.245,29.1584,14.6799,0.816922,180.812,180.585,179.174,179.174
23.52780294418335,0.015808929394679143,0.9999847412109375,0.0,4,0.05007,4.0,15138.9,197.729,-0.134011,0.101407,1.7296,4.17608,7.3113,16.1058,58.7722,92.8926,98.5289,102.722,105.444,107.993,110.399,112.686,115.715,118.967,124.57,63.245,42.2426,29.1013,14.6165,0.806621,181.459,181.15,179.876,179.876
23.55050802230835,0.014372373149916531,0.9999847412109375,0.0,4,0.0483967,4.0,15185.0,198.39,-0.274842,0.0754135,1.81712,4.37021,7.61616,16.5682,57.0274,91.1922,96.8459,101.042,103.764,106.312,108.717,111.002,114.03,117.282,122.886,63.5002,42.2715,29.0588,14.5563,0.796461,182.086,181.736,180.427,180.427
23.572691917419434,0.014309806259348988,0.9999847412109375,0.0,4,0.0467503,4.0,15230.3,199.05,-0.391883,0.0622575,1.90281,4.55882,7.90963,17.0023,55.555,89.5071,95.174,99.3703,102.091,104.636,107.04,109.323,112.348,115.598,121.202,63.7568,42.3007,29.017,14.4971,0.786476,182.694,182.346,180.965,180.965
23.595189571380615,0.014247334167100487,0.9999847412109375,0.0,4,0.0451968,4.0,15274.8,199.709,-0.463864,0.0595833,1.98669,4.74272,8.19481,17.4238,54.4365,87.8681,93.5375,97.7287,100.445,102.986,105.385,107.664,110.685,113.931,119.531,63.9903,42.3199,28.9712,14.4381,0.776684,183.291,182.96,181.495,181.495
23.61816382408142,0.01418495687317103,0.9999847412109375,0.0,4,0.0437119,4.0,15319.7,200.367,-0.507689,0.0500184,2.06843,4.92109,8.46999,17.827,53.5396,86.2642,91.927,96.1088,98.8181,101.353,103.746,106.02,109.035,112.275,117.869,64.2101,42.3336,28.9237,14.3799,0.767118,183.882,183.565,182.027,182.027
23.6412672996521,0.014122863974198699,0.9999847412109375,0.0,4,0.0422928,4.0,15366.0,201.022,-0.530159,0.0372935,2.14802,5.09395,8.7354,18.2129,52.815,84.6941,90.3416,94.5096,97.2096,99.736,102.122,104.389,107.396,110.629,116.214,64.417,42.3422,28.875,14.3225,0.757783,184.475,184.172,182.578,182.578
23.663276195526123,0.0140615294617787,0.9999847412109375,0.0,4,0.0409074,4.0,15421.5,201.669,-0.541297,0.0185912,2.22527,5.26061,8.98938,18.5749,52.1711,83.1432,88.7694,92.9203,95.6095,98.1263,100.504,102.764,105.761,108.985,114.56,64.6234,42.3515,28.8275,14.2666,0.748694,185.073,184.778,183.223,183.223
23.682540893554688,0.0140001949493587,0.9999847412109375,0.0,4,0.0395062,4.0,15474.4,202.316,-0.554537,-0.0173406,2.30011,5.42041,9.22981,18.9035,51.5114,81.5898,87.1929,91.3257,94.0034,96.5102,98.8786,101.131,104.119,107.334,112.897,64.8488,42.3695,28.7849,14.2128,0.739847,185.667,185.37,183.866,183.866
23.710127353668213,0.013938291647024453,0.9999847412109375,0.0,4,0.0380925,4.0,15519.5,202.969,-0.565821,-0.0402137,2.37241,5.57315,9.4566,19.2,50.8411,80.0352,85.613,89.7267,92.3922,94.8886,97.2472,99.4911,102.469,105.675,111.226,65.093,42.3961,28.7473,14.1612,0.73126,186.268,185.969,184.402,184.402
23.729156494140625,0.013876577941328287,0.9999847412109375,0.0,4,0.0366772,4.0,15564.3,203.62,-0.573773,-0.0534663,2.44226,5.71923,9.67082,19.4686,50.1799,78.4849,84.0343,88.127,90.7794,93.2645,95.6129,97.8479,100.815,104.011,109.548,65.3518,42.4297,28.7138,14.1115,0.722924,186.868,186.568,184.935,184.935
23.747849464416504,0.013814959033951163,0.9999847412109375,0.0,4,0.0352691,4.0,15608.7,204.27,-0.57845,-0.0626275,2.50962,5.8587,9.87291,19.7119,49.5376,76.9435,82.4599,86.5294,89.1676,91.6404,93.9778,96.2032,99.1583,102.344,107.867,65.681,42.469,28.6839,14.0638,0.714852,187.463,187.164,185.462,185.462
23.77259874343872,0.013753529723212123,0.9999847412109375,0.0,4,0.0338875,4.0,15654.0,204.918,-0.57849,-0.0762315,2.57447,5.99191,10.0641,19.9352,48.9367,75.4193,80.8968,84.9401,87.5626,90.0217,92.3471,94.5618,97.5042,100.678,106.184,66.3144,42.511,28.6565,14.0179,0.707049,188.054,187.76,186.0,186.0
23.79591464996338,0.013692290009111168,0.9999847412109375,0.0,4,0.0325216,4.0,15700.4,205.564,-0.574854,-0.083294,2.63689,6.11892,10.2442,20.1376,48.3586,73.9081,79.3415,83.3558,85.9613,88.4056,90.718,92.9213,95.85,99.0106,104.499,67.6068,42.5574,28.6321,13.9738,0.699508,188.648,188.358,186.551,186.551
23.818243503570557,0.013631903479881585,0.9999847412109375,0.0,4,0.0311414,4.0,15756.1,206.201,-0.575992,-0.108459,2.69676,6.23913,10.4119,20.3132,47.7624,72.3972,77.7836,81.7676,84.3553,86.784,89.083,91.2741,94.1886,97.3356,102.806,112.457,42.6136,28.6132,13.932,0.692234,189.239,188.946,187.213,187.213
23.836431741714478,0.01357085336241871,0.9999847412109375,0.0,4,0.0297402,4.0,15802.4,206.845,-0.58037,-0.126026,2.75403,6.3524,10.5667,20.4615,47.1422,70.8842,76.2212,80.1735,82.7428,85.1553,87.4404,89.6189,92.5186,95.6514,101.102,110.735,42.681,28.6004,13.8927,0.68523,189.832,189.535,187.764,187.764
23.860438108444214,0.013509992841593921,0.9999847412109375,0.0,4,0.0283295,4.0,15847.7,207.487,-0.584869,-0.137052,2.80875,6.45906,10.7096,20.586,46.5143,69.3746,74.6587,78.5775,81.1274,83.5228,85.7933,87.9587,90.8429,93.9605,99.3903,109.004,42.7579,28.5928,13.8556,0.678495,190.425,190.126,188.303,188.303
23.881110668182373,0.01344913232076913,0.9999847412109375,0.0,4,0.0269177,4.0,15892.5,208.129,-0.588008,-0.142302,2.86088,6.55918,10.8411,20.6891,45.8876,67.8723,73.0992,76.9822,79.5115,81.8889,84.1439,86.2955,89.1632,92.2649,97.6726,107.264,42.843,28.5901,13.8207,0.672039,191.016,190.716,188.835,188.835
23.90213704109192,0.014662641595645497,0.9999847412109375,0.0,4,0.0255587,4.0,15937.6,208.77,-0.58976,-0.151496,2.91066,6.65412,10.9648,20.7836,45.3181,66.4005,71.5613,75.4042,77.9106,80.2681,82.506,84.6426,87.4921,90.5764,95.9596,105.526,42.9268,28.5881,13.7874,0.665854,191.597,191.308,189.371,189.371
23.924301147460938,0.014596403789669277,0.9999847412109375,0.0,4,0.0241777,4.0,15983.5,209.408,-0.578891,-0.155521,2.95783,6.74233,11.0765,20.854,44.7248,64.9279,70.0197,73.8211,76.3038,78.6408,80.8609,82.9819,85.8125,88.8787,94.2364,103.775,43.0227,28.5925,13.7566,0.659945,192.186,191.892,189.916,189.916
23.94883108139038,0.01866347804803401,0.9999847412109375,0.0,4,0.0227197,4.0,16034.5,210.041,-0.584914,-0.166177,3.00212,6.82242,11.1726,20.8889,44.0573,63.4326,68.4568,72.2171,74.6761,76.9927,79.195,81.3005,84.112,87.1603,92.4922,102.004,43.1414,28.608,13.7291,0.654326,192.778,192.47,190.52,190.52
23.968599319458008,0.021607325222343203,0.9999847412109375,0.0,4,0.0210598,4.0,16081.7,210.675,-0.595485,-0.177335,3.04292,6.89132,11.2453,20.8625,43.2117,61.8659,66.8327,70.5567,72.9942,75.2921,77.4779,79.5691,82.3629,85.3946,90.7028,100.19,43.3072,28.6448,13.7068,0.649019,193.38,193.03,191.082,191.082
23.990724086761475,0.021509155928492545,0.9999847412109375,0.0,4,0.0190791,4.0,16127.7,211.308,-0.638557,-0.185082,3.07961,6.94596,11.2872,20.7526,42.1135,60.1838,65.1112,68.8071,71.227,73.5097,75.6814,77.7607,80.5393,83.5571,88.8451,98.3137,43.5444,28.7131,13.6915,0.644054,193.993,193.578,191.63,191.63
24.01684856414795,0.02299668032404346,0.9999847412109375,0.0,4,0.0168877,4.0,16173.2,211.939,-0.710239,-0.188763,3.1123,6.98826,11.3044,20.5846,40.8926,58.4328,63.3297,67.0013,69.4056,71.6746,73.8338,75.9018,78.6666,81.6713,86.9408,96.3928,43.8358,28.8055,13.6822,0.639458,194.596,194.136,192.171,192.171
24.037755966186523,0.022891741864926495,0.9999847412109375,0.0,4,0.0145909,4.0,16218.7,212.569,-0.777229,-0.19228,3.14108,7.02011,11.3029,20.3813,39.6497,56.6557,61.5231,65.1706,67.5591,69.8144,71.9607,74.0174,76.7684,79.7596,85.0103,94.4452,44.1642,28.9146,13.6775,0.635261,195.186,194.701,192.711,192.711
24.061298370361328,0.02278713654377498,0.9999847412109375,0.0,4,0.0122417,4.0,16264.4,213.197,-0.837607,-0.19283,3.16576,7.04196,11.2849,20.1528,38.425,54.8738,59.7084,63.3299,65.7016,67.9421,70.0752,72.1194,74.8559,77.8327,83.0634,92.4792,44.5219,29.0374,13.6774,0.631507,195.77,195.272,193.254,193.254
24.083926916122437,0.022683030929571642,0.9999847412109375,0.0,4,0.00988317,4.0,16311.7,213.822,-0.885488,-0.194525,3.18654,7.05499,11.2536,19.9086,37.2464,53.1056,57.9005,61.4922,63.8456,66.0694,68.1878,70.2187,72.9391,75.9,81.1085,90.5021,44.9015,29.1706,13.6811,0.628193,196.347,195.846,193.816,193.816
24.100435256958008,0.0225789253153683,0.9999847412109375,0.0,4,0.00752616,4.0,16357.9,214.447,-0.921866,-0.196705,3.20323,7.05908,11.2091,19.6503,36.113,51.3563,56.1031,59.6607,61.9936,64.1989,66.3013,68.3175,71.0201,73.9637,79.1476,88.5157,45.3359,29.3141,13.6889,0.625347,196.92,196.42,194.365,194.365
24.124913215637207,0.02247515283913041,0.9999847412109375,0.0,4,0.00517654,4.0,16403.8,215.07,-0.948196,-0.198245,3.21585,7.05446,11.1521,19.3794,35.0223,49.6296,54.3189,57.8378,60.1479,62.3326,64.4172,66.4174,69.1006,72.0252,77.1819,86.5209,46.0267,29.4677,13.7007,0.622975,197.493,196.994,194.91,194.91
24.14696478843689,0.022371380362892518,0.9999847412109375,0.0,4,0.00287592,4.0,16449.3,215.693,-0.967093,-0.19901,3.2244,7.04181,11.0846,19.1021,33.989,47.9416,52.5608,56.0349,58.3191,60.4807,62.5453,64.5277,67.1889,70.0928,75.2191,84.5242,47.1629,29.6283,13.7161,0.621095,198.061,197.572,195.451,195.451
24.16602921485901,0.02073279655247927,0.9999847412109375,0.0,4,0.000623584,4.0,16494.6,216.314,-0.971332,-0.194814,3.22898,7.02142,11.0072,18.819,33.0054,46.2932,50.8296,54.2528,56.5074,58.6434,60.6855,62.6485,65.2854,68.1663,73.2592,82.5256,49.3311,29.796,13.735,0.619698,198.628,198.149,195.99,195.99
24.191101789474487,0.01261452791992575,0.9999847412109375,0.0,4,-0.00156999,4.0,16539.8,216.933,-0.971785,-0.190902,3.22961,6.99356,10.9205,18.5312,32.0692,44.688,49.1283,52.494,54.7156,56.8236,58.8406,60.7821,63.3924,66.248,71.3037,80.5264,93.951,29.9699,13.7575,0.61879,199.192,198.726,196.527,196.527
24.21392273902893,0.0015283815316359203,0.9999847412109375,0.0,4,-0.00337803,4.0,16583.0,217.554,-0.964644,-0.183852,3.22754,6.96529,10.8416,18.2869,31.3146,43.2383,47.5508,50.8434,53.024,55.0973,57.084,58.9993,61.5777,64.4027,69.4135,78.5809,91.981,30.1207,13.7788,0.618348,199.728,199.34,197.041,197.041
24.236366510391235,-0.008276099911686034,0.9999847412109375,0.0,4,-0.00432837,4.0,16627.4,218.174,-0.888618,-0.176791,3.22524,6.94794,10.7967,18.1544,30.9211,42.0889,46.2236,49.4174,51.5434,53.5712,55.5188,57.4,59.9373,62.7228,67.6751,76.7675,90.1191,30.2034,13.7912,0.61826,200.215,200.002,197.569,197.569
24.257869005203247,-0.0509028141991763,0.9999847412109375,0.0,4,-0.00419545,4.0,16672.4,218.793,-0.70964,-0.172086,3.22439,6.94783,10.799,18.1662,30.9643,41.2696,45.1855,48.2564,50.3148,52.286,54.1851,56.0241,58.5106,61.247,66.1263,75.1215,88.3973,30.1944,13.7907,0.618411,200.674,200.686,198.103,198.103
24.27910327911377,-0.10796488668928546,0.9999847412109375,0.0,4,-0.00164533,4.0,16718.2,219.408,-0.464718,-0.168529,3.23162,6.99692,10.9242,18.5329,32.0578,41.1014,44.7398,47.6498,49.6191,51.515,53.3499,55.1325,57.5508,60.2211,65.0008,73.8573,87.0038,29.9716,13.7563,0.618524,200.976,201.485,198.646,198.646
24.299773454666138,-0.17272394999027252,0.9999847412109375,0.0,4,0.00508678,4.0,16768.9,220.002,0.114554,-0.157151,3.25738,7.14431,11.2922,19.6164,34.5133,41.8914,45.2075,47.9207,49.7766,51.5763,53.3279,55.0362,57.3644,59.9455,64.5886,73.2463,86.1806,29.3862,13.6605,0.618072,201.04,202.368,199.245,199.245
24.323262214660645,-0.24205613524328917,0.9999847412109375,0.0,4,0.0164834,4.0,16828.8,220.556,1.14886,-0.149843,3.30912,7.42408,11.9994,21.812,37.2411,43.5087,46.52,49.0307,50.7669,52.4621,54.1199,55.7447,57.9691,60.4455,64.9239,73.331,85.9752,28.4337,13.4958,0.616498,200.937,203.148,199.951,199.951
24.345334768295288,-0.2942603815941978,0.9999847412109375,0.0,4,0.0316763,4.0,16891.0,221.057,2.54918,-0.128808,3.39112,7.85468,13.1242,25.6795,40.0554,45.5879,48.3465,50.6792,52.3047,53.9001,55.4685,57.0109,59.1302,61.5,65.8048,73.9357,86.2417,27.2386,13.2748,0.61321,200.734,203.684,200.687,200.687
24.36373519897461,-0.3454310419453308,0.9999847412109375,0.0,4,0.0491426,4.0,16962.2,221.495,4.13726,-0.111845,3.50448,8.44306,14.7441,31.091,42.7385,47.7684,50.3306,52.5154,54.0475,55.5566,57.0445,58.5126,60.536,62.8047,66.9426,74.7993,86.7539,25.9583,13.0187,0.60778,200.527,203.999,201.532,201.532
24.391942739486694,-0.3688765967134511,0.9999847412109375,0.0,4,0.0675471,4.0,17030.8,221.881,5.71946,-0.100969,3.64962,9.19746,16.9754,34.9614,45.1587,49.8276,52.2356,54.3013,55.7546,57.1907,58.6102,60.0132,61.9512,64.1301,68.115,75.7115,38.1418,24.6997,12.7445,0.599899,200.293,204.079,202.351,202.351
24.4125394821167,-0.40607471147040525,0.9999847412109375,0.0,4,0.0859531,4.0,17092.8,222.228,7.16038,-0.0884854,3.82697,10.1308,20.0026,37.9279,47.2565,51.6519,53.9364,55.9041,57.2924,58.6664,60.0267,61.374,63.2375,65.336,69.1834,76.542,34.5058,23.5151,12.4624,0.58937,200.14,204.081,203.092,203.092
24.43261408805847,-0.4116135048715119,0.9999847412109375,0.0,4,0.103953,4.0,17147.0,222.541,8.39156,-0.0660355,4.03841,11.2711,24.1238,40.327,49.0463,53.2241,55.4074,57.2924,58.6247,59.9459,61.2553,62.5531,64.351,66.3788,70.1025,77.2426,31.8272,22.412,12.1753,0.576023,199.949,203.945,203.74,203.74
24.456631898880005,-0.41064792034663256,0.9999847412109375,0.0,4,0.121152,4.0,17190.4,222.84,9.39273,-0.0458733,4.28463,12.6433,27.6917,42.271,50.5266,54.5248,56.6214,58.436,59.7205,60.9948,62.2594,63.5143,65.2542,67.2182,70.8308,77.7733,29.6797,21.3936,11.8858,0.559779,199.893,203.859,204.269,204.269
24.47782802581787,-0.4096629595436621,0.9999847412109375,0.0,4,0.137046,4.0,17216.7,223.145,10.0602,-0.0105362,4.56489,14.2577,30.2374,43.7876,51.6684,55.5142,57.5372,59.2901,60.5322,61.7661,62.9917,64.2081,65.8962,67.8043,71.3173,78.0834,27.9147,20.464,11.5966,0.540564,199.977,203.817,204.58,204.58
24.49776530265808,-0.3957434869559668,0.9999847412109375,0.0,4,0.151427,4.0,17242.2,223.454,10.3858,0.0163915,4.87875,16.1257,32.133,44.918,52.4836,56.1971,58.1545,59.8532,61.0584,62.2561,63.4461,64.6286,66.2712,68.1284,71.5529,78.1621,26.4325,19.6138,11.3073,0.518346,200.168,203.804,204.886,204.886
24.5229754447937,-0.2935421081433693,0.9999847412109375,0.0,4,0.164428,4.0,17264.4,223.776,10.4218,0.0306356,5.22707,18.2734,33.5694,45.7353,53.0241,56.6194,58.5184,60.1685,61.3397,62.5046,63.6631,64.815,66.4155,68.227,71.5706,78.0398,25.1491,18.823,11.0151,0.493127,200.514,203.906,205.151,205.151
24.5432391166687,-0.19311894715670497,0.9999847412109375,0.0,4,0.17626,4.0,17282.4,224.117,10.2317,0.0475755,5.61097,20.2423,34.6674,46.3028,53.3441,56.8311,58.6768,60.2816,61.4218,62.5569,63.6863,64.8096,66.3714,68.1412,71.4101,77.7502,24.0063,18.0738,10.7172,0.464936,201.51,204.582,205.367,205.367
24.561096668243408,-0.14667761141406063,0.9999847412109375,0.0,4,0.187073,4.0,17295.4,224.499,9.89341,0.0686317,6.03111,21.7948,35.5013,46.6673,53.4803,56.8676,58.6631,60.226,61.3376,62.4447,63.5465,64.6431,66.1695,67.8997,71.0997,77.3192,22.9685,17.3538,10.4116,0.43382,202.949,205.638,205.524,205.524
24.58660364151001,-0.1001541064055264,0.9999847412109375,0.0,4,0.196493,4.0,17296.2,224.948,9.35005,0.0941316,6.48253,22.9937,36.0629,46.7985,53.3988,56.6928,58.4413,59.9654,61.0501,62.1306,63.2069,64.2789,65.7719,67.4652,70.6017,76.71,22.0466,16.676,10.1007,0.399879,204.175,206.456,205.546,205.546
24.60971999168396,-0.06006432017008464,0.9999847412109375,0.0,4,0.203983,4.0,17293.8,225.456,8.52442,0.133914,6.95703,23.8579,36.3229,46.651,53.0496,56.2545,57.9591,59.4465,60.5054,61.5613,62.6138,63.6629,65.1246,66.784,69.8621,75.8694,21.262,16.0572,9.78735,0.363192,205.292,207.1,205.51,205.51
24.629985809326172,-0.03966406319040184,0.9999847412109375,0.0,4,0.209173,4.0,17297.9,226.006,7.43715,0.16274,7.44442,24.4038,36.2736,46.2038,52.4062,55.5252,57.1875,58.6395,59.6742,60.7067,61.7367,62.7641,64.1964,65.8241,68.8484,74.7646,20.6302,15.5053,9.47355,0.323968,206.349,207.617,205.557,205.557
24.655011653900146,-0.03188736651839688,0.9999847412109375,0.0,4,0.212216,4.0,17308.6,226.586,6.15104,0.175154,7.93859,24.6858,35.9637,45.4986,51.5061,54.5405,56.1612,57.5785,58.5896,59.5993,60.6076,61.6138,63.0179,64.6155,67.5885,73.4208,20.1416,15.016,9.15856,0.282472,207.272,208.036,205.679,205.679
24.672693014144897,-0.02825969874841472,0.9999847412109375,0.0,4,0.213958,4.0,17328.1,227.176,4.83626,0.199393,8.4423,24.8004,35.5036,44.6484,50.4613,53.4111,54.9902,56.3729,57.3604,58.3475,59.3339,60.3191,61.6953,63.2629,66.1852,71.9356,19.7513,14.5686,8.83822,0.239005,208.058,208.492,205.906,205.906
24.69554090499878,-0.026470090341567998,0.9999847412109375,0.0,4,0.215312,4.0,17355.3,227.765,3.71696,0.221046,8.957,24.8303,34.9932,43.7601,49.3802,52.2454,53.7828,55.1306,56.0943,57.0585,58.0229,58.9869,60.3348,61.872,64.7426,70.4098,19.4118,14.1422,8.50878,0.193859,208.704,209.017,206.226,206.226
24.71938133239746,-0.023198624470320846,0.9999847412109375,0.0,4,0.216639,4.0,17376.0,228.361,2.83825,0.26422,9.43253,24.8062,34.4667,42.8702,48.3008,51.0819,52.5774,53.8903,54.8302,55.7713,56.7134,57.6559,58.9751,60.4814,63.2993,68.8807,19.1108,13.7321,8.16994,0.14729,209.283,209.575,206.474,206.474
24.73764157295227,-0.023087245745646454,0.9999847412109375,0.0,4,0.217968,4.0,17412.1,228.945,2.1823,0.314725,9.85647,24.7324,33.9235,41.9783,47.2229,49.9206,51.3744,52.6524,53.5682,54.4862,55.4059,56.3268,57.617,59.092,61.8563,67.3498,18.8596,13.3423,7.82331,0.0995413,209.845,210.132,206.896,206.896
24.76479411125183,-0.026089610538482667,0.9999847412109375,0.0,4,0.219437,4.0,17455.5,229.522,1.71689,0.34788,10.2325,24.6192,33.3727,41.0941,46.1573,48.7727,50.185,51.4283,52.3202,53.215,54.1123,55.0113,56.2723,57.7157,60.4257,65.8293,18.6638,12.974,7.48255,0.0508103,210.374,210.686,207.409,207.409
24.782287120819092,-0.05319807678461075,0.9999847412109375,0.0,4,0.221272,4.0,17501.1,230.097,1.41764,0.364037,10.5656,24.4812,32.8302,40.2355,45.123,47.6579,49.0293,50.2382,51.1064,51.9782,52.8531,53.7304,54.9621,56.3738,59.0289,64.3407,18.5218,12.6248,7.158,0.00118725,210.868,211.256,207.95,207.95
24.803455114364624,-0.09305701591074467,0.9999847412109375,0.0,4,0.224663,4.0,17547.0,230.661,1.26771,0.406832,10.8749,24.3858,32.383,39.503,44.2273,46.686,48.0183,49.1943,50.0397,50.8892,51.7423,52.5984,53.8014,55.1818,57.7825,63.0009,18.3348,12.264,6.84467,-0.049342,211.212,211.916,208.496,208.496
24.826299905776978,-0.1594399452209473,0.9999847412109375,0.0,4,0.21321,4.0,17593.9,231.208,1.46884,0.439986,11.184,24.4053,32.1231,39.0047,43.5865,45.9771,47.274,48.4199,49.2443,50.0732,50.9059,51.7421,52.918,54.2686,56.8169,61.942,17.9483,11.8506,6.53519,-0.0990194,211.357,212.64,209.056,209.056
24.848840951919556,-0.23389356173574927,0.9999847412109375,0.0,4,0.205061,4.0,17631.3,231.73,2.04846,0.509653,11.5077,24.5713,32.0878,38.7837,43.248,45.5803,46.8467,47.9666,48.7725,49.5828,50.3972,51.2154,52.3668,53.6903,56.1903,61.2242,17.268,11.3636,6.22536,-0.146061,211.302,213.277,209.494,209.494
24.871500968933105,-0.2790677919983864,0.9999847412109375,0.0,4,0.200383,4.0,17689.2,232.183,3.02748,0.596389,11.8507,24.8746,32.2588,38.8162,43.1871,45.471,46.712,47.8094,48.599,49.3933,50.1919,50.9944,52.1242,53.4236,55.8801,60.8247,16.3228,10.8087,5.91448,-0.190884,211.075,213.734,210.177,210.177
24.8957941532135,-0.32256896644830707,0.9999847412109375,0.0,4,0.19829,4.0,17755.9,232.572,4.37015,0.677975,12.2085,25.2777,32.5784,39.0324,43.3281,45.5723,46.7914,47.8691,48.6449,49.4253,50.2101,50.999,52.11,53.3882,55.8036,60.6612,15.2336,10.2126,5.60506,-0.233827,210.827,214.09,210.966,210.966
24.91487455368042,-0.3752723786979914,0.9999847412109375,0.0,4,0.197254,4.0,17807.6,232.922,5.83046,0.75309,12.5634,25.7057,32.9422,39.3095,43.5389,45.7472,46.9462,48.0065,48.7698,49.5379,50.3103,51.087,52.181,53.4395,55.8142,60.5867,14.1576,9.61856,5.30317,-0.275045,210.575,214.228,211.599,211.599
24.93601393699646,-0.39997558631002905,0.9999847412109375,0.0,4,0.195994,4.0,17855.0,233.234,7.10885,0.839107,12.8963,26.0856,33.2532,39.5323,43.6965,45.8691,47.0491,48.0927,48.8442,49.6004,50.3612,51.1262,52.2033,53.4407,55.7764,60.4641,13.1911,9.05993,5.01403,-0.314709,210.287,214.103,212.153,212.153
24.960684299468994,-0.39997558631002905,0.9999847412109375,0.0,4,0.194158,4.0,17906.5,233.502,8.16215,0.922025,13.2034,26.403,33.4906,39.6773,43.7751,45.9127,47.0742,48.1016,48.8415,49.5863,50.3354,51.0881,52.147,53.364,55.6598,60.2636,12.3316,8.53991,4.73802,-0.352924,210.071,213.936,212.766,212.766
24.98600459098816,-0.39997558631002905,0.807830810546875,0.0,4,0.191264,4.0,17951.8,233.754,9.06501,0.969924,13.4825,26.6551,33.6514,39.7415,43.7711,45.8742,47.0172,48.0287,48.7572,49.4899,50.2263,50.9662,52.0076,53.2045,55.4596,59.9811,11.5651,8.05678,4.47496,-0.389674,210.029,213.878,213.315,213.315
25.004727602005005,-0.39997558631002905,0.0,0.0,4,0.186976,4.0,17809.6,233.896,9.59554,1.04069,13.723,26.8079,33.6934,39.6748,43.6323,45.6995,46.8236,47.8182,48.5338,49.2535,49.9771,50.7044,51.728,52.9031,55.1186,59.5592,10.909,7.61982,4.22668,-0.424923,210.095,213.822,211.656,211.656
25.026941061019897,-0.39997558631002905,0.0,0.0,4,0.180804,4.0,17213.7,233.339,9.58556,1.09989,13.9178,26.8425,33.591,39.4488,43.3284,45.3572,46.4606,47.4361,48.1383,48.8447,49.5552,50.2692,51.2733,52.4267,54.6023,58.9632,10.367,7.23311,3.99436,-0.458684,210.131,213.589,202.956,206.32
25.049180030822754,-0.39997558631002905,0.0,0.0,4,0.17448,4.0,17120.8,232.377,9.54629,1.13156,14.0958,26.8577,33.4728,39.2114,43.0163,45.0079,46.09,47.0472,47.7365,48.4302,49.1274,49.8278,50.8132,51.9456,54.0812,58.3639,9.84957,6.86273,3.77229,-0.490868,209.782,213.059,201.664,205.332
25.068716049194336,-0.39997558631002905,0.0,0.0,4,0.169315,4.0,17046.6,231.397,9.75319,1.17707,14.2753,26.91,33.4123,39.0468,42.7861,44.7423,45.8053,46.7459,47.4232,48.1041,48.7884,49.4761,50.4441,51.5566,53.653,57.8587,9.31244,6.49119,3.55735,-0.521403,209.099,212.411,200.63,204.598
25.093666791915894,-0.39997558631002905,0.0,0.0,4,0.165458,4.0,16969.7,230.41,10.1986,1.22902,14.4569,26.9981,33.4063,38.9511,42.6321,44.5558,45.6016,46.5262,47.1914,47.8605,48.5331,49.2092,50.1605,51.2528,53.3122,16.2178,8.76308,6.12088,3.3498,-0.550358,208.229,211.691,199.573,203.832
25.112846612930298,-0.4019554654622637,0.0,0.0,4,0.162976,4.0,16891.0,229.406,10.9182,1.27897,14.6439,27.129,33.4617,38.933,42.5619,44.4571,45.4861,46.3955,47.0499,47.7083,48.3702,49.0349,49.9695,51.0428,53.0668,14.2085,8.20341,5.75208,3.14972,-0.577806,207.24,210.934,198.468,203.068
25.13986825942993,-0.4053552579458989,0.0,0.0,4,0.161191,4.0,16812.0,228.386,11.8365,1.32117,14.8298,27.2807,33.5507,38.9598,42.5403,44.4077,45.4209,46.3165,46.9612,47.609,48.2597,48.9131,49.8321,50.8879,52.8757,12.6802,7.6552,5.3937,2.9584,-0.603738,206.201,210.113,197.397,202.257
25.158057928085327,-0.4087883817283934,0.0,0.0,4,0.159509,4.0,16733.4,227.356,12.7212,1.37837,15.0019,27.4123,33.6206,38.9683,42.5007,44.34,45.3382,46.22,46.8538,47.4908,48.1308,48.7736,49.6778,50.715,52.6677,11.4853,7.14689,5.05729,2.77762,-0.628204,205.157,209.183,196.448,201.343
25.1815824508667,-0.4122281717706595,0.0,0.0,4,0.15752,4.0,16653.0,226.324,13.5126,1.42086,15.1543,27.507,33.6495,38.9323,42.4142,44.2262,45.2083,46.0754,46.6988,47.3255,47.9552,48.5874,49.4754,50.4943,52.4132,10.527,6.68665,4.7465,2.60833,-0.651245,204.119,208.163,195.508,200.372
25.20130443572998,-0.41566462868303994,0.0,0.0,4,0.154676,4.0,16573.2,225.293,14.1931,1.44307,15.2844,27.5574,33.6296,38.8428,42.2718,44.0546,45.0204,45.8732,46.4865,47.1028,47.7214,48.3422,49.2147,50.216,52.1004,9.74439,6.27434,4.46184,2.45087,-0.672845,203.105,207.108,194.597,199.385
25.220900774002075,-0.41908108681610473,0.0,0.0,4,0.15091,4.0,16496.8,224.268,14.6643,1.46956,15.3867,27.5485,33.5418,38.6765,42.0499,43.8018,44.7512,45.5897,46.1921,46.7972,47.4047,48.0145,48.8718,49.8555,51.705,9.12112,5.91413,4.2064,2.30567,-0.692956,202.12,206.021,193.777,198.387
25.248234748840332,-0.422440881741109,0.0,0.0,4,0.146009,4.0,16420.7,223.26,14.8861,1.48077,15.4578,27.4709,33.3717,38.4189,41.7323,43.4529,44.3855,45.2082,45.7994,46.3933,46.9899,47.5889,48.4309,49.396,51.2119,8.64416,5.60714,3.98107,2.17282,-0.711608,201.176,204.912,192.99,197.363
25.268314361572266,-0.42574401345805263,0.0,0.0,4,0.139949,4.0,16346.6,222.269,14.9021,1.47889,15.5001,27.3347,33.1321,38.0854,41.3354,43.0239,43.9383,44.7452,45.3253,45.9083,46.494,47.0819,47.9076,48.8546,50.6402,8.2854,5.34782,3.78327,2.05251,-0.728773,200.263,203.819,192.216,196.374
25.288297414779663,-0.42899714822670754,0.0,0.0,4,0.132816,4.0,16275.7,221.293,14.7398,1.4745,15.5163,27.1483,32.8337,37.6874,40.8718,42.5266,43.4227,44.214,44.783,45.3551,45.9294,46.5056,47.3154,48.2448,50.0214,8.03224,5.13302,3.61135,1.94446,-0.744382,199.371,202.755,191.47,195.43
25.309338331222534,-0.43219695291718774,0.0,0.0,4,0.124913,4.0,16206.6,220.333,14.4051,1.47265,15.5081,26.9161,32.481,37.2295,40.3472,41.9669,42.8449,43.6206,44.1785,44.7388,45.3015,45.8663,46.6605,47.5726,49.3612,7.88931,4.96167,3.46556,1.8484,-0.758443,198.508,201.725,190.75,194.508
25.33256959915161,-0.4353434275294933,0.0,0.0,4,0.116498,4.0,16138.7,219.389,13.9655,1.46671,15.4795,26.6507,32.089,36.7301,39.7795,41.3646,42.2246,42.9844,43.5304,44.0792,44.6305,45.1841,45.963,46.8653,48.6763,7.85569,4.8304,3.34442,1.76432,-0.770953,197.665,200.74,190.016,193.628
25.362319707870483,-0.43845657084293976,0.0,0.0,4,0.107386,4.0,16072.1,218.455,13.484,1.45898,15.4347,26.3637,31.6739,36.2071,39.188,40.739,41.5808,42.3242,42.8587,43.3961,43.9362,44.4789,45.2444,46.1534,47.9862,7.93732,4.73758,3.24644,1.6924,-0.781865,196.833,199.807,189.268,192.792
25.38053822517395,-0.4415397159874129,0.0,0.0,4,0.0982653,4.0,16006.7,217.53,12.9999,1.45572,15.3772,26.0634,31.2465,35.6729,38.5854,40.103,40.9262,41.6535,42.1768,42.7031,43.2323,43.7646,44.5318,45.4506,47.3055,8.1655,4.68365,3.17148,1.63245,-0.791136,196.007,198.921,188.512,191.991
25.404221057891846,-0.4445928629629128,0.0,0.0,4,0.0892998,4.0,15941.2,216.614,12.5553,1.44981,15.3093,25.7562,30.8146,35.1356,37.9813,39.4652,40.2703,40.9821,41.4944,42.01,42.5296,43.063,43.8383,44.7677,46.6463,8.61538,4.66952,3.12072,1.58449,-0.798778,195.178,198.071,187.736,191.212
25.42029047012329,-0.4476293442889831,0.0,0.0,4,0.0803325,4.0,15875.9,215.703,12.1749,1.4419,15.2325,25.4467,30.3826,34.6008,37.3821,38.8325,39.62,40.3167,40.8185,41.3261,41.8488,42.3881,43.1726,44.1138,46.0187,9.52708,4.69767,3.09451,1.54912,-0.804788,194.349,197.253,186.946,190.449
25.442092895507812,-0.4506458268357379,0.0,0.0,4,0.071547,4.0,15810.2,214.798,11.8808,1.43028,15.1481,25.1374,29.955,34.0739,36.7923,38.2104,38.9812,39.6634,40.1603,40.6729,41.2019,41.7481,42.5431,43.4978,45.433,49.9815,4.77389,3.09368,1.52663,-0.809087,193.515,196.456,186.136,189.697
25.468644857406616,-0.45365564312272083,0.0,0.0,4,0.0632842,4.0,15744.4,213.895,11.6933,1.41549,15.0577,24.8317,29.5362,33.5596,36.217,37.6043,38.359,39.0377,39.541,40.0606,40.5972,41.1515,41.9589,42.9293,44.8999,49.5491,4.90224,3.12005,1.51693,-0.811691,192.671,195.678,185.312,188.959
25.485542058944702,-0.4566521268901601,0.0,0.0,4,0.055419,4.0,15678.7,212.996,11.5947,1.39613,14.9602,24.5256,29.1212,33.0522,35.6499,37.0078,37.7583,38.4465,38.9573,39.4849,40.03,40.5936,41.4152,42.4037,44.4147,49.1786,5.09314,3.17672,1.52066,-0.812617,191.825,194.902,184.496,188.212
25.508058071136475,-0.45964194439782763,0.0,0.0,4,0.0474318,4.0,15612.9,212.099,11.5547,1.3784,14.8548,24.2166,28.7057,32.547,35.0868,36.4267,37.1881,37.8871,38.4062,38.9428,39.4976,40.0716,40.9091,41.9179,43.9743,48.8676,5.36374,3.26603,1.53855,-0.811827,190.973,194.115,183.685,187.459
25.529693603515625,-0.4626250956457233,0.0,0.0,4,0.0399042,4.0,15545.6,211.204,11.6014,1.34633,14.7428,23.9061,28.2922,32.0467,34.5315,35.8805,36.6545,37.3658,37.8945,38.4413,39.0072,39.593,40.4487,41.4808,43.589,48.6303,5.72948,3.39016,1.57056,-0.809303,190.112,193.324,182.843,186.701
25.558014392852783,-0.4656082468936189,0.0,0.0,4,0.0328127,4.0,15479.4,210.309,11.718,1.31482,14.624,23.5927,27.8791,31.5494,33.9973,35.3691,36.1575,36.8827,37.4223,37.9808,38.5592,39.1585,40.0349,41.0933,43.2604,48.4706,6.21614,3.55292,1.61673,-0.805084,189.247,192.531,182.021,185.951
25.575549364089966,-0.4685813987518567,0.0,0.0,4,0.0256096,4.0,15413.4,209.417,11.8445,1.28582,14.4952,23.2681,27.4559,31.0432,33.483,34.8794,35.6832,36.4235,36.9748,37.546,38.138,38.7519,39.6507,40.7379,42.9694,48.3657,6.88078,3.75985,1.67815,-0.799199,188.385,191.717,181.227,185.177
25.59972071647644,-0.471544551220437,0.0,0.0,4,0.018307,4.0,15346.1,208.528,11.9759,1.25085,14.3555,22.9322,27.022,30.5271,32.9882,34.411,35.2314,35.9879,36.5518,37.1366,37.7433,38.3732,39.2962,40.4147,42.7165,48.318,7.83526,4.01503,1.75508,-0.791599,187.521,190.884,180.419,184.387
25.62092089653015,-0.4745177030786748,0.0,0.0,4,0.011385,4.0,15279.5,207.636,12.1576,1.21121,14.2075,22.5906,26.5846,30.0211,32.5251,33.9775,34.8165,35.5912,36.1694,36.7695,37.3928,38.0405,38.991,40.1447,42.5262,48.3616,9.48344,4.32009,1.84724,-0.782296,186.648,190.055,179.596,183.624
25.64498496055603,-0.4774841886771408,0.0,0.0,4,0.00464296,4.0,15213.9,206.746,12.3445,1.17649,14.0495,22.237,26.1359,29.5341,32.0845,33.5689,34.4282,35.2227,35.8163,36.4332,37.0745,37.7418,38.7224,39.9149,42.3844,48.481,64.2665,4.68311,1.95479,-0.77135,185.781,189.222,178.808,182.852
25.66580104827881,-0.48044400801583503,0.0,0.0,4,-0.00209355,4.0,15148.5,205.858,12.4865,1.1528,13.8789,21.8673,25.6705,29.0592,31.6579,33.176,34.0566,34.8721,35.4822,36.1169,36.7775,37.4656,38.4785,39.7128,42.2775,48.6606,65.5377,5.12225,2.078,-0.758816,184.923,188.373,178.042,182.063
25.688185930252075,-0.48339049483498564,0.0,0.0,4,-0.00873268,4.0,15081.3,204.974,12.6244,1.11642,13.6969,21.4846,25.1923,28.601,31.2512,32.8054,33.7089,34.5471,35.175,35.829,36.5105,37.2214,38.2695,39.5494,42.2189,48.9215,67.0587,5.65207,2.21655,-0.744755,184.064,187.517,177.242,181.267
25.70987057685852,-0.48634364791390794,0.0,0.0,4,-0.0151523,4.0,15016.1,204.088,12.7683,1.08642,13.5051,21.0921,24.7086,28.1655,30.8719,32.4657,33.3946,34.2577,34.9053,35.5806,36.2854,37.0215,38.1088,39.4397,42.2269,49.2927,68.9161,6.2991,2.37181,-0.729178,183.204,186.671,176.461,180.498
25.73063039779663,-0.4892901347330585,0.0,0.0,4,-0.0223333,4.0,14951.3,203.204,12.8787,1.06918,13.3023,20.6856,24.2356,27.7472,30.5136,32.1499,33.1061,33.9963,34.6652,35.3638,36.0939,36.8576,37.9878,39.3749,42.2922,49.7667,71.1363,7.11369,2.54489,-0.712115,182.347,185.819,175.699,179.721
25.751209020614624,-0.4922232890326654,0.0,0.0,4,-0.029741,4.0,14886.0,202.324,12.9611,1.05399,13.0877,20.265,23.7764,27.3455,30.1759,31.8579,32.8436,33.763,34.4551,35.179,35.9367,36.7306,37.9078,39.3567,42.4185,50.3541,73.7935,8.195,2.7362,-0.69344,181.494,184.963,174.932,178.936
25.77141833305359,-0.4951497770725004,0.2509765625,0.0,4,-0.037017,4.0,14821.5,201.446,13.0291,1.04326,12.8624,19.8327,23.3342,26.965,29.8646,31.5964,32.6144,33.566,34.2836,35.0353,35.8235,36.6509,37.8805,39.3984,42.6227,51.0866,77.0286,9.80423,2.94746,-0.673208,180.645,184.113,174.169,178.163
25.7956862449646,-0.49758962814899155,0.9999847412109375,0.0,4,-0.0451006,4.0,14966.0,200.714,13.0235,1.03994,12.6239,19.3815,22.8976,26.5899,29.5602,31.3438,32.3954,33.3807,34.1252,34.9064,35.727,36.5899,37.8755,39.4675,42.8682,51.9192,80.8321,194.245,3.18125,-0.651442,179.824,183.27,176.677,179.007
25.815744161605835,-0.4983795799319539,0.9999847412109375,0.0,4,-0.0544485,4.0,15573.2,200.477,12.9253,1.04213,12.3684,18.9098,22.4498,26.1964,29.2327,31.0657,32.1499,33.1681,33.939,34.7493,35.6019,36.5004,37.8421,39.5092,43.0908,52.7622,85.0799,200.0,3.44095,-0.627968,179.149,182.527,184.906,184.906
25.84544277191162,-0.49760629379842114,0.9999847412109375,0.0,4,-0.0640577,4.0,15716.8,200.709,12.8958,1.04763,12.0977,18.4419,22.0036,25.8032,28.9062,30.7899,31.9078,32.9603,33.7587,34.5995,35.486,36.422,37.8236,39.571,43.3485,53.71,90.1388,200.0,3.73088,-0.602624,178.782,182.123,186.735,186.735
25.860823154449463,-0.49648302902686725,0.9999847412109375,0.0,4,-0.0744746,4.0,15744.9,201.046,12.8125,1.05581,11.8095,17.9712,21.5481,25.3947,28.5607,30.4936,31.6447,32.7311,33.557,34.4284,35.3491,36.3232,37.7857,39.6159,43.5979,54.704,96.0234,133.212,4.05662,-0.57531,178.682,181.985,187.101,187.101
25.882606744766235,-0.49520310715067506,0.9999847412109375,0.0,4,-0.0872794,4.0,15741.4,201.43,12.4983,1.05932,11.4982,17.4785,21.053,24.9262,28.1375,30.1087,31.2865,32.4007,33.2495,34.1467,35.0964,36.1033,37.619,39.5225,43.6903,55.507,102.129,78.2862,4.4281,-0.54581,178.791,181.984,187.069,187.069
25.90783929824829,-0.4937998594687041,0.9999847412109375,0.0,4,-0.101891,4.0,15726.9,201.851,11.845,1.06372,11.1615,16.9534,20.5006,24.3699,27.5986,29.5899,30.7832,31.9144,32.7778,33.6919,34.6611,35.6905,37.2439,39.2009,43.5101,55.9137,107.697,67.9119,4.85946,-0.514018,179.061,182.054,186.897,186.897
25.92848777770996,-0.4923532810982162,0.9999847412109375,0.0,4,-0.118053,4.0,15718.9,202.285,10.8951,1.06799,10.8021,16.4028,19.901,23.7384,26.9585,28.9526,30.1507,31.2885,32.1583,33.0805,34.0597,35.1015,36.6767,38.6669,43.0713,55.9216,112.503,65.1216,5.36089,-0.47989,179.466,182.207,186.799,186.799
25.95504117012024,-0.49091003585761417,0.9999847412109375,0.0,4,-0.13622,4.0,15721.3,202.718,9.82863,1.06112,10.4267,15.8464,19.2846,23.076,26.274,28.262,29.4592,30.5982,31.4702,32.396,33.3804,34.4293,36.0183,38.0313,42.5076,55.7385,117.205,64.2155,5.94473,-0.443265,179.97,182.482,186.82,186.82
25.97242307662964,-0.48946679061701204,0.9999847412109375,0.0,4,-0.154328,4.0,15721.0,203.151,8.81406,1.06402,10.0413,15.3054,18.6851,22.4326,25.6106,27.5943,28.7918,29.9333,30.8085,31.739,32.73,33.7876,35.3931,37.4328,41.992,55.6601,123.179,63.1796,6.62092,-0.403926,180.52,182.889,186.819,186.819
25.99349546432495,-0.48810354049367205,0.9999847412109375,0.0,4,-0.171428,4.0,15735.5,203.56,7.9782,1.08331,9.64998,14.7962,18.1292,21.8485,25.0225,27.0132,28.2185,29.3698,30.2543,31.1962,32.2011,33.2755,34.9108,36.9953,41.6835,55.9823,131.787,61.2544,7.32112,-0.36186,181.09,183.428,186.983,186.983
26.013519287109375,-0.48681361922782224,0.9999847412109375,0.0,4,-0.18762,4.0,15760.5,203.947,7.47669,1.10001,9.2688,14.3333,17.6408,21.3611,24.5612,26.5803,27.8073,28.9827,29.8878,30.8536,31.8865,32.9935,34.6838,36.8478,41.7541,57.0618,140.886,58.2188,7.95343,-0.317031,181.606,184.057,187.276,187.276
26.040964365005493,-0.4629630542631944,0.9999847412109375,0.0,4,-0.202794,4.0,15784.3,204.328,7.3014,1.11903,8.90817,13.9159,17.2198,20.9725,24.2321,26.304,27.5689,28.7848,29.7239,30.7288,31.8065,32.9651,34.7413,37.0281,42.2665,59.1057,150.099,54.6547,8.51644,-0.269219,182.047,184.699,187.565,187.565
26.060957431793213,-0.3974185347859561,0.9999847412109375,0.0,4,-0.21667,4.0,15811.0,204.704,7.33283,1.15142,8.56549,13.534,16.8511,20.6614,24.0092,26.1558,27.4737,28.7456,29.7316,30.7899,31.9289,33.1581,35.0517,37.5064,43.2014,62.2169,159.147,51.2048,9.01709,-0.218439,182.569,185.419,187.873,187.873
26.08424210548401,-0.2653628721364215,0.9999847412109375,0.0,4,-0.227197,4.0,15847.3,205.073,7.51407,1.18368,8.2393,13.1817,16.5258,20.4164,23.8796,26.1227,27.5087,28.8528,29.8991,31.0266,32.2449,33.5655,35.612,38.2867,44.589,66.6659,167.956,48.0816,9.46142,-0.164776,183.38,186.379,188.301,188.301
26.108798265457153,-0.1310578592320283,0.9999847412109375,0.0,4,-0.21397,4.0,15886.0,205.456,7.79831,1.20318,7.92715,12.8494,16.2283,20.2146,23.8143,26.1723,27.6398,29.0707,30.1899,31.4012,32.7163,34.1491,36.3846,39.3345,46.4141,72.738,176.283,45.4305,9.85929,-0.111294,184.727,187.76,188.763,188.763
26.1264431476593,-0.053364225956561664,0.9999847412109375,0.0,4,-0.201623,4.0,15912.1,205.899,8.03905,1.22586,7.62283,12.5125,15.9176,19.9907,23.7226,26.1955,27.7459,29.2663,30.4614,31.7607,33.1785,34.7315,37.1721,40.4262,48.3943,80.1394,183.407,43.5076,10.2319,-0.060067,186.424,189.244,189.079,189.079
26.15090036392212,-0.0413920769468664,0.9999847412109375,0.0,4,-0.192031,4.0,15929.0,206.433,7.9632,1.24451,7.31624,12.1303,15.5222,19.6261,23.4319,25.9782,27.5849,29.1679,30.4176,31.7817,33.2765,34.9217,37.5237,41.0246,49.7535,86.8991,188.15,42.6537,10.6131,-0.010937,187.877,190.09,189.287,189.287
26.16874647140503,-0.03693812446078285,0.9999847412109375,0.0,4,-0.185796,4.0,15937.3,207.038,7.3104,1.25551,7.00418,11.6903,15.0182,19.076,22.8702,25.4258,27.0453,28.6465,29.9143,31.302,32.8273,34.5117,37.1877,40.8117,49.9675,90.9469,190.306,42.7914,11.018,0.0362714,188.916,190.414,189.388,189.388
26.1945903301239,-0.03677457167903893,0.9999847412109375,0.0,4,-0.182057,4.0,15945.8,207.671,6.27101,1.26389,6.69135,11.2133,14.4401,18.3936,22.1092,24.6223,26.2193,27.8015,29.0566,30.4329,31.9485,33.6257,36.2982,39.9324,49.1925,92.066,190.63,43.5577,11.4383,0.081675,189.815,190.74,189.486,189.486
26.214640617370605,-0.036609468633960925,0.9999847412109375,0.0,4,-0.179708,4.0,15961.5,208.31,5.11039,1.27457,6.3827,10.7234,13.8305,17.6488,21.2492,23.691,25.2453,26.7874,28.0122,29.3567,30.8393,32.4822,35.1048,38.6811,47.8446,91.2526,189.958,44.625,11.8608,0.125454,190.601,191.177,189.668,189.668
26.235008716583252,-0.03644539909777232,0.9999847412109375,0.0,4,-0.177843,4.0,15986.0,208.945,4.05169,1.28302,6.08159,10.2384,13.2211,16.8957,20.3697,22.7308,24.236,25.7309,26.9195,28.2254,29.6669,31.266,33.8227,37.317,46.3114,89.741,188.949,45.7464,12.2739,0.167789,191.286,191.718,189.958,189.958
26.261199712753296,-0.036281587938806044,0.9999847412109375,0.0,4,-0.175968,4.0,16014.0,209.579,3.19212,1.30426,5.78875,9.76543,12.6261,16.1591,19.5082,21.7894,23.2458,24.694,25.8465,27.1141,28.5146,30.0701,32.561,35.9732,44.7982,88.2778,187.954,46.7909,12.6719,0.208896,191.909,192.32,190.284,190.284
26.282586336135864,-0.04030485270893822,0.9999847412109375,0.0,4,-0.17383,4.0,16053.3,210.204,2.55686,1.32291,5.50384,9.30672,12.0503,15.4483,18.6796,20.8862,22.2973,23.7023,24.8218,26.0544,27.418,28.9345,31.3674,34.7092,43.4007,87.2733,187.151,47.6917,13.0518,0.248956,192.486,192.941,190.748,190.748
26.303014516830444,-0.04012609932057559,0.9999847412109375,0.0,4,-0.171187,4.0,16097.8,210.824,2.12738,1.33546,5.22661,8.86389,11.4975,14.771,17.8961,20.0371,21.4092,22.7776,23.8696,25.0736,26.4076,27.8937,30.2836,33.5775,42.2067,87.1802,186.708,48.3833,13.4105,0.288111,193.016,193.57,191.275,191.275
26.32283091545105,-0.03994821086796311,0.9999847412109375,0.0,4,-0.168017,4.0,16143.7,211.441,1.88816,1.35077,4.95627,8.43524,10.9653,14.1239,17.1538,19.2377,20.5768,21.9151,22.985,24.1667,25.4785,26.943,29.3051,32.5748,41.2188,88.1853,186.635,48.8661,13.7479,0.326445,193.543,194.206,191.82,191.82
26.346653699874878,-0.03977061072726734,0.9999847412109375,0.0,4,-0.164471,4.0,16189.5,212.057,1.77368,1.36535,4.69179,8.0171,10.4474,13.4968,16.438,18.4701,19.7799,21.092,22.1433,23.3067,24.6011,26.0499,28.3946,31.6566,40.3741,90.2444,186.815,49.1931,14.0669,0.363997,194.076,194.82,192.364,192.364
26.373717069625854,-0.03959272227465486,0.9999847412109375,0.0,4,-0.160719,4.0,16232.0,212.674,1.72616,1.38002,4.43215,7.60584,9.93784,12.8796,15.734,17.7159,18.9977,20.2851,21.319,22.4658,23.7448,25.1803,27.5124,30.7756,39.6027,93.293,187.126,49.4219,14.3713,0.40081,194.62,195.412,192.873,192.873
26.392479419708252,-0.050626782369973755,0.9999847412109375,0.0,4,-0.156893,4.0,16275.1,213.291,1.70289,1.40011,4.17689,7.19939,9.43266,12.2658,15.032,16.9627,18.2158,19.4779,20.4941,21.6238,22.8872,24.3094,26.6294,29.8955,38.8494,97.3336,187.471,49.5954,14.6636,0.43688,195.178,195.989,193.382,193.382
26.41269278526306,-0.0577682085611547,0.9999847412109375,0.0,4,-0.152651,4.0,16321.4,213.9,1.68673,1.4163,3.92727,6.80256,8.94046,11.67,14.354,16.2388,17.4669,18.708,19.7101,20.8274,22.0807,23.4964,25.817,29.1078,38.275,103.9,188.085,49.6214,14.9367,0.472171,195.683,196.577,193.931,193.931
26.436124086380005,-0.057511838260119165,0.9999847412109375,0.0,4,-0.147684,4.0,16369.3,214.504,1.76331,1.42802,3.68452,6.41945,8.46832,11.1044,13.7189,15.5684,16.7796,18.0084,19.0042,20.1183,21.3728,22.796,25.1432,28.5024,38.0546,110.558,189.172,49.4258,15.1835,0.506606,196.156,197.195,194.499,194.499
26.459754705429077,-0.05980173138280708,0.9999847412109375,0.0,4,-0.142193,4.0,16417.3,215.104,1.91961,1.44369,3.44829,6.04732,8.01103,10.5598,13.1129,14.9343,16.1341,17.3571,18.3524,19.4705,20.7352,22.1775,24.5735,28.041,38.1549,115.886,190.583,49.0776,15.4073,0.540126,196.653,197.805,195.07,195.07
26.477998733520508,-0.05700334219945596,0.9999847412109375,0.0,4,-0.136416,4.0,16464.6,215.702,2.08677,1.45445,3.21827,5.68352,7.56336,10.0267,12.5213,14.3177,15.5089,16.7294,17.7275,18.8538,20.1346,21.6038,24.0654,27.6741,38.5253,120.505,192.152,48.6494,15.6128,0.572668,197.163,198.381,195.632,195.632
26.503304719924927,-0.05186960570408343,0.9999847412109375,0.0,4,-0.130625,4.0,16506.8,216.301,2.24127,1.46993,2.99399,5.32522,7.11979,9.49483,11.9277,13.6972,14.8787,16.0961,17.097,18.232,19.53,21.0288,23.5634,27.3334,39.0754,124.46,193.731,48.2136,15.8055,0.604201,197.708,198.936,196.136,196.136
26.523462057113647,-0.044760818938811626,0.9999847412109375,0.0,4,-0.125154,4.0,16550.8,216.898,2.3367,1.48505,2.7749,4.96937,6.67427,8.95267,11.3131,13.047,14.2129,15.4212,16.4198,17.5581,18.8675,20.3896,22.989,26.9154,39.6245,127.633,195.172,47.8464,15.9924,0.634711,198.292,199.46,196.658,196.658
26.54564929008484,-0.042385981296819315,0.9999847412109375,0.0,4,-0.120233,4.0,16594.5,217.497,2.35691,1.49637,2.56059,4.61427,6.22338,8.39328,10.6653,12.3501,13.4905,14.679,15.6662,16.7972,18.1057,19.6368,22.2772,26.3277,39.9759,129.978,196.298,47.5922,16.1786,0.664215,198.907,199.963,197.178,197.178
26.568520069122314,-0.042194049123373496,0.9999847412109375,0.0,4,-0.115845,4.0,16637.9,218.097,2.2912,1.50749,2.35125,4.26096,5.76888,7.81928,9.98739,11.6094,12.7143,13.8717,14.8379,15.9501,17.2439,18.7676,21.4203,25.5527,40.0645,131.643,197.095,47.4383,16.3645,0.692732,199.52,200.464,197.693,197.693
26.59026575088501,-0.044155833940307296,0.9999847412109375,0.0,4,-0.111732,4.0,16681.2,218.697,2.18674,1.51801,2.14734,3.91231,5.31629,7.24071,9.29516,10.8455,11.9082,13.0271,13.9658,15.0515,16.3216,17.8272,20.474,24.6633,40.0474,132.953,197.734,47.3229,16.5451,0.720294,200.104,200.985,198.208,198.208
26.609511613845825,-0.06566141829535366,0.9999847412109375,0.0,4,-0.107638,4.0,16723.0,219.296,2.08802,1.52759,1.94938,3.57081,4.87033,6.66624,8.6025,10.0768,11.094,12.1711,13.0792,14.135,15.3774,16.8608,19.4962,23.7414,40.1558,134.172,108.393,47.1912,16.7155,0.746912,200.657,201.529,198.707,198.707
26.633323431015015,-0.07923635188500087,0.9999847412109375,0.0,4,-0.10275,4.0,16766.8,219.888,2.01384,1.54068,1.759,3.24313,4.44358,6.11939,7.94847,9.35697,10.3369,11.3816,12.2685,13.3063,14.5371,16.0203,18.6925,23.1003,41.4452,136.024,102.466,46.8779,16.8585,0.772531,201.091,202.113,199.224,199.224
26.656598806381226,-0.08477982817590235,0.9999847412109375,0.0,4,-0.0965099,4.0,16813.9,220.467,2.13388,1.55169,1.57773,2.93362,4.04362,5.61404,7.35657,8.71915,9.67797,10.7102,11.5947,12.6394,13.8922,15.4219,18.2354,23.0442,45.6264,138.921,96.6054,46.2863,16.9615,0.797011,201.467,202.756,199.783,199.783
26.677757024765015,-0.08742115687276858,0.9999847412109375,0.0,4,-0.0891804,4.0,16862.0,221.037,2.4067,1.56045,1.40554,2.64009,3.66564,5.14072,6.81156,8.14385,9.09525,10.1327,11.0325,12.1088,13.4189,15.0482,18.1327,23.6855,55.687,142.543,91.2012,45.4943,17.0298,0.820261,201.861,203.383,200.355,200.355
26.69676375389099,-0.09009340290725232,0.9999847412109375,0.0,4,-0.0811994,4.0,16909.8,221.6,2.74092,1.57045,1.24262,2.3606,3.30481,4.68893,6.29516,7.60621,8.55942,9.61532,10.5455,11.676,13.079,14.8665,18.387,25.2158,83.1759,146.479,86.4263,44.6036,17.0722,0.84216,202.295,203.967,200.923,200.923
26.718871355056763,-0.08970257716411104,0.9999847412109375,0.0,4,-0.0728806,4.0,16956.4,222.157,3.06451,1.57775,1.08939,2.09467,2.95912,4.25327,5.79681,7.09128,8.05267,9.13817,10.1128,11.3212,12.8586,14.8805,19.084,28.1899,101.189,150.476,82.0924,43.6796,17.0949,0.862606,202.749,204.503,201.477,201.477
26.74321460723877,-0.08931455806903542,0.9999847412109375,0.0,4,-0.0644721,4.0,16998.9,222.71,3.35074,1.59826,0.946381,1.84266,2.62816,3.83113,5.31002,6.58897,7.56265,8.68733,9.72082,11.0344,12.7595,15.1254,20.4319,34.1174,109.521,154.364,78.1467,42.7658,17.1026,0.881514,203.23,205.013,201.984,201.984
26.764230489730835,-0.08004954851622692,0.9999847412109375,0.0,4,-0.056116,4.0,17054.3,223.247,3.58272,1.6175,0.814207,1.60576,2.3133,3.42334,4.83386,6.09653,7.08574,8.25975,9.36947,10.8246,12.816,15.7068,22.96,48.6376,116.052,158.063,74.5981,41.8818,17.0978,0.898814,203.725,205.507,202.605,202.605
26.78805899620056,-0.06862559478419522,0.9999847412109375,0.0,4,-0.0481226,4.0,17079.5,223.8,3.75143,1.69495,0.692919,1.38388,2.01383,3.02684,4.35967,5.59845,6.60067,7.82814,9.02819,10.6638,13.0242,16.7284,27.8017,88.4467,121.37,161.387,71.5176,41.0679,17.0868,0.914505,204.263,205.997,203.003,203.003
26.81005096435547,-0.053329691610941664,0.9999847412109375,0.0,4,-0.0410471,4.0,17114.6,224.357,3.76458,1.70472,0.582576,1.1769,1.7287,2.63699,3.87317,5.06627,6.06437,7.32894,8.61254,10.4422,13.2602,18.1633,37.6663,98.2585,125.39,163.998,69.0433,40.39,17.0798,0.928583,204.879,206.442,203.385,203.385
26.830886363983154,-0.044169924741843725,0.9999847412109375,0.0,4,-0.0352529,4.0,17148.4,224.909,3.62713,1.79728,0.482861,0.984848,1.45818,2.25325,3.36842,4.4827,5.44494,6.70547,8.03487,10.0227,13.3188,19.8473,63.2815,103.273,128.078,165.7,67.2029,39.8806,17.0837,0.941124,205.564,206.862,203.984,203.984
26.850083351135254,-0.03590636610755076,0.9999847412109375,0.0,4,-0.0307781,4.0,17227.9,225.46,3.32506,1.72659,0.393247,0.808137,1.20419,1.88043,2.8529,3.85368,4.74233,5.94228,7.25401,9.30982,12.9931,21.5014,86.5466,106.044,129.575,166.508,65.9127,39.5303,17.0997,0.952251,206.249,207.262,204.576,204.576
26.872631549835205,-0.02851808181438285,0.9999847412109375,0.0,4,-0.027356,4.0,17237.4,226.053,2.93179,1.77884,0.313174,0.647356,0.969449,1.5266,2.34416,3.2063,3.99016,5.07703,6.30418,8.31446,12.2084,22.9661,90.3262,107.454,130.189,166.622,65.0135,39.2964,17.1237,0.962096,206.909,207.667,204.78,204.78
26.8976948261261,-0.025092747387553876,0.9999847412109375,0.0,4,-0.024676,4.0,17254.5,226.651,2.51372,1.78664,0.241395,0.501297,0.753726,1.19498,1.85325,2.56169,3.21892,4.15158,5.23563,7.0866,10.9634,24.2087,92.0729,108.022,130.205,166.253,64.3671,39.138,17.1517,0.970858,207.534,208.139,204.914,204.914
26.915212631225586,-0.023415088258857526,0.9999847412109375,0.0,4,-0.0225419,4.0,17286.9,227.226,2.11628,1.75883,0.176943,0.36882,0.556339,0.886939,1.38691,1.93425,2.45083,3.19888,4.09122,5.67461,9.25857,25.1356,92.7988,108.022,129.795,165.532,63.8932,39.0307,17.1813,0.978682,208.142,208.635,205.474,205.474
26.93934726715088,-0.023310575345978142,0.9999847412109375,0.0,4,-0.0207143,4.0,17356.6,227.774,1.77924,1.76659,0.119039,0.248921,0.376537,0.603212,0.950162,1.33583,1.70556,2.2511,2.91807,4.1471,7.16572,26.3408,93.0235,107.713,129.149,164.614,63.5057,38.9459,17.2092,0.985684,208.724,209.159,206.357,206.357
26.96225881576538,-0.023198624470320846,0.9999847412109375,0.0,4,-0.0189001,4.0,17410.5,228.361,1.52263,1.65769,0.0670166,0.140588,0.213266,0.343336,0.544883,0.772492,0.994303,1.32823,1.74762,2.55437,4.74528,33.3667,93.1681,107.379,128.488,163.683,63.1069,38.8496,17.231,0.991954,209.264,209.637,206.62,206.62
26.985777139663696,-0.02462058898589263,0.9999847412109375,0.0,4,-0.0169933,4.0,17387.7,228.972,1.31397,1.711,0.0201685,0.0424534,0.0645941,0.10454,0.167266,0.239342,0.310879,0.42107,0.563887,0.853409,1.75424,73.2187,93.3576,107.107,127.886,162.808,62.6658,38.7311,17.2456,0.997583,209.781,210.199,206.686,206.686
27.00646686553955,-0.029407941331068672,0.9999847412109375,0.0,4,-0.0149251,4.0,17465.0,229.488,1.20171,1.73726,-1.0,-1.0,-1.0,-1.0,-1.0,-1.0,-1.0,-1.0,-1.0,-1.0,-1.0,-1.0,-1.0,-1.0,-1.0,-1.0,-1.0,-1.0,-1.0,1.00262,210.294,210.772,208.095,208.095
27.025177001953125,-0.03277674317359924,0.9999847412109375,0.0,4,-0.0125031,4.0,17521.5,230.092,1.14994,1.59999,-1.0,-1.0,-1.0,-1.0,-1.0,-1.0,-1.0,-1.0,-1.0,-1.0,-1.0,-1.0,-1.0,-1.0,-1.0,-1.0,-1.0,-1.0,-1.0,1.00703,210.785,211.29,207.877,207.877
27.053828477859497,-0.03277674317359924,0.9999847412109375,0.0,4,-0.00963736,4.0,17498.8,230.691,1.13876,1.64925,-1.0,-1.0,-1.0,-1.0,-1.0,-1.0,-1.0,-1.0,-1.0,-1.0,-1.0,-1.0,-1.0,-1.0,-1.0,-1.0,-1.0,-1.0,-1.0,1.01081,211.256,211.886,208.034,208.034
27.07488250732422,-0.03277674317359924,0.9999847412109375,0.0,4,-0.00646591,4.0,17604.3,231.2,1.21176,1.69438,-1.0,-1.0,-1.0,-1.0,-1.0,-1.0,-1.0,-1.0,-1.0,-1.0,-1.0,-1.0,-1.0,-1.0,-1.0,-1.0,-1.0,-1.0,-1.0,1.01395,211.752,212.459,209.258,209.258
27.093208074569702,-0.03277674317359924,0.9999847412109375,0.0,4,-0.00314522,4.0,17625.4,231.798,1.29224,1.67314,-1.0,-1.0,-1.0,-1.0,-1.0,-1.0,-1.0,-1.0,-1.0,-1.0,-1.0,-1.0,-1.0,-1.0,-1.0,-1.0,-1.0,-1.0,-1.0,1.01639,212.247,212.944,209.168,209.168
27.116801738739014,-0.036467327177524565,0.9999847412109375,0.0,4,0.00018996,4.0,17728.5,232.293,1.36154,1.64407,-1.0,-1.0,-1.0,-1.0,-1.0,-1.0,-1.0,-1.0,-1.0,-1.0,-1.0,-1.0,-1.0,-1.0,-1.0,-1.0,-1.0,-1.0,-1.0,1.01812,212.763,213.518,210.584,210.584
27.140041828155518,-0.04237228073179722,0.9999847412109375,0.0,4,0.0036208,4.0,17678.8,232.924,1.41181,1.67975,-1.0,-1.0,-1.0,-1.0,-1.0,-1.0,-1.0,-1.0,-1.0,-1.0,-1.0,-1.0,-1.0,-1.0,-1.0,-1.0,-1.0,-1.0,-1.0,1.01913,213.253,213.961,210.113,210.113
27.158016443252563,-0.0509344968944788,0.9999847412109375,0.0,4,0.00748265,4.0,17757.3,233.421,1.48863,1.69073,-1.0,-1.0,-1.0,-1.0,-1.0,-1.0,-1.0,-1.0,-1.0,-1.0,-1.0,-1.0,-1.0,-1.0,-1.0,-1.0,-1.0,-1.0,-1.0,1.01934,213.719,214.572,211.485,211.485
27.180054426193237,-0.06525413133203983,0.9999847412109375,0.0,4,0.0119832,4.0,17800.1,234.01,1.60514,1.62206,-1.0,-1.0,-1.0,-1.0,-1.0,-1.0,-1.0,-1.0,-1.0,-1.0,-1.0,-1.0,-1.0,-1.0,-1.0,-1.0,-1.0,-1.0,-1.0,1.01865,214.141,215.077,211.185,211.185
27.203169107437134,-0.07307828813791276,0.9999847412109375,0.0,4,0.0175014,4.0,17920.7,234.474,1.80231,1.55135,-1.0,-1.0,-1.0,-1.0,-1.0,-1.0,-1.0,-1.0,-1.0,-1.0,-1.0,-1.0,-1.0,-1.0,-1.0,-1.0,-1.0,-1.0,-1.0,1.01694,214.524,215.701,212.738,212.738
27.225788354873657,-0.08134533800184728,0.9999847412109375,0.0,4,0.0240794,4.0,17829.5,235.104,2.09441,1.64528,-1.0,-1.0,-1.0,-1.0,-1.0,-1.0,-1.0,-1.0,-1.0,-1.0,-1.0,-1.0,-1.0,-1.0,-1.0,-1.0,-1.0,-1.0,-1.0,1.01404,214.861,216.235,211.969,211.969
27.247966289520264,-0.08134533800184728,0.9999847412109375,0.0,4,0.0313398,4.0,17969.8,235.562,2.52755,1.45933,-1.0,-1.0,-1.0,-1.0,-1.0,-1.0,-1.0,-1.0,-1.0,-1.0,-1.0,-1.0,-1.0,-1.0,-1.0,-1.0,-1.0,-1.0,-1.0,1.00985,215.25,216.726,213.358,213.358
27.271496057510376,-0.08134533800184728,0.9999847412109375,0.0,4,0.0382417,4.0,17969.5,236.093,2.82468,1.37542,-1.0,-1.0,-1.0,-1.0,-1.0,-1.0,-1.0,-1.0,-1.0,-1.0,-1.0,-1.0,-1.0,-1.0,-1.0,-1.0,-1.0,-1.0,-1.0,1.00433,215.732,217.148,213.973,213.973
27.291441679000854,-0.08134533800184728,0.9999847412109375,0.0,4,0.0460088,4.0,18142.5,236.53,3.21871,1.04891,0.0236084,0.0564649,0.097774,0.20907,0.668353,57.2151,73.6605,83.9869,90.6047,96.8469,102.822,108.595,116.416,125.068,140.689,178.886,47.4281,32.5027,16.2193,0.997349,216.123,217.739,215.354,215.354
27.312000513076782,-0.08134533800184728,0.9999847412109375,0.0,4,0.0546039,4.0,18052.8,237.136,3.58078,1.10718,0.100604,0.245536,0.435418,0.994541,4.41518,67.4833,79.7916,89.04,95.198,101.103,106.818,112.381,119.967,128.407,143.807,77.9502,45.7222,31.6785,16.0249,0.988808,216.483,218.32,214.533,214.533
27.333834886550903,-0.08134533800184728,0.9999847412109375,0.0,4,0.0628327,4.0,18069.6,237.657,3.72523,1.23904,0.195661,0.487253,0.885752,2.1818,18.5366,73.9983,84.7884,93.3769,99.2136,104.87,110.383,115.778,123.17,131.429,146.955,70.9091,44.1417,30.8892,15.8251,0.978435,216.993,218.784,214.717,214.717
27.35492968559265,-0.07578476108610631,0.9999847412109375,0.0,4,0.0705838,4.0,18100.2,238.166,3.73078,1.38413,0.309835,0.786942,1.46731,3.93841,55.3074,79.0298,88.958,97.093,102.691,108.153,113.504,118.761,125.991,134.095,150.07,66.1447,42.684,30.1372,15.6206,0.966152,217.512,219.197,215.075,215.075
27.377941370010376,-0.07307828813791276,0.9999847412109375,0.0,4,0.0777163,4.0,18138.7,238.67,3.66188,1.49028,0.443115,1.14683,2.19317,6.48163,62.8296,83.0462,92.404,100.205,105.617,110.924,116.142,121.284,128.375,136.345,153.021,62.5139,41.352,29.4275,15.4131,0.95199,218.056,219.599,215.529,215.529
27.401185750961304,-0.06781297326087952,0.9999847412109375,0.0,4,0.084415,4.0,18191.5,239.165,3.56226,1.53649,0.595293,1.56912,3.07898,10.171,67.9814,86.4247,95.3622,102.898,108.158,113.334,118.44,123.482,130.451,138.4,155.904,59.4971,40.1046,28.7434,15.2001,0.936009,218.58,220.018,216.142,216.142
27.421354293823242,-0.06028407849371434,0.9999847412109375,0.0,4,0.0909699,4.0,18238.6,239.665,3.52017,1.51505,0.765887,2.05653,4.14684,15.7101,72.1967,89.4692,98.072,105.387,110.516,115.579,120.583,125.536,132.393,140.534,158.917,56.8012,38.8964,28.0648,14.9786,0.918312,219.071,220.467,216.718,216.718
27.443055868148804,-0.05319807678461075,0.9999847412109375,0.0,4,0.0971533,4.0,18274.5,240.178,3.47065,1.48378,0.954412,2.60948,5.4103,24.2324,75.6701,92.0987,100.43,107.558,112.575,117.538,122.452,127.325,134.12,142.601,161.875,54.4288,37.7512,27.4054,14.7519,0.898962,219.595,220.915,217.148,217.148
27.466065168380737,-0.0509344968944788,0.9999847412109375,0.0,4,0.102687,4.0,18307.4,240.696,3.3476,1.44838,1.15982,3.22445,6.8675,37.4803,78.4146,94.202,102.31,109.278,114.197,119.072,123.909,128.71,135.587,144.391,164.507,52.3948,36.6945,26.7798,14.5235,0.878045,220.149,221.339,217.539,217.539
27.48784041404724,-0.0509344968944788,0.9999847412109375,0.0,4,0.107607,4.0,18340.2,241.218,3.13862,1.4083,1.38159,3.90011,8.5224,45.518,80.5778,95.8489,103.765,110.594,115.426,120.223,124.988,129.728,136.789,145.89,166.783,50.6224,35.712,26.1824,14.293,0.855607,220.696,221.757,217.928,217.928
27.510167598724365,-0.0509344968944788,0.9999847412109375,0.0,4,0.112246,4.0,18380.0,241.734,2.91439,1.36251,1.61966,4.64031,10.4058,50.1381,82.4321,97.2617,105.006,111.709,116.461,121.186,125.885,130.638,137.906,147.299,168.963,48.9764,34.7609,25.5927,14.0565,0.831703,221.212,222.206,218.396,218.396
27.531091928482056,-0.0509344968944788,0.9999847412109375,0.0,4,0.116923,4.0,18414.7,242.254,2.74392,1.31945,1.87376,5.45115,12.5707,53.769,84.1887,98.6288,106.217,112.804,117.481,122.137,126.776,131.641,139.133,148.84,171.343,47.3611,33.8075,24.9942,13.8113,0.806444,221.694,222.689,218.813,218.813
27.555596351623535,-0.0509344968944788,0.9999847412109375,0.0,4,0.121712,4.0,18448.6,242.772,2.62631,1.29426,2.14484,6.34122,15.0804,56.8979,85.9035,99.9962,107.44,113.917,118.524,123.115,127.774,132.788,140.526,150.581,174.017,45.7554,32.845,24.3831,13.5564,0.779787,222.167,223.182,219.217,219.217
27.575187921524048,-0.0509344968944788,0.9999847412109375,0.0,4,0.126597,4.0,18482.6,243.29,2.55018,1.28246,2.43257,7.31471,17.9962,59.6924,87.574,101.355,108.665,115.04,119.581,124.119,128.902,134.08,142.088,152.527,68.5112,44.1673,31.8799,23.7618,13.2927,0.751809,222.637,223.672,219.62,219.62
27.599222898483276,-0.0509344968944788,0.9999847412109375,0.0,4,0.131531,4.0,18517.2,243.805,2.49714,1.28203,2.73746,8.37783,21.3939,62.2262,89.1833,102.682,109.87,116.149,120.627,125.205,130.143,135.498,143.799,154.656,63.3429,42.6071,30.9169,23.1329,13.0206,0.722485,223.108,224.154,220.031,220.031
27.619954109191895,-0.04237228073179722,0.9999847412109375,0.0,4,0.136511,4.0,18554.4,244.316,2.46266,1.28725,3.05989,9.53798,25.3773,64.5614,90.7385,103.98,111.054,117.244,121.683,126.398,131.504,137.051,145.672,156.986,59.3158,41.0738,29.9567,22.497,12.7403,0.691818,223.577,224.633,220.472,220.472
27.64186453819275,-0.03277674317359924,0.9999847412109375,0.0,4,0.14119,4.0,18590.6,244.828,2.44422,1.29358,3.39817,10.7824,29.3655,66.5719,92.0707,105.077,112.044,118.149,122.645,127.504,132.775,138.511,147.447,159.216,56.0881,39.6325,29.0292,21.8699,12.4556,0.659863,224.095,225.091,220.903,220.903
27.66871213912964,-0.031005266681313516,0.9999847412109375,0.0,4,0.145119,4.0,18625.9,245.344,2.34644,1.3013,3.74919,12.0802,32.4395,68.0913,92.9751,105.759,112.626,118.67,123.266,128.243,133.649,139.542,148.743,160.896,53.597,38.3525,28.1678,21.2696,12.1709,0.626693,224.659,225.503,221.322,221.322
27.69134259223938,-0.031005266681313516,0.9999847412109375,0.0,4,0.148416,4.0,18661.3,245.86,2.15162,1.31329,4.11181,13.4245,34.8824,69.2188,93.5308,106.103,112.871,118.906,123.583,128.653,134.169,140.19,149.606,162.079,51.5694,37.1961,27.3591,20.6893,11.8852,0.592402,225.207,225.917,221.743,221.743
27.712682247161865,-0.031005266681313516,0.9999847412109375,0.0,4,0.151466,4.0,18697.3,246.376,1.95001,1.32517,4.48714,14.8337,36.9511,70.1566,93.9347,106.303,112.976,119.045,123.796,128.953,134.568,140.707,150.326,163.098,49.7269,36.0877,26.5704,20.112,11.5951,0.557032,225.712,226.365,222.17,222.17
27.731929540634155,-0.031005266681313516,0.9999847412109375,0.0,4,0.154477,4.0,18732.2,246.891,1.7887,1.33956,4.87562,16.3218,38.7819,71.0074,94.288,106.461,113.045,119.189,124.016,129.261,134.98,141.239,151.065,164.147,47.954,34.9922,25.7866,19.5301,11.2992,0.520655,226.195,226.835,222.585,222.585
27.75539803504944,-0.02928300052881241,0.9999847412109375,0.0,4,0.157514,4.0,18769.1,247.404,1.67358,1.35268,5.27737,17.8962,40.4364,71.8042,94.6222,106.608,113.136,119.375,124.282,129.62,135.448,141.835,151.883,165.295,46.2166,33.8996,25.0038,18.9418,10.9974,0.483316,226.667,227.31,223.023,223.023
27.77464008331299,-0.027609944716095926,0.9999847412109375,0.0,4,0.160514,4.0,18806.7,247.914,1.5991,1.36159,5.69188,19.436,41.9292,72.5258,94.9087,106.716,113.232,119.567,124.556,129.989,135.929,142.449,152.724,166.478,44.5375,32.8205,24.2268,18.3501,10.6904,0.445039,227.144,227.78,223.47,223.47
27.798688650131226,-0.025986099243164064,0.9999847412109375,0.0,4,0.163452,4.0,18844.2,248.423,1.53433,1.38342,6.11852,20.8639,43.2746,73.1664,95.1364,106.771,113.32,119.751,124.821,130.351,136.403,143.057,153.564,60.4027,42.9209,31.7591,23.4581,17.7619,10.3787,0.405873,227.625,228.248,223.915,223.915
27.818309545516968,-0.024411464110016823,0.9999847412109375,0.0,4,0.166286,4.0,18880.2,248.931,1.48423,1.40128,6.55674,22.1863,44.4797,73.7154,95.2924,106.76,113.378,119.902,125.053,130.677,136.841,143.627,154.364,56.3819,41.3731,30.7202,22.7002,17.1802,10.0627,0.365841,228.106,228.707,224.347,224.347
27.84042000770569,-0.022886039316654207,0.9999847412109375,0.0,4,0.168913,4.0,18910.8,249.44,1.41941,1.43283,7.00506,23.3997,45.5311,74.1371,95.3315,106.656,113.35,119.958,125.181,130.891,137.158,144.066,155.017,53.383,39.9198,29.7171,21.9598,16.6088,9.74351,0.32498,228.597,229.155,224.708,224.708
27.864393711090088,-0.021409824863076212,0.9999847412109375,0.0,4,0.171339,4.0,18946.3,249.941,1.33832,1.45951,7.46295,24.5114,46.4442,74.4414,95.2628,106.475,113.235,119.917,125.206,130.993,137.352,144.372,155.518,50.9046,38.5479,28.7469,21.236,16.0472,9.42099,0.28332,229.082,229.598,225.13,225.13
27.8862566947937,-0.018605026975274087,0.9999847412109375,0.0,4,0.17359,4.0,18982.7,250.437,1.25987,1.48233,7.92997,25.53,47.2357,74.644,95.0999,106.226,113.044,119.791,125.137,130.994,137.436,144.557,155.884,48.7456,37.2429,27.8044,20.5268,15.4948,9.0952,0.240905,229.561,230.042,225.562,225.562
27.908998250961304,-0.014766907691955567,0.9999847412109375,0.0,4,0.175694,4.0,19018.7,250.929,1.18431,1.51993,8.40572,26.4638,47.9213,74.758,94.8565,105.919,112.787,119.591,124.99,130.909,137.427,144.639,156.132,46.8054,35.9928,26.8863,19.8308,14.9509,8.76622,0.197783,230.039,230.486,225.99,225.99
27.931516408920288,-0.013585955277085305,0.9999847412109375,0.0,4,0.177517,4.0,19049.2,251.421,1.10932,1.55348,8.87486,27.3015,48.4748,74.7402,94.481,105.489,112.391,119.236,124.671,130.636,137.211,144.494,156.116,45.1258,34.8285,26.0073,19.1555,14.4199,8.43507,0.154002,230.521,230.909,226.363,226.363
27.95068883895874,-0.013585955277085305,0.9999847412109375,0.0,4,0.179032,4.0,19080.0,251.91,0.995734,1.60397,9.32512,28.044,48.8974,74.5875,93.9684,104.921,111.837,118.703,124.159,130.151,136.76,144.089,155.798,43.6823,33.7505,25.1691,18.5021,13.9021,8.10363,0.109604,231.005,231.33,226.719,226.719
27.973793983459473,-0.013585955277085305,0.9999847412109375,0.0,4,0.180414,4.0,19115.5,252.39,0.88462,1.64217,9.7583,28.7154,49.239,74.3655,93.3906,104.296,111.218,118.095,123.564,129.575,136.21,143.574,155.352,42.3379,32.7127,24.351,17.8611,13.3933,7.77725,0.0646389,231.464,231.759,227.14,227.14
27.99551486968994,-0.012454213201999666,0.9999847412109375,0.0,4,0.181796,4.0,19152.1,252.865,0.801628,1.68033,10.1758,29.3334,49.5337,74.121,92.8001,103.672,110.6,117.49,122.972,129.002,135.665,143.064,154.912,41.0096,31.6818,23.5391,17.226,12.8903,7.45614,0.0191437,231.908,232.203,227.575,227.575
28.01829218864441,-0.012454213201999666,0.9999847412109375,0.0,5,0.180227,4.0,19187.6,253.336,0.754883,1.72162,10.5772,29.8989,49.7784,73.8463,92.1873,103.039,109.972,116.872,122.368,128.415,135.102,142.536,154.453,39.7125,30.6658,22.7369,16.5991,12.3944,7.14076,-0.0266622,232.349,232.636,227.997,227.997
28.040047883987427,-0.012454213201999666,0.9999847412109375,0.0,5,0.175632,5.0,17188.8,253.234,0.697389,1.77493,10.9615,30.409,49.9669,73.5284,91.5378,102.376,109.31,116.216,121.72,127.781,134.489,141.951,153.927,38.4727,29.6753,21.9507,15.9834,11.9074,6.83188,-0.0715942,232.593,232.866,223.273,223.538
28.06006622314453,-0.012454213201999666,0.9999847412109375,0.0,5,0.171067,5.0,17147.7,252.757,0.65558,1.83595,11.3298,30.8777,50.1242,73.2023,90.9024,101.733,108.67,115.585,121.099,127.177,133.908,141.402,153.445,37.2328,28.6906,21.1713,15.3755,11.4282,6.52974,-0.115351,232.237,232.515,222.818,223.101
28.08316922187805,-0.012454213201999666,0.9999847412109375,0.0,5,0.166625,5.0,16784.1,252.24,0.651492,1.86606,11.6832,31.3166,50.2713,72.8965,90.3154,101.151,108.1,115.032,120.565,126.669,133.433,140.973,153.104,35.9539,27.6932,20.392,14.7725,10.9556,6.2343,-0.157898,231.779,232.081,221.782,222.292
28.106157064437866,-0.012454213201999666,0.9999847412109375,0.0,5,0.162265,5.0,17147.5,252.309,0.672916,1.89344,12.0222,31.7247,50.401,72.5963,89.7635,100.613,107.579,114.536,120.094,126.23,133.036,140.63,152.867,34.6586,26.6938,19.6173,14.1763,10.4903,5.94569,-0.199259,231.508,231.827,226.791,226.791
28.12804937362671,-0.012454213201999666,0.9999847412109375,0.0,5,0.157864,5.0,17172.8,252.708,0.687435,1.93643,12.3462,32.0932,50.4917,72.2694,89.2042,100.066,107.048,114.028,119.61,125.777,132.625,140.272,152.612,33.4007,25.7135,18.8556,13.5906,10.0338,5.66356,-0.239548,231.802,232.12,227.14,227.14
28.149053812026978,-0.012454213201999666,0.9999847412109375,0.0,5,0.153373,5.0,17189.5,253.111,0.684481,1.98606,12.6547,32.4193,50.5371,71.9022,88.6204,99.4868,106.481,113.48,119.081,125.275,132.159,139.854,152.288,32.1987,24.7607,18.1105,13.0169,9.58691,5.3882,-0.278768,232.168,232.472,227.366,227.366
28.172417879104614,-0.012454213201999666,0.9999847412109375,0.0,5,0.14876,5.0,17211.3,253.509,0.660951,2.04388,12.9474,32.701,50.5322,71.4867,87.9988,98.8602,105.859,112.869,118.484,124.697,131.609,139.342,151.854,31.0634,23.8413,17.3853,12.4569,9.15052,5.11984,-0.316905,232.543,232.825,227.649,227.649
28.193812131881714,-0.012454213201999666,0.9999847412109375,0.0,5,0.144048,5.0,17237.4,253.902,0.629784,2.08224,13.2246,32.9431,50.4838,71.0314,87.3487,98.197,105.195,112.21,117.834,124.061,130.994,138.758,151.335,29.9826,22.9496,16.6777,11.9097,8.7243,4.85845,-0.353943,232.91,233.175,227.992,227.992
28.21604299545288,-0.009354249015450478,0.9999847412109375,0.0,5,0.139284,5.0,17265.9,254.291,0.601762,2.10178,13.4874,33.1514,50.4027,70.5513,86.6864,97.5186,104.513,111.531,117.161,123.4,130.352,138.144,150.782,28.9353,22.0781,15.9841,11.3738,8.30756,4.60405,-0.389857,233.272,233.53,228.367,228.367
28.23958396911621,-0.009354249015450478,0.9999847412109375,0.0,5,0.13437,5.0,17295.6,254.679,0.583845,2.10805,13.7336,33.317,50.2712,70.0195,85.976,96.7774,103.76,110.771,116.399,122.64,129.598,137.404,150.08,27.964,21.2452,15.3139,10.8537,7.90293,4.35741,-0.424601,233.645,233.875,228.76,228.76
28.258657217025757,-0.009354249015450478,0.9999847412109375,0.0,5,0.129312,5.0,17318.9,255.071,0.542616,2.11912,13.9637,33.4418,50.0928,69.4393,85.2188,95.9776,102.938,109.931,115.549,121.782,128.736,136.543,149.232,27.0672,20.4502,14.6662,10.3494,7.51038,4.1187,-0.458145,234.016,234.22,229.072,229.072
28.280336380004883,-0.009354249015450478,0.9999847412109375,0.0,5,0.124201,5.0,17345.2,255.459,0.503622,2.14159,14.1791,33.5365,49.8852,68.8369,84.4489,95.1605,102.096,109.069,114.675,120.897,127.843,135.647,148.344,26.2089,19.6775,14.0349,9.85812,7.12865,3.88766,-0.490479,234.381,234.576,229.418,229.418
28.30433225631714,-0.012454213201999666,0.9999847412109375,0.0,5,0.119082,5.0,17372.8,255.844,0.477308,2.15539,14.3805,33.6056,49.6581,68.2237,83.6816,94.3463,101.258,108.21,113.803,120.015,126.954,134.756,147.462,25.3768,18.9225,13.4179,9.37932,6.75784,3.66458,-0.521566,234.736,234.932,229.782,229.782
28.326687574386597,-0.018605026975274087,0.9999847412109375,0.0,5,0.114122,5.0,17399.4,256.227,0.46517,2.1672,14.5713,33.667,49.44,67.6418,82.9776,93.6122,100.511,107.458,113.049,119.265,126.213,134.031,146.779,24.5045,18.158,12.8038,8.90799,6.39541,3.44884,-0.551422,235.071,235.305,230.135,230.135
28.347602605819702,-0.022886039316654207,0.9999847412109375,0.0,5,0.109692,5.0,17425.1,256.61,0.502801,2.18176,14.7582,33.7559,49.2935,67.1802,82.4694,93.1296,100.056,107.039,112.666,118.927,125.934,133.831,146.729,23.4519,17.3282,12.1698,8.43416,6.03664,3.2395,-0.58007,235.363,235.711,230.475,230.475
28.370665073394775,-0.022886039316654207,0.9999847412109375,0.0,5,0.105885,5.0,17448.7,256.991,0.630484,2.19923,14.9438,33.8815,49.2317,66.8569,82.1949,92.9471,99.9486,107.02,112.726,119.086,126.216,134.265,147.448,22.2017,16.4249,11.5118,7.95584,5.68043,3.03595,-0.607597,235.645,236.124,230.788,230.788
28.392055988311768,-0.022886039316654207,0.9999847412109375,0.0,5,0.102382,5.0,17473.6,257.369,0.796106,2.21959,15.1234,34.0144,49.1996,66.591,82.043,92.9237,100.027,107.216,113.029,119.517,126.807,135.054,29.7788,20.8976,15.5035,10.8529,7.48313,5.33142,2.83882,-0.634056,235.958,236.506,231.117,231.117
28.415639877319336,-0.022886039316654207,0.9999847412109375,0.0,5,0.0989174,5.0,17499.0,257.745,0.931259,2.23597,15.2934,34.1317,49.1548,66.3338,81.922,92.9417,100.156,107.472,113.399,120.029,127.491,135.955,26.9745,19.6343,14.6024,10.2095,7.02273,4.99244,2.6485,-0.6595,236.295,236.858,231.453,231.453
28.434221744537354,-0.022886039316654207,0.9999847412109375,0.0,5,0.0954091,5.0,17524.5,258.119,1.02504,2.24715,15.4527,34.2265,49.0849,66.077,81.802,92.9637,100.29,107.738,113.783,120.557,128.199,136.887,24.7945,18.4317,13.7316,9.58488,6.5764,4.66431,2.46493,-0.683963,236.641,237.198,231.79,231.79
28.456265687942505,-0.021409824863076212,0.9999847412109375,0.0,5,0.0918421,5.0,17549.8,258.491,1.08498,2.25319,15.6011,34.2983,48.9884,65.8168,81.6786,92.9824,100.423,108.003,114.169,121.091,128.917,137.836,22.9346,17.2876,12.8917,8.98033,6.14413,4.34713,2.28812,-0.707451,236.986,237.535,232.125,232.125
28.480891704559326,-0.021409824863076212,0.9999847412109375,0.0,5,0.0881253,5.0,17574.8,258.862,1.11995,2.25553,15.7374,34.34,48.8522,65.5323,81.5165,92.9523,100.501,108.207,114.487,121.552,129.557,138.701,21.3389,16.2192,12.0909,8.39939,5.72793,4.04174,2.11827,-0.729965,237.343,237.863,232.456,232.456
28.50113344192505,-0.021409824863076212,0.9999847412109375,0.0,5,0.0842639,5.0,17599.4,259.233,1.11692,2.25604,15.8619,34.3531,48.6787,65.2242,81.3179,92.8758,100.524,108.35,114.74,121.942,130.118,139.481,19.9256,15.2143,11.3254,7.84037,5.32701,3.7477,1.95518,-0.751526,237.697,238.191,232.782,232.782
28.52595281600952,-0.021409824863076212,0.9999847412109375,0.0,5,0.0803427,5.0,17623.8,259.602,1.10419,2.25638,15.9759,34.3454,48.4819,64.9129,81.1138,92.793,100.542,108.488,114.989,122.329,130.68,140.267,18.6147,14.2512,10.5864,7.30006,4.9401,3.46462,1.79897,-0.772105,238.042,238.525,233.104,233.104
28.54634189605713,-0.021409824863076212,0.9999847412109375,0.0,5,0.0763904,5.0,17647.9,259.971,1.09252,2.25033,16.08,34.3198,48.2662,64.6055,80.9153,92.7184,100.571,108.64,115.255,122.738,131.272,141.092,17.3802,13.3243,9.87177,6.77784,4.56722,3.19281,1.64972,-0.79169,238.382,238.861,233.424,233.424
28.56602692604065,-0.021409824863076212,0.9999847412109375,0.0,5,0.0724096,5.0,17672.1,260.338,1.08134,2.24214,16.1741,34.2765,48.0325,64.3024,80.7232,92.6532,100.613,108.808,115.542,123.174,131.896,141.96,16.2156,12.4329,9.18213,6.27458,4.20914,2.93242,1.5076,-0.81026,238.722,239.197,233.743,233.743
28.588480234146118,-0.021409824863076212,0.9999847412109375,0.0,5,0.0684271,5.0,17698.5,260.701,1.07661,2.22391,16.2588,34.2185,47.7851,64.0103,80.5488,92.6126,100.683,109.014,115.872,123.662,132.585,142.908,15.1058,11.5743,8.51652,5.79005,3.86584,2.68377,1.37271,-0.82781,239.056,239.534,234.094,234.094
28.613789319992065,-0.021409824863076212,0.9999847412109375,0.0,5,0.0644541,5.0,17722.0,261.066,1.0773,2.21144,16.3344,34.147,47.5256,63.733,80.3969,92.6027,100.793,109.266,116.258,124.216,133.354,143.956,14.0452,10.7464,7.87493,5.32468,3.53754,2.44697,1.2451,-0.84434,239.39,239.872,234.403,234.403
28.634122848510742,-0.025986099243164064,0.9999847412109375,0.0,5,0.0604801,5.0,17745.2,261.43,1.07932,2.20561,16.4007,34.0609,47.2527,63.4665,80.2634,92.6189,100.935,109.559,116.692,124.828,134.196,145.095,13.0428,9.95489,7.26058,4.88064,3.22564,2.22279,1.12502,-0.859825,239.724,240.208,234.71,234.71
28.65432357788086,-0.034597430005669595,0.9999847412109375,0.0,5,0.0567198,5.0,17768.4,261.791,1.08601,2.19078,16.4616,33.9786,46.9966,63.2679,80.2391,92.7829,101.254,110.065,117.37,125.725,135.372,146.634,12.0249,9.16697,6.65867,4.45116,2.9271,2.00982,1.01208,-0.874303,240.024,240.559,235.018,235.018
28.67687225341797,-0.03838643468916417,0.9999847412109375,0.0,5,0.0536332,5.0,17793.5,262.144,1.14739,2.21633,16.5254,33.9375,46.8237,63.2581,80.5238,93.3655,102.077,111.171,118.738,127.421,137.486,149.289,10.8755,8.32627,6.04219,4.02526,2.63734,1.80573,0.905594,-0.887828,240.28,240.947,235.341,235.341
28.69792628288269,-0.03838643468916417,0.9999847412109375,0.0,5,0.0514307,5.0,17833.2,262.476,1.37053,2.1733,16.5967,33.9546,46.7838,63.5029,81.232,94.5294,103.604,113.125,121.084,130.258,140.948,15.8179,9.59776,7.42422,5.40527,3.5992,2.35393,1.60885,0.804657,-0.900515,240.495,241.344,235.862,235.862
28.720418691635132,-0.03838643468916417,0.9999847412109375,0.0,5,0.0495516,5.0,17851.2,262.825,1.63391,2.17048,16.6665,33.9856,46.8067,63.8692,82.152,95.9949,105.507,115.543,123.979,133.754,145.215,12.2643,8.38175,6.54992,4.7876,3.18949,2.08327,1.42194,0.709549,-0.912412,240.765,241.694,236.109,236.109
28.743340969085693,-0.03838643468916417,0.9999847412109375,0.0,5,0.0477777,5.0,17868.3,263.169,1.8326,2.19874,16.7319,34.0142,46.8662,64.3076,83.2061,97.6619,107.669,118.294,127.278,137.75,150.111,10.1172,7.25983,5.72257,4.19887,2.79847,1.82572,1.2446,0.619736,-0.923615,241.074,242.018,236.413,236.413
28.763643741607666,-0.034597430005669595,0.9999847412109375,0.0,5,0.0456467,5.0,17881.2,263.527,1.95002,2.12883,16.7855,34.0048,46.8966,64.6926,84.1832,99.2395,109.739,120.956,130.495,141.68,154.974,8.53712,6.27821,4.97413,3.65487,2.43309,1.58395,1.0778,0.535187,-0.934158,241.391,242.301,236.515,236.515
28.78782820701599,-0.031005266681313516,0.9999847412109375,0.0,5,0.043097,5.0,17937.1,263.833,1.94064,2.12122,16.8264,33.9532,46.8881,65.0016,85.0401,100.665,111.637,123.428,133.513,145.405,11.5664,7.26124,5.40746,4.29244,3.15161,2.09181,1.35736,0.921249,0.455856,-0.944043,241.776,242.573,237.256,237.256
28.80941390991211,-0.027609944716095926,0.9999847412109375,0.0,5,0.0406903,5.0,17933.5,264.199,2.00067,2.17054,16.8638,33.9033,46.9223,65.3949,86.0529,102.326,113.84,126.295,137.015,149.737,8.68752,6.0782,4.57502,3.63903,2.66999,1.76727,1.14314,0.77404,0.381744,-0.953242,242.085,242.894,237.217,237.217
28.829861640930176,-0.024411464110016823,0.9999847412109375,0.0,5,0.0375444,5.0,17952.2,264.545,1.92372,2.14317,16.8832,33.7872,46.8668,65.609,86.7603,103.567,115.536,128.558,139.827,153.275,7.11952,5.10852,3.84999,3.05582,2.23239,1.46899,0.945389,0.637939,0.31311,-0.961754,242.458,243.157,237.449,237.449
28.85328769683838,-0.024411464110016823,0.9999847412109375,0.0,5,0.0337501,5.0,17991.2,264.871,1.76502,2.11613,16.8851,33.6122,46.7311,65.6579,87.1789,104.403,116.737,130.219,141.941,155.995,5.96914,4.28837,3.212,2.53374,1.83688,1.19811,0.76569,0.514313,0.250992,-0.969449,242.853,243.405,237.952,237.952
28.875559091567993,-0.022886039316654207,0.9999847412109375,0.0,5,0.0301322,5.0,18033.4,265.195,1.68636,1.98703,16.8828,33.4501,46.6384,65.7898,87.7476,105.461,118.224,132.249,144.507,159.284,4.86315,3.49868,2.60435,2.04202,1.46856,0.949516,0.602612,0.402954,0.195511,-0.97628,243.145,243.716,238.513,238.513
28.8961923122406,-0.021409824863076212,0.9999847412109375,0.0,5,0.0263792,5.0,18027.0,265.566,1.62189,1.93223,16.8711,33.2885,46.5414,65.9094,88.2966,106.5,119.694,134.272,147.082,162.606,3.89111,2.78399,2.05299,1.59704,1.13744,0.72794,0.458416,0.305016,0.14711,-0.982213,243.474,244.029,238.433,238.433
28.919394493103027,-0.021409824863076212,0.9999847412109375,0.0,5,0.0220788,5.0,18061.1,265.899,1.49764,1.80338,16.8428,33.0949,46.3742,65.8809,88.5781,107.153,120.685,135.703,148.956,165.092,3.12443,2.18655,1.58388,1.21681,0.854721,0.539402,0.336475,0.222549,0.106583,-0.987167,243.808,244.299,238.88,238.88
28.942488431930542,-0.021409824863076212,0.9999847412109375,0.0,5,0.0176527,5.0,18096.4,266.23,1.37435,1.5746,16.8044,32.9007,46.2003,65.8335,88.8249,107.759,121.62,137.07,150.764,167.513,2.49945,1.68676,1.19184,0.901037,0.62229,0.386608,0.238491,0.156708,0.0745087,-0.991069,244.141,244.597,239.351,239.351
28.96360945701599,-0.021409824863076212,0.9999847412109375,0.0,5,0.0137881,5.0,18120.3,266.566,1.35832,1.54538,16.7667,32.758,46.1277,65.9928,89.4523,108.933,123.289,139.383,153.733,171.389,1.95274,1.26827,0.873846,0.64988,0.44096,0.269988,0.164924,0.107748,0.0508575,-0.993924,244.437,244.952,239.672,239.672
28.983668088912964,-0.021409824863076212,0.9999847412109375,0.0,5,0.0101406,5.0,18078.0,266.95,1.41804,1.59197,16.7243,32.6408,46.104,66.2521,90.2712,110.405,125.352,142.223,157.366,176.132,1.64618,1.00342,0.667961,0.487064,0.324442,0.195568,0.118191,0.0767441,0.0359955,-0.995715,244.719,245.286,239.484,239.484
29.007620811462402,-0.021409824863076212,0.9999847412109375,0.0,5,0.00578827,5.0,18127.2,267.278,1.30166,1.57003,16.6631,32.4799,45.9839,66.3046,90.7058,111.309,126.694,144.151,159.904,179.537,1.99762,0.992468,0.616767,0.434825,0.281603,0.165878,0.0988808,0.0638199,0.0296936,-0.99648,245.115,245.568,239.761,239.761
29.03130531311035,-0.021409824863076212,0.9999847412109375,0.0,5,0.00129467,5.0,18159.6,267.606,1.19795,1.56503,16.5916,32.3171,45.8548,66.3328,91.0945,112.149,127.96,145.993,162.35,182.851,200.0,1.45058,0.782721,0.524655,0.327047,0.187525,0.110218,0.0704346,0.032547,-0.996162,245.42,245.859,240.185,240.185
29.04951310157776,-0.021409824863076212,0.9999847412109375,0.0,5,-0.00307181,5.0,18192.5,267.931,1.14547,1.46413,16.5136,32.1724,45.7588,66.4275,91.6101,113.189,129.494,148.198,165.263,186.787,200.0,200.0,1.32808,0.817656,0.48457,0.269094,0.155579,0.0987549,0.045166,-0.994693,245.726,246.174,240.626,240.626
29.07353401184082,-0.021409824863076212,0.9999847412109375,0.0,5,-0.00715455,5.0,18219.4,268.261,1.17385,1.38413,16.4316,32.058,45.7222,66.6466,92.3673,114.608,131.538,151.092,169.059,191.893,200.0,200.0,2.78868,1.40865,0.776541,0.416384,0.236763,0.148979,0.0675964,-0.992091,246.001,246.5,240.983,240.983
29.09603977203369,-0.021409824863076212,0.9999847412109375,0.0,5,-0.0109377,5.0,18298.5,268.532,1.27989,1.11267,16.3455,31.9753,45.7488,67.0009,93.395,116.461,134.174,154.8,173.912,198.426,200.0,200.0,200.0,2.52712,1.24158,0.637999,0.356308,0.222366,0.100143,-0.98833,246.261,246.817,242.171,242.171
29.11762237548828,-0.021409824863076212,0.9999847412109375,0.0,5,-0.0144537,5.0,18266.4,268.93,1.42634,0.914954,16.2547,31.9227,45.8358,67.4876,94.6944,118.764,137.435,159.386,179.93,200.0,200.0,200.0,200.0,5.32371,1.92957,0.941011,0.515854,0.319435,0.142731,-0.983426,246.542,247.143,241.622,241.622
29.1383376121521,-0.021409824863076212,0.9999847412109375,0.0,5,-0.0183785,5.0,18270.9,269.278,1.42797,0.927605,16.1536,31.849,45.8727,67.8624,95.784,120.759,140.313,163.506,185.413,200.0,200.0,200.0,200.0,200.0,2.96961,1.33972,0.717712,0.440285,0.195023,-0.977448,246.91,247.434,241.672,241.672
29.162721633911133,-0.022886039316654207,0.9999847412109375,0.0,5,-0.022732,5.0,18284.5,269.622,1.34118,0.81863,16.051,31.7524,45.8545,68.11,96.6238,122.374,142.697,166.991,190.13,200.0,200.0,200.0,200.0,200.0,4.70079,1.85811,0.96699,0.586642,0.257355,-0.970378,247.255,247.704,241.85,241.85
29.182364225387573,-0.025986099243164064,0.9999847412109375,0.0,5,-0.0272357,5.0,18305.3,269.954,1.21565,0.847098,15.9513,31.6542,45.8269,68.3308,97.4112,123.916,145.0,170.396,195.524,200.0,200.0,200.0,200.0,200.0,8.38576,2.52398,1.2687,0.760254,0.330017,-0.962199,247.58,248.0,242.119,242.119
29.20378828048706,-0.02928300052881241,0.9999847412109375,0.0,5,-0.0315591,5.0,18342.1,270.268,1.13231,0.791109,15.8592,31.5802,45.8464,68.6531,98.4096,125.814,147.811,174.539,200.0,200.0,200.0,200.0,200.0,200.0,12.0812,3.36897,1.62595,0.961899,0.413239,-0.952891,247.864,248.332,242.596,242.596
29.226387977600098,-0.02928300052881241,0.9999847412109375,0.0,5,-0.035189,5.0,18375.6,270.582,1.1992,0.731741,15.7824,31.5719,46.0045,69.29,100.072,128.83,152.202,180.956,200.0,200.0,200.0,200.0,200.0,200.0,14.4028,4.36152,2.03658,1.19033,0.506622,-0.942477,248.077,248.695,243.047,243.047
29.25080633163452,-0.031005266681313516,0.9999847412109375,0.0,5,-0.0382532,5.0,18401.4,270.902,1.38114,0.571668,15.7193,31.6212,46.2856,70.2139,102.366,132.954,158.214,190.495,200.0,200.0,200.0,200.0,200.0,195.763,15.6849,5.23114,2.4865,1.4449,0.609894,-0.930992,248.309,249.048,243.391,243.391
29.270984649658203,-0.031005266681313516,0.9999847412109375,0.0,5,-0.0401129,5.0,18421.4,271.228,1.56032,0.369196,15.6633,31.6909,46.6084,71.242,104.926,137.611,165.085,200.0,200.0,200.0,200.0,200.0,200.0,138.935,16.4705,5.96702,2.90238,1.70189,0.721201,-0.918482,248.575,249.337,243.66,243.66
29.29349684715271,-0.031005266681313516,0.9999847412109375,0.0,5,-0.0365093,5.0,18474.6,271.52,1.70692,0.0775709,15.6149,31.7817,46.9741,72.3788,107.773,142.862,172.945,200.0,200.0,200.0,200.0,200.0,200.0,79.016,16.9051,6.5791,3.27136,1.93544,0.826793,-0.906183,248.865,249.631,244.327,244.327
29.316007137298584,-0.031005266681313516,0.9999847412109375,0.0,5,-0.0327058,5.0,18474.0,271.86,1.86348,-0.114679,15.5763,31.9056,47.4105,73.696,111.085,149.064,182.373,200.0,200.0,200.0,200.0,200.0,196.468,57.8027,17.0254,7.06926,3.59254,2.14491,0.923958,-0.89473,249.138,249.933,244.366,244.366
29.339141368865967,-0.02928300052881241,0.9999847412109375,0.0,5,-0.0289782,5.0,18478.6,272.196,1.92447,-0.251984,15.5441,32.0417,47.8698,75.0795,114.621,155.831,200.0,200.0,200.0,200.0,200.0,200.0,190.452,47.4124,17.0196,7.4662,3.87113,2.33128,1.01236,-0.884199,249.463,250.236,244.423,244.423
29.36013674736023,-0.024411464110016823,0.9999847412109375,0.0,5,-0.0254854,5.0,18485.6,272.529,1.92303,-0.256799,15.5166,32.1776,48.322,76.4527,118.207,162.863,200.0,200.0,200.0,200.0,200.0,198.195,179.655,41.445,16.9723,7.79076,4.11165,2.49561,1.0918,-0.874651,249.789,250.517,244.503,244.503
29.381210327148438,-0.021409824863076212,0.9999847412109375,0.0,5,-0.0228574,5.0,18483.0,272.876,1.77682,-0.275389,15.4839,32.257,48.6339,77.4701,120.99,168.511,200.0,200.0,200.0,200.0,200.0,194.523,117.982,38.6934,17.1251,8.10698,4.33327,2.64527,1.16368,-0.866029,250.183,250.742,244.483,244.483
29.405234575271606,-0.015997070446610452,0.9999847412109375,0.0,5,-0.0209531,5.0,18542.2,273.167,1.53362,-0.402665,15.4476,32.2889,48.8246,78.1669,123.007,172.751,200.0,200.0,200.0,200.0,198.119,191.31,97.5559,37.4998,17.4123,8.41613,4.5387,2.78202,1.2287,-0.858262,250.56,250.973,245.242,245.242
29.423400163650513,-0.013585955277085305,0.9999847412109375,0.0,5,-0.0191601,5.0,18562.4,273.496,1.38178,-0.578312,15.4152,32.3233,49.0131,78.8499,125.001,200.0,200.0,200.0,200.0,200.0,195.317,188.062,84.9604,36.4909,17.6365,8.68377,4.72132,2.90494,1.28774,-0.851173,250.871,251.252,245.526,245.526
29.446975469589233,-0.011371681466698647,0.9999847412109375,0.0,5,-0.0175725,5.0,18575.9,273.831,1.22914,-0.681295,15.3849,32.3509,49.1776,79.4614,126.821,200.0,200.0,200.0,200.0,198.138,192.607,184.874,77.0165,35.7564,17.8435,8.92378,4.88605,3.01625,1.34145,-0.844712,251.205,251.544,245.705,245.705
29.47126054763794,-0.010338360071182252,0.9999847412109375,0.0,5,-0.0163079,5.0,18591.6,274.164,1.08046,-0.804628,15.3544,32.3597,49.29,79.9255,128.267,200.0,200.0,200.0,200.0,195.762,190.089,181.915,72.3812,35.3996,18.0851,9.15308,5.03917,3.11888,1.39067,-0.838803,251.538,251.811,245.91,245.91
29.493342876434326,-0.009354249015450478,0.9999847412109375,0.0,5,-0.0153888,5.0,18609.6,274.494,0.901123,-0.927694,15.3227,32.3461,49.3419,80.2185,129.264,200.0,200.0,200.0,198.211,193.571,187.804,179.291,70.0053,35.4017,18.3789,9.38032,5.18457,3.2149,1.43615,-0.833372,251.878,252.08,246.147,246.147
29.512832641601562,-0.009354249015450478,0.9999847412109375,0.0,5,-0.0145228,5.0,18656.1,274.796,0.774796,-1.18195,15.2935,32.3347,49.3935,80.5019,130.23,200.0,200.0,200.0,196.084,191.399,185.541,176.66,67.997,35.3862,18.6378,9.5862,5.31773,3.30326,1.47821,-0.828339,252.174,252.36,246.768,246.768
29.536534070968628,-0.008419348299503327,0.9999847412109375,0.0,5,-0.0136124,5.0,18664.3,275.135,0.683646,-1.32881,15.2677,32.3334,49.4644,80.8303,131.31,200.0,200.0,197.952,193.929,189.192,183.227,173.861,65.8958,35.2515,18.8374,9.76599,5.43803,3.38417,1.5172,-0.823647,252.479,252.672,246.875,246.875
29.555821895599365,-0.006697177886962891,0.9999847412109375,0.0,5,-0.012727,5.0,18677.2,275.466,0.616004,-1.40658,15.2444,32.3356,49.5395,81.163,132.398,200.0,200.0,195.832,191.777,186.989,180.913,170.956,63.9973,35.0889,19.0043,9.92691,5.54778,3.45858,1.55332,-0.819284,252.791,252.978,247.045,247.045
29.58019995689392,-0.0059099081903696065,0.9999847412109375,0.0,5,-0.0119827,5.0,18691.8,275.797,0.549371,-1.50022,15.2213,32.3304,49.5921,81.428,133.301,200.0,198.657,193.767,189.69,184.863,178.698,168.145,62.6853,35.0356,19.1824,10.0822,5.65161,3.52851,1.58709,-0.815215,253.103,253.261,247.237,247.237
29.599435091018677,-0.0038433611392974854,0.9999847412109375,0.0,5,-0.0113815,5.0,18725.2,276.108,0.476202,-1.59727,15.1984,32.317,49.6208,81.621,134.004,200.0,196.661,191.759,187.669,182.818,176.59,165.483,61.8717,35.09,19.3758,10.2339,5.75057,3.59456,1.61873,-0.811414,253.419,253.548,247.656,247.656
29.622324228286743,-0.0022197071462869643,0.9999847412109375,0.0,5,-0.0108955,5.0,18745.2,276.43,0.418667,-1.7212,15.1755,32.297,49.6301,81.7553,134.543,199.489,194.703,189.798,185.702,180.839,174.573,162.976,61.4159,35.2262,19.5813,10.3831,5.8457,3.65751,1.64868,-0.80783,253.721,253.824,247.944,247.944
29.644445419311523,-0.0017769098281860353,0.9999847412109375,0.0,5,-0.0106065,5.0,18761.0,276.755,0.349803,-1.78533,15.1508,32.2615,49.5992,81.7756,134.767,197.594,192.815,187.919,183.832,178.979,172.721,160.998,61.5724,35.5459,19.8363,10.5425,5.94229,3.72004,1.67783,-0.804374,254.044,254.106,248.152,248.152
29.666322946548462,-0.0013833228498697282,0.9999847412109375,0.0,5,-0.0104441,5.0,18777.8,277.079,0.26908,-1.83726,15.1258,32.2179,49.5456,81.7273,134.795,195.736,190.97,186.092,182.022,177.192,170.972,159.411,62.0693,35.9612,20.1116,10.7026,6.0364,3.78016,1.70549,-0.801116,254.352,254.388,248.373,248.373
29.689887285232544,-0.0010389462113380432,0.9999847412109375,0.0,5,-0.0103691,5.0,18795.6,277.4,0.201276,-1.8897,15.1,32.1672,49.4738,81.6274,134.681,193.902,189.155,184.3,180.253,175.458,169.296,158.077,62.8271,36.4599,20.4107,10.8682,6.13165,3.84037,1.73291,-0.797903,254.656,254.673,248.609,248.609
29.70994544029236,-0.0010389462113380432,0.9999847412109375,0.0,5,-0.0103317,5.0,18828.7,277.705,0.143412,-1.98562,15.0744,32.115,49.3967,81.5093,134.511,192.077,187.35,182.521,178.5,173.743,167.647,156.804,63.6686,36.9781,20.7111,11.0314,6.22463,3.89889,1.75945,-0.7948,254.948,254.957,249.045,249.045
29.731762409210205,-0.0010389462113380432,0.9999847412109375,0.0,5,-0.0102773,5.0,18844.8,278.026,0.105038,-2.05773,15.0498,32.0657,49.3252,81.4048,134.374,190.243,185.535,180.731,176.736,172.014,165.981,155.448,64.4286,37.4636,20.9981,11.1891,6.31495,3.95588,1.78536,-0.791767,255.238,255.25,249.259,249.259
29.756990432739258,-0.0010389462113380432,0.9999847412109375,0.0,5,-0.0102022,5.0,18862.1,278.343,0.0818116,-2.09475,15.0258,32.0189,49.2595,81.3148,134.276,188.399,183.711,178.931,174.959,170.271,164.296,154.022,65.1011,37.9161,21.2728,11.3422,6.40323,4.01177,1.81086,-0.788777,255.53,255.546,249.488,249.488
29.776053190231323,-0.0017769098281860353,0.9999847412109375,0.0,5,-0.0101133,5.0,18879.3,278.658,0.0686243,-2.13654,15.0021,31.9738,49.1974,81.2341,134.202,186.548,181.878,177.122,173.174,168.518,162.598,152.553,65.7161,38.3471,21.5397,11.4925,6.49036,4.06707,1.83614,-0.785808,255.817,255.835,249.716,249.716
29.799291610717773,-0.002711714804172516,0.9999847412109375,0.0,5,-0.00996089,5.0,18901.2,278.966,0.0624982,-2.16942,14.9799,31.9353,49.1507,81.1947,134.238,184.675,180.02,175.284,171.355,166.726,160.848,150.944,66.0949,38.6926,21.777,11.633,6.57365,4.12048,1.86082,-0.782896,256.098,256.13,249.99,249.99
29.821399450302124,-0.002711714804172516,0.9999847412109375,0.0,5,-0.00968501,5.0,18922.5,279.271,0.0758871,-2.22069,14.9597,31.9084,49.132,81.2319,134.485,182.761,178.116,173.392,169.475,164.861,159.0,149.088,66.0488,38.8882,21.9653,11.7588,6.65193,4.17179,1.88501,-0.780011,256.366,256.424,250.287,250.287
29.84268593788147,-0.0032529328018426895,0.9999847412109375,0.0,5,-0.00932953,5.0,18940.4,279.577,0.104456,-2.24955,14.9416,31.8906,49.1338,81.3232,134.877,180.819,176.181,171.465,167.555,162.947,157.088,147.063,65.7131,38.9708,22.1117,11.8697,6.72402,4.2199,1.90809,-0.777237,256.64,256.715,250.523,250.523
29.864264965057373,-0.0032529328018426895,0.9999847412109375,0.0,5,-0.00895587,5.0,18958.1,279.881,0.129419,-2.26525,14.9239,31.8747,49.1401,81.4271,135.306,178.868,174.236,169.528,165.625,161.023,155.163,144.997,65.3269,39.0285,22.2483,11.9772,6.79477,4.26739,1.93099,-0.774478,256.918,256.997,250.758,250.758
29.886365175247192,-0.0032529328018426895,0.9999847412109375,0.0,5,-0.00858718,5.0,18976.0,280.181,0.146089,-2.27273,14.9069,31.86,49.1481,81.5328,135.737,176.917,172.292,167.592,163.695,159.101,153.241,142.928,64.9421,39.0738,22.3754,12.0794,6.86251,4.31299,1.95305,-0.771816,257.196,257.274,250.995,250.995
29.909750938415527,-0.0032529328018426895,0.9999847412109375,0.0,6,-0.00822654,5.0,18995.7,280.477,0.155925,-2.2767,14.8907,31.8465,49.1572,81.639,136.166,174.965,170.347,165.656,161.768,157.181,151.324,140.864,64.5658,39.1095,22.4939,12.1763,6.92715,4.35664,1.97421,-0.769259,257.471,257.547,251.255,251.255
29.93082904815674,-0.0032529328018426895,0.9999847412109375,0.0,6,-0.00786704,6.0,17366.3,280.246,0.161091,-2.27745,14.8752,31.8344,49.1685,81.7493,136.656,173.011,168.402,163.721,159.84,155.262,149.409,138.791,64.1806,39.1306,22.6027,12.268,6.98893,4.39852,1.9946,-0.766791,257.558,257.633,247.203,247.278
29.952302932739258,-0.0032529328018426895,0.9999847412109375,0.0,6,-0.00748566,6.0,17324.2,279.682,0.168482,-2.27287,14.8609,31.8263,49.1878,81.8789,178.247,171.053,166.451,161.779,157.905,153.334,147.481,136.638,63.7156,39.1096,22.6918,12.3511,7.04647,4.43796,2.01399,-0.764432,257.103,257.183,246.681,246.762
29.975473642349243,-0.0032529328018426895,0.9999847412109375,0.0,6,-0.00706649,6.0,17029.7,279.079,0.180734,-2.24568,14.8481,31.8236,49.2189,82.0385,176.276,169.086,164.49,159.824,155.956,151.388,145.526,134.323,63.13,39.0299,22.7552,12.4236,7.09909,4.47467,2.03232,-0.762187,256.567,256.655,245.631,245.902
29.99808645248413,-0.0032529328018426895,0.9999847412109375,0.0,6,-0.00661927,6.0,17306.8,279.029,0.19783,-2.20781,14.8367,31.8255,49.2594,82.2221,174.3,167.112,162.52,157.86,153.996,149.428,143.552,131.77,62.4607,38.9044,22.7971,12.4867,7.14718,4.50881,2.04962,-0.760054,256.221,256.314,249.726,249.726
30.019640922546387,-0.0032529328018426895,0.9999847412109375,0.0,6,-0.00622222,6.0,17318.1,279.269,0.198913,-2.15438,14.8253,31.8246,49.2916,82.3795,172.332,165.151,160.567,155.915,152.058,147.497,141.617,129.155,61.9248,38.8186,22.8473,12.5498,7.19399,4.54176,2.0662,-0.758016,256.391,256.475,249.892,249.892
30.042325973510742,-0.0032529328018426895,0.9999847412109375,0.0,6,-0.00585791,6.0,17330.2,279.505,0.192442,-2.11119,14.8142,31.8223,49.319,82.5211,170.37,163.198,158.623,153.982,150.135,145.584,139.709,126.225,61.4683,38.7538,22.9002,12.6114,7.2391,4.57338,2.08206,-0.756069,256.607,256.684,250.067,250.067
30.064127206802368,-0.0032529328018426895,0.9999847412109375,0.0,6,-0.005514,6.0,17343.6,279.738,0.183442,-2.07577,14.8036,31.8199,49.3445,82.6548,168.409,161.248,156.683,152.056,148.22,143.682,137.818,123.52,61.054,38.6963,22.951,12.6699,7.28199,4.60345,2.09715,-0.754214,256.824,256.897,250.259,250.259
30.085407972335815,-0.0059099081903696065,0.9999847412109375,0.0,6,-0.00517339,6.0,17357.8,279.971,0.175841,-2.0301,14.7945,31.8205,49.3745,82.7956,166.445,159.295,154.742,150.128,146.304,141.779,135.926,120.911,60.6148,38.6146,22.9855,12.7192,7.31948,4.6301,2.1107,-0.752542,257.038,257.11,250.464,250.464
30.106841802597046,-0.011371681466698647,0.9999847412109375,0.0,6,-0.00466052,6.0,17366.9,280.208,0.175227,-1.97067,14.7887,31.8386,49.4466,83.054,164.435,157.287,152.738,148.128,144.305,139.777,133.895,116.802,59.7494,38.3489,22.9498,12.7444,7.3478,4.65248,2.12301,-0.75097,257.233,257.343,250.598,250.598
30.130046844482422,-0.011371681466698647,0.9999847412109375,0.0,6,-0.00369787,6.0,17381.6,280.437,0.222276,-1.90327,14.7909,31.9008,49.6264,83.6183,162.31,155.139,150.573,145.941,142.091,137.51,131.486,109.245,57.8615,37.6371,22.7443,12.713,7.35537,4.66561,2.13297,-0.749558,257.399,257.603,250.806,250.806
30.149656057357788,-0.011371681466698647,0.9999847412109375,0.0,6,-0.00241116,6.0,17399.0,280.663,0.335307,-1.86632,14.7997,31.9972,49.8892,84.4198,160.1,152.887,148.29,143.615,139.715,135.042,128.764,100.376,55.3937,36.6367,22.4171,12.637,7.34514,4.67019,2.14036,-0.748365,257.575,257.844,251.055,251.055
30.171943187713623,-0.011371681466698647,0.9999847412109375,0.0,6,-0.00102386,6.0,17415.9,280.887,0.436621,-1.80766,14.8125,32.109,50.1871,85.3212,157.859,150.598,145.964,141.239,137.278,132.491,125.875,92.2327,52.9019,35.5724,22.0449,12.538,7.32327,4.66808,2.1451,-0.747457,257.774,258.067,251.301,251.301
30.194938898086548,-0.011371681466698647,0.9999847412109375,0.0,6,0.000408798,6.0,17430.1,281.113,0.519692,-1.7496,14.8286,32.2315,50.5084,86.2899,155.6,148.289,143.614,138.834,134.805,129.885,122.823,85.0402,50.5044,34.4989,21.648,12.4221,7.29154,4.65989,2.14719,-0.746848,257.976,258.277,251.512,251.512
30.217733144760132,-0.011371681466698647,0.9999847412109375,0.0,6,0.00178361,6.0,17433.9,281.349,0.561787,-1.62022,14.8468,32.356,50.8303,87.2574,153.348,145.99,141.277,136.441,132.344,127.284,119.657,79.0451,48.3475,33.4899,21.2549,12.2977,7.25228,4.64619,2.14646,-0.746586,258.196,258.485,251.562,251.562
30.238999366760254,-0.011371681466698647,0.9999847412109375,0.0,6,0.00308788,6.0,17449.3,281.57,0.576479,-1.51663,14.8671,32.4818,51.15,88.2138,151.107,143.705,138.956,134.068,129.903,124.695,116.315,73.9957,46.404,32.5422,20.8667,12.1653,7.20546,4.62685,2.14279,-0.746691,258.408,258.684,251.783,251.783
30.25906777381897,-0.011371681466698647,0.9999847412109375,0.0,6,0.00436997,6.0,17467.4,281.788,0.582426,-1.44029,14.8903,32.6131,51.479,89.193,148.864,141.419,136.634,131.693,127.457,122.083,112.459,69.5216,44.5752,31.6157,20.4691,12.0206,7.14978,4.60141,2.13615,-0.747155,258.614,258.884,252.044,252.044
30.28342604637146,-0.011371681466698647,0.9999847412109375,0.0,6,0.00573042,6.0,17483.4,282.005,0.598636,-1.3301,14.918,32.7601,51.8428,90.2737,146.594,139.101,134.274,129.271,124.948,119.366,104.591,65.2252,42.7205,30.6429,20.0344,11.8539,7.08166,4.56833,2.12619,-0.747995,258.808,259.096,252.275,252.275
30.30345916748047,-0.011371681466698647,0.9999847412109375,0.0,6,0.00710648,6.0,17484.4,282.238,0.615124,-1.19419,14.949,32.9166,52.2264,91.4111,144.312,136.769,131.899,126.827,122.408,116.575,95.0471,61.2783,40.927,29.6706,19.583,11.6726,7.00387,4.52882,2.11319,-0.749195,259.01,259.3,252.298,252.298
30.326247215270996,-0.011371681466698647,0.9999847412109375,0.0,6,0.00839466,6.0,17497.6,282.456,0.604536,-1.02472,14.9823,33.0734,52.6045,92.526,142.044,134.457,129.546,124.408,119.891,113.78,87.3363,57.8541,39.2905,28.7522,19.1383,11.4845,6.91872,4.48357,2.09706,-0.750793,259.227,259.499,252.48,252.48
30.346532106399536,-0.011371681466698647,0.9999847412109375,0.0,6,0.0096409,6.0,17515.8,282.668,0.592148,-0.914715,15.0181,33.2342,52.9876,93.6514,139.78,132.15,127.199,121.994,117.373,110.929,80.7687,54.7578,37.7452,27.8586,18.6901,11.2867,6.82568,4.43257,2.07797,-0.75276,259.427,259.69,252.741,252.741
30.370756149291992,-0.011371681466698647,0.9999847412109375,0.0,6,0.0109346,6.0,17534.5,282.877,0.588756,-0.790482,15.0581,33.4084,53.3999,94.863,137.496,129.818,124.822,119.54,114.797,107.902,74.7377,51.7664,36.1961,26.9403,18.2165,11.0714,6.72177,4.37451,2.05561,-0.755109,259.62,259.895,253.012,253.012
30.391414642333984,-0.014766907691955567,0.9999847412109375,0.0,6,0.0123323,6.0,17549.5,283.09,0.61286,-0.683887,15.1029,33.6012,53.8563,96.213,135.176,127.443,122.393,117.018,112.119,104.527,69.0083,48.7936,34.6061,25.9783,17.7097,10.8362,6.6064,4.30936,2.03016,-0.757811,259.803,260.098,253.234,253.234
30.41583561897278,-0.021409824863076212,0.9999847412109375,0.0,6,0.0139118,6.0,17545.4,283.321,0.617383,-0.45312,15.1544,33.8228,54.3826,97.7852,132.797,124.995,119.876,114.379,109.264,100.238,63.3629,45.7372,32.9209,24.9389,17.1513,10.5725,6.4755,4.23489,2.00079,-0.760947,259.989,260.324,253.172,253.172
30.43637704849243,-0.022886039316654207,0.9999847412109375,0.0,6,0.0159872,6.0,17562.2,283.527,0.670683,-0.274512,15.2181,34.1077,55.0716,102.038,130.275,122.364,117.136,111.441,105.954,88.3614,57.1638,42.2498,30.9494,23.7071,16.4839,10.2569,6.31969,4.14685,1.96652,-0.764568,260.126,260.566,253.41,253.41
30.4576997756958,-0.022886039316654207,0.9999847412109375,0.0,6,0.0185598,6.0,17583.5,283.726,0.811776,-0.17316,15.295,34.4605,55.9374,139.697,127.601,119.538,114.151,108.153,101.988,74.7575,50.8522,38.5333,28.7773,22.3224,15.7199,9.89102,6.13816,4.0442,1.92666,-0.768766,260.26,260.8,253.717,253.717
30.480056524276733,-0.022886039316654207,0.9999847412109375,0.0,6,0.0214695,6.0,17601.4,283.927,0.989301,-0.0790293,15.3833,34.8683,56.9482,137.103,124.814,116.558,110.96,104.518,96.9263,63.2749,44.9918,34.908,26.5734,20.8798,14.9016,9.48923,5.93533,3.92831,1.88108,-0.773604,260.409,261.022,253.978,253.978
30.501602172851562,-0.01998282074928284,0.9999847412109375,0.0,6,0.0244278,6.0,17602.0,284.146,1.13072,0.037919,15.4788,35.3023,58.0273,134.481,121.987,113.516,107.665,100.601,84.4186,54.264,39.9844,31.6565,24.5121,19.489,14.085,9.07346,5.71939,3.80249,1.83026,-0.779097,260.592,261.215,253.994,253.994
30.526132583618164,-0.010338360071182252,0.9999847412109375,0.0,6,0.0270208,6.0,17615.7,284.348,1.17831,0.180302,15.5754,35.7178,59.0484,131.914,119.237,110.563,104.449,96.5752,70.4146,47.6767,36.0411,28.9726,22.7335,18.2463,13.323,8.66587,5.49853,3.66986,1.77436,-0.785316,260.825,261.371,254.184,254.184
30.545482873916626,-0.0038433611392974854,0.9999847412109375,0.0,6,0.0287629,6.0,17633.9,284.548,1.13804,0.252887,15.6643,36.0554,59.8414,129.505,116.713,107.901,101.584,92.8602,62.2306,43.353,33.2647,26.9869,21.349,17.2368,12.6685,8.29181,5.28397,3.53572,1.71462,-0.792202,261.105,261.47,254.446,254.446
30.569753170013428,-0.0017769098281860353,0.9999847412109375,0.0,6,0.0295378,6.0,17650.5,284.751,0.951179,0.290407,15.7418,36.2941,60.3442,127.285,114.457,105.597,99.1871,89.856,57.7831,40.7146,31.4322,25.5982,20.3206,16.448,12.1229,7.95639,5.07984,3.40298,1.65243,-0.799592,261.395,261.559,254.688,254.688
30.591108560562134,-0.0010389462113380432,0.9999847412109375,0.0,6,0.029732,6.0,17663.6,284.957,0.701472,0.307931,15.8129,36.4732,60.669,125.175,112.362,103.509,97.0822,87.4356,55.0336,38.8834,30.0634,24.5064,19.4704,15.7697,11.6311,7.63878,4.87937,3.26961,1.58819,-0.807348,261.644,261.687,254.887,254.887
30.612062215805054,-0.0004978239536285401,0.9999847412109375,0.0,6,0.0296595,6.0,17670.3,285.171,0.467307,0.372114,15.8821,36.6271,60.9148,123.111,110.334,101.516,95.106,85.3231,52.9171,37.3502,28.862,23.5188,18.6798,15.1259,11.1534,7.32316,4.67694,3.13363,1.52196,-0.815395,261.868,261.854,254.973,254.973
30.634703874588013,0.0,0.9999847412109375,0.0,6,0.0294768,6.0,17685.3,285.374,0.287338,0.407276,15.9511,36.7717,61.1297,121.062,108.329,99.5553,93.1758,83.331,51.0016,35.9051,27.7062,22.557,17.9016,14.4872,10.6753,7.00483,4.47164,2.99528,1.45431,-0.823631,262.068,262.031,255.189,255.189
30.658883810043335,0.0004986856132745743,0.9999847412109375,0.0,6,0.0292913,6.0,17700.1,285.576,0.158853,0.425735,16.0209,36.918,61.3469,119.004,106.316,97.5859,91.2346,81.2958,49.0268,34.4229,26.5241,21.575,17.1082,13.8368,10.1893,6.68153,4.26333,2.85498,1.38575,-0.831975,262.256,262.218,255.403,255.403
30.678083896636963,0.0013847589492797852,0.9999847412109375,0.0,6,0.0291637,6.0,17713.2,285.779,0.0810432,0.460285,16.0924,37.0726,61.5859,116.926,104.278,95.5843,89.2502,79.0915,46.8587,32.8397,25.2787,20.5491,16.2854,13.1659,9.69071,6.35177,4.05165,2.71272,1.31641,-0.840401,262.437,262.411,255.594,255.594
30.700303077697754,0.0013847589492797852,0.9999847412109375,0.0,6,0.0290272,6.0,17719.3,285.988,0.0363713,0.518375,16.1635,37.2255,61.8207,114.843,102.236,93.579,87.2621,76.815,44.6912,31.2576,24.0349,19.5247,15.4642,12.4964,9.19332,6.02286,3.84057,2.57088,1.24729,-0.848801,262.628,262.598,255.683,255.683
30.724320650100708,0.0013847589492797852,0.9999847412109375,0.0,6,0.0288656,6.0,17731.6,286.19,-0.00128391,0.588871,16.2345,37.376,62.0476,112.756,100.192,91.5746,85.2762,74.4376,42.5376,29.6798,22.7922,18.5003,14.6421,11.8258,8.69486,5.69306,3.62883,2.42856,1.17792,-0.857232,262.818,262.784,255.859,255.859
30.74510431289673,0.0013847589492797852,0.9999847412109375,0.0,6,0.0287109,6.0,17745.9,286.388,-0.0264437,0.635994,16.3053,37.5266,62.2757,110.66,98.1393,89.5598,83.277,71.6122,40.3427,28.0826,21.5386,17.4692,13.8164,11.1532,8.19566,5.36326,3.41732,2.28649,1.10872,-0.865639,263.0,262.968,256.064,256.064
30.766364574432373,0.0013847589492797852,0.9999847412109375,0.0,6,0.0285666,6.0,17760.4,286.585,-0.0415089,0.691099,16.3759,37.6775,62.5058,108.553,96.0759,87.5331,81.2625,68.0225,38.1044,26.466,20.2749,16.4322,12.9877,10.4792,7.69632,5.03392,3.20633,2.14487,1.03979,-0.87401,263.183,263.153,256.274,256.274
30.78783369064331,0.0013847589492797852,0.9999847412109375,0.0,6,0.0284314,6.0,17771.8,286.782,-0.0506408,0.739511,16.4467,37.8294,62.7385,106.435,94.0016,85.4935,79.2312,64.286,35.8174,24.8254,18.9969,15.3858,12.1532,9.80145,7.19493,4.70372,2.99501,2.00311,0.970842,-0.882379,263.361,263.333,256.443,256.443
30.81093692779541,0.0013847589492797852,0.9999847412109375,0.0,6,0.0283512,6.0,17789.8,286.966,-0.0505432,0.795871,16.5182,37.9875,62.9891,104.298,91.9035,83.4242,77.1581,60.1634,33.4114,23.1287,17.6868,14.3189,11.3062,9.11594,6.68973,4.3722,2.78337,1.86134,0.902006,-0.890727,263.529,263.513,256.684,256.684
30.831998586654663,0.0013847589492797852,0.9999847412109375,0.0,6,0.0283396,6.0,17801.0,287.158,-0.0341581,0.867285,16.5909,38.1536,63.2629,102.137,89.7772,81.3186,75.0337,55.6319,30.8803,21.3728,16.3425,13.2297,10.4457,8.42176,6.18004,4.03891,2.57112,1.71938,0.833194,-0.899064,263.695,263.69,256.815,256.815
30.856482982635498,0.0013847589492797852,0.9999847412109375,0.0,6,0.0283279,6.0,17812.6,287.345,-0.0207028,0.94987,16.6632,38.3188,63.5353,99.9678,87.6425,79.2037,72.8952,51.1137,28.3587,19.6239,15.0038,12.1453,9.58892,7.73073,5.6727,3.70719,2.35988,1.57809,0.764712,-0.907361,263.874,263.867,257.012,257.012
30.87660574913025,0.0013847589492797852,0.9999847412109375,0.0,6,0.028306,6.0,17818.1,287.54,-0.0112889,1.03244,16.7355,38.4834,63.9383,97.7899,85.5004,77.0807,70.7432,46.6147,25.8393,17.8744,13.6636,11.0592,8.73055,7.03818,5.1641,3.37455,2.14802,1.43636,0.696009,-0.915686,264.051,264.04,257.102,257.102
30.89785361289978,0.0013847589492797852,0.9999847412109375,0.0,6,0.028277,6.0,17823.1,287.736,-0.0088896,1.08664,16.8076,38.6467,64.9308,95.603,83.3502,74.9486,68.5759,42.1326,23.3269,16.1291,12.3265,9.97547,7.87396,6.34702,4.65647,3.04252,1.93653,1.29489,0.627424,-0.923996,264.214,264.213,257.181,257.181
30.920753479003906,0.0017785374075174332,0.9999847412109375,0.0,6,0.0282439,6.0,17837.8,287.915,-0.00941812,1.16046,16.8792,38.8088,68.1738,93.4065,81.1911,72.8067,66.3908,37.663,20.8239,14.3909,10.995,8.89643,7.02117,5.65897,4.15118,2.71204,1.72605,1.15409,0.559169,-0.932266,264.39,264.384,257.47,257.47
30.942295789718628,0.0022215262055397035,0.9999847412109375,0.0,6,0.0281248,6.0,17864.9,288.088,-0.0161928,1.19799,16.9495,38.9604,106.023,91.2156,79.0441,70.6835,64.23,33.4237,18.3881,12.6834,9.68083,7.82824,6.17473,4.97476,3.64764,2.38206,1.51559,1.01319,0.490803,-0.940555,264.585,264.55,257.765,257.765
30.963358640670776,0.002713725343346596,0.9999847412109375,0.0,6,0.027968,6.0,17862.0,288.289,-0.0269203,1.28978,17.0187,39.1064,103.819,89.0209,76.8964,68.5614,62.0668,29.2156,15.966,10.985,8.37337,6.76545,5.33254,4.29395,3.14662,2.05372,1.30617,0.872992,0.422775,-0.948802,264.763,264.717,257.739,257.739
30.985452890396118,0.004485584795475006,0.9999847412109375,0.0,6,0.0277558,6.0,17864.6,288.484,-0.0411716,1.28336,17.0867,39.245,101.609,86.8248,74.7512,66.4448,59.9081,25.0243,13.5489,9.28965,7.06822,5.70452,4.49184,3.61439,2.64652,1.726,1.09716,0.733071,0.354884,-0.957032,264.925,264.874,257.794,257.794
31.007629871368408,0.01034228540956974,0.9999847412109375,0.0,6,0.0274404,6.0,17872.8,288.673,-0.0677479,1.27412,17.1523,39.369,99.4005,84.637,72.6219,64.3529,57.7848,20.9119,11.1607,7.61184,5.77575,4.65357,3.65883,2.94092,2.15083,1.40113,0.889953,0.594347,0.287571,-0.965192,265.082,265.032,257.924,257.924
31.031113624572754,0.016001953184604647,0.9999847412109375,0.0,6,0.0266407,6.0,17915.0,288.819,-0.130296,1.32849,17.2081,39.4301,97.2484,82.5324,70.6104,62.4288,55.9382,17.4665,8.95819,6.02418,4.53816,3.64042,2.85118,2.28535,1.66627,1.08231,0.686078,0.457648,0.221126,-0.973255,265.318,265.144,258.519,258.519
31.054054975509644,0.025992322340607645,0.9999847412109375,0.305877685546875,6,0.0251371,6.0,17933.4,288.995,-0.269485,1.41245,17.2492,39.3987,95.1846,80.5532,68.7734,60.7508,54.4938,14.7602,6.91138,4.51228,3.34975,2.66369,2.07033,1.65047,1.19625,0.772688,0.487946,0.324754,0.156507,-0.981098,265.577,265.245,258.677,258.677
31.074278354644775,0.03460461050271988,0.92547607421875,0.556854248046875,6,0.022739,6.0,17790.6,288.572,-0.459931,1.58791,17.2709,39.2504,93.2382,78.7357,67.1558,59.3726,53.4991,12.9509,4.88541,3.01067,2.17587,1.70362,1.30673,1.03212,0.740681,0.474039,0.297498,0.197283,0.09468,-0.988591,260.953,259.713,256.706,256.706
31.095466375350952,0.04872864820063114,0.5215606689453125,0.7333221435546875,6,0.0192711,6.0,17619.8,287.276,-0.807607,1.68764,17.2682,38.9632,91.4401,77.116,65.7974,58.3301,52.935,14.9108,2.57062,1.40661,0.968251,0.73824,0.55405,0.431182,0.304669,0.192273,0.119553,0.078857,0.0376149,-0.995483,254.347,253.369,254.306,254.306
31.1195867061615,0.0652639925479889,0.0274505615234375,0.8666534423828125,6,0.0147343,6.0,17319.6,285.161,-1.26136,1.62325,-1.0,-1.0,-1.0,-1.0,-1.0,-1.0,-1.0,-1.0,-1.0,-1.0,-1.0,-1.0,-1.0,-1.0,-1.0,-1.0,-1.0,-1.0,-1.0,-1.00159,245.083,246.314,250.01,250.01
31.1414692401886,0.09306879192590714,0.0,0.964691162109375,6,0.00930342,6.0,16848.2,282.07,-1.73733,1.57685,-1.0,-1.0,-1.0,-1.0,-1.0,-1.0,-1.0,-1.0,-1.0,-1.0,-1.0,-1.0,-1.0,-1.0,-1.0,-1.0,-1.0,-1.0,-1.0,-1.00666,239.564,239.578,243.593,243.199
31.161911249160767,0.12230059541761876,0.0,0.9999847412109375,6,0.00167999,6.0,16630.6,278.386,-2.51298,1.7112,-1.0,-1.0,-1.0,-1.0,-1.0,-1.0,-1.0,-1.0,-1.0,-1.0,-1.0,-1.0,-1.0,-1.0,-1.0,-1.0,-1.0,-1.0,-1.0,-1.01056,231.857,232.286,241.688,238.558
31.184186935424805,0.1555184364318848,0.0,0.8755718904838431,6,-0.00797597,6.0,16271.1,274.607,-3.47644,1.79899,-1.0,-1.0,-1.0,-1.0,-1.0,-1.0,-1.0,-1.0,-1.0,-1.0,-1.0,-1.0,-1.0,-1.0,-1.0,-1.0,-1.0,-1.0,-1.0,-1.01289,227.334,225.773,235.384,234.666
31.20811414718628,0.2015311572700739,0.0,0.838762275492013,6,-0.0208082,6.0,16133.3,270.899,-4.97943,1.82903,-1.0,-1.0,-1.0,-1.0,-1.0,-1.0,-1.0,-1.0,-1.0,-1.0,-1.0,-1.0,-1.0,-1.0,-1.0,-1.0,-1.0,-1.0,-1.0,-1.01347,224.03,221.231,234.073,231.77
31.2288019657135,0.25851787962019446,0.0,0.7931735932506171,6,-0.0341609,6.0,15936.5,267.417,-6.13529,1.91698,-1.0,-1.0,-1.0,-1.0,-1.0,-1.0,-1.0,-1.0,-1.0,-1.0,-1.0,-1.0,-1.0,-1.0,-1.0,-1.0,-1.0,-1.0,-1.0,-1.01182,219.634,215.797,231.734,228.488
31.251084804534912,0.3059082984924317,0.0,0.7552618366491516,6,-0.0486983,6.0,15716.0,264.175,-7.41207,1.87989,-1.0,-1.0,-1.0,-1.0,-1.0,-1.0,-1.0,-1.0,-1.0,-1.0,-1.0,-1.0,-1.0,-1.0,-1.0,-1.0,-1.0,-1.0,-1.0,-1.00778,213.125,210.033,228.495,225.396
31.271230936050415,0.3339586708694697,0.0,0.7299480698606293,6,-0.064448,6.0,15541.4,260.858,-8.69159,2.01428,-1.0,-1.0,-1.0,-1.0,-1.0,-1.0,-1.0,-1.0,-1.0,-1.0,-1.0,-1.0,-1.0,-1.0,-1.0,-1.0,-1.0,-1.0,-1.0,-1.00116,210.502,203.876,226.274,222.431
31.293562412261963,0.35137941837310793,0.0,0.7047897017764626,6,-0.079543,6.0,15376.6,257.676,-9.6056,2.11622,15.7021,29.9002,84.3165,73.3958,65.7398,61.5237,59.1455,56.9788,55.3744,53.7176,51.9997,50.2121,47.5644,44.2608,36.4034,1.16877,0.384535,0.19971,0.0767853,-0.991698,206.166,197.459,224.019,219.912
31.316531658172607,0.3572847548872233,0.0,0.6861549732486083,6,-0.0913243,6.0,15172.6,254.751,-9.82016,2.17467,15.4512,28.936,83.6089,72.9822,65.5876,61.5444,59.2768,57.2197,55.7049,54.147,52.5423,50.8846,48.4591,45.4999,39.0822,4.00417,1.04806,0.518961,0.193073,-0.979416,198.338,192.011,220.799,217.514
31.33795189857483,0.36323930174112323,0.0,0.6732323592225656,6,-0.102544,6.0,15006.7,251.769,-10.0465,2.13983,15.1954,28.0241,82.8386,72.4778,65.3179,61.4267,59.2538,57.2912,55.8503,54.3751,52.8615,51.3062,49.0493,46.3349,40.6908,10.7902,1.98507,0.932713,0.33564,-0.964701,194.007,186.985,218.229,215.041
31.359822034835815,0.36323930174112323,0.0,0.6593225997344961,6,-0.111216,6.0,14792.4,248.931,-9.78456,1.97064,14.9584,27.2827,81.7975,71.6388,64.6637,60.8926,58.7944,56.9048,55.5217,54.1087,52.6644,51.1851,49.0506,46.5051,41.333,26.0,3.20402,1.43725,0.503327,-0.947632,188.838,182.979,214.147,212.696
31.382412672042847,0.3692430589348078,0.0,0.6299906459796876,6,-0.118757,6.0,14620.4,246.038,-9.24156,1.84698,14.7221,26.6255,80.6484,70.6642,63.8516,60.1858,58.1533,56.3266,54.9934,53.6341,52.248,50.8334,48.7993,46.3909,41.5711,29.4927,4.7464,2.03466,0.695119,-0.928362,184.896,179.983,211.947,210.41
31.404006958007812,0.375296026468277,0.0,0.6064521677817538,6,-0.125686,6.0,14511.4,243.105,-8.52807,1.87696,14.4809,26.0214,79.4496,69.625,62.9621,59.3931,57.4201,55.651,54.3624,53.0519,51.7177,50.3597,48.4144,46.123,41.5918,30.9869,6.66624,2.72732,0.909895,-0.907056,183.534,177.89,210.535,208.482
31.427725076675415,0.375296026468277,0.0,0.6064521677817538,6,-0.132239,6.0,14347.8,240.277,-7.77632,1.85577,14.2314,25.4548,78.2283,68.5544,62.0334,58.5555,56.6379,54.9229,53.6755,52.4095,51.1236,49.8168,47.9517,45.7638,41.4792,31.8667,9.04829,3.52347,1.14834,-0.883693,183.454,176.454,207.951,206.384
31.447879314422607,0.375296026468277,0.0,0.6064521677817538,6,-0.139166,6.0,14193.0,237.479,-7.11906,1.91689,13.9663,24.8828,77.0622,67.5423,61.1636,57.7756,55.9124,54.2498,53.0426,51.8193,50.5794,49.3218,47.5314,45.4402,41.3772,32.5312,12.1034,4.4434,1.41128,-0.858359,183.066,174.707,205.682,203.985
31.47080087661743,0.375296026468277,0.0,0.6064521677817538,6,-0.146698,6.0,14038.1,234.7,-6.59535,1.99375,13.6842,24.2927,75.9726,66.612,60.377,57.0786,55.2693,53.6577,52.49,51.3078,50.1117,48.9014,47.1816,45.1808,41.3188,33.0976,16.1623,5.51164,1.69988,-0.831102,182.294,172.93,203.819,201.524
31.49263072013855,0.375296026468277,0.0,0.6009639128697017,6,-0.1551,6.0,13866.2,231.956,-6.26855,2.08197,13.3834,23.67,74.984,65.7895,59.7008,56.4919,54.7364,53.1746,52.045,50.9034,49.7494,48.5838,46.9317,45.0144,41.3358,33.638,19.555,6.76679,2.01605,-0.801961,181.068,171.638,201.418,198.992
31.513257026672363,0.3776259892992675,0.0,0.5884158442537716,6,-0.164843,6.0,13699.7,229.255,-6.27091,2.14122,13.061,22.9909,74.1386,65.1195,59.1823,56.0639,54.3615,52.8496,51.7569,50.6546,49.542,48.419,46.831,44.9928,41.4826,34.2324,21.6641,8.27808,2.36315,-0.770977,179.326,170.212,199.088,196.485
31.535972118377686,0.3858887568153441,0.0,0.5638663405234249,6,-0.175479,6.0,13538.4,226.613,-6.44974,2.19671,12.7232,22.2846,73.3875,64.5444,58.7584,55.7289,54.0774,52.6135,51.5568,50.4912,49.4175,48.3354,46.8066,45.0417,41.6833,34.8155,23.2738,10.102,2.74241,-0.73819,177.297,168.686,196.806,194.138
31.558554887771606,0.39388256217911843,0.0,0.5371635291014809,6,-0.186742,6.0,13381.3,224.057,-6.76307,2.20055,12.3736,21.569,72.7018,64.03,58.3922,55.4478,53.8459,52.427,51.4045,50.3742,49.3363,48.292,46.819,45.1202,41.8991,35.3625,24.5885,12.2568,3.15555,-0.703624,175.321,167.164,194.608,191.793
31.581783294677734,0.40161053285747755,0.0,0.5190068133038026,6,-0.198393,6.0,13233.4,221.586,-7.13915,2.16871,12.0152,20.8587,72.0563,63.5482,58.0526,55.19,53.6351,52.2591,51.268,50.2707,49.2672,48.2575,46.8354,45.1983,42.1013,35.8528,25.6885,14.1061,3.60397,-0.667311,173.513,165.691,192.533,189.587
31.60169506072998,0.40916336539015175,0.0,0.5011969344238145,6,-0.210228,6.0,13088.1,219.171,-7.50085,2.13604,11.6499,20.1641,71.4309,63.0769,57.7171,54.9324,53.4212,52.086,51.1247,50.1577,49.1859,48.2091,46.8336,45.2529,42.2685,36.2762,26.616,15.6046,4.08953,-0.629231,171.927,164.236,190.473,187.447
31.624656200408936,0.41654731471091505,0.0,0.4811073069085724,6,-0.222261,6.0,12947.3,216.81,-7.84566,2.10683,11.2778,19.4842,70.8266,62.6179,57.3877,54.6766,53.2073,51.9097,50.9769,50.0389,49.0961,48.1496,46.8184,45.2892,42.4084,36.6447,27.4149,16.8667,4.61499,-0.589388,170.454,162.91,188.473,185.377
31.647844314575195,0.42375612588599326,0.0,0.4562092640859955,6,-0.234282,6.0,12821.3,214.505,-8.11559,2.10868,10.9005,18.8277,32.7856,62.1508,57.0427,54.4014,52.972,51.71,50.8033,49.8925,48.9777,48.0591,46.7686,45.2881,42.5019,36.9456,28.0916,17.9412,5.18183,-0.547766,169.017,161.605,186.666,183.525
31.668020486831665,0.4307147397100925,0.0,0.4189535991065005,6,-0.245912,6.0,12697.2,212.28,-8.24862,2.12135,10.529,18.2092,30.5382,61.6418,56.6471,54.0718,52.6793,51.4514,50.5691,49.6833,48.7945,47.9028,46.6497,45.214,42.5157,37.1502,28.6348,18.8442,5.78559,-0.504324,167.814,160.565,184.823,181.796
31.69178581237793,0.4373918815143406,0.0,0.3823979854446065,6,-0.257357,6.0,12582.1,210.145,-8.32059,2.11198,10.1695,17.6178,28.9813,61.113,56.2242,53.7117,52.3539,51.1579,50.2993,49.4372,48.5724,47.7056,46.4887,45.0944,42.4788,37.2886,29.0807,19.6187,6.37037,-0.459087,167.239,160.169,183.133,180.153
31.71236491203308,0.4437656590305269,0.0,0.323753477545554,6,-0.268907,6.0,12474.7,208.107,-8.37864,2.08801,9.81943,17.0404,27.6213,60.5925,55.8032,53.3502,52.0264,50.8603,50.024,49.1849,48.3433,47.4996,46.3165,44.9623,42.4233,37.3967,29.4685,20.3026,6.92228,-0.41205,167.145,160.292,181.58,178.597
31.733407974243164,0.44982981732487676,0.0,0.2911947447010592,6,-0.28093,6.0,12386.4,206.168,-8.43997,2.08353,9.47606,16.462,26.2961,60.1126,55.418,53.0218,51.7307,50.5939,49.7785,48.9611,48.1418,47.3208,46.1693,44.8526,42.3859,37.511,29.8366,20.9344,7.44806,-0.363183,168.436,161.638,180.324,177.289
31.756483554840088,0.46292207051953305,0.0,0.2716149055958594,6,-0.286513,6.0,12292.4,204.35,-8.61752,2.08968,9.1353,15.86,24.8827,59.7258,55.1218,52.7805,51.5209,50.4128,49.6182,48.8214,48.0232,47.2239,46.1032,44.8215,42.4234,37.6878,30.2397,21.5612,7.95864,-0.312747,169.495,162.958,179.059,175.841
31.778151512145996,0.46085413810238246,0.0,0.2549985365025858,6,-0.284355,6.0,12199.5,202.643,-8.92719,2.11318,8.79684,15.2377,23.4417,59.4296,54.9108,52.6224,51.3927,50.3121,49.5376,48.7613,47.9832,47.2042,46.1128,44.8652,42.5305,37.9245,30.6788,22.191,8.4583,-0.263143,169.676,163.355,177.853,174.346
31.801825284957886,0.4735535454655532,0.0,0.2241003414430232,6,-0.28272,6.0,12109.9,201.005,-9.2267,2.18434,8.46356,14.6195,22.096,59.1678,54.7267,52.4878,51.2865,50.2315,49.4761,48.7192,47.9611,47.2018,46.1376,44.9221,42.6479,38.1629,31.1043,22.7911,8.94238,-0.214673,169.674,163.384,176.596,173.027
31.82297158241272,0.47079948280379175,0.0,0.15155982716069802,6,-0.281498,6.0,12026.6,199.463,-9.59044,2.22617,8.13515,14.005,20.8245,58.9419,54.5727,52.3785,51.2038,50.1731,49.4355,48.6968,47.9573,47.217,46.1799,44.9943,42.7781,38.407,31.522,23.3688,9.41375,-0.167239,169.667,163.421,175.425,171.786
31.843851327896118,0.48291687138213774,0.0,0.07460145612424937,6,-0.280444,6.0,11976.2,198.059,-10.0253,2.23078,7.8125,13.3992,19.6296,58.7423,54.4394,52.285,51.1351,50.1272,49.4062,48.6846,47.9624,47.24,46.2283,45.0724,42.9104,38.6473,31.9245,23.921,9.8715,-0.120878,170.994,164.852,174.744,170.981
31.864952087402344,0.48675945829087863,0.0,0.0,6,-0.279264,6.0,11945.6,196.85,-10.3503,2.24656,7.49778,12.8177,18.5498,58.5228,54.2796,52.1626,51.0339,50.0469,49.3416,48.636,47.9301,47.2243,46.2364,45.1084,42.9991,38.8393,32.2738,24.419,10.3096,-0.0754865,173.108,167.258,174.273,170.555
31.889209747314453,0.4899123501134353,0.0,0.0,6,-0.278062,6.0,11925.5,195.858,-10.6885,2.198,7.18918,12.2529,17.5443,58.3001,54.1117,52.0286,50.9197,49.9507,49.2596,48.5689,47.8784,47.1882,46.2226,45.1208,43.0624,39.0021,32.5871,24.8783,10.7317,-0.030941,175.805,170.431,173.965,170.265
31.909788846969604,0.49258531586219556,0.0,0.0,6,-0.276561,6.0,11876.0,195.017,-11.0734,2.09898,6.8868,11.704,16.6007,58.075,53.9372,51.8842,50.7941,49.8419,49.1631,48.4855,47.8092,47.1336,46.1891,45.1118,43.1011,39.1367,32.8669,25.3011,11.1381,0.0127424,176.721,171.852,173.26,169.546
31.93308734893799,0.49505169091693746,0.0,0.0,5,-0.274429,6.0,11827.4,194.241,-11.3369,1.99952,6.59367,11.1871,15.7559,57.7932,53.7022,51.678,50.6041,49.6681,49.001,48.3354,47.6713,47.0089,46.0843,45.0303,43.0648,39.1939,33.0691,25.6525,11.5187,0.0555318,176.77,172.36,172.505,168.898
31.954538822174072,0.49727015713885736,0.0,0.0,5,-0.271498,5.0,12850.9,193.543,-11.4933,1.85741,6.31002,10.7028,15.0018,57.4447,53.3977,51.4007,50.3423,49.4206,48.7648,48.1107,47.4583,46.8079,45.9009,44.8691,42.9469,39.1673,33.1866,25.9265,11.8701,0.0974401,176.414,172.405,172.389,169.262
31.975698947906494,0.49923435789121623,0.0,0.0,5,-0.267309,5.0,12801.5,192.925,-11.5429,1.68587,6.03583,10.2487,14.3253,57.0313,53.0267,51.0552,50.012,49.1038,48.4581,47.8149,47.174,46.5351,45.6445,44.6328,42.7521,39.0607,33.2246,26.1274,12.1919,0.138391,175.894,172.216,171.87,168.974
31.99765372276306,0.5012144502354228,0.0,0.0,5,-0.262158,5.0,12771.4,192.302,-11.4018,1.53415,5.77182,9.82595,13.7257,56.5415,52.5786,50.6316,49.6033,48.7086,48.0727,47.4395,46.8093,46.1818,45.3075,44.3147,42.4734,38.8679,33.1776,26.2502,12.4813,0.178332,175.298,171.911,170.51,167.466
32.01941132545471,0.5034202031838645,0.0,0.0,5,-0.256421,5.0,12706.6,191.608,-11.1567,1.37262,5.5164,9.4258,13.1759,56.0059,52.0838,50.1611,49.1466,48.2653,47.6391,47.0158,46.3956,45.7787,44.9203,43.9461,42.1414,38.6193,33.0727,26.3173,12.7437,0.217255,174.653,171.514,169.618,166.6
32.04255032539368,0.5056577393160016,0.0,0.0,5,-0.250251,5.0,12657.2,190.904,-10.9239,1.20535,5.26749,9.03614,12.6432,55.4717,51.5883,49.6891,48.6878,47.8188,47.2021,46.5884,45.9779,45.3709,44.5269,43.5707,41.8007,38.3576,32.9494,26.3614,12.9889,0.255091,174.011,171.031,168.955,165.948
32.06382703781128,0.5079016320848775,0.0,0.0,5,-0.244263,5.0,12611.2,190.198,-10.712,1.06494,5.02468,8.65282,12.1166,54.9558,51.1089,49.2319,48.2432,47.3856,46.7775,46.173,45.5719,44.9743,44.1438,43.2041,41.4672,38.0978,32.8222,26.3944,13.2206,0.291805,173.38,170.479,168.368,165.318
32.08626365661621,0.5101518814904925,0.0,0.0,5,-0.238743,5.0,12564.6,189.49,-10.5602,0.938478,4.78744,8.27243,11.5878,54.4744,50.6614,48.8045,47.8279,46.981,46.3807,45.7844,45.1922,44.6036,43.7859,42.861,41.155,37.8534,32.7025,26.4261,13.4423,0.327411,172.761,169.873,167.793,164.661
32.11024332046509,0.5124116658512161,0.0,0.0,5,-0.233478,5.0,12517.5,188.779,-10.5419,0.803791,4.55495,7.89252,11.0507,54.0417,50.2593,48.4204,47.4547,46.6179,46.0249,45.436,44.8513,44.271,43.4653,42.5543,40.8758,37.6357,32.6005,26.4662,13.6583,0.361938,172.174,169.234,167.234,163.972
32.130993604660034,0.5146746285303091,0.0,0.0,5,-0.228583,5.0,12471.0,188.067,-10.604,0.683342,4.32834,7.51777,10.5164,53.645,49.89,48.068,47.1117,46.2841,45.698,45.116,44.5383,43.965,43.1701,42.2721,40.6185,37.4348,32.5063,26.5065,13.8655,0.395297,171.587,168.573,166.679,163.296
32.15373969078064,0.5169534828012499,0.0,0.0,5,-0.224065,5.0,12423.7,187.35,-10.6874,0.59059,4.10849,7.15111,9.99252,53.2749,49.544,47.7374,46.7898,45.9701,45.3902,44.8147,44.2436,43.6769,42.8914,42.0051,40.375,37.2428,32.4122,26.5399,14.0623,0.427509,170.965,167.881,166.096,162.632
32.175156354904175,0.5192386937089295,0.0,0.0,5,-0.219679,5.0,12375.5,186.631,-10.8666,0.48551,3.89488,6.79096,9.47551,52.9403,49.2303,47.4368,46.4971,45.6846,45.1098,44.54,43.9749,43.4145,42.6376,41.7614,40.1525,37.0665,32.3249,26.5727,14.2513,0.458604,170.35,167.179,165.51,161.944
32.1957893371582,0.5215302612533482,0.0,0.0,5,-0.21537,5.0,12327.9,185.91,-11.0907,0.387265,3.68854,6.44185,8.97534,16.3671,48.9342,47.152,46.2196,45.4137,44.8438,44.2787,43.7187,43.1638,42.3952,41.5284,39.9379,36.8938,32.2335,26.5956,14.4286,0.488467,169.721,166.473,164.921,161.271
32.217597007751465,0.523840898707984,0.0,0.0,5,-0.211164,5.0,12280.4,185.183,-11.2557,0.33691,3.4901,6.10669,8.49828,14.573,48.6423,46.8708,45.9444,45.1446,44.5792,44.0188,43.4635,42.9133,42.1519,41.2941,39.7207,36.7156,32.129,26.6004,14.5921,0.517168,169.042,165.744,164.303,160.633
32.239609479904175,0.5261610711177284,0.0,0.0,5,-0.206953,5.0,12231.5,184.453,-11.4732,0.27648,3.29847,5.78161,8.03637,13.3251,48.3702,46.6081,45.687,44.8921,44.3307,43.7747,43.2237,42.6778,41.9226,41.0724,39.5151,36.5449,32.0252,26.5974,14.7461,0.544799,168.373,165.013,163.687,159.956
32.26320004463196,0.5284844218458421,0.0,0.0,5,-0.202617,5.0,12182.8,183.722,-11.7232,0.213915,3.11457,5.46965,7.59568,12.3069,48.1093,46.3547,45.4386,44.6482,44.09,43.5374,42.9904,42.4487,41.6992,40.8558,39.3126,36.3738,31.9157,26.5814,14.8874,0.571204,167.702,164.288,163.072,159.28
32.284486532211304,0.530833199120912,0.0,0.0,5,-0.198231,5.0,12135.3,182.983,-11.8546,0.224138,2.93868,5.17269,7.18066,11.4514,47.8438,46.0958,45.1842,44.398,43.843,43.2936,42.7498,42.2117,41.4679,40.6309,39.1004,36.1911,31.7902,26.5445,15.0137,0.596469,166.984,163.544,162.434,158.664
32.308640480041504,0.5331946896694599,0.0,0.0,5,-0.193895,5.0,12085.8,182.24,-12.024,0.231184,2.77006,4.88692,6.78072,10.6718,47.5988,45.8565,44.9481,44.1655,43.6133,43.0667,42.5258,41.9907,41.2512,40.4202,38.901,36.018,31.6677,26.5022,15.1308,0.620643,166.285,162.79,161.806,157.983
32.32905888557434,0.535556180218008,0.0,0.0,5,-0.189365,5.0,12035.8,181.497,-12.2525,0.217148,2.60896,4.61381,6.39976,9.96485,47.3686,45.6306,44.725,43.9449,43.395,42.8509,42.3127,41.7802,41.0445,40.218,38.7092,35.8494,31.5451,26.4513,15.2369,0.643641,165.598,162.053,161.179,157.288
32.35145020484924,0.5379494539502511,0.0,0.0,5,-0.184719,5.0,11988.4,180.744,-12.3253,0.301325,2.45592,4.35632,6.04518,9.34555,47.1306,45.396,44.4932,43.7156,43.1674,42.6254,42.0895,41.5596,40.8277,40.0056,38.506,35.6676,31.4071,26.3813,15.3275,0.66549,164.857,161.292,160.531,156.682
32.37202310562134,0.5403586192743419,0.0,0.0,4,-0.180201,5.0,11938.2,179.986,-12.425,0.386811,2.30992,4.109,5.7049,8.76331,46.9161,45.1834,44.2823,43.5068,42.9602,42.4197,41.8854,41.3573,40.6286,39.8103,38.3181,35.4985,31.2757,26.3113,15.4102,0.686305,164.147,160.524,159.894,155.993
32.3954062461853,0.5426184036350654,0.0,0.0,4,-0.175406,4.0,13232.4,179.275,-12.6143,0.431546,2.17153,3.87449,5.38209,8.22466,46.7195,44.988,44.0876,43.3133,42.7679,42.2287,41.6957,41.169,40.4424,39.6272,38.1416,35.3379,31.1483,26.2382,15.483,0.705962,163.462,159.787,160.009,156.416
32.41610288619995,0.5447002021670961,0.0,0.0,4,-0.170288,4.0,13180.2,178.62,-12.6076,0.586273,2.04127,3.65698,5.08692,7.75911,46.5028,44.7721,43.8728,43.0995,42.5549,42.017,41.4856,40.9604,40.2359,39.4234,37.9444,35.1562,30.9996,26.1425,15.5381,0.724494,162.748,159.062,159.54,156.074
32.4376757144928,0.5469059551155381,0.0,0.0,4,-0.165072,4.0,13131.2,177.926,-12.5566,0.754917,1.91824,3.45158,4.81092,7.3351,46.291,44.56,43.6616,42.8891,42.3453,41.8082,41.2777,40.7539,40.0315,39.2214,37.7477,34.9734,30.8471,26.0399,15.5821,0.742038,162.079,158.361,158.056,154.16
32.460901975631714,0.5493945783988665,0.0,0.0,4,-0.159377,4.0,13047.8,177.143,-12.614,0.857029,1.80292,3.2588,4.55308,6.94709,46.0942,44.3621,43.4635,42.6917,42.1483,41.6117,41.0818,40.5587,39.8378,39.0298,37.5603,34.798,30.6978,25.9357,15.6159,0.758453,161.421,157.679,157.123,153.059
32.481505155563354,0.551969016278172,0.0,0.0,4,-0.153626,4.0,12991.4,176.333,-12.5155,1.07929,1.69561,3.08149,4.31769,6.60764,45.8958,44.1624,43.2634,42.4915,41.9485,41.4124,40.8831,40.3606,39.6406,38.8343,37.3689,34.6174,30.5418,25.8216,15.6364,0.773703,160.695,156.95,156.426,152.403
32.50522804260254,0.5545720590228029,0.0,0.0,4,-0.148319,4.0,12931.0,175.514,-12.4019,1.33703,1.59483,2.91364,4.09362,6.283,45.734,43.9972,43.0971,42.3243,41.7809,41.2445,40.7154,40.193,39.4734,38.6676,37.2046,34.4602,30.4041,25.7188,15.6525,0.787978,159.971,156.161,155.751,151.649
32.52637243270874,0.5571560318572167,0.0,0.0,4,-0.14289,4.0,12867.3,174.701,-12.5133,1.50341,1.50131,2.75534,3.88192,5.9696,45.6235,43.8807,42.9783,42.2038,41.6592,41.1218,40.5915,40.0686,39.3484,38.5421,37.0787,34.3373,30.293,25.6345,15.6669,0.801153,159.29,155.39,155.078,150.809
32.548033237457275,0.5597781445120648,0.0,0.0,4,-0.137699,4.0,12812.9,173.876,-12.5468,1.77245,1.41586,2.6117,3.6909,5.6954,45.5329,43.7831,42.8773,42.1005,41.5545,41.0157,40.4842,39.9599,39.2384,38.4311,36.9663,34.2255,30.1894,25.5523,15.6732,0.813146,158.568,154.599,154.436,150.15
32.57001090049744,0.5624479319424555,0.0,0.0,4,-0.132932,4.0,12752.2,173.036,-12.4867,2.12071,1.33683,2.47904,3.51363,5.44457,45.477,43.7187,42.8088,42.0285,41.4803,40.9397,40.4065,39.8806,39.1568,38.3473,36.8798,34.1362,30.1035,25.4812,15.6758,0.824202,157.818,153.744,153.752,149.4
32.591925382614136,0.5650827578707817,0.0,0.0,4,-0.128009,4.0,12686.6,172.207,-12.6749,2.3548,1.26495,2.35658,3.34946,5.20994,45.4752,43.7052,42.7901,42.0054,41.4542,40.9106,40.3747,39.8465,39.1196,38.3066,36.8336,34.0825,30.0462,25.4307,15.6792,0.834249,157.121,152.94,153.058,148.536
32.61421275138855,0.5677493669828028,0.0,0.0,4,-0.123293,4.0,12629.7,171.368,-12.8556,2.64657,1.20167,2.24957,3.20893,5.01576,45.4991,43.7163,42.7947,42.0052,41.4505,40.9036,40.3644,39.8331,39.1023,38.2854,36.8054,34.0444,29.9997,25.386,15.678,0.843078,156.39,152.132,152.399,147.829
32.63667130470276,0.5704795424622143,0.0,0.0,4,-0.118709,4.0,12568.9,170.509,-12.7978,3.08077,1.14513,2.15632,3.08811,4.85682,45.5406,43.744,42.8155,42.0201,41.4617,40.9113,40.3687,39.834,39.0986,38.2769,36.7894,34.0165,29.9608,25.3447,15.6724,0.850983,155.582,151.235,151.675,147.121
32.65871548652649,0.5731683998028219,0.0,0.0,4,-0.113959,4.0,12501.4,169.663,-12.9974,3.37827,1.09613,2.07536,2.9831,4.71919,45.6329,43.8195,42.8832,42.081,41.5178,40.9628,40.416,39.8774,39.1365,38.3088,36.8113,34.0218,29.9488,25.3229,15.6687,0.857891,154.845,150.41,150.95,146.247
32.68030667304993,0.5758985752822334,0.0,0.0,4,-0.109559,4.0,12440.6,168.804,-13.2855,3.70167,1.05546,2.00829,2.89659,4.60884,45.7759,43.9434,42.9975,42.1876,41.619,41.0587,40.5066,39.9629,39.2156,38.3809,36.8707,34.0607,29.9632,25.3198,15.6671,0.863623,154.129,149.548,150.292,145.439
32.70358109474182,0.5786764255371876,0.0,0.0,4,-0.104879,4.0,12380.1,167.93,-13.237,4.19607,1.02224,1.95628,2.83395,4.54628,45.9099,44.0586,43.103,42.285,41.7111,41.1457,40.5886,40.0399,39.2858,38.4439,36.9217,34.0911,29.9695,25.3084,15.6586,0.868398,153.289,148.643,149.528,144.782
32.72530555725098,0.5813938877431211,0.0,0.0,4,-0.100459,4.0,12311.4,167.075,-13.3992,4.53469,0.99585,1.91664,2.78922,4.50512,46.0742,44.202,43.2363,42.4097,41.8296,41.2584,40.6958,40.1418,39.3805,38.5305,36.9945,34.1405,29.991,25.3076,15.6502,0.872246,152.506,147.81,148.761,143.92
32.74584078788757,0.5840763884469898,0.0,0.0,4,-0.0963005,4.0,12245.8,166.231,-13.7496,4.76728,0.977749,1.89254,2.76462,4.4957,46.2679,44.3734,43.3964,42.5605,41.9741,41.3964,40.8276,40.2676,39.4984,38.6397,37.0883,34.2083,30.0263,25.3163,15.6415,0.874992,151.763,147.016,148.035,143.063
32.76864218711853,0.5866953227834684,0.0,0.0,4,-0.0904949,4.0,12190.0,165.407,-13.6983,5.10157,0.969181,1.89027,2.77817,4.59209,46.3497,44.4374,43.4514,42.6079,42.0165,41.4342,40.8607,40.2961,39.5206,38.6555,37.0931,34.1949,29.9927,25.2701,15.6095,0.87669,150.913,146.267,147.165,142.621
32.79028606414795,0.5891585195198407,0.0,0.0,4,-0.0834793,4.0,12127.2,164.632,-13.5363,5.28212,0.969448,1.90942,2.8336,4.8093,46.3109,44.3854,43.3933,42.5447,41.9497,41.364,40.7875,40.2201,39.4407,38.5715,37.0027,34.095,29.8864,25.167,15.5534,0.877351,150.017,145.597,146.25,142.045
32.813387393951416,0.5915359016602362,0.0,0.0,4,-0.0765539,4.0,12066.9,163.884,-13.3863,5.33996,0.978519,1.9502,2.92795,5.15893,46.2136,44.2773,43.2802,42.4276,41.8299,41.2415,40.6626,40.093,39.311,38.4389,36.8655,33.9526,29.7437,25.0354,15.4836,0.876954,149.173,144.975,145.436,141.422
32.83409118652344,0.5938783222985672,0.0,0.0,4,-0.0687516,4.0,12015.3,163.147,-13.0573,5.43049,0.996952,2.01359,3.06374,5.71556,46.053,44.1088,43.1077,42.2524,41.653,41.063,40.4824,39.9114,39.1276,38.2541,36.6787,33.7653,29.5628,24.8736,15.4,0.875512,148.337,144.365,144.688,140.938
32.8554253578186,0.5961794247980944,0.0,0.0,4,-0.0605904,4.0,11961.4,162.423,-12.682,5.48253,1.02381,2.09586,3.24014,6.62437,45.8635,43.9123,42.9083,42.0504,41.4496,40.8584,40.2768,39.7047,38.9197,38.0453,36.4691,33.5572,29.3644,24.6976,15.3087,0.873067,147.532,143.767,143.97,140.376
32.87796068191528,0.5984805272976216,0.0,0.0,4,-0.0538559,4.0,11908.5,161.699,-12.3302,5.53191,1.05772,2.19529,3.45096,49.892,45.6948,43.7355,42.728,41.8673,41.2646,40.6717,40.0887,39.5154,38.7289,37.8528,36.2751,33.3627,29.1772,24.5293,15.2174,0.869693,146.804,143.141,143.328,139.759
32.899773359298706,0.600819769617583,0.0,0.0,4,-0.0477564,4.0,11859.0,160.963,-11.9942,5.64407,1.0977,2.30759,3.68563,49.8015,45.5782,43.6083,42.5959,41.7315,41.1261,40.5307,39.9454,39.3701,38.581,37.7023,36.1203,33.2034,29.0187,24.3826,15.1317,0.865562,146.149,142.486,142.774,139.133
32.92188811302185,0.6031685468926529,0.0,0.0,4,-0.042199,4.0,11806.1,160.224,-11.6757,5.78542,1.14277,2.4288,3.94352,49.7623,45.5081,43.5257,42.5071,41.6378,41.0292,40.4308,39.8424,39.2642,38.4714,37.5891,36.001,33.0759,28.8859,24.2552,15.0515,0.86079,145.511,141.813,142.189,138.465
32.94405007362366,0.6054950759391362,0.0,0.0,4,-0.0380896,4.0,11751.1,159.492,-11.5204,5.8771,1.19178,2.55797,4.21676,49.7904,45.4992,43.5012,42.4749,41.5992,40.9864,40.3839,39.7918,39.2097,38.412,37.5244,35.9278,32.9893,28.7867,24.1522,14.9783,0.855388,144.921,141.154,141.606,137.743
32.967817306518555,0.6078152483488805,0.2941131591796875,0.0,4,-0.0349282,4.0,11697.6,158.762,-11.4793,5.94656,1.24461,2.6947,4.50418,49.8765,45.5429,43.5263,42.4912,41.6079,40.9899,40.3824,39.7856,39.1992,38.3954,37.5011,35.8936,32.9372,28.7157,24.0699,14.9107,0.849483,144.344,140.495,141.027,137.043
32.989189863204956,0.6093376628478773,0.9999847412109375,0.0,4,-0.0314375,4.0,11924.1,158.283,-11.3509,6.05709,1.30217,2.84356,4.83149,49.9424,45.5679,43.5336,42.4897,41.5995,40.9765,40.3643,39.7629,39.1721,38.3627,37.4624,35.8443,32.8715,28.6329,23.9788,14.8389,0.843105,143.739,139.864,141.712,141.712
33.01007580757141,0.6095855716806992,0.9999847412109375,0.0,4,-0.0276028,4.0,12498.9,158.205,-11.2466,6.13727,1.36382,3.00711,5.20664,49.9694,45.5569,43.5068,42.4549,41.5582,40.931,40.3147,39.7092,39.1145,38.3,37.3945,35.7676,32.7812,28.5296,23.8719,14.7606,0.836279,143.237,139.397,148.382,148.382
33.031758308410645,0.6087814571332124,0.49999237060546875,0.0,4,-0.0249438,4.0,12664.7,158.458,-11.3709,6.19468,1.42958,3.18044,5.61133,50.0415,45.5864,43.5178,42.457,41.5527,40.9203,40.2992,39.6891,39.09,38.2694,37.3573,35.7198,32.7162,28.4465,23.779,14.6853,0.828899,143.019,139.152,150.445,150.445
33.054431438446045,0.6082316080552868,0.9999847412109375,0.0,4,-0.0218849,4.0,12229.7,158.631,-11.3984,6.27718,1.50103,3.37053,6.08312,50.0861,45.5903,43.5041,42.435,41.5237,40.8864,40.2607,39.6462,39.043,38.2169,37.2989,35.6515,32.6322,28.3476,23.6736,14.6038,0.820967,142.97,139.09,145.453,145.453
33.0768346786499,0.6077326120712733,0.49999237060546875,0.0,4,-0.0168514,4.0,12550.0,158.788,-11.0919,6.36906,1.57936,3.59544,6.72324,49.9607,45.4395,43.3435,42.2696,41.3549,40.7154,40.0874,39.4709,38.8658,38.0376,37.1174,35.4667,32.445,28.164,23.5053,14.5,0.812602,142.878,139.137,149.052,149.052
33.09697365760803,0.6072812908628025,0.9999847412109375,0.0,4,-0.0112133,4.0,12195.9,158.93,-10.6312,6.43347,1.66407,3.85391,7.58899,49.7292,45.1921,43.0912,42.0153,41.099,40.4588,39.8303,39.2133,38.6078,37.7793,36.8595,35.21,32.1938,27.9283,23.2981,14.3819,0.803723,142.845,139.283,145.012,145.012
33.121426820755005,0.6067473333767242,0.49999237060546875,0.0,4,-0.00462437,4.0,12540.0,159.098,-10.0323,6.47479,1.75532,4.1488,8.87778,49.3933,44.8505,42.7494,41.674,40.7585,40.1191,39.4916,38.8757,38.2715,37.4449,36.5275,34.8837,31.8811,27.6432,23.0542,14.2505,0.79446,142.824,139.474,148.949,148.949
33.142306327819824,0.6062324458008632,0.9999847412109375,0.0,4,0.00226939,4.0,12178.8,159.26,-9.33744,6.56877,1.85248,4.47551,11.4858,49.033,44.4872,42.387,41.3129,40.3988,39.7605,39.1343,38.52,37.9175,37.0933,36.179,34.5419,31.555,27.3475,22.8026,14.1155,0.784733,142.92,139.734,144.806,144.806
33.163180112838745,0.6057016666331546,0.9999847412109375,0.0,4,0.00920653,4.0,12525.2,159.427,-8.65547,6.63567,1.95402,4.8329,57.305,48.6576,44.1106,42.0123,40.94,40.0277,39.3909,38.7662,38.1537,37.5531,36.732,35.8212,34.1915,31.2215,27.0464,22.5475,13.979,0.774614,143.054,140.0,148.755,148.755
33.185983419418335,0.6045256888364349,0.49999237060546875,0.0,4,0.0144531,4.0,12618.0,159.797,-8.26328,6.6891,2.05872,5.20086,57.0673,48.3829,43.8248,41.7237,40.6505,39.738,39.1011,38.4766,37.8642,37.264,36.4438,35.5343,33.9077,30.947,26.7927,22.3271,13.8527,0.764015,143.338,140.286,149.917,149.917
33.20917224884033,0.6136266473712773,0.9999847412109375,0.0,4,0.0190669,4.0,12209.9,159.998,-7.90705,6.76858,2.16728,5.5856,56.9021,48.1698,43.5941,41.4872,40.4115,39.4973,38.8596,38.2341,37.6211,37.0204,36.1996,35.2901,33.6641,30.7079,26.5672,22.1271,13.7319,0.752967,143.709,140.594,145.184,145.184
33.2302041053772,0.6130485525623834,0.9999847412109375,0.0,4,0.0240468,4.0,12538.6,160.177,-7.47906,6.85416,2.28033,6.00631,56.7027,47.9274,43.337,41.2257,40.1484,39.233,38.5947,37.9691,37.3559,36.755,35.9344,35.0254,33.4015,30.4521,26.3286,21.9173,13.6073,0.741563,143.949,140.827,148.922,148.922
33.25369882583618,0.6118568375652781,0.9999847412109375,0.0,4,0.0276139,4.0,12632.1,160.546,-7.3122,6.91315,2.39542,6.43329,56.6088,47.7738,43.1595,41.0392,39.958,39.0396,38.3992,37.7718,37.1571,36.5549,35.7325,34.8218,33.1962,30.2465,26.1299,21.7365,13.4911,0.729717,144.273,141.081,150.079,150.079
33.27577829360962,0.6105520872703444,0.49999237060546875,0.0,4,0.0298814,4.0,12678.1,160.95,-7.3562,6.9652,2.5123,6.85468,56.6397,47.725,43.0754,40.9406,39.8526,38.9287,38.2846,37.6536,37.0356,36.4303,35.6041,34.6893,33.0571,30.0985,25.9769,21.5884,13.3842,0.717449,144.681,141.357,150.651,150.651
33.297581911087036,0.6099610741416985,0.9999847412109375,0.0,4,0.031984,4.0,12282.2,161.133,-7.32467,7.04157,2.63247,7.29345,56.6972,47.6975,43.0094,40.859,39.7633,38.8334,38.1853,37.5504,36.9286,36.3199,35.4892,34.5699,32.9299,29.9608,25.8314,21.4453,13.2775,0.704782,145.075,141.646,146.03,146.03
33.317994832992554,0.6094540300914397,0.9999847412109375,0.0,4,0.0345582,4.0,12631.0,161.29,-7.21531,7.0876,2.75661,7.77636,56.7138,47.6222,42.9004,40.7366,39.6345,38.6994,38.048,37.4101,36.7854,36.1738,35.3395,34.4167,32.7713,29.7953,25.6638,21.2858,13.165,0.691836,145.319,141.884,150.011,150.011
33.34152674674988,0.6083172179532796,0.9999847412109375,0.0,4,0.0357471,4.0,12737.0,161.642,-7.33357,7.11463,2.88154,8.24755,56.8629,47.6328,42.8677,40.6855,39.5748,38.6325,37.9761,37.3336,36.7046,36.089,35.2492,34.3205,32.666,29.676,25.5324,21.152,13.0598,0.678551,145.612,142.115,151.319,151.319
33.36363077163696,0.6070350747179116,0.49999237060546875,0.0,4,0.0360228,4.0,12780.0,162.039,-7.6007,7.16209,3.00669,8.69606,57.1686,47.7388,42.9191,40.7134,39.5912,38.6395,37.9766,37.3278,36.6927,36.0714,35.2241,34.2872,32.6189,29.6069,25.44,21.0457,12.962,0.664913,145.968,142.356,151.852,151.852
33.38361310958862,0.6065021940281491,0.9999847412109375,0.0,4,0.0362108,4.0,12385.9,162.204,-7.77648,7.21993,3.13341,9.15075,57.5426,47.8633,42.9859,40.7556,39.6209,38.6592,37.9896,37.334,36.6926,36.0651,35.2097,34.2643,32.5811,29.5455,25.353,20.9427,12.8642,0.650986,146.306,142.604,147.265,147.265
33.40570640563965,0.6060629711565871,0.9999847412109375,0.0,3,0.0367168,4.0,12744.1,162.34,-7.85658,7.24126,3.26351,9.65058,57.8857,47.9297,43.0007,40.7482,39.603,38.6322,37.9566,37.2955,36.6487,36.016,35.1535,34.2008,32.5055,29.451,25.2396,20.8204,12.7602,0.636903,146.482,142.789,151.346,151.346
33.4315869808197,0.6059886908180142,0.9999847412109375,0.0,3,0.0367817,3.0,15706.6,162.363,-7.95606,7.25184,3.39438,10.1499,58.3219,48.0273,43.0425,40.766,39.6092,38.6288,37.9465,37.279,36.6261,35.9878,35.1176,34.1566,32.4477,29.3715,25.1377,20.706,12.6581,0.622646,146.66,142.956,145.778,143.763
33.45173716545105,0.607500134228977,0.9999847412109375,0.0,3,0.0375053,3.0,15675.1,161.895,-7.81966,7.26759,3.52737,10.697,58.7299,48.0692,43.0341,40.7366,39.5694,38.5808,37.8928,37.2199,36.5619,35.9185,35.0421,34.0743,32.354,29.2607,25.0114,20.5745,12.5507,0.608378,146.635,142.99,144.499,141.769
33.472147703170776,0.6093313060537975,0.9999847412109375,0.0,3,0.0377073,3.0,14682.5,161.328,-7.75669,7.25013,3.6572,11.2141,59.2833,48.1708,43.0788,40.757,39.5778,38.5792,37.8847,37.2054,36.5412,35.8919,35.0076,34.0317,32.2975,29.1824,24.9103,20.4612,12.4495,0.594171,146.441,142.818,143.502,140.301
33.49358367919922,0.6093054694142936,0.49999237060546875,0.0,3,0.0361245,3.0,15850.9,161.336,-8.01904,7.21838,3.78091,11.6259,60.1376,48.4218,43.252,40.8975,39.7024,38.6903,37.9864,37.2983,36.6256,35.968,35.0726,34.0844,32.3299,29.1807,24.869,20.3899,12.3616,0.579979,146.237,142.535,152.925,152.925
33.51769256591797,0.5988873520489193,0.9999847412109375,0.0,3,0.0328255,3.0,15372.9,161.571,-8.58986,7.22059,3.89674,11.8866,61.4276,48.9133,43.5989,41.2009,39.9838,38.9534,38.2368,37.5362,36.8514,36.1823,35.2712,34.2659,32.4814,29.2811,24.9066,20.3738,12.29,0.565692,146.288,142.377,148.639,148.639
33.54133176803589,0.5418121951361342,0.49999237060546875,0.0,3,0.029526,3.0,15995.0,161.829,-9.14633,7.24002,4.01115,12.1263,62.9086,49.487,43.965,41.5218,40.2817,39.2322,38.5025,37.7891,37.0917,36.4104,35.4829,34.4599,32.6442,29.3907,24.9504,20.3615,12.2192,0.551385,146.389,142.352,154.373,154.373
33.56166958808899,0.3891616939655939,0.9999847412109375,0.0,3,0.0258291,3.0,15453.5,162.096,-9.74079,7.25564,4.12396,12.3332,64.6466,50.172,44.3652,41.874,40.6101,39.5402,38.7963,38.0692,37.3588,36.6646,35.7196,34.6774,32.8288,29.5183,25.0072,20.3574,12.1503,0.537011,146.761,142.671,149.43,149.43
33.58313775062561,0.28124994768404715,0.49999237060546875,0.0,3,0.0231481,3.0,16068.0,162.373,-10.1558,7.25704,4.2408,12.6212,66.3565,50.7943,44.6671,42.1274,40.8424,39.7551,38.9991,38.2603,37.5384,36.8332,35.8736,34.8152,32.9388,29.5811,25.0135,20.3174,12.071,0.522719,147.53,143.637,155.082,155.082
33.605878591537476,0.20188347423825415,0.9999847412109375,0.0,3,0.0213063,3.0,15511.8,162.692,-10.4535,7.26923,4.36056,12.9621,68.1154,51.3966,44.9376,42.3163,41.0124,39.9092,39.1426,38.3933,37.6612,36.946,35.9732,34.9008,32.9997,29.6013,24.9862,20.2539,11.9844,0.50841,148.599,145.01,149.998,149.998
33.62846279144287,0.140321174156405,0.49999237060546875,0.0,3,0.0212034,3.0,16124.5,163.044,-10.4965,7.27277,4.48773,13.4383,69.6622,51.8355,45.074,42.3542,41.0345,39.92,39.1454,38.3889,37.6497,36.928,35.9461,34.8641,32.9471,29.5238,24.8832,20.1378,11.8824,0.494132,149.504,146.347,155.624,155.624
33.649993658065796,0.12647725672166793,0.9999847412109375,0.0,3,0.0215799,3.0,15573.0,163.447,-10.4534,7.26974,4.61952,13.9995,71.1729,52.2113,45.1528,42.3338,40.9806,39.8571,39.0765,38.3141,37.5694,36.8425,35.8538,34.7646,32.8362,29.3959,24.7414,19.9945,11.7726,0.479799,150.337,147.516,150.589,150.589
33.67063498497009,0.1261714924467355,0.9999847412109375,0.0,3,0.0235993,3.0,16168.1,163.898,-10.1587,7.26749,4.75981,14.7463,72.3704,52.3838,45.0736,42.1734,40.7851,39.6482,38.865,38.1,37.3531,36.6241,35.6331,34.5418,32.6108,29.17,24.5248,19.8,11.6481,0.465487,150.775,148.32,156.061,156.061
33.69212794303894,0.12569352390166372,0.49999237060546875,0.0,3,0.0258611,3.0,16410.5,164.603,-9.94143,7.28553,4.90255,15.5708,73.6679,52.57,44.9963,42.0121,40.5878,39.4245,38.6358,37.8688,37.1201,36.3895,35.3968,34.3039,32.3712,28.9322,24.2992,19.5995,11.5218,0.451068,151.282,148.986,158.477,158.477
33.71574401855469,0.12530640327863396,0.9999847412109375,0.0,3,0.0281717,3.0,15706.1,165.174,-9.63724,7.30931,5.04835,16.4887,75.0933,52.7781,44.9256,41.854,40.3923,39.2007,38.3951,37.6236,36.8734,36.1414,35.1471,34.0534,32.1201,28.6845,24.0658,19.3937,11.3934,0.436455,151.875,149.637,151.914,151.914
33.736438512802124,0.12494843534700573,0.9999847412109375,0.0,3,0.0318413,3.0,16245.6,165.702,-9.06127,7.3254,5.20403,17.7805,76.0948,52.7449,44.6763,41.5405,40.0522,38.8409,38.023,37.2415,36.492,35.7622,34.7711,33.6814,31.757,28.3418,23.7609,19.1395,11.2517,0.421869,152.247,150.265,156.826,156.826
33.76048684120178,0.12442978862788527,0.9999847412109375,0.0,3,0.0357128,3.0,16443.1,166.467,-8.59287,7.35151,5.36323,19.3965,77.1767,52.7161,44.4237,41.2229,39.7079,38.4768,37.6464,36.854,36.0969,35.3693,34.382,33.297,31.3826,27.9898,23.4495,18.881,11.1088,0.407141,152.787,150.923,158.809,158.809
33.77987098693848,0.12386775185644629,0.9999847412109375,0.0,3,0.0391719,3.0,16547.4,167.296,-8.25753,7.38596,5.52323,21.4411,78.6188,52.811,44.2502,40.9706,39.423,38.1677,37.3223,36.5162,35.7469,35.0118,34.0272,32.9455,31.0385,27.6637,23.1578,18.6361,10.9689,0.392148,153.526,151.631,159.841,159.841
33.804224729537964,0.12329012178495527,0.9999847412109375,0.0,3,0.0419543,3.0,16616.3,168.148,-8.0233,7.42112,5.68366,25.0618,80.4642,53.0318,44.1539,40.7811,39.1952,37.9112,37.0477,36.2253,35.4414,34.6931,33.7011,32.6218,30.7199,27.3592,22.8825,18.4023,10.8315,0.376898,154.333,152.37,160.517,160.517
33.82779335975647,0.12270503404822201,0.9999847412109375,0.0,3,0.0445237,3.0,16669.8,169.011,-7.8395,7.45849,5.8468,200.0,82.6812,53.3449,44.1084,40.6313,39.0024,37.6863,36.8027,35.9623,35.1619,34.399,33.3891,32.3074,30.4099,27.0619,22.6122,18.1716,10.6939,0.361328,155.152,153.142,161.042,161.042
33.84864616394043,0.11790806412288296,0.9999847412109375,0.0,3,0.0471528,3.0,16720.6,169.876,-7.65746,7.50335,6.01372,200.0,85.2448,53.7215,44.0917,40.502,38.8268,37.4766,36.5714,35.7117,34.894,34.1154,33.0862,31.989,30.0959,26.761,22.3391,17.9386,10.5549,0.345467,155.964,153.941,161.526,161.526
33.8708381652832,0.1013208184767887,0.9999847412109375,0.0,3,0.0497537,3.0,16783.3,170.732,-7.4883,7.54311,6.18447,200.0,88.2071,54.1623,44.102,40.3911,38.6666,37.2797,36.3518,35.4716,34.6355,33.8405,32.791,31.674,29.7756,26.4546,22.0617,17.7023,10.4139,0.329281,156.79,154.77,162.129,162.129
33.89195942878723,0.08254569196462633,0.9999847412109375,0.0,3,0.0522687,3.0,16853.0,171.587,-7.34138,7.5764,6.36016,200.0,91.5842,54.6503,44.1259,40.2869,38.5105,37.0857,36.134,35.2326,34.3776,33.5657,32.4953,31.3583,29.4413,26.1364,21.7753,17.4598,10.27,0.31278,157.658,155.663,162.799,162.799
33.91404724121094,0.06889311485861739,0.9999847412109375,0.0,3,0.0551744,3.0,16915.6,172.453,-7.18686,7.612,6.54308,199.178,95.2954,55.1357,44.1297,40.1611,38.3332,36.8707,35.8957,34.9736,34.1001,33.2717,32.1815,31.0251,29.0814,25.7943,21.4708,17.2049,10.1216,0.29593,158.522,156.592,163.408,163.408
33.93366456031799,0.06239534892510623,0.9999847412109375,0.0,3,0.0586493,3.0,16976.9,173.327,-6.99126,7.6491,6.73562,90.9946,99.2258,55.5642,44.0785,39.9855,38.1087,36.6109,35.6145,34.6732,33.7831,32.9398,31.8317,30.6585,28.6911,25.4177,21.1402,16.9318,9.96671,0.278639,159.356,157.53,164.002,164.002
33.95920014381409,0.0620827947498858,0.9999847412109375,0.0,3,0.0624554,3.0,17035.4,174.212,-6.73946,7.68201,6.93898,73.4851,103.297,55.9029,43.9538,39.7454,37.8245,36.2952,35.2797,34.3219,33.4173,32.5615,31.4384,30.2515,28.2656,25.003,20.7813,16.6394,9.80497,0.260902,160.149,158.447,164.569,164.569
33.97979974746704,0.061766355720510084,0.9999847412109375,0.0,3,0.0667717,3.0,17084.8,175.108,-6.42457,7.71668,7.15411,66.852,107.54,56.1553,43.7597,39.4452,37.4844,35.9275,34.8954,33.9235,33.0067,32.1405,31.0053,29.8076,27.8083,24.5542,20.397,16.3297,9.63659,0.242682,160.923,159.336,165.05,165.05
34.00090575218201,0.06444467395143584,0.9999847412109375,0.0,3,0.071569,3.0,17129.0,176.01,-6.06219,7.75794,7.3809,63.6109,112.035,56.3358,43.5066,39.0939,37.0974,35.5159,34.4696,33.4855,32.5585,31.6838,30.5391,29.3333,27.3248,24.0769,19.9915,16.0053,9.46248,0.22393,161.713,160.222,165.478,165.478
34.02404236793518,0.0941362389846146,0.9999847412109375,0.0,3,0.0765841,3.0,17175.7,176.913,-5.67625,7.79897,7.61878,61.756,116.938,56.4724,43.2128,38.7071,36.6774,35.0738,34.0147,33.02,32.0843,31.2024,30.0499,28.838,26.8237,23.5793,19.5704,15.6701,9.28362,0.204647,162.511,161.093,165.928,165.928
34.04459071159363,0.12923919691887686,0.9999847412109375,0.0,3,0.0812387,3.0,17226.7,177.809,-5.27722,7.8407,7.86383,60.013,123.157,56.7384,42.9776,38.3633,36.295,34.6652,33.5908,32.5835,31.6371,30.7465,29.5843,28.3642,26.3412,23.0955,19.1534,15.3368,9.10318,0.184784,163.255,161.816,166.418,166.418
34.0676908493042,0.13722241225734974,0.9999847412109375,0.0,3,0.0850251,3.0,17284.9,178.686,-4.98413,7.88419,8.10673,57.6103,132.555,57.4176,42.954,38.1824,36.0562,34.3863,33.288,32.2601,31.2961,30.3903,29.2104,27.9744,25.9307,22.6666,18.7681,15.0239,8.92653,0.164436,164.013,162.422,166.975,166.975
34.090333700180054,0.1365391597639428,0.9999847412109375,0.0,3,0.0877607,3.0,17358.3,179.539,-4.8807,7.92291,8.34411,54.7419,147.292,58.6591,43.2051,38.2094,35.9994,34.2704,33.1366,32.0778,31.0868,30.1576,28.9497,27.6874,25.6075,22.3035,18.4195,14.7346,8.75482,0.14363,164.872,163.07,167.678,167.678
34.11061382293701,0.1358679222616274,0.9999847412109375,0.0,3,0.0893812,3.0,17441.3,180.377,-4.92992,7.95628,8.57793,51.8651,170.486,60.4962,43.719,38.4281,36.1075,34.3006,33.1197,32.0198,30.9929,30.0319,28.7862,27.4881,25.3576,21.9945,18.0964,14.4611,8.58573,0.122351,165.748,163.759,168.477,168.477
34.13186168670654,0.13520389375396696,0.9999847412109375,0.0,3,0.0904481,3.0,17528.3,181.206,-5.07941,7.98544,8.80964,49.2075,200.0,62.9837,44.4867,38.8238,36.365,34.4607,33.2212,32.0702,30.9984,29.9982,28.7052,27.3623,25.1681,21.729,17.7892,14.1971,8.41749,0.100638,166.595,164.465,169.317,169.317
34.15483379364014,0.10609585791985196,0.9999847412109375,0.0,3,0.0911407,3.0,17617.9,182.028,-5.28933,8.01124,9.04062,46.8332,200.0,66.2345,45.5167,39.394,36.7664,34.7441,33.4336,32.2208,31.0951,30.0477,28.6979,27.3014,25.0309,21.5001,17.4967,13.9381,8.2491,0.0785116,167.409,165.177,170.182,170.182
34.17857766151428,0.07733468083540598,0.9999847412109375,0.0,3,0.0917277,3.0,17705.8,182.85,-5.54138,8.03345,9.27714,44.8914,200.0,70.1923,46.7247,40.0659,37.2452,35.0893,33.6991,32.4171,31.2314,30.1317,28.7195,27.2642,24.9106,21.2814,17.2106,13.6722,8.07722,0.0559298,168.276,166.034,171.034,171.034
34.20066809654236,0.06453440218418836,0.9999847412109375,0.0,3,0.0930579,3.0,17784.9,183.686,-5.723,8.05543,9.52883,43.5301,200.0,74.5075,47.9096,40.6868,37.6684,35.3775,33.9076,32.5575,31.3129,30.1623,28.69,27.1788,24.7478,21.0303,16.9044,13.3828,7.89743,0.0329158,169.082,166.982,171.802,171.802
34.22234082221985,0.05565283437252977,0.9999847412109375,0.0,3,0.0955498,3.0,17852.0,184.541,-5.73196,8.0803,9.80232,42.6998,200.0,78.8745,48.9272,41.154,37.9489,35.5332,33.9907,32.5789,31.2821,30.0867,28.5624,27.0037,24.5091,20.724,16.5646,13.0625,7.70744,0.00936508,169.796,167.919,172.455,172.455
34.244478702545166,0.05002778549282811,0.9999847412109375,0.0,3,0.099076,3.0,17909.0,185.411,-5.57718,8.10919,10.0991,42.2689,200.0,83.1331,49.7215,41.4349,38.0621,35.5366,33.9316,32.4677,31.127,29.8949,28.3288,26.733,24.191,20.3617,16.192,12.7138,7.50794,-0.0147298,170.501,168.861,173.011,173.011
34.2641019821167,0.04720876313482722,0.9999847412109375,0.0,3,0.103488,3.0,17958.5,186.292,-5.28089,8.14307,10.4208,42.1408,200.0,87.1374,50.2581,41.5129,37.997,35.3807,33.7251,32.2199,30.8455,29.5857,27.989,26.3674,23.7954,19.9462,15.7891,12.3482,7.29942,-0.0394198,171.216,169.801,173.491,173.491
34.28769326210022,0.04695211227359871,0.9999847412109375,0.0,3,0.108807,3.0,18003.9,187.182,-4.87963,8.18204,10.7658,42.224,200.0,90.8446,50.5476,41.404,37.7704,35.082,33.3876,31.8516,30.453,29.1742,27.5576,25.9208,23.3346,19.4874,15.3628,11.9725,7.08292,-0.064743,171.951,170.726,173.931,173.931
34.30757999420166,0.046694884668861826,0.9999847412109375,0.0,3,0.114761,3.0,18049.6,188.074,-4.41905,8.22756,11.1096,42.4311,200.0,94.3745,50.6486,41.1539,37.4226,34.6771,32.9532,31.3948,29.9794,28.6882,27.06,25.4161,22.8281,18.9992,14.922,11.5918,6.85952,-0.0908038,172.71,171.628,174.371,174.371
34.33335638046265,0.04643794543587913,0.9999847412109375,0.0,3,0.120883,3.0,18100.1,188.965,-3.95629,8.27727,11.4419,42.6853,200.0,97.9815,50.6458,40.8233,37.0057,34.2117,32.4638,30.8881,29.4605,28.161,26.5263,24.8803,22.298,18.4976,14.4767,11.2121,6.63085,-0.117592,173.496,172.507,174.857,174.857
34.35343956947327,0.04375207619067282,0.9999847412109375,0.0,3,0.12726,3.0,18156.2,189.852,-3.5311,8.33117,11.7625,42.9449,188.836,101.914,50.5973,40.4511,36.5519,33.7137,31.9448,30.3545,28.9171,27.6118,25.9736,24.3285,21.7563,17.9905,14.0314,10.8356,6.39675,-0.145259,174.303,173.369,175.396,175.396
34.3761522769928,0.03887292178101527,0.9999847412109375,0.0,3,0.133821,3.0,18216.6,190.737,-3.16015,8.38996,12.0709,43.1936,174.43,106.357,50.5295,40.0546,36.0759,33.1959,31.4078,29.8046,28.3592,27.0494,25.4098,23.7676,21.2089,17.4821,13.5885,10.4635,6.15723,-0.173871,175.119,174.221,175.978,175.978
34.39621043205261,0.038657399092552565,0.9999847412109375,0.0,3,0.140399,3.0,18280.2,191.62,-2.84415,8.45526,12.37,43.4538,163.463,111.229,50.3997,39.6066,35.5553,32.6393,30.8357,29.223,27.7727,26.4615,24.8238,23.188,20.6479,16.9668,13.1444,10.0936,5.91364,-0.203548,175.931,175.082,176.591,176.591
34.42115783691406,0.036246241436339914,0.9999847412109375,0.0,3,0.147136,3.0,18347.4,192.501,-2.55702,8.5241,12.6598,43.7156,154.782,116.701,50.2216,39.1165,34.9986,32.0513,30.2353,28.6162,27.1636,25.8532,24.2206,22.5941,20.0769,16.4472,12.7007,9.72679,5.67411,-0.234324,176.733,175.923,177.24,177.24
34.44380211830139,0.03604441187717021,0.9999847412109375,0.0,3,0.153961,3.0,18415.9,193.378,-2.32076,8.61999,12.939,43.9534,147.473,123.26,50.0501,38.6175,34.4321,31.4542,29.6267,28.0019,26.5479,25.2394,23.6129,21.997,19.5046,15.929,12.2606,9.36465,5.43946,-0.266267,177.556,176.764,177.901,177.901
34.46357750892639,0.0358425823180005,0.9999847412109375,0.0,3,0.154244,3.0,18485.5,194.255,-2.12848,8.69868,13.2093,44.1765,141.289,131.153,49.8692,38.0984,33.8468,30.8402,29.0027,27.3737,25.9199,24.6145,22.9961,21.3925,18.9278,15.4099,11.8226,9.00605,5.20906,-0.29908,178.35,177.575,178.573,178.573
34.4859254360199,0.03779848137941522,0.9999847412109375,0.0,3,0.150717,3.0,18543.7,195.139,-1.95979,8.77385,13.4716,44.3978,136.102,140.585,49.6484,37.5412,33.2285,30.1978,28.3533,26.723,25.2718,23.9719,22.3642,20.7756,18.3426,14.8874,11.3852,8.65029,4.98272,-0.331268,179.136,178.388,179.145,179.145
34.510658979415894,0.03979648984228572,0.9999847412109375,0.0,3,0.147294,3.0,18619.9,196.009,-1.80044,8.83607,13.7264,44.6125,131.654,152.222,49.3979,36.9515,32.5819,29.531,27.682,26.0528,24.6065,23.314,21.7196,20.1485,17.7505,14.3625,10.949,8.2975,4.76026,-0.362739,179.925,179.199,179.862,179.862
34.52820873260498,0.04185908885442651,0.9999847412109375,0.0,3,0.144092,3.0,18713.8,196.781,-1.70487,8.84585,13.9486,44.7618,127.787,166.782,49.2566,36.4479,32.0162,28.9417,27.0862,25.4561,24.0129,22.7261,21.1427,19.5866,17.2196,13.8918,10.5581,7.9817,4.56167,-0.390777,180.643,179.903,180.763,180.763
34.545260190963745,0.041648726572869346,0.9999847412109375,0.0,3,0.140655,3.0,18809.0,197.551,-1.67258,8.81815,14.1591,44.8342,123.809,188.874,49.3131,36.033,31.515,28.4034,26.5344,24.898,23.4534,22.1689,20.5925,19.048,16.7075,13.4347,10.1768,7.67297,4.36718,-0.418253,181.37,180.582,181.685,181.685
34.56951713562012,0.04143809109354392,0.9999847412109375,0.0,3,0.136954,3.0,18893.5,198.322,-1.68651,8.80848,14.3576,44.8283,119.732,200.0,49.6166,35.7223,31.0877,27.9223,26.0314,24.3821,22.931,21.6444,20.0706,18.5337,16.2145,12.9911,9.80477,7.37099,4.17653,-0.445201,182.121,181.298,182.509,182.509
34.590373277664185,0.04828237236857415,0.9999847412109375,0.0,3,0.132792,3.0,18960.4,199.094,-1.75592,8.86682,14.5397,44.7025,115.307,200.0,50.3781,35.6091,30.8014,27.551,25.622,23.9472,22.4795,21.1828,19.6023,18.0652,15.757,12.5714,9.448,7.07909,3.99074,-0.471557,182.919,181.983,183.163,183.163
34.60986924171448,0.05825766967982054,0.9999847412109375,0.0,3,0.128195,3.0,19022.6,199.862,-1.85796,8.90429,14.7056,44.47,110.698,200.0,51.694,35.712,30.664,27.2927,25.3076,23.5933,22.0981,20.7827,19.1861,17.6406,15.333,12.1741,9.10554,6.79682,3.80984,-0.49729,183.657,182.622,183.764,183.764
34.62779879570007,0.0633945786204189,0.9999847412109375,0.0,3,0.123191,3.0,19014.5,200.67,-1.94587,9.00267,14.8555,44.1438,106.035,200.0,53.7173,36.0615,30.6899,27.1549,25.0927,23.3232,21.7884,20.4446,18.8219,17.2594,14.9418,11.7984,8.77699,6.52412,3.63406,-0.522341,184.387,183.257,183.717,183.717
34.649324893951416,0.06306854208134115,0.9999847412109375,0.0,3,0.118119,3.0,19057.9,201.438,-1.98693,9.12634,14.9948,43.7972,101.756,200.0,56.3394,36.5569,30.7977,27.0703,24.9184,23.0851,21.5046,20.128,18.4748,16.8922,14.5613,11.4311,8.45562,6.25787,3.46329,-0.546592,185.104,183.945,184.102,184.102
34.66695261001587,0.06275651492480187,0.9999847412109375,0.0,3,0.113034,3.0,19137.9,202.173,-2.03896,9.20296,15.1247,43.4428,97.8666,200.0,59.7063,37.2018,30.9819,27.0316,24.7773,22.8716,21.2397,19.8265,18.1392,16.5341,14.1878,11.0699,8.14032,5.99754,3.29747,-0.570037,185.788,184.619,184.863,184.863
34.686760663986206,0.062455525463595986,0.9999847412109375,0.0,3,0.107861,3.0,19238.8,202.882,-2.12742,9.20602,15.2441,43.0672,94.2383,200.0,64.2468,38.0759,31.2869,27.0682,24.6922,22.7013,21.009,19.5528,17.8254,16.1934,13.8272,10.7181,7.83273,5.74394,3.13666,-0.592695,186.455,185.267,185.832,185.832
34.706642627716064,0.06215835674308241,0.9999847412109375,0.0,3,0.10246,3.0,19334.7,203.582,-2.25469,9.18293,15.3501,42.6457,90.7236,200.0,70.8595,39.3402,31.8035,27.2414,24.7116,22.6134,20.845,19.3345,17.5558,15.8882,13.4925,10.3835,7.53717,5.49947,2.98162,-0.614516,187.141,185.911,186.766,186.766
34.7279486656189,0.06186161254931241,0.9999847412109375,0.0,3,0.0966322,3.0,19414.4,204.281,-2.43577,9.16066,15.4395,42.1482,87.1747,200.0,81.5526,41.2823,32.6834,27.6486,24.9099,22.6664,20.7951,19.2106,17.3608,15.6424,13.1997,10.0749,7.25784,5.26615,2.83266,-0.635517,187.84,186.513,187.543,187.543
34.74887704849243,0.06156529288228601,0.9999847412109375,0.0,3,0.0905688,3.0,19482.4,204.979,-2.64402,9.12013,15.5154,41.6134,83.7653,200.0,99.5558,44.0381,33.9496,28.2845,25.2742,22.8447,20.8427,19.1647,17.2255,15.4424,12.9383,9.78584,6.99152,5.04255,2.68978,-0.655635,188.504,187.117,188.205,188.205
34.76791596412659,0.06125411477923394,0.9999847412109375,0.0,3,0.0846376,3.0,19490.0,205.712,-2.7721,9.14724,15.5847,41.1049,80.7289,200.0,131.613,47.5941,35.5123,29.0617,25.7261,23.079,20.9273,19.1439,17.1053,15.252,12.6824,9.50144,6.73099,4.82528,2.55252,-0.67483,189.142,187.768,188.292,188.292
34.786160707473755,0.06095779511220754,0.9999847412109375,0.0,4,0.0790992,3.0,19542.3,206.41,-2.80576,9.16761,15.6518,40.6598,78.1586,200.0,198.324,51.9369,37.2731,29.8929,26.191,23.3066,20.9958,19.1033,16.9647,15.0428,12.4129,9.21191,6.47196,4.61253,2.42072,-0.693065,189.751,188.455,188.786,188.786
34.80619287490845,0.06360007747833928,0.9999847412109375,0.0,4,0.0740092,4.0,15829.9,206.56,-2.7055,9.15882,15.7175,40.2794,76.0034,200.0,200.0,57.234,39.2173,30.7519,26.6458,23.5087,21.0339,19.0318,16.7959,14.81,12.128,8.91759,6.21547,4.40526,2.29488,-0.710288,190.209,189.011,182.893,181.818
34.828004360198975,0.06652263084173202,0.9999847412109375,0.0,4,0.0690985,4.0,15800.6,206.219,-2.552,9.09617,15.776,39.9157,74.0523,195.26,200.0,64.4677,41.644,31.7985,27.2065,23.775,21.1136,18.9893,16.6467,14.5921,11.855,8.63464,5.9702,4.20821,2.17637,-0.726415,190.09,188.944,182.492,181.343
34.84829139709473,0.06668641473054884,0.9999847412109375,0.0,4,0.0635445,4.0,15245.3,205.865,-2.5024,9.04376,15.8128,39.4488,71.8731,178.322,200.0,77.9128,45.8033,33.6677,28.3122,24.4283,21.4828,19.1726,16.6656,14.5013,11.6667,8.40088,5.75372,4.02968,2.06671,-0.74146,189.855,188.59,181.944,180.465
34.86575198173523,0.06659897078990937,0.9999847412109375,0.0,4,0.0572197,4.0,15797.4,206.054,-2.63985,8.98914,15.8262,38.8708,69.4608,162.269,200.0,108.013,53.2743,36.9121,30.2734,25.6603,22.2687,19.6703,16.9101,14.5753,11.5831,8.22428,5.56895,3.87086,1.9661,-0.755421,189.789,188.348,187.659,187.659
34.887906312942505,0.0663542202893893,0.9999847412109375,0.0,4,0.0504465,4.0,15843.0,206.583,-2.87213,8.96557,15.8226,38.2371,67.0138,148.048,200.0,200.0,66.9147,42.141,33.3298,27.5679,23.506,20.4888,17.3696,14.7977,11.5872,8.09318,5.40963,3.72853,1.87381,-0.768314,190.186,188.626,188.268,188.268
34.90555167198181,0.06334690092897975,0.9999847412109375,0.0,4,0.0438485,4.0,15859.1,207.131,-3.02621,8.98403,15.8133,37.6339,64.797,136.506,200.0,200.0,93.0474,49.9834,37.5676,30.0944,25.1027,21.5328,17.9594,15.0986,11.6312,7.98241,5.2643,3.5974,1.7889,-0.780138,190.647,189.105,188.449,188.449
34.92603826522827,0.050266834252315255,0.9999847412109375,0.0,4,0.0378106,4.0,15885.9,207.669,-3.06788,9.0034,15.8046,37.1041,62.9149,127.519,200.0,200.0,154.168,61.6487,43.154,33.1973,26.9755,22.7192,18.6106,15.4254,11.6827,7.87756,5.12756,3.47546,1.71125,-0.790848,191.077,189.646,188.763,188.763
34.9481143951416,0.03460884322218907,0.9999847412109375,0.0,4,0.0326784,4.0,15918.1,208.207,-3.01162,9.01298,15.8023,36.6819,61.4351,120.871,200.0,200.0,200.0,78.6309,49.9851,36.6397,28.9206,23.8894,19.2127,15.7024,11.7006,7.76171,4.99298,3.35997,1.64026,-0.800481,191.488,190.253,189.143,189.143
34.96571183204651,0.026945840539941566,0.9999847412109375,0.0,4,0.0287538,4.0,15953.8,208.749,-2.83552,9.00828,15.8122,36.395,60.4038,116.364,200.0,200.0,200.0,101.342,57.1851,39.8326,30.5612,24.7925,19.6122,15.8341,11.6371,7.61653,4.85354,3.24765,1.5749,-0.809137,191.873,190.908,189.566,189.566
34.98681902885437,0.02026358766092298,0.9999847412109375,0.0,4,0.0259392,4.0,15993.4,209.293,-2.54124,8.98838,15.833,36.2253,59.7432,113.456,200.0,200.0,200.0,129.454,63.8242,42.3548,31.6954,25.324,19.7644,15.8024,11.4901,7.44405,4.71044,3.13881,1.51477,-0.816912,192.258,191.552,190.034,190.034
35.00570607185364,0.013287027195207773,0.9999847412109375,0.0,4,0.0239515,4.0,16033.2,209.839,-2.19815,8.96032,15.8611,36.1379,59.339,111.598,200.0,200.0,200.0,162.558,69.3845,44.1071,32.3311,25.5196,19.709,15.6417,11.2823,7.25478,4.56738,3.0344,1.45935,-0.823944,192.672,192.171,190.508,190.508
35.02749156951904,0.01203238721691693,0.9999847412109375,0.0,4,0.0226114,4.0,16070.5,210.39,-1.84842,8.93816,15.8944,36.1123,59.1248,110.486,200.0,200.0,200.0,197.356,73.3185,45.0244,32.489,25.4151,19.4797,15.3782,11.0298,7.05559,4.42648,2.93481,1.40816,-0.830338,193.112,192.771,190.952,190.952
35.047725439071655,0.010844264503866434,0.9999847412109375,0.0,4,0.0216637,4.0,16108.0,210.941,-1.50404,8.92284,15.9292,36.1201,59.0171,109.796,200.0,200.0,200.0,200.0,75.987,45.38,32.3515,25.1367,19.1578,15.0653,10.7611,6.85791,4.2917,2.84132,1.36104,-0.836163,193.575,193.337,191.398,191.398
35.065916776657104,0.010801217782646418,0.9999847412109375,0.0,4,0.0208721,4.0,16144.7,211.493,-1.20939,8.918,15.963,36.1375,58.9459,109.263,200.0,200.0,200.0,200.0,78.2593,45.5414,32.1167,24.8062,18.8134,14.7451,10.4954,6.6673,4.16363,2.75316,1.31698,-0.841587,194.065,193.873,191.834,191.834
35.08778262138367,0.009683306077262387,0.9999847412109375,0.0,4,0.0201137,4.0,16181.7,212.043,-0.972159,8.92124,15.9939,36.1506,58.8727,108.75,200.0,200.0,200.0,200.0,80.8258,45.7602,31.9161,24.5045,18.4943,14.4473,10.2482,6.49012,4.04472,2.67139,1.27616,-0.846609,194.568,194.389,192.274,192.274
35.105982303619385,0.00767227706799594,0.9999847412109375,0.0,4,0.0193784,4.0,16219.3,212.593,-0.79534,8.90385,16.0223,36.1599,58.7967,108.249,200.0,200.0,200.0,200.0,83.7617,46.0434,31.7491,24.229,18.1971,14.1685,10.0164,6.32405,3.93337,2.59487,1.23799,-0.851301,195.062,194.893,192.72,192.72
35.12797975540161,0.005901617024128015,0.9999847412109375,0.0,4,0.0187254,4.0,16257.6,213.141,-0.657221,8.89116,16.0497,36.1731,58.7378,107.825,200.0,200.0,200.0,200.0,86.5779,46.2316,31.5374,23.9325,17.8939,13.8909,9.78996,6.16421,3.82712,2.5222,1.20193,-0.855724,195.558,195.409,193.175,193.175
35.15000128746033,0.00587850369782187,0.9999847412109375,0.0,4,0.018183,4.0,16310.9,213.677,-0.545118,8.8626,16.077,36.1944,58.7059,107.507,200.0,200.0,200.0,200.0,88.876,46.2231,31.2353,23.5885,17.5692,13.6043,9.5631,6.00755,3.72429,2.45234,1.16751,-0.859928,196.05,195.927,193.797,193.797
35.16634941101074,0.005855002274618794,0.9999847412109375,0.0,4,0.0176916,4.0,16351.3,214.222,-0.449751,8.82623,16.1034,36.2174,58.6834,107.234,200.0,200.0,200.0,200.0,91.0679,46.149,30.9068,23.2345,17.244,13.3212,9.34178,5.8562,3.62552,2.38545,1.13468,-0.863932,196.54,196.429,194.291,194.291
35.185290813446045,0.0058313714857834075,0.9999847412109375,0.0,4,0.017194,4.0,16386.5,214.77,-0.375406,8.80958,16.1283,36.2366,58.6542,106.948,200.0,200.0,200.0,200.0,93.6931,46.1419,30.6095,22.9018,16.9343,13.0504,9.12948,5.71084,3.53063,2.32119,1.10313,-0.867779,197.046,196.934,194.708,194.708
35.21161890029907,0.005807783818825459,0.9999847412109375,0.0,4,0.0166755,4.0,16421.9,215.317,-0.321034,8.80793,16.1516,36.2505,58.6141,106.635,200.0,200.0,200.0,200.0,97.016,46.2469,30.3611,22.5997,16.645,12.7945,8.92734,5.57179,3.43968,2.25952,1.07283,-0.871475,197.553,197.437,195.129,195.129
35.23116612434387,0.005784196151867508,0.9999847412109375,0.0,4,0.0161397,4.0,16457.5,215.864,-0.283055,8.80417,16.1733,36.2599,58.5649,106.3,200.0,200.0,200.0,200.0,101.145,46.4581,30.1558,22.324,16.373,12.5514,8.734,5.43829,3.3522,2.20018,1.04365,-0.875035,198.052,197.932,195.552,195.552
35.24839210510254,0.005760737850541871,0.9999847412109375,0.0,4,0.0155973,4.0,16494.5,216.408,-0.255499,8.80075,16.1938,36.2659,58.5098,105.954,200.0,200.0,200.0,200.0,106.137,46.7553,29.9828,22.068,16.1146,12.3189,8.54829,5.30984,3.26799,2.14305,1.01557,-0.878462,198.551,198.431,195.991,195.991
35.26573920249939,0.005737753889868036,0.9999847412109375,0.0,4,0.0150549,4.0,16544.1,216.941,-0.236217,8.77932,16.2132,36.2695,58.4512,105.605,200.0,200.0,200.0,200.0,112.103,47.1231,29.8331,21.8264,15.8667,12.0947,8.36902,5.18584,3.18674,2.08794,0.988489,-0.881765,199.045,198.93,196.555,196.555
35.28675889968872,0.005714683685439328,0.9999847412109375,0.0,4,0.0145142,4.0,16590.2,217.476,-0.22288,8.73363,16.2317,36.2712,58.3901,105.255,200.0,200.0,200.0,200.0,119.263,47.5578,29.7021,21.5956,15.6267,11.8772,8.19493,5.06552,3.10797,2.03456,0.962279,-0.88496,199.535,199.419,197.129,197.129
35.306297063827515,0.005691268505991126,0.9999847412109375,0.0,4,0.0139527,4.0,16625.1,218.019,-0.215431,8.71103,16.2488,36.2685,58.3197,104.882,200.0,200.0,200.0,200.0,128.538,48.1464,29.6221,21.3928,15.4038,11.6717,8.0288,4.95007,3.03221,1.98316,0.93702,-0.888041,200.038,199.914,197.544,197.544
35.3260543346405,0.005667939570297798,0.9999847412109375,0.0,4,0.0133696,4.0,16660.6,218.56,-0.213323,8.7052,16.2646,36.261,58.2396,104.486,200.0,200.0,200.0,200.0,140.86,48.9182,29.6001,21.2212,15.1997,11.4793,7.87124,4.83983,2.95966,1.93387,0.912769,-0.891001,200.542,200.411,197.966,197.966
35.34763026237488,0.005644653756481906,0.9999847412109375,0.0,4,0.0127711,4.0,16696.0,219.1,-0.214843,8.70654,16.2791,36.2499,58.1522,104.073,199.314,200.0,200.0,200.0,157.47,49.8702,29.6279,21.075,15.0105,11.2974,7.72068,4.73396,2.88985,1.88641,0.889402,-0.893853,201.039,200.904,198.386,198.386
35.36788988113403,0.005621454186420888,0.9999847412109375,0.0,4,0.0121703,4.0,16732.3,219.638,-0.217112,8.70859,16.2927,36.2365,58.0615,103.657,197.525,200.0,200.0,200.0,180.157,50.9775,29.6906,20.9457,14.8319,11.1233,7.57582,4.63191,2.82255,1.84066,0.866887,-0.896601,201.533,201.398,198.818,198.818
35.387964725494385,0.005598340860114744,0.9999847412109375,0.0,4,0.0115681,4.0,16770.0,220.174,-0.219016,8.72133,16.3052,36.2207,57.9671,103.238,195.755,200.0,200.0,200.0,200.0,52.2707,29.7959,20.8378,14.6665,10.9592,7.43814,4.53461,2.75831,1.79699,0.845392,-0.899224,202.028,201.893,199.264,199.264
35.408902406692505,0.006371074755191803,0.9999847412109375,0.0,4,0.0109606,4.0,16817.3,220.701,-0.222816,8.71479,16.3165,36.202,57.8682,102.811,193.992,200.0,200.0,200.0,200.0,53.7983,29.9527,20.7549,14.5162,10.806,7.30796,4.44211,2.69714,1.75537,0.824898,-0.901725,202.518,202.381,199.826,199.826
35.42838668823242,0.007189796945843844,0.9999847412109375,0.0,4,0.0103486,4.0,16855.0,221.234,-0.226932,8.71696,16.3269,36.1811,57.7655,102.38,192.24,200.0,200.0,200.0,200.0,55.5875,30.1582,20.6934,14.3779,10.6614,7.18368,4.35345,2.63844,1.71541,0.805221,-0.904127,203.008,202.871,200.275,200.275
35.446001291275024,0.007160092117122064,0.9999847412109375,0.0,4,0.00969791,4.0,16892.2,221.766,-0.229828,8.72525,16.3356,36.1537,57.6487,101.912,190.39,200.0,200.0,200.0,200.0,57.9064,30.4808,20.6854,14.2679,10.5347,7.07015,4.2708,2.58323,1.6777,0.786578,-0.906406,203.502,203.356,200.718,200.718
35.467820167541504,0.007130498960688712,0.9999847412109375,0.0,4,0.00900626,4.0,16928.9,222.296,-0.240639,8.73593,16.3426,36.1197,57.5175,101.407,188.44,200.0,200.0,200.0,200.0,60.9156,30.9392,20.7365,14.1881,10.4269,6.96761,4.19419,2.53153,1.64221,0.768964,-0.908564,203.993,203.838,201.154,201.154
35.48801636695862,0.007100961640399571,0.9999847412109375,0.0,4,0.00830555,4.0,16965.9,222.825,-0.251815,8.74207,16.3482,36.0823,57.3804,100.892,186.493,200.0,200.0,200.0,200.0,64.5972,31.5011,20.8304,14.1309,10.3343,6.87485,4.12354,2.48351,1.60916,0.752514,-0.910582,204.479,204.321,201.593,201.593
35.50896978378296,0.007071591828543072,0.9999847412109375,0.0,4,0.0076046,4.0,17003.4,223.351,-0.2607,8.75275,16.3526,36.0425,57.2403,100.376,184.576,200.0,200.0,200.0,200.0,69.0638,32.1603,20.9615,14.093,10.2546,6.7907,4.05827,2.43887,1.57836,0.737155,-0.912467,204.964,204.807,202.039,202.039
35.52966856956482,0.007042557033551856,0.9999847412109375,0.0,4,0.00690269,4.0,17047.1,223.871,-0.268709,8.7517,16.356,36.0004,57.097,99.8593,182.687,200.0,200.0,200.0,200.0,74.5592,32.9302,21.1327,14.075,10.1883,6.71519,3.99833,2.39756,1.54976,0.722861,-0.914224,205.446,205.288,202.557,202.557
35.546034812927246,0.007013298893983786,0.9999847412109375,0.0,4,0.00619769,4.0,17085.0,224.395,-0.275837,8.75395,16.3581,35.9554,56.9496,99.3386,180.817,200.0,200.0,200.0,200.0,81.4791,33.8373,21.3533,14.0817,10.138,6.64991,3.94458,2.36005,1.52367,0.709763,-0.915837,205.927,205.768,203.008,203.008
35.56634759902954,0.006984152426704144,0.9999847412109375,0.0,4,0.00549197,4.0,17122.0,224.917,-0.281658,8.76112,16.3591,35.9082,56.7992,98.817,178.975,200.0,200.0,200.0,200.0,90.3276,34.8904,21.6218,14.1109,10.1022,6.59376,3.89633,2.32593,1.49982,0.697734,-0.917321,206.409,206.249,203.448,203.448
35.58774471282959,0.006955061795568715,0.9999847412109375,0.0,4,0.00478673,4.0,17158.4,225.438,-0.286379,8.77172,16.3589,35.8587,56.646,98.295,177.161,200.0,200.0,200.0,200.0,101.946,36.1126,21.9437,14.1649,10.0822,6.54748,3.85399,2.29543,1.47835,0.68684,-0.918669,206.888,206.728,203.881,203.881
35.608893632888794,0.0069260270005775,0.9999847412109375,0.0,4,0.00408673,4.0,17195.0,225.958,-0.289568,8.78206,16.3575,35.807,56.4907,97.7758,175.386,200.0,200.0,200.0,200.0,117.656,37.5269,22.3245,14.2465,10.08,6.51247,3.81842,2.26907,1.45959,0.677239,-0.919861,207.364,207.206,204.316,204.316
35.62839674949646,0.007758408456109465,0.9999847412109375,0.0,4,0.00339079,4.0,17231.9,226.475,-0.291417,8.79698,16.3551,35.7536,56.3337,97.2593,173.646,200.0,200.0,200.0,200.0,139.929,39.1568,22.7644,14.3538,10.0936,6.48725,3.78865,2.24625,1.44315,0.668736,-0.920922,207.84,207.683,204.754,204.754
35.64645767211914,0.007726124934988716,0.9999847412109375,0.0,4,0.00265789,4.0,17271.9,226.989,-0.292492,8.80756,16.3509,35.6938,56.1637,96.7118,171.836,200.0,200.0,200.0,200.0,176.442,41.194,23.3202,14.5088,10.1344,6.47674,3.76658,2.22775,1.42942,0.661462,-0.921839,208.318,208.153,205.228,205.228
35.66782021522522,0.007693904222274819,0.9999847412109375,0.0,4,0.00188041,4.0,17309.3,227.502,-0.302629,8.81943,16.3446,35.6269,55.9786,96.1281,169.94,200.0,200.0,200.0,200.0,200.0,43.7802,24.0201,14.7205,10.2064,6.48268,3.75292,2.21391,1.41859,0.655485,-0.922605,208.796,208.621,205.674,205.674
35.685630559921265,0.007661683509560924,0.9999847412109375,0.0,4,0.00108457,4.0,17346.3,228.015,-0.314563,8.8336,16.3367,35.5554,55.7854,95.5292,168.028,200.0,200.0,200.0,200.0,200.0,46.9635,24.8567,14.984,10.3072,6.50441,3.74768,2.20489,1.41081,0.65091,-0.923206,209.271,209.09,206.113,206.113
35.70680522918701,0.007629588413660725,0.9999847412109375,0.0,4,0.00028348,4.0,17382.9,228.526,-0.325028,8.85023,16.3274,35.4809,55.5878,94.9267,166.134,200.0,200.0,200.0,200.0,200.0,50.8393,25.8268,15.2943,10.4335,6.54004,3.74995,2.20021,1.4058,0.64761,-0.923657,209.742,209.56,206.549,206.549
35.726675271987915,0.007597556126167376,0.9999847412109375,0.0,4,-0.00051713,4.0,17419.6,229.036,-0.333333,8.86886,16.3167,35.4037,55.387,94.3241,164.27,200.0,200.0,200.0,200.0,200.0,55.5914,26.9481,15.6564,10.5881,6.59115,3.76063,2.2004,1.40389,0.645746,-0.923937,210.211,210.029,206.984,206.984
35.7478928565979,0.007565649455487728,0.9999847412109375,0.0,4,-0.00131488,4.0,17456.3,229.544,-0.33938,8.88926,16.3048,35.3243,55.1841,93.724,162.441,200.0,200.0,200.0,200.0,200.0,61.4719,28.2327,16.0699,10.7695,6.65664,3.779,2.20502,1.4048,0.645182,-0.924065,210.679,210.497,207.42,207.42
35.76837468147278,0.0075370088219642644,0.9999847412109375,0.0,4,-0.00210977,4.0,17493.0,230.05,-0.34382,8.91024,16.2915,35.2425,54.9786,93.1254,160.645,200.0,200.0,200.0,200.0,200.0,68.8978,29.713,16.5432,10.9821,6.73871,3.80618,2.21467,1.40891,0.646083,-0.924019,211.145,210.963,207.857,207.857
35.785359621047974,0.008422890678048134,0.9999847412109375,0.0,4,-0.00290203,4.0,17529.9,230.555,-0.34711,8.9311,16.2769,35.1583,54.7705,92.5284,158.88,200.0,200.0,200.0,200.0,200.0,78.4864,31.4175,17.0799,11.2267,6.83728,3.84197,2.22921,1.4161,0.648391,-0.923809,211.609,211.428,208.295,208.295
35.8087842464447,0.01034228540956974,0.9999847412109375,0.0,4,-0.00369334,4.0,17566.8,231.058,-0.349897,8.95153,16.2609,35.0716,54.5595,91.9318,157.142,200.0,200.0,200.0,200.0,200.0,91.2735,33.3883,17.6869,11.5055,6.95315,3.8866,2.24871,1.4264,0.652111,-0.923432,212.071,211.891,208.733,208.733
35.82753348350525,0.01034228540956974,0.9999847412109375,0.0,4,-0.00456047,4.0,17603.6,231.559,-0.350486,8.97478,16.2423,34.9746,54.3263,91.2801,155.269,200.0,200.0,200.0,200.0,200.0,111.061,35.8889,18.4286,11.845,7.09588,3.94316,2.27427,1.44029,0.657357,-0.922884,212.542,212.345,209.171,209.171
35.8455924987793,0.01034228540956974,0.9999847412109375,0.0,4,-0.00552106,4.0,17640.2,232.059,-0.369929,9.00124,16.2207,34.8654,54.0667,90.5626,153.235,200.0,200.0,200.0,200.0,200.0,145.712,39.1467,19.3436,12.2588,7.2702,4.01327,2.30655,1.45811,0.664249,-0.922151,213.013,212.795,209.607,209.607
35.8659234046936,0.01034228540956974,0.9999847412109375,0.0,4,-0.00651622,4.0,17676.0,232.557,-0.392691,9.02693,16.1969,34.7499,53.7954,89.8226,151.168,200.0,200.0,200.0,200.0,200.0,200.0,43.2183,20.4158,12.7376,7.47252,4.09598,2.34538,1.47988,0.672859,-0.921221,213.476,213.248,210.035,210.035
35.88670873641968,0.01034228540956974,0.9999847412109375,0.0,4,-0.00751686,4.0,17710.4,233.055,-0.411328,9.0585,16.1714,34.6309,53.5196,89.0809,149.127,200.0,200.0,200.0,200.0,200.0,200.0,48.2535,21.6441,13.2783,7.70141,4.19089,2.39069,1.5056,0.683213,-0.92009,213.935,213.705,210.44,210.44
35.9076828956604,0.009357982873916626,0.9999847412109375,0.0,4,-0.00851226,4.0,17746.8,233.55,-0.425019,9.0882,16.1444,34.5095,53.242,88.3449,147.134,200.0,200.0,200.0,200.0,200.0,200.0,54.5197,23.0402,13.8822,7.95684,4.29794,2.44244,1.53526,0.695311,-0.918757,214.39,214.161,210.873,210.873
35.92868256568909,0.005174625292420388,0.9999847412109375,0.0,4,-0.00946331,4.0,17783.7,234.043,-0.435558,9.1143,16.1163,34.3894,52.9718,87.6398,145.256,200.0,200.0,200.0,200.0,200.0,200.0,62.1666,24.5822,14.5391,8.2354,4.41628,2.50045,1.56884,0.709189,-0.917216,214.839,214.62,211.311,211.311
35.94574451446533,0.0032551348209381107,0.9999847412109375,0.0,4,-0.0102131,4.0,17820.4,234.535,-0.436667,9.1469,16.09,34.2861,52.7465,87.0681,143.768,200.0,200.0,200.0,200.0,200.0,200.0,70.0311,26.0601,15.1743,8.51227,4.53816,2.56192,1.60507,0.724488,-0.915495,215.274,215.098,211.748,211.748
35.96687173843384,0.0022215262055397035,0.9999847412109375,0.0,4,-0.0106914,4.0,17856.7,235.025,-0.399388,9.18062,16.0666,34.2063,52.5818,86.6708,142.775,200.0,200.0,200.0,200.0,200.0,200.0,76.6624,27.3146,15.7389,8.77306,4.65953,2.62546,1.64334,0.74106,-0.913604,215.695,215.581,212.179,212.179
35.98606824874878,0.0017785374075174332,0.9999847412109375,0.0,4,-0.0109653,4.0,17889.1,235.517,-0.337491,9.21598,16.0453,34.1439,52.462,86.4021,142.141,200.0,200.0,200.0,200.0,200.0,200.0,81.7703,28.3636,16.2426,9.02026,4.78035,2.69061,1.68321,0.758628,-0.911581,216.121,216.055,212.569,212.569
36.007895946502686,0.0017785374075174332,0.9999847412109375,0.0,4,-0.0111358,4.0,17922.9,236.007,-0.268525,9.25913,16.0247,34.0894,52.3634,86.1957,141.684,200.0,200.0,200.0,200.0,200.0,200.0,86.0085,29.3168,16.7227,9.26525,4.90346,2.75802,1.72481,0.777112,-0.909442,216.559,216.519,212.967,212.967
36.02648115158081,0.0013847589492797852,0.9999847412109375,0.0,4,-0.0112786,4.0,17959.3,236.493,-0.210648,9.29714,16.0037,34.0359,52.2689,86.0034,141.27,200.0,200.0,200.0,200.0,200.0,200.0,90.1665,30.2725,17.2105,9.51677,5.03077,2.82802,1.76809,0.796384,-0.90721,217.002,216.971,213.398,213.398
36.0454580783844,0.0013847589492797852,0.9999847412109375,0.0,4,-0.0113864,4.0,17996.3,236.976,-0.168776,9.32819,15.9826,33.9843,52.1803,85.8299,140.911,200.0,200.0,200.0,200.0,200.0,200.0,94.0615,31.2121,17.6996,9.77259,5.16149,2.90025,1.81286,0.816378,-0.904891,217.442,217.421,213.838,213.838
36.06603765487671,0.0013847589492797852,0.9999847412109375,0.0,4,-0.0114648,4.0,18033.0,237.458,-0.130922,9.37357,15.9615,33.9347,52.0974,85.6735,140.601,200.0,200.0,200.0,200.0,200.0,200.0,97.6604,32.125,18.1833,10.0287,5.29342,2.97344,1.85833,0.836719,-0.902529,217.888,217.872,214.275,214.275
36.086408853530884,0.0010401908308267595,0.9999847412109375,0.0,4,-0.0115418,4.0,18069.3,237.939,-0.102426,9.41252,15.9399,33.8839,52.0128,85.5147,140.288,200.0,200.0,200.0,200.0,200.0,200.0,101.408,33.0685,18.6829,10.2932,5.4296,3.049,1.90526,0.857719,-0.90009,218.33,218.314,214.706,214.706
36.107856035232544,0.00030174851417541504,0.9999847412109375,0.0,4,-0.0116246,4.0,18098.0,238.424,-0.0821551,9.46139,15.9179,33.832,51.926,85.351,139.964,200.0,200.0,200.0,200.0,200.0,200.0,105.39,34.0416,19.1944,10.5627,5.568,3.12568,1.95286,0.879003,-0.89762,218.773,218.756,215.049,215.049
36.127681016922,0.0,0.9999847412109375,0.0,4,-0.0116761,4.0,18132.5,238.903,-0.069436,9.51331,15.8961,33.7824,51.8456,85.2057,139.691,200.0,200.0,200.0,200.0,200.0,200.0,108.933,34.9748,19.696,10.8309,5.70697,3.20303,2.00098,0.900571,-0.895113,219.211,219.202,215.457,215.457
36.14649558067322,0.0,0.9999847412109375,0.0,4,-0.011688,4.0,18169.1,239.379,-0.0520028,9.55646,15.8747,33.7362,51.7737,85.0845,139.484,200.0,200.0,200.0,200.0,200.0,200.0,111.789,35.8417,20.1783,11.0942,5.84517,3.28043,2.04929,0.922291,-0.892585,219.644,219.644,215.891,215.891
36.165634632110596,0.0,0.9999847412109375,0.0,4,-0.0116882,4.0,18206.3,239.852,-0.0366503,9.59655,15.8533,33.6907,51.7038,84.9697,139.295,200.0,200.0,200.0,200.0,200.0,200.0,114.448,36.6931,20.6575,11.3577,5.98395,3.35832,2.09794,0.944187,-0.890035,220.081,220.084,216.334,216.334
36.18669581413269,-0.00030107833445072176,0.9999847412109375,0.0,4,-0.0116858,4.0,18243.1,240.324,-0.0247367,9.64799,15.8318,33.6452,51.6341,84.8557,139.11,200.0,200.0,200.0,200.0,200.0,200.0,117.073,37.5454,21.1386,11.6226,6.12364,3.43675,2.14695,0.966246,-0.887465,220.52,220.522,216.771,216.771
36.20583200454712,-0.0004978239536285401,0.9999847412109375,0.0,4,-0.0116835,4.0,18278.0,240.796,-0.0161547,9.68916,15.8101,33.5993,51.5639,84.7408,138.924,200.0,200.0,200.0,200.0,200.0,200.0,119.715,38.4034,21.6229,11.8892,6.26427,3.5157,2.19628,0.988454,-0.884878,220.952,220.954,217.191,217.191
36.226024866104126,-0.0007437799125909806,0.9999847412109375,0.0,4,-0.0116875,4.0,18303.6,241.274,-0.010788,9.75542,15.7883,33.5527,51.492,84.6217,138.725,200.0,200.0,200.0,200.0,200.0,200.0,122.498,39.2776,22.113,12.158,6.40567,3.59501,2.2458,1.01073,-0.882284,221.388,221.389,217.492,217.492
36.24699664115906,-0.0007437799125909806,0.9999847412109375,0.0,4,-0.0116565,4.0,18338.8,241.743,-0.00878296,9.81381,15.7669,33.5092,51.4279,84.5242,138.586,200.0,200.0,200.0,200.0,200.0,200.0,124.537,40.0767,22.5798,12.4201,6.54542,3.6739,2.29523,1.03304,-0.879682,221.816,221.825,217.909,217.909
36.26489496231079,-0.0007437799125909806,0.9999847412109375,0.0,4,-0.0115817,4.0,18375.8,242.208,0.00163371,9.8587,15.7462,33.4698,51.3738,84.4541,138.521,200.0,200.0,200.0,200.0,200.0,200.0,125.608,40.7741,23.0143,12.6724,6.68248,3.75195,2.34434,1.0553,-0.87708,222.239,222.259,218.348,218.348
36.28572940826416,-0.0007437799125909806,0.9999847412109375,0.0,4,-0.0114877,4.0,18413.5,242.671,0.0132142,9.91189,15.7259,33.4323,51.3242,84.3962,138.489,200.0,200.0,200.0,200.0,200.0,200.0,126.241,41.4199,23.4317,12.9192,6.81782,3.82939,2.39316,1.07748,-0.874485,222.671,222.693,218.795,218.795
36.307520627975464,-0.0010389462113380432,0.9999847412109375,0.0,4,-0.0113833,4.0,18449.3,243.134,0.0238456,9.96403,15.7058,33.396,51.2773,84.3453,138.476,200.0,200.0,200.0,200.0,200.0,200.0,126.624,42.0321,23.837,13.1619,6.95176,3.90625,2.4417,1.09956,-0.871899,223.096,223.12,219.222,219.222
36.328099489212036,-0.0010389462113380432,0.9999847412109375,0.0,4,-0.0112758,4.0,18474.3,243.604,0.0326299,10.0236,15.6858,33.3599,51.2311,84.2964,138.468,200.0,200.0,200.0,200.0,200.0,200.0,126.929,42.6285,24.2367,13.4025,7.08503,3.98285,2.49011,1.1216,-0.869317,223.52,223.544,219.527,219.527
36.34640121459961,-0.0010389462113380432,0.9999847412109375,0.0,4,-0.0111785,4.0,18505.9,244.067,0.0371508,10.0988,15.6658,33.3233,51.1831,84.242,138.444,200.0,200.0,200.0,200.0,200.0,198.669,127.41,43.2354,24.6376,13.6425,7.21756,4.05893,2.53816,1.14347,-0.866756,223.95,223.972,219.895,219.895
36.36554765701294,-0.0010389462113380432,0.9999847412109375,0.0,4,-0.0110867,4.0,18541.9,244.525,0.0392079,10.1606,15.6458,33.2863,51.134,84.1843,138.411,200.0,200.0,200.0,200.0,200.0,197.288,127.98,43.8463,25.039,13.8823,7.34985,4.13484,2.5861,1.16528,-0.864202,224.371,224.393,220.321,220.321
36.386090993881226,-0.0010389462113380432,0.9999847412109375,0.0,4,-0.0109944,4.0,18579.8,244.98,0.0406383,10.2073,15.6259,33.2495,51.0853,84.1275,138.38,200.0,200.0,200.0,200.0,200.0,195.905,128.511,44.446,25.4353,14.1198,7.48115,4.21025,2.63374,1.18696,-0.861661,224.791,224.813,220.771,220.771
36.408682107925415,-0.0010389462113380432,0.9999847412109375,0.0,4,-0.0108955,4.0,18616.5,245.433,0.0426069,10.2783,15.6061,33.2135,51.0384,84.0753,138.361,200.0,200.0,200.0,200.0,199.761,194.515,128.888,45.0205,25.8224,14.354,7.61127,4.28517,2.68112,1.20856,-0.859131,225.216,225.238,221.208,221.208
36.4260835647583,-0.0010389462113380432,0.9999847412109375,0.0,4,-0.0107903,4.0,18651.2,245.886,0.0454375,10.3322,15.5867,33.1784,50.9934,84.0276,138.354,200.0,200.0,200.0,200.0,198.344,193.118,129.117,45.5684,26.1989,14.584,7.73975,4.35933,2.72808,1.22998,-0.856618,225.631,225.654,221.622,221.622
36.44560217857361,-0.0010389462113380432,0.9999847412109375,0.0,4,-0.010689,4.0,18669.3,246.352,0.0469503,10.4283,15.5673,33.1433,50.948,83.9785,138.341,200.0,200.0,200.0,200.0,196.927,191.722,129.393,46.113,26.5722,14.8121,7.86712,4.43285,2.77464,1.25122,-0.854126,226.053,226.075,221.839,221.839
36.46781516075134,-0.0010389462113380432,0.9999847412109375,0.0,4,-0.0105939,4.0,18703.8,246.802,0.0467149,10.515,15.548,33.108,50.9018,83.9263,138.32,200.0,200.0,200.0,199.3,195.511,190.329,129.76,46.66,26.9444,15.0388,7.99356,4.5058,2.82083,1.27229,-0.851656,226.47,226.491,222.246,222.246
36.48772692680359,-0.0010389462113380432,0.9999847412109375,0.0,4,-0.0105002,4.0,18741.3,247.249,0.046267,10.5784,15.5287,33.0726,50.8553,83.8735,138.297,200.0,200.0,200.0,197.868,194.094,188.935,130.137,47.2031,27.3146,15.2645,8.11955,4.57851,2.86688,1.2933,-0.849192,226.88,226.902,222.69,222.69
36.50859022140503,-0.0010389462113380432,0.9999847412109375,0.0,4,-0.0104022,4.0,18780.0,247.692,0.0466313,10.6468,15.5097,33.0382,50.8106,83.8245,138.283,200.0,200.0,199.507,196.432,192.671,187.535,130.401,47.7217,27.674,15.4855,8.2435,4.65021,2.91233,1.31406,-0.846756,227.295,227.318,223.15,223.15
36.52937841415405,-0.0010389462113380432,0.9999847412109375,0.0,4,-0.0102999,4.0,18815.8,248.137,0.0479283,10.7001,15.4909,33.0042,50.7671,83.7786,138.277,200.0,200.0,198.058,194.993,191.245,186.131,130.574,48.2219,28.0261,15.7038,8.36646,4.72148,2.95755,1.33474,-0.844328,227.702,227.726,223.577,223.577
36.54655170440674,-0.0010389462113380432,0.9999847412109375,0.0,4,-0.0101976,4.0,18836.0,248.593,0.0489432,10.7746,15.4723,32.9707,50.7242,83.7338,138.273,200.0,200.0,196.606,193.551,189.816,184.725,130.719,48.7085,28.3714,15.9187,8.4878,4.79188,3.00225,1.35519,-0.841927,228.113,228.137,223.822,223.822
36.56654715538025,-0.0010389462113380432,0.9999847412109375,0.0,4,-0.0100989,4.0,18868.8,249.036,0.0488756,10.854,15.4537,32.9371,50.6809,83.6873,138.264,200.0,198.714,195.153,192.107,188.387,183.32,130.911,49.1951,28.7153,16.1325,8.60845,4.86189,3.0467,1.37552,-0.839539,228.525,228.548,224.208,224.208
36.58659505844116,-0.0010389462113380432,0.9999847412109375,0.0,4,-0.0100012,4.0,18903.8,249.474,0.0488065,10.9124,15.4353,32.9038,50.6378,83.6411,138.255,200.0,197.249,193.698,190.662,186.956,181.913,131.1,49.6725,29.0542,16.3437,8.72784,4.93122,3.09073,1.39567,-0.837172,228.928,228.951,224.622,224.622
36.60655856132507,-0.0010389462113380432,0.9999847412109375,0.0,4,-0.00990343,4.0,18939.8,249.906,0.0488109,10.9581,15.4171,32.8708,50.5953,83.5957,138.248,199.152,195.781,192.24,189.214,185.522,180.505,131.268,50.1392,29.3874,16.5522,8.84593,4.99985,3.13435,1.41564,-0.834826,229.331,229.354,225.051,225.051
36.62881541252136,-0.0010389462113380432,0.9999847412109375,0.0,4,-0.0098033,4.0,18973.4,250.337,0.0493535,10.9941,15.3991,32.8384,50.554,83.5529,138.246,197.674,194.31,190.779,187.762,184.085,179.093,131.371,50.5879,29.7125,16.757,8.96238,5.06766,3.17747,1.4354,-0.832503,229.728,229.751,225.452,225.452
36.64782190322876,-0.0013833228498697282,0.9999847412109375,0.0,4,-0.00970316,4.0,18997.9,250.771,0.0498276,11.0338,15.3812,32.8064,50.5131,83.5108,138.245,196.194,192.837,189.315,186.309,182.646,177.679,131.458,51.0269,30.0325,16.9593,9.07764,5.13485,3.22023,1.455,-0.830198,230.122,230.146,225.749,225.749
36.665483236312866,-0.002711714804172516,0.9999847412109375,0.0,4,-0.00960493,4.0,19027.9,251.198,0.0497276,11.0826,15.3635,32.7745,50.4723,83.4684,138.243,194.711,191.361,187.849,184.853,181.206,176.264,131.56,51.4603,30.3487,17.1595,9.19177,5.2014,3.26259,1.47443,-0.827914,230.518,230.541,226.1,226.1
36.68809175491333,-0.007533657923340798,0.9999847412109375,0.0,4,-0.00942254,4.0,19059.6,251.619,0.0490473,11.1208,15.3472,32.7506,50.451,83.4795,138.389,193.207,189.86,186.354,183.364,179.724,174.789,130.268,51.6698,30.5853,17.3334,9.29805,5.2653,3.30383,1.49361,-0.825643,230.898,230.939,226.477,226.477
36.70766854286194,-0.011371681466698647,0.9999847412109375,0.0,4,-0.00893092,4.0,19092.1,252.035,0.0686134,11.1477,15.3361,32.7565,50.5018,83.6898,139.083,191.631,188.275,184.759,181.757,178.094,173.091,124.302,51.0815,30.5326,17.4106,9.37467,5.31883,3.3406,1.51169,-0.823443,231.249,231.357,226.863,226.863
36.72782325744629,-0.013585955277085305,0.9999847412109375,0.0,5,-0.00803614,4.0,19123.3,252.449,0.143626,11.1678,15.3319,32.8017,50.6479,84.1647,140.517,189.963,186.581,183.031,179.993,176.265,171.082,113.829,49.5511,30.1192,17.3626,9.41203,5.35845,3.37128,1.52827,-0.821345,231.584,231.784,227.235,227.235
36.746928453445435,-0.013585955277085305,0.9999847412109375,0.0,5,-0.00676966,5.0,17135.0,252.372,0.250497,11.1825,15.3349,32.885,50.8863,84.8972,142.685,188.208,184.783,181.179,178.079,174.239,168.727,101.412,47.3136,29.397,17.1969,9.40909,5.38257,3.39464,1.54268,-0.819428,231.777,232.063,222.532,222.832
36.76576495170593,-0.013585955277085305,0.9999847412109375,0.0,5,-0.00522351,5.0,17098.0,251.919,0.388214,11.1819,15.3438,32.9988,51.1984,85.8403,145.481,186.387,182.905,179.228,176.043,172.045,165.99,89.4398,44.746,28.4842,16.9464,9.37412,5.39351,3.41147,1.55501,-0.8177,231.44,231.792,222.046,222.414
36.78830027580261,-0.013585955277085305,0.9999847412109375,0.0,5,-0.00353456,5.0,16734.3,251.451,0.521933,11.1657,15.357,33.132,51.5565,86.9171,148.705,184.529,180.982,177.218,173.931,169.729,162.753,79.2205,42.1923,27.5049,16.6482,9.31574,5.393,3.42189,1.56487,-0.816231,231.01,231.397,221.105,221.681
36.80876040458679,-0.013585955277085305,0.9999847412109375,0.0,5,-0.00181293,5.0,17093.1,251.461,0.635081,11.1453,15.3733,33.2749,51.9364,88.0602,152.173,182.658,179.041,175.182,171.779,167.329,158.017,70.9559,39.8407,26.5433,16.332,9.24235,5.38341,3.42663,1.57224,-0.815046,230.723,231.12,226.064,226.064
36.82619667053223,-0.012454213201999666,0.9999847412109375,0.0,5,-0.000182152,5.0,17117.2,251.804,0.705671,11.1335,15.3909,33.4162,52.3092,89.1848,155.638,180.797,177.113,173.159,169.634,164.901,130.492,64.5608,37.8165,25.6688,16.0257,9.16261,5.36738,3.42655,1.57711,-0.814169,230.947,231.327,226.405,226.405
36.84758806228638,-0.011371681466698647,0.9999847412109375,0.0,5,0.00126696,5.0,17135.6,252.148,0.738431,11.1282,15.4085,33.547,52.6516,90.2203,184.482,178.971,175.226,171.183,167.54,162.499,111.911,59.745,36.1552,24.9164,15.7472,9.08311,5.34721,3.42255,1.57962,-0.813604,231.274,231.614,226.646,226.646
36.8670072555542,-0.007533657923340798,0.9999847412109375,0.0,5,0.00249743,5.0,17155.9,252.489,0.725651,11.1172,15.4255,33.6634,52.9533,91.1316,182.764,177.19,173.392,169.273,165.521,160.161,99.7687,56.1316,34.8166,24.2829,15.4993,9.0053,5.32336,3.41474,1.57968,-0.813368,231.609,231.9,226.918,226.918
36.886223793029785,-0.0059099081903696065,0.9999847412109375,0.0,5,0.0034585,5.0,17175.0,252.831,0.684554,11.1132,15.4409,33.7593,53.1982,91.8683,181.09,175.469,171.632,167.452,163.613,157.956,91.8761,53.5381,33.798,23.7814,15.2924,8.93441,5.29829,3.40441,1.57776,-0.813418,231.953,232.183,227.169,227.169
36.90637254714966,-0.004482999816536904,0.9999847412109375,0.0,5,0.00412822,5.0,17195.0,253.172,0.607546,11.1148,15.4536,33.8311,53.3775,92.4012,179.465,173.814,169.954,165.737,161.838,155.946,86.9601,51.7996,33.0793,23.4133,15.1315,8.87406,5.27407,3.39282,1.57436,-0.813695,232.3,232.463,227.434,227.434
36.92557692527771,-0.004482999816536904,0.9999847412109375,0.0,5,0.00454021,5.0,17216.6,253.511,0.512891,11.0982,15.4643,33.8815,53.4981,92.7489,177.884,172.22,168.35,164.116,160.186,154.147,84.0334,50.6929,32.5933,23.1508,15.0074,8.82159,5.24992,3.37971,1.56949,-0.814196,232.639,232.742,227.718,227.718
36.94765543937683,-0.004482999816536904,0.9999847412109375,0.0,5,0.00481176,5.0,17239.6,253.848,0.409859,11.0818,15.4743,33.9213,53.588,92.9972,176.326,170.657,166.785,162.546,158.602,152.472,82.0482,49.8925,32.219,22.9374,14.8985,8.7708,5.22429,3.3648,1.56336,-0.814872,232.967,233.035,228.02,228.02
36.966339349746704,-0.004482999816536904,0.9999847412109375,0.0,5,0.00507617,5.0,17272.4,254.175,0.331374,11.0195,15.4855,33.9632,53.6808,93.2486,174.765,169.093,165.219,160.975,157.017,150.79,80.1181,49.0875,31.8315,22.7114,14.7799,8.7137,5.19471,3.34728,1.55599,-0.815697,233.275,233.337,228.458,228.458
36.9865140914917,-0.004482999816536904,0.9999847412109375,0.0,5,0.00537658,5.0,17292.1,254.513,0.278731,10.9842,15.4983,34.011,53.7867,93.5359,173.194,167.516,163.638,159.386,155.408,149.052,78.0097,48.1933,31.3971,22.4566,14.6455,8.64873,5.16097,3.32727,1.54755,-0.816641,233.582,233.651,228.719,228.719
37.005345582962036,-0.004482999816536904,0.9999847412109375,0.0,5,0.00571108,5.0,17312.0,254.85,0.245617,10.9716,15.5127,34.0648,53.9055,93.8587,171.613,165.927,162.044,157.779,153.776,147.249,75.757,47.2199,30.9185,22.1741,14.4955,8.5758,5.12295,3.30467,1.538,-0.817713,233.89,233.967,228.981,228.981
37.02633094787598,-0.004482999816536904,0.9999847412109375,0.0,5,0.00606155,5.0,17332.4,255.185,0.226253,10.9283,15.5281,34.122,54.0317,94.201,170.026,164.331,160.441,156.163,152.131,145.393,73.4901,46.2195,30.4201,21.8774,14.3366,8.49793,5.08212,3.28031,1.52766,-0.818876,234.191,234.272,229.251,229.251
37.04868030548096,-0.002711714804172516,0.9999847412109375,0.0,5,0.00641608,5.0,17353.1,255.52,0.212211,10.8952,15.5446,34.182,54.163,94.555,168.434,162.73,158.833,154.54,150.478,143.485,71.2604,45.21,29.9076,21.5684,14.1688,8.41449,5.0379,3.25375,1.51629,-0.820161,234.498,234.581,229.524,229.524
37.06768989562988,-0.0013833228498697282,0.9999847412109375,0.0,5,0.00674605,5.0,17389.2,255.838,0.206691,10.8066,15.5614,34.2409,54.2902,94.8945,166.844,161.133,157.23,152.925,148.833,141.555,69.216,44.2584,29.4139,21.2661,14.0018,8.32995,4.9925,3.22625,1.50439,-0.821514,234.8,234.878,230.003,230.003
37.0863242149353,-0.0007437799125909806,0.9999847412109375,0.0,5,0.00696182,5.0,17405.2,256.175,0.195471,10.7531,15.5771,34.29,54.3904,95.1468,165.272,159.561,155.659,151.352,147.248,139.762,67.7121,43.5125,29.0042,21.0043,13.8496,8.24886,4.94726,3.1982,1.49191,-0.822957,235.119,235.171,230.217,230.217
37.10891127586365,0.0,0.9999847412109375,0.0,5,0.00706911,5.0,17423.1,256.508,0.161857,10.7298,15.5917,34.3293,54.4638,95.3138,163.718,158.014,154.12,149.82,145.72,138.143,66.6802,42.9537,28.6736,20.7816,13.7126,8.17194,4.90279,3.17002,1.47906,-0.824463,235.441,235.468,230.452,230.452
37.12536334991455,0.0,0.9999847412109375,0.0,5,0.00709319,5.0,17441.4,256.841,0.127708,10.6752,15.6053,34.3608,54.5163,95.4144,162.176,156.485,152.603,148.32,144.236,136.681,65.992,42.5333,28.4023,20.5887,13.5876,8.09843,4.85905,3.14188,1.46599,-0.82601,235.748,235.757,230.694,230.694
37.1463942527771,0.0,0.9999847412109375,0.0,5,0.00705814,5.0,17460.8,257.172,0.088489,10.6285,15.6183,34.387,54.5543,95.4682,160.642,154.968,151.101,146.84,142.782,135.33,65.537,42.2069,28.1708,20.4155,13.4701,8.02694,4.81563,3.11361,1.45271,-0.827592,236.06,236.053,230.95,230.95
37.165815114974976,0.0,0.9999847412109375,0.0,5,0.00701308,5.0,17502.3,257.481,0.0567076,10.5079,15.6313,34.4128,54.5905,95.5153,159.107,153.45,149.6,145.361,141.33,133.991,65.1097,41.8887,27.9414,20.2424,13.3519,7.95457,4.77153,3.08486,1.43918,-0.829206,236.356,236.346,231.499,231.499
37.18669819831848,0.0,0.9999847412109375,0.0,5,0.00697756,5.0,17517.1,257.815,0.0345857,10.4234,15.6447,34.4397,54.6295,95.5708,157.567,151.927,148.094,143.876,139.87,132.627,64.6357,41.5504,27.7023,20.0638,13.2309,7.88101,4.72688,3.05581,1.42553,-0.830832,236.656,236.648,231.699,231.699
37.20641493797302,-0.0004978239536285401,0.9999847412109375,0.0,5,0.00695252,5.0,17533.4,258.145,0.0200743,10.3823,15.6583,34.4681,54.6719,95.6359,156.023,150.399,146.581,142.384,138.402,131.239,64.1096,41.1885,27.4517,19.8785,13.1065,7.80589,4.68145,3.02631,1.4117,-0.832476,236.962,236.956,231.912,231.912
37.22863698005676,-0.0010389462113380432,0.9999847412109375,0.0,5,0.00693583,5.0,17550.7,258.476,0.011151,10.3061,15.6721,34.4973,54.7165,95.7079,154.473,148.866,145.063,140.887,136.927,129.834,63.5487,40.8127,27.1949,19.6901,12.9808,7.73036,4.63591,2.99679,1.39789,-0.834119,237.255,237.251,232.141,232.141
37.246427059173584,-0.0013833228498697282,0.9999847412109375,0.0,5,0.00696564,5.0,17569.2,258.803,0.00562123,10.2383,15.6868,34.5318,54.7743,95.8197,152.912,147.319,143.528,139.368,135.425,128.346,62.7887,40.3522,26.899,19.4803,12.8451,7.65072,4.58858,2.96634,1.38376,-0.83579,237.551,237.557,232.384,232.384
37.26904559135437,-0.0013833228498697282,0.9999847412109375,0.0,5,0.00704718,5.0,17616.2,259.103,0.0131637,10.0805,15.7024,34.5715,54.8458,95.9743,151.339,145.756,141.976,137.827,133.893,126.767,61.8307,39.8099,26.5671,19.2516,12.7013,7.56834,4.54034,2.93557,1.36961,-0.837456,237.835,237.852,233.004,233.004
37.287636280059814,-0.0013833228498697282,0.9999847412109375,0.0,5,0.00715232,5.0,17628.7,259.435,0.0242374,9.96583,15.7184,34.6139,54.924,96.1494,149.758,144.185,140.414,136.275,132.346,125.137,60.7871,39.2307,26.2178,19.0135,12.553,7.48417,4.49132,2.9044,1.35534,-0.839134,238.128,238.152,233.177,233.177
37.307645082473755,-0.0013833228498697282,0.9999847412109375,0.0,5,0.00726414,5.0,17642.8,259.764,0.0338942,9.90896,15.7347,34.6573,55.0047,96.3313,148.173,142.61,138.848,134.718,130.794,123.481,59.7252,38.6412,25.8627,18.7716,12.4026,7.39885,4.44169,2.87285,1.34089,-0.840831,238.434,238.46,233.36,233.36
37.32915234565735,-0.0013833228498697282,0.9999847412109375,0.0,5,0.00737309,5.0,17658.5,260.092,0.0411194,9.81287,15.7512,34.701,55.0854,96.5127,146.585,141.032,137.279,133.16,129.241,121.813,58.6788,38.0551,25.5074,18.5288,12.251,7.31262,4.39142,2.84086,1.32623,-0.842555,238.724,238.749,233.568,233.568
37.347578048706055,-0.0013833228498697282,0.9999847412109375,0.0,5,0.00747323,5.0,17675.9,260.417,0.0445698,9.72759,15.7676,34.7441,55.1644,96.6876,144.996,139.454,135.711,131.603,127.69,120.145,57.6726,37.4841,25.1579,18.2884,12.1002,7.22635,4.34098,2.80871,1.31146,-0.844292,239.023,239.046,233.796,233.796
37.36572241783142,-0.0010389462113380432,0.9999847412109375,0.0,5,0.00757146,5.0,17728.1,260.707,0.0472348,9.53455,15.7843,34.7876,55.2438,96.8629,143.404,137.874,134.141,130.044,126.138,118.456,56.6738,36.9127,24.8066,18.046,11.9476,7.13889,4.28976,2.77603,1.29644,-0.846061,239.308,239.331,234.484,234.484
37.3877854347229,-0.0007437799125909806,0.9999847412109375,0.0,5,0.00767589,5.0,17738.4,261.038,0.0503044,9.39293,15.8014,34.8324,55.3259,97.0455,141.807,136.289,132.567,128.48,124.58,116.711,55.6537,36.329,24.4477,17.7985,11.7918,7.04968,4.23754,2.74273,1.28113,-0.847863,239.6,239.625,234.63,234.63
37.40606069564819,-0.0004978239536285401,0.9999847412109375,0.0,5,0.00778079,5.0,17750.7,261.365,0.0521308,9.3218,15.8186,34.8776,55.4089,97.2299,140.208,134.702,130.989,126.913,123.019,114.894,54.6384,35.745,24.0874,17.5496,11.635,6.95971,4.18482,2.70909,1.26567,-0.849684,239.906,239.931,234.788,234.788
37.42779469490051,-0.00030107833445072176,0.9999847412109375,0.0,5,0.00784016,5.0,17764.8,261.689,0.052989,9.24037,15.8354,34.9186,55.4803,97.3773,138.614,133.122,129.423,125.362,121.48,113.175,53.7733,35.2229,23.7537,17.3139,11.4832,6.87105,4.13228,2.67535,1.25004,-0.851531,240.203,240.217,234.975,234.975
37.44849157333374,-0.00030107833445072176,0.9999847412109375,0.0,5,0.00784802,5.0,17780.5,262.011,0.0416753,9.18868,15.8516,34.9548,55.5387,97.4826,137.025,131.552,127.868,123.827,119.966,111.685,53.0686,34.767,23.4487,17.0925,11.337,6.78382,4.07992,2.64148,1.23423,-0.853407,240.507,240.508,235.181,235.181
37.46660566329956,-0.00030107833445072176,0.9999847412109375,0.0,5,0.00783753,5.0,17818.2,262.31,0.0292681,9.08675,15.8674,34.989,55.5919,97.5721,135.437,129.983,126.316,122.297,118.46,110.293,52.4246,34.3374,23.1559,16.8778,11.1938,6.69777,4.02804,2.60784,1.21849,-0.855278,240.797,240.793,235.677,235.677
37.48630356788635,-0.00030107833445072176,0.9999847412109375,0.0,5,0.00782371,5.0,17832.6,262.631,0.0188673,9.02041,15.8832,35.0229,55.6443,97.659,133.847,128.412,124.763,120.766,116.953,108.908,51.7885,33.911,22.8642,16.6635,11.0507,6.61167,3.97608,2.57415,1.20272,-0.857154,241.088,241.083,235.871,235.871
37.50691366195679,-0.00030107833445072176,0.9999847412109375,0.0,5,0.00781369,5.0,17848.6,262.949,0.0118872,8.993,15.8992,35.0575,55.6981,97.7498,132.253,126.838,123.206,119.231,115.441,107.496,51.1349,33.4762,22.5681,16.4466,10.906,6.52481,3.92372,2.54021,1.18684,-0.859041,241.382,241.379,236.082,236.082
37.52809023857117,-0.00030107833445072176,0.9999847412109375,0.0,5,0.00780869,5.0,17864.8,263.265,0.00781018,8.97764,15.9154,35.0928,55.7537,97.8453,130.654,125.259,121.644,117.691,113.925,106.056,50.4614,33.0316,22.267,16.2265,10.7598,6.43714,3.87095,2.50602,1.17085,-0.860941,241.672,241.668,236.296,236.296
37.546870946884155,-0.0004978239536285401,0.9999847412109375,0.0,5,0.00781012,5.0,17882.0,263.579,0.00614196,8.98015,15.9317,35.1288,55.8111,97.9466,129.051,123.676,120.078,116.146,112.402,104.588,49.7665,32.5779,21.9615,16.0041,10.6124,6.349,3.81796,2.47172,1.15483,-0.862843,241.962,241.958,236.523,236.523
37.56789970397949,-0.0004978239536285401,0.9999847412109375,0.0,5,0.00781488,5.0,17906.0,263.885,0.00628148,8.97948,15.9481,35.1653,55.8695,98.051,127.444,122.09,118.509,114.598,110.876,103.103,49.0601,32.1185,21.6532,15.78,10.4641,6.26044,3.76476,2.4373,1.13876,-0.864752,242.248,242.245,236.839,236.839
37.587608337402344,-0.0004978239536285401,0.9999847412109375,0.0,5,0.00781727,5.0,17925.9,264.194,0.00607645,8.97958,15.9645,35.2016,55.9275,98.1536,125.834,120.5,116.937,113.048,109.349,101.625,48.3592,31.6614,21.3456,15.5561,10.3158,6.17179,3.71147,2.40281,1.12265,-0.866664,242.531,242.529,237.102,237.102
37.60542178153992,-0.0004978239536285401,0.9999847412109375,0.0,5,0.00782132,5.0,17945.1,264.503,0.00645242,8.9878,15.9809,35.238,55.9858,98.2575,124.221,118.908,115.362,111.495,107.819,100.141,47.6547,31.2028,21.0376,15.332,10.1675,6.08318,3.65824,2.36836,1.10656,-0.868574,242.815,242.813,237.356,237.356
37.6279993057251,-0.0004978239536285401,0.9999847412109375,0.0,5,0.007828,5.0,17964.3,264.81,0.00754049,8.9893,15.9973,35.2747,56.0448,98.3635,122.604,117.312,113.784,109.939,106.285,98.6455,46.9444,30.7418,20.7286,15.1076,10.0191,5.9946,3.60504,2.33395,1.0905,-0.870482,243.096,243.094,237.611,237.611
37.64674520492554,-0.0004978239536285401,0.9999847412109375,0.0,5,0.00783849,5.0,17983.9,265.117,0.00935971,8.98446,16.0138,35.3119,56.1049,98.9827,120.983,115.713,112.202,108.379,104.748,97.1315,46.2224,30.2758,20.4171,14.8817,9.86995,5.9057,3.5517,2.29945,1.0744,-0.872392,243.377,243.375,237.869,237.869
37.6678204536438,-0.0004978239536285401,0.9999847412109375,0.0,5,0.00785065,5.0,18010.5,265.415,0.0117949,8.95928,16.0304,35.3493,56.1657,127.136,119.358,114.11,110.617,106.816,103.207,95.6075,45.4951,29.8068,20.104,14.6548,9.72022,5.81647,3.49817,2.26485,1.05825,-0.874308,243.655,243.654,238.219,238.219
37.6858332157135,0.0,0.9999847412109375,0.0,5,0.00785971,5.0,18029.2,265.72,0.013377,8.93216,16.0469,35.3864,56.2257,125.493,117.731,112.504,109.03,105.251,101.665,94.0934,44.7755,29.3409,19.792,14.4283,9.57056,5.7272,3.44457,2.23018,1.04207,-0.876229,243.933,243.931,238.47,238.47
37.706995725631714,0.00030174851417541504,0.9999847412109375,0.0,5,0.0078876,5.0,18057.0,266.013,0.0161595,8.91007,16.0639,35.4257,56.2911,123.843,116.096,110.892,107.436,103.677,100.113,92.4812,44.005,28.8528,19.4698,14.1962,9.41835,5.63693,3.39058,2.19532,1.02584,-0.878154,244.207,244.21,238.828,238.828
37.728626012802124,0.0013847589492797852,0.9999847412109375,0.0,5,0.00798082,5.0,18077.9,266.31,0.031493,8.87184,16.082,35.4721,56.3749,122.181,114.447,109.261,105.82,102.078,98.5257,90.1497,43.0642,28.2902,19.1129,13.9454,9.25759,5.54339,3.33528,2.15986,1.00944,-0.88009,244.469,244.484,239.111,239.111
37.74683976173401,0.0017785374075174332,0.9999847412109375,0.0,5,0.00806308,5.0,18093.5,266.611,0.0516827,8.84409,16.0998,35.5172,56.4556,120.516,112.797,107.631,104.205,100.481,96.9426,87.7916,42.1626,27.7447,18.764,13.6989,9.09882,5.45064,3.28032,2.12457,0.993098,-0.882022,244.742,244.756,239.325,239.325
37.768117904663086,0.0017785374075174332,0.9999847412109375,0.0,5,0.00804234,5.0,18113.9,266.904,0.0548433,8.83737,16.1161,35.5516,56.5079,118.86,111.16,106.02,102.616,98.9176,95.4071,86.572,41.5213,27.3111,18.4659,13.4792,8.95173,5.36195,3.22674,2.08979,0.976804,-0.88396,245.027,245.019,239.593,239.593
37.785836696624756,0.0017785374075174332,0.9999847412109375,0.0,5,0.00792646,5.0,18129.5,267.201,0.0365402,8.86069,16.1307,35.5757,56.5337,117.211,109.537,104.427,101.048,97.3841,93.9148,86.3443,41.1156,26.9799,18.215,13.2851,8.8161,5.27754,3.17479,2.05574,0.960686,-0.885888,245.311,245.28,239.8,239.8
37.80528926849365,0.0017785374075174332,0.9999847412109375,0.0,5,0.00780058,5.0,18153.9,267.488,0.0170363,8.85639,16.1451,35.5987,56.5565,115.559,107.912,102.834,99.4808,95.8508,92.4239,85.4381,40.7297,26.657,17.9679,13.0929,8.68141,5.19351,3.12301,2.02179,0.944597,-0.887813,245.58,245.545,240.123,240.123
37.82726788520813,0.0017785374075174332,0.9999847412109375,0.0,5,0.00770617,5.0,18170.5,267.783,0.00976931,8.84975,16.1599,35.6247,56.5878,113.898,106.278,101.23,97.9018,94.3041,90.9154,84.2238,40.2646,26.3004,17.7059,12.8931,8.54363,5.10857,3.07104,1.98781,0.928563,-0.889728,245.845,245.814,240.344,240.344
37.845818281173706,0.0017785374075174332,0.9999847412109375,0.0,5,0.0076263,5.0,18186.4,268.078,0.00859219,8.84439,16.1747,35.6519,56.6222,112.232,104.638,99.6194,96.3161,92.7498,89.3978,82.9265,39.7682,25.9321,17.4398,12.692,8.40592,5.02413,3.01952,1.9542,0.912728,-0.891617,246.113,246.084,240.551,240.551
37.86777901649475,0.0022215262055397035,0.9999847412109375,0.0,5,0.00754261,5.0,18208.1,268.366,0.00834676,8.83315,16.1894,35.6784,56.6553,110.561,102.994,98.0066,94.7283,91.194,87.8791,81.6094,39.2794,25.5676,17.1758,12.4922,8.26901,4.94014,2.96826,1.92076,0.896968,-0.893497,246.382,246.353,240.833,240.833
37.88619518280029,0.0022215262055397035,0.9999847412109375,0.0,5,0.00744486,5.0,18227.5,268.655,0.00591357,8.81544,16.2037,35.703,56.6838,108.888,101.35,96.3937,93.1413,89.6402,86.3645,80.2974,38.8283,25.2208,16.921,12.298,8.13521,4.85771,2.91784,1.88782,0.881426,-0.895353,246.648,246.617,241.093,241.093
37.906414270401,0.0038457546383142472,0.9999847412109375,0.0,5,0.00734401,5.0,18246.4,268.944,0.00373212,8.80528,16.2177,35.7268,56.7106,107.21,99.7021,94.7782,91.5522,88.0849,84.8489,78.9709,38.3885,24.8802,16.6702,12.1067,8.00331,4.77643,2.86811,1.85532,0.866092,-0.897183,246.914,246.884,241.343,241.343
37.92634439468384,0.005912876129150391,0.9999847412109375,0.0,5,0.00715399,5.0,18265.1,269.232,0.00208671,8.79651,16.23,35.7407,56.7122,105.539,98.0653,93.1781,89.9822,86.5551,83.3688,77.7509,38.1624,24.63,16.4606,11.9376,7.88151,4.69902,2.81995,1.82358,0.850973,-0.898997,247.189,247.138,241.59,241.59
37.945573806762695,0.0075370088219642644,0.9999847412109375,0.0,5,0.00677943,5.0,18283.7,269.519,-0.0220781,8.78104,16.2388,35.7339,56.661,103.886,96.4557,91.6133,88.4554,85.0805,81.9636,76.7121,38.4064,24.5769,16.3413,11.8177,7.78263,4.63087,2.77577,1.79386,0.836524,-0.900749,247.472,247.382,241.836,241.836
37.96823835372925,0.008422890678048134,0.9999847412109375,0.0,5,0.00618267,5.0,18306.7,269.801,-0.0713149,8.75628,16.2433,35.702,56.5466,102.255,94.8787,90.0906,86.9792,83.6701,80.6428,75.8094,39.2712,24.7733,16.3335,11.7578,7.71159,4.57397,2.73648,1.76666,0.822928,-0.902419,247.76,247.619,242.136,242.136
37.98606061935425,0.008422890678048134,0.9999847412109375,0.0,5,0.00543261,5.0,18325.8,270.085,-0.144216,8.72544,16.2443,35.6521,56.3878,100.638,93.3223,88.5944,85.5349,82.2992,79.3711,74.9259,40.6905,25.1761,16.4157,11.7466,7.66382,4.52717,2.70199,1.74214,0.810375,-0.903979,248.037,247.861,242.393,242.393
38.00586557388306,0.009357982873916626,0.9999847412109375,0.0,5,0.0046463,5.0,18343.3,270.37,-0.207419,8.70696,16.2437,35.5963,56.2169,99.0203,91.7668,87.1002,84.093,80.9306,78.0991,73.9726,42.4358,25.6802,16.5396,11.7585,7.62831,4.4867,2.67105,1.71984,0.798828,-0.905421,248.305,248.118,242.624,242.624
38.02900171279907,0.009357982873916626,0.9999847412109375,0.0,5,0.00382066,5.0,18360.3,270.653,-0.253194,8.6964,16.2412,35.534,56.0324,97.4022,90.2128,85.6086,82.6543,79.5652,76.8275,72.9738,44.609,26.3114,16.7151,11.7992,7.60808,4.45411,2.64452,1.70031,0.788536,-0.906716,248.571,248.372,242.85,242.85
38.04645586013794,0.009357982873916626,0.9999847412109375,0.0,5,0.00297165,5.0,18377.4,270.936,-0.293322,8.68392,16.2367,35.466,55.8375,95.7823,88.6581,84.117,81.2156,78.1989,75.5518,71.9338,47.2801,27.0808,16.9469,11.8719,7.60564,4.43113,2.62353,1.68431,0.779868,-0.907819,248.833,248.628,243.077,243.077
38.06660223007202,0.009357982873916626,0.9999847412109375,0.0,5,0.00213337,5.0,18399.6,271.213,-0.320953,8.66118,16.2312,35.3969,55.6428,94.1556,87.0966,82.6177,79.7681,76.8212,74.2588,70.8423,50.4006,27.9462,17.2127,11.9635,7.61415,4.41451,2.6064,1.67083,0.772409,-0.908777,249.091,248.886,243.367,243.367
38.08687114715576,0.01034228540956974,0.9999847412109375,0.0,5,0.00130343,5.0,18418.6,271.493,-0.339877,8.62913,16.2239,35.3247,55.4454,92.5234,85.5296,81.1126,78.314,75.435,72.953,69.7136,54.1334,28.9487,17.5321,12.0867,7.6411,4.4084,2.59554,1.66142,0.766851,-0.909508,249.345,249.142,243.62,243.62
38.10566282272339,0.012458521500229837,0.9999847412109375,0.0,5,0.000446081,5.0,18436.8,271.772,-0.350127,8.60021,16.2148,35.2471,55.2377,90.8889,83.9617,79.6071,76.8597,74.048,71.644,68.5661,58.82,30.1441,17.9174,12.244,7.68547,4.4111,2.58957,1.65505,0.762672,-0.910078,249.605,249.395,243.86,243.86
38.127883434295654,0.017281517758965494,0.9999847412109375,0.0,5,-0.000530005,5.0,18454.5,272.051,-0.366088,8.56778,16.2019,35.1537,54.9946,89.2631,82.407,78.1185,75.4249,72.6836,70.3598,67.4403,62.2069,31.7603,18.4465,12.4731,7.76372,4.42929,2.59153,1.6534,0.760494,-0.910423,249.873,249.636,244.095,244.095
38.14759182929993,0.019988277927041054,0.9999847412109375,0.0,5,-0.00181675,5.0,18470.5,272.332,-0.401565,8.52966,16.1819,35.0248,54.6673,87.6677,80.8935,76.68,74.0474,71.3854,69.1513,66.4011,62.1329,34.3374,19.2779,12.8431,7.90202,4.47167,2.60459,1.65785,0.760667,-0.910518,250.162,249.856,244.297,244.297
38.1678147315979,0.022891879454255106,0.9999847412109375,0.0,5,-0.00352359,5.0,18488.9,272.607,-0.493649,8.49399,16.1524,34.8488,54.229,86.1146,79.4357,75.3081,72.745,70.1728,68.0385,65.4673,61.8375,38.6469,20.5906,13.4248,8.1267,4.54773,2.63284,1.67059,0.763997,-0.91028,250.463,250.065,244.544,244.544
38.185654640197754,0.029289606586098672,0.9999847412109375,0.0,5,-0.00562215,5.0,18505.7,272.882,-0.625991,8.47255,16.1138,34.6292,53.691,84.5993,78.0268,73.9935,71.506,69.0299,66.9996,64.6047,61.4477,45.8058,22.5369,14.2604,8.44817,4.66022,2.67737,1.69221,0.770742,-0.909679,250.756,250.27,244.774,244.774
38.206806659698486,0.04444715715944767,0.9999847412109375,0.0,5,-0.00821257,5.0,18524.0,273.153,-0.78055,8.4537,16.0638,34.3562,53.0324,83.1317,76.6782,72.7486,70.343,67.9694,66.0468,63.8243,61.0462,56.1887,25.5546,15.4832,8.90669,4.82184,2.74331,1.72537,0.781875,-0.908615,251.057,250.461,245.015,245.015
38.22588324546814,0.05788215436041355,0.9999847412109375,0.0,5,-0.0118272,5.0,18543.7,273.416,-0.989961,8.44809,15.9931,33.9793,52.1347,81.768,75.459,71.6522,69.3421,67.0858,65.2828,63.2414,60.8046,57.4585,31.2858,17.5535,9.6321,5.06905,2.84326,1.7757,0.798938,-0.906965,251.405,250.579,245.274,245.274
38.2461519241333,0.07579538822174073,0.9999847412109375,0.0,5,-0.0168161,5.0,18564.9,273.67,-1.35723,8.42175,15.8953,33.4692,50.9388,80.5406,74.406,70.743,68.5425,66.417,64.7427,62.885,60.7519,58.1231,44.5689,21.3655,10.815,5.44771,2.99263,1.85029,0.824167,-0.904518,251.774,250.642,245.554,245.554
38.26784300804138,0.09306879192590714,0.9999847412109375,0.0,5,-0.0233183,5.0,18593.5,273.907,-1.87445,8.33998,15.7675,32.8212,49.4499,79.4557,73.5218,70.0191,67.9371,65.9489,64.4042,62.7211,60.8467,58.6782,54.5303,29.2318,12.7759,6.01659,3.20889,1.95694,0.860048,-0.901033,252.129,250.661,245.929,245.929
38.286449909210205,0.1088165793567896,0.9999847412109375,0.0,5,-0.0313079,5.0,18608.1,274.142,-2.52882,8.28195,15.6095,32.0494,47.7196,78.4999,72.7854,69.4514,67.4905,65.6377,64.2159,62.6901,61.0295,59.1827,56.0738,49.5492,16.1651,6.85792,3.51197,2.10367,0.908947,-0.896285,252.46,250.656,246.147,246.147
38.30884289741516,0.11885577589273454,0.9999847412109375,0.0,5,-0.0404434,5.0,18626.0,274.36,-3.23435,8.2195,15.4261,31.194,45.857,77.6294,72.1398,68.9727,67.1278,65.401,64.0894,62.6985,61.2099,59.5958,57.0325,53.2748,22.4752,8.08435,3.92405,2.29906,0.973534,-0.890001,252.735,250.66,246.364,246.364
38.325984477996826,0.12230059541761876,0.9999847412109375,0.0,5,-0.0501442,5.0,18647.6,274.562,-3.92564,8.10623,15.2251,30.3094,43.9921,76.7819,71.5092,68.4982,66.7587,65.1432,63.9261,62.647,61.2943,59.8519,57.6336,54.659,36.0071,9.84039,4.46455,2.54955,1.05576,-0.88197,252.938,250.709,246.645,246.645
38.346341371536255,0.12230059541761876,0.9999847412109375,0.0,5,-0.05988,5.0,18670.1,274.754,-4.52204,7.96141,15.0132,29.437,42.2145,75.9072,70.8353,67.9649,66.3183,64.7985,63.6609,62.4734,61.2284,59.9156,57.9359,55.3931,48.7476,12.3328,5.15261,2.86047,1.15708,-0.872041,253.09,250.82,246.944,246.944
38.36575698852539,0.12230059541761876,0.9999847412109375,0.0,5,-0.069406,5.0,18688.4,274.943,-4.96597,7.81079,14.7934,28.5913,40.5484,74.9859,70.0974,67.3526,65.7874,64.3502,63.2799,62.1684,61.0104,59.7992,57.9965,55.7383,50.4997,15.9117,6.01264,3.23759,1.27859,-0.86013,253.22,250.977,247.185,247.185
38.386802673339844,0.12230059541761876,0.9999847412109375,0.0,5,-0.0787442,5.0,18711.5,275.127,-5.29765,7.61044,14.5646,27.7663,38.9744,74.0236,69.3039,66.6727,65.18,63.8153,62.8031,61.7564,60.6713,59.5432,57.8798,55.8305,51.3338,21.2605,7.0826,3.68943,1.42159,-0.846162,253.35,251.151,247.493,247.493
38.40649390220642,0.12230059541761876,0.9999847412109375,0.0,5,-0.0880201,5.0,18728.3,275.314,-5.57219,7.39735,14.3249,26.9509,37.4642,73.0334,68.4714,65.9446,64.5177,63.218,62.2574,61.2674,60.2454,59.1878,57.6394,55.7546,51.755,29.8575,8.41736,4.22704,1.58752,-0.83008,253.494,251.317,247.719,247.719
38.42792057991028,0.12230059541761876,0.9999847412109375,0.0,5,-0.09712,5.0,18741.9,275.502,-5.77202,7.17802,14.0758,26.1506,36.0239,72.0143,67.5925,65.1616,63.7944,62.553,61.6384,60.6986,59.7314,58.7345,57.2831,55.5322,51.899,40.8206,10.0702,4.85778,1.7769,-0.811883,253.634,251.491,247.9,247.9
38.44649004936218,0.12230059541761876,0.9999847412109375,0.0,5,-0.105894,5.0,18754.0,275.691,-5.8651,6.95802,13.8183,25.3705,34.6593,70.9648,66.6581,64.3148,63.0017,61.813,60.9394,60.0439,59.125,58.1808,56.8124,55.173,51.8256,42.975,12.103,5.5895,1.99069,-0.791506,253.762,251.683,248.061,248.061
38.466071128845215,0.12230059541761876,0.9999847412109375,0.0,5,-0.11447,5.0,18771.7,275.874,-5.90187,6.71924,13.5509,24.6008,33.3474,69.895,65.6828,63.4211,62.1579,61.0172,60.181,59.3256,58.4499,57.5527,56.2571,54.7137,51.6009,43.9092,14.6198,6.43496,2.22988,-0.768942,253.901,251.874,248.294,248.294
38.48756146430969,0.12230059541761876,0.9999847412109375,0.0,5,-0.122994,5.0,18781.2,276.065,-5.91411,6.49023,13.2722,23.8331,32.0684,68.8164,64.6814,62.4963,61.2798,60.1839,59.3821,58.5636,57.7274,56.8727,55.6425,54.1839,51.2709,44.3746,17.7752,7.41,2.49535,-0.74422,254.059,252.053,248.423,248.423
38.506826400756836,0.12230059541761876,0.9999847412109375,0.0,5,-0.131404,5.0,18790.8,276.256,-5.88822,6.27309,12.9827,23.0693,30.8238,67.7239,63.6504,61.5375,60.3647,59.3104,58.5405,57.756,56.9561,56.1401,54.969,53.5861,50.8463,44.5529,21.7575,8.52871,2.78804,-0.717311,254.22,252.238,248.548,248.548
38.52677941322327,0.11885577589273454,0.9999847412109375,0.0,5,-0.139669,5.0,18801.2,276.447,-5.83607,6.05204,12.6828,22.3098,29.6126,66.6144,62.5892,60.5444,59.4125,58.3971,57.6569,56.9039,56.1374,55.357,54.2396,52.9249,50.3378,44.528,26.8341,9.80628,3.10864,-0.688213,254.378,252.427,248.686,248.686
38.547712326049805,0.11885577589273454,0.9999847412109375,0.0,5,-0.147726,5.0,18812.1,276.641,-5.75209,5.82989,12.3732,21.5565,28.4357,65.4825,61.4946,59.5141,58.4207,57.4417,56.7292,56.0054,55.2698,54.5222,53.4541,52.2013,49.7502,44.3428,31.6847,11.2567,3.45745,-0.656948,254.544,252.636,248.83,248.83
38.566367626190186,0.11885577589273454,0.9999847412109375,0.0,5,-0.155698,5.0,18827.4,276.832,-5.666,5.59079,12.053,20.8035,27.2806,64.3376,60.3773,58.458,57.401,56.4564,55.77,55.0737,54.3671,53.6499,52.6276,51.4318,49.1038,44.0426,33.3447,12.9063,3.83548,-0.623546,254.712,252.832,249.032,249.032
38.58811092376709,0.11546016670763493,0.9999847412109375,0.0,5,-0.163723,5.0,18838.7,277.027,-5.60242,5.35546,11.721,20.0453,26.1357,63.1909,59.2478,57.3874,56.3654,55.4536,54.792,54.1217,53.4425,52.7541,51.7746,50.6318,48.417,43.6605,34.1807,14.7929,4.24439,-0.588013,254.895,253.014,249.182,249.182
38.60760855674744,0.1088165793567896,0.9999847412109375,0.0,5,-0.171732,5.0,18850.3,277.223,-5.55566,5.12398,11.3783,19.2849,25.0054,62.0362,58.1038,56.2978,55.3091,54.4286,53.7906,53.145,52.4916,51.8303,50.891,49.7976,47.6873,43.2022,34.6165,16.9458,4.68472,-0.550369,255.092,253.212,249.335,249.335
38.62611961364746,0.1088165793567896,0.9999847412109375,0.0,5,-0.179583,5.0,18861.9,277.423,-5.50114,4.89162,11.0259,18.5269,23.897,60.8615,56.9429,55.1799,54.2231,53.3723,52.7566,52.1344,51.5054,50.8696,49.968,48.9207,46.9068,42.6658,34.787,19.3883,5.15646,-0.510624,255.287,253.436,249.488,249.488
38.64655065536499,0.1088165793567896,0.9999847412109375,0.0,5,-0.187296,5.0,18873.7,277.623,-5.41625,4.66132,10.6641,17.7704,22.8072,59.6678,55.7665,54.0365,53.1102,52.2877,51.6933,51.0932,50.4874,49.8757,49.0096,48.0056,46.0815,42.0623,34.7699,22.1122,5.66017,-0.468817,255.461,253.645,249.644,249.644
38.66666007041931,0.1088165793567896,0.9999847412109375,0.0,5,-0.19501,5.0,18886.2,277.823,-5.34318,4.42824,10.2919,17.0104,21.7327,58.4662,54.584,52.8778,51.9808,51.1855,50.6116,50.0327,49.449,48.8603,48.028,47.0649,45.2251,41.41,34.6206,23.8451,6.19795,-0.424951,255.645,253.838,249.81,249.81
38.68657040596008,0.1088165793567896,0.9999847412109375,0.0,5,-0.202773,5.0,18897.9,278.022,-5.28972,4.19873,9.90886,16.2456,20.6854,57.2601,53.3982,51.7071,50.8384,50.0695,49.5152,48.9567,48.3942,47.8275,47.0273,46.1031,44.3429,40.7169,34.3685,24.81,6.77167,-0.379018,255.836,254.021,249.964,249.964
38.70585894584656,0.1088165793567896,0.9999847412109375,0.0,5,-0.210578,5.0,18909.7,278.221,-5.25347,3.97087,9.51551,15.4769,19.6697,56.0485,52.2083,50.5287,49.6828,48.9392,48.4038,47.865,47.3228,46.7771,46.0077,45.1206,43.4355,39.9857,34.0302,25.3826,7.38246,-0.331046,256.026,254.202,250.121,250.121
38.72650766372681,0.1088165793567896,0.9999847412109375,0.0,5,-0.21847,5.0,18922.1,278.417,-5.22917,3.75509,9.11159,14.703,18.6866,54.8343,51.0168,49.3492,48.5166,47.7976,47.2805,46.7606,46.2379,45.7125,44.9725,44.1207,42.5071,39.2222,33.621,25.7055,8.03264,-0.28102,256.22,254.38,250.284,250.284
38.745832204818726,0.1088165793567896,0.9999847412109375,0.0,5,-0.226508,5.0,18934.9,278.611,-5.24053,3.54192,8.69693,13.9232,17.7376,53.6221,49.8274,48.1719,47.3461,46.6481,46.1488,45.6471,45.1433,44.6373,43.9257,43.1077,41.562,38.4322,33.1538,25.852,8.72494,-0.22894,256.417,254.548,250.454,250.454
38.766528367996216,0.1088165793567896,0.9999847412109375,0.0,5,-0.234588,5.0,18944.0,278.808,-5.25556,3.34166,8.2723,13.1403,16.8336,52.4027,48.6325,46.9899,46.171,45.4847,45.0024,44.5184,44.0328,43.5456,42.861,42.0755,40.5946,37.611,32.6288,25.8565,9.46002,-0.174806,256.604,254.72,250.575,250.575
38.78635048866272,0.11885577589273454,0.9999847412109375,0.0,5,-0.24261,5.0,18955.7,279.001,-5.25258,3.14251,7.83809,12.356,15.9862,51.168,47.4255,45.7971,44.9859,44.3063,43.8366,43.3697,42.9016,42.4324,41.774,41.0196,39.6006,36.7552,32.0471,25.7418,10.2385,-0.118589,256.779,254.901,250.728,250.728
38.807610273361206,0.14779222160577773,0.9999847412109375,0.0,5,-0.25076,5.0,18968.5,279.189,-5.24306,2.93904,7.39351,11.5812,15.1959,49.9321,46.2179,44.6042,43.8008,43.128,42.6638,42.2113,41.7602,41.3085,40.6753,39.9507,38.5911,35.8769,31.4238,25.5363,11.0592,-0.0602956,256.927,255.03,250.898,250.898
38.82674193382263,0.18839170932769778,0.9999847412109375,0.0,5,-0.259755,5.0,18983.2,279.357,-5.3044,2.76143,6.93538,10.8334,14.4371,48.7506,45.0558,43.4532,42.656,41.9886,41.5283,41.081,40.6448,40.21,39.6011,38.9054,37.6026,35.013,30.7969,25.2844,11.7775,0.000147104,257.048,255.008,251.09,251.09
38.84770345687866,0.22441444396972657,0.9999847412109375,0.0,5,-0.270212,5.0,18999.1,279.497,-5.62077,2.57747,6.46157,10.107,13.6888,47.6709,43.9779,42.3793,41.5848,40.92,40.4617,40.0165,39.5841,39.1631,38.5776,37.9096,36.661,34.1888,30.1919,25.0154,12.36,0.062856,257.132,254.819,251.303,251.303
38.867655515670776,0.25349832922220233,0.941162109375,0.0,5,-0.281828,5.0,19006.4,279.616,-6.1184,2.41927,5.9735,9.41306,12.9779,46.6707,42.9653,41.3652,40.5707,39.9063,39.4486,39.0041,38.5724,38.1531,37.5849,36.9432,35.7461,33.3846,29.5906,24.7178,12.8264,0.128003,257.151,254.569,251.399,251.399
38.88572812080383,0.2687046114355326,0.0588226318359375,0.0,5,-0.293996,5.0,18991.0,279.669,-6.66933,2.24927,5.47362,8.76882,12.3555,45.704,41.9798,40.3758,39.5802,38.9155,38.4577,38.0133,37.582,37.1631,36.5968,35.9751,34.827,32.57,28.9655,24.3713,13.1844,0.195677,257.087,254.32,251.198,251.198
38.90657997131348,0.2738717928528786,0.0,0.0,5,-0.306421,5.0,18558.5,279.142,-7.1786,2.0431,4.97625,8.18746,11.871,44.75,41.0044,39.3956,38.5987,37.9333,37.4753,37.031,36.5999,36.1814,35.6159,34.9971,33.8917,31.7338,28.3074,23.9712,13.4431,0.265882,256.895,254.024,247.13,243.968
38.92611813545227,0.2790881846100092,0.0,0.0,5,-0.319929,5.0,18457.1,278.21,-7.78718,1.86331,4.52416,7.6647,11.5262,43.88,40.097,38.4774,37.6763,37.008,36.5482,36.1025,35.6702,35.2507,34.6842,34.0648,32.9773,30.9124,27.6509,23.5505,13.6257,0.33855,256.377,253.353,246.071,242.31
38.94673037528992,0.2896685991436243,0.0,0.0,5,-0.289418,5.0,18385.2,277.2,-8.81851,1.83882,4.117,7.17562,11.2332,43.2636,39.3938,37.744,36.9294,36.2506,35.7841,35.3321,34.894,34.4692,33.8958,33.2695,32.1718,30.1786,27.0642,23.1703,13.7678,0.40812,255.75,252.209,245.489,240.99
38.96761178970337,0.30044585503637794,0.0,0.0,5,-0.261717,5.0,18315.5,276.109,-10.4482,2.06175,3.75377,6.71399,10.9376,43.0006,38.9708,37.2625,36.4211,35.7211,35.2405,34.7753,34.3248,33.8883,33.2998,32.6576,31.534,29.5541,26.5671,22.849,13.8851,0.468867,255.1,250.721,245.035,239.595
38.98620915412903,0.31141995228827,0.0,0.0,5,-0.234985,5.0,18242.8,274.967,-12.3426,2.39884,3.44084,6.32427,10.9201,42.9383,38.7005,36.9161,36.0399,35.3121,34.8132,34.3307,33.864,33.4123,32.8039,32.1409,30.9832,28.9575,26.0787,22.5186,13.9533,0.521014,254.264,249.349,244.278,238.433
39.00660538673401,0.31141995228827,0.0,0.0,5,-0.205255,5.0,18170.4,273.827,-13.3749,2.87999,3.19005,6.08601,53.2864,42.7176,38.2965,36.4472,35.5418,34.7911,34.2771,33.7806,33.3007,32.8368,32.2127,31.5334,30.3496,28.2847,25.4738,22.0741,13.9288,0.564557,252.919,248.224,243.03,237.762
39.02623701095581,0.316980816423893,0.0,0.0,5,-0.173542,5.0,18086.1,272.7,-13.9386,3.26255,3.00122,6.01031,53.557,42.4021,37.8113,35.9039,34.9727,34.2021,33.675,33.1665,32.6756,32.2014,31.5641,30.8716,29.6668,27.5721,24.7911,21.5506,13.8308,0.599524,251.524,247.173,241.798,236.776
39.04760432243347,0.31141995228827,0.0,0.0,5,-0.142026,5.0,18010.2,271.541,-14.6229,3.64004,2.87353,6.10684,54.0492,42.1894,37.3984,35.4229,34.4616,33.6675,33.1253,32.6027,32.0988,31.6126,30.96,30.2518,29.0225,26.8928,24.095,21.0038,13.6868,0.625807,250.372,246.038,240.835,235.723
39.067034006118774,0.316980816423893,0.0,0.0,5,-0.109063,5.0,17936.2,270.396,-14.895,4.08145,2.81568,6.50159,54.4695,41.8986,36.9173,34.8791,33.8906,33.0757,32.5201,31.9852,31.4701,30.9735,30.308,29.5868,28.3375,26.181,23.3625,20.3953,13.4823,0.64341,249.182,245.032,239.691,234.909
39.085532665252686,0.3225908908993006,0.0,0.0,5,-0.0754571,5.0,17857.3,269.259,-14.915,4.52262,2.83075,7.43017,54.9285,41.5936,36.4178,34.3171,33.3019,32.4667,31.8981,31.3515,30.8256,30.3193,29.6415,28.9083,27.6409,25.4614,22.6279,19.7465,13.2294,0.652484,247.945,243.967,238.581,233.938
39.107585191726685,0.32825017571449283,0.0,0.0,5,-0.0429127,5.0,17783.2,268.09,-15.0179,5.07071,2.9209,100.676,55.7744,41.4587,36.0362,33.8562,32.8069,31.9456,31.3604,30.7985,30.2587,29.7397,29.0459,28.2967,27.005,24.7931,21.9347,19.092,12.9456,0.65311,246.843,242.771,237.685,232.869
39.12641406059265,0.3339586708694697,0.0,0.0,5,-0.0114782,5.0,17707.5,266.896,-15.1325,5.76238,3.09143,103.793,57.0914,41.5138,35.7819,33.5026,32.4106,31.5167,30.9106,30.3296,29.7723,29.2372,28.5233,27.7538,26.4309,24.1766,21.2832,18.4339,12.6325,0.645631,245.777,241.521,236.77,231.783
39.14639091491699,0.3339586708694697,0.0,0.0,5,0.0192437,5.0,17631.2,265.691,-15.1713,6.57699,3.35103,106.791,58.8786,41.7257,35.6239,33.2277,32.0856,31.1536,30.523,29.9198,29.3421,28.7884,28.051,27.258,25.899,23.5954,20.6609,17.7938,12.2884,0.630388,244.67,240.285,235.785,230.749
39.166367292404175,0.3339586708694697,0.0,0.0,5,0.0497384,5.0,17554.1,264.484,-14.9196,7.54778,3.71213,109.627,61.0961,42.0397,35.5172,32.991,31.7937,30.82,30.1629,29.5354,28.9357,28.3619,27.5993,26.7812,25.3839,23.029,20.053,17.1697,11.9117,0.607739,243.507,239.106,234.713,229.784
39.18775010108948,0.3339586708694697,0.0,0.0,5,0.0783482,5.0,17473.9,263.246,-14.7294,8.66716,4.17859,113.315,64.4618,42.7325,35.6472,32.9486,31.6784,30.6494,29.957,29.2975,28.6685,28.068,27.2718,26.4201,24.9711,22.5453,19.5082,16.5944,11.5167,0.578176,242.475,237.861,233.808,228.574
39.20727062225342,0.3339586708694697,0.0,0.0,5,0.105618,5.0,17394.9,262.009,-14.7455,9.79965,4.7699,117.882,69.2327,43.7967,35.9885,33.0733,31.7121,30.6144,29.8784,29.1792,28.514,27.8806,27.043,26.15,24.6376,22.1247,19.0113,16.057,11.0997,0.541994,241.477,236.683,232.819,227.459
39.22776699066162,0.3339586708694697,0.0,0.0,5,0.133781,5.0,17317.0,260.809,-14.2758,11.0214,5.53264,122.532,74.8109,44.8742,36.2873,33.1487,31.6954,30.5291,29.7498,29.0116,28.3111,27.6458,26.7685,25.8362,24.2646,21.6733,18.4964,15.5147,10.6492,0.499571,240.265,235.67,231.567,226.659
39.247931241989136,0.33971637636423113,0.0,0.0,5,0.160982,5.0,17236.5,259.6,-13.5961,12.3379,6.46754,128.074,81.2017,46.3494,36.7814,33.3701,31.8057,30.5571,29.7263,28.9416,28.1993,27.4962,26.5721,25.5937,23.9528,21.2701,18.0189,15.0038,10.1785,0.451246,239.103,234.56,230.555,225.546
39.26784896850586,0.33971637636423113,0.0,0.0,5,0.185741,5.0,17153.1,258.395,-13.6351,13.4264,7.31061,135.231,86.7608,48.731,37.7444,33.9508,32.2319,30.8693,29.9672,29.1184,28.3185,27.5634,26.5747,25.5328,23.7961,20.9853,17.6256,14.5535,9.70924,0.397239,238.166,233.39,229.639,224.255
39.28628492355347,0.33971637636423113,0.0,0.0,5,0.210629,5.0,17080.8,257.211,-13.3797,14.6499,8.0491,142.3,91.0284,51.5808,38.8505,34.6133,32.7192,31.2288,30.2474,29.328,28.465,27.6533,26.595,25.4851,23.6471,20.7044,17.2372,14.1128,9.26047,0.337764,237.081,232.37,228.478,223.499
39.30620741844177,0.33971637636423113,0.4745025634765625,0.0,5,0.237467,5.0,17002.9,256.109,-12.7505,15.6001,8.72753,63.9312,93.8633,54.3026,39.7394,35.071,33.0118,31.4035,30.35,29.3671,28.448,27.5867,26.4682,25.3005,23.379,20.3333,16.7925,13.6444,8.82378,0.273049,235.822,231.586,227.136,222.778
39.32764434814453,0.33971637636423113,0.9999847412109375,0.0,5,0.249654,5.0,17187.2,255.504,-12.1147,16.1575,9.36121,58.3719,95.685,56.7997,40.371,35.3004,33.0927,31.3805,30.2648,29.2278,28.2616,27.3593,26.1919,24.9784,22.9933,19.8759,16.2959,13.1515,8.39792,0.203547,234.754,231.009,227.378,227.378
39.34584665298462,0.33971637636423113,0.9999847412109375,0.0,5,0.239714,5.0,17413.1,255.357,-11.1203,16.386,9.99051,56.5017,96.2598,58.1125,40.3046,34.9792,32.6849,30.9156,29.7673,28.7034,27.7149,26.7942,25.6066,24.3762,22.3726,19.2489,15.6952,12.6027,7.97276,0.135816,233.944,230.802,230.301,230.301
39.36573100090027,0.33971637636423113,0.9999847412109375,0.0,5,0.233391,5.0,17468.6,255.465,-9.92001,16.1606,10.6296,56.842,95.7425,57.8965,39.459,34.0676,31.7618,29.9905,28.8441,27.7842,26.8013,25.8876,24.7112,23.4954,21.5214,18.4588,14.9962,12.0016,7.54675,0.070976,233.438,230.885,231.032,231.032
39.38605070114136,0.33971637636423113,0.9999847412109375,0.0,5,0.22931,5.0,17515.8,255.637,-8.72638,15.5715,11.2713,58.2601,94.5109,56.5802,38.0946,32.7728,30.5081,28.7729,27.652,26.6172,25.6589,24.769,23.6249,22.4443,20.5314,17.5731,14.2423,11.3733,7.12357,0.00837278,233.168,231.08,231.662,231.662
39.40633487701416,0.33971637636423113,0.9999847412109375,0.0,5,0.22656,5.0,17552.3,255.851,-7.54895,14.7985,11.9099,60.2203,92.8462,54.5631,36.4198,31.2539,29.0632,27.3879,26.3071,25.3102,24.3879,23.5322,22.4331,21.3,19.4668,16.6381,13.4623,10.7344,6.70544,-0.0524408,233.05,231.329,232.154,232.154
39.427961349487305,0.33971637636423113,0.9999847412109375,0.0,5,0.224276,5.0,17561.2,256.107,-6.44739,13.9757,12.5348,62.2628,91.03,52.2906,34.6427,29.6655,27.5611,25.9543,24.9189,23.9647,23.0825,22.2647,21.215,20.1339,18.3868,15.6961,12.6825,10.1,6.29505,-0.111707,233.055,231.612,232.294,232.294
39.44682502746582,0.33971637636423113,0.9999847412109375,0.0,5,0.221819,5.0,17553.8,256.376,-5.42532,13.2253,13.1355,64.4018,89.267,50.0878,32.9069,28.1126,26.0923,24.5523,23.5612,22.6486,21.8057,21.0248,20.0235,18.9933,17.3305,14.7749,11.9202,9.48004,5.89438,-0.169533,233.176,231.948,232.2,232.2
39.46679091453552,0.33971637636423113,0.9999847412109375,0.0,5,0.217539,5.0,17596.3,256.567,-4.78303,12.5067,13.6763,66.3547,88.0778,48.776,31.5548,26.8422,24.8682,23.3682,22.405,21.5196,20.703,19.9476,18.9805,17.9871,16.3877,13.9385,11.2153,8.89815,5.50915,-0.225915,233.477,232.293,232.729,232.729
39.48616600036621,0.33971637636423113,0.9999847412109375,0.0,5,0.209927,5.0,17603.8,256.758,-4.82643,11.8941,14.1203,64.841,87.961,49.2381,30.8995,26.0698,24.0699,22.5592,21.5931,20.7079,19.8939,19.1428,18.184,17.2025,15.6291,13.2359,10.5979,8.37178,5.14375,-0.280787,233.987,232.507,232.857,232.857
39.50789761543274,0.33971637636423113,0.9999847412109375,0.0,5,0.1993,5.0,17603.6,256.928,-5.41679,11.4196,14.4699,61.167,88.9088,51.8683,30.9503,25.7772,23.6733,22.0987,21.0982,20.1859,19.3506,18.583,17.6075,16.6138,15.0313,12.6484,10.0552,7.89314,4.79706,-0.333924,234.586,232.585,232.847,232.847
39.52804708480835,0.33971637636423113,0.9999847412109375,0.0,5,0.186556,5.0,17614.8,257.062,-6.36039,11.0184,14.7433,57.5445,90.7746,57.2135,31.6747,25.902,23.6132,21.9218,20.8566,19.8915,19.0132,18.2105,17.1963,16.1701,14.5498,12.1422,9.56478,7.44896,4.46664,-0.385101,235.11,232.567,232.991,232.991
39.54787611961365,0.33971637636423113,0.9999847412109375,0.0,5,0.173207,5.0,17628.0,257.187,-7.40653,10.6107,14.9741,54.5507,93.1572,61.628,32.8937,26.2743,23.7336,21.8853,20.7338,19.6988,18.7637,17.9146,16.8493,15.7798,14.1083,11.6623,9.09253,7.01942,4.14831,-0.434177,235.418,232.528,233.167,233.167
39.56602716445923,0.33971637636423113,0.9999847412109375,0.0,5,0.160286,5.0,17644.1,257.301,-8.24043,10.2267,15.1854,52.1221,95.7176,64.5677,34.4631,26.7529,23.9067,21.874,20.6234,19.5094,18.511,17.611,16.4907,15.3757,13.6522,11.1716,8.61666,6.59265,3.83983,-0.481049,235.56,232.521,233.365,233.365
39.586138010025024,0.33971637636423113,0.9999847412109375,0.0,5,0.147654,5.0,17687.0,257.381,-8.99557,9.76446,15.3749,50.043,98.542,66.8395,36.5989,27.4095,24.1782,21.9206,20.5518,19.3452,18.2737,17.316,16.1342,14.9694,13.1909,10.6767,8.14191,6.17188,3.5423,-0.525661,235.615,232.529,233.937,233.937
39.60998010635376,0.33971637636423113,0.9999847412109375,0.0,5,0.135189,5.0,17706.6,257.477,-9.66459,9.31077,15.5413,48.2056,101.736,68.7212,39.6768,28.3509,24.6106,22.0668,20.5514,19.2321,18.0732,17.0474,15.7942,14.5726,12.733,10.1837,7.67226,5.75969,3.25652,-0.567992,235.636,232.537,234.204,234.204
39.6281955242157,0.33971637636423113,0.9999847412109375,0.0,5,0.123193,5.0,17717.2,257.579,-10.1701,8.87252,15.6913,46.6279,105.165,70.2214,44.0833,29.5946,25.1864,22.2854,20.5931,19.1409,17.8813,16.7785,15.4468,14.1645,12.2625,9.68284,7.20319,5.3543,2.98245,-0.607987,235.63,232.567,234.349,234.349
39.64600205421448,0.33971637636423113,0.9999847412109375,0.0,5,0.111806,5.0,17723.3,257.684,-10.466,8.46245,15.8282,45.2834,108.495,71.3747,49.9112,31.2152,25.9178,22.57,20.6652,19.0582,17.6843,16.4964,15.0802,13.735,11.7725,9.17134,6.7344,4.95624,2.72059,-0.645604,235.609,232.627,234.432,234.432
39.666096687316895,0.33971637636423113,0.9999847412109375,0.0,5,0.100946,5.0,17725.5,257.795,-10.5979,8.07051,15.9504,44.1095,111.679,72.2612,53.2211,33.4386,26.8961,22.9677,20.7996,19.0068,17.4998,16.2154,14.7061,13.2944,11.2717,8.65635,6.27128,4.56926,2.47224,-0.680765,235.597,232.711,234.464,234.464
39.68942427635193,0.33971637636423113,0.9999847412109375,0.0,5,0.0908,5.0,17717.6,257.923,-10.5342,7.70427,16.062,43.1082,114.575,72.9431,55.2066,36.46,28.1391,23.4585,20.969,18.9583,17.3008,15.911,14.3041,12.826,10.7492,8.13304,5.81254,4.1932,2.23744,-0.713491,235.59,232.825,234.367,234.367
39.70798993110657,0.33971637636423113,0.9999847412109375,0.0,5,0.081535,5.0,17711.0,258.06,-10.2417,7.35857,16.1665,42.2759,117.051,73.4674,56.4376,40.5778,29.6598,24.0107,21.137,18.879,17.058,15.5585,13.8551,12.3163,10.1982,7.6005,5.35961,3.82968,2.01692,-0.743734,235.591,232.983,234.275,234.275
39.72771692276001,0.33971637636423113,0.9999847412109375,0.0,5,0.0729195,5.0,17707.7,258.202,-9.79886,7.02079,16.2596,41.5495,119.224,73.8852,57.2255,44.9885,31.7085,24.7291,21.3711,18.8173,16.8098,15.1904,13.3866,11.789,9.63756,7.07186,4.9204,3.48315,1.81162,-0.771512,235.62,233.17,234.23,234.23
39.74604797363281,0.33971637636423113,0.9999847412109375,0.0,5,0.0645539,5.0,17706.3,258.345,-9.29084,6.70999,16.3344,40.8534,121.333,74.3216,57.8039,47.1368,34.9512,25.8898,21.8462,18.8963,16.6492,14.8809,12.9561,11.2893,9.09936,6.56622,4.50509,3.15892,1.6226,-0.796837,235.698,233.373,234.211,234.211
39.76615762710571,0.33971637636423113,0.9999847412109375,0.0,5,0.0548632,5.0,17708.3,258.45,-8.9034,6.53115,16.3617,39.9578,124.406,75.3764,58.7212,49.1959,41.533,28.9384,23.4677,19.7378,17.032,14.9797,12.8188,11.0063,8.70367,6.14569,4.14312,2.87147,1.45315,-0.819611,235.918,233.542,234.234,234.234
39.786845207214355,0.3339586708694697,0.9999847412109375,0.0,5,0.0435912,5.0,17709.3,258.545,-8.94387,6.35684,16.3385,38.8609,128.645,77.2815,60.0011,51.3659,45.546,36.7846,27.5799,22.0611,18.3838,15.7583,13.1341,11.0357,8.49554,5.82624,3.84025,2.62337,1.30399,-0.839772,236.206,233.611,234.277,234.277
39.808873414993286,0.3225908908993006,0.9999847412109375,0.0,5,0.0323755,5.0,17671.3,258.687,-8.8857,6.32378,16.2952,37.8018,132.986,79.5062,61.1249,53.1143,48.0966,42.6453,36.2087,26.4611,20.8453,17.1969,13.8138,11.2798,8.39657,5.56435,3.57689,2.40599,1.17395,-0.857243,236.443,233.727,233.755,233.755
39.82697153091431,0.3059082984924317,0.9999847412109375,0.0,5,0.022165,5.0,17670.0,258.808,-8.60867,6.27592,16.2484,36.8897,136.771,81.6392,61.8817,54.2919,49.7284,45.1391,41.135,34.6539,24.8696,19.3936,14.8254,11.6826,8.36311,5.34034,3.34644,2.21721,1.06302,-0.871977,236.612,233.961,233.727,233.727
39.84773015975952,0.2687046114355326,0.9999847412109375,0.0,5,0.0125605,5.0,17698.5,258.917,-8.31379,6.13037,16.1913,36.0638,140.246,83.8327,62.568,55.1393,50.8889,46.7755,43.4473,39.4581,32.6835,23.1825,16.4785,12.3869,8.45522,5.17917,3.15967,2.06183,0.97174,-0.88405,236.805,234.286,234.059,234.059
39.86926078796387,0.23391223102808,0.9999847412109375,0.0,5,0.00208395,5.0,17721.6,259.005,-8.15178,6.09135,16.1012,35.156,144.416,86.955,63.683,56.1215,52.1344,48.3749,45.4543,42.2161,38.3826,32.4962,20.1102,13.9707,8.88816,5.15167,3.04113,1.94934,0.901077,-0.893586,237.237,234.755,234.438,234.438
39.887858629226685,0.17156139016151428,0.9999847412109375,0.0,5,-0.0112188,5.0,17736.1,259.086,-8.55896,6.14565,15.9475,33.9741,150.661,92.1738,66.0207,57.7666,54.0015,50.5501,47.9421,45.1669,42.1459,38.7106,31.7471,18.4389,10.2045,5.39695,3.03457,1.89745,0.854756,-0.900403,237.966,235.057,234.6,234.6
39.9102463722229,0.13293031603097916,0.9999847412109375,0.0,5,-0.0250438,5.0,17685.1,259.247,-9.05876,6.37454,15.7696,32.7897,157.395,97.9927,69.0466,59.7807,55.8021,52.5711,50.1748,47.6775,45.0471,42.2306,37.7628,30.2554,12.8134,5.91333,3.12761,1.90019,0.832086,-0.904424,238.682,235.496,233.964,233.964
39.9278769493103,0.1088165793567896,0.9999847412109375,0.0,5,-0.0359371,5.0,17664.8,259.436,-8.80544,6.70543,15.6175,31.9117,162.411,102.156,71.3833,61.2186,56.9119,53.619,51.3541,49.0178,46.5925,44.0518,40.2143,35.0902,16.7447,6.58477,3.28522,1.94635,0.832504,-0.905477,238.911,236.157,233.65,233.65
39.946067571640015,0.09922027587890625,0.9999847412109375,0.0,5,-0.0434592,5.0,17648.6,259.673,-7.83791,7.05923,15.4946,31.344,165.285,104.252,72.5171,61.7376,57.2171,53.7802,51.5558,49.3237,47.0242,44.6411,41.1144,36.652,21.934,7.3504,3.49827,2.03384,0.855359,-0.90367,238.901,236.869,233.45,233.45
39.96867346763611,0.09922027587890625,0.9999847412109375,0.0,5,-0.0487011,5.0,17664.6,259.91,-6.50043,7.41258,15.3848,30.9804,166.523,104.926,72.7147,61.5655,56.9259,53.4123,51.1615,49.0075,46.8015,44.5309,41.2104,37.1187,27.0473,8.237,3.77789,2.16599,0.899972,-0.899226,238.908,237.533,233.643,233.643
39.98913288116455,0.09922027587890625,0.9999847412109375,0.0,5,-0.056033,5.0,17698.3,260.114,-5.63031,7.83937,15.2275,30.4322,169.743,107.055,74.1497,62.2578,57.3664,53.6845,51.3358,49.1853,47.0768,44.9209,41.8036,38.0477,29.8943,9.78108,4.23051,2.37573,0.970064,-0.892259,239.385,237.699,234.106,234.106
40.009294271469116,0.09922027587890625,0.9999847412109375,0.0,5,-0.0657886,5.0,17687.9,260.355,-5.56215,8.24742,15.0217,29.6789,175.629,110.89,77.3011,64.1041,58.7668,54.7845,52.2596,49.9607,47.8584,45.8117,42.8803,39.4089,32.3292,12.4702,4.90894,2.67507,1.06624,-0.882875,239.885,237.663,234.076,234.076
40.027841091156006,0.1088165793567896,0.9999847412109375,0.0,5,-0.0745819,5.0,17658.2,260.632,-5.18957,8.87414,14.8133,29.0196,181.259,114.168,80.1677,65.8664,60.071,55.7851,53.0847,50.6372,48.4091,46.3709,43.5841,40.3213,33.875,16.2701,5.75693,3.04479,1.18632,-0.870997,240.056,237.987,233.566,233.566
40.04674935340881,0.12230059541761876,0.9999847412109375,0.0,5,-0.0820187,5.0,17673.6,260.869,-4.58983,9.40981,14.6068,28.4818,186.04,116.598,82.3176,67.2935,61.0748,56.514,53.6569,51.0786,48.7401,46.6098,43.8892,40.7898,34.7853,20.8396,6.7671,3.48139,1.32953,-0.856677,240.1,238.316,233.754,233.754
40.068811655044556,0.1257946252822876,0.9999847412109375,0.0,5,-0.0894168,5.0,17710.5,261.091,-4.14343,9.74363,14.3862,27.9558,191.319,119.06,84.5311,68.971,62.2624,57.3874,54.3526,51.6262,49.164,46.9294,44.127,41.1634,35.5117,23.455,8.01504,4.00142,1.49683,-0.840054,240.244,238.514,234.235,234.235
40.0863938331604,0.12933786548674106,0.9999847412109375,0.0,5,-0.099624,5.0,17754.6,261.269,-4.07529,10.2674,14.1189,27.2144,72.2821,123.514,88.6029,72.597,65.0213,59.566,56.2029,53.2029,50.5107,48.0814,45.0537,42.035,36.6816,25.7634,9.79036,4.66686,1.69433,-0.821171,240.817,238.435,234.821,234.821
40.106558322906494,0.12933786548674106,0.9999847412109375,0.0,5,-0.114137,5.0,17794.5,261.425,-5.01099,10.7559,13.7904,26.1653,59.2791,131.044,95.5928,79.0972,70.8216,64.2342,60.2232,56.6877,53.5483,50.742,47.279,43.8659,38.5344,28.3657,12.6272,5.56891,1.93188,-0.799737,241.47,238.13,235.353,235.353
40.12702393531799,0.12933786548674106,0.9999847412109375,0.0,5,-0.128537,5.0,17713.0,261.686,-5.60933,11.6672,13.4526,25.1683,51.1654,138.607,102.723,85.8245,77.2597,70.0924,65.2596,61.0088,57.2821,53.9884,49.9723,46.0642,40.1926,30.5243,16.0603,6.67728,2.20539,-0.775552,241.62,238.272,234.309,234.309
40.145384550094604,0.12933786548674106,0.9999847412109375,0.0,5,-0.139244,5.0,17720.1,261.88,-5.28261,12.5655,13.1384,24.445,47.3642,143.742,107.565,90.4551,81.7335,74.3993,69.3589,64.5402,60.2724,56.538,52.0314,47.6952,41.2689,31.7817,18.2765,7.8995,2.50824,-0.74829,241.392,238.78,234.379,234.379
40.165899991989136,0.12933786548674106,0.9999847412109375,0.0,5,-0.147977,5.0,17757.7,262.064,-4.79388,13.1571,12.8286,23.8591,45.1417,147.915,111.178,93.9465,85.1333,77.6981,72.5728,67.623,62.9099,58.7497,53.7776,49.0431,42.1142,32.5642,19.8183,9.25797,2.84067,-0.718241,241.31,239.18,234.858,234.858
40.189682960510254,0.12230059541761876,0.9999847412109375,0.0,5,-0.157329,5.0,17804.9,262.229,-4.48482,13.6514,12.4998,23.2437,42.9008,153.126,115.268,97.9162,89.0094,81.4721,76.2601,71.2111,66.3433,61.7079,56.1169,50.8598,43.2809,33.3375,21.1677,10.7528,3.20904,-0.685736,241.547,239.36,235.485,235.485
40.21004676818848,0.10556860119104386,0.9999847412109375,0.0,5,-0.171044,5.0,17848.0,262.362,-5.06528,14.2732,12.1196,22.3747,39.3941,163.31,122.394,104.829,95.7629,88.0517,82.6935,77.4786,72.4236,67.5467,61.0605,54.7489,45.8815,34.7123,22.8303,12.3203,3.63703,-0.650584,242.286,239.088,236.059,236.059
40.22873330116272,0.09922027587890625,0.9999847412109375,0.0,5,-0.185982,5.0,17779.8,262.6,-5.95275,15.0781,11.7259,21.4678,36.164,176.978,130.455,112.69,103.473,95.5982,90.1007,84.7269,79.4909,74.4099,67.5893,60.269,49.4918,36.5128,24.4641,13.8257,4.11882,-0.612721,242.6,239.124,235.259,235.259
40.245699405670166,0.09611992873251439,0.9999847412109375,0.0,5,-0.196102,5.0,17762.2,262.818,-5.44742,16.1771,11.3742,20.8423,34.5771,187.581,135.315,117.45,108.175,100.235,94.681,89.2396,83.9256,78.7537,71.784,64.2585,52.1621,37.731,25.4225,14.9341,4.623,-0.571775,242.278,239.831,234.944,234.944
40.26796007156372,0.09611992873251439,0.9999847412109375,0.0,5,-0.202676,5.0,17791.2,263.023,-4.47263,16.982,11.0539,20.4095,33.8674,196.206,137.978,119.886,110.611,102.664,97.102,91.6499,86.3188,81.1254,74.1151,66.5272,53.8834,38.4256,25.8986,15.7242,5.12519,-0.528049,242.067,240.425,235.3,235.3
40.2878680229187,0.09611992873251439,0.9999847412109375,0.0,5,-0.208662,5.0,17844.8,263.218,-3.81834,17.3604,10.7446,20.0169,33.2557,200.0,140.452,121.957,112.692,104.751,99.1897,93.7348,88.3989,83.1965,76.1653,68.5403,55.6357,39.1208,26.2407,16.383,5.59702,-0.482069,242.163,240.732,236.007,236.007
40.30791711807251,0.09611992873251439,0.9999847412109375,0.0,5,-0.216337,5.0,17893.1,263.395,-3.70704,17.8503,10.4218,19.4911,32.0631,74.8172,145.568,125.935,116.645,108.673,103.083,97.5938,92.2147,86.9618,79.8447,72.0966,58.8835,40.6071,26.8075,17.1211,6.06459,-0.43404,242.727,240.662,236.651,236.651
40.327908754348755,0.09611992873251439,0.9999847412109375,0.0,5,-0.21334,5.0,17913.7,263.588,-4.39351,18.224,10.0869,18.8433,30.4395,60.8211,154.019,131.951,122.458,114.426,108.784,103.232,97.7812,92.4448,85.1884,77.2478,63.5713,43.0921,27.7268,17.9457,6.53321,-0.385881,243.2,240.532,237.008,237.008
40.34767556190491,0.09611992873251439,0.9999847412109375,0.0,5,-0.208933,5.0,17840.6,263.875,-4.43286,19.0987,9.76912,18.2792,29.1457,54.5659,162.435,137.742,127.444,119.357,113.682,108.09,102.593,97.2001,89.8496,81.7759,67.7644,45.6577,28.6395,18.6272,6.9711,-0.338815,243.271,240.881,235.983,235.983
40.36780524253845,0.09611992873251439,0.9999847412109375,0.0,5,-0.202403,5.0,17862.3,264.068,-3.89234,20.0218,9.47231,17.8245,28.2017,50.8135,169.666,142.557,131.395,122.976,117.291,111.686,106.17,100.753,93.3594,85.218,71.0234,47.9976,29.4374,19.1319,7.37076,-0.292769,243.237,241.321,236.253,236.253
40.38788819313049,0.09611992873251439,0.9999847412109375,0.0,5,-0.197469,5.0,17907.2,264.229,-3.82797,20.841,9.17005,17.3028,27.0426,46.8849,181.499,149.573,137.159,127.893,122.01,116.378,110.829,105.373,97.9105,89.67,75.2195,51.3484,30.5987,19.6838,7.76817,-0.247776,243.618,241.329,236.836,236.836
40.40977501869202,0.08711414933204652,0.9999847412109375,0.0,5,-0.19328,5.0,17876.7,264.462,-4.06256,21.6355,8.87021,16.7608,25.8287,43.1849,200.0,158.547,144.478,134.087,127.547,121.624,116.039,110.54,103.004,94.6586,79.9357,55.2184,32.0679,20.2503,8.15505,-0.204005,243.87,241.397,236.5,236.5
40.430131912231445,0.06782302595674992,0.9999847412109375,0.0,5,-0.18682,5.0,17893.3,264.663,-3.81347,22.5071,8.59224,16.3296,24.9035,40.5876,200.0,166.32,150.705,139.286,132.146,125.71,119.882,114.368,106.802,98.4083,83.5483,58.3313,33.4001,20.7473,8.50089,-0.161368,243.843,241.855,236.665,236.665
40.446372747421265,0.050943209230899816,0.9999847412109375,0.0,5,-0.178953,5.0,17937.3,264.849,-3.5373,23.1713,8.33204,15.9724,24.1265,38.5577,70.4581,174.104,156.286,143.886,136.18,129.267,123.031,117.37,109.798,101.389,86.4647,60.9507,34.6768,21.2253,8.81119,-0.120174,243.915,242.259,237.235,237.235
40.467716217041016,0.04036250747740269,0.9999847412109375,0.0,5,-0.170309,5.0,17975.2,265.057,-3.47392,23.5476,8.08811,15.6528,23.4187,36.8189,60.7974,184.118,161.69,148.294,140.02,132.631,125.991,119.993,112.363,103.953,89.0032,63.2958,35.9753,21.7132,9.08959,-0.0807966,244.047,242.565,237.771,237.771
40.488608598709106,0.029289606586098672,0.9999847412109375,0.0,5,-0.159921,5.0,17960.4,265.328,-3.13906,24.0158,7.86828,15.3858,22.8627,35.5382,56.5728,196.111,165.662,151.376,142.662,134.906,127.96,121.703,113.9,105.523,90.6215,64.928,37.0722,22.1338,9.32387,-0.0434736,244.106,243.001,237.548,237.548
40.507895946502686,0.02141547352075577,0.9999847412109375,0.0,5,-0.147715,5.0,17997.2,265.561,-2.68224,24.2402,7.67504,15.1718,22.4506,34.6586,54.4017,200.0,167.898,152.792,143.818,135.849,128.727,122.323,114.371,106.057,91.2794,65.8004,37.8959,22.4663,9.5119,-0.00846608,244.144,243.427,238.035,238.035
40.52758431434631,0.016001953184604647,0.9999847412109375,0.0,5,-0.134392,5.0,18029.5,265.806,-2.23532,24.2747,7.50695,14.9845,22.1146,33.9926,53.132,200.0,168.876,153.141,144.026,135.945,128.733,122.256,114.224,105.975,91.3633,66.2105,38.5501,22.7479,9.65986,0.0238864,244.247,243.779,238.465,238.465
40.55035161972046,0.014771598950028421,0.9999847412109375,0.0,5,-0.120366,5.0,18060.3,266.058,-1.8262,24.1938,7.36415,14.8105,21.8194,33.4438,52.348,200.0,168.973,152.816,143.64,135.512,128.265,121.762,113.707,105.523,91.1015,66.3378,39.0744,23.0007,9.77159,0.0533066,244.402,244.091,238.876,238.876
40.567957401275635,0.013590455055236816,0.9999847412109375,0.0,5,-0.106028,5.0,18079.2,266.324,-1.47875,24.0592,7.24619,14.6363,21.5325,32.9295,51.7466,200.0,168.727,152.233,143.026,134.878,127.617,121.108,113.048,104.929,90.7056,66.3481,39.5157,23.25,9.85758,0.0796305,244.604,244.362,239.132,239.132
40.59069871902466,0.013590455055236816,0.9999847412109375,0.0,5,-0.0913537,5.0,18095.9,266.597,-1.20469,23.7592,7.15553,14.465,21.2589,32.4577,51.3695,200.0,168.042,151.351,142.148,134.01,126.761,120.265,112.229,104.177,90.162,66.2309,39.8675,23.4897,9.94237,0.102688,244.798,244.614,239.353,239.353
40.607911109924316,0.013590455055236816,0.9999847412109375,0.0,5,-0.0764554,5.0,18132.7,266.856,-0.955797,23.4185,7.07729,14.2933,20.9899,32.0066,51.1504,200.0,167.074,150.286,141.11,132.999,125.779,119.311,111.312,103.332,89.5294,66.0325,40.154,23.7266,10.0295,0.122406,245.022,244.884,239.739,239.739
40.626023292541504,0.012458521500229837,0.9999847412109375,0.0,5,-0.061828,5.0,18218.7,267.058,-0.853507,22.7972,6.99443,14.1053,20.6889,31.488,50.7051,200.0,166.709,149.579,140.386,132.268,125.046,118.581,110.59,102.657,89.0481,65.9393,40.4763,23.9967,10.123,0.138639,245.256,245.064,240.989,240.989
40.64586591720581,0.009357982873916626,0.9999847412109375,0.0,5,-0.0473188,5.0,18197.6,267.378,-0.850093,22.1707,6.90817,13.9072,20.3695,30.9447,50.1492,200.0,166.708,149.058,139.828,131.683,124.443,117.968,109.97,102.061,88.6366,65.8881,40.8018,24.2884,10.2214,0.151347,245.488,245.256,240.722,240.722
40.67007303237915,0.0038457546383142472,0.9999847412109375,0.0,5,-0.0437415,5.0,18192.8,267.683,-0.764894,21.5371,6.82317,13.7235,20.0853,30.5081,50.0711,200.0,165.765,147.978,138.777,130.662,123.453,117.006,109.048,101.193,87.9718,65.6294,40.9937,24.5462,10.3165,0.161489,245.706,245.527,240.644,240.644
40.685861587524414,0.0,0.9999847412109375,0.0,5,-0.0439675,5.0,18374.8,267.806,-0.659814,20.5434,6.73855,13.5484,19.823,30.1492,50.4039,200.0,164.149,146.517,137.391,129.345,122.198,115.808,107.921,100.142,87.1389,65.23,41.0888,24.7812,10.41,0.171716,245.915,245.816,242.94,242.94
40.70849084854126,0.0,0.9999847412109375,0.0,5,-0.0442298,5.0,18401.3,268.077,-0.607088,19.6568,6.65284,13.3703,19.5558,29.8021,50.8679,200.0,162.602,145.094,136.04,128.059,120.971,114.635,106.816,99.1082,86.3173,64.8294,41.1633,25.022,10.5048,0.182055,246.102,246.028,243.459,243.459
40.72572708129883,0.0,0.9999847412109375,0.0,5,-0.0443748,5.0,18317.0,268.457,-0.514973,19.1918,6.56669,13.1941,19.2943,29.4962,51.7102,200.0,160.824,143.541,134.574,126.672,119.654,113.381,105.641,98.0125,85.4372,64.3726,41.1886,25.2521,10.5997,0.19254,246.419,246.377,242.332,242.332
40.750083923339844,0.0,0.9999847412109375,0.0,5,-0.0443299,5.0,18270.9,268.802,-0.395234,18.7407,6.48067,13.0222,19.0441,29.2488,53.2717,198.619,158.687,141.782,132.929,125.125,118.194,111.999,104.356,96.822,84.4678,63.839,41.1533,25.4455,10.6935,0.20315,246.689,246.688,241.699,241.699
40.76886987686157,0.0,0.9999847412109375,0.0,5,-0.0441249,5.0,18252.3,269.114,-0.255752,18.5044,6.39452,12.8534,18.8023,29.0564,56.3766,195.79,156.277,139.856,131.136,123.448,116.62,110.515,102.982,95.5555,83.4267,63.2424,41.0662,25.6036,10.7865,0.21389,246.98,247.021,241.439,241.439
40.78811430931091,0.0,0.9999847412109375,0.0,5,-0.0439161,5.0,18336.5,269.324,-0.147453,18.0906,6.30787,12.6835,18.5589,28.894,200.0,192.919,153.893,137.933,129.346,121.774,115.047,109.033,101.61,94.2897,82.3846,62.6358,40.9569,25.7392,10.88,0.224691,247.233,247.282,242.542,242.542
40.806211948394775,0.0,0.9999847412109375,0.0,5,-0.0437825,5.0,18327.6,269.625,-0.0783933,17.8631,6.22042,12.5104,18.3099,28.7486,200.0,190.207,151.669,136.094,127.629,120.164,113.533,107.603,100.282,93.0631,81.3738,62.0442,40.8397,25.8592,10.9747,0.235533,247.504,247.537,242.432,242.432
40.82640814781189,0.0,0.9999847412109375,0.0,5,-0.0437053,5.0,18322.8,269.918,-0.0381797,17.7849,6.13236,12.3348,18.0692,28.6265,200.0,187.61,149.55,134.315,125.966,118.602,112.06,106.209,98.9868,91.8642,80.3836,61.4603,40.7113,25.9624,11.0704,0.246408,247.789,247.809,242.368,242.368
40.849297523498535,0.0013847589492797852,0.9999847412109375,0.0,5,-0.0436633,5.0,18322.7,270.205,-0.0163236,17.7609,6.0439,12.1577,17.843,28.5345,200.0,185.069,147.498,132.571,124.334,117.067,110.611,104.837,97.7107,90.6814,79.4042,60.8761,40.5679,26.0476,11.1667,0.257307,248.056,248.067,242.363,242.363
40.869027853012085,0.0067003373056650165,0.9999847412109375,0.0,5,-0.0436881,5.0,18331.8,270.481,-0.0053535,17.8231,5.95488,11.9782,17.6293,28.4689,200.0,182.682,145.56,130.895,122.76,115.585,109.209,103.507,96.4701,89.5295,78.4479,60.3007,40.416,26.1181,11.264,0.268229,248.327,248.322,242.462,242.462
40.89146018028259,0.011375798285007477,0.9999847412109375,0.0,5,-0.044062,5.0,18356.1,270.74,-0.0139394,17.8581,5.86357,11.7873,17.4082,28.365,200.0,181.215,144.158,129.563,121.488,114.368,108.045,102.392,95.4149,88.536,77.6233,59.8165,40.3027,26.1967,11.3661,0.279204,248.61,248.526,242.795,242.795
40.908599615097046,0.018610292673110963,0.9999847412109375,0.0,5,-0.0449651,5.0,18371.4,271.006,-0.101165,17.9109,5.7686,11.5831,17.166,28.1764,200.0,181.135,143.577,128.746,120.668,113.553,107.238,101.596,94.6363,87.7812,76.9949,59.471,40.2569,26.2987,11.4759,0.290293,248.913,248.711,242.999,242.999
40.92917442321777,0.02141547352075577,0.9999847412109375,0.0,5,-0.0465735,5.0,18387.5,271.268,-0.23785,18.0234,5.66848,11.368,16.8885,27.8517,200.0,182.769,144.196,128.626,120.461,113.277,106.911,101.229,94.2307,87.3448,76.6223,59.31,40.3069,26.4389,11.5966,0.301587,249.247,248.875,243.21,243.21
40.945571184158325,0.024417495727539065,0.9999847412109375,0.0,5,-0.0489495,5.0,18402.9,271.525,-0.474061,18.2697,5.56198,11.1393,16.5699,27.3712,200.0,186.004,146.465,129.321,120.944,113.611,107.124,101.345,94.2406,87.2638,76.5244,59.3484,40.4632,26.6243,11.7241,0.313226,249.582,249.03,243.414,243.414
40.96631336212158,0.024417495727539065,0.9999847412109375,0.0,5,-0.0517753,5.0,18396.5,271.8,-0.721331,18.5464,5.45037,10.906,16.2323,26.8112,200.0,189.863,150.541,130.662,121.875,114.335,107.681,101.766,94.511,87.405,76.5782,59.4938,40.6754,26.8322,11.8517,0.325286,249.865,249.209,243.368,243.368
40.98625349998474,0.024417495727539065,0.9999847412109375,0.0,5,-0.05456,5.0,18403.0,272.062,-0.884226,18.9378,5.33526,10.6804,15.9078,26.2804,200.0,193.287,156.648,132.221,122.832,115.076,108.25,102.196,94.7859,87.5475,76.6007,59.6124,40.8664,27.0265,11.9746,0.337881,250.109,249.463,243.414,243.414
41.009774923324585,0.024417495727539065,0.9999847412109375,0.0,5,-0.0571588,5.0,18425.3,272.306,-0.969858,19.2625,5.2197,10.4659,15.6043,25.8079,200.0,196.086,163.559,133.857,123.677,115.714,108.724,102.537,94.9834,87.622,76.5402,59.6645,41.0156,27.1971,12.091,0.351054,250.313,249.708,243.704,243.704
41.02894163131714,0.024417495727539065,0.9999847412109375,0.0,5,-0.059676,5.0,18456.8,272.541,-1.02509,19.4888,5.10742,10.2589,15.3144,25.3679,200.0,198.553,168.607,135.751,124.572,116.332,109.177,102.859,95.1613,87.6786,76.4484,59.6823,41.1391,27.3525,12.2024,0.364825,250.523,249.938,244.116,244.116
41.04613924026489,0.024417495727539065,0.9999847412109375,0.0,5,-0.0602253,5.0,18486.5,272.776,-1.10214,19.6214,4.99768,10.0548,15.0258,24.9205,200.0,200.0,173.064,138.342,125.771,117.092,109.753,103.287,95.4277,87.8083,76.4093,59.7152,41.2681,27.5066,12.3111,0.379054,250.748,250.142,244.513,244.513
41.06691122055054,0.024417495727539065,0.9999847412109375,0.0,5,-0.0589116,5.0,18490.0,273.037,-1.17251,19.751,4.89063,9.85518,14.7434,24.4823,200.0,200.0,177.004,141.862,127.262,117.938,110.4,103.775,95.7432,87.9771,76.3996,59.7444,41.3905,27.655,12.4168,0.393021,250.973,250.36,244.572,244.572
41.08849906921387,0.024417495727539065,0.9999847412109375,0.0,5,-0.0574401,5.0,18513.5,273.277,-1.19419,19.8666,4.78723,9.66522,14.4784,24.0903,200.0,200.0,180.203,146.541,128.872,118.724,110.971,104.193,95.9966,88.0927,76.3476,59.7194,41.4773,27.7828,12.5163,0.406596,251.186,250.605,244.869,244.869
41.11111092567444,0.024417495727539065,0.9999847412109375,0.0,5,-0.0559076,5.0,18537.8,273.516,-1.21093,19.9044,4.68685,9.48171,14.2247,23.724,200.0,200.0,183.011,153.248,130.792,119.612,111.545,104.611,96.2468,88.2037,76.2911,59.6682,41.5448,27.898,12.6116,0.419795,251.396,250.829,245.194,245.194
41.12920808792114,0.024417495727539065,0.9999847412109375,0.0,5,-0.0542844,5.0,18559.8,273.76,-1.24026,19.8029,4.58987,9.30602,13.9844,23.3894,200.0,200.0,185.44,158.388,133.086,120.593,112.092,105.003,96.474,88.2939,76.217,59.5835,41.5883,27.998,12.7018,0.432592,251.594,251.045,245.486,245.486
41.149274587631226,0.024417495727539065,0.9999847412109375,0.0,5,-0.0523871,5.0,18580.2,274.008,-1.22563,19.6042,4.49741,9.14322,13.7696,23.1268,200.0,200.0,187.216,161.878,135.517,121.459,112.446,105.224,96.5534,88.2586,76.0502,59.4157,41.5783,28.0684,12.7842,0.444946,251.783,251.289,245.758,245.758
41.16587996482849,0.024417495727539065,0.9999847412109375,0.0,5,-0.0504845,5.0,18657.5,274.201,-1.24406,19.1699,4.40839,8.98688,13.5644,22.8823,200.0,200.0,188.88,164.892,138.894,122.531,112.864,105.474,96.6574,88.2428,75.8966,59.2369,41.5576,28.1297,12.8621,0.456838,251.983,251.499,246.77,246.77
41.18629312515259,0.024417495727539065,0.9999847412109375,0.0,5,-0.0488628,5.0,18657.3,274.471,-1.32063,18.7867,4.32208,8.83104,13.3534,22.601,200.0,200.0,190.921,168.171,145.19,124.291,113.678,105.984,96.9757,88.4043,75.8716,59.1195,41.569,28.2031,12.9393,0.468226,252.228,251.687,246.796,246.796
41.20788884162903,0.024417495727539065,0.9999847412109375,0.0,5,-0.0473259,5.0,18651.8,274.742,-1.36838,18.5726,4.2388,8.67982,13.147,22.3212,200.0,200.0,193.006,171.288,151.042,126.688,114.767,106.612,97.3894,88.642,75.9007,59.0144,41.5826,28.2745,13.0135,0.479167,252.497,251.929,246.716,246.716
41.22900152206421,0.022891879454255106,0.9999847412109375,0.0,5,-0.0457113,5.0,18656.0,275.004,-1.38808,18.3865,4.15905,8.53636,12.9543,22.073,200.0,200.0,195.034,173.99,155.468,129.73,116.011,107.234,97.7918,88.8689,75.9206,58.8796,41.5753,28.3326,13.0827,0.4897,252.729,252.173,246.769,246.769
41.24847197532654,0.019988277927041054,0.9999847412109375,0.0,5,-0.043897,5.0,18662.1,275.262,-1.34687,18.286,4.08304,8.40299,12.7812,21.8801,200.0,200.0,196.837,176.133,158.787,133.553,117.289,107.802,98.0942,89.0108,75.8777,58.6862,41.5297,28.3685,13.1458,0.499832,252.952,252.438,246.849,246.849
41.270533323287964,0.017281517758965494,0.9999847412109375,0.0,5,-0.0419801,5.0,18694.1,275.493,-1.31665,18.1504,4.01083,8.27869,12.6237,21.7276,200.0,200.0,198.563,177.954,161.503,139.097,118.742,108.41,98.3599,89.1206,75.8099,58.4704,41.4594,28.3885,13.2032,0.509516,253.17,252.682,247.271,247.271
41.28617072105408,0.014771598950028421,0.9999847412109375,0.0,5,-0.0399159,5.0,18701.9,275.748,-1.2771,18.0879,3.94275,8.16445,12.485,21.6267,200.0,200.0,200.0,179.419,163.669,143.532,120.35,109.02,98.5514,89.1688,75.6975,58.2284,41.3585,28.3895,13.2546,0.518743,253.389,252.934,247.374,247.374
41.30930685997009,0.014771598950028421,0.9999847412109375,0.0,5,-0.0376051,5.0,18710.3,276.0,-1.19912,18.0846,3.87938,8.06317,12.3718,21.6011,200.0,200.0,200.0,180.401,165.187,146.467,121.97,109.515,98.59,89.0912,75.4938,57.9347,41.2124,28.3641,13.2982,0.527476,253.598,253.198,247.485,247.485
41.32593059539795,0.013590455055236816,0.9999847412109375,0.0,5,-0.0351012,5.0,18719.8,276.251,-1.09299,18.1039,3.82077,7.97416,12.282,21.6471,200.0,200.0,200.0,181.019,166.24,148.523,123.704,109.929,98.5074,88.9141,75.2193,57.6007,41.0295,28.316,13.3345,0.535685,253.806,253.451,247.61,247.61
41.348406076431274,0.012458521500229837,0.9999847412109375,0.0,5,-0.032471,5.0,18733.1,276.498,-0.989955,18.1523,3.76682,7.89625,12.2129,21.7566,200.0,200.0,200.0,181.406,166.998,150.059,125.766,110.331,98.3607,88.677,74.9028,57.2435,40.8201,28.2505,13.3645,0.54336,254.022,253.696,247.777,247.777
41.367840051651,0.012458521500229837,0.9999847412109375,0.0,6,-0.029703,5.0,18751.0,276.738,-0.903721,18.1898,3.71805,7.831,12.1675,21.9418,200.0,200.0,200.0,181.587,167.461,151.145,128.343,110.693,98.1571,88.3688,74.5364,56.8587,40.582,28.1663,13.3874,0.550435,254.231,253.936,248.019,248.019
41.386924266815186,0.012458521500229837,0.9999847412109375,0.0,6,-0.0268543,6.0,17146.7,276.527,-0.814848,18.227,3.67459,7.77805,12.1442,22.2016,200.0,200.0,200.0,181.666,167.745,151.954,131.058,111.086,97.935,88.0226,74.1439,56.4609,40.3239,28.0672,13.4038,0.55688,254.306,254.031,244.124,243.859
41.40616750717163,0.012458521500229837,0.9999847412109375,0.0,6,-0.0240772,6.0,17109.6,275.979,-0.75934,18.2533,3.63638,7.73511,12.1367,22.5079,200.0,200.0,200.0,181.877,168.099,152.8,133.373,111.736,97.8191,87.7289,73.789,56.0864,40.0657,27.9635,13.4154,0.562642,253.893,253.606,243.617,243.324
41.430227756500244,0.014771598950028421,0.9999847412109375,0.0,6,-0.0214656,6.0,16809.3,275.417,-0.750755,18.2948,3.60291,7.69982,12.139,22.84,200.0,200.0,200.0,182.378,168.667,153.85,135.673,112.882,97.907,87.5508,73.5163,55.7604,39.8202,27.8626,13.4237,0.567749,253.406,253.082,242.844,242.356
41.44680333137512,0.016001953184604647,0.9999847412109375,0.0,6,-0.0190852,6.0,17079.8,275.343,-0.769697,18.3464,3.5741,7.67146,12.148,23.1818,200.0,200.0,200.0,183.295,169.54,155.203,138.132,114.863,98.2908,87.5324,73.3559,55.4994,39.5954,27.7681,13.4295,0.572179,253.085,252.708,246.456,246.456
41.4686484336853,0.016001953184604647,0.9999847412109375,0.0,6,-0.0168131,6.0,17088.3,275.525,-0.800663,18.4394,3.5499,7.65131,12.1693,23.5623,200.0,200.0,200.0,184.453,170.517,156.631,140.488,117.921,98.9071,87.6047,73.2579,55.2742,39.3755,27.6725,13.4317,0.576009,253.207,252.804,246.577,246.577
41.48850893974304,0.016001953184604647,0.9999847412109375,0.0,6,-0.0145462,6.0,17097.6,275.703,-0.829486,18.5215,3.53069,7.64242,12.2096,24.0194,200.0,200.0,200.0,185.688,171.458,157.959,142.583,122.369,99.695,87.7136,73.1778,55.0592,39.1468,27.5687,13.4288,0.579229,253.368,252.962,246.712,246.712
41.510112047195435,0.016001953184604647,0.9999847412109375,0.0,6,-0.0122607,6.0,17108.3,275.878,-0.83877,18.6453,3.51657,7.6449,12.2717,24.5718,200.0,200.0,200.0,186.961,172.408,159.165,144.43,126.094,100.667,87.8793,73.1039,54.849,38.9065,27.4553,13.4208,0.581848,253.533,253.131,246.865,246.865
41.529080390930176,0.016001953184604647,0.9999847412109375,0.0,6,-0.0100635,6.0,17119.3,276.052,-0.861012,18.8016,3.50693,7.65648,12.3476,25.1941,200.0,200.0,200.0,188.471,173.556,160.427,146.261,129.308,102.023,88.1942,73.0891,54.6717,38.6768,27.3401,13.4092,0.583893,253.704,253.281,247.024,247.024
41.54850363731384,0.016001953184604647,0.9999847412109375,0.0,6,-0.00783569,6.0,17113.2,276.243,-0.870016,19.0098,3.50235,7.68011,12.447,25.9462,200.0,200.0,200.0,190.01,174.719,161.563,147.886,131.975,103.718,88.5851,73.0775,54.4967,38.4501,27.2149,13.3925,0.585353,253.864,253.447,246.944,246.944
41.570127964019775,0.016001953184604647,0.9999847412109375,0.0,6,-0.00545437,6.0,17123.4,276.416,-0.838935,19.2536,3.5032,7.71863,12.5783,26.9128,200.0,200.0,200.0,191.338,175.701,162.409,149.14,134.015,105.68,88.9646,73.0113,54.2925,38.2107,27.072,13.3691,0.586238,254.015,253.631,247.081,247.081
41.58575892448425,0.016001953184604647,0.9999847412109375,0.0,6,-0.00300152,6.0,17139.7,276.582,-0.807984,19.4328,3.50926,7.77078,12.7378,28.1252,200.0,200.0,200.0,192.6,176.621,163.102,150.189,135.708,108.231,89.3987,72.9271,54.0794,37.9691,26.917,13.3402,0.586543,254.161,253.793,247.311,247.311
41.60764789581299,0.019988277927041054,0.9999847412109375,0.0,6,-0.000660245,6.0,17158.7,276.741,-0.792943,19.6695,3.52008,7.83282,12.9147,29.5595,200.0,200.0,200.0,194.165,177.79,163.973,151.329,137.423,112.265,90.0722,72.9149,53.9066,37.7483,26.7617,13.3079,0.586248,254.334,253.938,247.588,247.588
41.62528204917908,0.027616359293460846,0.9999847412109375,0.0,6,0.00122517,6.0,17173.9,276.903,-0.845559,19.8772,3.53415,7.89556,13.0822,30.7786,126.74,200.0,200.0,196.789,179.836,165.583,153.057,139.727,116.969,91.4083,73.1515,53.8682,37.594,26.6282,13.2769,0.585388,254.531,254.031,247.809,247.809
41.65057611465454,0.03101206421852112,0.9999847412109375,0.0,6,0.00255745,6.0,17154.5,277.099,-0.914204,20.2411,3.55029,7.95473,13.2285,31.4714,118.974,200.0,200.0,200.0,183.029,168.152,155.464,142.698,121.844,93.7761,73.7039,53.9987,37.5214,26.5233,13.2491,0.584056,254.755,254.13,247.535,247.535
41.66885423660278,0.03460461050271988,0.9999847412109375,0.0,6,0.003524,6.0,17168.4,277.256,-1.02425,20.5851,3.56863,8.01309,13.3628,31.8021,112.572,200.0,200.0,200.0,187.16,171.496,158.262,145.982,126.607,97.5139,74.5247,54.2557,37.5092,26.4359,13.2227,0.582331,254.948,254.238,247.729,247.729
41.68865919113159,0.03839399814605713,0.9999847412109375,0.0,6,0.0041396,6.0,17190.5,277.403,-1.17049,20.8006,3.58849,8.06936,13.4834,31.8224,106.859,200.0,200.0,200.0,192.349,175.697,161.709,149.535,131.343,104.114,75.7214,54.6449,37.5598,26.3686,13.1981,0.580276,255.121,254.33,248.042,248.042
41.70990991592407,0.03839399814605713,0.9999847412109375,0.0,6,0.00389164,6.0,17210.9,277.543,-1.3762,21.1573,3.60715,8.10813,13.5443,31.3082,100.843,200.0,200.0,200.0,199.95,181.862,166.787,154.032,136.885,113.478,77.7506,55.3331,37.7475,26.367,13.1824,0.577998,255.369,254.361,248.342,248.342
41.73029899597168,0.03839399814605713,0.9999847412109375,0.0,6,0.00299614,6.0,17218.5,277.692,-1.71968,21.4318,3.62451,8.13297,13.5588,30.4767,94.1885,200.0,200.0,200.0,200.0,190.004,173.469,159.594,142.831,121.76,80.7921,56.2867,38.0526,26.4218,13.1736,0.575587,255.563,254.418,248.514,248.514
41.74558997154236,0.03839399814605713,0.9999847412109375,0.0,6,0.00258034,6.0,17194.7,277.878,-1.81438,21.9667,3.64383,8.17058,13.6122,29.8778,88.2843,200.0,200.0,200.0,200.0,198.055,180.009,164.99,147.685,128.035,84.3208,57.1747,38.325,26.4634,13.1586,0.573151,255.669,254.634,248.112,248.112
41.76941251754761,0.03839399814605713,0.9999847412109375,0.0,6,0.00275582,6.0,17210.3,278.018,-1.77222,22.395,3.66483,8.22198,13.7094,29.4949,83.3032,200.0,200.0,200.0,200.0,200.0,186.065,169.937,151.562,132.809,88.4464,57.9497,38.5467,26.4851,13.1368,0.57077,255.736,254.83,248.331,248.331
41.78502655029297,0.032783732190728186,0.9999847412109375,0.0,6,0.00305622,6.0,17236.5,278.146,-1.72723,22.7087,3.68684,8.278,13.8191,29.1211,78.6335,200.0,200.0,200.0,200.0,200.0,192.455,175.119,155.525,137.027,94.449,58.7538,38.7807,26.5153,13.113,0.568339,255.844,254.978,248.705,248.705
41.81066870689392,0.025992322340607645,0.9999847412109375,0.0,6,0.00273531,6.0,17257.3,278.275,-1.83722,23.1185,3.70667,8.31828,13.8802,28.4906,73.2899,108.633,200.0,200.0,200.0,200.0,200.0,182.005,160.782,141.76,103.591,59.8604,39.142,26.6058,13.0966,0.565882,256.053,255.035,249.01,249.01
41.82628130912781,0.02141547352075577,0.9999847412109375,0.0,6,0.00270336,6.0,17229.9,278.458,-1.96163,23.5492,3.72833,8.36759,13.9569,27.9494,68.5419,100.622,200.0,200.0,200.0,200.0,200.0,189.029,166.083,145.871,110.366,60.9573,39.4956,26.6949,13.0761,0.563344,256.15,255.203,248.678,248.678
41.846243381500244,0.02141547352075577,0.9999847412109375,0.0,6,0.00416344,6.0,17230.0,278.612,-1.71375,24.201,3.75616,8.45787,14.1158,27.8506,65.9156,96.4151,200.0,200.0,200.0,200.0,200.0,193.389,169.284,148.201,114.023,61.6071,39.6458,26.6984,13.0365,0.560745,256.15,255.546,248.619,248.619
41.86636710166931,0.02141547352075577,0.9999847412109375,0.0,6,0.00640076,6.0,17250.5,278.747,-1.3907,24.6796,3.7889,8.57438,14.3032,27.9378,64.3275,93.5465,200.0,200.0,200.0,200.0,200.0,196.251,171.321,149.626,116.255,62.0538,39.695,26.6617,12.9859,0.557943,256.192,255.761,248.904,248.904
41.88643479347229,0.02141547352075577,0.9999847412109375,0.0,6,0.00854462,6.0,17279.4,278.871,-1.16868,25.0972,3.8243,8.69643,14.4555,27.9472,62.6597,90.6914,200.0,200.0,200.0,200.0,200.0,199.527,173.659,151.273,118.423,62.649,39.7785,26.6435,12.9354,0.554805,256.333,255.88,249.324,249.324
41.909457206726074,0.02141547352075577,0.9999847412109375,0.0,6,0.0098893,6.0,17300.3,278.999,-1.18254,25.5457,3.85995,8.78856,14.5192,27.6796,60.1861,87.1476,114.339,200.0,200.0,200.0,200.0,200.0,177.68,154.18,121.422,63.759,40.0136,26.6939,12.8995,0.551295,256.545,255.905,249.631,249.631
41.9276225566864,0.027616359293460846,0.9999847412109375,0.0,6,0.011161,6.0,17255.4,279.198,-1.20599,26.1869,3.8985,8.86351,14.5528,27.3644,57.7677,83.6817,103.524,200.0,200.0,200.0,200.0,200.0,182.147,157.395,124.293,65.1196,40.2848,26.7623,12.8701,0.547429,256.696,256.054,249.001,249.001
41.94782328605652,0.03101206421852112,0.9999847412109375,0.0,6,0.0126769,6.0,17266.9,279.329,-1.07041,26.9379,3.94058,8.92897,14.5797,27.086,55.7022,80.5308,97.3848,200.0,200.0,200.0,200.0,200.0,186.436,160.447,126.702,66.6099,40.5411,26.8276,12.844,0.543274,256.813,256.216,249.148,249.148
41.96896934509277,0.03101206421852112,0.9999847412109375,0.0,6,0.0139224,6.0,17294.3,279.446,-1.0523,27.4287,3.98195,8.97106,14.5613,26.7072,53.4868,77.2033,91.9907,200.0,200.0,200.0,200.0,200.0,191.665,164.164,129.28,68.5975,40.8712,26.9274,12.8276,0.538829,256.95,256.296,249.533,249.533
41.987770795822144,0.03101206421852112,0.9999847412109375,0.0,6,0.0146043,6.0,17324.9,279.556,-1.1556,27.8402,4.01485,8.98291,14.4792,26.1692,50.9224,73.4675,86.7143,200.0,200.0,200.0,200.0,200.0,198.712,169.163,132.338,71.5102,41.3314,27.084,12.8243,0.534058,257.133,256.335,249.979,249.979
42.007896900177,0.03101206421852112,0.9999847412109375,0.0,6,0.0111276,6.0,17348.0,279.674,-1.41676,28.0895,4.03833,8.96298,14.3318,25.4796,48.0551,69.3327,81.5555,100.692,200.0,200.0,200.0,200.0,200.0,175.794,136.188,75.9767,41.943,27.3052,12.8354,0.529404,257.301,256.371,250.318,250.318
42.029051542282104,0.03101206421852112,0.9999847412109375,0.0,6,0.00739115,6.0,17310.1,279.854,-1.50541,28.6403,4.05551,8.93493,14.184,24.853,45.6007,65.6019,77.2761,91.4114,200.0,200.0,200.0,200.0,200.0,182.519,140.019,81.6953,42.548,27.5257,12.8505,0.525599,257.413,256.551,249.776,249.776
42.04896330833435,0.025992322340607645,0.9999847412109375,0.0,6,0.00422352,6.0,17329.4,279.972,-1.45945,29.068,4.0674,8.90599,14.0541,24.3373,43.6812,62.4727,73.6732,85.6322,200.0,200.0,200.0,200.0,200.0,188.62,143.414,86.333,43.0864,27.7222,12.8662,0.522681,257.47,256.73,250.043,250.043
42.06572413444519,0.019988277927041054,0.9999847412109375,0.0,6,0.00141877,6.0,17356.5,280.086,-1.44645,29.2495,4.07379,8.87193,13.9283,23.8793,42.0784,59.7349,70.4608,81.1782,95.6696,200.0,200.0,200.0,200.0,194.383,146.557,90.0674,43.6028,27.9083,12.8843,0.520581,257.535,256.88,250.436,250.436
42.08778691291809,0.013590455055236816,0.9999847412109375,0.0,6,-0.00104553,6.0,17377.9,280.206,-1.41682,29.3923,4.07567,8.83444,13.8079,23.4726,40.7305,57.3377,67.5999,77.5259,88.9935,200.0,200.0,200.0,200.0,200.0,149.422,93.1076,44.1252,28.0827,12.9041,0.519176,257.613,257.039,250.75,250.75
42.10754704475403,0.013590455055236816,0.9999847412109375,0.0,6,-0.00314409,6.0,17392.3,280.335,-1.38653,29.4827,4.07375,8.79534,13.6958,23.1189,39.6087,55.2655,65.0846,74.4627,84.3057,200.0,200.0,200.0,200.0,200.0,151.915,95.542,44.6453,28.241,12.9247,0.518397,257.688,257.202,250.962,250.962
42.12765979766846,0.012458521500229837,0.9999847412109375,0.0,6,-0.00470955,6.0,17365.8,280.509,-1.21117,29.7829,4.06903,8.7594,13.6025,22.8442,38.7572,53.5889,63.0017,71.9837,80.8871,200.0,200.0,200.0,200.0,200.0,153.73,97.2918,45.1188,28.3678,12.9435,0.518208,257.774,257.408,250.583,250.583
42.14811158180237,0.011375798285007477,0.9999847412109375,0.0,6,-0.00583154,6.0,17378.8,280.638,-1.00206,30.0514,4.06158,8.72508,13.5229,22.6287,38.0909,52.2067,61.2501,69.9105,78.2211,97.493,200.0,200.0,200.0,200.0,154.938,98.5112,45.5568,28.4686,12.9612,0.518555,257.854,257.589,250.764,250.764
42.16760587692261,0.011375798285007477,0.9999847412109375,0.0,6,-0.00677997,6.0,17398.8,280.761,-0.83425,30.1915,4.05112,8.68729,13.4425,22.4263,37.4679,50.9301,59.6256,67.9907,75.837,91.7027,200.0,200.0,200.0,200.0,155.925,99.4841,46.0185,28.5636,12.9804,0.519345,257.949,257.726,251.051,251.051
42.18650579452515,0.01034228540956974,0.9999847412109375,0.0,6,-0.0078004,6.0,17415.6,280.886,-0.720635,30.3393,4.03721,8.64113,13.3478,22.1971,36.7816,49.6137,57.9642,66.0381,73.4308,87.1129,200.0,200.0,200.0,200.0,157.071,100.439,46.568,28.6724,13.0038,0.520514,258.076,257.838,251.298,251.298
42.210190773010254,0.01034228540956974,0.9999847412109375,0.0,6,-0.00896007,6.0,17427.6,281.015,-0.685675,30.4648,4.01991,8.58574,13.2363,21.9327,36.0158,48.2262,56.2308,64.0165,70.9469,82.9035,200.0,200.0,200.0,200.0,158.493,101.436,47.2322,28.8004,13.0321,0.522023,258.209,257.941,251.473,251.473
42.22767114639282,0.01034228540956974,0.9999847412109375,0.0,6,-0.0100616,6.0,17409.5,281.176,-0.639855,30.7354,3.99997,8.52588,13.1197,21.6665,35.2538,46.8811,54.5518,62.0562,68.5876,79.2961,200.0,200.0,200.0,200.0,159.873,102.312,47.9673,28.9309,13.0626,0.52388,258.34,258.085,251.215,251.215
42.24866843223572,0.01034228540956974,0.9999847412109375,0.0,6,-0.0110553,6.0,17420.5,281.304,-0.581889,30.9924,3.97782,8.46326,13.0019,21.4076,34.5146,45.5983,52.9512,60.1837,66.3771,76.1532,200.0,200.0,200.0,200.0,161.12,103.036,48.7637,29.0599,13.0946,0.526056,258.454,258.222,251.369,251.369
42.26816010475159,0.008422890678048134,0.9999847412109375,0.0,6,-0.0120304,6.0,17437.9,281.425,-0.543502,31.148,3.95328,8.39614,12.8779,21.142,33.7644,44.3308,51.3751,58.3394,64.2262,73.2205,200.0,200.0,200.0,200.0,162.381,103.687,49.6559,29.2086,13.1289,0.52853,258.565,258.338,251.615,251.615
42.28788137435913,0.005912876129150391,0.9999847412109375,0.0,6,-0.0129626,6.0,17453.9,281.547,-0.526757,31.2819,3.92665,8.32548,12.75,20.8745,33.0124,43.0883,49.8357,56.5378,62.1447,70.4828,200.0,200.0,200.0,200.0,163.611,104.251,50.6469,29.3802,13.1651,0.53128,258.675,258.459,251.85,251.85
42.3096227645874,0.005174625292420388,0.9999847412109375,0.0,6,-0.013779,6.0,17466.1,281.673,-0.512479,31.3832,3.89848,8.25354,12.6231,20.6174,32.2825,41.9018,48.3681,54.8191,60.1812,67.9888,89.8907,200.0,200.0,200.0,164.673,104.68,51.7192,29.5678,13.2019,0.534273,258.776,258.587,252.028,252.028
42.33097767829895,0.005174625292420388,0.9999847412109375,0.0,6,-0.0143951,6.0,17454.3,281.825,-0.461218,31.5859,3.86928,8.18262,12.5021,20.3835,31.597,40.8014,47.0068,53.2217,58.38,65.7829,82.3121,200.0,200.0,200.0,165.4,104.916,52.8465,29.7634,13.2379,0.537485,258.883,258.739,251.861,251.861
42.34648013114929,0.005174625292420388,0.9999847412109375,0.0,6,-0.0148652,6.0,17465.0,281.95,-0.389157,31.7756,3.83885,8.1114,12.3839,20.1594,30.9339,39.7524,45.7147,51.7059,56.685,63.7603,78.3007,200.0,200.0,200.0,165.883,105.022,54.0476,29.9724,13.2739,0.540912,258.989,258.878,252.011,252.011
42.36935901641846,0.004485584795475006,0.9999847412109375,0.0,6,-0.0153096,6.0,17480.7,282.071,-0.334084,31.882,3.80717,8.03804,12.2631,19.9097,30.2588,38.7089,44.4343,50.2078,55.0143,61.7841,74.9137,200.0,200.0,200.0,166.334,105.115,55.202,30.2058,13.3109,0.544504,259.098,258.994,252.235,252.235
42.38863921165466,0.0022215262055397035,0.9999847412109375,0.0,6,-0.0157345,6.0,17494.4,282.193,-0.300382,31.9657,3.77428,7.96253,12.1396,19.6327,29.5715,37.6658,43.1626,48.7223,53.3603,59.8431,71.8611,199.496,200.0,200.0,166.763,105.199,56.2516,30.4648,13.3491,0.548253,259.209,259.11,252.436,252.436
42.411166191101074,0.0013847589492797852,0.9999847412109375,0.0,6,-0.0160506,6.0,17505.3,282.318,-0.273733,32.0265,3.74058,7.88696,12.0183,19.3423,28.8947,36.6551,41.9358,47.2905,51.7758,58.014,69.2172,197.572,200.0,200.0,167.004,105.21,57.1712,30.7414,13.387,0.55215,259.31,259.236,252.595,252.595
42.42760229110718,0.0010401908308267595,0.9999847412109375,0.0,6,-0.0162028,6.0,17499.5,282.46,-0.224326,32.156,3.70679,7.81358,11.9036,19.0477,28.2418,35.6938,40.7724,45.9357,50.2906,56.3346,66.9853,195.778,200.0,200.0,166.939,105.103,57.9463,31.0284,13.4235,0.55613,259.416,259.379,252.514,252.514
42.445377588272095,0.0010401908308267595,0.9999847412109375,0.0,6,-0.0162595,6.0,17509.2,282.584,-0.164665,32.2801,3.67259,7.74071,11.7914,18.7398,27.5939,34.7532,39.6399,44.62,48.8575,54.7329,64.9544,194.057,200.0,200.0,166.702,104.929,58.6159,31.3336,13.4594,0.560201,259.524,259.51,252.65,252.65
42.46950650215149,0.0010401908308267595,0.9999847412109375,0.0,6,-0.0163024,6.0,17522.2,282.705,-0.118456,32.3507,3.63793,7.66707,11.6674,18.4101,26.9318,33.8074,38.5061,43.3056,47.4291,53.1395,62.9518,192.344,200.0,200.0,166.455,104.747,59.2162,31.6659,13.4956,0.564333,259.634,259.624,252.836,252.836
42.48599934577942,0.0010401908308267595,0.9999847412109375,0.0,6,-0.0163611,6.0,17533.8,282.827,-0.0884462,32.3979,3.60286,7.59236,11.5227,18.0568,26.2497,32.847,37.3614,41.9819,45.9907,51.5308,60.9329,190.618,199.925,200.0,166.671,104.578,59.7646,32.0297,13.5358,0.568509,259.748,259.735,253.006,253.006
42.51023268699646,0.0010401908308267595,0.9999847412109375,0.0,6,-0.0164402,6.0,17543.3,282.951,-0.0716168,32.4305,3.56736,7.51599,11.3582,17.6808,25.5495,31.8724,36.2048,40.6472,44.5417,49.9058,58.8924,188.873,198.11,200.0,200.0,104.426,60.2653,32.4268,13.5844,0.572728,259.863,259.845,253.144,253.144
42.52839231491089,0.0010401908308267595,0.9999847412109375,0.0,6,-0.0165313,6.0,17543.9,283.084,-0.0621333,32.4983,3.53148,7.42899,11.1744,17.2837,24.8334,30.8871,35.0394,39.3086,43.0853,48.2725,56.8493,187.119,196.285,200.0,200.0,104.284,60.7209,32.858,13.6414,0.576988,259.983,259.962,253.155,253.155
42.549267292022705,0.0010401908308267595,0.9999847412109375,0.0,6,-0.0166281,6.0,17552.9,283.207,-0.0566138,32.561,3.49537,7.32839,10.9731,16.8687,24.103,29.8932,33.869,37.9685,41.6273,46.6365,54.8141,185.359,194.456,200.0,200.0,104.146,61.1294,33.3238,13.7069,0.581274,260.1,260.078,253.281,253.281
42.57011437416077,0.0010401908308267595,0.9999847412109375,0.0,6,-0.0167287,6.0,17563.2,283.328,-0.053821,32.5963,3.45874,7.21425,10.7549,16.4355,23.3608,28.8927,32.6948,36.6282,40.1677,44.999,52.7863,183.594,192.623,200.0,200.0,104.013,61.4954,33.8263,13.7808,0.585593,260.213,260.189,253.43,253.43
42.58658695220947,0.00030174851417541504,0.9999847412109375,0.0,6,-0.0168384,6.0,17571.5,283.448,-0.05208,32.7689,3.41661,7.08705,10.5202,15.9855,22.6051,27.884,31.5147,35.2863,38.7061,43.3576,50.767,181.822,190.784,200.0,200.0,103.887,61.8228,34.3675,13.8635,0.589944,260.333,260.307,253.552,253.552
42.60769248008728,0.0,0.9999847412109375,0.0,6,-0.0193632,6.0,17577.9,283.569,-0.0526991,32.9882,3.36752,6.94771,10.2711,15.5222,21.8455,26.8788,30.3442,33.9605,37.2657,41.7457,48.8084,180.083,188.98,199.979,200.0,103.729,62.0953,34.928,13.954,0.594589,260.438,260.423,253.644,253.644
42.627848625183105,-0.0004978239536285401,0.9999847412109375,0.0,6,-0.0226253,6.0,17555.3,283.719,-0.0373029,33.3718,3.31192,6.79747,10.0096,15.0501,21.0854,25.8811,29.1861,32.6563,35.8503,40.17,46.9217,178.387,187.217,198.113,200.0,103.529,62.312,35.4493,14.0522,0.600057,260.559,260.557,253.322,253.322
42.64632320404053,-0.0010389462113380432,0.9999847412109375,0.0,6,-0.0258697,6.0,17563.5,283.833,-0.0217728,33.7655,3.24957,6.63556,9.73445,14.5641,20.3163,24.8806,28.0277,31.3576,34.4411,38.6028,45.0549,176.702,185.466,196.261,200.0,103.317,62.4886,35.9336,14.1589,0.6064,260.672,260.673,253.434,253.434
42.66817569732666,-0.0017769098281860353,0.9999847412109375,0.0,6,-0.0290588,6.0,17578.7,283.939,-0.0099759,34.1725,3.18082,6.46319,9.4472,14.0689,19.5458,23.8853,26.8792,30.0768,33.0546,37.0651,43.2464,175.06,183.756,194.455,200.0,103.062,62.614,36.3772,14.2731,0.613591,260.772,260.788,253.649,253.649
42.68570876121521,-0.0022197071462869643,0.9999847412109375,0.0,6,-0.0321205,6.0,17596.3,284.038,0.0143066,34.6035,3.10562,6.28111,9.15014,13.5682,18.7807,22.9052,25.7534,28.8316,31.7129,35.5909,41.5446,173.51,182.135,192.748,200.0,102.715,62.669,36.7722,14.3943,0.621663,260.85,260.897,253.904,253.904
42.70611810684204,-0.0022197071462869643,0.9999847412109375,0.0,6,-0.035116,6.0,17570.8,284.185,0.049848,35.0851,3.02448,6.0898,8.84297,13.0597,18.0141,21.9296,24.6367,27.6063,30.3935,34.1462,39.8955,172.007,180.56,191.093,200.0,102.32,62.6746,37.1265,14.5226,0.630539,260.95,261.01,253.555,253.555
42.72758984565735,-0.0022197071462869643,0.9999847412109375,0.0,6,-0.0381268,6.0,17580.8,284.289,0.0710726,35.6442,2.93738,5.8882,8.52323,12.5383,17.2358,20.9456,23.5127,26.3763,29.0676,32.6905,38.2232,170.491,178.972,189.424,200.0,101.931,62.6571,37.4531,14.6593,0.640198,261.069,261.126,253.679,253.679
42.74648380279541,-0.002711714804172516,0.9999847412109375,0.0,6,-0.0411542,6.0,17602.4,284.383,0.0847326,36.0073,2.84349,5.67507,8.18961,12.0007,16.443,19.947,22.3809,25.1365,27.7273,31.2126,36.5173,51.8063,177.369,187.738,200.0,101.558,62.6212,37.7552,14.8056,0.650747,261.16,261.214,253.982,253.982
42.766143560409546,-0.0038433611392974854,0.9999847412109375,0.0,6,-0.0441373,6.0,17626.4,284.477,0.0976191,36.1265,2.74384,5.45273,7.84528,11.4546,15.6456,18.9489,21.2596,23.9081,26.3998,29.7504,34.8366,48.1013,175.794,186.084,200.0,101.152,62.5469,38.0237,14.9595,0.662094,261.237,261.301,254.334,254.334
42.78531098365784,-0.005171848833560944,0.9999847412109375,0.0,6,-0.0470231,6.0,17645.3,284.578,0.123377,36.0814,2.63852,5.22223,7.49268,10.9024,14.8491,17.9576,20.1583,22.7038,25.0999,28.3246,33.2155,45.4181,174.284,184.503,200.0,100.674,62.4203,38.2528,15.1202,0.67423,261.314,261.398,254.61,254.61
42.80917739868164,-0.006697177886962891,0.9999847412109375,0.0,6,-0.0498031,6.0,17658.3,284.688,0.161382,35.9478,2.52768,4.98352,7.13177,10.3446,14.0524,16.9716,19.0759,21.5207,23.8265,26.935,31.6511,43.2008,172.844,183.0,200.0,100.121,62.2421,38.4434,15.2875,0.687159,261.396,261.505,254.805,254.805
42.82963800430298,-0.009354249015450478,0.9999847412109375,0.0,6,-0.0524276,6.0,17667.7,284.802,0.208493,35.7828,2.41193,4.73842,6.76484,9.78471,13.2614,16.0038,18.0226,20.3731,22.597,25.6015,30.177,41.4594,171.507,181.613,200.0,99.4596,62.0,38.5881,15.4599,0.700801,261.48,261.623,254.941,254.941
42.84986972808838,-0.011371681466698647,0.9999847412109375,0.0,6,-0.0549095,6.0,17675.0,284.922,0.275806,35.4437,2.29109,4.48618,6.39077,9.22001,12.4714,15.0564,16.991,19.2525,21.3986,24.3113,28.772,40.1377,170.263,180.331,200.0,98.7001,61.6995,38.6912,15.638,0.715185,261.56,261.734,255.046,255.046
42.868637561798096,-0.012454213201999666,0.9999847412109375,0.0,6,-0.0573352,6.0,17682.7,285.044,0.332628,35.0369,2.16513,4.22604,6.00792,8.64727,11.675,14.1168,15.9678,18.1386,20.2067,23.0262,27.3754,38.9384,169.052,179.085,200.0,97.905,61.3686,38.7646,15.8225,0.730281,261.657,261.846,255.158,255.158
42.88694882392883,-0.012454213201999666,0.9999847412109375,0.0,6,-0.0595449,6.0,17775.5,285.076,0.435527,34.2063,2.03458,3.96021,5.61984,8.07218,10.8836,13.2043,14.9757,17.0637,19.0633,21.8061,26.0871,39.2585,167.983,178.0,200.0,96.968,60.9644,38.7891,16.0019,0.746063,261.704,261.936,256.485,256.485
42.90771293640137,-0.012454213201999666,0.9999847412109375,0.0,6,-0.0615123,6.0,17751.8,285.236,0.564149,33.6198,1.89954,3.68829,5.22609,7.49501,10.1095,12.3179,14.0144,16.0271,17.9685,20.6547,24.9205,159.184,167.072,177.093,199.651,95.8806,60.486,38.7636,16.1655,0.762527,261.775,262.064,256.182,256.182
42.927932262420654,-0.012454213201999666,0.9999847412109375,0.0,6,-0.0634874,6.0,17729.3,285.397,0.672773,33.0721,1.75993,3.40897,4.8234,6.90642,9.34027,11.4322,13.0501,14.9815,16.8583,19.4781,23.7129,158.287,166.151,176.176,198.766,94.8056,60.0046,38.7187,16.3177,0.779617,261.896,262.199,255.842,255.842
42.95018815994263,-0.012454213201999666,0.9999847412109375,0.0,6,-0.065945,6.0,17722.1,285.547,0.67248,32.3759,1.61508,3.11877,4.40393,6.29366,8.54846,10.503,12.0219,13.8428,15.6182,18.1085,22.1534,157.077,164.902,174.888,197.405,94.0408,59.6411,38.711,16.4676,0.797338,262.044,262.278,255.732,255.732
42.96830940246582,-0.012454213201999666,0.9999847412109375,0.0,6,-0.0685962,6.0,17859.8,285.54,0.634396,31.2717,1.4653,2.82002,3.97365,5.68245,7.75467,9.56185,10.9721,12.6683,14.3262,16.655,20.4344,155.741,163.519,173.449,195.851,93.396,59.3228,38.7056,16.6103,0.815725,262.18,262.348,257.613,257.613
42.988852977752686,-0.013585955277085305,0.9999847412109375,0.0,6,-0.0708125,6.0,17907.1,285.63,0.707065,30.1418,1.31137,2.517,3.54532,5.09527,6.99394,8.66349,9.97488,11.5608,13.1206,15.324,18.9334,154.664,162.422,172.333,194.712,92.4835,58.895,38.6316,16.7342,0.834783,262.187,262.412,258.442,258.442
43.00956082344055,-0.014766907691955567,0.9999847412109375,0.0,6,-0.0726393,6.0,17826.0,285.866,0.823489,29.3722,1.15335,2.21425,3.13214,4.52967,6.26085,7.79953,9.018,10.504,11.9769,14.0812,17.5907,153.817,161.582,171.507,193.946,91.3416,58.372,38.4956,16.8401,0.854472,262.285,262.605,257.278,257.278
43.03070068359375,-0.021409824863076212,0.9999847412109375,0.0,6,-0.0727075,6.0,17780.9,286.074,0.874263,28.362,0.994385,1.91968,2.72649,3.96526,5.51455,6.90464,8.01268,9.37099,10.724,12.6665,15.924,152.683,160.423,170.322,192.718,90.4839,57.9589,38.3949,16.9439,0.874685,262.409,262.703,256.601,256.601
43.046639919281006,-0.02928300052881241,0.9999847412109375,0.0,6,-0.0688866,6.0,17886.2,286.118,0.753754,27.2129,0.842438,1.63469,2.33028,3.40572,4.76196,5.98718,6.96828,8.17343,9.3777,11.1041,13.972,151.257,158.941,168.771,191.02,89.9066,57.656,38.3292,17.0461,0.894175,262.593,262.815,257.894,257.894
43.06650733947754,-0.03277674317359924,0.9999847412109375,0.0,6,-0.0641101,6.0,18030.3,286.101,0.841733,25.7321,0.699066,1.36559,1.95628,2.87865,4.05749,5.13476,6.00622,7.08577,8.17292,9.74732,12.3984,150.399,158.088,167.931,190.238,88.7787,57.1273,38.1432,17.1201,0.912542,262.605,262.889,260.168,260.168
43.085608959198,-0.036467327177524565,0.9999847412109375,0.0,6,-0.0578473,6.0,17998.6,286.285,1.20035,24.6936,0.565002,1.11388,1.60664,2.38851,3.4076,4.35972,5.14283,6.13069,7.14674,8.65908,11.3503,150.432,158.224,168.212,190.908,86.8407,56.2603,37.7861,17.1559,0.929698,262.549,263.151,259.739,259.739
43.10987448692322,-0.036467327177524565,0.9999847412109375,0.0,6,-0.0511611,6.0,17866.6,286.586,1.66941,23.6721,0.440452,0.877118,1.27488,1.9172,2.77475,3.59633,4.2867,5.17873,6.11873,7.57089,10.3773,150.734,158.661,168.838,192.034,84.7379,55.3111,37.376,17.1726,0.945516,262.612,263.357,257.877,257.877
43.12639617919922,-0.036467327177524565,0.9999847412109375,0.0,6,-0.0460694,6.0,17811.1,286.802,1.69762,22.8224,0.324829,0.651764,0.952896,1.44572,2.1158,2.76802,3.32445,4.05134,4.82865,6.04386,8.43175,150.062,158.016,168.238,191.573,83.5072,54.7157,37.1152,17.2068,0.960007,262.786,263.452,257.144,257.144
43.14573073387146,-0.036467327177524565,0.9999847412109375,0.0,6,-0.0415061,6.0,17983.3,286.777,1.59968,21.3127,0.21875,0.441895,0.649796,0.993698,1.46867,1.9389,2.3435,2.8783,3.45493,4.36144,6.11012,149.063,157.008,167.225,190.575,82.5509,54.2302,36.8909,17.2392,0.97318,263.058,263.496,259.411,259.411
43.16650700569153,-0.036467327177524565,0.9999847412109375,0.0,6,-0.0355104,6.0,18085.7,286.805,1.83601,19.9506,0.122681,0.250305,0.370697,0.573898,0.861328,1.1534,1.41027,1.7575,2.13931,2.75336,3.97398,148.951,156.988,167.337,191.051,80.8986,53.4428,36.5143,17.235,0.985036,263.062,263.613,261.208,261.208
43.18592834472656,-0.022886039316654207,0.9999847412109375,0.0,6,-0.028663,6.0,17994.8,287.079,2.17176,18.9578,0.037384,0.0770874,0.115303,0.181297,0.277504,0.378586,0.470306,0.598186,0.742792,0.983437,1.47902,3.73854,157.58,168.151,200.0,78.8879,52.4894,36.0477,17.2048,0.995468,263.142,263.895,259.571,259.571
43.20907711982727,-0.010338360071182252,0.9999847412109375,0.0,6,-0.0227316,6.0,17865.0,287.378,2.34437,18.0469,-1.0,-1.0,-1.0,-1.0,-1.0,-1.0,-1.0,-1.0,-1.0,-1.0,-1.0,-1.0,-1.0,-1.0,-1.0,-1.0,-1.0,-1.0,-1.0,1.00445,263.331,264.039,257.895,257.895
43.22863173484802,-0.005171848833560944,0.9999847412109375,0.0,6,-0.0187624,6.0,17954.6,287.444,1.99533,17.2286,-1.0,-1.0,-1.0,-1.0,-1.0,-1.0,-1.0,-1.0,-1.0,-1.0,-1.0,-1.0,-1.0,-1.0,-1.0,-1.0,-1.0,-1.0,-1.0,1.01197,263.772,264.088,258.924,258.924
43.24820017814636,-0.004482999816536904,0.9999847412109375,0.0,6,-0.0149377,6.0,17950.0,287.607,1.72897,16.1672,-1.0,-1.0,-1.0,-1.0,-1.0,-1.0,-1.0,-1.0,-1.0,-1.0,-1.0,-1.0,-1.0,-1.0,-1.0,-1.0,-1.0,-1.0,-1.0,1.01819,263.977,264.119,259.091,259.091
43.267963886260986,-0.004482999816536904,0.9999847412109375,0.0,6,-0.0112231,6.0,17956.9,287.745,1.4544,15.52,-1.0,-1.0,-1.0,-1.0,-1.0,-1.0,-1.0,-1.0,-1.0,-1.0,-1.0,-1.0,-1.0,-1.0,-1.0,-1.0,-1.0,-1.0,-1.0,1.02313,264.166,264.254,259.455,259.455
43.28916907310486,-0.004482999816536904,0.9999847412109375,0.0,6,-0.00788194,6.0,17916.8,287.975,1.09574,14.9738,-1.0,-1.0,-1.0,-1.0,-1.0,-1.0,-1.0,-1.0,-1.0,-1.0,-1.0,-1.0,-1.0,-1.0,-1.0,-1.0,-1.0,-1.0,-1.0,1.02684,264.398,264.424,258.396,258.396
43.308635234832764,-0.005171848833560944,0.9999847412109375,0.0,6,-0.00485641,6.0,17841.1,288.214,0.720746,14.6862,-1.0,-1.0,-1.0,-1.0,-1.0,-1.0,-1.0,-1.0,-1.0,-1.0,-1.0,-1.0,-1.0,-1.0,-1.0,-1.0,-1.0,-1.0,-1.0,1.02937,264.609,264.54,257.468,257.468
43.32764410972595,-0.010338360071182252,0.9999847412109375,0.0,6,-0.001571,6.0,17984.0,288.217,0.488726,14.0822,-1.0,-1.0,-1.0,-1.0,-1.0,-1.0,-1.0,-1.0,-1.0,-1.0,-1.0,-1.0,-1.0,-1.0,-1.0,-1.0,-1.0,-1.0,-1.0,1.03076,264.734,264.726,259.366,259.366
43.34585881233215,-0.013585955277085305,0.9999847412109375,0.0,6,0.00214737,6.0,17904.2,288.46,0.350104,13.7399,-1.0,-1.0,-1.0,-1.0,-1.0,-1.0,-1.0,-1.0,-1.0,-1.0,-1.0,-1.0,-1.0,-1.0,-1.0,-1.0,-1.0,-1.0,-1.0,1.03108,264.833,264.92,258.366,258.366
43.36812233924866,-0.013585955277085305,0.9999847412109375,0.0,6,0.00656765,6.0,17895.7,288.622,0.38681,13.4979,-1.0,-1.0,-1.0,-1.0,-1.0,-1.0,-1.0,-1.0,-1.0,-1.0,-1.0,-1.0,-1.0,-1.0,-1.0,-1.0,-1.0,-1.0,-1.0,1.03028,264.876,265.101,258.339,258.339
43.39065742492676,-0.013585955277085305,0.9999847412109375,0.0,6,0.0111939,6.0,17966.7,288.708,0.490676,13.0432,-1.0,-1.0,-1.0,-1.0,-1.0,-1.0,-1.0,-1.0,-1.0,-1.0,-1.0,-1.0,-1.0,-1.0,-1.0,-1.0,-1.0,-1.0,-1.0,1.02833,265.017,265.306,259.139,259.139
43.40627694129944,-0.013585955277085305,0.9999847412109375,0.0,6,0.0158784,6.0,17910.2,288.923,0.547204,13.001,-1.0,-1.0,-1.0,-1.0,-1.0,-1.0,-1.0,-1.0,-1.0,-1.0,-1.0,-1.0,-1.0,-1.0,-1.0,-1.0,-1.0,-1.0,-1.0,1.0252,265.155,265.431,258.411,258.411
43.42584586143494,-0.013585955277085305,0.9999847412109375,0.0,6,0.020776,6.0,17949.8,289.029,0.660968,12.616,-1.0,-1.0,-1.0,-1.0,-1.0,-1.0,-1.0,-1.0,-1.0,-1.0,-1.0,-1.0,-1.0,-1.0,-1.0,-1.0,-1.0,-1.0,-1.0,1.02088,265.238,265.586,259.099,259.099
43.44850826263428,-0.013585955277085305,0.9999847412109375,0.0,6,0.0257031,6.0,17974.2,289.159,0.723361,12.5592,-1.0,-1.0,-1.0,-1.0,-1.0,-1.0,-1.0,-1.0,-1.0,-1.0,-1.0,-1.0,-1.0,-1.0,-1.0,-1.0,-1.0,-1.0,-1.0,1.01532,265.397,265.766,259.262,259.262
43.467987298965454,-0.013585955277085305,0.9999847412109375,0.0,6,0.0306327,6.0,17929.4,289.36,0.767555,12.5943,-1.0,-1.0,-1.0,-1.0,-1.0,-1.0,-1.0,-1.0,-1.0,-1.0,-1.0,-1.0,-1.0,-1.0,-1.0,-1.0,-1.0,-1.0,-1.0,1.00849,265.538,265.874,258.629,258.629
43.48656249046326,-0.014766907691955567,0.9999847412109375,0.0,6,0.035547,6.0,17944.5,289.478,0.804877,12.581,-1.0,-1.0,-1.0,-1.0,-1.0,-1.0,-1.0,-1.0,-1.0,-1.0,-1.0,-1.0,-1.0,-1.0,-1.0,-1.0,-1.0,-1.0,-1.0,1.00038,265.649,266.004,259.113,259.113
43.508543968200684,-0.01998282074928284,0.9999847412109375,0.0,6,0.0404436,6.0,17957.9,289.62,0.772372,12.7822,0.0802917,0.189713,0.324425,0.672676,1.99783,100.082,107.115,112.667,116.642,120.917,125.528,130.515,138.22,148.249,192.811,65.473,44.8161,31.3754,16.0835,0.990926,265.816,266.177,259.006,259.006
43.53133797645569,-0.022886039316654207,0.9999847412109375,0.0,6,0.0456073,6.0,17931.7,289.788,0.771814,12.9244,0.176758,0.422943,0.733887,1.59228,7.14225,99.7699,106.517,111.929,115.909,120.191,124.812,129.813,137.545,147.622,191.028,64.3297,44.1701,30.9874,15.9274,0.980143,265.907,266.31,258.751,258.751
43.54908490180969,-0.022886039316654207,0.9999847412109375,0.0,6,0.0513684,6.0,17944.5,289.909,0.854507,13.2472,0.287231,0.697117,1.2321,2.83847,53.7152,99.6873,106.153,111.458,115.462,119.773,124.429,129.472,137.279,147.467,189.153,62.9947,43.4291,30.5512,15.7593,0.967941,265.941,266.491,258.998,258.998
43.567652463912964,-0.022886039316654207,0.9999847412109375,0.0,6,0.0576321,6.0,18002.2,289.984,1.04634,13.3893,0.412903,1.01853,1.83855,4.60161,84.2476,99.7617,105.965,111.215,115.261,119.621,124.335,129.445,137.368,147.727,187.193,61.5149,42.6133,30.0755,15.5806,0.954239,266.008,266.673,259.724,259.724
43.587870359420776,-0.022886039316654207,0.9999847412109375,0.0,6,0.0639502,6.0,17938.9,290.183,1.15721,14.0235,0.554565,1.39137,2.5723,7.06178,86.0449,99.7737,105.753,111.007,115.098,119.512,124.287,129.47,137.517,148.061,185.218,60.0423,41.7922,29.5928,15.397,0.938985,266.141,266.807,258.822,258.822
43.60598540306091,-0.022886039316654207,0.9999847412109375,0.0,6,0.0699374,6.0,17947.7,290.301,1.16551,14.4669,0.712708,1.81858,3.44493,9.89651,86.8893,99.5739,105.371,110.66,114.786,119.241,124.067,129.309,137.457,148.154,81.5773,58.6886,41.0194,29.1288,15.2134,0.922134,266.284,266.89,258.99,258.99
43.6287522315979,-0.022886039316654207,0.9999847412109375,0.0,6,0.0757071,6.0,17975.0,290.398,1.13683,14.8994,0.887634,2.29901,4.40355,13.098,87.2957,99.2328,104.903,110.224,114.379,118.868,123.734,129.026,137.262,148.092,78.7715,57.4104,40.2753,28.6744,15.028,0.903681,266.419,266.975,259.415,259.415
43.64622449874878,-0.022886039316654207,0.9999847412109375,0.0,6,0.0806329,6.0,17994.2,290.512,1.14647,15.1924,1.0773,2.81026,5.4335,16.8064,87.5637,98.8951,104.487,109.846,114.034,118.563,123.477,128.826,137.161,148.143,76.2188,56.1123,39.5147,28.2081,14.8367,0.883677,266.513,267.09,259.616,259.616
43.66531753540039,-0.022886039316654207,0.9999847412109375,0.0,6,0.0832421,6.0,17996.6,290.644,1.21655,15.2938,1.27467,3.34899,6.54099,21.1523,87.7432,98.5659,104.129,109.532,113.759,118.334,123.303,128.717,137.167,148.322,73.7971,54.7951,38.7381,27.7299,14.6397,0.862789,266.594,267.2,259.712,259.712
43.68823742866516,-0.022886039316654207,0.9999847412109375,0.0,6,0.0857426,6.0,18009.8,290.768,1.24168,15.3949,1.47935,3.91386,7.72103,26.1553,87.7591,98.1583,103.734,109.177,113.44,118.058,123.079,128.555,137.113,148.434,71.6134,53.5186,37.9746,27.2543,14.4398,0.841228,266.731,267.313,259.87,259.87
43.70602297782898,-0.022886039316654207,0.9999847412109375,0.0,6,0.0881774,6.0,18025.4,290.89,1.26405,15.3868,1.69107,4.50476,8.97628,31.9462,87.6604,97.7092,103.318,108.801,113.098,117.758,122.828,128.364,137.029,148.518,69.5692,52.2703,37.2189,26.7788,14.2366,0.819031,266.849,267.415,260.097,260.097
43.730875730514526,-0.022886039316654207,0.9999847412109375,0.0,6,0.0904929,6.0,18038.3,291.018,1.29318,15.2167,1.9097,5.12086,10.3046,38.6053,87.4447,97.2209,102.859,108.375,112.703,117.401,122.516,128.108,136.872,149.387,67.6562,51.0606,36.4765,26.3062,14.0307,0.796199,266.967,267.509,260.283,260.283
43.749045848846436,-0.022886039316654207,0.9999847412109375,0.0,6,0.0925252,6.0,18049.2,291.152,1.26906,14.9533,2.13446,5.75716,11.688,45.9924,87.0648,96.6292,102.284,107.821,112.169,116.893,122.04,127.673,136.51,173.94,65.9274,49.9249,35.7658,25.8462,13.8243,0.772769,267.112,267.594,260.442,260.442
43.76872968673706,-0.022886039316654207,0.9999847412109375,0.0,6,0.0946023,6.0,18101.3,291.242,1.29518,14.4169,2.36557,6.41926,13.1538,54.6748,86.6587,96.0582,101.731,107.293,111.664,116.415,121.599,127.276,136.194,172.115,64.2064,48.785,35.0484,25.38,13.6139,0.748796,267.21,267.692,261.198,261.198
43.78784799575806,-0.022886039316654207,0.9999847412109375,0.0,6,0.0969054,6.0,18092.7,291.4,1.35374,14.0099,2.60385,7.114,14.7326,63.2027,86.2914,95.5775,101.281,106.879,111.283,116.074,121.306,127.042,136.068,170.257,62.4164,47.6031,34.3051,24.8977,13.3975,0.724263,267.309,267.837,261.086,261.086
43.80639290809631,-0.022886039316654207,0.9999847412109375,0.0,6,0.0992667,6.0,18085.9,291.552,1.38579,13.752,2.84935,7.83983,16.4184,65.3511,85.9039,95.1249,100.863,106.501,110.941,115.776,121.062,126.863,136.005,168.389,60.6378,46.4171,33.5547,24.4087,13.1766,0.699133,267.444,267.99,260.982,260.982
43.82752776145935,-0.022886039316654207,0.9999847412109375,0.0,6,0.101478,6.0,18085.6,291.698,1.37517,13.519,3.10159,8.5911,18.1872,66.3477,85.4318,94.62,100.386,106.057,110.528,115.401,120.734,126.593,135.84,166.537,58.9485,45.2691,32.8187,23.9238,12.9535,0.673384,267.593,268.11,260.976,260.976
43.84536623954773,-0.022886039316654207,0.9999847412109375,0.0,6,0.103645,6.0,18104.6,291.821,1.33592,13.3293,3.36108,9.37177,20.0574,66.9136,84.9155,94.1038,99.8958,105.6,110.1,115.011,120.389,126.306,135.657,164.688,57.2989,44.135,32.0849,23.4368,12.7268,0.647,267.734,268.237,261.227,261.227
43.86789798736572,-0.022886039316654207,0.9999847412109375,0.0,6,0.106034,6.0,18107.8,291.96,1.35078,13.1607,3.62896,10.1939,22.0892,67.3169,84.4484,93.6808,99.5115,105.261,109.802,114.763,120.201,126.192,135.687,162.806,55.5944,42.9646,31.3277,22.9347,12.4939,0.619988,267.829,268.379,261.296,261.296
43.8857262134552,-0.022886039316654207,0.9999847412109375,0.0,6,0.108555,6.0,18108.4,292.1,1.37651,13.0874,3.9053,11.0573,24.287,67.5884,84.0273,93.3177,99.1953,104.999,109.589,114.607,120.117,126.193,162.698,160.902,53.8736,41.7777,30.5569,22.4224,12.2557,0.592329,267.944,268.526,261.304,261.304
43.9078893661499,-0.022886039316654207,0.9999847412109375,0.0,6,0.111061,6.0,18109.6,292.238,1.39227,13.0396,4.18976,11.9579,26.6342,67.7194,83.6089,92.958,98.8834,104.742,109.381,114.46,120.042,126.207,160.821,158.996,52.1856,40.6014,29.7866,21.907,12.0135,0.563999,268.07,268.651,261.32,261.32
43.92616391181946,-0.022886039316654207,0.9999847412109375,0.0,6,0.113452,6.0,18112.7,292.373,1.36674,13.0354,4.48206,12.8913,29.1123,67.7126,83.1612,92.5621,98.5308,104.44,109.125,114.259,119.91,126.158,158.952,157.102,50.5561,39.4511,29.0249,21.3926,11.7681,0.534978,268.208,268.765,261.363,261.363
43.94629693031311,-0.022886039316654207,0.9999847412109375,0.0,6,0.115851,6.0,18127.1,292.495,1.35039,12.998,4.78264,13.8644,31.7623,67.6259,82.7236,92.1788,98.1926,104.155,108.888,114.08,119.802,126.139,157.078,155.204,48.9459,38.3054,28.2609,20.874,11.5186,0.50529,268.325,268.882,261.569,261.569
43.96652436256409,-0.015997070446610452,0.9999847412109375,0.0,6,0.118313,6.0,18133.2,292.625,1.35014,12.9812,5.09208,14.8827,34.6202,67.4907,82.314,91.8306,97.8947,103.916,108.701,113.958,119.759,126.192,155.193,153.294,47.3395,37.1557,27.4902,20.3485,11.2643,0.474923,268.438,269.008,261.657,261.657
43.987600803375244,-0.0038433611392974854,0.9999847412109375,0.0,6,0.120443,6.0,18139.0,292.756,1.34403,12.9819,5.40744,15.9182,37.5397,67.2074,81.8033,91.3557,97.4529,103.515,108.338,113.642,119.501,126.027,153.346,151.43,45.8403,36.0614,26.7448,19.8333,11.009,0.443913,268.6,269.096,261.742,261.742
44.007582902908325,-0.00030107833445072176,0.9999847412109375,0.0,6,0.12157,6.0,18144.9,292.889,1.22564,12.994,5.72241,16.9101,40.1771,66.6222,80.9705,90.4761,96.5489,102.591,107.401,112.693,118.544,125.237,151.623,149.714,44.6153,35.1137,26.0747,19.3551,10.759,0.41237,268.841,269.112,261.827,261.827
44.02827048301697,0.0,0.9999847412109375,0.0,6,0.121715,6.0,18151.6,293.022,0.933691,13.0138,6.03458,17.8414,42.3193,65.768,79.8238,89.2013,95.1929,101.154,105.901,111.124,116.898,123.465,150.024,148.143,43.6734,34.2996,25.4742,18.9117,10.5145,0.380427,269.078,269.124,261.923,261.923
44.04795742034912,0.0,0.9999847412109375,0.0,6,0.121442,6.0,18158.9,293.155,0.610325,13.0354,6.34623,18.7454,43.3198,64.8028,78.5507,87.7667,93.6538,99.5104,104.173,109.302,114.973,121.313,148.473,146.63,42.903,33.5356,24.8993,18.4806,10.2712,0.348203,269.251,269.195,262.028,262.028
44.067776918411255,0.0,0.9999847412109375,0.0,6,0.121124,6.0,18166.7,293.286,0.360429,13.0562,6.65926,19.6487,43.7704,63.8206,77.2703,86.3224,92.1033,97.8531,102.43,107.464,113.028,119.211,146.924,145.119,42.2372,32.771,24.323,18.0479,10.0267,0.315775,269.38,269.308,262.14,262.14
44.08868145942688,0.0,0.9999847412109375,0.0117645263671875,6,0.120881,6.0,18174.6,293.415,0.195266,13.1241,6.97383,20.5598,43.9624,62.848,76.0178,84.9131,90.5927,96.2408,100.736,105.68,111.144,117.213,145.365,143.594,41.6603,31.9918,23.7382,17.6103,9.78054,0.283231,269.495,269.438,262.254,262.254
44.10605454444885,0.0,0.9999847412109375,0.0274505615234375,6,0.120726,6.0,18176.8,293.523,0.0979139,13.195,7.28991,21.4804,43.9896,61.8862,74.7957,83.5416,89.1251,94.6771,99.0955,103.955,109.324,115.288,143.792,142.054,41.2104,31.1976,23.1449,17.1679,9.53296,0.250596,269.402,269.365,262.292,262.292
44.12627029418945,-0.0004978239536285401,0.9999847412109375,0.0313720703125,6,0.120637,6.0,18169.6,293.598,0.0440087,13.316,7.60693,22.4077,43.8981,60.9286,73.5946,82.1963,87.6875,93.1476,97.4925,102.271,107.55,113.413,142.211,140.504,40.9852,30.3934,22.546,16.7224,9.28451,0.217918,269.223,269.2,262.185,262.185
44.14765548706055,-0.0013833228498697282,0.9999847412109375,0.023529052734375,6,0.120586,6.0,18172.3,293.64,0.0153259,13.4217,7.92456,23.3393,43.7082,59.9686,72.4059,80.8668,86.2678,91.6379,95.9112,100.61,105.803,111.569,140.625,138.948,41.1897,29.5832,21.9438,16.275,9.03552,0.185208,269.181,269.168,262.223,262.223
44.16825747489929,-0.0017769098281860353,0.9999847412109375,0.0117645263671875,6,0.120612,6.0,18180.9,293.684,0.00177342,13.535,8.24321,24.28,43.4509,59.0134,71.2401,79.5657,84.8806,90.165,94.3705,98.9949,104.105,109.779,139.03,137.38,43.2183,28.7631,21.336,15.8246,8.78578,0.152473,269.336,269.348,262.346,262.346
44.18788123130798,-0.0017769098281860353,0.9999847412109375,0.0039215087890625,6,0.120771,6.0,18191.3,293.758,0.0118856,13.6785,8.5636,25.2373,43.1453,58.0733,70.1113,78.3111,83.5462,88.752,92.895,97.4514,102.486,108.078,137.419,135.796,132.007,27.9275,20.7199,15.3697,8.53496,0.119711,269.58,269.617,262.495,262.495
44.20614242553711,-0.0022197071462869643,0.9999847412109375,0.0352935791015625,6,0.121014,6.0,18185.7,293.878,0.040622,13.8652,8.88494,26.206,42.7905,57.1451,69.0031,77.0825,82.2419,87.3728,91.4569,95.9493,100.914,106.429,135.8,134.2,130.483,27.0841,20.0996,14.9127,8.28376,0.0869625,269.791,269.847,262.421,262.421
44.22874331474304,-0.0032529328018426895,0.815673828125,0.1607818603515625,6,0.121267,6.0,18180.5,293.934,0.0646162,14.0818,9.20719,27.0819,42.3868,56.2178,67.896,75.8554,80.9392,85.9956,90.0209,94.4494,99.3438,104.782,134.179,132.604,128.956,26.2563,19.4786,14.4551,8.03212,0.0541519,269.387,269.445,262.341,262.341
44.24627375602722,-0.0038433611392974854,0.4745025634765625,0.32940673828125,6,0.121562,6.0,18077.7,293.612,0.0810268,14.2292,9.53082,27.6451,41.9446,55.2988,66.8005,74.6426,79.6522,84.6363,88.6044,92.9706,97.7973,103.16,132.555,131.003,127.423,25.4776,18.8549,13.9958,7.77981,0.0212745,267.187,267.253,260.878,260.878
44.267951250076294,-0.0059099081903696065,0.086273193359375,0.564697265625,6,0.121972,6.0,17871.4,292.561,0.106197,14.4336,9.85616,27.9981,41.479,54.4026,65.7377,73.4699,78.4111,83.3283,87.2442,91.5536,96.3186,101.615,130.924,129.393,125.875,24.7521,18.2261,13.5338,7.52694,-0.0116038,264.101,264.22,257.941,257.941
44.289082527160645,-0.011371681466698647,0.0,0.7176361083984375,6,0.122621,6.0,17566.4,290.616,0.162373,14.5785,10.1842,28.2177,41.0112,53.5527,64.7419,72.3805,77.2643,82.1264,85.9999,90.2639,94.9806,100.225,129.277,127.763,124.299,24.0783,17.588,13.0672,7.27344,-0.0444086,258.486,258.667,253.324,253.787
44.305975914001465,-0.025986099243164064,0.0,0.854888916015625,6,0.123718,6.0,17340.4,288.0,0.26116,14.8599,10.5177,28.356,40.569,52.7876,63.8692,71.4443,76.2919,81.1211,84.9707,89.2112,93.9046,99.1271,127.598,126.097,122.669,23.4308,16.9328,12.5921,7.01871,-0.0770852,252.75,252.966,250.038,250.682
44.32777810096741,-0.05551086701452732,0.0,0.933319091796875,6,0.125807,6.0,17086.5,285.045,0.456659,14.9564,10.8655,28.4813,40.2161,52.2031,63.2615,70.8401,75.6982,80.5443,84.4122,88.6773,93.4035,98.7423,125.837,124.333,120.909,22.7307,16.2361,12.0953,6.75957,-0.109717,245.94,246.345,246.249,247.186
44.34688425064087,-0.07307828813791276,0.0,0.9725341796875,6,0.129803,6.0,16830.4,281.761,0.850383,15.0006,11.2441,28.6729,40.0542,51.9615,63.1632,70.8786,75.8409,80.804,84.7745,89.1624,94.0373,125.088,123.898,122.366,118.881,21.8391,15.4618,11.5568,6.49094,-0.142454,239.989,241.29,242.332,243.74
44.36793804168701,-0.08134533800184728,0.0,0.98822021484375,6,0.136474,6.0,16571.7,278.266,1.67241,15.0739,11.6713,28.9959,40.1617,52.2186,63.8165,71.875,77.0889,82.3278,86.5361,91.2053,97.0173,122.932,121.689,120.092,116.447,20.6505,14.5897,10.9639,6.20872,-0.175549,235.668,237.496,238.282,240.331
44.38600778579712,-0.08134533800184728,0.0,0.9921417236328125,6,0.144837,6.0,16396.5,274.718,2.71255,15.2386,12.1401,29.3809,40.428,52.8403,65.0376,73.6123,79.2043,84.8586,89.4268,94.8046,121.458,120.601,119.285,117.593,113.716,19.3337,13.688,10.3451,5.91767,-0.209242,229.893,232.289,235.426,238.006
44.406466245651245,-0.08134533800184728,0.0,0.98822021484375,6,0.152835,6.0,16174.4,271.242,3.48916,15.4595,12.622,29.691,40.6315,53.4721,66.2954,75.4192,81.4187,87.5245,92.5593,120.03,119.191,118.287,116.9,115.112,110.998,18.1504,12.8493,9.74344,5.62631,-0.243716,223.742,226.514,232.384,234.764
44.42758107185364,-0.08134533800184728,0.0,0.98822021484375,6,0.159814,6.0,15929.8,267.861,4.01498,15.4925,13.0802,29.8886,40.7367,53.9786,67.3764,77.0167,83.4055,89.9483,118.704,117.89,117.013,116.069,114.619,112.746,108.42,17.1472,12.0934,9.16736,5.33656,-0.279012,217.1,220.245,228.923,231.164
44.4465594291687,-0.08134533800184728,0.0,0.98822021484375,6,0.165786,6.0,15687.8,264.361,4.27144,15.5256,13.4557,29.9846,40.762,54.3428,68.2461,78.353,85.099,117.473,116.687,115.843,114.936,113.958,112.456,110.513,106.009,16.3024,11.4172,8.61326,5.04817,-0.315044,212.111,216.455,225.547,227.558
44.46923041343689,-0.08134533800184728,0.0,0.9842987060546875,6,0.171564,6.0,15445.9,260.849,4.45733,15.5308,13.7691,30.0423,40.7975,54.7253,69.1548,79.7549,86.8825,115.504,114.691,113.819,112.88,111.87,110.316,108.306,103.619,15.5258,10.7906,8.07714,4.75787,-0.351783,208.12,212.773,222.078,224.031
44.48890423774719,-0.08134533800184728,0.0,0.980377197265625,6,0.176654,6.0,15312.9,257.324,4.42053,15.7026,14.0251,30.0336,40.7835,55.0145,69.9211,80.9789,114.677,113.601,112.766,111.869,110.905,109.867,108.269,106.203,101.358,14.863,10.225,7.58744,4.46735,-0.389189,202.903,207.721,220.107,222.028
44.50632667541504,-0.08134533800184728,0.0,0.9764556884765625,6,0.179963,6.0,15117.7,253.972,3.99004,15.9059,14.2122,29.8915,40.5869,54.9556,70.1181,81.4406,112.965,111.873,111.026,110.118,109.142,108.092,106.475,104.388,99.4828,14.4115,9.75185,7.15896,4.17889,-0.427315,196.714,201.497,217.696,218.925
44.52776122093201,-0.08134533800184728,0.0,0.9764556884765625,6,0.181979,6.0,14885.5,250.773,3.47006,15.9122,14.3457,29.6542,40.258,54.6376,69.8819,81.3126,111.375,110.279,109.43,108.52,107.543,106.492,104.876,102.792,97.9056,14.139,9.35954,6.78543,3.89161,-0.465967,189.444,194.282,214.49,215.445
44.54654812812805,-0.08134533800184728,0.0,0.9725341796875,6,0.183428,6.0,14647.8,247.231,2.90768,16.0789,14.4407,29.3734,39.8809,54.218,69.4681,80.9381,109.85,108.754,107.906,106.998,106.025,104.978,103.371,101.302,96.467,14.0038,9.02679,6.45404,3.623,-0.504944,186.568,193.814,211.201,211.899
44.566428422927856,-0.08134533800184728,0.0,0.9686126708984375,6,0.176167,6.0,14384.8,243.209,2.62144,16.5548,14.5385,29.2037,39.7475,54.2502,69.7984,81.8552,108.184,107.072,106.213,105.294,104.309,103.25,101.626,99.5343,94.637,13.7494,8.67551,6.13238,3.37971,-0.543574,193.936,200.15,207.255,208.275
44.589009523391724,-0.08134533800184728,0.0,0.964691162109375,6,0.16012,6.0,14275.9,239.225,2.76854,17.321,14.6619,29.2249,40.009,55.035,71.398,107.462,106.266,105.113,104.223,103.27,102.248,101.148,99.4632,97.2844,92.1235,13.2069,8.2669,5.80374,3.15713,-0.578344,199.051,202.681,204.603,207.3
44.60757493972778,-0.08710275627672673,0.0,0.9607696533203125,6,0.145741,6.0,14122.4,235.376,2.62227,18.8851,14.7916,29.3671,40.5029,56.279,73.813,105.467,104.214,103.007,102.074,101.074,100.001,98.8456,97.0718,94.7654,89.1744,12.5409,7.84304,5.48067,2.95159,-0.609211,202.161,203.967,202.921,204.959
44.62816834449768,-0.08710275627672673,0.0,0.9607696533203125,6,0.135714,6.0,13900.2,232.044,2.64606,20.22,14.9243,29.602,41.1782,57.8999,76.9811,103.386,102.065,100.793,99.8078,98.751,97.6158,96.3933,94.5047,92.0306,85.7849,11.8198,7.41426,5.16617,2.7606,-0.637044,198.12,199.583,199.648,201.852
44.64649796485901,-0.08798612339663321,0.0,0.9607696533203125,6,0.125487,6.0,13719.5,228.783,2.66469,21.4418,15.0372,29.8296,41.8373,59.514,103.602,101.348,99.9631,98.6279,97.5925,96.4818,95.2881,93.9969,91.9949,89.3395,82.2402,11.2027,7.02769,4.88077,2.58748,-0.662289,192.254,193.79,197.097,199.171
44.66645812988281,-0.09021087296320127,0.0,0.9607696533203125,6,0.114775,6.0,13456.2,225.718,2.69255,22.1921,15.1207,30.0007,42.3773,60.9016,101.764,99.4227,97.9849,96.5968,95.52,94.3656,93.1212,91.7716,89.6703,86.8492,78.677,10.7335,6.69996,4.62937,2.43116,-0.684942,185.362,186.738,193.395,195.346
44.68651819229126,-0.08922193868286905,0.0,0.9607696533203125,6,0.105331,6.0,13203.6,222.842,2.9056,22.4032,15.1826,30.1432,42.8553,62.1754,99.9864,97.5689,96.0841,94.6491,93.5376,92.3436,91.0531,89.6524,87.4563,84.4729,74.4781,10.3667,6.41971,4.4082,2.29234,-0.70511,175.747,177.025,189.626,191.734
44.70858931541443,-0.08800684330638188,0.0,0.9607696533203125,6,0.0945832,6.0,12981.5,220.173,3.04588,22.298,15.2114,30.2012,43.1521,63.0707,98.3341,95.8636,94.3464,92.8807,91.7459,90.5252,89.2048,87.7693,85.5079,82.4046,56.9303,10.169,6.20639,4.22734,2.17299,-0.722786,162.725,163.737,186.523,188.471
44.72885084152222,-0.08963646157768555,0.0,0.9607696533203125,6,0.0831992,6.0,12733.6,217.769,3.04828,21.8441,15.2033,30.1473,43.206,63.4374,96.8382,94.344,92.8134,91.3369,90.194,88.964,87.6348,86.1883,83.9065,80.7619,51.2352,10.188,6.07193,4.09061,2.07272,-0.737906,146.399,147.188,183.03,184.831
44.74668550491333,-0.09435108802283804,0.0,0.9607696533203125,6,0.0714356,6.0,12470.8,215.532,2.91035,21.1671,15.1637,29.9989,43.0527,63.3436,95.476,92.9823,91.4544,89.983,88.845,87.621,86.3,84.8635,82.6005,79.4886,54.0502,10.4421,6.0155,3.9957,1.9919,-0.750647,128.28,128.332,179.305,181.004
44.76885008811951,-0.10245514264638225,0.0,0.964691162109375,6,0.0588052,6.0,12221.2,213.477,2.6818,20.308,15.0995,29.7863,42.7563,62.9266,94.2099,91.7331,90.2188,88.763,87.6386,86.431,85.1296,83.7172,81.4989,78.4684,61.1849,10.9739,6.03122,3.94117,1.92969,-0.761024,107.575,106.604,175.691,177.32
44.787970542907715,-0.11459281563277357,0.0,0.964691162109375,6,0.0464031,6.0,12033.7,211.391,2.33806,19.4956,15.0132,29.5187,42.3385,62.2374,93.0259,90.5792,89.0872,87.6552,86.5513,85.3679,84.0949,82.7171,80.5625,77.6469,67.7944,11.9243,6.12881,3.9287,1.88557,-0.769019,86.1283,84.2133,172.917,174.614
44.805564641952515,-0.12383836871936915,0.0,0.964691162109375,6,0.0340268,6.0,11771.5,209.216,1.92822,18.7158,14.9107,29.2181,41.847,61.3811,91.8988,89.4898,88.025,86.6215,85.5419,84.3869,83.1467,81.8088,79.7267,76.9386,68.5624,13.4414,6.30957,3.95554,1.85895,-0.774895,67.4448,64.7509,169.332,170.906
44.828932762145996,-0.12927528955601156,0.0,0.9686126708984375,6,0.0215298,6.0,11426.9,207.422,1.55048,17.6492,14.7968,28.9076,41.3323,60.4727,90.7981,88.429,86.9925,85.6186,84.5638,83.4379,82.2311,80.9333,78.9236,76.258,68.7996,15.1123,6.57626,4.02227,1.84923,-0.778669,44.6906,41.348,163.783,166.367
44.848140239715576,-0.1312147181099281,0.0,0.9686126708984375,6,0.00969857,6.0,11258.4,205.283,1.14145,16.8652,14.6716,28.5847,40.79,59.5038,89.7265,87.3996,85.9927,84.6496,83.6203,82.5243,81.3516,80.0941,78.1569,75.6096,68.8446,16.9203,6.94908,4.13139,1.8558,-0.780407,23.868,20.1212,160.913,164.176
44.86547899246216,-0.13722824691882357,0.0,0.9686126708984375,6,-0.00183613,6.0,10905.4,203.102,0.742899,16.0839,14.5444,28.2611,40.245,58.5292,88.6722,86.3873,85.0097,83.6969,82.6927,81.6256,80.4863,79.2675,77.3992,74.9611,68.7382,18.8459,7.43874,4.28247,1.87837,-0.780324,7.13912,3.05522,155.691,159.567
44.88792896270752,-0.13856411529752116,0.0,0.09646911621093751,6,-0.0133207,6.0,10347.4,201.672,0.371657,14.8039,14.4181,27.9401,39.7052,57.5672,87.6265,85.3824,84.0333,82.75,81.7699,80.7305,79.6233,78.4411,76.6372,74.2995,68.5165,20.8958,8.06018,4.47994,1.9168,-0.778426,0.0,0.0,147.114,151.995
44.90605163574219,-0.13616801319643856,0.0,0.9607696533203125,6,-0.0240553,6.0,10947.4,199.82,0.0173839,13.8661,14.2938,27.6262,39.1803,56.6384,86.5836,84.3786,83.0565,81.8012,80.8439,79.8306,78.7537,77.6056,75.8609,73.6144,68.1927,23.0551,8.71346,4.7242,1.97019,-0.774804,6.94487,6.63716,154.845,160.219
44.92874574661255,-0.09956703034043313,0.0,0.09607696533203125,6,-0.0342134,6.0,10508.9,197.874,-0.279214,13.0074,14.1736,27.3319,38.6963,55.7979,85.5306,83.3605,82.0626,80.8325,79.8956,78.9057,77.8556,76.7381,75.0457,72.8785,67.7474,25.2334,9.36276,5.01594,2.03841,-0.769592,0.0,0.0,149.528,155.082
44.94804334640503,-0.04406155698372051,0.0,0.09607696533203125,6,-0.0443385,6.0,10401.7,197.174,-0.578375,11.4479,14.0541,27.0394,38.2158,54.9658,84.4842,82.3483,81.074,79.8685,78.9514,77.9841,76.96,75.872,74.229,72.1365,67.2626,27.5501,10.0244,5.34154,2.12152,-0.762848,1.56402,3.13724,146.844,153.285
44.96674418449402,-0.018951357101599373,0.0,0.09607696533203125,6,-0.0540178,6.0,10846.0,195.996,-0.862564,10.2605,13.9351,26.7484,37.7384,54.1417,83.4417,81.3394,80.0881,78.9067,78.0089,77.0634,76.0643,75.0047,73.4089,71.387,66.7438,30.0247,10.7012,5.67057,2.21938,-0.754593,0.976216,2.31202,152.675,159.569
44.987858295440674,-0.004980739812453588,0.0,0.9607696533203125,6,-0.06266,6.0,11238.5,194.488,-0.995306,9.30207,13.8249,26.5024,37.3548,53.5158,82.354,80.2768,79.0432,77.8804,76.9978,76.0694,75.0901,74.0531,72.4945,70.5279,66.0586,32.1863,11.3342,5.98706,2.33053,-0.744924,5.89076,6.63096,158.964,165.457
45.00765252113342,-0.002312203913927078,0.0,0.09607696533203125,6,-0.0711935,6.0,10245.6,193.85,-1.14838,7.79717,13.716,26.2619,36.9823,52.9128,81.2668,79.2136,77.9971,76.8521,75.9841,75.0722,74.1117,73.0962,71.573,69.6585,65.3483,34.3794,11.9676,6.30285,2.44807,-0.733915,0.0,0.0,144.97,152.105
45.029409646987915,-0.0023195336669683464,0.0,0.095684814453125,6,-0.0766195,6.0,10161.7,193.355,-1.31484,6.30164,13.6071,26.0208,36.6084,52.3072,80.1827,78.1538,76.9541,75.827,74.9734,74.0779,73.1358,72.1416,70.653,68.7889,64.6295,36.6745,12.611,6.62104,2.56578,-0.721653,1.0092,0.822628,143.198,149.838
45.04912757873535,-0.005074101460129022,0.0,0.9529266357421875,5,-0.0768474,6.0,10688.3,191.573,-1.31523,5.51956,13.5062,25.8192,36.3159,51.8707,79.059,77.0476,75.8607,74.7471,73.9049,73.0222,72.0949,71.1175,69.6565,67.8324,63.7903,38.5057,13.197,6.92286,2.68111,-0.709219,8.3996,8.41874,151.114,156.902
45.06596660614014,-0.015144142029263698,0.0,0.09529266357421876,5,-0.0770457,5.0,11480.2,190.191,-1.33597,4.49316,13.4063,25.6209,36.0291,51.4488,77.9416,75.9475,74.7732,73.6729,72.8419,71.9718,71.0588,70.0977,68.6636,66.8781,62.9475,40.3176,13.7781,7.22251,2.79567,-0.696864,0.0,0.0,138.903,145.484
45.0886504650116,-0.04423631200566888,0.0,0.941162109375,5,-0.077112,5.0,11443.4,188.045,-1.30903,3.92236,13.3087,25.432,35.7608,51.1436,76.825,74.847,73.6844,72.5965,71.776,70.9178,70.0183,69.0726,67.6637,65.9143,62.0862,42.0092,14.3422,7.51636,2.9089,-0.684611,15.3095,15.3157,146.23,152.224
45.108832120895386,-0.1154676064067458,0.0,0.933319091796875,5,-0.0766686,5.0,11115.3,185.437,-1.171,3.71325,13.2177,25.2744,35.5563,51.2128,75.6862,73.7197,72.5659,71.4877,70.6755,69.8269,68.9382,68.005,66.6168,64.8969,61.152,43.2034,14.8455,7.79274,3.01944,-0.672456,5.52297,5.46069,144.532,149.679
45.129021644592285,-0.16118524755746128,0.0,0.0917633056640625,5,-0.0756801,5.0,11041.8,182.458,-0.934937,3.75969,13.134,25.1504,35.4202,77.8079,74.5259,72.5663,71.4185,70.347,69.5411,68.6997,67.8194,66.8957,65.5239,63.8272,60.1475,43.8352,15.2765,8.04783,3.12649,-0.660452,0.0,0.0,143.776,148.455
45.14679670333862,-0.1687464010752427,0.0,0.7869710032017789,5,-0.0741866,5.0,11710.4,179.61,-0.631587,3.87118,13.0571,25.0579,35.3477,76.6388,73.348,71.3912,70.2468,69.1798,68.3784,67.5423,66.668,65.7515,64.3924,62.7137,59.0848,43.9529,15.6357,8.28125,3.22992,-0.64861,23.2095,23.3703,153.242,156.066
45.16588830947876,-0.17122030511823794,0.0,0.771632995621237,5,-0.072017,5.0,11375.6,177.112,-0.257994,4.01336,12.9889,25.0067,35.3606,75.446,72.1381,70.179,69.0348,67.9691,67.17,66.3366,65.4656,64.5532,63.2022,61.535,57.9393,43.4508,15.902,8.48659,3.32891,-0.63693,21.3269,21.4492,150.003,151.219
45.18678426742554,-0.16879801846817138,0.0,0.756405844281868,5,-0.0698827,5.0,11204.2,174.545,0.0680372,4.1698,12.9217,24.9561,35.3738,74.2682,70.946,68.9857,67.8423,66.7789,65.9823,65.1521,64.285,63.3775,62.0354,60.3806,56.8211,42.9968,16.1554,8.68512,3.42571,-0.625452,18.6715,18.8395,147.841,148.787
45.20586633682251,-0.10053273285925388,0.0,0.854888916015625,5,-0.0681604,5.0,10987.6,172.1,0.30142,4.2022,12.8513,24.884,35.3408,73.1266,69.7982,67.8409,66.7008,65.6422,64.8501,64.025,63.1638,62.2636,60.9338,59.2963,55.7855,42.8798,16.4401,8.88934,3.52183,-0.614181,15.776,15.9962,144.997,145.984
45.228891134262085,-0.020404519798066463,0.0,0.8431243896484375,5,-0.0668901,5.0,10714.5,169.774,0.455227,4.09256,12.7778,24.7886,35.2567,72.0231,68.6964,66.7464,65.6123,64.5611,63.7752,62.9572,62.1041,61.2134,59.8993,58.2838,54.8338,42.9895,16.76,9.10042,3.61717,-0.603159,6.98901,7.46432,141.42,142.334
45.245057106018066,0.0,0.0,0.08195953369140625,5,-0.0660842,5.0,10521.2,167.503,0.532565,3.93124,12.7003,24.6683,35.1182,70.9587,67.6411,65.7026,64.5771,63.5355,62.7576,61.9486,61.1055,60.2266,58.9315,57.3425,53.964,43.017,17.1216,9.32124,3.71253,-0.592321,0.0,0.0,138.849,139.731
45.26635026931763,0.009089667377471924,0.0,0.7960662841796875,5,-0.0657237,5.0,10908.7,165.528,0.528826,3.75919,12.6195,24.5246,34.9281,69.9316,66.6297,64.7066,63.5919,62.5619,61.7934,60.995,60.1639,59.2984,58.0249,56.4662,53.1678,42.9976,17.5246,9.55178,3.80783,-0.581684,15.3956,15.5059,143.955,144.514
45.2866747379303,0.02109521759053071,0.0,0.7725372314453125,4,-0.0657809,5.0,10388.3,163.735,0.469115,3.49525,12.5354,24.359,34.6901,68.9381,65.6573,63.7528,62.6509,61.6343,60.8766,60.0902,59.2724,58.4218,57.1723,55.6467,52.4344,42.9504,17.9699,9.79275,3.90332,-0.571222,5.89048,6.06326,137.373,137.906
45.307525873184204,0.03135011480771936,0.0,0.07646942138671875,4,-0.0660742,4.0,11491.8,161.789,0.390276,3.18085,12.4499,24.1823,34.4266,67.9684,64.7119,62.8276,61.7396,60.737,59.9906,59.2168,58.4131,57.5779,56.3532,54.8616,51.7365,42.8454,18.4394,10.039,3.99851,-0.560913,0.0,0.0,135.031,135.192
45.3261444568634,0.03163128325055974,0.0,0.7529296875,4,-0.066531,4.0,11455.0,160.101,0.291584,2.91299,12.3637,23.9984,34.1468,67.0179,63.7877,61.9247,60.8509,59.8629,59.1282,58.3673,57.5779,56.7584,55.5587,54.1013,51.0626,42.6862,18.9271,10.2892,4.09342,-0.550725,13.2756,13.3451,140.332,140.246
45.34673547744751,0.027587782912468536,0.0,0.07411651611328125,4,-0.0671175,4.0,11255.6,158.435,0.185243,2.71898,12.2773,23.8096,33.8553,66.083,62.8803,61.0393,59.9802,59.0069,58.284,57.5361,56.7611,55.9575,54.7827,53.3593,50.4052,42.4813,19.4299,10.5423,4.18784,-0.540671,3.79822,3.92804,134.171,133.745
45.36635398864746,0.015073760830114285,0.0,0.7215576171875,4,-0.0677756,4.0,11509.5,156.705,0.082827,2.53936,12.191,23.6189,33.5589,65.1617,61.9872,60.1684,59.1241,58.1655,57.4544,56.7194,55.9588,55.1707,54.0206,52.6304,49.7583,42.2345,19.9423,10.7968,4.28176,-0.530722,18.5556,18.6915,137.052,136.536
45.389018297195435,0.0022506371806065243,0.0,0.6941070556640625,4,-0.0684512,4.0,10952.7,154.965,-0.0107254,2.31957,12.1055,23.4296,33.2642,64.2501,61.1039,59.3071,58.2773,57.3333,56.6338,55.9116,55.1649,54.3922,53.266,51.9079,49.1144,41.9465,20.4574,11.0508,4.37492,-0.520884,11.1971,11.5222,130.709,129.978
45.40873837471008,-0.00227074751344199,0.0,0.06627349853515625,4,-0.0690525,4.0,10749.2,153.018,-0.086541,2.12823,12.0217,23.2466,32.9817,63.3447,60.2257,58.4502,57.4345,56.5045,55.8162,55.1062,54.373,53.615,52.5117,51.1843,48.465,41.6127,20.9618,11.3006,4.46691,-0.511147,3.77515,4.11891,128.31,127.372
45.42629933357239,-0.012479692691462114,0.0,0.62744140625,4,-0.0695561,4.0,11107.4,151.217,-0.137307,2.01071,11.9399,23.0711,32.714,62.4444,59.3517,57.5966,56.5944,55.678,55.0003,54.3021,53.5818,52.8378,51.7565,50.4583,47.8089,41.2391,21.451,11.5448,4.5575,-0.501521,19.0055,19.3567,132.288,131.649
45.447726249694824,-0.022706773136062546,0.0,0.5960693359375,4,-0.0699466,4.0,10671.1,149.439,-0.167399,1.95332,11.8599,22.9033,32.4618,61.5474,58.4798,56.7444,55.7551,54.8516,54.1843,53.4973,52.7894,52.0589,50.9986,49.7281,47.1449,40.8306,21.9228,11.7831,4.64689,-0.491973,15.8645,16.238,127.224,126.691
45.466015338897705,-0.022923921987907964,0.0,0.556854248046875,4,-0.0702131,4.0,10419.5,147.521,-0.186659,1.79045,11.7821,22.7439,32.2261,60.6543,57.6106,55.894,54.9171,54.0262,53.3687,52.6925,51.9964,51.2789,50.2386,48.9945,46.474,40.3917,22.3731,12.0142,4.73479,-0.482521,14.1161,14.4086,124.244,123.623
45.487762689590454,-0.02313665540428832,0.0,0.509796142578125,4,-0.07037,4.0,10309.2,145.642,-0.188612,1.60891,11.7061,22.5921,32.0054,59.766,56.7454,55.0469,54.082,53.2031,52.5552,51.8894,51.2047,50.4996,49.4785,48.2597,45.7987,39.9293,22.803,12.2386,4.82124,-0.473169,11.8735,12.4121,122.96,122.178
45.50589466094971,-0.023346898062201218,0.0,0.439208984375,4,-0.0704358,4.0,10249.2,143.785,-0.176824,1.47312,11.6319,22.4466,31.811,58.8835,55.8852,54.2043,53.2511,52.3839,51.7453,51.0896,50.4158,49.7227,48.7203,47.5257,45.1217,39.4495,23.2147,12.4568,4.90635,-0.463908,11.1945,11.7539,122.2,121.492
45.52838754653931,-0.02355193277059123,0.0,0.337249755859375,4,-0.0704492,4.0,10206.4,141.974,-0.158216,1.38375,11.5589,22.3054,31.6843,58.0086,55.0325,53.369,52.4272,51.5715,50.9419,50.2961,49.633,48.9517,47.9673,46.7964,44.4473,38.9598,23.6139,12.6703,4.99031,-0.454744,13.3093,13.8936,121.607,121.068
45.54808807373047,-0.02176747383445501,0.0,0.1921539306640625,4,-0.0704377,4.0,10148.4,140.264,-0.139268,1.29182,11.4871,22.1671,31.645,57.1426,54.1886,52.5423,51.6117,50.7674,50.1468,49.5106,48.8581,48.1883,47.2216,46.0737,43.7778,38.4647,24.0042,12.8803,5.07315,-0.445684,19.411,20.0128,120.839,120.582
45.565720558166504,-0.018203267495334147,0.0,0.0666656494140625,4,-0.0703996,4.0,10128.9,138.71,-0.121004,1.12357,11.4162,22.0315,31.7316,56.2843,53.3525,51.7232,50.8039,49.9708,49.3589,48.7324,48.0903,47.4317,46.4824,45.357,43.1128,37.9649,24.386,13.0868,5.15501,-0.436716,30.2593,30.993,120.584,120.228
45.58839154243469,-0.007942157191640388,0.0,0.0,4,-0.0703567,4.0,10128.4,137.406,-0.103075,0.95387,11.346,21.8976,32.0361,55.4337,52.5242,50.9121,50.004,49.182,48.5789,47.9618,47.33,46.6826,45.7504,44.6471,42.4533,37.463,24.7629,13.291,5.23603,-0.427834,43.4619,44.2345,120.546,120.257
45.60604453086853,-0.0031651650542020796,0.0,0.0,4,-0.0703042,4.0,10087.7,136.247,-0.0849534,0.822252,11.2766,21.7652,32.99,54.5894,51.7025,50.1075,49.2105,48.3996,47.8052,47.1976,46.5759,45.9395,45.0241,43.9425,41.798,36.9583,25.1345,13.4929,5.31628,-0.419029,58.505,59.3065,120.044,119.8
45.62877130508423,-0.00186025916505605,0.0,0.0,4,-0.0702608,4.0,10008.3,135.137,-0.0686029,0.737462,11.2075,21.6332,57.7269,53.7517,50.8878,49.31,48.4242,47.6244,47.0387,46.4404,45.8288,45.2033,44.3047,43.2444,41.1482,36.4533,25.505,13.6939,5.39607,-0.410281,73.3799,74.2194,119.094,118.87
45.64596390724182,-0.0018698521017407378,0.0,0.0,4,-0.0702427,4.0,9926.25,134.029,-0.0578385,0.645115,11.1387,21.5009,56.8876,52.9214,50.0809,48.5205,47.6459,46.8572,46.2802,45.6912,45.0897,44.4751,43.5929,42.5538,40.5051,35.9495,25.8153,13.8946,5.4754,-0.401598,88.3452,89.2062,118.126,117.894
45.666361570358276,-0.0009004847099880378,0.0,0.0,4,-0.0702441,4.0,9844.41,132.939,-0.0508849,0.487591,11.0701,21.3686,56.0542,52.0981,49.2815,47.7386,46.8753,46.0977,45.5293,44.9496,44.3581,43.7543,42.8886,41.8702,39.8681,35.4468,25.9738,14.0949,5.55433,-0.392973,103.093,104.078,117.16,116.908
45.68646264076233,0.0009058499493729324,0.0,0.0,4,-0.0702751,4.0,9772.32,132.023,-0.0471833,0.318073,11.0018,21.2357,55.2265,51.2818,48.4894,46.9642,46.1122,45.3458,44.786,44.2156,43.6341,43.0409,42.1914,41.1936,39.2372,34.9455,26.0317,14.2953,5.63283,-0.384416,115.183,115.995,116.29,116.049
45.70750856399536,0.004940359601940339,0.0,0.0,4,-0.0702971,4.0,9723.45,131.539,-0.0341505,0.18747,10.9337,21.1036,54.4012,50.4686,47.7009,46.1934,45.3528,44.5974,44.0463,43.4851,42.9135,42.3309,41.4974,40.52,38.6084,34.4419,26.0153,14.4949,5.71117,-0.375871,120.465,120.575,115.68,115.454
45.72510099411011,0.00700827891717665,0.0,0.0,4,-0.0704811,4.0,9705.08,131.319,-0.0201616,0.106107,10.8642,20.9637,53.5823,49.6646,46.9227,45.4337,44.6048,43.8607,43.3184,42.7666,42.205,41.6332,40.8159,39.8589,37.9921,33.9484,25.9597,14.7031,5.79044,-0.367341,120.717,120.682,115.465,115.213
45.747849225997925,0.007014720556195826,0.0,0.0,4,-0.0708974,4.0,9689.61,131.118,-0.0262146,0.0461968,10.7922,20.8119,52.7723,48.8726,46.1583,44.6885,43.8717,43.1394,42.606,42.0638,41.5125,40.9517,40.1508,39.2143,37.3924,33.4696,25.8803,14.9255,5.87169,-0.358772,120.577,120.482,115.302,115.023
45.76843333244324,0.007021034003393725,0.0,0.0,4,-0.0714749,4.0,9672.7,130.921,-0.0515276,-0.0945652,10.7188,20.6527,51.9683,48.0886,45.403,43.9531,43.1485,42.4281,41.9039,41.3714,40.8304,40.2806,39.4961,38.5801,36.8027,32.9978,25.7724,15.1577,5.95411,-0.350204,120.416,120.283,115.131,114.776
45.78606081008911,0.008196583856518069,0.0,0.0,4,-0.0721124,4.0,9659.91,130.722,-0.0800935,-0.263395,10.6443,20.49,51.1662,47.3079,44.6515,43.2215,42.4294,41.7208,41.2058,40.683,40.1523,39.6134,38.8454,37.9497,36.2161,32.5253,25.6335,15.3961,6.03768,-0.341569,120.253,120.105,114.982,114.622
45.80763554573059,0.015405116096371784,0.0,0.0,4,-0.07278,4.0,9646.55,130.525,-0.100026,-0.406173,10.5692,20.3253,50.3646,46.5287,43.902,42.4921,41.7124,41.0157,40.5098,39.9967,39.4762,38.9483,38.1964,37.3207,35.6301,32.0501,25.4658,15.6388,6.1222,-0.332867,120.075,119.921,114.823,114.463
45.82795739173889,0.022806361816295733,0.0,0.0,4,-0.0736311,4.0,9633.12,130.33,-0.10042,-0.502084,10.492,20.1566,49.57,45.7585,43.1624,41.7732,41.0061,40.3215,39.8247,39.3213,38.8112,38.2942,37.5585,36.7028,35.0547,31.5826,25.2849,15.8954,6.20876,-0.324101,119.91,119.716,114.684,114.283
45.848233461380005,0.027064769789557904,0.0,0.0,4,-0.0748995,4.0,9619.16,130.134,-0.102355,-0.546205,10.4104,19.9963,48.7913,45.0081,42.4447,41.077,40.323,39.6507,39.1633,38.6699,38.1703,37.6643,36.9451,36.1095,34.5038,31.1378,25.1094,16.1814,6.29933,-0.31525,119.771,119.48,114.567,114.072
45.86640477180481,0.03169041522844695,0.0,0.0,3,-0.0767034,4.0,9598.6,129.947,-0.152127,-0.71119,10.3233,19.8416,48.0332,44.2826,41.7539,40.4088,39.6684,39.0088,38.5312,38.0479,37.559,37.0643,36.3619,35.5464,33.983,30.7211,24.9468,16.5073,6.39544,-0.306262,119.655,119.24,114.399,113.747
45.886472940444946,0.03171316922682958,0.0,0.0,3,-0.0789369,3.0,11765.6,129.789,-0.224524,-0.890434,10.2314,19.6987,47.2912,43.5762,41.0838,39.7619,39.0354,38.3888,37.9209,37.4479,36.9698,36.4864,35.8008,35.0054,33.4838,30.3235,24.7878,16.8654,6.49679,-0.297106,119.545,119.035,114.704,114.158
45.90814685821533,0.03669964425692645,0.0,0.0,3,-0.0813087,3.0,11727.2,129.673,-0.294953,-1.03982,10.1371,19.587,46.5534,42.8749,40.419,39.1203,38.4076,37.7738,37.3156,36.8527,36.3853,35.9131,35.244,34.4683,32.9875,29.9252,24.6124,17.1619,6.60157,-0.287756,119.443,118.898,114.637,114.076
45.92849946022034,0.047753527809536706,0.0,0.0,3,-0.0838354,3.0,11747.8,129.534,-0.334974,-1.13927,10.0401,19.5118,45.8204,42.1793,39.7601,38.4846,37.7858,37.1647,36.716,36.2632,35.8063,35.3451,34.6922,33.9361,32.495,29.5275,24.4239,17.3861,6.71049,-0.278162,119.348,118.766,113.988,113.104
45.948014974594116,0.05387261747386617,0.0,0.0,3,-0.0868724,3.0,11715.3,129.283,-0.356447,-1.17912,9.93702,19.4579,45.1064,41.5056,39.1245,37.8727,37.188,36.5797,36.1407,35.698,35.2515,34.8013,34.1646,33.428,32.0259,29.1507,24.2444,17.5722,6.82691,-0.26828,119.211,118.512,113.742,112.663
45.96904730796814,0.060366052071629095,0.0,0.0,3,-0.0906866,3.0,11675.8,129.039,-0.446133,-1.31071,9.82563,19.4084,44.4214,40.865,38.5237,37.2964,36.6262,36.031,35.6017,35.1692,34.7333,34.294,33.6735,32.9565,31.5929,28.8077,24.0872,17.7412,6.95381,-0.258071,119.069,118.19,113.477,112.171
45.98863625526428,0.08193796383046545,0.0,0.0,3,-0.0952638,3.0,11656.7,128.781,-0.591962,-1.4775,9.70614,19.3639,43.7641,40.2555,37.9554,36.7531,36.0975,35.5157,35.0962,34.6738,34.2484,33.8201,33.2156,32.5179,31.1923,28.4944,23.9487,17.8948,7.09193,-0.247498,118.934,117.883,113.384,111.883
46.00581645965576,0.11582275585035173,0.0,0.0,3,-0.100473,3.0,11637.7,128.521,-0.696242,-1.63865,9.57951,19.3364,43.1291,39.6707,37.4123,36.2351,35.5942,35.026,34.6162,34.2038,33.7888,33.3712,32.7825,32.1037,30.8153,28.2013,23.8207,18.0297,7.24136,-0.236501,118.761,117.572,113.266,111.637
46.02536463737488,0.15561074294033458,0.0,0.09269979314864524,3,-0.10685,3.0,11616.1,128.255,-0.7714,-1.75351,9.44103,19.2729,42.5355,39.1319,36.9171,35.7656,35.1396,34.5852,34.1854,33.783,33.3784,32.9715,32.3983,31.7382,30.4868,27.9535,23.7284,18.1732,7.40891,-0.224949,118.623,117.183,113.19,111.296
46.046913146972656,0.18952495024628008,0.0,0.23621201456123203,3,-0.114945,3.0,11525.6,127.835,-0.878083,-1.80832,9.28592,19.0847,42.0023,38.6605,36.4916,35.3668,34.7562,34.2159,33.8266,33.4345,33.0402,32.644,32.0863,31.4446,30.2301,27.7742,23.6944,18.3497,7.60308,-0.212649,116.753,114.923,112.533,110.233
46.066535234451294,0.21445475147470522,0.0,0.30213094464115076,3,-0.125084,3.0,11328.3,127.113,-1.15814,-1.89904,9.11253,18.6975,41.54,38.2675,36.1469,35.0497,34.4548,33.9289,33.5502,33.169,32.7853,32.3997,31.8573,31.2337,30.0552,27.674,23.7288,18.5709,7.83046,-0.199512,113.342,110.999,110.864,108.208
46.08828806877136,0.22816093329622408,0.0,0.34301211542098553,3,-0.13753,3.0,11145.5,126.131,-1.73237,-2.06105,8.92118,18.0855,41.1553,37.9604,35.8898,34.8207,34.2417,33.7303,33.3622,32.9919,32.6195,32.2449,31.7173,31.1114,29.9675,27.6581,23.837,18.8412,8.09709,-0.185583,110.301,107.724,109.474,106.023
46.10643553733826,0.25604286612063026,0.0,0.34612567331758765,3,-0.151021,3.0,10994.5,125.026,-2.45463,-2.23896,8.7224,17.4251,40.8024,37.687,35.6655,34.6237,34.06,33.5625,33.2046,32.8448,32.483,32.1193,31.6071,31.0179,29.9066,27.6662,23.9604,19.1108,8.39349,-0.170896,106.763,103.753,108.244,104.33
46.12559103965759,0.28581506932969203,0.0,0.3387829473195086,3,-0.164739,3.0,10872.4,123.807,-3.09756,-2.3447,8.52205,16.8054,40.4533,37.416,35.4411,34.4251,33.8759,33.3914,33.0432,32.6932,32.3414,31.988,31.4905,30.9182,29.8374,27.6625,24.0654,19.3524,8.7132,-0.155442,104.283,100.947,107.142,103.07
46.14615821838379,0.2947994521133105,0.0,0.32963280625923724,3,-0.178823,3.0,10758.2,122.529,-3.64742,-2.38023,8.31881,16.207,40.1132,37.1528,35.2233,34.2318,33.6964,33.2243,32.8851,32.5444,32.2021,31.8583,31.3746,30.8186,29.7678,27.654,24.1592,19.5757,9.05357,-0.139129,102.69,99.1091,106.073,101.929
46.16632556915283,0.31928481877023046,0.0,0.2919846210645151,3,-0.193498,3.0,10632.4,121.227,-4.16223,-2.379,8.11139,15.6116,39.7877,36.9043,35.021,34.053,33.5307,33.0704,32.7398,32.4079,32.0745,31.7399,31.2693,30.7286,29.7076,27.651,24.2528,19.7896,9.38352,-0.121915,101.839,98.0465,104.883,100.766
46.18632197380066,0.3447439292751874,0.0,0.24139793536356846,3,-0.209852,3.0,10460.4,120.015,-4.88711,-2.49289,7.89459,14.9548,39.5076,36.7064,34.8723,33.9273,33.4178,32.969,32.6468,32.3233,31.9987,31.6728,31.2147,30.6887,29.6962,27.6951,24.3873,20.032,9.71417,-0.103788,101.965,97.6494,103.365,98.9184
46.20793175697327,0.3711896027068918,0.0,0.19850473134169527,3,-0.228323,3.0,10392.4,118.876,-5.76892,-2.61277,7.66773,14.2393,39.2809,36.5691,34.7888,33.8666,33.3695,32.9319,32.6179,32.3027,31.9863,31.669,31.2229,30.711,29.7455,27.799,24.5762,20.3167,10.0536,-0.0847343,101.703,97.487,103.03,97.8597
46.226229667663574,0.42512608898113796,0.0,0.18373381658155732,3,-0.247694,3.0,10355.9,117.838,-6.66446,-2.72507,7.43743,13.5513,39.0678,36.4481,34.7223,33.824,33.339,32.9121,32.6058,32.2984,31.99,31.6807,31.246,30.7473,29.8074,27.9141,24.7717,20.6036,10.3886,-0.0646517,101.498,96.9081,102.833,97.3386
46.24685049057007,0.4638122521042048,0.0,0.17758322860185294,3,-0.267431,3.0,10301.1,116.865,-7.47603,-2.79747,7.20611,12.912,38.8524,36.3254,34.6512,33.7801,33.307,32.8901,32.5912,32.2912,31.9903,31.6885,31.2646,30.7784,29.8624,28.0189,24.9542,20.8747,10.7123,-0.0434779,100.675,95.8024,102.371,96.7485
46.268433809280396,0.5042972907221038,0.0,0.16843851235935292,3,-0.287251,3.0,10232.4,115.913,-8.19498,-2.82476,6.9771,12.3225,38.6276,36.1928,34.5673,33.7226,33.2637,32.8575,32.5654,32.2724,31.9786,31.684,31.2702,30.7957,29.9021,28.1054,25.1165,21.1233,11.0229,-0.0211036,99.5362,94.4655,101.727,96.074
46.287893295288086,0.5262714167270623,0.0,0.16347502081155318,3,-0.307148,3.0,10146.0,114.974,-8.87855,-2.85728,6.75419,11.7744,38.3941,36.0478,34.4716,33.6516,33.2065,32.8126,32.5288,32.2431,31.9559,31.668,31.2638,30.8004,29.928,28.1751,25.2604,21.3515,11.3213,0.00249434,98.4816,93.2309,100.761,95.3982
46.308804750442505,0.5591343292613824,0.0,0.15605198207211157,3,-0.328155,3.0,10025.4,114.04,-9.73918,-2.96089,6.53383,11.2317,38.1751,35.9183,34.3958,33.5999,33.168,32.786,32.5109,32.2339,31.9551,31.6745,31.2795,30.8266,29.9743,28.2629,25.4195,21.5915,11.6219,0.0272614,97.6386,91.9965,99.7854,94.0508
46.325803995132446,0.6038247426867485,0.0,0.15203891704971828,3,-0.350146,3.0,9931.83,113.135,-10.7696,-3.12937,6.31717,10.703,37.9615,35.7985,34.334,33.5615,33.1424,32.7718,32.505,32.2364,31.9661,31.6942,31.3107,30.8687,30.0355,28.363,25.5863,21.8365,11.9218,0.053133,95.7047,90.6866,99.1187,92.8888
46.34649682044983,0.6278729596656437,0.0,0.16004278867195096,3,-0.370945,3.0,9852.4,112.305,-11.793,-3.3783,6.1121,10.2447,37.7048,35.63,34.219,33.4713,33.0638,32.7036,32.4443,32.1834,31.9208,31.6567,31.2844,30.8553,30.0419,28.406,25.6924,22.022,12.1901,0.0800244,93.3997,88.0382,98.4108,92.0468
46.36770510673523,0.6524355200863878,0.0,0.17809493136097218,3,-0.385912,3.0,9771.43,111.486,-12.5162,-3.61818,5.92263,9.87792,37.3813,35.3819,34.0154,33.2921,32.8957,32.5446,32.2919,32.0376,31.7819,31.5247,31.1622,30.7447,29.953,28.352,25.6989,22.1112,12.407,0.107859,90.9029,85.1231,97.4522,91.4403
46.387919664382935,0.6661557097501029,0.0,0.1886589624902957,3,-0.382125,3.0,9680.78,110.633,-12.876,-3.80052,5.74803,9.59074,36.998,35.0605,33.7306,33.0279,32.643,32.3005,32.0536,31.8052,31.5555,31.3044,30.9507,30.5434,29.7717,28.2062,25.6115,22.1089,12.5722,0.135376,88.3082,82.1653,96.2739,90.8719
46.40882396697998,0.6918153737226966,0.0,0.18737205856933065,3,-0.376696,3.0,9560.08,109.733,-13.0514,-3.98948,5.58473,9.35335,36.5804,34.6961,33.3977,32.7129,32.3382,32.005,31.7639,31.5209,31.2766,31.0311,30.6853,30.2874,29.5341,28.0044,25.4662,22.0487,12.7006,0.161938,86.2785,79.8085,94.5097,90.3519
46.42898774147034,0.7060852285734812,0.0,0.1859946837398812,3,-0.37249,3.0,9353.52,108.864,-13.6155,-4.35641,5.42522,9.10481,36.185,34.358,33.0919,32.4252,32.0606,31.7366,31.5023,31.2656,31.0268,30.7867,30.4488,30.0601,29.3245,27.8316,25.3465,22.0079,12.8311,0.187397,84.5451,77.9399,92.2993,88.5772
46.44760012626648,0.7202741563608125,0.0,0.18945199910816546,2,-0.369776,3.0,9168.55,108.084,-14.6,-4.90299,5.27056,8.8455,35.8146,34.0478,32.8169,32.1682,31.8137,31.4989,31.2714,31.0416,30.8097,30.5756,30.2453,29.8654,29.1471,27.6908,25.2564,21.9898,12.9653,0.211525,81.575,74.8694,91.5138,85.7475
46.46561932563782,0.7346757037248711,0.0,0.1875347646552019,2,-0.365392,2.0,11508.0,107.292,-15.3255,-5.38336,5.1301,8.64194,35.4113,33.6936,32.4948,31.8617,31.5162,31.2094,30.9877,30.764,30.5383,30.3105,29.9884,29.6166,28.914,27.4916,25.1085,21.9129,13.061,0.234313,78.6951,70.5151,91.6635,86.0328
46.48676013946533,0.7493110935473877,0.0,0.182208711903873,2,-0.357443,2.0,11471.2,106.482,-15.5898,-5.74531,5.00643,8.51666,34.9565,33.2731,32.1002,31.4799,31.1416,30.8414,30.6247,30.406,30.1855,29.963,29.6486,29.2849,28.5966,27.2051,24.8738,21.7511,13.104,0.255852,76.6316,66.8844,91.524,86.8665
46.50783610343933,0.7520434921835053,0.0,0.1780899629639607,2,-0.346589,2.0,11513.1,105.594,-15.3883,-5.94819,4.89719,8.46015,34.4619,32.802,31.6497,31.0398,30.7076,30.413,30.2005,29.9861,29.77,29.5522,29.2445,28.8887,28.2137,26.8513,24.5719,21.5235,13.1037,0.276181,75.8624,65.2963,90.2803,86.3576
46.529667377471924,0.7549420501961435,0.0,0.17239402019109637,2,-0.335347,2.0,11204.1,104.652,-15.2225,-6.18807,4.79707,8.43392,33.9636,32.3247,31.1919,30.5919,30.2654,29.9762,29.7675,29.5573,29.3454,29.132,28.8306,28.4824,27.8209,26.4864,24.2581,21.2822,13.088,0.295334,76.2517,65.0523,86.7426,85.2277
46.550212144851685,0.7574252097674801,0.0,0.16380276410539926,2,-0.327472,2.0,10731.3,103.845,-15.7989,-6.72325,4.69714,8.3591,33.5243,31.9168,30.8098,30.2213,29.9013,29.618,29.4138,29.208,29.0008,28.7921,28.4975,28.1575,27.5108,26.2038,24.0247,21.1119,13.102,0.313101,75.7843,64.7407,83.2538,81.5522
46.565813302993774,0.7725656352862716,0.0,0.15127885503996882,2,-0.321566,2.0,10539.6,102.974,-16.5192,-7.22214,4.60279,8.26941,33.1194,31.5459,30.4672,29.8916,29.5783,29.301,29.1012,28.9001,28.6975,28.4935,28.2058,27.8739,27.2431,25.9627,23.8314,20.9751,13.1253,0.329298,75.3175,62.2068,82.4232,79.1684
46.58609747886658,0.7757243768423796,0.0,0.13986267705373281,2,-0.315388,2.0,10522.8,101.964,-16.9651,-7.55644,4.51901,8.21399,32.7153,31.1673,30.1142,29.5522,29.2451,28.9734,28.7778,28.5808,28.3826,28.1831,27.9017,27.5774,26.9615,25.7079,23.6224,20.822,13.1324,0.34415,75.4458,60.7816,82.3661,78.8964
46.60656452178955,0.7791614629514516,0.0,0.12407790939702223,2,-0.307625,2.0,10563.0,100.865,-17.1368,-7.72863,4.44448,8.19303,32.3112,30.7811,29.7516,29.2031,28.902,28.6356,28.4438,28.2508,28.0566,27.8612,27.5859,27.2686,26.6666,25.4402,23.3982,20.6538,13.125,0.357816,76.125,60.9216,82.6074,79.2459
46.62867450714111,0.7827130143485963,0.0,0.1055502732237985,2,-0.299835,2.0,10606.8,99.7294,-17.0683,-7.76453,4.37744,8.19874,31.9127,30.3946,29.3871,28.8515,28.5574,28.2959,28.1078,27.9185,27.7281,27.5367,27.267,26.9564,26.3677,25.1686,23.1682,20.4793,13.108,0.370387,77.2271,62.4344,82.8476,79.7663
46.64692401885986,0.7859130384676158,0.0,0.07862059145686555,2,-0.293931,2.0,10477.7,98.7062,-17.265,-7.89883,4.31251,8.18075,31.5539,30.0417,29.0579,28.5359,28.2495,27.9943,27.8099,27.6244,27.4379,27.2504,26.9864,26.6824,26.1068,24.9359,22.9749,20.3381,13.103,0.381979,78.3927,64.3944,80.8758,79.835
46.66565656661987,0.7888512936081737,0.0,0.05642203960162689,2,-0.29093,2.0,10367.0,97.7667,-17.8833,-8.19583,4.24776,8.11287,31.2557,29.7377,28.7803,28.2731,27.9949,27.7473,27.568,27.3867,27.2041,27.0207,26.7624,26.4652,25.9026,24.7597,22.8373,20.248,13.1196,0.392477,79.3578,65.7122,80.4834,78.4463
46.68775129318237,0.7918408392056823,0.0,0.03737084365756385,2,-0.289208,2.0,10360.0,96.8108,-18.449,-8.39504,4.1872,8.03659,30.9908,29.4513,28.5202,28.0275,27.7576,27.5173,27.3435,27.1677,26.9901,26.8107,26.5579,26.2672,25.7172,24.601,22.7178,20.1748,13.1399,0.401988,80.3438,66.9568,80.7853,77.9945
46.7076153755188,0.7947891022402793,0.0,0.04705810546875,2,-0.28772,2.0,10377.1,95.8681,-18.9037,-8.50648,4.13163,7.96715,30.7484,29.1706,28.2648,27.7861,27.524,27.2909,27.1222,26.9517,26.7795,26.6056,26.3592,26.0746,25.5365,24.4457,22.6027,20.1052,13.1578,0.410662,81.1853,68.4855,81.2405,77.7922
46.72614622116089,0.797685762071237,0.0,0.0,2,-0.285562,2.0,10353.6,94.9419,-19.2249,-8.5295,4.08054,7.9082,30.5246,28.8922,28.01,27.5446,27.2899,27.0635,26.8998,26.7343,26.5672,26.3985,26.1596,25.8827,25.356,24.2893,22.4876,20.0332,13.1719,0.418581,81.071,69.3617,81.3401,77.3591
46.749441385269165,0.8004551339998841,0.0,0.0,2,-0.283733,2.0,10371.4,94.0564,-19.454,-8.50689,4.0334,7.85904,30.3189,28.6256,27.7549,27.3022,27.0546,26.8346,26.6755,26.5148,26.3526,26.1888,25.9569,25.6884,25.175,24.131,22.3707,19.9582,13.182,0.42585,81.9727,71.4056,81.6213,77.3606
46.76844501495361,0.8030099617000669,0.0,0.0,2,-0.283138,2.0,10310.6,93.2395,-19.8462,-8.5606,3.98817,7.79315,30.1523,28.391,27.5146,27.0744,26.8338,26.62,26.4655,26.3095,26.152,25.9931,25.7682,25.5078,25.0101,23.989,22.268,19.8977,13.1974,0.432513,82.2058,72.7142,81.2269,76.8531
46.78899955749512,0.8055241323307157,0.0,0.0,2,-0.284123,2.0,10235.6,92.4356,-20.4089,-8.65233,3.94427,7.70438,30.0362,28.197,27.2931,26.8654,26.6318,26.4242,26.2743,26.1229,25.9701,25.816,25.5979,25.3455,24.8633,23.8684,22.1847,19.857,13.221,0.438534,82.0735,73.3964,80.9336,75.988
46.80624008178711,0.8080767708040774,0.0,0.0,2,-0.286087,2.0,10166.3,91.6194,-20.9669,-8.69526,3.90299,7.60997,29.9605,28.0356,27.0895,26.6642,26.4373,26.2358,26.0902,25.9433,25.7951,25.6456,25.4341,25.1893,24.722,23.7568,22.1085,19.8247,13.2471,0.443976,81.6895,73.6922,80.6143,75.245
46.82898926734924,0.8106472358386962,0.0,0.0,2,-0.287902,2.0,10096.2,90.7975,-21.4903,-8.69944,3.86504,7.52171,29.9175,27.9005,26.9094,26.4664,26.2428,26.047,25.9057,25.763,25.6191,25.4739,25.2687,25.0312,24.5781,23.6429,22.031,19.7928,13.2715,0.448896,81.1279,73.7048,80.2378,74.548
46.84559679031372,0.8132255195405335,0.0,0.0,2,-0.288994,2.0,10024.3,89.9731,-21.9494,-8.66457,3.83059,7.44624,29.9014,27.7868,26.7487,26.2845,26.0507,25.8536,25.7159,25.5773,25.4374,25.2964,25.097,24.8664,24.4266,23.5196,21.9471,19.7554,13.2917,0.453284,80.4376,73.4994,79.7965,73.8884
46.86820435523987,0.8157981738019735,0.0,0.0,2,-0.290153,2.0,9947.3,89.1505,-22.3484,-8.60806,3.79981,7.38675,29.9092,27.6919,26.6048,26.1188,25.874,25.6676,25.5244,25.3848,25.2481,25.111,24.9171,24.6929,24.2656,23.3851,21.8546,19.707,13.3067,0.457177,79.6663,73.1307,79.264,73.2484
46.8858962059021,0.8184061684392393,0.0,0.0,2,-0.291696,2.0,9862.25,88.3166,-22.7137,-8.52695,3.77237,7.33347,29.9516,27.6239,26.4847,25.9756,25.7191,25.5028,25.3529,25.2066,25.0639,24.9247,24.7346,24.5166,24.101,23.2457,21.7596,19.6539,13.32,0.460621,78.8223,72.6342,78.6415,72.5729
46.90962314605713,0.8211467676725239,0.0,0.0,2,-0.29451,2.0,9772.43,87.4403,-23.0846,-8.40373,3.74551,7.2607,30.0601,27.6064,26.4084,25.8735,25.604,25.3768,25.2193,25.0656,24.9156,24.7693,24.5705,24.3515,23.9474,23.1163,21.6742,19.6116,13.3413,0.463697,78.0419,71.933,78.0368,71.8018
46.92967653274536,0.8239705575250089,0.0,0.0,2,-0.298592,2.0,9680.67,86.5374,-23.5342,-8.28133,3.719,7.16899,30.2428,27.6449,26.3806,25.8166,25.5326,25.2931,25.1271,24.9652,24.8072,24.653,24.4435,24.2127,23.8038,22.9961,21.5962,19.5795,13.3712,0.466449,77.307,71.1702,77.4456,70.9882
46.94782614707947,0.8268459505811334,0.0,0.0,2,-0.302804,2.0,9587.19,85.618,-24.0341,-8.16498,3.69374,7.07019,30.4952,27.735,26.3967,25.8006,25.5006,25.2477,25.0724,24.9014,24.7346,24.5719,24.3507,24.1072,23.6756,22.8783,21.5185,19.551,13.4055,0.468888,76.5481,70.372,76.8396,70.1627
46.96637487411499,0.8297510545726866,0.0,0.0,2,-0.306441,2.0,9492.13,84.6891,-24.5549,-8.05644,3.67041,6.97334,30.8132,27.8722,26.4528,25.8216,25.5041,25.2367,25.0514,24.8706,24.6943,24.5223,24.2886,24.0313,23.5754,22.7576,21.4357,19.5206,13.4412,0.470929,75.7392,69.5482,76.2037,69.3431
46.987871408462524,0.8326680429384112,0.0,0.0,2,-0.310307,2.0,9396.75,83.7564,-25.0669,-7.95108,3.64972,6.88548,31.1928,28.0522,26.5443,25.8753,25.5391,25.256,25.0599,24.8687,24.6822,24.5004,24.2533,23.9814,23.4997,22.6371,21.3437,19.4825,13.4734,0.472557,74.8782,68.7097,75.545,68.538
47.01309871673584,0.8356360090143978,0.0,0.0,2,-0.314214,2.0,9304.76,82.8074,-25.4433,-7.77074,3.63245,6.80914,31.6411,28.2726,26.669,25.9592,25.603,25.3032,25.0956,24.8932,24.6959,24.5037,24.2425,23.9551,23.4462,22.5355,21.2408,19.4305,13.499,0.473836,73.8649,67.8552,74.8867,67.7812
47.0303156375885,0.8387956888105721,0.0,0.0,2,-0.319199,2.0,9213.01,81.7971,-25.6489,-7.44725,3.61512,6.71782,32.5149,28.5743,26.8608,26.1047,25.7256,25.4069,25.1863,24.9714,24.762,24.5579,24.2808,23.9761,23.437,22.4728,21.1433,19.3814,13.5299,0.47495,72.907,66.6163,74.2061,67.0629
47.04763221740723,0.8420294895719738,0.0,0.0,2,-0.325567,2.0,9113.37,80.7631,-25.9749,-7.16505,3.59646,6.60597,61.7484,28.9812,27.1388,26.3288,25.9233,25.5827,25.3471,25.1177,24.8943,24.6766,24.3814,24.0569,23.4831,22.4585,21.0566,19.3397,13.5701,0.47599,72.0609,65.4749,73.5247,66.2222
47.06985020637512,0.8452939395088702,0.0,0.0,2,-0.332619,2.0,9008.12,79.7193,-26.4229,-6.94577,3.57782,6.48669,59.7635,29.4943,27.5023,26.63,26.1943,25.8286,25.5759,25.33,25.0907,24.8577,24.5419,24.1949,23.5823,22.4899,20.998,19.299,13.6151,0.476902,71.2147,64.4301,72.8183,65.3193
47.08629751205444,0.8348948651523956,0.0,0.0,2,-0.338655,2.0,8900.05,78.6682,-26.9753,-6.78915,3.56003,6.36939,57.758,30.1469,27.955,27.0114,26.5409,26.1467,25.8745,25.6099,25.3525,25.1021,24.763,24.3908,23.7344,22.5667,20.9759,19.2558,13.6625,0.477559,70.3413,63.4343,72.0868,64.3956
47.110576152801514,0.8245087181378863,0.0,0.0,2,-0.345148,2.0,8791.44,77.6147,-27.5977,-6.68591,3.54414,6.26081,55.748,31.5277,28.4986,27.4732,26.9633,26.5366,26.2424,25.9565,25.6788,25.4089,25.0435,24.643,23.9379,22.6868,20.9878,19.2062,13.7075,0.47785,69.4785,62.5162,71.3316,63.4859
47.12762117385864,0.8006636840875148,0.0,0.0,2,-0.351342,2.0,8686.64,76.5644,-28.0675,-6.50798,3.53142,6.17248,53.7803,58.9168,29.1211,27.9969,27.4431,26.9805,26.6619,26.3527,26.0525,25.7611,25.3671,24.9357,24.1777,22.8366,21.0227,19.1413,13.7399,0.477818,68.5067,61.638,70.586,62.6231
47.14575266838074,0.7904202349782301,0.0,0.0,2,-0.357419,2.0,8587.48,75.4876,-28.229,-6.15268,3.52027,6.09705,51.8422,56.9991,30.2584,28.5991,27.9939,27.491,27.1451,26.8099,26.4848,26.1695,25.7436,25.2782,24.4619,23.0227,21.0852,19.0834,13.763,0.477634,67.4963,60.5706,69.78,61.9053
47.17037296295166,0.7539058556541304,0.0,0.0,2,-0.364203,2.0,8482.69,74.391,-28.3154,-5.75986,3.50755,6.01725,49.8852,55.0667,58.0267,29.6986,28.7263,28.1129,27.735,27.3694,27.0153,26.6722,26.2096,25.7049,24.8216,23.2708,21.1946,19.0602,13.7867,0.477509,66.6015,59.411,68.9615,61.1243
47.191624879837036,0.705373551607132,0.0,0.0,2,-0.371736,2.0,8371.81,73.3,-28.5397,-5.46494,3.49352,5.9335,47.9027,53.1176,56.0852,57.5348,30.6013,29.2077,28.5737,28.0759,27.6621,27.2865,26.7809,26.2302,25.2693,23.59,21.3565,19.0748,13.8113,0.477413,65.8708,58.5279,68.1414,60.2486
47.2062714099884,0.5868241273109068,0.0,0.0,2,-0.380102,2.0,8258.56,72.2116,-28.9236,-5.27536,3.47869,5.8466,45.8887,51.1436,54.122,55.5754,56.3414,57.0075,31.5113,29.681,28.7861,28.1553,27.4873,26.8742,25.8218,23.9928,21.5787,19.1315,13.8372,0.477258,65.2776,57.8367,67.3296,59.3253
47.23388910293579,0.4892776178227263,0.0,0.0,2,-0.389211,2.0,8145.56,71.1257,-29.4295,-5.16611,3.46391,5.75972,43.8436,49.1513,52.1433,53.5997,54.3679,55.0353,55.5092,55.9808,56.4506,31.7525,28.9318,27.7829,26.4937,24.4889,21.8665,19.2324,13.8633,0.476964,64.9724,57.4437,66.5253,58.397
47.2479293346405,0.2538577445790404,0.0,0.0,2,-0.398657,2.0,8033.33,70.0525,-29.9629,-5.08297,3.45019,5.68082,41.7916,47.16,50.1687,51.6312,52.401,53.0692,53.544,54.0168,54.4875,54.9559,55.6081,56.3496,27.4321,25.0787,22.2175,19.3742,13.8825,0.4765,64.7807,57.2181,65.7104,57.4919
47.27193593978882,0.18392444386156556,0.0,0.0,2,-0.407357,2.0,7921.75,69.0251,-30.3715,-4.97693,3.43913,5.62654,39.798,45.2359,48.2614,49.7276,50.4996,51.1698,51.6454,52.1183,52.589,53.0578,53.711,54.4527,55.8302,25.7323,22.6072,19.5388,13.8827,0.475906,64.8608,57.338,64.8352,56.6556
47.294612646102905,0.1196915795200914,0.1686248779296875,0.0,2,-0.414831,2.0,7818.6,68.0588,-30.5032,-4.75203,3.43133,5.60106,37.8974,43.4038,46.4455,47.9174,48.6906,49.361,49.8371,50.3109,50.7824,51.2514,51.9039,52.645,54.0223,26.5567,23.022,19.716,13.8615,0.475292,64.9167,57.5952,63.9266,55.9759
47.30625247955322,0.05752076268736521,0.4078369140625,0.0,2,-0.420982,2.0,8345.78,67.3137,-30.4674,-4.50311,3.42698,5.60355,36.0909,41.6726,44.7285,46.2022,46.977,47.6489,48.1252,48.5984,49.0694,49.5383,50.1911,50.9319,52.3064,28.8797,23.4573,19.9021,13.8203,0.474821,64.699,57.7479,63.9725,63.9725
47.33076786994934,0.026855861353430897,0.4705810546875,0.0,2,-0.426235,2.0,8794.33,66.7053,-30.4605,-4.33239,3.42526,5.6295,34.3547,40.0109,43.0803,44.5586,45.3331,46.0047,46.4813,46.9552,47.4264,47.8947,48.546,49.2857,50.6588,53.3563,23.9268,20.105,13.7638,0.474508,64.4517,57.8361,67.2479,67.2479
47.3563175201416,-0.0011772515964210033,0.290191650390625,0.0,2,-0.430672,2.0,9256.44,66.2246,-30.5373,-4.23306,3.42545,5.6733,32.6393,38.3844,41.4691,42.9491,43.7256,44.3976,44.8734,45.3465,45.8173,46.2857,46.9371,47.6754,49.0451,51.7354,24.4555,20.3393,13.6974,0.474301,64.1808,57.8102,70.7737,70.7737
47.36971998214722,-0.04732536433757841,0.305877685546875,0.0,2,-0.430808,2.0,9175.32,65.8037,-30.6894,-4.18665,3.42748,5.73444,30.9233,36.7788,39.8786,41.3612,42.1377,42.8105,43.2871,43.7605,44.2305,44.6976,45.3479,46.0856,47.4525,50.1356,25.2832,20.6137,13.6231,0.473962,63.9463,57.7264,70.3311,70.3311
47.39789390563965,-0.11555009442356229,0.305877685546875,0.0,2,-0.430609,2.0,9157.83,65.3946,-30.8641,-4.17909,3.43203,5.84406,29.2308,35.2067,38.3237,39.8113,40.5883,41.2598,41.736,42.2092,42.6795,43.1468,43.7958,44.531,45.8954,48.5699,52.9082,20.9239,13.5389,0.473326,63.7867,57.6778,70.1835,70.1835
47.41390299797058,-0.27415230283758046,0.290191650390625,0.0,2,-0.429522,2.0,9107.92,65.0358,-30.9641,-4.15848,3.44007,6.06131,27.5913,33.7068,36.8403,38.3276,39.1056,39.7778,40.2531,40.7247,41.1936,41.6599,42.3082,43.0424,44.4011,47.0657,51.3855,21.2543,13.4424,0.47239,63.7187,57.7365,69.812,69.812
47.42885780334473,-0.3159708171270108,0.25685882568359375,0.0,2,-0.426883,2.0,9010.37,64.7339,-31.005,-4.16855,3.45299,6.60678,26.0654,32.3239,35.4646,36.9507,37.7266,38.3977,38.8725,39.3437,39.811,40.2748,40.92,41.6515,43.0056,45.6576,49.9534,21.5808,13.343,0.471153,63.872,58.0903,69.1012,69.1012
47.45467519760132,-0.31619179037976264,0.439208984375,0.0,2,-0.421526,2.0,8816.03,64.5344,-30.8728,-4.17986,3.47585,7.40208,24.7798,31.1286,34.264,35.7466,36.5178,37.1845,37.6567,38.1255,38.5909,39.0528,39.6937,40.4198,41.766,44.4005,48.6689,21.8539,13.2318,0.469619,63.9323,58.4896,67.6187,67.6187
47.470388412475586,-0.31628527480348323,0.10980224609375,0.0,2,-0.412905,2.0,9090.64,64.45,-30.5636,-4.21628,3.5115,8.11894,23.8132,30.1585,33.2704,34.7409,35.5067,36.1668,36.6342,37.0985,37.5598,38.018,38.6543,39.3739,40.7074,43.3198,47.5546,22.0381,13.1014,0.467768,63.7661,58.8265,69.5693,69.5693
47.4861319065094,-0.3163000063536667,0.1686248779296875,0.0,2,-0.40189,2.0,8557.58,64.4367,-30.0773,-4.25133,3.55952,8.77861,23.0943,29.357,32.4304,33.8823,34.6397,35.2929,35.7544,36.2129,36.6687,37.1217,37.7512,38.4639,39.7824,42.369,46.5645,22.191,12.9577,0.465605,63.5267,59.1712,66.0207,65.4472
47.514894008636475,-0.31632736494686453,0.1686248779296875,0.0,2,-0.385667,2.0,8373.62,64.412,-29.407,-4.26012,3.61932,9.37944,22.5487,28.6713,31.6957,33.1248,33.8716,34.5165,34.9723,35.4242,35.8736,36.3205,36.942,37.6463,38.9492,41.5074,45.6602,22.4108,12.8072,0.4631,63.2717,59.4894,64.2389,64.2389
47.53014922142029,-0.3163466378019918,0.188232421875,0.0,2,-0.365092,2.0,8219.15,64.3946,-28.6097,-4.24019,3.69017,9.9145,22.1083,28.0581,31.0266,32.4309,33.1659,33.8013,34.2507,34.6965,35.1389,35.5792,36.192,36.8869,38.1739,40.7012,44.81,22.8125,12.6559,0.459965,63.0338,59.7263,63.0322,63.0322
47.55598187446594,-0.3163547235400624,0.23529052734375,0.0,2,-0.344076,2.0,8150.68,64.3873,-27.7319,-4.20399,3.77343,10.3817,21.7274,27.4894,30.3978,31.7766,32.4991,33.1242,33.5669,34.0062,34.4422,34.8755,35.479,36.1641,37.4345,39.9298,43.9942,23.8134,12.5079,0.456208,62.8277,59.8668,62.4727,62.4727
47.57005834579468,-0.36086809092067185,0.2862701416015625,0.0,2,-0.323113,2.0,8206.0,64.382,-26.9402,-4.23934,3.87972,10.7722,21.3607,26.9349,29.7818,31.1352,31.8447,32.4594,32.895,33.3276,33.7573,34.184,34.778,35.4528,36.7061,39.1693,43.1889,48.7117,12.3677,0.451822,62.681,59.9086,62.8683,62.8683
47.58762860298157,-0.3985452717452173,0.2941131591796875,0.0,2,-0.300841,2.0,8357.05,64.4086,-26.334,-4.44367,4.02091,11.1678,21.1072,26.4697,29.2487,30.5749,31.2705,31.8739,32.3018,32.7271,33.1498,33.5698,34.1538,34.8179,36.0526,38.4822,42.455,47.925,12.221,0.446686,62.6536,60.029,63.985,63.985
47.60661268234253,-0.4178997275106261,0.2941131591796875,0.0,2,-0.275441,2.0,8468.07,64.5477,-25.7044,-4.72193,4.21727,11.6715,21.0748,26.1861,28.8872,30.1821,30.8624,31.4531,31.8723,32.2893,32.7039,33.1162,33.6896,34.3419,35.5563,37.9495,41.872,47.2872,12.0478,0.440543,62.6039,60.1283,64.8612,64.8612
47.63872766494751,-0.4788772937323141,0.274505615234375,0.0,2,-0.246757,2.0,8509.24,64.8321,-24.7974,-4.94715,4.47483,12.3027,21.2267,26.0744,28.6914,29.9522,30.6163,31.1934,31.6033,32.0113,32.4172,32.8209,33.3831,34.0232,35.2159,37.5708,41.441,46.8005,11.8469,0.433449,62.5297,60.1773,65.1968,65.1968
47.6559944152832,-0.578067562783263,0.2078399658203125,0.0,2,-0.215332,2.0,8475.73,65.2234,-23.5136,-5.06301,4.74344,13.0531,21.4909,26.0891,28.621,29.8472,30.4949,31.0583,31.4587,31.8574,32.2542,32.6492,33.2001,33.8278,34.9986,37.3147,41.1324,46.4369,11.6254,0.4255,62.6189,60.7385,64.9633,64.9633
47.67516231536865,-0.6366815255979896,0.20391845703125,0.0,2,-0.172481,2.0,8301.32,65.6451,-21.9474,-5.05161,5.00684,13.835,21.7456,26.1251,28.5767,29.7707,30.4028,30.953,31.3442,31.7339,32.1221,32.5087,33.0489,33.6648,34.8143,37.0931,40.86,46.1119,11.4038,0.416617,62.9965,62.0312,63.6663,63.6663
47.699751138687134,-0.6479454175435923,0.274505615234375,0.0,2,-0.128536,2.0,8182.01,66.0745,-20.2448,-4.94749,5.26161,14.6247,21.9657,26.1548,28.532,29.6966,30.314,30.8517,31.2342,31.6154,31.9953,32.3743,32.9044,33.509,34.6383,36.8817,40.6003,45.8024,11.1884,0.406528,63.2341,63.1266,62.7333,62.7333
47.72260284423828,-0.6469061507530104,0.4039154052734375,0.0,2,-0.0841444,2.0,8236.93,66.5299,-18.4776,-4.78805,5.51028,15.4513,22.1735,26.1942,28.5026,29.6398,30.2431,30.769,31.1432,31.5164,31.8887,32.2607,32.7812,33.3751,34.485,36.6949,40.3677,45.5232,10.9765,0.395313,63.2304,63.6731,63.1062,63.1062
47.74163842201233,-0.6458474861413482,0.6784210205078125,0.0,2,-0.0395063,2.0,8611.68,66.9938,-16.8693,-4.64028,5.75312,16.2138,22.3624,26.234,28.4794,29.5907,30.1809,30.6955,31.0619,31.4276,31.7931,32.1585,32.6699,33.2536,34.3451,36.5236,40.1532,45.2652,10.7696,0.38291,63.2655,63.9654,65.8349,65.8349
47.760258197784424,-0.6206471528838575,0.46862030029296875,0.0,2,0.00380438,2.0,9664.67,67.424,-15.8659,-4.69805,5.98286,16.7372,22.4717,26.2126,28.4008,29.488,30.0658,30.5699,30.929,31.2881,31.6472,32.0063,32.509,33.083,34.1571,36.3059,39.8943,44.9646,10.5784,0.36896,63.4473,63.9795,73.773,73.773
47.77839469909668,-0.5272649605778055,0.49999237060546875,0.0,2,0.046746,2.0,9784.15,68.0353,-14.9469,-4.74189,6.20905,17.1495,22.5533,26.1755,28.3105,29.3745,29.9405,30.4345,30.787,31.1398,31.4927,31.8458,32.3401,32.9048,33.9623,36.0823,39.631,44.6612,10.392,0.353172,63.721,64.3352,74.9744,74.9744
47.796266317367554,-0.43137476724414153,0.49999237060546875,0.0,2,0.0902106,2.0,9757.24,68.8119,-13.7674,-4.75942,6.43808,17.516,22.6423,26.1554,28.2406,29.2824,29.837,30.3215,30.6679,31.0147,31.3617,31.7089,32.1952,32.7509,33.7926,35.885,39.3958,44.3883,10.204,0.335628,64.0472,64.8297,74.8079,74.8079
47.81285881996155,-0.31050541200894805,0.49999237060546875,0.0,2,0.122972,2.0,9587.13,69.6682,-12.4559,-4.79,6.66734,17.8342,22.7254,26.1385,28.1776,29.1982,29.7419,30.2179,30.5585,30.8996,31.2409,31.5826,32.0611,32.6082,33.6352,35.7011,39.1761,44.1335,10.0182,0.316562,64.394,65.3332,73.5452,73.5452
47.826377868652344,-0.1639895008347435,0.9999847412109375,0.0,2,0.128801,2.0,9353.81,70.5559,-11.0423,-4.84953,6.90302,18.1371,22.8275,26.1476,28.1441,29.1445,29.6783,30.1465,30.4817,30.8173,31.1533,31.4896,31.9608,32.4996,33.5131,35.554,38.996,43.9215,9.83017,0.297704,64.6042,65.861,71.7698,71.7698
47.858635902404785,-0.11819205689955938,0.49999237060546875,0.0,2,0.136362,2.0,10295.5,71.5434,-9.63332,-4.92483,7.15103,18.4461,22.962,26.1968,28.1533,29.1347,29.6599,30.1209,30.4509,30.7814,31.1123,31.4436,31.9079,32.4391,33.4404,35.458,38.8705,43.7682,9.63738,0.279629,64.7078,66.3806,78.6012,78.6012
47.87631940841675,-0.0932873079819878,0.46077728271484375,0.0,2,0.14478,2.0,9684.94,72.5983,-8.29392,-5.00142,7.40719,18.7346,23.0959,26.2526,28.1711,29.1355,29.6528,30.1069,30.432,30.7577,31.0838,31.4103,31.8679,32.3928,33.3826,35.3788,38.7641,43.6373,9.4456,0.262131,64.8614,67.0967,74.4284,74.4284
47.896673917770386,-0.09293790308290721,0.854888916015625,0.0,2,0.154696,2.0,9027.98,73.6373,-6.70873,-4.97882,7.67914,19.0257,23.2501,26.3362,28.2191,29.1691,29.6789,30.1266,30.4471,30.7682,31.0898,31.4118,31.864,32.3832,33.3624,35.3396,38.7009,18.6611,9.25135,0.245253,64.88,68.0898,69.3455,69.3455
47.91400504112244,-0.1169105025122802,0.901947021484375,0.0,2,0.166569,2.0,9591.55,74.5627,-5.12296,-5.04478,7.97476,19.3342,23.4388,26.4623,28.3134,29.2507,29.7538,30.1955,30.5118,30.8287,31.1462,31.4648,31.9126,32.4266,33.3963,35.3573,38.699,16.7598,9.05274,0.228998,65.0028,69.1865,73.311,73.311
47.93020510673523,-0.19924298208830785,0.49999237060546875,0.0,2,0.177913,2.0,10231.6,75.5063,-3.87383,-5.22734,8.27161,19.5814,23.5785,26.5449,28.3671,29.292,29.7885,30.2246,30.5368,30.8499,31.1643,31.4797,31.9232,32.4323,33.3927,35.3391,38.6624,15.9239,8.86452,0.213089,65.0206,70.2627,78.147,78.147
47.956875801086426,-0.3283271190397441,0.49999237060546875,0.0,2,0.187874,2.0,9869.0,76.3718,-2.93062,-5.46252,8.56081,19.7488,23.6464,26.5587,28.3539,29.2664,29.7564,30.1867,30.4954,30.8054,31.1165,31.4288,31.8678,32.3719,33.323,35.2552,38.5602,15.3463,8.68929,0.197284,65.0206,71.1772,75.7224,75.7224
47.97085094451904,-0.448149595861841,0.9999847412109375,0.0,2,0.197774,2.0,9684.68,77.1332,-2.28246,-5.70988,8.85989,19.8861,23.6928,26.5532,28.3235,29.2239,29.7075,30.133,30.4385,30.7453,31.0533,31.3625,31.7972,32.2963,33.2391,35.1574,38.4452,14.8352,8.51682,0.181368,65.0206,71.791,74.2609,74.2609
47.98634338378906,-0.45704948377501964,0.49999237060546875,0.0,2,0.209105,2.0,10853.5,77.8304,-1.76166,-5.91806,9.19288,20.0441,23.7685,26.5813,28.3288,29.2179,29.6961,30.1176,30.4203,30.7242,31.0293,31.3356,31.7663,32.2609,33.1968,35.1028,38.3765,14.2863,8.33718,0.165104,66.1428,72.3353,82.7582,82.7582
48.00629425048828,-0.4558731468021013,0.49999237060546875,0.0,2,0.222663,2.0,10527.4,78.5309,-1.17862,-6.09023,9.57808,20.2454,23.8977,26.6691,28.3962,29.2757,29.75,30.168,30.4681,30.7695,31.0721,31.3759,31.803,32.2941,33.2249,35.1207,38.3853,13.6773,8.14624,0.148346,67.5399,73.1688,80.7733,80.7733
48.02651524543762,-0.4447291857997086,0.49999237060546875,0.0,2,0.238082,2.0,10280.0,79.2158,-0.550864,-6.2408,10.0196,20.4773,24.0672,26.8033,28.512,29.3846,29.8555,30.2704,30.5683,30.8675,31.1679,31.4695,31.894,32.3829,33.3095,35.1982,38.4578,13.0504,7.94666,0.130974,68.642,74.0148,78.8464,78.8464
48.046305656433105,-0.42415839153150875,0.9999847412109375,0.0,2,0.254506,2.0,10231.7,79.7995,0.101063,-6.44609,10.4985,20.7151,24.2501,26.9558,28.6487,29.5157,29.9835,30.3956,30.6915,30.9887,31.2872,31.5875,32.0104,32.4975,33.4205,35.3044,38.562,12.4476,7.74322,0.112901,69.3802,74.7135,78.326,78.326
48.065595865249634,-0.4233306405841398,0.49999237060546875,0.0,2,0.271892,2.0,11659.4,80.3268,0.938022,-6.78252,10.9573,20.9567,24.4444,27.1249,28.8056,29.6674,30.1323,30.5419,30.8362,31.1323,31.43,31.7293,32.151,32.6364,33.5563,35.4381,38.697,11.8706,7.53709,0.0941684,70.0007,75.2206,88.8513,88.8513
48.09612965583801,-0.45180323918245113,0.49999237060546875,0.0,2,0.290068,2.0,11489.2,80.9545,1.9588,-7.13954,11.3877,21.1979,24.6454,27.3035,28.9754,29.8326,30.295,30.7032,30.9969,31.2922,31.5892,31.8878,32.3083,32.7925,33.7108,35.5922,38.8555,11.3223,7.33011,0.0748529,70.1663,75.6846,88.0945,88.0945
48.108855962753296,-0.5124583804607391,0.49999237060546875,0.0,2,0.307811,2.0,11329.1,81.6038,2.93288,-7.48804,11.7727,21.4078,24.8176,27.4548,29.1179,29.9706,30.4317,30.839,31.1319,31.4264,31.7226,32.0204,32.4397,32.9228,33.8408,35.7216,38.9912,10.8252,7.12717,0.0549475,70.1663,75.9872,86.8775,86.8775
48.13489294052124,-0.565576683351933,0.49999237060546875,0.0,2,0.324442,2.0,11163.0,82.2491,3.76127,-7.81563,12.1048,21.5698,24.9421,27.5589,29.212,30.0613,30.521,30.9269,31.2189,31.5125,31.8077,32.1045,32.5228,33.0054,33.9227,35.803,39.0783,10.3815,6.92966,0.0343988,70.1663,76.1413,85.6015,85.6015
48.149073362350464,-0.6212144398046346,0.49999237060546875,0.0,2,0.339475,2.0,11019.4,82.8759,4.39672,-8.12348,12.3807,21.6733,25.0066,27.6018,29.2441,30.0898,30.5476,30.9519,31.2426,31.535,31.829,32.1249,32.5425,33.0243,33.94,35.819,39.098,9.98961,6.73768,0.0131374,70.1663,76.2044,84.4896,84.4896
48.17656230926514,-0.6315111513388251,0.49999237060546875,0.0,2,0.352609,2.0,10915.2,83.477,4.81291,-8.41179,12.6034,21.7135,25.0047,27.5764,29.2068,30.0478,30.5031,30.9051,31.1943,31.4853,31.7783,32.0733,32.4896,32.9698,33.8828,35.7592,39.0387,9.64675,6.55045,-0.00891725,70.1663,76.1919,83.6735,83.6735
48.191006660461426,-0.6303671840869691,0.46469879150390625,0.0,2,0.363855,2.0,11014.2,83.9598,5.10369,-8.76431,12.7779,21.6936,24.9395,27.4848,29.1021,29.9372,30.3894,30.7887,31.0762,31.3658,31.6574,31.9511,32.3655,32.8437,33.7528,35.6247,38.9013,9.34861,6.36677,-0.0317643,70.1663,76.2061,84.348,84.348
48.20783615112305,-0.62957981806006,0.415679931640625,0.0,2,0.374088,2.0,11248.7,84.2921,5.3706,-9.20539,12.9188,21.6386,24.8381,27.3554,28.9591,29.7877,30.2364,30.6331,30.9189,31.2069,31.497,31.789,32.2013,32.677,33.5821,35.4482,38.7203,9.0801,6.18401,-0.0552921,70.2606,76.2731,86.041,86.041
48.22999048233032,-0.6288635353338048,0.368621826171875,0.0,2,0.385173,2.0,11304.7,84.5944,5.64582,-9.64646,13.0535,21.5957,24.7531,27.245,28.8367,29.6594,30.1053,30.5,30.7845,31.0711,31.3598,31.6505,32.0608,32.5345,33.4366,35.2983,38.5684,8.80888,5.99709,-0.0794731,70.9492,76.4427,86.6316,86.6316
48.2515652179718,-0.62803423015951,0.27646636962890625,0.0,2,0.397412,2.0,11122.3,84.9444,5.8984,-10.0,13.1869,21.5722,24.6927,27.163,28.7445,29.5623,30.0063,30.3994,30.6828,30.9683,31.2559,31.5455,31.9544,32.4265,33.327,35.186,38.458,8.52836,5.80505,-0.104404,71.68,76.7406,85.3031,85.3031
48.27510333061218,-0.6272942529997034,0.36077880859375,0.0,2,0.410597,2.0,10716.7,85.2567,6.05932,-10.269,13.3167,21.5632,24.6515,27.1034,28.6761,29.4903,29.9329,30.3248,30.6074,30.892,31.1788,31.4676,31.8753,32.3467,33.2464,35.1046,38.3815,8.2419,5.60794,-0.130227,72.4532,77.1158,82.2477,82.2477
48.29897737503052,-0.6267113699343418,0.0666656494140625,0.0,2,0.424305,2.0,10651.2,85.5027,6.11016,-10.4699,13.4391,21.5598,24.619,27.055,28.6198,29.4317,29.8731,30.264,30.5458,30.8297,31.1157,31.4039,31.8112,32.2823,33.1816,35.0405,38.3242,7.95584,5.40626,-0.157065,73.1399,77.4857,81.6414,81.6414
48.323551177978516,-0.6264770319865197,0.0,0.0,2,0.438226,2.0,10030.6,85.6016,6.03661,-10.6218,13.5535,21.5556,24.5881,27.0098,28.5678,29.3776,29.8179,30.2078,30.4889,30.7722,31.0577,31.3456,31.7528,32.2238,33.1228,34.9833,38.275,7.67431,5.20013,-0.185019,73.6895,77.7967,75.8014,78.1884
48.34756660461426,-0.6268935801283512,0.0,0.0,2,0.452183,2.0,9733.37,85.4258,5.884,-10.7768,13.6593,21.5483,24.556,26.9648,28.5171,29.3248,29.764,30.153,30.4334,30.7163,31.0017,31.2895,31.6965,32.1674,33.0662,34.929,38.2295,7.39917,4.98988,-0.214098,74.0592,77.9608,72.9181,76.3817
48.348594427108765,-0.6275835620333645,0.0,0.0,2,0.467788,2.0,9626.22,85.1346,5.91463,-10.9659,13.7763,21.576,24.5661,26.967,28.5173,29.3244,29.7632,30.152,30.4327,30.716,31.0017,31.2899,31.6974,32.1689,33.0691,34.9376,38.2523,7.10829,4.77376,-0.244166,74.1565,78.0722,71.9008,75.683
48.37006092071533,-0.6283005555926263,0.0,0.0,2,0.485085,2.0,9566.21,84.832,6.14812,-11.2094,13.9045,21.6396,24.6199,27.0181,28.57,29.3777,29.8173,30.2072,30.4888,30.773,31.0595,31.3486,31.7573,32.2301,33.1341,35.0115,38.3539,6.80399,4.55247,-0.275213,74.0248,78.1239,71.1533,75.4915
48.39814114570618,-0.6289381727994914,0.0,0.0,2,0.501918,2.0,9524.15,84.5629,6.50972,-11.5204,14.0162,21.6886,24.6594,27.0552,28.608,29.4167,29.8575,30.2485,30.5309,30.8157,31.1031,31.3929,31.8026,32.2771,33.1852,35.0712,11.1264,6.51953,4.33268,-0.307099,73.7989,78.0721,70.5926,75.4019
48.41136932373047,-0.5391895278263213,0.0,0.0,2,0.515983,2.0,9488.79,84.3761,6.96345,-11.9755,14.0836,21.6705,24.6236,27.011,28.5604,29.3687,29.8094,30.2004,30.4827,30.7676,31.0549,31.3447,31.7549,32.2302,33.14,35.0305,10.2425,6.28452,4.12633,-0.339701,73.7364,78.0586,70.3055,75.1393
48.426934003829956,-0.48660351582372185,0.0,0.0,2,0.524135,2.0,9470.48,84.2432,7.00596,-12.4293,14.072,21.5154,24.4307,26.7944,28.331,29.1339,29.5718,29.9604,30.241,30.5242,30.8099,31.0982,31.5065,31.9798,32.8858,34.7706,38.2128,6.14021,3.94068,-0.372838,73.7364,78.0586,70.6363,74.5115
48.45279908180237,-0.44644582612791656,0.0,0.0,2,0.504265,2.0,9475.25,84.1448,6.56067,-12.8685,13.986,21.2281,24.0849,26.4087,27.9225,28.7146,29.1468,29.5305,29.8077,30.0875,30.3698,30.6548,31.0586,31.5268,32.4236,34.2913,37.7047,6.09506,3.77791,-0.40601,73.7364,78.0586,71.4137,73.7892
48.478477239608765,-0.43675134950046335,0.0,0.0,2,0.465135,2.0,9503.16,84.0733,5.63282,-13.2617,13.8408,20.8336,23.6138,25.8832,27.3653,28.1416,28.5656,28.9422,29.2144,29.4892,29.7666,30.0466,30.4434,30.9037,31.7863,33.6265,36.9765,6.15505,3.63956,-0.437336,73.7364,77.5705,72.4609,73.1503
48.49549722671509,-0.4368324828227861,0.0,0.0,2,0.423571,2.0,9493.45,84.0239,4.56464,-13.6948,13.6813,20.4167,23.1154,25.3262,26.7737,27.5329,27.9478,28.3165,28.5831,28.8524,29.1243,29.3989,29.7879,30.2395,31.106,32.9152,36.1961,6.29277,3.52118,-0.466617,73.7364,76.3219,73.58,71.9747
48.51278495788574,-0.4368791262712469,0.0,0.0,2,0.383223,2.0,9374.66,83.9955,3.65102,-14.0706,13.5445,20.0508,22.6769,24.8353,26.2519,26.9957,27.4025,27.7642,28.0259,28.2902,28.5573,28.827,29.2092,29.653,30.5053,32.2871,35.5145,6.46787,3.41346,-0.493688,73.7364,75.7178,73.7701,70.0064
48.528703451156616,-0.4467482647986127,0.0,0.0,2,0.345791,2.0,9181.77,83.9647,3.14508,-14.5773,13.4441,19.7644,22.3324,24.4496,25.842,26.574,26.9747,27.331,27.5888,27.8494,28.1127,28.3787,28.7558,29.1938,30.0354,31.7971,34.9918,6.64516,3.31054,-0.518503,73.7364,75.9744,72.7313,68.1358
48.55505061149597,-0.48722459461669126,0.0,0.0,2,0.313109,2.0,8993.09,83.904,3.12833,-15.0949,13.3924,19.5852,22.1165,24.209,25.5872,26.3129,26.7102,27.0637,27.3194,27.578,27.8393,28.1033,28.4779,28.9132,29.7498,31.5027,34.6941,6.74004,3.20867,-0.54089,73.7422,76.7185,71.5705,66.3947
48.566606521606445,-0.5189490011655763,0.0,0.0,2,0.290674,2.0,8817.18,83.7512,3.43474,-15.4724,13.4013,19.5404,22.0619,24.1514,25.5292,26.2555,26.6532,27.007,27.2631,27.5219,27.7836,28.0483,28.4239,28.8605,29.6996,31.4591,34.6937,6.65007,3.1031,-0.560932,74.0882,77.5176,70.4884,64.7715
48.589274168014526,-0.5193713739558108,0.0,0.0,2,0.280447,2.0,8705.11,83.5345,4.06594,-15.6336,13.4763,19.6436,22.1857,24.2957,25.6893,26.424,26.8262,27.184,27.4431,27.7053,27.9705,28.2387,28.6193,29.0615,29.9114,31.6957,35.0491,6.34055,2.99084,-0.579267,73.5666,78.3668,70.2665,63.2408
48.615384340286255,-0.5198181106587261,0.0,0.0,2,0.275569,2.0,8570.52,83.3053,5.0353,-15.7155,13.6001,19.8563,22.4427,24.5916,26.0128,26.7616,27.1718,27.5371,27.8017,28.0694,28.3401,28.6139,29.0023,29.4535,30.3211,32.144,35.7155,5.92628,2.87569,-0.596261,72.8638,79.0129,69.6699,61.784
48.6309015750885,-0.5097219208876291,0.0,0.0,2,0.274889,2.0,8435.83,83.037,6.33934,-15.7768,13.7644,20.1611,22.8125,25.0173,26.4755,27.2447,27.6663,28.0416,28.3134,28.5882,28.8661,29.1471,29.5459,30.0096,30.9017,32.7939,36.7018,5.48426,2.75943,-0.611944,72.171,79.416,68.9778,60.4087
48.646075963974,-0.36401182457042547,0.2548980712890625,0.0,2,0.277431,2.0,8309.4,82.7142,7.87843,-15.8043,13.9623,20.5446,23.2791,25.555,27.0603,27.8547,28.2898,28.6769,28.9573,29.2411,29.5282,29.8186,30.2308,30.7097,31.6312,33.6867,38.0343,5.05774,2.64463,-0.626326,71.547,79.5913,68.3304,59.1103
48.672821044921875,-0.18776012462244185,0.64312744140625,0.0,2,0.281895,2.0,9291.93,82.4066,9.63531,-15.8451,14.1833,20.9885,23.8201,26.1772,27.7376,28.5601,29.0109,29.4125,29.7033,29.9975,30.295,30.5958,31.0226,31.5253,32.5308,34.8229,39.7261,4.67169,2.53453,-0.639409,71.1836,79.8121,71.0985,71.0985
48.69310450553894,-0.06917827923856862,0.9999847412109375,0.0,2,0.289831,2.0,10384.0,82.2586,11.528,-15.8598,14.4118,21.4592,24.3958,26.8413,28.4593,29.3133,29.7812,30.1977,30.4992,30.8057,31.1208,31.4448,31.9141,32.4738,33.5963,36.1702,7.14636,4.34129,2.43282,-0.651198,71.0401,79.8861,79.2514,79.2514
48.70614719390869,-0.06527007560119157,0.49999237060546875,0.0,2,0.296251,2.0,11750.9,82.5271,12.9788,-15.6499,14.6037,21.8592,24.8889,27.4133,29.0845,29.966,30.4521,30.8951,31.2223,31.559,31.9055,32.2622,32.7795,33.3975,34.6402,37.5075,6.22392,4.0932,2.34481,-0.662181,71.0438,79.5177,89.6559,89.6559
48.73174548149109,-0.06514894158900406,0.49999237060546875,0.0,2,0.297517,2.0,11343.8,83.0235,14.0174,-15.4041,14.7464,22.1623,25.2673,27.8563,29.5712,30.4946,31.0198,31.4996,31.8545,32.2199,32.5963,32.9842,33.5473,34.2213,35.5801,38.7347,5.74332,3.91257,2.26992,-0.672492,71.0438,79.3905,87.0392,87.0392
48.74936842918396,-0.10821101624076068,0.49999237060546875,0.0,2,0.293728,2.0,11144.6,83.4711,14.607,-15.1918,14.8381,22.3636,25.5243,28.1629,29.926,30.9102,31.4711,31.984,32.3638,32.7552,33.1587,33.5749,34.1799,34.905,36.3709,39.7938,5.46525,3.7844,2.20673,-0.682164,71.0438,79.248,85.4707,85.4707
48.76750445365906,-0.21998201158694147,0.49999237060546875,0.0,2,0.284406,2.0,11071.2,83.9145,14.8385,-15.0786,14.8714,22.4456,25.6384,28.3081,30.1304,31.1635,31.7531,32.2929,32.6928,33.1053,33.531,33.9704,34.6097,35.377,36.9317,40.5805,5.33686,3.70653,2.1543,-0.691125,71.0438,78.9436,84.8265,84.8265
48.78526735305786,-0.4075867863840424,0.49999237060546875,0.0,2,0.270255,2.0,11163.5,84.3179,14.89,-15.1463,14.853,22.42,25.6236,28.3076,30.1853,31.2544,31.8653,32.4251,32.8401,33.2685,33.7108,34.1677,34.833,35.6325,37.2553,41.0802,5.32822,3.67198,2.11217,-0.699169,71.0438,78.4647,85.4932,85.4932
48.81482982635498,-0.5826544347437664,0.49999237060546875,0.0,2,0.255838,2.0,11316.6,84.7218,14.801,-15.3263,14.7951,22.3125,25.5106,28.2005,30.1191,31.2134,31.8393,32.4132,32.839,33.2788,33.7331,34.2025,34.8867,35.7097,37.3826,41.3395,5.4259,3.67356,2.08028,-0.706182,71.0438,77.7863,86.6483,86.6483
48.83506369590759,-0.6751480647603205,0.49999237060546875,0.0,2,0.239814,2.0,11479.5,85.1382,14.5796,-15.5476,14.707,22.1428,25.3223,28.0113,29.9556,31.066,31.7017,32.285,32.7179,33.1652,33.6275,34.1054,34.8024,35.6414,37.349,41.3996,5.6323,3.7093,2.0588,-0.712269,71.0438,76.9224,87.9217,87.9217
48.84772801399231,-0.7107422781003427,0.49999237060546875,0.0,2,0.221583,2.0,11585.4,85.5943,14.1698,-15.7409,14.5953,21.9246,25.0751,27.7558,29.7129,30.832,31.4731,32.0616,32.4986,32.9501,33.4171,33.9,34.6046,35.4532,37.1823,41.2937,5.9775,3.78008,2.04794,-0.71737,71.0438,76.0577,88.7569,88.7569
48.8698091506958,-0.7093506618175904,0.49999237060546875,0.0,2,0.201533,2.0,11579.6,86.112,13.5317,-15.8463,14.4656,21.6686,24.7814,27.4461,29.4053,30.5266,31.1693,31.7595,32.1979,32.6511,33.1197,33.6047,34.3124,35.1653,36.9044,41.0473,6.55741,3.88825,2.04708,-0.721527,71.0438,75.4785,88.751,88.751
48.891873359680176,-0.7080238281355997,0.49999237060546875,0.0,2,0.180135,2.0,11517.2,86.6056,12.5579,-15.8118,14.3245,21.3876,24.4565,27.0991,29.0525,30.1714,30.8129,31.4022,31.8401,32.2929,32.7612,33.2459,33.9535,34.8065,36.5472,40.7002,7.75291,4.03356,2.05358,-0.724834,71.4662,75.3547,88.2835,88.2835
48.90643310546875,-0.6945307806994636,0.49999237060546875,0.0,2,0.15981,2.0,11430.4,87.0522,11.5253,-15.7043,14.1963,21.1348,24.1652,26.7938,28.7487,29.8695,30.5125,31.1033,31.5425,31.9967,32.4668,32.9534,33.664,34.521,36.2714,40.4559,50.4567,4.18809,2.06243,-0.727467,72.1785,75.7138,87.6227,87.6227
48.92755842208862,-0.5877672699394226,0.49999237060546875,0.0,2,0.143621,2.0,11351.3,87.4912,10.5765,-15.6053,14.0787,20.9056,23.9018,26.5244,28.4871,29.6136,30.2603,30.8548,31.2969,31.7543,32.2277,32.718,33.4344,34.299,36.0664,40.3014,50.4797,4.35424,2.0738,-0.729589,72.8704,76.3531,87.0106,87.0106
48.94861817359924,-0.3657236058308668,0.49999237060546875,0.0,2,0.127744,2.0,11303.1,87.9281,9.71343,-15.5438,13.9667,20.6885,23.6526,26.2751,28.2488,29.383,30.0346,30.6339,31.0797,31.5412,32.019,32.514,33.2377,34.1117,35.9003,40.1968,50.5869,4.542,2.08898,-0.731282,73.7441,77.4336,86.628,86.628
48.96900415420532,-0.20288624063167565,0.49999237060546875,0.0,2,0.111964,2.0,11256.7,88.3717,8.85712,-15.4653,13.858,20.4784,23.4114,26.0385,28.0251,29.1682,29.8253,30.4302,30.8803,31.3463,31.8291,32.3295,33.0614,33.9459,35.7582,40.1234,50.7494,4.75914,2.10876,-0.732508,75.1727,79.1439,86.2762,86.2762
48.98804211616516,-0.10601613390380145,0.9999847412109375,0.0,2,0.0962459,2.0,11152.9,88.8772,7.96725,-15.3264,13.7526,20.2747,23.1775,25.8145,27.8158,28.9688,29.6324,30.2433,30.6982,31.1694,31.6577,32.1641,32.9052,33.8014,35.6399,40.0812,50.9688,5.00556,2.13167,-0.733309,77.21,81.0501,85.493,85.493
49.00665473937988,-0.04646554664360639,0.49999237060546875,0.0,2,0.0801045,2.0,12253.8,89.5651,7.26194,-15.2356,13.6456,20.0668,22.9379,25.5862,27.6007,28.763,29.4323,30.0489,30.5083,30.9843,31.4778,31.9898,32.7395,33.6468,35.5105,40.0253,51.1712,5.30366,2.15889,-0.733593,79.0398,82.3505,93.5531,93.5531
49.0298957824707,-0.004802639770968507,0.49999237060546875,0.0,2,0.0650861,2.0,11779.4,90.3636,6.83166,-15.2156,13.5402,19.8652,22.7087,25.3727,27.4032,28.5764,29.2526,29.876,30.3406,30.8223,31.3219,31.8405,32.6003,33.5205,35.4133,40.0129,51.4556,5.66602,2.19173,-0.733095,80.4157,83.4027,90.3926,90.3926
49.04611539840698,0.0029876820551554364,0.9999847412109375,0.0,2,0.0507323,2.0,11537.2,91.0944,6.38765,-15.267,13.4246,19.6425,22.4563,25.1274,27.1672,28.3473,29.028,29.6559,30.1241,30.6096,31.1135,31.6367,32.4036,33.3332,35.2476,39.9126,51.5992,6.16807,2.23456,-0.731848,81.433,84.1063,88.4737,88.4737
49.0678870677948,0.00827200991530437,0.49999237060546875,0.0,2,0.0346886,2.0,12637.6,91.8865,5.94245,-15.3586,13.2937,19.387,22.1644,24.8288,26.8664,28.0465,28.7275,29.356,29.8248,30.3111,30.8159,31.3403,32.1093,33.0419,34.9643,39.659,51.4846,6.95457,2.29061,-0.729783,82.2756,84.6309,96.4827,96.4827
49.09102010726929,0.011091580768352684,0.49999237060546875,0.0,2,0.0181076,2.0,12046.0,92.7853,5.49078,-15.3498,13.1568,19.122,21.8629,24.5169,26.5493,27.7274,28.4078,29.0358,29.5044,29.9907,30.4957,31.0204,31.7902,32.7243,34.6513,39.367,51.3073,8.5053,2.35857,-0.726736,83.5817,85.422,92.5201,92.5201
49.10790419578552,0.011054625319389316,0.9999847412109375,0.0,2,0.000476058,2.0,11613.2,93.6423,4.85329,-15.2961,13.0107,18.8386,21.5391,24.1744,26.1947,27.3668,28.0439,28.6692,29.1358,29.6203,30.1234,30.6463,31.4138,32.3454,34.2687,38.9834,50.972,77.0927,2.43917,-0.72276,84.7414,86.1378,89.1092,89.1092
49.13161015510559,0.011016423648168022,0.49999237060546875,0.0,2,-0.0186341,2.0,12560.7,94.5282,4.18654,-15.2565,12.8529,18.5294,21.1825,23.7871,25.7851,26.9449,27.6151,28.2341,28.6962,29.176,29.6743,30.1923,30.9527,31.8761,33.7832,38.4631,50.3959,76.5449,2.53527,-0.717828,85.7619,86.7733,95.9511,95.9511
49.14989137649536,0.005756392642749163,0.9999847412109375,0.0,2,-0.0364297,2.0,11967.3,95.4543,3.63755,-15.24,12.6907,18.214,20.8194,23.3904,25.364,26.5101,27.1725,27.7845,28.2414,28.7159,29.2087,29.7212,30.4735,31.3872,33.2753,37.9129,49.7666,75.9311,2.6475,-0.711778,86.712,87.6131,91.874,91.874
49.16834735870361,0.002198530003521591,0.49999237060546875,0.0,2,-0.0543063,2.0,12867.8,96.37,3.10574,-15.2383,12.5226,17.8891,20.445,22.9782,24.9238,26.0539,26.7073,27.311,27.7617,28.2298,28.7162,29.2219,29.9644,30.8664,32.7309,37.314,49.0502,75.2091,2.77886,-0.704663,87.6326,88.3775,98.3062,98.3062
49.187583208084106,0.0,0.9999847412109375,0.0,2,-0.0722826,2.0,12193.1,97.3288,2.65374,-15.2002,12.3514,17.5629,20.0711,22.5665,24.4839,25.5981,26.2424,26.8378,27.2824,27.7442,28.224,28.723,29.4558,30.3461,32.187,36.7155,48.3347,74.4855,2.92924,-0.696332,88.6322,89.2572,93.7054,93.7054
49.20582389831543,-0.0021785637131892144,0.49999237060546875,0.0,2,-0.0906437,2.0,12854.5,98.3723,2.15826,-15.0101,12.1752,17.2305,19.6908,22.1459,24.0331,25.1301,25.7646,26.3509,26.7888,27.2437,27.7164,28.2079,28.93,29.8074,31.6221,36.0891,47.5691,73.6966,3.10142,-0.686769,89.6715,90.1768,98.2964,98.2964
49.23050093650818,-0.02600856932719797,0.9999847412109375,0.0,2,-0.109343,2.0,12067.1,99.3998,1.72621,-14.8381,11.9936,16.8921,19.3045,21.7173,23.5726,24.6514,25.2754,25.8521,26.2829,26.7303,27.1954,27.6791,28.3895,29.253,31.0394,35.439,46.7615,72.8516,3.2992,-0.675845,90.6562,91.1233,92.6671,92.6671
49.245182037353516,-0.1576544069477512,0.9999847412109375,0.0,2,-0.127675,2.0,12856.8,100.365,1.25685,-14.6946,11.8074,16.5495,18.9148,21.2838,23.1061,24.1658,24.7789,25.3456,25.7689,26.2086,26.6657,27.1411,27.8395,28.6884,30.4449,34.7731,45.9255,71.9652,3.52557,-0.663554,91.5218,91.9572,98.2815,98.2815
49.267662048339844,-0.26054996487800963,0.49999237060546875,0.0,2,-0.142993,2.0,13432.2,101.425,0.818283,-14.5866,11.6285,16.2339,18.5673,20.9073,22.709,23.7574,24.3641,24.9251,25.3443,25.7798,26.2326,26.7036,27.3958,28.2375,29.98,34.2799,45.4,71.4773,3.76998,-0.649986,92.0579,92.8687,102.72,102.72
49.2861647605896,-0.34548468329470605,0.9999847412109375,0.0,2,-0.15506,2.0,12596.8,102.431,0.60541,-14.5144,11.4653,15.9699,18.296,20.6338,22.4374,23.4884,24.0973,24.6606,25.0816,25.5193,25.9746,26.4484,27.1451,27.9929,29.7507,34.1022,45.4493,71.7237,4.01922,-0.635279,92.4141,93.8812,96.7693,96.7693
49.31019067764282,-0.4325554087601602,0.9999847412109375,0.0,2,-0.164595,2.0,13202.3,103.435,0.476271,-14.3166,11.3134,15.7475,18.0851,20.442,22.2658,23.331,23.9488,24.5208,24.9488,25.3939,25.8572,26.3398,27.05,27.9153,29.713,34.1845,45.9902,72.5484,4.27273,-0.619567,92.8022,94.8252,100.994,100.994
49.32875919342041,-0.4883554085177556,0.49999237060546875,0.0,2,-0.171277,2.0,13626.7,104.509,0.631615,-14.117,11.1739,15.5729,17.9442,20.3458,22.2121,23.3053,23.9405,24.5294,24.9704,25.4296,25.9079,26.4067,27.1416,28.0386,29.9074,34.5874,47.1658,74.0269,4.52328,-0.6029,93.1274,95.799,104.257,104.257
49.34698414802551,-0.5064753195336957,0.9999847412109375,0.0,2,-0.175693,2.0,12813.5,105.433,0.953268,-13.9738,11.0428,15.4386,17.863,20.3322,22.2613,23.3957,24.0562,24.6697,25.1297,25.6091,26.1093,26.6314,27.4022,28.3447,30.3159,35.2959,48.9968,76.0273,4.76907,-0.585285,93.4622,96.7417,98.353,98.353
49.36896538734436,-0.5048558708759645,0.49999237060546875,0.0,2,-0.1778,2.0,13720.3,106.215,1.32141,-13.8964,10.9125,15.3232,17.8097,20.3582,22.3615,23.5445,24.2351,24.8776,25.3602,25.8638,26.3899,26.94,27.7535,28.7508,30.8452,36.1905,51.1233,78.2099,5.01849,-0.566942,93.8563,97.5145,104.857,104.857
49.38777279853821,-0.503279911248684,0.9999847412109375,0.0,2,-0.178479,2.0,13132.6,106.976,1.85404,-13.8575,10.7857,15.2384,17.8027,20.4506,22.5467,23.7909,24.5194,25.1986,25.7097,26.244,26.803,27.3885,28.2562,29.3233,31.5756,37.3949,53.5921,80.715,5.26478,-0.547881,94.3198,98.3551,100.758,100.758
49.40593981742859,-0.5016563207785288,0.49999237060546875,0.0,2,-0.178701,2.0,13972.3,107.76,2.31196,-13.7052,10.6583,15.1711,17.8224,20.5831,22.7857,24.1004,24.8729,25.5948,26.1391,26.7091,27.3067,27.9338,28.8655,30.0152,32.4558,38.8516,56.194,83.33,5.51403,-0.528208,94.8939,99.088,106.843,106.843
49.4258074760437,-0.44215609989337623,0.9999847412109375,0.0,2,-0.177511,2.0,13284.1,108.518,2.76319,-13.4592,10.5362,15.1408,17.8996,20.7999,23.1356,24.539,25.3669,26.1429,26.7293,27.3448,27.9915,28.6717,29.6855,30.9416,33.6266,40.7867,59.1422,86.3117,5.75149,-0.508015,95.509,100.021,101.927,101.927
49.45071983337402,-0.39549045644950126,0.49999237060546875,0.0,2,-0.175855,2.0,14254.4,109.196,3.2902,-13.2789,10.4154,15.1348,18.015,21.0759,23.5665,25.0743,25.9677,26.8079,27.4446,28.1145,28.8202,29.5645,30.6777,32.0632,35.0495,43.1783,62.2216,90.0496,5.98402,-0.487446,96.2518,100.947,108.929,108.929
49.46775269508362,-0.35989888027711775,0.9999847412109375,0.0,2,-0.172095,2.0,13680.6,109.883,4.04152,-13.1663,10.2985,15.1674,18.1931,21.449,24.1304,25.7681,26.7438,27.6647,28.365,29.1039,29.8847,30.711,31.9518,33.5051,36.8862,46.303,65.5806,95.6492,6.20467,-0.466361,96.9964,101.906,104.957,104.957
49.48523020744324,-0.33418385417102525,0.49999237060546875,0.0,2,-0.167753,2.0,14726.2,110.529,4.85179,-13.1033,10.1807,15.224,18.4123,21.8909,24.7945,26.5856,27.659,28.6768,29.4536,30.276,31.1482,32.0746,33.4726,35.2341,39.1138,49.6708,68.9971,109.158,6.41825,-0.444935,97.6734,102.644,112.51,112.51
49.508864641189575,-0.31721374301433564,0.9999847412109375,0.0,2,-0.162798,2.0,14050.6,111.254,5.74217,-12.9902,10.0638,15.3148,18.6912,22.4333,25.6051,27.5841,28.7786,29.917,30.7897,31.7174,32.7053,33.7594,35.3594,37.3915,41.9315,53.21,72.5582,162.709,6.60072,-0.423053,98.3153,103.374,107.893,107.893
49.53070640563965,-0.31624381668090823,0.49999237060546875,0.0,2,-0.158334,2.0,14902.6,111.984,6.38311,-12.744,9.95063,15.4206,19.0006,23.0355,26.5133,28.711,30.0478,31.3293,32.3167,33.3709,34.499,35.7089,37.5577,39.9274,45.2335,56.6748,76.0181,154.475,6.76375,-0.400861,99.0495,104.028,113.927,113.927
49.546528339385986,-0.3153257083296776,0.9999847412109375,0.0,2,-0.153479,2.0,14233.9,112.675,7.11864,-12.5546,9.85023,15.5641,19.3789,23.761,27.6111,30.0798,31.5955,33.0583,34.1921,35.4093,36.7194,38.133,40.3107,43.1309,48.7659,60.2523,79.5693,39.1737,6.89906,-0.378384,99.6351,104.681,109.227,109.227
49.566638708114624,-0.31451655060768124,0.49999237060546875,0.0,2,-0.148439,2.0,15271.7,113.284,7.86953,-12.447,9.75885,15.7309,19.8052,24.5833,28.8713,31.6666,33.4009,35.0879,36.4047,37.8271,39.3683,41.0436,43.6007,46.5866,52.258,63.7673,83.1752,33.6382,7.01733,-0.355657,100.143,105.154,116.686,116.686
49.586095333099365,-0.3137113788843155,0.49999237060546875,0.0,2,-0.142306,2.0,14697.7,113.89,8.7766,-12.3975,9.68123,15.9449,20.3237,25.5817,30.4185,33.6337,35.6538,37.6378,39.1995,40.8998,42.7235,44.5707,47.179,50.1867,55.8834,67.4008,88.0193,29.6558,7.11244,-0.332631,100.587,105.663,112.774,112.774
49.60506725311279,-0.3130922204303741,0.9999847412109375,0.0,2,-0.136773,2.0,14393.1,114.356,9.52665,-12.3491,9.61129,16.1812,20.8959,26.7042,32.1958,35.9283,38.3078,40.6712,42.4893,44.3246,46.1741,48.0362,50.6612,53.6826,59.3928,70.9029,95.4297,26.8205,7.19731,-0.309386,100.992,106.037,110.424,110.424
49.626235246658325,-0.3123893560051918,0.49999237060546875,0.0,2,-0.131437,2.0,15406.9,114.885,9.75204,-11.8903,9.55402,16.4577,21.555,28.0164,34.3196,38.716,41.5289,44.0744,45.911,47.7611,49.6229,51.495,54.1306,57.1598,62.8744,74.3647,161.186,24.6289,7.26578,-0.286204,101.649,106.479,117.749,117.749
49.648171186447144,-0.31175425355672837,0.49999237060546875,0.0,2,-0.121665,2.0,14786.1,115.363,10.3359,-11.3433,9.54578,16.9384,22.6113,30.0943,37.7301,42.9829,45.8936,48.4704,50.3253,52.1903,54.0645,55.9463,58.5918,61.6275,67.3432,78.8078,151.804,22.3363,7.27176,-0.263371,101.892,107.499,113.451,113.451
49.66591167449951,-0.311416772339344,0.9999847412109375,0.0,2,-0.105406,2.0,14583.2,115.617,11.3174,-10.9881,9.57556,17.5923,24.0442,33.0013,42.4153,47.8455,50.7924,53.3933,55.2617,57.1377,59.0202,60.9081,63.5585,66.5957,72.3035,84.9488,47.2542,20.3059,7.24292,-0.240957,101.962,108.101,111.78,111.78
49.69060206413269,-0.3110354451370239,0.49999237060546875,0.0,2,-0.0779718,2.0,15860.2,115.904,12.6157,-10.8144,9.63067,18.3806,25.8216,36.8172,47.3259,52.8238,55.7941,58.4097,60.2857,62.1671,64.0527,65.9421,68.5918,71.6244,77.3163,97.1983,35.7035,18.652,7.20185,-0.219944,102.024,108.33,121.123,121.123
49.70763325691223,-0.302885272216713,0.49999237060546875,0.0,2,-0.0502413,2.0,15339.1,116.267,14.1987,-10.7463,9.71068,19.3287,28.0508,41.5933,52.3456,57.888,60.872,63.4949,65.3736,67.2559,69.1408,71.0279,73.6721,76.697,83.5665,153.216,30.262,17.2769,7.1527,-0.200443,102.104,108.512,117.865,117.865
49.727646827697754,-0.27971163561940193,0.9999847412109375,0.0,2,-0.0279401,2.0,14548.4,116.888,14.7155,-10.2998,9.76652,20.168,30.1765,45.4116,56.2497,61.8044,64.7891,67.4097,69.2854,71.1635,73.0435,74.9246,77.6458,81.3053,91.8354,143.756,27.1671,16.3992,7.13719,-0.182701,102.415,108.483,111.68,111.68
49.74655103683472,-0.24361461022635922,0.49999237060546875,0.0,2,-0.0151699,2.0,15436.6,117.582,14.3382,-10.0411,9.75457,20.5999,31.4349,47.3324,58.1539,63.6916,66.6658,69.2766,71.1449,73.0154,74.8874,76.833,79.9486,84.3661,158.459,136.989,25.893,16.0631,7.17888,-0.166893,102.99,108.221,118.0,118.0
49.76832866668701,-0.2165050288918397,0.49999237060546875,0.0,2,-0.00785858,2.0,14955.6,118.239,13.7535,-10.117,9.70451,20.769,32.0784,48.1558,58.9131,64.4203,67.3789,69.9763,71.8354,73.6967,75.5909,77.6783,81.0802,86.1045,155.709,132.422,25.3931,15.9815,7.24727,-0.15264,103.738,108.086,114.664,114.664
49.787734031677246,-0.19731537278493247,0.49999237060546875,0.0,2,-0.00314647,2.0,14939.9,118.675,13.0035,-10.3912,9.64004,20.8131,32.4092,48.4625,59.1337,64.6041,67.5446,70.1268,71.9756,73.827,75.7772,77.958,81.557,87.055,153.75,129.537,25.2012,16.0018,7.32332,-0.139658,104.706,108.125,114.455,114.455
49.805931091308594,-0.17332714781209826,0.49999237060546875,0.0,2,0.00104588,2.0,15042.2,119.039,12.2421,-10.7258,9.58029,20.8492,32.7094,48.6735,59.2539,64.6856,67.6073,70.1739,72.012,73.8658,75.883,78.1539,81.95,87.9872,151.931,127.056,25.0452,16.0242,7.39257,-0.127867,105.799,108.345,115.229,115.229
49.8263635635376,-0.1563172687712498,0.49999237060546875,0.0,2,0.00607079,2.0,15127.1,119.402,11.5732,-11.0421,9.53813,20.9598,33.1901,49.0548,59.5519,64.947,67.8504,70.4018,72.2295,74.1281,76.2436,78.649,82.7542,89.8108,149.786,124.165,24.7683,15.9872,7.44545,-0.117235,106.83,108.778,115.895,115.895
49.84628939628601,-0.13509393485016188,0.49999237060546875,0.0,2,0.0121934,2.0,15151.0,119.795,11.002,-11.3138,9.51666,21.1669,33.9007,49.6536,60.078,65.4394,68.3257,70.8628,72.6993,74.7099,76.9763,79.594,84.2297,94.4687,147.189,45.6358,24.3526,15.8816,7.48,-0.10779,107.656,109.346,116.099,116.099
49.86553740501404,-0.09330350987568498,0.9999847412109375,0.0,2,0.0200984,2.0,15124.7,120.189,10.4053,-11.3874,9.52402,21.5262,34.9076,50.599,60.9676,66.3004,69.1715,71.7027,73.6615,75.8616,78.3888,81.3993,87.2286,152.946,143.808,40.2463,23.7431,15.6811,7.49084,-0.0996327,108.418,110.192,115.915,115.915
49.88559556007385,-0.0437287367563198,0.49999237060546875,0.0,2,0.0305125,2.0,16445.9,120.714,10.1959,-11.4349,9.56993,22.1106,36.3265,52.0277,62.3631,67.6742,70.5329,73.2357,75.4536,78.009,81.0688,85.0262,153.546,149.079,139.151,36.5785,22.9013,15.3633,7.47256,-0.0928942,108.948,111.161,125.594,125.594
49.90815091133118,-0.01604299802346776,0.49999237060546875,0.0,2,0.0430905,2.0,15935.6,121.341,10.4338,-11.5084,9.65157,22.9299,38.0999,53.8643,64.1841,69.4791,72.5109,75.6697,78.3669,81.6639,86.1525,152.911,149.054,144.193,132.845,33.4846,21.9153,14.9609,7.43053,-0.0873946,109.462,112.191,122.271,122.271
49.92672252655029,-0.004219089860745395,0.49999237060546875,0.0,2,0.0559518,2.0,15591.8,121.911,10.7049,-11.6032,9.75105,23.8761,39.9206,55.7449,66.0491,71.4653,75.0122,78.9151,82.5523,88.0129,151.108,148.334,144.136,138.722,125.17,31.0702,20.9745,14.5564,7.37897,-0.0831091,110.028,112.951,119.585,119.585
49.94801950454712,0.0,0.9999847412109375,0.0,2,0.0673549,2.0,15265.7,122.486,10.7022,-11.632,9.8503,24.8117,41.4966,57.3358,67.6109,73.4989,77.7432,82.9126,89.4446,149.729,146.928,143.939,139.343,133.214,118.723,29.2968,20.1972,14.2081,7.32891,-0.080106,110.654,113.404,117.124,117.124
49.96768856048584,0.0005701588466763497,0.49999237060546875,0.0,2,0.0756242,2.0,16252.6,123.258,10.3069,-11.5918,9.93021,25.5573,42.5444,58.3194,68.5568,75.0586,80.0902,87.6128,149.303,146.534,143.583,140.407,135.445,128.557,114.359,28.1353,19.6604,13.9592,7.2891,-0.0785247,111.478,113.692,124.248,124.248
49.98577880859375,0.002606958737572034,0.9999847412109375,0.0,2,0.0819876,2.0,15544.7,124.087,9.80035,-11.6128,10.0019,26.1878,43.2681,58.9344,69.2031,76.3166,82.3192,149.431,146.726,143.853,140.773,137.431,132.121,124.542,111.124,27.2783,19.2487,13.7607,7.25183,-0.0782436,112.384,114.157,119.292,119.292
50.005868434906006,0.006107202572673559,0.49999237060546875,0.0,2,0.086642,2.0,16609.3,124.859,9.18842,-11.7309,10.0662,26.699,43.7045,59.2239,69.55,77.2068,84.4062,147.403,144.634,141.682,138.503,135.027,129.421,121.612,40.5207,26.6509,18.935,13.6022,7.21584,-0.0792067,113.295,114.649,126.918,126.918
50.0290641784668,0.008386436232986549,0.49999237060546875,0.0,2,0.091139,2.0,16002.8,125.643,8.70016,-11.914,10.1396,27.2389,44.1108,59.4818,69.9221,78.2419,88.2828,145.385,142.548,139.513,136.225,132.601,126.642,118.856,38.1297,26.0394,18.6187,13.4362,7.1728,-0.0812513,114.143,115.311,122.795,122.795
50.0465669631958,0.00836191503610462,0.9999847412109375,0.0,2,0.0951134,2.0,15681.2,126.299,8.10439,-12.1234,10.2176,27.7317,44.4282,59.6409,70.2288,79.307,147.268,143.495,140.596,137.481,134.089,130.317,123.986,116.446,36.5825,25.4841,18.321,13.2737,7.12504,-0.0843554,114.942,115.953,120.253,120.253
50.06681251525879,0.0071463094607368115,0.49999237060546875,0.0,2,0.0985581,2.0,16878.7,127.012,7.51697,-12.3282,10.2999,28.1599,44.6586,59.703,70.4571,80.4079,145.578,141.743,138.788,135.601,132.112,128.196,121.631,114.348,35.4415,24.9786,18.0401,13.114,7.07257,-0.0885174,115.687,116.542,128.951,128.951
50.08602452278137,0.0025640542894601825,0.49999237060546875,0.0,2,0.102759,2.0,16257.2,127.805,7.07303,-12.4671,10.4017,28.6608,45.0046,59.901,70.9607,82.5992,143.631,139.709,136.673,133.383,129.749,125.611,118.918,111.93,34.0461,24.3819,17.705,12.9221,7.00871,-0.0936454,116.415,117.368,124.773,124.773
50.10790657997131,-0.0009188627109428247,0.9999847412109375,0.0,2,0.107303,2.0,15848.0,128.509,6.57853,-12.5724,10.5191,29.1902,45.3996,60.1581,71.6741,145.75,141.54,137.512,134.377,130.954,127.13,122.682,116.103,109.415,32.642,23.7451,17.3409,12.71,6.93561,-0.0997943,117.094,118.126,121.562,121.562
50.12755560874939,-0.015486759745813906,0.49999237060546875,0.0,2,0.111561,2.0,16960.1,129.269,6.1164,-12.6793,10.6446,29.6816,45.7451,60.3612,72.4384,143.798,139.496,135.36,132.121,128.555,124.516,119.813,113.51,107.091,31.4252,23.1332,16.9814,12.4949,6.8565,-0.107017,117.765,118.754,129.613,129.613
50.14627456665039,-0.03923332564637997,0.9999847412109375,0.0,2,0.116418,2.0,16270.5,130.101,5.80219,-12.7941,10.7888,30.2261,46.1751,60.665,73.6143,141.631,137.211,132.933,129.553,125.787,121.427,116.715,110.707,104.574,30.1167,22.4637,16.5842,12.2554,6.76768,-0.115177,118.416,119.509,124.886,124.886
50.167994022369385,-0.05658926248339936,0.49999237060546875,0.0,2,0.121534,2.0,17166.2,130.982,5.47758,-12.8688,10.9484,30.7885,46.6361,61.0099,75.2539,139.338,134.778,130.327,126.768,122.735,118.075,113.594,107.877,102.027,28.8309,21.7736,16.168,12.001,6.67076,-0.124333,119.062,120.215,131.29,131.29
50.18830394744873,-0.056347679780507455,0.9999847412109375,0.0,2,0.127145,2.0,16279.3,131.917,5.20732,-12.9158,11.1274,31.3937,47.1632,61.4871,77.9322,136.83,132.094,127.414,123.609,119.179,114.591,110.352,104.93,99.3688,27.5213,21.046,15.7236,11.7266,6.56453,-0.134508,119.781,121.032,124.997,124.997
50.20528292655945,-0.056118757561510434,0.49999237060546875,0.0,2,0.132335,2.0,17154.5,132.803,4.89018,-12.9851,11.3135,31.9451,47.6172,61.9543,142.354,134.39,129.468,124.535,120.436,115.805,111.452,107.422,102.259,34.7674,26.3668,20.3586,15.2932,11.4545,6.45365,-0.145723,120.599,121.806,131.18,131.18
50.22542357444763,-0.05589319424640388,0.9999847412109375,0.0,2,0.13765,2.0,16372.7,133.676,4.65203,-13.0907,11.5142,32.4995,48.0803,62.5235,140.051,131.836,126.691,121.435,116.964,112.498,108.369,104.539,99.6239,31.9064,25.2431,19.6661,14.8529,11.1722,6.33575,-0.157932,121.428,122.647,125.659,125.659
50.24649739265442,-0.055682875187415624,0.49999237060546875,0.0,2,0.142671,2.0,17374.6,134.49,4.40154,-13.234,11.7234,33.013,48.4903,63.1208,137.785,129.305,123.91,118.263,113.697,109.454,105.524,101.874,97.1804,29.8896,24.209,18.9994,14.4202,10.8895,6.21295,-0.171125,122.228,123.399,132.824,132.824
50.268341302871704,-0.04939281059985981,0.9999847412109375,0.0,2,0.148241,2.0,16646.5,135.326,4.27987,-13.3878,11.9535,33.5719,48.9694,63.9571,135.301,126.483,120.745,114.627,110.287,106.272,102.547,99.0811,35.4441,28.0203,23.1362,18.3009,13.9636,10.5896,6.08205,-0.185218,122.993,124.245,127.759,127.759
50.285661697387695,-0.04078673640216391,0.49999237060546875,0.0,2,0.15382,2.0,17646.2,136.14,4.17938,-13.5441,12.1971,34.1203,49.4385,64.9553,132.751,123.534,117.354,111.114,107.012,103.21,99.6756,96.3826,31.0352,26.3849,22.1042,17.6097,13.5048,10.2843,5.94548,-0.200237,123.765,125.026,134.908,134.908
50.306901693344116,-0.026212122556169826,0.9999847412109375,0.0,2,0.159637,2.0,16886.1,136.993,4.19377,-13.7279,12.4578,34.6806,49.9291,66.2406,130.049,120.333,113.588,107.638,103.765,100.169,96.8204,93.6954,28.439,24.8651,21.0843,16.9132,13.0374,9.97033,5.80282,-0.216119,124.52,125.835,129.611,129.611
50.32617497444153,-0.013320197793776169,0.49999237060546875,0.0,2,0.164819,2.0,17854.3,137.829,4.14898,-13.9049,12.7204,35.1618,50.3147,67.6222,127.477,117.217,110.232,104.59,100.91,97.487,94.2957,32.2207,26.5813,23.5849,20.1679,16.2626,12.5908,9.66422,5.65795,-0.232837,125.362,126.582,136.513,136.513
50.34832286834717,-0.0031288568633794783,0.9999847412109375,0.0,2,0.169676,2.0,17061.0,138.699,4.11672,-14.0636,12.9894,35.5958,50.6407,69.291,124.938,114.045,107.156,101.787,98.2785,95.0108,91.9599,28.9858,25.0357,22.4315,19.3078,15.6362,12.1534,9.35993,5.50981,-0.250337,126.251,127.392,130.962,130.962
50.366227865219116,-0.0005280487458625187,0.49999237060546875,0.0,2,0.173583,2.0,18037.4,139.537,3.97401,-14.2235,13.2528,35.9192,50.8202,71.1161,122.666,111.217,104.609,99.4549,96.0818,92.937,89.9982,27.1043,23.8183,21.4634,18.5505,15.0625,11.7418,9.06697,5.36059,-0.268631,127.16,128.106,137.877,137.877
50.38603687286377,0.0,0.9999847412109375,0.0,2,0.177257,2.0,17303.0,140.373,3.85673,-14.4074,13.5225,36.2064,50.9566,74.0608,120.416,108.571,102.225,97.2657,94.0166,90.9841,29.4192,25.549,22.7027,20.5493,17.8205,14.5011,11.333,8.77285,5.20773,-0.287659,128.001,128.871,132.814,132.814
50.406760692596436,0.0018096546614170073,0.49999237060546875,0.0,2,0.180418,2.0,18246.7,141.232,3.66287,-14.5547,13.7929,36.4302,51.0121,134.913,118.302,106.229,100.105,95.3129,92.1693,89.2332,27.3288,24.2651,21.7131,19.7142,17.1364,13.9635,10.9336,8.48125,5.05204,-0.307438,128.832,129.584,139.531,139.531
50.42637372016907,0.0023987256105740865,0.9999847412109375,0.0,2,0.183401,2.0,17400.7,142.132,3.48303,-14.6816,14.0696,36.6249,51.0347,133.173,116.2,104.011,98.0924,93.4541,90.4087,87.5619,25.675,23.0889,20.7716,18.907,16.4669,13.4324,10.5336,8.18687,4.89248,-0.327931,129.689,130.388,133.587,133.587
50.44587326049805,0.0023884091564019523,0.49999237060546875,0.0,2,0.185692,2.0,18282.5,143.026,3.20345,-14.788,14.3319,36.74,50.9703,131.6,114.328,102.134,96.3786,91.8638,88.8974,30.0443,24.4237,22.1058,19.9468,18.1812,15.8489,12.9299,10.1457,7.89699,4.7309,-0.349106,130.564,131.116,139.834,139.834
50.46774339675903,0.0023778388297557834,0.9999847412109375,0.0,2,0.187681,2.0,17411.1,143.942,2.92125,-14.8821,14.5822,36.8166,50.8824,130.09,112.537,100.401,94.7913,90.3866,87.4907,27.3938,23.3132,21.1927,19.1633,17.4831,15.2475,12.4359,9.75814,7.60499,4.5657,-0.370982,131.46,131.932,133.649,133.649
50.486039876937866,0.0023675685342152914,0.49999237060546875,0.0,2,0.188933,2.0,18301.4,144.832,2.56179,-14.985,14.8107,36.8136,50.7057,128.768,111.029,98.9874,93.4855,89.1635,86.3207,26.0601,22.4299,20.4211,18.4748,16.8543,14.6917,11.9677,9.38062,7.31657,4.39841,-0.393514,132.342,132.61,139.986,139.986
50.50622320175171,0.0023571020644903183,0.9999847412109375,0.0,2,0.189663,2.0,17471.8,145.739,2.24176,-15.2137,15.0216,36.7541,50.4668,127.576,109.724,97.7847,92.3664,88.1087,85.3076,25.1126,21.6764,19.7338,17.8435,16.2672,14.163,11.5149,9.00704,7.02842,4.22847,-0.416657,133.09,133.265,134.071,134.071
50.52784562110901,0.0023472125776608788,0.9999847412109375,0.0,2,0.189524,2.0,18425.4,146.596,1.84652,-15.4651,15.207,36.6081,50.1121,126.615,108.788,96.9273,91.5533,87.3308,84.553,24.6899,21.1346,19.1881,17.3106,15.7531,13.6831,11.0904,8.64688,6.74462,4.05714,-0.440346,133.898,133.924,140.922,140.922
50.54620671272278,0.0023354305869340898,0.49999237060546875,0.0,2,0.189352,2.0,19040.3,147.617,1.54197,-15.7022,15.3833,36.453,49.7612,125.651,107.852,96.0693,90.739,86.551,83.7961,24.2743,20.582,18.6325,16.7693,15.2321,13.198,10.6628,8.28552,6.4557,3.88263,-0.464481,134.812,134.776,145.696,145.696
50.566426038742065,0.0023260603847106297,0.9999847412109375,0.0,2,0.189285,2.0,18333.8,148.429,1.29993,-16.0741,15.5527,36.3003,49.4344,124.646,106.854,95.1553,89.8743,85.7253,82.9961,23.7642,19.9826,18.044,16.2041,14.6929,12.7005,10.2283,7.92113,6.16076,3.70498,-0.489007,135.77,135.758,140.59,140.59
50.5881085395813,0.0029770048395730557,0.49999237060546875,0.0,2,0.189523,2.0,19487.7,149.138,1.12809,-16.4651,15.719,36.1665,49.1627,123.548,105.707,94.1105,88.8927,84.7928,82.0958,22.9754,19.2842,17.3892,15.5927,14.1192,12.1804,9.78152,7.55142,5.85876,3.52425,-0.513855,136.49,136.545,149.013,149.013
50.608312129974365,0.0054250348186989615,0.9999847412109375,0.0,2,0.190098,2.0,18642.4,150.007,1.03092,-16.7127,15.8825,36.0525,48.9522,122.346,104.391,92.9263,87.7865,83.747,81.0891,21.913,18.4859,16.6678,14.9351,13.5113,11.6378,9.32288,7.17668,5.553,3.34053,-0.539017,137.234,137.358,143.143,143.143
50.62597465515137,0.013972803536569699,0.49999237060546875,0.0,2,0.190628,2.0,19417.3,150.931,0.939941,-16.8766,16.0356,35.9247,48.7456,121.147,103.078,91.7554,86.6918,82.7111,80.0914,20.8959,17.6945,15.9499,14.2796,12.9053,11.0971,8.86645,6.8046,5.25028,3.15482,-0.564489,138.058,138.177,148.587,148.587
50.647918462753296,0.022435576220353443,0.9999847412109375,0.0,2,0.190814,2.0,18404.3,151.9,0.85097,-16.9771,16.1722,35.7587,48.4966,120.033,101.908,90.7107,85.7087,81.7762,79.1879,20.0902,16.9811,15.2836,13.66,12.3262,10.5751,8.42192,6.44059,4.95355,2.96777,-0.590259,138.984,139.032,141.329,141.329
50.668131589889526,0.03518348144724965,0.9999847412109375,0.0,2,0.190206,2.0,19151.9,152.852,0.689041,-17.0281,16.2833,35.5202,48.1324,119.131,101.094,89.9575,84.9843,81.0754,78.5035,19.7772,16.4504,14.7379,13.1239,11.8092,10.0949,8.00277,6.09187,4.66693,2.7804,-0.616286,139.923,139.804,146.572,146.572
50.68610167503357,0.047847257238995904,0.49999237060546875,0.0,2,0.188781,2.0,19504.9,153.969,0.483522,-17.1943,16.3686,35.2105,47.646,118.444,100.642,89.5011,84.5234,80.6132,78.0416,20.5358,16.1263,14.321,12.6738,11.3549,9.6565,7.60863,5.75836,4.39049,2.59434,-0.642532,140.786,140.442,149.357,149.357
50.70779871940613,0.06887881734171261,0.9999847412109375,0.0,2,0.186746,2.0,18465.2,154.969,0.229943,-17.4665,16.4324,34.8491,47.0714,117.912,100.435,89.264,84.2562,80.3262,77.7431,75.3265,16.0114,14.0135,12.2912,10.9482,9.24884,7.23293,5.43668,4.12257,2.41358,-0.668952,141.558,141.131,141.716,141.716
50.72687578201294,0.07884295278862119,0.9999847412109375,0.0,2,0.17718,2.0,19330.4,155.84,-0.00905741,-17.7515,16.4749,34.442,46.4166,117.519,100.437,89.2366,84.1746,80.2063,77.6004,75.1641,16.2407,13.8434,11.9847,10.5923,8.87321,6.87661,5.12776,3.8642,2.2393,-0.694962,142.347,141.898,147.913,147.913
50.74658560752869,0.0784823607919365,0.9999847412109375,0.0,2,0.16563,2.0,19570.6,156.728,-0.322484,-18.0987,16.484,33.9431,45.5834,117.44,100.898,89.6954,84.5221,80.4736,77.8183,75.3384,18.6288,14.0414,11.8633,10.3558,8.56921,6.55993,4.84187,3.62094,2.07307,-0.719856,143.45,142.798,148.487,149.104
50.76770830154419,0.07480393745005132,0.9999847412109375,0.0,2,0.152112,2.0,19945.8,157.22,-0.884494,-18.6859,16.4483,33.3144,44.4929,117.832,102.002,90.9524,85.5715,81.3724,78.6236,76.0602,73.664,15.3829,12.1202,10.3365,8.38504,6.30509,4.58966,3.39846,1.91669,-0.743477,144.503,143.392,151.453,151.319
50.78625011444092,0.04688997526374025,0.9999847412109375,0.0,2,0.136962,2.0,19802.9,157.891,-1.57485,-19.0198,16.3757,32.5909,43.2265,118.576,103.517,92.9669,87.2814,82.8605,79.9745,77.2882,74.7823,72.439,13.0814,10.6047,8.33035,6.10898,4.36808,3.1951,1.77031,-0.765706,145.381,143.804,150.484,150.333
50.808671951293945,0.014922941339462995,0.9999847412109375,0.0,2,0.121379,2.0,19541.3,158.639,-2.29862,-19.1942,16.2888,31.8596,41.9665,119.348,104.975,95.29,89.2673,84.5883,81.5427,78.7148,76.0817,73.6248,70.4487,11.2193,8.37013,5.94469,4.16276,3.00366,1.63275,-0.786467,146.176,144.423,148.444,148.294
50.82598423957825,0.0,0.9999847412109375,0.0,2,0.107198,2.0,19585.5,159.46,-2.80223,-19.2489,16.2179,31.2322,40.9285,119.716,105.829,96.7903,90.7862,85.8898,82.711,79.7648,77.0267,74.4762,71.1854,12.2051,8.39905,5.76128,3.95138,2.8139,1.50237,-0.805695,146.779,145.291,149.05,149.01
50.84828162193298,-0.013306359019950031,0.9999847412109375,0.0,3,0.0951745,2.0,19536.2,160.346,-2.90297,-19.1989,16.1725,30.7408,40.1679,119.533,105.94,97.2479,91.4321,86.4071,83.1504,80.1362,77.3383,74.735,71.3803,14.7112,8.34386,5.53621,3.72731,2.62391,1.3793,-0.823324,147.328,146.31,148.698,148.691
50.86761665344238,-0.060514934739644324,0.9999847412109375,0.0,3,0.085591,3.0,15382.6,160.824,-2.5735,-19.0862,16.1544,30.3873,39.6931,118.763,105.287,96.7222,91.0107,85.9722,82.7092,79.6907,76.8904,74.2856,70.9307,67.4606,8.14804,5.26358,3.4921,2.43581,1.26456,-0.83928,147.78,147.325,142.142,141.981
50.88592076301575,-0.09896689944460989,0.9999847412109375,0.0,3,0.0794646,3.0,15355.9,160.724,-2.04716,-18.9298,16.1779,30.2185,39.6165,117.195,103.611,94.9015,89.097,84.2096,81.0416,78.1088,75.3867,72.8532,69.5881,66.2012,7.6833,4.9154,3.23744,2.24649,1.15751,-0.853619,147.481,147.879,141.433,141.998
50.90781283378601,-0.10703260634630919,0.9999847412109375,0.0,3,0.0769975,3.0,14614.8,160.598,-1.39743,-18.737,16.248,30.2412,40.0046,114.767,100.808,91.5934,85.7396,81.1571,78.1797,75.4187,72.8514,70.4581,67.3684,12.9075,6.94222,4.48899,2.96058,2.05319,1.05574,-0.866739,146.96,148.224,140.445,142.008
50.92782735824585,-0.10678282856146495,0.9999847412109375,0.0,3,0.0771462,3.0,15387.3,161.04,-0.624083,-18.4961,16.3515,30.3991,40.8276,111.672,97.0643,86.9918,81.5784,77.3777,74.639,72.093,69.7199,67.5032,64.6322,9.1881,6.09191,4.02537,2.67402,1.85953,0.957962,-0.879035,146.725,148.588,148.52,148.52
50.947670459747314,-0.09835514057211577,0.9999847412109375,0.0,3,0.0787522,3.0,15612.2,161.894,0.258485,-18.3498,16.4729,30.6546,42.0664,108.12,92.5465,82.0862,77.2006,73.3904,70.8974,68.5733,66.4014,64.3678,61.5181,7.38759,5.26923,3.56501,2.39147,1.67037,0.863986,-0.890724,147.228,149.37,150.753,150.753
50.96601438522339,-0.048359947951734074,0.9999847412109375,0.0,3,0.0809123,3.0,15702.9,162.832,1.15943,-18.2279,16.5993,30.9936,43.7686,104.286,87.2922,77.3772,72.9765,69.5275,67.263,65.146,63.1633,61.1744,7.87402,6.07673,4.53016,3.13077,2.12138,1.48893,0.773788,-0.901928,147.929,150.189,151.693,151.693
50.985071420669556,-0.019328108608623346,0.9999847412109375,0.0,3,0.0814568,3.0,15797.2,163.768,1.9458,-18.1579,16.6963,31.286,45.7309,100.725,82.5459,73.5304,69.5012,66.3315,64.2445,62.2893,60.3356,9.18288,6.39259,5.16405,3.93845,2.75674,1.87915,1.32241,0.688766,-0.912645,148.947,150.903,152.573,152.573
51.006006717681885,-0.006923246050005157,0.9999847412109375,0.0,3,0.0793902,3.0,15931.4,164.68,2.40079,-18.1929,16.7471,31.4532,47.8371,97.7636,79.0691,70.6634,66.8893,63.9128,61.9493,60.0557,58.0168,7.27032,5.52311,4.52746,3.48058,2.44465,1.6672,1.17255,0.609619,-0.922803,150.015,151.467,153.859,153.859
51.02660608291626,-0.003411042469258731,0.9999847412109375,0.0,3,0.0752475,3.0,16070.5,165.595,2.5595,-18.3073,16.7594,31.5128,50.6341,95.3149,76.4518,68.4682,64.8729,62.0326,60.1556,58.2418,56.1517,6.39265,4.92947,4.04901,3.11017,2.17763,1.4793,1.03707,0.536499,-0.932292,151.033,152.05,155.203,155.203
51.045626163482666,-0.003393969221791873,0.9999847412109375,0.0,3,0.0697314,3.0,16202.1,166.518,2.52712,-18.4521,16.7446,31.5047,114.655,93.2098,74.3422,66.6722,63.2113,60.4742,58.6435,56.7133,54.6049,5.83889,4.4782,3.66019,2.79339,1.94065,1.30928,0.913241,0.469055,-0.941077,152.02,152.723,156.483,156.483
51.065704107284546,-0.0033766555060508346,0.9999847412109375,0.0,3,0.0633799,3.0,16317.3,167.454,2.38945,-18.6085,16.7112,31.4636,112.978,91.305,72.5145,65.098,61.747,59.0947,57.2892,55.3564,53.2494,5.4661,4.11443,3.32971,2.51436,1.72733,1.15479,0.800396,0.407516,-0.949084,152.964,153.471,157.603,157.603
51.08790349960327,-0.006784123622365297,0.9999847412109375,0.0,3,0.0565011,3.0,16411.7,168.404,2.20273,-18.7569,16.6642,31.4105,111.382,89.5132,70.8473,63.6498,60.3941,57.8159,56.0274,54.1007,52.0075,5.24483,3.8163,3.04362,2.26557,1.53458,1.01472,0.698151,0.351982,-0.956284,153.892,154.281,158.526,158.526
51.10603356361389,-0.026003207084722816,0.9999847412109375,0.0,3,0.0493357,3.0,16460.5,169.385,1.98148,-18.8642,16.6073,31.3635,109.817,87.7622,69.2549,62.2596,59.0923,56.5827,54.8068,52.8913,50.8176,5.22211,3.5799,2.79808,2.04529,1.36222,0.889532,0.607048,0.302834,-0.962625,154.814,155.139,159.019,159.019
51.127809047698975,-0.06652484151123712,0.9999847412109375,0.0,3,0.0423972,3.0,16513.6,170.361,1.73844,-18.9495,16.5483,31.367,108.174,85.8832,67.5822,60.8022,57.7293,55.2875,53.5179,51.6099,49.5514,5.53238,3.37864,2.5779,1.84605,1.20741,0.778202,0.526676,0.259979,-0.968114,155.682,156.046,159.523,159.523
51.14530658721924,-0.07254589361965656,0.9999847412109375,0.0,3,0.0367262,3.0,16583.0,171.316,1.54559,-19.0072,16.5029,31.5168,106.228,83.5093,65.5453,59.0492,56.0991,53.7218,51.9401,50.0198,47.9519,45.704,3.12859,2.34058,1.64836,1.06188,0.676943,0.454964,0.222633,-0.972834,156.399,157.017,160.186,160.186
51.16613411903381,-0.07216506462424994,0.9999847412109375,0.0,3,0.0328318,3.0,16662.2,172.254,1.61412,-19.0293,16.4786,31.8819,103.858,80.3839,63.058,56.9275,54.1353,51.7769,49.9536,47.9976,45.8852,43.5954,2.79006,2.07274,1.44703,0.923703,0.5847,0.391114,0.190262,-0.976866,157.086,158.108,160.949,160.949
51.18539309501648,-0.04568522694602609,0.9999847412109375,0.0,3,0.0300352,3.0,16750.3,173.184,1.86793,-19.0593,16.465,32.4445,101.193,76.5939,60.3664,54.6331,51.9885,49.5683,47.6909,45.6782,43.5076,4.18227,2.44573,1.81624,1.26294,0.801595,0.504942,0.336674,0.163071,-0.980222,157.805,159.12,161.795,161.795
51.207993268966675,-0.019912028919272122,0.9999847412109375,0.0,3,0.0271813,3.0,16820.9,174.124,2.21215,-19.0854,16.4451,33.1304,98.4753,72.8315,57.7826,52.4191,49.8156,47.3227,45.3985,43.3303,41.1015,3.72022,2.19596,1.62196,1.12012,0.705815,0.442087,0.293713,0.14164,-0.982868,158.666,160.043,162.513,162.513
51.227643728256226,-0.002016296802898869,0.9999847412109375,0.0,3,0.0229785,3.0,16860.2,175.091,2.41461,-19.0812,16.4001,33.819,96.0019,69.703,55.5744,50.5006,47.8658,45.3327,43.3772,41.2848,39.0271,36.5739,2.13848,1.53927,1.04249,0.646705,0.40102,0.264824,0.126808,-0.984722,159.685,160.83,162.875,162.875
51.24710154533386,0.0025782863950977726,0.9999847412109375,0.0,3,0.0169112,3.0,16929.2,176.04,2.38518,-19.0946,16.3232,34.4314,93.9088,67.2737,53.7943,48.9043,46.2566,43.722,41.7676,39.6834,37.4413,35.0116,2.40377,1.60882,1.04493,0.62993,0.384077,0.251251,0.119026,-0.985742,160.761,161.529,163.53,163.53
51.2662353515625,0.012144825687166306,0.9999847412109375,0.0,3,0.00938195,3.0,17015.7,176.974,2.14577,-19.0616,16.22,34.9979,92.1175,65.3275,52.3137,47.5513,44.9179,42.4081,40.4793,38.4279,36.2325,33.8657,30.1805,1.92671,1.15281,0.66437,0.395435,0.255428,0.119362,-0.985807,161.846,162.275,164.358,164.358
51.287933588027954,0.016314221917167304,0.9999847412109375,0.0,3,0.000738319,3.0,17109.4,177.906,1.83919,-19.0631,16.0972,35.5547,90.5541,63.7113,51.0384,46.3774,43.7785,41.3116,39.423,37.4222,35.2917,33.0106,29.5024,2.95119,1.42371,0.764789,0.440866,0.280323,0.128853,-0.984811,162.833,163.011,165.263,165.263
51.30597257614136,0.01777000449982782,0.9999847412109375,0.0,3,-0.00887806,3.0,17201.2,178.84,1.46933,-19.0958,15.9687,36.1271,89.1893,62.3596,49.9278,45.3532,42.8039,40.3938,38.5557,36.6175,34.563,32.3797,29.0644,24.7626,2.01501,0.958371,0.529209,0.329952,0.148758,-0.982633,163.786,163.753,166.152,166.152
51.32882118225098,0.02094661969777197,0.9999847412109375,0.0,3,-0.0192416,3.0,17199.8,179.836,1.057,-19.0568,15.8397,36.7712,87.9709,61.1915,48.9307,44.4332,41.9427,39.5975,37.8155,35.945,33.9713,31.8898,28.7646,24.8099,3.72797,1.29012,0.671839,0.409069,0.18042,-0.979163,164.741,164.548,166.165,166.165
51.3469820022583,0.028186303549834216,0.9999847412109375,0.0,3,-0.030186,3.0,17264.5,180.783,0.655562,-19.0373,15.7118,37.5878,86.8602,60.1538,48.013,43.5845,41.1584,38.8816,37.1586,35.3572,33.465,31.4837,28.5357,24.8829,16.7832,1.84865,0.884932,0.523645,0.225296,-0.974281,165.681,165.363,166.766,166.766
51.36782479286194,0.03645466528807456,0.9999847412109375,0.0,3,-0.0417131,3.0,17363.4,181.698,0.296883,-18.9741,15.5847,38.7747,85.8595,59.2465,47.1744,42.8042,40.4477,38.2415,36.5799,34.847,33.0368,31.1504,28.3676,24.9755,17.8882,2.86372,1.19337,0.681602,0.28521,-0.967852,166.653,166.203,167.711,167.711
51.38601517677307,0.04085753670727834,0.9999847412109375,0.0,3,-0.0540188,3.0,17469.6,182.606,-0.0552713,-18.9224,15.4551,43.0412,85.0159,58.529,46.4512,42.1204,39.8387,37.707,36.1103,34.4462,32.7191,30.9231,28.2975,25.1362,18.7651,5.58799,1.63837,0.894041,0.362274,-0.959728,167.568,166.957,168.737,168.737
51.40822100639343,0.04548415004141629,0.9999847412109375,0.0,3,-0.067097,3.0,17574.0,183.512,-0.433929,-18.9049,15.3221,52.9908,84.3269,58.0059,45.8438,41.5255,39.3214,37.2684,35.7366,34.1427,32.4958,30.7888,28.3111,25.354,19.5285,8.44888,2.29115,1.17574,0.458954,-0.94975,168.458,167.694,169.747,169.747
51.42625451087952,0.05845469413741181,0.9999847412109375,0.0,3,-0.0807231,3.0,17573.8,184.485,-0.791817,-18.8055,15.1884,57.5082,83.7369,57.6179,45.314,40.9792,38.8513,36.8782,35.4082,33.886,32.3125,30.6931,28.3466,25.5689,20.1834,10.2225,3.27632,1.54461,0.57753,-0.937795,169.347,168.478,169.783,169.783
51.44877243041992,0.06987497936133295,0.9999847412109375,0.0,3,-0.0947755,3.0,17640.2,185.405,-1.06563,-18.7056,15.0552,59.4086,83.2173,57.3404,44.8439,40.4738,38.4065,36.5142,35.1024,33.6485,32.1462,30.6058,28.3816,25.7659,20.7433,11.5608,4.33513,2.02675,0.72094,-0.923695,170.219,169.269,170.393,170.393
51.46758794784546,0.08561342161456742,0.9999847412109375,0.0,3,-0.109542,3.0,17746.3,186.288,-1.34192,-18.6257,14.9178,59.2492,82.8333,57.2764,44.4937,40.063,38.0281,36.215,34.8637,33.4741,32.0451,30.5767,28.4706,25.9998,21.2884,12.6967,5.30045,2.55759,0.89254,-0.907312,171.116,169.975,171.406,171.406
51.48580718040466,0.09204206333402233,0.9999847412109375,0.0,3,-0.122645,3.0,17869.6,187.149,-1.66896,-18.5735,14.7706,57.3544,82.6635,57.5725,44.3444,39.8103,37.7614,36.0259,34.7404,33.413,32.0541,30.6605,28.6629,26.3256,21.8886,13.7596,6.21699,3.07831,1.08303,-0.888532,172.064,170.594,172.593,172.593
51.50791382789612,0.0950792794659113,0.9999847412109375,0.0,3,-0.123061,3.0,17990.5,188.005,-2.10808,-18.5817,14.616,54.8213,82.6615,58.222,44.3809,39.7011,37.597,35.9095,34.6858,33.4261,32.1313,30.8108,28.9146,26.705,22.5083,14.7626,7.10116,3.5932,1.27192,-0.869077,172.935,171.216,173.764,173.764
51.527790546417236,0.09817216472689994,0.9999847412109375,0.0,3,-0.123956,3.0,18157.6,188.817,-2.5939,-18.6319,14.4589,52.4121,82.7392,59.1515,44.5489,39.6893,37.5167,35.8075,34.6392,33.4433,32.2149,30.9581,29.1632,27.0657,23.0902,15.6859,7.94694,4.10094,1.45966,-0.849831,173.78,171.873,175.386,175.386
51.54723501205444,0.10492484953841194,0.9999847412109375,0.0,3,-0.125557,3.0,18199.7,189.71,-3.09614,-18.6275,14.2965,49.9492,82.9389,60.4357,44.9163,39.8246,37.564,35.7919,34.6282,33.4894,32.3262,31.1346,29.4298,27.442,23.6676,16.5684,8.77422,4.6085,1.64685,-0.830752,174.618,172.519,175.822,175.822
51.56616926193237,0.10808868814297022,0.9999847412109375,0.0,3,-0.126931,3.0,18279.8,190.57,-3.5627,-18.6401,14.1341,47.8491,83.1561,61.6093,45.4068,40.0441,37.6812,35.8364,34.6287,33.5018,32.3947,31.267,29.6484,27.7637,24.1782,17.3699,9.56538,5.1103,1.83374,-0.81174,175.392,173.217,176.565,176.565
51.58587646484375,0.10750292243666947,0.9999847412109375,0.0,3,-0.128138,3.0,18339.7,191.434,-3.95338,-18.6444,13.9764,46.2121,83.3192,62.5646,45.9553,40.2942,37.82,35.8969,34.6418,33.4741,32.3838,31.3103,29.7781,27.9846,24.5766,18.0539,10.2977,5.59976,2.02001,-0.792793,176.12,173.944,177.174,177.174
51.6061794757843,0.10693207206085323,0.9999847412109375,0.0,3,-0.129079,3.0,18418.2,192.276,-4.20937,-18.6072,13.8248,44.9555,83.4052,63.3152,46.5376,40.5548,37.9623,35.9567,34.6524,33.4418,32.3152,31.2626,29.8047,28.1046,24.8644,18.6215,10.9658,6.07103,2.2052,-0.773827,176.871,174.76,177.904,177.904
51.62677764892578,0.10637884889379143,0.9999847412109375,0.0,3,-0.129361,3.0,18532.2,193.092,-4.45199,-18.6361,13.6788,43.9552,83.4224,63.9041,47.1633,40.8313,38.1127,36.0199,34.6635,33.4081,32.2427,31.1583,29.7441,28.1294,25.0468,19.0787,11.5663,6.52291,2.38865,-0.75488,177.585,175.527,178.997,178.997
51.64608645439148,0.10581138836581261,0.9999847412109375,0.0,3,-0.129257,3.0,18610.0,193.929,-4.66537,-18.6807,13.5389,43.138,83.3762,64.3585,47.84,41.1273,38.2735,36.0883,34.6771,33.3746,32.1688,31.0493,29.6106,28.0673,25.1366,19.4394,12.1008,6.9505,2.56994,-0.736043,178.29,176.27,179.795,179.795
51.66649150848389,0.10523918205086143,0.9999847412109375,0.0,3,-0.128886,3.0,18672.1,194.773,-4.75137,-18.6579,13.4058,42.4678,83.2637,64.6886,48.5661,41.4394,38.4413,36.1581,34.6896,33.3382,32.0904,30.9349,29.454,27.9269,25.142,19.7025,12.5666,7.35235,2.74815,-0.717272,179.053,177.08,180.363,180.363
51.68550443649292,0.1046900267012045,0.9999847412109375,0.0,3,-0.127993,3.0,18780.5,195.583,-4.85992,-18.702,13.2778,41.8617,83.1131,64.9413,49.3941,41.8028,38.6457,36.2556,34.7248,33.3204,32.0276,30.8336,29.3076,27.7436,25.0775,19.8926,12.9744,7.73002,2.92355,-0.698573,179.788,177.842,181.397,181.397
51.70563793182373,0.1041334136863053,0.9999847412109375,0.0,3,-0.126755,3.0,18867.5,196.404,-4.99264,-18.7778,13.155,41.287,82.9376,65.139,50.3628,42.2402,38.9043,36.3951,34.7953,33.3326,31.9904,30.7543,29.1795,27.5711,24.9544,20.0174,13.3271,8.08061,3.09511,-0.680125,180.509,178.567,182.296,182.296
51.72550082206726,0.10355985143221914,0.9999847412109375,0.0,3,-0.125325,3.0,18909.9,197.25,-5.02262,-18.774,13.0396,40.7727,82.7153,65.2585,51.2937,42.7302,39.1976,36.559,34.8847,33.3595,31.9645,30.6836,29.0574,27.4024,24.7688,20.0671,13.6173,8.40206,3.26162,-0.661879,181.285,179.359,182.672,182.672
51.74711847305298,0.10301205202169716,0.9999847412109375,0.0,3,-0.123393,3.0,18996.6,198.058,-5.06376,-18.8211,12.9312,40.2854,82.4613,65.3224,52.0148,43.3027,39.5491,36.7664,35.01,33.4163,31.9636,30.6342,28.9521,27.2473,24.5499,20.0568,13.8544,8.6924,3.42314,-0.643859,182.026,180.121,183.495,183.495
51.766234159469604,0.10246967636771502,0.9999847412109375,0.0,3,-0.12093,3.0,19077.6,198.858,-5.13304,-18.9101,12.8302,39.8182,82.1778,65.3367,52.5784,43.9728,39.9688,37.0247,35.1772,33.5077,31.9918,30.6094,28.8668,27.108,24.3403,19.9898,14.0351,8.95195,3.57852,-0.626225,182.744,180.851,184.323,184.323
51.78792977333069,0.10190492771800606,0.9999847412109375,0.0,3,-0.11822,3.0,19104.2,199.691,-5.09201,-18.9106,12.7398,39.3998,81.8427,65.2766,52.981,44.7122,40.4308,37.3108,35.3645,33.6137,32.0305,30.5918,28.7855,26.9705,24.1306,19.8542,14.1557,9.17499,3.72608,-0.60898,183.501,181.641,184.555,184.555
51.80631184577942,0.10136797582056373,0.9999847412109375,0.0,3,-0.114971,3.0,19179.3,200.483,-5.05228,-18.9484,12.6594,38.9947,81.4762,65.1697,53.2791,45.5624,40.974,37.6558,35.5998,33.7591,32.1016,30.6016,28.7261,26.8503,23.9329,19.6661,14.2266,9.36351,3.86634,-0.592131,184.232,182.402,185.264,185.264
51.82896423339844,0.10083915955793112,0.9999847412109375,0.0,3,-0.111023,3.0,19258.5,201.263,-5.04788,-19.0331,12.5894,38.5975,81.0821,65.0212,53.4914,46.2903,41.6153,38.0721,35.8926,33.9516,32.2119,30.6441,28.6927,26.7508,23.7496,19.4312,14.2446,9.51894,3.99774,-0.57586,184.939,183.127,186.07,186.07
51.845555782318115,0.1002866143604368,0.9999847412109375,0.0,3,-0.106876,3.0,19279.5,202.078,-4.94156,-19.0191,12.5336,38.2221,80.6479,64.8187,53.6104,46.8132,42.3458,38.5498,36.233,34.1813,32.3518,30.7105,28.6773,26.6647,23.575,19.1728,14.2105,9.63546,4.11878,-0.560219,185.685,183.902,186.25,186.25
51.86524820327759,0.09976254388477654,0.9999847412109375,0.0,3,-0.102221,3.0,19350.0,202.851,-4.85702,-19.0351,12.491,37.8313,80.2019,64.5959,53.6837,47.2235,43.1378,39.1476,36.6715,34.4925,32.5601,30.8351,28.7093,26.6171,23.4284,18.9326,14.1364,9.71906,4.23051,-0.545194,186.419,184.65,186.916,186.916
51.886218309402466,0.0992472870134935,0.9999847412109375,0.0,3,-0.0967706,3.0,19427.6,203.611,-4.82627,-19.1014,12.463,37.4294,79.7423,64.3515,53.7131,47.5399,43.7529,39.8829,37.2207,34.8941,32.8438,31.0231,28.7924,26.6105,23.3108,18.7107,14.0169,9.76993,4.33058,-0.531026,187.118,185.35,187.704,187.704
51.90784168243408,0.09870762323778123,0.9999847412109375,0.0,3,-0.0911744,3.0,19444.8,204.407,-4.70221,-19.0564,12.4552,37.0337,79.2542,64.0691,53.683,47.7568,44.203,40.6745,37.873,35.3778,33.1935,31.2655,28.9178,26.6367,23.2155,18.5024,13.8511,9.78203,4.41792,-0.517757,187.861,186.11,187.849,187.849
51.925814390182495,0.09819711215347052,0.9999847412109375,0.0,3,-0.0850099,3.0,19513.3,205.16,-4.61167,-19.0385,12.4671,36.6102,78.7677,63.7838,53.6363,47.9309,44.5706,41.3207,38.7018,36.01,33.6663,31.6114,29.1262,26.7294,23.1675,18.3234,13.6511,9.76207,4.49363,-0.505397,188.584,186.83,188.495,188.495
51.9480140209198,0.09769948249094187,0.9999847412109375,0.0,3,-0.0779021,3.0,19495.8,205.894,-4.58661,-19.0718,12.5023,36.1714,78.2745,63.4859,53.5629,48.0557,44.859,41.8256,39.4508,36.8024,34.2695,32.0651,29.4194,26.8888,23.1652,18.1715,13.4314,9.70974,4.55473,-0.494223,189.274,187.507,187.767,187.591
51.9680757522583,0.09722219191543756,0.9999847412109375,0.0,3,-0.0705302,3.0,19581.0,206.598,-4.41261,-18.977,12.5722,35.7568,77.7354,63.1325,53.4171,48.085,45.0264,42.1643,39.9666,37.577,34.9573,32.5846,29.7605,27.0829,23.1842,18.0316,13.2194,9.61577,4.59977,-0.48428,189.945,188.224,189.147,189.147
51.9882025718689,0.09679303717922419,0.9999847412109375,0.0,3,-0.0623339,3.0,19517.8,207.231,-4.27766,-18.9093,12.6751,35.3164,77.1991,62.7783,53.2615,48.0911,45.155,42.4379,40.3813,38.1888,35.7973,33.2628,30.2246,27.3724,23.268,17.9297,13.0305,9.48896,4.6305,-0.475583,190.598,188.876,188.645,188.645
52.0078444480896,0.09641812000840902,0.9999847412109375,0.0,3,-0.052913,3.0,19601.0,207.784,-4.17592,-18.8875,12.7849,34.8788,76.6427,62.3982,53.069,48.0466,45.2187,42.6255,40.6833,38.6414,36.4626,34.0812,30.7971,27.743,23.404,17.8568,12.8594,9.32807,4.64302,-0.468492,191.146,189.437,189.113,189.113
52.02671718597412,0.10633144024657085,0.9999847412109375,0.0,4,-0.0432971,3.0,19565.0,208.33,-3.94269,-18.7152,12.882,34.4783,76.053,61.9781,52.8262,47.9392,45.2077,42.7214,40.8747,38.9527,36.9321,34.7761,31.4748,28.19,23.5872,17.8099,12.705,9.15329,4.63693,-0.463042,191.679,190.014,188.287,188.015
52.04700422286987,0.13623626153861793,0.9999847412109375,0.0,4,-0.0327566,4.0,15839.4,208.407,-3.73628,-18.5728,12.9575,34.0336,75.518,61.614,52.637,47.8804,45.2394,42.8509,41.0895,39.2707,37.3802,35.3965,32.3907,28.8548,23.9136,17.8418,12.5935,9.00473,4.61551,-0.459251,192.071,190.357,184.784,183.078
52.066293716430664,0.17930459454073572,0.9999847412109375,0.0,4,-0.0221084,4.0,15810.0,208.099,-3.65679,-18.4495,12.9988,33.4244,75.1621,61.4392,52.6414,48.0149,45.4624,43.1675,41.4859,39.7613,37.9849,36.1446,33.4227,29.9935,24.5482,18.0379,12.5651,8.90208,4.57965,-0.457441,192.01,190.1,184.578,182.537
52.08583641052246,0.2182535717626847,0.9999847412109375,0.0,4,-0.0136645,4.0,15384.4,207.746,-3.66501,-18.127,12.9913,32.5248,75.1268,61.6017,52.9918,48.4978,46.0336,43.8301,42.2243,40.5876,38.9146,37.1982,34.7037,31.6695,25.7589,18.5249,12.6745,8.87057,4.53377,-0.457505,191.843,189.488,184.221,181.487
52.10673117637634,0.2546226774528622,0.9999847412109375,0.0,4,-0.0062297,4.0,15928.4,207.96,-4.20886,-17.8562,12.9245,31.2844,75.5177,62.2093,53.795,49.4343,47.0562,44.9403,43.4058,41.8496,40.2688,38.6596,36.3491,33.6038,27.9595,19.4713,12.9853,8.93688,4.48315,-0.4593,191.866,188.887,189.217,189.217
52.12609839439392,0.29320917948252834,0.9999847412109375,0.0,4,0.000824149,4.0,15990.5,208.426,-5.17258,-17.6483,12.8156,29.9016,76.1856,63.097,54.8725,50.6362,48.3368,46.2987,44.8267,43.3393,41.8352,40.3123,38.1444,35.6044,30.5879,20.9349,13.4952,9.09292,4.4456,-0.463329,192.166,188.679,190.036,190.036
52.14978551864624,0.3161511281997617,0.9999847412109375,0.0,4,0.0054366,4.0,16026.0,208.811,-5.88581,-16.9868,12.6601,28.3921,77.179,64.3146,56.2735,52.1531,49.9251,47.9566,46.5387,45.1103,43.6707,42.219,40.1637,37.7777,33.1664,23.2417,14.2948,9.37058,4.43875,-0.469332,192.64,188.504,190.407,190.407
52.16895127296448,0.3402037001692224,0.9999847412109375,0.0,4,-0.00793106,4.0,16107.9,209.065,-7.36658,-16.2731,12.4266,26.6036,78.8598,66.2393,58.3849,54.3769,52.2161,50.3116,48.943,47.5674,46.1843,44.7934,42.8321,40.5689,36.2521,27.1802,15.7067,9.88386,4.48148,-0.476058,193.329,188.122,191.364,191.364
52.18788266181946,0.35216760898089033,0.9999847412109375,0.0,4,-0.0336993,4.0,16096.9,209.342,-9.39849,-15.574,12.1569,24.86,80.8318,68.4521,60.7719,56.8647,54.7628,52.9134,51.5866,50.2546,48.9175,47.5755,45.688,43.5177,39.4087,30.9984,17.8397,10.6261,4.56747,-0.48016,193.61,187.754,191.423,191.423
52.20643639564514,0.36402916289483506,0.541168212890625,0.0,4,-0.0542882,4.0,15999.8,209.728,-10.0616,-14.5612,11.9354,23.606,82.038,69.8524,62.3134,58.487,56.4319,54.6257,53.3313,52.0334,50.7319,49.4271,47.5946,45.4927,41.5302,33.5259,20.1571,11.3771,4.66508,-0.480857,193.289,187.875,190.157,190.157
52.225414752960205,0.3703313293348377,0.0,0.0,4,-0.0660699,4.0,15746.7,209.803,-9.14909,-13.7414,11.7893,22.9007,82.0224,69.9742,62.5429,58.7803,56.7624,54.9912,53.7229,52.4522,51.1794,49.9046,48.1167,46.0696,42.2235,34.5244,21.8875,11.9326,4.75278,-0.478081,192.553,188.312,187.133,187.133
52.24804377555847,0.38478579764505233,0.0,0.0,4,-0.0724576,4.0,15452.6,209.332,-7.4158,-13.1844,11.6781,22.4875,81.28,69.3406,62.0021,58.2963,56.312,54.5723,53.3279,52.0822,50.8354,49.5882,47.8413,45.8445,42.105,34.68,22.793,12.3552,4.8408,-0.472303,191.611,188.757,184.602,182.741
52.26623201370239,0.3934617570516374,0.0,0.0,4,-0.0825189,4.0,15388.3,208.619,-6.44833,-12.7609,11.5108,21.8677,81.0381,69.2249,61.9861,58.3389,56.3887,54.6806,53.4598,52.2388,51.0177,49.797,48.0894,46.1404,42.4998,35.3168,24.0032,13.0513,4.97739,-0.463755,191.146,188.601,184.35,181.462
52.286025285720825,0.40228647095091646,0.0,0.0,4,-0.0976957,4.0,15321.5,207.898,-6.78901,-12.5841,11.2799,20.9937,36.7802,69.8018,62.6667,59.0776,57.1605,55.4824,54.2839,53.0858,51.8885,50.6921,49.0197,47.1131,43.5575,36.5698,25.6515,14.1678,5.17349,-0.452676,191.064,187.937,184.11,180.115
52.306206941604614,0.4044266841220111,0.0,0.0,4,-0.114241,4.0,15294.1,207.142,-7.05674,-11.9609,11.0247,20.0842,31.8068,70.545,63.5095,59.9752,58.0888,56.4386,55.2606,54.0834,52.9074,51.7331,50.0923,48.223,44.7415,37.9171,27.2977,15.61,5.41335,-0.438913,190.715,187.144,183.899,179.662
52.328988790512085,0.40639137716531754,0.0,0.0,4,-0.129043,4.0,15234.4,206.448,-7.17417,-11.55,10.7723,19.2798,29.3528,71.0393,64.0963,60.6132,58.7555,57.1313,55.9724,54.8148,53.6588,52.505,50.8937,49.0593,45.6464,38.9724,28.6247,17.1345,5.67975,-0.422338,190.032,186.513,183.016,179.137
52.34703731536865,0.4082852959635482,0.0,0.0,4,-0.143345,4.0,15170.5,205.779,-7.52541,-11.4664,10.5134,18.5184,27.4529,71.4523,64.597,61.162,59.3315,57.7317,56.5906,55.4513,54.314,53.1792,51.5952,49.7931,46.4435,39.9059,29.7975,18.5107,5.97853,-0.403302,189.351,185.938,182.24,178.393
52.366023778915405,0.403243963119189,0.0,0.0,4,-0.158445,4.0,15106.7,205.104,-8.15804,-11.5496,10.2397,17.7497,25.705,71.9525,65.1808,61.7912,59.9858,58.4088,57.2842,56.1616,55.0415,53.924,52.365,50.592,47.2989,40.8801,30.9689,19.8297,6.31974,-0.382056,188.727,185.293,181.591,177.527
52.386218309402466,0.3845532019650563,0.0,0.0,4,-0.174785,4.0,15043.7,204.419,-9.15333,-11.7638,9.95036,16.9643,24.0339,72.5927,65.9006,62.5535,60.7713,59.215,58.1056,56.9984,55.8937,54.792,53.2552,51.508,48.2642,41.9462,32.1914,21.1435,6.71069,-0.358716,188.204,184.622,181.0,176.62
52.40644574165344,0.3729073143339158,0.0,0.0,4,-0.191626,4.0,14992.2,203.718,-10.2486,-11.9722,9.65226,16.1941,22.51,73.2747,66.6579,63.3504,61.59,60.0529,58.9574,57.8642,56.7738,55.6864,54.1698,52.4458,49.2463,43.0169,33.3936,22.4114,7.14909,-0.333357,187.714,183.994,180.475,175.898
52.426660776138306,0.3482623002693057,0.0,0.0,4,-0.207351,4.0,14937.9,203.03,-11.0974,-12.1748,9.35549,15.4871,21.227,73.7969,67.2513,63.9814,62.2416,60.7229,59.6407,58.5609,57.484,56.4103,54.9131,53.2115,50.0546,43.9111,34.4191,23.525,7.62183,-0.305919,187.099,183.424,179.738,175.361
52.44591546058655,0.33059400106442166,0.0,0.0,4,-0.221905,4.0,14880.6,202.361,-11.7737,-12.4439,9.05944,14.8369,20.1259,74.157,67.6791,64.4452,62.7252,61.2241,60.1548,59.088,58.0241,56.9636,55.4852,53.8055,50.69,44.6312,35.273,24.4884,8.12742,-0.276467,186.469,182.946,178.955,174.782
52.466557264328,0.3071081072765247,0.0,0.0,4,-0.235259,4.0,14825.7,201.715,-12.3266,-12.8091,8.76349,14.2377,19.1687,74.3557,67.9428,64.7435,63.0426,61.5586,60.5017,59.4475,58.3965,57.349,55.8888,54.2305,51.1562,45.182,35.961,25.3062,8.66353,-0.245075,185.88,182.519,178.197,174.229
52.485727071762085,0.2962143558037157,0.0,0.0,4,-0.24639,4.0,14774.9,201.108,-12.5769,-13.2582,8.47279,13.7113,18.3917,74.2726,67.9222,64.7568,63.075,61.6082,60.5637,59.5224,58.4843,57.4501,56.0088,54.3725,51.3411,45.4571,36.3904,25.9086,9.17301,-0.211917,185.292,182.202,177.401,173.812
52.506824254989624,0.2913649735057602,0.0,0.0,4,-0.25562,4.0,14728.7,200.526,-12.42,-13.6942,8.18408,13.2424,17.7481,73.9537,67.6642,64.5328,62.8701,61.4206,60.3888,59.3604,58.3356,57.3149,55.8931,54.2797,51.2928,45.5041,36.6056,26.3295,9.63232,-0.177034,184.627,181.885,176.651,173.467
52.52754068374634,0.2924565639172246,0.0,0.0,4,-0.265191,4.0,14660.8,199.966,-12.4563,-14.3025,7.88637,12.7742,17.1005,28.4681,67.4414,64.3427,62.6983,61.2655,60.246,59.2299,58.2177,57.2099,55.8066,54.2149,51.2701,45.5708,36.8275,26.7373,10.0737,-0.140521,183.991,181.485,175.796,172.712
52.54784536361694,0.2936514655640597,0.0,0.0,4,-0.276506,4.0,14622.2,199.353,-12.6531,-14.7379,7.58074,12.2758,16.3789,25.7278,67.4175,64.3494,62.7219,61.3041,60.2956,59.2908,58.2901,57.2937,55.9068,54.3342,51.4262,45.803,37.1856,27.2321,10.5205,-0.102399,183.469,180.925,175.479,172.086
52.56774854660034,0.2948931496571004,0.0,0.0,4,-0.288801,4.0,14588.1,198.716,-12.8582,-15.0248,7.27637,11.7661,15.6315,23.5988,67.5003,64.461,62.8493,61.4456,60.4473,59.4528,58.4626,57.4768,56.1048,54.5495,51.6747,46.1186,37.6084,27.7632,10.9657,-0.0624801,182.953,180.276,175.192,171.568
52.58672094345093,0.29612508740718163,0.0,0.0,4,-0.301243,4.0,14550.7,198.084,-13.0696,-15.2829,6.97635,11.2638,14.9016,21.8714,67.5918,64.5803,62.9838,61.5937,60.605,59.6204,58.64,57.6643,56.3066,54.7677,51.9241,46.4312,38.0209,28.2757,11.3984,-0.0206769,182.44,179.651,174.799,171.074
52.60610866546631,0.29733363393416007,0.0,0.0,4,-0.307146,4.0,14512.6,197.464,-13.013,-15.4632,6.68456,10.789,14.2322,20.515,67.5717,64.5878,63.0066,61.6298,60.651,59.6763,58.706,57.7404,56.3971,54.8751,52.0633,46.6355,38.3312,28.6998,11.802,0.0228462,181.804,179.086,174.268,170.7
52.626272439956665,0.2985246370438113,0.0,0.0,4,-0.303276,4.0,14471.6,196.853,-12.7399,-15.5792,6.39857,10.3313,13.5994,19.3472,67.4835,64.527,62.9608,61.5976,60.6286,59.6638,58.7035,57.748,56.4191,54.9138,52.134,46.772,38.5755,29.0643,12.1831,0.0662333,181.127,178.519,173.672,170.33
52.6460862159729,0.2997156401534627,0.0,0.0,4,-0.300038,4.0,14421.9,196.242,-12.6029,-15.7285,6.11368,9.86766,12.9536,18.1842,67.4652,64.5347,62.9828,61.6325,60.6727,59.7171,58.7662,57.8202,56.5047,55.0148,52.2646,46.9624,38.8616,29.453,12.5629,0.108995,180.529,177.915,173.162,169.656
52.66767621040344,0.29480798352506943,0.0,0.0,4,-0.297721,4.0,14380.6,195.609,-12.5553,-15.7985,5.82902,9.3946,12.2887,17.0107,67.5474,64.6413,63.1028,61.7642,60.8129,59.8659,58.9236,57.9863,56.6829,55.207,52.4831,47.2334,39.2138,29.8855,12.9479,0.151154,180.013,177.266,172.753,169.081
52.68538475036621,0.2661418192737798,0.0,0.0,4,-0.295866,4.0,14339.2,194.973,-12.5466,-15.8216,5.54587,8.92075,11.6241,15.8796,67.6775,64.7945,63.2687,61.9414,60.9981,60.0592,59.125,58.1958,56.9037,55.4408,52.7413,47.5395,39.5924,30.3324,13.3318,0.192805,179.525,176.644,172.309,168.543
52.705000162124634,0.2278897924496513,0.3725433349609375,0.0,4,-0.293709,4.0,14297.9,194.351,-12.4762,-15.8222,5.2667,8.45851,10.9847,14.8433,22.4982,64.9097,63.3963,62.08,61.1447,60.2139,59.2877,58.3665,57.0857,55.6357,52.9602,47.8064,39.9323,30.7437,13.7013,0.233964,179.089,176.18,171.782,168.087
52.72614526748657,0.19707571537583135,0.83135986328125,0.0,4,-0.290454,4.0,14581.0,194.035,-12.2132,-15.8053,4.99345,8.01793,10.3898,13.9327,19.7856,64.8975,63.3969,62.0921,61.1651,60.2426,59.3249,58.4122,57.1434,55.7071,53.0577,47.9562,40.1651,31.0665,14.0417,0.274694,178.711,175.917,173.272,173.272
52.74630832672119,0.1544352524062246,0.9999847412109375,0.0,4,-0.285422,4.0,14943.0,194.078,-11.7301,-15.8177,4.72717,7.60403,9.84799,13.1537,18.2003,64.6943,63.2076,61.9149,60.997,60.0837,59.1752,58.2719,57.0164,55.5956,52.9757,47.9342,40.243,31.2633,14.3414,0.315025,178.482,175.952,177.486,177.486
52.766114234924316,0.10915874845030096,0.9999847412109375,0.0,4,-0.279177,4.0,15170.0,194.449,-11.224,-15.8771,4.46614,7.20684,9.33826,12.4503,16.9865,64.3648,62.8925,61.6129,60.7043,59.8006,58.902,58.0087,56.7673,55.363,52.7746,47.7984,40.2173,31.3738,14.6098,0.354885,178.625,176.33,180.203,180.203
52.78691506385803,0.06015395997092128,0.9999847412109375,0.0,4,-0.271711,4.0,15238.7,194.975,-10.6984,-15.9901,4.21094,6.82595,8.85845,11.8131,16.0087,63.9104,62.4533,61.1874,60.2888,59.3952,58.5069,57.6242,56.3979,55.011,52.4565,47.5507,40.0901,31.3995,14.8458,0.394127,179.057,176.992,181.066,181.066
52.80626916885376,0.03553880236577243,0.9999847412109375,0.0,4,-0.262193,4.0,15262.9,195.575,-10.0179,-16.1726,3.96433,6.47095,8.42589,11.2759,15.3173,63.2476,61.8071,60.5563,59.6689,58.7865,57.9098,57.0386,55.8292,54.4621,51.9457,47.1202,39.7995,31.2921,15.0332,0.432574,179.583,177.852,181.37,181.37
52.8259756565094,0.03330742825799932,0.9999847412109375,0.0,4,-0.250176,4.0,15268.8,196.228,-9.01815,-16.3877,3.72817,6.14667,8.0495,10.8572,14.9547,62.3305,60.9087,59.675,58.8,57.9305,57.0669,56.2091,55.0189,53.6745,51.2021,46.4703,39.3143,31.0278,15.1627,0.470052,180.034,178.795,181.447,181.447
52.847867250442505,0.03956958490575353,0.9999847412109375,0.0,4,-0.236025,4.0,15298.3,196.887,-7.76081,-16.652,3.50214,5.84813,7.71944,10.5383,14.9166,61.2095,59.8087,58.594,57.733,56.8778,56.0288,55.1861,54.0173,52.6981,50.2752,45.6483,38.6778,30.6409,15.243,0.506379,180.447,179.708,181.775,181.775
52.868119955062866,0.0765914075856035,0.9999847412109375,0.0,4,-0.220948,4.0,15314.0,197.563,-6.45167,-16.9183,3.28417,5.56273,7.41065,10.2677,15.1514,60.013,58.6343,57.4397,56.5935,55.7535,54.9199,54.0929,52.9469,51.6543,49.2832,44.7662,37.9882,30.2082,15.2963,0.541402,180.935,180.524,181.983,181.983
52.88514304161072,0.12946030360126246,0.9999847412109375,0.0,4,-0.20609,4.0,15317.6,198.244,-5.21252,-17.1477,3.07232,5.27917,7.09987,9.99225,15.6383,58.8564,57.4999,56.3254,55.494,54.6691,53.851,53.0398,51.9163,50.6501,48.3303,43.9211,37.3298,29.7949,15.3428,0.575027,181.461,181.136,182.024,182.024
52.90628695487976,0.17196232853290933,0.9999847412109375,0.0,4,-0.192374,4.0,15328.9,198.904,-4.22731,-17.3664,2.86541,4.98966,6.7694,9.66483,16.4635,57.8262,56.491,55.3357,54.5184,53.7079,52.9043,52.108,51.0057,49.7643,47.4924,43.1831,36.7619,29.4463,15.397,0.607168,182.008,181.526,182.152,182.152
52.92636513710022,0.19500327145497004,0.9999847412109375,0.0,4,-0.180631,4.0,15351.1,199.533,-3.58729,-17.5365,2.66242,4.68827,6.40492,9.24187,59.4994,56.9899,55.6738,54.5359,53.7311,52.9334,52.1429,51.3598,50.2762,49.0568,46.827,42.6045,36.3285,29.1955,15.4707,0.637819,182.638,181.814,182.41,182.41
52.94763946533203,0.19916771660188212,0.9999847412109375,0.0,4,-0.17112,4.0,15407.2,200.114,-3.36359,-17.6999,2.46353,4.37487,6.00469,8.71115,16.0833,56.3687,55.069,53.9459,53.1519,52.365,51.5856,50.8136,49.7459,48.5448,46.3501,42.1989,36.04,29.0504,15.5675,0.666981,183.372,182.073,183.055,183.055
52.96642088890076,0.19841030364494772,0.9999847412109375,0.0,4,-0.163771,4.0,15457.5,200.684,-3.53488,-17.8453,2.26961,4.05357,5.5767,8.09177,13.5621,55.9487,54.6626,53.5516,52.7665,51.9885,51.2181,50.4552,49.4002,48.214,46.0473,41.9527,35.8841,29.0015,15.6857,0.694668,184.181,182.352,183.663,183.663
52.98581790924072,0.19766086345598105,0.9999847412109375,0.0,4,-0.157918,4.0,15503.9,201.248,-3.97122,-17.9787,2.08217,3.733,5.13968,7.43517,11.7947,55.6627,54.3881,53.2872,52.5095,51.739,50.976,50.2206,49.1763,48.0022,45.8587,41.8097,35.8127,29.0126,15.8147,0.720936,184.934,182.67,184.214,184.214
53.00578451156616,0.19691540965099819,0.9999847412109375,0.0,4,-0.15257,4.0,15548.6,201.809,-4.47983,-18.107,1.90326,3.42345,4.71547,6.79762,10.4001,55.4161,54.152,53.0604,52.2894,51.5257,50.7696,50.0211,48.9865,47.8235,45.7008,41.6933,35.7606,29.0337,15.9391,0.745786,185.557,183.036,184.745,184.745
53.02651286125183,0.19618324379262825,0.9999847412109375,0.0,4,-0.147353,4.0,15593.3,202.36,-4.94324,-18.2089,1.73302,3.12773,4.31048,6.19525,9.24479,55.1694,53.9156,52.833,52.0684,51.3112,50.5617,49.8198,48.7945,47.6422,45.5396,41.572,35.7011,29.0451,16.053,0.769309,186.105,183.46,185.277,185.277
53.047582149505615,0.19549094177409698,0.9999847412109375,0.0,4,-0.1422,4.0,15666.3,202.881,-5.39384,-18.3345,1.57153,2.84604,3.92492,5.62701,8.24261,54.9221,53.6779,52.604,51.8457,51.0948,50.3515,49.616,48.5997,47.4577,45.3744,41.4452,35.6342,29.0465,16.1566,0.791517,186.615,183.906,186.134,186.134
53.06655764579773,0.1947853518089528,0.9999847412109375,0.0,4,-0.137277,4.0,15716.3,203.412,-5.85528,-18.4441,1.41855,2.57748,3.55668,5.0871,7.33976,54.689,53.454,52.3883,51.6358,50.8907,50.1533,49.4238,48.4159,47.2836,45.2184,41.3252,35.5702,29.0465,16.2528,0.812426,187.117,184.34,186.739,186.739
53.08615255355835,0.19407577545982474,0.9999847412109375,0.0,4,-0.132233,4.0,15758.2,203.946,-6.28173,-18.5545,1.27429,2.32367,3.20948,4.58348,6.5392,9.39825,53.2127,52.155,51.4083,50.6691,49.9377,49.214,48.2144,47.0916,45.0445,41.187,35.4882,29.029,16.3366,0.832076,187.578,184.775,187.24,187.24
53.10628414154053,0.19336354152137417,0.9999847412109375,0.0,4,-0.126676,4.0,15794.4,204.482,-6.57841,-18.6498,1.13917,2.08663,2.88712,4.12344,5.84303,8.05062,52.9182,51.8688,51.1283,50.3953,49.67,48.9526,47.9617,46.849,44.8211,41.0017,35.3635,28.9753,16.4018,0.850461,188.003,185.248,187.673,187.673
53.12643003463745,0.1974931655914709,0.9999847412109375,0.0,4,-0.121083,4.0,15831.1,204.999,-6.69389,-18.6264,1.0122,1.86295,2.58292,3.69147,5.20489,6.99642,52.6114,51.5704,50.8358,50.1089,49.3897,48.6785,47.6964,46.5937,44.5846,40.8031,35.2251,28.9078,16.4563,0.867657,188.457,185.84,188.096,188.096
53.14890456199646,0.2166377237238859,0.9999847412109375,0.0,4,-0.116793,4.0,15895.0,205.477,-7.0022,-18.59,0.891552,1.64605,2.28403,3.25986,4.55993,5.98199,7.80941,51.3768,50.647,49.9248,49.2105,48.5042,47.5288,46.434,44.4395,40.6872,35.1548,28.8898,16.522,0.883779,188.995,186.252,188.858,188.858
53.16751980781555,0.23133904883055947,0.9999847412109375,0.0,4,-0.113559,4.0,15942.7,205.955,-7.49933,-18.5551,0.777622,1.43834,1.99552,2.84004,3.93548,5.05373,6.20922,51.2655,50.5393,49.8209,49.1102,48.4076,47.4376,46.3488,44.3656,40.6353,35.1367,28.9092,16.5951,0.898851,189.443,186.48,189.428,189.428
53.1862313747406,0.2572596104191616,0.9999847412109375,0.0,4,-0.110211,4.0,15910.3,206.489,-7.92594,-18.4413,0.671053,1.24384,1.72586,2.45116,3.37175,4.26571,5.09627,6.56371,50.4155,49.7008,48.9938,48.2949,47.3301,46.2473,44.2754,40.5671,35.1028,28.914,16.6585,0.912914,189.791,186.742,189.096,189.096
53.20891761779785,0.2730455324221216,0.9999847412109375,0.0,4,-0.104767,4.0,15910.2,207.006,-7.87463,-18.2891,0.571945,1.06569,1.48256,2.10985,2.89981,3.64989,4.31639,5.3366,50.1098,49.4006,48.6993,48.006,47.049,45.9753,44.0207,40.3471,34.9382,28.8164,16.6828,0.926075,189.948,187.098,189.057,189.057
53.228768825531006,0.283509678076487,0.9999847412109375,0.0,4,-0.0975183,4.0,15954.6,207.494,-7.52838,-18.1987,0.480114,0.90176,1.26057,1.80378,2.48982,3.13757,3.70343,4.5285,5.82643,48.9506,48.2564,47.5703,46.6236,45.5617,43.6294,40.0009,34.6652,28.6333,16.6733,0.938292,190.072,187.513,189.561,189.561
53.247981548309326,0.28832901872545486,0.9999847412109375,0.0,4,-0.0897482,4.0,16014.9,207.97,-7.18125,-18.1894,0.395859,0.750267,1.05479,1.51982,2.11119,2.66956,3.15297,3.83907,4.78666,48.4564,47.7698,47.0914,46.1554,45.1059,43.1973,39.6165,34.3583,28.4218,16.6489,0.949432,190.29,187.917,190.277,190.277
53.2690155506134,0.2931781134838828,0.9999847412109375,0.0,4,-0.0823596,4.0,16072.0,208.441,-6.98606,-18.2278,0.319794,0.611471,0.864516,1.25436,1.75318,2.22412,2.6285,3.18808,3.89649,47.9891,47.3096,46.6384,45.7126,44.6748,42.7884,39.2524,34.0669,28.2196,16.6221,0.959391,190.651,188.308,190.96,190.96
53.287503242492676,0.3099119924008847,0.9999847412109375,0.0,4,-0.0757373,4.0,16121.8,208.91,-6.97562,-18.2834,0.252575,0.486816,0.691835,1.01006,1.41943,1.80525,2.13307,2.57563,3.09817,4.39044,46.902,46.2371,45.3205,44.2931,42.4264,38.9302,33.8088,28.0402,16.5973,0.9681,191.097,188.666,191.557,191.557
53.30655074119568,0.31489269493620536,0.9999847412109375,0.0,4,-0.0699228,4.0,16165.0,209.373,-7.11613,-18.337,0.194355,0.3773,0.538694,0.790922,1.11679,1.42309,1.68058,2.0204,2.40089,3.10865,46.5459,45.8866,44.9778,43.9597,42.1102,38.6487,33.5831,27.8829,16.5745,0.975571,191.516,188.935,192.074,192.074
53.326014280319214,0.31990279443662617,0.9999847412109375,0.0,4,-0.0646547,4.0,16200.0,209.831,-7.34528,-18.3696,0.145317,0.283981,0.407265,0.601179,0.852988,1.08919,1.28625,1.54151,1.81693,2.27362,46.2243,45.5699,44.6681,43.658,41.8239,38.3933,33.3775,27.7382,16.5507,0.981815,191.951,189.216,192.491,192.491
53.349310636520386,0.3310920707819859,0.9999847412109375,0.0,4,-0.0597103,4.0,16236.9,210.276,-7.60971,-18.384,0.105465,0.207455,0.298862,0.443692,0.632895,0.810715,0.958372,1.14759,1.34701,1.65848,2.32055,45.2696,44.3743,43.3716,41.5518,38.1496,33.1798,27.597,16.5228,0.986857,192.371,189.508,192.93,192.93
53.36847233772278,0.35509580365419385,0.79998779296875,0.0,4,-0.0551718,4.0,16273.8,210.705,-7.88847,-18.3619,0.0745544,0.147564,0.213512,0.318869,0.457531,0.588444,0.697008,0.835403,0.978947,1.19638,1.59698,44.9916,44.1021,43.1062,41.299,37.9225,32.9943,27.4627,16.4923,0.990746,192.754,189.771,193.369,193.369
53.38607335090637,0.36711133254133166,0.4666595458984375,0.0,4,-0.0509027,4.0,16142.1,211.022,-8.15349,-18.3291,0.0522537,0.104053,0.151239,0.227251,0.328386,0.424528,0.504733,0.606949,0.712677,0.870702,1.14713,44.7214,43.8373,42.8476,41.0524,37.7,32.8109,27.3278,16.4568,0.993538,193.016,189.925,191.845,191.845
53.40950632095337,0.3933802399505675,0.007843017578125,0.0,4,-0.0460847,4.0,15884.4,211.044,-8.19977,-18.2634,0.0380287,0.0763016,0.111513,0.169001,0.246774,0.32196,0.385594,0.467654,0.553731,0.683861,0.916378,44.4033,43.5254,42.5428,40.761,37.4359,32.5911,27.163,16.4069,0.995317,193.132,190.031,188.807,188.807
53.42615365982056,0.40818575767676035,0.0,0.0,4,-0.0404637,4.0,15544.3,210.6,-7.95993,-18.1588,0.0312119,0.0631733,0.0930004,0.142559,0.211366,0.279915,0.339368,0.418324,0.50428,0.6413,0.91584,44.0217,43.1509,42.1767,40.4107,37.1174,32.3244,26.9609,16.3402,0.996176,192.92,189.918,186.28,183.278
53.44692420959473,0.41709422285534437,0.0,0.0,4,-0.0356954,4.0,15474.9,209.912,-7.75625,-17.9973,0.0312233,0.063715,0.0943928,0.146283,0.220307,0.296414,0.364657,0.459139,0.567338,0.757438,1.31527,43.6967,42.8319,41.8646,40.1116,36.8448,32.095,26.7855,16.2792,0.996192,192.498,189.488,185.677,182.183
53.46975350379944,0.41923793138466775,0.0,0.0,4,-0.0331262,4.0,15418.8,209.192,-7.90739,-17.8148,0.0372429,0.0763359,0.113583,0.177259,0.269737,0.367278,0.45749,0.58734,0.746572,1.07421,44.148,43.5219,42.6599,41.6959,39.9494,36.6957,31.9679,26.6863,16.2415,0.995468,192.069,188.802,185.268,181.259
53.48749375343323,0.4214352326272242,0.0,0.0,4,-0.032677,4.0,15362.4,208.454,-8.42717,-17.6273,0.0486794,0.0998898,0.148783,0.23278,0.356161,0.488615,0.613907,0.8021,1.05242,1.8441,44.116,43.4897,42.6276,41.6635,39.9169,36.6636,31.9373,26.6591,16.2257,0.99408,191.65,188.004,184.845,180.335
53.51093626022339,0.43073824498716745,0.0,0.0,4,-0.0334714,4.0,15306.4,207.701,-9.10812,-17.4022,0.0646553,0.132547,0.197382,0.308923,0.473603,0.652936,0.826737,1.10001,1.51368,44.8055,44.1691,43.5415,42.6775,41.7112,39.9607,36.7,31.9631,26.6734,16.2218,0.992132,191.148,187.169,184.325,179.533
53.52753043174744,0.4402054208110956,0.0,0.0,4,-0.0349305,4.0,15245.6,206.938,-9.87982,-17.1926,0.0846367,0.173178,0.257616,0.402854,0.618154,0.855936,1.09239,1.48909,2.28904,44.9053,44.2668,43.6371,42.7702,41.8007,40.044,36.7717,32.0173,26.7083,16.2229,0.989688,190.503,186.292,183.7,178.718
53.54770565032959,0.44264242500006534,0.0,0.0,4,-0.0374511,4.0,15182.2,206.146,-10.7694,-16.9762,0.107868,0.219949,0.326396,0.508771,0.778902,1.0794,1.38474,1.93207,45.7313,45.081,44.4394,43.8064,42.935,41.9603,40.1943,36.9035,32.1212,26.7798,16.2347,0.986827,189.799,185.336,183.09,177.823
53.57066011428833,0.4524318697750568,0.0,0.0,4,-0.04087,4.0,15116.7,205.336,-11.8325,-16.8006,0.133972,0.271824,0.401949,0.62347,0.94991,1.31367,1.68887,2.40739,45.9716,45.3171,44.6714,44.0343,43.1572,42.176,40.3978,37.0834,32.2645,26.8805,16.2548,0.983589,189.092,184.404,182.438,176.921
53.5889573097229,0.45502453982457514,0.0,0.0,4,-0.0443986,4.0,15055.7,204.507,-12.8611,-16.6027,0.162727,0.328548,0.484074,0.747318,1.13335,1.56484,2.01769,2.97508,46.219,45.5604,44.9104,44.2691,43.3861,42.3981,40.6073,37.2683,32.4114,26.9832,16.2739,0.980005,188.297,183.466,181.728,176.174
53.608115434646606,0.4502211387847023,0.0,0.0,4,-0.0469874,4.0,14991.5,203.683,-13.6726,-16.4132,0.193657,0.389715,0.572979,0.882537,1.33765,1.85433,2.41929,4.2143,46.395,45.733,45.0797,44.4351,43.5473,42.5541,40.7534,37.3954,32.5096,27.0481,16.2789,0.976151,187.408,182.597,180.883,175.5
53.62977576255798,0.45293199824238195,0.0,0.0,4,-0.050289,4.0,14922.3,202.802,-14.2807,-16.0498,0.225594,0.451979,0.662502,1.01651,1.53586,2.13001,2.79976,47.3008,46.6262,45.9601,45.3027,44.654,43.7606,42.7608,40.9481,37.5664,32.644,27.1402,16.2924,0.972139,186.62,181.439,180.19,174.556
53.65253210067749,0.46316533613204963,0.0,0.0,4,-0.0554431,4.0,14845.2,201.904,-15.4561,-15.7993,0.257404,0.511938,0.746237,1.1357,1.69844,2.33145,3.0324,47.6834,47.0029,46.3309,45.6676,45.0129,44.1111,43.1017,41.271,37.8539,32.8761,27.3063,16.3306,0.968066,185.983,180.429,179.616,173.305
53.670581340789795,0.46598943873122334,0.0,0.0,4,-0.0599778,4.0,14794.7,201.001,-16.5656,-15.5581,0.29089,0.574934,0.834322,1.26165,1.87268,2.55422,3.30628,48.0197,47.3339,46.6565,45.9879,45.3279,44.4185,43.4005,41.5536,38.1047,33.0771,27.4483,16.3595,0.963769,185.259,179.46,178.795,172.578
53.68604850769043,0.4609445726212673,0.0,0.0,4,-0.0594671,4.0,14721.3,200.198,-16.6563,-15.3874,0.325954,0.645395,0.938629,1.42663,2.14191,2.9873,4.07867,47.959,47.2728,46.595,45.926,45.2656,44.3559,43.3374,41.49,38.0406,33.0141,27.3895,16.3198,0.959427,184.227,178.803,177.478,172.512
53.71109485626221,0.47069940386340015,0.0,0.0,4,-0.0559018,4.0,14639.3,199.495,-16.6204,-15.5343,0.365894,0.729443,1.0679,1.64474,2.53853,3.76191,48.6249,47.6534,46.9696,46.2945,45.628,44.9703,44.0644,43.0506,41.2119,37.7812,32.7868,27.2052,16.2354,0.954609,183.089,178.381,176.393,171.681
53.727489709854126,0.4727166200056672,0.0,0.0,4,-0.050135,4.0,14567.5,198.85,-16.4587,-15.9,0.412991,0.832302,1.23112,1.93678,3.1436,49.2578,48.1345,47.1694,46.4903,45.8199,45.1582,44.5054,43.6065,42.6008,40.7778,37.3795,32.4397,26.9286,16.1167,0.949043,182.044,178.023,175.469,170.856
53.75255084037781,0.47463375720754275,0.0,0.0,4,-0.0425895,4.0,14505.7,198.237,-16.0143,-16.3515,0.469303,0.959435,1.43955,2.33702,4.19372,48.6084,47.4949,46.5386,45.866,45.2021,44.5471,43.9011,43.0118,42.0172,40.2157,36.8612,31.9943,26.5763,15.9683,0.942509,181.041,177.646,174.647,170.189
53.77160573005676,0.4765946789458394,0.0,0.0,4,-0.0340455,4.0,14479.4,197.61,-15.2646,-16.7001,0.53471,1.11188,1.6981,2.88119,49.9977,47.8729,46.7709,45.825,45.1599,44.5037,43.8565,43.2183,42.3402,41.3585,39.5818,36.2778,31.4942,26.1815,15.802,0.935036,180.076,177.251,173.898,170.264
53.78593063354492,0.4785712380185724,0.0,0.0,4,-0.0263384,4.0,14437.7,196.978,-14.6554,-17.0303,0.608448,1.2862,2.0012,3.58962,49.3075,47.2011,46.1094,45.1728,44.5144,43.8651,43.2249,42.5938,41.7257,40.7557,39.0011,35.7424,31.0336,25.8153,15.6418,0.926641,179.235,176.754,173.279,169.728
53.81346297264099,0.4807166803032159,0.0,0.0,4,-0.0200937,4.0,14401.7,196.292,-14.0316,-17.2298,0.688538,1.4769,2.33986,4.49971,48.734,46.642,45.5584,44.629,43.9759,43.3321,42.6973,42.0718,41.2116,40.2508,38.5138,35.2913,30.6424,25.5006,15.4964,0.917515,178.557,176.122,172.896,169.565
53.83272337913513,0.4829152895249426,0.525482177734375,0.0,4,-0.0146354,4.0,14385.4,195.589,-13.3617,-17.1912,0.773131,1.68119,2.71334,5.7885,48.2225,46.1427,45.0659,44.1427,43.4942,42.8549,42.2249,41.6042,40.7508,39.798,38.0762,34.8851,30.2883,25.2133,15.3585,0.907911,177.992,175.467,172.498,169.442
53.852163791656494,0.4839723733328283,0.9999847412109375,0.0,4,-0.00889045,4.0,14769.7,195.251,-12.5252,-17.0382,0.861732,1.90206,3.1375,52.0486,47.6841,45.6176,44.5483,43.6319,42.9883,42.3541,41.7291,41.1136,40.2676,39.3233,37.6179,34.4602,29.919,24.9144,15.2156,0.897982,177.422,174.868,175.484,175.484
53.86980390548706,0.48370028371363877,0.9999847412109375,0.0,4,-0.00267965,4.0,15179.1,195.338,-11.581,-16.8685,0.953632,2.14042,3.62513,51.446,47.1068,45.0554,43.9945,43.0857,42.4477,41.819,41.1998,40.5899,39.7521,38.8173,37.1301,34.0092,29.5284,24.5998,15.067,0.887854,177.048,174.508,180.109,180.109
53.886099100112915,0.4827245140448212,0.9999847412109375,0.0,4,0.0021035,4.0,15240.0,195.65,-10.8436,-16.5614,1.04782,2.38594,4.14799,50.9746,46.643,44.6024,43.5478,42.6445,42.0105,41.386,40.7708,40.1653,39.3336,38.4059,36.7322,33.6391,29.2046,24.3349,14.9341,0.877434,177.084,174.377,181.128,181.128
53.91131544113159,0.481432870220393,0.9999847412109375,0.0,4,0.00488585,4.0,15156.0,196.063,-10.3515,-16.1115,1.14178,2.62713,4.67176,50.6944,46.3383,44.3023,43.2505,42.3498,41.7177,41.0952,40.4822,39.8788,39.05,38.126,36.4594,33.3814,28.9733,24.1392,14.824,0.866887,177.459,174.437,180.146,180.146
53.9260630607605,0.48019752079993494,0.9999847412109375,0.0,4,0.00917214,4.0,15147.8,196.458,-9.72004,-15.7505,1.23899,2.8918,5.31284,50.2966,45.9144,43.888,42.8415,41.9457,41.3173,40.6984,40.0891,39.4895,38.6662,37.7484,36.0939,33.0408,28.6742,23.8931,14.6971,0.856263,177.785,174.717,179.992,179.992
53.95130133628845,0.4789997009821235,0.9999847412109375,0.0,4,0.0150234,4.0,15196.7,196.841,-9.00186,-15.5454,1.34193,3.19214,6.15796,49.7636,45.3633,43.3516,42.3134,41.425,40.802,40.1886,39.5849,38.9908,38.1754,37.2668,35.6298,32.612,28.3028,23.5931,14.5513,0.845352,178.052,175.092,180.559,180.559
53.969600200653076,0.47777060649544,0.9999847412109375,0.0,4,0.0214283,4.0,15264.1,197.234,-8.38031,-15.4852,1.45156,3.52915,7.30832,49.1838,44.7648,42.7699,41.7411,40.8611,40.2442,39.6369,39.0395,38.4517,37.6452,36.7469,35.1293,32.1508,27.9048,23.2728,14.3971,0.833947,178.358,175.495,181.321,181.321
53.98881125450134,0.47652900214120747,0.9999847412109375,0.0,4,0.0273783,4.0,15332.9,197.631,-8.03132,-15.5488,1.56852,3.89962,9.02749,48.6515,44.1976,42.2182,41.198,40.3257,39.7144,39.1129,38.5212,37.9393,37.141,36.2523,34.6528,31.7107,27.5235,22.964,14.244,0.821826,178.742,175.888,182.184,182.184
54.00822854042053,0.47516855404526,0.9999847412109375,0.0,4,0.0328156,4.0,15361.3,198.066,-7.83018,-15.6121,1.69358,4.30711,58.6074,48.1727,43.6642,41.6987,40.6862,39.8209,39.2147,38.6184,38.0319,37.4553,36.6646,35.7845,34.2015,31.2927,27.1594,22.6668,14.0917,0.808889,179.179,176.279,182.534,182.534
54.03009366989136,0.4737705763466657,0.9999847412109375,0.0,4,0.0381467,4.0,15378.5,198.513,-7.6775,-15.6712,1.82771,4.76302,58.3651,47.7102,43.139,41.1805,40.1757,39.3173,38.7161,38.1248,37.5435,36.9721,36.1888,35.3172,33.7504,30.8745,26.7943,22.3676,13.9357,0.795115,179.624,176.683,182.741,182.741
54.05216836929321,0.47237259864807124,0.9999847412109375,0.0,4,0.0435221,4.0,15393.8,198.96,-7.48614,-15.6971,1.97147,5.27915,58.1292,47.246,42.6112,40.6496,39.6528,38.8015,38.2055,37.6194,37.0434,36.4773,35.7016,34.8388,33.2886,30.4462,26.4203,22.0607,13.774,0.7805,180.067,177.117,182.923,182.923
54.070276737213135,0.4710309153534472,0.9999847412109375,0.0,4,0.0486748,4.0,15420.4,199.389,-7.28877,-15.6897,2.12421,5.8579,57.9457,46.8086,42.1033,40.1267,39.1374,38.2929,37.7018,37.1209,36.5499,35.989,35.2206,34.3663,32.8323,30.0223,26.0491,21.7546,13.6096,0.765078,180.54,177.578,183.221,183.221
54.087703227996826,0.46973927152901895,0.9999847412109375,0.0,4,0.0531208,4.0,15449.5,199.802,-7.19768,-15.6612,2.28448,6.4922,57.904,46.4524,41.6575,39.6512,38.6646,37.8259,37.239,36.6623,36.0956,35.5392,34.777,33.9299,32.4099,29.6281,25.7011,21.4644,13.4476,0.748876,181.048,178.024,183.582,183.582
54.11223387718201,0.46846013757213945,0.9999847412109375,0.0,4,0.0567982,4.0,15472.1,200.211,-7.2085,-15.5952,2.45151,7.18293,58.0302,46.1897,41.2825,39.2378,38.2384,37.4038,36.8202,36.2469,35.6838,35.1308,34.3737,33.5326,32.024,29.2659,25.378,21.1914,13.2885,0.73193,181.57,178.44,183.85,183.85
54.127867698669434,0.4672122782841325,0.9999847412109375,0.0,4,0.059859,4.0,15495.8,200.61,-7.29473,-15.4991,2.62493,7.93901,58.3185,46.0122,40.9703,38.8795,37.8595,37.0158,36.4349,35.8643,35.3041,34.754,34.001,33.1647,31.6656,28.9273,25.0733,20.9306,13.1308,0.714282,182.082,178.832,184.13,184.13
54.15054988861084,0.4659863112643361,0.9999847412109375,0.0,4,0.0624806,4.0,15521.9,201.002,-7.42969,-15.3865,2.80472,8.77871,58.7515,45.9042,40.7076,38.5638,37.5203,36.6583,36.0697,35.5005,34.9426,34.395,33.6456,32.8135,31.3226,28.6019,24.7782,20.676,12.9726,0.695981,182.554,179.198,184.439,184.439
54.16879940032959,0.46477910904586317,0.9999847412109375,0.0,4,0.0648953,4.0,15550.2,201.388,-7.58197,-15.2666,2.9913,9.73522,59.3073,45.8478,40.4793,38.2769,37.2076,36.3254,35.7236,35.1442,34.5856,34.0402,33.2941,32.4659,30.9827,28.2787,24.4842,20.4211,12.8121,0.677058,182.981,179.548,184.775,184.775
54.187830209732056,0.46357816176116473,0.9999847412109375,0.0,4,0.0672948,4.0,15580.7,201.772,-7.72678,-15.146,3.18516,10.8642,59.9686,45.8281,40.2729,38.0076,36.9105,36.0069,35.3912,34.7989,34.2286,33.6792,32.9363,32.1122,30.6368,27.9495,24.1846,20.1611,12.6478,0.657529,183.368,179.89,185.135,185.135
54.205320596694946,0.46239285181090234,0.9999847412109375,0.0,4,0.0697443,4.0,15614.5,202.151,-7.86088,-15.0331,3.38658,12.2702,60.7364,45.8408,40.0842,37.7519,36.6254,35.699,35.0687,34.4628,33.88,33.3191,32.5684,31.7483,30.2811,27.6113,23.877,19.8944,12.479,0.637399,183.726,180.23,185.534,185.534
54.23399472236633,0.46124507146328686,0.9999847412109375,0.0,4,0.0720069,4.0,15649.8,202.518,-7.98637,-14.9009,3.59446,14.1732,61.6848,45.9213,39.9385,37.5314,36.3723,35.4208,34.7742,34.1534,33.5568,32.9832,32.2163,31.388,29.9285,27.2754,23.5705,19.6275,12.3081,0.616685,184.095,180.578,185.954,185.954
54.247551918029785,0.46010354604944587,0.9999847412109375,0.0,4,0.0739762,4.0,15684.9,202.883,-8.17299,-14.7842,3.80834,131.467,62.8652,46.0874,39.8471,37.3556,36.1598,35.18,34.5152,33.8775,33.2655,32.6777,31.8926,31.046,29.5825,26.9447,23.2674,19.3622,12.1357,0.595397,184.458,180.904,186.371,186.371
54.27160453796387,0.45893700090050693,0.9999847412109375,0.0,4,0.075927,4.0,15709.3,203.256,-8.36234,-14.6683,4.0294,144.165,64.2505,46.3136,39.7889,37.2054,35.9698,34.9595,34.275,33.6193,32.9906,32.3875,31.5832,30.717,29.2294,26.6071,22.958,19.0913,11.9594,0.573545,184.796,181.219,186.676,186.676
54.2896044254303,0.45775169095024465,0.9999847412109375,0.0,4,0.0782906,4.0,15729.9,203.635,-8.4538,-14.5396,4.25986,160.279,65.7511,46.5448,39.7224,37.0446,35.7685,34.7273,34.023,33.3492,32.704,32.0857,31.2623,30.3768,28.8595,26.2433,22.6272,18.8043,11.776,0.551142,185.1,181.549,186.912,186.912
54.30765414237976,0.45657889086753134,0.9999847412109375,0.0,4,0.0811259,4.0,15759.5,204.01,-8.46345,-14.4243,4.50054,181.236,67.3596,46.7704,39.6396,36.8662,35.5495,34.4775,33.7536,33.0619,32.4005,31.7673,30.9252,30.0212,28.4755,25.8513,22.2733,18.4998,11.5852,0.528191,185.386,181.897,187.26,187.26
54.32832884788513,0.4554655126556753,0.9999847412109375,0.0,4,0.0838224,4.0,15792.3,204.366,-8.42734,-14.2714,4.74819,200.0,69.3149,47.0922,39.6112,36.7305,35.3685,34.2622,33.5165,32.805,32.1254,31.4759,30.6131,29.6886,28.1116,25.4593,21.9189,18.1943,11.3922,0.504704,185.717,182.265,187.649,187.649
54.34693479537964,0.4543552619107067,0.9999847412109375,0.0,4,0.0860588,4.0,15824.5,204.721,-8.50058,-14.1393,5.00079,200.0,71.819,47.5769,39.6793,36.6722,35.257,34.1105,33.3392,32.6045,31.9038,31.2349,30.3481,29.3995,27.7857,25.0844,21.5741,17.8949,11.1993,0.4807,186.084,182.607,188.032,188.032
54.368276596069336,0.45318871676176786,0.9999847412109375,0.0,4,0.0882155,4.0,15835.9,205.094,-8.59143,-13.9978,5.26063,200.0,74.858,48.1828,39.8097,36.661,35.1863,33.9954,33.1958,32.4353,31.7114,31.0213,30.1079,29.1329,27.479,24.7236,21.2255,17.5919,11.0035,0.456175,186.433,182.932,188.193,188.193
54.39552664756775,0.44470095505362683,0.9999847412109375,0.0,4,0.0910069,4.0,15845.6,205.477,-8.53172,-13.8295,5.53265,200.0,78.2042,48.7865,39.916,36.6231,35.089,33.8535,33.0259,32.2403,31.4935,30.7827,29.8436,28.8434,27.1514,24.3461,20.849,17.2685,10.7997,0.431157,186.738,183.282,188.29,188.29
54.41059184074402,0.450814969394356,0.9999847412109375,0.0,4,0.0944654,4.0,15872.4,205.853,-8.36723,-13.6828,5.8184,196.112,81.8738,49.3737,39.9881,36.5505,34.9574,33.6784,32.8235,32.0134,31.2446,30.5141,29.5507,28.5266,26.7994,23.9495,20.4441,16.9243,10.5877,0.405623,187.056,183.699,188.601,188.601
54.43683624267578,0.449726610917598,0.9999847412109375,0.0,4,0.0975849,4.0,15907.2,206.201,-8.17707,-13.4896,6.11022,187.474,86.6233,50.176,40.1728,36.5644,34.9021,33.5719,32.6851,31.8464,31.0518,30.2983,29.3063,28.2544,26.4858,23.5829,20.0462,16.5846,10.3755,0.379602,187.399,184.087,189.013,189.013
54.44791030883789,0.4486445073746145,0.9999847412109375,0.0,4,0.099847,4.0,15942.0,206.547,-8.19896,-13.3316,6.40346,131.502,93.2823,51.3633,40.5652,36.7398,34.9897,33.5948,32.6675,31.7924,30.9652,30.1823,29.154,28.0663,26.2445,23.272,19.6799,16.2599,10.1663,0.353105,187.798,184.421,189.426,189.426
54.47023153305054,0.4474779622256756,0.9999847412109375,0.0,4,0.101807,4.0,15944.9,206.92,-8.28728,-13.1568,6.70234,86.046,102.238,52.8794,41.1113,37.0278,35.1741,33.7032,32.7285,31.811,30.9458,30.1287,29.0582,27.9293,26.0458,22.9929,19.3363,15.9367,9.95587,0.326104,188.179,184.73,189.497,189.497
54.49582600593567,0.4462863973416388,0.9999847412109375,0.0,4,0.104528,4.0,15951.0,207.301,-8.19247,-12.9464,7.01666,69.6371,113.247,54.4737,41.647,37.2932,35.333,33.7845,32.7619,31.8018,30.8986,30.0475,28.9355,27.7661,25.8231,22.6946,18.9807,15.5917,9.73734,0.298654,188.497,185.08,189.542,189.542
54.508962631225586,0.44513236206024887,0.9999847412109375,0.0,4,0.108019,4.0,15982.2,207.67,-7.98884,-12.7741,7.34832,61.3722,127.024,56.1357,42.1609,37.5269,35.4581,33.8316,32.761,31.7586,30.8179,29.9336,28.7811,27.5728,25.5735,22.3755,18.6128,15.2254,9.51088,0.27073,188.777,185.463,189.901,189.901
54.534791231155396,0.44408778811991223,0.9999847412109375,0.0,4,0.110943,4.0,16023.0,208.004,-7.7886,-12.5499,7.68377,55.3858,148.09,58.3867,42.929,37.9436,35.7398,34.0164,32.8867,31.832,30.8452,29.9198,28.7174,27.4611,25.392,22.1071,18.2802,14.8706,9.28552,0.24234,189.153,185.87,190.387,190.387
54.54777979850769,0.44304946911334986,0.9999847412109375,0.0,4,0.112644,4.0,16062.5,208.336,-7.8858,-12.3712,8.01446,50.3448,200.0,61.711,44.1569,38.6916,36.3052,34.4514,33.2419,32.1169,31.0678,30.0873,28.8177,27.4968,25.3329,21.928,18.0071,14.5541,9.06492,0.213497,189.592,186.192,190.855,190.855
54.5758421421051,0.44190168876573444,0.9999847412109375,0.0,4,0.113889,4.0,16059.4,208.703,-8.07774,-12.1683,8.34802,46.4052,200.0,66.1561,45.7789,39.7031,37.0879,35.0721,33.7645,32.5531,31.4281,30.3804,29.0293,27.6301,25.3523,21.8035,17.7694,14.2619,8.84386,0.184186,189.99,186.475,190.865,190.865
54.591612577438354,0.440728888683021,0.9999847412109375,0.0,4,0.116111,4.0,16063.7,209.078,-8.02869,-11.9199,8.70217,43.7612,197.518,71.2535,47.4861,40.7324,37.8702,35.6819,34.2706,32.9691,31.7651,30.6482,29.214,27.7356,25.3444,21.6561,17.5174,13.9642,8.61412,0.154467,190.288,186.804,190.88,190.88
54.606250286102295,0.4325159341087782,0.9999847412109375,0.0,4,0.119313,4.0,16099.4,209.437,-7.84328,-11.7277,9.07814,41.9239,192.339,77.105,49.2632,41.7633,38.6369,36.2669,34.7477,33.3531,32.0685,30.8814,29.3634,27.8064,25.3042,21.4831,17.2503,13.6611,8.376,0.124312,190.533,187.174,191.29,191.29
54.62926936149597,0.4245177719448507,0.9999847412109375,0.0,4,0.121877,4.0,16145.4,209.756,-7.65786,-11.4764,9.42117,40.1243,186.235,85.5163,51.7083,43.2089,39.7362,37.131,35.4729,33.9591,32.5716,31.2953,29.6714,28.0152,25.3732,21.3851,17.0308,13.3897,8.13909,0.0937246,190.93,187.617,191.839,191.839
54.65315389633179,0.41661188843624664,0.9999847412109375,0.0,4,0.122944,4.0,16188.8,210.074,-7.83393,-11.2788,9.70662,38.1561,177.956,99.379,55.453,45.4512,41.4732,38.5286,36.6721,34.9889,33.4559,32.0538,30.2811,28.4859,25.6486,21.4259,16.8963,13.171,7.90776,0.0627352,191.434,187.979,192.354,192.354
54.665672063827515,0.4155311020527128,0.9999847412109375,0.0,4,0.123483,4.0,16180.7,210.437,-8.12201,-11.0536,9.95063,36.3352,159.878,122.065,60.6197,48.4667,43.7958,40.3959,38.2769,36.3717,34.6496,33.0857,31.1231,29.1521,26.0704,21.5584,16.8145,12.985,7.67793,0.0313136,191.894,188.305,192.315,192.315
54.69182896614075,0.4075679155327876,0.9999847412109375,0.0,4,0.125296,4.0,16180.4,210.811,-8.09162,-10.7689,10.1796,34.9938,122.043,157.238,66.6618,51.7925,46.2973,42.3704,39.9535,37.8002,35.8697,34.1293,31.9622,29.8048,26.4692,21.6658,16.716,12.7926,7.45391,-0.000450134,192.192,188.665,192.267,192.267
54.706390619277954,0.39974165546630197,0.9999847412109375,0.0,4,0.128397,4.0,16218.3,211.17,-7.88129,-10.5593,10.3957,34.0043,102.095,196.33,73.6966,55.4091,48.9447,44.4174,41.6682,39.2423,37.086,35.1569,32.7743,30.4236,26.8297,21.7401,16.5976,12.5932,7.23826,-0.0325953,192.446,189.102,192.702,192.702
54.73612380027771,0.39879146641275537,0.9999847412109375,0.0,4,0.131159,4.0,16268.7,211.5,-7.67839,-10.3354,10.5779,33.0085,88.0477,191.747,83.8088,60.3019,52.4672,47.1183,43.9237,41.1376,38.6867,36.5141,33.8566,31.262,27.3471,21.9072,16.5316,12.4266,7.03982,-0.0651614,192.809,189.601,193.301,193.301
54.749492168426514,0.38446991983847695,0.9999847412109375,0.0,4,0.124068,4.0,16315.6,211.85,-7.79828,-10.2413,10.7235,31.9619,77.2387,186.56,99.8375,67.3821,57.4386,50.8773,47.0432,43.7495,40.8898,38.3838,35.3547,32.4355,28.1,22.2104,16.5384,12.3025,6.86032,-0.0976665,193.186,189.955,193.86,193.86
54.77148103713989,0.37674366834004724,0.9999847412109375,0.0,4,0.112037,4.0,16306.1,212.272,-7.90617,-10.19,10.8541,31.0758,69.6028,181.114,123.93,76.5354,63.5834,55.3902,50.726,46.7896,43.4232,40.5116,37.0393,33.7405,28.9257,22.5411,16.5561,12.1872,6.69183,-0.128133,193.532,190.357,193.802,193.802
54.79507493972778,0.36911387388182804,0.9999847412109375,0.0,4,0.102486,4.0,16349.2,212.694,-7.64128,-10.2344,10.995,30.5489,64.9978,176.159,154.94,86.0523,69.5727,59.5961,54.0633,49.474,45.6059,42.3019,38.4111,34.7632,29.5222,22.7205,16.4929,12.0343,6.5248,-0.15641,193.758,190.836,194.23,194.23
54.80661106109619,0.36164869647162656,0.9999847412109375,0.0,4,0.0943295,4.0,16454.3,213.09,-7.36334,-10.5214,11.1342,30.1897,61.786,171.357,190.993,96.7645,75.8898,63.8475,57.3522,52.0601,47.6655,43.958,39.646,35.6553,30.0081,22.8267,16.3932,11.8678,6.36354,-0.182746,193.978,191.339,195.473,195.473
54.830328941345215,0.36054718813455355,0.9999847412109375,0.0,4,0.0863015,4.0,16548.9,213.507,-7.22276,-10.9326,11.257,29.8289,58.979,165.951,187.704,111.493,84.0233,69.1312,61.3675,55.1753,50.1217,45.9191,41.1002,36.7046,30.5876,22.9784,16.3178,11.718,6.21329,-0.207366,194.272,191.825,196.609,196.609
54.848567724227905,0.3594509628110875,0.9999847412109375,0.0,4,0.0772268,4.0,16620.3,213.922,-7.23043,-11.3029,11.3487,29.3331,55.995,158.045,183.963,137.502,97.149,77.309,67.4728,59.8611,53.7963,48.8508,43.2853,38.305,31.5218,23.3152,16.3331,11.617,6.08027,-0.230285,194.681,192.321,197.471,197.471
54.86673951148987,0.35833360543319337,0.9999847412109375,0.0,4,0.0667269,4.0,16672.2,214.345,-7.54009,-11.6745,11.4051,28.682,52.7946,135.497,179.543,187.529,121.224,91.1825,77.4754,67.3554,59.5777,53.4139,46.6614,40.7774,32.9944,23.9169,16.4708,11.5783,5.96677,-0.251487,195.165,192.722,198.096,198.096
54.88682961463928,0.357086814221926,0.9999847412109375,0.0,4,0.055546,4.0,16653.8,214.817,-7.93271,-11.9625,11.4367,27.976,49.7467,114.536,174.527,183.326,187.207,114.866,93.4675,78.7951,68.1086,59.9785,51.396,44.1793,34.9872,24.7447,16.7032,11.5863,5.86966,-0.270917,195.64,193.076,197.93,197.93
54.91344499588013,0.34963637076657883,0.9999847412109375,0.0,4,0.0450565,4.0,16661.1,215.274,-8.11643,-12.2084,11.4608,27.351,47.2414,100.347,169.285,179.08,183.275,186.564,117.538,94.7847,79.4168,68.3414,57.184,48.1999,37.2476,25.6485,16.9577,11.6067,5.78299,-0.288463,196.056,193.466,197.973,197.973
54.926077365875244,0.34237511690855027,0.9999847412109375,0.0,4,0.035124,4.0,16711.8,215.695,-8.19396,-12.4912,11.4757,26.7816,45.1157,90.0008,163.631,174.746,179.3,182.828,185.143,118.9,95.249,79.451,64.4853,53.0709,39.8625,26.6544,17.2442,11.6445,5.70796,-0.304103,196.459,193.906,198.56,198.56
54.94972038269043,0.34133247945785516,0.9999847412109375,0.0,4,0.0251157,4.0,16771.0,216.104,-8.28382,-12.7881,11.4742,26.2069,43.1421,81.5971,156.785,170.062,175.072,178.889,181.371,183.687,120.962,96.1755,74.7429,59.5799,43.1796,27.8887,17.6104,11.7203,5.6481,-0.317859,196.894,194.372,199.265,199.265
54.97570562362671,0.33424100629705317,0.9999847412109375,0.0,4,0.0140993,4.0,16821.6,216.502,-8.50797,-13.0492,11.4452,25.554,41.1029,73.9647,143.271,164.475,170.187,174.407,177.114,179.619,181.954,127.489,91.9171,69.7032,47.9863,29.6054,18.1428,11.8688,5.60933,-0.329679,197.379,194.793,199.872,199.872
54.98844504356384,0.32724772562860205,0.9999847412109375,0.0,4,0.00220602,4.0,16867.5,216.897,-8.92883,-13.324,11.3914,24.8458,39.0621,67.1557,118.971,157.48,164.445,169.272,172.292,175.051,177.6,179.972,124.339,86.4809,55.0724,31.9433,18.8645,12.0946,5.59199,-0.339525,197.876,195.167,200.42,200.42
55.0165479183197,0.32025518930819813,0.9999847412109375,0.0,4,-0.00979072,4.0,16866.3,217.329,-9.3287,-13.5432,11.3224,24.1455,37.1722,61.4386,101.663,147.621,157.732,163.543,167.008,170.105,172.924,175.522,178.857,115.729,65.2789,34.9174,19.7446,12.3804,5.59288,-0.347358,198.336,195.539,200.428,200.428
55.031524658203125,0.301831820638217,0.9999847412109375,0.0,4,-0.0210431,4.0,16887.7,217.749,-9.54799,-13.7581,11.2474,23.5057,35.5385,56.8824,89.4803,125.615,149.577,157.311,161.434,164.979,168.133,170.996,174.627,178.355,79.6155,38.4451,20.7243,12.7006,5.60826,-0.353113,198.737,195.961,200.668,200.668
55.048728466033936,0.28958506931861244,0.9999847412109375,0.0,4,-0.0315917,4.0,16923.2,218.164,-9.62778,-13.9884,11.1656,22.9141,34.1037,53.1518,80.417,108.32,132.966,150.062,155.379,159.587,163.182,166.371,170.347,174.375,100.996,42.6642,21.8148,13.0584,5.63878,-0.356786,199.158,196.476,201.084,201.084
55.07451105117798,0.26146250636130575,0.9999847412109375,0.0,4,-0.041828,4.0,16961.1,218.576,-9.61181,-14.2026,11.0729,22.3406,32.7806,49.9202,73.1563,95.4844,114.09,137.566,148.09,153.563,157.839,161.474,165.886,170.268,137.579,47.9662,23.0758,13.4724,5.68708,-0.358384,199.606,197.026,201.537,201.537
55.08888125419617,0.17408405978073985,0.9999847412109375,0.0,4,-0.0523489,4.0,16994.3,218.991,-9.63956,-14.4001,10.9632,21.7491,31.4794,46.9204,66.8574,85.0122,99.4431,116.813,133.478,145.801,151.537,155.922,160.969,165.82,173.337,55.2244,24.6275,13.9774,5.75793,-0.357858,200.188,197.66,201.934,201.934
55.11333680152893,0.1407357648827601,0.9999847412109375,0.0,4,-0.062774,4.0,17015.6,219.425,-9.70414,-14.5875,10.8408,21.1621,30.2434,44.2176,61.5084,76.562,88.0846,101.463,113.821,129.619,143.451,149.498,155.577,161.071,169.279,65.1677,26.472,14.565,5.84956,-0.355227,201.079,198.638,202.217,202.217
55.12597107887268,0.09443536763216058,0.9999847412109375,0.0,4,-0.0722011,4.0,17007.7,219.915,-9.55564,-14.7187,10.7143,20.622,29.1545,41.9512,57.2499,70.11,79.679,90.5014,100.236,112.325,127.743,141.849,149.909,156.281,165.285,78.0163,28.4853,15.1924,5.95643,-0.350496,201.831,199.566,202.11,202.11
55.15804672241211,0.0818413336888949,0.9999847412109375,0.0,4,-0.0800641,4.0,17013.3,220.428,-9.14908,-14.8385,10.5886,20.1478,28.2408,40.1376,53.9931,65.3423,73.6164,82.8046,90.9182,100.803,113.109,128.849,144.094,151.692,161.563,93.5455,30.523,15.821,6.07433,-0.343681,202.496,200.55,202.174,202.174
55.17673182487488,0.06747589778089585,0.9999847412109375,0.0,4,-0.0863574,4.0,17021.3,220.971,-8.46337,-14.9492,10.4631,19.7314,27.4752,38.6871,51.4934,61.7867,69.1825,77.2897,84.3587,92.8588,103.273,116.328,137.855,147.393,158.181,111.452,32.5068,16.4368,6.20205,-0.334847,202.978,201.39,202.269,202.269
55.19960403442383,0.06718304498999379,0.9999847412109375,0.0,4,-0.0915416,4.0,17029.6,221.531,-7.6023,-15.0194,10.3337,19.3464,26.7977,37.4572,49.4497,58.9504,65.7017,73.0318,79.3641,86.9056,96.0389,107.326,128.483,143.235,155.041,169.947,34.4794,17.0568,6.34181,-0.324062,203.473,202.188,202.367,202.367
55.22193884849548,0.0668833938307315,0.9999847412109375,0.0,4,-0.0960777,4.0,17039.0,222.104,-6.68795,-15.0788,10.1965,18.9706,26.1595,36.3401,47.6497,56.503,62.7382,69.4555,75.2149,82.0226,90.1927,100.18,118.575,138.946,152.016,167.498,36.524,17.7045,6.49605,-0.311404,203.951,202.86,202.477,202.477
55.24222469329834,0.066576944303109,0.9999847412109375,0.0,4,-0.100252,4.0,17039.4,222.69,-5.78771,-15.1036,10.0497,18.5916,25.5337,35.2762,45.9789,54.2702,60.0642,66.2653,71.548,77.7523,85.1419,94.0916,110.344,134.092,149.007,165.09,38.7098,18.3959,6.66612,-0.296962,204.459,203.481,202.488,202.488
55.26315665245056,0.058634169530073804,0.9999847412109375,0.0,4,-0.104187,4.0,17052.4,223.269,-4.93634,-15.0956,9.89294,18.2049,24.9098,34.2417,44.39,52.1782,57.5831,63.3335,68.205,73.8944,80.6265,88.7151,103.226,126.988,145.967,162.697,41.073,19.1381,6.85219,-0.280824,204.991,204.087,202.631,202.631
55.278605222702026,0.05122923999746019,0.9999847412109375,0.0,4,-0.108013,4.0,17077.2,223.842,-4.21867,-15.0737,9.72603,17.807,24.2791,33.2166,42.8438,50.1681,55.2183,60.5628,65.067,70.3009,76.4568,83.8013,96.8368,117.8,142.826,160.288,43.6663,19.9392,7.05431,-0.26311,205.559,204.694,202.92,202.92
55.29778504371643,0.03817229244431171,0.9999847412109375,0.0,4,-0.111713,4.0,17108.0,224.415,-3.63458,-15.0419,9.55025,17.4003,23.645,32.2049,41.3436,48.2401,52.9674,57.9455,62.1214,66.9515,72.602,79.3007,91.0773,109.718,139.566,157.868,46.4912,20.7957,7.27108,-0.243965,206.126,205.286,203.284,203.284
55.31634569168091,0.025436926174163817,0.9999847412109375,0.0,4,-0.115028,4.0,17141.6,224.99,-3.16334,-15.009,9.36884,16.9963,23.0278,31.242,39.9441,46.4653,50.913,55.5766,59.4736,63.9633,69.192,75.3578,86.1116,102.915,136.292,155.508,49.4175,21.6787,7.49853,-0.223557,206.667,205.9,203.683,203.683
55.33667874336243,0.010724001926894612,0.9999847412109375,0.0,4,-0.117611,4.0,17175.6,225.571,-2.72904,-14.9695,9.18539,16.608,22.4507,30.3686,38.7075,44.9235,49.147,53.5619,57.2398,61.4651,66.3694,72.1301,82.1197,97.5825,133.212,153.311,52.2104,22.5439,7.73144,-0.202051,207.158,206.55,204.09,204.09
55.35428214073181,0.00229276314586401,0.9999847412109375,0.0,4,-0.11921,4.0,17214.1,226.152,-2.29383,-14.9279,9.00275,16.2445,21.9287,29.6086,37.668,43.6566,47.7162,51.9515,55.474,59.5135,64.1927,69.6763,79.1522,93.7394,130.563,151.36,54.6262,23.349,7.96479,-0.179635,207.611,207.227,204.542,204.542
55.37555432319641,-0.0005113689137001831,0.9999847412109375,0.0,4,-0.119822,4.0,17252.4,226.735,-1.83088,-14.8832,8.82196,15.9058,21.4601,28.9559,36.8115,42.6416,46.5903,50.7072,54.1285,58.0497,62.5884,67.9028,77.0748,91.1641,128.471,149.67,56.5492,24.0758,8.19577,-0.156502,208.045,207.896,204.996,204.996
55.396358013153076,-0.0033256087421905255,0.9999847412109375,0.0,4,-0.119749,4.0,17290.5,227.319,-1.3616,-14.8315,8.64175,15.5823,21.025,28.3712,36.0712,41.7866,45.6581,49.6946,53.0495,56.8951,61.3466,66.5592,75.5567,89.3822,126.814,148.161,58.0901,24.7436,8.42516,-0.132814,208.503,208.523,205.45,205.45
55.41355323791504,-0.00766530859555118,0.9999847412109375,0.0,4,-0.119288,4.0,17329.7,227.903,-0.947894,-14.8253,8.46088,15.2652,20.6054,27.8194,35.3886,41.012,44.8237,48.8,52.1068,55.8985,60.2904,65.4367,74.3283,88.0124,125.413,146.751,59.4005,25.3771,8.65433,-0.108702,208.981,209.084,205.914,205.914
55.43590807914734,-0.009472502313420797,0.9999847412109375,0.0,4,-0.118468,4.0,17370.3,228.483,-0.602296,-14.8342,8.2802,14.9549,20.2009,27.2986,34.7594,40.3115,44.079,48.0133,51.2877,55.046,59.4035,64.5155,73.3637,87.0189,124.254,145.433,60.4764,25.9724,8.88175,-0.0843251,209.471,209.652,206.397,206.397
55.459006786346436,-0.009429394815874596,0.9999847412109375,0.0,4,-0.117409,4.0,17442.8,229.036,-0.298347,-14.9047,8.09954,14.6485,19.8054,26.7965,34.1627,39.656,43.3894,47.2929,50.5457,54.2833,58.6227,63.7214,72.5668,86.2684,123.245,144.173,61.3844,26.5386,9.10756,-0.0597822,209.968,210.204,207.24,207.24
55.481783866882324,-0.009384650324750691,0.9999847412109375,0.0,4,-0.116353,4.0,17486.9,229.61,-0.0642776,-15.0045,7.91797,14.3396,19.4057,26.2875,33.5561,38.9881,42.6857,46.5565,49.7859,53.5011,57.8202,62.9035,71.742,85.4853,122.21,142.902,62.2795,27.1021,9.33357,-0.0351609,210.479,210.724,207.786,207.786
55.50308299064636,-0.0059099081903696065,0.9999847412109375,0.0,4,-0.115331,4.0,17521.2,230.19,0.107037,-15.0664,7.73566,14.028,19.001,25.7698,32.9356,38.3021,41.9606,45.7954,48.9985,52.6876,56.9822,62.0442,70.8669,84.6368,121.132,141.614,63.1796,27.6653,9.55971,-0.0105092,211.013,211.258,208.193,208.193
55.52430009841919,-0.0032529328018426895,0.9999847412109375,0.0,4,-0.114468,4.0,17557.0,230.768,0.231203,-15.1304,7.55219,13.7106,18.5853,25.2314,32.2812,37.5704,41.1808,44.9692,48.1367,51.7887,56.0448,61.068,69.8404,83.5768,119.931,140.273,64.1662,28.2433,9.78711,0.0141318,211.548,211.765,208.617,208.617
55.54050135612488,-0.002711714804172516,0.9999847412109375,0.0,4,-0.113911,4.0,17594.7,231.343,0.288757,-15.2182,7.36681,13.3837,18.1512,24.6581,31.5691,36.7603,40.3067,44.0307,47.1464,50.7407,54.9329,59.8851,68.545,82.1339,118.512,138.84,65.3422,28.8563,10.0177,0.0387572,212.101,212.25,209.065,209.065
55.55568838119507,-0.002711714804172516,0.9999847412109375,0.0,4,-0.113574,4.0,17648.6,231.904,0.286105,-15.3134,7.18009,13.0502,17.7042,24.0604,30.8168,35.8953,39.3666,43.0131,46.0652,49.5877,53.6979,58.5561,67.0578,80.4163,116.932,137.34,66.6558,29.4951,10.2508,0.0633726,212.658,212.751,209.651,209.651
55.5710346698761,-0.002711714804172516,0.9999847412109375,0.0,4,-0.113304,4.0,17713.8,232.451,0.273748,-15.4822,6.99304,12.7147,17.2532,23.4549,30.0512,35.0121,38.4045,41.9695,44.9542,48.4,52.4222,57.1782,65.5071,78.6074,115.287,135.813,68.0067,30.1406,10.4843,0.0879689,213.178,213.248,210.484,210.484
55.590107917785645,-0.002711714804172516,0.9999847412109375,0.0,4,-0.113068,4.0,17741.4,233.029,0.254067,-15.5877,6.80581,12.3781,16.8,22.8451,29.2785,34.1193,37.4308,40.9116,43.8268,47.1932,51.1243,55.7741,63.9212,76.748,113.599,134.27,69.3737,30.7889,10.7181,0.112554,213.712,213.773,210.814,210.814
55.60817885398865,-0.002711714804172516,0.9999847412109375,0.0,4,-0.11284,4.0,17773.2,233.601,0.234683,-15.6509,6.61853,12.0411,16.3459,22.2336,28.5027,33.2223,36.4519,39.8476,42.6926,45.9786,49.8167,54.3584,62.3206,74.8674,111.879,132.717,70.7397,31.4368,10.9517,0.13713,214.246,214.305,211.19,211.19
55.63390254974365,-0.002711714804172516,0.9999847412109375,0.0,4,-0.112613,4.0,17805.5,234.17,0.218067,-15.6777,6.43121,11.7037,15.8912,21.621,27.7252,32.3228,35.47,38.7803,41.5541,44.759,48.5035,52.9362,60.7118,72.9753,110.131,131.155,72.0988,32.0833,11.1852,0.161704,214.771,214.838,211.573,211.573
55.65442085266113,-0.005171848833560944,0.9999847412109375,0.0,4,-0.112387,4.0,17839.1,234.735,0.203514,-15.6686,6.24385,11.3661,15.4359,21.0071,26.9456,31.4205,34.4848,37.7088,40.411,43.5341,47.1841,51.5065,59.0929,71.0681,108.349,129.585,73.4534,32.7287,11.4185,0.186272,215.295,215.365,211.971,211.971
55.66608214378357,-0.012454213201999666,0.9999847412109375,0.0,4,-0.112089,4.0,17874.8,235.297,0.188544,-15.6361,6.05685,11.03,14.9834,20.3986,26.1747,30.5301,33.5139,36.6544,39.2876,42.3321,45.8917,50.1091,57.5161,69.2233,106.591,128.027,74.7449,33.3616,11.6505,0.210831,215.808,215.894,212.395,212.395
55.688191413879395,-0.017276443541049957,0.9999847412109375,0.0,4,-0.111408,4.0,17910.3,235.856,0.19205,-15.5831,5.87192,10.7027,14.5478,19.8215,25.4559,29.7106,32.6286,35.7025,38.2821,41.2668,44.76,48.9033,56.1929,67.7461,105.124,126.566,75.73,33.9334,11.8762,0.235342,216.283,216.45,212.816,212.816
55.71243500709534,-0.02928300052881241,0.9999847412109375,0.0,4,-0.110174,4.0,17948.6,236.41,0.264336,-15.5205,5.69013,10.3882,14.136,19.289,24.8107,28.9914,31.8643,34.8955,37.4432,40.3956,43.8569,47.9711,55.2319,66.7984,104.102,125.252,76.269,34.414,12.0922,0.259746,216.732,217.021,213.27,213.27
55.72757267951965,-0.031005266681313516,0.9999847412109375,0.0,4,-0.108125,4.0,17989.1,236.959,0.383765,-15.4572,5.51322,10.0924,13.7592,18.8216,24.2731,28.4196,31.2781,34.3027,36.8515,39.8127,43.2949,47.4486,54.8188,66.6652,103.678,124.151,76.1669,34.7587,12.293,0.28394,217.142,217.611,213.75,213.75
55.75441074371338,-0.031005266681313516,0.9999847412109375,0.0,4,-0.105351,4.0,18030.9,237.503,0.606813,-15.3921,5.34109,9.81339,13.4131,18.4112,23.8305,27.9784,30.8512,33.9027,36.4836,39.493,43.0472,47.3082,54.9272,67.3322,103.652,123.234,75.5244,34.9791,12.4788,0.307845,217.557,218.199,214.246,214.246
55.76746368408203,-0.031005266681313516,0.9999847412109375,0.0,4,-0.102268,4.0,18073.0,238.044,0.843102,-15.3315,5.17244,9.54282,13.0811,18.0254,23.4287,27.5943,30.4948,33.5894,36.2181,39.2964,42.9504,47.3574,55.3092,68.4593,103.662,122.381,74.6795,35.1379,12.6552,0.331375,218.012,218.736,214.746,214.746
55.797964096069336,-0.031005266681313516,0.9999847412109375,0.0,4,-0.0991157,4.0,18112.6,238.584,1.03857,-15.2737,5.00664,9.27634,12.754,17.6465,23.0373,27.2251,30.1577,33.3017,35.9847,39.1414,42.9084,47.4818,55.8178,69.8445,103.571,121.529,73.8132,35.2715,12.8251,0.354471,218.492,219.24,215.219,215.219
55.81350231170654,-0.031005266681313516,0.9999847412109375,0.0,4,-0.09599,4.0,18152.3,239.121,1.18213,-15.216,4.84368,9.01274,12.4292,17.2683,22.6454,26.8556,29.8212,33.0166,35.7568,38.9962,42.8844,47.638,56.397,71.4174,103.357,120.653,72.9864,35.3933,12.9897,0.377084,218.985,219.73,215.69,215.69
55.83406949043274,-0.031005266681313516,0.9999847412109375,0.0,4,-0.092923,4.0,18192.2,239.656,1.28014,-15.1621,4.68383,8.75215,12.1064,16.8899,22.2504,26.4816,29.4798,32.7274,35.526,38.8513,42.8671,47.8127,57.0319,73.1687,103.03,119.747,72.2131,35.5074,13.1492,0.399168,219.481,220.214,216.164,216.164
55.85441327095032,-0.031005266681313516,0.9999847412109375,0.0,4,-0.0899151,4.0,18232.1,240.189,1.3435,-15.1137,4.52731,8.4951,11.7863,16.5121,21.8536,26.1041,29.1348,32.4351,35.294,38.7087,42.8587,48.0095,57.7301,75.1282,102.609,118.812,71.4875,35.6137,13.3033,0.420698,219.976,220.695,216.638,216.638
55.87569546699524,-0.031005266681313516,0.9999847412109375,0.0,4,-0.0869659,4.0,18271.9,240.719,1.38233,-15.0753,4.37431,8.24203,11.4695,16.1358,21.4559,25.7246,28.7876,32.1413,35.0622,38.5703,42.862,48.2325,58.5025,77.3344,102.108,117.849,70.8038,35.712,13.4521,0.441654,220.468,221.173,217.111,217.111
55.896613359451294,-0.031005266681313516,0.9999847412109375,0.0,4,-0.08406,4.0,18311.6,241.248,1.40357,-15.0416,4.22502,7.99352,11.1572,15.7629,21.0602,25.3467,28.4426,31.8518,34.8376,38.4443,42.8877,48.4967,59.3759,79.8659,101.543,116.863,70.1488,35.8001,13.5952,0.462029,220.959,221.654,217.583,217.583
55.91828989982605,-0.031005266681313516,0.9999847412109375,0.0,4,-0.0811656,4.0,18353.7,241.773,1.41906,-15.0204,4.07957,7.7503,10.8507,15.396,20.6713,24.9775,28.1087,31.5774,34.6333,38.3474,42.9575,48.832,60.4031,82.8571,100.933,115.862,69.5023,35.8741,13.7322,0.481821,221.445,222.135,218.084,218.084
55.93969774246216,-0.031005266681313516,0.9999847412109375,0.0,4,-0.0782664,4.0,18392.3,242.299,1.43116,-14.9981,3.93815,7.51294,10.551,15.0371,20.2922,24.6212,27.7913,31.3254,34.4586,38.2916,43.0876,49.2613,61.6318,85.7499,100.289,114.85,68.8556,35.9318,13.8629,0.501018,221.928,222.619,218.542,218.542
55.95829916000366,-0.031005266681313516,0.9999847412109375,0.0,4,-0.0753654,4.0,18430.5,242.823,1.44012,-14.975,3.80082,7.28158,10.2584,14.6865,19.9235,24.2787,27.4917,31.0978,34.3161,38.2807,43.2848,49.7982,63.0996,86.7115,99.6136,113.826,68.2089,35.974,13.9872,0.519615,222.41,223.101,218.998,218.998
55.97208094596863,-0.031005266681313516,0.9999847412109375,0.0,4,-0.0724796,4.0,18468.4,243.346,1.44867,-14.9664,3.6676,7.05617,9.97262,14.3434,19.5636,23.9475,27.207,30.8911,34.2022,38.3116,43.5471,50.4445,64.8283,87.0569,98.9021,112.788,67.5712,36.0035,14.1055,0.537604,222.888,223.575,219.447,219.447
55.99318742752075,-0.031005266681313516,0.9999847412109375,0.0,4,-0.069671,4.0,18506.6,243.868,1.44505,-14.9757,3.5383,6.83578,9.69167,14.0036,19.2046,23.6158,26.9218,30.6854,34.0928,38.3548,43.8385,51.1564,66.7688,87.0681,98.1374,111.722,66.9708,36.029,14.2189,0.55499,223.372,224.041,219.901,219.901
56.00679898262024,-0.031005266681313516,0.9999847412109375,0.0,4,-0.066892,4.0,18558.0,244.377,1.43914,-15.0107,3.41311,6.62136,9.41747,13.6711,18.8535,23.2941,26.6495,30.4984,34.0102,38.4392,44.1982,51.9916,69.0443,86.8921,97.3384,110.638,66.3826,36.0444,14.3266,0.571774,223.854,224.512,220.497,220.497
56.030739068984985,-0.031005266681313516,0.9999847412109375,0.0,4,-0.0640405,4.0,18598.5,244.894,1.45598,-15.0725,3.29228,6.41447,9.15347,13.3532,18.5247,23.0045,26.4198,30.3696,34.0042,38.6302,44.7169,53.0853,71.9428,86.6335,96.5388,109.56,65.7602,36.0368,14.4272,0.587966,224.317,224.989,220.996,220.996
56.05550241470337,-0.031005266681313516,0.9999847412109375,0.0,4,-0.0611399,4.0,18631.9,245.414,1.47312,-15.1095,3.17583,6.21496,8.89921,13.0489,18.2163,22.7446,26.2298,30.2968,34.0736,38.9296,45.4037,54.4657,75.5998,86.2997,95.7308,108.48,65.1162,36.0097,14.521,0.603555,224.789,225.475,221.392,221.392
56.06855893135071,-0.024411464110016823,0.9999847412109375,0.0,4,-0.0582193,4.0,18666.9,245.931,1.48575,-15.1312,3.06382,6.02274,8.6543,12.7572,17.926,22.511,26.0758,30.2755,34.2149,39.3363,46.2649,56.1619,77.5703,85.8933,94.9058,107.394,64.464,35.9672,14.6084,0.618527,225.263,225.956,221.808,221.808
56.08960008621216,-0.01998282074928284,0.9999847412109375,0.0,4,-0.0556505,4.0,18701.9,246.449,1.49665,-15.2061,2.95508,5.83216,8.40678,12.4516,17.6014,22.2208,25.8461,30.1559,34.2368,39.5986,46.9559,57.6763,77.8907,85.2736,93.96,106.225,63.959,35.9576,14.6959,0.632909,225.766,226.383,222.224,222.224
56.109652042388916,-0.015997070446610452,0.9999847412109375,0.0,4,-0.0536593,4.0,18737.7,246.967,1.41272,-15.2801,2.84877,5.63986,8.14968,12.1165,17.2096,21.8194,25.4647,29.8303,33.9964,39.5186,47.1869,58.5533,77.4992,84.3827,92.8382,104.932,63.6831,36.0091,14.7875,0.646746,226.307,226.796,222.649,222.649
56.133888721466064,-0.014766907691955567,0.9999847412109375,0.0,4,-0.0520623,4.0,18811.2,247.453,1.3092,-15.458,2.74498,5.44805,7.8883,11.7641,16.7747,21.3437,24.9794,29.3606,33.5691,39.1894,47.0746,58.9376,76.7539,83.3185,91.5987,103.554,63.5534,36.0992,14.881,0.660105,226.824,227.212,223.521,223.521
56.146514654159546,-0.014766907691955567,0.9999847412109375,0.0,4,-0.05066,4.0,18838.3,247.977,1.18912,-15.5983,2.6438,5.25887,7.62789,11.4071,16.3229,20.8353,24.4468,28.8231,33.0524,38.7398,46.7954,59.0866,75.8458,82.1676,90.299,102.131,63.4879,36.2039,14.9737,0.673048,227.324,227.662,223.851,223.851
56.16890573501587,-0.014766907691955567,0.9999847412109375,0.0,4,-0.0493429,4.0,18865.8,248.498,1.06706,-15.6885,2.54545,5.07383,7.37186,11.053,15.8696,20.3192,23.9003,28.2635,32.505,38.2477,46.4593,59.1666,74.8609,80.9752,88.9697,100.684,63.4421,36.3095,15.064,0.685585,227.822,228.136,224.175,224.175
56.1956741809845,-0.014766907691955567,0.9999847412109375,0.0,4,-0.0480531,4.0,18895.1,249.016,0.969221,-15.7844,2.44979,4.89321,7.12124,10.7049,15.4215,19.8068,23.3558,27.7036,31.9557,37.7535,46.1251,59.2733,73.8382,79.7637,87.6262,99.225,63.3938,36.4098,15.1512,0.697755,228.292,228.6,224.522,224.522
56.20782208442688,-0.011371681466698647,0.9999847412109375,0.0,4,-0.0468429,4.0,18925.7,249.529,0.880423,-15.8908,2.35667,4.71634,6.87462,10.3596,14.9721,19.2869,22.7977,27.1217,31.3754,37.215,45.7296,59.303,72.7551,78.5153,86.2554,97.7442,63.3636,36.5114,15.2363,0.709564,228.77,229.058,224.886,224.886
56.23299264907837,-0.009354249015450478,0.9999847412109375,0.0,4,-0.04578,4.0,18987.5,250.013,0.813692,-16.031,2.26566,4.54195,6.62962,10.0123,14.5115,18.7436,22.2038,26.4861,30.7216,36.5724,45.1803,59.0933,71.5819,77.207,84.8395,96.228,63.3789,36.6238,15.3208,0.72105,229.259,229.513,225.592,225.592
56.24831008911133,-0.008419348299503327,0.9999847412109375,0.0,4,-0.0448554,4.0,19021.1,250.513,0.752235,-16.195,2.17624,4.3692,6.38522,9.66171,14.0388,18.1761,21.5733,25.7962,29.9924,35.8223,44.4696,58.6261,70.329,75.8436,83.3817,94.6783,63.4543,36.7472,15.4052,0.732286,229.73,229.951,226.024,226.024
56.27441167831421,-0.007533657923340798,0.9999847412109375,0.0,4,-0.044062,4.0,19045.5,251.018,0.677987,-16.3002,2.08846,4.19836,6.14198,9.30908,13.5562,17.5877,20.9104,25.0563,29.1938,34.9707,43.6022,57.8968,69.0041,74.4286,81.8837,93.0966,63.8492,36.881,15.4894,0.74327,230.214,230.405,226.312,226.312
56.286303997039795,-0.0059099081903696065,0.9999847412109375,0.0,4,-0.043341,4.0,19072.7,251.516,0.601646,-16.3755,2.00226,4.02978,5.901,8.95745,13.0705,16.99,20.2316,24.2907,28.3572,34.0621,42.6446,57.0159,67.6381,72.9833,80.3612,91.4938,65.0503,37.0184,15.5728,0.75403,230.684,230.859,226.635,226.635
56.306440114974976,-0.0059099081903696065,0.9999847412109375,0.0,4,-0.0427387,4.0,19100.7,252.011,0.534464,-16.4361,1.91733,3.86264,5.6608,8.60382,12.5759,16.3735,19.5236,23.4799,27.4567,33.0585,41.5357,55.8669,66.21,71.4919,78.8022,89.861,103.959,37.1659,15.6563,0.764592,231.152,231.304,226.967,226.967
56.33231258392334,-0.005171848833560944,0.9999847412109375,0.0,5,-0.0422366,4.0,19134.2,252.497,0.458483,-16.4722,1.8336,3.69697,5.42165,8.24917,12.0747,15.7425,18.7923,22.6327,26.5039,31.9756,40.2981,54.4831,64.7297,69.9613,77.2117,88.2017,102.255,37.3215,15.7398,0.774977,231.619,231.748,227.351,227.351
56.356513261795044,-0.005171848833560944,0.9999847412109375,0.0,5,-0.0417789,5.0,17145.9,252.495,0.394931,-16.509,1.75103,3.53313,5.18456,7.89618,11.5732,15.1075,18.0532,21.7712,25.5289,30.8571,38.9999,52.9863,63.2238,68.4108,75.6043,86.5271,100.536,37.4789,15.8226,0.7852,231.937,232.048,222.736,222.838
56.36961841583252,-0.005171848833560944,0.9999847412109375,0.0,5,-0.0413221,5.0,17108.8,252.111,0.341363,-16.5045,1.66988,3.37191,4.95102,7.5479,11.0774,14.4786,17.3199,20.9146,24.5575,29.7397,37.6977,51.4759,61.7156,66.8581,73.9946,84.8496,98.8133,37.632,15.9037,0.795241,231.707,231.81,222.323,222.431
56.39287257194519,-0.006697177886962891,0.9999847412109375,0.0,5,-0.0408118,5.0,16750.3,251.711,0.309843,-16.4667,1.59002,3.21334,4.72145,7.20587,10.5911,13.8628,16.603,20.0792,23.6126,28.6578,36.4483,50.0611,60.2283,65.3206,72.3955,83.1791,97.0943,37.7747,15.9824,0.805124,231.351,231.464,221.453,221.747
56.41496205329895,-0.013585955277085305,0.9999847412109375,0.0,5,-0.0401567,5.0,17107.4,251.805,0.298558,-16.4091,1.51164,3.05821,4.49751,6.87388,10.1226,13.2741,15.9227,19.2945,22.7354,27.6726,35.3522,48.9368,58.8,63.8248,70.8273,81.5307,95.3904,37.8951,16.057,0.814843,231.126,231.274,226.254,226.254
56.42555546760559,-0.036467327177524565,0.9999847412109375,0.0,5,-0.0391024,5.0,17137.9,252.214,0.310415,-16.3644,1.43515,2.90851,4.28349,6.56197,9.69363,12.7503,15.3335,18.6412,22.039,26.9541,34.6942,48.6754,57.5322,62.4442,69.3451,79.946,93.7336,37.961,16.123,0.824383,231.365,231.611,226.675,226.675
56.44693064689636,-0.048720127344131475,0.9999847412109375,0.0,5,-0.0367444,5.0,17161.8,252.62,0.396763,-16.3326,1.36277,2.77262,4.09666,6.30888,9.38709,12.4345,15.0434,18.43,21.9639,27.1769,35.6382,50.1048,56.7743,61.4442,68.155,78.5856,92.25,37.8565,16.1633,0.833604,231.573,232.106,226.992,226.992
56.46784567832947,-0.07307828813791276,0.9999847412109375,0.0,5,-0.032738,5.0,17187.0,253.021,0.716956,-16.3136,1.29621,2.65495,3.94497,6.13169,9.24158,12.3999,15.1692,18.8572,22.8229,28.9034,39.4054,51.2357,56.5584,60.8849,67.3181,77.5032,90.9854,37.5416,16.1706,0.842322,231.741,232.64,227.324,227.324
56.48997187614441,-0.10555605925619603,0.9999847412109375,0.0,5,-0.0269979,5.0,17215.0,253.409,1.16356,-16.312,1.23731,2.5592,3.83456,6.04372,9.29247,12.7275,15.8587,20.2134,25.1481,33.2737,47.3391,52.3815,56.7745,60.7247,66.8236,76.701,89.9466,37.0151,16.1419,0.850298,231.865,233.148,227.692,227.692
56.513097047805786,-0.13655771166086197,0.9999847412109375,0.0,5,-0.0191019,5.0,17246.1,253.775,1.76826,-16.3102,1.18918,2.49378,3.78175,6.08488,9.64868,13.6661,17.5739,23.4434,30.792,44.6239,50.3779,53.716,57.4209,60.9959,66.722,76.2335,89.1835,36.2442,16.0687,0.857203,231.896,233.646,228.102,228.102
56.53502440452576,-0.15161569267511368,0.9999847412109375,0.0,5,-0.00902254,5.0,17280.8,254.113,2.58986,-16.3233,1.15462,2.46575,3.80093,6.29699,10.46,15.6516,21.2951,31.1178,44.5259,49.3819,52.5566,55.1854,58.3823,61.619,66.969,76.0802,88.6876,35.2536,15.9501,0.862705,231.866,234.093,228.558,228.558
56.54650831222534,-0.15161569267511368,0.9999847412109375,0.0,5,0.00246924,5.0,17308.3,254.435,3.52853,-16.3233,1.13559,2.47808,3.89787,6.70747,11.9031,19.464,29.4504,45.0483,48.9582,51.8668,54.3481,56.574,59.4075,62.3659,67.3759,76.0941,88.3453,34.1535,15.7988,0.866501,231.893,234.474,228.925,228.925
56.5709285736084,-0.15161569267511368,0.9999847412109375,0.0,5,0.014322,5.0,17341.9,254.734,4.41287,-16.3341,1.13305,2.53092,4.07275,7.33572,14.2371,26.9432,43.5556,48.6066,51.2721,53.6065,55.7289,57.7011,60.2755,63.0161,67.7395,76.1029,88.0148,33.0615,15.6316,0.868395,232.044,234.777,229.368,229.368
56.59411144256592,-0.15161569267511368,0.9999847412109375,0.0,5,0.025973,5.0,17373.7,255.024,5.14157,-16.3661,1.14826,2.62736,4.33339,8.23075,18.039,41.0905,47.0435,50.609,52.8145,54.8428,56.7412,58.5386,60.9203,63.49,67.9749,76.0259,87.6269,32.0257,15.4563,0.868237,232.261,234.999,229.791,229.791
56.6103458404541,-0.15161569267511368,0.9999847412109375,0.0,5,0.0373947,5.0,17402.6,255.305,5.68286,-16.3751,1.18263,2.77387,4.69867,9.49965,24.8173,44.9399,48.9938,51.9754,53.9167,55.7458,57.4854,59.1516,61.3828,63.8125,68.0945,75.8672,87.1819,31.0394,15.2727,0.865934,232.509,235.206,230.175,230.175
56.62634348869324,-0.15161569267511368,0.9999847412109375,0.0,5,0.0487949,5.0,17428.5,255.581,6.14883,-16.3885,1.23811,2.98044,5.19978,11.345,37.6498,47.0067,50.3679,53.0014,54.7623,56.4444,58.0614,59.6229,61.7295,64.0396,68.1431,75.6619,86.7078,30.0789,15.0769,0.861378,232.742,235.427,230.519,230.519
56.65625238418579,-0.15161569267511368,0.9999847412109375,0.0,5,0.0597588,5.0,17436.8,255.871,6.45411,-16.3749,1.3156,3.25137,5.85459,13.9971,41.5508,48.3478,51.3143,53.7128,55.3409,56.9111,58.4314,59.9082,61.911,64.1199,68.0675,75.3589,45.3453,29.1696,14.8741,0.854492,233.001,235.616,230.639,230.639
56.669222831726074,-0.1477773819118738,0.9999847412109375,0.0,5,0.0698277,5.0,17453.5,256.156,6.51712,-16.3589,1.41533,3.58773,6.67239,17.7464,43.3565,49.1666,51.873,54.1007,55.6282,57.1109,58.5537,59.9609,61.8777,64.001,67.8144,74.9054,42.7833,28.3343,14.6697,0.845246,233.317,235.766,230.853,230.853
56.69257688522339,-0.1477773819118738,0.9999847412109375,0.0,5,0.0791618,5.0,17474.9,256.441,6.43959,-16.3766,1.53776,3.99542,7.68204,23.2098,44.4314,49.6434,52.1573,54.2516,55.6981,57.1084,58.4862,59.8345,61.6776,63.7261,67.4208,74.3317,40.9141,27.552,14.4609,0.833672,233.662,235.942,231.134,231.134
56.706175088882446,-0.14398828148841858,0.9999847412109375,0.0,5,0.0882699,5.0,17498.3,256.723,6.29103,-16.3892,1.68415,4.4875,8.94534,31.3038,45.161,49.9417,52.3,54.2827,55.6595,57.0068,58.3272,59.6231,61.3995,63.3797,66.9651,73.7075,39.2841,26.7844,14.2414,0.819791,233.983,236.166,231.443,231.443
56.73080897331238,-0.14398828148841858,0.9999847412109375,0.0,5,0.0978424,5.0,17521.0,257.002,6.27374,-16.4094,1.85685,5.08727,10.5818,34.767,45.7719,50.2072,52.4317,54.3151,55.6286,56.9182,58.1857,59.4328,61.1462,63.0616,66.5417,73.1193,37.6544,25.9899,14.003,0.803592,234.248,236.485,231.744,231.744
56.757625341415405,-0.14398828148841858,0.9999847412109375,0.0,5,0.107466,5.0,17522.8,257.303,6.2755,-16.4021,2.05598,5.80129,12.6672,36.5837,46.2267,50.3809,52.4906,54.2865,55.5437,56.7815,58.001,59.203,60.8583,62.7134,66.0942,72.5149,36.1247,25.195,13.7513,0.785087,234.5,236.766,231.784,231.784
56.769803285598755,-0.14398828148841858,0.9999847412109375,0.0,5,0.116462,5.0,17536.3,257.598,6.129,-16.3789,2.28089,6.62546,15.2354,37.6942,46.4531,50.3779,52.3891,54.1092,55.3171,56.5089,57.6853,58.8469,60.4498,62.2502,65.54,71.8158,34.8042,24.4338,13.4936,0.76425,234.814,236.982,231.949,231.949
56.79287934303284,-0.14398828148841858,0.9999847412109375,0.0,5,0.124991,5.0,17559.4,257.888,5.93192,-16.4039,2.53196,7.57088,18.4141,38.4114,46.5135,50.2424,52.1674,53.82,54.9835,56.1335,57.2706,58.3953,59.9501,61.6997,64.9048,71.0448,33.6252,23.6942,13.2281,0.741133,235.133,237.194,232.249,232.249
56.80817747116089,-0.14398828148841858,0.9999847412109375,0.0,5,0.133588,5.0,17586.8,258.171,5.75511,-16.4358,2.81093,8.66751,22.502,38.9334,46.5057,50.0608,51.9074,53.498,54.6202,55.7313,56.8316,57.9216,59.4309,61.1319,64.2562,70.2649,32.4781,22.9487,12.9497,0.715802,235.429,237.463,232.612,232.612
56.82641911506653,-0.14398828148841858,0.9999847412109375,0.0,5,0.143201,5.0,17613.3,258.447,5.80534,-16.4606,3.12319,9.98754,25.7685,39.4441,46.5637,49.9592,51.7324,53.264,54.3467,55.4203,56.4852,57.5416,59.0061,60.6596,63.7035,69.5802,31.2077,22.1565,12.6493,0.688224,235.63,237.832,232.963,232.963
56.85670709609985,-0.14398828148841858,0.9999847412109375,0.0,5,0.153312,5.0,17614.3,258.744,5.97645,-16.4575,3.46923,11.557,27.6833,39.8793,46.6118,49.8629,51.5686,53.045,54.0908,55.1293,56.1608,57.185,58.6068,60.2147,63.1812,68.9288,29.9216,21.346,12.3331,0.65838,235.82,238.159,233.004,233.004
56.866373777389526,-0.1477773819118738,0.9999847412109375,0.0,5,0.162777,5.0,17624.6,259.037,5.9569,-16.4081,3.84576,13.3468,28.9294,40.112,46.513,49.6356,51.2796,52.7061,53.7181,54.7244,55.7248,56.7192,58.1015,59.667,62.5614,68.1879,28.7849,20.5635,12.0111,0.626214,236.113,238.378,233.117,233.117
56.88575482368469,-0.1594399452209473,0.9999847412109375,0.0,5,0.171656,5.0,17648.7,259.319,5.83503,-16.4122,4.25313,15.3791,29.779,40.1818,46.291,49.2962,50.8838,52.264,53.2447,54.2209,55.1923,56.1589,57.5041,59.0298,61.8561,67.3681,27.7702,19.8073,11.6826,0.591749,236.409,238.553,233.428,233.428
56.91430115699768,-0.21051912903785708,0.9999847412109375,0.0,5,0.180663,5.0,17679.4,259.588,5.71569,-16.436,4.69587,17.5596,30.4267,40.191,46.0369,48.9331,50.4678,51.8045,52.7555,53.7029,54.6467,55.5868,56.8965,58.384,61.1448,66.5453,26.7771,19.0626,11.3416,0.555032,236.633,238.757,233.834,233.834
56.93549680709839,-0.2738515917211771,0.9999847412109375,0.0,5,0.191684,5.0,17710.1,259.821,5.89282,-16.4292,5.1915,19.3337,31.1207,40.3504,45.9562,48.75,50.2345,51.5292,52.4512,53.3708,54.2877,55.2018,56.4767,57.9263,60.6214,65.9081,25.5774,18.2646,10.9736,0.515942,236.494,238.929,234.24,234.24
56.94881796836853,-0.31139841079711916,0.9999847412109375,0.0,5,0.204714,5.0,17715.1,260.039,6.46291,-16.4026,5.74893,20.8393,31.8608,40.6408,46.0304,48.7294,50.1665,51.4214,52.316,53.2089,54.1,54.9892,56.2303,57.6431,60.2736,65.446,24.2194,17.4205,10.5804,0.474361,236.123,238.962,234.353,234.353
56.97320532798767,-0.33969387747347357,0.9999847412109375,0.0,5,0.217907,5.0,17718.4,260.234,6.94636,-16.2909,6.36177,22.0591,32.4764,40.8675,46.0612,48.6728,50.0658,51.2837,52.1527,53.0208,53.8878,54.7534,55.9628,57.3406,59.9096,64.9725,22.9276,16.5947,10.1754,0.430072,235.834,238.878,234.359,234.359
56.993242263793945,-0.3632160369306803,0.9999847412109375,0.0,5,0.23056,5.0,17741.9,260.392,7.30042,-16.241,7.02649,23.0224,32.9269,40.9711,45.9849,48.5152,49.8671,51.0504,51.8956,52.7404,53.5847,54.4283,55.6077,56.9529,59.4635,64.423,21.7556,15.8085,9.76299,0.383067,235.625,238.708,234.662,234.662
57.01197910308838,-0.36921960264444353,0.9999847412109375,0.0,5,0.243008,5.0,17773.8,260.523,7.58183,-16.2395,7.74874,23.8045,33.2637,40.9941,45.8416,48.2956,49.6091,50.76,51.5826,52.4055,53.2284,54.0511,55.2022,56.516,58.971,63.8316,20.6578,15.0505,9.34084,0.33337,235.449,238.528,235.083,235.083
57.03408360481262,-0.387525561824441,0.9999847412109375,0.0274505615234375,5,0.257313,5.0,17804.6,260.599,8.09751,-16.1674,8.55964,24.5765,33.6711,41.128,45.8247,48.2086,49.4863,50.6068,51.4082,52.2104,53.0131,53.816,54.9399,56.2234,58.6247,63.3878,19.471,14.2633,8.89719,0.280859,235.259,238.579,235.49,235.49
57.045653343200684,-0.39997558631002905,0.5960693359375,0.13333512836811678,5,0.273219,5.0,17797.6,260.64,9.00338,-16.0943,9.36869,25.3321,34.123,41.3408,45.901,48.2206,49.4652,50.5576,51.3394,52.1222,52.9058,53.6898,54.7879,56.0427,58.3925,63.0607,18.2437,13.4611,8.43528,0.225475,234.235,237.908,235.467,235.467
57.06775403022766,-0.39997558631002905,0.274505615234375,0.18666917971536348,5,0.287711,5.0,17502.8,260.344,9.38531,-15.8668,10.0932,25.8943,34.3887,41.377,45.8066,48.0649,49.2781,50.3437,51.1067,51.871,52.6364,53.4025,54.476,55.7036,58.0044,62.5836,17.1736,12.7195,7.96915,0.167067,230.683,234.52,231.567,231.567
57.089364528656006,-0.39997558631002905,0.0,0.2400032310626102,5,0.29971,5.0,17272.4,259.481,9.15773,-15.6926,10.7182,26.2218,34.409,41.167,45.4678,47.666,48.8484,49.8878,50.6324,51.3786,52.1262,52.875,53.9249,55.1264,57.3804,61.8757,16.2917,12.0567,7.50909,0.105739,227.086,230.919,227.289,229.767
57.11069393157959,-0.39997558631002905,0.0,0.2933372824098569,5,0.311254,5.0,17029.4,258.161,8.88253,-15.592,11.2769,26.4564,34.3529,40.8923,45.0701,47.2107,48.3636,49.3776,50.1045,50.8333,51.5638,52.2959,53.323,54.4992,56.7081,61.1223,15.4656,11.4238,7.06541,0.0417633,223.329,227.471,223.712,226.967
57.13289499282837,-0.39997558631002905,0.0,0.33333782092029196,5,0.324636,5.0,16879.1,256.465,9.0416,-15.3613,11.8276,26.7937,34.4577,40.8121,44.8823,46.9714,48.0973,49.0881,49.7987,50.5116,51.2264,51.943,52.9487,54.1009,56.2669,60.6022,14.5255,10.7525,6.62685,-0.0247396,220.08,225.108,221.415,225.3
57.155425786972046,-0.39997558631002905,0.0,0.3440046311897413,5,0.319117,5.0,16729.0,254.621,10.1599,-15.1391,12.3944,27.2864,34.7836,40.992,44.9731,47.0181,48.1206,49.0912,49.7875,50.4862,51.187,51.8895,52.8757,54.006,56.1322,60.3917,13.4556,10.0323,6.19078,-0.0908705,216.434,222.554,218.918,223.775
57.16768980026245,-0.39997558631002905,0.0,0.3440046311897413,5,0.314323,5.0,16609.3,252.683,11.261,-14.7206,12.9324,27.7628,35.1126,41.1906,45.0909,47.0952,48.1763,49.1283,49.8114,50.4968,51.1843,51.8738,52.8419,53.9519,56.0404,19.2856,12.4256,9.33117,5.76902,-0.1543,213.089,219.838,217.225,222.352
57.19310736656189,-0.39997558631002905,0.0,0.3520047388918283,5,0.308443,5.0,16465.7,250.768,12.1528,-14.3939,13.4142,28.1305,35.329,41.2785,45.0997,47.0647,48.125,49.0589,49.7292,50.4018,51.0767,51.7536,52.7045,53.7949,55.8475,17.0319,11.4992,8.67876,5.36713,-0.215136,210.128,217.17,215.45,220.351
57.214197874069214,-0.39997558631002905,0.0,0.37333835943072696,5,0.302537,5.0,16307.6,248.806,13.0487,-14.1518,13.8588,28.451,35.5068,41.3362,45.0826,47.0107,48.0513,48.968,49.6261,50.2868,50.9497,51.6149,52.5493,53.6211,55.6397,15.2827,10.6278,8.056,4.98198,-0.273309,207.414,215.074,213.389,218.236
57.23434519767761,-0.39997558631002905,0.0,0.37867176456545165,5,0.296952,5.0,16140.2,246.84,14.2172,-14.0461,14.2761,28.7529,35.6792,41.399,45.0767,46.9701,47.9925,48.8933,49.5402,50.1897,50.8415,51.4955,52.4144,53.4688,55.4556,13.7692,9.79508,7.45667,4.61274,-0.328739,203.92,212.034,211.137,216.05
57.25041127204895,-0.39997558631002905,0.0,0.3760050619980893,5,0.290096,5.0,16010.0,244.852,15.0637,-13.8862,14.6371,28.9507,35.7411,41.3494,44.9587,46.818,47.8223,48.7078,49.3436,49.982,50.6229,51.2661,52.1701,53.2076,55.1636,12.5409,9.04656,6.90368,4.26435,-0.381374,200.201,208.689,209.433,214.303
57.26913142204285,-0.39997558631002905,0.0,0.36533825172864,5,0.280907,5.0,15861.3,242.939,15.5374,-13.8883,14.9246,28.9971,35.6341,41.1223,44.6595,46.4836,47.4696,48.3391,48.9636,49.5909,50.2208,50.8531,51.7422,52.7631,54.6886,11.5745,8.39687,6.40591,3.93904,-0.431186,196.662,205.363,207.724,212.085
57.28805708885193,-0.39997558631002905,0.0,0.3520047388918283,5,0.270192,5.0,15721.7,241.035,15.7389,-13.9654,15.1534,28.9388,35.4143,40.7783,44.2421,46.0308,46.9983,47.8517,48.465,49.0812,49.7002,50.3217,51.196,52.2003,54.0958,10.7661,7.81746,5.95095,3.63521,-0.478032,193.851,202.992,206.091,210.013
57.30665564537048,-0.39997558631002905,0.0,0.3360045234876543,4,0.258497,5.0,15594.1,239.161,15.8161,-14.0968,15.3369,28.8145,35.1274,40.3673,43.7581,45.5117,46.4607,47.2984,47.9006,48.5059,49.1141,49.7251,50.5847,51.5727,53.4389,10.0563,7.28858,5.52973,3.35131,-0.521865,191.564,201.006,204.563,208.149
57.33263874053955,-0.39997558631002905,0.0,0.3226710106508426,4,0.245431,4.0,17273.2,237.373,15.5162,-14.1457,15.4691,28.6063,34.7498,39.8622,43.1787,44.8965,45.8269,46.6486,47.2396,47.8339,48.4313,49.0316,49.8765,50.8482,52.6853,9.46016,6.81757,5.14619,3.08809,-0.562681,189.767,199.348,205.09,207.875
57.34791946411133,-0.39997558631002905,0.0,0.31733760551611795,4,0.230327,4.0,17198.2,235.758,14.762,-14.215,15.5423,28.2903,34.2508,39.2271,42.4651,44.1452,45.0561,45.8611,46.4405,47.0233,47.6094,48.1985,49.0282,49.983,51.7901,9.00137,6.41321,4.80413,2.84579,-0.600602,188.453,197.927,204.415,206.556
57.36965608596802,-0.39997558631002905,0.0,0.3040040926793063,4,0.214299,4.0,17059.8,234.122,13.7437,-14.2382,15.5775,27.9226,33.6975,38.5359,41.6941,43.336,44.2272,45.0153,45.5829,46.154,46.7286,47.3064,48.1207,49.0584,50.8352,8.62822,6.05301,4.49241,2.62221,-0.635629,187.963,197.305,201.731,204.051
57.386398792266846,-0.39997558631002905,0.0,0.25867014903414653,4,0.198862,4.0,16891.8,232.341,12.8719,-14.2361,15.6021,27.5745,33.1771,37.886,40.9687,42.5742,43.4465,44.2185,44.7747,45.3346,45.8981,46.465,47.2645,48.1857,49.9329,8.26604,5.70772,4.19687,2.41446,-0.667801,188.036,196.98,199.527,202.109
57.41004657745361,-0.39997558631002905,0.0,0.20533609768689984,4,0.184454,4.0,16811.5,230.572,12.1609,-14.1467,15.6221,27.2591,32.7054,37.2954,40.3079,41.8795,42.7342,43.4909,44.0363,44.5857,45.1388,45.6955,46.4809,47.3865,49.1056,7.90077,5.37357,3.91595,2.22212,-0.697142,189.068,197.519,198.394,201.277
57.4301815032959,-0.4035320358983024,0.0,0.06904417646640067,4,0.170672,4.0,16738.4,228.933,11.4832,-13.9958,15.6319,26.9565,32.2569,36.7352,39.6813,41.2207,42.0586,42.8008,43.336,43.8752,44.4183,44.9653,45.7372,46.6277,48.3197,7.55576,5.05904,3.65352,2.04512,-0.723846,190.898,198.627,197.486,200.459
57.44770336151123,-0.40834840858345234,0.0,0.0,4,0.158419,4.0,16717.9,227.488,10.9386,-13.7639,15.6456,26.7002,31.8729,36.2521,39.1386,40.649,41.4716,42.2006,42.7264,43.2565,43.7905,44.3285,45.088,45.9648,47.6317,7.18706,4.74931,3.40275,1.88153,-0.748074,195.772,202.47,197.061,200.375
57.468870639801025,-0.4122581699396328,0.0,0.0,4,0.149215,4.0,16672.1,226.315,10.9788,-13.5304,15.6869,26.5481,31.6247,35.9272,38.7667,40.2538,41.064,41.7823,42.3006,42.823,43.3496,43.8803,44.6296,45.4948,47.1407,6.71593,4.41894,3.15182,1.72825,-0.770065,199.738,205.404,196.138,200.198
57.4919011592865,-0.4156379636439526,0.0,0.0,4,0.142143,4.0,16600.1,225.301,11.4876,-13.2879,15.7421,26.4611,31.4636,35.7053,38.507,39.9749,40.7749,41.4844,41.9964,42.5127,43.0332,43.5576,44.2983,45.1537,46.7818,6.20624,4.08901,2.9101,1.58675,-0.789904,201.015,206.114,194.983,199.626
57.506471395492554,-0.4188044370355737,0.0,0.0,4,0.135065,4.0,16532.0,224.351,11.9234,-12.9853,15.781,26.357,31.2866,35.469,38.2338,39.6831,40.4734,41.1743,41.6803,42.1905,42.705,43.2234,43.9557,44.8018,46.4127,5.7633,3.79447,2.6926,1.45926,-0.807735,201.14,205.829,194.183,198.819
57.52863812446594,-0.4218742496605031,0.0,0.0,4,0.127328,4.0,16462.0,223.43,12.1194,-12.6463,15.7955,26.2133,31.0656,35.1859,37.9124,39.3426,40.1228,40.8151,41.3148,41.8188,42.327,42.8394,43.5633,44.3998,45.9934,5.40821,3.54343,2.50328,1.34631,-0.823602,200.778,205.084,193.42,197.918
57.551711320877075,-0.42498405984406357,0.0,0.0,4,0.12062,4.0,16388.1,222.497,12.4721,-12.3053,15.8108,26.0935,30.879,34.9455,37.6383,39.0518,39.8231,40.5075,41.0017,41.5002,42.0029,42.5098,43.2262,44.0543,45.6323,5.06995,3.3112,2.33071,1.24526,-0.837643,200.093,204.323,192.407,197.178
57.56688046455383,-0.4281105356770537,0.0,0.0,4,0.114706,4.0,16317.1,221.559,13.0792,-12.0045,15.8239,25.99,30.7175,34.7368,37.4001,38.7989,39.5622,40.2397,40.7289,41.2226,41.7204,42.2225,42.9323,43.7528,45.3166,4.76406,3.10374,2.178,1.15704,-0.849799,199.268,203.564,191.405,196.465
57.58904218673706,-0.43122367899050007,0.0,0.0,4,0.10767,4.0,16258.8,220.625,13.2597,-11.545,15.8091,25.8336,30.4944,34.4605,37.0911,38.4735,39.2282,39.8981,40.3821,40.8704,41.3631,41.86,42.5625,43.3748,44.9237,4.55561,2.94284,2.05412,1.08265,-0.86021,198.439,202.647,190.913,195.589
57.610695600509644,-0.4343068241349732,0.0,0.0,4,0.0995023,4.0,16189.0,219.7,13.0222,-10.9818,15.768,25.6269,30.2123,34.1192,36.7138,38.0783,38.8235,39.4853,39.9635,40.4462,40.9332,41.4244,42.119,42.9225,44.4555,4.44104,2.82626,1.95724,1.02111,-0.869005,197.536,201.596,190.205,194.647
57.631861448287964,-0.4375332938645407,0.0,0.0,3,0.0933368,4.0,16113.1,218.732,13.0746,-10.396,15.7425,25.4771,30.0047,33.8653,36.4315,37.7816,38.5194,39.1747,39.6483,40.1263,40.6086,41.0952,41.7835,42.5798,44.0998,4.31623,2.7181,1.87146,0.968769,-0.876333,196.489,200.761,189.046,194.009
57.651384115219116,-0.4405964402296984,0.0,0.0,3,0.089481,3.0,19515.1,217.813,13.7483,-9.9037,15.7377,25.3964,29.8869,33.717,36.2636,37.604,38.3365,38.9873,39.4575,39.9322,40.4112,40.8946,41.5783,42.3696,43.9032,4.17088,2.61638,1.79627,0.92577,-0.88218,195.366,200.116,189.734,194.617
57.666247606277466,-0.44325961100854594,0.0,0.0,3,0.0853087,3.0,19430.6,217.014,14.2035,-9.22975,15.7183,25.2929,29.7436,33.5417,36.0681,37.3985,38.1256,38.7716,39.2384,39.7098,40.1855,40.6656,41.3448,42.1356,43.7219,4.0963,2.55014,1.74369,0.89389,-0.886623,194.413,199.399,189.331,194.0
57.689876317977905,-0.44571612773446684,0.0,0.0,3,0.0777375,3.0,19742.5,216.277,14.1145,-8.69984,15.6469,25.0687,29.4525,33.1985,35.6936,37.0083,37.7272,38.366,38.8278,39.2942,39.765,40.2402,40.9171,41.7254,43.3539,4.20025,2.55047,1.72622,0.874943,-0.889739,193.779,198.461,188.771,192.784
57.70951509475708,-0.4480559849143805,0.0,0.0,3,0.0678188,3.0,19700.3,215.575,13.567,-8.2184,15.537,24.7604,29.0592,32.7398,35.1955,36.4909,37.1995,37.8296,38.2852,38.7455,39.2103,39.6832,40.3699,41.1921,42.8508,4.50884,2.61682,1.74364,0.86964,-0.891357,193.264,197.338,188.697,192.038
57.728787660598755,-0.4503958420942942,0.0,0.0,3,0.0584399,3.0,19641.0,214.873,13.1881,-7.81702,15.4245,24.4606,28.6795,32.2983,34.7169,35.9939,36.6929,37.3147,37.7645,38.2194,38.6861,39.1674,39.8668,40.705,42.3985,4.99632,2.72613,1.78577,0.876247,-0.891452,192.652,196.556,188.124,191.472
57.74903988838196,-0.45268236919603305,0.0,0.0,3,0.0488841,3.0,19500.5,214.187,12.6835,-7.25204,15.3003,24.1464,28.2846,31.8412,34.2221,35.4806,36.17,36.7834,37.2299,37.6901,38.1647,38.6544,39.3665,40.2208,41.9494,5.92491,2.89597,1.85887,0.895969,-0.889989,192.055,195.893,187.07,190.505
57.76875448226929,-0.4554755320404315,0.0,0.0,3,0.0363194,3.0,19277.2,213.349,11.5825,-6.67609,15.1341,23.7365,27.7716,31.2488,33.5816,34.8166,35.4936,36.1,36.5486,37.0113,37.4888,37.9818,38.6991,39.5602,41.305,45.4019,3.18214,1.97876,0.930122,-0.887156,191.608,195.055,184.497,188.11
57.79189896583557,-0.4586620042113681,0.0,0.0,3,0.0239016,3.0,19171.5,212.393,10.3969,-6.08316,14.9626,23.3271,27.2613,30.6603,32.9458,34.1576,34.8245,35.433,35.8841,36.3497,36.8303,37.3267,38.0495,38.918,40.6801,44.8305,3.57524,2.13691,0.977321,-0.882874,191.009,194.115,183.406,187.161
57.81054711341858,-0.4619751353179694,0.0,0.0,3,0.0147483,3.0,19077.5,211.399,9.89656,-5.55424,14.8207,23.0087,26.8683,30.2093,32.4596,33.6563,34.3314,34.9503,35.4096,35.8838,36.3738,36.8801,37.6181,38.5056,40.3099,44.5778,4.02716,2.31435,1.03478,-0.877152,190.095,193.538,182.184,186.563
57.82861685752869,-0.4653949265809203,0.2078399658203125,0.0,3,0.00864905,3.0,19005.9,210.373,10.0049,-4.97465,14.703,22.7678,26.5758,29.877,32.1033,33.3148,34.0088,34.6459,35.1191,35.608,36.1136,36.6366,37.3996,38.3187,40.1915,44.6459,4.53642,2.50872,1.10212,-0.870015,189.064,193.07,181.145,186.179
57.84895420074463,-0.46812475995748615,0.9999847412109375,0.0,3,0.00201386,3.0,19121.7,209.554,9.94705,-4.34991,14.5717,22.5032,26.2557,29.5139,31.726,32.968,33.6807,34.3356,34.8225,35.3261,35.8473,36.3869,37.1751,38.1258,40.0681,44.7143,5.2484,2.74543,1.18148,-0.861668,188.163,192.346,182.736,186.804
57.86773109436035,-0.46925135785892597,0.9999847412109375,0.0,3,-0.00504905,3.0,19410.6,209.216,9.90901,-3.82983,14.4277,22.2176,25.9114,29.1242,31.347,32.6192,33.3504,34.0233,34.524,35.0423,35.5792,36.1357,36.9493,37.9324,39.946,44.7919,6.34333,3.03279,1.27391,-0.85203,187.421,191.608,188.235,188.893
57.88832712173462,-0.46996798078439816,0.9999847412109375,0.0,3,-0.0112212,3.0,19388.8,209.001,10.2721,-3.47602,14.2842,21.9474,25.5894,28.7626,31.0311,32.3402,33.0941,33.7887,34.3062,34.8425,35.3985,35.9754,36.8201,37.8426,39.943,45.033,8.71115,3.36518,1.37939,-0.840947,186.946,191.245,187.973,188.652
57.9054799079895,-0.4706546055408971,0.9999847412109375,0.0,3,-0.0174049,3.0,19561.6,208.795,10.7946,-3.2012,14.1308,21.6668,25.2571,28.4082,30.7373,32.0861,32.8645,33.5827,34.1184,34.6742,35.2512,35.8504,36.7291,37.7948,39.9912,45.3542,58.8564,3.7634,1.50085,-0.828234,186.588,190.966,189.082,189.082
57.92800831794739,-0.4707146018788437,0.9999847412109375,0.0,3,-0.0264099,3.0,19464.4,208.777,10.7375,-2.86008,13.9399,21.3018,24.8199,27.953,30.3211,31.6968,32.4922,33.2271,33.7758,34.3457,34.9378,35.5534,36.4575,37.5557,39.8259,45.4068,59.7031,4.29493,1.64377,-0.813912,186.424,190.588,188.886,189.201
57.94990539550781,-0.4707446000478169,0.9999847412109375,0.0,3,-0.0383886,3.0,19485.0,208.768,10.2325,-2.65275,13.7113,20.8524,24.2771,27.3848,29.7664,31.1535,31.9567,32.6997,33.255,33.8321,34.4323,35.0568,35.975,37.092,39.4066,45.1299,60.0094,5.03228,1.81193,-0.79786,186.446,190.176,189.128,189.331
57.96641969680786,-0.47079126386621967,0.9999847412109375,0.0,3,-0.051173,3.0,19377.2,208.754,9.66216,-2.52822,13.4663,20.3761,23.7025,26.7914,29.1792,30.5735,31.3822,32.131,32.6911,33.2737,33.88,34.5115,35.441,36.5732,38.9254,44.7744,60.2068,6.04604,2.00513,-0.779937,186.526,189.902,188.128,188.476
57.9887216091156,-0.4710212498283479,0.9999847412109375,0.0,3,-0.0642141,3.0,19365.9,208.685,9.17719,-2.48384,13.2107,19.8889,23.1176,26.1984,28.591,29.9918,30.8054,31.5596,32.1244,32.7122,33.3246,33.9629,34.9034,36.0509,38.4405,44.4182,60.4373,7.56602,2.22482,-0.760017,186.594,189.752,188.008,188.354
58.00560140609741,-0.47077459821679013,0.9999847412109375,0.0,3,-0.0779656,3.0,19553.8,208.759,8.50846,-2.31358,12.9395,19.3773,22.5142,25.5807,27.9706,29.3733,30.1894,30.9466,31.5141,32.1053,32.7216,33.3646,34.3131,35.4719,37.891,43.9778,60.5422,11.6985,2.47504,-0.738064,186.683,189.655,188.988,188.988
58.02855443954468,-0.47044128522819834,0.9999847412109375,0.0,3,-0.0926393,3.0,19464.5,208.859,7.76006,-2.2157,12.6517,18.8382,21.889,24.9293,27.3068,28.7055,29.5203,30.2772,30.8449,31.4367,32.0542,32.6989,33.6508,34.8155,37.2523,43.4173,60.4433,137.718,2.76016,-0.714045,186.848,189.605,188.981,189.139
58.050750732421875,-0.4702346311752716,0.9999847412109375,0.0,3,-0.106736,3.0,19475.8,208.921,7.15209,-2.15156,12.3587,18.3041,21.2857,24.3047,26.6741,28.0717,28.8871,29.6453,30.2145,30.8084,31.4286,32.0768,33.0348,34.2086,36.671,42.9385,60.5373,146.185,3.07936,-0.687877,187.026,189.677,189.068,189.249
58.06688570976257,-0.47013797040858,0.9999847412109375,0.0,3,-0.119739,3.0,19574.4,208.95,6.85935,-2.14124,12.0646,17.7869,20.7231,23.7332,26.1056,27.5092,28.3297,29.0935,29.6676,30.2672,30.8939,31.5495,32.5199,33.7111,36.2172,42.643,61.0539,159.195,3.43225,-0.659487,187.149,189.848,189.161,189.161
58.08967733383179,-0.46993131635565316,0.9999847412109375,0.0,3,-0.131764,3.0,19560.7,209.012,6.75812,-2.10149,11.7666,17.2788,20.193,23.2037,25.5883,27.004,27.8332,28.6064,29.1882,29.7965,30.4331,31.0998,32.0882,33.3038,35.8705,42.5077,61.9846,178.872,3.82135,-0.628852,187.217,190.036,189.047,189.047
58.10568690299988,-0.46975799360158543,0.9999847412109375,0.0,3,-0.143568,3.0,19569.5,209.064,6.69783,-2.07226,11.459,16.7722,19.6724,22.6849,25.0832,26.5124,27.3513,28.1347,28.7251,29.343,29.9904,30.6695,31.6776,32.9204,35.5542,42.4282,63.1421,200.0,4.25325,-0.596013,187.281,190.181,189.117,189.117
58.128584146499634,-0.46963133466592055,0.9999847412109375,0.0,3,-0.154879,3.0,19379.1,209.102,6.7341,-2.08025,11.1432,16.2798,19.1688,22.1875,24.604,26.0499,26.9006,27.6965,28.2971,28.9266,29.587,30.2806,31.3123,32.5871,35.3002,42.4542,64.6756,200.0,4.7302,-0.560959,187.329,190.305,188.075,188.533
58.146275997161865,-0.46978465864067276,0.9999847412109375,0.0,3,-0.165343,3.0,19499.1,209.056,6.92097,-2.11644,10.822,15.8099,18.6951,21.7296,24.1742,25.6436,26.5104,27.323,27.9372,28.5819,29.2593,29.9719,31.0341,32.3502,35.1647,42.6754,66.8658,200.0,5.25138,-0.523736,187.322,190.416,189.207,189.485
58.168596029281616,-0.46979465803033055,0.9999847412109375,0.0,3,-0.174989,3.0,19389.7,209.053,7.27979,-2.17046,10.4945,15.3618,18.2507,21.3116,23.795,25.2953,26.1831,27.0172,27.6489,28.3131,29.0121,29.7489,30.8497,32.2181,35.1605,43.1231,69.9165,200.0,5.81946,-0.484327,187.273,190.51,188.122,188.666
58.188722372055054,-0.4698513212383911,0.9999847412109375,0.0,3,-0.1845,3.0,19449.6,209.036,7.57457,-2.17824,10.1564,14.9214,17.8137,20.9022,23.4269,24.9605,25.8711,26.7286,27.3793,28.0646,28.7875,29.5508,30.6942,32.1203,35.2057,43.6851,73.6908,200.0,6.44575,-0.442824,187.208,190.532,188.81,189.202
58.206016302108765,-0.4699513151349686,0.9999847412109375,0.0,3,-0.194134,3.0,19383.2,209.006,7.81609,-2.20761,9.80659,14.4838,17.3767,20.4909,23.0565,24.6239,25.5577,26.4394,27.1098,27.8173,28.565,29.3562,30.5446,32.0325,35.2722,44.3267,78.2576,200.0,7.14058,-0.39927,187.161,190.506,188.07,188.564
58.22997570037842,-0.47027462873390263,0.9999847412109375,0.0,3,-0.203335,3.0,19376.5,208.909,8.00498,-2.19742,9.44869,14.0602,16.957,20.1025,22.7159,24.3225,25.2833,26.1929,26.8863,27.6195,28.396,29.2198,30.4609,32.021,35.4431,45.1918,84.335,160.972,7.83971,-0.35376,187.089,190.459,187.974,188.505
58.25050067901611,-0.4706546055408971,0.9999847412109375,0.0,3,-0.211843,3.0,19373.6,208.795,8.31533,-2.19764,9.08499,13.6591,16.5677,19.757,22.432,24.088,25.0827,26.0273,26.7493,27.5146,28.3272,29.1916,30.4984,32.1491,35.8007,46.4426,93.0927,110.825,8.46719,-0.306366,186.972,190.421,187.915,188.485
58.268162965774536,-0.47078793073633374,0.9999847412109375,0.0,3,-0.219812,3.0,19413.4,208.755,8.66872,-2.15497,8.72452,13.2756,16.2018,19.4445,22.1929,23.9077,24.9427,25.9289,26.6851,27.4888,28.3448,29.258,30.644,32.4044,36.337,48.1092,105.874,87.3226,9.03091,-0.257134,186.826,190.362,188.411,188.913
58.28627872467041,-0.4708479270742803,0.9999847412109375,0.0,3,-0.228134,3.0,19434.3,208.737,8.85683,-2.06199,8.3735,12.8935,15.833,19.1261,21.9474,23.7221,24.7986,25.8282,26.6202,27.4645,28.3662,29.3315,30.8029,32.6826,36.9267,50.0151,123.905,74.5268,9.54957,-0.20616,186.727,190.27,188.653,189.079
58.30913734436035,-0.47095792036051554,0.9999847412109375,0.0,3,-0.236943,3.0,19478.5,208.704,8.8449,-1.93004,8.03171,12.5112,15.4581,18.7959,21.6873,23.5212,24.6394,25.7132,26.5418,27.4278,28.3772,29.3969,30.9585,32.9657,37.5499,52.1585,150.735,66.6158,10.0297,-0.153513,186.676,190.154,189.019,189.311
58.32789063453674,-0.47108791242606635,0.9999847412109375,0.0,3,-0.242419,3.0,19561.6,208.665,8.83565,-1.78336,7.70402,12.1468,15.1063,18.4985,21.4724,23.3761,24.5436,25.6696,26.5417,27.4773,28.4836,29.5687,31.2388,33.4008,38.4045,54.9863,200.0,60.668,10.459,-0.0993293,186.635,190.094,189.043,189.043
58.34603428840637,-0.47113790937435496,0.9999847412109375,0.0,3,-0.229478,3.0,19365.7,208.65,8.90517,-1.69665,7.38901,11.7952,14.7692,18.2214,21.2871,23.2691,24.4923,25.6775,26.5993,27.592,28.664,29.8249,31.6219,33.9671,39.4769,58.6031,200.0,56.1381,10.8459,-0.0460559,186.598,190.047,187.891,188.441
58.365869998931885,-0.47106124738697897,0.9999847412109375,0.0,3,-0.21744,3.0,19554.8,208.673,8.78929,-1.56528,7.08286,11.4411,14.4212,17.9239,21.0746,23.1323,24.4103,25.6547,26.6266,27.6773,28.8166,30.0561,31.9865,34.527,40.5928,62.7698,200.0,52.9223,11.2084,0.00485682,186.593,189.964,189.001,189.001
58.38820147514343,-0.4708379276846225,0.9999847412109375,0.0,3,-0.206895,3.0,19472.2,208.74,8.46885,-1.49709,6.7831,11.074,14.0436,17.5744,20.7891,22.9085,24.233,25.5286,26.5447,27.6473,28.8478,30.1596,32.2146,34.9419,41.5605,67.1157,200.0,50.8112,11.5599,0.0534384,186.66,189.85,188.999,189.239
58.40879464149475,-0.4707279343983873,0.9999847412109375,0.0,3,-0.197228,3.0,19572.8,208.773,8.10872,-1.53999,6.49203,10.7051,13.6546,17.2011,20.4681,22.6424,24.0095,25.353,26.411,27.5634,28.8232,30.2061,32.3857,35.3033,42.5048,72.0299,200.0,49.2527,11.8934,0.0998185,186.767,189.769,189.142,189.142
58.425398111343384,-0.4705346128650041,0.9999847412109375,0.0,3,-0.187815,3.0,19385.3,208.831,7.80898,-1.65842,6.21184,10.3455,13.2734,16.8345,20.1553,22.387,23.7993,25.1941,26.2973,27.5038,28.8286,30.2898,32.608,35.7405,43.62,78.2877,200.0,47.9036,12.2007,0.144113,186.874,189.737,188.19,188.573
58.44655728340149,-0.4415548625855241,0.9999847412109375,0.0,3,-0.178276,3.0,19367.8,208.805,7.54986,-1.79407,5.94392,10.0018,12.912,16.4951,19.8805,22.1802,23.6458,25.101,26.2577,27.5284,28.9306,30.4858,32.9712,36.3664,45.0963,87.0587,200.0,46.6052,12.4772,0.186383,186.963,189.747,187.985,188.389
58.46858501434326,-0.42744473946125555,0.9999847412109375,0.0,3,-0.168053,3.0,19496.7,208.78,7.41634,-1.91626,5.69075,9.68489,12.5894,16.2154,19.6934,22.0855,23.6224,25.1585,26.3865,27.7428,29.2483,30.9292,33.64,37.3923,47.3109,101.177,177.877,45.198,12.7138,0.22661,187.154,189.927,189.206,189.447
58.486119508743286,-0.42735090865171516,0.9999847412109375,0.0,3,-0.157026,3.0,19382.4,208.811,7.45444,-2.03026,5.45272,9.39699,12.3108,16.0065,19.614,22.1316,23.7653,25.4107,26.7352,28.2078,29.8543,31.7076,34.7305,38.9851,50.6436,126.59,144.855,43.689,12.9099,0.264804,187.338,190.171,188.103,188.573
58.50799512863159,-0.4202111898469925,0.9999847412109375,0.0,3,-0.145761,3.0,19402.7,208.856,7.48851,-2.08224,5.22802,9.12944,12.0608,15.8439,19.6089,22.2798,24.0327,25.8138,27.2593,28.8787,30.7051,32.7807,36.2126,41.1426,55.2817,177.836,122.66,42.2414,13.0766,0.300916,187.442,190.334,188.341,188.79
58.52905607223511,-0.36616301130930584,0.9999847412109375,0.0,3,-0.134588,3.0,19438.1,208.896,7.49901,-2.13406,5.01581,8.87783,11.8315,15.7139,19.6597,22.5099,24.4039,26.3478,27.9402,29.7398,31.7898,34.1461,38.105,43.9345,61.6495,200.0,107.104,40.9163,13.2206,0.33491,187.555,190.465,188.711,189.097
58.54892539978027,-0.24751786596626046,0.9999847412109375,0.0,3,-0.1235,3.0,19576.1,208.91,7.50913,-2.19926,4.81626,8.64312,11.6246,15.6211,19.776,22.8377,24.9009,27.043,28.8163,30.8411,33.1745,35.8929,40.5498,47.6196,70.7992,200.0,95.5433,39.6916,13.343,0.3668,187.908,190.793,189.171,189.171
58.567501068115234,-0.13965376489949105,0.9999847412109375,0.0,3,-0.112615,3.0,19391.1,208.986,7.54801,-2.28077,4.62903,8.42403,11.438,15.5621,19.9557,23.2648,25.5301,27.9125,29.909,32.2158,34.9109,38.1013,43.6975,52.5237,84.6084,200.0,86.6806,38.5715,13.447,0.396614,188.713,191.499,188.199,188.647
58.587599754333496,-0.08903698964136343,0.9999847412109375,0.0,3,-0.10244,3.0,19371.9,209.016,7.51677,-2.34482,4.45212,8.21197,11.2549,15.5056,20.1488,23.7269,26.2175,28.8743,31.1305,33.7719,36.9062,40.6852,47.5007,58.7611,105.869,200.0,80.0263,37.6211,13.5423,0.424408,189.776,192.32,188.004,188.43
58.60905385017395,-0.06518086004845798,0.9999847412109375,0.0,3,-0.0935991,3.0,19370.0,209.096,7.34279,-2.40196,4.28305,7.99579,11.0527,15.4056,20.2745,24.1106,26.8252,29.7622,32.2904,35.2908,38.9093,43.3583,51.6299,66.0402,138.682,200.0,75.2855,36.9069,13.6405,0.450271,190.514,192.707,188.028,188.392
58.62861156463623,-0.05715358138740063,0.9999847412109375,0.0,3,-0.0865839,3.0,19367.1,209.228,6.91582,-2.45907,4.1198,7.76665,10.8122,15.2195,20.25,24.2907,27.1925,30.3722,33.1435,36.4743,40.5527,45.6621,55.4501,73.4593,188.084,200.0,72.1834,36.4651,13.7505,0.47431,191.009,192.769,188.06,188.362
58.64870572090149,-0.05708374920487404,0.9999847412109375,0.0,3,-0.0814574,3.0,19356.5,209.4,6.17512,-2.48044,3.96205,7.5239,10.5305,14.9351,20.0424,24.2077,27.2343,30.5851,33.5354,37.1188,41.5635,47.2211,58.3472,79.8695,200.0,200.0,70.3558,36.2738,13.8742,0.496623,191.426,192.741,188.009,188.226
58.665786027908325,-0.05700823300749063,0.9999847412109375,0.0,3,-0.0776737,3.0,19359.2,209.586,5.2764,-2.50739,3.81152,7.27761,10.2271,14.5888,19.7081,23.9332,27.0319,30.4912,33.562,37.3237,42.0388,48.1216,60.356,85.0956,200.0,200.0,69.2916,36.2388,14.0036,0.517307,191.778,192.748,188.075,188.238
58.686296224594116,-0.05951695962119848,0.9999847412109375,0.0,3,-0.0744832,3.0,19367.1,209.78,4.40518,-2.54608,3.6699,7.03985,9.92749,14.2326,19.3393,23.5987,26.7484,30.291,33.4592,37.3708,42.3216,48.7889,62.0776,90.1584,200.0,193.387,68.5195,36.252,14.1283,0.536513,192.06,192.848,188.162,188.309
58.708659648895264,-0.0791298282818993,0.9999847412109375,0.0,3,-0.0712827,3.0,19378.1,209.974,3.67162,-2.59866,3.53818,6.81924,9.65065,13.9074,19.0126,23.3179,26.5296,30.1705,33.453,37.5403,42.7689,49.694,64.2712,96.7118,200.0,183.342,67.7204,36.2328,14.2397,0.554382,192.268,193.021,188.257,188.42
58.72904849052429,-0.11199861172836273,0.9999847412109375,0.0,3,-0.0672515,3.0,19390.0,210.159,3.11285,-2.63103,3.41834,6.62793,9.42292,13.6706,18.8391,23.2618,26.6,30.4255,33.9121,38.3046,44.0081,51.7119,68.5112,108.997,200.0,171.712,66.5158,36.0741,14.3253,0.570983,192.35,193.251,188.326,188.553
58.74945044517517,-0.13048257869324645,0.9999847412109375,0.0,3,-0.0615075,3.0,19401.3,210.323,2.8339,-2.6675,3.31301,6.47978,9.27434,13.5901,18.9564,23.6521,27.2616,31.4689,35.3712,40.3819,47.0506,56.3628,77.9803,138.877,200.0,156.986,64.5742,35.6695,14.3707,0.586296,192.28,193.52,188.356,188.691
58.769200801849365,-0.13424086806848645,0.9999847412109375,0.0,3,-0.0539344,3.0,19406.1,210.465,2.87378,-2.69628,3.22295,6.3779,9.21302,13.6903,19.4318,24.622,28.722,33.627,38.3026,44.4925,53.0733,65.7611,98.8616,200.0,200.0,140.814,61.9935,35.0261,14.3744,0.600248,192.178,193.821,188.323,188.769
58.7901873588562,-0.13412638307690622,0.9999847412109375,0.0,3,-0.0451801,3.0,19415.0,210.584,3.10544,-2.70745,3.14682,6.31453,9.22421,13.9481,20.249,26.1946,31.069,37.119,43.1207,51.442,63.7491,83.8053,149.81,200.0,200.0,125.806,59.1763,34.2497,14.3475,0.612772,192.137,194.083,188.355,188.858
58.80573630332947,-0.13402536690786482,0.9999847412109375,0.0,3,-0.0358141,3.0,19430.5,210.689,3.42377,-2.73119,3.08373,6.28371,9.29646,14.3469,21.4093,28.4412,34.4938,42.3951,50.6941,63.039,83.3403,122.942,200.0,200.0,200.0,112.958,56.3967,33.4225,14.2996,0.623799,192.146,194.272,188.488,189.005
58.825960874557495,-0.1339320472088456,0.9999847412109375,0.0,3,-0.0261501,3.0,19448.8,210.786,3.76493,-2.77557,3.03343,6.28338,9.42655,14.8891,22.964,31.5563,39.4382,50.478,63.1011,84.1512,126.294,200.0,200.0,200.0,200.0,102.212,53.7661,32.5859,14.2359,0.633282,192.183,194.403,188.665,189.179
58.84610629081726,-0.10098185463312083,0.9999847412109375,0.0,3,-0.0163458,3.0,19465.4,210.879,4.09013,-2.8289,2.9961,6.3139,9.6167,15.5922,25.0186,35.9158,46.8021,63.7095,85.8767,131.716,200.0,200.0,200.0,200.0,184.258,93.2228,51.3147,31.7576,14.1592,0.641182,192.236,194.502,188.83,189.337
58.86942768096924,-0.07269002582307904,0.9999847412109375,0.0,3,-0.00687439,3.0,19479.0,210.979,4.40205,-2.86731,2.97082,6.36956,9.8545,16.4355,27.6075,41.894,57.8887,86.9501,135.579,200.0,200.0,200.0,200.0,200.0,157.16,85.9236,49.1341,30.9813,14.0765,0.647487,192.427,194.643,188.985,189.458
58.88694477081299,-0.049046621151734145,0.9999847412109375,0.0,3,0.00137204,3.0,19490.9,211.098,4.56297,-2.91056,2.95475,6.4343,10.1005,17.3139,30.5092,49.3849,73.7396,129.747,200.0,200.0,200.0,200.0,200.0,200.0,139.383,80.447,47.3758,30.3292,14.0007,0.652258,192.718,194.686,189.154,189.551
58.90503740310669,-0.0400038550678889,0.9999847412109375,0.0,3,0.00775259,3.0,19493.1,211.248,4.45142,-2.93117,2.94531,6.49357,10.3156,18.0995,33.3185,57.604,94.2875,200.0,200.0,200.0,200.0,200.0,200.0,193.397,128.195,76.6714,46.0978,29.8405,13.9405,0.655594,193.096,194.652,189.245,189.55
58.926225900650024,-0.03381747316069901,0.9999847412109375,0.0,3,0.0122611,3.0,19502.7,211.418,4.04171,-2.94328,2.94179,6.54403,10.4873,18.73,35.7181,65.4993,118.019,200.0,200.0,200.0,200.0,200.0,200.0,178.026,121.313,74.2036,45.2296,29.4999,13.8957,0.657583,193.48,194.601,189.406,189.616
58.94549345970154,-0.03184254924107342,0.9999847412109375,0.0,4,0.0154788,3.0,19515.2,211.604,3.49543,-2.96018,2.94491,6.59352,10.6351,19.2493,37.7458,72.8177,144.445,200.0,200.0,200.0,200.0,200.0,199.455,168.424,116.801,72.5135,44.614,29.2509,13.8587,0.658352,193.819,194.618,189.575,189.721
58.96821975708008,-0.03185842495928519,0.9999847412109375,0.0,4,0.0179526,4.0,15993.5,211.535,2.91516,-2.98402,2.95519,6.64995,10.7808,19.7226,39.5812,79.9045,175.1,200.0,200.0,200.0,200.0,200.0,196.8,161.637,113.496,71.2279,44.1285,29.0468,13.823,0.658035,194.035,194.637,186.397,186.922
58.98932695388794,-0.03790329894547661,0.9999847412109375,0.0,4,0.0202629,4.0,15963.2,211.231,2.40486,-2.99779,2.97342,6.72281,10.9518,20.2439,41.5806,88.1313,200.0,200.0,200.0,200.0,200.0,200.0,193.876,155.678,110.506,70.026,43.6585,28.8416,13.7816,0.656752,193.877,194.417,186.051,186.585
59.00648736953735,-0.07272558103960007,0.9999847412109375,0.0,4,0.02305,4.0,15616.5,210.911,2.04138,-2.99954,3.00094,6.82445,11.1839,20.9428,44.3354,100.695,200.0,200.0,200.0,200.0,200.0,198.65,188.391,148.985,107.058,68.6012,43.0879,28.5869,13.7269,0.654581,193.552,194.188,185.195,186.031
59.02600979804993,-0.11484248939364838,0.9999847412109375,0.0,4,0.0274169,4.0,16125.3,211.089,1.84711,-2.9988,3.04181,6.9814,11.5519,22.1014,49.3376,128.955,200.0,200.0,200.0,200.0,199.27,195.423,173.668,139.58,102.072,66.4881,42.2288,28.2011,13.6444,0.651482,193.201,194.168,191.56,191.56
59.049333333969116,-0.1450296101393178,0.9999847412109375,0.0,4,0.0343458,4.0,16179.4,211.636,1.99258,-2.97538,3.1011,7.22486,12.1482,24.1263,59.679,200.0,200.0,200.0,200.0,198.758,195.246,188.958,154.5,126.877,95.063,63.4062,40.9473,27.6203,13.5214,0.647297,193.203,194.697,192.243,192.243
59.06618785858154,-0.1444730295042973,0.9999847412109375,0.0,4,0.043626,4.0,16224.0,212.167,2.46346,-2.96238,3.18092,7.56637,13.02,27.3879,82.0729,200.0,200.0,200.0,197.405,193.843,187.196,161.382,134.519,113.036,87.0258,59.6884,39.3452,26.8789,13.3614,0.64183,193.31,195.317,192.771,192.771
59.087843894958496,-0.12827792878154975,0.9999847412109375,0.0,4,0.0541012,4.0,16272.7,212.683,3.12214,-2.9685,3.27981,7.99514,14.1575,32.2023,139.413,200.0,199.317,195.609,191.785,181.409,156.238,137.21,117.236,100.53,79.3675,55.9391,37.6568,26.0741,13.1795,0.634938,193.579,195.917,193.347,193.347
59.108100175857544,-0.0863990484158912,0.9999847412109375,0.0,4,0.0645177,4.0,16323.0,213.193,3.75695,-2.99728,3.39464,8.48944,15.5152,38.8839,200.0,198.981,195.043,189.642,175.018,151.372,133.363,119.192,103.769,90.4145,72.8708,52.5805,36.0733,25.2931,12.9913,0.626564,194.018,196.433,193.945,193.945
59.12664175033569,-0.05047124580255398,0.9999847412109375,0.0,4,0.0737626,4.0,16371.4,213.711,4.23858,-3.03307,3.52136,9.01839,17.002,47.5231,200.0,195.316,190.074,172.359,149.258,131.626,117.728,106.492,93.9505,82.8189,67.7948,49.8257,34.7143,24.5973,12.8091,0.616716,194.691,196.908,194.523,194.523
59.149008989334106,-0.02104678172388735,0.9999847412109375,0.0,4,0.0809218,4.0,16412.0,214.251,4.42476,-3.07754,3.65502,9.54204,18.4695,57.3996,198.598,191.731,184.019,151.876,133.544,119.169,107.595,98.0776,87.2802,77.5385,64.1487,47.758,33.6463,24.0262,12.6424,0.60548,195.491,197.263,195.01,195.01
59.16576027870178,-0.010537483563829834,0.9999847412109375,0.0,4,0.0855157,4.0,16435.3,214.821,4.23925,-3.10943,3.79119,10.0238,19.7563,66.6324,196.421,188.633,171.241,140.538,124.593,111.905,101.57,92.9883,83.1623,74.2135,61.782,46.3533,32.8796,23.592,12.4954,0.592999,196.361,197.544,195.302,195.302
59.188864946365356,-0.008449939068267121,0.9999847412109375,0.0,4,0.0877845,4.0,16458.1,215.405,3.67839,-3.1199,3.92846,10.4532,20.7952,73.3999,194.668,186.293,163.158,134.851,119.992,108.09,98.3424,90.214,80.8668,72.3168,60.3799,45.4682,32.3574,23.2715,12.3652,0.579399,197.201,197.826,195.565,195.565
59.208953619003296,-0.008413212485890836,0.9999847412109375,0.0,4,0.0886223,4.0,16488.3,215.99,2.9596,-3.12658,4.06859,10.8518,21.6639,77.8378,193.207,184.568,159.359,132.037,117.641,106.083,96.5993,88.6786,79.556,71.1986,59.5093,44.8724,31.9714,23.0136,12.2425,0.564832,197.938,198.192,195.92,195.92
59.22748136520386,-0.009361543535453577,0.9999847412109375,0.0,4,0.0888354,4.0,16522.9,216.571,2.26308,-3.13091,4.21348,11.2451,22.4692,81.1042,191.877,183.142,157.223,130.349,116.175,104.789,95.441,87.6311,78.633,70.3859,58.8458,44.387,31.6352,22.7766,12.12,0.54945,198.572,198.647,196.329,196.329
59.24629521369934,-0.013787851865713794,0.9999847412109375,0.0,4,0.0889441,4.0,16560.1,217.15,1.68417,-3.12541,4.36404,11.6505,23.2899,84.266,190.562,181.753,155.311,128.804,114.817,103.577,94.3483,86.6357,77.7481,69.6005,58.1971,43.9053,31.2967,22.5353,11.9935,0.533411,199.137,199.166,196.77,196.77
59.265846490859985,-0.023599693116154525,0.9999847412109375,0.0,4,0.0893637,4.0,16598.8,217.726,1.25121,-3.10548,4.52159,12.0855,24.2025,88.3801,189.167,180.171,152.551,126.667,112.984,101.976,92.9293,85.3627,76.6365,68.631,57.4166,43.3451,30.9157,22.2704,11.8595,0.516809,199.642,199.728,197.229,197.229
59.28780388832092,-0.02679198871847863,0.9999847412109375,0.0,4,0.0904905,4.0,16638.7,218.298,0.977467,-3.08615,4.688,12.5707,25.2955,94.7625,187.595,178.121,148.04,123.31,110.174,99.574,90.841,83.5223,75.0649,67.2903,56.3734,42.6326,30.4556,21.964,11.7147,0.499701,200.087,200.324,197.702,197.702
59.30520987510681,-0.028395660295486447,0.9999847412109375,0.0,4,0.0923378,4.0,16671.8,218.873,0.880982,-3.04859,4.8638,13.1117,26.597,104.17,185.829,175.395,141.994,118.861,106.48,96.4415,88.1389,81.1582,73.0658,65.6022,55.0822,41.7747,29.9193,21.6172,11.5594,0.482091,200.531,200.932,198.097,198.097
59.32536005973816,-0.02655987638056589,0.9999847412109375,0.0,4,0.0946161,4.0,16713.3,219.439,0.884582,-3.01233,5.0477,13.6981,28.0706,116.723,183.92,171.466,135.346,113.949,102.396,92.976,85.1493,78.5436,70.8568,63.7394,53.662,40.8374,29.3391,21.2459,11.3966,0.463985,201.001,201.51,198.587,198.587
59.347790002822876,-0.02644514249924881,0.9999847412109375,0.0,4,0.0970799,4.0,16757.3,220.003,0.933811,-2.98398,5.23857,14.3198,29.6793,132.628,181.912,162.338,128.748,109.027,98.2826,89.4715,82.1164,75.8841,68.6036,61.8347,52.205,39.8724,28.7406,20.8627,11.2289,0.445376,201.495,202.055,199.109,199.109
59.3664608001709,-0.014654264227040113,0.9999847412109375,0.0,4,0.0995676,4.0,16802.1,220.564,0.987234,-2.96621,5.43555,14.9691,31.3943,152.297,179.836,153.074,122.531,104.333,94.3336,86.0896,79.1763,73.2959,66.4002,59.9639,50.7651,38.9109,28.1395,20.4755,11.0578,0.426263,202.006,202.578,199.642,199.642
59.38603639602661,-0.006346995150282358,0.9999847412109375,0.0,4,0.101672,4.0,16846.0,221.125,1.03868,-2.94443,5.63561,15.6193,33.0975,187.89,177.813,145.503,117.322,100.334,90.9372,83.1556,76.6061,71.018,64.4448,58.2898,49.4594,38.0217,27.5713,20.1024,10.8873,0.406678,202.573,203.066,200.165,200.165
59.408241510391235,-0.0019000052565336224,0.9999847412109375,0.0,4,0.103007,4.0,16887.7,221.687,1.00166,-2.92858,5.83512,16.2383,34.6403,186.423,175.992,140.215,113.553,97.3689,88.3795,80.9153,74.619,69.2367,62.8935,56.942,48.3836,37.2628,27.0671,19.7596,10.7208,0.386679,203.178,203.503,200.662,200.662
59.427462577819824,-0.001106010189279914,0.9999847412109375,0.0,4,0.10362,4.0,16923.6,222.254,0.863356,-2.9087,6.03329,16.8215,35.9966,185.031,174.389,136.744,110.959,95.2583,86.521,79.2573,73.1236,67.8762,61.6868,55.8741,47.5065,36.6177,26.6193,19.4439,10.5582,0.366329,203.78,203.939,201.092,201.092
59.446088552474976,-0.0007883013385254889,0.9999847412109375,0.0,4,0.103788,4.0,16962.1,222.817,0.675678,-2.88214,6.23105,17.3819,37.2277,183.686,172.928,134.303,109.037,93.6377,85.0643,77.9345,71.9123,66.759,60.6793,54.9681,46.7442,36.0384,26.2037,19.1434,10.3974,0.345694,204.355,204.403,201.546,201.546
59.46829295158386,-0.0005252996873358885,0.9999847412109375,0.0,4,0.103772,4.0,17002.8,223.377,0.495039,-2.85811,6.42973,17.9352,38.4096,182.358,171.523,132.257,107.369,92.2024,83.7589,76.7375,70.8072,65.7324,59.7451,54.1213,46.0233,35.4819,25.7985,18.847,10.2362,0.324818,204.896,204.893,202.029,202.029
59.485833406448364,0.0,0.9999847412109375,0.0,4,0.103717,4.0,17044.2,223.934,0.349264,-2.83761,6.62994,18.4905,39.5877,181.03,170.124,130.272,105.74,90.7939,82.4745,75.5571,69.7148,64.716,58.8191,53.2803,45.3056,34.9259,25.3925,18.5495,10.0738,0.303746,205.416,205.399,202.521,202.521
59.50603628158569,0.0,0.9999847412109375,0.0,4,0.103645,4.0,17085.7,224.489,0.242597,-2.81434,6.83144,19.0482,40.7666,179.699,168.723,128.305,104.12,89.3903,81.1932,74.3785,68.6239,63.7003,57.8926,52.4384,44.5864,34.3681,24.9846,18.2503,9.91042,0.282521,205.932,205.911,203.014,203.014
59.52627992630005,0.0,0.9999847412109375,0.0,4,0.103565,4.0,17126.8,225.043,0.160248,-2.78976,7.03403,19.6083,41.9484,178.363,167.317,126.336,102.496,87.9828,79.9081,73.1961,67.5289,62.6807,56.9625,51.593,43.864,33.8077,24.5747,17.9496,9.74607,0.261172,206.444,206.42,203.503,203.503
59.54861354827881,0.0,0.9999847412109375,0.0,4,0.103504,4.0,17166.1,225.597,0.101012,-2.76626,7.23769,20.1722,43.1412,177.02,165.896,124.315,100.837,86.5486,78.6003,71.9938,66.4167,61.6459,56.0197,50.7368,43.1332,33.2416,24.1614,17.6467,9.58079,0.239723,206.95,206.93,203.974,203.974
59.5658655166626,0.0,0.9999847412109375,0.0,4,0.103465,4.0,17203.8,226.15,0.0606936,-2.73517,7.44234,20.7401,44.3469,175.669,164.459,122.235,99.1376,85.0837,77.2667,70.7698,65.2856,60.5945,55.0626,49.8685,42.3934,32.6697,23.7446,17.3416,9.41466,0.218188,207.456,207.441,204.418,204.418
59.587952852249146,0.00031004911288619037,0.9999847412109375,0.0,4,0.103445,4.0,17244.3,226.699,0.0341242,-2.70653,7.64788,21.3116,45.5644,174.311,163.006,120.107,97.4052,83.5933,75.9116,69.5277,64.1388,59.5294,54.0937,48.9903,41.646,32.0929,23.3248,17.0346,9.24779,0.196576,207.96,207.949,204.899,204.899
59.6075222492218,0.0010640632103942334,0.9999847412109375,0.0,4,0.103441,4.0,17285.4,227.246,0.017444,-2.68194,7.85425,21.8864,46.7924,172.945,161.538,117.938,95.6451,82.0821,74.539,68.2704,62.9787,58.4525,53.115,48.1038,40.8922,31.5119,22.9024,16.7261,9.08025,0.174894,208.461,208.454,205.387,205.387
59.62574601173401,0.002262420800440013,0.9999847412109375,0.0,4,0.10341,4.0,17326.4,227.791,0.00819168,-2.65995,8.06091,22.4602,48.0117,171.577,160.071,115.813,93.9132,80.5916,73.1831,67.0266,61.8297,57.385,52.1439,47.2233,40.1425,30.9328,22.4806,16.4176,8.91242,0.153151,208.965,208.954,205.875,205.875
59.64822244644165,0.003899114483920857,0.9999847412109375,0.0,4,0.103306,4.0,17367.2,228.335,-0.00482336,-2.63848,8.26725,23.0278,49.1989,170.214,158.625,113.823,92.2686,79.1644,71.879,65.8261,60.7175,56.3489,51.1984,46.3636,39.4074,30.3621,22.063,16.111,8.74476,0.131363,209.474,209.447,206.36,206.36
59.66680574417114,0.006763041295617198,0.9999847412109375,0.0,4,0.10307,4.0,17407.4,228.877,-0.0243119,-2.62015,8.47245,23.5822,50.3231,168.864,157.225,112.071,90.7802,77.8516,70.6689,64.7042,59.672,55.3701,50.2999,45.5422,38.6998,29.8073,21.6533,15.8084,8.57776,0.109543,209.987,209.93,206.838,206.838
59.68612623214722,0.009403291107664503,0.9999847412109375,0.0,4,0.102613,4.0,17445.5,229.419,-0.0583053,-2.59874,8.6753,24.113,51.3368,167.538,155.91,110.718,89.5514,76.7285,69.6148,63.7127,58.7373,54.4865,49.4796,44.7847,38.0379,29.2792,21.2573,15.5126,8.4121,0.0877105,210.509,210.404,207.291,207.291
59.70555353164673,0.010345905209463092,0.9999847412109375,0.0,4,0.101911,4.0,17485.1,229.958,-0.116586,-2.57822,8.87498,24.6152,52.2221,166.241,154.688,109.803,88.6069,75.8139,68.7317,62.8638,57.9234,53.7066,48.745,44.0971,37.4263,28.7806,20.8766,15.2247,8.24819,0.0659077,211.033,210.871,207.761,207.761
59.72769618034363,0.011375798285007477,0.9999847412109375,0.0,4,0.101024,4.0,17524.7,230.495,-0.190137,-2.55889,9.07178,25.0933,53.003,164.963,153.532,109.222,87.8752,75.0526,67.9739,62.1197,57.1977,53.0023,48.0722,43.4601,36.8509,28.3034,20.5071,14.9426,8.08571,0.0441552,211.549,211.343,208.232,208.232
59.74894332885742,0.012458521500229837,0.9999847412109375,0.0,4,0.100011,4.0,17564.3,231.03,-0.263996,-2.54096,9.26592,25.5518,53.7042,163.698,152.418,108.877,87.2902,74.3959,67.3007,61.4451,56.531,52.3485,47.4407,42.8565,36.2995,27.8404,20.1452,14.6647,7.92447,0.0224861,212.057,211.819,208.702,208.702
59.7676944732666,0.012458521500229837,0.9999847412109375,0.0,4,0.0988933,4.0,17603.7,231.563,-0.333021,-2.52592,9.45738,25.9922,54.3362,162.442,151.332,108.734,86.8265,73.8235,66.6954,60.8267,55.9113,51.7345,46.8415,42.2794,35.7671,27.3889,19.7896,14.3904,7.76448,0.000926415,212.559,212.297,209.171,209.171
59.786338567733765,0.012458521500229837,0.9999847412109375,0.0,4,0.0977208,4.0,17642.9,232.095,-0.396989,-2.51143,9.64643,26.4191,54.9217,161.188,150.256,108.71,86.4293,73.2961,66.1251,60.2364,55.3146,51.14,46.2583,41.715,35.244,26.9431,19.4375,14.1184,7.60556,-0.0205028,213.055,212.779,209.637,209.637
59.808459758758545,0.011375798285007477,0.9999847412109375,0.0,4,0.0965392,4.0,17682.6,232.624,-0.44776,-2.499,9.83335,26.8366,55.4819,159.931,149.171,108.723,86.0443,72.7739,65.5577,59.6473,54.7186,50.5458,45.6753,41.1511,34.7213,26.4981,19.0865,13.8476,7.44763,-0.0417729,213.544,213.265,210.109,210.109
59.8261296749115,0.009357982873916626,0.9999847412109375,0.0,4,0.0954034,4.0,17721.5,233.152,-0.485578,-2.48725,10.0188,27.2513,56.0448,158.663,148.059,108.658,85.6004,72.2054,64.9513,59.0255,54.0946,49.9275,45.0725,40.571,34.1877,26.0474,18.7334,13.5763,7.29037,-0.0628847,214.026,213.755,210.571,210.571
59.846235036849976,0.008422890678048134,0.9999847412109375,0.0,4,0.0944001,4.0,17759.9,233.68,-0.504038,-2.47493,10.2039,27.6732,56.6535,157.374,146.892,108.326,84.9817,71.5095,64.2408,58.3172,53.3977,49.2471,44.4192,39.9503,33.6256,25.5811,18.3731,13.302,7.13327,-0.0838381,214.497,214.255,211.028,211.028
59.86861062049866,0.0067003373056650165,0.9999847412109375,0.0,4,0.0935523,4.0,17798.0,234.205,-0.494377,-2.46213,10.3891,28.1056,57.3201,156.062,145.666,107.663,84.1535,70.663,63.4082,57.5084,52.6167,48.4954,43.7079,39.2832,33.0313,25.0972,18.0048,13.0244,6.97625,-0.104633,214.963,214.757,211.481,211.481
59.88766098022461,0.005174625292420388,0.9999847412109375,0.0,4,0.0928399,4.0,17836.1,234.73,-0.468061,-2.45749,10.5742,28.5472,58.0366,154.728,144.388,106.702,83.1383,69.6842,62.4691,56.6118,51.7623,47.6815,42.9468,38.5761,32.4095,24.5983,17.6296,12.7441,6.81937,-0.125286,215.427,215.253,211.933,211.933
59.9063925743103,0.0032551348209381107,0.9999847412109375,0.0,4,0.0922858,4.0,17874.2,235.252,-0.431884,-2.45237,10.7599,29.0021,58.8173,153.37,143.054,105.382,81.9038,68.5515,61.4064,55.614,50.8235,46.7963,42.1283,37.8233,31.756,24.082,17.2465,12.4602,6.66236,-0.145817,215.891,215.753,212.386,212.386
59.925248861312866,0.0022215262055397035,0.9999847412109375,0.0,4,0.0919205,4.0,17915.9,235.771,-0.382646,-2.45542,10.947,29.4752,59.6808,151.985,141.653,103.639,80.4135,67.2396,60.2002,54.4986,49.7873,45.8289,41.2436,37.0174,31.0658,23.5454,16.8537,12.172,6.50496,-0.166251,216.348,216.254,212.881,212.881
59.9477813243866,0.0022215262055397035,0.9999847412109375,0.0,4,0.0917146,4.0,17953.8,236.291,-0.320104,-2.45826,11.1354,29.9645,60.6172,150.574,140.193,101.541,78.7099,65.7787,58.8752,53.2868,48.6707,44.7938,40.3042,36.1679,30.3453,22.9922,16.453,11.8802,6.34719,-0.186612,216.808,216.751,213.332,213.332
59.96755504608154,0.0022215262055397035,0.9999847412109375,0.0,4,0.0915877,4.0,17991.0,236.809,-0.255278,-2.45769,11.3242,30.4616,61.5887,149.149,138.701,99.2663,76.9009,64.2458,57.4928,52.028,47.515,43.7257,39.3387,35.2977,29.6107,22.4311,16.0487,11.5868,6.18935,-0.206922,217.275,217.239,213.774,213.774
59.98774003982544,0.0022215262055397035,0.9999847412109375,0.0,4,0.091478,4.0,18027.7,237.327,-0.201757,-2.45371,11.513,30.9594,62.5653,147.716,137.195,96.9513,75.0685,62.696,56.0972,50.7586,46.3511,42.6508,38.3676,34.4232,28.8732,21.8688,15.644,11.2933,6.03169,-0.227195,217.749,217.718,214.211,214.211
60.00779390335083,0.0022215262055397035,0.9999847412109375,0.0,4,0.0913636,4.0,18064.5,237.843,-0.162094,-2.46148,11.7013,31.4557,63.5364,146.279,135.683,94.6358,73.236,61.1474,54.7025,49.4902,45.1876,41.5764,37.3973,33.5493,28.1363,21.3069,15.2396,11.0002,5.87417,-0.247448,218.219,218.19,214.648,214.648
60.02671694755554,0.0022215262055397035,0.9999847412109375,0.0,4,0.0912382,4.0,18101.5,238.357,-0.134078,-2.46698,11.8894,31.9496,64.4989,144.839,134.167,92.3338,71.4118,59.6037,53.312,48.2251,44.0275,40.5049,36.429,32.6771,27.4007,20.7459,14.8357,10.7073,5.71678,-0.267689,218.693,218.662,215.088,215.088
60.04602932929993,0.0022215262055397035,0.9999847412109375,0.0,4,0.0910966,4.0,18146.1,238.863,-0.116123,-2.48976,12.0771,32.4408,65.4502,143.395,132.648,90.0506,69.5989,58.0687,51.9284,46.9655,42.8717,39.437,35.4641,31.8077,26.667,20.1859,14.4325,10.4148,5.5595,-0.28792,219.164,219.13,215.618,215.618
60.06607937812805,0.0022215262055397035,0.9999847412109375,0.0,4,0.0909426,4.0,18182.1,239.375,-0.104769,-2.50696,12.2645,32.9296,66.3922,141.947,131.124,87.7771,67.7915,56.5368,50.5473,45.7084,41.718,38.371,34.5003,30.9392,25.934,19.6265,14.0295,10.1224,5.40226,-0.308148,219.636,219.598,216.047,216.047
60.08622193336487,0.0022215262055397035,0.9999847412109375,0.0,4,0.090778,4.0,18218.0,239.884,-0.0980256,-2.51626,12.4517,33.4164,67.3258,140.495,129.595,85.508,65.9864,55.0071,49.1678,44.4522,40.565,37.3055,33.5373,30.0712,25.2014,19.0671,13.6265,9.83005,5.24504,-0.328376,220.107,220.067,216.473,216.473
60.10558319091797,0.0022215262055397035,0.9999847412109375,0.0,4,0.0906054,4.0,18253.3,240.393,-0.0942798,-2.52081,12.6387,33.9015,68.2525,139.039,128.06,83.2368,64.1799,53.4754,47.7869,43.1951,39.4112,36.2394,32.5734,29.2026,24.4683,18.5076,13.2234,9.5376,5.08778,-0.348606,220.577,220.533,216.893,216.893
60.126628398895264,0.0022215262055397035,0.9999847412109375,0.0,4,0.0904314,4.0,18288.9,240.9,-0.0920778,-2.54046,12.8257,34.3858,69.1756,137.577,126.515,80.9508,62.364,51.9376,46.4008,41.9336,38.2537,35.17,31.607,28.3319,23.7337,17.9471,12.8199,9.24489,4.93044,-0.368842,221.038,220.995,217.316,217.316
60.1477689743042,0.0022215262055397035,0.9999847412109375,0.0,4,0.0902564,4.0,18325.0,241.406,-0.0902957,-2.55611,13.0125,34.8693,70.0958,136.111,124.959,78.6495,60.5389,50.3932,45.0094,40.6678,37.0926,34.0976,30.6382,27.4593,22.9978,17.3858,12.4159,8.95201,4.77308,-0.389076,221.502,221.46,217.744,217.744
60.16810727119446,0.0022215262055397035,0.9999847412109375,0.0,4,0.0900752,4.0,18372.9,241.9,-0.0903734,-2.60404,13.1992,35.3513,71.0095,134.639,123.395,76.3402,58.7086,48.8454,43.6153,39.3997,35.9294,33.0234,29.668,26.5855,22.261,16.8241,12.0117,8.65899,4.61567,-0.409311,221.962,221.919,218.314,218.314
60.18663835525513,0.0022215262055397035,0.9999847412109375,0.0,4,0.089893,4.0,18406.7,242.404,-0.090531,-2.63635,13.3858,35.8324,71.9199,133.162,121.82,74.0157,56.869,47.2904,42.2154,38.1267,34.7625,31.9461,28.695,25.7095,21.5227,16.2615,11.607,8.36574,4.45823,-0.429548,222.425,222.381,218.716,218.716
60.20775651931763,0.002713725343346596,0.9999847412109375,0.0,4,0.089708,4.0,18441.1,242.905,-0.0908734,-2.65572,13.5723,36.3124,72.8256,131.679,120.233,71.6764,55.0204,45.7296,40.8108,36.8498,33.5921,30.8658,27.7198,24.8318,20.7831,15.6981,11.202,8.07229,4.30073,-0.449785,222.889,222.844,219.125,219.125
60.228442668914795,0.0067003373056650165,0.9999847412109375,0.0,4,0.089481,4.0,18475.0,243.406,-0.0909014,-2.6731,13.758,36.7854,73.7029,130.196,118.65,69.3819,53.1978,44.1864,39.4202,35.5844,32.4313,29.7935,26.751,23.9591,20.047,15.1367,10.798,7.77937,4.14335,-0.47002,223.351,223.297,219.528,219.528
60.24864339828491,0.013590455055236816,0.9999847412109375,0.0,4,0.0890557,4.0,18509.5,243.904,-0.0986499,-2.70625,13.94,37.2269,74.4534,128.735,117.139,67.361,51.5355,42.7537,38.1175,34.3906,31.3299,28.7715,25.8228,23.119,19.3338,14.5885,10.4006,7.48986,3.98679,-0.490228,223.825,223.73,219.938,219.938
60.265854597091675,0.022891879454255106,0.9999847412109375,0.0,4,0.0881602,4.0,18549.7,244.397,-0.142978,-2.74136,14.1133,37.5938,74.9048,127.333,115.818,66.0009,50.2571,41.5844,37.0239,33.367,30.3699,27.8687,24.9905,22.3559,18.6747,14.0711,10.019,7.20849,3.8322,-0.510361,224.33,224.135,220.393,220.393
60.28784918785095,0.027616359293460846,0.9999847412109375,0.0,5,0.0865037,4.0,18596.3,244.881,-0.262858,-2.81476,14.2717,37.8388,74.8779,126.031,114.799,65.7527,49.61,40.843,36.2681,32.617,29.6359,27.156,24.3111,21.7152,18.101,13.6025,9.66243,6.94014,3.68095,-0.530339,224.858,224.494,220.971,220.971
60.305936336517334,0.032783732190728186,0.9999847412109375,0.0,5,0.0840737,5.0,16663.8,244.89,-0.466759,-2.8615,14.4138,37.9572,74.3792,124.827,114.044,66.7777,49.6499,40.5549,35.8653,32.1498,29.1341,26.6374,23.7868,21.198,17.6134,13.1833,9.33155,6.68563,3.53379,-0.550038,225.265,224.723,216.397,215.823
60.32618761062622,0.03460461050271988,0.9999847412109375,0.0,5,0.0808884,5.0,16629.4,244.494,-0.723793,-2.88415,14.5382,37.951,73.4482,123.717,113.493,69.3792,50.4759,40.7643,35.8417,31.9821,28.8747,26.3196,23.4212,20.8064,17.2126,12.8139,9.0271,6.44586,3.3916,-0.569307,225.121,224.401,216.053,215.289
60.3458366394043,0.03460461050271988,0.9999847412109375,0.0,5,0.0770814,5.0,16244.7,244.08,-1.02769,-2.89951,14.6461,37.8414,72.1983,122.678,113.05,73.9145,52.1563,41.4791,36.1904,32.1,28.8421,26.1866,23.1992,20.5267,16.8881,12.488,8.74634,6.21991,3.25477,-0.588023,224.834,223.968,215.447,214.379
60.36862397193909,0.03460461050271988,0.9999847412109375,0.0,5,0.073054,5.0,16616.2,244.194,-1.31823,-2.90908,14.7438,37.6894,70.8774,121.653,112.574,80.3388,54.4916,42.5269,36.7642,32.379,28.9302,26.1474,23.0468,20.2994,16.5984,12.1827,8.4782,6.00263,3.12264,-0.606115,224.656,223.73,219.758,219.758
60.38619875907898,0.03460461050271988,0.9999847412109375,0.0,5,0.0691077,5.0,16650.8,244.58,-1.53593,-2.92485,14.8363,37.539,69.6452,120.602,111.993,88.6725,57.2865,43.745,37.4288,32.7086,29.0476,26.1254,22.9027,20.0762,16.3107,11.8802,8.21439,5.79012,2.99454,-0.623563,224.917,224.0,220.227,220.227
60.40782117843628,0.03101206421852112,0.9999847412109375,0.0,5,0.0652787,5.0,16673.9,244.973,-1.68553,-2.95446,14.9239,37.3939,68.5078,119.524,111.32,99.7086,60.6185,45.1406,38.1807,33.0825,29.1874,26.1147,22.7626,19.8538,16.0234,11.5803,7.9552,5.5828,2.87079,-0.640325,225.248,224.355,220.541,220.541
60.425814151763916,0.024417495727539065,0.9999847412109375,0.0,5,0.0617844,5.0,16694.5,245.367,-1.76396,-2.9762,15.0103,37.2826,67.5526,118.395,110.523,101.848,64.2122,46.5229,38.8766,33.3912,29.2642,26.047,22.5752,19.5941,15.7123,11.2712,7.69563,5.37853,2.75112,-0.656376,225.571,224.749,220.813,220.813
60.44773602485657,0.019988277927041054,0.9999847412109375,0.0,5,0.0589301,5.0,16715.2,245.763,-1.74592,-2.9899,15.1008,37.2442,66.8958,117.188,109.56,101.774,67.3226,47.4987,39.2475,33.4409,29.1329,25.81,22.2584,19.2368,15.3405,10.9349,7.42774,5.17359,2.63474,-0.671744,225.867,225.185,221.086,221.086
60.4658522605896,0.018610292673110963,0.9999847412109375,0.0,5,0.0567672,5.0,16737.3,246.158,-1.61742,-3.00181,15.197,37.2843,66.5367,115.902,108.439,101.127,69.4303,47.861,39.1719,33.1553,28.7424,25.3682,21.7898,18.7677,14.9008,10.5689,7.15053,4.96745,2.52131,-0.68648,226.153,225.628,221.378,221.378
60.48588180541992,0.018610292673110963,0.9999847412109375,0.0,5,0.0550525,5.0,16761.5,246.553,-1.42973,-3.01206,15.2952,37.3703,66.3562,114.565,107.221,100.211,70.7707,47.7816,38.7855,32.6423,28.1806,24.7938,21.2254,18.23,14.4219,10.1879,6.87069,4.76298,2.41109,-0.700645,226.462,226.047,221.696,221.696
60.50595021247864,0.019988277927041054,0.9999847412109375,0.0,5,0.0534999,5.0,16788.7,246.944,-1.25057,-3.02675,15.3913,37.4651,66.2277,113.207,105.967,99.1963,71.9467,47.5678,38.3009,32.0577,27.5666,24.1809,20.6353,17.6765,13.9371,9.80867,6.59536,4.56331,2.30441,-0.714289,226.802,226.433,222.055,222.055
60.52636003494263,0.024417495727539065,0.9999847412109375,0.0,5,0.0518963,5.0,16815.7,247.333,-1.11497,-3.04283,15.4818,37.542,66.0625,111.851,104.716,98.1776,73.5832,47.4875,37.8923,31.5249,26.9913,23.5993,20.0707,17.1442,13.4692,9.44211,6.32923,4.37037,2.20142,-0.727452,227.165,226.792,222.412,222.412
60.54798746109009,0.029289606586098672,0.9999847412109375,0.0,5,0.050019,5.0,16842.2,247.722,-1.03432,-3.05614,15.5632,37.5722,65.7705,110.519,103.509,97.2312,76.6296,47.8867,37.7705,31.1846,26.5563,23.1259,19.5864,16.6729,13.0425,9.09974,6.07728,4.18642,2.10251,-0.740138,227.551,227.12,222.762,222.762
60.56644010543823,0.03101206421852112,0.9999847412109375,0.0,5,0.0476677,5.0,16868.3,248.108,-1.03055,-3.06705,15.6316,37.5305,65.2769,109.229,102.378,96.4062,82.575,49.1898,38.1703,31.1863,26.3645,22.8355,19.2336,16.2986,12.6782,8.79169,5.84392,4.01353,2.00814,-0.75233,227.957,227.422,223.108,223.108
60.58759546279907,0.03101206421852112,0.9999847412109375,0.0,5,0.0448844,5.0,16894.2,248.492,-1.10471,-3.07797,15.6877,37.4235,64.6099,107.976,101.309,95.6628,89.2905,51.628,39.1714,31.5592,26.4259,22.7304,19.0108,16.0182,12.373,8.51594,5.62835,3.85144,1.91844,-0.763993,228.36,227.724,223.452,223.452
60.60790228843689,0.03101206421852112,0.9999847412109375,0.0,5,0.0418727,5.0,16919.9,248.875,-1.21154,-3.08674,15.7346,37.2784,63.8586,106.737,100.262,94.9254,89.8012,55.2664,40.7195,32.2367,26.6806,22.7597,18.878,15.8011,12.1076,8.26304,5.42654,3.6985,1.83327,-0.775093,228.741,228.047,223.791,223.791
60.62611269950867,0.029289606586098672,0.9999847412109375,0.0,5,0.0387847,5.0,16945.8,249.255,-1.31076,-3.09677,15.7749,37.1148,63.0852,105.499,99.21,94.1518,89.7087,60.3098,42.8036,33.1761,27.0859,22.8864,18.8065,15.6259,11.8689,8.02679,5.23603,3.55374,1.75261,-0.7856,229.101,228.386,224.134,224.134
60.645888328552246,0.024417495727539065,0.9999847412109375,0.0,5,0.0357692,5.0,16970.5,249.635,-1.38839,-3.10452,15.8108,36.9511,62.3441,104.246,98.1299,93.3129,89.3248,66.9967,45.3798,34.3117,27.5853,23.0657,18.764,15.4696,11.6432,7.80129,5.05456,3.41629,1.67642,-0.795493,229.445,228.742,224.461,224.461
60.66579604148865,0.02141547352075577,0.9999847412109375,0.0,5,0.0330669,5.0,16994.6,250.015,-1.42342,-3.10977,15.8467,36.8161,61.7163,102.959,96.9888,92.3666,88.6901,75.0181,48.1252,35.4276,28.0333,23.1941,18.6816,15.2857,11.4049,7.57529,4.87751,3.28408,1.60426,-0.804789,229.765,229.129,224.781,224.781
60.68596410751343,0.02141547352075577,0.9999847412109375,0.0,5,0.0307776,5.0,17018.6,250.396,-1.3862,-3.11365,15.8845,36.7209,61.2283,101.629,95.7767,91.3068,87.8482,81.8481,50.7479,36.3617,28.3322,23.2089,18.5222,15.0513,11.1426,7.34438,4.70319,3.15633,1.5359,-0.813508,230.07,229.527,225.098,225.098
60.70613431930542,0.02141547352075577,0.9999847412109375,0.0,5,0.0287453,5.0,17042.7,250.775,-1.30041,-3.11646,15.9216,36.6463,60.8195,100.272,94.5204,90.178,86.8884,81.9767,53.4524,37.2269,28.5602,23.1681,18.3267,14.7957,10.8737,7.11662,4.53488,3.03439,1.47146,-0.821674,230.388,229.907,225.417,225.417
60.72630023956299,0.02141547352075577,0.9999847412109375,0.0,5,0.0267979,5.0,17067.4,251.153,-1.21559,-3.11934,15.9555,36.572,60.4304,98.9038,93.2458,89.0199,85.8765,81.5305,56.6767,38.2218,28.8352,23.1514,18.1463,14.5531,10.6172,6.90029,4.37582,2.91957,1.41106,-0.82931,230.725,230.268,225.742,225.742
60.747891426086426,0.02141547352075577,0.9999847412109375,0.0,5,0.0248591,5.0,17092.1,251.53,-1.14903,-3.12288,15.9849,36.4896,60.0357,97.5304,91.9637,87.8488,84.8385,80.8925,60.8372,39.4833,29.2263,23.2013,18.0067,14.34,10.382,6.69895,4.22731,2.81233,1.35468,-0.83643,231.07,230.618,226.069,226.069
60.76603841781616,0.02141547352075577,0.9999847412109375,0.0,5,0.0229031,5.0,17116.8,251.905,-1.10255,-3.12696,16.0097,36.3966,59.6278,96.154,90.6777,86.6702,83.783,80.1503,66.4253,41.1179,29.776,23.3397,17.9192,14.1628,10.1708,6.51355,4.08954,2.71262,1.30221,-0.843059,231.417,230.962,226.396,226.396
60.78674936294556,0.02141547352075577,0.9999847412109375,0.0,5,0.0209233,5.0,17141.5,252.279,-1.07268,-3.13115,16.0299,36.2926,59.2054,94.7753,89.3883,85.4849,82.7124,79.3381,73.9988,43.2469,30.5206,23.5828,17.8914,14.0254,9.98549,6.34466,3.96268,2.6205,1.25363,-0.8492,231.765,231.305,226.723,226.723
60.80611062049866,0.018610292673110963,0.9058685302734375,0.0,5,0.0189192,5.0,17166.1,252.653,-1.05504,-3.13427,16.0455,36.1781,58.7696,93.3939,88.0956,84.293,81.6276,78.4723,74.6392,46.0303,31.5026,23.9466,17.9285,13.9302,9.82669,6.1924,3.84665,2.53584,1.20885,-0.854866,232.112,231.646,227.049,227.049
60.82560706138611,0.013590455055236816,0.2705841064453125,0.1529388427734375,5,0.0169856,5.0,17146.6,252.967,-1.04321,-3.13733,16.0582,36.0638,58.3494,92.0023,86.7876,83.0789,80.5098,77.5369,74.2674,49.4346,32.6581,24.385,18.0027,13.8595,9.6855,6.05316,3.7401,2.45809,1.16776,-0.860061,232.43,231.979,226.797,226.797
60.847808837890625,0.011375798285007477,0.0,0.5294036865234375,5,0.0153577,5.0,16820.3,252.574,-1.00618,-3.13622,16.0722,35.9761,58.0139,90.5838,85.4384,81.8082,79.317,76.4817,73.529,52.8176,33.6812,24.7252,18.0197,13.7579,9.535,5.91638,3.63881,2.3853,1.12988,-0.864813,229.794,229.389,222.633,222.423
60.867494344711304,0.005912876129150391,0.0,0.7568511962890625,5,0.0140492,5.0,16471.8,251.019,-0.950354,-3.13359,16.0879,35.9161,57.7644,89.144,84.0543,80.4884,78.0593,75.328,72.5773,55.8836,34.4736,24.9259,17.9631,13.6182,9.37271,5.78122,3.54234,2.31715,1.09502,-0.86915,221.719,221.31,218.358,217.605
60.88611078262329,0.0017785374075174332,0.0,0.89410400390625,5,0.0130555,5.0,16202.9,248.64,-0.909932,-3.12042,16.1059,35.8846,57.5989,87.6899,82.6432,79.1288,76.7484,74.0949,71.4786,58.2966,34.9431,24.9499,17.8182,13.4326,9.19458,5.64523,3.44901,2.25246,1.06254,-0.873155,213.698,213.247,214.837,214.076
60.90631651878357,0.0,0.0,0.9764556884765625,5,0.0124881,5.0,15929.5,245.805,-0.835343,-3.08232,16.1286,35.8944,57.5495,86.2162,81.1963,77.7178,75.3702,72.766,70.2255,59.1527,34.8213,24.6743,17.5266,13.1691,8.98546,5.50208,3.35595,2.18965,1.03185,-0.876887,206.055,205.566,211.226,210.491
60.92693018913269,-0.0010389462113380432,0.0,0.9999847412109375,5,0.0122601,5.0,15652.1,242.694,-0.727973,-3.01385,16.155,35.9368,57.5915,84.732,79.7268,76.2726,73.9461,71.3708,68.8679,58.5324,34.1947,24.1539,17.1189,12.8453,8.7532,5.35406,3.26347,2.12852,1.00262,-0.8804,198.727,198.272,207.452,206.928
60.94607162475586,-0.0013833228498697282,0.0,0.9999847412109375,5,0.0121395,5.0,15404.4,239.456,-0.629899,-2.90548,16.1817,35.9875,57.6589,83.2566,78.2633,74.83,72.5212,69.9689,67.493,57.4619,33.4319,23.5749,16.6884,12.5133,8.52105,5.20908,3.17396,2.06972,0.974713,-0.883743,191.286,191.993,204.01,203.709
60.96664047241211,-0.0010389462113380432,0.0,0.9999847412109375,5,0.0120608,5.0,15172.0,236.157,-0.544687,-2.82877,16.2079,36.0401,57.7343,81.7956,76.8135,73.4,71.1079,68.5767,66.124,56.2442,32.6336,22.9865,16.2594,12.1859,8.29436,5.06857,3.08764,2.01317,0.947945,-0.886944,184.849,186.431,201.037,200.712
60.98599338531494,0.0007448330521583557,0.0,0.9999847412109375,5,0.0120446,5.0,14953.0,232.86,-0.462749,-2.68497,16.234,36.097,57.8236,80.3477,75.3754,71.9802,69.7029,67.1896,64.7543,54.7881,31.7716,22.3739,15.8236,11.8581,8.07042,4.93134,3.00389,1.95851,0.92218,-0.890019,178.643,180.851,198.103,197.79
61.00644016265869,0.009391125729928416,0.0,0.9999847412109375,5,0.0120704,5.0,14738.6,229.575,-0.381806,-2.55034,16.26,36.1565,57.9219,78.9141,73.9513,70.5732,68.3095,65.812,63.3903,53.1968,30.8765,21.7515,15.3871,11.5328,7.85025,4.79742,2.92253,1.90555,0.897286,-0.892985,172.794,174.86,195.027,194.927
61.02749013900757,0.02515653193155925,0.0,0.9999847412109375,5,0.0119225,5.0,14515.7,226.368,-0.32578,-2.49993,16.282,36.1949,57.9664,77.512,72.5654,69.2105,66.9664,64.4949,62.105,52.4178,30.2667,21.2769,15.0294,11.2546,7.65438,4.67438,2.84633,1.85542,0.873442,-0.895844,165.621,168.382,191.93,192.365
61.04623365402222,0.032767088619420924,0.0,0.9999847412109375,5,0.0114724,5.0,14283.1,223.209,-0.308935,-2.43245,16.298,36.1979,58.0128,76.151,71.2318,67.9101,65.6952,63.2658,60.937,53.0447,30.1291,21.041,14.7951,11.0487,7.4947,4.56696,2.7772,1.80901,0.850897,-0.898577,158.616,161.003,188.42,189.806
61.06580138206482,0.03356797517786423,0.0,0.9999847412109375,5,0.010842,5.0,14085.1,220.11,-0.324323,-2.32209,16.3097,36.1785,80.2315,74.8212,69.9358,66.6529,64.4725,62.0938,59.8394,54.6945,30.305,20.96,14.6411,10.8908,7.36009,4.47122,2.71385,1.76589,0.829664,-0.901169,150.366,152.67,185.371,187.055
61.08538460731506,0.03435413100580374,0.0,0.9999847412109375,5,0.0101992,5.0,13875.4,217.068,-0.351532,-2.28316,16.32,36.1552,78.9221,73.509,68.6581,65.4141,63.2679,60.9393,58.7564,54.742,30.558,20.9158,14.5085,10.7477,7.23535,4.38154,2.65425,1.72527,0.809625,-0.903617,141.665,143.416,182.668,184.294
61.10643005371094,0.03512478080163399,0.0,0.9999847412109375,5,0.00970524,5.0,13667.9,214.086,-0.35802,-2.25707,16.3317,36.1456,77.6205,72.2016,67.3805,64.1707,62.0542,59.7675,57.6414,53.9775,30.6223,20.7841,14.3374,10.5865,7.10518,4.2921,2.59618,1.68613,0.79054,-0.905934,132.323,133.415,179.91,181.542
61.12606763839722,0.03588431794111928,0.0,0.98822021484375,5,0.00939434,5.0,13465.9,211.147,-0.337603,-2.24209,16.3454,36.1537,76.3245,70.8958,66.0993,62.9183,60.8261,58.5725,56.4882,53.0084,30.4177,20.5322,14.1129,10.3991,6.96598,4.20145,2.53894,1.64809,0.772268,-0.908136,122.519,122.904,177.194,178.815
61.14541959762573,0.03662989965170622,0.0,0.9842987060546875,5,0.00919312,5.0,13268.1,208.262,-0.305598,-2.25638,16.36,36.1716,75.0374,69.5972,64.8226,61.6674,59.5966,57.3711,55.3206,51.9601,30.0561,20.2141,13.8615,10.1998,6.8239,4.11157,2.48308,1.61129,0.754743,-0.910239,111.959,112.595,174.793,176.207
61.16782879829407,0.03529544041657821,0.0,0.9842987060546875,5,0.00911587,5.0,13034.8,205.394,-0.260198,-2.28756,16.3759,36.2013,73.7581,68.3047,63.5488,60.4163,58.3636,56.161,54.136,50.8428,29.5102,19.8188,13.578,9.98601,6.67759,4.02184,2.42832,1.57555,0.737897,-0.912249,102.164,102.474,172.05,173.571
61.187936782836914,0.02632175850436091,0.0,0.9842987060546875,5,0.00913828,5.0,12880.6,202.508,-0.208942,-2.24203,16.3929,36.2404,72.4878,67.0199,62.2806,59.1682,57.1311,54.9475,52.9416,49.6797,28.8227,19.3651,13.2705,9.76137,6.52833,3.93241,2.37448,1.54068,0.721595,-0.914186,92.5866,92.3912,169.68,170.937
61.20656991004944,0.021647981246064107,0.0,0.98822021484375,5,0.00920552,5.0,12624.2,199.68,-0.163363,-2.27825,16.4101,36.2833,71.229,65.7472,61.0237,57.9306,55.9082,53.742,51.7526,48.507,28.0867,18.8939,12.958,9.53587,6.38019,3.84446,2.32186,1.5067,0.705769,-0.916062,82.782,82.4429,166.385,168.391
61.225017070770264,0.022062017609039322,0.0,0.9921417236328125,5,0.00935047,5.0,12472.1,196.805,-0.116783,-2.21013,16.4282,36.3337,69.98,64.4837,59.7748,56.699,54.6895,52.5376,50.5599,47.3017,27.2543,18.3822,12.6284,9.30249,6.22971,3.75656,2.26978,1.47326,0.690291,-0.917891,72.6156,72.2686,164.401,165.752
61.24778366088867,0.029761923244139184,0.0,0.996063232421875,5,0.00954169,5.0,12265.4,193.987,-0.067567,-2.1456,16.4467,36.3884,68.7424,63.2319,58.537,55.4777,53.48,51.341,49.3723,46.0809,26.3822,17.8548,12.2934,9.06734,6.07947,3.6695,2.21847,1.44042,0.675141,-0.919678,62.6535,61.9266,161.08,163.06
61.26526880264282,0.05342919656475385,0.0,0.9999847412109375,5,0.00981015,5.0,12023.0,191.152,-0.0121256,-2.13253,16.4662,36.4509,67.5144,61.9896,57.3072,54.2626,52.275,50.1459,48.1812,44.8154,25.4327,17.2932,11.9434,8.82497,5.92681,3.58217,2.16745,1.40793,0.660235,-0.921431,53.1649,51.358,158.212,160.385
61.28753972053528,0.09847243756715207,0.0,0.9999847412109375,5,0.0100505,5.0,11855.3,188.324,0.0362078,-2.03457,16.4851,36.51,66.3016,60.7645,56.0963,53.0675,51.0907,48.9729,47.0141,43.5731,24.5552,16.7653,11.6102,8.59231,5.77908,3.49707,2.11751,1.37604,0.645565,-0.923159,42.5629,40.6114,155.669,157.71
61.305980920791626,0.16759869761704776,0.0,0.8659078289998385,5,0.0102031,5.0,11619.6,185.554,0.0706885,-2.03606,16.5022,36.559,65.1071,59.5614,54.9104,51.8999,49.9363,47.8337,45.8868,42.4104,23.8191,16.3043,11.3102,8.37864,5.64061,3.41587,2.06929,1.34505,0.631204,-0.924857,31.8573,29.7178,152.807,155.108
61.32609009742737,0.22216915218878538,0.0,0.8222521314856926,5,0.010225,5.0,11556.3,182.804,0.0794679,-1.93099,16.5169,36.5932,63.9329,58.3833,53.7535,50.7648,48.8179,46.7357,44.8097,41.377,23.2613,15.9284,11.052,8.1886,5.5134,3.3392,2.02298,1.315,0.617125,-0.926531,25.5997,23.1208,151.482,153.835
61.34777617454529,0.27272616597008886,0.0,0.7818071376116971,4,0.0102193,5.0,11420.6,180.185,0.0857968,-1.93785,16.5309,36.6239,62.7735,57.2217,52.6145,49.6484,47.7188,45.6583,43.7551,40.3833,22.7469,15.5746,10.8059,8.00595,5.39024,3.26451,1.9777,1.28555,0.603299,-0.928178,20.0263,17.8149,150.506,152.318
61.36633658409119,0.3223058945496877,0.0,0.7421439599693141,4,0.0100791,4.0,12699.9,177.655,0.0675367,-1.82322,16.5424,36.6391,61.6338,56.084,51.5033,48.5633,46.6543,44.6209,42.7491,39.5103,22.4011,15.302,10.6004,7.84649,5.27836,3.19452,1.93448,1.25716,0.589826,-0.929791,15.5628,13.4244,149.991,151.176
61.385504722595215,0.36190231568745646,0.0,0.7104673064138494,4,0.00989979,4.0,12655.9,175.258,0.0436143,-1.80858,16.5529,36.6494,60.5079,54.9623,50.4094,47.4965,45.6091,43.6038,41.7655,38.6643,22.1075,15.0554,10.4084,7.69534,5.17099,3.12676,1.89241,1.22945,0.576636,-0.931373,12.4765,9.82951,149.222,149.623
61.406657457351685,0.38887156707545123,0.0,0.688892234517948,4,0.00968617,4.0,12306.4,172.963,0.0129142,-1.83504,16.5626,36.6554,59.395,53.8552,49.3313,46.4464,44.5812,42.6053,40.802,37.8365,21.8569,14.8299,10.2278,7.55103,5.06734,3.06079,1.85128,1.2023,0.56368,-0.932929,11.0099,6.61438,145.838,147.354
61.42513656616211,0.4171554352714525,0.0,0.6662654852232099,4,0.00962513,4.0,12132.0,170.635,0.0056624,-1.79025,16.5747,36.6777,58.285,52.7486,48.2505,45.39,43.5437,41.5914,39.8138,36.9197,21.43,14.5247,10.0102,7.3874,4.95567,2.99244,1.8096,1.17511,0.550872,-0.934457,8.67314,3.39456,143.912,145.212
61.44757556915283,0.44655154211754594,0.0,0.09999847412109375,4,0.00967663,4.0,11977.3,168.372,0.0127133,-1.75668,16.5885,36.7195,57.18,51.6456,47.1711,44.3326,42.5027,40.5702,38.8118,35.9497,20.8792,14.1641,9.7674,7.21071,4.83869,2.92256,1.76762,1.14795,0.53819,-0.935963,6.28752,0.802692,141.37,143.333
61.465999364852905,0.46811107529640195,0.0,0.6255015952203405,4,0.00992459,4.0,12237.2,166.372,0.0517918,-1.72609,16.6054,37.0112,56.0745,50.5391,46.0843,43.2635,41.4459,39.5266,37.7767,34.877,20.1222,13.7092,9.4805,7.0104,4.71145,2.84922,1.72456,1.12046,0.525537,-0.937453,23.7714,17.299,144.979,145.779
61.48628377914429,0.48161095621380956,0.0,0.6147018552798826,4,0.0100171,4.0,11814.0,164.42,0.0833062,-1.70791,16.6196,38.2983,54.9855,49.4535,45.0227,42.2235,40.4218,38.5213,36.789,33.9088,19.5541,13.3433,9.23711,6.83461,4.59592,2.78064,1.68353,1.09397,0.513201,-0.938916,22.913,15.3022,139.825,140.746
61.50624394416809,0.5045590359407477,0.0,0.5963436716262586,4,0.00991076,4.0,11613.9,162.31,0.0835144,-1.72403,16.63,59.3705,53.9168,48.3934,43.9917,41.2187,39.4375,37.5627,35.8593,33.0726,19.2062,13.082,9.04525,6.68797,4.49439,2.71778,1.64494,1.0687,0.501248,-0.940345,21.5364,13.1866,137.561,138.671
61.526551723480225,0.5191659487463037,0.0,0.5846583196888547,4,0.00964421,4.0,11468.6,160.206,0.0597187,-1.71072,16.6374,58.3539,52.8667,47.3559,42.9872,40.244,38.4866,36.6428,34.9767,32.3267,19.0287,12.9015,8.89361,6.56424,4.40399,2.65956,1.6084,1.04449,0.489655,-0.94174,20.5113,11.6075,135.88,136.861
61.54643702507019,0.5340110466759777,0.0,0.57278242255969,4,0.00934666,4.0,11332.5,158.116,0.0339437,-1.6975,16.644,57.3464,51.8281,46.3314,41.9967,39.284,37.5509,35.7388,34.1105,31.59,18.8914,12.7407,8.75241,6.44712,4.31742,2.60339,1.57299,1.02099,0.478376,-0.943098,19.8932,10.438,134.263,135.066
61.56594681739807,0.5584577797378103,0.0,0.5510558234164454,4,0.00905293,4.0,11197.7,156.048,0.0126187,-1.65818,16.6503,56.3467,50.7991,45.3172,41.0167,38.3344,36.6254,34.8447,33.2535,30.8477,18.7582,12.5832,8.61439,6.33277,4.23301,2.54868,1.53855,0.998142,0.467418,-0.944418,19.1515,9.74007,132.926,133.297
61.58610248565674,0.5739080040287972,0.0,0.5238970191925779,3,0.00880497,4.0,11032.7,154.004,0.00104238,-1.62361,16.6571,55.3534,49.7774,44.3102,40.0433,37.3905,35.7048,33.9537,32.3968,30.0872,18.5857,12.4099,8.47054,6.21641,4.14873,2.49479,1.50487,0.975886,0.456788,-0.945695,20.0359,9.96077,130.752,131.645
61.606414556503296,0.5894067053915374,0.0,0.4849457953022915,3,0.00842207,3.0,13496.8,152.038,-0.0218758,-1.59455,16.6612,54.3729,48.7724,43.3233,39.0931,36.4724,34.8124,33.0945,31.577,29.3791,18.5692,12.3074,8.36114,6.11972,4.0742,2.44518,1.4732,0.95473,0.446571,-0.94693,20.5222,11.4838,130.331,130.739
61.62655520439148,0.5948761395142693,0.0,0.44804650155729425,3,0.00769966,3.0,13447.6,150.201,-0.078739,-1.64149,16.659,53.4125,47.7945,42.3702,38.1833,35.601,33.9724,32.2963,30.8303,28.7785,18.9541,12.3789,8.33292,6.06758,4.02054,2.40396,1.44512,0.935384,0.436939,-0.948111,21.7454,14.7168,128.863,129.414
61.647698163986206,0.6004319174527657,0.0,0.39533893383349616,3,0.00688809,3.0,13125.3,148.335,-0.128136,-1.61943,16.6549,52.4628,46.8301,41.4327,37.2905,34.7479,33.1515,31.5183,30.1041,28.186,19.5102,12.5165,8.3348,6.03252,3.9757,2.36701,1.41929,0.917396,0.427892,-0.949226,25.6653,18.6849,127.217,127.22
61.66514039039612,0.6062735231951717,0.0,0.3211010134481897,3,0.00602835,3.0,13015.7,146.373,-0.161497,-1.50516,16.6491,51.5225,45.8772,40.5079,36.4114,33.909,32.3451,30.7544,29.3909,27.5917,20.2308,12.713,8.36318,6.01301,3.93954,2.33472,1.39611,0.901082,0.419613,-0.950251,31.9427,24.0556,125.868,125.622
61.68570923805237,0.6117667763015628,0.0,0.22024967326605002,3,0.00485009,3.0,12879.8,144.528,-0.218567,-1.47129,16.6371,50.6022,44.95,39.6146,35.5691,33.1116,31.5843,30.0417,28.7348,27.061,21.5781,13.136,8.48804,6.04471,3.92731,2.3125,1.3776,0.887329,0.412301,-0.951175,40.0526,31.1596,124.218,124.839
61.706074476242065,0.6167985365995579,0.0,0.11918904499065938,3,0.00371807,3.0,12817.9,142.838,-0.227003,-1.36427,16.6249,49.6872,44.0288,38.7268,34.7314,32.3176,30.8252,29.3277,28.0724,26.503,23.1612,13.615,8.63412,6.08927,3.92332,2.29554,1.36247,0.875849,0.406105,-0.951962,50.2742,40.8525,123.313,124.071
61.72651982307434,0.6214313289212621,0.0,0.07843017578125,3,0.00235813,3.0,12721.5,141.282,-0.20325,-1.38701,16.6073,48.7875,43.1272,37.8628,33.921,31.5538,30.0987,28.6489,27.4471,25.9798,23.6563,14.3641,8.88601,6.1894,3.94626,2.29096,1.35364,0.868099,0.401483,-0.952573,64.46,53.1429,122.758,123.313
61.747716665267944,0.6257812708120142,0.0,0.0,3,0.000232395,3.0,12662.1,139.821,-0.174783,-1.25291,16.5751,47.9241,42.2734,37.0582,33.1814,30.8709,29.4611,28.0692,26.9316,25.5805,23.7051,15.9659,9.44376,6.43883,4.03429,2.31246,1.35655,0.866674,0.399213,-0.952941,78.4566,65.8331,122.858,121.854
61.765679597854614,0.6295476476031169,0.0,0.0,3,-0.00348884,3.0,12577.0,138.556,-0.218387,-1.21155,16.5139,47.1298,41.5099,36.3661,32.5758,30.3402,28.9904,27.6736,26.6172,25.4031,23.8805,20.2122,10.7816,7.03272,4.25872,2.38375,1.38021,0.875827,0.400562,-0.952958,93.012,80.2283,122.201,120.916
61.78605270385742,0.6331353820167762,0.0,0.0,3,-0.00979549,3.0,12462.1,137.351,-0.325653,-1.1864,16.407,46.4436,40.8863,35.8461,32.172,30.0349,28.7628,27.5393,26.5789,25.5119,24.2725,22.6689,14.3615,8.4365,4.75845,2.54518,1.43919,0.902396,0.407657,-0.95243,106.331,93.3468,121.446,119.555
61.805763959884644,0.6360889359905105,0.0,0.0,3,-0.0197542,3.0,12370.6,136.359,-0.659293,-1.1238,16.2382,45.9047,40.4507,35.5542,32.0288,30.0125,28.8323,27.7157,26.8563,25.9295,24.9082,23.7401,21.5347,12.2825,5.86092,2.86845,1.55539,0.95581,0.423187,-0.951122,114.572,103.887,120.853,118.167
61.826746702194214,0.6385154949507862,0.0,0.0,3,-0.0337771,3.0,12275.4,135.544,-1.25541,-1.21728,16.0045,45.5226,40.2114,35.4936,32.1408,30.2562,29.171,28.1615,27.3975,26.5891,25.7272,24.7945,23.3072,21.0254,8.53182,3.48194,1.75891,1.04749,0.450172,-0.948769,119.464,110.988,120.547,116.859
61.8462176322937,0.6405222443240695,0.0,0.0,3,-0.0512765,3.0,12211.8,134.87,-2.07757,-1.18049,15.7202,45.2647,40.1231,35.6023,32.4301,30.6732,29.6753,28.7592,28.0757,27.3634,26.6169,25.8292,24.6404,23.0994,17.752,4.64508,2.08911,1.18927,0.49116,-0.945159,121.737,114.833,120.279,115.752
61.86804556846619,0.6422461432664004,0.0,0.0,3,-0.0712522,3.0,12134.8,134.291,-3.17615,-1.28393,15.4049,45.0846,40.1246,35.803,32.8068,31.1651,30.2425,29.4035,28.7835,28.144,27.4823,26.7951,25.7811,24.529,21.7382,7.05808,2.60802,1.39553,0.548496,-0.940125,122.751,116.555,119.762,114.835
61.88764786720276,0.643946223225072,0.0,0.0,3,-0.0927976,3.0,12096.0,133.72,-4.30539,-1.21102,15.0752,44.943,40.1656,36.0355,33.2034,31.6631,30.8038,30.0276,29.4578,28.874,28.2746,27.658,26.7619,25.6813,23.4298,13.5614,3.42264,1.68386,0.623797,-0.933613,123.012,117.12,119.751,114.001
61.90608477592468,0.6455659141138941,0.0,0.0,3,-0.115334,3.0,12020.6,133.176,-5.638,-1.30557,14.7405,44.8164,40.2167,36.2663,33.5823,32.1339,31.3281,30.6037,30.0744,29.5343,28.9828,28.4189,27.6065,26.6405,24.6925,19.7769,4.75309,2.08127,0.719173,-0.925561,122.88,117.098,119.109,113.27
61.927690744400024,0.6580957779352987,0.0,0.0,3,-0.138447,3.0,11972.3,132.591,-6.80209,-1.21513,14.4067,44.6898,40.2595,36.4758,33.9243,32.5569,31.7995,31.1192,30.6232,30.1187,29.6053,29.0825,28.3335,27.4505,25.7031,21.6533,7.11322,2.6284,0.837098,-0.915906,122.511,116.75,118.818,112.563
61.94502854347229,0.6598726235196491,0.0,0.0,3,-0.162134,3.0,11898.9,132.004,-8.11806,-1.25759,14.0738,44.563,40.2944,36.6662,34.2344,32.9384,32.2233,31.5829,31.1167,30.6428,30.1611,29.6718,28.9734,28.1549,26.5534,22.9954,12.1036,3.39336,0.980578,-0.904608,121.964,116.183,118.133,111.875
61.96686005592346,0.6617675218770653,0.0,0.0,3,-0.186055,3.0,11841.7,131.378,-9.30792,-1.20386,13.7456,44.4254,40.309,36.8246,34.5009,33.268,32.5896,31.9835,31.5433,31.0966,30.6433,30.1832,29.527,28.7603,27.2717,24.0457,17.1596,4.48252,1.15257,-0.891639,121.338,115.516,117.696,111.185
61.98573446273804,0.6637138791355615,0.0,0.0,3,-0.210284,3.0,11769.0,130.735,-10.5984,-1.2132,13.421,44.2801,40.3076,36.9572,34.7322,33.5557,32.91,32.3341,31.9164,31.4932,31.0645,30.63,30.0118,29.2903,27.8936,24.9135,19.0598,6.09769,1.35681,-0.876998,120.653,114.778,116.992,110.496
62.006250858306885,0.6657722351787612,0.0,0.0,3,-0.234848,3.0,11704.0,130.055,-11.8314,-1.18114,13.0998,44.1285,40.2924,37.0674,34.9331,33.8079,33.1914,32.6424,32.2447,31.8422,31.435,31.0228,30.4373,29.7558,28.44,25.6542,20.414,8.65171,1.59775,-0.860687,119.939,113.986,116.459,109.773
62.02667474746704,0.6679032390823091,0.0,0.0,3,-0.259929,3.0,11627.4,129.351,-13.19,-1.19118,12.7806,43.976,40.2704,37.1639,35.114,34.0358,33.446,32.9213,32.5416,32.1577,31.7696,31.3773,30.8206,30.1738,28.9293,26.3076,21.5008,12.727,1.88115,-0.84273,119.197,113.153,115.737,109.013
62.04645848274231,0.6701583497472853,0.0,0.0,3,-0.285613,3.0,11553.6,128.606,-14.5687,-1.20139,12.4634,43.8248,40.2448,37.2507,35.2797,34.2451,33.6798,33.1774,32.8141,32.447,32.0762,31.7016,31.1708,30.5549,29.3727,26.8959,22.4187,15.0701,2.21405,-0.823158,118.438,112.283,115.14,108.204
62.06674027442932,0.6725224322027837,0.0,0.0,3,-0.31165,3.0,11481.2,127.825,-15.942,-1.17118,12.1499,20.9963,40.2081,37.3196,35.4222,34.4278,33.885,33.403,33.0546,32.7029,32.3477,31.9892,31.4816,30.8932,29.7661,27.4163,23.2066,16.6131,2.60442,-0.801966,117.638,111.38,114.527,107.403
62.08576560020447,0.6861120669852042,0.0,0.0,3,-0.337439,3.0,11405.5,127.021,-17.2418,-1.14376,11.8433,19.2536,40.1433,37.3519,35.5221,34.5644,34.0421,33.5785,33.2437,32.9058,32.5648,32.2207,31.7338,31.17,30.0916,27.8516,23.8682,17.7932,3.05973,-0.779124,116.772,110.45,113.842,106.628
62.106024503707886,0.6886567670663633,0.0,0.0,3,-0.3631,3.0,11326.5,126.194,-18.5202,-1.12794,11.542,18.0619,40.0564,37.355,35.5876,34.6637,34.1602,33.7135,33.391,33.0657,32.7375,32.4065,31.9384,31.3967,30.362,28.2191,24.4331,18.7497,3.59149,-0.754667,115.839,109.465,113.096,105.851
62.125083923339844,0.6912722387338182,0.0,0.0,3,-0.388649,3.0,11245.7,125.344,-19.7888,-1.12894,11.2453,17.0883,39.9498,37.3318,35.6223,34.7295,34.2433,33.8122,33.5011,33.1873,32.8708,32.5518,32.1008,31.5793,30.5841,28.5278,24.9163,19.5465,4.21358,-0.72863,114.909,108.471,112.326,105.06
62.147690296173096,0.7053000774756074,0.0,0.0,3,-0.413826,3.0,11163.4,124.482,-21.0352,-1.15709,10.9539,16.2553,39.818,37.2768,35.6202,34.7561,34.2857,33.8689,33.5681,33.2648,32.9591,32.651,32.2156,31.7124,30.753,28.7745,25.3158,20.2109,4.93989,-0.70107,113.976,107.508,111.535,104.263
62.16609215736389,0.7080303560681641,0.0,0.0,3,-0.438408,3.0,11080.7,123.609,-22.2041,-1.19258,10.668,15.5271,39.6573,37.1861,35.5775,34.7396,34.2837,33.8798,33.5885,33.2948,32.9989,32.7007,32.2796,31.7929,30.8659,28.9576,25.6342,20.7597,5.78658,-0.672027,112.965,106.513,110.716,103.484
62.186185359954834,0.7107981642633676,0.0,0.0,3,-0.46242,3.0,10998.1,122.724,-23.2799,-1.22306,10.3863,14.8767,39.4708,37.0635,35.4986,34.6845,34.2419,33.8499,33.5672,33.2824,32.9954,32.7063,32.2981,31.8266,30.9291,29.0844,25.8824,21.2127,6.75873,-0.641538,111.923,105.509,109.884,102.719
62.2062668800354,0.713603502061218,0.0,0.0,3,-0.486106,3.0,10913.6,121.827,-24.3136,-1.26954,10.1071,14.2815,39.267,36.9185,35.3941,34.6018,34.1714,33.7903,33.5156,33.2389,32.9602,32.6794,32.2832,31.8257,30.9554,29.169,26.0771,21.5923,7.65379,-0.609627,110.856,104.492,109.018,101.954
62.22598433494568,0.7164932814650238,0.0,0.0,3,-0.50999,3.0,10825.5,120.903,-25.3659,-1.32647,9.82845,13.72,39.0604,36.7675,35.2812,34.5094,34.0903,33.7195,33.4523,33.1832,32.9122,32.6393,32.2542,31.8098,30.9649,29.2327,26.242,21.9238,8.4402,-0.576344,109.783,103.46,108.186,101.088
62.246126651763916,0.7194925222098828,0.0,0.0,3,-0.534268,3.0,10739.3,119.944,-26.42,-1.35861,9.54985,13.1845,38.8566,36.6166,35.1665,34.414,34.0056,33.6444,33.3842,33.1222,32.8585,32.5931,32.2185,31.7865,30.9653,29.2837,26.3867,22.2194,9.14436,-0.541716,108.732,102.397,107.39,100.216
62.266899824142456,0.7225855869613588,0.0,0.0,3,-0.558754,3.0,10654.1,118.955,-27.4446,-1.36223,9.27155,12.6768,38.6516,36.4612,35.0453,34.3112,33.9129,33.5606,33.307,33.0517,32.7947,32.5361,32.1714,31.7509,30.9521,29.3178,26.5075,22.4777,9.77836,-0.50574,107.678,101.306,106.591,99.3691
62.28607368469238,0.7257537109181286,0.0,0.0,3,-0.583313,3.0,10567.8,117.942,-28.4374,-1.34854,8.99356,12.1972,38.4428,36.2988,34.915,34.198,33.8092,33.4654,33.2179,32.9688,32.7181,32.4659,32.1104,31.7006,30.9226,29.3324,26.6026,22.6989,10.3508,-0.468424,106.608,100.192,105.771,98.5216
62.30603814125061,0.7289750018119812,0.0,0.0,3,-0.607837,3.0,10480.0,116.912,-29.3921,-1.32236,8.71575,11.7452,38.2285,36.1275,34.7737,34.0728,33.6928,33.3569,33.1151,32.8718,32.6271,32.3809,32.0338,31.6339,30.8752,29.3261,26.6711,22.8837,10.8675,-0.429786,105.522,99.0668,104.927,97.6701
62.32574987411499,0.7322432047091425,0.0,0.0,2,-0.632224,3.0,10390.7,115.867,-30.3048,-1.29012,8.4379,11.3204,16.3698,35.946,34.62,33.934,33.5622,33.2337,32.9973,32.7594,32.5201,32.2795,31.9403,31.5496,30.8088,29.298,26.7125,23.0325,11.3303,-0.389851,104.422,97.9363,104.06,96.8134
62.34894061088562,0.7354863878712058,0.0,0.0,2,-0.656372,2.0,13040.5,114.83,-31.1741,-1.25955,8.16309,10.9224,14.9821,35.7528,34.4523,33.7801,33.416,33.0944,32.8629,32.6301,32.3959,32.1604,31.8286,31.4465,30.7223,29.2468,26.7261,23.1459,11.7424,-0.348645,103.317,96.8047,104.126,97.3942
62.36623430252075,0.7386075998246671,0.0,0.0,2,-0.680091,2.0,12994.3,113.832,-32.0002,-1.24397,7.89808,10.5521,14.1499,35.5444,34.2671,33.6076,33.2505,32.9351,32.7083,32.4801,32.2506,32.0199,31.695,31.3208,30.6119,29.1689,26.7085,23.2213,12.1052,-0.306188,102.208,95.7162,103.926,97.6492
62.38635015487671,0.7416568800397217,0.0,0.0,2,-0.681712,2.0,12913.3,112.857,-32.7587,-1.24001,7.64337,10.2106,13.5131,35.3173,34.0608,33.4128,33.0622,32.7525,32.5299,32.3059,32.0808,31.8545,31.5358,31.169,30.4743,29.0614,26.6568,23.2565,12.4194,-0.263337,101.098,94.653,102.346,95.8668
62.40766644477844,0.7448343863971532,0.0,0.0,2,-0.676151,2.0,12591.3,111.841,-33.4381,-1.24499,7.39944,9.89754,13.0003,35.0712,33.8333,33.1956,32.8507,32.5464,32.3275,32.1075,31.8863,31.664,31.3511,30.991,30.3093,28.9242,26.5714,23.2525,12.6872,-0.222023,99.9825,93.6094,100.12,93.0633
62.42685604095459,0.7481088442280889,0.0,0.0,2,-0.669722,2.0,12349.7,110.794,-34.054,-1.26275,7.16649,9.61029,12.5747,34.8099,33.5887,32.9602,32.6206,32.321,32.1056,31.8892,31.6716,31.453,31.1453,30.7914,30.1218,28.7625,26.4577,23.2152,12.9138,-0.18237,98.8509,92.5634,98.4151,91.0199
62.44776391983032,0.7514458513967693,0.0,0.0,2,-0.662744,2.0,12151.9,109.727,-34.6443,-1.29609,6.9445,9.34427,12.2079,34.5415,33.3354,32.7154,32.3805,32.0852,31.873,31.6598,31.4456,31.2305,30.9277,30.5795,29.921,28.5857,26.3256,23.1549,13.1071,-0.144434,97.7095,91.4989,97.0078,89.3687
62.46593976020813,0.7426801036140168,0.0,0.0,2,-0.655495,2.0,11982.9,108.637,-35.2133,-1.32691,6.73333,9.09592,11.8825,34.2724,33.0802,32.468,32.1375,31.8462,31.6369,31.4267,31.2156,31.0036,30.7054,30.3625,29.7145,28.4016,26.1833,23.0799,13.2737,-0.108247,96.5655,90.4038,95.7834,87.9843
62.48760771751404,0.7339734410748382,0.0,0.0,2,-0.648176,2.0,11831.5,107.524,-35.7734,-1.35059,6.5328,8.86282,11.5882,34.0071,32.8279,32.2229,31.8965,31.6089,31.4024,31.1949,30.9867,30.7776,30.4836,30.1458,29.5075,28.2156,26.0365,22.9959,13.4173,-0.073822,95.458,89.3219,94.6751,86.7621
62.50581479072571,0.7253237808965519,0.0,0.0,2,-0.640932,2.0,11691.1,106.388,-36.336,-1.36659,6.34279,8.64352,11.319,33.7488,32.5815,31.9833,31.6608,31.3766,31.1726,30.9678,30.7622,30.5558,30.2657,29.9325,29.3034,28.0312,25.8888,22.9068,13.5414,-0.0411666,94.3861,88.2553,93.641,85.6375
62.52583169937134,0.7167261686265468,0.0,0.0,2,-0.633848,2.0,11557.1,105.23,-36.9079,-1.37597,6.16316,8.4373,11.0721,33.4989,32.3429,31.751,31.432,31.151,30.9494,30.747,30.5439,30.34,30.0535,29.7246,29.104,27.8503,25.7422,22.8148,13.6486,-0.0102777,93.3408,87.1987,92.6521,84.5701
62.54673218727112,0.7081759016083088,0.0,0.0,2,-0.62696,2.0,11426.8,104.051,-37.4922,-1.38055,5.99387,8.2441,10.8473,33.2581,32.1125,31.5265,31.2108,30.9328,30.7334,30.5333,30.3324,30.1309,29.8478,29.5228,28.9101,27.6736,25.5975,22.7209,13.7405,0.0188468,92.3095,86.1437,91.6879,83.535
62.5665225982666,0.71162537580876,0.0,0.0,2,-0.62028,2.0,11298.2,102.853,-38.089,-1.38214,5.83519,8.06415,10.6453,33.0264,31.8903,31.3097,30.9971,30.7219,30.5245,30.3265,30.1278,29.9285,29.6485,29.3272,28.7217,27.5011,25.4548,22.6251,13.8182,0.0462128,91.2884,85.0915,90.7344,82.517
62.58602809906006,0.7151237991422725,0.0,0.0,2,-0.613806,2.0,11170.2,101.638,-38.6964,-1.38205,5.68768,7.89788,10.468,32.8047,31.676,31.1004,30.7906,30.518,30.3225,30.1264,29.9296,29.7323,29.4552,29.1373,28.5384,27.3325,25.3138,22.5276,13.8824,0.0718282,90.223,83.9847,89.782,81.5073
62.60768675804138,0.7186740509696149,0.0,0.0,2,-0.606711,2.0,11042.1,100.405,-39.3118,-1.3815,5.55131,7.74654,10.317,32.6052,31.4692,30.8982,30.591,30.3207,30.1269,29.9325,29.7376,29.5422,29.2677,28.9529,28.3602,27.1675,25.1744,22.4284,13.9337,0.0956806,89.1216,82.8348,88.8247,80.5009
62.625751972198486,0.7222686449527895,0.0,0.0,2,-0.59921,2.0,10913.4,99.1566,-39.9321,-1.38105,5.42603,7.611,10.1948,32.4311,31.2696,30.7026,30.3977,30.1296,29.9373,29.7446,29.5513,29.3575,29.0854,28.7735,28.1863,27.0058,25.0361,22.3273,13.9727,0.117683,87.9858,81.646,87.8595,79.4951
62.64779734611511,0.7259078690278732,0.0,0.0,2,-0.591876,2.0,10784.1,97.8927,-40.5535,-1.38122,5.31183,7.49175,10.1044,32.2831,31.0766,30.5133,30.2105,29.9442,29.7534,29.5621,29.3702,29.178,28.9081,28.5988,28.0166,26.8471,24.8987,22.2241,13.9997,0.137833,86.8228,80.4284,86.8842,78.4883
62.66686725616455,0.7295897076423279,0.0,0.0,2,-0.58472,2.0,10653.8,96.614,-41.1735,-1.38224,5.20857,7.38903,10.0487,32.162,30.8987,30.3301,30.0291,29.7646,29.575,29.385,29.1945,29.0035,28.7356,28.4286,27.851,26.6914,24.7623,22.119,14.0155,0.156156,85.6315,79.181,85.8984,77.4785
62.68617033958435,0.7333147366683076,0.0,0.0,2,-0.577761,2.0,10522.8,95.3203,-41.7892,-1.38333,5.11616,7.30301,10.0315,32.0691,30.7457,30.1543,29.8539,29.5908,29.4023,29.2134,29.0241,28.8343,28.5681,28.2631,27.6896,26.539,24.627,22.0124,14.0208,0.17267,84.4141,77.9063,84.9025,76.4665
62.70632839202881,0.7370835319779657,0.0,0.0,2,-0.571027,2.0,10390.9,94.0114,-42.398,-1.38368,5.03445,7.23377,10.0585,32.0062,30.6187,29.9991,29.6869,29.4231,29.2356,29.0476,28.8593,28.6706,28.4059,28.1027,27.5327,26.39,24.4933,21.9046,14.0163,0.1874,83.1762,76.6104,83.8972,75.4521
62.726072788238525,0.7408966694434562,0.0,0.0,2,-0.564546,2.0,10258.3,92.6871,-42.9978,-1.38258,4.96326,7.18131,10.1384,31.9751,30.5192,29.8696,29.5425,29.2667,29.0755,28.888,28.7006,28.5128,28.2493,27.9477,27.3808,26.245,24.3618,21.7963,14.0028,0.200373,81.915,75.2896,82.8832,74.4347
62.74910092353821,0.7447550128730092,0.0,0.0,2,-0.558359,2.0,10125.0,91.3471,-43.5876,-1.37958,4.90234,7.14543,10.2875,31.9786,30.449,29.7675,29.4244,29.1353,28.9349,28.7393,28.5486,28.3613,28.099,27.7986,27.2344,26.1045,24.2331,21.6881,13.9811,0.211628,80.6323,73.945,81.8607,73.4136
62.765971183776855,0.7486602898830859,0.0,0.0,2,-0.552504,2.0,9990.73,89.9908,-44.1671,-1.37477,4.85156,7.12588,10.5432,32.0194,30.4104,29.6946,29.3346,29.0312,28.8209,28.6158,28.4158,28.2207,27.9554,27.6561,27.0941,25.9692,24.1079,21.5808,13.9522,0.221202,79.3308,72.578,80.83,72.3878
62.78523659706116,0.7526119246015326,0.0,0.0,2,-0.547011,2.0,9855.6,88.6184,-44.736,-1.36848,4.81142,7.12247,11.0698,32.1009,30.4058,29.653,29.2747,28.956,28.7352,28.5199,28.31,28.1052,27.827,27.5207,26.9602,25.8394,23.9867,21.4749,13.9165,0.229135,78.0113,71.1922,79.7909,71.3566
62.80785298347473,0.7566096290922724,0.0,0.0,2,-0.54191,2.0,9719.55,87.23,-45.2928,-1.36058,4.78175,7.13496,35.9666,32.2269,30.4377,29.6449,29.2468,28.9118,28.6797,28.4534,28.2329,28.0178,27.7257,27.4042,26.8334,25.7157,23.8699,21.3709,13.875,0.235473,76.6737,69.7886,78.7428,70.3204
62.82640194892883,0.7606534033553054,0.0,0.0,2,-0.536047,2.0,9582.56,85.8256,-45.8363,-1.35076,4.76218,7.16288,36.3808,32.4017,30.5094,29.6731,29.2536,28.9008,28.6565,28.4184,28.1864,27.9603,27.6532,27.3154,26.7175,25.5986,23.7581,21.2694,13.8282,0.240228,75.3189,68.366,77.6858,69.2787
62.84593486785889,0.7647441111988621,0.0,0.0,2,-0.530253,2.0,9444.59,84.4049,-46.3659,-1.33907,4.75239,7.20585,36.878,32.6308,30.6248,29.7409,29.2981,28.9259,28.6683,28.4175,28.1731,27.935,27.6118,27.2565,26.6279,25.4886,23.6519,21.1713,13.7768,0.243347,73.9479,66.9251,76.6198,68.2309
62.86749219894409,0.7688814646868656,0.0,0.0,2,-0.52496,2.0,9306.65,82.968,-46.8814,-1.32573,4.75195,7.26314,37.4702,32.9207,30.7886,29.8522,29.3838,28.9904,28.7184,28.4535,28.1957,27.9446,27.604,27.2296,26.5681,25.3862,23.5519,21.0771,13.7215,0.244886,72.5615,65.4666,75.5506,67.1853
62.8862144947052,0.7730646000110855,0.0,0.0,2,-0.520205,2.0,9169.92,81.5152,-47.3828,-1.31149,4.76043,7.33405,38.172,33.2791,31.0059,30.0114,29.5148,29.0981,28.8102,28.5301,28.2575,27.9922,27.6325,27.2375,26.5401,25.2972,23.4587,20.9874,13.6631,0.244905,71.1605,63.9912,74.4866,66.153
62.90578603744507,0.7257028875987482,0.0,0.0,2,-0.516016,2.0,9033.62,80.0471,-47.8688,-1.29588,4.77739,7.41775,39.0012,33.715,31.2833,30.224,29.696,29.2535,28.948,28.6511,28.3622,28.0813,27.7007,27.2831,26.5467,25.2367,23.3728,20.9029,13.6021,0.243466,69.746,62.4993,73.4226,65.1281
62.92802453041077,0.6432006827634176,0.0,0.0,2,-0.512406,2.0,8897.11,78.5632,-48.3383,-1.279,4.80241,7.51352,39.9789,34.2387,31.6275,30.4956,29.9325,29.4613,29.1364,28.8207,28.5139,28.2157,27.812,27.3696,26.5904,25.2075,23.2945,20.8238,13.5391,0.240629,68.5126,61.2307,72.354,64.105
62.9466757774353,0.554069591408819,0.0,0.0,2,-0.509381,2.0,8759.94,77.067,-48.7895,-1.26112,4.83503,7.62057,41.1313,34.8624,32.0465,30.8326,30.2303,29.727,29.3802,29.0436,28.7169,28.3995,27.9703,27.5004,26.6741,25.2115,23.2239,20.7503,13.4744,0.236461,67.5513,60.2941,71.2777,63.0796
62.9669086933136,0.47113575856663287,0.0,0.0,2,-0.506943,2.0,8621.91,75.5645,-49.2195,-1.24235,4.87478,7.73797,42.4915,35.6008,32.5501,31.2431,30.5964,30.0568,29.6856,29.3256,28.9764,28.6376,28.18,27.6795,26.8012,25.2511,23.1614,20.6827,13.4083,0.231033,66.8359,59.6517,70.1924,62.0502
62.98623538017273,0.38511061229806615,0.0,0.0,2,-0.505089,2.0,8483.04,74.0617,-49.6257,-1.22276,4.92119,7.86474,44.102,36.4722,33.1496,31.7362,31.039,30.4584,30.0595,29.6731,29.2988,28.9359,28.4464,27.9118,26.9755,25.3289,23.1195,20.6209,13.3412,0.224411,66.2861,59.2023,69.0983,61.0166
63.00871419906616,0.27479098819072545,0.0,0.0,2,-0.503807,2.0,8343.47,72.5636,-50.0057,-1.20244,4.97376,7.99937,46.0177,37.499,33.859,32.3229,31.5679,30.9404,30.5101,30.0938,29.6909,29.3008,28.7754,28.2024,27.2014,25.4477,23.1075,20.5652,13.2733,0.216673,65.8609,58.8901,67.9964,59.9801
63.02626967430115,0.15169815583871304,0.0,0.0,2,-0.503068,2.0,8203.41,71.0747,-50.357,-1.18161,5.03203,8.14094,48.3098,38.7081,34.6943,33.0158,32.1941,31.5129,31.0465,30.596,30.1606,29.7397,29.1735,28.5573,27.4834,25.6105,23.1268,20.5151,13.2047,0.207891,65.6077,58.7535,66.8877,58.9424
63.04777407646179,0.06843973008544588,0.0,0.0,2,-0.502826,2.0,8063.08,69.6013,-50.6767,-1.16067,5.09557,8.28898,51.0724,40.1325,35.6742,33.8293,32.9302,32.1869,31.6789,31.1891,30.7166,30.2604,29.6477,28.9824,27.8263,25.8202,23.1784,20.4701,13.1352,0.19814,65.5464,58.8001,65.7736,57.9061
63.06677460670471,0.015737361410536492,0.0,0.0,2,-0.503018,2.0,7922.83,68.151,-50.961,-1.13987,5.16401,8.44333,54.4329,41.8127,36.821,34.78,33.7904,32.9748,32.4188,31.8836,31.3681,30.8714,30.2057,29.4843,28.2351,26.0794,23.2633,20.4293,13.0644,0.187494,65.5156,58.8649,64.6557,56.8744
63.08913445472717,-0.0011751594912558793,0.0,0.0,2,-0.503568,2.0,7783.08,66.7289,-51.2058,-1.1194,5.23701,8.60437,58.5686,43.8,38.1612,35.8872,34.7912,33.891,33.2789,32.691,32.1259,31.5824,30.8556,30.0701,28.7148,26.3909,23.382,20.3915,12.9919,0.176023,65.3406,58.7814,63.5363,55.8515
63.10851240158081,-0.05790861070425405,0.0,0.0,2,-0.504391,2.0,7644.24,65.3373,-51.4068,-1.09941,5.31426,8.77279,63.7346,46.16,39.7271,37.1741,35.9519,34.952,34.2742,33.6247,33.0018,32.404,31.6066,30.7474,29.271,26.7573,23.5348,20.3654,12.917,0.1638,64.903,58.4434,62.4176,54.8414
63.12761330604553,-0.1555351796538569,0.0,0.0,2,-0.5054,2.0,7506.63,63.9764,-51.5604,-1.08009,5.39548,8.94969,70.314,48.9792,41.559,38.6687,37.2957,36.1774,35.4221,34.7002,34.0097,33.3486,32.4691,31.5248,29.9096,27.1812,23.7219,20.3589,12.8391,0.150892,64.43,58.062,61.3019,53.8472
63.147478342056274,-0.2928262345388234,0.0,0.0,2,-0.506511,2.0,7370.57,62.6504,-51.6637,-1.06167,5.48044,9.13648,78.9112,52.3751,43.7087,40.4061,38.8513,37.5915,36.7439,35.9363,35.1661,34.4307,33.4556,32.4125,30.6375,27.6655,23.9433,20.3711,12.7576,0.137364,64.0892,57.791,60.1909,52.8717
63.166205644607544,-0.39308597080955127,0.0,0.0,2,-0.507648,2.0,7236.44,61.3657,-51.7145,-1.04389,5.56892,9.33479,90.5425,56.512,46.244,42.4315,40.6551,39.2246,38.2663,37.3565,36.4916,35.6685,34.5811,33.4226,31.463,28.2136,24.1991,20.4008,12.6718,0.123276,63.9812,57.7153,59.0877,51.9176
63.188069105148315,-0.43446971483458424,0.0,0.0,2,-0.508735,2.0,7104.71,60.1309,-51.7108,-1.02642,5.6607,9.54636,107.051,61.6252,49.2546,44.8024,42.7531,41.1141,40.0219,38.9891,38.0111,37.0836,35.8632,34.5694,32.3952,28.8293,24.4894,20.4465,12.5812,0.108689,63.9645,57.7168,57.9958,50.9887
63.211304903030396,-0.44650175076490267,0.0,0.0,2,-0.509691,2.0,6975.96,58.9515,-51.6499,-1.00882,5.75559,9.77376,132.15,68.0608,52.8601,47.5925,45.2027,43.3067,42.0507,40.8685,39.754,38.7015,37.3228,35.8691,33.4444,29.516,24.8134,20.5068,12.4852,0.0936642,63.7614,57.5732,56.9195,50.0892
63.231340408325195,-0.4482265558004379,0.0,0.0,2,-0.510433,2.0,6850.72,57.8272,-51.5291,-0.991087,5.8534,10.0209,174.619,76.3521,57.2238,50.8983,48.0771,45.8604,44.402,43.0366,41.7559,40.5522,38.9838,37.3402,34.6218,30.277,25.1701,20.5792,12.3831,0.0782601,63.3007,57.2245,55.863,49.2236
63.249104738235474,-0.44986882547093554,0.0,0.0,2,-0.510892,2.0,6729.41,56.7567,-51.3464,-0.973451,5.95391,10.2931,200.0,87.3679,62.5776,54.8497,51.4736,48.8504,47.1388,45.5465,44.0614,42.6732,40.8756,39.0049,35.9401,31.1157,25.5581,20.6618,12.2742,0.0625324,62.636,56.7101,54.8296,48.3946
63.2725784778595,-0.4514302473024465,0.0,0.0,2,-0.511009,2.0,6612.33,55.7389,-51.101,-0.956122,6.05698,10.5971,200.0,102.636,69.265,59.6289,55.5246,52.3782,50.345,48.4673,46.7281,45.1127,43.0354,40.8909,37.4152,32.0367,25.9763,20.7521,12.1582,0.0465329,61.8528,56.0968,53.8226,47.604
63.28556418418884,-0.45291128152934834,0.0,0.0,2,-0.510747,2.0,6499.69,54.7735,-50.7929,-0.939157,6.16244,10.9428,200.0,125.117,77.8188,65.5009,60.4172,56.5834,54.1347,51.8929,49.833,47.934,45.5117,43.0342,39.0676,33.0456,26.4237,20.8484,12.0349,0.0303106,61.0007,55.4252,52.8447,46.8522
63.30863070487976,-0.4543128486203961,0.0,0.0,2,-0.510088,2.0,6391.67,53.8599,-50.4234,-0.922566,6.27013,11.3462,70.8598,161.389,89.1123,72.8653,66.4246,61.665,58.6676,55.9522,53.4809,51.2224,48.369,45.4817,40.9234,34.1505,26.9002,20.9489,11.9043,0.0139141,60.1178,54.7269,51.8987,46.139
63.33009958267212,-0.5098343501134,0.0,0.0,2,-0.509027,2.0,6288.36,52.9974,-49.9944,-0.906243,6.37986,11.8368,44.8979,200.0,104.679,82.3526,73.9596,67.9143,64.1733,60.8274,57.8171,55.0948,51.694,48.2957,43.0166,35.3613,27.4061,21.0525,11.7667,-0.00261084,59.2227,54.0179,50.987,45.4639
63.35252618789673,-0.5686262561877569,0.0,0.0,2,-0.507755,2.0,6189.86,52.1863,-49.5088,-0.890034,6.49144,12.3172,35.9367,200.0,127.467,95.0111,83.6711,75.7702,70.9886,66.7794,63.0457,59.712,55.6029,51.5575,45.39,36.6903,27.9418,21.1579,11.6222,-0.0192137,58.5148,53.4603,50.1115,44.8261
63.3739914894104,-0.6685121425636411,0.0,0.0,2,-0.506065,2.0,6096.26,51.4289,-48.9695,-0.8738,6.60471,12.7198,31.4544,200.0,163.944,112.713,96.634,85.9226,79.6254,74.1934,69.4602,65.2992,60.2539,55.3743,48.097,38.1511,28.5076,21.2637,11.4713,-0.0358429,57.9675,53.0375,49.2737,44.2255
63.390013694763184,-0.7766058386392594,0.0,0.0,2,-0.503943,2.0,6007.75,50.7284,-48.3794,-0.857545,6.71957,13.0693,28.8085,200.0,200.0,139.146,114.756,99.5101,90.8928,83.6549,77.4901,72.1765,65.8625,59.8862,51.2025,39.7579,29.1025,21.3678,11.3139,-0.0524565,57.6531,52.8063,48.4755,43.6633
63.414949893951416,-0.8489819048231974,0.0,0.0,2,-0.501351,2.0,5924.59,50.0893,-47.7406,-0.841164,6.836,13.3827,27.1014,105.144,200.0,182.662,141.752,118.54,106.135,96.0873,87.7837,80.8066,72.7237,65.2739,54.7815,41.5223,29.723,21.4672,11.1502,-0.0690123,57.5386,52.7453,47.7182,43.142
63.43209958076477,-0.8492346936836839,0.0980377197265625,0.0,2,-0.498226,2.0,5847.17,49.5165,-47.0541,-0.824901,6.9541,13.6729,25.9474,74.3807,200.0,200.0,185.917,146.892,127.749,113.028,101.356,91.875,81.2463,71.7703,58.9179,43.4504,30.3616,21.5569,10.9797,-0.0854689,57.449,52.7318,47.0033,42.6657
63.45084762573242,-0.8637515045702457,0.1450958251953125,0.0,2,-0.494489,2.0,5903.28,49.0211,-46.3182,-0.808919,7.07409,13.9501,25.1553,60.4079,200.0,200.0,200.0,193.171,160.462,137.235,119.89,106.444,92.0097,79.6763,63.701,45.5393,31.0064,21.6305,10.802,-0.101787,57.1215,52.5719,47.0521,43.394
63.47077703475952,-0.8637515045702457,0.20391845703125,0.0,2,-0.489965,2.0,6161.61,48.6551,-45.5329,-0.793564,7.19652,14.2265,24.6317,52.655,168.133,200.0,200.0,200.0,200.0,173.905,146.179,126.087,105.752,89.3066,69.1753,47.7521,31.6313,21.676,10.6154,-0.117914,56.7079,52.3677,47.2176,47.2176
63.49013638496399,-0.8637515045702457,0.26666259765625,0.0,2,-0.484419,2.0,6231.86,48.388,-44.6864,-0.779403,7.32233,14.5148,24.33,47.964,116.126,200.0,200.0,200.0,200.0,200.0,185.149,153.169,123.356,100.924,75.2935,50.0062,32.1953,21.6766,10.4181,-0.133803,56.2392,52.1512,47.7345,47.7345
63.51038336753845,-0.8492346936836839,0.3490142822265625,0.0,2,-0.477754,2.0,6357.79,48.2203,-43.7768,-0.76674,7.45218,14.8206,24.208,45.0062,93.6775,200.0,200.0,200.0,200.0,200.0,200.0,191.925,146.145,114.855,81.9874,52.2186,32.6659,21.6215,10.2095,-0.149415,55.7637,51.9555,48.6806,48.6806
63.53606414794922,-0.8348409086465836,0.478424072265625,0.0,2,-0.46991,2.0,6559.57,48.1619,-42.8059,-0.75571,7.58672,15.1475,24.2362,43.1432,81.7264,148.147,200.0,200.0,200.0,200.0,200.0,200.0,175.948,131.376,89.1039,54.29,33.0118,21.5023,9.99008,-0.164715,55.2706,51.7698,50.2008,50.2008
63.549224615097046,-0.47093738708645105,0.713714599609375,0.0,2,-0.460883,2.0,6906.49,48.2276,-41.7823,-0.746335,7.72658,15.4965,24.3904,42.0224,74.7404,122.616,186.33,200.0,200.0,200.0,200.0,200.0,200.0,150.685,96.4154,56.1212,33.21,21.3148,9.76075,-0.179667,54.8042,51.6217,52.8084,52.8084
63.573471546173096,-0.3790392316877842,0.8744964599609375,0.0,2,-0.450786,2.0,7598.11,48.4408,-40.7277,-0.738469,7.87204,15.8636,24.6421,41.4073,70.4438,108.672,152.999,200.0,200.0,200.0,200.0,200.0,200.0,173.136,103.745,57.6605,33.2592,21.0639,9.52402,-0.194238,53.9005,51.1455,57.9799,57.9799
63.58636474609375,-0.3413942791521549,0.49999237060546875,0.0,2,-0.439975,2.0,8549.09,48.8111,-39.6891,-0.731863,8.02228,16.234,24.9422,41.0747,67.5626,99.8816,134.146,191.726,200.0,200.0,200.0,200.0,200.0,200.0,111.363,59.0029,33.2056,20.7718,9.2848,-0.208407,52.5356,50.2538,65.154,65.154
63.60894250869751,-0.3413942791521549,0.49999237060546875,0.0,2,-0.428866,2.0,8554.69,49.2645,-38.6809,-0.726614,8.17596,16.5898,25.2407,40.8464,65.3459,93.4895,121.414,164.41,200.0,200.0,200.0,200.0,200.0,200.0,120.018,60.3366,33.1152,20.4658,9.04822,-0.222176,51.5507,49.5955,65.5421,65.5421
63.632036209106445,-0.3413942791521549,0.49999237060546875,0.0,2,-0.41741,2.0,8578.36,49.7254,-37.6569,-0.723181,8.33393,16.9349,25.5433,40.7172,63.6575,88.7625,112.446,146.728,187.597,200.0,200.0,200.0,200.0,200.0,129.775,61.6203,32.9786,20.1437,8.8141,-0.235545,50.9867,49.2406,65.7265,65.7265
63.65583086013794,-0.449354774118317,0.49999237060546875,0.0,2,-0.405495,2.0,8598.65,50.1999,-36.6102,-0.721771,8.49762,17.2757,25.8626,40.7031,62.4499,85.3448,106.127,134.888,167.287,200.0,200.0,200.0,200.0,200.0,140.396,62.7556,32.7732,19.7992,8.58168,-0.248517,50.7042,49.1107,65.8822,65.8822
63.66941976547241,-0.6075686851022948,0.49999237060546875,0.0,2,-0.393116,2.0,8620.76,50.6901,-35.5399,-0.722097,8.66803,17.6137,26.1994,40.7922,61.6307,82.8975,101.63,126.706,153.829,195.748,200.0,200.0,200.0,200.0,151.749,63.6974,32.4954,19.433,8.35138,-0.261091,50.922,49.3876,66.0503,66.0503
63.69821786880493,-0.6436634501891,0.49999237060546875,0.0,2,-0.380352,2.0,8648.14,51.1987,-34.4496,-0.723451,8.84569,17.9463,26.5456,40.9538,61.0869,81.1155,98.341,120.808,144.383,179.407,200.0,200.0,200.0,200.0,163.975,64.4631,32.1583,19.0516,8.12445,-0.273265,51.6555,50.0808,66.2576,66.2576
63.7112774848938,-0.5232596806974114,0.49999237060546875,0.0,2,-0.367414,2.0,8680.63,51.7318,-33.3456,-0.724451,9.03066,18.2678,26.8866,41.1457,60.6975,79.7287,95.7724,116.262,137.248,167.495,200.0,200.0,200.0,200.0,177.718,65.1317,31.7884,18.6654,7.90257,-0.285035,52.4434,50.8533,66.5055,66.5055
63.736368894577026,-0.37614829946770145,0.49999237060546875,0.0,2,-0.354421,2.0,8713.42,52.2881,-32.2326,-0.723908,9.22299,18.5728,27.2097,41.3336,60.3724,78.5496,93.6088,112.499,131.46,158.122,198.37,200.0,200.0,200.0,194.053,65.7932,31.4107,18.2838,7.6871,-0.296385,52.6777,51.2286,66.7572,66.7572
63.7514214515686,-0.1433069167172114,0.49999237060546875,0.0,2,-0.341378,2.0,8743.59,52.8516,-31.113,-0.721757,9.4149,18.8581,27.5072,41.4975,60.0601,77.4732,91.6759,109.211,126.508,150.329,185.217,200.0,200.0,200.0,200.0,66.5159,31.0422,17.9129,7.47882,-0.307312,52.5104,51.259,66.9897,66.9897
63.765974283218384,-0.04938955641627808,0.49999237060546875,0.0,2,-0.328342,2.0,8770.84,53.4079,-29.9897,-0.71894,9.59624,19.1212,27.7733,41.6228,59.7254,76.43,89.8608,106.208,122.083,143.552,174.199,200.0,200.0,200.0,200.0,67.367,30.6969,17.5575,7.27824,-0.317814,51.9741,50.9362,67.1995,67.1995
63.78832173347473,-0.006690100970284393,0.49999237060546875,0.0,2,-0.315381,2.0,8795.35,53.9467,-28.8675,-0.716089,9.76643,19.3591,28.0017,41.6946,59.3345,75.3585,88.0692,103.337,117.954,137.4,164.538,200.0,200.0,200.0,200.0,68.4346,30.3907,17.2228,7.08583,-0.327894,51.3157,50.4442,67.3884,67.3884
63.81002140045166,0.0,0.49999237060546875,0.0,2,-0.302555,2.0,8817.28,54.4656,-27.7525,-0.7135,9.92497,19.5692,28.1869,41.7007,58.8619,74.2145,86.2355,100.494,113.965,131.617,155.755,190.753,200.0,200.0,200.0,69.8209,30.1386,16.9134,6.90223,-0.337554,50.9072,50.1123,67.5574,67.5574
63.83243250846863,0.0,0.49999237060546875,0.0,2,-0.289926,2.0,8836.5,54.968,-26.6499,-0.711246,10.0714,19.7493,28.3238,41.6304,58.2868,72.963,84.3096,97.6071,110.011,126.037,147.541,177.91,200.0,200.0,200.0,71.658,29.9564,16.6335,6.72944,-0.346808,50.8028,50.0115,67.7057,67.7057
63.85449433326721,0.0,0.49999237060546875,0.0,2,-0.27755,2.0,8852.6,55.4581,-25.5644,-0.709493,10.2052,19.8968,28.4079,41.4746,57.5924,71.5793,82.2578,94.6251,106.02,120.546,139.697,166.097,200.0,200.0,200.0,74.1207,29.8612,16.3875,6.56814,-0.355659,50.9294,50.0964,67.8305,67.8305
63.866029262542725,-0.003389834949143852,0.49999237060546875,0.0,2,-0.265472,2.0,8864.65,55.9398,-24.4993,-0.708116,10.326,20.01,28.4358,41.2276,56.7703,70.0515,80.0646,91.527,101.963,115.095,132.121,155.072,200.0,200.0,200.0,77.4442,29.8706,16.1796,6.41875,-0.364114,51.2063,50.3067,67.9246,67.9246
63.88935875892639,-0.005430593072897134,0.49999237060546875,0.0,2,-0.253724,2.0,8871.87,56.4157,-23.4571,-0.707079,10.4336,20.0879,28.406,40.8879,55.8211,68.383,77.7355,88.3191,97.8431,109.679,124.783,144.724,186.466,200.0,200.0,81.9542,30.0023,16.013,6.28158,-0.372179,51.5883,50.6077,67.9818,67.9818
63.91536831855774,-0.005421851126252673,0.49999237060546875,0.0,2,-0.242323,2.0,8873.9,56.8883,-22.4395,-0.706452,10.5279,20.1305,28.3193,40.4591,54.7537,66.5897,75.2916,85.0281,93.6908,104.328,117.699,135.014,170.061,200.0,200.0,88.1285,30.2744,15.8907,6.15682,-0.379862,52.0316,50.964,67.9994,67.9994
63.9285569190979,-0.005413149874239229,0.49999237060546875,0.0,2,-0.231265,2.0,8870.68,57.3587,-21.4471,-0.70631,10.6089,20.1385,28.178,39.9479,53.5839,64.6959,72.7649,81.6935,89.5503,99.0876,110.908,125.941,155.463,200.0,200.0,96.7207,30.7065,15.8151,6.0446,-0.38717,52.5042,51.3485,67.9767,67.9767
63.95456337928772,-0.005404463420273425,0.49999237060546875,0.0,2,-0.220539,2.0,8862.3,57.8283,-20.4796,-0.706668,10.6769,20.1135,27.9859,39.3639,52.3312,62.7316,70.1921,78.3585,85.4692,94.0072,104.45,117.511,142.472,188.192,200.0,109.004,31.3204,15.7885,5.94498,-0.394109,52.9926,51.7503,67.9144,67.9144
63.967918395996094,-0.005395780665819533,0.49999237060546875,0.0,2,-0.21012,2.0,8849.03,58.2977,-19.5358,-0.707393,10.7323,20.0576,27.748,38.7184,51.0166,60.7268,67.6092,75.0657,81.4928,89.1309,98.3572,109.723,130.922,168.058,200.0,127.364,32.1421,15.813,5.858,-0.400688,53.489,52.1635,67.8145,67.8145
64.00174307823181,-0.005387092362097775,0.49999237060546875,0.0,2,-0.199978,2.0,8831.46,58.7674,-18.6143,-0.708429,10.7753,19.9732,27.4695,38.0228,49.6608,58.7091,65.049,71.8497,77.6557,84.4897,92.6502,102.564,120.655,151.15,200.0,156.85,33.2043,15.891,5.78368,-0.406916,53.9885,52.5848,67.6814,67.6814
64.01913595199585,-0.00537839111008433,0.49999237060546875,0.0,2,-0.190083,2.0,8810.39,59.2378,-17.7134,-0.709756,10.8064,19.8625,27.1555,37.2875,48.2813,56.7012,62.5358,68.7354,73.9813,80.1004,87.3303,96.0028,111.522,136.824,200.0,200.0,34.55,16.0253,5.72209,-0.4128,54.4885,53.0125,67.5211,67.5211
64.04027724266052,-0.00536964916343987,0.49999237060546875,0.0,2,-0.180353,2.0,8786.95,59.7104,-16.847,-0.724858,10.8265,19.73,26.815,36.5299,46.906,54.7389,60.1099,65.7668,70.5132,76.0043,82.4295,90.049,103.45,124.676,200.0,200.0,36.2173,16.216,5.67293,-0.418356,54.9645,53.4449,67.3419,67.3419
64.05779314041138,-0.005360757386563036,0.49999237060546875,0.0,2,-0.170374,2.0,8763.3,60.1911,-16.0201,-0.76838,10.8396,19.594,26.4825,35.8142,45.6377,52.9575,57.9296,63.1254,67.4532,72.4239,78.1923,84.9657,96.7058,114.866,177.425,200.0,38.1138,16.4366,5.63321,-0.423629,55.4047,53.8743,67.1609,67.1609
64.07533049583435,-0.005351704680918095,0.49999237060546875,0.0,2,-0.159993,2.0,8738.42,60.6805,-15.1813,-0.814904,10.8471,19.4603,26.1684,35.1562,44.4958,51.3753,56.0097,60.8202,64.8016,69.3463,74.5828,80.6812,91.1245,106.967,158.819,200.0,40.2058,16.6771,5.60194,-0.428651,55.8387,54.3476,66.9709,66.9709
64.09275960922241,-0.006526711114283651,0.49999237060546875,0.0,2,-0.149296,2.0,8711.21,61.1771,-14.321,-0.854841,10.8482,19.3248,25.8636,34.5364,43.4428,49.9352,54.2767,58.7562,62.443,66.6288,71.4219,76.9644,86.3578,100.377,144.401,200.0,42.5588,16.9455,5.58001,-0.433432,56.2875,54.8576,66.7635,66.7635
64.10888743400574,-0.020229027836744982,0.49999237060546875,0.0,2,-0.138485,2.0,8681.0,61.678,-13.4399,-0.880791,10.8411,19.1793,25.5523,33.9238,42.4253,48.5622,52.6383,56.8204,60.2449,64.1139,68.5197,73.5814,82.0805,94.5839,132.492,200.0,45.3309,17.2612,5.56927,-0.437969,56.7732,55.3912,66.5332,66.5332
64.13606691360474,-0.05489182201040536,0.49999237060546875,0.0,2,-0.1407,2.0,8647.72,62.1818,-12.5527,-0.893591,10.8244,19.0171,25.2217,33.2944,41.4035,47.2022,51.0285,54.9337,58.1158,61.6942,65.7475,70.3767,78.0835,89.2719,122.153,200.0,48.7477,17.645,5.5715,-0.441961,57.3239,55.952,66.2793,66.2793
64.14858365058899,-0.1329069858676437,0.49999237060546875,0.0,2,-0.146609,2.0,8612.04,62.6898,-11.6738,-0.896383,10.7977,18.8365,24.8687,32.6429,40.3684,45.8419,49.4307,53.0749,56.0305,59.3395,63.069,67.3042,74.2988,84.3296,112.99,200.0,53.0575,18.1105,5.58757,-0.44476,57.9675,56.5721,66.0066,66.0066
64.17085886001587,-0.14407528031853556,0.49999237060546875,0.0,2,-0.152565,2.0,8574.7,63.2073,-10.8214,-0.893105,10.7621,18.6432,24.504,31.9876,39.3474,44.5163,47.8847,51.2888,54.0376,57.1024,60.5407,64.4247,70.7922,79.8232,104.989,200.0,58.4393,18.6528,5.61676,-0.446344,58.7264,57.3119,65.7212,65.7212
64.1938886642456,-0.14381133652819725,0.9999847412109375,0.0,2,-0.158283,2.0,8557.37,63.7327,-9.99467,-0.903572,10.7202,18.448,24.1464,31.3606,38.388,43.2838,46.457,49.6499,52.2181,55.0709,58.2582,61.842,67.6796,75.8787,98.2459,200.0,64.9188,19.248,5.65698,-0.446736,59.2654,57.908,65.5626,65.5626
64.20641088485718,-0.14352287721260482,0.49999237060546875,0.0,2,-0.16409,2.0,9824.66,64.3069,-9.35091,-0.968938,10.6702,18.2407,23.7766,30.7263,37.4334,42.0698,45.0592,48.0546,50.4551,53.1123,56.0696,59.3803,64.7401,72.2015,92.1647,200.0,73.3192,19.9343,5.71008,-0.446028,59.7662,58.3932,74.8285,74.8285
64.22903537750244,-0.14318935554833834,0.49999237060546875,0.0,2,-0.171113,2.0,9595.7,64.9708,-8.935,-1.02268,10.6051,17.9868,23.3321,29.977,36.3212,40.668,43.4539,46.2325,48.4499,50.8948,53.6038,56.622,61.4759,68.1666,85.6978,177.153,87.0015,20.8601,5.78388,-0.444386,60.4691,58.824,73.6055,73.6055
64.25769138336182,-0.14285457796576992,0.49999237060546875,0.0,2,-0.178664,2.0,9400.19,65.6372,-8.56246,-1.06069,10.5306,17.7124,22.8602,29.195,35.1772,39.239,41.8268,44.3958,46.4373,48.6795,51.1533,53.8963,58.2789,64.2625,79.6338,153.223,108.835,21.9814,5.87341,-0.441842,61.1252,59.3577,72.1065,72.1065
64.27138423919678,-0.14251969990973734,0.49999237060546875,0.0,2,-0.185837,2.0,9198.85,66.3038,-8.16002,-1.08681,10.4536,17.4467,22.4127,28.4675,34.1287,37.9418,40.3581,42.7469,44.6383,46.7085,48.984,51.4967,55.4887,60.8947,74.551,135.652,142.781,23.1978,5.97168,-0.438383,61.6827,60.0025,70.5676,70.5676
64.28642559051514,-0.14218642942913123,0.49999237060546875,0.0,2,-0.191901,2.0,8998.97,66.9672,-7.66458,-1.10168,10.3788,17.2104,22.0245,27.8502,33.2536,36.8694,39.1509,41.3993,43.1742,45.1117,47.235,49.5721,53.2687,58.2428,70.6489,123.493,193.643,24.387,6.07241,-0.433986,62.1592,60.7345,69.0316,69.0316
64.31581282615662,-0.14185848404212545,0.9999847412109375,0.0,2,-0.196325,2.0,8821.68,67.62,-7.03671,-1.10805,10.3093,17.0158,21.716,27.3735,32.5913,36.067,38.2537,40.4036,42.0974,43.9429,45.9612,48.1778,51.6733,56.3564,67.9359,115.703,200.0,25.4178,6.17045,-0.428626,62.5696,61.523,67.6612,67.6612
64.32983493804932,-0.14148663175128337,0.49999237060546875,0.0,2,-0.199179,2.0,9870.86,68.3602,-6.41592,-1.10889,10.2443,16.8583,21.4775,27.0189,32.1114,35.4939,37.618,39.7034,41.3443,43.13,45.0806,47.2198,50.587,55.0862,66.1516,110.931,200.0,26.2489,6.26532,-0.422322,63.0169,62.3316,75.2832,75.2832
64.3463499546051,-0.14107760427870353,0.49999237060546875,0.0,2,-0.201573,2.0,9436.39,69.1744,-5.91561,-1.10848,10.177,16.706,21.2529,26.6922,31.6761,34.9788,37.0496,39.0802,40.6764,42.4119,44.3057,46.3801,49.6403,53.9872,64.6322,107.056,200.0,27.0579,6.36531,-0.41522,63.6924,63.1151,72.4463,72.4463
64.38000893592834,-0.14068746581738503,0.9999847412109375,0.0,2,-0.202923,2.0,9109.93,69.951,-5.34408,-1.12989,10.1115,16.5753,21.0696,26.4376,31.3481,34.5978,36.6337,38.6289,40.1963,41.8996,43.7571,45.7905,48.9837,53.236,63.6252,104.685,200.0,27.7076,6.46408,-0.40736,64.2634,63.9528,69.9219,69.9219
64.3960177898407,-0.1638684353550207,0.49999237060546875,0.0,2,-0.202809,2.0,10090.7,70.7622,-4.77681,-1.17212,10.0506,16.4774,20.9465,26.2852,31.1695,34.4024,36.4278,38.4128,39.9723,41.667,43.5153,45.5388,48.7166,52.949,63.2909,104.194,200.0,28.0843,6.55659,-0.398774,64.8029,64.8116,76.9895,76.9895
64.41331720352173,-0.21588204064117744,0.49999237060546875,0.0,2,-0.201704,2.0,9600.77,71.6132,-4.33869,-1.21851,9.99219,16.4004,20.8624,26.1994,31.0888,34.3284,36.3595,38.3511,39.9166,41.6185,43.4755,45.5096,48.706,52.9676,63.401,104.948,200.0,28.2699,6.64512,-0.389635,65.4715,65.7196,73.7276,73.7276
64.43040132522583,-0.2749001578363953,0.9999847412109375,0.0,2,-0.198319,2.0,9226.92,72.4223,-3.87908,-1.26066,9.94572,16.3815,20.881,26.2843,31.2551,34.5596,36.6359,38.6752,40.2804,42.028,43.9376,46.0328,49.3323,53.7447,64.6138,108.849,200.0,27.9879,6.71485,-0.380072,65.9772,66.7794,70.8359,70.8359
64.44957542419434,-0.30653764065051325,0.49999237060546875,0.0,2,-0.191514,2.0,10170.6,73.2504,-3.40859,-1.29236,9.92011,16.4565,21.0648,26.6441,31.8216,35.2876,37.4753,39.6314,41.334,43.1927,45.2301,47.473,51.0217,55.7988,67.7221,118.662,200.0,27.0585,6.75228,-0.370255,66.3378,67.926,77.6154,77.6154
64.47022652626038,-0.34857344805523627,0.9999847412109375,0.0,2,-0.181541,2.0,9642.29,74.1129,-2.88658,-1.31486,9.91603,16.6265,21.4183,27.293,32.8182,36.5575,38.9345,41.2903,43.1595,45.2097,47.4681,49.9681,53.9531,59.3756,73.2085,137.57,137.572,25.668,6.75846,-0.360399,66.776,69.083,74.0597,74.0597
64.48594808578491,-0.35640364702863153,0.49999237060546875,0.0,2,-0.168535,2.0,10526.8,74.9675,-2.29742,-1.33,9.935,16.8989,21.9596,28.2732,34.3246,38.484,41.1556,43.8247,45.9579,48.3132,50.927,53.8442,58.5469,65.0517,82.2226,174.861,95.2736,23.9969,6.73498,-0.350659,67.1871,70.1766,80.3564,80.3564
64.51533079147339,-0.3553359878800331,0.49999237060546875,0.0,2,-0.152723,2.0,10031.2,75.7914,-1.58691,-1.36915,9.97834,17.2824,22.7126,29.6449,36.4607,41.2463,44.3646,47.5153,50.0594,52.8958,56.0772,59.6706,65.5604,73.9117,97.1687,200.0,69.7345,22.2156,6.68519,-0.341169,67.6476,71.2717,76.9992,76.9992
64.53097915649414,-0.3281755713734776,0.9999847412109375,0.0,2,-0.134976,2.0,9775.9,76.4981,-0.854781,-1.44139,10.0429,17.7671,23.6709,31.426,39.3016,44.9867,48.7628,52.6371,55.8095,59.3937,63.4749,68.164,76.0378,87.6205,122.74,200.0,53.8695,20.5126,6.6184,-0.332069,68.0911,72.1593,74.9883,74.9883
64.56126070022583,-0.25481988259237665,0.49999237060546875,0.0,2,-0.11634,2.0,10839.6,77.2243,-0.0771447,-1.49078,10.1234,18.3341,24.8116,33.611,42.9052,49.8512,54.5794,59.5293,63.659,68.41,73.9337,80.4341,91.7375,109.314,170.735,200.0,43.6628,19.0022,6.54437,-0.323479,68.6032,72.8902,82.705,82.705
64.58142757415771,-0.1596250404091766,0.49999237060546875,0.0,2,-0.0971587,2.0,10395.2,77.9931,0.854026,-1.525,10.218,18.9825,26.1485,36.2724,47.4861,56.2404,62.3928,69.0099,74.6734,81.3564,89.3606,99.1201,117.029,147.516,200.0,164.239,36.6633,17.6829,6.46739,-0.315342,69.2548,73.6682,79.793,79.793
64.60157012939453,-0.13083748398534456,0.9999847412109375,0.0,2,-0.0796378,2.0,10105.7,78.7071,1.7001,-1.54771,10.3084,19.6267,27.5229,39.1426,52.6941,63.809,71.9208,80.9366,88.9057,98.6237,110.737,126.253,157.086,200.0,200.0,97.6921,32.0936,16.662,6.40462,-0.307646,70.0989,74.1096,77.5275,77.5275
64.6222095489502,-0.1148347095367598,0.49999237060546875,0.0,2,-0.0647891,2.0,11125.0,79.4532,2.30502,-1.56007,10.384,20.2087,28.8126,41.9776,58.1432,72.1059,82.7252,94.9803,106.231,120.515,139.25,164.896,200.0,200.0,200.0,73.1864,29.1191,15.9192,6.36122,-0.300433,70.9776,74.4066,84.9146,84.9146
64.64459419250488,-0.10952284626960754,0.49999237060546875,0.0,2,-0.0509852,2.0,10620.1,80.24,2.81393,-1.56666,10.458,20.7917,30.1455,45.052,64.414,82.1593,96.3429,113.507,130.072,152.31,183.738,200.0,200.0,200.0,200.0,59.5802,26.8569,15.3012,6.32364,-0.2937,71.7735,74.9759,81.5354,81.5354
64.66523146629333,-0.10923555991870165,0.9999847412109375,0.0,2,-0.038369,2.0,10301.5,80.9476,3.06555,-1.57052,10.5293,21.3648,31.4965,48.3285,71.551,94.3163,113.632,138.466,164.098,200.0,200.0,200.0,200.0,200.0,135.963,51.066,25.1093,14.7878,6.29107,-0.287576,72.5489,75.4855,79.0309,79.0309
64.66620397567749,-0.10893678373776376,0.49999237060546875,0.0,2,-0.0269154,2.0,11312.5,81.6835,3.21467,-1.57432,10.5982,21.924,32.8538,51.7924,79.6569,109.137,136.027,173.447,200.0,200.0,200.0,200.0,200.0,200.0,100.431,45.2819,23.7281,14.3563,6.26172,-0.282176,73.2913,75.968,86.3556,86.3556
64.6889135837555,-0.10862253891639412,0.49999237060546875,0.0,2,-0.0153282,2.0,10807.9,82.4575,3.41771,-1.58148,10.677,22.5415,34.3891,55.9184,90.1311,130.07,170.387,200.0,200.0,200.0,200.0,200.0,200.0,153.185,79.6094,40.6535,22.4753,13.9384,6.22731,-0.277439,73.9776,76.6723,82.9687,82.9687
64.7111234664917,-0.10834621459414065,0.9999847412109375,0.0,2,-0.0041464,2.0,10517.9,83.1381,3.47357,-1.59228,10.761,23.1897,36.0468,60.6481,103.403,159.975,200.0,200.0,200.0,200.0,200.0,200.0,170.809,110.429,66.433,37.0209,21.3845,13.5532,6.19072,-0.273448,74.6694,77.2776,80.676,80.676
64.72947525978088,-0.09856167114810396,0.49999237060546875,0.0,2,0.00639504,2.0,11558.9,83.851,3.51171,-1.60703,10.8482,23.8538,37.796,65.977,120.261,200.0,200.0,200.0,200.0,200.0,200.0,183.61,121.427,87.5545,57.5084,34.1488,20.4441,13.2034,6.1527,-0.270275,75.3517,77.816,88.2354,88.2354
64.7516131401062,-0.053987865110657486,0.49999237060546875,0.0,2,0.0173652,2.0,11065.4,84.6106,3.66685,-1.62327,10.9496,24.6099,39.8486,72.7126,145.104,200.0,200.0,200.0,200.0,200.0,168.389,126.197,93.4337,72.0643,50.4556,31.5853,19.5365,12.8476,6.1076,-0.267822,76.0184,78.5641,84.9387,84.9387
64.77343273162842,-0.025084924817007657,0.9999847412109375,0.0,2,0.0275485,2.0,10773.1,85.2906,3.75333,-1.64013,11.0519,25.3728,41.996,80.4019,179.795,200.0,200.0,200.0,200.0,159.861,121.413,97.8809,76.9982,61.913,45.2985,29.5205,18.7556,12.5278,6.06261,-0.266105,76.8263,79.1949,82.6361,82.6361
64.78857755661011,-0.003908861047625542,0.49999237060546875,0.0,2,0.035988,2.0,11800.9,86.023,3.79216,-1.65695,11.143,26.0546,43.9827,88.1835,200.0,200.0,200.0,200.0,161.762,122.548,98.6433,82.5471,67.2034,55.4374,41.7534,27.9953,18.1475,12.2693,6.02292,-0.265113,77.6824,79.6545,90.0967,90.0967
64.81611013412476,-0.0010918233465651672,0.9999847412109375,0.0,2,0.0435039,2.0,11274.8,86.817,3.86162,-1.67423,11.2305,26.7062,45.9407,96.5574,200.0,200.0,200.0,169.37,126.882,101.442,84.5048,72.419,60.3446,50.6939,39.016,26.7507,17.6289,12.0413,5.98451,-0.264713,78.5285,80.2844,86.559,86.559
64.83141851425171,0.0,0.49999237060546875,0.0,2,0.0499393,2.0,12189.7,87.624,3.82905,-1.69092,11.3119,27.3039,47.7854,105.16,200.0,200.0,200.0,135.79,107.049,88.3541,75.2234,65.4947,55.4601,47.2034,36.9184,25.7527,17.1963,11.8447,5.94791,-0.264914,79.369,80.8777,93.1013,93.1013
64.85479617118835,0.0,0.49999237060546875,0.0,2,0.0560142,2.0,11585.5,88.4618,3.79977,-1.70686,11.3955,27.9068,49.6916,114.869,200.0,200.0,167.269,114.287,93.2079,78.6986,68.1026,60.0253,51.4832,44.2884,35.1083,24.8577,16.7943,11.6562,5.90937,-0.265677,80.1744,81.5971,88.9718,88.9718
64.8666319847107,0.0,0.9999847412109375,0.0,2,0.0612251,2.0,11172.2,89.2269,3.59675,-1.72234,11.475,28.4621,51.4814,124.813,200.0,200.0,139.39,100.499,83.8053,71.8722,62.9181,55.9516,48.4477,42.0157,33.6561,24.1135,16.4476,11.4877,5.87097,-0.267061,81.002,82.2295,85.7351,85.7351
64.88644528388977,0.0,0.49999237060546875,0.0,2,0.0653045,2.0,12124.2,90.0187,3.32879,-1.73708,11.547,28.9345,53.014,133.973,200.0,200.0,123.09,91.6788,77.5501,67.199,59.2894,53.0496,46.2423,40.3345,32.5542,23.5285,16.1639,11.3439,5.83346,-0.269121,81.8256,82.7966,92.6,92.6
64.90503573417664,0.0,0.9999847412109375,0.0,2,0.0692121,2.0,11537.0,90.8554,3.1258,-1.7537,11.6229,29.4162,54.5942,144.147,200.0,170.842,110.532,84.4569,72.2836,63.1816,56.1193,50.4806,44.2602,38.803,31.5306,22.9706,15.8855,11.1986,5.7926,-0.271759,82.6171,83.5399,88.5844,88.5844
64.92619609832764,-0.0006480926921858142,0.49999237060546875,0.0,2,0.0726663,2.0,12415.8,91.6914,2.90619,-1.77172,11.6987,29.8749,56.1055,154.584,200.0,149.857,101.208,78.8285,68.0817,59.9176,53.5054,48.3364,42.5824,37.4893,30.6353,22.4688,15.6268,11.0591,5.74978,-0.274974,83.4236,84.2405,94.8492,94.8492
64.94775462150574,-0.0006459342114264145,0.9999847412109375,0.0,2,0.0761163,2.0,11780.5,92.5517,2.74085,-1.78992,11.78,30.3578,57.7167,166.641,200.0,133.256,93.214,73.8165,64.2695,56.9129,51.0711,46.32,40.9871,36.227,29.7624,21.9694,15.3637,10.9143,5.70328,-0.278697,84.2197,85.0313,90.4705,90.4705
64.97137832641602,-0.0006437907845837375,0.49999237060546875,0.0,2,0.0792271,2.0,12627.5,93.406,2.55854,-1.80763,11.8621,30.8257,59.2833,179.294,200.0,120.9,86.853,69.6912,61.0765,54.361,48.9793,44.5703,39.5865,35.1066,28.9742,21.5074,15.1133,10.7726,5.65466,-0.28294,85.034,85.7667,96.4799,96.4799
64.99354696273804,0.0,0.9999847412109375,0.0,2,0.0823147,2.0,11965.0,94.2785,2.41983,-1.82516,11.949,31.3139,60.9378,193.886,200.0,110.524,81.2269,65.9424,58.1342,51.9829,47.012,42.9118,38.2467,34.0256,28.2043,21.048,14.8597,10.6267,5.60282,-0.287646,85.8443,86.5692,91.8938,91.8938
65.01285362243652,0.01098995112760955,0.49999237060546875,0.0,2,0.0850326,2.0,12796.0,95.1421,2.25849,-1.84193,12.0356,31.7792,62.5124,200.0,200.0,102.521,76.6815,62.8341,55.6599,49.9594,45.3213,41.474,37.0729,33.0686,27.5117,20.6248,14.6194,10.4846,5.54934,-0.292823,86.6719,87.3124,97.7749,97.7749
65.03115749359131,0.024076981348369268,0.9999847412109375,0.0,2,0.087474,2.0,12122.2,96.0189,2.15021,-1.86179,12.1228,32.2292,64.033,200.0,200.0,96.0493,72.8655,60.1677,53.5116,48.1849,43.8254,40.1923,36.0169,32.1998,26.8741,20.227,14.3882,10.3448,5.49422,-0.298408,87.525,88.1009,93.1007,93.1007
65.05030131340027,0.0392543801638484,0.49999237060546875,0.0,2,0.08905,2.0,12950.9,96.886,2.01022,-1.8816,12.2014,32.5833,65.1647,200.0,200.0,91.9315,70.3314,58.3454,52.018,46.932,42.7549,39.2634,35.239,31.5492,26.3836,19.9078,14.1928,10.2207,5.44034,-0.304371,88.418,88.7969,98.9628,98.9628
65.07143187522888,0.04501323733196035,0.9999847412109375,0.0,2,0.0897724,2.0,12261.4,97.7717,1.87599,-1.90111,12.2706,32.8356,65.871,200.0,200.0,89.6779,68.8618,57.2438,51.0915,46.1364,42.0605,38.6489,34.7117,31.0969,26.0288,19.6623,14.0321,10.1124,5.38813,-0.31063,89.3391,89.5219,94.1727,94.1727
65.0913405418396,0.044857029298854365,0.49999237060546875,0.0,2,0.0893866,2.0,13080.9,98.647,1.66277,-1.91929,12.3259,32.9475,65.987,200.0,200.0,89.5785,68.6501,57.0059,50.8497,45.8965,41.8257,38.4208,34.4941,30.8915,25.8445,19.5113,13.9167,10.0253,5.33886,-0.317155,90.2621,90.1908,99.9635,99.9635
65.111483335495,0.044697912330595155,0.9999847412109375,0.0,2,0.0883219,2.0,12380.7,99.5386,1.42405,-1.93688,12.3732,32.974,65.7443,200.0,200.0,90.8064,69.2052,57.2896,51.0197,45.99,41.8658,38.4232,34.4604,30.832,25.7602,19.415,13.8272,9.95005,5.29089,-0.323893,91.166,90.935,95.0861,95.0861
65.13434195518494,0.044541864913540584,0.49999237060546875,0.0,2,0.0866372,2.0,13203.4,100.413,1.15569,-1.95328,12.413,32.9231,65.1861,200.0,200.0,93.3948,70.5196,58.0812,51.5867,46.4017,42.1667,38.6428,34.5991,30.9085,25.7686,19.3688,13.7611,9.88543,5.24409,-0.33082,92.0317,91.6544,100.903,100.903
65.14599108695984,0.044383568871766324,0.9999847412109375,0.0,2,0.0845734,2.0,12505.9,101.3,0.902561,-1.96966,12.4483,32.8269,64.4547,200.0,200.0,97.0634,72.3949,59.2325,52.4283,47.0296,42.6416,39.0055,34.8497,31.0718,25.8347,19.3529,13.7087,9.82676,5.19777,-0.337881,92.8992,92.4306,96.0373,96.0373
65.17158842086792,0.04422937746241688,0.49999237060546875,0.0,2,0.0821735,2.0,13344.7,102.164,0.654161,-1.98564,12.4794,32.6914,63.5838,200.0,200.0,101.99,74.8834,60.7619,53.5532,47.8769,43.2915,39.5104,35.2096,31.3192,25.9559,19.3655,13.6689,9.77367,5.15205,-0.345036,93.7214,93.1725,101.984,101.984
65.18560791015625,0.04407250911887735,0.9999847412109375,0.0,2,0.0795376,2.0,12657.5,103.043,0.428178,-2.02926,12.5074,32.53,62.6341,190.354,200.0,108.272,77.971,62.6415,54.9323,48.916,44.0905,40.1343,35.6594,31.6343,26.12,19.3993,13.6384,9.72457,5.10682,-0.35224,94.5392,93.9321,97.1889,97.1889
65.2081196308136,0.043920816181438664,0.49999237060546875,0.0,2,0.0767476,2.0,13519.5,103.893,0.226825,-2.0804,12.5331,32.353,61.6515,179.624,200.0,116.083,81.6689,64.856,56.5459,50.1269,45.0197,40.8596,36.1837,32.0037,26.3176,19.449,13.6145,9.6784,5.06208,-0.359443,95.3215,94.6785,103.318,103.318
65.22920370101929,0.04376608938525121,0.9999847412109375,0.0,2,0.0737616,2.0,12843.5,104.76,0.0415675,-2.12902,12.5555,32.1552,60.6206,169.44,200.0,126.158,86.2208,67.5267,58.4762,51.5684,46.1233,41.7212,36.8077,32.4466,26.5604,19.5205,13.6002,9.63661,5.01829,-0.366613,96.1544,95.4643,98.6072,98.6072
65.24959659576416,0.04361600260832657,0.49999237060546875,0.0,2,0.0706903,2.0,13721.6,105.601,-0.114684,-2.16758,12.5759,31.95,59.5945,160.166,200.0,138.902,91.6355,70.6195,60.684,53.203,47.3672,42.688,37.5058,32.9417,26.8334,19.6056,13.5916,9.59753,4.97535,-0.3737,96.9354,96.2231,104.864,104.864
65.27064228057861,0.043462168123535816,0.9999847412109375,0.0,2,0.0673949,2.0,13043.2,106.463,-0.267711,-2.19648,12.592,31.7211,58.5168,151.305,200.0,156.399,98.5255,74.436,63.374,55.1782,48.8627,43.8475,38.3427,33.5372,27.1675,19.7199,13.5959,9.56467,4.93402,-0.380681,97.7708,97.0069,100.138,100.138
65.29766464233398,0.043321896771974865,0.49999237060546875,0.0,2,0.0640156,2.0,14020.7,107.249,-0.406774,-2.2696,12.6056,31.4849,57.4491,143.227,200.0,180.314,107.022,78.9543,66.5023,57.4461,50.5646,45.1585,39.2836,34.2043,27.5422,19.8522,13.6079,9.53568,4.89408,-0.387511,98.5206,97.7386,107.115,107.115
65.31041312217712,0.04317270230644693,0.9999847412109375,0.0,2,0.0603492,2.0,13378.4,108.085,-0.563292,-2.32789,12.6138,31.2191,56.3162,135.392,200.0,200.0,118.5,84.763,70.4439,60.2674,52.6635,46.7663,40.4332,35.0197,28.0047,20.0257,13.6379,9.51534,4.85643,-0.394187,99.3142,98.468,102.714,102.714
65.33464097976685,0.04015578407949458,0.49999237060546875,0.0,2,0.0566055,2.0,14267.0,108.924,-0.695924,-2.36797,12.6192,30.9478,55.2023,128.264,200.0,200.0,133.524,91.8702,75.1351,63.5615,55.0812,48.6006,41.7319,35.9347,28.5211,20.2219,13.6773,9.49969,4.82053,-0.400665,100.073,99.2065,109.036,109.036
65.34612393379211,0.022770935427099466,0.9999847412109375,0.0,2,0.0526788,2.0,13552.0,109.796,-0.84394,-2.39614,12.6203,30.6601,54.0717,121.57,200.0,200.0,154.67,101.038,80.9854,67.5791,57.9848,50.7794,43.2594,37.0032,29.1225,20.4547,13.732,9.49138,4.78685,-0.406943,100.894,99.9845,104.062,104.062
65.37035632133484,0.016799455457367003,0.49999237060546875,0.0,2,0.0492136,2.0,14398.4,110.66,-0.974504,-2.41274,12.6261,30.4242,53.14,116.305,200.0,200.0,180.226,110.911,87.0143,71.5943,60.8201,52.8685,44.6938,37.9878,29.6598,20.6509,13.7697,9.47567,4.75279,-0.413002,101.625,100.814,110.063,110.063
65.39356899261475,0.0020669805364497006,0.9999847412109375,0.0,2,0.0462138,2.0,13654.1,111.546,-1.05945,-2.42214,12.6368,30.2382,52.3886,112.184,200.0,200.0,200.0,121.25,93.0331,75.4748,63.4959,54.8023,45.9921,38.8599,30.1186,20.8049,13.7883,9.45169,4.71807,-0.418877,102.396,101.686,104.841,104.841
65.4164547920227,-0.001472622245270759,0.49999237060546875,0.0,2,0.0441062,2.0,14501.1,112.41,-1.07979,-2.42727,12.6582,30.1427,51.9339,109.599,200.0,200.0,200.0,129.557,97.6097,78.3063,65.3814,56.1219,46.8413,39.4019,30.3737,20.8603,13.7645,9.40934,4.68097,-0.424554,103.077,102.568,110.854,110.854
65.42754244804382,-0.005349083427463968,0.9999847412109375,0.0,2,0.0426318,2.0,13768.5,113.29,-1.04559,-2.4446,12.6869,30.1096,51.6788,107.989,200.0,200.0,200.0,135.825,100.875,80.2348,66.6101,56.9451,47.3358,39.6888,30.4747,20.8431,13.7104,9.35395,4.64229,-0.430081,103.818,103.452,105.699,105.699
65.45063161849976,-0.008811448214398696,0.49999237060546875,0.0,2,0.0418612,2.0,14648.2,114.137,-0.948486,-2.47407,12.7238,30.1444,51.6361,107.355,200.0,200.0,200.0,138.793,102.248,80.9419,66.9881,57.1417,47.3946,39.669,30.3954,20.7431,13.6222,9.28414,4.60187,-0.435444,104.496,104.293,111.974,111.974
65.47268152236938,-0.010128203965723514,0.9999847412109375,0.0,2,0.0414855,2.0,13939.1,115.0,-0.848587,-2.5077,12.7651,30.2166,51.7102,107.247,200.0,200.0,200.0,139.654,102.46,80.9147,66.861,56.9705,47.2015,39.473,30.214,20.5969,13.5152,9.20661,4.56063,-0.440696,105.263,105.158,106.993,106.993
65.49235796928406,-0.010092345813810825,0.49999237060546875,0.0,2,0.0415532,2.0,14848.4,115.832,-0.71699,-2.54043,12.8117,30.3315,51.916,107.722,200.0,200.0,200.0,137.977,101.306,80.0391,66.1562,56.3812,46.7221,39.0782,29.9175,20.3988,13.3872,9.12024,4.51835,-0.445846,105.966,105.967,113.501,113.501
65.50587391853333,-0.011490338999126107,0.9999847412109375,0.0,2,0.0417945,2.0,14143.4,116.69,-0.595216,-2.57068,12.8601,30.4628,52.1727,108.424,200.0,200.0,200.0,135.355,99.6434,78.8468,65.2361,55.6364,46.1372,38.6106,29.579,20.1821,13.2518,9.03095,4.47588,-0.450934,106.754,106.801,108.553,108.553
65.52759766578674,-0.01297650768359502,0.49999237060546875,0.0,2,0.042226,2.0,15117.7,117.487,-0.478177,-2.63354,12.9109,30.6129,52.4879,109.387,200.0,200.0,200.0,131.777,97.4575,77.3252,64.0899,54.7272,45.4398,38.0642,29.1951,19.9448,13.1082,8.93822,4.43304,-0.455973,107.464,107.558,115.544,115.544
65.54918646812439,-0.014543726621009409,0.9999847412109375,0.0,2,0.0427973,2.0,14411.3,118.34,-0.378972,-2.67882,12.9635,30.7777,52.8481,110.553,200.0,200.0,200.0,127.617,94.9383,75.5882,62.7946,53.7082,44.6655,37.4637,28.7791,19.6926,12.9582,8.84271,4.38975,-0.461002,108.234,108.362,110.628,110.628
65.5724823474884,-0.009948008132614197,0.49999237060546875,0.0,2,0.0435764,2.0,15313.2,119.181,-0.280853,-2.71303,13.0193,30.9652,53.2774,112.032,200.0,200.0,200.0,122.653,91.9481,73.543,61.2811,52.5272,43.7778,36.7824,28.3148,19.4175,12.7983,8.74264,4.34557,-0.466045,108.961,109.137,117.062,117.062
65.59333848953247,-0.0014252496630046516,0.9999847412109375,0.0,2,0.0444118,2.0,14567.4,120.053,-0.173147,-2.73924,13.0763,31.1602,53.7297,113.624,200.0,200.0,200.0,117.724,88.9434,71.4751,59.7457,51.3266,42.8741,36.0884,27.8416,19.1375,12.6359,8.64127,4.30101,-0.471117,109.763,109.955,111.829,111.829
65.6156325340271,0.0026437010083595913,0.49999237060546875,0.0,2,0.0450179,2.0,15451.9,120.903,-0.0713759,-2.75676,13.1302,31.3323,54.1126,114.912,200.0,200.0,200.0,114.028,86.6168,69.8347,58.5039,50.3399,42.1172,35.4973,27.4287,18.8852,12.4851,8.54497,4.25724,-0.476209,110.546,110.691,118.136,118.136
65.62651801109314,0.017797635695139567,0.9999847412109375,0.0,2,0.0452897,2.0,14698.6,121.776,-0.00998197,-2.76965,13.1796,31.4697,54.3888,115.716,200.0,200.0,199.26,111.814,85.1351,68.7391,57.6423,49.6336,41.5557,35.0442,27.0975,18.6711,12.3505,8.45586,4.2147,-0.481315,111.402,111.473,112.822,112.822
65.64960527420044,0.023607133285723003,0.9999847412109375,0.0,2,0.0449955,2.0,15596.0,122.617,0.038986,-2.78132,13.2206,31.5464,54.4792,115.673,200.0,200.0,200.0,111.899,84.9828,68.5091,57.3887,49.3776,41.3095,34.8148,26.8999,18.52,12.243,8.37907,4.17444,-0.486407,112.213,112.157,119.243,119.243
65.67096781730652,0.025640771791338918,0.49999237060546875,0.0,2,0.0440008,2.0,16229.7,123.599,0.0176213,-2.79697,13.2512,31.5471,54.3387,114.592,200.0,200.0,200.0,114.948,86.5187,69.3676,57.8952,49.6822,41.4544,34.8626,26.867,18.4465,12.1692,8.31758,4.13714,-0.491459,113.133,112.921,124.137,124.137
65.69195413589478,0.025531708389520645,0.9999847412109375,0.0,2,0.0424377,2.0,15294.9,124.562,-0.0623509,-2.81529,13.2729,31.4866,54.0152,112.727,200.0,200.0,200.0,120.937,89.6384,71.2137,59.075,50.4756,41.9349,35.1451,26.9717,18.437,12.1227,8.26858,4.10233,-0.496459,114.097,113.752,117.484,117.484
65.71269726753235,0.025428420931100846,0.49999237060546875,0.0,2,0.040568,2.0,16081.7,125.474,-0.163375,-2.83625,13.2896,31.3929,53.5986,110.512,200.0,200.0,200.0,129.439,93.972,73.7656,60.7148,51.5911,42.6284,35.5723,27.1585,18.4646,12.092,8.22693,4.06922,-0.501383,114.976,114.552,122.982,122.982
65.73442602157593,0.019273883089274167,0.9999847412109375,0.0,2,0.03849,2.0,15266.5,126.368,-0.274863,-2.86058,13.3024,31.2771,53.1236,108.12,200.0,200.0,200.0,140.848,99.5565,76.9923,62.7704,52.9867,43.5004,36.117,27.4092,18.5201,12.0731,8.19079,4.03752,-0.506217,115.86,115.383,117.187,117.187
65.74594497680664,0.00714009215740487,0.9999847412109375,0.0,2,0.0365364,2.0,16174.1,127.206,-0.373598,-2.89181,13.316,31.1733,52.6938,105.99,200.0,200.0,200.0,153.782,105.532,80.3322,64.852,54.3775,44.3541,36.6416,27.6441,18.567,12.0508,8.15361,4.00619,-0.510935,116.619,116.163,123.667,123.667
65.76756954193115,0.00255968075911204,0.49999237060546875,0.0,2,0.0348083,2.0,16820.1,128.184,-0.504804,-2.921,13.3321,31.0924,52.3379,104.219,200.0,200.0,200.0,167.483,111.453,83.5184,66.7846,55.6408,45.1087,37.0918,27.8323,18.5915,12.0192,8.11259,3.97457,-0.515575,117.442,117.034,128.657,128.657
65.78898501396179,0.0,0.9999847412109375,0.0,2,0.0334036,2.0,15865.2,129.145,-0.58869,-2.94994,13.3524,31.0439,52.0816,102.884,200.0,200.0,200.0,180.513,116.681,86.2055,68.3569,56.6351,45.6758,37.4093,27.9427,18.5805,11.9729,8.06533,3.94211,-0.520161,118.303,117.965,121.863,121.863
65.81391859054565,-0.0005518264073257644,0.49999237060546875,0.0,2,0.0324532,2.0,16652.9,130.06,-0.603429,-2.97582,13.3784,31.04,51.9586,102.099,200.0,200.0,200.0,190.139,120.213,87.8953,69.2757,57.1699,45.9375,37.5196,27.9365,18.518,11.906,8.00948,3.90855,-0.524669,119.094,118.859,127.361,127.361
65.82589483261108,-0.000908686359624068,0.9999847412109375,0.0,2,0.031799,2.0,15802.7,130.962,-0.580348,-2.99914,13.408,31.0644,51.9198,101.657,200.0,200.0,200.0,196.96,122.47,88.8657,69.737,57.3884,45.9928,37.4913,27.8534,18.4226,11.8263,7.94837,3.87444,-0.529106,119.921,119.756,121.311,121.311
65.84987115859985,-0.0009051435124874114,0.9999847412109375,0.0,2,0.0314543,2.0,16689.2,131.816,-0.515596,-3.01696,13.4412,31.1181,51.9677,101.559,200.0,200.0,200.0,199.939,123.176,89.0092,69.6852,57.2587,45.8242,37.3152,27.6895,18.293,11.7335,7.88207,3.83989,-0.533457,120.662,120.571,127.625,127.625
65.87245869636536,-0.0009010074251393478,0.49999237060546875,0.0,2,0.0311643,2.0,17293.6,132.813,-0.470217,-3.02024,13.4746,31.176,52.0293,101.52,200.0,200.0,200.0,200.0,123.62,89.0107,69.5459,57.0701,45.6192,37.115,27.5135,18.1588,11.6393,7.81554,3.80561,-0.537748,121.523,121.452,132.306,132.306
65.89232039451599,-0.0008969791996479035,0.9999847412109375,0.0,2,0.0308763,2.0,16301.4,133.784,-0.429782,-3.02673,13.5077,31.2331,52.0897,101.48,200.0,200.0,200.0,200.0,124.076,89.0157,69.408,56.8825,45.4149,36.9159,27.3385,18.0255,11.5459,7.74963,3.77167,-0.541994,122.433,122.364,125.203,125.203
65.91049122810364,-0.0008932040346662204,0.49999237060546875,0.0,2,0.0307009,2.0,17096.3,134.694,-0.375811,-3.03546,13.5419,31.3003,52.1809,101.562,200.0,200.0,200.0,200.0,123.921,88.7039,69.0778,56.5665,45.129,36.6636,27.1349,17.8807,11.4483,7.68217,3.73772,-0.546191,123.256,123.212,130.767,130.767
65.93199801445007,-0.0008895284344752628,0.9999847412109375,0.0,2,0.0305797,2.0,16252.3,135.58,-0.324174,-3.04638,13.5766,31.3723,52.2862,101.701,200.0,200.0,200.0,200.0,123.466,88.239,68.6555,56.1894,44.8053,36.3868,26.9186,17.7307,11.349,7.6142,3.7039,-0.550349,124.107,124.075,124.74,124.74
65.95100736618042,-0.000886006330003341,0.9999847412109375,0.0,2,0.0305607,2.0,17142.1,136.429,-0.265868,-3.04235,13.6124,31.4537,52.4195,101.95,200.0,200.0,200.0,200.0,122.442,87.4854,68.0599,55.6964,44.409,36.0628,26.6772,17.5705,11.246,7.54485,3.67004,-0.554467,124.854,124.845,131.111,131.111
65.97151613235474,0.0,0.49999237060546875,0.0,2,0.0305435,2.0,17698.9,137.446,-0.226132,-3.04375,13.648,31.5349,52.5526,102.199,200.0,200.0,200.0,200.0,121.414,86.7293,67.4631,55.2043,44.0133,35.7395,26.4364,17.4109,11.1433,7.47578,3.63634,-0.558566,125.718,125.713,135.43,135.43
65.9922525882721,0.0013133455000445245,0.9999847412109375,0.0,2,0.0304953,2.0,16702.3,138.407,-0.19105,-3.05313,13.6832,31.6128,52.6767,102.414,200.0,200.0,200.0,200.0,120.552,86.0611,66.92,54.7469,43.6399,35.431,26.2038,17.2549,11.0422,7.40743,3.6028,-0.562657,126.642,126.63,128.248,128.248
66.01285004615784,0.006752952857147903,0.9999847412109375,0.0,2,0.0304391,2.0,17536.4,139.286,-0.156191,-3.069,13.718,31.6895,52.7976,102.619,200.0,200.0,200.0,200.0,119.738,85.4167,66.3916,54.301,43.2737,35.1275,25.9741,17.1004,10.9418,7.3395,3.56942,-0.566733,127.457,127.443,134.139,134.139
66.03433108329773,0.01635299708897869,0.49999237060546875,0.0,2,0.030194,2.0,18086.2,140.301,-0.128625,-3.09157,13.75,31.7465,52.8626,102.61,200.0,200.0,200.0,200.0,119.971,85.3038,66.184,54.0691,43.0438,34.9142,25.7938,16.9673,10.8502,7.2755,3.53682,-0.570789,128.353,128.301,138.399,138.399
66.05506467819214,0.0216715981496498,0.9999847412109375,0.0,2,0.0295078,2.0,17067.8,141.26,-0.118326,-3.10165,13.7751,31.7575,52.7978,102.114,200.0,200.0,200.0,200.0,122.773,86.4704,66.7411,54.3451,43.1352,34.9114,25.7285,16.8841,10.779,7.22056,3.50601,-0.574802,129.339,129.194,131.061,131.061
66.06609869003296,0.02771791655832281,0.9999847412109375,0.0,2,0.0282881,2.0,17885.3,142.141,-0.145228,-3.0907,13.7915,31.7125,52.5768,101.042,200.0,200.0,200.0,200.0,129.224,89.3658,68.3034,55.2789,43.6356,35.1749,25.8071,16.8629,10.7333,7.17712,3.47766,-0.578725,130.227,129.958,136.818,136.818
66.08921718597412,0.029787432097888863,0.49999237060546875,0.0,2,0.0264241,2.0,18413.8,143.161,-0.239237,-3.08709,13.7976,31.6009,52.1727,99.3191,200.0,200.0,200.0,200.0,141.541,94.8033,71.2734,57.1047,44.6767,35.7829,26.0676,16.9185,10.7188,7.14766,3.45231,-0.582534,131.175,130.761,140.919,140.919
66.11543130874634,0.031928593538850546,0.9999847412109375,0.0,2,0.0239941,2.0,17371.9,144.123,-0.382136,-3.09155,13.7943,31.4318,51.6161,97.0932,200.0,200.0,200.0,200.0,162.624,103.484,75.8914,59.9192,46.2868,36.7408,26.5057,17.0466,10.7331,7.13117,3.42988,-0.586203,132.159,131.612,133.392,133.392
66.12597918510437,0.0341418109581961,0.9999847412109375,0.0,2,0.0213768,2.0,18131.7,145.029,-0.503073,-3.06852,13.7867,31.2432,51.0176,94.7875,196.995,200.0,200.0,200.0,194.624,115.179,81.7961,63.4198,48.2499,37.8971,27.0356,17.2097,10.7616,7.12159,3.40964,-0.589672,132.998,132.398,138.742,138.742
66.14649033546448,0.03396441499159361,0.49999237060546875,0.0,2,0.0184228,2.0,18567.7,146.094,-0.66299,-3.03592,13.7724,31.0214,50.3406,92.2858,186.06,200.0,200.0,200.0,200.0,132.586,89.9752,68.0956,50.8054,39.3845,27.717,17.4297,10.8124,7.12233,3.39226,-0.592922,133.943,133.266,142.132,142.132
66.16629433631897,0.03622106113933026,0.9999847412109375,0.0,2,0.0152122,2.0,17541.7,147.038,-0.813229,-3.01648,13.7527,30.7749,49.6122,89.695,175.46,200.0,200.0,200.0,200.0,159.381,101.286,74.2338,54.0353,41.2239,28.5488,17.7027,10.8833,7.13255,3.3777,-0.595925,134.92,134.178,134.637,134.637
66.18634271621704,0.038559844815395775,0.9999847412109375,0.0,2,0.0121815,2.0,18417.8,147.868,-0.88822,-3.01682,13.7329,30.544,48.9415,87.3794,166.523,200.0,200.0,200.0,200.0,197.714,115.195,81.2799,57.5618,43.1719,29.4054,17.9796,10.9566,7.14524,3.36523,-0.598602,135.675,134.962,140.899,140.899
66.2053427696228,0.04092474023501078,0.49999237060546875,0.0,2,0.00875538,2.0,18938.8,148.875,-1.03615,-3.03541,13.7051,30.2756,48.1878,84.8754,157.42,200.0,200.0,200.0,200.0,200.0,136.962,91.3636,62.3229,45.7226,30.5046,18.339,11.0605,7.17194,3.3567,-0.60096,136.567,135.78,144.951,144.951
66.22635316848755,0.04073937074661255,0.9999847412109375,0.0,2,0.00485581,2.0,17940.1,149.786,-1.19187,-3.03801,13.6683,29.9647,47.3416,82.1703,148.17,200.0,200.0,200.0,200.0,200.0,175.389,106.785,69.0077,49.146,31.9321,18.8031,11.2016,7.21515,3.35259,-0.60298,137.551,136.656,137.704,137.704
66.24902272224426,0.04057211090087891,0.9999847412109375,0.0,2,0.000905689,2.0,18811.8,150.608,-1.29177,-3.00358,13.6275,29.6489,46.5032,79.5844,139.824,200.0,200.0,200.0,200.0,200.0,200.0,129.245,77.61,53.289,33.5786,19.3264,11.3634,7.26864,3.35242,-0.604556,138.338,137.421,143.919,143.919
66.27060961723328,0.040367817853291826,0.49999237060546875,0.0,2,-0.00351793,2.0,19279.1,151.612,-1.50047,-2.97924,13.5772,29.293,45.5839,76.8522,131.498,200.0,200.0,200.0,200.0,200.0,200.0,169.774,90.4713,58.9904,35.7114,19.9851,11.5703,7.34163,3.35753,-0.605706,139.236,138.217,147.59,147.59
66.28997159004211,0.03767221218955703,0.9999847412109375,0.0,2,-0.00824577,2.0,18258.4,152.521,-1.70322,-2.96999,13.5199,28.9137,44.6288,74.1139,123.602,185.87,200.0,200.0,200.0,200.0,200.0,200.0,110.233,66.7473,38.3807,20.7732,11.8171,7.43172,3.36756,-0.606415,140.162,139.066,140.147,140.147
66.31093406677246,0.02621679999999702,0.9999847412109375,0.0,2,-0.0123695,2.0,19014.3,153.398,-1.75191,-2.90382,13.4668,28.5836,43.8169,71.8629,117.426,172.215,200.0,200.0,200.0,200.0,200.0,200.0,136.443,75.5159,41.115,21.5408,12.0559,7.52118,3.38033,-0.606582,140.863,139.882,145.533,145.533
66.3299708366394,0.01524852116028468,0.9999847412109375,0.0,2,-0.016106,2.0,19335.6,154.464,-1.84476,-2.83478,13.4151,28.2828,43.0941,69.9186,112.308,161.422,200.0,200.0,200.0,200.0,200.0,200.0,174.172,85.8348,44.01,22.3156,12.2964,7.61372,3.39625,-0.606246,141.725,140.833,148.069,148.069
66.34852528572083,0.005274349202613036,0.9999847412109375,0.0,3,-0.0193489,2.0,19546.7,155.562,-1.92921,-2.78965,13.3668,28.0187,42.4733,68.2939,108.181,153.047,196.589,200.0,200.0,200.0,200.0,200.0,200.0,97.4855,46.9275,23.062,12.5281,7.70525,3.41437,-0.605474,142.655,141.87,149.711,149.711
66.3677110671997,0.0022354279114802683,0.9999847412109375,0.0,3,-0.0216458,3.0,15432.0,156.283,-1.84492,-2.77908,13.3275,27.8234,42.0274,67.1608,105.393,147.56,187.657,200.0,200.0,200.0,200.0,200.0,200.0,107.992,49.3116,23.6582,12.7177,7.78388,3.43286,-0.604285,143.489,142.903,138.871,138.518
66.39006018638611,0.0,0.9999847412109375,0.0,3,-0.0223854,3.0,15405.0,156.158,-1.50401,-2.806,13.3043,27.7392,41.8526,66.7508,104.442,145.759,184.805,200.0,200.0,200.0,200.0,200.0,200.0,112.216,50.2889,23.9324,12.8207,7.83445,3.44985,-0.602634,143.579,143.357,137.806,137.656
66.41026186943054,-0.001679768234491348,0.9999847412109375,0.0,3,-0.0225189,3.0,14197.3,155.984,-1.15133,-2.76163,13.2857,27.6939,41.7758,66.6049,104.16,145.281,184.098,200.0,200.0,200.0,200.0,200.0,200.0,113.504,50.6891,24.0871,12.8954,7.87788,3.46801,-0.600598,143.38,143.342,137.287,137.108
66.42954444885254,-0.002867029200196266,0.9999847412109375,0.0,3,-0.0225647,3.0,15049.8,156.381,-0.897935,-2.69469,13.2658,27.6502,41.7069,66.4868,103.956,144.968,183.668,200.0,200.0,200.0,200.0,200.0,200.0,114.417,51.0347,24.2388,12.9738,7.92497,3.48841,-0.598268,143.418,143.406,145.245,145.245
66.45814228057861,-0.0035663849743797133,0.9999847412109375,0.0,3,-0.0226343,3.0,15261.0,157.197,-0.736586,-2.63275,13.2439,27.6012,41.6285,66.3499,103.714,144.587,183.134,200.0,200.0,200.0,200.0,200.0,200.0,115.518,51.432,24.4087,13.0605,7.97672,3.51068,-0.595732,144.04,144.021,147.38,147.38
66.46999859809875,-0.003549237736674647,0.9999847412109375,0.0,3,-0.0226305,3.0,15308.4,158.124,-0.608654,-2.54727,13.2216,27.5549,41.559,66.2398,103.543,144.352,182.837,200.0,200.0,200.0,200.0,200.0,200.0,116.266,51.7701,24.5702,13.1471,8.02971,3.53403,-0.593042,144.797,144.794,147.937,147.937
66.49037146568298,-0.003531147123432408,0.9999847412109375,0.0,3,-0.0224531,3.0,15284.0,159.102,-0.476128,-2.41055,13.2004,27.5193,41.5166,66.2031,103.558,144.482,183.134,200.0,200.0,200.0,200.0,200.0,200.0,116.091,51.9336,24.6965,13.2258,8.08085,3.55785,-0.590223,145.635,145.67,147.668,147.668
66.50910496711731,-0.0035123536029271784,0.9999847412109375,0.0,3,-0.0220807,3.0,15338.2,160.118,-0.336092,-2.29926,13.1784,27.4913,41.498,66.2384,103.766,145.006,184.077,200.0,200.0,200.0,200.0,200.0,200.0,114.982,51.9336,24.7984,13.3035,8.13486,3.58441,-0.587003,146.538,146.613,148.158,148.158
66.5366849899292,-0.0016355350995436314,0.9999847412109375,0.0,3,-0.0216215,3.0,15450.1,161.093,-0.217239,-2.25167,13.1567,27.4682,41.4923,66.3099,104.068,145.72,185.337,200.0,200.0,200.0,200.0,200.0,200.0,113.487,51.8508,24.8831,13.3776,8.1882,3.61136,-0.583698,147.417,147.512,149.216,149.216
66.55778646469116,-0.00047158652220852677,0.9999847412109375,0.0,3,-0.0212057,3.0,15600.2,162.041,-0.120949,-2.27999,13.1341,27.4408,41.4776,66.3599,104.32,146.343,186.456,200.0,200.0,200.0,200.0,200.0,200.0,112.28,51.8228,24.981,13.4562,8.24363,3.63894,-0.580336,148.292,148.38,150.66,150.66
66.57754302024841,0.0,0.9999847412109375,0.0,3,-0.0209459,3.0,15742.3,162.988,-0.05424,-2.2352,13.109,27.401,41.4341,66.3363,104.393,146.614,187.006,200.0,200.0,200.0,200.0,200.0,200.0,111.895,51.9657,25.1193,13.5469,8.3038,3.66748,-0.57693,149.259,149.313,152.043,152.043
66.60034346580505,0.0,0.9999847412109375,0.0,3,-0.0208243,3.0,15855.6,163.958,-0.02299,-2.1817,13.0819,27.3503,41.3651,66.2474,104.304,146.57,187.047,200.0,200.0,200.0,200.0,200.0,200.0,112.204,52.2585,25.2933,13.6484,8.36818,3.69684,-0.573489,150.161,150.187,153.149,153.149
66.62207460403442,0.0,0.9999847412109375,0.0,3,-0.0207647,3.0,15948.2,164.943,-0.00867957,-2.14694,13.0538,27.2944,41.2844,66.1287,104.143,146.382,186.855,200.0,200.0,200.0,200.0,200.0,200.0,112.822,52.6195,25.4841,13.7551,8.43467,3.72668,-0.57002,151.053,151.065,154.051,154.051
66.6430892944336,0.0,0.9999847412109375,0.0,3,-0.0207427,3.0,15890.1,166.029,-0.0032485,-1.9894,13.0251,27.2353,41.1964,65.9914,103.936,146.105,186.521,200.0,200.0,200.0,200.0,200.0,200.0,113.632,53.0233,25.6857,13.8653,8.50261,3.75687,-0.566527,151.994,151.999,153.535,153.535
66.66206955909729,0.0,0.9999847412109375,0.0,3,-0.0207318,3.0,15939.6,167.036,-0.0010416,-1.82949,12.996,27.175,41.1058,65.8484,103.715,145.801,186.143,200.0,200.0,200.0,200.0,200.0,200.0,114.499,53.4419,25.8912,13.977,8.57128,3.7873,-0.563011,152.943,152.946,153.967,153.967
66.68861651420593,0.0,0.9999847412109375,0.0,3,-0.0207251,3.0,16057.1,167.996,5.69831e-05,-1.72615,12.9666,27.114,41.014,65.7026,103.489,145.488,185.747,200.0,200.0,200.0,200.0,200.0,200.0,115.39,53.8667,26.099,14.0896,8.64049,3.81793,-0.559474,153.837,153.84,155.078,155.078
66.70768356323242,0.0,0.9999847412109375,0.0,3,-0.0207198,3.0,16208.5,168.932,0.000653283,-1.70404,12.9371,27.0525,40.9214,65.5551,103.258,145.168,185.343,200.0,200.0,200.0,200.0,200.0,200.0,116.294,54.2958,26.3083,14.2029,8.7101,3.84873,-0.555917,154.702,154.703,156.538,156.538
66.72813081741333,0.0,0.9999847412109375,0.0,3,-0.0207151,3.0,16347.8,169.87,0.00101839,-1.62345,12.9075,26.9907,40.8282,65.4067,103.026,144.845,184.933,200.0,200.0,200.0,200.0,200.0,200.0,117.207,54.7276,26.519,14.3169,8.7801,3.8797,-0.552342,155.64,155.639,157.895,157.895
66.75541377067566,0.0,0.9999847412109375,0.0,3,-0.0207079,3.0,16454.3,170.833,0.00170706,-1.50623,12.8777,26.9287,40.7349,65.2584,102.796,144.525,184.531,200.0,200.0,200.0,200.0,200.0,200.0,118.111,55.1592,26.73,14.4314,8.85043,3.91083,-0.548746,156.518,156.519,158.937,158.937
66.77673172950745,0.0,0.9999847412109375,0.0,3,-0.0206998,3.0,16541.5,171.81,0.0023906,-1.42775,12.8477,26.8665,40.6411,65.1095,102.565,144.205,184.13,200.0,200.0,200.0,200.0,200.0,200.0,119.018,55.592,26.9422,14.5464,8.92111,3.94213,-0.545131,157.388,157.389,159.785,159.785
66.79745626449585,0.0,0.9999847412109375,0.0,3,-0.0207027,3.0,16470.7,172.893,0.00155234,-1.2233,12.8174,26.803,40.5451,64.9552,102.321,143.86,183.688,200.0,200.0,200.0,200.0,200.0,200.0,119.982,56.0397,27.1582,14.6629,8.99251,3.97366,-0.541494,158.312,158.311,159.152,159.152
66.81784725189209,0.0,0.9999847412109375,0.0,3,-0.0207041,3.0,16520.0,173.889,0.000757751,-1.00662,12.787,26.7393,40.4485,64.8002,102.076,143.515,183.245,200.0,200.0,200.0,200.0,200.0,200.0,120.949,56.4884,27.3754,14.78,9.0643,4.00537,-0.537836,159.247,159.248,159.572,159.572
66.83787441253662,0.0,0.9999847412109375,0.0,3,-0.0207027,3.0,16643.7,174.832,0.000610715,-0.868843,12.7564,26.6754,40.352,64.6458,101.833,143.175,182.812,200.0,200.0,200.0,200.0,200.0,200.0,121.904,56.9369,27.5929,14.8976,9.13641,4.03725,-0.534158,160.122,160.122,160.742,160.742
66.8681206703186,0.0,0.9999847412109375,0.0,3,-0.0207003,3.0,16804.2,175.751,0.000762668,-0.841348,12.7257,26.6113,40.2552,64.4913,101.59,142.836,182.38,200.0,200.0,200.0,200.0,200.0,200.0,122.856,57.3856,27.8112,15.0156,9.20886,4.06928,-0.530459,160.966,160.967,162.29,162.29
66.89078950881958,0.0,0.9999847412109375,0.0,3,-0.0206969,3.0,16949.2,176.673,0.000987964,-0.788776,12.6948,26.5469,40.158,64.3361,101.347,142.496,181.949,200.0,200.0,200.0,200.0,200.0,200.0,123.811,57.8359,28.0304,15.1342,9.28168,4.10149,-0.526742,161.871,161.87,163.703,163.703
66.90599727630615,0.0010699588863675794,0.9999847412109375,0.0,3,-0.0206917,3.0,17060.9,177.619,0.00148251,-0.727242,12.6638,26.4823,40.0606,64.181,101.105,142.159,181.522,200.0,200.0,200.0,200.0,200.0,200.0,124.76,58.2864,28.2503,15.2533,9.3548,4.13385,-0.523005,162.733,162.734,164.796,164.796
66.93258714675903,0.0014859299383498726,0.9999847412109375,0.0,3,-0.0207232,3.0,17149.7,178.578,0.00314634,-0.692641,12.6322,26.4147,39.9564,64.0086,100.821,141.739,180.961,200.0,200.0,200.0,200.0,200.0,200.0,125.916,58.7834,28.4818,15.3761,9.42946,4.16656,-0.519246,163.597,163.59,165.661,165.661
66.9516441822052,0.0014768022638093682,0.9999847412109375,0.0,3,-0.0208061,3.0,17099.3,179.631,-0.00355641,-0.520235,12.5997,26.3429,39.8427,63.8122,100.477,141.204,180.213,200.0,200.0,200.0,200.0,200.0,200.0,127.369,59.3468,28.7296,15.5039,9.5062,4.19975,-0.515458,164.519,164.502,165.202,165.202
66.97022438049316,0.0014684373958781364,0.9999847412109375,0.0,3,-0.0209001,3.0,17168.4,180.596,-0.010742,-0.369471,12.5668,26.2698,39.7264,63.61,100.121,140.643,179.426,200.0,200.0,200.0,200.0,200.0,200.0,128.904,59.9291,28.9827,15.6338,9.58391,4.23326,-0.511641,165.426,165.407,165.836,165.836
66.99949789047241,0.0014603672486823054,0.9999847412109375,0.0,3,-0.0209959,3.0,17285.5,181.527,-0.0167965,-0.280297,12.5337,26.1961,39.609,63.4056,99.7608,140.077,178.631,200.0,200.0,200.0,200.0,200.0,200.0,130.472,60.5199,29.2388,15.7649,9.66231,4.26705,-0.507792,166.288,166.268,166.951,166.951
67.01605081558228,0.001452435793597251,0.9999847412109375,0.0,3,-0.0210941,3.0,17421.1,182.442,-0.0222455,-0.267153,12.5002,26.1217,39.4905,63.1994,99.3969,139.504,177.827,200.0,200.0,200.0,200.0,200.0,200.0,132.073,61.1199,29.4979,15.8974,9.74147,4.30113,-0.503912,167.13,167.109,168.262,168.262
67.03762865066528,0.0006924956211602937,0.9999847412109375,0.0,3,-0.0211976,3.0,17542.1,183.363,-0.0272905,-0.256129,12.4665,26.0464,39.3705,62.99,99.0258,138.92,177.004,200.0,200.0,200.0,200.0,200.0,200.0,133.727,61.733,29.7608,16.0315,9.82148,4.33552,-0.499999,168.0,167.978,169.44,169.44
67.05777478218079,0.0,0.9999847412109375,0.0,3,-0.0213073,3.0,17640.2,184.298,-0.0323151,-0.236928,12.4323,25.9701,39.2484,62.7762,98.6466,138.32,176.158,200.0,200.0,200.0,200.0,200.0,200.0,135.447,62.3618,30.0284,16.1674,9.90244,4.37026,-0.49605,168.858,168.835,170.397,170.397
67.08445858955383,0.0,0.9999847412109375,0.0,3,-0.0213841,3.0,17723.5,185.242,-0.0380019,-0.228864,12.3984,25.8956,39.1312,62.576,98.3015,137.789,175.425,200.0,200.0,200.0,200.0,200.0,200.0,136.988,62.9533,30.2886,16.3017,9.98304,4.40514,-0.492069,169.71,169.693,171.207,171.207
67.10332131385803,-0.0014179191576937835,0.9999847412109375,0.0,3,-0.0214184,3.0,17740.3,186.228,-0.0348931,-0.150481,12.3646,25.8236,39.0203,62.3928,98.0004,137.346,174.836,200.0,200.0,200.0,200.0,200.0,200.0,138.283,63.4956,30.5382,16.4335,10.063,4.44009,-0.488057,170.588,170.58,171.382,171.382
67.13283658027649,-0.0018770307749882342,0.9999847412109375,0.0,3,-0.0213917,3.0,17813.3,187.172,-0.0293193,-0.0816958,12.3314,25.7554,38.9188,62.2352,97.7629,137.03,174.453,200.0,200.0,200.0,200.0,200.0,200.0,139.204,63.9612,30.771,16.5607,10.1415,4.475,-0.484018,171.458,171.463,172.072,172.072
67.1510796546936,-0.0018663561336634057,0.9999847412109375,0.0,3,-0.0212763,3.0,17908.4,188.098,-0.0173397,-0.0379475,12.299,25.693,38.8315,62.1147,97.6189,136.899,174.37,200.0,200.0,200.0,200.0,200.0,200.0,139.574,64.3109,30.9774,16.6808,10.2176,4.50963,-0.479962,172.304,172.327,172.983,172.983
67.17006087303162,-0.0018557967692427336,0.9999847412109375,0.0,3,-0.0210961,3.0,18014.4,189.014,0.00284349,-0.0280577,12.2674,25.635,38.7546,62.0215,97.5433,136.903,174.508,200.0,200.0,200.0,200.0,200.0,200.0,139.541,64.5739,31.1641,16.7953,10.2916,4.54403,-0.475897,173.141,173.178,174.006,174.006
67.19000458717346,-0.0018452374048220613,0.9999847412109375,0.0,3,-0.0208848,3.0,18112.8,189.93,0.0233116,0.0131551,12.236,25.579,38.6826,61.9412,97.5002,136.971,174.753,200.0,200.0,200.0,200.0,200.0,200.0,139.318,64.7947,31.3408,16.907,10.3647,4.5783,-0.471827,174.009,174.053,174.963,174.963
67.21992540359497,-0.0018345858188780642,0.9999847412109375,0.0,3,-0.0206555,3.0,18199.0,190.854,0.0422624,0.0546918,12.2049,25.5243,38.6135,61.8686,97.4768,137.08,175.066,200.0,200.0,200.0,200.0,200.0,200.0,138.989,64.9889,31.5109,17.0166,10.4371,4.61243,-0.467762,174.853,174.901,175.8,175.8
67.24175882339478,-0.0018237843729586654,0.9999847412109375,0.0,3,-0.0204223,3.0,18260.4,191.791,0.0578223,0.0982155,12.1739,25.4699,38.5451,61.7978,97.4578,137.198,175.394,200.0,200.0,200.0,200.0,200.0,200.0,138.642,65.1755,31.6786,17.1255,10.509,4.64647,-0.463705,175.693,175.742,176.429,176.429
67.26505970954895,-0.0018128445947542787,0.9999847412109375,0.0,3,-0.0202006,3.0,18302.9,192.74,0.0670887,0.188446,12.1428,25.4148,38.4751,61.7224,97.4273,137.293,175.684,200.0,200.0,200.0,200.0,200.0,200.0,138.367,65.3736,31.8483,17.2346,10.5809,4.68042,-0.459661,176.56,176.607,176.81,176.81
67.28769731521606,-0.001353599729326864,0.9999847412109375,0.0,3,-0.0199898,3.0,18385.4,193.657,0.0724187,0.261049,12.1118,25.3593,38.4036,61.6427,97.3859,137.367,175.944,200.0,200.0,200.0,200.0,200.0,200.0,138.156,65.5826,32.0198,17.344,10.6528,4.71428,-0.455633,177.41,177.455,177.597,177.597
67.30204963684082,-0.0013457730012014508,0.9999847412109375,0.0,3,-0.019821,3.0,18484.1,194.561,0.0770239,0.301543,12.0803,25.301,38.3254,61.5453,97.3003,137.353,176.057,200.0,200.0,200.0,200.0,200.0,200.0,138.188,65.8433,32.2028,17.4565,10.7258,4.7482,-0.45162,178.247,178.284,178.544,178.544
67.32676887512207,-0.0013380068782716987,0.9999847412109375,0.0,3,-0.0196951,3.0,18588.0,195.458,0.0735967,0.317015,12.0485,25.2399,38.2402,61.4295,97.1676,137.245,176.017,200.0,200.0,200.0,200.0,200.0,200.0,138.467,66.1581,32.3983,17.5724,10.7998,4.78224,-0.447617,179.084,179.11,179.55,179.55
67.34433126449585,-0.0013302147816866637,0.9999847412109375,0.0,3,-0.0195797,3.0,18680.3,196.358,0.0686698,0.36578,12.0166,25.1782,38.1538,61.3098,97.0249,137.117,175.944,200.0,200.0,200.0,200.0,200.0,200.0,138.796,66.4826,32.5957,17.6888,10.874,4.81621,-0.443625,179.932,179.957,180.448,180.448
67.37098336219788,-0.0013223707377910615,0.9999847412109375,0.0,3,-0.0194657,3.0,18763.3,197.264,0.0648662,0.398732,11.9848,25.1166,38.0671,61.1896,96.8799,136.985,175.864,200.0,200.0,200.0,200.0,200.0,200.0,139.131,66.8069,32.7927,17.8048,10.948,4.85011,-0.439643,180.758,180.782,181.252,181.252
67.39124321937561,-0.0013142756152277192,0.9999847412109375,0.0,3,-0.0193585,3.0,18800.1,198.199,0.0606384,0.469701,11.9529,25.0546,37.9794,61.0664,96.7284,136.838,175.762,200.0,200.0,200.0,200.0,200.0,200.0,139.501,67.1385,32.9912,17.9212,11.0219,4.88397,-0.435668,181.594,181.617,181.624,181.624
67.40916752815247,-0.0013063969397917388,0.9999847412109375,0.0,3,-0.0192602,3.0,18868.5,199.109,0.0556319,0.55138,11.921,24.9921,37.8905,60.9399,96.5677,136.674,175.629,200.0,200.0,200.0,200.0,200.0,200.0,139.913,67.4786,33.1913,18.0379,11.096,4.9178,-0.431701,182.438,182.459,182.269,182.269
67.43915867805481,-0.0012986914220576486,0.9999847412109375,0.0,3,-0.0191649,3.0,18952.4,199.999,0.0514387,0.608717,11.8891,24.9294,37.8012,60.812,96.403,136.503,175.484,200.0,200.0,200.0,200.0,200.0,200.0,140.339,67.821,33.3918,18.1546,11.1701,4.95158,-0.42774,183.261,183.281,183.077,183.077
67.45568990707397,-0.0012911244304850697,0.9999847412109375,0.0,3,-0.019069,3.0,19044.3,200.873,0.0486457,0.630256,11.8573,24.8669,37.712,60.6842,96.2393,136.331,175.342,200.0,200.0,200.0,200.0,200.0,200.0,140.761,68.1608,33.5916,18.271,11.2439,4.98531,-0.423786,184.068,184.089,183.963,183.963
67.48220753669739,-0.001283644017763436,0.9999847412109375,0.0,3,-0.0189679,3.0,19129.9,201.737,0.0471228,0.672897,11.8255,24.8047,37.6237,60.5589,96.0813,136.172,175.218,200.0,200.0,200.0,200.0,200.0,200.0,141.145,68.4925,33.7888,18.3866,11.3175,5.01896,-0.419835,184.891,184.912,184.795,184.795
67.4997227191925,-0.0012761895786970853,0.9999847412109375,0.0,3,-0.0188592,3.0,19205.3,202.598,0.0473804,0.713061,11.7939,24.7432,37.5367,60.437,95.9316,136.03,175.123,200.0,200.0,200.0,200.0,200.0,200.0,141.481,68.8111,33.9829,18.5012,11.3906,5.05251,-0.415892,185.683,185.706,185.526,185.526
67.5252776145935,-0.0012686399028946956,0.9999847412109375,0.0,3,-0.0187505,3.0,19251.0,203.47,0.0477867,0.7643,11.7624,24.6817,37.4499,60.3152,95.7819,135.889,175.029,200.0,200.0,200.0,200.0,200.0,200.0,141.81,69.1269,34.176,18.6154,11.4635,5.08599,-0.411953,186.467,186.491,185.993,185.993
67.55003070831299,-0.0012611768059432506,0.9999847412109375,0.0,3,-0.0186475,3.0,19303.2,204.332,0.0465764,0.85004,11.7307,24.6199,37.3621,60.1908,95.626,135.733,174.912,200.0,200.0,200.0,200.0,200.0,200.0,142.172,69.4493,34.3706,18.7299,11.5365,5.11946,-0.40802,187.265,187.287,186.475,186.475
67.57300472259521,-0.0012539474718893566,0.9999847412109375,0.0,3,-0.0185483,3.0,19378.4,205.167,0.0451123,0.916225,11.6992,24.5579,37.2738,60.0649,95.4661,135.57,174.782,200.0,200.0,200.0,200.0,200.0,200.0,142.55,69.7754,34.5656,18.8445,11.6095,5.15289,-0.404094,188.04,188.061,187.196,187.196
67.59374141693115,-0.0005974426752825578,0.9999847412109375,0.0,3,-0.0184501,3.0,19462.1,205.987,0.0441425,0.950133,11.6676,24.4959,37.1855,59.939,95.3053,135.405,174.65,200.0,200.0,200.0,200.0,200.0,200.0,142.928,70.0997,34.7602,18.9588,11.6823,5.18626,-0.400174,188.798,188.819,188.002,188.002
67.61078453063965,-0.000594090660661459,0.9999847412109375,0.0,3,-0.018349,3.0,19543.8,206.795,0.0437843,0.985181,11.6361,24.4342,37.0978,59.8141,95.1475,135.248,174.528,200.0,200.0,200.0,200.0,200.0,200.0,143.283,70.4186,34.9531,19.0725,11.7549,5.21956,-0.396259,189.563,189.584,188.795,188.795
67.63005590438843,-0.0005909834094842276,0.9999847412109375,0.0,3,-0.0182412,3.0,19543.1,207.544,0.0444165,1.02957,11.6048,24.373,37.0111,59.692,94.9971,135.103,174.431,200.0,200.0,200.0,200.0,200.0,200.0,143.601,70.7264,35.1429,19.1853,11.827,5.25275,-0.392352,190.3,190.323,188.785,188.785
67.65531992912292,-0.0005882578233381112,0.9999847412109375,0.0,3,-0.0181349,3.0,19508.1,208.201,0.0446292,1.07149,11.5735,24.3119,36.9245,59.5699,94.8454,134.957,174.329,200.0,200.0,200.0,200.0,200.0,200.0,143.917,71.0338,35.3322,19.2977,11.899,5.28586,-0.388454,190.929,190.952,188.587,188.587
67.6806013584137,-0.0005857811491688092,0.9999847412109375,0.0,3,-0.0180348,3.0,19596.0,208.798,0.0430372,1.15871,11.5422,24.2505,36.837,59.4451,94.6875,134.797,174.206,200.0,200.0,200.0,200.0,200.0,200.0,144.268,71.3477,35.5228,19.4104,11.9709,5.3189,-0.384568,191.516,191.537,188.982,188.982
67.69882082939148,-0.0005836114664375782,0.9999847412109375,0.0,3,-0.0179389,3.0,19339.1,209.321,0.0410888,1.22722,11.5109,24.189,36.7492,59.3191,94.5254,134.629,174.068,200.0,200.0,200.0,200.0,200.0,200.0,144.635,71.6643,35.7136,19.5229,12.0427,5.35185,-0.380694,192.02,192.04,188.029,188.033
67.72415161132812,-0.0005818524884680907,0.9999847412109375,0.0,3,-0.0178435,3.0,19626.0,209.745,0.0396715,1.25961,11.4798,24.1277,36.6616,59.1933,94.3634,134.46,173.929,200.0,200.0,200.0,200.0,200.0,200.0,144.997,71.9781,35.9035,19.6349,12.1142,5.38467,-0.376834,192.446,192.466,188.751,188.754
67.74117946624756,-0.000580661859512329,0.9999847412109375,0.0,3,-0.0177453,3.0,19357.6,210.032,0.0387594,1.28974,11.4488,24.0668,36.5747,59.0691,94.2051,134.299,173.802,200.0,200.0,200.0,200.0,200.0,200.0,145.339,72.2858,36.0912,19.7461,12.1853,5.41735,-0.372988,192.797,192.817,188.174,188.179
67.76957035064697,-0.0005796745086709658,0.9999847412109375,0.0,3,-0.0176409,3.0,19619.8,210.27,0.0389128,1.33513,11.4181,24.0066,36.4892,58.9482,94.0544,134.153,173.7,200.0,200.0,200.0,200.0,200.0,200.0,145.639,72.5815,36.2754,19.8559,12.2557,5.44983,-0.369161,193.032,193.054,188.397,188.403
67.78799271583557,-0.0005786747122307619,0.9999847412109375,0.0,3,-0.0175336,3.0,19397.6,210.511,0.0397676,1.37659,11.3875,23.9468,36.4047,58.8292,93.9081,134.015,173.612,200.0,200.0,200.0,200.0,200.0,200.0,145.913,72.8702,36.457,19.9648,12.3256,5.48213,-0.365351,193.25,193.273,188.572,188.58
67.8101749420166,-0.0005776666187246642,0.9999847412109375,0.0,4,-0.0174292,3.0,19647.4,210.754,0.0394969,1.46641,11.357,23.8872,36.32,58.7094,93.7586,133.871,173.513,200.0,200.0,200.0,200.0,200.0,200.0,146.2,73.1595,36.6384,20.0733,12.3953,5.51428,-0.36156,193.475,193.497,188.668,188.673
67.82913756370544,-0.0005782640074690183,0.9999847412109375,0.0,4,-0.0173267,4.0,15748.4,210.61,0.0387728,1.53477,11.3267,23.8278,36.2355,58.5896,93.6087,133.724,173.408,200.0,200.0,200.0,200.0,200.0,200.0,146.491,73.448,36.8188,20.1812,12.4646,5.54626,-0.357789,193.554,193.576,185.761,185.783
67.85787272453308,-0.0005796620630721252,0.9999847412109375,0.0,4,-0.0172194,4.0,15716.7,210.273,0.039137,1.56124,11.2966,23.7691,36.1524,58.4726,93.4655,133.589,173.326,200.0,200.0,200.0,200.0,200.0,199.596,146.749,73.7261,36.9959,20.2876,12.5331,5.57797,-0.354047,193.288,193.31,185.456,185.479
67.87388253211975,-0.0005812094658613205,0.9999847412109375,0.0,4,-0.0170944,4.0,15539.8,209.9,0.0420742,1.58273,11.267,23.712,36.0728,58.3644,93.3428,133.498,173.312,200.0,200.0,200.0,200.0,200.0,198.405,146.895,73.9738,37.1643,20.3911,12.6003,5.60931,-0.350333,192.963,192.99,184.579,184.797
67.89894771575928,-0.000580101807564497,0.9999847412109375,0.0,4,-0.016938,4.0,16050.0,210.167,0.0509945,1.62535,11.2379,23.6575,35.9987,58.27,93.2553,133.476,173.418,200.0,200.0,200.0,200.0,200.0,197.173,146.867,74.1738,37.3201,20.4905,12.6657,5.64024,-0.346645,192.856,192.889,190.681,190.681
67.91547536849976,-0.0005774716376761596,0.9999847412109375,0.0,4,-0.0168021,4.0,16094.7,210.801,0.0548427,1.66945,11.2088,23.6018,35.9217,58.1674,93.1465,133.411,173.451,200.0,200.0,200.0,200.0,200.0,195.967,146.944,74.3996,37.4817,20.5913,12.7316,5.67114,-0.342973,193.345,193.373,191.263,191.263
67.94203877449036,-0.0005747667941947779,0.9999847412109375,0.0,4,-0.0166853,4.0,16113.2,211.453,0.0538475,1.75622,11.1795,23.5451,35.8421,58.0575,93.0181,133.305,173.414,200.0,200.0,200.0,200.0,200.0,194.785,147.121,74.65,37.6486,20.6935,12.7979,5.70202,-0.339316,193.925,193.95,191.463,191.463
67.96015787124634,-0.0005721449213723341,0.9999847412109375,0.0,4,-0.0165842,4.0,16154.6,212.085,0.0505215,1.82454,11.1502,23.4876,35.7604,57.9417,92.8734,133.166,173.411,200.0,200.0,200.0,200.0,200.0,193.619,147.377,74.9185,37.8201,20.7968,12.8644,5.73285,-0.335674,194.499,194.521,191.949,191.949
67.98831105232239,-0.0005695562368134658,0.9999847412109375,0.0,4,-0.0164917,4.0,16204.5,212.709,0.0467683,1.86138,11.1209,23.4298,35.6775,57.8224,92.7201,133.007,173.749,200.0,200.0,200.0,200.0,200.0,192.461,147.68,75.1971,37.9935,20.9005,12.931,5.76361,-0.332046,195.068,195.088,192.539,192.539
68.00659418106079,-0.0005669965919852257,0.9999847412109375,0.0,4,-0.0164021,4.0,16260.8,213.326,0.0436515,1.87793,11.0917,23.372,35.5947,57.7027,92.5649,132.845,175.778,200.0,200.0,200.0,200.0,200.0,191.304,147.988,75.4772,38.1667,21.0039,12.9974,5.79427,-0.328431,195.643,195.662,193.205,193.205
68.03428792953491,-0.0005644369471569855,0.9999847412109375,0.0,4,-0.0163067,4.0,16315.6,213.943,0.0421913,1.8959,11.0626,23.3147,35.5128,57.5856,92.4157,132.695,200.0,200.0,200.0,200.0,200.0,200.0,190.136,148.263,75.7472,38.3371,21.1064,13.0633,5.82479,-0.324827,196.217,196.237,193.859,193.859
68.05411338806152,-0.0005618482625981172,0.9999847412109375,0.0,4,-0.0162061,4.0,16359.4,214.567,0.0421519,1.91219,11.0337,23.2579,35.432,57.4708,92.2722,132.557,200.0,200.0,200.0,200.0,200.0,200.0,188.959,148.507,76.0074,38.5047,21.2078,13.1288,5.85516,-0.321236,196.786,196.807,194.407,194.407
68.07655191421509,-0.00033821132903297745,0.9999847412109375,0.0,4,-0.0161069,4.0,16391.8,215.2,0.0415912,1.97803,11.0049,23.2012,35.3514,57.3561,92.1282,132.418,200.0,200.0,200.0,200.0,200.0,200.0,187.78,148.75,76.2673,38.6716,21.3088,13.194,5.88544,-0.317655,197.368,197.389,194.768,194.768
68.10148334503174,0.0,0.9999847412109375,0.0,4,-0.0160497,4.0,16440.7,215.817,0.0417612,2.03262,10.9756,23.142,35.2643,57.2241,91.9394,132.185,200.0,200.0,200.0,200.0,200.0,199.102,186.648,149.219,76.585,38.8532,21.4141,13.2608,5.91591,-0.314082,197.944,197.956,195.347,195.347
68.11307883262634,0.0,0.9999847412109375,0.0,4,-0.0160387,4.0,16492.9,216.43,0.0334425,2.06562,10.9459,23.0798,35.1701,57.073,91.7017,131.85,200.0,200.0,200.0,200.0,200.0,197.88,185.567,149.937,76.9683,39.0515,21.5244,13.3294,5.94665,-0.31051,198.513,198.516,195.966,195.966
68.13680076599121,0.0,0.9999847412109375,0.0,4,-0.016043,4.0,16543.3,217.042,0.0242076,2.10098,10.916,23.0166,35.0736,56.9157,91.4471,131.481,200.0,200.0,200.0,200.0,200.0,196.668,184.498,150.737,77.3733,39.2555,21.6364,13.3987,5.97749,-0.306937,199.086,199.086,196.567,196.567
68.16120839118958,0.0,0.9999847412109375,0.0,4,-0.0160497,4.0,16589.8,217.656,0.016747,2.1465,10.8861,22.9532,34.9766,56.7573,91.1895,131.106,200.0,200.0,200.0,200.0,200.0,195.455,183.426,151.553,77.7818,39.4605,21.7488,13.468,6.00835,-0.303364,199.652,199.651,197.121,197.121
68.18627834320068,0.0,0.9999847412109375,0.0,4,-0.0160564,4.0,16626.1,218.277,0.0112805,2.19099,10.8561,22.8898,34.8796,56.5986,90.9322,130.732,200.0,200.0,200.0,200.0,200.0,194.238,182.349,152.368,78.1917,39.6656,21.8612,13.5374,6.03925,-0.299786,200.213,200.211,197.569,197.569
68.20648336410522,0.0,0.9999847412109375,0.0,4,-0.016063,4.0,16662.6,218.896,0.00720724,2.26434,10.8261,22.8262,34.7824,56.44,90.6743,130.357,200.0,200.0,200.0,200.0,200.0,193.018,181.264,153.183,78.601,39.8712,21.9739,13.607,6.07021,-0.296201,200.782,200.781,197.987,197.987
68.22636795043945,0.0,0.9999847412109375,0.0,4,-0.0160678,4.0,16710.0,219.505,0.00453341,2.32214,10.7961,22.7627,34.6853,56.2817,90.418,129.986,200.0,200.0,200.0,200.0,199.953,191.792,180.173,153.992,79.0093,40.0765,22.0865,13.6767,6.10123,-0.292609,201.342,201.341,198.548,198.548
68.24593019485474,0.0,0.9999847412109375,0.0,4,-0.0160711,4.0,16761.1,220.11,0.00285287,2.35472,10.766,22.699,34.5881,56.1235,90.1626,129.617,200.0,200.0,200.0,200.0,198.671,190.562,179.074,154.795,79.4164,40.2817,22.1994,13.7465,6.13231,-0.289007,201.897,201.897,199.153,199.153
68.27269744873047,0.0,0.9999847412109375,0.0,4,-0.0160731,4.0,16811.7,220.712,0.00183438,2.38916,10.7358,22.6353,34.491,55.9655,89.908,129.249,200.0,200.0,200.0,200.0,197.383,189.327,177.968,155.289,79.8227,40.4871,22.3123,13.8164,6.16347,-0.285396,202.46,202.459,199.757,199.757
68.29107618331909,0.0,0.9999847412109375,0.0,4,-0.016074,4.0,16858.4,221.316,0.00129196,2.42109,10.7055,22.5715,34.3937,55.8075,89.6538,128.883,200.0,200.0,200.0,200.0,196.091,188.087,176.856,155.34,80.2285,40.6924,22.4255,13.8864,6.1947,-0.281776,203.014,203.014,200.313,200.313
68.31926226615906,0.0,0.9999847412109375,0.0,4,-0.016075,4.0,16890.5,221.93,0.000927973,2.46489,10.6752,22.5075,34.2961,55.649,89.3989,128.516,200.0,200.0,200.0,200.0,194.795,186.844,175.739,155.165,80.6355,40.8985,22.5389,13.9566,6.22602,-0.278146,203.569,203.569,200.703,200.703
68.3354663848877,0.0,0.9999847412109375,0.0,4,-0.0160759,4.0,16931.8,222.534,0.000634127,2.52625,10.6448,22.4434,34.1983,55.4902,89.1438,128.148,200.0,200.0,200.0,200.0,193.496,185.597,174.617,154.846,81.0434,41.1051,22.6527,14.027,6.25741,-0.274506,204.128,204.128,201.185,201.185
68.36096262931824,0.0,0.9999847412109375,0.0,4,-0.0160759,4.0,16979.0,223.131,0.000514734,2.57198,10.6143,22.3791,34.1003,55.3311,88.8881,127.78,200.0,200.0,200.0,200.0,192.192,184.347,173.488,154.422,81.4517,41.312,22.7667,14.0976,6.28889,-0.270857,204.678,204.678,201.744,201.744
68.38464164733887,0.0,0.9999847412109375,0.0,4,-0.0160764,4.0,17028.7,223.724,0.000480735,2.59462,10.5838,22.3147,34.0022,55.1718,88.6322,127.412,200.0,200.0,200.0,199.385,190.885,183.093,172.355,153.92,81.8605,41.5193,22.8809,14.1684,6.32045,-0.267198,205.223,205.223,202.334,202.334
68.4005959033966,0.0010894612031802536,0.9999847412109375,0.0,4,-0.0160759,4.0,17076.1,224.316,0.00050041,2.63553,10.5531,22.2501,33.9037,55.0121,88.3756,127.043,200.0,200.0,200.0,198.015,189.574,181.836,171.216,153.355,82.2695,41.7271,22.9954,14.2393,6.35209,-0.26353,205.777,205.777,202.9,202.9
68.42176055908203,0.0014435073477029802,0.9999847412109375,0.0,4,-0.0161207,4.0,17120.8,224.909,0.000852092,2.66475,10.5219,22.1825,33.7984,54.8343,88.0721,126.579,200.0,200.0,200.0,196.688,188.301,180.613,170.115,152.821,82.7501,41.9534,23.1157,14.3124,6.38416,-0.259846,206.324,206.315,203.432,203.432
68.44347333908081,0.0014365604736407598,0.9999847412109375,0.0,4,-0.0162147,4.0,17151.1,225.511,-0.00855841,2.71944,10.49,22.1115,33.6851,54.636,87.7175,126.008,200.0,200.0,200.0,195.405,187.069,179.428,169.054,152.322,83.3104,42.2007,23.2426,14.3882,6.41673,-0.256142,206.876,206.857,203.794,203.794
68.46760582923889,0.0014297636151313783,0.9999847412109375,0.0,4,-0.0163243,4.0,17194.4,226.1,-0.0187216,2.77434,10.4578,22.0393,33.5692,54.431,87.3462,125.405,200.0,200.0,200.0,194.133,185.847,178.252,168.0,151.794,83.8985,42.4559,23.3721,14.4651,6.4496,-0.252416,207.423,207.4,204.306,204.306
68.4923448562622,0.0014230129152536393,0.9999847412109375,0.0,4,-0.0164369,4.0,17241.0,226.685,-0.0269319,2.81221,10.4253,21.9664,33.4523,54.2244,86.9712,124.796,200.0,200.0,200.0,192.861,184.624,177.075,166.941,151.221,84.4972,42.714,23.5029,14.5428,6.48272,-0.248664,207.961,207.937,204.859,204.859
68.51508378982544,0.0014163083740075428,0.9999847412109375,0.0,4,-0.0165485,4.0,17289.3,227.266,-0.0329378,2.83948,10.3926,21.8932,33.3347,54.0168,86.5961,124.187,200.0,200.0,200.0,191.582,183.395,175.892,165.874,150.605,85.1003,42.9744,23.6347,14.621,6.5161,-0.244883,208.5,208.476,205.432,205.432
68.5322585105896,0.0014095922931035357,0.9999847412109375,0.0,4,-0.016661,4.0,17334.6,227.848,-0.0374059,2.87466,10.3597,21.8194,33.2165,53.8082,86.2189,123.577,200.0,200.0,199.214,190.3,182.163,174.707,164.801,149.951,85.7108,43.237,23.7677,14.6998,6.54976,-0.241071,209.038,209.014,205.973,205.973
68.55454635620117,0.0014028415932257972,0.9999847412109375,0.0,4,-0.016773,4.0,17372.7,228.433,-0.0406778,2.90552,10.3265,21.7451,33.0975,53.5986,85.8414,122.966,200.0,200.0,197.872,189.014,180.927,173.517,163.721,149.264,86.3266,43.502,23.9018,14.7794,6.58369,-0.237227,209.57,209.546,206.442,206.442
68.57675695419312,0.0013960908933480583,0.9999847412109375,0.0,4,-0.0168813,4.0,17408.4,229.018,-0.0423765,2.96096,10.293,21.6705,32.9782,53.3891,85.4654,122.361,200.0,200.0,196.522,187.719,179.683,172.32,162.63,148.544,86.9434,43.7681,24.0366,14.8594,6.61789,-0.233351,210.108,210.085,206.851,206.851
68.59942579269409,0.001389444050391515,0.9999847412109375,0.0,4,-0.0169867,4.0,17452.6,229.594,-0.0430089,3.00529,10.2594,21.5955,32.8586,53.18,85.0912,121.762,200.0,200.0,195.164,186.417,178.433,171.118,161.53,147.792,87.5604,44.0351,24.1723,14.9401,6.65238,-0.22944,210.638,210.616,207.374,207.374
68.62117600440979,0.0013847589492797852,0.9999847412109375,0.0,4,-0.0170901,4.0,17498.6,230.167,-0.0433277,3.03238,10.2254,21.5201,32.7385,52.9701,84.7175,121.164,200.0,200.0,193.801,185.109,177.177,169.909,160.422,147.015,88.1819,44.3041,24.309,15.0213,6.68714,-0.225496,211.165,211.143,207.92,207.92
68.64126062393188,0.0013847589492797852,0.9999847412109375,0.0,4,-0.017195,4.0,17544.5,230.737,-0.0436472,3.06527,10.1912,21.4441,32.6173,52.7586,84.3409,120.562,200.0,200.0,192.433,183.799,175.919,168.699,159.309,146.216,88.8106,44.576,24.447,15.1033,6.72222,-0.221517,211.696,211.674,208.467,208.467
68.66790223121643,0.0013847589492797852,0.9999847412109375,0.0,4,-0.0173023,4.0,17587.9,231.308,-0.0444177,3.09274,10.1567,21.3673,32.4951,52.5451,83.9606,119.955,200.0,200.0,191.064,182.486,174.658,167.486,158.192,145.4,89.4505,44.8514,24.5866,15.1862,6.75762,-0.217505,212.22,212.197,208.983,208.983
68.69065189361572,0.0010401908308267595,0.9999847412109375,0.0,4,-0.0174101,4.0,17620.3,231.885,-0.0450059,3.13466,10.1218,21.29,32.372,52.3305,83.5788,119.346,200.0,199.07,189.691,181.17,173.394,166.27,157.068,144.564,90.0979,45.1294,24.7274,15.2698,6.79333,-0.213457,212.745,212.722,209.372,209.372
68.70876741409302,0.0010401908308267595,0.9999847412109375,0.0,4,-0.017515,4.0,17661.6,232.453,-0.0449392,3.18102,10.0868,21.2122,32.2484,52.1155,83.1973,118.741,200.0,197.627,188.311,179.847,172.124,165.049,155.937,143.708,90.7471,45.409,24.8691,15.354,6.82934,-0.209374,213.27,213.247,209.859,209.859
68.73647284507751,0.0010401908308267595,0.9999847412109375,0.0,4,-0.0176185,4.0,17705.5,233.017,-0.044706,3.21458,10.0514,21.134,32.1242,51.8997,82.8162,118.136,200.0,196.178,186.925,178.519,170.848,163.822,154.798,142.834,91.4004,45.6907,25.012,15.4389,6.86564,-0.205257,213.788,213.766,210.38,210.38
68.75267148017883,0.0010401908308267595,0.9999847412109375,0.0,4,-0.0177224,4.0,17750.6,233.578,-0.0445874,3.23973,10.0158,21.0552,31.9991,51.6829,82.4335,117.531,200.0,194.725,185.535,177.187,169.569,162.592,153.653,141.944,92.0611,45.9747,25.1561,15.5245,6.90225,-0.201104,214.307,214.285,210.916,210.916
68.77609658241272,0.0007448330521583557,0.9999847412109375,0.0,4,-0.0178283,4.0,17794.0,234.138,-0.0449032,3.2706,9.97985,20.9757,31.8729,51.4638,82.0467,116.919,200.0,193.269,184.143,175.852,168.288,161.36,152.505,141.041,92.732,46.2626,25.3018,15.611,6.9392,-0.196917,214.825,214.803,211.433,211.433
68.79931902885437,0.0004986856132745743,0.9999847412109375,0.0,4,-0.0179361,4.0,17831.5,234.701,-0.0455077,3.29775,9.9436,20.8955,31.7457,51.2431,81.6572,116.302,200.0,191.811,182.748,174.515,167.005,160.126,151.351,140.125,93.4131,46.5538,25.449,15.6983,6.97646,-0.192694,215.338,215.316,211.889,211.889
68.82035279273987,0.00030174851417541504,0.9999847412109375,0.0,4,-0.0179966,4.0,17868.0,235.263,-0.0456984,3.34227,9.90757,20.8176,31.6243,51.0386,81.3104,115.775,200.0,190.296,181.302,173.132,165.678,158.852,150.158,139.152,94.0149,46.826,25.591,15.784,7.01366,-0.188441,215.85,215.838,212.313,212.313
68.8426833152771,0.00030174851417541504,0.9999847412109375,0.0,4,-0.0180047,4.0,17910.1,235.818,-0.0353471,3.3778,9.87183,20.7421,31.5093,50.8519,81.0098,115.342,200.0,188.722,179.801,171.699,164.307,157.536,148.924,138.122,94.5252,47.0766,25.727,15.8676,7.05069,-0.184163,216.356,216.354,212.813,212.813
68.86393737792969,0.00030174851417541504,0.9999847412109375,0.0,4,-0.0179961,4.0,17953.4,236.37,-0.0241833,3.40029,9.83606,20.6673,31.396,50.6702,80.7236,114.939,200.0,187.125,178.281,170.247,162.918,156.205,147.674,137.069,95.0076,47.3209,25.8615,15.9508,7.08778,-0.179864,216.862,216.864,213.327,213.327
68.884357213974,0.00030174851417541504,0.9999847412109375,0.0,4,-0.0179847,4.0,17996.6,236.92,-0.0152849,3.43039,9.80019,20.5924,31.2827,50.4889,80.4387,114.54,199.397,185.523,176.755,168.79,161.524,154.869,146.419,136.005,95.4866,47.5647,25.9961,16.0341,7.125,-0.175547,217.373,217.375,213.84,213.84
68.905437707901,0.00030174851417541504,0.9999847412109375,0.0,4,-0.0179752,4.0,18038.1,237.469,-0.00909848,3.45252,9.76416,20.517,31.1687,50.3063,80.151,114.191,197.672,183.919,175.227,167.332,160.129,153.532,145.161,134.935,95.9707,47.8103,26.1314,16.1179,7.16237,-0.171215,217.877,217.879,214.334,214.334
68.93453407287598,0.00030174851417541504,0.9999847412109375,0.0,4,-0.017969,4.0,18071.5,238.023,-0.00514126,3.48921,9.728,20.4412,31.054,50.122,79.8592,114.007,195.947,182.315,173.7,165.873,158.734,152.194,143.901,133.86,96.4622,48.0578,26.2675,16.2021,7.19987,-0.16687,218.384,218.385,214.732,214.732
68.95099759101868,0.00030174851417541504,0.9999847412109375,0.0,4,-0.0179647,4.0,18111.9,238.569,-0.00269641,3.52362,9.69172,20.3652,30.9386,49.9364,79.5653,114.116,194.221,180.71,172.17,164.413,157.336,150.854,142.639,132.778,96.9587,48.3072,26.4043,16.2866,7.23749,-0.162513,218.887,218.888,215.211,215.211
68.97747135162354,0.00030174851417541504,0.9999847412109375,0.0,4,-0.0179618,4.0,18153.7,239.113,-0.00122649,3.54801,9.65533,20.2888,30.8227,49.7498,79.2686,114.955,192.494,179.102,170.639,162.951,155.937,149.513,141.374,131.69,97.459,48.5578,26.5416,16.3714,7.27521,-0.158146,219.387,219.388,215.707,215.707
68.9957206249237,0.0010401908308267595,0.9999847412109375,0.0,4,-0.0179599,4.0,18195.7,239.653,-0.000368398,3.57221,9.61884,20.2122,30.7064,49.5622,78.9706,200.0,190.763,177.493,169.105,161.486,154.536,148.169,140.106,130.596,97.9623,48.8097,26.6794,16.4565,7.31305,-0.153766,219.888,219.889,216.207,216.207
69.0178427696228,0.0022215262055397035,0.9999847412109375,0.0,4,-0.0180066,4.0,18236.8,240.193,-2.33762e-05,3.59519,9.58177,20.1326,30.5833,49.3571,78.6281,200.0,189.085,175.928,167.612,160.058,153.168,146.856,138.863,129.529,98.5598,49.0851,26.8244,16.5443,7.35137,-0.149373,220.39,220.38,216.696,216.696
69.0387966632843,0.0038457546383142472,0.9999847412109375,0.0,4,-0.0181535,4.0,18271.9,240.735,-0.0107973,3.62132,9.54358,20.0471,30.4464,49.1163,78.1953,200.0,187.518,174.458,166.205,158.709,151.872,145.609,137.679,128.525,99.3534,49.4093,26.9842,16.6378,7.39069,-0.144953,220.896,220.865,217.116,217.116
69.05958724021912,0.004485584795475006,0.9999847412109375,0.0,4,-0.0184625,4.0,18310.6,241.273,-0.0332549,3.65259,9.50352,19.952,30.2872,48.8179,77.6183,200.0,186.131,173.144,164.939,157.488,150.692,144.469,136.589,127.624,100.473,49.8149,27.1685,16.7407,7.43169,-0.140486,221.408,221.344,217.574,217.574
69.08749604225159,0.004485584795475006,0.9999847412109375,0.0,4,-0.0188926,4.0,18351.1,241.807,-0.0752627,3.67637,9.46184,19.8494,30.1111,48.4767,76.9364,200.0,184.874,171.943,163.775,156.359,149.597,143.406,135.568,126.79,101.842,50.2853,27.3726,16.8513,7.4742,-0.135955,221.912,221.823,218.054,218.054
69.10785913467407,0.004485584795475006,0.9999847412109375,0.0,4,-0.0193561,4.0,18391.9,242.339,-0.113648,3.69558,9.41922,19.7438,29.9291,48.1227,76.2265,200.0,183.648,170.767,162.634,155.252,148.521,142.36,134.563,125.96,102.815,50.7809,27.5851,16.9656,7.51771,-0.131344,222.407,222.31,218.539,218.539
69.13022446632385,0.004485584795475006,0.9999847412109375,0.0,4,-0.0198253,4.0,18432.2,242.869,-0.142923,3.7178,9.37584,19.6366,29.7448,47.7654,75.5134,199.726,182.421,169.59,161.491,154.142,147.444,141.313,133.557,125.115,103.352,51.2891,27.8022,17.0822,7.56209,-0.126641,222.897,222.798,219.018,219.018
69.15231513977051,0.004485584795475006,0.9999847412109375,0.0,4,-0.0202888,4.0,18469.2,243.4,-0.163417,3.73689,9.33171,19.5281,29.5593,47.4082,74.8056,198.421,181.179,168.4,160.337,153.023,146.357,140.257,132.542,124.249,103.615,51.8048,28.0227,17.2009,7.60736,-0.121837,223.383,223.284,219.462,219.462
69.1721203327179,0.004485584795475006,0.9999847412109375,0.0,4,-0.0207399,4.0,18506.2,243.929,-0.175772,3.76371,9.28683,19.4188,29.3732,47.0526,74.1085,197.092,179.915,167.192,159.166,151.887,145.255,139.188,131.515,123.36,103.682,52.3254,28.246,17.3214,7.65351,-0.116925,223.868,223.773,219.898,219.898
69.19317364692688,0.004485584795475006,0.9999847412109375,0.0,4,-0.02118,4.0,18545.4,244.454,-0.18275,3.78526,9.24114,19.3083,29.1862,46.6981,73.4188,195.74,178.633,165.967,157.98,150.738,144.141,138.108,130.478,122.449,103.605,52.8517,28.4724,17.4439,7.70059,-0.1119,224.35,224.257,220.364,220.364
69.21621990203857,0.004485584795475006,0.9999847412109375,0.0,4,-0.0216139,4.0,18585.1,244.977,-0.186768,3.80079,9.19459,19.1964,28.9976,46.3427,72.7334,194.372,177.336,164.73,156.783,149.579,143.018,137.018,129.433,121.521,103.418,53.3866,28.7027,17.5687,7.74868,-0.106758,224.831,224.739,220.835,220.835
69.23642659187317,0.0038457546383142472,0.9999847412109375,0.0,4,-0.0220478,4.0,18624.4,245.498,-0.18941,3.82023,9.14712,19.0828,28.8068,45.9848,72.047,192.995,176.033,163.487,155.581,148.414,141.89,135.925,128.385,120.578,103.147,53.9327,28.9376,17.696,7.79781,-0.101502,225.313,225.221,221.303,221.303
69.26127171516418,0.0038457546383142472,0.9999847412109375,0.0,4,-0.0224832,4.0,18662.7,246.018,-0.191811,3.8347,9.0987,18.9673,28.6134,45.6238,71.3583,191.612,174.725,162.239,154.373,147.246,140.758,134.827,127.333,119.624,102.805,54.4914,29.1777,17.8261,7.84803,-0.0961277,225.79,225.698,221.761,221.761
69.28032112121582,0.0038457546383142472,0.9999847412109375,0.0,4,-0.0229161,4.0,18698.3,246.538,-0.192983,3.85614,9.04936,18.8502,28.418,45.2607,70.6705,190.217,173.406,160.983,153.158,146.07,139.62,133.724,126.275,118.656,102.4,55.0606,29.4223,17.9588,7.89929,-0.0906351,226.268,226.176,222.182,222.182
69.30455803871155,0.0038457546383142472,0.9999847412109375,0.0,4,-0.0233458,4.0,18736.5,247.054,-0.193303,3.87416,8.9991,18.7314,28.2205,44.8957,69.9831,188.811,172.077,159.717,151.935,144.887,138.474,132.614,125.212,117.674,101.94,55.6405,29.6715,18.094,7.95163,-0.0850222,226.743,226.652,222.636,222.636
69.32411623001099,0.0038457546383142472,0.9999847412109375,0.0,4,-0.0237744,4.0,18775.1,247.568,-0.193485,3.88754,8.94789,18.6109,28.0207,44.5283,69.2954,187.395,170.74,158.444,150.706,143.698,137.323,131.5,124.145,116.68,101.433,56.2323,29.9255,18.232,8.00505,-0.0792892,227.216,227.125,223.093,223.093
69.35082817077637,0.0038457546383142472,0.9999847412109375,0.0,4,-0.0242046,4.0,18813.4,248.08,-0.19385,3.90217,8.89571,18.4886,27.8183,44.1575,68.6052,185.974,169.399,157.167,149.472,142.505,136.169,130.382,123.074,115.676,100.885,56.8377,30.185,18.3727,8.05958,-0.0734361,227.688,227.597,223.549,223.549
69.36997151374817,0.0038457546383142472,0.9999847412109375,0.0,4,-0.0246375,4.0,18851.4,248.591,-0.194778,3.91331,8.84256,18.3643,27.6133,43.7832,67.9116,184.547,168.053,155.887,148.235,141.309,135.012,129.261,122.002,114.661,100.301,57.457,30.4499,18.5164,8.11523,-0.0674614,228.158,228.067,224.001,224.001
69.39551544189453,0.004485584795475006,0.9999847412109375,0.0,4,-0.0250705,4.0,18886.1,249.101,-0.195434,3.92835,8.78844,18.2382,27.4058,43.4061,67.2169,183.112,166.7,154.6,146.992,140.108,133.85,128.136,120.925,113.637,99.682,58.0896,30.7201,18.663,8.172,-0.0613654,228.627,228.536,224.415,224.415
69.41511797904968,0.004485584795475006,0.9999847412109375,0.0,4,-0.0255016,4.0,18921.9,249.605,-0.195673,3.94178,8.73337,18.1104,27.1962,43.0267,66.5215,181.668,165.339,153.306,145.743,138.901,132.682,127.006,119.843,112.606,99.0312,58.7346,30.9953,18.8122,8.22986,-0.055148,229.092,229.001,224.84,224.84
69.43636202812195,0.005912876129150391,0.9999847412109375,0.0,4,-0.0259326,4.0,18957.7,250.104,-0.195828,3.95267,8.67734,17.9808,26.9842,42.6445,65.825,180.214,163.969,152.005,144.487,137.688,131.509,125.871,118.757,111.572,98.3508,59.3928,31.2758,18.9643,8.28885,-0.0488071,229.553,229.462,225.265,225.265
69.4611918926239,0.0067003373056650165,0.9999847412109375,0.0,4,-0.0264633,4.0,18993.2,250.599,-0.197063,3.96241,8.61944,17.8445,26.7584,42.2311,65.0592,178.88,162.699,150.788,143.307,136.544,130.399,124.793,117.723,110.582,97.6969,60.1276,31.5789,19.1256,8.34993,-0.0423341,230.02,229.908,225.687,225.687
69.4791247844696,0.0067003373056650165,0.9999847412109375,0.0,4,-0.0271509,4.0,19028.3,251.089,-0.221679,3.97048,8.55908,17.6985,26.5125,41.7709,64.1886,177.737,161.586,149.706,142.249,135.51,129.389,123.807,116.769,109.664,97.0963,60.9803,31.916,19.3,8.4138,-0.0357084,230.488,230.344,226.104,226.104
69.50202012062073,0.0067003373056650165,0.9999847412109375,0.0,4,-0.0279248,4.0,19062.5,251.575,-0.258703,3.97877,8.49671,17.5462,26.2544,41.2847,63.2646,176.695,160.556,148.695,141.255,134.533,128.431,122.868,115.857,108.783,96.5079,61.9123,32.2763,19.484,8.48,-0.0289156,230.946,230.784,226.511,226.511
69.52585864067078,0.0067003373056650165,0.9999847412109375,0.0,4,-0.0287188,4.0,19096.6,252.056,-0.290576,3.98671,8.43281,17.3906,25.9911,40.7907,62.3309,175.671,159.54,147.696,140.271,133.566,127.482,121.937,114.953,107.908,95.8988,62.8853,32.6493,19.6737,8.54807,-0.0219435,231.393,231.225,226.917,226.917
69.54536056518555,0.0067003373056650165,0.9999847412109375,0.0,4,-0.0295108,4.0,19130.5,252.533,-0.313484,3.9942,8.36744,17.2325,25.725,40.2949,61.4021,174.637,158.514,146.689,139.279,132.592,126.526,121.001,114.043,107.028,95.259,63.8858,33.0316,19.8681,8.6179,-0.0147806,231.833,231.666,227.32,227.32
69.56999135017395,0.0067003373056650165,0.9999847412109375,0.0,4,-0.0302942,4.0,19164.0,253.006,-0.328522,3.99896,8.30062,17.0721,25.4566,39.7987,60.4812,173.583,157.473,145.667,138.275,131.606,125.56,120.054,113.123,106.14,94.5882,64.91,33.4223,20.067,8.68952,-0.00741943,232.268,232.102,227.719,227.719
69.58783769607544,0.005912876129150391,0.9999847412109375,0.0,4,-0.0310686,4.0,19197.3,253.474,-0.337548,4.00316,8.23231,16.9094,25.1857,39.3019,59.5682,172.51,156.415,144.631,137.258,130.609,124.583,119.097,112.196,105.245,93.8885,65.959,33.8216,20.2705,8.76294,0.000144084,232.7,232.536,228.114,228.114
69.61377358436584,0.005912876129150391,0.9999847412109375,0.0,4,-0.0317872,4.0,19231.0,253.938,-0.342476,4.00491,8.16286,16.7463,24.9171,38.8159,58.6887,171.36,155.293,143.541,136.191,129.566,123.565,118.104,111.236,104.321,93.142,66.8946,34.2207,20.4754,8.83774,0.00790962,233.122,232.97,228.514,228.514
69.63304352760315,0.005912876129150391,0.9999847412109375,0.0,4,-0.032451,4.0,19263.5,254.398,-0.333933,4.00694,8.0923,16.583,24.6506,38.3404,57.8411,170.131,154.107,142.395,135.074,128.478,122.506,117.073,110.242,103.368,92.3514,67.4978,34.6191,20.6815,8.91387,0.0158722,233.542,233.4,228.901,228.901
69.65784120559692,0.005912876129150391,0.9999847412109375,0.0,4,-0.0330976,4.0,19295.4,254.854,-0.323587,4.01072,8.02036,16.4176,24.3823,37.8655,57.0024,168.873,152.896,141.228,133.939,127.374,121.432,116.028,109.236,102.405,91.5352,67.8751,35.0237,20.8914,8.99166,0.0240308,233.961,233.823,229.281,229.281
69.67790389060974,0.005912876129150391,0.9999847412109375,0.0,4,-0.0337394,4.0,19327.1,255.306,-0.315297,4.01062,7.94698,16.2499,24.1112,37.3883,56.1657,167.601,151.674,140.051,132.794,126.262,120.35,114.976,108.224,101.435,90.6994,68.0885,35.4369,21.1058,9.0712,0.0323799,234.376,234.24,229.658,229.658
69.70240783691406,0.005912876129150391,0.9999847412109375,0.0,4,-0.0343798,4.0,19358.7,255.754,-0.30891,4.01074,7.87214,16.0796,23.8369,36.9081,55.3292,166.319,150.443,138.867,131.643,125.143,119.263,113.92,107.208,100.463,89.8464,68.1743,35.8594,21.3248,9.1525,0.0409187,234.789,234.654,230.033,230.033
69.7215039730072,0.005912876129150391,0.9999847412109375,0.0,4,-0.0350245,4.0,19392.0,256.196,-0.305283,4.00555,7.79582,15.9065,23.559,36.4235,54.4898,165.034,149.21,137.68,130.49,124.023,118.175,112.862,106.191,99.4893,88.9788,68.158,36.2923,21.5489,9.23561,0.0496449,235.199,235.062,230.428,230.428
69.74261736869812,0.005912876129150391,0.9999847412109375,0.0,4,-0.0356758,4.0,19422.9,256.636,-0.304024,4.00165,7.71801,15.7306,23.2772,35.9341,53.6467,163.749,147.976,136.494,129.337,122.902,117.086,111.803,105.173,98.5154,88.0981,68.0573,36.7363,21.7783,9.32055,0.0585587,235.605,235.468,230.797,230.797
69.76800322532654,0.005912876129150391,0.9999847412109375,0.0,5,-0.0363315,4.0,19453.2,257.072,-0.303783,4.00172,7.63875,15.5521,22.992,35.4409,52.8011,162.46,146.74,135.304,128.181,121.779,115.995,110.743,104.154,97.5401,87.2035,67.8829,37.191,22.0129,9.4073,0.0676594,236.008,235.87,231.157,231.157
69.78653335571289,0.005912876129150391,0.9999847412109375,0.0,5,-0.0369876,5.0,17426.1,256.941,-0.30073,3.99633,7.55808,15.3711,22.7037,34.9445,51.9555,161.167,145.498,134.111,127.022,120.653,114.901,109.68,103.133,96.5634,86.3016,67.6442,37.6557,22.2523,9.4958,0.076942,236.216,236.078,226.751,226.614
69.8123254776001,0.005912876129150391,0.9999847412109375,0.0,5,-0.0376805,5.0,17383.6,256.445,-0.30375,3.98352,7.47598,15.1866,22.4097,34.4385,51.0939,159.917,144.293,132.948,125.89,119.552,113.83,108.639,102.131,95.6035,85.4134,67.3625,38.1375,22.4988,9.58619,0.0863822,235.85,235.705,226.293,226.144
69.8307957649231,0.005912876129150391,0.9999847412109375,0.0,5,-0.0384429,5.0,17027.2,255.908,-0.320072,3.95281,7.39219,14.9975,22.1074,33.9162,50.216,158.752,143.157,131.846,124.812,118.5,112.804,107.638,101.165,94.6752,84.5511,67.0547,38.6444,22.7549,9.67887,0.0959833,235.392,235.233,225.441,225.068
69.85552597045898,0.005912876129150391,0.9999847412109375,0.0,5,-0.039255,5.0,17394.1,255.989,-0.345694,3.93755,7.3068,14.8044,21.7986,33.3824,49.3486,157.645,142.068,130.782,123.77,117.48,111.807,106.664,100.223,93.7686,83.706,66.7168,39.1731,23.0197,9.77374,0.105755,235.134,234.965,230.057,230.057
69.87395548820496,0.005174625292420388,0.9999847412109375,0.0,5,-0.0400155,5.0,17416.4,256.375,-0.355138,3.93866,7.22023,14.6107,21.4911,32.8566,48.5436,156.467,140.922,129.67,122.684,116.421,110.774,105.657,99.2519,92.8365,82.8414,66.318,39.7022,23.2862,9.87003,0.115729,235.415,235.254,230.364,230.364
69.89853858947754,0.0038457546383142472,0.9999847412109375,0.0,5,-0.0406707,5.0,17435.7,256.76,-0.350621,3.93723,7.13284,14.4184,21.1893,32.349,47.8381,155.15,139.662,128.462,121.512,115.284,109.672,104.588,98.2258,91.8567,81.9388,65.8476,40.2183,23.55,9.9671,0.125903,235.749,235.61,230.62,230.62
69.91928148269653,0.0032551348209381107,0.9999847412109375,0.0,5,-0.0411714,5.0,17456.7,257.142,-0.324211,3.93706,7.04505,14.2292,20.8972,31.8685,47.2764,153.635,138.242,127.118,120.22,114.039,108.471,103.429,97.1212,90.8083,80.9823,65.2975,40.7079,23.8065,10.0643,0.136263,236.081,235.974,230.895,230.895
69.944344997406,0.0032551348209381107,0.9999847412109375,0.0,5,-0.0415247,5.0,17483.5,257.518,-0.283674,3.91829,6.95695,14.0432,20.6141,31.4128,46.8894,151.932,136.671,125.647,118.813,112.692,107.178,102.186,95.9427,89.696,79.9753,64.6767,41.1707,24.0554,10.1614,0.146787,236.412,236.335,231.248,231.248
69.96690320968628,0.0032551348209381107,0.9999847412109375,0.0,5,-0.0418022,5.0,17508.3,257.896,-0.237222,3.89751,6.86821,13.8578,20.3344,30.9681,46.687,150.131,135.02,124.109,117.346,111.291,105.837,100.9,94.7264,88.5503,78.9423,64.0098,41.5966,24.3018,10.259,0.157455,236.75,236.69,231.577,231.577
69.9897141456604,0.0032551348209381107,0.9999847412109375,0.0,5,-0.0420693,5.0,17533.5,258.271,-0.20063,3.88057,6.77852,13.6708,20.0529,30.522,46.7056,148.312,133.354,122.559,115.869,109.88,104.487,99.606,93.503,87.3988,77.9046,63.3179,41.9029,24.5505,10.3577,0.168253,237.095,237.038,231.909,231.909
70.00559306144714,0.0032551348209381107,0.9999847412109375,0.0,5,-0.0423468,5.0,17558.8,258.646,-0.176611,3.85368,6.68787,13.4819,19.7685,30.0711,47.0837,146.499,131.694,121.013,114.396,108.473,103.141,98.315,92.2824,86.2495,76.869,62.6073,42.1029,24.8029,10.4576,0.179167,237.439,237.38,232.244,232.244
70.03249168395996,0.0032551348209381107,0.9999847412109375,0.0,5,-0.0426381,5.0,17584.3,259.018,-0.161989,3.83111,6.59628,13.291,19.4809,29.6152,48.3413,144.696,130.042,119.474,112.929,107.071,101.799,97.0284,91.0656,85.104,75.8361,61.8801,42.2128,25.0594,10.5588,0.190191,237.785,237.724,232.579,232.579
70.05214023590088,0.0032551348209381107,0.9999847412109375,0.0,5,-0.0429481,5.0,17614.0,259.385,-0.155681,3.78597,6.50377,13.098,19.19,29.1538,181.432,142.908,128.402,117.945,111.47,105.677,100.464,95.7483,89.8547,83.9634,74.8072,61.1375,42.2462,25.3201,10.6611,0.201322,238.127,238.062,232.976,232.976
70.07215189933777,0.004485584795475006,0.9999847412109375,0.0,5,-0.0432738,5.0,17636.1,259.758,-0.153922,3.76415,6.41038,12.9031,18.8963,28.6878,179.303,141.128,126.768,116.422,110.018,104.289,99.1342,94.4722,88.6475,82.8259,73.7809,60.3792,42.2114,25.5849,10.7646,0.212555,238.472,238.404,233.268,233.268
70.0961651802063,0.004485584795475006,0.9999847412109375,0.0,5,-0.0436576,5.0,17658.6,260.129,-0.1546,3.75724,6.31581,12.7048,18.5964,28.2096,177.269,139.408,125.183,114.938,108.6,102.932,97.8332,93.2224,87.4627,81.7086,72.7704,59.6163,42.1244,25.8577,10.8699,0.223899,238.82,238.739,233.566,233.566
70.11631488800049,0.004485584795475006,0.9999847412109375,0.0,5,-0.0440934,5.0,17681.2,260.498,-0.16751,3.73795,6.22006,12.5033,18.291,27.7208,175.316,137.737,123.636,113.489,107.213,101.602,96.5558,91.9942,86.2978,80.6077,71.7733,58.846,41.9892,26.1384,10.9769,0.235359,239.162,239.071,233.865,233.865
70.13924884796143,0.004485584795475006,0.9999847412109375,0.0,5,-0.0445398,5.0,17706.4,260.864,-0.179221,3.72231,6.12336,12.3001,17.983,27.2286,173.367,136.067,122.091,112.039,105.826,100.272,95.2796,90.7667,85.133,79.5074,70.7763,58.0605,41.8037,26.4233,11.0852,0.24694,239.502,239.408,234.187,234.187
70.16126775741577,0.004485584795475006,0.9999847412109375,0.0,5,-0.0449918,5.0,17733.6,261.226,-0.189404,3.68589,6.02569,12.0951,17.6727,26.7461,171.412,134.395,120.543,110.588,104.437,98.9408,94.0009,89.5377,83.9669,78.4061,69.7788,57.2591,41.5721,26.7122,11.1948,0.258645,239.836,239.741,234.559,234.559
70.18531680107117,0.004485584795475006,0.9999847412109375,0.0,5,-0.0454462,5.0,17756.0,261.592,-0.196942,3.66623,5.92704,11.8883,17.3603,26.3133,169.446,132.714,118.989,109.132,103.043,97.6055,92.7191,88.3055,82.7981,77.3024,68.7795,56.4417,41.2975,26.966,11.3057,0.270479,240.173,240.077,234.854,234.854
70.20799016952515,0.004485584795475006,0.9999847412109375,0.0,5,-0.0458983,5.0,17778.4,261.956,-0.201657,3.65577,5.82743,11.68,17.046,25.9418,167.462,131.022,117.426,107.666,101.642,96.2631,91.4315,87.0679,81.6247,76.1948,67.777,55.6084,40.983,27.1528,11.4178,0.282444,240.508,240.413,235.151,235.151
70.22932553291321,0.005174625292420388,0.9999847412109375,0.0,5,-0.0463403,5.0,17801.0,262.319,-0.203714,3.63056,5.72687,11.4703,16.7302,25.6434,165.443,129.308,115.845,106.187,100.229,94.9098,90.1335,85.821,80.4432,75.0799,66.7693,54.7624,40.6302,27.2783,11.5311,0.294542,240.838,240.744,235.449,235.449
70.25385069847107,0.004485584795475006,0.9999847412109375,0.0,5,-0.0468252,5.0,17829.6,262.674,-0.204316,3.59838,5.62504,11.2576,16.4096,25.4219,163.485,127.631,114.293,104.733,98.8367,93.5758,88.853,84.5903,79.2758,73.9778,65.7714,53.9228,40.2493,27.3522,11.6463,0.306779,241.174,241.072,235.817,235.817
70.27136301994324,0.004485584795475006,0.9999847412109375,0.0,5,-0.0473207,5.0,17854.1,263.033,-0.218057,3.54884,5.52212,11.0428,16.0862,25.3024,161.528,125.954,112.742,103.278,97.4452,92.2421,87.573,83.36,78.1087,72.8758,64.7738,53.0837,39.8377,27.3762,11.763,0.319156,241.502,241.398,236.153,236.153
70.29745292663574,0.004485584795475006,0.9999847412109375,0.0,5,-0.0477827,5.0,17875.5,263.392,-0.219958,3.52213,5.41834,10.8273,15.7628,25.3218,159.497,124.231,111.153,101.793,96.0262,90.8844,86.2711,82.1097,76.9246,71.759,63.7646,52.237,39.3917,27.3509,11.8806,0.331671,241.831,241.733,236.436,236.436
70.31749963760376,0.005174625292420388,0.9999847412109375,0.0,5,-0.0482309,5.0,17897.2,263.751,-0.217955,3.50299,5.31357,10.6103,15.4422,25.5204,157.424,122.483,109.545,100.292,94.5929,89.5132,84.9576,80.8489,75.7312,70.6342,62.7495,51.3867,38.9161,27.2813,11.9995,0.344327,242.158,242.063,236.722,236.722
70.33854556083679,0.0067003373056650165,0.9999847412109375,0.0,5,-0.0487159,5.0,17919.2,264.108,-0.2149,3.47242,5.20755,10.3906,15.1562,25.9594,155.4,120.764,107.96,98.8092,93.1763,88.1572,83.6574,79.6005,74.5486,69.5192,61.7419,50.5413,38.4185,27.1741,12.1202,0.357126,242.488,242.386,237.013,237.013
70.35945630073547,0.0067003373056650165,0.9999847412109375,0.0,5,-0.0493539,5.0,17949.9,264.455,-0.225987,3.42678,5.0996,10.1648,14.9094,26.7308,153.619,119.191,106.491,97.4234,91.8459,86.8786,82.427,78.4149,73.4212,68.4519,60.772,49.7214,37.9132,27.0399,12.2446,0.370089,242.829,242.695,237.414,237.414
70.38370847702026,0.0067003373056650165,0.9999847412109375,0.0,5,-0.0501331,5.0,17971.6,264.809,-0.26602,3.37553,4.9897,9.93348,14.7071,28.145,152.057,117.748,105.126,96.125,90.5928,85.6688,81.258,77.2856,72.3429,67.4274,59.8359,48.9239,37.3988,26.8796,12.3726,0.383229,243.166,243.003,237.707,237.707
70.4019124507904,0.0067003373056650165,0.9999847412109375,0.0,5,-0.0509527,5.0,17992.5,265.163,-0.303858,3.34888,4.87822,9.70973,14.5612,32.6396,150.546,116.333,103.783,94.8444,89.3554,84.4733,80.1027,76.1676,71.2749,66.4118,58.9069,48.1315,36.8648,26.6882,12.4946,0.396562,243.497,243.325,237.983,237.983
70.42613124847412,0.0067003373056650165,0.9999847412109375,0.0,5,-0.0517681,5.0,18013.5,265.516,-0.332197,3.30624,4.76525,9.52014,14.4819,200.0,149.006,114.9,102.424,93.5511,88.1073,83.268,78.9384,75.0419,70.2002,65.3904,57.9737,47.3365,36.3073,26.4645,12.5922,0.410103,243.815,243.643,238.261,238.261
70.45079016685486,0.0067003373056650165,0.9999847412109375,0.0,5,-0.0525315,5.0,18035.6,265.867,-0.344242,3.23053,4.65096,9.36952,14.4829,200.0,147.361,113.403,101.015,92.215,86.8206,82.0286,77.7433,73.889,69.1013,64.3484,57.0246,46.5317,35.7229,26.2076,12.6648,0.423855,244.129,243.967,238.552,238.552
70.46995949745178,0.0067003373056650165,0.9999847412109375,0.0,5,-0.0532802,5.0,18082.5,266.194,-0.352877,3.06494,4.53517,9.25978,14.574,200.0,145.672,111.877,99.5828,90.8607,85.5181,80.7751,76.5357,72.7242,67.993,63.2984,56.0693,45.7233,35.1168,25.9214,12.7137,0.43782,244.44,244.281,239.171,239.171
70.49252247810364,0.005912876129150391,0.9999847412109375,0.0,5,-0.0540684,5.0,18097.4,266.551,-0.367998,2.90016,4.42834,9.19325,14.7678,200.0,144.029,110.378,98.1717,89.5233,84.2309,79.5351,75.3403,71.5714,66.8945,62.2567,55.1212,44.9197,34.4947,25.6104,12.7401,0.451998,244.76,244.594,239.376,239.376
