timestamp,target_steer,target_accel,target_brake,target_gear,angle,gear,rpm,speedX,speedY,speedZ,track_0,track_1,track_2,track_3,track_4,track_5,track_6,track_7,track_8,track_9,track_10,track_11,track_12,track_13,track_14,track_15,track_16,track_17,track_18,trackPos,wheelSpinVel_0,wheelSpinVel_1,wheelSpinVel_2,wheelSpinVel_3
1.2994968891143799,0.061043739318847656,0.9999847412109375,0.0,1,0.00822276,0.0,5235.99,-0.00913045,-0.00302988,0.00318209,5.70304,12.6267,22.455,140.486,90.9268,77.357,71.6721,67.3518,64.5773,62.0267,59.6744,57.4982,54.7119,51.8501,47.2417,40.0655,31.0431,22.7658,11.2227,0.333439,0.0,0.0,0.0,0.0
1.316152811050415,0.03397613763809204,0.9999847412109375,0.0,1,0.00822276,0.0,5386.69,-0.00913045,-0.00302988,0.00318209,5.70304,12.6267,22.455,140.486,90.9268,77.357,71.6721,67.3518,64.5773,62.0267,59.6744,57.4982,54.7119,51.8501,47.2417,40.0655,31.0431,22.7658,11.2227,0.333439,0.0,0.0,0.0,0.0
1.3358802795410156,0.049970694817602634,0.9999847412109375,0.0,1,0.00822276,0.0,5542.21,-0.00913045,-0.00302988,0.00318209,5.70304,12.6267,22.455,140.486,90.9268,77.357,71.6721,67.3518,64.5773,62.0267,59.6744,57.4982,54.7119,51.8501,47.2417,40.0655,31.0431,22.7658,11.2227,0.333439,0.0,0.0,0.0,0.0
1.3557214736938477,0.06498080585151911,0.9999847412109375,0.0,1,0.00822276,0.0,5702.71,-0.00913045,-0.00302988,0.00318209,5.70304,12.6267,22.455,140.486,90.9268,77.357,71.6721,67.3518,64.5773,62.0267,59.6744,57.4982,54.7119,51.8501,47.2417,40.0655,31.0431,22.7658,11.2227,0.333439,0.0,0.0,0.0,0.0
1.3759269714355469,0.07322401646524668,0.9999847412109375,0.0,1,0.00822276,0.0,5868.34,-0.00913045,-0.00302988,0.00318209,5.70304,12.6267,22.455,140.486,90.9268,77.357,71.6721,67.3518,64.5773,62.0267,59.6744,57.4982,54.7119,51.8501,47.2417,40.0655,31.0431,22.7658,11.2227,0.333439,0.0,0.0,0.0,0.0
1.3967466354370117,0.07322401646524668,0.9999847412109375,0.0,1,0.00822276,0.0,6039.26,-0.00913045,-0.00302988,0.00318209,5.70304,12.6267,22.455,140.486,90.9268,77.357,71.6721,67.3518,64.5773,62.0267,59.6744,57.4982,54.7119,51.8501,47.2417,40.0655,31.0431,22.7658,11.2227,0.333439,0.0,0.0,0.0,0.0
1.4183566570281982,0.07322401646524668,0.9999847412109375,0.0,1,0.00822276,0.0,6215.65,-0.00913045,-0.00302988,0.00318209,5.70304,12.6267,22.455,140.486,90.9268,77.357,71.6721,67.3518,64.5773,62.0267,59.6744,57.4982,54.7119,51.8501,47.2417,40.0655,31.0431,22.7658,11.2227,0.333439,0.0,0.0,0.0,0.0
1.4384217262268066,0.07322401646524668,0.9999847412109375,0.0,1,0.00822276,0.0,6397.68,-0.00913045,-0.00302988,0.00318209,5.70304,12.6267,22.455,140.486,90.9268,77.357,71.6721,67.3518,64.5773,62.0267,59.6744,57.4982,54.7119,51.8501,47.2417,40.0655,31.0431,22.7658,11.2227,0.333439,0.0,0.0,0.0,0.0
1.4580187797546387,0.06498080585151911,0.9999847412109375,0.0,1,0.00822276,0.0,6585.53,-0.00913045,-0.00302988,0.00318209,5.70304,12.6267,22.455,140.486,90.9268,77.357,71.6721,67.3518,64.5773,62.0267,59.6744,57.4982,54.7119,51.8501,47.2417,40.0655,31.0431,22.7658,11.2227,0.333439,0.0,0.0,0.0,0.0
1.4777991771697998,0.03692899737507105,0.9999847412109375,0.0,1,0.00822276,0.0,6779.4,-0.00913045,-0.00302988,0.00318209,5.70304,12.6267,22.455,140.486,90.9268,77.357,71.6721,67.3518,64.5773,62.0267,59.6744,57.4982,54.7119,51.8501,47.2417,40.0655,31.0431,22.7658,11.2227,0.333439,0.0,0.0,0.0,0.0
1.4981114864349365,0.02585571352392435,0.9999847412109375,0.0,1,0.00822276,0.0,6979.46,-0.00913045,-0.00302988,0.00318209,5.70304,12.6267,22.455,140.486,90.9268,77.357,71.6721,67.3518,64.5773,62.0267,59.6744,57.4982,54.7119,51.8501,47.2417,40.0655,31.0431,22.7658,11.2227,0.333439,0.0,0.0,0.0,0.0
1.518225908279419,0.021057226695120335,0.9999847412109375,0.0,1,0.00822276,0.0,7185.91,-0.00913045,-0.00302988,0.00318209,5.70304,12.6267,22.455,140.486,90.9268,77.357,71.6721,67.3518,64.5773,62.0267,59.6744,57.4982,54.7119,51.8501,47.2417,40.0655,31.0431,22.7658,11.2227,0.333439,0.0,0.0,0.0,0.0
1.5383334159851074,0.021057226695120335,0.9999847412109375,0.0,1,0.00822276,0.0,7398.97,-0.00913045,-0.00302988,0.00318209,5.70304,12.6267,22.455,140.486,90.9268,77.357,71.6721,67.3518,64.5773,62.0267,59.6744,57.4982,54.7119,51.8501,47.2417,40.0655,31.0431,22.7658,11.2227,0.333439,0.0,0.0,0.0,0.0
1.5578641891479492,0.021057226695120335,0.9999847412109375,0.0,1,0.00822276,0.0,7618.85,-0.00913045,-0.00302988,0.00318209,5.70304,12.6267,22.455,140.486,90.9268,77.357,71.6721,67.3518,64.5773,62.0267,59.6744,57.4982,54.7119,51.8501,47.2417,40.0655,31.0431,22.7658,11.2227,0.333439,0.0,0.0,0.0,0.0
1.5778100490570068,0.021057226695120335,0.9999847412109375,0.0,1,0.00822276,0.0,7845.75,-0.00913045,-0.00302988,0.00318209,5.70304,12.6267,22.455,140.486,90.9268,77.357,71.6721,67.3518,64.5773,62.0267,59.6744,57.4982,54.7119,51.8501,47.2417,40.0655,31.0431,22.7658,11.2227,0.333439,0.0,0.0,0.0,0.0
1.5982823371887207,0.02585571352392435,0.9999847412109375,0.0,1,0.00822276,0.0,8079.91,-0.00913045,-0.00302988,0.00318209,5.70304,12.6267,22.455,140.486,90.9268,77.357,71.6721,67.3518,64.5773,62.0267,59.6744,57.4982,54.7119,51.8501,47.2417,40.0655,31.0431,22.7658,11.2227,0.333439,0.0,0.0,0.0,0.0
1.6173884868621826,0.03692899737507105,0.9999847412109375,0.0,1,0.00822276,0.0,8321.56,-0.00913045,-0.00302988,0.00318209,5.70304,12.6267,22.455,140.486,90.9268,77.357,71.6721,67.3518,64.5773,62.0267,59.6744,57.4982,54.7119,51.8501,47.2417,40.0655,31.0431,22.7658,11.2227,0.333439,0.0,0.0,0.0,0.0
1.6382768154144287,0.049970694817602634,0.9999847412109375,0.0,1,0.00822276,0.0,8570.94,-0.00913045,-0.00302988,0.00318209,5.70304,12.6267,22.455,140.486,90.9268,77.357,71.6721,67.3518,64.5773,62.0267,59.6744,57.4982,54.7119,51.8501,47.2417,40.0655,31.0431,22.7658,11.2227,0.333439,0.0,0.0,0.0,0.0
1.6588354110717773,0.05722969863563776,0.9999847412109375,0.0,1,0.00822276,0.0,8828.3,-0.00913045,-0.00302988,0.00318209,5.70304,12.6267,22.455,140.486,90.9268,77.357,71.6721,67.3518,64.5773,62.0267,59.6744,57.4982,54.7119,51.8501,47.2417,40.0655,31.0431,22.7658,11.2227,0.333439,0.0,0.0,0.0,0.0
1.677800178527832,0.05722969863563776,0.9999847412109375,0.0,1,0.00822276,0.0,9093.88,-0.00913045,-0.00302988,0.00318209,5.70304,12.6267,22.455,140.486,90.9268,77.357,71.6721,67.3518,64.5773,62.0267,59.6744,57.4982,54.7119,51.8501,47.2417,40.0655,31.0431,22.7658,11.2227,0.333439,0.0,0.0,0.0,0.0
1.6988873481750488,0.05722969863563776,0.9999847412109375,0.0,1,0.00822276,0.0,9367.96,-0.00913045,-0.00302988,0.00318209,5.70304,12.6267,22.455,140.486,90.9268,77.357,71.6721,67.3518,64.5773,62.0267,59.6744,57.4982,54.7119,51.8501,47.2417,40.0655,31.0431,22.7658,11.2227,0.333439,0.0,0.0,0.0,0.0
1.7192697525024414,0.05722969863563776,0.9999847412109375,0.0,1,0.00822276,0.0,9648.33,-0.00913045,-0.00302988,0.00318209,5.70304,12.6267,22.455,140.486,90.9268,77.357,71.6721,67.3518,64.5773,62.0267,59.6744,57.4982,54.7119,51.8501,47.2417,40.0655,31.0431,22.7658,11.2227,0.333439,0.0,0.0,0.0,0.0
1.7383437156677246,0.05722969863563776,0.9999847412109375,0.0,1,0.00822276,0.0,9928.97,-0.00913045,-0.00302988,0.00318209,5.70304,12.6267,22.455,140.486,90.9268,77.357,71.6721,67.3518,64.5773,62.0267,59.6744,57.4982,54.7119,51.8501,47.2417,40.0655,31.0431,22.7658,11.2227,0.333439,0.0,0.0,0.0,0.0
1.7587270736694336,0.049970694817602634,0.9999847412109375,0.0,1,0.00822276,0.0,10209.6,-0.00913045,-0.00302988,0.00318209,5.70304,12.6267,22.455,140.486,90.9268,77.357,71.6721,67.3518,64.5773,62.0267,59.6744,57.4982,54.7119,51.8501,47.2417,40.0655,31.0431,22.7658,11.2227,0.333439,0.0,0.0,0.0,0.0
1.7790641784667969,0.04320379439741373,0.9999847412109375,0.0,1,0.00822276,0.0,10490.3,-0.00913045,-0.00302988,0.00318209,5.70304,12.6267,22.455,140.486,90.9268,77.357,71.6721,67.3518,64.5773,62.0267,59.6744,57.4982,54.7119,51.8501,47.2417,40.0655,31.0431,22.7658,11.2227,0.333439,0.0,0.0,0.0,0.0
1.7982940673828125,0.04000488296151161,0.9999847412109375,0.0,1,0.00822276,0.0,10770.9,-0.00913045,-0.00302988,0.00318209,5.70304,12.6267,22.455,140.486,90.9268,77.357,71.6721,67.3518,64.5773,62.0267,59.6744,57.4982,54.7119,51.8501,47.2417,40.0655,31.0431,22.7658,11.2227,0.333439,0.0,0.0,0.0,0.0
1.8177788257598877,0.03692899737507105,0.9999847412109375,0.0,1,0.00822276,0.0,11051.5,-0.00913045,-0.00302988,0.00318209,5.70304,12.6267,22.455,140.486,90.9268,77.357,71.6721,67.3518,64.5773,62.0267,59.6744,57.4982,54.7119,51.8501,47.2417,40.0655,31.0431,22.7658,11.2227,0.333439,0.0,0.0,0.0,0.0
1.8370635509490967,0.03692899737507105,0.9999847412109375,0.0,1,0.00822276,0.0,11332.2,-0.00913045,-0.00302988,0.00318209,5.70304,12.6267,22.455,140.486,90.9268,77.357,71.6721,67.3518,64.5773,62.0267,59.6744,57.4982,54.7119,51.8501,47.2417,40.0655,31.0431,22.7658,11.2227,0.333439,0.0,0.0,0.0,0.0
1.8569984436035156,0.03692899737507105,0.9999847412109375,0.0,1,0.00822276,0.0,11612.8,-0.00913045,-0.00302988,0.00318209,5.70304,12.6267,22.455,140.486,90.9268,77.357,71.6721,67.3518,64.5773,62.0267,59.6744,57.4982,54.7119,51.8501,47.2417,40.0655,31.0431,22.7658,11.2227,0.333439,0.0,0.0,0.0,0.0
1.877234935760498,0.03692899737507105,0.9999847412109375,0.0,1,0.00822276,0.0,11893.5,-0.00913045,-0.00302988,0.00318209,5.70304,12.6267,22.455,140.486,90.9268,77.357,71.6721,67.3518,64.5773,62.0267,59.6744,57.4982,54.7119,51.8501,47.2417,40.0655,31.0431,22.7658,11.2227,0.333439,0.0,0.0,0.0,0.0
1.8958783149719238,0.03692899737507105,0.9999847412109375,0.0,1,0.00822276,0.0,12174.1,-0.00913045,-0.00302988,0.00318209,5.70304,12.6267,22.455,140.486,90.9268,77.357,71.6721,67.3518,64.5773,62.0267,59.6744,57.4982,54.7119,51.8501,47.2417,40.0655,31.0431,22.7658,11.2227,0.333439,0.0,0.0,0.0,0.0
1.9159579277038574,0.03692899737507105,0.9999847412109375,0.0,1,0.00822276,0.0,12454.7,-0.00913045,-0.00302988,0.00318209,5.70304,12.6267,22.455,140.486,90.9268,77.357,71.6721,67.3518,64.5773,62.0267,59.6744,57.4982,54.7119,51.8501,47.2417,40.0655,31.0431,22.7658,11.2227,0.333439,0.0,0.0,0.0,0.0
1.9362835884094238,0.03692899737507105,0.9999847412109375,0.0,1,0.00822276,0.0,12735.6,-0.00913045,-0.00302988,0.00318209,5.70304,12.6267,22.455,140.486,90.9268,77.357,71.6721,67.3518,64.5773,62.0267,59.6744,57.4982,54.7119,51.8501,47.2417,40.0655,31.0431,22.7658,11.2227,0.333439,0.0,0.0,0.0,0.0
1.9565184116363525,0.04000488296151161,0.9999847412109375,0.0,1,0.00822276,0.0,13017.4,-0.00913045,-0.00302988,0.00318209,5.70304,12.6267,22.455,140.486,90.9268,77.357,71.6721,67.3518,64.5773,62.0267,59.6744,57.4982,54.7119,51.8501,47.2417,40.0655,31.0431,22.7658,11.2227,0.333439,0.0,0.0,0.0,0.0
1.975926160812378,0.04000488296151161,0.9999847412109375,0.0,1,0.00822276,0.0,13300.3,-0.00913045,-0.00302988,0.00318209,5.70304,12.6267,22.455,140.486,90.9268,77.357,71.6721,67.3518,64.5773,62.0267,59.6744,57.4982,54.7119,51.8501,47.2417,40.0655,31.0431,22.7658,11.2227,0.333439,0.0,0.0,0.0,0.0
1.9960048198699951,0.04000488296151161,0.9999847412109375,0.0,1,0.00822276,0.0,13584.3,-0.00913045,-0.00302988,0.00318209,5.70304,12.6267,22.455,140.486,90.9268,77.357,71.6721,67.3518,64.5773,62.0267,59.6744,57.4982,54.7119,51.8501,47.2417,40.0655,31.0431,22.7658,11.2227,0.333439,0.0,0.0,0.0,0.0
2.015986680984497,0.04000488296151161,0.9999847412109375,0.0,1,0.00822276,0.0,13869.5,-0.00913045,-0.00302988,0.00318209,5.70304,12.6267,22.455,140.486,90.9268,77.357,71.6721,67.3518,64.5773,62.0267,59.6744,57.4982,54.7119,51.8501,47.2417,40.0655,31.0431,22.7658,11.2227,0.333439,0.0,0.0,0.0,0.0
2.036139965057373,0.04000488296151161,0.9999847412109375,0.0,1,0.00822276,0.0,14155.8,-0.00913045,-0.00302988,0.00318209,5.70304,12.6267,22.455,140.486,90.9268,77.357,71.6721,67.3518,64.5773,62.0267,59.6744,57.4982,54.7119,51.8501,47.2417,40.0655,31.0431,22.7658,11.2227,0.333439,0.0,0.0,0.0,0.0
2.0559210777282715,0.04000488296151161,0.9999847412109375,0.0,1,0.00822276,0.0,14443.2,-0.00913045,-0.00302988,0.00318209,5.70304,12.6267,22.455,140.486,90.9268,77.357,71.6721,67.3518,64.5773,62.0267,59.6744,57.4982,54.7119,51.8501,47.2417,40.0655,31.0431,22.7658,11.2227,0.333439,0.0,0.0,0.0,0.0
2.0795631408691406,0.04000488296151161,0.9999847412109375,0.0,1,0.00822276,0.0,14731.7,-0.00913045,-0.00302988,0.00318209,5.70304,12.6267,22.455,140.486,90.9268,77.357,71.6721,67.3518,64.5773,62.0267,59.6744,57.4982,54.7119,51.8501,47.2417,40.0655,31.0431,22.7658,11.2227,0.333439,0.0,0.0,0.0,0.0
2.09580397605896,0.03692899737507105,0.9999847412109375,0.0,1,0.00822276,0.0,15021.4,-0.00913045,-0.00302988,0.00318209,5.70304,12.6267,22.455,140.486,90.9268,77.357,71.6721,67.3518,64.5773,62.0267,59.6744,57.4982,54.7119,51.8501,47.2417,40.0655,31.0431,22.7658,11.2227,0.333439,0.0,0.0,0.0,0.0
2.115726947784424,0.03692899737507105,0.9999847412109375,0.0,1,0.00822276,0.0,15312.3,-0.00913045,-0.00302988,0.00318209,5.70304,12.6267,22.455,140.486,90.9268,77.357,71.6721,67.3518,64.5773,62.0267,59.6744,57.4982,54.7119,51.8501,47.2417,40.0655,31.0431,22.7658,11.2227,0.333439,0.0,0.0,0.0,0.0
2.139507532119751,0.03692899737507105,0.9999847412109375,0.0,1,0.00822276,0.0,15604.2,-0.00913045,-0.00302988,0.00318209,5.70304,12.6267,22.455,140.486,90.9268,77.357,71.6721,67.3518,64.5773,62.0267,59.6744,57.4982,54.7119,51.8501,47.2417,40.0655,31.0431,22.7658,11.2227,0.333439,0.0,0.0,0.0,0.0
2.1559152603149414,0.03692899737507105,0.9999847412109375,0.0,1,0.00822276,0.0,15897.4,-0.00913045,-0.00302988,0.00318209,5.70304,12.6267,22.455,140.486,90.9268,77.357,71.6721,67.3518,64.5773,62.0267,59.6744,57.4982,54.7119,51.8501,47.2417,40.0655,31.0431,22.7658,11.2227,0.333439,0.0,0.0,0.0,0.0
2.176863193511963,0.03692899737507105,0.9999847412109375,0.0,1,0.00822276,0.0,16191.7,-0.00913045,-0.00302988,0.00318209,5.70304,12.6267,22.455,140.486,90.9268,77.357,71.6721,67.3518,64.5773,62.0267,59.6744,57.4982,54.7119,51.8501,47.2417,40.0655,31.0431,22.7658,11.2227,0.333439,0.0,0.0,0.0,0.0
2.1964032649993896,0.03692899737507105,0.9999847412109375,0.0,1,0.00822276,0.0,16487.1,-0.00913045,-0.00302988,0.00318209,5.70304,12.6267,22.455,140.486,90.9268,77.357,71.6721,67.3518,64.5773,62.0267,59.6744,57.4982,54.7119,51.8501,47.2417,40.0655,31.0431,22.7658,11.2227,0.333439,0.0,0.0,0.0,0.0
2.2165110111236572,0.04000488296151161,0.9999847412109375,0.0,1,0.00822276,0.0,16783.8,-0.00913045,-0.00302988,0.00318209,5.70304,12.6267,22.455,140.486,90.9268,77.357,71.6721,67.3518,64.5773,62.0267,59.6744,57.4982,54.7119,51.8501,47.2417,40.0655,31.0431,22.7658,11.2227,0.333439,0.0,0.0,0.0,0.0
2.2359726428985596,0.03692899737507105,0.9999847412109375,0.0,1,0.00822276,0.0,17080.9,-0.00913045,-0.00302988,0.00318209,5.70304,12.6267,22.455,140.486,90.9268,77.357,71.6721,67.3518,64.5773,62.0267,59.6744,57.4982,54.7119,51.8501,47.2417,40.0655,31.0431,22.7658,11.2227,0.333439,0.0,0.0,0.0,0.0
2.255951404571533,0.04000488296151161,0.9999847412109375,0.0,1,0.00822276,0.0,17378.1,-0.00913045,-0.00302988,0.00318209,5.70304,12.6267,22.455,140.486,90.9268,77.357,71.6721,67.3518,64.5773,62.0267,59.6744,57.4982,54.7119,51.8501,47.2417,40.0655,31.0431,22.7658,11.2227,0.333439,0.0,0.0,0.0,0.0
2.2960469722747803,0.04000488296151161,0.9999847412109375,0.0,1,0.00871676,0.0,17972.4,-0.0161908,0.0137107,0.00258042,5.70582,12.646,22.5474,139.766,90.6266,77.1403,71.4868,67.1885,64.4274,61.8888,59.5469,57.3802,54.6052,51.7544,47.163,40.0056,31.0006,22.7402,11.2173,0.33345,0.80422,-0.810096,1.05308,-1.08447
2.3158822059631348,0.04000488296151161,0.9999847412109375,0.0,1,0.0086295,1.0,5249.36,0.263378,-0.0203739,0.00407427,5.70537,12.6427,22.5316,139.89,90.6779,77.1775,71.5182,67.2161,64.4526,61.912,59.5684,57.4,54.6231,51.7704,47.176,40.0156,31.0077,22.7445,11.2183,0.333443,-0.545422,0.271491,-0.533415,-0.416596
2.336257219314575,0.04000488296151161,0.9999847412109375,0.0,1,0.00866097,1.0,5264.23,0.146203,9.46466e-05,0.00537075,5.70564,12.6442,22.5389,139.841,90.6571,77.1619,71.505,67.2044,64.4417,61.9021,59.5591,57.3914,54.6153,51.7633,47.1701,40.0108,31.0044,22.7425,11.2178,0.333433,0.751016,-0.127443,0.756566,0.813834
2.355968475341797,0.04000488296151161,0.9999847412109375,0.0,1,0.00863236,1.0,5235.99,0.294548,0.00691788,0.00466553,5.70546,12.6431,22.5341,139.881,90.673,77.1734,71.5145,67.2126,64.4493,61.9089,59.5654,57.3972,54.6206,51.768,47.1737,40.0138,31.0065,22.7438,11.2181,0.333434,-0.6518,0.502921,-0.545407,-0.545407
2.376253366470337,0.04000488296151161,0.9999847412109375,0.0,1,0.00869625,1.0,5235.99,0.757558,-0.00775595,0.00706339,5.70581,12.6457,22.548,139.783,90.6304,77.1424,71.4876,67.1889,64.4277,61.8887,59.5466,57.3798,54.6047,51.7536,47.1619,40.0045,31.0001,22.74,11.2175,0.333437,1.60238,1.27093,4.75315,4.75315
2.3959169387817383,0.04000488296151161,0.9999847412109375,0.0,1,0.00874346,1.0,5235.99,1.66379,0.0121781,0.0186256,5.70612,12.648,22.5621,139.698,90.5917,77.1129,71.462,67.1658,64.4061,61.8686,59.5278,57.3621,54.5882,51.7387,47.149,39.9944,30.9933,22.7363,11.2169,0.333433,2.27987,1.06699,5.91096,5.91096
2.418003559112549,0.04000488296151161,0.9999847412109375,0.0,1,0.00868672,1.0,5235.99,2.62182,0.0175651,0.0373614,5.70586,12.6464,22.5598,139.754,90.609,77.1233,71.4696,67.1717,64.4108,61.8727,59.5311,57.3645,54.5902,51.7398,47.149,39.994,30.9935,22.737,11.2175,0.333425,2.04472,1.74975,6.37369,6.37369
2.438401937484741,0.04000488296151161,0.9999847412109375,0.0,1,0.0086109,1.0,5235.99,3.56749,0.0198007,0.0584662,5.70551,12.6445,22.5582,139.826,90.6302,77.1351,71.4785,67.1783,64.4162,61.8769,59.5343,57.3671,54.5915,51.7403,47.1483,39.9927,30.9933,22.7376,11.2182,0.333413,2.95048,2.51916,6.46661,6.46661
2.457669973373413,0.03692899737507105,0.9999847412109375,0.0,1,0.00849789,1.0,5235.99,4.48652,0.0235613,0.0767966,5.70498,12.6412,22.5532,139.941,90.6666,77.1573,71.4956,67.1918,64.4275,61.8862,59.5423,57.3736,54.5965,51.7438,47.1495,39.9928,30.9944,22.7392,11.2193,0.333399,3.74778,3.45331,6.90496,6.90496
2.477252244949341,0.03692899737507105,0.9999847412109375,0.0,1,0.00836867,1.0,5235.99,5.38589,0.0280065,0.0892041,5.70436,12.6377,22.5486,140.069,90.7057,77.1803,71.5128,67.2055,64.439,61.8956,59.5498,57.3796,54.6008,51.7464,47.1497,39.9919,30.9949,22.7408,11.2206,0.333384,4.5487,4.33353,7.58605,7.58605
2.4973018169403076,0.03692899737507105,0.9999847412109375,0.0,1,0.00821274,1.0,5235.99,6.26,0.0334454,0.0933518,5.70361,12.6334,22.5428,140.224,90.7544,77.2091,71.5349,67.2225,64.4534,61.9076,59.5596,57.3876,54.6066,51.7499,47.1503,39.9911,30.9957,22.7428,11.2222,0.333366,5.32947,5.23669,8.54405,8.54405
2.518310308456421,0.03692899737507105,0.9999847412109375,0.0,1,0.00802821,1.0,5235.99,7.09926,0.0382566,0.0913386,5.7027,12.6282,22.5348,140.412,90.8136,77.2449,71.5624,67.2443,64.4715,61.9228,59.5724,57.3981,54.6144,51.7551,47.152,39.9909,30.9972,22.7454,11.2241,0.333347,6.04967,6.3469,9.8365,9.8365
2.538783550262451,0.04000488296151161,0.9999847412109375,0.0,1,0.00780791,1.0,5235.99,7.98372,0.0409995,0.0912836,5.70161,12.6221,22.5268,140.634,90.8816,77.2856,71.5929,67.2681,64.4915,61.9392,59.5859,57.4089,54.622,51.7601,47.1527,39.9896,30.9982,22.7481,11.2263,0.333326,7.64194,7.67072,11.4734,11.4734
2.5594093799591064,0.03692899737507105,0.9999847412109375,0.0,1,0.00756472,1.0,5235.99,8.82053,0.046687,0.096347,5.70036,12.6152,22.5147,140.889,90.963,77.3355,71.6318,67.299,64.5178,61.9615,59.6047,57.4248,54.6344,51.7689,47.1566,39.9907,31.0011,22.7518,11.2289,0.333307,8.46676,8.29936,13.0276,13.0276
2.579864740371704,0.04000488296151161,0.9999847412109375,0.0,1,0.00731533,1.0,5235.99,9.66562,0.0486839,0.106756,5.69908,12.6083,22.5052,141.144,91.0424,77.3826,71.6677,67.3275,64.5416,61.9815,59.621,57.4382,54.6441,51.7752,47.1581,39.9896,31.0026,22.7551,11.2315,0.333288,9.10191,8.85406,14.5592,14.5592
2.60141921043396,0.03692899737507105,0.9999847412109375,0.0,1,0.00701969,1.0,5235.99,10.5138,0.055429,0.121128,5.69753,12.5999,22.4902,141.461,91.1437,77.4451,71.7162,67.3665,64.5748,62.0098,59.6451,57.4584,54.6599,51.7868,47.1637,39.9914,31.0063,22.7598,11.2346,0.333269,9.69026,9.44463,16.0297,16.0297
2.6184768676757812,0.04000488296151161,0.9999847412109375,0.0,1,0.00671595,1.0,5235.99,11.36,0.0564359,0.137393,5.69595,12.5915,22.4769,141.78,91.2439,77.5058,71.7627,67.4033,64.6058,62.0358,59.6668,57.4765,54.6735,51.7962,47.1671,39.9913,31.0087,22.764,11.2378,0.33325,10.3436,10.1668,17.4319,17.4319
2.6392221450805664,0.03692899737507105,0.49999237060546875,0.0,1,0.00636547,1.0,5235.99,12.2044,0.0628628,0.153309,5.69405,12.5814,22.4586,142.162,91.3669,77.5816,71.822,67.451,64.6468,62.071,59.6967,57.5019,54.6935,51.811,47.1746,39.9939,31.0134,22.7697,11.2415,0.333234,11.1097,10.9708,18.7818,18.7818
2.6602816581726074,0.03692899737507105,0.9999847412109375,0.0,1,0.00601071,1.0,5235.99,13.0378,0.0638181,0.168119,5.69212,12.5715,22.4427,142.544,91.4866,77.6544,71.878,67.4959,64.6845,62.1028,59.7236,57.5243,54.7105,51.8231,47.1796,39.9943,31.0168,22.7748,11.2454,0.333222,11.9088,11.8022,14.3047,14.3047
2.6772191524505615,0.03692899737507105,0.9999847412109375,0.0,1,0.00564974,1.0,5235.99,13.8551,0.0700242,0.181528,5.69013,12.5617,22.4291,142.927,91.6043,77.7245,71.9317,67.5376,64.7197,62.1321,59.7478,57.544,54.7251,51.8326,47.1819,39.9925,31.0187,22.7793,11.2493,0.333211,12.6908,12.5952,15.8821,15.8821
2.6982858180999756,0.03692899737507105,0.9999847412109375,0.0,1,0.00526875,1.0,5235.99,14.6794,0.0741865,0.193215,5.688,12.5513,22.4153,143.334,91.7285,77.7985,71.9877,67.5819,64.7568,62.1628,59.7731,57.5646,54.7401,51.8424,47.1844,39.9904,31.0206,22.7839,11.2535,0.333204,13.4615,13.368,17.4906,17.4906
2.7191805839538574,0.03692899737507105,0.9999847412109375,0.0,1,0.00486391,1.0,5235.99,15.5076,0.0773045,0.203386,5.68567,12.5404,22.4001,143.772,91.8625,77.8783,72.0488,67.6296,64.7969,62.1964,59.8008,57.5873,54.7568,51.8536,47.1875,39.9882,31.0226,22.7889,11.258,0.333204,14.224,14.128,19.0587,19.0587
2.7398462295532227,0.03692899737507105,0.9999847412109375,0.0,1,0.00443285,1.0,5235.99,16.3383,0.0798114,0.212423,5.68317,12.5287,22.3838,144.245,92.007,77.9649,72.1146,67.6817,64.8407,62.233,59.8312,57.6124,54.7755,51.8661,47.1915,39.9864,31.0252,22.7941,11.2628,0.333208,14.9858,14.8844,20.5987,20.5987
2.760749101638794,0.03397613763809204,0.9999847412109375,0.0,1,0.00397509,1.0,5235.99,17.1709,0.0818643,0.220917,5.68046,12.5163,22.3657,144.755,92.1634,78.0588,72.1867,67.7386,64.8885,62.2731,59.8648,57.6401,54.7962,51.8803,47.1964,39.9852,31.0281,22.8,11.268,0.333218,15.7496,15.6418,22.1138,22.1138
2.781313419342041,0.03114630375057459,0.9999847412109375,0.0,1,0.00347489,1.0,5235.99,18.0889,0.0791061,0.230313,5.67748,12.5034,22.3509,145.304,92.3265,78.1544,72.2586,67.7946,64.935,62.3114,59.896,57.6649,54.8139,51.8911,47.1976,39.9798,31.0288,22.805,11.2737,0.333231,16.5868,16.4822,23.7513,23.7513
2.8025588989257812,0.028439495712518692,0.49999237060546875,0.0,1,0.00303572,1.0,5235.99,18.9254,0.0751805,0.239408,5.67486,12.4927,22.3446,145.772,92.4586,78.2287,72.3127,67.8351,64.9676,62.337,59.9155,57.6795,54.8223,51.8938,47.1923,39.9697,31.0259,22.8076,11.2788,0.333244,17.3492,17.2486,25.2125,25.2125
2.8223655223846436,0.028439495712518692,0.9999847412109375,0.0,1,0.0026204,1.0,5235.99,19.7555,0.0715501,0.249295,5.67237,12.4835,22.3469,146.195,92.5693,78.2867,72.3527,67.8626,64.9877,62.3512,59.9246,57.684,54.8213,51.888,47.1797,39.954,31.019,22.808,11.2835,0.333259,18.1071,18.013,20.8049,20.8049
2.842707395553589,0.028439495712518692,0.9999847412109375,0.0,1,0.00221175,1.0,5235.99,20.5674,0.0746454,0.259756,5.66986,12.4749,22.3541,146.602,92.67,78.3367,72.3854,67.8833,65.0017,62.3594,59.9276,57.683,54.8153,51.8774,47.163,39.9344,31.0098,22.807,11.2883,0.333281,18.8501,18.7551,22.4644,22.4644
2.8598122596740723,0.028439495712518692,0.9999847412109375,0.0,1,0.00178593,1.0,5235.99,21.387,0.0765464,0.27044,5.66717,12.4661,22.3618,147.029,92.7763,78.3893,72.4196,67.9054,65.0168,62.3682,59.9315,57.6822,54.8093,51.8666,47.1456,39.9139,30.9999,22.8059,11.2934,0.333311,19.6014,19.5017,24.1262,24.1262
2.88310170173645,0.028439495712518692,0.9999847412109375,0.0,1,0.00133818,1.0,5235.99,22.2113,0.0774542,0.281173,5.66428,12.457,22.3692,147.488,92.8911,78.4471,72.4579,67.9309,65.0344,62.3794,59.937,57.6829,54.8045,51.8566,47.1286,39.8934,30.9901,22.8049,11.2988,0.333351,20.3572,20.2522,25.727,25.727
2.8998539447784424,0.028439495712518692,0.9999847412109375,0.0,1,0.000866588,1.0,5235.99,23.0391,0.0777076,0.291882,5.6612,12.4473,22.3765,147.981,93.0161,78.5111,72.501,67.9597,65.0551,62.3931,59.9448,57.6857,54.801,51.8478,47.1122,39.8726,30.9803,22.8041,11.3045,0.333399,21.1163,21.0059,27.281,27.281
2.921332836151123,0.028439495712518692,0.9999847412109375,0.0,1,0.0003702,1.0,5235.99,23.87,0.077448,0.302616,5.65789,12.4372,22.3834,148.51,93.1516,78.5813,72.549,67.9927,65.0793,62.4099,59.9551,57.6906,54.7995,51.8402,47.0967,39.8518,30.9708,22.8034,11.3106,0.333458,21.8783,21.7621,28.7935,28.7935
2.9414520263671875,0.028439495712518692,0.49999237060546875,0.0,1,-0.000151936,1.0,5330.89,24.7038,0.0767376,0.313499,5.65436,12.4267,22.3889,149.08,93.2985,78.6584,72.6025,68.0302,65.1072,62.4299,59.9682,57.6977,54.7999,51.8341,47.0819,39.831,30.9612,22.803,11.317,0.333526,22.6431,22.5209,30.2931,30.2931
2.962247133255005,0.028439495712518692,0.9999847412109375,0.0,1,-0.000695054,1.0,5235.99,25.5299,0.0778556,0.324391,5.65061,12.4158,22.3951,149.683,93.4548,78.7412,72.66,68.0706,65.1379,62.4521,59.9833,57.7064,54.8015,51.8289,47.0673,39.8098,30.9515,22.8026,11.3237,0.333606,23.4038,23.2778,25.9245,25.9245
2.9795761108398438,0.028439495712518692,0.9999847412109375,0.0,1,-0.00123388,1.0,5235.99,26.3305,0.0834963,0.335294,5.64674,12.4056,22.4061,150.276,93.603,78.817,72.7114,68.1055,65.1633,62.469,59.9934,57.7105,54.7984,51.8194,47.0491,39.7853,30.9396,22.801,11.3303,0.333704,24.1356,24.0111,27.7001,27.7001
3.0013256072998047,0.028439495712518692,0.9999847412109375,0.0,1,-0.00178796,1.0,5235.99,27.1443,0.0859744,0.345904,5.64265,12.3953,22.4183,150.892,93.7565,78.8955,72.7643,68.1414,65.189,62.4865,60.0035,57.7145,54.7951,51.8095,47.0299,39.7595,30.9268,22.799,11.337,0.33382,24.8809,24.7517,29.4118,29.4118
3.021963596343994,0.028439495712518692,0.9999847412109375,0.0,1,-0.00236589,1.0,5502.14,27.9653,0.086339,0.356217,5.63828,12.3846,22.4305,151.55,93.9215,78.9806,72.8226,68.1816,65.2187,62.5071,60.0164,57.7208,54.7937,51.8011,47.0119,39.7337,30.9143,22.7973,11.3438,0.333952,25.6335,25.4985,31.2417,31.2417
3.0431816577911377,0.028439495712518692,0.49999237060546875,0.0,1,-0.00297195,1.0,5986.3,28.7936,0.0848853,0.366322,5.63362,12.3735,22.4414,152.258,94.1008,79.0754,72.8878,68.2272,65.2532,62.5321,60.0332,57.7304,54.7952,51.795,46.9951,39.7083,30.902,22.7957,11.3509,0.334101,26.3929,26.2511,33.9452,33.9452
3.060551881790161,0.028439495712518692,0.9999847412109375,0.0,1,-0.00360471,1.0,5238.15,29.618,0.0841091,0.369682,5.62867,12.3619,22.4522,153.014,94.2937,79.1775,72.9598,68.2787,65.2923,62.561,60.0534,57.7432,54.7989,51.7906,46.9797,39.6828,30.8898,22.7945,11.3581,0.334268,27.1496,27.0028,30.0555,30.0555
3.0807416439056396,0.028439495712518692,0.9999847412109375,0.0,1,-0.00423509,1.0,5697.59,30.4204,0.0878652,0.371111,5.62356,12.3511,22.4679,153.768,94.4812,79.2751,73.0264,68.3252,65.327,62.5857,60.0693,57.7518,54.7989,51.7826,46.961,39.6542,30.8757,22.7919,11.3652,0.334456,27.8822,27.7365,32.3249,32.3249
3.101309061050415,0.028439495712518692,0.9999847412109375,0.0,1,-0.00488788,1.0,6307.16,31.2423,0.0874673,0.373014,5.61814,12.3399,22.4838,154.566,94.6801,79.3791,73.0985,68.3755,65.365,62.6131,60.0876,57.7624,54.8005,51.7759,46.9427,39.6252,30.8611,22.7894,11.3725,0.334667,28.6352,28.4825,35.7321,35.7321
3.12066650390625,0.028439495712518692,0.49999237060546875,0.0,1,-0.00558168,1.0,7222.34,32.0776,0.0829934,0.377323,5.61233,12.3279,22.4967,155.443,94.9034,79.4986,73.1832,68.4368,65.4127,62.649,60.1137,57.78,54.8079,51.7741,46.9284,39.598,30.8479,22.7877,11.38,0.334899,29.4028,29.2401,40.8402,40.8402
3.1407456398010254,0.028439495712518692,0.49999237060546875,0.0,1,-0.00632078,1.0,6681.5,32.918,0.0768005,0.384425,5.60612,12.315,22.5054,156.414,95.1546,79.6366,73.2828,68.5105,65.4712,62.6947,60.1485,57.8055,54.8222,51.7782,46.9183,39.5729,30.8363,22.787,11.3878,0.33515,30.1772,30.0043,38.2211,38.2211
3.161325216293335,0.028439495712518692,0.9999847412109375,0.0,1,-0.00708563,1.0,6113.31,33.7483,0.0748685,0.393937,5.59957,12.3018,22.5147,157.44,95.4212,79.7832,73.3891,68.5899,65.5348,62.7448,60.187,57.8338,54.8392,51.7843,46.9093,39.5476,30.8246,22.7865,11.3958,0.335425,30.9421,30.7651,35.0027,35.0027
3.1798484325408936,0.028439495712518692,0.49999237060546875,0.0,1,-0.00785333,1.0,7010.75,34.5729,0.0758001,0.405228,5.59276,12.2892,22.5279,158.484,95.6868,79.9283,73.4931,68.6668,65.5956,62.7922,60.2228,57.8599,54.8535,51.7878,46.8982,39.5196,30.8111,22.7849,11.4035,0.33573,31.6947,31.5166,39.6591,39.6591
3.2023496627807617,0.03114630375057459,0.9999847412109375,0.0,1,-0.00865251,1.0,6445.56,35.4053,0.07394,0.417313,5.58555,12.2761,22.5403,159.602,95.9726,80.0853,73.6072,68.7516,65.6636,62.8457,60.2641,57.8906,54.8716,51.7946,46.8894,39.4926,30.7981,22.7835,11.4116,0.336065,32.4619,32.2761,36.8798,36.8798
3.2213311195373535,0.03692899737507105,0.49999237060546875,0.0,1,-0.00950843,1.0,7519.34,36.2346,0.0790968,0.429647,5.57773,12.2615,22.5463,160.849,96.2977,80.2682,73.7416,68.8541,65.7474,62.9136,60.3183,57.9328,54.9003,51.8102,46.8872,39.4699,30.7877,22.7839,11.42,0.336437,33.226,33.0232,42.4971,42.4971
3.2423925399780273,0.046525731682777405,0.9999847412109375,0.0,1,-0.0105298,1.0,7033.55,37.074,0.0870765,0.441635,5.56866,12.241,22.5221,162.464,96.7454,80.5338,73.9455,69.016,65.885,63.0302,60.4168,58.0161,54.965,51.8578,46.9107,39.4646,30.7889,22.7914,11.4302,0.336854,34.0165,33.7697,40.2072,40.2072
3.263059377670288,0.046525731682777405,0.49999237060546875,0.0,1,-0.0118135,1.0,8412.24,37.9143,0.102997,0.453072,5.55767,12.2104,22.4473,164.685,97.393,80.9353,74.2626,69.2762,66.1113,63.2278,60.5894,58.1668,55.0902,51.9587,46.977,39.4886,30.8102,22.8114,11.4434,0.337331,34.8164,34.5024,47.4793,47.4793
3.283722400665283,0.046525731682777405,0.49999237060546875,0.0,1,-0.0134857,1.0,8033.6,38.849,0.0910069,0.464989,5.54367,12.1672,22.3173,167.796,98.3172,81.5178,74.7285,69.6629,66.4512,63.5272,60.8544,58.4015,55.2886,52.1231,47.0929,39.5441,30.8527,22.8452,11.4608,0.337921,35.6943,35.334,45.8645,45.8645
3.3039910793304443,0.046525731682777405,0.49999237060546875,0.0,1,-0.0151122,1.0,7696.57,39.6942,0.0790093,0.475349,5.52994,12.1245,22.1835,170.99,99.2568,82.1118,75.2041,70.0583,66.7995,63.8352,61.1272,58.6437,55.4946,52.2948,47.2154,39.6057,30.8981,22.8801,11.4777,0.338516,36.4772,36.0988,43.9569,43.9569
3.324221611022949,0.046525731682777405,0.9999847412109375,0.0,1,-0.0167673,1.0,7321.68,40.5272,0.0765326,0.485369,5.51557,12.0811,22.0498,174.395,100.241,82.7309,75.699,70.4693,67.1613,64.1547,61.4103,58.8951,55.7081,52.4727,47.3425,39.6697,30.944,22.9155,11.4949,0.339177,37.2445,36.8624,41.828,41.828
3.3443400859832764,0.046525731682777405,0.49999237060546875,0.0,1,-0.0184286,1.0,8876.62,41.3627,0.0731175,0.495114,5.5006,12.038,21.9203,177.97,101.251,83.3633,76.2037,70.8879,67.5293,64.4791,61.6972,59.1496,55.924,52.6521,47.4702,39.7335,30.9885,22.9503,11.5121,0.339913,38.0059,37.6196,50.0688,50.0688
3.364468812942505,0.046525731682777405,0.49999237060546875,0.0,1,-0.0201972,1.0,8662.94,42.1896,0.0537143,0.48498,5.48456,11.9915,21.7753,182.006,102.379,84.0683,76.7669,71.3556,67.9409,64.843,62.0196,59.4362,56.168,52.856,47.6168,39.8096,31.04,22.9894,11.5305,0.340717,38.7816,38.3671,49.4057,49.4057
3.3837592601776123,0.046525731682777405,0.49999237060546875,0.0,1,-0.0220602,1.0,8483.6,43.017,0.0351361,0.47847,5.46754,11.942,21.6188,186.522,103.617,84.8424,77.3852,71.8692,68.3935,65.2429,62.3746,59.7522,56.4374,53.0818,47.7806,39.8965,31.0974,23.0323,11.5499,0.341587,39.5467,39.1131,48.3961,48.3961
3.404289960861206,0.046525731682777405,0.9999847412109375,0.0,1,-0.0239719,1.0,8266.6,43.8456,0.0232948,0.477361,5.44992,11.8913,21.4597,190.505,104.935,85.6624,78.0393,72.4122,68.8715,65.6656,62.7495,60.0858,56.722,53.3204,47.9537,39.9892,31.1569,23.0765,11.5698,0.342535,40.3094,39.8666,47.1688,47.1688
3.4245388507843018,0.046525731682777405,0.49999237060546875,0.0,1,-0.0259307,1.0,10274.8,44.6857,0.00632771,0.480189,5.43186,11.8393,21.2977,193.268,106.337,86.5302,78.7304,72.9857,69.376,66.1114,63.1448,60.4374,57.0221,53.5719,48.1367,40.0874,31.2183,23.1222,11.5901,0.343568,41.0792,40.6225,57.9544,57.9544
3.4443283081054688,0.046525731682777405,0.49999237060546875,0.0,1,-0.0280388,1.0,10063.3,45.5434,-0.0275645,0.48706,5.41298,11.7827,21.1161,195.649,107.928,87.5136,79.5141,73.6361,69.9491,66.6181,63.5952,60.8386,57.3654,53.8606,48.3485,40.2046,31.2903,23.1744,11.6122,0.344681,41.8794,41.3861,57.3802,57.3802
3.464332342147827,0.046525731682777405,0.49999237060546875,0.0,1,-0.030278,1.0,9921.23,46.4051,-0.0625147,0.497378,5.39341,11.7219,20.9187,197.8,109.707,88.6093,80.3866,74.3602,70.587,67.1831,64.0971,61.2865,57.7488,54.1843,48.5869,40.3388,31.3712,23.2323,11.6356,0.345875,42.6802,42.1585,56.5719,56.5719
3.485334634780884,0.046525731682777405,0.49999237060546875,0.0,1,-0.0326188,1.0,9779.46,47.2688,-0.0946467,0.510101,5.37323,11.6583,20.7121,199.772,111.661,89.8066,81.338,75.1494,71.2822,67.7982,64.6436,61.7742,58.1667,54.537,48.8478,40.4869,31.4588,23.2943,11.6601,0.34716,43.4804,42.9364,55.7634,55.7634
3.5043859481811523,0.04320379439741373,0.49999237060546875,0.0,1,-0.0350369,1.0,9643.76,48.1317,-0.121591,0.523832,5.3525,11.5925,20.5009,200.0,113.782,91.0967,82.3618,75.9969,72.0279,68.4576,65.2294,62.2966,58.6144,54.9148,49.1273,40.6463,31.5509,23.3594,11.6854,0.348548,44.2781,43.7171,54.9876,54.9876
3.5243470668792725,0.04320379439741373,0.49999237060546875,0.0,1,-0.0374444,1.0,9520.19,48.9911,-0.149454,0.537343,5.33168,11.5278,20.2984,200.0,115.99,92.4259,83.4115,76.8635,72.7891,69.1298,65.8255,62.8273,59.0682,55.2972,49.409,40.8058,31.6406,23.423,11.7108,0.350046,45.0613,44.5079,54.2793,54.2793
3.54355525970459,0.04320379439741373,0.49999237060546875,0.0,1,-0.0398071,1.0,9414.36,49.8439,-0.161232,0.549806,5.3108,11.4652,20.1097,200.0,118.249,93.7711,84.4688,77.7341,73.5513,69.801,66.4195,63.3554,59.5187,55.6755,49.6864,40.9615,31.7247,23.4836,11.7356,0.351664,45.8386,45.2937,53.6706,53.6706
3.5642733573913574,0.03991213830784584,0.9999847412109375,0.0,1,-0.042115,1.0,9324.53,50.6955,-0.170659,0.489814,5.28998,11.4048,19.9351,200.0,120.547,95.1244,85.5276,78.6014,74.3098,70.4679,67.0083,63.8773,59.9625,56.0468,49.9575,41.1113,31.8023,23.5404,11.76,0.353415,46.4367,45.9912,53.1527,53.1527
3.5848047733306885,0.03673982243118435,0.49999237060546875,0.0,1,-0.0442722,1.0,11486.1,51.5368,-0.194946,0.391502,5.26973,11.3504,19.788,200.0,122.76,96.4074,86.5246,79.4142,75.0176,71.0872,67.5531,64.3585,60.3695,56.3856,50.201,41.2416,31.8652,23.5885,11.7826,0.355285,47.2897,46.7884,64.8574,64.8574
3.6041314601898193,0.03370560830483834,0.49999237060546875,0.0,1,-0.0465611,1.0,11225.9,52.3887,-0.238495,0.336732,5.24877,11.292,19.6272,200.0,125.25,97.8423,87.6379,80.3212,75.8072,71.7787,68.1618,64.8964,60.8251,56.7654,50.4758,41.3915,31.9372,23.6421,11.8066,0.357264,48.1211,47.5937,64.016,64.016
3.624803304672241,0.033608980169395605,0.49999237060546875,0.0,1,-0.0489371,1.0,11046.4,53.2419,-0.283779,0.312546,5.22744,11.2316,19.4598,200.0,127.984,99.4041,88.8466,81.3038,76.6624,72.5269,68.8198,65.4781,61.3177,57.1763,50.7735,41.5552,32.0143,23.6991,11.8314,0.359349,48.9336,48.3882,62.9934,62.9934
3.6443417072296143,0.03072092829815174,0.49999237060546875,0.0,1,-0.0513757,1.0,10869.7,54.0972,-0.318563,0.312612,5.20575,11.1698,19.2895,200.0,130.954,101.083,90.1415,82.3544,77.5748,73.3247,69.5212,66.0976,61.8419,57.6131,51.0903,41.7297,32.0946,23.7581,11.8569,0.361555,49.7367,49.1759,61.9858,61.9858
3.66330623626709,0.027969779521498827,0.49999237060546875,0.0,1,-0.0538476,1.0,10695.2,54.9549,-0.350013,0.329287,5.18924,11.1192,19.1418,200.0,134.092,102.831,91.481,83.4364,78.512,74.1418,70.2376,66.7286,62.3744,58.0553,51.4086,41.9028,32.169,23.8107,11.8774,0.363195,50.5269,49.9677,60.9907,60.9907
3.68306565284729,0.027888328805778177,0.49999237060546875,0.0,1,-0.0541803,1.0,10524.6,55.8141,-0.370432,0.355571,5.16761,11.0611,18.9916,200.0,137.287,104.587,92.8205,84.5143,79.4436,74.9524,70.9466,67.3524,62.8992,58.4904,51.7206,42.0714,32.2386,23.8636,11.9019,0.365623,51.3038,50.7667,60.0169,60.0169
3.7033605575561523,0.025280777259435196,0.9999847412109375,0.0,1,-0.0543715,1.0,10366.4,56.6709,-0.368161,0.385226,5.14626,11.0069,18.8598,200.0,140.479,106.312,94.1266,85.56,80.3444,75.7331,71.6279,67.9496,63.3997,58.9031,52.0138,42.2264,32.2972,23.9098,11.9252,0.368106,52.0754,51.5626,59.1102,59.1102
3.722498893737793,0.025205502658795877,0.49999237060546875,0.0,1,-0.0544412,1.0,12465.2,57.5443,-0.383193,0.41341,5.12514,10.9561,18.7432,200.0,143.689,108.018,95.4105,86.5825,81.2219,76.4918,72.2875,68.5261,63.8809,59.2979,52.2918,42.3703,32.3458,23.9502,11.9474,0.370631,52.8544,52.3598,70.4594,70.4594
3.7433817386627197,0.025128728426772173,0.49999237060546875,0.0,1,-0.0545894,1.0,12080.3,58.4351,-0.422156,0.437188,5.10345,10.9024,18.616,200.0,147.291,109.912,96.8326,87.7133,82.1919,77.3297,73.0162,69.1633,64.4133,59.7355,52.6013,42.5329,32.4017,23.995,11.9707,0.373179,53.6784,53.1539,68.9189,68.9189
3.7629318237304688,0.02269927693962554,0.49999237060546875,0.0,1,-0.0546458,1.0,12654.9,58.9209,-0.462666,0.197765,5.08219,10.8517,18.5018,200.0,150.978,111.819,98.2541,88.8382,83.1536,78.1585,73.7349,69.79,64.9348,60.1625,52.901,42.6877,32.4517,24.035,11.993,0.37573,54.2469,53.7456,72.067,72.067
3.783836841583252,0.022637693613996108,0.49999237060546875,0.0,1,-0.055124,1.0,12554.9,59.7106,-0.537069,0.135371,5.05906,10.7874,18.3352,200.0,155.847,114.325,100.125,90.3231,84.4269,79.259,74.6927,70.6289,65.6378,60.7434,53.3172,42.9157,32.5418,24.0973,12.0202,0.378268,54.9165,54.3021,71.5764,71.5764
3.8033406734466553,0.022573139128804206,0.49999237060546875,0.0,1,-0.0555933,1.0,12369.0,60.5384,-0.595154,0.104099,5.03589,10.7237,18.1719,200.0,161.137,116.996,102.107,91.8883,85.7655,80.4133,75.6955,71.5056,66.3709,61.3477,53.749,43.1516,32.635,24.1595,12.0474,0.380816,55.6601,55.0408,70.5429,70.5429
3.823509693145752,0.022505535500859222,0.49999237060546875,0.0,1,-0.0560429,1.0,12105.4,61.4053,-0.636391,0.101656,5.01265,10.6602,18.0122,200.0,166.882,119.837,104.198,93.533,87.1681,81.62,76.7413,72.4183,67.1323,61.974,54.195,43.3944,32.7307,24.2209,12.0746,0.383387,56.4389,55.8187,69.0594,69.0594
3.844263792037964,0.022435912108277282,0.49999237060546875,0.0,1,-0.0564192,1.0,11795.9,62.2981,-0.655851,0.120432,4.98945,10.5987,17.8615,200.0,173.002,122.792,106.358,95.2215,88.603,82.8506,77.8054,73.3444,67.9028,62.6057,54.6427,43.6358,32.8246,24.2791,12.1013,0.386002,57.2402,56.6311,67.3037,67.3037
3.863658905029297,0.022365820816551644,0.49999237060546875,0.0,1,-0.0566263,1.0,11485.1,63.1969,-0.648466,0.150535,4.96652,10.5414,17.7301,200.0,179.256,125.734,108.487,96.8753,90.0024,84.046,78.8351,74.2377,68.6423,63.2092,55.0666,43.8604,32.9082,24.3291,12.1264,0.388674,58.044,57.4682,65.5267,65.5267
3.8837554454803467,0.0222971332222571,0.9999847412109375,0.0,1,-0.0565657,1.0,11224.9,64.0777,-0.603994,0.182628,4.94423,10.4914,17.6275,200.0,183.924,128.499,110.467,98.3998,91.2854,85.1365,79.7693,75.0443,69.3058,63.7465,55.4383,44.0505,32.9722,24.3657,12.1489,0.391424,58.8307,58.3089,64.0229,64.0229
3.903877019882202,0.024565685790504017,0.49999237060546875,0.0,1,-0.0563482,1.0,13271.4,64.968,-0.567899,0.267418,4.92201,10.4448,17.5406,200.0,186.709,131.225,112.4,99.8786,92.5246,86.1853,80.6649,75.8146,69.9359,64.2541,55.786,44.2242,33.0265,24.3949,12.1703,0.394257,59.6739,59.1696,75.0643,75.0643
3.9243249893188477,0.022156779075786472,0.49999237060546875,0.0,1,-0.0564044,1.0,12804.4,65.8775,-0.58051,0.351356,4.89812,10.3886,17.4203,200.0,189.255,134.608,114.793,101.709,94.0598,87.4868,81.7781,76.7745,70.7252,64.8935,56.2304,44.4561,33.1115,24.4395,12.1953,0.397133,60.5401,59.9597,73.0642,73.0642
3.944287061691284,0.02208723366639515,0.49999237060546875,0.0,1,-0.0565401,1.0,12460.1,66.7693,-0.60801,0.410815,4.87365,10.3296,17.2908,200.0,191.482,138.405,117.46,103.74,95.7587,88.9241,83.0064,77.8325,71.5941,65.5974,56.7202,44.7139,33.2096,24.4888,12.2216,0.400042,61.36,60.7645,71.0894,71.0894
3.964322805404663,0.022019419483835498,0.49999237060546875,0.0,1,-0.0565611,1.0,12173.4,67.6389,-0.612776,0.448095,4.84937,10.2735,17.1734,200.0,193.331,142.31,120.173,105.79,97.4673,90.364,84.2322,78.8852,72.4555,66.2923,57.2002,44.9634,33.3019,24.5326,12.2468,0.402987,62.1436,61.5683,69.4378,69.4378
3.9848849773406982,0.02195380442725122,0.9999847412109375,0.0,1,-0.056377,1.0,11957.0,68.4803,-0.588228,0.46611,4.82561,10.2226,17.0769,200.0,194.831,146.141,122.802,107.76,99.0992,91.7335,85.3927,79.8777,73.2626,66.9397,57.6426,45.1879,33.3801,24.5659,12.27,0.405986,62.8934,62.359,68.1827,68.1827
4.00165319442749,0.021886887051383655,0.49999237060546875,0.0,1,-0.0560387,1.0,14094.4,69.3384,-0.580671,0.467899,4.80216,10.1756,16.9957,200.0,196.098,149.967,125.398,109.691,100.691,93.0625,86.5148,80.8335,74.0364,67.5568,58.0602,45.3954,33.4485,24.5913,12.2916,0.40903,63.645,63.1335,79.7241,79.7241
4.02228856086731,0.021818043490707872,0.49999237060546875,0.0,1,-0.05586,1.0,13656.7,70.2212,-0.618676,0.459731,4.77792,10.1237,16.8968,141.866,197.404,154.471,128.431,111.938,102.541,94.606,87.8173,81.9436,74.9359,68.2758,58.5501,45.6445,33.538,24.6255,12.3151,0.412081,64.4658,63.9077,77.9155,77.9155
4.0424017906188965,0.021749543056070807,0.49999237060546875,0.0,1,-0.0557595,1.0,13310.5,71.0996,-0.654057,0.44928,4.7533,10.0693,16.7897,116.958,198.687,159.568,131.829,114.44,104.594,96.3154,89.2572,83.169,75.9279,69.0682,59.0903,45.9212,33.6407,24.6641,12.3398,0.415136,65.2766,64.6955,75.9555,75.9555
4.06191873550415,0.017456962318965544,0.9999847412109375,0.0,1,-0.0556168,1.0,12789.9,72.0601,-0.659294,0.516131,4.72871,10.0158,16.6867,100.476,199.871,165.048,135.435,117.073,106.746,98.0996,90.7556,84.4403,76.9535,69.8851,59.6448,46.2039,33.7454,24.7005,12.364,0.418208,66.1169,65.5449,73.0254,73.0254
4.082922458648682,0.013646637244462967,0.49999237060546875,0.0,1,-0.0551925,1.0,14674.1,73.0457,-0.666535,0.596014,4.70508,9.97001,16.6122,89.9895,200.0,170.299,138.832,119.527,108.737,99.7402,92.1249,85.5963,77.8794,70.6166,60.1339,46.4453,33.8276,24.722,12.385,0.421316,66.9799,66.4677,83.0964,83.0964
4.102514028549194,0.011900098721542395,0.49999237060546875,0.0,1,-0.0547036,1.0,13980.8,74.0357,-0.700928,0.666198,4.68177,9.92618,16.5446,82.0507,200.0,175.867,142.387,122.072,110.792,101.426,93.5277,86.7766,78.8213,71.358,60.6274,46.6868,33.9088,24.7398,12.4052,0.424416,67.893,67.3855,79.824,79.824
4.122380256652832,0.011859732332073773,0.49999237060546875,0.0,1,-0.0540659,1.0,13496.9,74.9718,-0.712264,0.709401,4.65918,9.88697,16.4929,76.1399,200.0,179.738,145.934,124.586,112.809,103.074,94.8916,87.9196,79.7281,72.0679,61.0947,46.9105,33.9798,24.7494,12.4234,0.427503,68.7634,68.2822,77.0238,77.0238
4.142449855804443,0.011822177489014032,0.9999847412109375,0.0,1,-0.0531868,1.0,13161.3,75.8427,-0.685234,0.726463,4.6376,9.85453,16.4663,71.911,200.0,182.024,149.255,126.912,114.662,104.576,96.1279,88.9487,80.5385,72.6964,61.501,47.0969,34.031,24.7459,12.4387,0.430595,69.5654,69.1307,75.0702,75.0702
4.16305685043335,0.011784842567529218,0.49999237060546875,0.0,1,-0.0521421,1.0,15324.5,76.7085,-0.665595,0.746322,4.61668,9.82681,16.4567,68.6634,200.0,183.693,152.466,129.137,116.424,105.996,97.2898,89.9117,81.2911,73.2756,61.8704,47.2604,34.0701,24.7335,12.4518,0.433688,70.3703,69.9495,86.7239,86.7239
4.18287992477417,0.011746485657549151,0.49999237060546875,0.0,1,-0.0512985,1.0,14820.8,77.598,-0.688555,0.807844,4.59513,9.79373,16.427,65.263,200.0,185.362,156.409,131.862,118.579,107.735,98.715,91.0952,82.2205,73.9954,62.3369,47.4782,34.136,24.7331,12.4672,0.43675,71.2235,70.7563,84.5662,84.5662
4.202430963516235,0.011708240864450423,0.49999237060546875,0.0,1,-0.0505491,1.0,14415.2,78.4849,-0.714314,0.859851,4.57345,9.75836,16.3883,62.0486,200.0,186.93,160.927,134.96,121.022,109.701,100.324,92.43,83.2683,74.8079,62.8652,47.7291,34.2178,24.7406,12.4834,0.439774,72.0406,71.5487,82.2505,82.2505
4.221465826034546,0.010116488908727964,0.49999237060546875,0.0,1,-0.0497272,1.0,14041.3,79.36,-0.720192,0.89897,4.5523,9.72558,16.3583,59.3328,200.0,188.282,165.657,138.168,123.536,111.714,101.965,93.7867,84.3286,75.6264,63.3945,47.9783,34.2977,24.7469,12.4985,0.442767,72.8302,72.3495,80.1073,80.1073
4.2419517040252686,0.010084873011894525,0.9999847412109375,0.0,1,-0.0486516,1.0,13736.4,80.2058,-0.695201,0.92595,4.53241,9.70055,16.3562,57.326,200.0,189.314,170.092,141.132,125.84,113.545,103.446,95.0035,85.2715,76.3474,63.8524,48.1848,34.3556,24.7422,12.5102,0.445737,73.5813,73.1535,78.3443,78.3443
4.263063192367554,0.010052259072444092,0.49999237060546875,0.0,1,-0.0473343,1.0,15909.2,81.0783,-0.675471,0.939957,4.51369,9.68283,16.381,55.8514,200.0,190.093,173.956,143.83,127.918,115.184,104.762,96.0772,86.0954,76.9705,64.2393,48.3501,34.3926,24.7274,12.5188,0.448687,74.3275,73.9438,90.0602,90.0602
4.286857843399048,0.010014901627072444,0.49999237060546875,0.0,1,-0.0460001,1.0,15294.2,82.0777,-0.700536,0.943683,4.49319,9.66129,16.3993,54.1474,200.0,190.993,176.961,147.285,130.571,117.272,106.439,97.4453,87.147,77.7687,64.7403,48.5717,34.4525,24.7202,12.529,0.451856,75.2429,74.8249,87.2803,87.2803
4.3059163093566895,0.009975484550682208,0.49999237060546875,0.0,1,-0.0446637,1.0,14650.1,83.1322,-0.706374,1.00089,4.47333,9.64132,16.4219,52.5558,200.0,191.845,179.155,151.041,133.44,119.521,108.239,98.9094,88.2697,78.6189,65.2732,48.8088,34.5189,24.7162,12.5385,0.454943,76.1721,75.7516,83.6532,83.6532
4.32866096496582,0.009937080468858283,0.9999847412109375,0.0,1,-0.0429745,1.0,14081.1,84.1596,-0.646327,1.08497,4.45531,9.63244,16.4866,51.4964,200.0,192.419,180.563,154.298,135.898,121.427,109.749,100.127,89.1907,79.3063,65.6911,48.98,34.5528,24.6964,12.5433,0.457982,77.1012,76.7509,80.3456,80.3456
4.34929895401001,0.011418780949967913,0.49999237060546875,0.0,1,-0.0409117,1.0,16301.5,85.1975,-0.586879,1.15449,4.43919,9.63558,16.5983,50.9076,200.0,192.728,181.42,156.912,137.843,122.915,110.912,101.051,89.8764,79.8051,65.9783,49.0787,34.5511,24.6595,12.5432,0.460981,78.0003,77.7143,92.3388,92.3388
4.371972322463989,0.009858993913543721,0.49999237060546875,0.0,1,-0.0390143,1.0,15552.4,86.2486,-0.583362,1.19345,4.42328,9.63594,16.6992,50.1053,200.0,193.142,182.376,160.19,140.285,124.788,112.381,102.226,90.7562,80.4545,66.3657,49.2307,34.575,24.6351,12.5443,0.463867,79.0016,78.6702,88.7712,88.7712
4.395911693572998,0.009822395279599975,0.9999847412109375,0.0,1,-0.0371345,1.0,15054.0,87.2277,-0.573519,1.22079,4.40819,9.63822,16.8065,49.2859,200.0,193.559,183.275,163.81,142.967,126.838,113.988,103.509,91.7163,81.1635,66.7907,49.4016,34.6077,24.6149,12.5446,0.466634,79.9555,79.6086,85.8863,85.8863
4.4167540073394775,0.011288859045438467,0.49999237060546875,0.0,1,-0.0352254,1.0,17445.9,88.2104,-0.573954,1.27955,4.39423,9.64379,16.9263,48.5024,200.0,193.949,184.087,167.671,145.811,129.003,115.677,104.853,92.72,81.9034,67.2336,49.5806,34.6437,24.5964,12.5437,0.469284,80.8648,80.517,98.8165,98.8165
4.440709114074707,0.011244982535146487,0.49999237060546875,0.0,1,-0.0335503,1.0,16719.5,89.2279,-0.619556,1.32718,4.38052,9.6454,17.0147,47.4954,200.0,194.467,185.036,171.539,149.434,131.758,117.829,106.571,94.0076,82.8598,67.8179,49.8332,34.7142,24.5945,12.5442,0.471774,81.8135,81.4066,95.4282,95.4282
4.459934711456299,0.011201601926445029,0.49999237060546875,0.0,1,-0.0319718,1.0,16126.4,90.2339,-0.662082,1.36264,4.36772,9.64731,17.081,46.4311,200.0,195.025,185.996,174.138,153.619,134.924,120.293,108.533,95.4775,83.9516,68.4869,50.1281,34.8035,24.6014,12.5447,0.474106,82.741,82.3093,92.0345,92.0345
4.484899044036865,0.01115976508095581,0.9999847412109375,0.0,1,-0.0302731,1.0,15621.8,91.2041,-0.669876,1.38689,4.35664,9.65594,17.1514,45.509,200.0,195.498,186.809,176.003,157.89,138.128,122.77,110.494,96.936,85.028,69.1405,50.4116,34.8866,24.6053,12.5425,0.47629,83.6263,83.2132,89.1273,89.1273
4.503706455230713,0.011116914871346827,0.49999237060546875,0.0,1,-0.0284113,1.0,18001.5,92.1978,-0.679826,1.39953,4.34733,9.67257,17.2304,44.7436,200.0,195.869,187.466,177.404,162.119,141.27,125.182,112.391,98.3362,86.0537,69.7553,50.6718,34.958,24.6037,12.5373,0.478343,84.4949,84.1043,101.995,101.995
4.527749061584473,0.011069454933039844,0.49999237060546875,0.0,1,-0.0267152,1.0,17054.1,93.2984,-0.728854,1.46119,4.33881,9.68783,17.2791,43.8582,200.0,196.319,188.203,178.799,167.119,145.056,128.077,114.664,100.013,87.2839,70.498,50.9957,35.0581,24.6155,12.5327,0.480217,85.4772,85.0447,97.3989,97.3989
4.548551797866821,0.011022546954764054,0.9999847412109375,0.0,1,-0.0249545,1.0,16261.3,94.3862,-0.743705,1.53292,4.33194,9.70874,17.3254,43.04,200.0,196.724,188.866,179.993,170.317,149.05,131.11,117.032,101.749,88.5505,71.258,51.3244,35.1594,24.6279,12.526,0.481926,86.4767,86.0512,92.8401,92.8401
4.571817398071289,0.010975850273687703,0.49999237060546875,0.0,1,-0.0229952,1.0,18449.2,95.4691,-0.748362,1.59039,4.32722,9.73956,17.3838,42.374,200.0,197.021,189.38,180.923,172.315,152.938,134.035,119.298,103.396,89.7421,71.9626,51.6215,35.2454,24.6331,12.5158,0.483482,87.4433,87.048,104.592,104.592
4.592221736907959,0.010929179465737815,0.49999237060546875,0.0,1,-0.0211776,1.0,17511.6,96.5514,-0.793143,1.62333,4.32351,9.77021,17.4154,41.6156,200.0,197.381,189.961,181.896,174.102,157.57,137.502,121.976,105.338,91.1458,72.7961,51.9804,35.3585,24.651,12.5058,0.484843,88.4669,88.0327,99.9812,99.9812
4.613703012466431,0.010885419384514913,0.9999847412109375,0.0,1,-0.0193786,1.0,16839.8,97.5662,-0.81067,1.66638,4.3213,9.80464,17.435,40.8565,200.0,197.741,190.529,182.814,175.642,162.721,141.326,124.913,107.455,92.67,73.6976,52.3692,35.4839,24.6746,12.4945,0.48602,89.4617,89.0145,96.1037,96.1037
4.637648582458496,0.010841542874222933,0.49999237060546875,0.0,1,-0.017524,1.0,19156.2,98.5837,-0.834326,1.70332,4.32086,9.84518,17.4504,40.1429,200.0,198.066,191.044,183.635,176.946,166.838,145.385,128.007,109.669,94.2542,74.6275,52.7677,35.6127,24.6998,12.4812,0.48702,90.382,89.9358,108.607,108.607
4.660286903381348,0.009358735331241042,0.49999237060546875,0.0,1,-0.0159023,1.0,18240.4,99.6317,-0.907087,1.73205,4.32123,9.88291,17.4307,39.307,161.951,198.487,191.664,184.559,178.308,169.704,150.4,131.809,112.376,96.1874,75.7641,53.2628,35.7829,24.7441,12.4689,0.487806,91.3609,90.8572,104.138,104.138
4.681332588195801,0.009320596646517515,0.49999237060546875,0.0,1,-0.0142734,1.0,17514.2,100.652,-0.96045,1.75406,4.32346,9.92604,17.4032,38.4978,143.388,198.892,192.255,185.423,179.535,171.881,155.924,135.959,115.305,98.2632,76.9742,53.7865,35.964,24.7931,12.4548,0.488378,92.304,91.796,99.9676,99.9676
4.702387571334839,0.009285123146759968,0.9999847412109375,0.0,1,-0.0123061,1.0,16973.6,101.601,-0.937226,1.76984,4.32875,9.98311,17.4021,37.8806,130.757,199.138,192.654,186.038,180.422,173.37,161.095,139.799,117.98,100.136,78.0468,54.2376,36.1117,24.8271,12.4355,0.48877,93.1707,92.7245,96.8234,96.8234
4.725852012634277,0.009246547117518883,0.49999237060546875,0.0,1,-0.00997764,1.0,19235.3,102.633,-0.90113,1.82025,4.33711,10.0469,17.4279,37.4411,122.046,199.223,192.863,186.418,181.006,174.365,164.344,143.193,120.311,101.748,78.9516,54.6039,36.2222,24.8447,12.4109,0.488993,94.0258,93.6433,109.103,109.103
4.746832609176636,0.009205616156260173,0.49999237060546875,0.0,1,-0.00779136,1.0,18202.0,103.728,-0.919638,1.87139,4.34684,10.1005,17.4283,36.9222,113.716,199.372,193.137,186.865,181.654,175.388,166.676,147.238,123.076,103.654,80.0221,55.0445,36.3638,24.8766,12.387,0.488988,95.0355,94.6161,103.94,103.94
4.767797946929932,0.009167787724485,0.9999847412109375,0.0,1,-0.00546792,1.0,17483.7,104.74,-0.889655,1.91382,4.35926,10.1533,17.4327,36.4605,106.95,199.478,193.339,187.222,182.184,176.22,168.337,151.331,125.842,105.545,81.0717,55.4703,36.4984,24.9057,12.3632,0.488757,95.9897,95.5915,99.7669,99.7669
4.790675401687622,0.009129660253723464,0.49999237060546875,0.0,1,-0.00286707,1.0,19706.0,105.76,-0.854567,1.94376,4.37477,10.2093,17.4543,36.111,101.868,199.48,193.409,187.42,182.522,176.792,169.46,155.082,128.344,107.235,81.9933,55.8328,36.6059,24.9232,12.3383,0.488319,96.8822,96.5305,111.817,111.817
4.8138134479522705,0.009090149727649988,0.49999237060546875,0.0,1,-0.000444531,1.0,18569.9,106.817,-0.872077,1.96824,4.392,10.2543,17.4483,35.6706,96.6129,199.573,193.559,187.705,182.952,177.454,170.616,159.486,131.399,109.292,83.118,56.2844,36.7502,24.9573,12.317,0.487607,97.8767,97.4815,106.02,106.02
4.834341049194336,0.009054003390173117,0.9999847412109375,0.0,1,0.00209075,1.0,17920.9,107.784,-0.845546,1.98557,4.41209,10.2978,17.4436,35.2677,92.1406,199.633,193.655,187.925,183.299,178.001,171.552,162.153,134.497,111.36,84.2362,56.7279,36.8904,24.9901,12.2962,0.486631,98.7966,98.4171,102.241,102.241
4.859299182891846,0.011886014320850373,0.49999237060546875,0.0,2,0.00485894,1.0,19095.0,108.777,-0.817394,1.99841,4.43571,10.3435,17.452,34.9471,88.6146,199.604,193.647,188.022,183.505,178.37,172.219,163.77,137.376,113.259,85.2465,57.1189,37.0087,25.0138,12.2747,0.485397,99.6564,99.3141,110.471,110.487
4.878463268280029,0.013422953232871368,0.9999847412109375,0.0,2,0.00761107,2.0,14249.9,109.601,-0.753954,2.01102,4.46187,10.3833,17.4487,34.6045,85.2465,199.597,193.646,188.126,183.713,178.732,172.847,165.108,140.54,115.334,86.3448,57.5453,37.1413,25.0443,12.2553,0.483884,100.561,100.209,97.909,97.7456
4.901225566864014,0.015102344235417745,0.9999847412109375,0.0,2,0.0109957,2.0,14227.7,109.549,-0.566767,2.01985,4.49286,10.4376,17.496,34.4927,83.5187,199.319,193.373,187.92,183.574,178.689,172.964,165.599,142.481,116.574,86.9706,57.7626,37.1897,25.0394,12.2312,0.482185,100.762,100.542,96.7151,96.5052
4.924373149871826,0.01343350626412779,0.9999847412109375,0.0,2,0.0144871,2.0,12556.7,109.412,-0.411548,2.01599,4.52451,10.4895,17.5441,34.4071,82.0846,198.995,193.051,187.659,183.372,178.571,172.982,165.912,144.256,117.697,87.5304,57.9523,37.2288,25.032,12.2081,0.48027,100.657,100.456,96.3847,96.0689
4.944282293319702,0.013401121300483744,0.9999847412109375,0.0,2,0.0178213,2.0,14106.3,109.992,-0.355888,2.01863,4.55342,10.5312,17.5685,34.2479,80.3482,198.743,192.794,187.469,183.248,178.538,173.094,166.324,146.499,119.126,88.2557,58.2143,37.2984,25.0389,12.1886,0.478081,100.872,100.636,107.764,107.764
4.968940258026123,0.010307982948133723,0.49999237060546875,0.0,2,0.0208455,2.0,14930.5,110.957,-0.389451,2.03432,4.57957,10.5586,17.5553,33.9586,78.0181,198.639,192.67,187.423,183.28,178.679,173.404,166.965,149.703,121.174,89.3118,58.6165,37.4245,25.0707,12.174,0.475517,101.697,101.389,114.147,114.147
4.9886085987091064,0.002063357205055654,0.9999847412109375,0.0,2,0.0237464,2.0,13995.8,111.964,-0.454945,2.04714,4.60412,10.5786,17.5241,33.6148,75.5434,198.602,192.608,187.432,183.371,178.882,173.775,167.647,153.453,123.593,90.5545,59.0935,37.5797,25.1152,12.1619,0.472542,102.605,102.266,107.532,107.532
5.011325836181641,0.0005960136651992798,0.49999237060546875,0.0,2,0.0266489,2.0,14773.5,112.976,-0.500673,2.06262,4.62947,10.608,17.5225,33.3946,73.814,198.408,192.401,187.274,183.277,178.873,173.894,167.988,155.449,125.524,91.5235,59.4501,37.6862,25.1389,12.1467,0.469143,103.458,103.189,112.982,112.982
5.0349531173706055,0.0005934814922511578,0.9999847412109375,0.0,2,0.0257319,2.0,13840.4,113.983,-0.49751,2.07845,4.65589,10.6478,17.5525,33.299,72.7623,198.049,192.038,186.945,182.996,178.656,173.767,168.015,156.325,126.874,92.1761,59.6716,37.7391,25.1398,12.128,0.465597,104.356,104.158,106.287,106.287
5.054258346557617,0.0005910851061344146,0.9999847412109375,0.0,2,0.0252085,2.0,14708.4,114.936,-0.443117,2.08935,4.68332,10.6987,17.616,33.3333,72.3725,197.508,191.505,186.437,182.519,178.221,173.391,167.735,156.495,127.537,92.4645,59.7413,37.7329,25.1159,12.1055,0.462153,105.176,105.059,112.46,112.46
5.077569246292114,0.0005884397774934769,0.49999237060546875,0.0,2,0.0247419,2.0,15385.3,115.988,-0.412012,2.07653,4.71038,10.75,17.6822,33.3822,72.073,196.935,190.942,185.897,182.009,177.748,172.972,167.401,156.531,128.109,92.705,59.7913,37.7194,25.0894,12.0829,0.45878,106.105,106.002,117.669,117.669
5.101176023483276,0.00058586485683918,0.9999847412109375,0.0,2,0.0242489,2.0,14400.4,117.012,-0.386816,2.06981,4.7368,10.7991,17.7438,33.4183,71.7307,196.366,190.383,185.361,181.503,177.281,172.559,167.074,156.551,128.745,92.9776,59.8548,37.7116,25.0655,12.0611,0.455462,107.081,106.974,110.617,110.617
5.1209633350372314,0.0,0.49999237060546875,0.0,2,0.0238529,2.0,15247.1,117.984,-0.348697,2.07128,4.76309,10.85,17.812,33.4827,71.5374,195.748,189.778,184.777,180.945,176.757,172.082,166.669,156.421,129.21,93.1611,59.882,37.6901,25.0362,12.0387,0.452213,107.972,107.887,116.59,116.59
5.144225835800171,0.0005810167640447617,0.9999847412109375,0.0,2,0.0235082,2.0,14381.3,118.94,-0.315848,2.08134,4.78916,10.9015,17.8831,33.5609,71.4198,195.101,189.145,184.164,180.357,176.2,171.568,166.221,156.208,129.587,93.2983,59.8905,37.6618,25.0043,12.0162,0.449015,108.889,108.815,110.4,110.4
5.163315296173096,0.0005787209607660771,0.49999237060546875,0.0,2,0.0232715,2.0,15325.3,119.853,-0.269145,2.09772,4.81524,10.9554,17.9624,33.6715,71.4616,194.401,188.462,183.5,179.714,175.584,170.987,165.692,155.862,129.763,93.3322,59.8573,37.6177,24.9661,11.9929,0.445877,109.701,109.649,117.178,117.178
5.186646938323975,0.0,0.9999847412109375,0.0,2,0.0230276,2.0,14516.1,120.773,-0.233874,2.11761,4.84091,11.0082,18.0394,33.7766,71.4864,193.697,187.776,182.834,179.068,174.965,170.403,165.162,155.509,129.958,93.3764,59.8288,37.5759,24.9291,11.97,0.442781,110.588,110.535,111.4,111.4
5.209479808807373,0.0005741645582020283,0.9999847412109375,0.0,2,0.022871,2.0,15496.8,121.665,-0.199813,2.13942,4.8666,11.063,18.1231,33.9081,71.6381,192.949,187.049,182.126,178.378,174.297,169.766,164.569,155.057,129.988,93.336,59.7663,37.5212,24.8869,11.9464,0.439731,111.364,111.329,118.49,118.49
5.2332603931427,0.0,0.49999237060546875,0.0,2,0.0226884,2.0,16162.8,122.728,-0.179721,2.1569,4.89197,11.1165,18.2034,34.029,71.7464,192.206,186.326,181.422,177.693,173.636,169.137,163.987,154.621,130.071,93.323,59.7153,37.4712,24.8468,11.9234,0.436703,112.28,112.24,123.638,123.638
5.251814603805542,0.0,0.9999847412109375,0.0,2,0.0224854,2.0,15119.1,123.768,-0.169696,2.1763,4.91711,11.1688,18.2812,34.1417,71.8212,191.465,185.604,180.72,177.011,172.978,168.512,163.41,154.192,130.196,93.3314,59.673,37.4248,24.8083,11.9007,0.433688,113.256,113.213,116.133,116.133
5.274126291275024,0.0,0.49999237060546875,0.0,2,0.0223511,2.0,15954.0,124.75,-0.150576,2.19626,4.94246,11.2233,18.365,34.2765,71.9976,190.687,184.848,179.983,176.291,172.281,167.843,162.782,153.688,130.188,93.2715,59.6031,37.3677,24.7654,11.8773,0.430688,114.144,114.114,122.02,122.02
5.297287940979004,0.0,0.9999847412109375,0.0,2,0.0222461,2.0,15072.9,125.697,-0.131164,2.21505,4.96787,11.2785,18.4512,34.4204,72.216,189.889,184.073,179.228,175.553,171.563,167.152,162.131,153.148,130.123,93.1824,59.5215,37.3062,24.7206,11.8537,0.427699,115.066,115.043,115.673,115.673
5.319983959197998,0.0,0.9999847412109375,0.0,2,0.0221923,2.0,16054.0,126.591,-0.108798,2.22757,4.99342,11.3353,18.5419,34.5808,72.5094,189.064,183.273,178.446,174.787,170.816,166.429,161.442,152.556,129.958,93.0425,59.4194,37.2369,24.6727,11.8296,0.424723,115.858,115.846,122.764,122.764
5.341916084289551,0.0,0.49999237060546875,0.0,2,0.0221294,2.0,16707.2,127.664,-0.0964663,2.23944,5.01891,11.3916,18.6315,34.7378,72.7882,188.236,182.469,177.663,174.019,170.067,165.705,160.753,151.965,129.81,92.9116,59.3211,37.1691,24.6254,11.8056,0.421749,116.785,116.771,127.813,127.813
5.365013122558594,0.0,0.9999847412109375,0.0,2,0.0220552,2.0,15646.0,128.7,-0.0871617,2.25174,5.04438,11.4477,18.7202,34.891,73.0497,187.406,181.663,176.877,173.249,169.317,164.981,160.064,151.376,129.684,92.7915,59.227,37.1029,24.5787,11.7817,0.418769,117.767,117.751,120.165,120.165
5.385662078857422,0.0,0.49999237060546875,0.0,2,0.0220045,2.0,16505.9,129.669,-0.0753529,2.26667,5.06998,11.5046,18.8112,35.0523,73.3466,186.56,180.842,176.075,172.462,168.549,164.238,159.356,150.761,129.511,92.6475,59.1232,37.0329,24.5305,11.7575,0.415788,118.651,118.64,126.247,126.247
5.405977249145508,0.0,0.9999847412109375,0.0,2,0.0219621,2.0,15620.6,130.605,-0.0646543,2.28337,5.09567,11.5618,18.9031,35.2166,73.6562,185.703,180.011,175.264,171.667,167.772,163.485,158.637,150.131,129.322,92.4947,59.0157,36.9615,24.4815,11.7332,0.412802,119.571,119.561,119.865,119.865
5.429311275482178,0.0,0.9999847412109375,0.0,2,0.0219415,2.0,16609.3,131.497,-0.0530853,2.30157,5.12149,11.6199,18.9973,35.3885,73.9992,184.831,179.165,174.439,170.856,166.98,162.716,157.899,149.478,129.089,92.3198,58.8993,36.8865,24.4311,11.7086,0.409814,120.356,120.351,127.024,127.024
5.4497761726379395,0.0,0.49999237060546875,0.0,2,0.0219153,2.0,17236.2,132.583,-0.0466867,2.31542,5.14737,11.678,19.0912,35.5592,74.3347,183.955,178.316,173.609,170.042,166.184,161.944,157.16,148.823,128.865,92.1495,58.7845,36.8121,24.3809,11.684,0.406815,121.285,121.279,131.881,131.881
5.473893642425537,0.0,0.9999847412109375,0.0,2,0.0218842,2.0,16150.7,133.618,-0.0417229,2.32926,5.17336,11.7362,19.185,35.7287,74.6638,183.074,177.461,172.775,169.223,165.384,161.168,156.417,148.165,128.65,91.9833,58.6712,36.7381,24.3307,11.6593,0.403801,122.275,122.268,124.023,124.023
5.494405508041382,-0.0005404933170198153,0.9999847412109375,0.0,2,0.0218651,2.0,17028.9,134.577,-0.0355382,2.34536,5.19952,11.7951,19.2805,35.9033,75.013,182.181,176.595,171.93,168.393,164.573,160.38,155.661,147.491,128.41,91.804,58.5524,36.6619,24.2795,11.6344,0.400774,123.15,123.146,130.26,130.26
5.517831325531006,-0.0008890845414499442,0.49999237060546875,0.0,2,0.0218732,2.0,17602.4,135.687,-0.0333988,2.36158,5.226,11.8553,19.3793,36.0888,75.4072,181.27,175.712,171.068,167.545,163.742,159.571,154.883,146.789,128.115,91.5962,58.4218,36.5809,24.2261,11.609,0.397728,124.113,124.114,134.701,134.701
5.539130687713623,-0.0008847659186522165,0.9999847412109375,0.0,2,0.0219167,2.0,16488.5,136.728,-0.0267495,2.375,5.25287,11.9174,19.4826,36.2884,75.8603,180.337,174.809,170.184,166.675,162.889,158.739,154.078,146.053,127.749,91.3519,58.276,36.4938,24.1701,11.583,0.394658,125.115,125.124,126.611,126.611
5.559436559677124,-0.0008808040696879229,0.9999847412109375,0.0,2,0.0219854,2.0,17368.4,137.683,-0.0177941,2.3904,5.28006,11.9808,19.5891,36.4985,76.3568,179.388,173.89,169.285,165.79,162.019,157.889,153.255,145.293,127.333,91.0815,58.1194,36.4024,24.1121,11.5566,0.391569,125.99,126.004,132.866,132.866
5.586161375045776,-0.0008761909010509651,0.49999237060546875,0.0,2,0.0220689,2.0,17925.4,138.795,-0.00867197,2.40597,5.30755,12.0452,19.698,36.7158,76.8818,178.426,172.958,168.374,164.891,161.136,157.026,152.417,144.516,126.887,90.7953,57.956,36.308,24.0527,11.5298,0.388455,126.954,126.972,137.186,137.186
5.6060450077056885,-0.0008718971694509187,0.9999847412109375,0.0,2,0.0221629,2.0,16802.4,139.83,-3.79214e-05,2.42269,5.33534,12.1107,19.809,36.939,77.4291,177.453,172.016,167.452,163.982,160.242,156.151,151.567,143.726,126.419,90.4976,57.7875,36.2114,23.9921,11.5027,0.385313,127.962,127.982,129.006,129.006
5.630331754684448,-0.0008679851028819878,0.9999847412109375,0.0,2,0.0222584,2.0,17691.6,140.773,0.00682601,2.44158,5.36339,12.1768,19.9212,37.1649,77.9847,176.473,171.067,166.524,163.067,159.342,155.27,150.712,142.931,125.947,90.197,57.6174,36.1139,23.931,11.4753,0.382143,128.826,128.847,135.346,135.346
5.649057388305664,-0.0008633594886461894,0.49999237060546875,0.0,2,0.0223628,2.0,18231.9,141.888,0.0142879,2.45906,5.39176,12.2439,20.0355,37.3964,78.5609,175.482,170.109,165.586,162.141,158.432,154.379,149.846,142.124,125.457,89.8866,57.4427,36.0144,23.8689,11.4476,0.378942,129.79,129.811,139.541,139.541
5.673485517501831,-0.0005195834266922126,0.9999847412109375,0.0,2,0.0224749,2.0,17111.5,142.911,0.0208279,2.47414,5.42046,12.3119,20.1517,37.6331,79.1567,174.482,169.141,164.638,161.206,157.512,153.478,148.97,141.305,124.951,89.5673,57.264,35.9129,23.8057,11.4195,0.37571,130.795,130.818,131.358,131.358
5.693348169326782,0.0,0.9999847412109375,0.0,2,0.0225792,2.0,18016.6,143.838,0.0244309,2.49091,5.44939,12.3803,20.2682,37.8694,79.7461,173.479,168.17,163.687,160.269,156.591,152.576,148.094,140.489,124.458,89.2542,57.0872,35.8119,23.7425,11.3913,0.372446,131.642,131.664,137.839,137.839
5.715014219284058,0.0005156027153134346,0.49999237060546875,0.0,2,0.0226627,2.0,18544.4,144.954,0.0313326,2.50693,5.47852,12.4487,20.3838,38.1003,80.3072,172.478,167.201,162.738,159.333,155.672,151.678,147.224,139.682,124.003,88.9594,56.9174,35.7132,23.6801,11.363,0.369147,132.604,132.622,141.941,141.941
5.736050128936768,0.003024091617437079,0.9999847412109375,0.0,2,0.0226862,2.0,17431.5,145.961,0.033645,2.52005,5.50753,12.5152,20.4938,38.3101,80.7707,171.493,166.246,161.804,158.415,154.773,150.803,146.38,138.912,123.658,88.7209,56.77,35.6229,23.6211,11.3352,0.365822,133.614,133.62,133.796,133.796
5.757993221282959,0.005510075215895971,0.9999847412109375,0.0,2,0.0225873,2.0,18350.9,146.872,0.0295659,2.53446,5.53603,12.5774,20.5912,38.4742,81.0271,170.549,165.33,160.91,157.54,153.921,149.98,145.596,138.222,123.539,88.5979,56.6693,35.5505,23.5695,11.3085,0.362474,134.454,134.435,140.402,140.402
5.782320976257324,0.006474071549959481,0.49999237060546875,0.0,2,0.0222895,2.0,18867.1,147.988,0.015492,2.54858,5.5634,12.6317,20.6668,38.5615,80.943,169.674,164.478,160.084,156.738,153.148,149.245,144.911,137.66,123.791,88.665,56.6456,35.5078,23.5305,11.2839,0.359123,135.429,135.369,144.419,144.419
5.802377462387085,0.006442087690550834,0.9999847412109375,0.0,2,0.0218154,2.0,17748.9,148.986,-0.0195523,2.56397,5.58964,12.6788,20.7228,38.5801,80.5621,168.86,163.682,159.315,155.997,152.442,148.583,144.309,137.203,124.288,88.9033,56.6911,35.4918,23.5028,11.2612,0.355781,136.449,136.352,136.219,136.219
5.825775623321533,0.006413148386897519,0.9999847412109375,0.0,2,0.0212827,2.0,18671.6,149.889,-0.0545057,2.58234,5.61532,12.7229,20.7713,38.5749,80.089,168.06,162.9,158.56,155.272,151.753,147.939,143.727,136.767,124.642,89.2028,56.7608,35.4852,23.4791,11.2394,0.352461,137.271,137.159,142.865,142.865
5.8478899002075195,0.00637725467693992,0.49999237060546875,0.0,2,0.0206694,2.0,19145.0,151.009,-0.0987753,2.59964,5.64034,12.7634,20.8101,38.5381,79.4936,167.283,162.138,157.825,154.568,151.087,147.321,143.173,136.363,124.926,89.5865,56.8637,35.4912,23.4609,11.2185,0.34916,138.233,138.104,146.577,146.577
5.869313955307007,0.006346007920503617,0.9999847412109375,0.0,2,0.0200061,2.0,18048.6,151.984,-0.137262,2.61556,5.66476,12.8011,20.8423,38.4811,78.8298,166.516,161.386,157.099,153.874,150.431,146.714,142.631,135.969,125.127,90.0276,56.9888,35.5057,23.4464,11.1985,0.345891,139.235,139.095,138.49,138.49
5.890655755996704,0.006317709575956688,0.9999847412109375,0.0,2,0.0193957,2.0,18987.4,152.867,-0.157552,2.63346,5.68897,12.8396,20.8782,38.4412,78.2587,165.723,160.608,156.347,153.152,149.745,146.074,142.051,135.525,125.167,90.4255,57.0962,35.5138,23.4294,11.1783,0.342678,140.019,139.889,145.296,145.296
5.916126251220703,0.006281976105775683,0.49999237060546875,0.0,2,0.0187274,2.0,19401.4,153.982,-0.190168,2.64951,5.71239,12.8748,20.9061,38.3776,77.6075,164.942,159.843,155.606,152.442,149.073,145.448,141.487,135.096,125.183,90.8916,57.23,35.5321,23.4169,11.1591,0.339513,140.972,140.83,148.559,148.559
5.935919284820557,0.00529181842615207,0.9999847412109375,0.0,2,0.0180252,2.0,18349.2,154.918,-0.21461,2.66282,5.73507,12.9073,20.9283,38.2991,76.9163,164.167,159.082,154.868,151.735,148.404,144.826,140.926,134.668,125.156,91.4038,57.3814,35.5572,23.4076,11.1408,0.336407,141.957,141.808,140.765,140.765
5.95728063583374,0.00526846283381184,0.9999847412109375,0.0,2,0.0174372,2.0,19284.2,155.779,-0.220718,2.67799,5.75774,12.9428,20.9602,38.2587,76.4008,163.341,158.274,154.083,150.979,147.682,144.146,140.301,134.159,124.975,91.8096,57.4908,35.567,23.3923,11.1219,0.333378,142.702,142.575,147.59,147.59
5.981279373168945,0.0043673112669369825,0.9999847412109375,0.0,2,0.0168292,2.0,19485.4,156.879,-0.237762,2.69166,5.77973,12.9761,20.9879,38.2079,75.8609,162.515,157.466,153.296,150.221,146.959,143.465,139.675,133.646,124.766,92.2466,57.6122,35.5816,23.3793,11.1036,0.330412,143.635,143.506,148.462,148.46
6.002325773239136,0.004342865124469002,0.9999847412109375,0.0,3,0.0162237,2.0,19577.9,157.96,-0.256315,2.70627,5.80119,13.0082,21.0138,38.1554,75.3303,161.68,156.648,152.5,149.453,146.225,142.773,139.035,133.116,124.513,92.6911,57.7362,35.5974,23.3671,11.0859,0.327504,144.631,144.502,149.843,149.843
6.022633790969849,0.0043298618571988,0.9999847412109375,0.0,3,0.0157113,3.0,15459.7,158.535,-0.244344,2.7242,5.82257,13.0426,21.0472,38.1325,74.932,160.803,155.792,151.664,148.645,145.448,142.034,138.345,132.523,124.159,93.046,57.8257,35.6009,23.3502,11.0677,0.324669,145.492,145.382,140.183,140.09
6.046931266784668,0.0043342942752596,0.9999847412109375,0.0,3,0.0153471,3.0,15429.8,158.339,-0.204664,2.728,5.84395,13.0808,21.0933,38.1569,74.7329,159.87,154.883,150.778,147.782,144.613,141.233,137.586,131.849,123.68,93.25,57.8581,35.584,23.3255,11.0487,0.321934,145.558,145.479,139.69,139.615
6.068773984909058,0.00433967649719057,0.9999847412109375,0.0,3,0.0149875,3.0,14385.9,158.101,-0.173739,2.72029,5.8645,13.1173,21.1367,38.1772,74.5319,158.936,153.974,149.891,146.919,143.777,140.43,136.825,131.17,123.186,93.4578,57.8932,35.5689,23.3022,11.0305,0.319298,145.375,145.299,139.139,138.879
6.089287281036377,0.00432952264153088,0.9999847412109375,0.0,3,0.0145696,3.0,15267.8,158.55,-0.164291,2.72044,5.88397,13.1497,21.171,38.1721,74.246,158.024,153.084,149.023,146.075,142.962,139.649,136.086,130.516,122.717,93.7378,57.9566,35.5652,23.284,11.0137,0.316744,145.424,145.337,147.373,147.373
6.109334468841553,0.0051690727172791955,0.9999847412109375,0.0,3,0.0141018,3.0,15464.9,159.443,-0.171345,2.73628,5.90262,13.179,21.1981,38.1464,73.8923,157.123,152.205,148.165,145.242,142.158,138.881,135.362,129.877,122.261,94.0803,58.0441,35.5708,23.27,10.9978,0.314248,146.115,146.016,149.362,149.362
6.134493827819824,0.005142814629723628,0.9999847412109375,0.0,3,0.0135742,3.0,15550.8,160.411,-0.181448,2.75807,5.92043,13.2047,21.2171,38.097,73.4605,156.237,151.34,147.319,144.422,141.368,138.127,134.653,129.255,121.821,94.4983,58.16,35.5873,23.2609,10.983,0.311806,146.957,146.846,150.224,150.224
6.155677080154419,0.005115851262956857,0.9999847412109375,0.0,3,0.0130159,3.0,15597.1,161.405,-0.194578,2.78454,5.93745,13.2278,21.2305,38.0337,72.9901,155.354,150.477,146.476,143.604,140.582,137.377,133.948,128.637,121.38,94.9616,58.293,35.6106,23.2549,10.9691,0.309432,147.84,147.722,150.678,150.678
6.178312301635742,0.005088969274560611,0.9999847412109375,0.0,3,0.0124741,3.0,15646.2,162.396,-0.202526,2.80991,5.95399,13.2503,21.2436,37.9731,72.5428,154.457,149.602,145.619,142.774,139.781,136.612,133.227,127.999,120.908,95.417,58.423,35.6331,23.249,10.9555,0.307123,148.731,148.616,151.146,151.146
6.201440811157227,0.005062521304140488,0.9999847412109375,0.0,3,0.0119631,3.0,15715.6,163.371,-0.204227,2.82941,5.97012,13.2726,21.2579,37.92,72.1353,153.542,148.709,144.745,141.924,138.961,135.827,132.484,127.336,120.399,95.8473,58.5437,35.6528,23.2423,10.9422,0.304882,149.62,149.511,151.807,151.807
6.2207417488098145,0.005036453099449475,0.9999847412109375,0.0,3,0.0114742,3.0,15804.3,164.332,-0.202499,2.84084,5.98573,13.2944,21.2722,37.8709,71.7544,152.611,147.801,143.856,141.061,138.126,135.026,131.724,126.652,119.862,96.2623,58.659,35.6711,23.2354,10.9292,0.302715,150.505,150.4,152.656,152.656
6.24292254447937,0.005010683282117049,0.9999847412109375,0.0,3,0.0109893,3.0,15905.5,165.282,-0.200729,2.84691,6.00075,13.3149,21.2847,37.8198,71.3776,151.672,146.885,142.96,140.188,137.282,134.215,130.954,125.957,119.306,96.6829,58.7766,35.6908,23.2296,10.9168,0.300619,151.389,151.286,153.63,153.63
6.267127275466919,0.004984967717031638,0.9999847412109375,0.0,3,0.0104911,3.0,16010.2,166.23,-0.201552,2.85063,6.01506,13.3334,21.2936,37.7607,70.9837,150.729,145.966,142.06,139.313,136.435,133.401,130.18,125.257,118.742,97.1299,58.9041,35.7146,23.2259,10.9051,0.298595,152.271,152.165,154.643,154.643
6.288246154785156,0.004959170773575702,0.9999847412109375,0.0,3,0.00997347,3.0,16107.8,167.181,-0.205333,2.85706,6.02858,13.3497,21.2981,37.6917,70.5659,149.787,145.046,141.16,138.436,135.587,132.587,129.406,124.557,118.174,97.6121,59.0448,35.7438,23.2248,10.8943,0.296646,153.152,153.042,155.59,155.59
6.310791254043579,0.004933211073378722,0.9999847412109375,0.0,3,0.00943923,3.0,16197.3,168.138,-0.210932,2.86791,6.04135,13.3638,21.2985,37.6138,70.1286,148.842,144.125,140.258,137.557,134.736,131.77,128.629,123.852,117.598,98.1266,59.1974,35.7778,23.2261,10.8842,0.294772,154.034,153.92,156.457,156.457
6.331780195236206,0.004907197120934725,0.9999847412109375,0.0,3,0.00889455,3.0,16282.4,169.097,-0.217025,2.88138,6.05339,13.3761,21.2956,37.5291,69.6795,147.894,143.199,139.352,136.674,133.882,130.949,127.847,123.142,117.012,98.6671,59.3595,35.8159,23.2295,10.875,0.292974,154.915,154.8,157.281,157.281
6.353254079818726,0.00488115604236722,0.9999847412109375,0.0,3,0.00834584,3.0,16363.5,170.057,-0.222474,2.89774,6.06471,13.3866,21.2899,37.4397,69.226,146.939,142.268,138.44,135.785,133.021,130.121,127.058,122.423,116.414,99.2199,59.5284,35.857,23.2346,10.8664,0.291257,155.796,155.68,158.067,158.067
6.3749589920043945,0.004855114963799716,0.9999847412109375,0.0,3,0.00779855,3.0,16443.0,171.017,-0.226515,2.91662,6.07534,13.3956,21.2819,37.3474,68.7743,145.976,141.329,137.521,134.887,132.151,129.284,126.26,121.694,115.801,99.5907,59.7019,35.9003,23.2412,10.8584,0.28962,156.677,156.56,158.835,158.835
6.395909786224365,0.004829101011355718,0.9999847412109375,0.0,3,0.00725579,3.0,16522.8,171.976,-0.228912,2.938,6.08525,13.4032,21.2719,37.2529,68.3273,145.004,140.381,136.593,133.98,131.273,128.438,125.452,120.953,115.173,99.7665,59.8787,35.9455,23.2489,10.8512,0.288069,157.557,157.441,159.605,159.605
6.420083284378052,0.004803141311158736,0.9999847412109375,0.0,3,0.0067184,3.0,16604.4,172.933,-0.229988,2.95991,6.09445,13.4094,21.2599,37.1566,67.8855,144.023,139.424,135.656,133.065,130.385,127.581,124.633,120.2,114.528,99.8067,60.0586,35.9925,23.258,10.8446,0.286604,158.435,158.32,160.393,160.393
6.441463232040405,0.004777262989332278,0.9999847412109375,0.0,3,0.00618568,3.0,16688.2,173.887,-0.230221,2.98098,6.10295,13.4141,21.246,37.0583,67.4481,143.032,138.459,134.712,132.14,129.487,126.716,123.804,119.436,113.869,99.7451,60.2418,36.0413,23.2682,10.8386,0.285223,159.311,159.197,161.202,161.202
6.464284896850586,0.004751438919752837,0.9999847412109375,0.0,3,0.00565617,3.0,16772.9,174.839,-0.230054,3.00128,6.11067,13.4172,21.2297,36.9571,67.0127,142.033,137.485,133.759,131.207,128.582,125.841,122.966,118.661,113.196,99.6044,60.4293,36.0925,23.28,10.8335,0.283936,160.185,160.072,162.02,162.02
6.486346244812012,0.004725696228543918,0.9999847412109375,0.0,3,0.00512822,3.0,16858.2,175.788,-0.229881,3.0196,6.11764,13.4187,21.2111,36.8528,66.5779,141.025,136.503,132.799,130.266,127.668,124.959,122.119,117.876,112.51,99.3994,60.6219,36.1461,23.2933,10.829,0.282736,161.058,160.946,162.843,162.843
6.506459712982178,0.004699980663458506,0.9999847412109375,0.0,3,0.0046005,3.0,16943.2,176.736,-0.229913,3.03602,6.12383,13.4185,21.1899,36.7448,66.1419,140.01,135.515,131.831,129.318,126.747,124.068,121.265,117.083,111.813,99.1409,60.8203,36.2026,23.3084,10.8253,0.281627,161.929,161.817,163.666,163.666
6.530505418777466,0.004674346476743619,0.9999847412109375,0.0,3,0.00407223,3.0,17027.7,177.681,-0.230199,3.05124,6.12929,13.4168,21.1663,36.6333,65.7047,138.988,134.518,130.857,128.362,125.818,123.17,120.401,116.28,111.104,98.8362,61.0246,36.2618,23.325,10.8223,0.280604,162.798,162.686,164.481,164.481
6.551909446716309,0.004648766542275747,0.9999847412109375,0.0,3,0.00354333,3.0,17111.4,178.624,-0.230654,3.06626,6.13391,13.4132,21.1399,36.5177,65.265,137.958,133.515,129.876,127.4,124.882,122.264,119.531,115.468,110.384,98.4914,61.2357,36.3242,23.3435,10.8202,0.279677,163.667,163.554,165.291,165.291
6.571285724639893,0.00462324086005489,0.9999847412109375,0.0,3,0.0030133,3.0,17194.1,179.565,-0.231218,3.08251,6.13775,13.4079,21.1109,36.3983,64.823,136.921,132.505,128.889,126.43,123.939,121.351,118.652,114.648,109.653,98.1106,61.4534,36.3896,23.3638,10.8188,0.278842,164.533,164.42,166.09,166.09
6.594847679138184,0.0045977423039575424,0.9999847412109375,0.0,3,0.00248317,3.0,17275.9,180.505,-0.23178,3.0988,6.1408,13.4008,21.0792,36.2751,64.3797,135.877,131.488,127.894,125.453,122.989,120.431,117.766,113.82,108.911,97.697,61.6775,36.4581,23.3859,10.8182,0.278098,165.396,165.283,166.881,166.881
6.618988990783691,0.004572298000107209,0.9999847412109375,0.0,3,0.00195414,3.0,17355.8,181.443,-0.232064,3.11685,6.14308,13.3922,21.0452,36.1489,63.9361,134.824,130.463,126.892,124.469,122.03,119.502,116.871,112.981,108.158,97.2526,61.9075,36.5293,23.4097,10.8184,0.277447,166.258,166.145,167.654,167.654
6.641756296157837,0.0045469350746274,0.9999847412109375,0.0,3,0.00142735,3.0,17436.4,182.378,-0.231933,3.13581,6.14454,13.3819,21.0088,36.0195,63.4931,133.763,129.431,125.883,123.476,121.064,118.565,115.968,112.134,107.394,96.7796,62.143,36.6033,23.4352,10.8194,0.276893,167.118,167.006,168.432,168.432
6.661294460296631,0.004521653527518113,0.9999847412109375,0.0,3,0.000902444,3.0,17518.1,183.31,-0.2316,3.15442,6.14519,13.3698,20.9699,35.887,63.05,132.694,128.39,124.866,122.476,120.09,117.62,115.056,111.277,106.619,96.2804,62.3844,36.6802,23.4624,10.8212,0.276436,167.975,167.863,169.221,169.221
6.682332515716553,0.004496453358779351,0.9999847412109375,0.0,3,0.000378549,3.0,17600.4,184.239,-0.231285,3.17208,6.14503,13.3561,20.9286,35.7512,62.6062,131.617,127.342,123.842,121.468,119.108,116.667,114.136,110.412,105.833,95.7569,62.632,36.76,23.4914,10.8238,0.276076,168.83,168.718,170.016,170.016
6.7043890953063965,0.004471334568411112,0.9999847412109375,0.0,3,-0.000109822,3.0,17682.7,185.165,-0.232199,3.18922,6.14428,13.3421,20.8882,35.6222,62.1925,130.522,126.276,122.801,120.444,118.109,115.697,113.198,109.526,105.024,95.1959,62.8683,36.8369,23.5198,10.8268,0.27581,169.679,169.574,170.811,170.811
6.728492975234985,0.004446297156413396,0.9999847412109375,0.0,3,-0.000556245,3.0,17764.6,186.088,-0.225988,3.20815,6.14301,13.328,20.8494,35.5018,61.8133,129.405,125.191,121.741,119.402,117.092,114.708,112.24,108.62,104.193,94.5975,63.0893,36.9094,23.5472,10.8302,0.275637,170.525,170.429,171.603,171.603
6.747957468032837,0.0044212868705391884,0.9999847412109375,0.0,3,-0.000984237,3.0,17845.9,187.01,-0.218129,3.22608,6.14109,13.313,20.81,35.3831,61.4473,128.276,124.093,120.67,118.349,116.063,113.706,111.27,107.701,103.346,93.9734,63.3069,36.9817,23.575,10.8341,0.275553,171.371,171.279,172.389,172.389
6.771880388259888,0.004396303710788489,0.9999847412109375,0.0,3,-0.00140373,3.0,17924.7,187.931,-0.210631,3.2452,6.13846,13.2967,20.769,35.2632,61.0854,127.137,122.987,119.59,117.287,115.025,112.696,110.29,106.772,102.488,93.3293,63.5261,37.0554,23.604,10.8387,0.275561,172.215,172.126,173.151,173.151
6.793981313705444,0.004371401929408312,0.9999847412109375,0.0,3,-0.00181837,3.0,18003.9,188.849,-0.204013,3.26547,6.13511,13.279,20.7261,35.1413,60.7243,125.989,121.871,118.502,116.217,113.979,111.677,109.302,105.833,101.62,92.6674,63.7487,37.1311,23.6343,10.844,0.275657,173.059,172.971,173.916,173.916
6.8148627281188965,0.004346608652522167,0.9999847412109375,0.0,3,-0.00223088,3.0,18084.8,189.763,-0.19862,3.28449,6.13105,13.2599,20.6811,35.0165,60.362,124.833,120.749,117.406,115.14,112.925,110.651,108.306,104.887,100.743,91.9893,63.976,37.2093,23.6662,10.8501,0.275839,173.9,173.812,174.697,174.697
6.8383824825286865,0.004321896754006545,0.9999847412109375,0.0,3,-0.00264326,3.0,18166.1,190.674,-0.194548,3.30212,6.12627,13.2393,20.6339,34.8885,59.9969,123.669,119.619,116.304,114.057,111.865,109.618,107.303,103.933,99.8572,91.2963,64.2091,37.2903,23.6998,10.8569,0.276107,174.738,174.65,175.482,175.482
6.858031988143921,0.004297239107737938,0.9999847412109375,0.0,3,-0.00305654,3.0,18247.4,191.583,-0.191633,3.3193,6.12077,13.2171,20.5843,34.7571,59.6282,122.499,118.482,115.195,112.967,110.798,108.578,106.294,102.972,98.9633,90.5892,64.4486,37.3742,23.7351,10.8644,0.276459,175.575,175.487,176.268,176.268
6.879544019699097,0.004272662839839856,0.9999847412109375,0.0,3,-0.00347254,3.0,18328.1,192.489,-0.189779,3.33896,6.11451,13.1933,20.5322,34.6215,59.2542,121.322,117.34,114.081,111.872,109.726,107.533,105.278,102.004,98.0619,89.8695,64.6958,37.4615,23.7723,10.8727,0.276901,176.411,176.322,177.048,177.048
6.903438329696655,0.0042481408241887885,0.9999847412109375,0.0,3,-0.00389045,3.0,18408.2,193.393,-0.188824,3.35718,6.1075,13.1678,20.4776,34.4821,58.8757,120.139,116.19,112.96,110.77,108.646,106.481,104.256,101.029,97.1528,89.1369,64.9502,37.5522,23.8114,10.8818,0.277429,177.242,177.153,177.822,177.822
6.924874544143677,0.005820158411748707,0.9999847412109375,0.0,3,-0.00430845,3.0,18484.3,194.297,-0.188119,3.37806,6.0998,13.1409,20.4208,34.3396,58.4947,118.948,115.034,111.832,109.662,107.561,105.422,103.227,100.048,96.2355,88.3912,65.2107,37.6456,23.8521,10.8916,0.278041,178.072,177.983,178.559,178.559
6.9474873542785645,0.00667539599285461,0.9999847412109375,0.0,3,-0.00479873,3.0,18562.4,195.197,-0.18542,3.39989,6.09085,13.1096,20.3548,34.1741,58.054,117.771,113.891,110.716,108.565,106.486,104.374,102.209,99.0774,95.33,87.6556,65.5182,37.7555,23.8999,10.903,0.27875,178.907,178.804,179.312,179.312
6.969594478607178,0.007583608553409577,0.9999847412109375,0.0,3,-0.00541402,3.0,18642.3,196.093,-0.197692,3.41999,6.08024,13.0717,20.2744,33.9716,57.5147,116.622,112.773,109.625,107.491,105.433,103.35,101.215,98.1319,94.45,86.9452,65.904,37.892,23.9586,10.9168,0.279568,179.745,179.616,180.083,180.083
6.99126672744751,0.008543711770741891,0.9999847412109375,0.0,3,-0.00614922,3.0,18722.8,196.986,-0.220992,3.43784,6.06791,13.0274,20.18,33.7341,56.885,115.5,111.68,108.556,106.439,104.402,102.346,100.243,97.2083,93.5923,86.2559,66.3683,38.055,24.0284,10.9329,0.280506,180.579,180.425,180.861,180.861
7.01279354095459,0.009554666083604097,0.9999847412109375,0.0,3,-0.00700191,3.0,18803.2,197.876,-0.252134,3.4568,6.05378,12.9765,20.0719,33.4628,56.171,114.402,110.61,107.508,105.407,103.389,101.362,99.29,96.3048,92.7548,85.5851,66.8045,38.245,24.1094,10.9515,0.281577,181.412,181.233,181.638,181.638
7.03568172454834,0.00949889221832156,0.9999847412109375,0.0,3,-0.00797279,3.0,18881.9,198.764,-0.289459,3.47702,6.03767,12.9187,19.9495,33.1578,55.3766,113.329,109.562,106.482,104.395,102.394,100.397,98.3561,95.4205,91.9365,84.9313,67.1059,38.4636,24.2024,10.9728,0.282803,182.242,182.038,182.401,182.401
7.056982517242432,0.009443432395073276,0.9999847412109375,0.0,3,-0.00898068,3.0,18954.8,199.647,-0.332544,3.49561,6.02,12.857,19.8204,32.8407,54.5637,112.258,108.516,105.456,103.384,101.399,99.4302,97.4212,94.5345,91.1154,84.27,67.2757,38.6963,24.3016,10.9959,0.284194,183.06,182.847,183.108,183.108
7.077424049377441,0.009388286613859235,0.9999847412109375,0.0,3,-0.00996476,3.0,19021.8,200.525,-0.361252,3.51969,6.00102,12.7933,19.6897,32.5261,53.7741,111.171,107.455,104.417,102.36,100.39,98.4491,96.4711,93.6325,90.2766,83.5852,67.3215,38.9321,24.4031,11.0204,0.285761,183.867,183.657,183.755,183.755
7.102587461471558,0.010431048197206111,0.9999847412109375,0.0,3,-0.0109276,3.0,19092.4,201.39,-0.379296,3.54246,5.98069,12.7276,19.5571,32.2132,53.0041,110.07,106.38,103.365,101.323,99.368,97.4543,95.5067,92.7153,89.4213,82.8786,67.2686,39.1716,24.5071,11.0462,0.287509,184.665,184.459,184.437,184.437
7.12404727935791,0.010371035101125015,0.9999847412109375,0.0,3,-0.0119142,3.0,19164.1,202.245,-0.389743,3.56257,5.95862,12.6578,19.4182,31.8903,52.2227,108.967,105.304,102.312,100.285,98.3446,96.4561,94.5387,91.7939,88.5609,82.1629,67.1495,39.4241,24.6173,11.0741,0.289454,185.457,185.247,185.128,185.128
7.14581036567688,0.010311723912600428,0.9999847412109375,0.0,3,-0.0129378,3.0,19235.5,203.09,-0.404364,3.57955,5.93463,12.5835,19.2717,31.5542,51.4219,107.865,104.23,101.259,99.2479,97.3223,95.4574,93.5699,90.8714,87.6984,81.4417,66.9781,39.693,24.7349,11.1042,0.291607,186.242,186.025,185.818,185.818
7.16810417175293,0.010253044440876694,0.9999847412109375,0.0,3,-0.0139797,3.0,19305.9,203.926,-0.418207,3.60149,5.90883,12.5052,19.1193,31.2097,50.6145,106.761,103.152,100.204,98.2076,96.2969,94.4539,92.5962,89.9432,86.8293,80.7102,66.7557,39.9749,24.8587,11.1365,0.293971,187.02,186.799,186.499,186.499
7.188729763031006,0.01019499668595381,0.9999847412109375,0.0,3,-0.0150303,3.0,19374.9,204.753,-0.43052,3.62082,5.88125,12.4233,18.9618,30.8592,49.8067,105.65,102.068,99.1424,97.162,95.2662,93.4435,91.6152,89.0073,85.9514,79.9662,66.4855,40.2682,24.9881,11.1707,0.296549,187.785,187.562,187.167,187.167
7.209957838058472,0.01013737007556483,0.9999847412109375,0.0,3,-0.0160791,3.0,19438.7,205.574,-0.439434,3.643,5.8519,12.338,18.8001,30.5047,49.0043,104.531,100.976,98.0733,96.1087,94.2283,92.4242,90.625,88.0616,85.0627,79.2078,66.1697,40.5713,25.1224,11.207,0.299347,188.542,188.319,187.785,187.785
7.2338340282440186,0.010080375181976705,0.9999847412109375,0.0,3,-0.0171171,3.0,19504.3,206.386,-0.443941,3.66756,5.82081,12.2497,18.6347,30.1482,48.2118,103.401,99.8736,96.9944,95.0459,93.181,91.3943,89.6237,87.1042,84.1612,78.4332,65.8107,40.8824,25.2612,11.2451,0.302369,189.291,189.07,188.418,188.418
7.254499912261963,0.011137091384629408,0.9999847412109375,0.0,3,-0.0181463,3.0,19571.5,207.186,-0.445825,3.68951,5.78794,12.1583,18.4654,29.7891,47.4271,102.26,98.7615,95.9061,93.974,92.1251,90.3543,88.6123,86.1359,83.248,77.6436,65.4128,41.2022,25.4046,11.2852,0.305619,190.03,189.811,189.067,189.067
7.277787685394287,0.013471978715658186,0.9999847412109375,0.0,4,-0.0191985,3.0,19515.6,207.888,-0.441193,3.70788,5.75305,12.0624,18.2896,29.4204,46.6326,101.117,97.6476,94.8162,92.9006,91.0675,89.3122,87.5973,85.1637,82.33,76.8465,64.9877,41.5379,25.5554,11.3277,0.309106,190.728,190.504,187.843,187.816
7.298833608627319,0.014750993277284625,0.9999847412109375,0.0,4,-0.0203364,4.0,15789.2,207.919,-0.425448,3.72442,5.71569,11.96,18.1022,29.0292,45.7966,99.9911,96.5491,93.7407,91.8409,90.0232,88.2827,86.593,84.2019,81.4218,76.057,64.5531,41.9041,25.719,11.3735,0.312841,191.149,190.909,183.546,183.305
7.322277545928955,0.014785980958497775,0.9999847412109375,0.0,4,-0.021719,4.0,15757.2,207.582,-0.434548,3.72722,5.67489,11.8458,17.8911,28.5849,44.8442,98.9268,95.508,92.7191,90.8328,89.0284,87.3007,85.6335,83.2848,80.558,75.3105,64.1478,42.3376,25.9087,11.4246,0.316841,190.966,190.677,183.248,182.945
7.342564344406128,0.016171395724018413,0.9999847412109375,0.0,4,-0.0233646,4.0,15341.9,207.211,-0.485657,3.73022,5.63054,11.7195,17.6558,28.0871,43.7789,97.9281,94.5279,91.7548,89.8796,88.0861,86.3693,84.7202,82.4138,79.7399,74.6077,63.7725,42.8462,26.1271,11.4814,0.321113,190.679,190.335,182.605,182.064
7.365814447402954,0.01754151994647458,0.9999847412109375,0.0,4,-0.0251915,4.0,15855.6,207.498,-0.556212,3.74823,5.58291,11.5835,17.4029,27.5547,42.6504,96.9722,93.5873,90.8276,88.962,87.178,85.4706,83.8347,81.57,78.9483,73.9288,63.4063,43.4159,26.3688,11.5432,0.325683,190.604,190.221,188.374,188.374
7.385768890380859,0.0174644614386186,0.9999847412109375,0.0,4,-0.0271595,4.0,15904.0,208.124,-0.627829,3.77064,5.53189,11.4387,17.1351,26.996,41.483,96.0441,92.6724,89.9246,88.0674,86.2919,84.5927,82.9655,80.7411,78.1706,73.2612,63.0375,44.0419,26.6322,11.6101,0.330597,191.102,190.687,188.976,188.976
7.4097185134887695,0.017386664350815116,0.9999847412109375,0.0,4,-0.0291273,4.0,15938.6,208.756,-0.693029,3.79361,5.47804,11.2893,16.8623,26.4373,40.3398,95.1078,91.75,89.0142,87.1658,85.3988,83.7084,82.0898,79.9001,77.3797,72.5773,62.638,44.6203,26.9065,11.6804,0.335879,191.666,191.25,189.388,189.388
7.43013858795166,0.017309113456327466,0.9999847412109375,0.0,4,-0.0309689,4.0,15975.6,209.386,-0.721192,3.8169,5.42196,11.1387,16.593,25.8992,39.2676,94.132,90.7907,88.0694,86.2311,84.4743,82.7938,81.1849,79.0251,76.5535,71.8548,62.1861,45.02,27.1809,11.7529,0.341537,192.224,191.832,189.826,189.826
7.452395677566528,0.01723230114178732,0.9999847412109375,0.0,4,-0.0326967,4.0,16017.3,210.01,-0.722453,3.84092,5.36344,10.9863,16.3255,25.3772,38.2533,93.1204,89.7983,87.0934,85.2667,83.5212,81.8518,80.2539,78.1198,75.6961,71.098,61.6882,45.2783,27.4566,11.8276,0.347587,192.783,192.414,190.319,190.319
7.474194288253784,0.017155981213878842,0.9999847412109375,0.0,4,-0.0343481,4.0,16063.2,210.63,-0.711136,3.85746,5.30233,10.8311,16.0571,24.8639,37.2775,92.0825,88.7814,86.0945,84.2802,82.547,80.8897,79.3036,77.1919,74.8149,70.3151,61.154,45.4269,27.7364,11.9051,0.354023,193.342,192.99,190.863,190.863
7.4978132247924805,0.01707966128597036,0.9999847412109375,0.0,4,-0.035961,4.0,16107.6,211.25,-0.695476,3.87772,5.23846,10.6718,15.7852,24.3525,36.3235,91.0276,87.7488,85.0808,83.2797,81.5594,79.9147,78.3409,76.2484,73.9174,69.5136,60.5922,45.4894,28.0237,11.9858,0.360845,193.908,193.564,191.39,191.39
7.519157648086548,0.01700407993800938,0.9999847412109375,0.0,4,-0.0375722,4.0,16157.6,211.864,-0.683591,3.89191,5.17166,10.5075,15.5075,23.8372,35.3772,89.965,86.7089,84.0603,82.2727,80.5655,78.9337,77.3724,75.297,73.0099,68.7003,60.0106,45.4836,28.3219,12.0702,0.368049,194.476,194.134,191.982,191.982
7.540240049362183,0.016928621686706318,0.9999847412109375,0.0,4,-0.0392186,4.0,16208.3,212.477,-0.681501,3.8988,5.1018,10.3374,15.222,23.3129,34.4268,88.9033,85.6699,83.0405,81.2664,79.5723,77.9532,76.4045,74.3461,72.0987,67.8812,59.4159,45.4238,28.6347,12.1587,0.375635,195.045,194.697,192.586,192.586
7.563807487487793,0.01685316343540326,0.9999847412109375,0.0,4,-0.0409094,4.0,16256.2,213.09,-0.688135,3.90477,5.02884,10.1614,14.9284,22.7788,33.4706,87.8444,84.6334,82.023,80.2621,78.581,76.9747,75.4383,73.3969,71.1846,67.0579,58.8098,45.3172,28.9632,12.2516,0.383603,195.616,195.258,193.156,193.156
7.585282564163208,0.016777705184100194,0.9999847412109375,0.0,4,-0.0426461,4.0,16301.6,213.703,-0.699367,3.92328,4.95276,9.97928,14.6267,22.2354,32.514,86.7886,83.5996,81.008,79.2602,77.592,75.9982,74.4742,72.4495,70.2679,66.2299,58.1926,45.1687,29.3083,12.3489,0.391958,196.188,195.821,193.697,193.697
7.6079020500183105,0.01670237002945505,0.9999847412109375,0.0,4,-0.0444086,4.0,16346.5,214.315,-0.713259,3.94028,4.87366,9.79185,14.3184,21.6859,31.5734,85.7305,82.5637,79.991,78.2564,76.6011,75.02,73.5083,71.5004,69.3451,65.3942,57.5614,44.9792,29.6684,12.4503,0.400702,196.754,196.381,194.23,194.23
7.629163503646851,0.016626665584836154,0.9999847412109375,0.0,4,-0.0461677,4.0,16385.6,214.93,-0.722428,3.96818,4.79154,9.59959,14.0048,21.1337,30.6588,84.6637,81.5196,78.9664,77.2453,75.6032,74.035,72.536,70.5453,68.412,64.5467,56.9127,44.7486,30.0411,12.5558,0.409852,197.317,196.944,194.697,194.697
7.650784254074097,0.016551453526848926,0.9999847412109375,0.0,4,-0.0479036,4.0,16429.3,215.541,-0.724961,3.99743,4.70652,9.40304,13.6872,20.5813,29.7793,83.5833,80.463,77.9298,76.2227,74.5943,73.0396,71.5537,69.5808,67.4672,63.6847,56.2442,44.4777,30.4011,12.6651,0.419408,197.876,197.508,195.214,195.214
7.674221754074097,0.016476733855493367,0.9999847412109375,0.0,4,-0.0496228,4.0,16474.5,216.148,-0.72455,4.02242,4.61855,9.20204,13.365,20.0277,28.9369,82.4907,79.3951,76.8828,75.1902,73.576,72.0351,70.5626,68.6081,66.5145,62.8094,55.5576,44.1702,30.6778,12.7782,0.42937,198.433,198.068,195.751,195.751
7.694889307022095,0.020664558812677862,0.9999847412109375,0.0,4,-0.0512947,4.0,16520.4,216.754,-0.724508,4.04187,4.52779,8.99734,13.04,19.4762,28.1466,81.379,78.3095,75.8193,74.1419,72.5427,71.0163,69.5578,67.6224,65.5498,61.917,54.8495,43.8253,30.8741,12.8947,0.439737,198.985,198.63,196.296,196.296
7.717645883560181,0.030525742745026944,0.9999847412109375,0.0,4,-0.0531424,4.0,16566.5,217.358,-0.714472,4.0692,4.4332,8.78376,12.7009,18.9018,27.3439,80.2996,77.2535,74.7833,73.1199,71.5343,70.0211,68.5758,66.6581,64.6051,61.0383,54.1499,43.4714,31.0193,13.018,0.450529,199.559,199.168,196.843,196.843
7.73818039894104,0.0512355363878111,0.9999847412109375,0.0,4,-0.0556329,4.0,16612.5,217.959,-0.747953,4.08988,4.33249,8.55086,12.3259,18.2571,26.3781,79.3577,76.3243,73.8655,72.2104,70.6332,69.1285,67.6917,65.7858,63.7463,60.2338,53.5166,43.1612,31.1594,13.1557,0.46181,200.169,199.648,197.39,197.39
7.760223865509033,0.06340170012996532,0.9999847412109375,0.0,4,-0.0594418,4.0,16654.0,218.557,-0.867552,4.11784,4.22223,8.28426,11.8864,17.4825,25.0517,78.7073,75.663,73.1973,71.5387,69.9587,68.4521,67.0141,65.1075,63.0684,59.5861,53.028,42.9641,31.3518,13.3198,0.473724,200.831,200.043,197.884,197.884
7.78225302696228,0.06574811385045448,0.9999847412109375,0.0,4,-0.064752,4.0,16701.5,219.144,-1.15728,4.14499,4.1008,7.98114,11.3797,16.5803,23.4053,78.3976,75.3142,72.8199,71.1433,69.5475,68.0267,66.576,64.6539,62.5999,59.1101,52.6969,42.8913,31.6088,13.5159,0.486457,201.509,200.413,198.446,198.446
7.804920673370361,0.0654571974391366,0.9999847412109375,0.0,4,-0.0710432,4.0,16750.7,219.723,-1.55127,4.16579,3.96958,7.65339,10.8341,15.6189,21.6821,78.3221,75.1794,72.6407,70.9361,69.3148,67.7711,66.2995,64.3515,62.2719,58.7436,52.4527,42.8805,31.8872,13.7391,0.500153,202.14,200.83,199.031,199.031
7.826594114303589,0.0651682908130437,0.9999847412109375,0.0,4,-0.0776942,4.0,16799.4,220.298,-1.93908,4.17922,3.83014,7.31295,10.2765,14.6589,20.0431,78.3483,75.1361,72.5453,70.8078,69.1567,67.5858,66.0897,64.111,62.0009,58.4263,52.2199,42.8662,32.1404,13.9821,0.51494,202.706,201.307,199.611,199.611
7.8497819900512695,0.06488139397217582,0.9999847412109375,0.0,4,-0.084416,4.0,16846.0,220.869,-2.25117,4.20234,3.68287,6.96429,9.71703,13.721,18.518,78.4136,75.1269,72.4803,70.7074,69.0244,67.4246,65.9022,63.8907,61.7481,58.1242,51.9659,42.8215,32.3503,14.2418,0.530919,203.239,201.816,200.165,200.165
7.870112895965576,0.062012528425315384,0.9999847412109375,0.0,4,-0.0910953,4.0,16890.6,221.437,-2.49219,4.2205,3.52763,6.60843,9.15778,12.8085,17.0971,23.8381,75.1291,72.4243,70.6148,68.8987,67.269,65.7195,63.6743,61.4983,57.824,51.6799,42.7378,32.5127,14.5175,0.548169,203.75,202.332,200.696,200.696
7.89291787147522,0.05921666646798451,0.9999847412109375,0.0,4,-0.0975278,4.0,16927.5,222.01,-2.65238,4.24925,3.36459,6.24742,8.60275,11.9277,15.782,20.7162,75.0965,72.3349,70.4898,68.7415,67.0828,65.5072,63.4296,61.2217,57.4995,51.3419,42.5989,32.6168,14.8064,0.566752,204.248,202.877,201.137,201.137
7.914187669754028,0.05895433464606603,0.9999847412109375,0.0,4,-0.103544,4.0,16968.5,222.577,-2.71784,4.27716,3.194,5.88263,8.05408,11.0803,14.5688,18.6545,74.9868,72.173,70.2952,68.5178,66.833,65.2339,63.1275,60.8914,57.1277,50.9369,42.3927,32.6547,15.1058,0.586694,204.73,203.442,201.623,201.623
7.937909126281738,0.05869246549050013,0.9999847412109375,0.0,4,-0.109254,4.0,17010.6,223.143,-2.71251,4.29841,3.01547,5.51185,7.50667,10.2545,13.4286,16.9459,74.822,71.9591,70.051,68.2464,66.5375,64.9169,62.784,60.5226,56.7219,50.4869,42.1328,32.6378,15.402,0.607994,205.215,203.993,202.124,202.124
7.957932472229004,0.058431521667639416,0.9999847412109375,0.0,4,-0.114834,4.0,17053.2,223.707,-2.68458,4.31397,2.82853,5.13262,6.95522,9.43837,12.3355,15.4119,74.6429,71.731,69.7927,67.9614,66.2286,64.5868,62.4281,60.1419,56.3056,50.0282,41.8373,32.5807,15.6685,0.630655,205.718,204.528,202.63,202.63
7.980395078659058,0.05817150317748387,0.9999847412109375,0.0,4,-0.120413,4.0,17095.5,224.269,-2.66114,4.33871,2.63298,4.74362,6.39684,8.62988,11.2754,13.9811,17.4673,71.5183,69.5483,67.6889,65.9312,64.2672,62.0817,59.7697,55.8963,49.5749,41.5188,32.4939,15.9078,0.654674,206.24,205.054,203.132,203.132
8.001370191574097,0.05791194735368093,0.9999847412109375,0.0,4,-0.12601,4.0,17137.0,224.83,-2.65078,4.3567,2.42893,4.34511,5.83165,7.84044,10.2466,12.6313,15.2802,71.3258,69.3223,67.4333,65.6493,63.962,61.7481,59.4089,55.4966,49.1289,41.1791,32.3795,16.1209,0.680043,206.757,205.569,203.627,203.627
8.02339220046997,0.05765054086446762,0.9999847412109375,0.0,4,-0.13157,4.0,17171.3,225.395,-2.63223,4.38798,2.21653,3.93779,5.26074,7.07312,9.25193,11.3562,13.4955,71.1413,69.1032,67.1835,65.3725,63.6612,61.4182,59.0512,55.0991,48.6848,40.8146,32.2353,16.3075,0.706768,207.27,206.089,204.035,204.035
8.048255443572998,0.05739191037336985,0.9999847412109375,0.0,4,-0.137053,4.0,17211.8,225.954,-2.60416,4.41601,1.99587,3.52201,4.69001,6.32932,8.29228,10.1486,11.9246,70.9565,68.8829,66.9321,65.0936,63.358,61.0857,58.6908,54.699,48.2385,40.4233,32.0604,16.4677,0.734854,207.778,206.611,204.515,204.515
8.068204879760742,0.05713466788132986,0.9999847412109375,0.0,4,-0.142476,4.0,17253.7,226.51,-2.58013,4.43649,1.76707,3.09884,4.13781,5.60948,7.3662,8.99893,10.4928,13.3785,68.6647,66.682,64.8154,63.0551,60.753,58.3298,54.298,47.7917,40.0071,31.8569,16.6024,0.764288,208.285,207.132,205.013,205.013
8.090564966201782,0.056879276054700216,0.9999847412109375,0.0,4,-0.147919,4.0,17296.1,227.062,-2.54034,4.49547,1.53009,2.68662,3.60566,4.91268,6.46962,7.89584,9.15526,11.2087,68.4682,66.4517,64.5554,62.7689,60.4352,57.9822,53.9082,47.3534,39.5729,31.6304,16.7136,0.79507,208.818,207.656,205.516,205.516
8.111801385879517,0.056627122892538705,0.9999847412109375,0.0,4,-0.150951,4.0,17336.5,227.607,-2.57369,4.67723,1.29189,2.28939,3.08728,4.22523,5.57535,6.79061,7.82548,9.33474,12.7051,66.4069,64.4692,62.646,60.2676,57.7715,53.635,47.0029,39.1747,31.4215,16.8144,0.827193,209.423,208.119,205.997,205.997
8.134299516677856,0.05637080573320389,0.9999847412109375,0.0,4,-0.140562,4.0,17360.7,228.161,-2.69229,4.85469,1.06789,1.91037,2.58862,3.55877,4.70483,5.71906,6.55568,7.68738,9.15283,66.4778,64.4907,62.6237,60.1918,57.6441,53.4319,46.7047,38.8048,31.2096,16.8995,0.858184,209.955,208.574,206.335,206.335
8.15729570388794,0.05610477258046468,0.9999847412109375,0.0,4,-0.129702,4.0,17354.7,228.736,-2.59632,5.30001,0.859139,1.553,2.11619,2.92568,3.88102,4.71637,5.3897,6.25878,7.24518,9.85255,64.4611,62.5523,60.0698,57.4734,53.191,46.3776,38.4165,30.9558,16.9573,0.886789,210.474,209.165,206.218,206.218
8.179370403289795,0.055857708748181654,0.9999847412109375,0.0,4,-0.118591,4.0,17396.4,229.27,-2.48905,5.73503,0.665157,1.21584,1.66709,2.31988,3.09086,3.75917,4.2879,4.94749,5.64203,6.82244,64.4268,62.4758,59.942,57.297,52.9446,46.0462,38.0266,30.6742,16.9925,0.913062,210.951,209.677,206.705,206.705
8.201575756072998,0.05559954092343648,0.9999847412109375,0.0,4,-0.107064,4.0,17407.7,229.828,-2.35846,6.18106,0.487175,0.901443,1.2448,1.74577,2.33986,2.85187,3.25155,3.73793,4.22642,4.95847,6.55153,62.355,59.7732,57.0823,52.6651,45.6902,37.6216,30.3563,17.0025,0.936876,211.409,210.199,206.85,206.85
8.223276853561401,0.05551996231079102,0.9999847412109375,0.0,4,-0.0951095,4.0,17458.2,230.352,-2.17399,6.65533,0.325718,0.610794,0.850254,1.20355,1.62538,1.98821,2.26874,2.60371,2.92926,3.38452,4.1237,62.184,59.5574,56.8247,52.3489,45.3072,37.2005,30.0033,16.9876,0.958187,211.876,210.738,207.431,207.431
8.244349956512451,0.05551996231079102,0.9999847412109375,0.0,4,-0.083158,4.0,17526.8,230.861,-2.12961,6.94153,0.181828,0.345787,0.485592,0.694477,0.946057,1.16236,1.32823,1.52321,1.70762,1.95367,2.3082,2.9118,59.3792,56.6006,52.0605,44.9449,36.7941,29.6361,16.9543,0.976879,212.348,211.195,208.266,208.266
8.265757322311401,0.05551996231079102,0.9999847412109375,0.0,4,-0.0710871,4.0,17561.9,231.399,-2.11145,7.20969,0.0569763,0.10998,0.155956,0.225687,0.310612,0.383902,0.439681,0.504467,0.564465,0.641769,0.745737,0.895357,1.28787,56.3861,51.7793,44.5878,36.3922,29.2481,16.9004,0.992827,212.824,211.682,208.66,208.66
8.289083003997803,0.05551996231079102,0.9999847412109375,0.0,4,-0.0589347,4.0,17630.3,231.909,-2.15934,7.3109,-1.0,-1.0,-1.0,-1.0,-1.0,-1.0,-1.0,-1.0,-1.0,-1.0,-1.0,-1.0,-1.0,-1.0,-1.0,-1.0,-1.0,-1.0,-1.0,1.00595,213.285,212.144,209.476,209.476
8.311848878860474,0.05551996231079102,0.9999847412109375,0.0,4,-0.0467916,4.0,17678.0,232.435,-2.25892,7.32045,-1.0,-1.0,-1.0,-1.0,-1.0,-1.0,-1.0,-1.0,-1.0,-1.0,-1.0,-1.0,-1.0,-1.0,-1.0,-1.0,-1.0,-1.0,-1.0,1.01613,213.754,212.598,210.051,210.051
8.332036972045898,0.05551996231079102,0.9999847412109375,0.0,4,-0.0343867,4.0,17729.7,232.959,-2.34515,7.24342,-1.0,-1.0,-1.0,-1.0,-1.0,-1.0,-1.0,-1.0,-1.0,-1.0,-1.0,-1.0,-1.0,-1.0,-1.0,-1.0,-1.0,-1.0,-1.0,1.02334,214.199,213.078,210.665,210.665
8.355736255645752,0.05551996231079102,0.9999847412109375,0.0,4,-0.021769,4.0,17781.6,233.482,-2.39977,7.12174,-1.0,-1.0,-1.0,-1.0,-1.0,-1.0,-1.0,-1.0,-1.0,-1.0,-1.0,-1.0,-1.0,-1.0,-1.0,-1.0,-1.0,-1.0,-1.0,1.02754,214.657,213.57,211.256,211.256
8.375860691070557,0.05551996231079102,0.9999847412109375,0.0,4,-0.00910875,4.0,17841.9,233.998,-2.50843,6.86726,-1.0,-1.0,-1.0,-1.0,-1.0,-1.0,-1.0,-1.0,-1.0,-1.0,-1.0,-1.0,-1.0,-1.0,-1.0,-1.0,-1.0,-1.0,-1.0,1.02866,215.105,214.02,212.007,212.007
8.399264335632324,0.05551996231079102,0.9999847412109375,0.0,4,0.0038752,4.0,17871.1,234.54,-2.54386,6.63018,-1.0,-1.0,-1.0,-1.0,-1.0,-1.0,-1.0,-1.0,-1.0,-1.0,-1.0,-1.0,-1.0,-1.0,-1.0,-1.0,-1.0,-1.0,-1.0,1.02666,215.559,214.524,212.357,212.357
8.419481754302979,0.05551996231079102,0.9999847412109375,0.0,4,0.0168768,4.0,17967.2,235.026,-2.60381,6.28396,-1.0,-1.0,-1.0,-1.0,-1.0,-1.0,-1.0,-1.0,-1.0,-1.0,-1.0,-1.0,-1.0,-1.0,-1.0,-1.0,-1.0,-1.0,-1.0,1.02149,216.033,215.0,213.479,213.479
8.442654609680176,0.05551996231079102,0.9999847412109375,0.0,4,0.0299522,4.0,17986.0,235.579,-2.70965,5.86705,-1.0,-1.0,-1.0,-1.0,-1.0,-1.0,-1.0,-1.0,-1.0,-1.0,-1.0,-1.0,-1.0,-1.0,-1.0,-1.0,-1.0,-1.0,-1.0,1.01312,216.47,215.446,213.734,213.734
8.465819597244263,0.05551996231079102,0.9999847412109375,0.0,4,0.0433329,4.0,18051.6,236.095,-2.68981,5.5034,-1.0,-1.0,-1.0,-1.0,-1.0,-1.0,-1.0,-1.0,-1.0,-1.0,-1.0,-1.0,-1.0,-1.0,-1.0,-1.0,-1.0,-1.0,-1.0,1.00153,216.957,215.99,214.355,214.355
8.486905813217163,0.05551996231079102,0.9999847412109375,0.0,4,0.0563858,4.0,18128.1,236.597,-2.8804,4.87239,0.120358,0.296682,0.537022,1.40442,104.474,86.0407,78.6603,73.1792,69.7158,66.5702,63.7008,61.073,57.7456,54.37,49.0231,41.0386,32.4377,25.3365,15.2334,0.986646,217.388,216.37,215.43,215.43
8.50942325592041,0.05551996231079102,0.9999847412109375,0.0,4,0.0699423,4.0,18116.7,237.175,-2.89104,4.39314,0.289165,0.744503,1.45473,191.24,105.856,86.6048,78.967,73.3208,69.7641,66.5413,63.6078,60.9265,57.5382,54.1091,48.6938,40.6447,32.0242,24.9449,14.9562,0.968436,217.846,216.893,215.292,215.292
8.530003547668457,0.050943209230899816,0.9999847412109375,0.0,4,0.0832978,4.0,18281.0,237.609,-2.99916,3.67711,0.494534,1.33845,2.95641,197.01,107.578,87.366,79.4284,73.59,69.9249,66.6125,63.6043,60.8605,57.4012,53.9092,48.4128,40.284,31.6318,24.5674,14.6643,0.946917,218.325,217.352,217.207,217.207
8.551343441009521,0.046563297510147095,0.9999847412109375,0.0,4,0.0969712,4.0,18260.5,238.203,-3.12507,2.95057,0.740429,2.12921,6.45121,198.583,109.155,87.9976,79.7729,73.753,69.9869,66.5915,63.515,60.7146,57.1917,53.6442,48.0784,39.8863,31.2182,24.1794,14.3668,0.921936,218.727,217.794,217.019,217.019
8.576189517974854,0.04238022714853287,0.9999847412109375,0.0,4,0.111319,4.0,18369.2,238.691,-3.01588,2.28485,1.02985,3.20068,13.6756,198.968,110.178,88.2437,79.7932,73.6349,69.7937,66.3381,63.2132,60.3739,56.8088,53.2265,47.6216,39.4061,30.7571,23.7666,14.0671,0.893534,219.228,218.438,218.11,218.11
8.597317457199097,0.03839399814605713,0.9999847412109375,0.0,4,0.125505,4.0,18440.6,239.212,-3.17282,1.28568,1.36633,4.66584,19.4006,199.164,111.452,88.6242,79.9161,73.5998,69.6728,66.1484,62.968,60.0838,56.4698,52.8467,47.1945,38.9464,30.3095,23.3633,13.7727,0.861605,219.599,218.788,219.172,219.172
8.618139743804932,0.03839399814605713,0.9999847412109375,0.0,4,0.140795,4.0,18374.3,239.851,-2.97662,0.57177,1.75711,6.23255,24.7112,198.558,111.563,88.2515,79.422,73.0395,69.0804,65.5333,62.3371,59.4425,55.8209,52.196,46.5528,38.3433,29.7793,22.9153,13.471,0.826074,220.046,219.404,218.386,218.386
8.641006708145142,0.03839399814605713,0.9999847412109375,0.0,4,0.155693,4.0,18625.7,240.226,-2.91709,-0.457482,2.19365,7.71165,29.0892,198.07,112.121,88.1425,79.1376,72.6544,68.6438,65.0575,61.8318,58.9152,55.2722,51.6329,45.9809,37.7883,29.2791,22.4861,13.1765,0.786964,220.56,219.938,221.307,221.307
8.66261911392212,0.03839399814605713,0.9999847412109375,0.0,4,0.162202,4.0,18550.5,240.867,-2.93701,-1.18314,2.62499,9.0867,32.4445,197.786,113.465,88.4934,79.2166,72.5714,68.4748,64.8205,61.541,58.5816,54.8931,51.217,45.525,37.3113,28.8258,22.0849,12.8913,0.744662,221.116,220.415,220.506,220.506
8.685873031616211,0.03647469915449619,0.9999847412109375,0.0,4,0.158457,4.0,18525.8,241.459,-2.87864,-1.65431,3.04295,10.3616,35.0315,197.548,115.385,89.1561,79.5352,72.6838,68.4766,64.7345,61.3846,58.3686,54.6186,50.8913,45.1396,36.8816,28.4017,21.7019,12.6136,0.702466,221.797,221.02,220.127,220.127
8.705960273742676,0.03647469915449619,0.9999847412109375,0.0,4,0.154137,4.0,18504.7,242.039,-2.88652,-1.95888,3.44483,11.5155,36.7805,197.443,118.339,90.3796,80.2848,73.1476,68.786,64.9199,61.4697,58.3719,54.5316,50.7268,44.8796,36.5349,28.0271,21.3485,12.3463,0.661165,222.434,221.534,219.927,219.927
8.729135036468506,0.03647469915449619,0.9999847412109375,0.0,4,0.149767,4.0,18463.0,242.634,-2.79423,-2.00809,3.83145,12.578,38.1417,197.245,121.767,91.8053,81.1745,73.7171,69.1835,65.1799,61.6188,58.4308,54.491,50.601,44.6485,36.2074,27.6656,21.0049,12.0857,0.620887,223.016,222.092,219.421,219.421
8.750415563583374,0.03647469915449619,0.9999847412109375,0.0,4,0.14578,4.0,18452.1,243.2,-2.55525,-1.8641,4.20456,13.583,39.4496,196.824,125.048,93.0709,81.9204,74.1581,69.463,65.3317,61.6687,58.3988,54.3699,50.4048,44.3626,35.8454,27.2871,20.6552,11.8286,0.581723,223.524,222.675,219.275,219.275
8.773555278778076,0.03647469915449619,0.9999847412109375,0.0,4,0.142174,4.0,18467.9,243.743,-2.24724,-1.61133,4.56479,14.5393,40.7331,196.214,128.111,94.1451,82.5014,74.4558,69.613,65.3664,61.6126,58.2706,54.1645,50.136,44.0209,35.4492,26.8925,20.3002,11.5753,0.543689,224.001,223.23,219.451,219.451
8.793756484985352,0.03647469915449619,0.9999847412109375,0.0,4,0.138768,4.0,18499.8,244.272,-1.96859,-1.34113,4.91205,15.4421,41.9117,195.499,131.212,95.172,83.031,74.7042,69.7166,65.3579,61.5166,58.1059,53.927,49.8397,43.6587,35.0421,26.4951,19.947,11.3273,0.506748,224.473,223.746,219.824,219.824
8.817030906677246,0.03647469915449619,0.9999847412109375,0.0,4,0.135392,4.0,18543.9,244.791,-1.76818,-1.1124,5.24658,16.286,42.9197,194.738,134.664,96.3089,83.6279,74.999,69.8569,65.3792,61.4454,57.9623,53.7069,49.5579,43.3081,34.6442,26.106,19.6014,11.0853,0.470803,224.95,224.232,220.341,220.341
8.837214946746826,0.03647469915449619,0.9999847412109375,0.0,4,0.131909,4.0,18599.9,245.299,-1.66893,-0.980683,5.56816,17.0644,43.7069,193.974,138.823,97.7162,84.4086,75.4319,70.1123,65.4983,61.4584,57.8921,53.5487,49.3282,42.9972,34.2731,25.7343,19.2681,10.8503,0.435797,225.43,224.691,221.003,221.003
8.861289262771606,0.03647469915449619,0.9999847412109375,0.0,4,0.128246,4.0,18652.9,245.808,-1.66017,-0.941752,5.87708,17.7756,44.2652,193.225,144.006,99.5116,85.4528,76.0622,70.5322,65.7564,61.5908,57.9257,53.4773,49.1709,42.7404,33.9369,25.3842,18.9488,10.6221,0.401649,225.912,225.137,221.635,221.635
8.881447792053223,0.03647469915449619,0.9999847412109375,0.0,4,0.124474,4.0,18699.0,246.322,-1.69747,-0.962436,6.1741,18.4282,44.6592,192.47,150.276,101.67,86.7311,76.8615,71.0897,66.1288,61.8195,58.0417,53.4737,49.0691,42.5244,33.6266,25.0503,18.6407,10.4,0.368341,226.388,225.59,222.187,222.187
8.905921697616577,0.03647469915449619,0.9999847412109375,0.0,4,0.120683,4.0,18740.9,246.838,-1.74189,-1.01433,6.46002,19.0323,44.9546,191.683,157.631,104.129,88.189,77.7825,71.7421,66.577,62.11,58.2089,53.5105,48.9995,42.3311,33.3307,24.7262,18.3402,10.1833,0.335873,226.859,226.056,222.686,222.686
8.927400588989258,0.03647469915449619,0.9999847412109375,0.0,4,0.116922,4.0,18778.9,247.355,-1.77553,-1.07805,6.73536,19.5945,45.1857,190.856,166.178,106.872,89.8031,78.8029,72.4688,67.082,62.445,58.4118,53.5743,48.9503,42.1515,33.0436,24.409,18.0458,9.97173,0.304247,227.327,226.53,223.14,223.14
8.950456142425537,0.03647469915449619,0.9999847412109375,0.0,4,0.113208,4.0,18814.7,247.873,-1.79038,-1.13513,7.00044,20.1188,45.3687,189.988,169.441,109.911,91.5727,79.9181,73.2644,67.6382,62.819,58.6449,53.6602,48.9173,41.9823,32.7632,24.0976,17.7571,9.76512,0.273469,227.797,227.009,223.566,223.566
8.97164273262024,0.03647469915449619,0.9999847412109375,0.0,4,0.109527,4.0,18850.7,248.388,-1.79158,-1.18192,7.25523,20.6057,45.5024,189.085,170.474,113.314,93.5334,81.1508,74.1461,68.2593,63.243,58.9177,53.7757,48.9066,41.828,32.4923,23.7935,17.475,9.56377,0.243548,228.268,227.486,223.993,223.993
8.99444031715393,0.03460461050271988,0.9999847412109375,0.0,4,0.105882,4.0,18885.8,248.901,-1.78549,-1.22756,7.49998,21.0578,45.5935,188.147,170.915,117.136,95.7067,82.5116,75.1205,68.9496,63.72,59.232,53.9219,48.9188,41.6887,32.231,23.4968,17.1994,9.36766,0.214481,228.736,227.962,224.411,224.411
9.014141082763672,0.029289606586098672,0.9999847412109375,0.0,4,0.102277,4.0,18923.3,249.407,-1.77524,-1.26214,7.73493,21.4772,45.6484,187.178,171.029,121.439,98.1153,84.0106,76.1937,69.7124,64.2519,59.5889,54.0992,48.9539,41.5644,31.979,23.2075,16.9304,9.1768,0.186264,229.205,228.44,224.851,224.851
9.03780221939087,0.024417495727539065,0.9999847412109375,0.0,4,0.0989208,4.0,18958.4,249.911,-1.76627,-1.29485,7.96248,21.8855,45.7573,186.136,170.829,125.829,100.488,85.4445,77.1967,70.4059,64.7178,59.8842,54.2218,48.9419,41.4046,31.707,22.9105,16.6603,8.98953,0.158875,229.653,228.939,225.275,225.275
9.059183359146118,0.016001953184604647,0.9999847412109375,0.0,4,0.0960592,4.0,18990.7,250.415,-1.69453,-1.31276,8.18572,22.3083,46.0178,184.978,170.288,129.645,102.407,86.5158,77.8896,70.8325,64.9525,59.9781,54.1764,48.7915,41.1456,31.3789,22.5876,16.38,8.80387,0.132276,230.073,229.461,225.66,225.66
9.080085754394531,0.013590455055236816,0.9999847412109375,0.0,4,0.093918,4.0,19022.3,250.917,-1.55931,-1.32507,8.40797,22.7704,46.5154,183.669,169.38,132.072,103.397,86.9014,78.0179,70.7872,64.7875,59.7296,53.8508,48.414,40.7264,30.9609,22.2224,16.0813,8.61793,0.106403,230.468,230.005,226.035,226.035
9.10422420501709,0.012458521500229837,0.9999847412109375,0.0,4,0.0924331,4.0,19054.7,251.417,-1.33818,-1.34977,8.63034,23.2719,47.2269,182.226,168.176,132.979,103.422,86.5945,77.5846,70.2778,64.2334,59.1504,53.2572,47.8209,40.1569,30.4596,21.8182,15.7655,8.43141,0.0811255,230.86,230.534,226.419,226.419
9.12432599067688,0.012458521500229837,0.9999847412109375,0.0,4,0.0912982,4.0,19096.4,251.906,-1.11561,-1.38422,8.85082,23.7884,48.0358,180.712,166.822,133.024,102.912,85.909,76.8472,69.5194,63.4718,58.3964,52.5232,47.1162,39.5111,29.9177,21.3965,15.4433,8.24608,0.056364,231.281,231.034,226.906,226.906
9.146860599517822,0.011375798285007477,0.9999847412109375,0.0,5,0.090242,4.0,19130.6,252.395,-0.934729,-1.43387,9.06739,24.2966,48.839,179.179,165.431,132.905,102.294,85.1472,76.0489,68.7119,62.6704,57.6095,51.7639,46.3926,38.8541,29.3722,20.9754,15.1233,8.06336,0.0320477,231.721,231.494,227.323,227.323
9.169275522232056,0.011375798285007477,0.9999847412109375,0.0,5,0.0892056,5.0,17137.6,252.317,-0.794467,-1.4634,9.27995,24.7927,49.6167,177.639,164.029,132.775,101.66,84.3729,75.2407,67.897,61.8635,56.8189,51.0029,45.6688,38.1988,28.83,20.5582,14.807,7.88328,0.0081265,231.983,231.764,222.718,222.506
9.19033694267273,0.011375798285007477,0.9999847412109375,0.0,5,0.0881117,5.0,17096.8,251.854,-0.698264,-1.49372,9.48733,25.2682,50.3361,176.112,162.648,132.868,101.147,83.6804,74.4978,67.1359,61.1023,56.0678,50.2749,44.9727,37.5649,28.3024,20.1508,14.4974,7.70663,-0.0153656,231.661,231.433,222.281,222.046
9.212896585464478,0.011375798285007477,0.9999847412109375,0.0,5,0.0869067,5.0,16724.7,251.352,-0.651556,-1.53496,9.68921,25.7182,50.9773,174.608,161.307,133.362,100.852,83.1329,73.8693,66.4678,60.4186,55.3825,49.6007,44.3209,36.9635,27.7955,19.7558,14.1957,7.53347,-0.0384619,231.242,230.99,221.48,221.022
9.235670566558838,0.013590455055236816,0.9999847412109375,0.0,5,0.0855895,5.0,17106.4,251.455,-0.647483,-1.59103,9.88579,26.1433,51.5419,173.124,160.004,134.294,100.785,82.7343,73.3566,65.8927,59.8116,54.762,48.9791,43.7117,36.3931,27.308,19.3723,13.9013,7.36353,-0.0611926,231.016,230.74,226.24,226.24
9.257978916168213,0.014771598950028421,0.9999847412109375,0.0,5,0.0840956,5.0,17129.0,251.871,-0.658094,-1.65012,10.0767,26.5374,52.0061,171.668,158.755,135.926,101.077,82.5673,73.0223,65.46,59.321,54.2386,48.4352,43.1648,35.8665,26.8465,19.0034,13.6154,7.19685,-0.0835987,231.335,231.02,226.563,226.563
9.278301477432251,0.014771598950028421,0.9999847412109375,0.0,5,0.0824391,5.0,17147.8,252.287,-0.690887,-1.683,10.2617,26.9013,52.3764,170.236,157.549,138.314,101.738,82.6307,72.863,65.1648,58.942,53.8077,47.9647,42.6762,35.381,26.4094,18.6482,13.3377,7.03345,-0.105659,231.726,231.378,226.811,226.811
9.30117154121399,0.014771598950028421,0.9999847412109375,0.0,5,0.0807664,5.0,17167.9,252.7,-0.72253,-1.71628,10.4425,27.2502,52.7137,168.801,156.336,140.885,102.516,82.7531,72.7431,64.8978,58.584,53.3935,47.5069,42.1978,34.9032,25.9781,18.2976,13.0639,6.87256,-0.127356,232.1,231.746,227.076,227.076
9.322240829467773,0.014771598950028421,0.9999847412109375,0.0,5,0.0792028,5.0,17191.0,253.111,-0.727551,-1.76523,10.6206,27.5975,53.0701,167.341,155.073,141.243,103.164,82.7714,72.5363,64.5583,58.1652,52.928,47.0083,41.6874,34.4044,25.537,17.9443,12.7902,6.71347,-0.148692,232.462,232.129,227.38,227.38
9.34494948387146,0.013590455055236816,0.9999847412109375,0.0,5,0.0776974,5.0,17232.3,253.503,-0.722472,-1.86185,10.7955,27.9384,53.4252,165.865,153.779,140.893,103.773,82.7467,72.2906,64.1849,57.7177,52.438,46.4903,41.1622,33.8966,25.0928,17.5913,12.5183,6.55647,-0.169669,232.824,232.504,227.919,227.919
9.367516994476318,0.013590455055236816,0.9999847412109375,0.0,5,0.0761994,5.0,17257.7,253.91,-0.727854,-1.96912,10.9666,28.2679,53.7594,164.383,152.474,140.304,104.452,82.7469,72.058,63.819,57.2746,51.9512,45.9748,40.6392,33.3914,24.652,17.2419,12.2497,6.40185,-0.19029,233.192,232.875,228.263,228.263
9.38876223564148,0.013590455055236816,0.9999847412109375,0.0,5,0.0747207,5.0,17281.1,254.316,-0.7219,-2.03385,11.1341,28.5872,54.0779,162.893,151.152,139.563,105.179,82.7572,71.8268,63.4511,56.8287,51.4615,45.457,40.1151,32.8866,24.2133,16.8956,11.9842,6.2496,-0.21055,233.568,233.255,228.571,228.571
9.409749746322632,0.013590455055236816,0.9999847412109375,0.0,5,0.0732523,5.0,17305.3,254.721,-0.71788,-2.10859,11.2979,28.8958,54.3783,161.396,149.818,138.722,105.978,82.7908,71.6064,63.0885,56.3854,50.9735,44.9405,39.5924,32.384,23.7777,16.5527,11.722,6.09971,-0.230459,233.934,233.623,228.891,228.891
9.432213544845581,0.013590455055236816,0.9999847412109375,0.0,5,0.0718426,5.0,17329.9,255.125,-0.703517,-2.1871,11.4589,29.1995,54.6805,159.884,148.458,137.773,106.734,82.7751,71.3425,62.6889,55.9112,50.4597,44.404,39.0547,31.8726,23.3394,16.2106,11.4617,5.95188,-0.250024,234.299,233.999,229.217,229.217
9.455943822860718,0.014771598950028421,0.9999847412109375,0.0,5,0.0703967,5.0,17375.7,255.506,-0.702715,-2.32255,11.6156,29.4879,54.9471,158.373,147.1,136.797,107.69,82.8552,71.1426,62.3354,55.4725,49.9742,43.8896,38.5347,31.3743,22.9102,15.8748,11.2061,5.80669,-0.269235,234.666,234.36,229.822,229.822
9.476900815963745,0.014771598950028421,0.9999847412109375,0.0,5,0.0688122,5.0,17394.0,255.913,-0.719325,-2.4237,11.7668,29.7498,55.1394,156.88,145.772,135.856,109.156,83.2049,71.1319,62.1227,55.1429,49.5764,43.4425,38.0669,30.9117,22.5018,15.5509,10.9577,5.66463,-0.288095,235.047,234.713,230.069,230.069
9.499009370803833,0.014771598950028421,0.9999847412109375,0.0,5,0.0671499,5.0,17414.4,256.315,-0.742862,-2.47569,11.9129,29.9914,55.2815,155.394,144.456,134.91,111.035,83.7531,71.2542,62.0055,54.8856,49.2357,43.0388,37.6326,30.4722,22.1077,15.2358,10.7153,5.52558,-0.306577,235.429,235.079,230.336,230.336
9.521276712417603,0.014771598950028421,0.9999847412109375,0.0,5,0.065487,5.0,17435.1,256.715,-0.759297,-2.50866,12.055,30.2214,55.4044,153.903,143.131,133.918,113.154,84.3881,71.4247,61.9179,54.6482,48.9095,42.6454,37.2064,30.0392,21.719,14.9255,10.477,5.38916,-0.32468,235.797,235.445,230.611,230.611
9.543089866638184,0.014771598950028421,0.9999847412109375,0.0,5,0.063859,5.0,17457.2,257.112,-0.760444,-2.51474,12.1935,30.4435,55.5213,152.401,141.786,132.872,115.433,85.0565,71.604,61.8296,54.4069,48.5787,42.2481,36.7776,29.6058,21.3326,14.6186,10.2421,5.25539,-0.342384,236.161,235.816,230.901,230.901
9.565749406814575,0.014771598950028421,0.9999847412109375,0.0,5,0.0622354,5.0,17485.6,257.502,-0.759477,-2.52495,12.3279,30.6545,55.621,150.893,140.431,131.793,117.998,85.8194,71.8335,61.7714,54.1856,48.2623,41.8613,36.3571,29.1792,20.9521,14.317,10.0116,5.12445,-0.359685,236.522,236.178,231.276,231.276
9.587273597717285,0.014771598950028421,0.9999847412109375,0.0,5,0.0605992,5.0,17510.5,257.893,-0.760633,-2.528,12.4581,30.8528,55.698,149.381,139.07,130.69,120.718,86.7204,72.1411,61.7625,53.9981,47.9712,41.4929,35.9509,28.7633,20.5796,14.0214,9.78583,4.9964,-0.376589,236.883,236.537,231.605,231.605
9.609472513198853,0.014771598950028421,0.9999847412109375,0.0,5,0.0589578,5.0,17535.3,258.282,-0.761671,-2.52314,12.5841,31.0392,55.7552,147.866,137.701,129.564,121.096,87.7626,72.5253,61.8002,53.8421,47.703,41.1411,35.5576,28.3572,20.2146,13.7318,9.56486,4.87128,-0.393084,237.242,236.896,231.934,231.934
9.630208015441895,0.014771598950028421,0.9999847412109375,0.0,5,0.0572977,5.0,17560.2,258.669,-0.763112,-2.49919,12.7056,31.2121,55.7879,146.347,136.329,128.422,120.804,88.9955,73.0152,61.9043,53.7318,47.4687,40.8138,35.1831,27.9645,19.8591,13.4493,9.3492,4.74926,-0.409161,237.604,237.253,232.263,232.263
9.651883363723755,0.014771598950028421,0.9999847412109375,0.0,5,0.0556295,5.0,17583.4,259.057,-0.766499,-2.47342,12.823,31.3736,55.8018,144.825,134.95,127.259,120.253,90.4165,73.6029,62.066,53.6593,47.2614,40.5053,34.8227,27.5822,19.5114,13.1727,9.13821,4.63006,-0.424847,237.959,237.607,232.574,232.574
9.675969362258911,0.014771598950028421,0.9999847412109375,0.0,5,0.0539824,5.0,17606.9,259.443,-0.763619,-2.43682,12.9366,31.5265,55.807,143.294,133.557,126.068,119.534,91.9831,74.2549,62.26,53.6049,47.0657,40.2046,34.4684,27.2054,19.1692,12.9013,8.93172,4.51382,-0.440114,238.312,237.964,232.881,232.881
9.697044610977173,0.014771598950028421,0.9999847412109375,0.0,5,0.0523525,5.0,17633.1,259.824,-0.758883,-2.40947,13.0463,31.6703,55.802,141.756,132.152,124.853,118.703,93.7245,74.9849,62.4944,53.5744,46.8858,39.9145,34.1225,26.8356,18.8334,12.6356,8.72997,4.40058,-0.454959,238.662,238.317,233.226,233.226
9.719487428665161,0.014771598950028421,0.9999847412109375,0.0,5,0.0507279,5.0,17660.0,260.204,-0.756865,-2.40097,13.152,31.8042,55.7832,140.211,130.738,123.618,117.795,95.6966,75.8219,62.7869,53.5798,46.7306,39.6414,33.7895,26.4757,18.5054,12.3762,8.53321,4.29038,-0.469386,239.009,238.665,233.582,233.582
9.740389108657837,0.014771598950028421,0.9999847412109375,0.0,5,0.0491132,5.0,17687.2,260.582,-0.756752,-2.41705,13.2539,31.9294,55.7537,138.66,129.313,122.363,116.823,97.9149,76.7657,63.1338,53.6168,46.5962,39.3821,33.4666,26.1235,18.184,12.1223,8.34098,4.18298,-0.483423,239.355,239.013,233.942,233.942
9.761369943618774,0.014771598950028421,0.9999847412109375,0.0,5,0.047493,5.0,17717.8,260.956,-0.760538,-2.45913,13.3518,32.0438,55.7076,137.104,127.882,121.095,115.805,100.473,77.8635,63.5644,53.7058,46.4977,39.1471,33.1618,25.7844,17.8719,11.8755,8.15406,4.07868,-0.497045,239.701,239.358,234.346,234.346
9.785927772521973,0.014771598950028421,0.9999847412109375,0.0,5,0.0458516,5.0,17741.6,261.335,-0.768723,-2.50456,13.4453,32.1457,55.6399,135.547,126.449,119.819,114.756,103.49,79.1706,64.1102,53.8674,46.4497,38.9465,32.8822,25.4623,17.5712,11.6365,7.9729,3.97757,-0.510246,240.049,239.702,234.664,234.664
9.807082653045654,0.014771598950028421,0.9999847412109375,0.0,5,0.0442046,5.0,17765.1,261.713,-0.774278,-2.53567,13.5349,32.2376,55.5575,133.984,125.008,118.53,113.673,105.71,80.6778,64.7583,54.0895,46.4417,38.772,32.6211,25.1531,17.2795,11.4042,7.79681,3.87939,-0.523053,240.398,240.05,234.974,234.974
9.829272270202637,0.013590455055236816,0.9999847412109375,0.0,5,0.0425798,5.0,17788.9,262.09,-0.778218,-2.58917,13.6207,32.3221,55.4687,132.414,123.556,117.221,112.549,105.68,82.3537,65.4827,54.3523,46.459,38.6133,32.3716,24.8528,16.9955,11.1782,7.62583,3.78432,-0.535434,240.737,240.393,235.288,235.288
9.85087251663208,0.013590455055236816,0.9999847412109375,0.0,5,0.0410542,5.0,17812.8,262.465,-0.770132,-2.64612,13.7041,32.4077,55.3993,130.824,122.076,115.872,111.359,105.132,84.0173,66.1652,54.5736,46.441,38.4287,32.1045,24.5444,16.711,10.9552,7.45838,3.69202,-0.5474,241.072,240.749,235.605,235.605
9.871942520141602,0.011375798285007477,0.9999847412109375,0.0,5,0.0395523,5.0,17849.5,262.827,-0.762914,-2.76349,13.7843,32.4873,55.3254,129.226,120.584,114.505,110.138,104.384,85.8537,66.9182,54.8294,46.443,38.256,31.8461,24.2431,16.4331,10.7378,7.29548,3.60249,-0.558987,241.407,241.089,236.093,236.093
9.894456386566162,0.01034228540956974,0.9999847412109375,0.0,5,0.0381754,5.0,17868.8,263.206,-0.756643,-2.83713,13.8626,32.5715,55.2791,127.606,119.061,113.093,108.853,103.45,87.5848,67.5702,55.0048,46.383,38.0402,31.5587,23.9276,16.1522,10.5221,7.13549,3.51549,-0.570184,241.742,241.451,236.347,236.347
9.918206930160522,0.0075370088219642644,0.9999847412109375,0.0,5,0.0370071,5.0,17889.7,263.581,-0.713113,-2.89,13.9408,32.67,55.2872,125.952,117.491,111.619,107.481,102.331,88.9024,67.9447,54.9866,46.1823,37.7297,31.2076,23.5784,15.8595,10.3044,6.9766,3.43056,-0.581023,242.067,241.816,236.624,236.624
9.938894748687744,0.005174625292420388,0.9999847412109375,0.0,5,0.0360997,5.0,17911.3,263.956,-0.648715,-2.97928,14.0198,32.7892,55.3665,124.259,115.866,110.069,106.012,101.039,89.5432,67.9037,54.6908,45.7854,37.2895,30.7698,23.1828,15.5493,10.0822,6.81752,3.34729,-0.591538,242.377,242.181,236.909,236.909
9.961649417877197,0.0032551348209381107,0.9999847412109375,0.0,5,0.0355014,5.0,17952.5,264.311,-0.562293,-3.10121,14.101,32.9356,55.5331,122.519,114.176,108.436,104.434,99.5701,89.2481,67.316,54.0402,45.141,36.6876,30.2245,22.7294,15.2164,9.85286,6.65688,3.26516,-0.601782,242.688,242.557,237.431,237.431
9.9828622341156,0.0013847589492797852,0.9999847412109375,0.0,5,0.0351319,5.0,17975.5,264.683,-0.469126,-3.25541,14.1837,33.1018,55.7638,120.744,112.439,106.742,102.778,97.9803,88.2161,66.3094,53.1218,44.3123,35.9666,29.6007,22.2343,14.8675,9.61878,6.49537,3.18397,-0.611817,242.995,242.914,237.763,237.763
10.004159688949585,0.0004986856132745743,0.9999847412109375,0.0,5,0.0349903,5.0,17992.4,265.059,-0.365754,-3.34092,14.2684,33.2891,56.0603,118.934,110.654,104.986,101.046,96.2744,86.4358,64.8843,51.9384,43.3018,35.1285,28.8998,21.6979,14.5023,9.37946,6.3325,3.1034,-0.62169,243.32,243.288,237.983,237.983
10.025818824768066,0.00030174851417541504,0.9999847412109375,0.0,5,0.0350348,5.0,18011.5,265.433,-0.2583,-3.44199,14.355,33.4945,56.4121,117.093,108.831,103.181,99.2506,94.4731,84.0619,63.129,50.546,42.1482,34.1982,28.1377,21.1288,14.1239,9.13569,6.1683,3.02316,-0.631457,243.635,243.641,238.236,238.236
10.047894954681396,0.00030174851417541504,0.9999847412109375,0.0,5,0.0351676,5.0,18032.3,265.804,-0.159394,-3.55611,14.4423,33.7082,56.7901,115.236,106.986,101.35,97.4239,92.6237,81.4399,61.2367,49.0677,40.9361,33.2306,27.3516,20.5472,13.7409,8.89067,6.00399,2.94328,-0.64115,243.965,243.99,238.51,238.51
10.071237802505493,0.00030174851417541504,0.9999847412109375,0.0,5,0.0352843,5.0,18086.2,266.143,-0.0905016,-3.78594,14.5291,33.9194,57.162,113.375,105.14,99.5189,95.5987,90.7769,78.9013,59.3925,47.6214,39.7469,32.2787,26.5767,19.9724,13.3615,8.64749,5.84072,2.8638,-0.650802,244.291,244.316,239.222,239.222
10.092190265655518,0.00030174851417541504,0.9999847412109375,0.0,5,0.0353637,5.0,18098.2,266.521,-0.0479243,-3.95256,14.6153,34.1266,57.5222,111.513,103.296,97.6927,93.7808,88.9424,76.4919,57.6213,46.2219,38.5904,31.3484,25.8162,19.4058,12.9857,8.40582,5.67812,2.78444,-0.660453,244.635,244.652,239.386,239.386
10.115820169448853,0.00030174851417541504,0.9999847412109375,0.0,5,0.0354127,5.0,18113.9,266.893,-0.0232199,-4.04754,14.701,34.3304,57.8725,109.649,101.452,95.8692,91.9677,87.1167,74.1817,55.9065,44.8586,37.459,30.4346,25.067,18.8456,12.6128,8.16533,5.51605,2.70519,-0.670103,244.986,244.996,239.591,239.591
10.137136220932007,0.00030174851417541504,0.9999847412109375,0.0,5,0.0354429,5.0,18131.7,267.265,-0.00984629,-4.21308,14.7865,34.5323,58.2172,107.781,99.6063,94.0453,90.1555,85.2934,71.9285,54.2234,43.5154,36.3415,29.5298,24.3239,18.2886,12.2412,7.92532,5.35414,2.62591,-0.679761,245.312,245.319,239.826,239.826
10.159935235977173,0.00030174851417541504,0.9999847412109375,0.0,5,0.0354593,5.0,18178.5,267.609,-0.00266421,-4.40863,14.8718,34.7329,58.5577,105.909,97.7577,92.2196,88.3423,83.4697,69.7149,52.5626,42.1864,35.2338,28.6314,23.5848,17.7338,11.8705,7.68561,5.19232,2.54662,-0.689427,245.652,245.656,240.387,240.387
10.180927276611328,0.00030174851417541504,0.9999847412109375,0.0,5,0.0354657,5.0,18209.3,267.964,-0.000200821,-4.69579,14.957,34.9324,58.8949,104.031,95.9057,90.3913,86.5273,81.6437,67.5288,50.9174,40.8674,34.133,27.7375,22.8489,17.1808,11.5006,7.44621,5.03062,2.46734,-0.699093,245.967,245.969,240.86,240.86
10.20244550704956,0.00030174851417541504,0.9999847412109375,0.0,5,0.0354707,5.0,18218.0,268.341,0.00136511,-4.85293,15.0424,35.1322,59.2324,102.147,94.048,88.5576,84.7066,79.8091,65.3421,49.2708,39.547,33.0308,26.8423,22.1118,16.6268,11.1299,7.20628,4.86857,2.38788,-0.708783,246.317,246.318,240.971,240.971
10.224526166915894,0.00030174851417541504,0.9999847412109375,0.0,5,0.0354733,5.0,18232.3,268.712,0.00202368,-5.01238,15.1279,35.3319,59.5696,100.257,92.1846,86.7188,82.8806,77.9663,63.159,47.6259,38.2273,31.9289,25.947,21.3745,16.0726,10.759,6.96616,4.70636,2.30833,-0.718484,246.646,246.646,241.159,241.159
10.245814323425293,0.00030174851417541504,0.9999847412109375,0.0,5,0.0354753,5.0,18249.6,269.079,0.00231852,-5.19491,15.2134,35.5319,59.907,98.3591,90.3151,84.8741,81.0486,76.1132,60.9751,45.9797,36.9064,30.8258,25.0508,20.6363,15.5176,10.3875,6.7257,4.54391,2.22866,-0.728199,246.978,246.978,241.386,241.386
10.267932176589966,0.00030174851417541504,0.9999847412109375,0.0,5,0.0354722,5.0,18321.1,269.394,0.00173206,-5.54509,15.2989,35.7314,60.243,96.4554,88.4408,83.0249,79.2121,74.2521,58.8011,44.3392,35.589,29.7251,24.1561,19.899,14.963,10.0162,6.48524,4.38144,2.14896,-0.73792,247.295,247.295,242.327,242.327
10.288046836853027,0.00030174851417541504,0.9999847412109375,0.0,5,0.035472,5.0,18325.3,269.739,0.00160047,-5.79191,15.3768,35.9133,60.5496,94.7181,86.7308,81.3378,77.536,72.5478,56.8163,42.8425,34.3876,28.7216,23.3405,19.2272,14.4579,9.67807,6.26628,4.23351,2.07641,-0.746769,247.595,247.595,242.398,242.398
10.308067321777344,0.00030174851417541504,0.9999847412109375,0.0,5,0.0354726,5.0,18332.9,270.077,0.00177036,-5.92791,15.4549,36.0957,60.8573,92.9743,85.0148,79.6449,75.8535,70.8306,54.8248,41.3411,33.1826,27.7152,22.5228,18.5536,13.9514,9.33903,6.04677,4.08521,2.00367,-0.755639,247.915,247.915,242.493,242.493
10.329239130020142,0.0004986856132745743,0.73724365234375,0.1764678955078125,5,0.0354732,5.0,18344.1,270.413,0.00192133,-6.08286,15.5331,36.2784,61.1653,91.2241,83.2933,77.9464,74.1649,69.1002,52.8317,39.8383,31.9765,26.7079,21.7042,17.8793,13.4444,8.99967,5.82705,3.93677,1.93087,-0.764518,248.212,248.212,242.639,242.639
10.348939418792725,0.002713725343346596,0.352935791015625,0.3882293701171875,5,0.0354736,5.0,18161.9,270.282,0.00197925,-6.18945,15.6112,36.4607,61.4728,89.4689,81.5676,76.2439,72.4717,67.3569,50.8415,38.3378,30.7722,25.702,20.8868,17.206,12.9381,8.66078,5.60764,3.78854,1.85817,-0.773384,245.161,245.159,240.258,240.258
10.36782693862915,0.005912876129150391,0.0,0.5450897216796875,5,0.0353445,5.0,17875.2,269.235,0.000405779,-6.39089,15.6868,36.627,61.7339,87.7299,79.8649,74.5721,70.8188,65.6877,49.0946,36.9763,29.658,24.7595,20.1116,16.5616,12.4484,8.32958,5.3916,3.64192,1.78587,-0.782227,240.502,240.486,236.509,236.509
10.387823581695557,0.008422890678048134,0.0,0.6705780029296875,5,0.0349817,5.0,17541.2,267.325,-0.0301744,-6.49947,15.7578,36.7634,61.9097,86.0265,78.2094,72.961,69.2443,64.1714,47.7703,35.8566,28.701,23.9276,19.4107,15.9685,11.9888,8.01279,5.18222,3.49871,1.71461,-0.790988,235.979,235.922,231.924,232.342
10.408320665359497,0.009357982873916626,0.0,0.7411651611328125,5,0.0344288,5.0,17324.1,264.887,-0.0806616,-6.50181,15.8242,36.8734,62.4189,84.3578,76.5977,71.4043,67.7384,62.7825,46.7878,34.9315,27.871,23.1863,18.7714,15.419,11.5557,7.70963,4.9798,3.35943,1.64483,-0.799598,231.549,231.439,229.065,229.477
10.428089380264282,0.011375798285007477,0.0,0.776458740234375,5,0.0337161,5.0,17114.2,262.212,-0.15141,-6.47083,15.8862,36.9602,92.1713,82.7218,75.026,69.896,66.2918,61.4933,46.0965,34.1683,27.146,22.5194,18.1832,14.9058,11.1453,7.41861,4.7839,3.22402,1.57664,-0.808033,227.288,227.115,226.307,226.697
10.448296785354614,0.011375798285007477,0.0,0.792144775390625,5,0.0328411,5.0,16908.9,259.366,-0.226017,-6.37705,15.9435,37.0227,90.5301,81.1201,73.4956,68.4371,64.9046,60.2944,45.7244,33.5772,26.531,21.9305,17.6484,14.4309,10.759,7.14092,4.5954,3.09314,1.51041,-0.816247,224.008,223.785,223.613,223.968
10.469369173049927,0.012458521500229837,0.0,0.807830810546875,5,0.031821,5.0,16688.1,256.469,-0.318613,-6.32234,15.9961,37.0626,88.9157,79.5508,72.0036,67.023,63.5697,59.1629,45.67,33.148,26.0166,21.4118,17.1615,13.9903,10.3946,6.87562,4.41401,2.96672,1.44619,-0.824229,221.177,220.911,220.694,221.047
10.487953901290894,0.012458521500229837,0.0,0.8117523193359375,5,0.0306979,5.0,16490.8,253.522,-0.404972,-6.22103,16.0447,37.0849,87.3247,78.0087,70.5425,65.6434,62.2729,58.0684,45.8937,32.8498,25.5811,20.9475,16.7119,13.5769,10.0482,6.62126,4.23931,2.84469,1.38407,-0.831957,218.122,217.807,218.099,218.418
10.508395433425903,0.012458521500229837,0.0,0.8117523193359375,5,0.0295434,5.0,16298.7,250.576,-0.479566,-6.09446,16.0902,37.0978,85.7506,76.485,69.1004,64.2828,60.9938,56.9758,46.2908,32.6196,25.1839,20.5102,16.2819,13.1793,9.71393,6.37545,4.07053,2.72687,1.32414,-0.839408,214.994,214.633,215.573,215.862
10.528220891952515,0.012458521500229837,0.0,0.8117523193359375,5,0.0284471,5.0,16107.6,247.677,-0.5305,-5.99219,16.1342,37.1118,84.1851,74.9684,67.6626,62.9222,59.7086,55.8507,46.6821,32.3639,24.7688,20.0621,15.8481,12.782,9.38342,6.13481,3.90638,2.61271,1.26633,-0.846577,211.315,210.905,213.048,213.333
10.548838376998901,0.014771598950028421,0.0,0.807830810546875,5,0.0274652,5.0,15915.5,244.796,-0.551614,-5.9012,16.1775,37.1335,82.6229,73.4522,66.2205,61.5513,58.4048,54.6793,46.9249,32.0175,24.2996,19.5811,15.3973,12.3772,9.05283,5.89786,3.74638,2.50207,1.21067,-0.853457,207.601,207.16,210.501,210.8
10.567960262298584,0.019988277927041054,0.0,0.807830810546875,5,0.0265021,5.0,15705.5,241.957,-0.5541,-5.88235,16.2185,37.1517,81.0727,71.9482,64.7897,60.19,57.1082,53.505,47.2405,31.6872,23.84,19.1091,14.956,11.9821,8.73151,5.6686,3.59207,2.39559,1.15722,-0.860054,203.977,203.507,207.713,208.037
10.58804178237915,0.03101206421852112,0.0,0.807830810546875,5,0.0253694,5.0,15516.6,239.116,-0.569191,-5.86825,16.2541,37.1441,79.5515,70.479,63.3997,58.8758,55.8651,52.3959,47.7158,31.6106,23.5221,18.7308,14.576,11.6299,8.43713,5.45452,3.44651,2.29464,1.10629,-0.866357,200.277,199.768,205.221,205.519
10.608352184295654,0.04872864820063114,0.0,0.807830810546875,5,0.0238329,5.0,15330.3,236.287,-0.610969,-5.84107,16.2799,37.083,78.0805,69.072,62.0856,57.652,54.7277,51.4219,47.5426,32.1414,23.5287,18.5575,14.3227,11.3617,8.19116,5.26471,3.31347,2.20096,1.0583,-0.872342,196.554,195.98,202.803,203.007
10.62982177734375,0.06782302595674992,0.0,0.807830810546875,5,0.021532,5.0,15142.8,233.491,-0.722842,-5.81743,16.2892,36.9263,76.6924,67.7688,60.8995,56.5813,53.7691,50.6711,47.4251,34.0205,24.2108,18.7932,14.3116,11.2482,8.02989,5.11464,3.19964,2.11789,1.01427,-0.877921,192.545,191.847,200.41,200.442
10.648892164230347,0.09006686545908452,0.0,0.807830810546875,5,0.0182475,5.0,14955.5,230.724,-0.947958,-5.80128,16.2776,36.6509,75.4058,66.5917,59.8673,55.6911,53.0151,50.1547,47.4203,38.4694,26.0255,19.6657,14.6541,11.3505,7.9813,5.01524,3.10967,2.04784,0.97505,-0.883012,188.233,187.365,198.486,197.41
10.669270515441895,0.11400849053919315,0.0,0.807830810546875,5,0.0137771,5.0,14756.0,227.972,-1.30476,-5.79494,16.2414,36.2391,74.2368,65.5591,59.0075,54.9973,52.4753,49.8618,47.5359,44.0475,29.9924,21.6133,15.5381,11.7619,8.0831,4.97951,3.04869,1.99337,0.941545,-0.88752,183.999,182.889,196.111,194.561
10.688303232192993,0.13821872710374494,0.0,0.807830810546875,5,0.00806707,5.0,14556.1,225.226,-1.79681,-5.81165,16.1796,35.6936,73.187,64.6697,58.3133,54.4841,52.1224,49.7433,47.7368,45.1998,38.8225,25.5488,17.2798,12.6157,8.37959,5.01989,3.02112,1.9567,0.91464,-0.891343,179.828,178.399,193.604,191.729
10.708489418029785,0.16528110627889633,0.0,0.7010154745041829,5,0.00131589,5.0,14369.4,222.467,-2.35963,-5.79047,16.0953,35.0455,72.2361,63.8947,57.744,54.0979,51.8893,49.7169,47.9535,45.8894,43.1825,33.7754,20.4605,14.1074,8.91948,5.14632,3.03013,1.93965,0.895292,-0.89435,175.7,173.857,191.267,189.122
10.728626251220703,0.18174586266532536,0.0,0.6903748845064983,5,-0.00628597,5.0,14247.3,219.776,-2.91242,-5.7369,15.9913,34.3234,71.3647,63.2077,57.2647,53.7949,51.7263,49.731,48.1538,46.3875,44.3063,41.5168,26.5846,16.6481,9.79161,5.376,3.08098,1.94487,0.884675,-0.896397,174.938,172.584,189.735,187.392
10.747915506362915,0.2037334049964634,0.0,0.6761651131918608,5,-0.0146818,5.0,14082.9,217.21,-3.46351,-5.68076,15.8683,33.5404,70.5649,62.5972,56.8599,53.5571,51.615,49.7709,48.3416,46.7839,45.0411,42.9904,38.5342,21.2768,11.1773,5.74088,3.1825,1.97627,0.884098,-0.897349,173.474,170.615,187.661,185.128
10.768888235092163,0.22220144480815776,0.0,0.6642298719356264,5,-0.0237032,5.0,13918.2,214.719,-3.99655,-5.62151,15.729,32.7191,69.8199,62.0418,56.5033,53.3553,51.5261,49.8101,48.5001,47.098,45.5742,43.8767,40.9696,30.9835,13.3958,6.28072,3.3436,2.03738,0.894681,-0.897089,171.452,168.077,185.568,182.863
10.788613557815552,0.24160330628356275,0.0,0.6485275855523742,5,-0.0332363,5.0,13744.6,212.293,-4.5293,-5.57965,15.5752,31.8749,69.1185,61.5272,56.1783,53.1725,51.4436,49.8374,48.6244,47.3437,45.9772,44.4983,42.1453,38.5965,17.1399,7.05682,3.57563,2.13214,0.917397,-0.895536,169.117,165.237,183.359,180.51
10.80973768234253,0.2511181200435385,0.0,0.6392746484662765,5,-0.0433148,5.0,13578.9,209.915,-5.09196,-5.56206,15.4069,31.0095,68.4614,61.0542,55.886,53.0116,51.3722,49.8617,48.7304,47.5472,46.3017,44.9779,42.9475,40.2161,24.312,8.17696,3.89542,2.26559,0.953135,-0.892641,166.604,162.245,181.233,178.214
10.82834529876709,0.27198385629566385,0.0,0.6259207810318718,5,-0.0536166,5.0,13422.7,207.562,-5.62322,-5.52687,15.2291,30.1519,67.8221,60.5912,55.5915,52.836,51.2753,49.847,48.7845,47.681,46.5296,45.3215,43.5079,41.187,34.9317,9.77744,4.31579,2.44063,1.00237,-0.88837,164.018,159.222,179.201,176.106
10.848443508148193,0.2879700425400709,0.0,0.6126716908037348,5,-0.0638563,5.0,13271.5,205.252,-6.05726,-5.47914,15.0456,29.3221,67.1791,60.1135,55.2685,52.6191,51.1277,49.7696,48.765,47.7271,46.6514,45.532,43.8759,41.8142,37.0446,12.0779,4.85247,2.66074,1.06571,-0.882676,161.294,156.116,177.202,174.102
10.86978268623352,0.3105502406997358,0.0,0.5953441748573476,5,-0.0738746,5.0,13123.6,202.993,-6.40244,-5.43657,14.8584,28.5279,66.5214,59.6092,54.9055,52.3509,50.9204,49.6232,48.6674,47.6846,46.6711,45.6228,44.0867,42.2087,38.1252,15.4663,5.52504,2.92949,1.14353,-0.875548,158.384,152.898,175.226,172.16
10.889421701431274,0.32775241484244666,0.0,0.584442884959341,5,-0.0834753,5.0,12983.4,200.788,-6.63198,-5.40071,14.6699,27.7777,65.836,59.0646,54.4889,52.0189,50.6417,49.3975,48.4838,47.5472,46.5855,45.5955,44.1549,42.4146,38.7599,20.6282,6.35246,3.24948,1.236,-0.866989,155.461,149.68,173.325,170.343
10.90990400314331,0.34549611347872766,0.0,0.570360806470085,5,-0.0926395,5.0,12842.7,198.617,-6.75519,-5.36441,14.4798,27.0674,65.1234,58.4816,54.0227,51.6288,50.299,49.1014,48.2244,47.3278,46.41,45.4689,44.1069,42.4755,39.1266,28.6079,7.36254,3.62473,1.34342,-0.857001,152.655,146.616,171.41,168.543
10.928343296051025,0.35035733780186623,0.0,0.5644730570920907,5,-0.101585,5.0,12694.1,196.487,-6.84978,-5.36435,14.2856,26.3803,64.4004,57.8805,53.5301,51.2062,49.9195,48.7638,47.9197,47.0587,46.1795,45.2807,43.9859,42.4455,39.3334,31.178,8.60427,4.06224,1.46609,-0.845632,150.149,143.874,169.417,166.596
10.948317050933838,0.3552162798600644,0.0,0.5586172338759365,5,-0.110388,5.0,12557.3,194.358,-6.90369,-5.34296,14.0867,25.7102,63.673,57.2686,53.0201,50.7611,49.5141,48.3966,47.5822,46.7534,45.9088,45.0476,43.8112,42.3488,39.429,32.3198,10.1374,4.5687,1.60422,-0.832919,147.849,141.378,167.579,164.807
10.9700288772583,0.3600501170039177,0.0,0.5528074920182939,5,-0.118931,5.0,12423.1,192.24,-6.8928,-5.30168,13.8843,25.0617,62.934,56.6383,52.485,50.2861,49.0757,47.9931,47.2057,46.4057,45.5924,44.7646,43.5798,42.1847,39.4256,32.9972,12.0236,5.14852,1.7579,-0.818873,145.711,139.089,165.763,163.071
10.988884925842285,0.3648451556437835,0.0,0.5470520582874864,4,-0.127187,5.0,12290.5,190.139,-6.81811,-5.24595,13.6788,24.434,62.1825,55.9892,51.9252,49.782,48.6054,47.555,46.7922,46.0185,45.2333,44.4357,43.2969,41.9609,39.3393,33.4114,14.3483,5.80701,1.92716,-0.803525,143.739,137.014,163.965,161.359
11.008978843688965,0.3694690244131163,0.0,0.5414319616975404,4,-0.135093,4.0,13616.9,188.113,-6.68469,-5.19664,13.4708,23.8282,61.4149,55.3179,51.3376,49.2463,48.101,47.0804,46.3402,45.5905,44.8308,44.0606,42.9633,41.6799,39.1775,33.643,17.2137,6.54829,2.11189,-0.7869,141.606,134.843,162.836,160.727
11.02802300453186,0.3739034651923925,0.0,0.5387052569742286,4,-0.142407,4.0,13566.9,186.17,-6.45066,-5.145,13.2626,23.2528,60.6158,54.6081,50.7055,48.6623,47.5457,46.5524,45.833,45.1053,44.3687,43.6231,42.5632,41.3268,38.9286,33.7143,20.69,7.36854,2.31135,-0.769022,139.551,132.723,161.259,159.393
11.049142360687256,0.3783013897326216,0.0,0.5360010058152879,4,-0.149152,4.0,13269.1,184.243,-6.14546,-5.09889,13.0538,22.7039,59.7878,53.8634,50.0335,48.0352,46.9453,45.9773,45.2772,44.5697,43.8545,43.1314,42.1054,40.9116,38.6061,33.6619,23.1072,8.26901,2.52518,-0.749931,137.466,130.581,158.843,156.827
11.068565607070923,0.382881895468086,0.0,0.5331844868344918,4,-0.155816,4.0,13079.9,182.236,-5.89689,-5.08001,12.8402,22.1663,58.9635,53.12,49.3603,47.4052,46.3408,45.3968,44.715,44.0267,43.3317,42.6298,41.6355,40.4814,38.2612,33.5543,24.1995,9.27205,2.75406,-0.729732,135.488,128.529,156.68,154.384
11.088027715682983,0.3875194578270614,0.0,0.5276271041381448,4,-0.162706,4.0,12929.3,180.204,-5.70391,-5.04707,12.6195,21.6376,58.1626,52.3994,48.7086,46.7954,45.7558,44.8349,44.1707,43.5008,42.8251,42.1436,41.1793,40.0625,37.9219,33.4285,24.902,10.4044,2.99889,-0.708496,133.639,126.638,154.918,152.549
11.108041763305664,0.3921478911262751,0.0,0.5247956352076015,4,-0.169866,4.0,12785.6,178.176,-5.55868,-5.00059,12.3918,21.1162,57.3875,51.7042,48.0809,46.2086,45.1929,44.2944,43.647,42.9948,42.3376,41.6754,40.7397,39.658,37.5919,33.2919,25.4003,11.6897,3.26039,-0.686245,131.987,124.971,153.226,150.824
11.129520177841187,0.3967512195111439,0.0,0.5193027062696947,4,-0.177309,4.0,12640.9,176.159,-5.45687,-4.94279,12.1574,20.6019,56.6386,51.0343,47.4771,45.6444,44.6519,43.7749,43.1437,42.5084,41.8689,41.2251,40.3167,39.2681,37.2716,33.1475,25.7688,13.1557,3.53915,-0.663013,130.436,123.426,151.526,149.086
11.149417161941528,0.40129064447768037,0.0,0.5165399297806618,4,-0.185014,4.0,12498.2,174.17,-5.39925,-4.88826,11.9169,20.0957,55.9139,50.3876,46.8949,45.1005,44.1304,43.2742,42.6585,42.0392,41.4166,40.7905,39.9078,38.8906,36.959,32.9956,26.0457,14.836,3.83595,-0.638807,128.802,121.875,149.858,147.362
11.16947340965271,0.4057775773505866,0.0,0.5138091009332818,4,-0.192877,4.0,12353.9,172.204,-5.36768,-4.83404,11.6715,19.6026,55.2065,49.7566,46.3264,44.5688,43.6203,42.784,42.1831,41.5792,40.9725,40.363,39.5049,38.5172,36.6462,32.8299,26.2466,16.4045,4.15081,-0.613661,127.085,120.17,148.163,145.625
11.187907457351685,0.41022571171950556,0.0,0.5111018855601671,4,-0.200855,4.0,12210.5,170.255,-5.3506,-4.77796,11.4221,19.125,54.5134,49.1379,45.7683,44.0462,43.1183,42.301,41.7142,41.125,40.5335,39.9397,39.1047,38.1449,36.3306,32.6497,26.3849,17.4383,4.48411,-0.587597,125.366,118.45,146.474,143.906
11.207961797714233,0.4146190717298537,0.0,0.5058072439346623,4,-0.20899,4.0,12057.1,168.33,-5.3701,-4.74352,11.1685,18.6615,53.8366,48.5338,45.2227,43.5347,42.6265,41.8275,41.2543,40.6791,40.102,39.5232,38.7099,37.7765,36.0155,32.4596,26.4756,18.19,4.83666,-0.560657,123.677,116.723,144.666,142.077
11.229332208633423,0.41899189135573806,0.0,0.5005525404411921,4,-0.217322,4.0,11916.6,166.414,-5.41449,-4.7049,10.9106,18.2099,53.179,47.9471,44.6926,43.0377,42.1484,41.3668,40.8066,40.2447,39.6815,39.1168,38.3242,37.4156,35.7048,32.2647,26.5313,18.7692,5.21001,-0.532825,122.048,115.041,143.027,140.362
11.250256061553955,0.42333047700751575,0.0,0.495345787049952,4,-0.22574,4.0,11781.0,164.513,-5.45545,-4.65597,10.6497,17.7762,52.5329,47.3698,44.17,42.5468,41.6756,40.9106,40.3627,39.8137,39.2635,38.7123,37.9393,37.0541,35.3905,32.0579,26.5503,19.2205,5.60379,-0.504161,120.464,113.413,141.422,138.742
11.26982307434082,0.42762569962542507,0.0,0.48503218624143013,4,-0.23415,4.0,11648.0,162.631,-5.4792,-4.59975,10.3866,17.3646,51.8929,46.7964,43.6492,42.0564,41.2026,40.4534,39.9173,39.3804,38.8428,38.3045,37.55,36.6869,35.0677,31.8352,26.5329,19.5709,6.01806,-0.474672,118.944,111.86,139.833,137.166
11.28785252571106,0.4318638656198233,0.0,0.47483255015997916,4,-0.242501,4.0,11519.5,160.774,-5.47847,-4.5394,10.1215,16.9776,51.2566,46.2243,43.1278,41.5642,40.727,39.993,39.4681,38.9427,38.417,37.891,37.1542,36.3121,34.7347,31.596,26.4814,19.8406,6.45312,-0.444366,117.585,110.488,138.291,135.652
11.307948350906372,0.4360153055464848,0.0,0.46731584673880944,4,-0.250755,4.0,11393.7,158.955,-5.45752,-4.48612,9.85459,16.6169,50.622,45.6517,42.6041,41.0686,40.2474,39.5279,39.0137,38.4994,37.985,37.4707,36.7508,35.9287,34.3908,31.3404,26.3989,20.0434,6.90948,-0.413231,116.183,109.16,136.782,134.168
11.328922510147095,0.44009371299505234,0.0,0.45735186568419034,4,-0.258854,4.0,11269.2,157.168,-5.40796,-4.4357,9.58612,16.2858,49.9861,45.0758,42.0754,40.5668,39.761,39.0555,38.5516,38.0478,37.5443,37.0412,36.3374,35.5343,34.0342,31.067,26.2865,20.1879,7.38701,-0.381278,114.839,107.836,135.28,132.71
11.347855567932129,0.43573363710895485,0.0,0.44959589997909855,4,-0.266824,4.0,11148.2,155.407,-5.33282,-4.38608,9.31619,15.985,49.3499,44.4978,41.543,40.0604,39.2694,38.5775,38.0835,37.5898,37.0967,36.6042,35.9158,35.1311,33.6668,30.7786,26.1484,20.2835,7.87739,-0.34856,113.655,106.683,133.815,131.294
11.368918895721436,0.43124092295765876,0.0,0.4418020781442828,4,-0.274741,4.0,11020.6,153.674,-5.25754,-4.35009,9.04428,15.7119,48.718,43.9224,41.0119,39.5543,38.7776,38.0986,37.6142,37.1303,36.6472,36.1649,35.4913,34.724,33.2941,30.4808,25.9916,20.341,8.32003,-0.315074,112.639,105.694,132.264,129.821
11.388051509857178,0.41836096763186154,0.0,0.43570697790781415,3,-0.282711,4.0,10899.3,151.958,-5.19143,-4.31695,8.77021,15.4638,48.0959,43.3555,40.4878,39.0544,38.2915,37.6251,37.1498,36.6754,36.2019,35.7294,35.0699,34.3194,32.9223,30.1799,25.8228,20.3695,8.71011,-0.280877,111.82,104.899,130.838,128.351
11.408244132995605,0.40541865571796887,0.0,0.4265898716108105,3,-0.290666,3.0,13344.2,150.292,-5.10686,-4.27362,8.49545,15.2452,47.48,42.7932,39.9671,38.5573,37.8075,37.1532,36.6869,36.2215,35.7573,35.2943,34.6483,33.9137,32.5481,29.8733,25.6407,20.3703,9.05361,-0.245957,111.174,104.31,130.135,128.031
11.428824186325073,0.3608403450613841,0.0,0.41842168820658737,3,-0.298368,3.0,13296.0,148.707,-4.96683,-4.222,8.23299,15.0708,46.8573,42.2228,39.4371,38.0501,37.3132,36.6706,36.2129,35.7564,35.3011,34.8472,34.2144,33.4952,32.1599,29.5499,25.4359,20.3378,9.35311,-0.210307,110.73,103.958,128.984,127.063
11.44778561592102,0.3258083155896359,0.0,0.3334287748138221,3,-0.305641,3.0,13009.6,147.133,-4.78917,-4.16556,7.98666,14.9554,46.2189,41.6352,38.889,37.5244,36.8001,36.1689,35.7195,35.2716,34.8251,34.3801,33.7601,33.0559,31.75,29.2029,25.203,20.269,9.61125,-0.173939,110.753,104.091,126.936,124.728
11.469351768493652,0.32103674193441867,0.0,0.17194665383359875,3,-0.312675,3.0,12884.8,145.509,-4.58841,-4.10648,7.75579,14.8975,45.5752,41.0415,38.334,36.9911,36.2791,35.659,35.2178,34.7782,34.3402,33.904,33.2964,32.6068,31.3293,28.8431,24.9526,20.1747,9.83403,-0.136915,113.561,107.064,125.769,123.345
11.488208293914795,0.32330058230817316,0.0,0.0,3,-0.320281,3.0,12887.7,144.067,-4.33827,-4.05217,7.53605,14.8557,44.9682,40.4835,37.8134,36.4917,35.7915,35.182,34.7486,34.317,33.8873,33.4594,32.8636,32.188,30.9373,28.5086,24.7203,20.0856,10.0353,-0.0992008,120.185,114.089,125.781,123.333
11.508430004119873,0.3249034817683697,0.0,0.0,3,-0.326274,3.0,12931.6,143.046,-4.11703,-4.00967,7.31923,14.7363,44.4636,40.0267,37.3921,36.0902,35.401,34.8014,34.3753,33.951,33.5287,33.1085,32.5236,31.8607,30.6345,28.2572,24.559,20.0475,10.2354,-0.0605838,127.884,123.042,126.343,123.589
11.529614448547363,0.333390332664363,0.0,0.0,3,-0.315622,3.0,12874.1,142.412,-4.15135,-3.98405,7.0987,14.4536,44.1069,39.7154,37.1136,35.8294,35.1502,34.5594,34.1396,33.7218,33.3061,32.8925,32.3172,31.6653,30.4603,28.1267,24.503,20.0896,10.4494,-0.0226243,130.491,126.631,126.106,122.724
11.54916501045227,0.36508316348934855,0.0,0.0,3,-0.307067,3.0,12823.8,141.913,-4.47081,-3.97097,6.87703,14.0483,43.8603,39.5116,36.9397,35.6715,35.0011,34.4182,34.0041,33.592,33.182,32.7743,32.2072,31.565,30.3783,28.082,24.5205,20.1863,10.6711,0.0137825,131.109,127.454,125.892,121.957
11.568890571594238,0.381888706407665,0.0,0.0,3,-0.299576,3.0,12775.4,141.45,-4.9618,-3.99239,6.65923,13.5978,43.67,39.3613,36.817,35.5634,34.901,34.3253,33.9165,33.5096,33.1049,32.7024,32.1428,31.5091,30.339,28.0757,24.5688,20.3027,10.8889,0.0486794,131.01,127.314,125.6,121.314
11.587957859039307,0.390868247423172,0.0,0.0,3,-0.29249,3.0,12727.7,140.993,-5.54459,-4.05033,6.44886,13.1512,43.5017,39.2307,36.7122,35.4722,34.8172,34.2482,33.8441,33.4422,33.0423,32.6447,32.0921,31.4664,30.3113,28.0786,24.6217,20.4172,11.0953,0.0820376,130.689,126.927,125.229,120.764
11.609801769256592,0.3917266326713562,0.0,0.0,3,-0.285399,3.0,12679.3,140.534,-6.15599,-4.13914,6.24791,12.7335,43.3347,39.0993,36.6052,35.3781,34.7302,34.1673,33.7678,33.3704,32.9752,32.5823,32.0362,31.418,30.2771,28.0735,24.6636,20.5176,11.2861,0.113856,130.271,126.475,124.794,120.263
11.629642724990845,0.39259436852137247,0.0,0.0,3,-0.278455,3.0,12631.0,140.07,-6.75783,-4.2402,6.05725,12.351,43.1628,38.9611,36.4899,35.2752,34.634,34.0771,33.6818,33.2887,32.8979,32.5094,31.9696,31.3586,30.2312,28.055,24.6902,20.6004,11.4604,0.144114,129.816,126.008,124.339,119.784
11.649490356445312,0.3934789354546865,0.0,0.0,3,-0.271441,3.0,12582.9,139.597,-7.3315,-4.33467,5.87644,11.9991,42.9882,38.8182,36.3689,35.1658,34.531,33.9798,33.5885,33.1995,32.8128,32.4285,31.8946,31.2905,30.1761,28.0259,24.7038,20.6678,11.6194,0.172848,129.338,125.522,123.886,119.309
11.67078948020935,0.39438220359166465,0.0,0.0,3,-0.264564,3.0,12532.6,139.114,-7.89803,-4.42061,5.7045,11.6661,42.8212,38.6808,36.252,35.0597,34.4309,33.885,33.4976,33.1124,32.7296,32.3492,31.8207,31.223,30.1208,27.9949,24.713,20.7273,11.7664,0.200081,128.858,125.01,123.444,118.779
11.688175439834595,0.39530978329340616,0.0,0.0,3,-0.258006,3.0,12483.0,138.618,-8.48572,-4.49603,5.54075,11.344,42.67,38.557,36.1472,34.9649,34.3415,33.8005,33.4167,33.0352,32.6559,32.2791,31.7557,31.1638,30.0727,27.9693,24.7241,20.7845,11.9039,0.22582,128.39,124.478,123.016,118.248
11.70947813987732,0.39626354468027747,0.0,0.0,3,-0.251737,3.0,12433.2,138.108,-9.08108,-4.55373,5.3852,11.0343,42.5329,38.4453,36.0529,34.8799,34.2615,33.725,33.3444,32.9662,32.5903,32.2168,31.6981,31.1116,30.0306,27.948,24.7365,20.839,12.0324,0.250106,127.914,123.93,122.582,117.721
11.729300022125244,0.3972397475115458,0.0,0.0,3,-0.246051,3.0,12382.5,137.586,-9.68599,-4.59455,5.2377,10.7369,42.4106,38.3462,35.9697,34.8053,34.1916,33.6591,33.2815,32.9062,32.5333,32.1629,31.6486,31.067,29.9953,27.9316,24.7507,20.8916,12.1529,0.272981,127.43,123.366,122.142,117.184
11.74970006942749,0.39823839178721115,0.0,0.0,3,-0.240674,3.0,12330.6,137.052,-10.3051,-4.62438,5.09824,10.4528,42.3017,38.2586,35.8967,34.74,34.1306,33.6019,33.227,32.8544,32.4842,32.1166,31.6062,31.0291,29.966,27.9193,24.7663,20.942,12.2654,0.294482,126.935,122.791,121.686,116.637
11.767828941345215,0.3992576073869069,0.0,0.0,3,-0.235624,3.0,12275.4,136.507,-10.9605,-4.65947,4.96646,10.1808,42.2076,38.1837,35.835,34.6853,34.0797,33.5545,33.182,32.8119,32.4442,32.079,31.5721,30.9991,29.9438,27.9124,24.7848,20.9918,12.3709,0.314643,126.431,122.208,121.219,116.041
11.789996862411499,0.4002992644309998,0.0,0.0,3,-0.23079,3.0,12220.9,135.95,-11.6438,-4.69908,4.84299,9.92605,42.1228,38.1161,35.7795,34.636,34.0339,33.5118,33.1416,32.7738,32.4084,32.0454,31.5417,30.9724,29.924,27.9068,24.8021,21.0377,12.468,0.333456,125.917,121.627,120.74,115.466
11.809898138046265,0.40135775255839035,0.0,0.0,3,-0.225957,3.0,12166.3,135.384,-12.312,-4.73449,4.7286,9.6964,42.0372,38.0462,35.7206,34.583,33.984,33.4647,33.0965,32.7308,32.3676,32.0068,31.506,30.9401,29.8982,27.8943,24.8111,21.0738,12.555,0.350935,125.369,121.048,120.234,114.917
11.83030390739441,0.4024330717690786,0.0,0.0,3,-0.221328,3.0,12111.4,134.809,-12.9502,-4.76372,4.62359,9.49414,41.9469,37.9702,35.6546,34.5225,33.9265,33.4098,33.0436,32.6798,32.3185,31.9597,31.4618,30.8992,29.8634,27.8719,24.8093,21.0983,12.631,0.367105,124.794,120.467,119.709,114.381
11.847928762435913,0.4035214818223318,0.0,0.0,3,-0.216595,3.0,12055.8,134.227,-13.5539,-4.78847,4.52765,9.31872,41.8505,37.8868,35.5805,34.4536,33.8605,33.3462,32.9818,32.6198,32.2603,31.9034,31.4082,30.8487,29.8188,27.8391,24.7963,21.111,12.6964,0.382034,124.199,119.883,119.163,113.853
11.868896245956421,0.4046211125977834,0.0,0.0,3,-0.211848,3.0,11997.5,133.639,-14.1518,-4.82255,4.44042,9.1669,41.7522,37.8002,35.5025,34.3801,33.7897,33.2778,32.9151,32.5548,32.197,31.8418,31.349,30.7923,29.768,27.7994,24.7755,21.1147,12.7522,0.395714,123.597,119.291,118.614,113.276
11.890855550765991,0.4057357043361664,0.0,0.0,3,-0.207048,3.0,11940.8,133.043,-14.7329,-4.85681,4.36206,9.03967,41.6502,37.7084,35.4187,34.3005,33.7124,33.2028,32.8417,32.483,32.1268,31.7732,31.2827,30.7287,29.7095,27.7516,24.7455,21.1084,12.7982,0.408152,122.994,118.703,118.069,112.725
11.908075094223022,0.4068596466763814,0.0,0.0,3,-0.202082,3.0,11884.6,132.442,-15.2657,-4.88231,4.29277,8.94053,41.5387,37.6062,35.3237,34.2097,33.6238,33.1161,32.7565,32.3994,32.0448,31.6928,31.2045,30.653,29.6387,27.6912,24.7027,21.0893,12.8337,0.419384,122.374,118.115,117.513,112.196
11.93137788772583,0.40799293961842853,0.0,0.0,3,-0.1972,3.0,11828.7,131.836,-15.7442,-4.89669,4.23257,8.86991,41.4172,37.4931,35.2174,34.1072,33.5235,33.0177,32.6595,32.3038,31.9507,31.6002,31.1141,30.5651,29.5556,27.6182,24.6471,21.0573,12.8587,0.429441,121.741,117.523,116.951,111.677
11.950173377990723,0.4441216955123841,0.0,0.0,3,-0.192174,3.0,11772.5,131.227,-16.1741,-4.90194,4.18108,8.82657,41.2876,37.371,35.1015,33.995,33.4133,32.9094,32.5525,32.1982,31.8464,31.4974,31.0134,30.4669,29.462,27.5343,24.5802,21.014,12.8741,0.438369,121.103,116.926,116.381,111.162
11.969102144241333,0.4819022752344608,0.0,0.0,3,-0.187163,3.0,11714.2,130.61,-16.5903,-4.9118,4.13754,8.80581,41.157,37.2469,34.9829,33.8797,33.2999,32.7978,32.4421,32.089,31.7386,31.3908,30.9087,30.3644,29.364,27.4454,24.5075,20.964,12.8818,0.446186,120.359,116.219,115.817,110.6
11.989075422286987,0.5117012092778366,0.0,0.0,3,-0.182156,3.0,11657.1,129.983,-16.9864,-4.91773,4.1018,8.80811,41.0249,37.1201,34.8612,33.7609,33.1829,32.6823,32.3278,31.9758,31.6266,31.2801,30.7997,30.2575,29.2612,27.3512,24.4289,20.9072,12.8822,0.452928,119.545,115.435,115.26,110.053
12.008751630783081,0.552457334525433,0.0,0.0,3,-0.177101,3.0,11600.0,129.345,-17.3412,-4.91271,4.07414,8.83678,40.8879,36.9875,34.7332,33.6356,33.0591,32.56,32.2066,31.8559,31.5078,31.1624,30.6837,30.1434,29.151,27.2494,24.3421,20.8419,12.8747,0.4586,118.698,114.611,114.696,109.515
12.029666900634766,0.5743154856774894,0.0,0.0,3,-0.172262,3.0,11542.6,128.698,-17.6552,-4.89612,4.05414,8.89155,40.7473,36.8505,34.6003,33.5051,32.9301,32.4323,32.0799,31.7302,31.3832,31.039,30.5618,30.0234,29.0346,27.1411,24.2483,20.7691,12.86,0.463273,117.795,113.721,114.125,108.976
12.04974913597107,0.5966829296093155,0.0,0.0,3,-0.167419,3.0,11484.3,128.041,-17.937,-4.87153,4.04145,8.97233,40.6048,36.7107,34.4639,33.3711,32.7974,32.3008,31.9493,31.6005,31.2546,30.9114,30.4357,29.8991,28.9137,27.0279,24.1489,20.6902,12.8389,0.466998,116.91,112.832,113.545,108.431
12.071292638778687,0.619562909185964,0.0,0.0,3,-0.162688,3.0,11423.8,127.375,-18.2151,-4.85073,4.03544,9.07647,40.4653,36.5729,34.3289,33.2382,32.6656,32.1701,31.8194,31.4714,31.1263,30.7841,30.3098,29.7748,28.7925,26.9136,24.0476,20.6083,12.8128,0.469791,116.039,111.94,112.962,107.846
12.088160514831543,0.6321527260479703,0.0,0.0,3,-0.158052,3.0,11363.7,126.701,-18.4822,-4.82633,4.03602,9.20548,40.328,36.4364,34.1947,33.1056,32.534,32.0395,31.6895,31.3423,30.9979,30.6564,30.1833,29.6498,28.6705,26.7979,23.9441,20.5231,12.7817,0.471681,115.177,111.049,112.381,107.266
12.109809637069702,0.6340806164838373,0.0,0.0,3,-0.153453,3.0,11303.6,126.02,-18.7212,-4.79346,4.04324,9.36384,40.1935,36.2985,34.0587,32.9709,32.4003,31.9066,31.5573,31.2108,30.8671,30.5263,30.0543,29.522,28.5455,26.6788,23.8366,20.4333,12.7453,0.472696,114.345,110.185,111.793,106.693
12.131958961486816,0.6360226617687196,0.0,0.0,3,-0.149152,3.0,11243.2,125.334,-18.9318,-4.75251,4.05696,9.55486,40.0745,36.1594,33.921,32.8343,32.2644,31.7715,31.4228,31.0769,30.7339,30.3938,29.9227,29.3916,28.4175,26.5565,23.7254,20.3392,12.7039,0.472881,113.566,109.373,111.199,106.12
12.14828872680664,0.6598729787337779,0.0,0.0,3,-0.144895,3.0,11182.5,124.646,-19.1176,-4.70622,4.07682,9.78196,39.9731,36.0196,33.7821,32.6963,32.1271,31.6348,31.2866,30.9412,30.5988,30.2593,29.7891,29.2591,28.2872,26.4316,23.6108,20.2411,12.658,0.472295,112.822,108.601,110.6,105.545
12.171285629272461,0.6618963385512431,0.0,0.0,2,-0.140748,3.0,11120.5,123.955,-19.2949,-4.66195,4.10228,10.046,39.8934,35.8818,33.6447,32.5596,31.9909,31.4991,31.1512,30.8063,30.4644,30.1255,29.6561,29.127,28.1571,26.3062,23.4951,20.141,12.6083,0.470961,112.024,107.779,109.998,104.95
12.188822269439697,0.6638552788086732,0.0,0.0,2,-0.136706,2.0,13957.4,123.286,-19.4584,-4.6147,4.13322,10.3541,39.8362,35.7459,33.5086,32.424,31.8556,31.3642,31.0167,30.6721,30.3306,29.9921,29.5234,28.9952,28.027,26.1804,23.3782,20.0389,12.5551,0.468905,111.273,106.998,110.419,105.863
12.21225643157959,0.6656443856805563,0.0,0.0,2,-0.1326,2.0,13905.1,122.675,-19.5856,-4.56258,4.16991,10.7293,39.7936,35.6047,33.3669,32.2828,31.7147,31.2237,30.8764,30.5322,30.191,29.8529,29.3848,28.8575,27.891,26.0486,23.2554,19.931,12.4969,0.466178,110.561,106.267,110.441,106.166
12.229437828063965,0.6673807856396834,0.0,0.0,2,-0.128489,2.0,13889.2,122.082,-19.6649,-4.5076,4.21291,11.2106,39.7578,35.4518,33.2137,32.13,31.5623,31.0717,30.7248,30.381,30.0401,29.7024,29.235,28.7086,27.7441,25.9061,23.1225,19.8139,12.4327,0.4628,109.885,105.589,108.941,104.223
12.252477645874023,0.6693895046480497,0.0,0.0,2,-0.124227,2.0,13615.1,121.396,-19.6984,-4.45027,4.26203,11.8596,39.7289,35.2878,33.0495,31.9662,31.399,30.9089,30.5624,30.2189,29.8785,29.5413,29.0746,28.549,27.5866,25.7535,22.9801,19.6882,12.3627,0.458819,109.223,104.945,107.041,101.781
12.268919229507446,0.6715622007183234,0.0,0.0,2,-0.119995,2.0,13448.0,120.654,-19.7151,-4.39423,4.31617,12.8389,39.7202,35.1311,32.8838,31.8008,31.2339,30.7441,30.398,30.0549,29.7149,29.3782,28.9121,28.3874,27.4268,25.5984,22.8349,19.5594,12.2894,0.454252,108.546,104.291,105.831,100.376
12.292337417602539,0.6738139571577311,0.0,0.0,2,-0.116066,2.0,13326.0,119.885,-19.7372,-4.33384,4.37408,47.4371,39.75,35.0003,32.7279,31.6449,31.078,30.5884,30.2425,29.8997,29.56,29.2236,28.758,28.234,27.2747,25.4503,22.6952,19.4344,12.2156,0.449116,107.857,103.607,104.93,99.3839
12.309515953063965,0.6761067078626156,0.0,0.0,2,-0.112618,2.0,13223.5,119.102,-19.782,-4.26785,4.43466,47.4345,39.8333,34.9059,32.5895,31.5059,30.9388,30.4491,30.1031,29.7604,29.4208,29.0845,28.6192,28.0954,27.137,25.3151,22.5663,19.3174,12.1432,0.443457,107.17,102.897,104.174,98.56
12.327963590621948,0.6671277344950941,0.0,0.0,2,-0.109843,2.0,13129.2,118.307,-19.8601,-4.19782,4.49716,47.4526,39.9798,34.8548,32.4724,31.3875,30.82,30.3298,29.9836,29.6406,29.3008,28.9644,28.499,27.9752,27.0168,25.1959,22.451,19.2108,12.0733,0.43731,106.486,102.164,103.486,97.7998
12.351069450378418,0.6581834933868795,0.0,0.0,2,-0.107789,2.0,13038.2,117.506,-19.9759,-4.1248,4.56117,47.4934,40.1574,34.8522,32.3823,31.291,30.7225,30.2316,29.8849,29.5414,29.2011,28.8643,28.3984,27.8742,26.9151,25.0936,22.3501,19.1152,12.0061,0.43071,105.842,101.455,102.828,97.0604
12.369285345077515,0.6271704570567235,0.0,0.0,2,-0.106314,2.0,12948.2,116.7,-20.1284,-4.05038,4.62592,47.5557,40.3498,34.902,32.3335,31.2161,30.6463,30.1544,29.8069,29.4627,29.1218,28.7843,28.3175,27.7923,26.832,25.0082,22.2635,19.0305,11.9419,0.423728,105.222,100.761,102.182,96.3267
12.392343282699585,0.607551780085455,0.0,0.0,2,-0.105378,2.0,12858.4,115.891,-20.313,-3.97435,4.69142,47.6369,40.5535,35.0072,32.3285,31.1677,30.59,30.0968,29.7483,29.4032,29.0613,28.7229,28.2549,27.7284,26.7659,24.9386,22.1901,18.9559,11.8803,0.416365,104.691,100.157,101.536,95.5959
12.409984827041626,0.5566699297765891,0.0,0.0,2,-0.104979,2.0,12768.0,115.08,-20.5275,-3.89702,4.75727,47.7364,40.7677,35.1737,32.3714,31.1616,30.5611,30.0589,29.7093,29.363,29.0201,28.6805,28.211,27.6828,26.7172,24.885,22.1302,18.8915,11.8215,0.408658,104.169,99.5705,100.888,94.8593
12.427687406539917,0.5482408298479021,0.0,0.0,2,-0.105083,2.0,12677.2,114.272,-20.7741,-3.82223,4.82316,47.8517,40.9902,35.4066,32.4653,31.2009,30.5744,30.0512,29.691,29.3413,28.997,28.6562,28.1848,27.6546,26.6853,24.8465,22.0831,18.8369,11.7653,0.400651,103.763,99.1037,100.236,94.1195
12.452801704406738,0.5296481380107689,0.0,0.0,2,-0.105817,2.0,12586.2,113.466,-21.0464,-3.75094,4.88903,47.9811,41.2201,35.7101,32.6126,31.2874,30.632,30.0854,29.7095,29.345,28.9916,28.6481,28.1746,27.642,26.6684,24.8217,22.0476,18.7912,11.7116,0.392375,103.276,98.5811,99.5799,93.382
12.471056461334229,0.5013732205078254,0.0,0.0,2,-0.106968,2.0,12495.2,112.662,-21.3388,-3.68367,4.95493,48.1216,41.4539,36.0726,32.8157,31.4225,30.7351,30.1626,29.7692,29.3882,29.019,28.6611,28.1781,27.6429,26.6644,24.8086,22.0219,18.7529,11.6598,0.383848,102.756,98.0389,98.9181,92.6487
12.490118265151978,0.4834357825125754,0.0,0.0,2,-0.108428,2.0,12405.0,111.861,-21.639,-3.61693,5.02073,48.2694,41.6875,36.4295,33.077,31.608,30.885,30.2838,29.8711,29.4718,29.0852,28.7107,28.206,27.6554,26.6712,24.8054,22.0044,18.7207,11.6095,0.375113,102.254,97.5232,98.2534,91.9302
12.508803129196167,0.4657504402743777,0.0,0.0,2,-0.110134,2.0,12314.6,111.064,-21.9387,-3.55104,5.08655,48.4211,41.9175,36.7714,33.3994,31.8457,31.0832,30.4502,30.0162,29.5967,29.1909,28.7983,28.2696,27.6936,26.6867,24.81,21.9935,18.6932,11.5602,0.366191,101.717,96.988,97.5788,91.2195
12.532721519470215,0.4206034829164172,0.0,0.0,2,-0.112128,2.0,12223.7,110.268,-22.2418,-3.48624,5.152,48.5792,42.1479,37.1025,33.7923,32.1443,31.3375,30.6689,30.2112,29.7692,29.3422,28.9294,28.3742,27.7702,26.7179,24.8244,21.9906,18.6718,11.5125,0.357096,101.158,96.4308,96.9032,90.5033
12.5517578125,0.36902457642419884,0.0,0.0,2,-0.114412,2.0,12133.0,109.476,-22.5529,-3.4244,5.21678,48.7453,42.3806,37.4241,34.2043,32.5113,31.6546,30.9461,30.4618,29.9947,29.5439,29.1087,28.5241,27.889,26.785,24.8488,21.9961,18.6568,11.4667,0.34786,100.686,95.951,96.2292,89.7868
12.570164680480957,0.3617199277057002,0.0,0.0,2,-0.117149,2.0,12042.9,108.69,-22.8689,-3.36507,5.28075,48.9181,42.6143,37.739,34.5993,32.9431,32.041,31.2874,30.7732,30.2779,29.8005,29.3402,28.7227,28.0531,26.8918,24.8827,22.0097,18.6479,11.4225,0.338511,100.295,95.5497,95.5584,89.0764
12.589102983474731,0.3628921335134407,0.0,0.0,2,-0.120121,2.0,11953.6,107.908,-23.1855,-3.30876,5.34375,49.096,42.8474,38.0468,34.9772,33.3679,32.4852,31.6992,31.1512,30.6242,30.1169,29.6284,28.9741,28.266,27.0411,24.9322,22.0307,18.6447,11.38,0.329081,99.7884,95.0577,94.8898,88.3749
12.609103679656982,0.33896195138571167,0.0,0.0,2,-0.123273,2.0,11866.3,107.128,-23.4917,-3.24983,5.40577,49.2767,43.078,38.3455,35.3371,33.7709,32.9135,32.15,31.5966,31.0388,30.4978,29.9776,29.2821,28.5308,27.2351,25.0151,22.0581,18.6463,11.3391,0.319601,99.1777,94.4728,94.2283,87.6977
12.628400564193726,0.31576463333129884,0.0,0.0,2,-0.126544,2.0,11779.1,106.352,-23.7843,-3.19166,5.467,49.4586,43.3053,38.6324,35.6795,34.1505,33.3163,32.5744,32.0373,31.494,30.9443,30.3919,29.6501,28.8505,27.4758,25.1332,22.0902,18.6514,11.2991,0.310082,98.5926,93.908,93.5606,87.0295
12.648519277572632,0.2707568987024327,0.0,0.0,2,-0.129998,2.0,11691.5,105.58,-24.0702,-3.13468,5.52695,49.6456,43.5329,38.9139,36.0117,34.513,33.6998,32.9777,32.4555,31.9277,31.3943,30.855,30.0897,29.2355,27.772,25.2926,22.1293,18.6618,11.261,0.300544,98.0281,93.3533,92.8952,86.3524
12.669298648834229,0.24285008316323162,0.0,0.0,2,-0.133642,2.0,11604.4,104.812,-24.3549,-3.08066,5.5855,49.8378,43.7615,39.1922,36.3348,34.8639,34.067,33.3624,32.8538,32.3403,31.8216,31.2977,30.5552,29.6931,28.1308,25.4979,22.1764,18.6781,11.2247,0.290997,97.5535,92.8735,92.2358,85.6757
12.689135551452637,0.23664523334785675,0.0,0.0,2,-0.137596,2.0,11517.9,104.05,-24.6372,-3.03091,5.64244,50.0341,43.9896,39.4661,36.6481,35.2036,34.4215,33.7304,33.2331,32.7324,32.2273,31.7175,30.9956,30.1587,28.5591,25.7533,22.2486,18.6999,11.1905,0.28148,97.0763,92.3979,91.5807,85.0056
12.709870338439941,0.2304937610667447,0.0,0.0,2,-0.141707,2.0,11432.4,103.293,-24.9121,-2.98498,5.69793,50.2331,44.2171,39.7338,36.9513,35.5306,34.7625,34.0841,33.596,33.105,32.6112,32.1141,31.4111,30.597,29.0386,26.0625,22.3543,18.7263,11.1579,0.272002,96.5138,91.8553,90.9298,84.345
12.729902744293213,0.2111036580376948,0.0,0.0,2,-0.145895,2.0,11348.6,102.54,-25.1723,-2.94001,5.75207,50.4339,44.4425,39.9944,37.2451,35.8437,35.0887,34.4223,33.9429,33.4609,32.9761,32.4887,31.8018,31.0086,29.4927,26.4301,22.495,18.7566,11.1267,0.262582,95.9078,91.2753,90.2848,83.7029
12.751145124435425,0.18629430451557039,0.0,0.0,2,-0.150074,2.0,11266.1,101.792,-25.4079,-2.89548,5.80502,50.6326,44.6619,40.2458,37.5259,36.1416,35.3969,34.7416,34.2705,33.7969,33.3207,32.842,32.1677,31.3914,29.9142,26.8589,22.6712,18.7889,11.0965,0.253256,95.3163,90.713,89.6366,83.0873
12.771018743515015,0.1629591772290164,0.0,0.0,2,-0.154281,2.0,11183.2,101.053,-25.6227,-2.85131,5.85665,50.8307,44.8772,40.4902,37.7958,36.4282,35.6925,35.0456,34.5817,34.116,33.648,33.1776,32.5151,31.7527,30.308,27.3311,22.8877,18.824,11.0674,0.244023,94.7571,90.1761,88.9894,82.4642
12.791279315948486,0.14654458209406585,0.0,0.0,2,-0.158567,2.0,11100.9,100.319,-25.8271,-2.81126,5.90651,21.4477,45.0919,40.7306,38.0587,36.7068,35.9798,35.3406,34.8823,34.4228,33.9619,33.4994,32.8481,32.0988,30.6803,27.7782,23.1512,18.8673,11.0403,0.234902,94.2181,89.6532,88.3512,81.84
12.811287879943848,0.14697139558847994,0.0,0.0,2,-0.16297,2.0,11019.5,99.5918,-26.0208,-2.7751,5.95456,19.5616,45.3065,40.9667,38.3163,36.9771,36.2586,35.6268,35.1739,34.7198,34.2644,33.8079,33.167,32.4302,31.0359,28.1979,23.4667,18.9363,11.015,0.225912,93.6678,89.1216,87.7211,81.2214
12.831872701644897,0.13132899735776832,0.0,0.0,2,-0.16753,2.0,10939.1,98.8696,-26.201,-2.74313,6.00081,18.3473,45.52,41.1993,38.5678,37.2393,36.528,35.9034,35.4557,35.0068,34.5567,34.1055,33.4722,32.7463,31.375,28.5915,23.8394,19.0345,10.9916,0.217067,93.0591,88.5427,87.0972,80.6127
12.851999282836914,0.11166664300513329,0.0,0.0,2,-0.172097,2.0,10859.8,98.1534,-26.3649,-2.71446,6.04533,17.4735,45.7308,41.4271,38.8121,37.4939,36.7881,36.1693,35.7266,35.2827,34.8377,34.3916,33.7655,33.048,31.6972,28.9607,24.2751,19.1635,10.9699,0.20839,92.4724,87.9811,86.4792,80.0152
12.871270656585693,0.10255565304087381,0.0,0.0,2,-0.17662,2.0,10782.8,97.4447,-26.5034,-2.68486,6.08832,16.8,45.9369,41.6481,39.047,37.7388,37.0384,36.4243,35.9851,35.5456,35.1054,34.6643,34.0452,33.3356,32.001,29.3083,24.7293,19.3245,10.9495,0.199889,91.9097,87.4448,85.865,79.4473
12.892869710922241,0.09826955003303786,0.0,0.0,2,-0.181051,2.0,10706.3,96.7459,-26.6136,-2.65695,6.12999,16.2561,46.1371,41.8599,39.2714,37.972,37.2768,36.6673,36.2313,35.795,35.3585,34.9217,34.3093,33.6075,32.2874,29.6337,25.1481,19.5189,10.9298,0.191576,91.3246,86.9018,85.2516,78.889
12.913882493972778,0.08968542517714077,0.0,0.0,2,-0.185467,2.0,10630.2,96.0549,-26.6999,-2.62923,6.16977,15.7907,46.3356,42.0675,39.4907,38.1978,37.5076,36.9026,36.4698,36.0367,35.6033,35.1698,34.5626,33.8682,32.5623,29.9424,25.5388,19.7527,10.9121,0.183473,90.7219,86.3354,84.6461,78.3268
12.927419662475586,0.07739627204757804,0.0,0.0,2,-0.189902,2.0,10554.9,95.37,-26.7729,-2.60524,6.20746,15.378,46.534,42.2736,39.7066,38.4196,37.733,37.1322,36.7025,36.2726,35.8423,35.4118,34.8089,34.1201,32.8277,30.2368,25.9057,20.0317,10.8966,0.175587,90.1276,85.7707,84.052,77.7655
12.949454545974731,0.06598025993923842,0.0,0.0,2,-0.194416,2.0,10480.6,94.6919,-26.8311,-2.58438,6.24315,15.0048,46.7317,42.4776,39.9186,38.6375,37.9539,37.3559,36.929,36.5021,36.0748,35.6474,35.0488,34.3647,33.0835,30.5193,26.251,20.3603,10.8832,0.167916,89.5571,85.2235,83.4675,77.2118
12.96929931640625,0.05208620135911306,0.0,0.0,2,-0.198992,2.0,10407.5,94.0219,-26.8738,-2.56759,6.2766,14.662,46.9283,42.6786,40.126,38.8506,38.17,37.5746,37.1495,36.7247,36.3002,35.8758,35.2813,34.602,33.3296,30.7908,26.5788,20.7438,10.8721,0.160513,88.9948,84.6859,82.8898,76.6673
12.9900803565979,0.03159136626213882,0.0,0.0,2,-0.203516,2.0,10335.4,93.3613,-26.8984,-2.5545,6.30804,14.3445,47.123,42.875,40.3285,39.0573,38.3797,37.7869,37.3637,36.9407,36.518,36.0958,35.5053,34.8306,33.5668,31.0502,26.8888,21.1615,10.863,0.153377,88.448,84.1659,82.318,76.1343
13.010315418243408,0.020064201533754666,0.0,0.0,2,-0.207952,2.0,10265.9,92.7112,-26.8964,-2.54032,6.33784,14.049,47.3138,43.0663,40.5248,39.2564,38.5815,37.9913,37.5698,37.1486,36.7277,36.3072,35.7194,35.049,33.7936,31.2962,27.1803,21.5517,10.8554,0.146487,87.9298,83.6768,81.7518,75.6326
13.030351877212524,0.02011386902785798,0.0,0.0,2,-0.212253,2.0,10196.8,92.0743,-26.8707,-2.53069,6.36563,13.7713,47.4988,43.2509,40.713,39.4475,38.774,38.186,37.7663,37.3469,36.9277,36.509,35.9236,35.256,34.0086,31.5278,27.4527,21.9131,10.8493,0.139924,87.4015,83.1925,81.1881,75.1371
13.050739526748657,0.018147953235846944,0.0,0.0,2,-0.216476,2.0,10128.8,91.4481,-26.8172,-2.51942,6.39149,13.5065,47.6807,43.4314,40.8958,39.6331,38.9611,38.3742,37.9559,37.5382,37.1208,36.7038,36.1208,35.4558,34.2146,31.7496,27.7107,22.2498,10.8452,0.133643,86.8364,82.6724,80.6368,74.645
13.071433782577515,0.02021088791530331,0.0509796142578125,0.0,2,-0.220663,2.0,10061.8,90.8302,-26.7471,-2.51124,6.41505,13.2502,47.8623,43.6097,41.0756,39.8155,39.1449,38.5593,38.1418,37.725,37.309,36.8938,36.3131,35.6509,34.4144,31.9646,27.9585,22.5657,10.8435,0.127671,86.2669,82.1425,80.099,74.1558
13.091192960739136,0.018233206927659923,0.1137237548828125,0.0,2,-0.224829,2.0,10110.5,90.2335,-26.6545,-2.50383,6.43664,13.0021,48.0427,43.7851,41.2523,39.9936,39.3245,38.7401,38.3234,37.9074,37.4923,37.078,36.4996,35.8401,34.6084,32.1715,28.1954,22.8635,10.8452,0.121976,85.6877,81.6023,80.2458,74.6886
13.112447023391724,0.01827154511839617,0.20391845703125,0.0,2,-0.228955,2.0,10251.8,89.6873,-26.5372,-2.50089,6.45606,12.7624,48.2177,43.9545,41.4221,40.1639,39.4959,38.9128,38.497,38.0819,37.6676,37.2541,36.6769,36.0198,34.7931,32.3672,28.4184,23.1431,10.8602,0.116652,85.1295,81.0853,80.9637,76.0811
13.132870435714722,0.022469994023678205,0.2862701416015625,0.0,2,-0.232652,2.0,10713.4,89.284,-26.3841,-2.50261,6.4747,12.538,19.3179,44.1043,41.5715,40.314,39.6464,39.0643,38.6494,38.2352,37.8218,37.4092,36.8332,36.1775,34.9555,32.5394,28.6159,23.3938,10.8877,0.111702,84.6053,80.6258,82.0675,82.0675
13.147817850112915,0.037590253385033766,0.3490142822265625,0.0,2,-0.235554,2.0,10944.0,88.9795,-26.167,-2.5085,6.49454,12.3366,18.2037,44.2164,41.6828,40.4263,39.7591,39.1774,38.7632,38.35,37.9376,37.526,36.9513,36.2971,35.0788,32.6729,28.7732,23.6018,10.9233,0.107108,84.1277,80.2627,83.7995,83.7995
13.169061422348022,0.049832512091620824,0.4352874755859375,0.0,2,-0.237542,2.0,11204.5,88.7763,-25.8838,-2.5193,6.51574,12.1562,17.4936,44.2852,41.7507,40.4955,39.829,39.2478,38.834,38.4214,38.01,37.5995,37.0263,36.3738,35.1588,32.7636,28.8877,23.7647,10.9656,0.102922,83.671,79.9621,85.7844,85.7844
13.190222978591919,0.05660189916153221,0.5372467041015625,0.0,2,-0.238602,2.0,11546.0,88.6833,-25.5447,-2.53434,6.53869,11.9939,16.9701,44.3098,41.775,40.5207,39.8551,39.2747,38.8614,38.4494,38.0385,37.629,37.0576,36.4071,35.1957,32.811,28.9594,23.8842,11.0139,0.0991033,83.2777,79.7409,88.3754,88.3754
13.21121597290039,0.06013218291644007,0.30391693115234375,0.0,2,-0.238861,2.0,11989.2,88.7106,-25.1768,-2.55358,6.5626,11.843,16.5549,44.2969,41.7621,40.5084,39.8438,39.2644,38.8518,38.4404,38.0303,37.6215,37.0517,36.4033,35.196,32.8219,28.9948,23.9682,11.0699,0.0956758,82.989,79.6127,91.7367,91.7367
13.233744859695435,0.08785740638029141,0.33921051025390625,0.0,2,-0.238389,2.0,11698.2,88.795,-24.7715,-2.57788,6.58761,11.7002,16.2177,44.2497,41.715,40.4619,39.7983,39.22,38.8083,38.3977,37.9884,37.5805,37.0118,36.3656,35.1629,32.7993,28.9972,24.0199,11.134,0.0925789,82.8183,79.5835,89.7283,89.7283
13.248800992965698,0.1208173601175944,0.3803863525390625,0.0,2,-0.23697,2.0,11597.3,88.8672,-24.2645,-2.60711,6.6113,11.5704,15.9705,44.1529,41.6189,40.367,39.7042,39.1273,38.7165,38.3069,37.8987,37.4918,36.9247,36.2804,35.0828,32.7303,28.9547,24.0289,11.2018,0.0898596,82.6183,79.5594,88.9024,88.9024
13.271098852157593,0.14753678482423724,0.40195465087890625,0.0,2,-0.234421,2.0,11620.8,88.9616,-23.6546,-2.63964,6.63014,11.4546,15.8181,44.0004,41.4679,40.2179,39.5562,38.9804,38.5709,38.1625,37.7555,37.35,36.7847,36.1427,34.9504,32.6103,28.8628,23.9915,11.2705,0.0874914,82.3739,79.5269,89.043,89.043
13.293094873428345,0.17688693814494835,0.42156219482421875,0.0,2,-0.230838,2.0,11680.1,89.0931,-22.9637,-2.67663,6.64323,11.3476,15.752,43.7989,41.2688,40.0213,39.361,38.7866,38.3784,37.9715,37.5659,37.1619,36.5988,35.9594,34.7729,32.4466,28.7294,23.915,11.3417,0.0854944,82.1405,79.5103,89.4858,89.4858
13.308249235153198,0.18297155295893705,0.431365966796875,0.0,2,-0.226452,2.0,11751.4,89.2659,-22.2036,-2.70729,6.64982,11.2439,15.7669,43.5595,41.0327,39.7882,39.1297,38.557,38.1499,37.7446,37.3408,36.9384,36.3778,35.7413,34.5609,32.2498,28.5646,23.8087,11.4181,0.0838197,81.9362,79.5042,90.0301,90.0301
13.330799341201782,0.18282425450826995,0.431365966796875,0.0,2,-0.221401,2.0,11806.0,89.4758,-21.3973,-2.73828,6.64873,11.1387,15.8702,43.2895,40.7669,39.5259,38.8695,38.2987,37.8931,37.4894,37.0874,36.6869,36.129,35.4958,34.3218,32.027,28.3756,23.6801,11.5027,0.0825354,81.8493,79.5823,90.4532,90.4532
13.354450941085815,0.18265428935938205,0.43332672119140625,0.0,2,-0.215732,2.0,11829.2,89.718,-20.5606,-2.7784,6.64027,11.0317,16.1067,42.991,40.4735,39.2365,38.5825,38.0139,37.6099,37.2079,36.8078,36.4094,35.8546,35.2249,34.0581,31.7805,28.1645,23.5314,11.5953,0.0815729,81.8726,79.7504,90.6403,90.6403
13.369368314743042,0.18246369260282566,0.4431304931640625,0.0,2,-0.209369,2.0,11837.0,89.9896,-19.6913,-2.83063,6.62499,10.932,16.6209,42.6604,40.1493,38.9168,38.2655,37.6994,37.2973,36.8972,36.4992,36.1031,35.5515,34.9257,33.7667,31.5075,27.929,23.3609,11.6813,0.0808989,81.968,79.9876,90.7055,90.7055
13.391712665557861,0.17000345811576986,0.48430633544921875,0.0,2,-0.203617,2.0,11853.1,90.2917,-18.7799,-2.89385,6.60324,10.8503,46.5938,42.294,39.7905,38.5631,37.9149,37.3517,36.9517,36.5538,36.158,35.7644,35.2165,34.595,33.4445,31.2052,27.6666,23.1667,11.749,0.0805143,82.115,80.2867,90.8258,90.8258
13.41426420211792,0.1101074637567848,0.49999237060546875,0.0,2,-0.209192,2.0,11945.2,90.6348,-17.8277,-2.96524,6.57509,10.7891,46.1826,41.8909,39.3967,38.1752,37.5304,36.9704,36.5728,36.1774,35.7842,35.3932,34.8493,34.2326,33.0915,30.8737,27.3775,22.9492,11.7994,0.0810916,82.338,80.6757,91.5101,91.5101
13.428620338439941,0.07468044062332313,0.49999237060546875,0.0,2,-0.214074,2.0,12022.6,91.0272,-16.8474,-3.04195,6.54012,10.749,45.7366,41.4554,38.972,37.757,37.1162,36.5598,36.1649,35.7722,35.3818,34.9938,34.4542,33.8427,32.7119,30.5171,27.066,22.7124,11.8348,0.0830914,82.7744,81.2916,92.107,92.107
13.45249319076538,0.05950206965189427,0.49999237060546875,0.0,2,-0.218416,2.0,12078.5,91.4486,-15.8681,-3.14293,6.49779,10.7304,45.2632,40.9948,38.5235,37.3159,36.6794,36.1269,35.7349,35.3453,34.9579,34.5731,34.0382,33.4323,32.3125,30.1421,26.7384,22.462,11.8582,0.0864906,83.3017,81.9991,92.5359,92.5359
13.467853546142578,0.04923799090562761,0.49999237060546875,0.0,2,-0.222475,2.0,12117.1,91.8928,-14.9013,-3.25875,6.44801,10.7326,44.7756,40.5216,38.0636,36.8639,36.232,35.6836,35.2947,34.9082,34.5242,34.1427,33.6128,33.0127,31.9044,29.7594,26.4044,22.2062,11.8729,0.0911545,83.8299,82.6679,92.8397,92.8397
13.490725040435791,0.045979485650988916,0.49999237060546875,0.0,2,-0.226438,2.0,12135.6,92.3574,-13.9502,-3.37952,6.38968,10.753,44.2824,40.0445,37.6005,36.4091,35.782,35.2381,34.8524,34.4692,34.0886,33.7106,33.1857,32.5917,31.4954,29.3764,26.0708,21.9512,11.8824,0.0971306,84.3629,83.2906,92.99,92.99
13.51418948173523,0.045894269912604244,0.49999237060546875,0.0,2,-0.230575,2.0,12134.6,92.8349,-12.9874,-3.46889,6.3218,10.7849,43.7972,39.576,37.1467,35.9638,35.3416,34.8021,34.4198,34.04,33.6628,33.2883,32.7686,32.1808,31.0965,29.0037,25.7474,21.7052,11.8905,0.104419,84.9326,83.8705,92.9897,92.9897
13.529799938201904,0.06633457277293504,0.49999237060546875,0.0,2,-0.235182,2.0,12118.3,93.3209,-12.063,-3.54606,6.24324,10.8214,43.3345,39.1301,36.7153,35.5409,34.9236,34.3886,34.0096,33.6331,33.2594,32.8884,32.3737,31.792,30.7195,28.6524,25.4441,21.4766,11.9017,0.113031,85.4935,84.3985,92.8683,92.8683
13.552286386489868,0.10875848757635057,0.9999847412109375,0.0,2,-0.240111,2.0,12095.8,93.8124,-11.1884,-3.62954,6.15477,10.8685,42.8867,38.6995,36.2994,35.1334,34.5211,33.9905,33.6147,33.2416,32.8713,32.5038,31.9941,31.4184,30.3579,28.316,25.1549,21.26,11.9141,0.122967,85.9717,84.8192,92.6969,92.6969
13.568321228027344,0.1732848858329393,0.49999237060546875,0.0,2,-0.245538,2.0,13324.4,94.4061,-10.4658,-3.71864,6.05598,10.923,42.4618,38.2914,35.9058,34.748,34.1405,33.6144,33.2418,32.872,32.505,32.1409,31.6361,31.0663,30.0173,28.0,24.8845,21.059,11.9291,0.134216,86.3748,85.1434,101.7,101.7
13.59181809425354,0.2041965357998287,0.49999237060546875,0.0,2,-0.2525,2.0,12898.8,95.0728,-9.9885,-3.81218,5.94432,10.9495,42.1086,37.9516,35.5782,34.4275,33.8242,33.3019,32.9321,32.5651,32.2011,31.8399,31.3393,30.7746,29.7359,27.74,24.665,20.9004,11.9581,0.146655,86.826,85.3722,98.9748,98.9748
13.607918739318848,0.23060608994353005,0.49999237060546875,0.0,2,-0.260401,2.0,12573.6,95.6938,-9.54721,-3.89563,5.82254,10.9621,41.7977,37.6519,35.2893,34.1448,33.5452,33.0264,32.6592,32.2949,31.9334,31.575,31.0782,30.518,29.4886,27.5124,24.4744,20.7654,11.9924,0.160294,87.3346,85.6491,96.4634,96.4634
13.630826473236084,0.23007651592399367,0.49999237060546875,0.0,2,-0.26818,2.0,12312.3,96.2778,-9.02198,-3.9527,5.70162,11.0021,41.4774,37.3438,34.9924,33.8544,33.2585,32.7434,32.3788,32.0172,31.6585,31.3028,30.81,30.2544,29.2345,27.2785,24.2777,20.6246,12.0193,0.175201,87.7996,86.0034,94.4264,94.4264
13.65357232093811,0.24362191392116558,0.9999847412109375,0.0,2,-0.275117,2.0,12173.5,96.799,-8.38056,-4.01574,5.58816,11.1098,41.1135,36.9951,34.6569,33.5265,32.9348,32.4236,32.0621,31.7035,31.3478,30.9953,30.507,29.9565,28.9469,27.0132,24.0527,20.4593,12.0306,0.191414,88.263,86.4995,93.3168,93.3168
13.669326066970825,0.27226321265063713,0.49999237060546875,0.0,2,-0.281859,2.0,13339.5,97.3935,-7.7931,-4.07483,5.48035,11.2731,40.7377,36.6357,34.3114,33.189,32.6017,32.0946,31.7362,31.3807,31.0283,30.6791,30.1954,29.6503,28.6512,26.7404,23.8209,20.2876,12.0348,0.208931,88.7594,87.012,101.839,101.839
13.692384481430054,0.3023557513496466,0.49999237060546875,0.0,2,-0.29046,2.0,12882.6,98.042,-7.44172,-4.11847,5.37173,11.3883,40.4481,36.3571,34.0432,32.927,32.3432,31.8392,31.4832,31.1303,30.7805,30.4338,29.9539,29.4132,28.4224,26.5305,23.6449,20.1617,12.0548,0.227686,89.4314,87.4571,98.8496,98.8496
13.708595275878906,0.31767799148568887,0.49999237060546875,0.0,2,-0.300685,2.0,12616.4,98.5908,-7.15861,-4.15644,5.26291,11.443,40.2332,36.1483,33.8414,32.7298,32.1486,31.6469,31.2926,30.9416,30.5939,30.2493,29.7723,29.2351,28.2509,26.374,23.5158,20.0736,12.0874,0.247737,90.12,87.8189,96.7545,96.7545
13.73103404045105,0.3170932023273781,0.9999847412109375,0.0,2,-0.296343,2.0,12481.0,99.0536,-6.90367,-4.18759,5.15649,11.4634,40.0634,35.9813,33.6791,32.5711,31.992,31.4921,31.1391,30.7895,30.4434,30.1006,29.6261,29.0917,28.1129,26.2486,23.4135,20.0064,12.1252,0.268621,90.7472,88.1608,95.6728,95.6728
13.75454330444336,0.3245376875278155,0.49999237060546875,0.0,2,-0.284431,2.0,13670.0,99.5826,-6.82215,-4.21737,5.05146,11.4358,39.9416,35.8585,33.5586,32.4531,31.8754,31.3769,31.0248,30.6762,30.331,29.9894,29.5168,28.9847,28.0103,26.1555,23.339,19.9611,12.1687,0.288844,91.3748,88.5244,104.363,104.363
13.770723342895508,0.32374532109419507,0.49999237060546875,0.0,2,-0.274313,2.0,13177.8,100.194,-7.00929,-4.2213,4.94418,11.2777,39.9193,35.827,33.5248,32.419,31.8415,31.3431,30.9912,30.6427,30.2977,29.9562,29.4841,28.9529,27.9804,26.1296,23.3235,19.9631,12.2281,0.308135,92.1181,88.8602,101.136,101.136
13.79304814338684,0.3312246588353906,0.9999847412109375,0.0,2,-0.265043,2.0,12838.3,100.733,-7.1698,-4.1715,4.83806,11.0593,39.9512,35.8447,33.5374,32.4292,31.8512,31.3524,31.0002,30.6514,30.3061,29.9643,29.4918,28.9604,27.9885,26.1387,23.3379,19.9883,12.293,0.326514,92.8577,89.235,98.4822,98.4822
13.809116840362549,0.33871887332461775,0.49999237060546875,0.0,2,-0.256231,2.0,13866.7,101.31,-7.33703,-4.04498,4.73403,10.8116,40.0188,35.8946,33.58,32.4686,31.8889,31.3893,31.0365,30.6872,30.3413,29.9989,29.5256,28.9933,28.0204,26.1701,23.371,20.0276,12.3604,0.344063,93.4786,89.6543,105.935,105.935
13.834201574325562,0.33786761555057016,0.49999237060546875,0.0,2,-0.248685,2.0,13267.1,101.935,-7.71703,-3.91961,4.62975,10.4912,40.163,36.0145,33.6881,32.5716,31.9892,31.4872,31.133,30.7825,30.4354,30.0919,29.6169,29.0826,28.1062,26.2514,23.4468,20.1007,12.4392,0.360711,94.159,90.034,101.836,101.836
13.849781513214111,0.3372111255552247,0.9999847412109375,0.0,2,-0.24215,2.0,12954.6,102.417,-8.01705,-3.80607,4.53013,10.1916,40.3172,36.143,33.8033,32.6816,32.0964,31.5919,31.2359,30.8837,30.5352,30.1904,29.7136,29.1774,28.1971,26.3364,23.5248,20.174,12.515,0.376489,94.7218,90.4351,99.3485,99.3485
13.874176979064941,0.33649743103746327,0.49999237060546875,0.0,2,-0.236071,2.0,14044.8,102.941,-8.33428,-3.71642,4.43727,9.94465,40.4484,36.249,33.897,32.7702,32.1824,31.6758,31.3183,30.9645,30.6144,30.2681,29.7898,29.2519,28.2684,26.4022,23.5848,20.2314,12.581,0.39157,95.1208,90.8468,107.277,107.277
13.890851974487305,0.3357047397982702,0.49999237060546875,0.0,2,-0.230402,2.0,13487.2,103.523,-8.79224,-3.6331,4.34757,9.69047,40.6128,36.384,34.0179,32.8843,32.2936,31.7844,31.425,31.0694,30.7176,30.3695,29.8886,29.3482,28.3609,26.4868,23.6608,20.3004,12.648,0.405826,95.6197,91.2585,103.513,103.513
13.907501697540283,0.335057783889994,0.9999847412109375,0.0,2,-0.224067,2.0,13150.5,103.998,-9.04969,-3.496,4.26399,9.47975,40.7564,36.4992,34.1192,32.9792,32.3852,31.8736,31.5127,31.1555,30.802,30.4523,29.9691,29.4262,28.435,26.5543,23.7208,20.3551,12.7053,0.419321,96.0619,91.6924,100.863,100.863
13.932271003723145,0.3343522614468634,0.49999237060546875,0.0,2,-0.216862,2.0,14209.5,104.516,-9.21525,-3.32363,4.18682,9.31522,40.868,36.5843,34.1914,33.0459,32.449,31.9349,31.5724,31.2139,30.8591,30.5081,30.0231,29.4781,28.4831,26.5977,23.7586,20.3907,12.7519,0.432096,96.4241,92.1866,108.552,108.552
13.949405193328857,0.3336004305808246,0.49999237060546875,0.0,2,-0.210212,2.0,13659.7,105.068,-9.56836,-3.1953,4.11197,9.13227,41.0204,36.7062,34.2976,33.1456,32.5452,32.0281,31.6635,31.3029,30.9463,30.5936,30.1064,29.5588,28.559,26.6658,23.8171,20.4419,12.8026,0.444057,96.9269,92.6328,104.812,104.812
13.974245548248291,0.33306379768006505,0.49999237060546875,0.0,2,-0.204777,2.0,13422.5,105.462,-9.8756,-3.11143,4.04221,8.96499,41.177,36.8305,34.4058,33.2467,32.6429,32.1227,31.756,31.3932,31.0344,30.6797,30.19,29.6398,28.6352,26.7334,23.8741,20.4906,12.8495,0.455204,97.3679,93.03,102.911,102.911
13.991381168365479,0.3326511079112068,0.9999847412109375,0.0,2,-0.199289,2.0,13346.4,105.765,-10.1092,-3.05993,3.97952,8.83676,41.3064,36.9288,34.4892,33.3229,32.716,32.1932,31.8246,31.4599,31.0993,30.7428,30.2505,29.6978,28.6891,26.7795,23.9119,20.5225,12.8863,0.465668,97.6665,93.3852,102.284,102.284
14.007811784744263,0.33206135652534663,0.49999237060546875,0.0,2,-0.193321,2.0,14538.4,106.198,-10.3809,-2.99441,3.9225,8.73609,41.4206,37.0127,34.5583,33.3853,32.7749,32.2496,31.8792,31.5128,31.1505,30.7922,30.2976,29.7422,28.7295,26.813,23.9379,20.5439,12.9155,0.475416,97.9098,93.7103,111.054,111.054
14.035020112991333,0.33130407760955394,0.49999237060546875,0.0,2,-0.187818,2.0,13938.3,106.754,-10.699,-2.83611,3.86821,8.62375,41.5699,37.1281,34.6562,33.4756,32.8611,32.3323,31.9597,31.5913,31.2269,30.8667,30.3693,29.8108,28.7925,26.8673,23.981,20.578,12.9469,0.484399,98.34,94.09,106.974,106.974
14.052704095840454,0.33075518659684805,0.49999237060546875,0.0,2,-0.182158,2.0,13636.4,107.157,-10.9028,-2.67915,3.81811,8.52252,41.7221,37.2451,34.755,33.5667,32.9482,32.4159,32.0408,31.67,31.3035,30.9413,30.4411,29.8794,28.8553,26.9208,24.0226,20.61,12.9754,0.492689,98.7691,94.4909,104.57,104.57
14.070133447647095,0.314336455690066,0.9999847412109375,0.0,2,-0.175718,2.0,13531.5,107.454,-11.0121,-2.56623,3.77454,8.46098,41.835,37.325,34.8189,33.6236,33.0016,32.4664,32.0892,31.7163,31.3477,30.9836,30.481,29.9169,28.8882,26.9458,24.0386,20.6202,12.9929,0.500304,99.055,94.8598,103.707,103.707
14.094860792160034,0.30597563765477387,0.49999237060546875,0.0,2,-0.170404,2.0,14763.9,107.852,-11.201,-2.49346,3.73696,8.42625,41.9275,37.3856,34.8643,33.6618,33.0368,32.4988,32.1197,31.745,31.3746,31.0086,30.5036,29.9371,28.9044,26.9548,24.0402,20.6178,13.0029,0.507263,99.339,95.2537,112.745,112.745
14.112192630767822,0.2750388900096994,0.49999237060546875,0.0,2,-0.165884,2.0,14271.5,108.335,-11.5944,-2.43473,3.70205,8.37097,42.0721,37.4931,34.9529,33.7418,33.1123,32.571,32.1896,31.8125,31.4398,31.0715,30.5633,29.9932,28.955,26.9952,24.0684,20.6359,13.0183,0.513505,99.78,95.6315,109.508,109.508
14.129342794418335,0.252897514667511,0.49999237060546875,0.0,2,-0.161159,2.0,13934.1,108.752,-11.8592,-2.32309,3.67201,8.33304,42.2144,37.5978,35.0383,33.8187,33.1847,32.6395,32.2556,31.8763,31.5013,31.1308,30.6194,30.0458,29.0014,27.0317,24.0922,20.6494,13.0288,0.51904,100.292,96.1024,106.88,106.88
14.155767917633057,0.23861683661185207,0.9999847412109375,0.0,2,-0.155253,2.0,13756.2,109.086,-11.8788,-2.16465,3.6489,8.3443,42.3009,37.6508,35.0745,33.848,33.2104,32.6621,32.276,31.8946,31.5178,31.1455,30.6319,30.0556,29.0064,27.0295,24.0819,20.6348,13.0259,0.523992,100.71,96.6667,105.453,105.453
14.172521352767944,0.19883825969696045,0.49999237060546875,0.0,2,-0.148515,2.0,14945.6,109.519,-11.9305,-2.04449,3.6317,8.39201,42.3495,37.6683,35.0775,33.8447,33.2042,32.6534,32.2655,31.8822,31.5037,31.1299,30.6144,30.0362,28.9833,27.0009,24.0481,20.6005,13.0135,0.528351,101.044,97.1819,114.152,114.152
14.190072774887085,0.19221742948165785,0.49999237060546875,0.0,2,-0.143345,2.0,14429.9,110.028,-12.1803,-1.95868,3.61757,8.4286,42.4357,37.7193,35.1114,33.8708,33.2267,32.6728,32.2828,31.8975,31.5168,31.141,30.6227,30.0419,28.9845,26.9938,24.0323,20.5796,13.0044,0.531973,101.632,97.7627,110.714,110.714
14.207332849502563,0.19190263671505886,0.49999237060546875,0.0,2,-0.138594,2.0,14170.1,110.421,-12.3779,-1.9011,3.6089,8.48259,42.52,37.7679,35.1425,33.8939,33.2458,32.689,32.2969,31.9095,31.5268,31.1489,30.6279,30.044,28.982,26.983,24.0127,20.5548,12.9912,0.534962,102.125,98.2542,108.653,108.653
14.235077381134033,0.1916302969169834,0.9999847412109375,0.0,2,-0.132919,2.0,14019.3,110.761,-12.4367,-1.8357,3.60729,8.58708,42.5583,37.7743,35.1335,33.8784,33.2269,32.6673,32.2735,31.8844,31.5002,31.1207,30.5975,30.0113,28.9455,26.9409,23.9655,20.5072,12.9665,0.537348,102.44,98.6794,107.494,107.494
14.252619981765747,0.19124101120561673,0.49999237060546875,0.0,2,-0.126164,2.0,15158.8,111.247,-12.3708,-1.69686,3.61265,8.75095,42.5411,37.7297,35.0763,33.8163,33.1624,32.6006,32.2054,31.8152,31.4299,31.0494,30.5249,29.9372,28.8688,26.8618,23.886,20.4333,12.9291,0.539172,102.7,99.1433,115.807,115.807
14.2701256275177,0.19079485453641662,0.49999237060546875,0.0,2,-0.119853,2.0,14585.2,111.804,-12.4481,-1.57198,3.62068,8.9103,42.5562,37.7134,35.0453,33.7794,33.1225,32.5582,32.1612,31.7693,31.3824,31.0006,30.4744,29.8847,28.8129,26.8013,23.8218,20.3708,12.8947,0.540355,103.154,99.609,111.921,111.921
14.28832197189331,0.19046003678466505,0.49999237060546875,0.0,2,-0.113686,2.0,14302.2,112.222,-12.4524,-1.48186,3.63398,9.10203,42.5605,37.6866,35.0043,33.7323,33.0726,32.506,32.1074,31.7138,31.3254,30.9422,30.4142,29.8228,28.748,26.7319,23.7494,20.3012,12.8558,0.540891,103.587,100.058,109.668,109.668
14.314363718032837,0.19019490598124453,0.9999847412109375,0.0,2,-0.107637,2.0,14188.8,112.553,-12.3584,-1.4281,3.65464,9.36642,42.5179,37.6171,34.9232,33.6461,32.9844,32.4161,32.0163,31.6217,31.2322,30.8479,30.3186,29.726,28.6497,26.6314,23.6501,20.2095,12.8065,0.5409,103.901,100.487,108.752,108.752
14.334473609924316,0.18983285424968538,0.49999237060546875,0.0,2,-0.101008,2.0,15414.3,113.005,-12.3058,-1.38655,3.68173,9.70157,42.4453,37.5203,34.8161,33.5349,32.8712,32.3017,31.9011,31.5057,31.1154,30.7304,30.2002,29.6068,28.5297,26.5109,23.5333,20.1035,12.7498,0.540354,104.172,100.89,117.749,117.749
14.352977752685547,0.18935866260127165,0.49999237060546875,0.0,2,-0.0948108,2.0,14792.4,113.597,-12.3263,-1.27157,3.71192,10.0555,42.4049,37.4499,34.7332,33.4471,32.7809,32.2094,31.8076,31.4111,31.0198,30.6338,30.1023,29.5074,28.4283,26.4074,23.4306,20.0078,12.6949,0.539167,104.628,101.334,113.531,113.531
14.371564149856567,0.18899420787149418,0.9999847412109375,0.0,2,-0.0883268,2.0,14457.0,114.052,-12.2061,-1.1491,3.74708,10.4883,42.3637,37.368,34.6392,33.3485,32.68,32.1066,31.7036,31.3061,30.9139,30.527,29.9943,29.3982,28.3173,26.2951,23.3198,19.9054,12.6356,0.53743,105.102,101.822,110.872,110.872
14.390241146087646,0.1885881011725993,0.49999237060546875,0.0,2,-0.0812782,2.0,15590.5,114.559,-12.1068,-1.05975,3.78876,11.0682,42.3009,37.256,34.517,33.2227,32.5525,31.9777,31.5737,31.1754,30.7825,30.3951,29.8618,29.265,28.1831,26.1613,23.1905,19.788,12.5692,0.535123,105.49,102.297,119.109,119.109
14.409109592437744,0.1881347355087443,0.49999237060546875,0.0,2,-0.0760515,2.0,15010.8,115.125,-12.185,-0.9977,3.83356,11.7266,42.2936,37.1786,34.4268,33.1273,32.4548,31.878,31.4727,31.073,30.6789,30.2904,29.7559,29.1579,28.0739,26.0498,23.0795,19.6842,12.5064,0.532197,105.998,102.757,115.187,115.187
14.42862343788147,0.18778630076708894,0.49999237060546875,0.0,2,-0.0706866,2.0,14706.8,115.56,-12.1945,-0.95977,3.88375,12.6828,42.2964,37.0964,34.3317,33.0268,32.352,31.7733,31.3667,30.9658,30.5705,30.1808,29.6449,29.0458,27.9598,25.9334,22.9638,19.576,12.4402,0.528706,106.475,103.209,112.781,112.781
14.447789430618286,0.18747631399692657,0.9999847412109375,0.0,2,-0.0642188,2.0,14506.0,115.947,-11.9878,-0.87558,3.9425,53.4224,42.2422,36.9563,34.1826,32.8741,32.1979,31.6183,31.2111,30.8097,30.4139,30.0238,29.4873,28.8878,27.802,25.7768,22.8139,19.4406,12.3619,0.524689,106.819,103.673,111.212,111.212
14.475839376449585,0.1870734112956561,0.49999237060546875,0.0,2,-0.0568531,2.0,15672.1,116.45,-11.7204,-0.771564,4.00891,53.6741,42.1413,36.7693,33.9898,32.6797,32.0028,31.423,31.0158,30.6144,30.2187,29.8287,29.2924,28.6933,27.6092,25.5885,22.6372,19.2841,12.2742,0.520207,107.131,104.177,119.734,119.734
14.494563341140747,0.18660963263952174,0.49999237060546875,0.0,2,-0.0501717,2.0,15092.5,117.029,-11.6506,-0.694745,4.07788,54.0552,42.1055,36.6217,33.8332,32.52,31.8416,31.2606,30.8529,30.451,30.0549,29.6647,29.128,28.5286,27.4444,25.4257,22.4815,19.1434,12.1907,0.515104,107.631,104.658,115.81,115.81
14.514164924621582,0.19226491641998292,0.9999847412109375,0.0,2,-0.0444067,2.0,14805.0,117.469,-11.5201,-0.644435,4.15235,54.48,42.0836,36.4724,33.6746,32.3583,31.6785,31.0965,30.688,30.2856,29.8892,29.4986,28.9616,28.3619,27.2775,25.2609,22.3238,19.0008,12.1052,0.509452,108.12,105.126,113.523,113.523
14.533204555511475,0.2041212890945996,0.49999237060546875,0.0,2,-0.0384653,2.0,15974.2,117.975,-11.4353,-0.615865,4.23316,54.9117,42.0536,36.3049,33.499,32.1803,31.4995,30.9166,30.5076,30.1048,29.7081,29.3175,28.7804,28.1808,27.0969,25.0833,22.155,18.8491,12.0149,0.503299,108.512,105.559,122.041,122.041
14.552553653717041,0.21620486135269204,0.49999237060546875,0.0,2,-0.0332158,2.0,15323.7,118.587,-11.4881,-0.554117,4.31641,55.5032,42.0978,36.1792,33.3593,32.0363,31.3536,30.7692,30.3592,29.9555,29.5578,29.1664,28.6287,28.0284,26.9435,24.9299,22.0059,18.7119,11.9282,0.496524,108.994,105.963,117.619,117.619
14.571290254592896,0.22220212866078753,0.9999847412109375,0.0,2,-0.0276578,2.0,14957.5,119.061,-11.3567,-0.459911,4.40598,56.1219,42.1408,36.0478,33.2048,31.8777,31.1934,30.6079,30.1971,29.7925,29.3942,29.0022,28.4638,27.8631,26.7779,24.7651,21.8468,18.5665,11.8368,0.489227,109.451,106.401,114.715,114.715
14.590078592300415,0.22169602826338572,0.49999237060546875,0.0,2,-0.0215228,2.0,16079.3,119.587,-11.2277,-0.387947,4.5032,56.724,42.1585,35.8948,33.0215,31.6914,31.006,30.4198,30.0086,29.6037,29.2052,28.8129,28.2742,27.6736,26.5892,24.5792,21.6701,18.4071,11.7389,0.48144,109.826,106.843,122.863,122.863
14.609464168548584,0.2211350842867978,0.49999237060546875,0.0,2,-0.0168079,2.0,15465.1,120.17,-11.2792,-0.338995,4.60282,57.5227,42.26,35.7948,32.8738,31.5391,30.8515,30.2638,29.8517,29.446,29.0466,28.6536,28.114,27.5124,26.4273,24.4173,21.513,18.2623,11.6445,0.473043,110.341,107.3,118.676,118.676
14.6288001537323,0.2207184655185944,0.9999847412109375,0.0,2,-0.012296,2.0,15158.2,120.603,-11.2499,-0.312212,4.70761,58.4049,42.3819,35.7032,32.7214,31.3823,30.6927,30.1032,29.6902,29.2837,28.8836,28.4899,27.9495,27.3471,26.261,24.2514,21.3521,18.114,11.5474,0.464162,110.833,107.757,116.235,116.235
14.647907972335815,0.2202142894573044,0.49999237060546875,0.0,2,-0.00730831,2.0,16281.3,121.127,-11.215,-0.271661,4.81985,59.3046,42.4887,35.5956,32.5442,31.2018,30.5106,29.92,29.5062,29.0991,28.6986,28.3046,27.7638,27.1611,26.0748,24.0675,21.1758,17.9535,11.4446,0.454809,111.235,108.207,124.424,124.424
14.67476224899292,0.21963891295987803,0.49999237060546875,0.0,2,-0.00286991,2.0,15625.0,121.725,-11.2726,-0.197312,4.93468,60.4361,42.6807,35.5386,32.4012,31.0482,30.3548,29.7623,29.3473,28.9391,28.5376,28.1428,27.6011,26.9975,25.9098,23.9021,21.0144,17.8036,11.344,0.444888,111.775,108.701,119.915,119.915
14.69286561012268,0.2256625475043431,0.9999847412109375,0.0,2,0.001733,2.0,15295.2,122.165,-11.2189,-0.138872,5.05559,61.6789,42.8934,35.4878,32.2611,30.8862,30.1907,29.5966,29.1805,28.7712,28.3688,27.9732,27.4306,26.8263,25.7376,23.7299,20.8468,17.6486,11.2401,0.434474,112.279,109.184,117.289,117.289
14.712582111358643,0.22517028649918736,0.49999237060546875,0.0,2,0.00623005,2.0,16461.9,122.662,-11.1874,-0.106607,5.18385,62.9742,43.0951,35.4221,32.1067,30.701,30.0034,29.4081,28.9913,28.5813,28.1783,27.7821,27.239,26.6344,25.5458,23.5398,20.6641,17.4818,11.1306,0.42359,112.661,109.623,125.781,125.781
14.731124639511108,0.2246096834228933,0.49999237060546875,0.0,2,0.00956553,2.0,15850.6,123.228,-11.3422,-0.0847933,5.31236,64.6581,43.4286,35.4324,32.0102,30.5651,29.8546,29.2573,28.839,28.4278,28.0235,27.6261,27.0814,26.4754,25.385,23.377,20.5037,17.3311,11.0251,0.412179,113.173,110.059,121.632,121.632
14.748268842697144,0.22417486937608572,0.9999847412109375,0.0,2,0.0130088,2.0,15504.9,123.667,-11.3834,-0.0520141,5.44677,66.5538,43.8016,35.4569,31.9217,30.4353,29.7058,29.1001,28.6805,28.268,27.8625,27.4641,26.9179,26.3104,25.2183,23.2087,20.3382,17.176,10.9165,0.400269,113.653,110.494,118.913,118.913
14.774383068084717,0.22366478000454604,0.49999237060546875,0.0,2,0.017121,2.0,16634.5,124.182,-11.3618,0.00302229,5.5903,68.5214,44.1483,35.4535,31.808,30.2818,29.5342,28.9142,28.4896,28.0764,27.6703,27.2712,26.7244,26.1163,25.0236,23.0154,20.1518,17.0048,10.8012,0.38796,114.049,110.963,127.118,127.118
14.793362140655518,0.22956229428538433,0.49999237060546875,0.0,2,0.0205542,2.0,15994.1,124.756,-11.4994,0.0474873,5.73445,71.0244,44.6411,35.5276,31.7513,30.1779,29.4088,28.7718,28.3361,27.9154,27.5076,27.1074,26.5592,25.9495,24.8545,22.8447,19.9833,16.8463,10.6888,0.375114,114.564,111.426,122.737,122.737
14.81021523475647,0.2291362805446796,0.9999847412109375,0.0,2,0.0236813,2.0,15675.1,125.174,-11.5327,0.0732744,5.8841,73.9213,45.1835,35.6163,31.7015,30.0788,29.2874,28.6327,28.1853,27.7537,27.3373,26.9347,26.3851,25.7742,24.6772,22.6662,19.8079,16.6821,10.573,0.361796,115.018,111.856,120.198,120.198
14.827574014663696,0.2286470781630091,0.49999237060546875,0.0,2,0.0269043,2.0,16860.2,125.654,-11.5805,0.0808821,6.04145,78.0938,45.7378,35.6958,31.64,29.9678,29.1541,28.482,28.0231,27.5808,27.1543,26.7428,26.1897,25.5781,24.4804,22.4699,19.6176,16.5064,10.452,0.34811,115.39,112.282,128.828,128.828
14.852868795394897,0.2280692078496609,0.49999237060546875,0.0,2,0.0294091,2.0,16215.6,126.221,-11.7822,0.102074,6.19886,165.039,46.4886,35.871,31.6465,29.9151,29.0748,28.3818,27.9092,27.4541,27.0156,26.5929,26.0262,25.4104,24.3101,22.2965,19.4455,16.3436,10.3337,0.333904,115.876,112.705,124.448,124.448
14.870259284973145,0.2276319832210429,0.9999847412109375,0.0,2,0.0322024,2.0,15860.0,126.65,-11.823,0.141622,6.36307,157.804,47.3012,36.0583,31.6559,29.8629,28.9951,28.2806,27.7938,27.3256,26.8749,26.4408,25.8594,25.2299,24.1265,22.1111,19.2632,16.1727,10.2115,0.31929,116.341,113.157,121.628,121.628
14.894824266433716,0.22713360829471613,0.49999237060546875,0.0,2,0.0355775,2.0,17022.0,127.139,-11.8427,0.171871,6.53592,151.103,48.1285,36.229,31.6463,29.792,28.897,28.1612,27.6606,27.1796,26.7171,26.2719,25.6763,25.0323,23.9176,21.9033,19.0625,15.9877,10.0836,0.304292,116.718,113.605,130.077,130.077
14.912400484085083,0.22656796804090962,0.49999237060546875,0.0,2,0.0378777,2.0,16386.4,127.694,-12.0271,0.19052,6.70773,144.243,49.2119,36.5106,31.7117,29.7843,28.8569,28.096,27.579,27.0827,26.6059,26.1476,25.5352,24.8738,23.7338,21.7168,18.8784,15.8145,9.95803,0.288805,117.206,114.048,125.743,125.743
14.928209066390991,0.22615418435974668,0.9999847412109375,0.0,2,0.0400016,2.0,16059.8,128.1,-12.1047,0.196388,6.88537,137.674,50.4275,36.8269,31.7939,29.7883,28.8265,28.0388,27.5045,26.9922,26.5006,26.0285,25.3984,24.7189,23.5502,21.5223,18.6873,15.6354,9.82928,0.272942,117.659,114.483,123.15,123.15
14.952648162841797,0.22566090529156227,0.49999237060546875,0.0,2,0.0426623,2.0,17226.2,128.584,-12.1648,0.205282,7.07228,131.57,51.7098,37.138,31.8627,29.7777,28.7813,27.9669,27.4153,26.8869,26.3806,25.895,25.2475,24.5504,23.3537,21.3065,18.4786,15.443,9.69504,0.256743,118.025,114.91,131.649,131.649
14.969326257705688,0.2250901691796134,0.49999237060546875,0.0,2,0.0447919,2.0,16568.0,129.144,-12.3404,0.228758,7.25847,125.372,53.3363,37.574,32.0105,29.8318,28.7946,27.9487,27.3768,26.8298,26.3062,25.8046,25.1368,24.419,23.1897,21.1067,18.2822,15.2591,9.56229,0.240094,118.5,115.353,127.143,127.143
14.993482828140259,0.22467230881193653,0.9999847412109375,0.0,2,0.0471608,2.0,16223.5,129.554,-12.385,0.248278,7.45072,119.462,55.1747,38.0541,32.1763,29.8973,28.8167,27.9377,27.3444,26.7777,26.236,25.7177,25.0287,24.2895,23.0264,20.8969,18.0769,15.0683,9.42622,0.223068,118.953,115.8,124.41,124.41
15.010855436325073,0.22419024063166543,0.49999237060546875,0.0,2,0.0497271,2.0,17404.7,130.027,-12.4152,0.254875,7.65275,113.985,57.1567,38.5356,32.3291,29.9475,28.823,27.9104,27.2957,26.7094,26.1496,25.6148,24.905,24.1447,22.8489,20.6731,17.8533,14.8639,9.28492,0.205707,119.314,116.235,133.007,133.007
15.027832269668579,0.22363581126577223,0.49999237060546875,0.0,2,0.0513436,2.0,16761.6,130.571,-12.6011,0.257255,7.85265,108.352,59.7307,39.1985,32.5904,30.0847,28.9073,27.9546,27.314,26.7041,26.1228,25.5682,24.8333,24.0477,22.7125,20.4811,17.645,14.6699,9.1456,0.187948,119.784,116.668,128.621,128.621
15.051952362060547,0.22321897006972383,0.9999847412109375,0.0,2,0.053188,2.0,16409.7,130.98,-12.6579,0.263319,8.05862,102.965,62.7291,39.9368,32.8825,30.2418,29.0074,28.0115,27.3434,26.7085,26.1042,25.5286,24.7673,23.9551,22.579,20.2902,17.4276,14.4689,9.00281,0.169846,120.224,117.098,125.845,125.845
15.075089931488037,0.22272772934479643,0.49999237060546875,0.0,2,0.0557219,2.0,17572.9,131.462,-12.6623,0.275659,8.27576,98.0185,66.2384,40.6804,33.1562,30.3772,29.0851,28.0457,27.3501,26.6902,26.0633,25.467,24.6797,23.8418,22.426,20.0829,17.1888,14.2521,8.85434,0.151473,120.582,117.54,134.304,134.304
15.091044902801514,0.22216820412076077,0.49999237060546875,0.0,2,0.0576889,2.0,16913.8,132.011,-12.807,0.284483,8.49055,92.9291,148.43,41.6622,33.5591,30.6126,29.2509,28.1594,27.4308,26.7409,26.0868,25.4658,24.6476,23.7788,22.3157,19.9077,16.9627,14.044,8.70752,0.132691,121.049,117.983,129.792,129.792
15.11408019065857,0.22175849712611176,0.9999847412109375,0.0,2,0.0595624,2.0,16568.9,132.413,-12.8235,0.287155,8.7124,88.0609,142.259,42.7628,34.0055,30.8748,29.4375,28.2897,27.5256,26.8037,26.1206,25.4733,24.6223,23.721,22.2085,19.7333,16.7301,13.8285,8.55752,0.113578,121.491,118.426,127.058,127.058
15.130066871643066,0.22127948646072607,0.49999237060546875,0.0,2,0.0617663,2.0,17750.7,132.883,-12.817,0.281475,8.94502,83.5476,136.561,43.9248,34.4544,31.1295,29.6134,28.4074,27.6069,26.8523,26.1397,25.4659,24.5819,23.648,22.0866,19.5464,16.4887,13.5996,8.40269,0.0942287,121.846,118.862,135.661,135.661
15.153335332870483,0.2145009996832162,0.49999237060546875,0.0,2,0.0633952,2.0,17082.2,133.434,-12.9484,0.282454,9.17407,78.8487,130.774,45.4482,35.0777,31.5135,29.9013,28.6246,27.7799,26.9856,26.2373,25.5314,24.6077,23.6347,22.0143,19.3956,16.2713,13.3792,8.24925,0.0745182,122.311,119.3,131.089,131.089
15.169020414352417,0.2140968900451809,0.9999847412109375,0.0,2,0.0653626,2.0,16722.8,133.842,-12.9293,0.288323,9.41135,74.3501,125.318,47.1725,35.7634,31.9333,30.2157,28.862,27.9695,27.1325,26.3461,25.606,24.64,23.6257,21.9437,19.2441,16.053,13.15,8.09221,0.0545203,122.772,119.77,128.242,128.242
15.19172191619873,0.1955769448827859,0.49999237060546875,0.0,2,0.0680091,2.0,17890.0,134.323,-12.8673,0.291699,9.66193,70.1917,120.319,49.026,36.4592,32.3455,30.5175,29.0839,28.1422,27.2615,26.4362,25.6614,24.6529,23.5974,21.8546,19.0769,15.824,12.9062,7.93024,0.0342776,123.142,120.234,136.735,136.735
15.214279890060425,0.1614613685940765,0.49999237060546875,0.0,2,0.0697929,2.0,17218.6,134.878,-12.9469,0.291362,9.90889,65.784,115.255,51.4507,37.387,32.9201,30.956,29.4246,28.4229,27.4891,26.6168,25.7999,24.7402,23.635,21.819,18.9474,15.6192,12.6693,7.76949,0.0136757,123.682,120.764,132.131,132.131
15.23069429397583,0.12135291438499776,0.9999847412109375,0.0,2,0.0717608,2.0,16866.2,135.289,-12.8849,0.288137,10.1656,61.497,110.508,54.2542,38.4098,33.5445,31.4298,29.7912,28.7242,27.733,26.8099,25.9482,24.8339,23.6762,21.7838,18.8158,15.4124,12.428,7.60518,-0.00717608,124.287,121.403,129.339,129.339
15.252689123153687,0.10332446904620156,0.49999237060546875,0.0,2,0.0745875,2.0,18028.4,135.79,-12.7708,0.286616,10.4402,57.5294,106.238,57.2974,39.4336,34.1442,31.8728,30.1241,28.9907,27.9415,26.9676,26.0612,24.893,23.6841,21.718,18.6596,15.1897,12.1786,7.43518,-0.0282408,124.858,122.122,137.801,137.801
15.267791032791138,0.09471684990829167,0.49999237060546875,0.0,2,0.077192,2.0,17339.8,136.381,-12.7594,0.287419,10.7072,53.6889,102.004,63.2792,40.7173,34.9073,32.4469,30.5667,29.3543,28.2365,27.2027,26.2439,25.0128,23.7442,21.6929,18.5302,14.9836,11.9406,7.26441,-0.0496718,125.503,122.803,133.065,133.065
15.290427207946777,0.09451688033953311,0.9999847412109375,0.0,2,0.0804798,2.0,16977.9,136.832,-12.5568,0.288537,10.9629,50.8107,98.1422,132.591,42.07,35.6851,33.0212,31.0012,29.7059,28.5166,27.4209,26.4082,25.113,23.7841,21.6479,18.3845,14.767,11.6979,7.08885,-0.0713749,126.037,123.434,130.197,130.197
15.311512470245361,0.09427523196930375,0.49999237060546875,0.0,2,0.0844304,2.0,18129.7,137.377,-12.2712,0.288276,11.2137,48.7394,94.7556,128.279,43.3774,36.3932,33.5236,31.3647,29.9879,28.7291,27.5736,26.5095,25.1537,23.7688,21.555,18.2029,14.5287,11.4447,6.90734,-0.0933278,126.422,124.015,138.583,138.583
15.33395004272461,0.09399633871265377,0.49999237060546875,0.0,2,0.0879857,2.0,17426.1,138.006,-12.0912,0.286811,11.4401,46.8226,91.3736,123.974,45.04,37.3064,34.1851,31.858,30.3834,29.0414,27.8148,26.6897,25.2624,23.8113,21.5067,18.0508,14.3088,11.2042,6.72566,-0.115599,126.952,124.588,133.73,133.73
15.347957134246826,0.09378528435626998,0.9999847412109375,0.0,2,0.0922276,2.0,17062.5,138.482,-11.7118,0.288045,11.6582,45.3195,88.3137,120.046,46.7909,38.2277,34.8369,32.3327,30.7562,29.3285,28.0294,26.8426,25.3435,23.827,21.4338,17.8799,14.0784,10.96,6.53973,-0.138136,127.433,125.166,130.844,130.844
15.370221376419067,0.09352944745788042,0.49999237060546875,0.0,2,0.0974833,2.0,18196.3,139.059,-11.2567,0.289961,11.8737,44.2275,85.6665,116.597,48.4742,39.0512,35.3915,32.7141,31.0397,29.5305,28.1632,26.919,25.354,23.7785,21.3073,17.6719,13.8272,10.7068,6.34876,-0.160889,127.818,125.746,139.106,139.106
15.391829490661621,0.09323547889006015,0.9999847412109375,0.0,2,0.102426,2.0,17470.3,139.722,-10.9211,0.292559,12.0661,43.1138,82.9767,113.098,50.6835,40.1508,36.1535,33.2613,31.4661,29.857,28.4065,27.0924,25.4475,23.8004,21.2348,17.4993,13.5984,10.4689,6.15777,-0.184034,128.385,126.338,134.072,134.072
15.412997961044312,0.09293973675621983,0.49999237060546875,0.0,2,0.107196,2.0,18451.8,140.389,-10.57,0.296996,12.2446,42.1133,80.4144,109.745,53.554,41.4156,37.0252,33.8874,31.9558,30.2347,28.6916,27.3004,25.568,23.8432,21.1761,17.3349,13.3758,10.2372,5.96572,-0.207527,128.961,126.951,141.1,141.1
15.433398485183716,0.09262625896217923,0.9999847412109375,0.0,2,0.11142,2.0,17640.2,141.096,-10.3272,0.303832,12.3994,41.0604,77.7758,106.302,125.951,43.1319,38.2245,34.7686,32.6623,30.7989,29.1387,27.6503,25.808,23.986,21.1921,17.2179,13.1815,10.0237,5.78171,-0.231419,129.646,127.577,135.4,135.4
15.453836917877197,0.09231810186619871,0.49999237060546875,0.0,2,0.115934,2.0,18572.0,141.791,-10.0375,0.313355,12.5431,40.1242,75.2913,103.034,122.149,45.1125,39.5879,35.7618,33.4552,31.4303,29.6386,28.0423,26.0792,24.1514,21.2214,17.1071,12.9918,9.81543,5.60426,-0.255674,130.27,128.221,142.037,142.037
15.473422050476074,0.09199797319958296,0.9999847412109375,0.0,2,0.120148,2.0,17732.3,142.513,-9.82475,0.325844,12.6668,39.169,72.7813,99.732,118.308,47.7233,41.3771,37.0697,34.507,32.278,30.3215,28.5908,26.4784,24.4207,21.325,17.041,12.8277,9.62356,5.4356,-0.280369,130.975,128.885,136.11,136.11
15.487884521484375,0.09168582558005738,0.49999237060546875,0.0,2,0.124883,2.0,18654.7,143.217,-9.54227,0.327807,12.7842,38.3523,70.4852,96.6746,114.74,51.2446,43.3572,38.4903,35.6362,33.1785,31.04,29.1627,26.8894,24.6939,21.4255,16.9697,12.6616,9.43347,5.27281,-0.305471,131.583,129.556,142.676,142.676
15.513586282730103,0.09136259317290658,0.9999847412109375,0.0,2,0.11744,2.0,17814.1,143.946,-9.3151,0.318253,12.8869,37.5553,68.2375,93.6688,111.228,120.844,45.8382,40.2528,37.0329,34.2922,31.9316,29.8772,27.4118,25.0536,21.5837,16.9304,12.5137,9.25573,5.11793,-0.33033,132.255,130.238,136.731,136.731
15.532995700836182,0.09104778520435095,0.49999237060546875,0.0,2,0.109671,2.0,18740.7,144.656,-8.98877,0.297727,12.9879,36.904,66.2464,90.9569,108.045,117.408,48.8009,42.0965,38.4681,35.418,32.8184,30.5765,27.9107,25.3859,21.7147,16.8713,12.3567,9.07644,4.96834,-0.353907,132.842,130.939,143.338,143.338
15.553252696990967,0.08686411511309446,0.9999847412109375,0.0,2,0.101906,2.0,17913.8,145.386,-8.71125,0.260754,13.0764,36.2674,64.3117,88.3063,104.929,114.043,119.15,44.3639,40.2195,36.7858,33.8947,31.4271,28.5235,25.8037,21.9001,16.841,12.2159,8.90864,4.82636,-0.376296,133.511,131.65,137.482,137.482
15.572638273239136,0.07912811567882698,0.49999237060546875,0.0,2,0.0946986,2.0,18886.8,146.076,-8.37521,0.196326,13.1609,35.7238,62.5684,85.8759,102.06,110.94,115.917,47.1422,42.1062,38.2359,35.0198,32.305,29.1457,26.2199,22.0765,16.8025,12.0729,8.74329,4.69055,-0.39742,134.121,132.364,144.436,144.436
15.592172145843506,0.061765343680745,0.9999847412109375,0.0,2,0.0871665,2.0,18081.3,146.795,-8.14478,0.123625,13.229,35.1396,60.7945,83.4046,99.1418,107.784,112.629,117.012,44.6193,40.1528,36.5084,33.4729,29.9862,26.8007,22.3592,16.8206,11.9597,8.59605,4.56349,-0.417409,134.853,133.082,138.766,138.766
15.610472440719604,0.05233415053809682,0.49999237060546875,0.0,2,0.0800235,2.0,19042.7,147.495,-7.87947,0.0485552,13.2916,34.615,59.1601,81.0947,96.4042,104.82,109.539,113.81,116.943,42.318,38.1663,34.7589,30.9007,27.4264,22.6615,16.8449,11.8513,8.45474,4.44307,-0.436197,135.544,133.837,145.647,145.647
15.629576444625854,0.04924754451386631,0.9999847412109375,0.0,2,0.0726892,2.0,18214.4,148.232,-7.69546,-0.0224315,13.3408,34.0703,57.5285,78.7837,93.6625,101.85,106.443,110.6,113.651,45.863,40.2901,36.3988,32.0669,28.2321,23.0715,16.922,11.7695,8.3295,4.33077,-0.453894,136.303,134.583,139.795,139.795
15.648584604263306,0.04626775795128197,0.49999237060546875,0.0,2,0.065994,2.0,19146.1,148.955,-7.42405,-0.0983027,13.3891,33.609,56.0813,76.6896,91.1646,99.1388,103.615,107.667,110.642,113.685,42.6133,38.1213,33.2649,29.042,23.4686,16.9863,11.6833,8.20589,4.22418,-0.470429,136.918,135.318,146.458,146.458
15.673218250274658,0.04338400182139439,0.9999847412109375,0.0,2,0.0592868,2.0,18305.0,149.707,-7.19379,-0.170829,13.4275,33.1462,54.6689,74.635,88.7093,96.4724,100.833,104.78,107.679,110.646,113.683,40.2349,34.7209,30.0239,23.9597,17.0925,11.618,8.09567,4.12513,-0.485898,137.626,136.059,140.488,140.488
15.691478729248047,0.03806862323543988,0.49999237060546875,0.0,3,0.0533044,2.0,19218.0,150.443,-6.85602,-0.237819,13.4665,32.7645,53.4373,72.799,86.5007,94.0689,98.3221,102.175,105.004,107.901,110.866,43.0287,36.1805,30.9821,24.4175,17.1765,11.5452,7.98609,4.03164,-0.500227,138.236,136.809,147.023,147.023
15.709340333938599,0.030852608450800182,0.9999847412109375,0.0,3,0.0475985,3.0,15049.3,151.061,-6.4678,-0.308985,13.4998,32.4071,52.2844,71.06,84.4021,91.7826,95.9328,99.6934,102.456,105.285,108.182,111.148,37.8171,32.0418,24.92,17.2776,11.483,7.8857,3.94511,-0.513469,138.922,137.571,136.319,135.88
15.73196291923523,0.028654340583492692,0.9999847412109375,0.0,3,0.0439669,3.0,15024.5,151.029,-5.63876,-0.385534,13.5529,32.2629,51.5402,69.8294,82.8849,90.1191,94.19,97.8806,100.593,103.37,106.215,109.128,38.7053,32.5433,25.0774,17.2162,11.3567,7.76191,3.86054,-0.525474,139.098,138.144,133.814,133.061
15.751120567321777,0.02451433013417758,0.9999847412109375,0.0,3,0.0417058,3.0,13733.9,150.853,-4.69395,-0.458188,13.6149,32.2442,51.0397,68.9134,81.7321,88.8477,92.8549,96.4891,99.1603,101.897,104.701,107.574,39.206,32.6458,25.0035,17.0558,11.1969,7.62964,3.78082,-0.536236,138.9,138.307,133.06,132.39
15.76840615272522,0.022514627367258074,0.9999847412109375,0.0,3,0.0396945,3.0,14658.9,151.202,-3.91761,-0.514655,13.6704,32.229,50.5644,68.044,80.637,87.6394,91.5861,95.1669,97.7999,100.499,103.264,106.097,40.17,32.7379,24.9323,16.9073,11.0511,7.50982,3.70919,-0.545865,138.863,138.385,141.438,141.438
15.79130744934082,0.018773290313109755,0.9999847412109375,0.0,3,0.0369789,3.0,14922.9,151.966,-3.46893,-0.553364,13.7079,32.1222,49.9508,67.0124,79.3572,86.2336,90.1117,93.6324,96.2226,98.877,101.598,104.387,108.41,33.1829,25.0687,16.8604,10.9541,7.41616,3.64654,-0.554658,139.462,138.855,144.092,144.092
15.80968713760376,0.00971569313764572,0.9999847412109375,0.0,3,0.0338103,3.0,15051.1,152.823,-3.21327,-0.589327,13.7322,31.9554,49.254,65.8837,77.9664,84.7085,88.5139,91.97,94.5132,97.1206,99.7942,102.535,106.49,33.9124,25.3647,16.8886,10.893,7.34215,3.5911,-0.562721,140.237,139.532,145.379,145.379
15.827838897705078,0.006290052190516145,0.9999847412109375,0.0,3,0.030811,3.0,15107.8,153.73,-3.02538,-0.616005,13.7539,31.7978,48.5857,64.7975,76.6253,83.2362,86.9709,90.3638,92.8617,95.4235,98.0508,100.745,104.634,34.6888,25.671,16.9223,10.8376,7.27352,3.53956,-0.570206,141.026,140.35,145.951,145.951
15.85121202468872,0.006260215544113889,0.9999847412109375,0.0,3,0.028403,3.0,15134.2,154.661,-2.79784,-0.63827,13.7793,31.692,48.011,63.8382,75.4317,81.9236,85.5937,88.9299,91.3864,93.9067,96.4924,99.1446,102.974,35.6154,25.8747,16.914,10.769,7.20214,3.49047,-0.577128,141.794,141.244,146.213,146.213
15.869133949279785,0.006230507089532911,0.9999847412109375,0.0,3,0.0266253,3.0,15168.5,155.588,-2.51047,-0.665824,13.8092,31.641,47.5293,63.0064,74.3885,80.7731,84.3851,87.6703,90.0905,92.5743,95.1229,97.7381,101.514,37.1358,25.9511,16.8553,10.6842,7.12672,3.44339,-0.583533,142.563,142.159,146.533,146.533
15.8916494846344,0.006201279354281723,0.9999847412109375,0.0,3,0.0253341,3.0,15222.4,156.5,-2.19759,-0.701848,13.8421,31.6297,47.1123,62.2672,73.455,79.7418,83.3016,86.5403,88.9274,91.378,93.893,96.4745,100.204,104.637,25.9282,16.76,10.5891,7.0497,3.39859,-0.589456,143.345,143.059,147.047,147.047
15.907910823822021,0.00617234005062841,0.9999847412109375,0.0,3,0.0243432,3.0,15291.2,157.403,-1.89217,-0.740853,13.8754,31.6397,46.7284,61.58,72.5851,78.7794,82.2898,85.4854,87.8416,90.2607,92.7448,95.2947,98.9802,103.362,25.8502,16.6471,10.4911,6.97403,3.35634,-0.594941,144.147,143.937,147.705,147.705
15.930213212966919,0.006143689178572968,0.9999847412109375,0.0,3,0.0234892,3.0,15370.6,158.297,-1.61823,-0.777589,13.9074,31.6535,46.3521,60.9122,71.7395,77.8444,81.3068,84.4605,86.7863,89.1755,91.6288,94.1487,97.7917,102.125,25.7568,16.5327,10.396,6.90187,3.31668,-0.600053,144.967,144.794,148.468,148.468
15.94820523262024,0.006115134450383485,0.9999847412109375,0.0,3,0.0226657,3.0,15453.8,159.188,-1.38809,-0.810242,13.9369,31.6451,45.9685,60.2431,70.8949,76.9109,80.3255,83.4373,85.7333,88.0921,90.5155,93.0053,96.6055,100.89,25.6746,16.4271,10.3074,6.83448,3.27958,-0.604837,145.795,145.632,149.272,149.272
15.969640970230103,0.006086547674238682,0.9999847412109375,0.0,3,0.0218298,3.0,15535.3,160.08,-1.20132,-0.836028,13.9636,31.6088,45.5719,59.5652,70.0418,75.9687,79.3356,82.4054,84.671,86.9994,89.3928,91.8519,95.4095,99.6447,25.6143,16.3345,10.2267,6.77229,3.24499,-0.609318,146.624,146.462,150.061,150.061
15.991188287734985,0.006057896802183241,0.9999847412109375,0.0,3,0.0209758,3.0,15613.4,160.974,-1.05218,-0.85776,13.9878,31.5466,45.1629,58.8783,69.1801,75.0179,78.3367,81.3638,83.5991,85.8976,88.2598,90.6885,94.2026,98.3882,25.5756,16.2539,10.1531,6.71475,3.21259,-0.613535,147.451,147.287,150.817,150.817
16.008875370025635,0.006029181834217161,0.9999847412109375,0.0,3,0.0201156,3.0,15687.3,161.87,-0.932242,-0.87558,14.0098,31.4617,44.744,58.1856,68.3132,74.0617,77.3322,80.317,82.5219,84.7892,87.1211,89.5187,92.9894,97.1249,25.5531,16.1828,10.0853,6.66104,3.18207,-0.617523,148.275,148.111,151.533,151.533
16.02953600883484,0.006000338674429804,0.9999847412109375,0.0,3,0.0192673,3.0,15755.8,162.77,-0.833343,-0.887717,14.0301,31.358,44.3181,57.4905,67.4451,73.1044,76.3269,79.2694,81.4437,83.6805,85.9813,88.3479,91.7753,95.8607,25.542,16.1184,10.0221,6.61052,3.15321,-0.621301,149.098,148.937,152.197,152.197
16.050766229629517,0.005971559610553086,0.9999847412109375,0.0,3,0.0184466,3.0,15824.6,163.668,-0.749118,-0.896751,14.0491,31.2385,43.8879,56.7962,66.5796,72.1503,75.3248,78.2249,80.3689,82.5751,84.8454,87.1814,90.565,94.6002,25.6038,16.0585,9.96249,6.56275,3.12587,-0.62488,149.92,149.765,152.861,152.861
16.072216987609863,0.005942876690542325,0.9999847412109375,0.0,3,0.0176541,3.0,15896.0,164.563,-0.677195,-0.90459,14.067,31.104,43.4537,56.1025,65.7162,71.1992,74.3262,77.1842,79.2979,81.4735,83.7133,86.0184,89.3587,93.3444,25.8169,16.0022,9.90581,6.51724,3.09982,-0.628291,150.741,150.592,153.549,153.549
16.088366985321045,0.0059142578664422045,0.9999847412109375,0.0,3,0.0168826,3.0,15970.6,165.456,-0.61647,-0.912814,14.0838,30.9546,43.0146,55.4085,64.8543,70.2497,73.3293,76.1453,78.2288,80.3742,82.5832,84.8577,88.1546,92.0906,26.2923,15.95,9.85224,6.47409,3.07506,-0.631534,151.559,151.415,154.268,154.268
16.109440803527832,0.005885735186208039,0.9999847412109375,0.0,3,0.0161235,3.0,16047.7,166.346,-0.565648,-0.914391,14.0993,30.7906,42.5694,54.7125,63.9913,69.2997,72.3319,75.1059,77.1593,79.2743,81.453,83.6963,86.9501,90.8358,27.3333,15.9028,9.8021,6.43334,3.05156,-0.634619,152.384,152.24,155.013,155.013
16.13072681427002,0.005857308649839833,0.9999847412109375,0.0,3,0.0153624,3.0,16126.0,167.233,-0.525119,-0.910313,14.1136,30.6123,42.1171,54.0126,63.1255,68.3469,71.3316,74.0637,76.0867,78.1712,80.3191,82.5316,85.7417,89.5772,97.2739,15.8615,9.75556,6.39499,3.02924,-0.637559,153.205,153.059,155.769,155.769
16.15095281600952,0.0058288500655163085,0.9999847412109375,0.0,3,0.0146052,3.0,16204.7,168.121,-0.493482,-0.910334,14.1267,30.4206,41.6583,53.3098,62.2576,67.3919,70.3292,73.0194,75.0119,77.0659,79.1829,81.3644,84.5309,88.3156,95.9163,15.8257,9.71244,6.35895,3.00807,-0.640357,154.018,153.872,156.529,156.529
16.167675495147705,0.005800327385282144,0.9999847412109375,0.0,3,0.0138575,3.0,16276.9,169.011,-0.467676,-0.909401,14.1388,30.2164,41.1939,52.6048,61.3885,66.4364,69.3264,71.9744,73.9367,75.9603,78.0462,80.1969,83.319,87.0533,94.558,15.7941,9.67216,6.32491,2.98793,-0.643023,154.829,154.685,157.237,157.237
16.189560890197754,0.0057716444652713824,0.9999847412109375,0.0,3,0.0131242,3.0,16341.6,169.906,-0.444446,-0.898946,14.15,30.0006,40.725,51.8987,60.5199,65.4814,68.3241,70.9303,72.8621,74.8553,76.9101,79.0297,82.1083,85.7918,93.1996,15.7659,9.63429,6.29262,2.96874,-0.64557,155.646,155.506,157.856,157.856
16.21072006225586,0.0040526774277538065,0.9999847412109375,0.0,3,0.012407,3.0,16417.8,170.792,-0.424054,-0.892584,14.1604,29.7739,40.2515,51.1915,59.6514,64.5269,67.3227,69.887,71.7887,73.7509,75.7755,77.8638,80.8981,84.5306,91.842,15.7412,9.5989,6.26215,2.95052,-0.647991,156.46,156.324,158.588,158.588
16.231147050857544,0.0033013175304606557,0.9999847412109375,0.0,3,0.0117542,3.0,16500.8,171.673,-0.410437,-0.892485,14.1707,29.5402,39.7784,50.4903,58.7915,63.5825,66.3319,68.8549,70.7267,72.6588,74.6527,76.7101,79.7012,83.2836,90.4991,15.714,9.56376,6.23253,2.93308,-0.650294,157.265,157.142,159.387,159.387
16.248023509979248,0.002047712296247482,0.9999847412109375,0.0,3,0.0112025,3.0,16586.6,172.55,-0.390708,-0.892793,14.1816,29.302,39.3094,49.7998,57.9463,62.6547,65.3583,67.8411,69.6835,71.5861,73.5501,75.5778,78.526,82.0592,89.1807,15.6884,9.527,6.2029,2.91621,-0.652493,158.067,157.965,160.216,160.216
16.27008581161499,0.0015305801297631116,0.9999847412109375,0.0,3,0.0107409,3.0,16671.3,173.427,-0.366395,-0.873412,14.193,29.0586,38.8428,49.1177,57.1132,61.7405,64.3996,66.8424,68.6561,70.5298,72.4646,74.4623,77.3689,80.8537,87.8832,15.7218,9.48877,6.17328,2.89984,-0.6546,158.882,158.793,161.035,161.035
16.291502475738525,0.0,0.9999847412109375,0.0,3,0.0103499,3.0,16752.9,174.305,-0.337056,-0.861804,14.2048,28.8088,38.3767,48.4413,56.2885,60.8357,63.4511,65.855,67.6403,69.4851,71.3909,73.3595,76.2247,79.6618,86.6002,15.8433,9.44947,6.14371,2.88388,-0.656632,159.678,159.604,161.825,161.825
16.307572603225708,0.0,0.9999847412109375,0.0,3,0.0100657,3.0,16826.0,175.188,-0.309897,-0.853378,14.2174,28.5552,37.9141,47.7745,55.4771,59.9468,62.5193,64.8845,66.6422,68.4592,70.3367,72.2767,75.1017,78.4916,85.3408,16.0778,9.40757,6.11357,2.86824,-0.658589,160.469,160.418,162.553,162.553
16.32810664176941,-0.0004363402851888289,0.9999847412109375,0.0,3,0.00988453,3.0,16870.7,176.089,-0.270317,-0.818134,14.2309,28.2974,37.4545,47.1165,54.6781,59.0715,61.6018,63.9299,65.6604,67.4498,69.2998,71.2117,73.997,77.3414,84.1039,16.4627,9.36325,6.08292,2.85292,-0.660473,161.273,161.246,162.974,162.974
16.35010313987732,-0.0007178165072699388,0.9999847412109375,0.0,3,0.0097596,3.0,16939.5,176.971,-0.229924,-0.78801,14.2449,28.0327,36.9928,46.4604,53.8831,58.2012,60.6904,62.9813,64.6851,66.4473,68.2694,70.154,72.9,76.1991,82.8749,17.0882,9.31787,6.05217,2.83785,-0.662309,162.079,162.068,163.629,163.629
16.372376441955566,-0.000714203135073185,0.9999847412109375,0.0,3,0.00969571,3.0,17021.5,177.842,-0.194847,-0.769194,14.2533,27.7615,36.5297,45.8068,53.0928,57.3368,59.7849,62.0394,63.7167,65.4519,67.2471,69.1041,71.8115,75.0657,81.6557,18.1235,9.27121,6.02123,2.82301,-0.664096,162.875,162.879,164.417,164.417
16.38851523399353,-0.0010617148343939333,0.9999847412109375,0.0,3,0.00968521,3.0,17110.8,178.705,-0.159281,-0.756855,14.2499,27.4837,36.0644,45.1546,52.3059,56.4769,58.8844,61.1025,62.7535,64.4622,66.2303,68.0601,70.729,73.9384,80.444,20.222,9.23738,5.98978,2.80821,-0.66586,163.67,163.686,165.278,165.278
16.40952968597412,-0.0010563906098529695,0.9999847412109375,0.0,3,0.00970333,3.0,17199.1,179.564,-0.126766,-0.715803,14.2344,27.1982,35.5945,44.5004,51.5185,55.6165,57.9837,60.1659,61.7905,63.4728,65.2143,67.017,69.6469,72.8117,79.2319,94.1944,9.24871,5.95829,2.79354,-0.6676,164.489,164.498,166.134,166.134
16.43100595474243,-0.001051041592648253,0.9999847412109375,0.0,3,0.0097453,3.0,17282.1,180.427,-0.0979889,-0.688658,14.2069,26.905,35.1201,43.8438,50.7296,54.7553,57.0821,59.2284,60.8271,62.4828,64.1972,65.9727,68.5641,71.6847,78.0194,92.8082,9.31362,5.92664,2.77891,-0.669327,165.276,165.288,166.938,166.938
16.452016830444336,-0.0010456367919500918,0.9999847412109375,0.0,3,0.00981205,3.0,17347.2,181.299,-0.0714502,-0.663373,14.1685,26.6041,34.6411,43.185,49.9393,53.8931,56.1799,58.2903,59.8629,61.492,63.1797,64.9283,67.4812,70.5565,76.8065,91.4201,9.44001,5.89626,2.76424,-0.671051,166.06,166.075,167.607,167.607
16.468138456344604,-0.0010401080279331654,0.9999847412109375,0.0,3,0.00987118,3.0,17383.1,182.191,-0.0507258,-0.600015,14.1188,26.2938,34.1544,42.5195,49.1425,53.0242,55.2711,57.3454,58.8914,60.4941,62.1546,63.8758,66.3899,69.4202,75.5834,90.0208,9.63794,5.88983,2.74978,-0.672753,166.867,166.883,167.925,167.925
16.48881220817566,-0.0010347528125625104,0.9999847412109375,0.0,3,0.00992125,3.0,17453.6,183.055,-0.0362354,-0.547268,14.058,25.9747,33.6608,41.8481,48.3399,52.1493,54.3557,56.3939,57.9136,59.4893,61.1229,62.8162,65.2913,68.2759,74.3521,88.6092,9.92147,5.91601,2.73524,-0.674467,167.667,167.683,168.595,168.595
16.509946823120117,-0.0014380227668831745,0.9999847412109375,0.0,3,0.00997513,3.0,17540.3,183.906,-0.0247634,-0.514369,13.9869,25.6475,33.161,41.1718,47.5332,51.2701,53.4361,55.438,56.9314,58.4803,60.0862,61.752,64.1875,67.1261,73.1141,87.1899,10.3054,5.97824,2.72063,-0.676188,168.45,168.469,169.427,169.427
16.53095006942749,-0.001904962368865187,0.9999847412109375,0.0,3,0.0100414,3.0,17636.4,184.749,-0.0142187,-0.502459,13.9059,25.3131,32.656,40.4921,46.7235,50.3883,52.5141,54.4794,55.9463,57.4682,59.0468,60.6847,63.0804,65.973,71.8724,85.7656,10.8125,6.07776,2.70977,-0.677918,169.23,169.25,170.353,170.353
16.553479433059692,-0.0037152526603266597,0.9999847412109375,0.0,3,0.0101525,3.0,17728.8,185.591,-0.00515271,-0.499658,13.8156,24.9726,32.148,39.8118,45.9147,49.5084,51.5939,53.5231,54.9637,56.4588,58.0102,59.6204,61.9767,64.8235,70.6344,84.3448,11.4727,6.21752,2.71316,-0.679644,170.005,170.029,171.25,171.25
16.569398641586304,-0.006110403466603409,0.9999847412109375,0.0,3,0.00146168,3.0,17813.4,186.438,0.00812396,-0.506378,13.7169,24.6297,31.642,39.1383,45.1159,48.6396,50.6861,52.5801,53.9951,55.4638,56.9885,58.5716,60.8896,63.6913,69.4162,82.948,12.3242,6.3995,2.73149,-0.680729,170.769,170.815,172.071,172.071
16.591164112091064,-0.009080703496932983,0.9999847412109375,0.0,3,-0.00836689,3.0,17882.7,187.292,0.0340096,-0.510125,13.6111,24.2865,31.1417,38.4762,44.333,47.7893,49.798,51.6579,53.0476,54.4914,55.9904,57.5472,59.8278,62.5862,68.2274,81.5882,13.4288,6.62392,2.76478,-0.680111,171.528,171.609,172.75,172.75
16.60817241668701,-0.011355946825134257,0.9999847412109375,0.0,3,-0.0180481,3.0,17951.2,188.145,0.0688111,-0.510777,13.4986,23.9442,30.6482,37.8273,43.5677,46.9593,48.9319,50.7591,52.1251,53.5446,55.0187,56.5506,58.7956,61.5124,67.0741,80.2723,14.9057,6.89436,2.81243,-0.677757,172.287,172.413,173.407,173.407
16.628769159317017,-0.0138713223195076,0.9999847412109375,0.0,3,-0.0268014,3.0,18025.7,188.992,0.121112,-0.513282,13.3798,23.6038,30.1629,37.1936,42.8234,46.1534,48.0912,49.8873,51.2309,52.6269,54.0777,55.5859,57.7968,60.4747,65.961,79.0064,17.0102,7.21217,2.87454,-0.673733,173.041,173.219,174.124,174.124
16.650306940078735,-0.01517806754563935,0.9999847412109375,0.0,3,-0.0351527,3.0,18104.2,189.833,0.185945,-0.52,13.2553,23.266,29.6871,36.5766,42.1016,45.3731,47.2783,49.0451,50.3668,51.7412,53.1702,54.6558,56.8352,59.476,64.8919,77.796,20.6911,7.5791,2.951,-0.668145,173.786,174.023,174.881,174.881
16.671246767044067,-0.016535977793845042,0.9999847412109375,0.0,3,-0.0433181,3.0,18183.3,190.671,0.269907,-0.534142,13.1251,22.9296,29.2186,35.9733,41.398,44.6139,46.4885,48.227,49.5288,50.8824,52.2906,53.755,55.9043,58.5101,63.8603,76.6331,105.728,7.99926,3.0412,-0.661007,174.529,174.819,175.646,175.646
16.69401264190674,-0.017943650432210415,0.9999847412109375,0.0,3,-0.0507401,3.0,18259.4,191.51,0.356868,-0.547501,12.9891,22.5933,28.7547,35.38,40.7083,43.8712,45.7158,47.4281,48.7102,50.0444,51.4322,52.8764,54.9972,57.5698,62.8574,75.5072,104.415,8.47587,3.14545,-0.652362,175.276,175.612,176.383,176.383
16.707841396331787,-0.017849114826740696,0.9999847412109375,0.0,3,-0.0578225,3.0,18335.4,192.345,0.448655,-0.56064,12.8471,22.2562,28.294,34.7939,40.0296,43.1409,44.9573,46.6433,47.9071,49.2221,50.591,52.0158,54.109,56.6502,61.8781,74.4113,103.151,9.01381,3.26342,-0.642328,176.026,176.401,177.116,177.116
16.730227947235107,-0.01929801025966803,0.9999847412109375,0.0,3,-0.0648363,3.0,18410.4,193.179,0.539561,-0.576718,12.6989,21.9154,27.8319,34.2088,39.3533,42.4143,44.2023,45.8633,47.1086,48.4049,49.755,51.1608,53.2273,55.7371,60.9065,73.3265,101.907,9.61952,3.39497,-0.630901,176.779,177.179,177.843,177.843
16.752338647842407,-0.025975502168486514,0.9999847412109375,0.0,3,-0.0713299,3.0,18482.4,194.013,0.617041,-0.588523,12.5444,21.5701,27.3667,33.6219,38.6763,41.6872,43.4472,45.0835,46.3105,47.5883,48.9197,50.3064,52.3463,54.8251,59.9368,72.2441,100.671,10.3007,3.54026,-0.618146,177.536,177.953,178.539,178.539
16.769392490386963,-0.03359937666893006,0.9999847412109375,0.0,3,-0.0774005,3.0,18555.1,194.843,0.677944,-0.597399,12.3857,21.2276,26.9098,33.0496,38.0189,40.9827,42.7167,44.3294,45.5393,46.7999,48.1139,49.4831,51.4981,53.9488,59.0071,71.2141,99.5179,11.0514,3.69786,-0.604151,178.269,178.74,179.24,179.24
16.790828704833984,-0.03766062295510123,0.9999847412109375,0.0,3,-0.0829805,3.0,18628.8,195.669,0.766347,-0.607698,12.2255,20.8974,26.4757,32.5128,37.4075,40.3309,42.0424,43.6352,44.8307,46.0771,47.3765,48.7313,50.7261,53.1538,58.1698,70.3037,98.5562,11.8573,3.86597,-0.588964,178.966,179.546,179.953,179.953
16.808252096176147,-0.04192910242577394,0.9999847412109375,0.0,3,-0.0876291,3.0,18701.7,196.492,0.90735,-0.614043,12.0647,20.5803,26.0658,32.0133,36.8444,39.7339,41.427,43.0039,44.1878,45.4225,46.7105,48.0542,50.0332,52.4439,57.4299,69.5198,97.7987,12.71,4.04349,-0.572675,179.657,180.361,180.658,180.658
16.827792644500732,-0.0464019387838617,0.9999847412109375,0.0,3,-0.0916722,3.0,18776.5,197.309,1.07714,-0.618562,11.9025,20.2727,25.6745,31.5426,36.3192,39.1807,40.8588,42.4226,43.597,44.8229,46.102,47.4369,49.4043,51.8027,56.769,68.8399,97.2145,13.609,4.22956,-0.555389,180.35,181.164,181.378,181.378
16.849804878234863,-0.053628477108199145,0.9999847412109375,0.0,3,-0.0953267,3.0,18852.2,198.122,1.26389,-0.625409,11.7387,19.9731,25.2987,31.0968,35.8269,38.665,40.3307,41.8838,43.0518,44.2708,45.543,46.8719,48.8311,51.2216,56.1778,68.2519,96.7905,14.5516,4.42369,-0.53716,181.041,181.953,182.111,182.111
16.872180700302124,-0.05860882529948528,0.9999847412109375,0.0,3,-0.0981496,3.0,18923.7,198.93,1.45428,-0.630079,11.5747,19.6845,24.9428,30.6817,35.3749,38.1953,39.8529,41.3991,42.5623,43.7768,45.0456,46.3714,48.3268,50.7146,55.6719,67.7781,96.5665,15.5193,4.62411,-0.518079,181.715,182.738,182.804,182.804
16.88921284675598,-0.06101140347093344,0.9999847412109375,0.0,3,-0.100331,3.0,18994.2,199.726,1.67319,-0.634324,11.4112,19.4086,24.6092,30.3009,34.9677,37.7774,39.43,40.9731,42.1347,43.3481,44.6163,45.9414,47.8991,50.2903,55.2612,67.4315,96.5744,16.4925,4.82886,-0.498301,182.38,183.523,183.484,183.484
16.909879207611084,-0.06345080059801539,0.9999847412109375,0.0,3,-0.102146,3.0,19064.0,200.512,1.91118,-0.64098,11.2473,19.1404,24.2904,29.9432,34.5912,37.3949,39.0457,40.5885,41.7502,42.9648,44.2351,45.5628,47.5251,49.9249,54.9193,67.1785,96.7685,17.4729,5.03816,-0.477852,183.049,184.287,184.16,184.16
16.93205952644348,-0.06592660328994195,0.9999847412109375,0.0,3,-0.103398,3.0,19131.9,201.288,2.13905,-0.646039,11.0822,18.876,23.9795,29.5986,34.2324,37.0332,38.6844,40.2283,41.3919,42.6093,43.8822,45.2143,47.1841,49.5955,54.6205,66.9863,97.1026,18.4624,5.25115,-0.456835,183.726,185.027,184.817,184.817
16.948257207870483,-0.06843888535165228,0.9999847412109375,0.0,3,-0.104364,3.0,19199.6,202.053,2.34551,-0.650868,10.9161,18.6143,23.674,29.2636,33.887,36.6873,38.3403,39.8868,41.0535,42.2745,43.5523,44.8902,46.8696,49.2949,54.3563,66.8444,97.5675,19.46,5.46767,-0.435331,184.398,185.748,185.47,185.47
16.96898055076599,-0.06808962948001922,0.9999847412109375,0.0,3,-0.105186,3.0,19266.0,202.808,2.53631,-0.657253,10.749,18.3548,23.3733,28.9367,33.553,36.3551,38.011,39.5619,40.7326,41.958,43.2416,44.5866,46.5779,49.0195,54.1223,66.7482,98.1632,20.4575,5.68671,-0.413414,185.065,186.456,186.113,186.113
16.99038028717041,-0.07062660077810287,0.9999847412109375,0.0,3,-0.105619,3.0,19330.3,203.555,2.70789,-0.662,10.5806,18.095,23.0735,28.6118,33.2225,36.0275,37.6871,39.2431,40.4177,41.6487,42.9392,44.2916,46.2957,48.7553,53.9033,66.6753,98.861,21.4592,5.9082,-0.391129,185.738,187.152,186.735,186.735
17.012381076812744,-0.07027068264245986,0.9999847412109375,0.0,3,-0.105929,3.0,19394.0,204.293,2.84752,-0.666445,10.4113,17.8352,22.7743,28.2888,32.8949,35.7039,37.368,38.9291,40.1093,41.3462,42.6437,44.0046,46.0225,48.5016,53.6979,66.6262,99.6688,22.4613,6.13155,-0.368566,186.399,187.831,187.351,187.351
17.028582096099854,-0.06991910497188568,0.9999847412109375,0.0,4,-0.106224,3.0,19456.2,205.022,2.97429,-0.671498,10.241,17.5748,22.4745,27.9656,32.5678,35.381,37.0498,38.6171,39.8023,41.046,42.3506,43.7201,45.7527,48.252,53.4993,66.5916,100.578,23.462,6.35619,-0.345757,187.065,188.507,187.953,187.953
17.05117917060852,-0.0698221679186821,0.9999847412109375,0.0,4,-0.10645,4.0,15760.0,205.223,2.9691,-0.673742,10.0683,17.3061,22.1615,27.6225,32.2158,35.0295,36.7009,38.2724,39.4617,40.7098,42.0211,43.3974,45.4426,47.9599,53.2522,66.4969,101.444,24.5112,6.58361,-0.322792,187.635,189.029,180.569,181.851
17.072211265563965,-0.06711633894503116,0.9999847412109375,0.0,4,-0.106874,4.0,15731.0,204.912,2.8649,-0.679319,9.89455,17.0318,21.8384,27.2637,31.8421,34.6534,36.3257,37.8992,39.0908,40.3427,41.6582,43.0406,45.0958,47.6278,52.9604,66.3455,102.265,25.6046,6.8124,-0.299835,187.62,188.942,180.09,181.418
17.089653730392456,-0.07012889411687852,0.9999847412109375,0.0,4,-0.107014,4.0,15150.6,204.587,2.82929,-0.683354,9.72403,16.768,21.5317,26.9289,31.4995,34.3129,35.989,37.5674,38.7635,40.0212,41.3434,42.734,44.8031,47.3549,52.7382,66.2901,103.369,26.6199,7.03721,-0.276929,187.346,188.708,179.298,180.855
17.110864877700806,-0.06720191819834523,0.9999847412109375,0.0,4,-0.106459,4.0,15669.7,204.727,2.87465,-0.677867,9.55706,16.5174,21.246,26.6252,31.198,34.0199,35.7033,37.2903,38.4944,39.7607,41.093,42.4952,44.5837,47.1619,52.6099,66.3664,104.866,27.5166,7.25697,-0.254072,187.129,188.576,186.126,186.126
17.12934184074402,-0.06979998331944147,0.9999847412109375,0.0,4,-0.105602,4.0,15738.6,205.269,3.03,-0.66454,9.39234,16.2759,20.9755,26.3445,30.9272,33.7629,35.4571,37.0558,38.2697,39.5475,40.8928,42.31,44.4223,47.0329,52.5578,66.5521,106.756,28.3072,7.47286,-0.231186,187.428,188.958,187.004,187.004
17.1519832611084,-0.06669121822181158,0.9999847412109375,0.0,4,-0.104728,4.0,15773.4,205.831,3.15935,-0.65291,9.22797,16.0347,20.7053,26.065,30.6577,33.5081,35.2131,36.8245,38.049,39.3387,40.6982,42.1304,44.2673,46.9118,52.5177,66.7611,108.879,29.0609,7.68728,-0.208285,187.891,189.437,187.425,187.425
17.170438051223755,-0.06925646063804626,0.9999847412109375,0.0,4,-0.103886,4.0,15804.1,206.396,3.2358,-0.641536,9.0618,15.7853,20.4208,25.7633,30.3598,33.2203,34.9345,36.5559,37.7888,39.089,40.4596,41.9056,44.0645,46.7394,52.4199,66.897,110.906,29.857,7.90328,-0.185402,188.422,189.916,187.79,187.79
17.1929771900177,-0.06898445816040039,0.9999847412109375,0.0,4,-0.103489,4.0,15836.4,206.96,3.2166,-0.633816,8.89309,15.5239,20.1154,25.429,30.0187,32.8822,34.6012,36.2289,37.4674,38.7747,40.1539,41.6099,43.7861,46.4853,52.2275,66.9096,112.051,30.741,8.1221,-0.162562,188.967,190.37,188.173,188.173
17.20988368988037,-0.06871342023054759,0.9999847412109375,0.0,4,-0.103432,4.0,15872.3,207.522,3.13886,-0.632168,8.72266,15.2528,19.7933,25.0676,29.6408,32.5017,34.2217,35.8518,37.0939,38.4051,39.7901,41.2531,43.4424,46.1602,51.9532,66.8149,112.64,31.7041,8.34338,-0.139771,189.516,190.834,188.596,188.596
17.232047080993652,-0.06844382912238439,0.9999847412109375,0.0,4,-0.103426,4.0,15911.6,208.081,3.03162,-0.63759,8.55102,14.9752,19.4592,24.6872,29.237,32.0906,33.8092,35.4394,36.6826,37.9963,39.3849,40.8528,43.0508,45.7843,51.6196,66.643,112.917,32.7244,8.5662,-0.117022,190.059,191.313,189.062,189.062
17.250283241271973,-0.06539272652423009,0.9999847412109375,0.0,4,-0.103559,4.0,15953.6,208.638,2.92666,-0.648638,8.37897,14.6949,19.1195,24.2974,28.8196,31.6641,33.3793,35.0086,36.2521,37.5672,38.9584,40.4298,42.636,45.3823,51.257,66.4356,113.017,33.7681,8.78949,-0.0942968,190.595,191.812,189.56,189.56
17.273355960845947,-0.0679075405494372,0.9999847412109375,0.0,4,-0.103695,4.0,15997.3,209.193,2.84396,-0.662275,8.2071,14.4136,18.7776,23.9033,28.3965,31.2305,32.9419,34.5697,35.8129,37.1288,38.5217,39.9971,42.2102,44.9689,50.8821,66.2163,113.003,34.8125,9.01257,-0.071579,191.129,192.327,190.079,190.079
17.289896965026855,-0.06764036081075668,0.9999847412109375,0.0,4,-0.103562,4.0,16040.7,209.747,2.77867,-0.675247,8.03623,14.1357,18.4408,23.5165,27.9836,30.8083,32.5172,34.1441,35.3878,36.7054,38.1018,39.5816,41.8037,44.5774,50.5346,66.0395,112.954,35.8025,9.2333,-0.0488815,191.633,192.847,190.595,190.595
17.31305742263794,-0.06737318107207617,0.9999847412109375,0.0,4,-0.103233,4.0,16082.4,210.301,2.7593,-0.683005,7.86701,13.8636,18.1136,23.1444,27.5894,30.4088,32.1174,33.7456,34.9923,36.3136,37.7148,39.2013,41.436,44.2288,50.2404,65.9541,112.908,36.692,9.45055,-0.0262095,192.126,193.383,191.091,191.091
17.329150438308716,-0.06436762584669516,0.9999847412109375,0.0,4,-0.102687,4.0,16123.8,210.854,2.77344,-0.687711,7.6991,13.5957,17.793,22.782,27.2088,30.0251,31.7346,33.3663,34.6164,35.9429,37.3506,38.8452,41.0954,43.9107,49.984,65.9467,112.842,37.4957,9.66447,-0.00356293,192.624,193.915,191.584,191.584
17.352354764938354,-0.06411181326786987,0.9999847412109375,0.0,4,-0.102015,4.0,16164.0,211.407,2.80109,-0.689977,7.53159,13.328,17.472,22.4188,26.8272,29.6401,31.3508,32.9857,34.2396,35.5717,36.9864,38.4899,40.7553,43.5945,49.7316,65.9729,112.716,38.2635,9.87683,0.0190379,193.137,194.434,192.063,192.063
17.370694637298584,-0.06385553809848613,0.9999847412109375,0.0,4,-0.101416,4.0,16202.9,211.961,2.8102,-0.687397,7.36411,13.0591,17.1481,22.0506,26.4378,29.2468,30.9585,32.5958,33.8531,35.1894,36.6103,38.1226,40.403,43.2653,49.4667,66.0101,112.517,39.0177,10.0884,0.0415827,193.651,194.938,192.525,192.525
17.392202138900757,-0.06360018811021931,0.9999847412109375,0.0,4,-0.100763,4.0,16241.9,212.513,2.80878,-0.683012,7.19712,12.7897,16.8227,21.6789,26.0441,28.8476,30.5591,32.1987,33.4594,34.8003,36.2277,37.7476,40.0432,42.9294,49.1947,66.0674,112.259,39.7493,10.2985,0.0640589,194.164,195.44,192.988,192.988
17.410396099090576,-0.06334530071251095,0.9999847412109375,0.0,4,-0.100066,4.0,16280.7,213.064,2.80033,-0.677621,7.03052,12.5199,16.4956,21.3037,25.6451,28.4425,30.1533,31.7952,33.058,34.4036,35.8373,37.3653,39.6759,42.5847,48.9153,66.1485,111.949,40.4596,10.5074,0.0864487,194.674,195.941,193.449,193.449
17.43257451057434,-0.06309041331480257,0.9999847412109375,0.0,4,-0.0994366,4.0,16319.6,213.615,2.78673,-0.669079,6.86429,12.2494,16.1665,20.9242,25.2396,28.0296,29.7395,31.3822,32.648,33.9974,35.4365,36.9721,39.2972,42.2288,48.6247,66.248,111.586,41.1538,10.7148,0.108749,195.189,196.444,193.911,193.911
17.448800086975098,-0.06283645109821111,0.9999847412109375,0.0,4,-0.0987375,4.0,16359.4,214.164,2.76724,-0.662195,6.69852,11.9783,15.8353,20.5408,24.8284,27.6096,29.3178,30.9609,32.2289,33.5817,35.0258,36.5691,38.9082,41.8624,48.3235,66.3702,111.178,41.831,10.9209,0.130966,195.7,196.943,194.384,194.384
17.473011255264282,-0.0625829514721781,0.9999847412109375,0.0,4,-0.0980199,4.0,16398.9,214.712,2.74731,-0.656242,6.53348,11.7076,15.5037,20.1554,24.4136,27.1855,28.8915,30.5351,31.8049,33.161,34.6103,36.1601,38.5133,41.4907,48.0183,66.5306,110.732,42.4808,11.1253,0.153056,196.208,197.443,194.854,194.854
17.489409685134888,-0.062330377027262,0.9999847412109375,0.0,4,-0.0973151,4.0,16439.0,215.258,2.72959,-0.649154,6.36918,11.4375,15.1722,19.7691,23.9975,26.7599,28.4636,30.1073,31.3788,32.7383,34.1927,35.7502,38.118,41.119,47.7146,66.7439,110.257,43.0932,11.3272,0.175044,196.713,197.946,195.33,195.33
17.51069402694702,-0.062077802582345895,0.9999847412109375,0.0,4,-0.0964831,4.0,16479.6,215.804,2.71994,-0.645288,6.20563,11.1678,14.8403,19.3815,23.5784,26.3304,28.0317,29.6756,30.9486,32.3111,33.7716,35.3363,37.7186,40.7434,47.4108,67.0113,109.753,43.6748,11.5275,0.19693,197.219,198.448,195.812,195.812
17.5326988697052,-0.06182569072798826,0.9999847412109375,0.0,4,-0.0956619,4.0,16519.1,216.349,2.7086,-0.641265,6.04302,10.8988,14.5085,18.9924,23.157,25.8979,27.5959,29.2398,30.5142,31.8801,33.3451,34.9178,37.3152,40.3638,47.1043,67.3361,109.218,44.2266,11.7254,0.218664,197.723,198.947,196.282,196.282
17.549762725830078,-0.06157404146418907,0.9999847412109375,0.0,4,-0.0948356,4.0,16559.2,216.893,2.69913,-0.636279,5.88117,10.6304,14.1767,18.6027,22.7344,25.4639,27.1587,28.8022,30.0782,31.4473,32.9184,34.4976,36.9109,39.9848,46.8006,67.7389,108.66,44.7394,11.9209,0.24029,198.224,199.448,196.758,196.758
17.571525812149048,-0.06132331738150678,0.9999847412109375,0.0,4,-0.09386,4.0,16599.5,217.435,2.69519,-0.633985,5.72045,10.3635,13.8461,18.2134,22.3116,25.0295,26.7216,28.3643,29.6422,31.0149,32.4913,34.0791,36.5085,39.6093,46.5048,68.2366,108.082,45.2117,12.1137,0.26177,198.722,199.948,197.237,197.237
17.587857484817505,-0.061072130708266045,0.9999847412109375,0.0,4,-0.0929139,4.0,16638.2,217.978,2.69297,-0.628445,5.56044,10.0968,13.5149,17.8227,21.8852,24.591,26.2793,27.9217,29.2008,30.5772,32.0586,33.6551,36.1005,39.2295,46.2059,68.8219,107.478,45.6573,12.3042,0.283112,199.226,200.448,197.697,197.697
17.609774589538574,-0.060821869216142216,0.9999847412109375,0.0,4,-0.0919536,4.0,16677.8,218.519,2.68696,-0.622495,5.40159,9.83112,13.1841,17.4299,21.4563,24.1491,25.8329,27.4752,28.7553,30.1354,31.6219,33.2264,35.6884,38.8446,45.9057,69.5115,106.85,46.0755,12.4925,0.304301,199.726,200.944,198.168,198.168
17.63094711303711,-0.06057207031457685,0.9999847412109375,0.0,4,-0.0909036,4.0,16717.5,219.059,2.68214,-0.618619,5.24352,9.56602,12.8532,17.0362,21.0249,23.7035,25.3833,27.0244,28.306,29.6887,31.1814,32.7941,35.2733,38.4583,45.6072,70.3265,106.2,46.4549,12.6782,0.325343,200.224,201.439,198.64,198.64
17.65294623374939,-0.060322271413011476,0.9999847412109375,0.0,4,-0.0898665,4.0,16755.9,219.599,2.6752,-0.609488,5.08689,9.30239,12.5231,16.6427,20.5929,23.2567,24.9323,26.572,27.8548,29.2403,30.7392,32.3604,34.8569,38.0724,45.3177,71.296,105.531,46.7584,12.8608,0.346197,200.722,201.936,199.096,199.096
17.67062020301819,-0.060073397692563014,0.9999847412109375,0.0,4,-0.0887826,4.0,16795.3,220.137,2.67253,-0.601781,4.93124,9.03954,12.1931,16.2476,20.157,22.806,24.4768,26.115,27.3989,28.7875,30.2921,31.9217,34.4362,37.6819,45.0429,72.4346,104.84,47.0016,13.041,0.366882,201.221,202.431,199.564,199.564
17.691386699676514,-0.059824986562672995,0.9999847412109375,0.0,4,-0.0876706,4.0,16833.8,220.674,2.66618,-0.595553,4.77678,8.77759,11.8632,15.8507,19.7183,22.3505,24.016,25.6514,26.9361,28.3278,29.837,31.4756,34.0081,37.2853,44.7791,73.7626,104.126,47.1931,13.2186,0.387375,201.717,202.921,200.023,200.023
17.70857834815979,-0.05957750061389991,0.9999847412109375,0.0,4,-0.0865787,4.0,16872.2,221.209,2.65568,-0.583845,4.62364,8.51689,11.5337,15.4531,19.2771,21.8926,23.5514,25.1845,26.4695,27.8641,29.3791,31.0259,33.5765,36.8862,44.5365,75.3376,103.394,47.3322,13.3935,0.407679,202.213,203.414,200.479,200.479
17.730580806732178,-0.05933093984624372,0.9999847412109375,0.0,4,-0.0853871,4.0,16911.7,221.742,2.65015,-0.575622,4.47167,8.2578,11.2055,15.056,18.8353,21.4332,23.0855,24.7162,26.0018,27.399,28.9195,30.5754,33.1458,36.4893,44.3221,77.2163,102.646,47.4215,13.5652,0.427795,202.704,203.905,200.947,200.947
17.752405881881714,-0.05908437907858751,0.9999847412109375,0.0,4,-0.0841993,4.0,16949.3,222.275,2.64704,-0.566564,4.32091,7.99933,10.8773,14.6566,18.3892,20.9681,22.6133,24.2413,25.5269,26.927,28.4526,30.1173,32.7069,36.085,44.1276,78.371,101.878,47.4754,13.7343,0.447728,203.198,204.394,201.396,201.396
17.768661737442017,-0.05883874349204822,0.9999847412109375,0.0,4,-0.0830415,4.0,16988.0,222.806,2.63761,-0.554294,4.17169,7.74236,10.5496,14.2564,17.9413,20.4989,22.1369,23.7615,25.0463,26.4488,27.9795,29.6529,32.263,35.6759,43.9588,78.8896,101.09,47.4954,13.9005,0.467422,203.691,204.881,201.854,201.854
17.790390014648438,-0.05859449567718432,0.9999847412109375,0.0,4,-0.0817774,4.0,17027.3,223.334,2.63149,-0.546505,4.02393,7.48727,10.2235,13.8566,17.4913,20.028,21.6582,23.2788,24.5639,25.9674,27.5044,29.187,31.8166,35.2666,43.8273,79.1151,100.286,47.4798,14.0635,0.486888,204.178,205.366,202.321,202.321
17.813056468963623,-0.05834978527176194,0.9999847412109375,0.0,4,-0.0805252,4.0,17064.2,223.863,2.62424,-0.534097,3.87772,7.23397,9.8985,13.4567,17.04,19.5548,21.1763,22.7926,24.0769,25.483,27.0245,28.7165,31.3683,34.8565,43.7382,79.1557,99.4667,47.4319,14.2233,0.506139,204.666,205.852,202.761,202.761
17.83005452156067,-0.05810646263801492,0.9999847412109375,0.0,4,-0.0792592,4.0,17103.0,224.389,2.62074,-0.52178,3.73291,6.98197,9.57443,13.0561,16.5862,19.0779,20.6902,22.3019,23.5852,24.9935,26.5402,28.2416,30.9152,34.4531,43.6908,79.0612,98.6314,47.357,14.38,0.525167,205.154,206.338,203.221,203.221
17.851393938064575,-0.05786360259482638,0.9999847412109375,0.0,4,-0.0779498,4.0,17141.3,224.914,2.61527,-0.513418,3.58957,6.73145,9.25093,12.6543,16.1286,18.5958,20.198,21.8034,23.0854,24.495,26.047,27.7584,30.4531,34.0563,43.6894,78.8575,97.7771,47.2633,14.534,0.543961,205.639,206.817,203.679,203.679
17.86924171447754,-0.05762120514219628,0.9999847412109375,0.0,4,-0.0766624,4.0,17178.2,225.438,2.60436,-0.497652,3.44779,6.48267,8.92846,12.252,15.6693,18.11,19.7011,21.3005,22.581,23.992,25.5489,27.2691,29.9865,33.6716,43.7484,78.5706,96.9071,47.1448,14.6849,0.56252,206.125,207.299,204.115,204.115
17.890920877456665,-0.057380195461241526,0.9999847412109375,0.0,4,-0.0753067,4.0,17217.0,225.959,2.59876,-0.485416,3.30777,6.23608,8.60799,11.8507,15.209,17.6225,19.203,20.7961,22.074,23.4865,25.0484,26.7788,29.5198,33.3078,43.8911,78.2205,96.0251,47.0008,14.8321,0.580836,206.605,207.779,204.575,204.575
17.907852172851562,-0.057139185780286796,0.9999847412109375,0.0,4,-0.073942,4.0,17253.8,226.48,2.59692,-0.474258,3.16938,5.99128,8.28883,11.4489,14.7459,17.1308,18.6987,20.2843,21.5606,22.9737,24.5404,26.2799,29.0492,32.9591,44.1133,77.8064,95.1262,46.8401,14.9764,0.598887,207.087,208.257,205.015,205.015
17.93038034439087,-0.05689910128044896,0.9999847412109375,0.0,4,-0.0726135,4.0,17291.5,226.999,2.58591,-0.456764,3.03264,5.74826,7.97068,11.0459,14.2793,16.6331,18.188,19.7651,21.0383,22.4513,24.0223,25.7714,28.5822,32.6249,44.4304,77.336,94.21,46.6649,15.1176,0.616694,207.571,208.734,205.461,205.461
17.953477382659912,-0.056659941961728036,0.9999847412109375,0.0,4,-0.0711978,4.0,17330.1,227.516,2.57922,-0.444989,2.89743,5.50701,7.65377,10.6431,13.8102,16.1318,17.6721,19.2403,20.5098,21.9232,23.4984,25.2575,28.1242,32.3157,44.8786,76.8208,93.2808,46.4716,15.2558,0.634267,208.047,209.208,205.919,205.919
17.969292402267456,-0.056420782643007115,0.9999847412109375,0.0,4,-0.0697878,4.0,17366.0,228.033,2.57166,-0.428829,2.76411,5.26825,7.33889,10.2407,13.3398,15.6279,17.153,18.7114,19.9775,21.3901,22.9698,24.7387,27.6793,32.038,45.491,76.2655,92.3383,46.2604,15.3902,0.65156,208.524,209.683,206.347,206.347
17.991458654403687,-0.056183011095961556,0.9999847412109375,0.0,4,-0.0683759,4.0,17403.9,228.547,2.56733,-0.411521,2.63272,5.03163,7.02593,9.83887,12.8676,15.1202,16.6286,18.1774,19.438,20.8497,22.433,24.2201,27.2467,31.7927,46.2975,75.6712,91.3811,46.0347,15.5215,0.668579,209.002,210.158,206.798,206.798
18.008455276489258,-0.05594570213947445,0.9999847412109375,0.0,4,-0.0669263,4.0,17441.8,229.06,2.56184,-0.399814,2.50317,4.79743,6.71463,9.43661,12.3923,14.6064,16.0978,17.6339,18.8896,20.2999,21.8861,23.7036,26.8241,31.5808,47.3473,75.0374,90.4075,45.7986,15.6495,0.685318,209.476,210.626,207.25,207.25
18.03006887435913,-0.05570839318298735,0.9999847412109375,0.0,4,-0.0654982,4.0,17477.5,229.573,2.55,-0.378917,2.37541,4.56521,6.40517,9.03461,11.9142,14.0884,15.5608,17.0838,18.3331,19.741,21.3331,23.1915,26.4163,31.4139,48.7223,74.3705,89.4202,45.5496,15.7744,0.701787,209.951,211.097,207.672,207.672
18.05207109451294,-0.05551086701452732,0.9999847412109375,0.0,4,-0.0640109,4.0,17515.6,230.082,2.5442,-0.362444,2.24979,4.33632,6.09876,8.63482,11.4364,13.5694,15.0216,16.5306,17.7731,19.1789,20.7888,22.694,26.0376,31.3175,50.5704,73.6778,88.422,45.2833,15.8953,0.717951,210.42,211.567,208.125,208.125
18.069392442703247,-0.05551086701452732,0.9999847412109375,0.0,4,-0.0624908,4.0,17551.5,230.592,2.54206,-0.347316,2.126,4.10968,5.79438,8.23537,10.9566,13.0462,14.4772,15.971,17.2069,18.6101,20.2488,22.2069,25.6878,31.2987,53.0577,72.9593,87.4126,45.0033,16.0126,0.733851,210.887,212.034,208.554,208.554
18.09094762802124,-0.05551086701452732,0.9999847412109375,0.0,4,-0.0609687,4.0,17588.6,231.098,2.53748,-0.324755,2.00452,3.88634,5.49329,7.83815,10.4772,12.5209,13.9304,15.4081,16.6355,18.0473,19.7213,21.7393,25.3775,31.3853,55.8522,72.2175,86.3923,44.7071,16.1259,0.749425,211.355,212.504,208.992,208.992
18.108702421188354,-0.05551086701452732,0.9999847412109375,0.0,4,-0.0593532,4.0,17626.7,231.602,2.54039,-0.309647,1.8851,3.66575,5.19501,7.44262,9.99683,11.9936,13.379,14.8403,16.0604,17.4916,19.205,21.2914,25.1146,31.6069,56.7212,71.4544,85.3621,44.3966,16.2352,0.764715,211.817,212.97,209.445,209.445
18.130740642547607,-0.05551086701452732,0.9999847412109375,0.0,4,-0.0577434,4.0,17661.4,232.108,2.54057,-0.288013,1.76795,3.44847,4.90001,7.04902,9.5161,11.4632,12.8235,14.2656,15.4893,16.9433,18.7011,20.8668,24.9085,31.9973,56.9944,70.668,84.3201,44.0741,16.3407,0.779673,212.282,213.434,209.859,209.859
18.14777112007141,-0.05551086701452732,0.9999847412109375,0.0,4,-0.0560954,4.0,17698.9,232.609,2.54273,-0.266441,1.65302,3.23441,4.60827,6.65776,9.03445,10.9296,12.263,13.6898,14.9246,16.4053,18.2142,20.4728,24.778,32.6222,57.0015,69.8623,83.2682,43.7379,16.4421,0.794322,212.743,213.898,210.304,210.304
18.170974731445312,-0.05551086701452732,0.9999847412109375,0.0,4,-0.0543931,4.0,17735.4,233.109,2.54962,-0.250888,1.54041,3.02351,4.31971,6.26825,8.55284,10.3929,11.698,13.1191,14.367,15.8783,17.7469,20.1151,24.7408,33.5693,56.8409,69.036,82.205,43.3902,16.5381,0.80864,213.201,214.358,210.741,210.741
18.188028812408447,-0.06028407849371434,0.9999847412109375,0.0,4,-0.0526984,4.0,17770.9,233.608,2.54928,-0.224081,1.43024,2.81639,4.03501,5.88161,8.07033,9.85264,11.1321,12.5549,13.8175,15.3642,17.3025,19.8022,24.825,34.9696,56.5595,68.1892,81.1301,43.0325,16.6242,0.822612,213.662,214.819,211.159,211.159
18.211458683013916,-0.06781297326087952,0.9999847412109375,0.0,4,-0.0508159,4.0,17808.8,234.103,2.55321,-0.204266,1.32272,2.61376,3.75592,5.50104,7.59419,9.31957,10.5853,12.0152,13.2999,14.8932,16.9221,19.5922,25.1503,37.2301,56.2236,67.3454,80.0603,42.6434,16.6977,0.836238,214.097,215.281,211.608,211.608
18.22815203666687,-0.08419944196939469,0.9999847412109375,0.0,4,-0.0485414,4.0,17844.2,234.595,2.5837,-0.182642,1.21866,2.418,3.48673,5.13556,7.13979,8.82258,10.0891,11.5407,12.8634,14.5301,16.6947,19.6189,25.9963,41.3773,55.9093,66.5455,79.0256,42.186,16.7534,0.849442,214.494,215.755,212.031,212.031
18.25038504600525,-0.10555605925619603,0.9999847412109375,0.0,4,-0.0454643,4.0,17883.2,235.076,2.67442,-0.155778,1.11905,2.23235,3.2338,4.79758,6.72986,8.40558,9.69616,11.2032,12.6031,14.4046,16.8083,20.1766,28.0497,46.6851,55.7141,65.8553,78.077,41.6013,16.7831,0.862147,214.819,216.248,212.492,212.492
18.27220582962036,-0.12578093446791172,0.9999847412109375,0.0,4,-0.041106,4.0,17924.9,235.542,2.89417,-0.137974,1.02496,2.05988,3.00251,4.49816,6.39759,8.11465,9.47338,11.1016,12.6564,14.7192,17.5866,21.844,33.0491,48.3318,55.7072,65.3325,77.2615,40.8406,16.7788,0.874252,215.06,216.745,212.987,212.987
18.293811082839966,-0.14024839140474796,0.9999847412109375,0.0,4,-0.0347751,4.0,17968.5,236.037,3.30933,-0.104787,0.929325,1.88813,2.77737,4.22153,6.15364,7.99116,9.50801,11.4043,13.3006,15.954,19.9321,26.5557,44.1131,49.63,55.8976,64.9537,76.5274,39.8066,16.7318,0.886653,215.283,217.295,213.504,213.504
18.315649032592773,-0.15550321377813817,0.9999847412109375,0.054901123046875,4,-0.0270823,4.0,18017.1,236.509,3.87491,-0.0795046,0.84314,1.73611,2.58272,4.01549,6.05445,8.12684,9.94536,12.3692,14.9781,18.9833,25.9151,40.5375,46.8052,50.687,56.1914,64.7133,75.9183,38.637,16.6468,0.897914,215.512,217.805,214.081,214.081
18.33721661567688,-0.17154540158808232,0.9999847412109375,0.09473338977260937,4,-0.0184053,4.0,18024.0,236.87,4.45072,-0.00639058,0.767761,1.60638,2.43049,3.89521,6.13936,8.63714,11.0349,14.5783,18.9196,26.9466,41.0443,44.8636,48.3738,51.5621,56.5075,64.5478,75.3876,37.398,16.5303,0.907817,214.478,217.071,214.173,214.173
18.359249114990234,-0.1927053689956665,0.9999847412109375,0.12936113386909712,4,-0.00745422,4.0,18031.3,237.066,5.08389,0.11614,0.706896,1.51399,2.34001,3.89561,6.52367,9.86122,13.5673,20.2195,31.1223,41.3983,44.457,46.8122,49.5901,52.352,56.8598,64.4622,74.9415,36.0943,16.381,0.916073,213.294,216.233,214.263,214.263
18.38022518157959,-0.22912025451660156,0.64312744140625,0.1729464002419263,4,0.00592964,4.0,17997.1,237.168,5.64409,0.279303,0.6665,1.46421,2.31799,4.0393,7.33839,12.4283,19.7349,37.4545,41.4673,44.0595,46.201,48.0946,50.482,52.9573,57.1257,64.348,74.4912,34.8206,16.2122,0.921919,211.917,215.01,213.877,213.877
18.402910947799683,-0.26356682218611244,0.1921539306640625,0.2042465766855366,4,0.0187709,4.0,17754.8,236.829,6.02258,0.397654,0.648279,1.46124,2.37299,4.35698,8.8145,18.09,36.3893,41.1759,43.4766,45.4559,47.2394,48.8874,51.0292,53.302,57.2077,64.1102,73.9545,33.649,16.0364,0.925047,209.808,212.799,211.017,211.017
18.42443323135376,-0.2843332026153803,0.0,0.22115325666177796,4,0.0313861,4.0,17408.3,235.847,6.25858,0.476443,0.653762,1.51333,2.52688,4.93641,11.6496,34.2984,39.8139,42.8286,44.6701,46.3549,47.9268,49.4114,51.3756,53.4916,57.1807,63.8033,73.3739,32.5349,15.8481,0.925409,207.343,210.496,205.643,208.18
18.44644522666931,-0.3169590834528208,0.0,0.2224628318115174,4,0.0453173,4.0,17172.6,234.42,6.72369,0.520749,0.68501,1.63575,2.82725,6.01632,18.8595,38.4511,41.7274,44.1452,45.7217,47.2078,48.6221,49.9775,51.7931,53.7718,57.2626,63.6152,72.9093,31.3477,15.6255,0.923011,205.087,208.328,202.252,205.976
18.4702627658844,-0.33969387747347357,0.0,0.21704222638169082,4,0.0621049,4.0,17019.5,232.838,7.66374,0.496114,0.745186,1.85237,3.35967,8.21569,34.5387,40.9094,43.4953,45.5542,46.941,48.2723,49.5563,50.7998,52.482,54.3324,57.6306,63.708,72.7043,29.995,15.35,0.917799,203.208,206.49,200.193,204.627
18.49277400970459,-0.3632160369306803,0.0,0.21143389119470157,4,0.0825202,4.0,16880.0,231.201,9.29197,0.503488,0.83863,2.19899,4.28274,13.6749,38.4811,43.1599,45.3536,47.1629,48.4048,49.6109,50.7853,51.9313,53.4933,55.2244,58.3367,64.135,72.8117,28.4742,15.0172,0.909649,201.087,205.055,198.147,203.178
18.510387897491455,-0.382963424945871,0.0,0.20128541973119415,4,0.104832,4.0,16766.2,229.5,11.0318,0.690507,0.969189,2.71234,5.84052,29.9599,41.1864,45.133,47.0783,48.7124,49.8465,50.9559,52.0428,53.1092,54.5703,56.1985,59.1453,64.6845,73.0491,26.9449,14.6551,0.898359,198.713,203.614,196.492,202.13
18.532360553741455,-0.39458175642932763,0.0,0.19053731311565011,4,0.1284,4.0,16620.9,227.815,13.035,0.807519,1.14158,3.45466,8.61274,35.0976,43.3772,46.8836,48.655,50.1591,51.2101,52.2432,53.2596,54.2603,55.6368,57.1769,59.9782,65.2812,73.3493,25.4591,14.2743,0.883798,196.339,201.977,194.659,200.383
18.55582571029663,-0.40647284714039406,0.0,0.16936443616009272,4,0.152301,4.0,16477.2,226.115,15.042,0.854981,1.3592,4.50887,14.0817,38.0477,45.1787,48.3855,50.0282,51.4325,52.418,53.39,54.3491,55.2958,56.6014,58.0667,60.7419,65.834,33.6035,24.0643,13.8872,0.865973,194.047,200.167,192.892,198.954
18.57877540588379,-0.41204078855055076,0.0,0.11041176426251653,4,0.175832,4.0,16355.5,224.418,16.8869,0.936989,1.62562,5.99859,25.5164,40.1969,46.6404,49.627,51.1705,52.4957,53.4287,54.3508,55.2626,56.1642,57.4103,58.8119,61.3782,66.2838,30.5049,22.7789,13.5009,0.844886,192.289,198.673,191.374,197.508
18.603309631347656,-0.4173626512301465,0.0,0.0745086669921875,4,0.198483,4.0,16273.5,222.796,18.4781,1.03396,1.9443,8.11189,30.0618,41.8258,47.7934,50.6095,52.0735,53.3344,54.224,55.1049,55.977,56.8408,58.0362,59.3833,61.8552,66.5969,28.1906,21.6039,13.1186,0.820543,192.071,198.413,190.382,196.509
18.621333599090576,-0.4222481342942144,0.0,0.0,4,0.219226,4.0,16192.0,221.307,19.5916,1.11841,2.31657,11.0799,32.5051,42.978,48.5922,51.2731,52.6726,53.8808,54.7346,55.5811,56.4202,57.2521,58.4049,59.7057,62.097,66.6977,26.3605,20.5528,12.7463,0.792897,192.175,198.152,189.592,195.353
18.644563913345337,-0.42655287155415866,0.0,0.0,3,0.237766,4.0,16151.0,219.995,20.2547,1.14846,2.74276,15.2394,34.0773,43.7262,49.0625,51.6324,52.9783,54.1422,54.9659,55.7833,56.5944,57.3993,58.5157,59.7768,62.0989,66.5786,24.8569,19.61,12.3828,0.761989,193.884,199.303,189.351,194.593
18.663622617721558,-0.43010296737371634,0.0,0.0,3,0.254263,3.0,19506.7,218.913,20.5202,1.12926,3.22328,20.1784,35.1109,44.1538,49.2603,51.7358,53.0356,54.1615,54.9591,55.7514,56.5382,57.3195,58.4042,59.6307,61.8926,66.2671,23.5775,18.7499,12.0239,0.727894,194.401,199.22,190.944,194.937
18.688143968582153,-0.4329574806482221,0.0,0.0,3,0.268444,3.0,19413.7,218.043,20.3331,1.08128,3.75566,22.6551,35.7177,44.2791,49.1894,51.5829,52.8427,53.9352,54.7101,55.4803,56.2457,57.0064,58.0632,59.2595,61.4687,65.752,22.4873,17.9636,11.6686,0.690637,194.38,198.628,191.06,194.271
18.712363481521606,-0.4286614002121053,0.0,0.0,3,0.27993,3.0,19853.6,217.262,19.6213,1.01122,4.33314,24.0377,35.9458,44.1034,48.8418,51.1629,52.3871,53.4502,54.2048,54.9555,55.7021,56.4445,57.4768,58.6465,60.8097,65.0143,21.5745,17.2466,11.317,0.650303,194.153,197.836,190.509,193.163
18.73139762878418,-0.42407558150271574,0.0,0.0,3,0.288727,3.0,19799.9,216.564,18.3686,0.934933,4.94941,24.8192,35.8582,43.66,48.2427,50.4979,51.6898,52.7261,53.4624,54.1953,54.9249,55.6509,56.6612,57.8071,59.9293,64.065,20.8181,16.586,10.9667,0.606932,193.897,197.006,190.341,192.319
18.757026433944702,-0.4058121976617258,0.0,0.0,3,0.295403,3.0,19739.1,215.927,16.7118,0.847363,5.60193,25.2323,35.5494,43.0244,47.4608,49.654,50.8155,51.8265,52.5456,53.2619,53.9754,54.686,55.6757,56.7994,58.8837,62.9564,20.1804,15.972,10.6123,0.560602,193.669,196.234,190.014,191.472
18.776056051254272,-0.3557178967077099,0.0,0.0,3,0.300619,3.0,19679.4,215.326,14.7627,0.788763,6.2906,25.418,35.1034,42.2701,46.5656,48.6987,49.8306,50.8171,51.5194,52.2196,52.9176,53.6132,54.583,55.6852,57.7327,61.7451,19.6274,15.3984,10.2495,0.511416,193.549,195.63,189.617,190.713
18.800339460372925,-0.3325051777720793,0.0,0.0,3,0.305108,3.0,19622.3,214.749,12.6993,0.76008,7.02017,25.4766,34.5956,41.4674,45.6249,47.6985,48.8011,49.7634,50.449,51.1331,51.8156,52.4963,53.4462,54.5269,56.5377,60.4895,19.1228,14.8479,9.87351,0.459404,193.683,195.357,189.157,190.067
18.819271564483643,-0.30994523151002823,0.0,0.0,3,0.309623,3.0,19426.6,214.184,10.7505,0.726635,7.79898,25.4815,34.0895,40.6788,44.7007,46.7152,47.7885,48.7263,49.3952,50.0631,50.73,51.3956,52.3253,53.3841,55.3573,59.2468,18.6283,14.304,9.48081,0.404643,193.787,195.204,187.22,188.602
18.843552112579346,-0.3000840053999983,0.0,0.0,3,0.314656,3.0,19248.5,213.374,9.06912,0.668017,8.62551,25.4696,33.6175,39.9384,43.8277,45.7837,46.8279,47.7413,48.3934,49.0452,49.6963,50.3467,51.2558,52.2924,54.2273,58.0522,18.1197,13.7579,9.07072,0.347352,193.756,195.055,184.966,187.07
18.86258888244629,-0.2904424537292216,0.0,0.0,3,0.321566,3.0,19161.1,212.501,7.87248,0.588854,9.40287,25.5211,33.2656,39.3378,43.1002,44.9992,46.0147,46.9041,47.5396,48.1751,48.8104,49.4456,50.3341,51.3482,53.2438,57.0012,17.5177,13.1813,8.63917,0.287733,193.379,194.798,183.95,186.399
18.886754274368286,-0.292292849655496,0.0,0.0,3,0.331783,3.0,19071.9,211.625,7.42925,0.465907,10.1312,25.7037,33.1098,38.96,42.6048,44.4499,45.4379,46.3041,46.9234,47.5432,48.1632,48.7833,49.6514,50.6431,52.4991,56.1868,16.7406,12.5466,8.18294,0.225897,192.683,194.551,182.663,185.946
18.906291961669922,-0.29418126741587186,0.0,0.0,3,0.345226,3.0,18990.5,210.731,7.58134,0.40492,10.8258,25.9964,33.1223,38.7781,42.3162,44.1114,45.0738,45.9181,46.5223,47.127,47.7324,48.3382,49.1866,50.1566,51.9739,55.5917,15.8125,11.8626,7.70554,0.16184,191.735,194.206,181.535,185.504
18.931341409683228,-0.28454912687136175,0.0,0.0,3,0.361148,3.0,18903.4,209.821,8.15741,0.387683,11.4869,26.3507,33.2414,38.727,42.1688,43.9182,44.8569,45.681,46.2709,46.8617,47.4533,48.0455,48.8754,49.8247,51.6048,55.1547,14.8034,11.1529,7.22268,0.0954746,190.696,193.725,180.419,184.944
18.949937105178833,-0.286418663291571,0.0,0.0,3,0.378687,3.0,18811.4,208.9,9.01599,0.378385,12.1094,26.7201,33.4082,38.7424,42.0967,43.804,44.7209,45.5262,46.1029,46.6807,47.2595,47.8391,48.6516,49.5813,51.3263,54.8112,13.7802,10.4412,6.75198,0.0267494,189.696,193.159,179.328,184.258
18.97662353515625,-0.2883064687973199,0.0,0.0,3,0.390063,3.0,18718.7,207.97,9.95198,0.359343,12.6809,27.0514,33.5561,38.7517,42.025,43.6932,44.5898,45.3775,45.9419,46.5075,47.0742,47.6419,48.4381,49.3495,51.0614,54.4847,12.8014,9.75122,6.29777,-0.044178,188.747,192.423,178.337,183.458
18.996757745742798,-0.29020442379503514,0.0,0.0,3,0.380685,3.0,18622.2,207.035,10.8426,0.33098,13.1973,27.3247,33.6585,38.7245,41.9218,43.5534,44.4307,45.2021,45.7548,46.3089,46.8643,47.4208,48.2015,49.0958,50.7764,18.4236,11.8844,9.09204,5.8618,-0.113588,187.816,191.567,177.4,182.538
19.01676917076111,-0.2921186179798965,0.0,0.0,3,0.371285,3.0,18518.3,206.092,11.7837,0.25833,13.6674,27.5575,33.7332,38.6787,41.8051,43.4022,44.2617,45.0175,45.5593,46.1027,46.6474,47.1933,47.9596,48.8375,50.4886,16.1736,11.0156,8.45933,5.44348,-0.179902,186.878,190.68,176.287,181.64
19.04219388961792,-0.29407746992941014,0.0,0.0,3,0.361824,3.0,18424.1,205.127,12.6919,0.215454,14.0933,27.7505,33.779,38.6117,41.6717,43.2366,44.0792,44.8204,45.352,45.8852,46.4199,46.956,47.7085,48.5712,50.1944,14.5134,10.195,7.85428,5.04327,-0.243092,185.924,189.771,175.33,180.774
19.061628818511963,-0.32033911568500106,0.0,0.0,3,0.352,3.0,18331.1,204.152,13.4985,0.200365,14.4727,27.8922,33.7803,38.506,41.5029,43.0373,43.8638,44.5913,45.1131,45.6367,46.1619,46.6885,47.4281,48.2762,49.8732,13.1537,9.42836,7.28064,4.66191,-0.303196,184.972,188.821,174.433,179.874
19.087138652801514,-0.3414673502892256,0.0,0.0,3,0.341609,3.0,18237.7,203.168,14.177,0.203365,14.8058,27.9798,33.7323,38.3552,41.2919,42.797,43.6082,44.3225,44.8351,45.3495,45.8656,46.3832,47.1104,47.9448,49.5166,11.9923,8.71474,6.73894,4.29951,-0.360241,183.934,187.751,173.553,178.949
19.107030391693115,-0.39045397092844353,0.0,0.0,3,0.330638,3.0,18143.7,202.175,14.7361,0.21569,15.0946,28.0154,33.6359,38.1597,41.0383,42.5153,43.3119,44.0135,44.5172,45.0227,45.5301,46.0392,46.7546,47.5757,49.1235,10.9752,8.05067,6.22841,3.95602,-0.414228,182.869,186.636,172.674,178.012
19.127060174942017,-0.42129966997185103,0.0,0.0,3,0.319144,3.0,18049.2,201.172,15.1867,0.231125,15.3419,28.0036,33.4954,37.9233,40.7459,42.1958,42.9782,43.6677,44.1628,44.6598,45.1589,45.6597,46.3637,47.1721,48.697,10.0689,7.43195,5.74771,3.63132,-0.465165,181.668,185.39,171.791,177.07
19.152631044387817,-0.46103836416207256,0.0,0.0,3,0.307149,3.0,17954.1,200.158,15.5542,0.245637,15.551,27.9498,33.3164,37.6514,40.4198,41.8435,42.6123,43.2901,43.7769,44.2658,44.7567,45.2496,45.9427,46.7388,48.2417,9.25123,6.85484,5.29554,3.32525,-0.513049,180.443,184.132,170.898,176.125
19.172407865524292,-0.4949922880977392,0.0,0.0,3,0.294745,3.0,17858.7,199.136,15.8527,0.256905,15.7245,27.8585,33.1032,37.3481,40.0641,41.4624,42.2181,42.8845,43.3633,43.8443,44.3275,44.8127,45.4952,46.2796,12.5731,8.50851,6.3168,4.87104,3.03773,-0.557875,179.161,182.832,170.0,175.18
19.193423986434937,-0.506285764021349,0.0,0.0,3,0.281986,3.0,17763.0,198.105,16.0947,0.264103,15.8651,27.7334,32.8593,37.0168,39.682,41.0559,41.7988,42.4542,42.9253,43.3987,43.8743,44.3521,45.0245,45.7975,11.2113,7.83176,5.81613,4.47376,2.76882,-0.599641,177.854,181.521,169.097,174.234
19.218984842300415,-0.509728887193501,0.0,0.0,3,0.268871,3.0,17667.5,197.072,16.2875,0.267507,15.9745,27.5773,32.5876,36.6602,39.2761,40.6262,41.3567,42.0015,42.4651,42.9311,43.3995,43.8701,44.5326,45.2946,10.167,7.21562,5.35199,4.10369,2.51862,-0.638337,176.635,180.3,168.195,173.289
19.239866971969604,-0.5131720103656533,0.0,0.0,3,0.255466,3.0,17572.4,196.039,16.433,0.268056,16.0546,27.3921,32.2896,36.2795,38.8474,40.1745,40.8929,41.5274,41.9837,42.4426,42.9039,43.3676,44.0205,44.7718,9.31023,6.65681,4.92408,3.76092,2.28719,-0.673972,175.506,179.163,167.299,172.348
19.25789713859558,-0.5165984678883758,0.0,0.0,3,0.24178,3.0,17478.2,195.011,16.5323,0.26677,16.1071,27.1803,31.9674,35.8768,38.398,39.7026,40.4093,41.0337,41.483,41.9349,42.3893,42.8462,43.4898,44.2308,8.59318,6.15316,4.53232,3.44566,2.07468,-0.706552,174.441,178.082,166.412,171.414
19.282413482666016,-0.5200115928915547,0.0,0.0,3,0.227819,3.0,17385.0,193.987,16.5874,0.264576,16.1336,26.9439,31.6232,35.4539,37.9295,39.2121,39.9075,40.522,40.9644,41.4095,41.8572,42.3075,42.9421,43.673,7.99483,5.7039,4.17707,3.15827,1.8812,-0.736089,173.411,177.031,165.535,170.489
19.306982278823853,-0.5234047191154181,0.0,0.0,3,0.213687,3.0,17292.9,192.969,16.602,0.262197,16.1358,26.6851,31.2589,35.0127,37.4437,38.7049,39.3891,39.9942,40.4298,40.8682,41.3094,41.7533,42.379,43.1001,7.50708,5.30917,3.85866,2.89919,1.70677,-0.76261,172.412,176.008,164.669,169.574
19.326152324676514,-0.5267745134300801,0.0,0.0,3,0.199368,3.0,17201.8,191.958,16.5805,0.260051,16.1151,26.4058,30.8764,34.555,36.9425,38.1827,38.856,39.4517,39.8808,40.3127,40.7476,41.1851,41.8023,42.5137,7.13415,4.97105,3.57853,2.66923,1.55165,-0.786127,171.434,175.005,163.812,168.67
19.349361658096313,-0.5301209758355405,0.0,0.0,3,0.184904,3.0,17111.7,190.954,16.5284,0.258337,16.0733,26.1083,30.478,34.0831,36.428,37.6477,38.3103,38.8969,39.3195,39.7451,40.1737,40.6051,41.2138,41.9159,6.89104,4.6921,3.33785,2.46902,1.41589,-0.806676,170.468,174.015,162.963,167.778
19.369320392608643,-0.5334474394616857,0.0,0.0,3,0.170408,3.0,17022.6,189.956,16.4518,0.257084,16.0118,25.7946,30.0656,33.5988,35.902,37.1017,37.754,38.3315,38.7479,39.1673,39.5898,40.0152,40.6156,41.3085,6.81911,4.47764,3.13877,2.29972,1.29961,-0.82429,169.516,173.043,162.12,166.896
19.393409252166748,-0.5367505711786295,0.0,0.0,3,0.155857,3.0,16934.2,188.965,16.3569,0.256142,15.9321,25.4667,29.6413,33.1042,35.3666,36.5467,37.1888,37.7576,38.1678,38.5811,38.9976,39.4172,40.0095,40.6934,7.04073,4.33569,2.98391,2.16254,1.20301,-0.839012,168.578,172.087,161.284,166.025
19.412027597427368,-0.5400303709863716,0.0,0.0,3,0.141323,3.0,16846.6,187.981,16.2498,0.255363,15.8353,25.1262,29.2067,32.601,34.8236,35.9845,36.6166,37.1768,37.581,37.9884,38.3991,38.8129,39.3974,40.0725,41.3581,4.27874,2.87702,2.05906,1.12625,-0.850877,167.644,171.14,160.451,165.163
19.435960054397583,-0.5433068376642279,0.0,0.0,3,0.12694,3.0,16759.2,186.998,16.1241,0.285529,15.7236,24.7764,28.7655,32.0931,34.2769,35.4191,36.0415,36.5934,36.9917,37.3933,37.7983,38.2065,38.7833,39.4499,40.7202,4.32559,2.82231,1.99096,1.06943,-0.859941,166.694,170.212,159.604,164.323
19.459999322891235,-0.5465666386926546,0.0,0.0,3,0.112792,3.0,16671.3,186.02,16.0386,0.303984,15.599,24.4214,28.3225,31.5856,33.732,34.8562,35.4691,36.0129,36.4056,36.8017,37.2011,37.6039,38.1733,38.8316,40.0871,4.50781,2.82472,1.95987,1.03262,-0.866266,165.762,169.31,158.713,163.515
19.478896379470825,-0.5497797759026785,0.0,0.0,3,0.0985847,3.0,16584.7,185.056,15.9522,0.307429,15.458,24.0516,27.8655,31.0649,33.1742,34.2804,34.8841,35.4199,35.8069,36.1975,36.5915,36.9889,37.5509,38.201,39.4419,4.91463,2.89755,1.97053,1.0165,-0.869881,164.874,168.405,157.874,162.679
19.503809928894043,-0.5529229173850982,0.0,0.0,3,0.0839734,3.0,16500.9,184.113,15.8101,0.28525,15.2969,23.6574,27.3827,30.5172,32.5887,33.6767,34.2709,34.7986,35.1799,35.5647,35.9532,36.3451,36.8996,37.5414,38.7674,5.83907,3.06079,2.02958,1.02208,-0.870796,164.039,167.488,157.125,161.806
19.52128791809082,-0.5559860637502558,0.0,0.0,3,0.068701,3.0,16421.0,183.194,15.5574,0.231526,15.1142,23.2338,26.8677,29.935,31.9673,33.0364,33.6207,34.1399,34.5152,34.8942,35.2768,35.6631,36.2097,36.8429,38.0532,40.5593,3.3441,2.14446,1.05031,-0.869031,163.243,166.553,156.474,160.91
19.545886516571045,-0.5590358775958698,0.0,0.0,3,0.0532525,3.0,16343.8,182.279,15.1755,0.206028,14.9158,22.7943,26.3364,29.3361,31.3287,32.3786,32.953,33.4636,33.8328,34.2059,34.5826,34.9631,35.5018,36.1261,37.3206,39.7983,3.78602,2.32049,1.10117,-0.864655,162.387,165.631,155.825,160.064
19.570050954818726,-0.5620790251817118,0.0,0.0352935791015625,3,0.0381925,3.0,16266.5,181.366,14.8056,0.196351,14.7089,22.3544,25.8078,28.7419,30.696,31.7273,32.2919,32.7941,33.1575,33.5247,33.8957,34.2705,34.8015,35.4172,36.5963,39.0461,4.45762,2.56297,1.17433,-0.857776,161.529,164.754,155.103,159.294
19.588852167129517,-0.5652254997940175,0.0,0.039215087890625,3,0.0237389,3.0,16152.2,180.422,14.499,0.19843,14.4962,21.92,25.2889,28.1605,30.0779,31.0913,31.6466,32.1408,32.4985,32.8602,33.2258,33.5952,34.1187,34.7261,35.8904,38.3137,5.55846,2.88144,1.26988,-0.848467,159.556,162.831,153.981,158.224
19.612407684326172,-0.5685286315109611,0.0,0.0039215087890625,3,0.0100319,3.0,16056.3,179.431,14.2865,0.206871,14.2791,21.4937,24.7831,27.5957,29.4783,30.4749,31.0214,31.508,31.8604,32.2168,32.5772,32.9415,33.4581,34.0577,35.208,37.6099,42.488,3.28949,1.38804,-0.836795,157.848,161.248,153.0,157.348
19.636704921722412,-0.5718150975784753,0.0,0.0,3,-0.00283432,3.0,16001.3,178.445,14.1764,0.217603,14.0585,21.0768,24.2919,27.0493,28.8995,29.8803,30.4186,30.8982,31.2456,31.5972,31.9527,32.3123,32.8223,33.4147,34.552,36.9426,41.8923,3.80585,1.52884,-0.822838,157.535,161.068,152.403,156.865
19.656083583831787,-0.5749882372298681,0.0,0.0,3,-0.0148461,3.0,15925.6,177.493,14.1673,0.228548,13.8343,20.6688,23.8144,26.5205,28.3405,29.3067,29.8374,30.3105,30.6533,31.0003,31.3514,31.7065,32.2105,32.7962,33.9216,36.3128,41.348,4.461,1.69232,-0.806676,157.123,160.757,151.617,156.196
19.68117380142212,-0.5781080468030865,0.0,0.0,3,-0.0260298,3.0,15842.5,176.557,14.2486,0.23894,13.6058,20.2671,23.3476,26.0057,27.7975,28.7502,29.2737,29.7407,30.0793,30.4221,30.769,31.1201,31.6186,32.1981,33.3125,35.7177,40.8524,5.31,1.87865,-0.788378,156.517,160.235,150.758,155.451
19.699692487716675,-0.5812045244671031,0.0,0.0,3,-0.0365236,3.0,15757.9,175.628,14.4023,0.246066,13.3722,19.8686,22.8875,25.5002,27.2656,28.2054,28.7224,29.1837,29.5183,29.8571,30.2002,30.5475,31.0407,31.6145,32.7188,35.1524,40.3998,6.47287,2.08796,-0.768047,155.793,159.585,149.891,154.683
19.724390029907227,-0.5842843364816903,0.0,0.0,3,-0.0464864,3.0,15672.8,174.704,14.6055,0.248298,13.1323,19.47,22.4298,24.9991,26.7391,27.6669,28.1775,28.6334,28.9642,29.2993,29.6387,29.9824,30.4708,31.0391,32.1354,34.6107,39.9827,8.35757,2.32068,-0.74575,155.0,158.854,149.032,153.899
19.743324518203735,-0.587350815976734,0.0,0.0,3,-0.0560048,3.0,15587.6,173.784,14.8361,0.245599,12.8852,19.0683,21.9706,24.4977,26.2134,27.1293,27.6339,28.0846,28.4117,28.7432,29.0792,29.4194,29.9031,30.4662,31.5653,34.0865,39.594,52.0088,2.57749,-0.721542,154.166,158.068,148.184,153.101
19.769466876983643,-0.5904072960821198,0.0,0.0,3,-0.0651641,3.0,15502.7,172.867,15.0765,0.239166,12.6305,18.6618,21.5078,23.9936,25.6852,26.5897,27.0883,27.5339,27.8575,28.1855,28.518,28.8549,29.334,29.8925,31.0061,33.5758,39.229,52.1806,2.85899,-0.695503,153.308,157.243,147.348,152.295
19.788347482681274,-0.5934537767978479,0.0,0.0,3,-0.0740387,3.0,15418.0,171.953,15.3148,0.230761,12.3684,18.2499,21.0401,23.4851,25.153,26.0462,26.5389,26.9795,27.2997,27.6242,27.9534,28.287,28.7616,29.3238,30.4557,33.0764,38.8855,52.4311,3.16567,-0.66771,152.435,156.394,146.521,151.485
19.812896251678467,-0.59649692438369,0.0,0.0,3,-0.0826297,3.0,15333.7,171.04,15.5447,0.22226,12.0989,17.8321,20.567,22.9716,24.6161,25.498,25.985,26.4206,26.7373,27.0585,27.3843,27.7147,28.1914,28.7621,29.9131,32.5873,38.5632,52.7683,3.49818,-0.638231,151.553,155.527,145.702,150.675
19.831456661224365,-0.5995334057097603,0.0,0.0,3,-0.0909009,3.0,15249.8,170.129,15.7646,0.215032,11.8226,17.409,20.0891,22.4534,24.0747,24.9455,25.4267,25.8575,26.1707,26.4886,26.8118,27.1446,27.6283,28.2078,29.3786,32.1091,38.2645,53.2066,3.85699,-0.607154,150.665,154.651,144.888,149.867
19.857367992401123,-0.6025698870358306,0.0,0.0,3,-0.0988848,3.0,15166.1,169.218,15.9754,0.209818,11.5399,16.981,19.6066,21.931,23.5291,24.3889,24.8645,25.2904,25.6002,25.9172,26.2443,26.5817,27.0725,27.6612,28.8527,31.6428,37.9922,53.7645,4.24263,-0.574553,149.769,153.766,144.076,149.063
19.87640881538391,-0.6056030352320149,0.0,0.0,3,-0.106565,3.0,15082.8,168.308,16.1791,0.206724,11.2514,16.5486,19.1203,21.4049,22.9801,23.8289,24.2988,24.7205,25.0317,25.3529,25.6843,26.0266,26.5248,27.1231,28.3364,31.1899,37.7506,54.4664,4.65558,-0.540513,148.871,152.881,143.267,148.261
19.90096879005432,-0.6086361834281994,0.0,0.0,3,-0.113879,3.0,14999.6,167.398,16.3773,0.20536,10.9573,16.1121,18.63,20.8751,22.4274,23.2654,23.7306,24.1553,24.4704,24.7958,25.1319,25.4791,25.9851,26.5936,27.8299,30.7513,37.5431,55.3407,5.09667,-0.505093,147.975,151.997,142.458,147.461
19.920635223388672,-0.6116659984944978,0.0,0.0,3,-0.120884,3.0,14916.5,166.489,16.5706,0.205018,10.6581,15.6716,18.1359,20.3416,21.8711,22.6991,23.1674,23.5972,23.9164,24.2461,24.587,24.9395,25.4536,26.0727,27.3335,30.3278,37.3734,56.423,5.56655,-0.468386,147.08,151.116,141.652,146.663
19.94496774673462,-0.6146891473010244,0.0,0.0,3,-0.127596,3.0,14833.7,165.582,16.7582,0.204974,10.3539,15.2271,17.6379,19.8041,21.3107,22.1371,22.6106,23.0456,23.3689,23.7031,24.049,24.407,24.9297,25.56,26.8467,29.9194,37.245,57.7568,6.06639,-0.430456,146.187,150.235,140.848,145.865
19.96368932723999,-0.6177089629776652,0.0,0.0,3,-0.134008,3.0,14751.1,164.676,16.9382,0.204646,10.045,14.7784,17.1354,19.2619,20.7473,21.5805,22.0593,22.4996,22.8271,23.1661,23.5172,23.8809,24.4126,25.0547,26.3689,29.5259,37.1612,59.3982,6.59744,-0.391371,145.297,149.356,140.049,145.068
19.989343881607056,-0.6207187792646481,0.0,0.0,3,-0.140132,3.0,14668.7,163.773,17.1082,0.203619,9.73167,14.3254,16.6284,18.7148,20.1878,21.0288,21.5128,21.9586,22.2905,22.6344,22.9909,23.3606,23.9017,24.5562,25.8995,29.1474,37.1265,61.423,7.1613,-0.351215,144.412,148.479,139.255,144.271
20.00790309906006,-0.6237219292918591,0.0,0.0,3,-0.146022,3.0,14586.8,162.872,17.2656,0.201771,9.41396,13.8679,16.1163,18.1621,19.632,20.4807,20.9702,21.4215,21.758,22.1069,22.469,22.8449,23.3958,24.0634,25.4377,28.7834,37.1455,63.9346,7.76014,-0.310041,143.53,147.602,138.467,143.476
20.0322482585907,-0.6267117467995268,0.0,0.0,3,-0.151694,3.0,14505.3,161.975,17.408,0.199191,9.09222,13.4059,15.5991,17.6038,19.0795,19.9359,20.4307,20.8878,21.2289,21.583,21.9509,22.3332,22.8944,23.5758,24.9829,28.4343,37.2254,67.0828,8.39634,-0.267923,142.653,146.727,137.685,142.682
20.050293445587158,-0.6296915649175364,0.0,0.0,3,-0.157117,3.0,14424.3,161.081,17.534,0.196112,8.76669,12.9395,15.0765,17.0464,18.5297,19.3936,19.8939,20.3568,20.7026,21.0621,21.436,21.825,22.397,23.0928,24.5349,28.101,37.3751,71.0897,9.07293,-0.22492,141.781,145.854,136.91,141.891
20.07597064971924,-0.6326613836458884,0.0,0.0,3,-0.162331,3.0,14343.8,160.19,17.6426,0.19282,8.43761,12.4687,14.5486,16.4919,17.9821,18.8535,19.3594,19.828,20.1788,20.5438,20.9239,21.32,21.9032,22.6144,24.0937,27.7845,37.6071,76.2999,9.79366,-0.181096,140.914,144.984,136.141,141.104
20.093843460083008,-0.6356145367248108,0.0,0.0,3,-0.167345,3.0,14263.8,159.304,17.7342,0.189561,8.10532,11.9938,14.0155,15.9401,17.4366,18.3155,18.8269,19.3015,19.6573,20.0281,20.4146,20.818,21.4131,22.1405,23.6597,27.487,37.9382,83.2771,10.563,-0.136513,140.052,144.118,135.378,140.321
20.119290590286255,-0.6385576904140755,0.0,0.0,3,-0.172159,3.0,14184.4,158.421,17.8091,0.186518,7.77011,11.5151,13.4773,15.391,16.8931,17.7793,18.2963,18.7772,19.1382,19.5148,19.9082,20.3193,20.9269,21.6716,23.2338,27.2115,38.3905,93.0054,11.3867,-0.0912279,139.195,143.257,134.62,139.543
20.138500452041626,-0.6414875115837964,0.0,0.0,3,-0.176726,3.0,14105.5,157.542,17.8687,0.183779,7.43222,11.0325,12.9373,14.8443,16.3514,17.2449,17.7677,18.2548,18.6212,19.0041,19.4046,19.8238,20.4448,21.208,22.8168,26.9612,38.9938,107.369,12.2233,-0.04529,138.344,142.401,133.868,138.771
20.16381287574768,-0.6444040002339736,0.0,0.0,3,-0.181083,3.0,14027.1,156.667,17.9142,0.181356,7.09209,10.5466,12.4016,14.3003,15.8118,16.7125,17.2412,17.7349,18.1069,18.4963,18.9043,19.3322,19.9676,20.7507,22.4103,26.7414,39.7898,130.486,12.9669,0.00122261,137.503,141.555,133.12,138.003
20.18208909034729,-0.6473071563646073,0.0,0.0,3,-0.185231,3.0,13949.2,155.796,17.9469,0.179167,6.74989,10.0574,11.8701,13.7587,15.2739,16.1819,16.7166,17.2172,17.5951,17.9914,18.4075,18.8446,19.4953,20.3002,22.0157,26.5574,40.8344,173.383,13.6242,0.0482712,136.666,140.715,132.377,137.241
20.206980228424072,-0.6501936468458114,0.0,0.0,3,-0.189168,3.0,13871.8,154.93,17.968,0.177153,6.40586,9.56508,11.3426,13.2195,14.7377,15.653,16.194,16.7017,17.0859,17.4896,17.9142,18.3613,19.0287,19.8572,21.6346,26.4163,42.209,200.0,14.2049,0.0958042,135.833,139.88,131.639,136.484
20.22593903541565,-0.6530701379373576,0.0,0.0,3,-0.192855,3.0,13795.0,154.067,17.9787,0.175197,6.0603,9.07167,10.8193,12.6825,14.2032,15.1259,15.6734,16.1887,16.5795,16.9911,17.4249,17.8829,18.5685,19.4231,21.2695,26.3276,44.0343,200.0,14.717,0.143761,135.006,139.05,130.905,135.732
20.250988006591797,-0.6559299633794743,0.0,0.0,3,-0.196321,3.0,13718.5,153.209,17.9799,0.173231,5.71352,8.58434,10.3003,12.1479,13.6704,14.6006,15.1549,15.6782,16.0762,16.4962,16.9401,17.4099,18.1155,18.999,20.9233,26.3035,46.4982,200.0,15.1674,0.192082,134.183,138.227,130.175,134.985
20.270644187927246,-0.6587764563020474,0.0,0.0,3,-0.199575,3.0,13642.6,152.355,17.9726,0.17121,5.36564,8.10365,9.78533,11.6153,13.1387,14.0767,14.6382,15.17,15.5757,16.0049,16.4597,16.9425,17.6704,18.5863,20.5988,26.3597,49.9073,200.0,15.5626,0.240732,133.366,137.41,129.45,134.242
20.29566192626953,-0.6616062835751909,0.0,0.0,3,-0.202614,3.0,13567.1,151.506,17.9577,0.169127,5.01685,7.62965,9.27433,11.0844,12.6081,13.554,14.123,14.6641,15.0781,15.5174,15.9843,16.4814,17.2341,18.1865,20.3006,26.5181,54.8046,184.555,15.9076,0.289668,132.554,136.599,128.728,133.505
20.314740657806396,-0.6644261114586767,0.0,0.0,3,-0.205413,3.0,13492.1,150.66,17.936,0.166993,4.66729,7.16228,8.76713,10.5549,12.078,13.0321,13.6092,14.1603,14.5834,15.0337,15.5139,16.0271,16.8077,17.8018,20.0338,26.8093,62.2471,140.133,16.2072,0.338855,131.747,135.794,128.011,132.772
20.340210914611816,-0.6672292736927327,0.0,0.0,3,-0.20798,3.0,13417.6,149.819,17.9085,0.164833,4.31728,6.70188,8.26397,10.027,11.5486,12.5111,13.097,13.6589,14.092,14.5547,15.0499,15.5812,16.3936,17.4357,19.8067,27.2793,74.6098,114.745,16.4651,0.388223,130.949,134.999,127.298,132.044
20.36031675338745,-0.6700191034072451,0.0,0.0,3,-0.210327,3.0,13343.4,148.982,17.8762,0.162716,3.96877,6.24843,7.76467,9.50012,11.0193,11.9908,12.5861,13.1599,13.6041,14.0806,14.5927,15.1447,15.9938,17.092,19.6293,27.9961,98.5465,98.2267,16.6849,0.437742,130.155,134.209,126.588,131.32
20.380792379379272,-0.6727956006022139,0.0,0.0,3,-0.212446,3.0,13269.7,148.149,17.8393,0.161778,3.63087,5.80212,7.26933,8.97428,10.49,11.4708,12.0765,12.6636,13.1204,13.6124,14.144,14.7199,15.6118,16.7766,19.5169,29.0701,162.616,86.552,16.8694,0.487366,129.364,133.422,125.881,130.602
20.408066272735596,-0.6755620984075249,0.0,0.0,3,-0.212799,3.0,13196.3,147.319,17.8017,0.161683,3.30477,5.36313,6.778,8.4493,9.96053,10.9515,11.5687,12.1707,12.6419,13.1519,13.706,14.31,15.2529,16.4982,19.4924,30.6916,200.0,77.8033,17.0211,0.537059,128.575,132.641,125.176,129.889
20.427666187286377,-0.6783152636932923,0.0,0.0,3,-0.197167,3.0,13123.2,146.493,17.7656,0.16181,2.99061,4.93173,6.29075,7.92495,9.43052,10.4326,11.0627,11.6819,12.1695,12.7007,13.2814,13.9188,14.9235,16.2685,19.5887,33.2067,200.0,70.9635,17.1422,0.585341,127.79,131.866,124.473,129.181
20.446667671203613,-0.681058429589402,0.0,0.0,3,-0.181499,3.0,13050.8,145.67,17.7296,0.16343,2.68842,4.50796,5.80732,7.40041,8.89883,9.91294,10.5576,11.1966,11.7036,12.2597,12.8722,13.5503,14.6313,16.1022,19.8551,37.3231,200.0,65.4432,17.2351,0.631181,127.013,131.1,123.775,128.477
20.472712516784668,-0.6837882629659678,0.0,0.0,3,-0.165824,3.0,12978.5,144.851,17.6895,0.166112,2.39814,4.09156,5.32685,6.87382,8.36274,9.38968,10.0508,10.7125,11.2422,11.828,12.4791,13.2072,14.384,16.018,20.3663,44.7414,200.0,60.8835,17.3029,0.674602,126.239,130.336,123.081,127.775
20.490755796432495,-0.6865047638229901,0.0196075439453125,0.0,3,-0.150138,3.0,12906.4,144.036,17.6488,0.1675,2.11996,3.68288,4.84937,6.34445,7.82096,8.86157,9.54138,10.2297,10.7865,11.4083,12.1072,12.8983,14.1991,16.0521,21.2665,61.0269,173.683,57.0346,17.3472,0.715601,125.468,129.574,122.389,127.074
20.515806913375854,-0.6891812671213814,0.6548919677734375,0.0,3,-0.134436,3.0,12863.2,143.233,17.6074,0.167869,1.85378,3.28175,4.37413,5.81038,7.27048,8.32546,9.02661,9.74639,10.3361,11.0025,11.7619,12.6348,14.1019,16.2629,22.8358,120.261,140.462,53.7276,17.3699,0.754219,124.701,128.817,122.025,126.587
20.537130117416382,-0.6911911444425893,0.9999847412109375,0.0,3,-0.119042,3.0,13620.2,142.63,17.5338,0.169011,1.59937,2.8865,3.89711,5.26296,6.69685,7.76266,8.48534,9.23946,9.86672,10.5862,11.4198,12.397,14.0862,16.688,25.5488,200.0,119.001,50.9201,17.3796,0.790462,123.961,128.07,131.335,131.335
20.555866956710815,-0.691327802767912,0.49999237060546875,0.0,3,-0.104006,3.0,14559.6,142.589,17.5282,0.173084,1.35616,2.4962,3.41614,4.69699,6.09052,7.16045,7.90318,8.69362,9.36341,10.1458,11.0719,12.185,14.183,17.4577,30.8115,200.0,104.018,48.5125,17.3791,0.824446,123.375,127.467,140.38,140.38
20.5802800655365,-0.690884496493085,0.49999237060546875,0.0,3,-0.0886072,3.0,14166.9,142.722,17.6673,0.176867,1.12374,2.11247,2.93476,4.11907,5.4628,6.53598,7.30329,8.14084,8.8681,9.73886,10.8001,12.1221,14.631,19.1687,45.8579,200.0,92.4036,46.2894,17.3557,0.856366,123.007,127.139,137.002,137.002
20.59978461265564,-0.6907745032068496,0.49999237060546875,0.0,3,-0.074185,3.0,13961.0,142.755,17.6008,0.206229,0.901505,1.73008,2.44054,3.50056,4.75923,5.81011,6.58783,7.46315,8.24657,9.21454,10.4409,12.0448,15.3474,22.3575,156.217,200.0,83.9279,44.4514,17.3374,0.886174,122.793,126.9,134.957,134.957
20.62579369544983,-0.6908245001551384,0.49999237060546875,0.0,3,-0.0616287,3.0,13869.1,142.74,17.2681,0.222938,0.690084,1.34945,1.93116,2.82921,3.94533,4.92149,5.67155,6.54548,7.35575,8.39572,9.77904,11.7092,16.183,28.736,198.262,200.0,77.9701,43.053,17.3402,0.913818,122.684,126.656,133.979,133.979
20.645004987716675,-0.6907678369470778,0.49999237060546875,0.0,3,-0.0512437,3.0,13785.7,142.757,16.5724,0.297488,0.490935,0.975633,1.41409,2.11226,3.01809,3.84726,4.5093,5.30963,6.08113,7.11557,8.57488,10.7882,16.8959,47.8911,200.0,164.181,73.8591,42.0495,17.3675,0.939255,122.659,126.411,133.107,133.107
20.67085599899292,-0.6271681577685134,0.49999237060546875,0.0,3,-0.0432881,3.0,13737.8,142.795,15.5395,0.362225,0.305647,0.615203,0.900935,1.36773,1.99605,2.59498,3.09045,3.71104,4.33294,5.20571,6.5194,8.72079,16.5435,184.845,200.0,149.419,71.1946,41.4098,17.4222,0.962454,122.727,126.182,132.534,132.534
20.690459728240967,-0.3873264677616768,0.9999847412109375,0.0,3,-0.0374743,3.0,13681.2,142.87,14.2138,0.437227,0.135355,0.275052,0.405989,0.624199,0.926665,1.22477,1.47894,1.80745,2.14853,2.64854,3.4522,4.95657,12.7158,191.51,200.0,140.675,69.5468,41.0491,17.4981,0.983462,123.16,126.282,132.064,132.064
20.710025548934937,-0.24170057153715752,0.49999237060546875,0.0,3,-0.0327501,3.0,14367.2,143.195,12.9236,0.477662,-1.0,-1.0,-1.0,-1.0,-1.0,-1.0,-1.0,-1.0,-1.0,-1.0,-1.0,-1.0,-1.0,-1.0,-1.0,-1.0,-1.0,-1.0,-1.0,1.00237,124.532,127.279,138.741,138.741
20.734199285507202,-0.15487857305417457,0.9999847412109375,0.0,3,-0.0275842,3.0,13857.5,143.622,11.8004,0.507129,-1.0,-1.0,-1.0,-1.0,-1.0,-1.0,-1.0,-1.0,-1.0,-1.0,-1.0,-1.0,-1.0,-1.0,-1.0,-1.0,-1.0,-1.0,-1.0,1.01939,126.758,129.113,134.155,134.155
20.759268283843994,-0.09525155930078588,0.49999237060546875,0.0,3,-0.0225025,3.0,14453.7,144.091,10.7827,0.491122,-1.0,-1.0,-1.0,-1.0,-1.0,-1.0,-1.0,-1.0,-1.0,-1.0,-1.0,-1.0,-1.0,-1.0,-1.0,-1.0,-1.0,-1.0,-1.0,1.03456,128.888,130.804,139.548,139.548
20.77826714515686,-0.050124200055177016,0.9999847412109375,0.0,3,-0.0171298,3.0,13987.7,144.594,10.0276,0.342998,-1.0,-1.0,-1.0,-1.0,-1.0,-1.0,-1.0,-1.0,-1.0,-1.0,-1.0,-1.0,-1.0,-1.0,-1.0,-1.0,-1.0,-1.0,-1.0,1.04805,130.567,132.014,135.228,135.228
20.80336046218872,-0.031805913781796896,0.49999237060546875,0.0,3,-0.0138506,3.0,15100.4,144.856,9.79355,-0.387601,-1.0,-1.0,-1.0,-1.0,-1.0,-1.0,-1.0,-1.0,-1.0,-1.0,-1.0,-1.0,-1.0,-1.0,-1.0,-1.0,-1.0,-1.0,-1.0,1.0604,131.743,132.071,145.434,145.434
20.822471380233765,-0.01007782169239285,0.49999237060546875,0.0,3,-0.0119423,3.0,14665.4,145.371,9.22154,-0.64368,-1.0,-1.0,-1.0,-1.0,-1.0,-1.0,-1.0,-1.0,-1.0,-1.0,-1.0,-1.0,-1.0,-1.0,-1.0,-1.0,-1.0,-1.0,-1.0,1.07201,132.502,132.594,141.979,141.979
20.842987298965454,-0.00302151670217514,0.9999847412109375,0.0,3,-0.0106181,3.0,14152.7,145.948,8.26221,-0.466865,-1.0,-1.0,-1.0,-1.0,-1.0,-1.0,-1.0,-1.0,-1.0,-1.0,-1.0,-1.0,-1.0,-1.0,-1.0,-1.0,-1.0,-1.0,-1.0,1.08257,133.329,133.403,136.927,136.927
20.867989540100098,-0.0017618623009572425,0.49999237060546875,0.0,3,-0.00980687,3.0,14766.8,146.502,7.19867,-0.249834,-1.0,-1.0,-1.0,-1.0,-1.0,-1.0,-1.0,-1.0,-1.0,-1.0,-1.0,-1.0,-1.0,-1.0,-1.0,-1.0,-1.0,-1.0,-1.0,1.09191,134.067,134.144,142.432,142.432
20.887699604034424,-0.0017566675699005523,0.9999847412109375,0.0,3,-0.00922227,3.0,14246.5,147.102,6.33268,-0.263306,-1.0,-1.0,-1.0,-1.0,-1.0,-1.0,-1.0,-1.0,-1.0,-1.0,-1.0,-1.0,-1.0,-1.0,-1.0,-1.0,-1.0,-1.0,-1.0,1.10018,134.664,134.66,137.856,137.856
20.91222381591797,-0.0017503126822412014,0.9999847412109375,0.0,3,-0.0102843,3.0,14647.9,147.836,5.27726,-0.126337,-1.0,-1.0,-1.0,-1.0,-1.0,-1.0,-1.0,-1.0,-1.0,-1.0,-1.0,-1.0,-1.0,-1.0,-1.0,-1.0,-1.0,-1.0,-1.0,1.1075,135.413,135.018,141.443,141.443
20.93126392364502,-0.0017426591118176779,0.9999847412109375,0.0,3,-0.0118306,3.0,14760.9,148.72,4.18343,0.337785,-1.0,-1.0,-1.0,-1.0,-1.0,-1.0,-1.0,-1.0,-1.0,-1.0,-1.0,-1.0,-1.0,-1.0,-1.0,-1.0,-1.0,-1.0,-1.0,1.11393,136.324,135.759,142.564,142.564
20.95689296722412,-0.0017360444876054924,0.49999237060546875,0.0,3,-0.0124291,3.0,15067.7,149.484,3.37449,0.622635,-1.0,-1.0,-1.0,-1.0,-1.0,-1.0,-1.0,-1.0,-1.0,-1.0,-1.0,-1.0,-1.0,-1.0,-1.0,-1.0,-1.0,-1.0,-1.0,1.11953,137.031,136.734,145.373,145.373
20.976072788238525,-0.0017307198882723848,0.9999847412109375,0.0,3,-0.0135921,3.0,14561.5,150.099,2.74641,0.383634,-1.0,-1.0,-1.0,-1.0,-1.0,-1.0,-1.0,-1.0,-1.0,-1.0,-1.0,-1.0,-1.0,-1.0,-1.0,-1.0,-1.0,-1.0,-1.0,1.1246,137.701,137.212,140.791,140.791
20.99605107307434,-0.001235139517346397,0.49999237060546875,0.0,3,-0.016118,3.0,15176.8,150.725,2.07379,0.0297167,-1.0,-1.0,-1.0,-1.0,-1.0,-1.0,-1.0,-1.0,-1.0,-1.0,-1.0,-1.0,-1.0,-1.0,-1.0,-1.0,-1.0,-1.0,-1.0,1.12926,138.312,137.438,146.474,146.474
21.0216965675354,-0.0012303793259058147,0.9999847412109375,0.0,3,-0.0182973,3.0,14360.1,151.493,1.41721,0.308604,-1.0,-1.0,-1.0,-1.0,-1.0,-1.0,-1.0,-1.0,-1.0,-1.0,-1.0,-1.0,-1.0,-1.0,-1.0,-1.0,-1.0,-1.0,-1.0,1.13364,139.012,138.239,138.876,138.876
21.040749311447144,-0.0012273794135916978,0.9999847412109375,0.0,3,-0.0197815,3.0,15090.1,151.977,0.946854,0.383535,-1.0,-1.0,-1.0,-1.0,-1.0,-1.0,-1.0,-1.0,-1.0,-1.0,-1.0,-1.0,-1.0,-1.0,-1.0,-1.0,-1.0,-1.0,-1.0,1.13774,139.519,139.085,145.358,145.358
21.065957069396973,-0.001223995214989409,0.49999237060546875,0.0,3,-0.0220666,3.0,15788.2,152.523,0.495851,0.0512445,-1.0,-1.0,-1.0,-1.0,-1.0,-1.0,-1.0,-1.0,-1.0,-1.0,-1.0,-1.0,-1.0,-1.0,-1.0,-1.0,-1.0,-1.0,-1.0,1.14168,140.077,139.454,152.047,152.047
21.08478331565857,-0.0017032570767526827,0.9999847412109375,0.0,3,-0.0256187,3.0,15063.2,153.271,-0.0675531,-0.203145,-1.0,-1.0,-1.0,-1.0,-1.0,-1.0,-1.0,-1.0,-1.0,-1.0,-1.0,-1.0,-1.0,-1.0,-1.0,-1.0,-1.0,-1.0,-1.0,1.14555,140.714,139.661,145.665,145.665
21.108850240707397,-0.002257629001749058,0.9999847412109375,0.0,3,-0.0284897,3.0,15203.9,154.156,-0.469078,0.0107292,-1.0,-1.0,-1.0,-1.0,-1.0,-1.0,-1.0,-1.0,-1.0,-1.0,-1.0,-1.0,-1.0,-1.0,-1.0,-1.0,-1.0,-1.0,-1.0,1.14948,141.455,140.263,146.89,146.89
21.128408432006836,-0.0036086334003973754,0.9999847412109375,0.0,3,-0.0304769,3.0,15449.5,154.913,-0.692689,0.37198,-1.0,-1.0,-1.0,-1.0,-1.0,-1.0,-1.0,-1.0,-1.0,-1.0,-1.0,-1.0,-1.0,-1.0,-1.0,-1.0,-1.0,-1.0,-1.0,1.15351,142.129,141.636,149.371,149.371
21.15341567993164,-0.0062264051857093975,0.49999237060546875,0.0,3,-0.0335877,3.0,15955.7,155.595,-1.06083,0.113515,-1.0,-1.0,-1.0,-1.0,-1.0,-1.0,-1.0,-1.0,-1.0,-1.0,-1.0,-1.0,-1.0,-1.0,-1.0,-1.0,-1.0,-1.0,-1.0,1.15763,142.94,142.022,154.044,154.044
21.177211046218872,-0.00723713075382635,0.9999847412109375,0.0,3,-0.0385517,3.0,15323.2,156.278,-1.67901,-0.245751,-1.0,-1.0,-1.0,-1.0,-1.0,-1.0,-1.0,-1.0,-1.0,-1.0,-1.0,-1.0,-1.0,-1.0,-1.0,-1.0,-1.0,-1.0,-1.0,1.16189,143.677,142.2,148.426,148.426
21.19580054283142,-0.008312841926403344,0.9999847412109375,0.0,3,-0.041957,3.0,15496.6,157.121,-1.9468,0.173973,-1.0,-1.0,-1.0,-1.0,-1.0,-1.0,-1.0,-1.0,-1.0,-1.0,-1.0,-1.0,-1.0,-1.0,-1.0,-1.0,-1.0,-1.0,-1.0,1.16642,144.324,143.184,149.507,149.507
21.219313621520996,-0.007181541556101292,0.49999237060546875,0.0,3,-0.0443889,3.0,15957.1,157.766,-2.03748,0.344262,-1.0,-1.0,-1.0,-1.0,-1.0,-1.0,-1.0,-1.0,-1.0,-1.0,-1.0,-1.0,-1.0,-1.0,-1.0,-1.0,-1.0,-1.0,-1.0,1.1713,144.927,144.292,153.61,153.61
21.238383293151855,-0.008262545696496962,0.9999847412109375,0.0,3,-0.0484439,3.0,15480.6,158.288,-2.38965,0.0947223,-1.0,-1.0,-1.0,-1.0,-1.0,-1.0,-1.0,-1.0,-1.0,-1.0,-1.0,-1.0,-1.0,-1.0,-1.0,-1.0,-1.0,-1.0,-1.0,1.17648,145.603,144.639,150.025,150.025
21.262314558029175,-0.0119873053656891,0.49999237060546875,0.0,3,-0.0532285,3.0,15839.0,159.06,-2.79456,0.00895087,-1.0,-1.0,-1.0,-1.0,-1.0,-1.0,-1.0,-1.0,-1.0,-1.0,-1.0,-1.0,-1.0,-1.0,-1.0,-1.0,-1.0,-1.0,-1.0,1.18199,146.2,144.829,153.118,153.118
21.28587770462036,-0.02153136157200672,0.9999847412109375,0.0,3,-0.0559052,3.0,14991.6,159.821,-2.74447,0.377333,-1.0,-1.0,-1.0,-1.0,-1.0,-1.0,-1.0,-1.0,-1.0,-1.0,-1.0,-1.0,-1.0,-1.0,-1.0,-1.0,-1.0,-1.0,-1.0,1.18798,146.773,145.645,145.002,145.002
21.30491328239441,-0.04629959616110971,0.9999847412109375,0.0,3,-0.0565783,3.0,15757.3,160.267,-2.43236,0.541602,-1.0,-1.0,-1.0,-1.0,-1.0,-1.0,-1.0,-1.0,-1.0,-1.0,-1.0,-1.0,-1.0,-1.0,-1.0,-1.0,-1.0,-1.0,-1.0,1.19454,147.062,146.788,151.574,151.574
21.327985525131226,-0.07005589191682637,0.49999237060546875,0.0,3,-0.0576872,3.0,16381.6,160.826,-2.45338,0.16617,-1.0,-1.0,-1.0,-1.0,-1.0,-1.0,-1.0,-1.0,-1.0,-1.0,-1.0,-1.0,-1.0,-1.0,-1.0,-1.0,-1.0,-1.0,-1.0,1.20139,147.58,147.113,158.31,158.31
21.351362943649292,-0.07997395139058432,0.9999847412109375,0.0,3,-0.0591727,3.0,15588.2,161.584,-2.60804,-0.00181302,-1.0,-1.0,-1.0,-1.0,-1.0,-1.0,-1.0,-1.0,-1.0,-1.0,-1.0,-1.0,-1.0,-1.0,-1.0,-1.0,-1.0,-1.0,-1.0,1.20837,148.162,147.21,151.405,151.405
21.370448350906372,-0.07965348851428988,0.9999847412109375,0.0,3,-0.0568031,3.0,15918.5,162.339,-2.21272,0.35598,-1.0,-1.0,-1.0,-1.0,-1.0,-1.0,-1.0,-1.0,-1.0,-1.0,-1.0,-1.0,-1.0,-1.0,-1.0,-1.0,-1.0,-1.0,-1.0,1.21553,148.596,148.625,153.338,153.338
21.393948078155518,-0.0794251321865463,0.49999237060546875,0.0,3,-0.0523952,3.0,16523.8,162.877,-1.60103,0.317792,-1.0,-1.0,-1.0,-1.0,-1.0,-1.0,-1.0,-1.0,-1.0,-1.0,-1.0,-1.0,-1.0,-1.0,-1.0,-1.0,-1.0,-1.0,-1.0,1.22269,148.985,149.709,159.4,159.4
21.417346239089966,-0.07917385533520022,0.9999847412109375,0.0,3,-0.0484723,3.0,15970.0,163.469,-1.07398,-0.0258978,-1.0,-1.0,-1.0,-1.0,-1.0,-1.0,-1.0,-1.0,-1.0,-1.0,-1.0,-1.0,-1.0,-1.0,-1.0,-1.0,-1.0,-1.0,-1.0,1.22976,149.484,150.054,154.918,154.918
21.43576955795288,-0.0787960911498995,0.9999847412109375,0.0,3,-0.0446471,3.0,16175.4,164.359,-0.595517,-0.0581432,-1.0,-1.0,-1.0,-1.0,-1.0,-1.0,-1.0,-1.0,-1.0,-1.0,-1.0,-1.0,-1.0,-1.0,-1.0,-1.0,-1.0,-1.0,-1.0,1.23676,150.121,150.22,156.229,156.229
21.459243059158325,-0.07845270775000253,0.9999847412109375,0.0,3,-0.0391864,3.0,16324.7,165.168,-0.0670868,0.408044,-1.0,-1.0,-1.0,-1.0,-1.0,-1.0,-1.0,-1.0,-1.0,-1.0,-1.0,-1.0,-1.0,-1.0,-1.0,-1.0,-1.0,-1.0,-1.0,1.24356,150.819,151.745,157.346,157.346
21.483242750167847,-0.07816450338840794,0.49999237060546875,0.0,3,-0.0328344,3.0,16739.7,165.847,0.613729,0.353911,-1.0,-1.0,-1.0,-1.0,-1.0,-1.0,-1.0,-1.0,-1.0,-1.0,-1.0,-1.0,-1.0,-1.0,-1.0,-1.0,-1.0,-1.0,-1.0,1.24998,151.398,152.431,161.616,161.616
21.502334356307983,-0.0779051619083869,0.9999847412109375,0.0,3,-0.0276099,3.0,16194.7,166.458,1.14815,-0.152087,-1.0,-1.0,-1.0,-1.0,-1.0,-1.0,-1.0,-1.0,-1.0,-1.0,-1.0,-1.0,-1.0,-1.0,-1.0,-1.0,-1.0,-1.0,-1.0,1.25607,152.044,152.626,156.464,156.464
21.526328802108765,-0.07753249117277562,0.9999847412109375,0.0,3,-0.0228473,3.0,16276.3,167.336,1.40742,0.184845,-1.0,-1.0,-1.0,-1.0,-1.0,-1.0,-1.0,-1.0,-1.0,-1.0,-1.0,-1.0,-1.0,-1.0,-1.0,-1.0,-1.0,-1.0,-1.0,1.26176,152.668,153.227,157.316,157.316
21.549488306045532,-0.10679113784797488,0.9999847412109375,0.0,3,-0.0166489,3.0,16617.3,168.024,1.76098,0.432986,-1.0,-1.0,-1.0,-1.0,-1.0,-1.0,-1.0,-1.0,-1.0,-1.0,-1.0,-1.0,-1.0,-1.0,-1.0,-1.0,-1.0,-1.0,-1.0,1.26679,153.229,154.37,160.372,160.372
21.573052883148193,-0.164581230865481,0.49999237060546875,0.0,3,-0.00912809,3.0,17395.8,168.483,2.36111,0.0505278,-1.0,-1.0,-1.0,-1.0,-1.0,-1.0,-1.0,-1.0,-1.0,-1.0,-1.0,-1.0,-1.0,-1.0,-1.0,-1.0,-1.0,-1.0,-1.0,1.27116,153.572,154.894,167.288,167.288
21.591058492660522,-0.20569460511289533,0.9999847412109375,0.0,3,-0.00142193,3.0,16435.3,169.246,2.92492,-0.0197788,-1.0,-1.0,-1.0,-1.0,-1.0,-1.0,-1.0,-1.0,-1.0,-1.0,-1.0,-1.0,-1.0,-1.0,-1.0,-1.0,-1.0,-1.0,-1.0,1.27488,153.923,155.094,159.616,159.616
21.615962743759155,-0.21032700637991544,0.9999847412109375,0.0,3,0.00655782,3.0,16640.6,170.039,3.15255,0.335101,-1.0,-1.0,-1.0,-1.0,-1.0,-1.0,-1.0,-1.0,-1.0,-1.0,-1.0,-1.0,-1.0,-1.0,-1.0,-1.0,-1.0,-1.0,-1.0,1.27768,154.347,155.684,160.376,160.376
21.634467363357544,-0.19870092109103996,0.49999237060546875,0.0,3,0.0180365,3.0,17014.1,170.608,3.95634,0.444175,-1.0,-1.0,-1.0,-1.0,-1.0,-1.0,-1.0,-1.0,-1.0,-1.0,-1.0,-1.0,-1.0,-1.0,-1.0,-1.0,-1.0,-1.0,-1.0,1.27926,154.605,156.542,164.822,164.822
21.6590633392334,-0.13878678447954979,0.9999847412109375,0.0,3,0.030021,3.0,16613.7,171.03,5.05431,-0.100962,-1.0,-1.0,-1.0,-1.0,-1.0,-1.0,-1.0,-1.0,-1.0,-1.0,-1.0,-1.0,-1.0,-1.0,-1.0,-1.0,-1.0,-1.0,-1.0,1.2798,155.015,156.851,160.78,160.78
21.682061433792114,-0.05702144929597464,0.9999847412109375,0.0,3,0.0399971,3.0,16872.7,171.745,5.70095,0.0606213,-1.0,-1.0,-1.0,-1.0,-1.0,-1.0,-1.0,-1.0,-1.0,-1.0,-1.0,-1.0,-1.0,-1.0,-1.0,-1.0,-1.0,-1.0,-1.0,1.27931,155.657,157.271,163.09,163.09
21.69994592666626,-0.018441887554191058,0.49999237060546875,0.0,3,0.0497648,3.0,17266.2,172.307,6.1914,0.333489,-1.0,-1.0,-1.0,-1.0,-1.0,-1.0,-1.0,-1.0,-1.0,-1.0,-1.0,-1.0,-1.0,-1.0,-1.0,-1.0,-1.0,-1.0,-1.0,1.27757,156.695,158.536,166.717,166.717
21.72411060333252,-0.005677381046960752,0.9999847412109375,0.0,3,0.0580633,3.0,16775.5,172.737,6.77027,0.137928,-1.0,-1.0,-1.0,-1.0,-1.0,-1.0,-1.0,-1.0,-1.0,-1.0,-1.0,-1.0,-1.0,-1.0,-1.0,-1.0,-1.0,-1.0,-1.0,1.27479,157.505,159.148,162.441,162.441
21.74772572517395,-0.0015293288230895997,0.49999237060546875,0.0,3,0.0641925,3.0,17265.4,173.36,7.01175,-0.0861197,-1.0,-1.0,-1.0,-1.0,-1.0,-1.0,-1.0,-1.0,-1.0,-1.0,-1.0,-1.0,-1.0,-1.0,-1.0,-1.0,-1.0,-1.0,-1.0,1.27108,158.075,159.302,166.86,166.86
21.770760774612427,-0.0007298596984148025,0.9999847412109375,0.0,3,0.0659313,3.0,16398.7,174.068,6.28224,0.261616,-1.0,-1.0,-1.0,-1.0,-1.0,-1.0,-1.0,-1.0,-1.0,-1.0,-1.0,-1.0,-1.0,-1.0,-1.0,-1.0,-1.0,-1.0,-1.0,1.26638,159.15,159.575,158.801,158.801
21.78889513015747,-0.00044047007634304456,0.9999847412109375,0.0,3,0.0665994,3.0,17240.3,174.443,5.31555,0.355078,-1.0,-1.0,-1.0,-1.0,-1.0,-1.0,-1.0,-1.0,-1.0,-1.0,-1.0,-1.0,-1.0,-1.0,-1.0,-1.0,-1.0,-1.0,-1.0,1.26042,159.919,160.023,166.118,166.118
21.81173586845398,0.0,0.49999237060546875,0.0,3,0.066377,3.0,17711.1,175.089,4.72268,-0.0424878,-1.0,-1.0,-1.0,-1.0,-1.0,-1.0,-1.0,-1.0,-1.0,-1.0,-1.0,-1.0,-1.0,-1.0,-1.0,-1.0,-1.0,-1.0,-1.0,1.25364,160.427,160.248,171.439,171.439
21.833805561065674,0.0,0.9999847412109375,0.0,3,0.0635271,3.0,16691.9,175.983,3.66211,-0.0451395,-1.0,-1.0,-1.0,-1.0,-1.0,-1.0,-1.0,-1.0,-1.0,-1.0,-1.0,-1.0,-1.0,-1.0,-1.0,-1.0,-1.0,-1.0,-1.0,1.24626,161.381,160.517,161.371,161.371
21.856717348098755,0.0,0.9999847412109375,0.0,3,0.0610182,3.0,17215.0,176.538,2.55057,0.338354,-1.0,-1.0,-1.0,-1.0,-1.0,-1.0,-1.0,-1.0,-1.0,-1.0,-1.0,-1.0,-1.0,-1.0,-1.0,-1.0,-1.0,-1.0,-1.0,1.23815,162.127,161.484,166.083,166.083
21.87871551513672,-0.001497493779597183,0.49999237060546875,0.0,3,0.0591727,3.0,17905.1,177.037,1.87229,0.0471932,-1.0,-1.0,-1.0,-1.0,-1.0,-1.0,-1.0,-1.0,-1.0,-1.0,-1.0,-1.0,-1.0,-1.0,-1.0,-1.0,-1.0,-1.0,-1.0,1.22952,162.558,162.029,172.598,172.598
21.901381015777588,-0.004666901367483661,0.9999847412109375,0.0,3,0.055943,3.0,16974.6,177.839,1.12817,-0.207359,-1.0,-1.0,-1.0,-1.0,-1.0,-1.0,-1.0,-1.0,-1.0,-1.0,-1.0,-1.0,-1.0,-1.0,-1.0,-1.0,-1.0,-1.0,-1.0,1.2206,163.209,162.179,164.47,164.47
21.92398238182068,-0.005488672015021244,0.9999847412109375,0.0,3,0.0530189,3.0,17145.1,178.629,0.432862,0.276756,-1.0,-1.0,-1.0,-1.0,-1.0,-1.0,-1.0,-1.0,-1.0,-1.0,-1.0,-1.0,-1.0,-1.0,-1.0,-1.0,-1.0,-1.0,-1.0,1.21144,163.923,163.108,165.919,165.919
21.94204592704773,-0.005467789752831061,0.9999847412109375,0.0,3,0.0510131,3.0,17592.0,179.281,-0.00513729,0.335624,-1.0,-1.0,-1.0,-1.0,-1.0,-1.0,-1.0,-1.0,-1.0,-1.0,-1.0,-1.0,-1.0,-1.0,-1.0,-1.0,-1.0,-1.0,-1.0,1.20214,164.555,164.01,169.329,169.329
21.964584350585938,-0.005447259798745314,0.49999237060546875,0.0,3,0.0475667,3.0,18081.1,179.922,-0.56657,-0.201168,-1.0,-1.0,-1.0,-1.0,-1.0,-1.0,-1.0,-1.0,-1.0,-1.0,-1.0,-1.0,-1.0,-1.0,-1.0,-1.0,-1.0,-1.0,-1.0,1.19277,165.269,164.237,174.463,174.463
21.986857175827026,-0.003824286193077763,0.9999847412109375,0.0,3,0.0435604,3.0,16996.2,180.766,-1.16047,0.0141617,-1.0,-1.0,-1.0,-1.0,-1.0,-1.0,-1.0,-1.0,-1.0,-1.0,-1.0,-1.0,-1.0,-1.0,-1.0,-1.0,-1.0,-1.0,-1.0,1.18345,166.0,164.738,164.723,164.723
22.01079249382019,-0.0019453323407005517,0.9999847412109375,0.0,3,0.0415843,3.0,17647.9,181.247,-1.28981,0.231727,-1.0,-1.0,-1.0,-1.0,-1.0,-1.0,-1.0,-1.0,-1.0,-1.0,-1.0,-1.0,-1.0,-1.0,-1.0,-1.0,-1.0,-1.0,-1.0,1.17432,166.461,165.896,169.946,169.946
22.03437304496765,-0.0006977459048728149,0.49999237060546875,0.0,3,0.0385308,3.0,18199.9,181.809,-1.60345,-0.0441182,-1.0,-1.0,-1.0,-1.0,-1.0,-1.0,-1.0,-1.0,-1.0,-1.0,-1.0,-1.0,-1.0,-1.0,-1.0,-1.0,-1.0,-1.0,-1.0,1.16541,167.057,166.298,175.526,175.526
22.051477670669556,-0.00042013976180925965,0.9999847412109375,0.0,3,0.0340911,3.0,17290.2,182.546,-2.11202,-0.131933,-1.0,-1.0,-1.0,-1.0,-1.0,-1.0,-1.0,-1.0,-1.0,-1.0,-1.0,-1.0,-1.0,-1.0,-1.0,-1.0,-1.0,-1.0,-1.0,1.1567,167.74,166.515,167.586,167.586
22.073700428009033,-0.0004184612500946968,0.9999847412109375,0.0,3,0.0316657,3.0,17612.5,183.215,-2.09834,0.357349,-1.0,-1.0,-1.0,-1.0,-1.0,-1.0,-1.0,-1.0,-1.0,-1.0,-1.0,-1.0,-1.0,-1.0,-1.0,-1.0,-1.0,-1.0,-1.0,1.14841,168.212,167.534,170.222,170.222
22.095947742462158,-0.0004169759303114067,0.9999847412109375,0.0,3,0.0293227,3.0,18137.5,183.807,-2.13167,0.254075,-1.0,-1.0,-1.0,-1.0,-1.0,-1.0,-1.0,-1.0,-1.0,-1.0,-1.0,-1.0,-1.0,-1.0,-1.0,-1.0,-1.0,-1.0,-1.0,1.14055,168.822,168.127,174.646,174.646
22.119370698928833,-0.000686573905646801,0.49999237060546875,0.0,3,0.0249692,3.0,18496.6,184.502,-2.58279,-0.173378,-1.0,-1.0,-1.0,-1.0,-1.0,-1.0,-1.0,-1.0,-1.0,-1.0,-1.0,-1.0,-1.0,-1.0,-1.0,-1.0,-1.0,-1.0,-1.0,1.13301,169.552,168.377,178.619,178.619
22.140950202941895,-0.002437935091853142,0.9999847412109375,0.0,3,0.0210364,3.0,17351.7,185.359,-2.78734,0.250369,-1.0,-1.0,-1.0,-1.0,-1.0,-1.0,-1.0,-1.0,-1.0,-1.0,-1.0,-1.0,-1.0,-1.0,-1.0,-1.0,-1.0,-1.0,-1.0,1.12587,170.312,169.137,167.872,167.872
22.16346764564514,-0.0070765114627406,0.9999847412109375,0.0,3,0.0186669,3.0,18024.0,185.807,-2.6416,0.389625,-1.0,-1.0,-1.0,-1.0,-1.0,-1.0,-1.0,-1.0,-1.0,-1.0,-1.0,-1.0,-1.0,-1.0,-1.0,-1.0,-1.0,-1.0,-1.0,1.11935,170.697,170.017,173.961,173.961
22.185840129852295,-0.014089461717009541,0.9999847412109375,0.0,3,0.0150273,3.0,18442.4,186.46,-2.89779,0.073466,-1.0,-1.0,-1.0,-1.0,-1.0,-1.0,-1.0,-1.0,-1.0,-1.0,-1.0,-1.0,-1.0,-1.0,-1.0,-1.0,-1.0,-1.0,-1.0,1.11329,171.301,170.367,178.114,178.114
22.208629846572876,-0.020013343879779176,0.9999847412109375,0.0,3,0.0115074,3.0,18427.2,187.366,-3.1439,0.201198,-1.0,-1.0,-1.0,-1.0,-1.0,-1.0,-1.0,-1.0,-1.0,-1.0,-1.0,-1.0,-1.0,-1.0,-1.0,-1.0,-1.0,-1.0,-1.0,1.10763,172.007,171.033,178.089,178.089
22.23042893409729,-0.03947543691287438,0.9999847412109375,0.0,3,0.00933242,3.0,18462.8,188.232,-3.10715,0.438005,-1.0,-1.0,-1.0,-1.0,-1.0,-1.0,-1.0,-1.0,-1.0,-1.0,-1.0,-1.0,-1.0,-1.0,-1.0,-1.0,-1.0,-1.0,-1.0,1.10244,172.739,172.007,178.266,178.266
22.253721237182617,-0.04894675043206662,0.49999237060546875,0.0,3,0.00732374,3.0,18816.6,188.935,-3.20476,0.0593911,-1.0,-1.0,-1.0,-1.0,-1.0,-1.0,-1.0,-1.0,-1.0,-1.0,-1.0,-1.0,-1.0,-1.0,-1.0,-1.0,-1.0,-1.0,-1.0,1.09761,173.417,172.552,181.596,181.596
22.275797605514526,-0.051287795501236494,0.9999847412109375,0.0,3,0.0061934,3.0,17844.6,189.669,-3.13773,0.156341,-1.0,-1.0,-1.0,-1.0,-1.0,-1.0,-1.0,-1.0,-1.0,-1.0,-1.0,-1.0,-1.0,-1.0,-1.0,-1.0,-1.0,-1.0,-1.0,1.09305,174.006,173.384,172.685,172.685
22.29720115661621,-0.05112465315380754,0.9999847412109375,0.0,4,0.00782752,3.0,18433.6,190.179,-2.56473,0.228063,-1.0,-1.0,-1.0,-1.0,-1.0,-1.0,-1.0,-1.0,-1.0,-1.0,-1.0,-1.0,-1.0,-1.0,-1.0,-1.0,-1.0,-1.0,-1.0,1.08885,174.295,174.38,177.894,177.894
22.319003105163574,-0.04848179201055318,0.9999847412109375,0.0,4,0.0101942,4.0,14961.0,190.465,-1.96028,-0.00595302,-1.0,-1.0,-1.0,-1.0,-1.0,-1.0,-1.0,-1.0,-1.0,-1.0,-1.0,-1.0,-1.0,-1.0,-1.0,-1.0,-1.0,-1.0,-1.0,1.08484,174.645,174.882,167.875,172.404
22.340351104736328,-0.04606417155721535,0.9999847412109375,0.0,4,0.0150464,4.0,14934.3,190.228,-1.00812,0.109192,-1.0,-1.0,-1.0,-1.0,-1.0,-1.0,-1.0,-1.0,-1.0,-1.0,-1.0,-1.0,-1.0,-1.0,-1.0,-1.0,-1.0,-1.0,-1.0,1.08099,174.384,175.208,167.24,168.708
22.362064599990845,-0.03684754196948372,0.9999847412109375,0.0,4,0.0208058,4.0,14062.8,189.851,-0.0981221,0.293056,-1.0,-1.0,-1.0,-1.0,-1.0,-1.0,-1.0,-1.0,-1.0,-1.0,-1.0,-1.0,-1.0,-1.0,-1.0,-1.0,-1.0,-1.0,-1.0,1.07707,173.961,175.194,166.461,167.816
22.383066415786743,-0.018120381067106495,0.9999847412109375,0.0,4,0.0261335,4.0,14724.0,189.949,0.677858,0.0458056,-1.0,-1.0,-1.0,-1.0,-1.0,-1.0,-1.0,-1.0,-1.0,-1.0,-1.0,-1.0,-1.0,-1.0,-1.0,-1.0,-1.0,-1.0,-1.0,1.07292,173.824,175.018,174.795,174.795
22.40427017211914,-0.0036035074127713836,0.9999847412109375,0.0,4,0.0296115,4.0,14775.2,190.536,1.08447,0.18184,-1.0,-1.0,-1.0,-1.0,-1.0,-1.0,-1.0,-1.0,-1.0,-1.0,-1.0,-1.0,-1.0,-1.0,-1.0,-1.0,-1.0,-1.0,-1.0,1.06848,174.37,175.085,175.576,175.576
22.42632555961609,0.0,0.9999847412109375,0.0,4,0.0311867,4.0,14887.3,191.085,1.17785,0.195628,-1.0,-1.0,-1.0,-1.0,-1.0,-1.0,-1.0,-1.0,-1.0,-1.0,-1.0,-1.0,-1.0,-1.0,-1.0,-1.0,-1.0,-1.0,-1.0,1.06372,175.102,175.356,176.829,176.829
22.448376655578613,0.0003980993293225765,0.9999847412109375,0.0,4,0.0307646,4.0,14946.5,191.683,0.941058,0.110234,-1.0,-1.0,-1.0,-1.0,-1.0,-1.0,-1.0,-1.0,-1.0,-1.0,-1.0,-1.0,-1.0,-1.0,-1.0,-1.0,-1.0,-1.0,-1.0,1.05875,175.795,175.63,177.633,177.633
22.470890760421753,0.000978394076488912,0.9999847412109375,0.0,4,0.029388,4.0,14899.8,192.371,0.526784,0.2304,-1.0,-1.0,-1.0,-1.0,-1.0,-1.0,-1.0,-1.0,-1.0,-1.0,-1.0,-1.0,-1.0,-1.0,-1.0,-1.0,-1.0,-1.0,-1.0,1.05358,176.489,176.23,177.074,177.074
22.49614405632019,0.002327142092011248,0.9999847412109375,0.0,4,0.0277534,4.0,14953.8,192.985,0.154946,0.281367,-1.0,-1.0,-1.0,-1.0,-1.0,-1.0,-1.0,-1.0,-1.0,-1.0,-1.0,-1.0,-1.0,-1.0,-1.0,-1.0,-1.0,-1.0,-1.0,1.04828,177.132,176.798,177.643,177.643
22.51790714263916,0.003537431442563732,0.9999847412109375,0.0,4,0.0256194,4.0,15045.6,193.576,-0.220251,0.205646,-1.0,-1.0,-1.0,-1.0,-1.0,-1.0,-1.0,-1.0,-1.0,-1.0,-1.0,-1.0,-1.0,-1.0,-1.0,-1.0,-1.0,-1.0,-1.0,1.04296,177.729,177.291,178.767,178.767
22.540271520614624,0.0035231843845111624,0.9999847412109375,0.0,4,0.0231116,4.0,15079.0,194.206,-0.580367,0.213965,-1.0,-1.0,-1.0,-1.0,-1.0,-1.0,-1.0,-1.0,-1.0,-1.0,-1.0,-1.0,-1.0,-1.0,-1.0,-1.0,-1.0,-1.0,-1.0,1.0377,178.339,177.822,179.156,179.156
22.56169104576111,0.0035054547122679645,0.9999847412109375,0.0,4,0.0208393,4.0,14969.3,194.99,-0.823374,0.192075,-1.0,-1.0,-1.0,-1.0,-1.0,-1.0,-1.0,-1.0,-1.0,-1.0,-1.0,-1.0,-1.0,-1.0,-1.0,-1.0,-1.0,-1.0,-1.0,1.0326,178.957,178.478,177.926,177.926
22.582865238189697,0.0034897829484101385,0.9999847412109375,0.0,4,0.019689,4.0,14981.5,195.683,-0.800428,0.177172,-1.0,-1.0,-1.0,-1.0,-1.0,-1.0,-1.0,-1.0,-1.0,-1.0,-1.0,-1.0,-1.0,-1.0,-1.0,-1.0,-1.0,-1.0,-1.0,1.02773,179.538,179.274,178.011,178.011
22.60338068008423,0.0028445347171649335,0.9999847412109375,0.0,4,0.0191332,4.0,15028.4,196.347,-0.682783,0.165467,-1.0,-1.0,-1.0,-1.0,-1.0,-1.0,-1.0,-1.0,-1.0,-1.0,-1.0,-1.0,-1.0,-1.0,-1.0,-1.0,-1.0,-1.0,-1.0,1.0231,180.098,179.966,178.564,178.564
22.624464511871338,0.0028322792975977065,0.9999847412109375,0.0,4,0.0188369,4.0,15076.4,197.009,-0.546722,0.158417,-1.0,-1.0,-1.0,-1.0,-1.0,-1.0,-1.0,-1.0,-1.0,-1.0,-1.0,-1.0,-1.0,-1.0,-1.0,-1.0,-1.0,-1.0,-1.0,1.01868,180.68,180.609,179.135,179.135
22.645998239517212,0.0028200423907488587,0.9999847412109375,0.0,4,0.0186249,4.0,15124.1,197.67,-0.42793,0.154733,-1.0,-1.0,-1.0,-1.0,-1.0,-1.0,-1.0,-1.0,-1.0,-1.0,-1.0,-1.0,-1.0,-1.0,-1.0,-1.0,-1.0,-1.0,-1.0,1.01443,181.278,181.229,179.702,179.702
22.670864820480347,0.004114192026307186,0.9999847412109375,0.0,4,0.0184261,4.0,15171.0,198.331,-0.335287,0.15432,-1.0,-1.0,-1.0,-1.0,-1.0,-1.0,-1.0,-1.0,-1.0,-1.0,-1.0,-1.0,-1.0,-1.0,-1.0,-1.0,-1.0,-1.0,-1.0,1.01031,181.883,181.839,180.26,180.26
22.690868616104126,0.004096315910915534,0.9999847412109375,0.0,4,0.0181783,4.0,15217.7,198.99,-0.265986,0.156832,-1.0,-1.0,-1.0,-1.0,-1.0,-1.0,-1.0,-1.0,-1.0,-1.0,-1.0,-1.0,-1.0,-1.0,-1.0,-1.0,-1.0,-1.0,-1.0,1.0063,182.493,182.441,180.815,180.815
22.712374925613403,0.0048184741781651975,0.9999847412109375,0.0,4,0.0178698,4.0,15264.7,199.648,-0.224161,0.161298,-1.0,-1.0,-1.0,-1.0,-1.0,-1.0,-1.0,-1.0,-1.0,-1.0,-1.0,-1.0,-1.0,-1.0,-1.0,-1.0,-1.0,-1.0,-1.0,1.00239,183.104,183.04,181.373,181.373
22.73388123512268,0.004797450719475746,0.9999847412109375,0.0,4,0.0174905,4.0,15312.2,200.304,-0.197777,0.162257,0.0123508,0.0277662,0.0449711,0.0821048,0.164043,0.328207,0.704384,80.7767,90.8897,95.9553,99.9814,103.46,107.755,112.112,119.238,130.96,53.2982,35.057,16.6694,0.99857,183.712,183.633,181.937,181.937
22.75925087928772,0.004776491356696933,0.9999847412109375,0.0,4,0.0170522,4.0,15360.5,200.958,-0.188854,0.153254,0.044494,0.099939,0.161718,0.294689,0.58633,1.16341,2.45053,77.0869,89.4531,94.5137,98.5285,101.996,106.277,110.619,117.725,129.427,53.3001,35.0339,16.6454,0.994847,184.317,184.225,182.511,182.511
22.779253721237183,0.00475556404187344,0.9999847412109375,0.0,4,0.0165868,4.0,15409.2,201.611,-0.187091,0.143612,0.0759407,0.170411,0.275489,0.500997,0.992461,1.95244,4.03565,60.9342,87.9956,93.055,97.0601,100.517,104.784,109.112,116.199,127.882,53.3103,35.0146,16.6225,0.9912,184.921,184.823,183.09,183.09
22.799939155578613,0.004007721991539002,0.9999847412109375,0.0,4,0.0161018,4.0,15465.6,202.256,-0.189763,0.115934,0.106623,0.239026,0.38603,0.700561,1.38157,2.69436,5.46641,54.8817,86.5219,91.583,95.5795,99.0262,103.279,107.594,114.662,126.325,53.3274,34.9988,16.6005,0.987638,185.52,185.417,183.76,183.76
22.82416081428528,0.003990035759011905,0.9999847412109375,0.0,4,0.015642,4.0,15512.1,202.908,-0.195005,0.0957711,0.136515,0.305751,0.49333,0.893531,1.75472,3.39469,6.77276,52.455,85.0627,90.1203,94.1054,97.5403,101.778,106.078,113.125,124.766,53.3411,34.982,16.5789,0.984165,186.116,186.018,184.314,184.314
22.844273567199707,0.0021704233041188368,0.9999847412109375,0.0,4,0.015222,4.0,15558.0,203.559,-0.191775,0.0825189,0.16578,0.37098,0.598066,1.0813,2.11542,4.06323,7.98899,51.7296,83.6292,88.6746,92.6442,96.0648,100.285,104.568,111.591,123.208,53.3476,34.9626,16.5572,0.980762,186.712,186.622,184.86,184.86
22.869958639144897,0.001682378266453743,0.9999847412109375,0.0,4,0.0148966,4.0,15603.3,204.209,-0.187719,0.0767758,0.194324,0.434569,0.700118,1.26407,2.46581,4.71051,9.16141,52.9384,82.259,87.2728,91.2185,94.6195,98.8175,103.08,110.075,121.661,53.3341,34.9354,16.5347,0.977442,187.3,187.23,185.397,185.397
22.889935731887817,0.0016748774888118104,0.9999847412109375,0.0,4,0.0146723,4.0,15649.0,204.859,-0.167227,0.0552262,0.222298,0.496903,0.800179,1.44338,2.80996,5.34813,10.3259,55.6867,80.9557,85.9175,89.8304,93.2064,97.3771,101.616,108.577,120.127,53.2987,34.8997,16.5111,0.974189,187.88,187.83,185.94,185.94
22.90974187850952,0.0016674113301436107,0.9999847412109375,0.0,4,0.0144893,4.0,15695.6,205.506,-0.144027,0.0369754,0.249921,0.558443,0.898947,1.62029,3.14929,5.97608,11.4713,58.7524,79.6786,84.5796,88.4555,91.8042,95.9449,100.157,107.083,118.593,53.2547,34.8605,16.4871,0.970976,188.47,188.43,186.494,186.494
22.934777975082397,0.0016600836473703385,0.9999847412109375,0.0,4,0.014315,4.0,15755.5,206.141,-0.125003,0.000748214,0.277068,0.618885,0.995893,1.79372,3.48104,6.58703,12.5752,61.5281,78.4043,83.2419,87.0796,90.3999,94.5101,98.6956,105.585,117.054,53.2101,34.8215,16.4635,0.967818,189.061,189.023,187.202,187.202
22.954678058624268,0.002122595469001681,0.9999847412109375,0.0,4,0.014134,4.0,15801.1,206.786,-0.111846,-0.0328553,0.303789,0.678324,1.09114,1.96379,3.80508,7.17934,13.6299,63.7959,77.1229,81.8974,85.6968,88.9886,93.068,97.2263,104.078,115.506,53.1683,34.7839,16.4404,0.964708,189.652,189.613,187.749,187.749
22.979138374328613,0.003867344302386045,0.9999847412109375,0.0,4,0.0139465,4.0,15845.3,207.431,-0.102796,-0.0534573,0.330208,0.737035,1.18514,2.1313,4.12291,7.7559,14.6414,65.6485,75.835,80.5466,84.3073,87.5704,91.6186,95.7493,102.564,113.949,53.1289,34.7476,16.4176,0.961631,190.247,190.207,188.274,188.274
22.99843668937683,0.005305138517481586,0.9999847412109375,0.0,4,0.0136746,4.0,15888.9,208.075,-0.09517,-0.062375,0.356141,0.794484,1.27682,2.29359,4.42642,8.29143,15.5272,65.062,74.4917,79.153,82.8804,86.1177,90.1376,94.2429,101.022,112.368,53.1105,34.7202,16.3966,0.958606,190.848,190.791,188.793,188.793
23.023441553115845,0.006092345088031143,0.9999847412109375,0.0,4,0.0132706,4.0,15932.9,208.718,-0.105785,-0.0750416,0.381532,0.850437,1.36563,2.44904,4.71011,8.76805,16.2312,63.4774,73.0648,77.695,81.3978,84.6146,88.6108,92.694,99.4419,110.753,53.1246,34.7065,16.3782,0.955637,191.448,191.364,189.315,189.315
23.042256116867065,0.0069299893712997445,0.9999847412109375,0.0,4,0.0127501,4.0,15978.1,209.358,-0.127328,-0.0844953,0.406221,0.904524,1.45098,2.59656,4.97187,9.18306,16.759,60.291,71.565,76.1811,79.8665,83.0669,87.0432,91.1073,97.8274,109.107,53.1681,34.7054,16.3623,0.952741,192.049,191.941,189.852,189.852
23.065962314605713,0.008793805043026804,0.9999847412109375,0.0,4,0.0121151,4.0,16031.4,209.99,-0.156711,-0.0992904,0.430064,0.9564,1.53227,2.73494,5.20922,9.53245,17.1121,56.2733,69.9934,74.612,78.2874,81.4755,85.4356,89.4833,96.1788,107.431,53.2414,34.717,16.3489,0.949934,192.648,192.516,190.481,190.481
23.086690664291382,0.013212515716440975,0.9999847412109375,0.0,4,0.0113211,4.0,16079.2,210.625,-0.192427,-0.119754,0.452871,1.00552,1.60845,2.86176,5.41549,9.79934,17.2539,51.6264,68.3198,72.9675,76.643,79.8252,83.7747,87.8099,94.4857,105.716,53.3558,34.7461,16.3389,0.947236,193.247,193.081,191.053,191.053
23.1113224029541,0.017078430319391193,0.9999847412109375,0.0,4,0.0102466,4.0,16124.8,211.26,-0.238707,-0.133828,0.474203,1.05064,1.67709,2.97117,5.57452,9.94172,17.0861,46.0493,66.4592,71.1887,74.8854,78.0736,82.0229,86.0534,92.7188,103.937,53.5424,34.8054,16.3347,0.94469,193.86,193.636,191.595,191.595
23.130439043045044,0.021418275665938853,0.9999847412109375,0.0,4,0.00878704,4.0,16169.6,211.894,-0.312338,-0.141174,0.493621,1.09051,1.73581,3.05774,5.67261,9.93028,16.5675,39.9211,64.3176,69.2208,72.971,76.1831,80.1474,84.1845,90.8528,102.074,53.8296,34.9066,16.3384,0.94234,194.482,194.178,192.128,192.128
23.154443502426147,0.02289890433118368,0.9999847412109375,0.0,4,0.00691307,4.0,16214.5,212.526,-0.413881,-0.149832,0.510532,1.12373,1.78228,3.11723,5.70322,9.76513,15.7542,34.0129,61.8042,67.0338,70.8807,74.1393,78.1369,82.1934,88.8795,100.12,54.2301,35.0546,16.3509,0.940251,195.101,194.711,192.661,192.661
23.173710346221924,0.022793965872066717,0.9999847412109375,0.0,4,0.00470865,4.0,16260.1,213.156,-0.536766,-0.156654,0.524591,1.14973,1.81596,3.15024,5.67475,9.48718,14.7917,28.9691,58.8103,64.642,68.6377,71.9655,76.0135,80.1009,86.8176,98.0907,54.7293,35.2431,16.3715,0.938468,195.714,195.253,193.202,193.202
23.1972074508667,0.0226900268268461,0.9999847412109375,0.0,4,0.00233674,4.0,16309.5,213.78,-0.661312,-0.164404,0.535206,1.16763,1.83617,3.15821,5.59972,9.14533,13.8147,24.9777,54.9163,62.0926,66.2943,69.7112,73.8229,77.9495,84.7038,96.0161,55.3498,35.4584,16.3983,0.937073,196.31,195.811,193.787,193.787
23.222246646881104,0.022586087781625488,0.9999847412109375,0.0,4,-9.19104e-05,4.0,16357.2,214.404,-0.767466,-0.176993,0.542329,1.17769,1.84383,3.14462,5.49077,8.77395,12.8879,21.8601,43.4907,59.4054,63.8856,67.4109,71.5973,75.7685,82.5639,93.9174,56.337,35.6902,16.4297,0.93608,196.89,196.376,194.357,194.357
23.240283966064453,0.022482148736404875,0.9999847412109375,0.0,4,-0.00252414,4.0,16402.8,215.028,-0.848502,-0.18633,0.545861,1.17991,1.83932,3.11122,5.35399,8.38637,12.0213,19.3709,34.3944,56.5494,61.4232,65.0799,69.3517,73.5712,80.4101,91.8045,58.0274,35.9336,16.4649,0.935507,197.464,196.948,194.899,194.899
23.2633216381073,0.02083546333372593,0.9999847412109375,0.0,4,-0.00489748,4.0,16447.6,215.652,-0.906429,-0.191438,0.545496,1.17388,1.82233,3.05857,5.19296,7.99001,11.2151,17.3435,28.451,53.4433,58.9215,62.7371,67.1035,71.3738,78.2565,89.6889,62.7792,36.1832,16.5034,0.935399,198.031,197.527,195.431,195.431
23.285719871520996,0.020738999983370303,0.9999847412109375,0.0,4,-0.00715601,4.0,16492.0,216.274,-0.936904,-0.195042,0.54125,1.15986,1.79358,2.98871,5.0128,7.59248,10.469,15.6644,24.2696,49.7632,56.3964,60.4013,64.8695,69.1914,76.1161,87.5817,103.003,36.4328,16.5443,0.935758,198.591,198.11,195.959,195.959
23.305968523025513,0.02064284680455923,0.9999847412109375,0.0,4,-0.00932145,4.0,16536.6,216.894,-0.942085,-0.196357,0.533017,1.13766,1.75282,2.90123,4.81198,7.1868,9.75823,14.209,21.078,40.8094,53.8186,58.0598,62.6415,67.017,73.983,85.4782,100.946,36.6849,16.5879,0.936601,199.152,198.691,196.49,196.49
23.328752994537354,0.01766708976307263,0.9999847412109375,0.0,4,-0.0114465,4.0,16582.6,217.513,-0.938054,-0.197272,0.520855,1.10739,1.70014,2.79602,4.58902,6.7662,9.06185,12.8909,18.466,32.5428,51.1209,55.6849,60.4001,64.8351,71.8437,83.3673,98.8777,36.9451,16.6353,0.937918,199.717,199.265,197.035,197.035
23.351089239120483,0.01369087691862757,0.9999847412109375,0.0,4,-0.0134398,4.0,16628.2,218.13,-0.93479,-0.199529,0.504857,1.0695,1.63661,2.67574,4.35026,6.34188,8.39393,11.7117,16.3212,26.9174,48.2886,53.3092,58.1755,62.6716,69.72,81.267,96.8136,37.2029,16.6847,0.939708,200.273,199.848,197.577,197.577
23.374483585357666,0.007328661436503753,0.9999847412109375,0.0,4,-0.0151297,4.0,16673.0,218.747,-0.907779,-0.201172,0.485527,1.02542,1.56487,2.54599,4.1074,5.93359,7.781,10.6969,14.6086,23.0334,45.3439,51.0137,56.03,60.5787,67.6553,79.2117,94.7813,37.4375,16.7328,0.941921,200.812,200.449,198.11,198.11
23.397223234176636,0.0019361751064037285,0.9999847412109375,0.0,4,-0.0162913,4.0,16717.4,219.364,-0.845022,-0.202138,0.463202,0.976235,1.48703,2.41139,3.87015,5.55741,7.24389,9.86497,13.3049,20.4306,42.3423,48.9203,54.0482,58.6252,65.7055,77.2461,92.8166,37.6212,16.7754,0.944529,201.328,201.075,198.638,198.638
23.420130014419556,0.0003269420005381107,0.9999847412109375,0.0,4,-0.0168322,4.0,16761.7,219.981,-0.720714,-0.198761,0.438679,0.923655,1.40573,2.27608,3.64433,5.21888,6.78417,9.20013,12.3403,18.7369,38.9081,47.1026,52.2709,56.8415,63.8939,75.3893,90.9352,37.7401,16.8099,0.947438,201.834,201.71,199.164,199.164
23.438843965530396,0.0,0.9999847412109375,0.0,4,-0.0169163,4.0,16805.8,220.596,-0.555974,-0.194654,0.412354,0.868098,1.321,2.13839,3.42261,4.8993,6.36609,8.62761,11.5627,17.5265,36.2009,45.4936,50.6407,55.1782,62.1793,73.608,89.1108,37.8109,16.8385,0.950589,202.352,202.326,199.688,199.688
23.461233139038086,0.0,0.9999847412109375,0.0,4,-0.016794,4.0,16848.6,221.211,-0.391903,-0.188152,0.384682,0.810019,1.23286,1.99639,3.19704,4.57922,5.95379,8.07641,10.8372,16.4674,34.2795,43.9679,49.0671,53.56,60.4993,71.8519,87.3035,37.8611,16.8651,0.95391,202.893,202.914,200.198,200.198
23.483130931854248,0.0,0.9999847412109375,0.0,4,-0.0166296,4.0,16892.9,221.822,-0.260456,-0.180615,0.355935,0.749707,1.14136,1.84909,2.96327,4.24789,5.52754,7.5077,10.0907,15.385,32.3725,42.4415,47.491,51.9378,58.8138,70.088,85.4864,37.9155,16.892,0.957361,203.45,203.483,200.723,200.723
23.505768060684204,0.0,0.9999847412109375,0.0,4,-0.0164843,4.0,16937.8,222.431,-0.165835,-0.175285,0.326494,0.687874,1.04747,1.69767,2.72235,3.90538,5.08556,6.91521,9.30807,14.2348,30.2467,40.885,45.8915,50.2945,57.1082,68.3046,83.6497,38.0541,16.9199,0.960893,204.012,204.042,201.257,201.257
23.52885341644287,-0.0007869377420190721,0.9999847412109375,0.0,4,-0.0163738,4.0,16982.9,223.037,-0.101983,-0.172519,0.296522,0.624851,0.951668,1.54288,2.47534,3.55301,4.62929,6.30023,8.4899,13.0139,27.8641,39.2904,44.2635,48.6253,55.3788,66.4981,81.7904,38.3189,16.949,0.964487,204.573,204.597,201.792,201.792
23.551193952560425,-0.0028553904935469227,0.9999847412109375,0.0,4,-0.0162536,4.0,17027.6,223.642,-0.0611475,-0.159795,0.266229,0.561136,0.854792,1.38629,2.22529,3.19605,4.16674,5.67609,7.65833,11.7694,25.4139,37.68,42.6226,46.9435,53.6359,64.677,79.915,38.7387,16.9782,0.968119,205.132,205.158,202.324,202.324
23.569148540496826,-0.01191704835703907,0.9999847412109375,0.0,4,-0.0160234,4.0,17071.9,224.245,-0.0270328,-0.150837,0.235873,0.497359,0.757918,1.22998,1.97639,2.84191,3.7094,5.06233,6.84668,10.5749,23.2213,36.1048,41.0033,45.2773,51.9028,62.8601,78.0392,39.3525,17.0056,0.97176,205.675,205.723,202.851,202.851
23.59220290184021,-0.0323361677536089,0.9999847412109375,0.0,4,-0.0153054,4.0,17111.4,224.849,0.0143165,-0.132859,0.206074,0.435085,0.663783,1.07941,1.74002,2.51134,3.29018,4.51653,6.15609,9.66554,22.4861,34.753,39.5327,43.7314,50.2665,61.1194,76.2226,40.1646,17.0239,0.975345,206.178,206.326,203.321,203.321
23.614330530166626,-0.09347287883490324,0.9999847412109375,0.0,4,-0.013272,4.0,17155.8,225.446,0.129188,-0.115952,0.178149,0.377509,0.577843,0.945197,1.53792,2.24408,2.97305,4.15459,5.80223,9.61682,27.7811,33.987,38.4737,42.5274,48.9132,59.6107,74.5966,41.0599,17.0174,0.978728,206.585,207.001,203.847,203.847
23.638899326324463,-0.1688420932753167,0.9999847412109375,0.0,4,-0.00800741,4.0,17204.2,226.023,0.404648,-0.104718,0.155344,0.332366,0.51322,0.852924,1.42421,2.14501,2.9393,4.34916,6.6168,13.8274,30.6171,34.4071,38.3572,42.138,48.2547,58.6864,73.4613,41.4168,16.9502,0.981547,206.724,207.771,204.419,204.419
23.660189390182495,-0.2556347337071598,0.9999847412109375,0.0,4,0.00208616,4.0,17261.7,226.559,1.1786,-0.0945713,0.142731,0.31124,0.489218,0.840709,1.48822,2.42483,3.65164,6.55422,15.167,29.7367,33.259,36.0462,39.4098,42.833,48.57,58.6104,73.0534,40.4307,16.7931,0.983214,206.587,208.52,205.097,205.097
23.682196378707886,-0.30231319332672285,0.9999847412109375,0.0,4,0.0168332,4.0,17328.3,227.03,2.49001,-0.0767149,0.145457,0.326568,0.528204,0.9616,1.9093,3.77312,7.87623,26.8988,30.769,33.6381,36.1171,38.37,41.2804,44.3676,49.7051,59.2912,73.3145,38.3409,16.5513,0.983149,206.249,209.04,205.883,205.883
23.704495191574097,-0.33522752315846266,0.9999847412109375,0.0,4,0.034604,4.0,17394.6,227.441,4.16344,-0.0586934,0.168301,0.392326,0.660081,1.31285,3.26171,12.7164,28.2551,32.2544,34.6476,36.8368,38.8883,40.8363,43.4332,46.256,51.2431,60.388,73.9656,35.9971,16.2555,0.980864,205.942,209.401,206.685,206.685
23.72651743888855,-0.35181750449818866,0.9999847412109375,0.0,4,0.0533682,4.0,17453.0,227.806,5.83111,-0.0207534,0.215077,0.52337,0.924823,2.09094,8.74186,28.7391,32.6496,35.6246,37.6023,39.4897,41.3069,43.0664,45.448,48.0748,52.7791,61.5347,74.6898,33.8874,15.9397,0.976041,205.723,209.559,207.37,207.37
23.74776840209961,-0.36282603224694726,0.9999847412109375,0.0,4,0.0718484,4.0,17511.8,228.131,7.30189,0.00683311,0.289195,0.736937,1.38005,3.76285,25.2976,32.4354,35.58,38.1515,39.9136,41.6255,43.2935,44.9243,47.1528,49.6301,54.1084,62.5332,75.3063,32.1048,15.6217,0.968453,205.623,209.595,208.072,208.072
23.7701575756073,-0.36794692581170235,0.8470458984375,0.0,4,0.0894014,4.0,17562.2,228.437,8.48357,0.0225843,0.393216,1.05112,2.10531,7.69431,29.2287,34.9482,37.7336,40.0737,41.6988,43.2914,44.8554,46.3922,48.5036,50.865,55.1593,63.3011,75.7376,30.6182,15.3084,0.957982,205.614,209.561,208.677,208.677
23.792520999908447,-0.3795411020056811,0.258819580078125,0.0,4,0.105707,4.0,17472.9,228.635,9.28212,0.0483534,0.529467,1.48578,3.214,18.4136,31.6835,36.7603,39.3249,41.5063,43.0347,44.5397,46.0234,47.4876,49.5071,51.7731,55.9144,63.814,75.955,29.3788,15.0009,0.944534,205.687,209.499,207.645,207.645
23.81502413749695,-0.38664050944929323,0.0,0.0,4,0.12062,4.0,17022.4,228.343,9.62768,0.0713603,0.700266,2.06266,4.87002,22.8902,33.3842,38.0605,40.4663,42.5308,43.9832,45.4191,46.8397,48.2447,50.1871,52.3747,56.3848,64.073,75.9557,28.3424,14.6979,0.928003,205.677,209.279,201.024,203.67
23.833268642425537,-0.40176125971258925,0.0,0.0,4,0.134705,4.0,16773.2,227.551,9.68581,0.111935,0.907671,2.81035,7.36367,25.3404,34.6712,39.0549,41.3377,43.3058,44.6964,46.0748,47.4407,48.7947,50.6717,52.7891,56.6836,64.1804,75.8268,27.4213,14.3907,0.908365,205.397,208.779,197.559,201.198
23.85674262046814,-0.4112415653244282,0.0,0.0,4,0.149115,4.0,16693.6,226.62,9.76559,0.153417,1.15489,3.78128,11.3829,27.249,35.8329,39.9832,42.1609,44.0473,45.3835,46.71,48.0275,49.3363,51.1524,53.2056,56.9915,64.307,75.7225,26.503,14.0664,0.885625,204.748,208.036,196.513,200.327
23.879881143569946,-0.4143980393263915,0.0,0.0,4,0.164716,4.0,16619.7,225.673,10.0808,0.17967,1.44632,5.06351,15.5715,28.9942,37.0323,40.9871,43.0751,44.8881,46.1751,47.4555,48.7289,49.9947,51.7543,53.7474,57.429,64.5659,75.7474,25.5248,13.7174,0.859806,203.88,207.245,195.496,199.586
23.9036386013031,-0.4176045102766435,0.0,0.0,4,0.181639,4.0,16545.0,224.711,10.6549,0.199771,1.78709,6.79064,18.4013,30.6744,38.293,42.083,44.0912,45.8396,47.0829,48.3206,49.5528,50.7794,52.4869,54.4221,58.0045,64.9658,75.9086,24.4931,13.3446,0.8309,202.914,206.463,194.457,198.851
23.92597222328186,-0.4208943094740436,0.0,0.0,4,0.199871,4.0,16468.9,223.724,11.4231,0.249463,2.18359,9.12892,20.7771,32.3297,39.6145,43.2626,45.2018,46.8921,48.095,49.2943,50.4896,51.6798,53.3374,55.2193,58.7059,65.4968,76.1948,23.4256,12.9506,0.798877,201.861,205.642,193.403,198.097
23.943346738815308,-0.424247438139276,0.0,0.0,4,0.219068,4.0,16390.8,222.718,12.3771,0.291274,2.64239,11.4085,22.8968,33.941,40.9515,44.4775,46.3544,47.9927,49.1601,50.3241,51.4844,52.641,54.2535,56.0844,59.4811,66.1087,76.558,22.3573,12.5402,0.763709,200.791,204.791,192.357,197.29
23.966914176940918,-0.42764056436313946,0.0,0.0,4,0.238282,4.0,16315.6,221.7,13.2736,0.36909,3.16736,13.4073,24.7613,35.4076,42.1859,45.6035,47.4259,49.0175,50.1517,51.2837,52.4131,53.539,55.1087,56.8929,60.205,66.6822,76.8838,21.3454,12.1311,0.725376,199.738,203.852,191.446,196.411
23.990016222000122,-0.4310103586778014,0.0,0.0,4,0.256685,4.0,16237.7,220.689,13.987,0.431411,3.76019,15.1461,26.3472,36.6539,43.2264,46.5477,48.3198,49.8687,50.9738,52.0767,53.1769,54.2744,55.8056,57.5467,60.7809,67.1181,37.1363,20.423,11.7339,0.683879,198.726,202.817,190.588,195.42
24.011857271194458,-0.4343434885637183,0.0,0.0,4,0.274082,4.0,16160.1,219.689,14.5115,0.457244,4.4038,16.654,27.6784,37.6809,44.0677,47.3004,49.027,50.5374,51.6147,52.6903,53.7641,54.8359,56.3313,58.032,61.1958,67.4014,31.6259,19.5849,11.3492,0.639277,197.76,201.743,189.753,194.407
24.034338235855103,-0.4376332877611183,0.0,0.0,4,0.290436,4.0,16084.5,218.702,14.8333,0.458466,5.03222,17.9584,28.7862,38.5072,44.7222,47.8726,49.5571,51.0306,52.0825,53.1334,54.1827,55.2299,56.6917,58.3559,61.4555,67.5358,29.2014,18.8207,10.9765,0.591634,196.832,200.655,188.956,193.405
24.054040670394897,-0.44089975504931683,0.0,0.0,4,0.30575,4.0,16011.1,217.722,14.966,0.470633,5.6403,19.1012,29.7249,39.1843,45.239,48.3132,49.9574,51.3971,52.4253,53.4525,54.4784,55.5027,56.9335,58.5639,61.6038,67.5618,27.3995,18.1084,10.613,0.541005,195.897,199.568,188.166,192.449
24.07792329788208,-0.44414289042831406,0.0,0.0,4,0.304689,4.0,15939.5,216.749,14.9922,0.482546,6.22858,20.1175,30.5373,39.7517,45.6566,48.658,50.2649,51.6726,52.6778,53.6826,54.6866,55.6896,57.0917,58.6905,61.6715,67.5119,25.902,17.433,10.257,0.489239,194.979,198.529,187.368,191.54
24.100195169448853,-0.447349361378566,0.0,0.0,4,0.302837,4.0,15873.1,215.787,14.8106,0.536468,6.79291,21.0005,31.208,40.1881,45.9494,48.8818,50.4532,51.8298,52.8134,53.7972,54.7808,55.7638,57.139,58.7081,61.631,67.3589,24.6437,16.8005,9.90954,0.437978,194.09,197.513,186.681,190.649
24.120370149612427,-0.45047917034144197,0.0,0.0,4,0.300033,4.0,15805.2,214.848,14.4375,0.584908,7.33042,21.7505,31.7341,40.4849,46.108,48.9745,50.5111,51.8583,52.8216,53.7856,54.7498,55.7141,57.0637,58.6026,61.4706,67.0897,23.5778,16.2119,9.57112,0.387216,193.243,196.502,185.989,189.728
24.144063711166382,-0.4535889805250025,0.0,0.0,4,0.296955,4.0,15737.6,213.915,13.9955,0.639562,7.84784,22.4245,32.1911,40.7237,46.2149,49.0176,50.5212,51.8406,52.7846,53.7297,54.6756,55.6219,56.9458,58.4548,61.2687,66.7818,22.5867,15.6399,9.23732,0.336961,192.392,195.538,185.228,188.881
24.16421675682068,-0.4566721256694756,0.0,0.0,4,0.29372,4.0,15670.6,212.99,13.6175,0.678,8.34969,23.0545,32.6189,40.9484,46.3143,49.0559,50.5284,51.8214,52.7471,53.6742,54.6025,55.5306,56.8285,58.309,61.0687,66.4774,21.6188,15.071,8.90601,0.287257,191.547,194.649,184.424,188.091
24.187816858291626,-0.4597386051645192,0.0,0.0,4,0.290359,4.0,15608.0,212.07,13.1996,0.748793,8.83352,23.6292,32.998,41.1336,46.3797,49.0634,50.5063,51.7741,52.6823,53.5921,54.5021,55.4119,56.685,58.1376,60.8438,66.1502,20.6973,14.5136,8.57892,0.238139,190.716,193.792,183.711,187.316
24.21223258972168,-0.4627450883216162,0.0,0.0,4,0.286696,4.0,15542.7,211.168,12.7538,0.802192,9.29714,24.1415,33.3175,41.2652,46.3956,49.024,50.4386,51.6824,52.5732,53.4648,54.357,55.2493,56.4985,57.9224,60.5775,65.7828,19.8307,13.9724,8.25679,0.189593,189.911,192.939,182.977,186.498
24.232654094696045,-0.46573823895916966,0.0,0.0,4,0.283257,4.0,15476.8,210.27,12.3706,0.846824,9.74739,24.629,33.6252,41.397,46.4174,48.9936,50.3813,51.6011,52.4741,53.3483,54.2234,55.0989,56.3232,57.7193,60.3233,65.4286,18.9699,13.4316,7.93702,0.141645,189.093,192.118,182.177,185.733
24.252959489822388,-0.46872139020706527,0.0,0.0,4,0.280034,4.0,15411.2,209.375,12.13,0.874179,10.1891,25.1119,33.9449,41.5541,46.4718,48.999,50.3603,51.5559,52.412,53.2696,54.1279,54.9858,56.1859,57.5552,60.1076,65.1133,18.0969,12.8849,7.61857,0.0943578,188.268,191.344,181.343,185.005
24.277188539505005,-0.471697875195189,0.0,0.0,4,0.27705,4.0,15348.9,208.482,11.9276,0.927562,10.619,25.574,34.2543,41.7091,46.5307,49.0106,50.3451,51.5177,52.3577,53.1985,54.0395,54.8804,56.0574,57.3999,59.9015,64.8087,17.2373,12.3413,7.3033,0.04776,187.441,190.575,180.586,184.28
24.297192096710205,-0.4746376957545678,0.0,0.0,4,0.274081,4.0,15283.6,207.6,11.7557,0.962976,11.0338,26.0032,34.5355,41.8428,46.5732,49.0055,50.3143,51.4647,52.2879,53.1118,53.9363,54.7611,55.915,57.2302,59.683,64.4922,16.4063,11.8068,6.99236,0.00184504,186.625,189.786,179.811,183.505
24.322731971740723,-0.47757751631394657,0.0,0.0,4,0.271472,4.0,15217.8,206.718,11.6631,0.991416,11.4395,26.4234,34.8178,41.9875,46.6315,49.0172,50.3014,51.4288,52.2356,53.0436,53.8523,54.6608,55.7911,57.0801,59.4838,64.1957,15.5818,11.2736,6.68434,-0.0433795,185.789,189.004,178.991,182.763
24.342652082443237,-0.4805173368733252,0.0,0.0,4,0.269071,4.0,15152.0,205.836,11.6937,1.00803,11.839,26.844,35.1132,42.1555,46.7164,49.058,50.3168,51.4222,52.2136,53.0061,53.7984,54.5903,55.6981,56.9619,59.3159,63.9311,14.7593,10.7399,6.37892,-0.0878614,184.944,188.238,178.149,182.039
24.363017320632935,-0.48346382369247576,0.0,0.0,4,0.266903,4.0,15088.9,204.952,11.7486,1.04895,12.228,27.2484,35.3988,42.3218,46.8013,49.0985,50.333,51.4174,52.1933,52.9695,53.7459,54.5221,55.6082,56.8459,59.1518,63.6746,13.9571,10.2133,6.07751,-0.131592,184.095,187.462,177.378,181.311
24.388118028640747,-0.486383645472539,0.0,0.0,4,0.264727,4.0,15023.2,204.076,11.8122,1.07721,12.6032,27.6243,35.6572,42.4663,46.8648,49.1175,50.3288,51.3916,52.1517,52.9124,53.6734,54.4346,55.4982,56.7102,58.9695,21.7275,13.1861,9.69877,5.78129,-0.174583,183.259,186.661,176.596,180.533
24.40776801109314,-0.4893068003824881,0.0,0.0,4,0.262771,4.0,14957.2,203.199,11.9169,1.10027,12.969,27.9868,35.9078,42.6075,46.9263,49.1368,50.324,51.3655,52.1107,52.8566,53.6026,54.3478,55.3894,56.5769,58.789,19.3924,12.434,9.19183,5.48943,-0.216835,182.408,185.854,175.784,179.777
24.429210662841797,-0.49223662155220915,0.0745086669921875,0.0,4,0.26079,4.0,14891.3,202.32,12.0897,1.1143,13.3263,28.3403,36.1568,42.7514,46.9921,49.1605,50.3241,51.3454,52.0762,52.8069,53.5372,54.267,55.2876,56.4511,58.6159,17.6053,11.6988,8.69177,5.20182,-0.258308,181.552,185.053,174.963,179.03
24.44979476928711,-0.49501978500694965,0.7882232666015625,0.0,4,0.258839,4.0,14887.8,201.485,12.244,1.14764,13.6711,28.6706,36.3853,42.8759,47.0391,49.1647,50.3061,51.3073,52.0228,52.7383,53.4538,54.1691,55.169,56.3074,58.4273,16.1146,10.9904,8.20345,4.91931,-0.298999,180.702,184.245,175.055,178.829
24.47427988052368,-0.4966196873521898,0.9999847412109375,0.0,4,0.256206,4.0,15391.8,201.005,12.3135,1.17371,13.9921,28.9396,36.5456,42.9255,47.0098,49.094,50.2126,51.1929,51.8938,52.5951,53.2964,53.997,54.9756,56.0902,58.1916,14.8734,10.3286,7.73669,4.64396,-0.338957,179.929,183.445,182.781,182.781
24.494818449020386,-0.49629304062336993,0.9999847412109375,0.0,4,0.252843,4.0,15690.2,201.103,12.3698,1.19987,14.2887,29.1479,36.6382,42.9019,46.9061,48.949,50.0441,51.0045,51.6914,52.3787,53.0652,53.7509,54.7091,55.8012,57.9275,13.7993,9.70697,7.28941,4.37532,-0.378227,179.424,182.892,186.382,186.382
24.51598596572876,-0.4953097673070245,0.9999847412109375,0.0,4,0.248661,4.0,15757.8,201.398,12.4586,1.21594,14.5644,29.3105,36.6801,42.8262,46.7497,48.7501,49.8227,50.7638,51.4366,52.1091,52.7812,53.4526,54.3914,55.4748,57.6526,12.8306,9.11449,6.8572,4.11279,-0.416711,179.22,182.664,187.243,187.243
24.537258625030518,-0.4941031742883225,0.9999847412109375,0.0,4,0.243212,4.0,15762.0,201.76,12.3653,1.23562,14.8052,29.387,36.6209,42.6411,46.4821,48.4398,49.4905,50.4118,51.0701,51.7284,52.3865,53.0443,53.9695,55.0713,57.2943,11.9967,8.56912,6.44916,3.85851,-0.454332,179.24,182.606,187.311,187.311
24.562318563461304,-0.49277658859372764,0.9999847412109375,0.0,4,0.235756,4.0,15755.7,202.158,11.9359,1.24871,14.9984,29.3426,36.418,42.2997,46.0544,47.9695,48.9976,49.8988,50.543,51.1875,51.8322,52.4778,53.4093,54.5253,56.7795,11.3141,8.08303,6.07177,3.61431,-0.491028,179.436,182.623,187.236,187.236
24.583184480667114,-0.4913766740416425,0.9999847412109375,0.0,4,0.226278,4.0,15751.1,202.578,11.1772,1.25387,15.1447,29.1861,36.081,41.8143,45.4792,47.3511,48.3558,49.237,49.8675,50.4984,51.1301,51.7745,52.7113,53.8344,56.105,10.7568,7.6488,5.72199,3.38018,-0.526728,179.775,182.714,187.18,187.18
24.603713989257812,-0.48994676132058407,0.9999847412109375,0.0,4,0.215084,4.0,15752.2,203.007,10.2174,1.2475,15.2549,28.9537,35.655,41.2341,44.807,46.6347,47.6161,48.4776,49.0942,49.7118,50.337,50.9819,51.9199,53.0448,55.3212,10.2806,7.24939,5.39223,3.15484,-0.561296,180.228,182.91,187.191,187.191
24.628134965896606,-0.488510182339754,0.9999847412109375,0.0,4,0.203386,4.0,15754.3,203.438,9.2136,1.24619,15.3437,28.6909,35.1969,40.6217,44.1024,45.8855,46.8437,47.6856,48.2886,48.8955,49.52,50.1645,51.1021,52.2273,54.5059,9.83546,6.86522,5.07342,2.93687,-0.594599,180.75,183.234,187.213,187.213
24.649314641952515,-0.4871302665669844,0.9999847412109375,0.0,4,0.192069,4.0,15766.8,203.852,8.33936,1.24627,15.4254,28.4389,34.7585,40.0339,43.425,45.164,46.0995,46.922,47.5126,48.1181,48.743,49.3881,50.3271,51.4545,53.7398,9.37453,6.47923,4.75778,2.72518,-0.626555,181.296,183.689,187.357,187.357
24.66926670074463,-0.48580034774250347,0.9999847412109375,0.0,4,0.181674,4.0,15785.8,204.251,7.72061,1.25081,15.5094,28.2256,34.375,39.5095,42.8152,44.5116,45.4252,46.2298,46.8191,47.4274,48.0554,48.704,49.6485,50.7832,53.0859,8.86539,6.08146,4.44086,2.51974,-0.657084,181.825,184.255,187.579,187.579
24.694207906723022,-0.4845137596065396,0.9999847412109375,0.0,4,0.172286,4.0,15810.1,204.637,7.39541,1.26029,15.5989,28.0583,34.0535,39.0579,42.2827,43.9387,44.8316,45.6335,46.2285,46.8427,47.4772,48.1328,49.0881,50.2367,52.5706,8.30384,5.67133,4.12311,2.32083,-0.686092,182.298,184.869,187.866,187.866
24.714411735534668,-0.4832671690292067,0.9999847412109375,0.0,4,0.164114,4.0,15839.2,205.011,7.33217,1.27457,15.692,27.9287,33.7833,38.6674,41.8155,43.4335,44.3202,45.1334,45.737,46.3605,47.0049,47.6711,48.6425,49.8117,52.191,7.70916,5.25627,3.80897,2.1295,-0.713512,182.709,185.475,188.208,188.208
24.73834252357483,-0.48205390975073287,0.9999847412109375,0.0,4,0.156875,4.0,15873.1,205.375,7.47372,1.28516,15.7837,27.8205,33.5456,38.3167,41.3913,42.9844,43.8861,44.714,45.329,45.9646,46.622,47.3021,48.2945,49.4901,51.9278,7.10738,4.84579,3.50309,1.94681,-0.739346,183.071,186.036,188.61,188.61
24.761169910430908,-0.48085731612168875,0.9999847412109375,0.0,4,0.149933,4.0,15908.8,205.734,7.73834,1.29427,15.8679,27.7162,33.3188,37.9811,40.9852,42.5886,43.5086,44.3541,44.9826,45.6327,46.3054,47.0019,48.0192,49.2464,11.3563,6.52392,4.44982,3.21026,1.77432,-0.763563,183.391,186.526,189.033,189.033
24.78139328956604,-0.47968072127196015,0.9999847412109375,0.0,4,0.143055,4.0,15945.9,206.087,8.06181,1.30085,15.9402,27.6029,33.0849,37.6409,40.593,42.2297,43.1703,44.0355,44.6792,45.3455,46.0355,46.7505,47.7959,49.0585,9.86066,5.97569,4.07617,2.93395,1.61289,-0.786072,183.686,186.948,189.474,189.474
24.805856466293335,-0.47851745894177505,0.9999847412109375,0.0,4,0.136223,4.0,15982.6,206.436,8.40144,1.3032,15.9976,27.471,32.8325,37.2839,40.2225,41.8954,42.8581,43.7446,44.4048,45.0887,45.7976,46.5327,47.6085,48.9099,8.79332,5.47186,3.72928,2.67683,1.463,-0.806864,183.967,187.313,189.911,189.911
24.825247287750244,-0.47734753035181826,0.9999847412109375,0.0,4,0.129173,4.0,16016.5,206.787,8.71509,1.29728,16.0363,27.3092,32.5494,36.8963,39.8587,41.5688,42.5545,43.4633,44.1406,44.8429,45.5714,46.3276,47.4355,48.7777,7.97216,5.02089,3.41341,2.44164,1.32538,-0.825919,184.244,187.627,190.315,190.315
24.849921941757202,-0.4761676023722037,0.9999847412109375,0.0,4,0.121249,4.0,16047.4,207.141,8.95419,1.29095,16.0542,27.1114,32.2278,36.4748,39.4897,41.2369,42.2457,43.1769,43.8716,44.5925,45.341,46.1186,47.2594,48.6433,7.34363,4.62844,3.13101,2.22973,1.20088,-0.843185,184.537,187.913,190.684,190.684
24.868119478225708,-0.47500434004201864,0.9999847412109375,0.0,4,0.112875,4.0,16082.8,207.49,9.12809,1.27558,16.0517,26.8793,31.8685,36.0454,39.1153,40.8996,41.9315,42.8852,43.5975,44.3372,45.106,45.9054,47.0797,48.5066,6.87698,4.29489,2.88288,2.04159,1.08983,-0.858576,184.84,188.184,191.104,191.104
24.892826795578003,-0.47387774214057876,0.9999847412109375,0.0,4,0.104544,4.0,16114.4,207.828,9.27339,1.30221,16.0346,26.6293,31.492,35.6352,38.7644,40.5889,41.6461,42.6243,43.3557,44.116,44.907,45.7304,46.9413,48.4153,6.52351,4.01052,2.66688,1.8762,0.99205,-0.872084,185.161,188.47,191.479,191.479
24.912198543548584,-0.4727611436287965,0.9999847412109375,0.0,4,0.0961947,4.0,16144.5,208.163,9.45277,1.33425,16.0037,26.3647,31.1033,35.2512,38.4461,40.3151,41.4002,42.4057,43.1583,43.9416,44.7572,45.6073,46.8593,48.3861,6.28943,3.77691,2.4841,1.73505,0.907967,-0.883704,185.467,188.768,191.837,191.837
24.93879747390747,-0.47163787885724257,0.9999847412109375,0.0,4,0.0873475,4.0,16175.1,208.5,9.64002,1.36561,15.9554,26.0761,30.6907,34.8793,38.1431,40.0593,41.174,42.2086,42.9839,43.7917,44.6339,45.5126,46.8088,48.3926,6.25005,3.60721,2.33994,1.62088,0.838745,-0.893335,185.756,189.055,192.194,192.194
24.959208011627197,-0.47050794782591676,0.9999847412109375,0.0,4,0.0782182,4.0,16209.2,208.839,9.81312,1.3497,15.8876,25.7585,30.2557,34.5106,37.8449,39.8096,40.9551,42.0199,42.8189,43.6523,44.5222,45.4311,46.7738,48.4181,6.60055,3.51473,2.23949,1.53618,0.785103,-0.900912,186.05,189.322,192.536,192.536
24.98012089729309,-0.4692046940405233,0.9999847412109375,0.0,4,0.0671542,4.0,16259.8,209.23,9.9146,1.15547,15.7774,25.3579,29.7513,34.0476,37.4301,39.4299,40.5983,41.6857,42.5028,43.3559,44.2474,45.1798,46.5594,48.2521,51.8108,3.56556,2.20538,1.4915,0.74978,-0.906266,186.281,189.51,193.041,193.041
25.000503540039062,-0.4678147788780959,0.9999847412109375,0.0,4,0.0543483,4.0,16250.4,209.647,9.51621,1.11046,15.6284,24.8844,29.1849,33.4964,36.9053,38.9267,40.1098,41.2123,42.0416,42.9083,43.815,44.7642,46.1704,47.8988,51.5436,3.8128,2.24783,1.49101,0.734116,-0.909266,186.686,189.682,193.101,193.101
25.021473169326782,-0.4667115128858573,0.9999847412109375,0.0,4,0.0418088,4.0,16346.6,209.978,9.27033,0.904408,15.4665,24.4038,28.64,32.9728,36.4141,38.4613,39.6617,40.7821,41.6257,42.5083,43.4325,44.4013,45.8385,47.6085,51.3529,4.31586,2.36161,1.53125,0.737476,-0.909898,187.099,189.965,194.256,194.256
25.047106981277466,-0.4653949265809203,0.9999847412109375,0.0,4,0.0307621,4.0,16335.9,210.373,9.21637,0.825132,15.3047,23.9508,28.1684,32.5499,36.0488,38.1386,39.3668,40.515,41.3808,42.2878,43.2388,44.237,45.7205,47.5517,51.4415,5.28287,2.5551,1.61344,0.759909,-0.908133,187.502,190.376,194.08,194.08
25.068271160125732,-0.46413833661392945,0.9999847412109375,0.0,4,0.0192379,4.0,16344.0,210.75,9.2006,0.818737,15.1293,23.4909,27.7252,32.1654,35.7324,37.8719,39.1326,40.3134,41.2052,42.1406,43.1229,44.1555,45.6931,47.596,51.6564,62.4335,2.85974,1.74869,0.803177,-0.904024,187.883,190.816,194.049,194.049
25.090352535247803,-0.4629084116860262,0.9999847412109375,0.0,4,0.00744307,4.0,16317.6,211.119,9.07346,0.946142,14.9379,23.0326,27.3,31.8048,35.4466,37.6411,38.9378,40.1546,41.0753,42.0424,43.0595,44.1305,45.7286,47.712,51.965,63.393,3.32087,1.94376,0.868382,-0.897479,188.276,191.24,194.066,194.066
25.111361742019653,-0.46176848126504255,0.9999847412109375,0.0,4,-0.00405169,4.0,16350.8,211.461,9.00702,0.988316,14.733,22.5954,26.9028,31.4826,35.2107,37.4684,38.8065,40.0649,41.0187,42.0223,43.0797,44.195,45.8633,47.9402,52.4182,64.6185,4.02298,2.21098,0.956063,-0.888507,188.641,191.654,194.262,194.262
25.133368015289307,-0.4606485496233745,0.9999847412109375,0.0,4,-0.0161327,4.0,16380.5,211.797,8.98584,1.07618,14.5137,22.1805,26.5358,31.2025,35.0298,37.3603,38.7461,40.0525,41.0447,42.0906,43.1947,44.3616,46.1115,48.2977,53.0402,66.1657,5.18571,2.56616,1.06855,-0.877086,188.985,192.055,194.546,194.546
25.15426778793335,-0.45946862164375996,0.9999847412109375,0.0,4,-0.0285115,4.0,16382.4,212.151,8.98487,1.15919,14.2779,21.7836,26.1924,30.9556,34.8937,37.3058,38.7453,40.1057,41.1414,42.2352,43.3922,44.6178,46.461,48.7726,53.8212,68.0429,122.85,3.03416,1.20824,-0.862993,189.31,192.432,194.67,194.67
25.179253101348877,-0.45834202374231997,0.9999847412109375,0.0,4,-0.0410867,4.0,16415.9,212.489,8.95712,1.2003,14.0225,21.3953,25.8578,30.721,34.7755,37.2744,38.7713,40.1899,41.2723,42.418,43.6326,44.9223,46.8676,49.3174,54.7075,70.1888,134.293,3.66589,1.37717,-0.84622,189.647,192.78,195.058,195.058
25.199248552322388,-0.45722209210065196,0.9999847412109375,0.0,4,-0.0545223,4.0,16454.0,212.825,8.98481,1.20423,13.7502,21.0239,25.5457,30.5189,34.7024,37.2981,38.8593,40.3433,41.4786,42.683,43.9628,45.3254,47.3876,49.9964,55.7833,72.774,145.889,4.53611,1.5798,-0.826654,189.971,193.114,195.512,195.512
25.220484018325806,-0.4560721622900107,0.9999847412109375,0.0,4,-0.0683507,4.0,16481.7,213.17,9.05038,1.19528,13.4598,20.6703,25.2577,30.3524,34.6797,37.3839,39.0176,40.5757,41.771,43.0422,44.3966,45.8428,48.0396,50.8327,57.0856,75.9107,155.546,5.84174,1.81915,-0.804033,190.286,193.441,195.849,195.849
25.245813131332397,-0.45491889934948343,0.9999847412109375,0.0,4,-0.0821729,4.0,16508.5,213.516,9.09415,1.19112,13.1503,20.3312,24.9886,30.2145,34.6989,37.5229,39.2372,40.8779,42.1404,43.4868,44.9255,46.4664,48.8168,51.8219,58.6181,79.6718,164.058,8.50304,2.09929,-0.778353,190.606,193.76,196.165,196.165
25.26590871810913,-0.4537723026687279,0.9999847412109375,0.0,4,-0.0969391,4.0,16535.2,213.86,9.13822,1.18347,12.8227,20.0091,24.7427,30.1123,34.7707,37.7288,39.5338,41.2679,42.6068,44.0389,45.5742,47.2242,49.7522,53.0047,60.4451,84.2677,171.869,12.1487,2.42677,-0.749547,190.926,194.077,196.483,196.483
25.287256956100464,-0.40426243294616543,0.9999847412109375,0.0,4,-0.112319,4.0,16553.1,214.213,9.15566,1.1838,12.4823,19.702,24.5168,30.0416,34.8906,37.9972,39.9034,41.7425,43.1675,44.6968,46.3421,48.1169,50.8498,54.3904,62.5943,89.8852,179.096,14.6353,2.80626,-0.717396,191.249,194.388,196.702,196.702
25.308859825134277,-0.2974637119094313,0.9999847412109375,0.0,4,-0.127822,4.0,16571.6,214.567,9.09396,1.20988,12.1518,19.4059,24.3044,29.9928,35.0464,38.3148,40.3323,42.2875,43.8084,45.4464,47.2154,49.1315,52.0982,55.9709,65.0742,96.7256,185.753,16.4181,3.24885,-0.681873,191.89,194.962,196.918,196.918
25.33337688446045,-0.22183065680497324,0.9999847412109375,0.0,4,-0.14445,4.0,16593.9,214.933,9.01779,1.23486,11.8344,19.1229,24.1088,29.9711,35.2465,38.6927,40.8336,42.9183,44.547,46.3078,48.2173,50.2951,53.5313,57.7918,67.9695,105.241,191.961,17.7282,3.76409,-0.642957,193.07,196.006,197.182,197.182
25.35372233390808,-0.15323596017837524,0.9999847412109375,0.0,4,-0.16228,4.0,16607.2,215.344,8.86953,1.2616,11.5271,18.8408,23.9091,29.9431,35.444,39.0748,41.3453,43.5675,45.3111,47.2039,49.2657,51.5198,55.0534,59.7476,71.1608,115.516,197.499,18.7678,4.30103,-0.600379,194.393,197.109,197.349,197.349
25.374289751052856,-0.11094030346209495,0.9999847412109375,0.0,4,-0.181194,4.0,16619.4,215.809,8.54004,1.29419,11.2245,18.5378,23.667,29.8453,35.5477,39.3485,41.7406,44.0932,45.9472,47.9677,50.1782,52.6064,56.437,61.5723,74.2837,126.62,200.0,19.7179,4.80335,-0.554035,195.686,198.07,197.489,197.489
25.398099899291992,-0.08442232923089525,0.9999847412109375,0.0,4,-0.187385,4.0,16635.0,216.323,7.98852,1.31488,10.9233,18.2006,23.358,29.6341,35.49,39.4274,41.9198,44.3818,46.3296,48.4601,50.8,53.3817,57.4784,63.017,76.9612,134.112,200.0,20.6804,5.27946,-0.50461,196.783,198.759,197.674,197.674
25.419058799743652,-0.06960665653154254,0.9999847412109375,0.0,4,-0.180739,4.0,16651.3,216.876,7.23533,1.32066,10.623,17.8275,22.9774,29.2977,35.2487,39.2798,41.8439,44.3862,46.4044,48.6187,51.059,53.7615,58.0721,63.9431,78.9489,138.621,113.619,21.6928,5.7354,-0.456589,197.719,199.286,197.869,197.869
25.44004797935486,-0.061314065570337695,0.9999847412109375,0.0,4,-0.17552,4.0,16667.2,217.455,6.33723,1.31967,10.325,17.4265,22.5382,28.8548,34.8468,38.9303,41.5382,44.1322,46.197,48.4685,50.9789,53.7679,58.2358,64.3594,80.2158,141.277,104.279,22.7483,6.17429,-0.410594,198.537,199.757,198.056,198.056
25.466090440750122,-0.05357305802866817,0.9999847412109375,0.0,4,-0.171285,4.0,16687.3,218.047,5.40458,1.31427,10.0316,17.0109,22.0636,28.3433,34.3373,38.4432,41.0744,43.6985,45.7923,48.1007,50.6582,53.5073,58.0885,64.4018,80.9366,142.817,99.6532,23.8115,6.59681,-0.366449,199.278,200.249,198.292,198.292
25.487245798110962,-0.03991835190609097,0.9999847412109375,0.0,4,-0.167609,4.0,16712.3,218.644,4.53853,1.31008,9.74505,16.593,21.5759,27.8004,33.7749,37.8862,40.5289,43.1708,45.2835,47.6173,50.2088,53.1029,57.7722,64.2396,81.3576,143.764,96.9968,24.8438,7.00272,-0.323964,199.961,200.78,198.586,198.586
25.508000373840332,-0.03571435878053307,0.9999847412109375,0.0,4,-0.164384,4.0,16741.5,219.245,3.8039,1.32149,9.46482,16.1746,21.0791,27.2337,33.1706,37.273,39.9174,42.5667,44.6894,47.0387,49.6527,52.5785,57.314,63.9033,81.5169,144.259,95.5225,25.8478,7.39416,-0.282938,200.639,201.346,198.932,198.932
25.532387495040894,-0.03362831224255264,0.9999847412109375,0.0,4,-0.161545,4.0,16774.8,219.848,3.16563,1.3337,9.19008,15.7559,20.5746,26.6462,32.5294,36.61,39.247,41.894,44.0188,46.3742,49.0,51.9451,56.7255,63.4059,81.4271,144.382,94.849,26.8304,7.7735,-0.243163,201.269,201.887,199.325,199.325
25.55374765396118,-0.03161221919587503,0.9999847412109375,0.0,4,-0.158896,4.0,16805.7,220.455,2.63449,1.36061,8.92117,15.3413,20.0712,26.0538,31.8758,35.9283,38.5535,41.1937,43.3166,45.6738,48.3063,51.2649,56.0806,62.8383,81.2329,144.324,94.476,27.7734,8.14086,-0.204482,201.866,202.437,199.691,199.691
25.573420524597168,-0.029667805928935604,0.9999847412109375,0.0,4,-0.156327,4.0,16844.8,221.056,2.21923,1.3882,8.65785,14.9326,19.5728,25.4644,31.2219,35.2439,37.8555,40.4871,42.6067,44.964,47.6014,50.5715,55.4196,62.2512,81.0185,144.186,94.1752,28.6686,8.49683,-0.166753,202.444,202.994,200.153,200.153
25.59346055984497,-0.029530216371100395,0.9999847412109375,0.0,4,-0.153781,4.0,16887.3,221.654,1.9122,1.40973,8.39958,14.53,19.0806,24.8806,30.5728,34.5634,37.161,39.7836,41.8996,44.2569,46.899,49.8807,54.7618,61.6699,80.8291,144.016,93.8513,29.5141,8.84226,-0.129847,203.009,203.551,200.658,200.658
25.618284463882446,-0.027664584703445433,0.9999847412109375,0.0,4,-0.15117,4.0,16931.5,222.249,1.6889,1.43129,8.14634,14.135,18.5977,24.3084,29.9381,33.8998,36.4852,39.1008,41.215,43.5745,46.2243,49.2212,54.1424,61.1396,80.747,143.89,93.3765,30.3006,9.177,-0.0936864,203.56,204.114,201.182,201.182
25.638419151306152,-0.024250810127904015,0.9999847412109375,0.0,4,-0.148497,4.0,16975.7,222.844,1.5481,1.4485,7.89753,13.7464,18.1227,23.7461,29.3155,33.2503,35.8252,38.4356,40.5499,42.9137,45.574,48.5897,53.5583,60.658,80.7756,143.801,92.7812,31.0325,9.50189,-0.0581928,204.106,204.672,201.708,201.708
25.66331911087036,-0.02258005020705052,0.9999847412109375,0.0,4,-0.145973,4.0,17015.7,223.441,1.44662,1.46489,7.65144,13.358,17.6443,23.174,28.6752,32.5768,35.1365,37.7371,39.8473,42.211,44.8764,47.9051,52.911,60.0992,80.6954,143.563,92.3972,31.7496,9.82043,-0.0233022,204.673,205.21,202.186,202.186
25.684833765029907,-0.0224738931587711,0.9999847412109375,0.0,4,-0.143664,4.0,17057.5,224.036,1.33615,1.48377,7.40768,12.9681,17.1596,22.587,28.009,31.8681,34.4063,36.99,39.0904,41.447,44.1095,47.1414,52.1683,59.4205,80.4237,143.126,92.29,32.4657,10.1339,0.0110017,205.244,205.738,202.68,202.68
25.703840255737305,-0.02236827135611326,0.9999847412109375,0.0,4,-0.141488,4.0,17101.1,224.628,1.23623,1.49716,7.16632,12.5783,16.672,21.9913,27.3268,31.1373,33.6494,36.2116,38.298,40.6429,43.2971,46.3261,51.363,58.6633,80.0315,142.564,92.323,33.171,10.4421,0.0447839,205.805,206.27,203.198,203.198
25.729270458221436,-0.022263006383869802,0.9999847412109375,0.0,4,-0.139359,4.0,17145.1,225.218,1.15168,1.50801,6.92766,12.1907,16.1851,21.3936,26.6388,30.3977,32.8817,35.42,37.4906,39.8216,42.4651,45.4882,50.5309,57.8737,79.6022,141.947,92.3761,33.8536,10.7444,0.0780732,206.356,206.809,203.721,203.721
25.749223947525024,-0.022158098242040725,0.9999847412109375,0.0,4,-0.137202,4.0,17188.9,225.806,1.09283,1.52077,6.69197,11.8068,15.7022,20.7999,25.9545,29.6616,32.1174,34.6319,36.6869,39.0042,41.6375,44.6557,49.7063,57.0969,79.223,141.34,92.3494,34.5017,11.0399,0.110889,206.897,207.355,204.241,204.241
25.77427387237549,-0.02205336851541884,0.9999847412109375,0.0,4,-0.135009,4.0,17231.1,226.393,1.05683,1.53057,6.45917,11.4267,15.2232,20.21,25.2739,28.9292,31.3569,33.8477,35.8873,38.1914,40.8151,43.8294,48.8906,56.3356,78.9038,140.745,92.2441,35.1156,11.3287,0.143246,207.433,207.898,204.746,204.746
25.793970823287964,-0.02194846037358977,0.9999847412109375,0.0,4,-0.132805,4.0,17271.5,226.981,1.03132,1.54705,6.22912,11.0495,14.7469,19.6219,24.5937,28.1962,30.5951,33.0616,35.0853,37.3758,39.9896,42.9999,48.0723,55.5746,78.6198,140.145,92.0965,35.7006,11.6112,0.175149,207.972,208.439,205.223,205.223
25.81825280189514,-0.02184444430779666,0.9999847412109375,0.0,4,-0.130595,4.0,17314.4,227.564,1.01399,1.56075,6.0017,10.6752,14.2731,19.035,23.9131,27.4613,29.8305,32.2719,34.2789,36.5551,39.1584,42.1642,47.2478,54.8099,78.3671,139.532,91.9168,36.2587,11.8877,0.206607,208.508,208.977,205.733,205.733
25.83725380897522,-0.02174078507241793,0.9999847412109375,0.0,4,-0.128374,4.0,17357.8,228.145,1.00387,1.57086,5.77702,10.304,13.802,18.4497,23.2326,26.7253,29.064,31.4794,33.4694,35.7307,38.3229,41.3241,46.4193,54.0446,78.1565,138.911,91.7018,36.7896,12.158,0.237613,209.042,209.513,206.249,206.249
25.86205768585205,-0.021637661082660777,0.9999847412109375,0.0,4,-0.12613,4.0,17401.1,228.723,0.999971,1.58389,5.55494,9.93575,13.3336,17.8664,22.5528,25.9892,28.2968,30.6858,32.6582,34.9045,37.4856,40.4824,45.5907,53.2847,78.0077,138.292,91.442,37.2926,12.4223,0.268192,209.574,210.05,206.764,206.764
25.881238222122192,-0.02153471550811082,0.9999847412109375,0.0,4,-0.123866,4.0,17444.0,229.3,1.00223,1.5928,5.33575,9.57094,12.8686,17.2857,21.8744,25.2535,27.5294,29.8914,31.846,34.0769,36.6469,39.6395,44.7625,52.5311,77.9284,137.672,91.1417,37.7678,12.6803,0.298303,210.103,210.583,207.273,207.273
25.905790328979492,-0.021431591518353672,0.9999847412109375,0.0,4,-0.1216,4.0,17483.9,229.878,1.00406,1.60641,5.11915,9.20883,12.4056,16.7055,21.1943,24.5141,26.7571,29.0907,31.0265,33.2409,35.7986,38.786,43.9231,51.7685,77.8951,137.036,90.8261,38.2203,12.9325,0.327976,210.633,211.113,207.748,207.748
25.925878763198853,-0.024411464110016823,0.9999847412109375,0.0,4,-0.119384,4.0,17526.0,230.452,1.00459,1.6183,4.90506,8.84865,11.9431,16.1227,20.5072,23.7639,25.9711,28.2734,30.1877,32.3827,34.9247,37.903,43.0479,50.9629,77.8354,136.346,90.5732,38.6595,13.1798,0.3572,211.167,211.637,208.248,208.248
25.949238061904907,-0.025986099243164064,0.9999847412109375,0.0,4,-0.117089,4.0,17568.5,231.023,0.995447,1.62704,4.69408,8.49303,11.4861,15.5463,19.8274,23.0221,25.1943,27.4664,29.3603,31.5374,34.066,37.0385,42.1988,50.2013,77.9603,135.699,90.275,39.0627,13.4199,0.38596,211.682,212.169,208.753,208.753
25.969221115112305,-0.027609944716095926,0.9999847412109375,0.0,4,-0.11457,4.0,17611.1,231.591,1.01517,1.63684,4.48689,8.14463,11.0394,14.9853,19.1699,22.3087,24.451,26.6986,28.5776,30.7437,33.2678,36.2464,41.447,49.587,78.5524,135.204,89.7726,39.4042,13.6501,0.414231,212.183,212.714,209.259,209.259
25.992744207382202,-0.027609944716095926,0.9999847412109375,0.0,4,-0.11181,4.0,17653.5,232.157,1.06219,1.6442,4.28369,7.80377,10.6035,14.4405,18.5359,21.6259,23.7437,25.9735,27.8438,30.0068,32.5369,35.5359,40.8068,49.1468,79.7454,134.872,89.0408,39.681,13.8698,0.441987,212.677,213.258,209.763,209.763
26.011110067367554,-0.027609944716095926,0.9999847412109375,0.0,4,-0.108906,4.0,17693.9,232.723,1.12718,1.65341,4.08427,7.46892,10.1753,13.9058,17.9154,20.9598,23.0561,25.2716,27.1368,29.3016,31.8444,34.8733,40.2365,48.8271,81.489,134.626,88.1876,39.9112,14.0804,0.469199,213.18,213.793,210.244,210.244
26.034026622772217,-0.027609944716095926,0.9999847412109375,0.0,4,-0.105968,4.0,17735.3,233.285,1.18346,1.66241,3.88829,7.13823,9.75107,13.3743,17.2968,20.2949,22.3691,24.5704,26.4308,28.5982,31.1554,34.2178,39.6837,48.5569,83.5726,134.383,87.3344,40.1153,14.2837,0.495863,213.692,214.314,210.736,210.736
26.057209014892578,-0.027609944716095926,0.9999847412109375,0.0,4,-0.103032,4.0,17776.9,233.845,1.22594,1.6696,3.69602,6.81192,9.33087,12.8452,16.6782,19.6278,21.6789,23.8648,25.7196,27.8893,30.4613,33.5587,39.1347,48.3189,85.2109,134.117,86.5157,40.2992,14.4801,0.52193,214.207,214.829,211.23,211.23
26.080199241638184,-0.025986099243164064,0.9999847412109375,0.0,4,-0.100106,4.0,17818.2,234.403,1.25601,1.67645,3.50744,6.4899,8.91448,12.3182,16.0587,18.9576,20.9838,23.1529,25.0011,27.1723,29.7589,32.8926,38.5859,48.1118,86.451,133.823,85.7379,40.4649,14.6697,0.547403,214.721,215.342,211.721,211.721
26.103222131729126,-0.025986099243164064,0.9999847412109375,0.0,4,-0.0972737,4.0,17859.2,234.959,1.27758,1.68203,3.32244,6.17129,8.50001,11.7892,15.4313,18.2737,20.271,22.4186,24.2565,26.4247,29.0212,32.1861,37.9914,47.8671,87.3101,133.444,85.0823,40.6271,14.854,0.57227,215.244,215.846,212.208,212.208
26.122225761413574,-0.025986099243164064,0.9999847412109375,0.0,4,-0.0945465,4.0,17899.2,235.515,1.27249,1.68788,3.14096,5.85605,8.08735,11.2579,14.7949,17.5747,19.5383,21.6592,23.482,25.642,28.242,31.4315,37.3398,47.5671,87.867,132.972,84.5609,40.7885,15.0335,0.596541,215.766,216.346,212.684,212.684
26.14577007293701,-0.025986099243164064,0.9999847412109375,0.0,4,-0.0918623,4.0,17939.6,236.068,1.25973,1.69366,2.96326,5.54526,7.67856,10.7282,14.156,16.8692,18.796,20.8869,22.692,24.8407,27.4412,30.6525,36.6638,47.2661,88.2522,132.453,84.1125,40.9386,15.2071,0.620214,216.28,216.85,213.164,213.164
26.168312311172485,-0.025986099243164064,0.9999847412109375,0.0,4,-0.0891899,4.0,17979.9,236.619,1.24785,1.6988,2.78952,5.2396,7.27486,10.2022,13.5179,16.1617,18.0496,20.1082,21.8938,24.0294,26.6289,29.8617,35.9816,46.9981,88.5326,131.91,83.708,41.0725,15.3742,0.643277,216.789,217.356,213.643,213.643
26.191500902175903,-0.025986099243164064,0.9999847412109375,0.0,4,-0.086517,4.0,18020.2,237.169,1.23952,1.70258,2.61975,4.93922,6.87655,9.68045,12.8815,15.4533,17.3005,19.3247,21.0892,23.2103,25.8079,29.0627,35.2997,46.7821,88.7342,131.35,83.3364,41.1888,15.5347,0.665736,217.295,217.862,214.122,214.122
26.21024775505066,-0.034597430005669595,0.9999847412109375,0.0,4,-0.0838397,4.0,18060.3,237.717,1.23444,1.70577,2.45393,4.64417,6.48375,9.16317,12.2471,14.7442,16.5486,18.5365,20.2783,22.3832,24.9779,28.2555,34.6198,46.6321,88.8709,130.777,82.9981,41.2876,15.6887,0.687599,217.799,218.366,214.599,214.599
26.233256816864014,-0.03838643468916417,0.9999847412109375,0.0,4,-0.0807648,4.0,18101.0,238.26,1.23361,1.70812,2.29328,4.35923,6.10569,8.66857,11.6468,14.081,15.8526,17.8169,19.549,21.6559,24.2738,27.6142,34.2092,47.0632,89.3553,130.458,82.2787,41.3047,15.8283,0.708811,218.251,218.899,215.082,215.082
26.25648522377014,-0.04035475254058838,0.9999847412109375,0.0,4,-0.0771143,4.0,18141.7,238.8,1.32575,1.71033,2.13842,4.08635,5.74596,8.20366,11.0935,13.483,15.2379,17.1994,18.943,21.0816,23.7667,27.238,34.2447,48.5166,90.3241,130.505,81.0141,41.2135,15.9499,0.729319,218.686,219.451,215.565,215.565
26.279250144958496,-0.04035475254058838,0.9999847412109375,0.0,4,-0.0730772,4.0,18182.0,239.337,1.45941,1.71318,1.98943,3.82415,5.40114,7.76084,10.5734,12.9305,14.6801,16.6547,18.4267,20.6225,23.4145,27.0832,34.6991,51.145,91.5408,130.784,79.4514,41.0471,16.0563,0.749051,219.136,219.984,216.045,216.045
26.298665046691895,-0.04035475254058838,0.9999847412109375,0.0,4,-0.0688666,4.0,18221.9,239.871,1.59872,1.71381,1.84616,3.57094,5.06744,7.33183,10.071,12.401,14.1512,16.148,17.9599,20.2314,23.1627,27.0899,35.5272,55.1776,92.7873,131.15,77.8299,40.8413,16.1514,0.767972,219.605,220.493,216.519,216.519
26.321327209472656,-0.04035475254058838,0.9999847412109375,0.0,4,-0.0646371,4.0,18261.4,240.403,1.70886,1.7146,1.70884,3.3264,4.74348,6.91268,9.5778,11.8811,13.6337,15.6572,17.5156,19.8764,22.9748,27.2199,36.7243,61.1294,93.9369,131.501,76.2851,40.6199,16.2376,0.786023,220.089,220.984,216.989,216.989
26.344507455825806,-0.04035475254058838,0.9999847412109375,0.0,4,-0.0604296,4.0,18301.8,240.932,1.78822,1.71337,1.57775,3.09095,4.4297,6.50357,9.09322,11.3692,13.1252,15.1789,17.0906,19.555,22.8518,27.4882,38.4007,67.1702,94.971,131.813,74.835,40.3889,16.3155,0.80317,220.576,221.468,217.468,217.468
26.36667275428772,-0.04035475254058838,0.9999847412109375,0.0,4,-0.0562462,4.0,18340.6,241.46,1.84353,1.71209,1.45315,2.86529,4.12716,6.10608,8.61933,10.8679,12.6286,14.7172,16.6906,19.2768,22.8134,27.9418,40.7818,70.5462,95.9032,132.086,73.4671,40.1484,16.385,0.819388,221.063,221.95,217.931,217.931
26.388171672821045,-0.04035475254058838,0.9999847412109375,0.0,4,-0.0520886,4.0,18378.9,241.986,1.87955,1.71273,1.33523,2.64996,3.83678,5.72165,8.1581,10.3795,12.147,14.2767,16.3222,19.0536,22.885,28.6478,44.255,73.0204,96.7441,132.32,72.172,39.8987,16.4462,0.834662,221.549,222.431,218.385,218.385
26.41102886199951,-0.04035475254058838,0.9999847412109375,0.0,4,-0.0479663,4.0,18416.8,242.51,1.90169,1.7095,1.22419,2.44553,3.55945,5.35165,7.71134,9.90625,11.6832,13.8611,15.9918,18.8984,23.0984,29.7014,49.5302,74.9986,97.4952,132.511,70.9472,39.641,16.4992,0.848977,222.033,222.908,218.837,218.837
26.43222999572754,-0.04035475254058838,0.9999847412109375,0.0,4,-0.0438796,4.0,18454.7,243.032,1.91062,1.70785,1.12024,2.25265,3.29631,4.99796,7.28189,9.45201,11.2421,13.4778,15.711,18.8329,23.5054,31.2647,57.7298,76.6456,98.1648,132.661,69.7847,39.3753,16.5439,0.862314,222.517,223.385,219.287,219.287
26.453282356262207,-0.04035475254058838,0.9999847412109375,0.0,4,-0.0397971,4.0,18494.7,243.551,1.91851,1.70268,1.02346,2.07179,3.04833,4.66267,6.87365,9.02296,10.8327,13.141,15.5019,18.8987,24.2042,33.6549,62.4452,78.0783,98.7808,132.788,68.6612,39.0977,16.58,0.874681,222.996,223.86,219.762,219.762
26.47437572479248,-0.04035475254058838,0.9999847412109375,0.0,4,-0.0357075,4.0,18534.5,244.064,1.92763,1.7178,0.934076,1.90371,2.81686,4.34822,6.49087,8.62568,10.4643,12.8661,15.3908,19.1499,25.3414,37.4538,65.3717,79.3532,99.3562,132.902,67.5664,38.807,16.6072,0.886058,223.47,224.338,220.234,220.234
26.497730493545532,-0.04035475254058838,0.9999847412109375,0.0,4,-0.0316028,4.0,18584.6,244.565,1.95828,1.72062,0.852134,1.74872,2.60264,4.05619,6.13665,8.26565,10.146,12.6699,15.4095,19.6626,27.1611,43.9103,67.6266,80.508,99.8991,133.006,66.4947,38.5028,16.6256,0.896452,223.93,224.798,220.821,220.821
26.520230054855347,-0.04035475254058838,0.9999847412109375,0.0,4,-0.027694,4.0,18617.6,245.083,1.95217,1.67602,0.777398,1.60601,2.40389,3.78224,5.8007,7.92395,9.8497,12.5125,15.5087,20.3938,29.7747,53.2302,69.2869,81.3947,100.268,132.975,65.5563,38.2117,16.6391,0.905881,224.415,225.246,221.188,221.188
26.541261911392212,-0.04035475254058838,0.9999847412109375,0.0,4,-0.0238311,4.0,18680.1,245.582,1.93164,1.59893,0.710179,1.47697,2.22354,3.53296,5.49684,7.62456,9.61168,12.4537,15.79,21.5703,34.0307,57.3685,70.6622,82.1602,100.573,132.901,64.6637,37.9145,16.645,0.914334,224.897,225.718,221.745,221.745
26.561996459960938,-0.04035475254058838,0.9999847412109375,0.0,4,-0.0198585,4.0,18682.0,246.115,1.92312,1.58203,0.650698,1.36273,2.06411,3.31433,5.23898,7.39426,9.47626,12.5769,16.4149,23.6266,42.1464,60.1219,71.9516,82.9349,100.917,132.875,63.7376,37.593,16.6408,0.921807,225.353,226.202,221.992,221.992
26.586853981018066,-0.04035475254058838,0.9999847412109375,0.0,4,-0.0158066,4.0,18718.4,246.626,1.92087,1.57795,0.599102,1.26375,1.92648,3.12829,5.03153,7.24305,9.46454,12.9391,17.5401,27.2222,51.4239,62.3054,73.1544,83.6963,101.281,132.879,62.7952,37.2517,16.6269,0.928288,225.825,226.688,222.42,222.42
26.606749773025513,-0.04035475254058838,0.9999847412109375,0.0,4,-0.011695,4.0,18756.3,247.134,1.93209,1.57243,0.555668,1.18087,1.81221,2.97812,4.88203,7.18779,9.61181,13.6386,19.4653,33.9885,55.1261,64.1494,74.2745,84.4352,101.65,132.9,61.8476,36.8933,16.6037,0.933753,226.289,227.162,222.871,222.871
26.62740159034729,-0.04035475254058838,0.9999847412109375,0.0,4,-0.00762266,4.0,18793.5,247.641,1.94186,1.54797,0.520397,1.11421,1.72162,2.86461,4.79289,7.23688,9.94433,14.7874,22.6791,45.8409,57.6537,65.6837,75.2543,85.0861,101.964,132.882,60.9415,36.5295,16.573,0.938205,226.756,227.62,223.313,223.313
26.65233039855957,-0.04035475254058838,0.9999847412109375,0.0,4,-0.0035699,4.0,18838.4,248.14,1.94457,1.51558,0.493402,1.06442,1.65623,2.79185,4.77556,7.42029,10.5352,16.6557,28.4746,50.4581,59.6329,67.0041,76.1284,85.6706,102.236,132.837,60.065,36.1583,16.5345,0.941645,227.225,228.083,223.835,223.835
26.673223733901978,-0.04035475254058838,0.9999847412109375,0.0,4,0.000583589,4.0,18875.5,248.642,1.97245,1.46593,0.474871,1.03253,1.61854,2.76683,4.85135,7.79779,11.539,19.8939,40.7906,53.3895,61.3666,68.246,76.9901,86.271,102.542,132.832,59.166,35.7673,16.4864,0.944069,227.674,228.552,224.291,224.291
26.696720600128174,-0.04035475254058838,0.9999847412109375,0.0,4,0.00478542,4.0,18907.2,249.143,1.99768,1.43823,0.465048,1.01938,1.61031,2.79428,5.03618,8.4263,13.1522,25.8346,46.645,55.6627,62.8945,69.3903,77.8098,86.8543,102.848,132.846,58.2681,35.3624,16.4293,0.945457,228.132,229.021,224.667,224.667
26.71691608428955,-0.04035475254058838,0.9999847412109375,0.0,4,0.0089708,4.0,18938.9,249.641,2.01271,1.41688,0.464064,1.02559,1.63304,2.87875,5.34802,9.38338,15.7107,37.862,49.7739,57.5117,64.2225,70.4106,78.5512,87.3814,103.117,132.872,57.3981,34.9507,16.3645,0.945802,228.589,229.476,225.044,225.044
26.74037003517151,-0.04035475254058838,0.9999847412109375,0.0,4,0.0130729,4.0,18970.8,250.133,2.00546,1.40131,0.472109,1.05192,1.6885,3.0256,5.80921,10.7816,19.8494,43.4607,52.0331,59.0242,65.3455,71.2808,79.1797,87.8176,103.313,132.874,56.5811,34.5384,16.2931,0.945093,229.051,229.922,225.422,225.422
26.760318279266357,-0.04035475254058838,0.9999847412109375,0.0,4,0.0171447,4.0,19008.0,250.617,1.99077,1.38648,0.489451,1.09957,1.77964,3.24423,6.46054,12.8414,27.1532,46.4852,53.8462,60.3211,66.3325,72.0535,79.7371,88.198,103.467,132.884,55.7925,34.1202,16.214,0.943315,229.505,230.369,225.863,225.863
26.783706188201904,-0.04035475254058838,0.9999847412109375,0.0,4,0.0212606,4.0,19041.6,251.099,1.98814,1.3717,0.516175,1.16947,1.90917,3.54521,7.35882,15.965,36.8251,48.772,55.4137,61.4971,67.2509,72.7846,80.2731,88.5704,103.625,132.946,55.0046,33.6893,16.1263,0.940475,229.946,230.818,226.264,226.264
26.80427122116089,-0.04035475254058838,0.9999847412109375,0.0,4,0.0254096,4.0,19074.1,251.577,1.9903,1.36543,0.552377,1.26241,2.07953,3.93883,8.57284,20.8828,40.7479,50.6493,56.7949,62.5685,68.1043,73.4729,80.7845,88.9278,103.777,133.057,54.2213,33.2517,16.0303,0.936577,230.385,231.264,226.65,226.65
26.82677149772644,-0.04035475254058838,0.9999847412109375,0.0,4,0.0295601,4.0,19106.2,252.051,1.99223,1.36144,0.598303,1.37951,2.29374,4.43743,10.1977,29.1388,43.3979,52.2387,58.0134,63.5343,68.8825,74.1035,81.2541,89.255,103.909,133.201,53.4543,32.8189,15.9264,0.931604,230.821,231.701,227.032,227.032
26.85029911994934,-0.04237228073179722,0.9999847412109375,0.0,4,0.0336956,4.0,19138.3,252.521,1.98841,1.36302,0.65413,1.5218,2.55487,5.05528,12.3705,34.5848,45.4613,53.6073,59.0907,64.4003,69.5839,74.6731,81.6747,89.543,104.01,133.368,52.7085,32.3926,15.815,0.925551,231.257,232.133,227.413,227.413
26.86927628517151,-0.04655496813356877,0.9999847412109375,0.0,4,0.0379249,4.0,19172.5,252.984,1.98788,1.36189,0.720107,1.69101,2.86814,5.81733,15.3537,37.7088,47.2344,54.871,60.1146,65.2402,70.2783,75.2478,82.1119,89.8535,104.142,133.634,51.9465,31.9633,15.6945,0.918413,231.673,232.568,227.819,227.819
26.89336085319519,-0.048720127344131475,0.9999847412109375,0.0,4,0.0424864,4.0,19205.3,253.441,2.01534,1.36239,0.797,1.89088,3.24421,6.77265,19.731,40.2667,48.9593,56.1947,61.2342,66.1987,71.1035,75.961,82.6964,90.3169,104.433,134.169,51.0884,31.5102,15.5612,0.910147,232.055,233.017,228.209,228.209
26.91599440574646,-0.0509344968944788,0.9999847412109375,0.0,4,0.0474194,4.0,19237.8,253.892,2.09891,1.36623,0.885608,2.12506,3.69366,7.97804,25.7509,42.5812,50.6927,57.6039,62.4693,67.2906,72.0759,76.8302,83.4439,90.95,104.899,135.026,50.1284,31.0306,15.4146,0.900695,232.431,233.47,228.596,228.596
26.935965299606323,-0.05319807678461075,0.9999847412109375,0.0,4,0.0526422,4.0,19270.0,254.338,2.2063,1.37616,0.986608,2.39667,4.22631,9.4993,29.848,44.7281,52.4089,59.056,63.7721,68.4675,73.1448,77.806,84.3067,91.7052,105.494,136.179,49.1019,30.5319,15.2556,0.890006,232.807,233.909,228.979,228.979
26.959808588027954,-0.05319807678461075,0.9999847412109375,0.0,4,0.0580878,4.0,19300.8,254.778,2.32043,1.38812,1.10064,2.70901,4.85345,11.4266,32.9757,46.7448,54.0932,60.5208,65.1085,69.6932,74.2734,78.849,85.2466,92.544,106.18,137.609,48.037,30.0203,15.0853,0.878037,233.184,234.334,229.346,229.346
26.980738162994385,-0.05319807678461075,0.9999847412109375,0.0,4,0.0636158,4.0,19331.7,255.213,2.42514,1.40393,1.22842,3.06513,5.58573,13.8687,35.5908,48.6081,55.6922,61.9347,66.4113,70.8974,75.3907,79.8891,86.1908,93.3935,106.885,139.239,46.9776,29.5069,14.9053,0.864725,233.574,234.743,229.712,229.712
27.002294540405273,-0.05319807678461075,0.9999847412109375,0.0,4,0.0691248,4.0,19363.0,255.642,2.50227,1.41678,1.37039,3.46752,6.43358,16.9561,37.845,50.3073,57.1732,63.2577,67.6362,72.0341,76.4488,80.8758,87.0884,94.203,107.558,141.005,45.9513,28.9995,14.7168,0.850039,233.969,235.136,230.084,230.084
27.02681803703308,-0.05319807678461075,0.9999847412109375,0.0,4,0.0746217,4.0,19394.1,256.067,2.55229,1.43773,1.52696,3.91948,7.41181,19.9165,39.8497,51.8757,58.5572,64.503,68.7937,73.113,77.4557,81.8165,87.9465,94.9784,108.203,142.93,44.9537,28.4974,14.5196,0.833963,234.364,235.529,230.454,230.454
27.046680212020874,-0.05319807678461075,0.9999847412109375,0.0,4,0.0801608,4.0,19424.7,256.487,2.59831,1.45952,1.69883,4.42588,8.54184,22.4228,41.6876,53.3594,59.8829,65.7071,69.9187,74.1659,78.4428,82.7428,88.7958,95.7483,108.872,145.079,43.9682,27.9958,14.3131,0.816466,234.748,235.92,230.818,230.818
27.068862438201904,-0.05319807678461075,0.9999847412109375,0.0,4,0.0856656,4.0,19450.0,256.908,2.62488,1.49065,1.88643,4.98978,9.84048,24.6141,43.3649,54.7403,61.1234,66.8378,70.979,75.1598,79.3753,83.6183,89.5992,96.4773,109.594,147.407,43.0118,27.4999,14.0979,0.797519,235.135,236.301,231.12,231.12
27.093294382095337,-0.05319807678461075,0.9999847412109375,0.0,4,0.091076,4.0,19479.5,257.321,2.62505,1.52082,2.08974,5.61301,11.3025,26.5552,44.8835,56.0005,62.2596,67.8749,71.9493,76.0693,80.2271,84.4175,90.3288,97.136,110.346,149.87,42.0977,27.0145,13.8751,0.777141,235.526,236.673,231.469,231.469
27.114019632339478,-0.05319807678461075,0.9999847412109375,0.0,4,0.0964386,4.0,19509.9,257.729,2.61723,1.54332,2.30943,6.30089,12.7328,28.314,46.2841,57.1743,63.321,68.8443,72.8586,76.9212,81.0251,85.1649,91.0106,97.7505,111.155,152.53,41.2105,26.5352,13.6439,0.755303,235.908,237.046,231.83,231.83
27.135734796524048,-0.0509344968944788,0.9999847412109375,0.0,4,0.101902,4.0,19540.3,258.133,2.61875,1.58409,2.54616,7.0617,14.1,29.9638,47.6398,58.3324,64.3782,69.8184,73.7773,77.7865,81.8404,85.9329,91.7175,98.3928,112.115,155.58,40.3175,26.0521,13.4087,0.732013,236.277,237.433,232.191,232.191
27.16109609603882,-0.0509344968944788,0.9999847412109375,0.0,4,0.107372,4.0,19566.2,258.536,2.64457,1.61789,2.80022,7.85418,15.4038,31.5034,48.9231,59.4391,65.3929,70.7568,74.6635,78.6238,82.6306,86.6783,92.4046,99.0183,113.182,158.96,39.4387,25.5714,13.1741,0.707256,236.649,237.806,232.51,232.51
27.1829617023468,-0.0509344968944788,0.9999847412109375,0.0,4,0.112662,4.0,19503.8,258.907,2.61823,1.67077,3.07124,8.62501,16.6286,32.8973,50.0724,60.4217,66.2885,71.5799,75.4369,79.349,83.311,87.3155,92.9849,99.5656,114.245,162.471,38.6111,25.1056,12.9421,0.681037,237.035,238.158,231.844,231.844
27.20118498802185,-0.0509344968944788,0.9999847412109375,0.0,4,0.117786,4.0,19433.4,259.162,2.55778,1.7108,3.35862,9.37254,17.7796,34.1625,51.101,61.2933,67.0771,72.2991,76.108,79.9745,83.8915,87.8552,93.4686,100.1,115.313,166.134,37.8281,24.6536,12.7128,0.653381,237.325,238.411,231.77,231.97
27.22360873222351,-0.0509344968944788,0.9999847412109375,0.0,4,0.122934,4.0,19539.8,259.371,2.50871,1.74702,3.6497,10.1038,18.8821,35.3621,52.0877,62.1355,67.8427,72.9994,76.7635,80.5862,84.4621,88.3848,93.9462,100.718,116.513,170.238,37.0512,24.2024,12.4842,0.624296,237.548,238.636,231.439,231.649
27.245415925979614,-0.0509344968944788,0.9999847412109375,0.0,4,0.124731,4.0,19440.0,259.512,2.50959,1.78123,3.93936,10.8272,19.9637,36.5524,53.1027,63.0243,68.6625,73.7597,77.4823,81.2655,85.1029,88.9887,94.5189,101.527,117.994,175.145,36.2474,23.7417,12.2546,0.594065,237.688,238.815,231.825,232.043
27.271623373031616,-0.0509344968944788,0.9999847412109375,0.0,4,0.124169,4.0,19600.2,259.654,2.52515,1.83293,4.22728,11.5391,21.0143,37.7064,54.1022,63.9096,69.4836,74.5267,78.2108,81.9569,85.7578,89.6084,95.1998,102.477,119.694,180.793,35.4419,23.2794,12.0252,0.563853,237.814,238.959,232.591,232.591
27.29151678085327,-0.05319807678461075,0.9999847412109375,0.0,4,0.123522,4.0,19556.9,259.797,2.52009,1.88653,4.51263,12.2332,22.0167,38.788,55.0329,64.7313,70.2455,75.2349,78.8831,82.5927,86.3585,90.1755,95.927,103.489,121.512,187.014,34.6619,22.8247,11.7976,0.533778,237.953,239.083,232.454,232.454
27.310314655303955,-0.05319807678461075,0.9999847412109375,0.0,4,0.122926,4.0,19579.0,259.94,2.51999,1.91747,4.79609,12.916,22.9913,39.8368,55.9471,65.5449,71.0031,75.9438,79.5568,83.2322,86.9653,90.8073,96.7735,104.651,123.577,194.183,33.8836,22.3699,11.5706,0.50386,238.071,239.213,231.895,232.116
27.33436894416809,-0.0509344968944788,0.9999847412109375,0.0,4,0.122465,4.0,19421.8,260.028,2.54648,1.94498,5.07824,13.5929,23.9525,40.8808,56.8764,66.385,71.7922,76.6879,80.2687,83.9132,87.6221,91.5882,97.7984,106.035,125.995,200.0,33.0938,21.9104,11.3433,0.474085,238.166,239.336,231.605,231.91
27.354430198669434,-0.0509344968944788,0.9999847412109375,0.0,4,0.122079,4.0,19588.3,260.082,2.59896,1.97179,5.35892,14.2614,24.8949,41.906,57.8003,67.2272,72.5873,77.4414,80.9926,84.6074,88.3784,92.5039,98.9856,107.624,128.759,200.0,32.3046,21.45,11.1164,0.444453,238.218,239.405,231.978,232.207
27.378787994384766,-0.0509344968944788,0.9999847412109375,0.0,4,0.121593,4.0,19472.3,260.134,2.61449,2.01756,5.63708,14.9136,25.797,42.8706,58.6618,68.0086,73.323,78.1363,81.6583,85.2714,89.1832,93.4784,100.251,109.323,131.742,200.0,31.541,20.998,10.8913,0.414958,238.28,239.449,232.191,232.42
27.39816927909851,-0.0509344968944788,0.9999847412109375,0.0,4,0.120947,4.0,19629.7,260.181,2.59127,2.06516,5.91218,15.5454,26.6513,43.7617,59.4427,68.7088,73.9773,78.7496,82.2438,85.9488,90.011,94.4834,101.562,111.093,134.9,200.0,30.8102,20.5569,10.6687,0.385595,238.349,239.487,232.868,232.868
27.423013925552368,-0.05319807678461075,0.9999847412109375,0.0,5,0.120237,4.0,19568.7,260.238,2.56848,2.09269,6.18468,16.1619,27.4723,44.6062,60.1789,69.3661,74.5897,79.3222,82.8445,86.6868,90.9093,95.5723,102.981,113.014,138.359,200.0,30.0968,20.1216,10.4476,0.356384,238.407,239.531,232.58,232.58
27.443323612213135,-0.0509344968944788,0.9999847412109375,0.0,5,0.119695,5.0,17583.1,259.986,2.55956,2.11085,6.45622,16.7769,28.2934,45.4659,60.9473,70.0652,75.2485,79.9579,83.6014,87.5994,92.0072,96.8897,104.679,115.294,142.45,200.0,29.3686,19.6807,10.2261,0.327326,238.345,239.501,228.804,229.964
27.467169284820557,-0.048720127344131475,0.9999847412109375,0.0,5,0.119614,5.0,17539.6,259.461,2.65889,2.1208,6.72916,17.4084,29.158,46.4168,61.8444,70.911,76.0625,80.8558,84.6633,88.8538,93.4881,98.6407,106.903,118.243,147.696,200.0,28.5925,19.2214,10.0023,0.298467,237.89,239.133,228.252,229.53
27.488890886306763,-0.048720127344131475,0.9999847412109375,0.0,5,0.119729,5.0,17225.5,258.891,2.78408,2.15137,7.00169,18.0427,30.0308,47.3912,62.7832,71.8063,76.9467,81.9454,85.9407,90.3533,95.2511,100.718,109.534,121.734,153.965,200.0,27.8067,18.7575,9.77838,0.269791,237.382,238.664,227.116,228.642
27.50799012184143,-0.048720127344131475,0.9999847412109375,0.0,5,0.119711,5.0,17589.1,258.869,2.87249,2.17726,7.27159,18.6611,30.8674,48.3089,63.6568,72.6349,77.8694,83.1008,87.2983,91.9493,97.1328,102.943,112.367,125.524,160.935,53.8734,27.0504,18.3037,9.55656,0.241241,237.047,238.306,232.629,232.629
27.534317016601562,-0.04443901926279068,0.9999847412109375,0.0,5,0.119379,5.0,17614.4,259.219,2.89721,2.19874,7.53767,19.2519,31.6419,49.1259,64.4099,73.3432,78.7719,84.2418,88.6466,93.5452,99.0248,105.195,115.263,129.447,168.384,50.2071,26.3397,17.8666,9.33791,0.212763,237.291,238.499,232.983,232.983
27.553151607513428,-0.04237228073179722,0.9999847412109375,0.0,5,0.118492,5.0,17632.9,259.572,2.84824,2.21525,7.79726,19.7977,32.3176,49.7812,64.9673,73.9132,79.5441,85.2401,89.8439,94.9808,100.749,107.271,117.979,133.2,175.816,47.8299,25.6975,17.4554,9.12404,0.184377,237.667,238.764,233.228,233.228
27.57678461074829,-0.04237228073179722,0.9999847412109375,0.0,5,0.116965,5.0,17651.9,259.928,2.69496,2.22627,8.04817,20.2893,32.8789,50.2552,65.303,74.3151,80.125,86.0243,90.8081,96.163,102.197,109.048,120.359,136.575,182.858,46.2116,25.1287,17.0732,8.91594,0.156153,238.056,239.025,233.479,233.479
27.599254846572876,-0.04035475254058838,0.9999847412109375,0.0,5,0.115013,5.0,17670.6,260.286,2.48998,2.23914,8.29179,20.7394,33.358,50.6041,65.4913,74.6161,80.5926,86.6814,91.6351,97.1973,103.487,110.655,122.556,139.76,189.813,44.9828,24.6071,16.7099,8.71215,0.128148,238.427,239.308,233.726,233.726
27.619107246398926,-0.03838643468916417,0.9999847412109375,0.0,5,0.112794,5.0,17693.3,260.641,2.29896,2.24617,8.52839,21.1563,33.777,50.869,65.5825,74.8675,81.0048,87.2793,92.4002,98.167,104.71,112.197,124.695,142.915,196.98,43.972,24.1163,16.3602,8.51217,0.100454,238.788,239.611,234.024,234.024
27.64321780204773,-0.03277674317359924,0.9999847412109375,0.0,5,0.110397,5.0,17717.9,260.995,2.13904,2.24369,8.75825,21.5452,34.1489,51.0723,65.6172,75.1009,81.3981,87.8589,93.1479,99.1232,105.926,113.741,126.859,146.15,200.0,43.1004,23.6481,16.0208,8.31576,0.0731506,239.138,239.925,234.348,234.348
27.66688895225525,-0.027609944716095926,0.9999847412109375,0.0,5,0.107755,5.0,17742.9,261.349,2.01395,2.23448,8.9796,21.8999,34.4627,51.1973,65.6073,75.2813,81.7326,88.373,93.827,100.006,107.066,115.207,128.951,149.338,200.0,42.405,23.2105,15.6957,8.12418,0.0463308,239.5,240.236,234.68,234.68
27.687710285186768,-0.025986099243164064,0.9999847412109375,0.0,5,0.104729,5.0,17766.7,261.705,1.88392,2.22616,9.19007,22.2093,34.6977,51.2115,65.506,75.3433,81.9287,88.7287,94.3304,100.694,107.988,116.431,130.759,152.191,200.0,41.9769,22.8182,15.3911,7.93887,0.0200755,239.875,240.534,234.995,234.995
27.70593023300171,-0.024411464110016823,0.9999847412109375,0.0,5,0.101373,5.0,17789.5,262.063,1.73331,2.22241,9.38937,22.4764,34.8629,51.1304,65.3251,75.2998,82.0015,88.9418,94.6744,101.205,108.712,117.431,132.304,154.729,200.0,41.7997,22.4682,15.106,7.76014,-0.00551351,240.242,240.834,235.298,235.298
27.728739976882935,-0.024411464110016823,0.9999847412109375,0.0,5,0.0977915,5.0,17812.2,262.42,1.59206,2.22291,9.57774,22.7075,34.9733,50.9797,65.094,75.1901,81.9964,89.0654,94.9194,101.604,109.312,118.295,133.693,157.09,200.0,41.8395,22.1516,14.8373,7.58787,-0.0303548,240.598,241.144,235.597,235.597
27.752323627471924,-0.024411464110016823,0.9999847412109375,0.0,5,0.0941075,5.0,17834.8,262.777,1.46642,2.22662,9.75644,22.9117,35.0472,50.7897,64.8519,75.0655,81.9747,89.1705,95.1452,101.986,109.895,119.145,135.079,159.484,200.0,42.0515,21.8578,14.5812,7.42147,-0.0544128,240.937,241.464,235.896,235.896
27.771645307540894,-0.024411464110016823,0.9999847412109375,0.0,5,0.0904075,5.0,17857.4,263.132,1.3759,2.22283,9.9257,23.0942,35.0972,50.5796,64.6256,74.9631,81.9802,89.3099,95.4121,102.418,110.542,120.077,136.588,162.09,200.0,42.4188,21.581,14.3357,7.26106,-0.0776215,241.265,241.789,236.195,236.195
27.794785976409912,-0.024411464110016823,0.9999847412109375,0.0,5,0.0867123,5.0,17880.6,263.486,1.3134,2.21969,10.0859,23.2572,35.1262,50.3546,64.4232,74.893,82.0259,89.4994,95.7386,102.921,111.278,121.123,138.264,164.977,200.0,42.9815,21.3201,14.1004,7.10664,-0.0999603,241.59,242.118,236.5,236.5
27.819125413894653,-0.024411464110016823,0.9999847412109375,0.0,5,0.0830495,5.0,17905.3,263.837,1.27919,2.20754,10.237,23.4021,35.1376,50.1191,64.2533,74.8679,82.1276,89.7582,96.1473,103.524,112.137,122.322,140.165,168.24,200.0,43.8139,21.0743,13.8755,6.95851,-0.121379,241.909,242.447,236.828,236.828
27.83942985534668,-0.024411464110016823,0.9999847412109375,0.0,5,0.0794153,5.0,17927.9,264.189,1.26282,2.19993,10.3791,23.5298,35.1322,49.8737,64.1162,74.8897,82.2878,90.0886,96.6419,104.232,113.125,123.688,142.308,171.919,200.0,45.1309,20.8447,13.6611,6.81664,-0.141886,242.229,242.775,237.129,237.129
27.859687566757202,-0.024411464110016823,0.9999847412109375,0.0,5,0.0757903,5.0,17950.3,264.54,1.25564,2.19531,10.5118,23.6387,35.107,49.6225,64.0058,74.9492,82.495,90.4811,97.2112,105.032,114.23,125.206,144.685,176.015,200.0,47.8964,20.6346,13.459,6.68151,-0.161448,242.55,243.101,237.425,237.425
27.88227653503418,-0.024411464110016823,0.9999847412109375,0.0,5,0.0721324,5.0,17972.8,264.89,1.25034,2.1782,10.635,23.7268,35.0576,49.3789,63.9087,75.0282,82.7288,90.9077,97.8248,105.889,115.413,126.831,147.24,180.463,200.0,51.2412,20.4492,13.2708,6.55339,-0.180069,242.871,243.418,237.722,237.722
27.9077308177948,-0.024411464110016823,0.9999847412109375,0.0,5,0.0684431,5.0,17999.5,265.234,1.24301,2.15299,10.7484,23.7948,34.9848,49.1436,63.8249,75.1281,82.9904,91.3723,98.4864,106.81,116.681,128.573,149.993,185.31,200.0,53.5426,20.2897,13.097,6.43243,-0.197734,243.194,243.737,238.069,238.069
27.928529024124146,-0.024411464110016823,0.9999847412109375,0.0,5,0.0647822,5.0,18022.7,265.581,1.24799,2.11671,10.853,23.8471,34.8968,48.9304,63.7777,75.2811,83.3201,91.9237,99.2535,107.862,118.117,130.536,153.091,190.805,200.0,55.0211,20.1512,12.9358,6.31841,-0.214442,243.506,244.057,238.382,238.382
27.95026206970215,-0.025986099243164064,0.9999847412109375,0.0,5,0.0611359,5.0,18044.1,265.928,1.25479,2.09614,10.9485,23.8827,34.7917,48.7365,63.7632,75.4821,83.7116,92.5554,100.12,109.042,119.717,132.72,156.547,197.0,200.0,55.9612,20.0374,12.7887,6.21162,-0.230164,243.823,244.38,238.666,238.666
27.97254252433777,-0.025986099243164064,0.9999847412109375,0.0,5,0.0575837,5.0,18065.6,266.273,1.26367,2.07716,11.036,23.9076,34.6804,48.5797,63.8142,75.7779,84.2231,93.3408,101.174,110.45,121.61,135.29,160.603,200.0,200.0,56.3549,19.9403,12.6528,6.11157,-0.244924,244.126,244.706,238.949,238.949
27.994175910949707,-0.025986099243164064,0.9999847412109375,0.0,5,0.0540696,5.0,18087.2,266.616,1.286,2.0482,11.1152,23.9189,34.5562,48.451,63.9127,76.1447,84.8282,94.2477,102.377,112.051,123.753,138.198,165.215,200.0,200.0,56.4428,19.8663,12.5301,6.01849,-0.258733,244.436,245.025,239.236,239.236
28.016898155212402,-0.027609944716095926,0.9999847412109375,0.0,5,0.0505601,5.0,18117.1,266.951,1.30825,1.99885,11.1859,23.9147,34.4159,48.3427,64.0484,76.5694,85.5091,95.2565,103.71,113.82,126.125,141.423,170.379,200.0,200.0,56.3588,19.8201,12.4222,5.93262,-0.271596,244.746,245.34,239.628,239.628
28.038641929626465,-0.027609944716095926,0.9999847412109375,0.0,5,0.0472084,5.0,18137.5,267.293,1.34128,1.95186,11.2498,23.9048,34.2771,48.2912,64.2856,77.1446,86.386,96.517,105.353,115.979,129.001,145.328,176.651,200.0,200.0,55.9059,19.7874,12.3242,5.85329,-0.283503,245.039,245.666,239.902,239.902
28.0609393119812,-0.027609944716095926,0.9999847412109375,0.0,5,0.0439731,5.0,18157.9,267.632,1.39026,1.92693,11.3067,23.8874,34.1358,48.2902,64.6154,77.8611,87.4466,98.0215,107.3,118.528,132.393,149.943,184.142,200.0,200.0,55.2272,19.7718,12.2375,5.78047,-0.29449,245.339,245.993,240.172,240.172
28.081751346588135,-0.027609944716095926,0.9999847412109375,0.0,5,0.0407288,5.0,18178.3,267.971,1.43183,1.89376,11.3557,23.8554,33.9932,48.3133,64.9915,78.6526,88.6119,99.672,109.438,121.337,136.15,155.096,192.654,200.0,200.0,54.5338,19.7879,12.1663,5.71478,-0.304576,245.646,246.301,240.442,240.442
28.102272272109985,-0.025986099243164064,0.9999847412109375,0.0,5,0.0373784,5.0,18199.2,268.308,1.44287,1.85794,11.3952,23.8027,33.8531,48.3378,65.3723,79.4604,89.8089,101.377,111.661,124.277,140.119,160.607,200.0,200.0,200.0,53.9507,19.8501,12.1154,5.6571,-0.313726,245.964,246.601,240.717,240.717
28.124221324920654,-0.025986099243164064,0.9999847412109375,0.0,5,0.033929,5.0,18231.1,268.634,1.45616,1.77751,11.4256,23.7306,33.7169,48.3653,65.7618,80.2884,91.0415,103.145,113.979,127.366,144.33,166.521,200.0,200.0,200.0,53.4437,19.96,12.0847,5.6073,-0.321955,246.279,246.898,241.141,241.141
28.14915704727173,-0.025986099243164064,0.9999847412109375,0.0,5,0.0304343,5.0,18249.3,268.972,1.45239,1.72399,11.4474,23.6422,33.5906,48.4091,66.184,81.1754,92.3596,105.04,116.473,130.71,148.923,173.052,200.0,200.0,200.0,52.9429,20.1153,12.0731,5.56534,-0.329249,246.592,247.203,241.381,241.381
28.170284032821655,-0.025986099243164064,0.9999847412109375,0.0,5,0.0269159,5.0,18268.6,269.307,1.43971,1.69698,11.4612,23.5397,33.4774,48.4762,66.6514,82.1393,93.7898,107.1,119.192,134.375,154.003,180.364,200.0,200.0,200.0,52.4216,20.3163,12.0803,5.53107,-0.335612,246.904,247.511,241.637,241.637
28.191471338272095,-0.025986099243164064,0.9999847412109375,0.0,5,0.0233109,5.0,18288.1,269.641,1.42375,1.64286,11.4659,23.419,33.3699,48.5501,67.1346,83.1376,95.2785,109.256,122.059,138.27,159.463,188.344,200.0,200.0,200.0,51.943,20.5769,12.1101,5.50517,-0.341014,247.214,247.805,241.895,241.895
28.21364116668701,-0.025986099243164064,0.9999847412109375,0.0,5,0.0196126,5.0,18315.8,269.968,1.39189,1.58332,11.4616,23.2809,33.2673,48.6297,67.6304,84.1658,96.8186,111.504,125.065,142.394,165.313,197.043,200.0,200.0,200.0,51.507,20.9046,12.1635,5.48785,-0.345449,247.53,248.103,242.232,242.232
28.234992027282715,-0.025986099243164064,0.9999847412109375,0.0,5,0.0159988,5.0,18341.4,270.294,1.39497,1.48273,11.4502,23.1503,33.1911,48.7612,68.2309,85.3674,98.6044,114.104,128.548,147.193,172.18,200.0,200.0,200.0,200.0,50.9601,21.2514,12.2347,5.47833,-0.348902,247.818,248.41,242.602,242.602
28.25691509246826,-0.025986099243164064,0.9999847412109375,0.0,5,0.0124502,5.0,18358.7,270.627,1.40553,1.4275,11.4314,23.0339,33.1393,48.9421,68.9328,86.7439,100.642,117.074,132.542,152.736,180.204,200.0,200.0,200.0,200.0,50.335,21.5498,12.3258,5.477,-0.351354,248.118,248.725,242.829,242.829
28.277960777282715,-0.025986099243164064,0.9999847412109375,0.0,5,0.00890478,5.0,18377.1,270.958,1.41522,1.38396,11.4048,22.9293,33.1061,49.1591,69.7122,88.2594,102.888,120.366,137.0,158.985,189.391,200.0,200.0,200.0,200.0,49.6861,21.8055,12.4392,5.48396,-0.352839,248.418,249.029,243.073,243.073
28.301221132278442,-0.025986099243164064,0.9999847412109375,0.0,5,0.00522748,5.0,18396.2,271.288,1.40261,1.32155,11.3688,22.8282,33.0746,49.3744,70.4939,89.7974,105.191,123.777,141.67,165.625,199.347,200.0,200.0,200.0,189.785,49.1125,22.0407,12.5823,5.5004,-0.353317,248.73,249.316,243.324,243.324
28.322625398635864,-0.027609944716095926,0.9999847412109375,0.0,5,0.00150436,5.0,18432.3,271.6,1.38788,1.21806,11.3245,22.7362,33.0556,49.6131,71.3284,91.4406,107.663,127.47,146.772,172.977,200.0,200.0,200.0,200.0,169.525,48.5456,22.2445,12.7526,5.52591,-0.352793,249.033,249.609,243.796,243.796
28.34590458869934,-0.027609944716095926,0.9999847412109375,0.0,5,-0.00199303,5.0,18449.2,271.929,1.40823,1.1182,11.2747,22.6686,33.0843,49.9558,72.387,93.4771,110.713,132.037,153.115,182.219,200.0,200.0,200.0,200.0,152.233,47.8129,22.3821,12.9306,5.55906,-0.351267,249.304,249.927,244.029,244.029
28.366771459579468,-0.027609944716095926,0.9999847412109375,0.0,5,-0.00533733,5.0,18466.3,272.256,1.45044,1.06595,11.2189,22.6226,33.1534,50.3884,73.6486,95.8856,114.33,137.494,160.777,193.571,200.0,200.0,200.0,200.0,137.746,46.9802,22.4651,13.0849,5.60016,-0.34876,249.59,250.247,244.252,244.252
28.39020586013794,-0.027609944716095926,0.9999847412109375,0.0,5,-0.00870454,5.0,18484.0,272.581,1.48724,0.998821,11.1554,22.5882,33.242,50.8628,75.015,98.5133,118.315,143.593,169.471,200.0,200.0,200.0,200.0,200.0,126.162,46.1619,22.5191,13.2201,5.65032,-0.345266,249.884,250.539,244.486,244.486
28.411563396453857,-0.027609944716095926,0.9999847412109375,0.0,5,-0.0122395,5.0,18502.6,272.905,1.47907,0.932698,11.0868,22.558,33.3321,51.336,76.3929,101.204,122.451,150.037,178.83,200.0,200.0,200.0,200.0,200.0,117.158,45.4302,22.5631,13.3427,5.71027,-0.34082,250.196,250.82,244.732,244.732
28.434256315231323,-0.027609944716095926,0.9999847412109375,0.0,5,-0.0157267,5.0,18541.0,273.209,1.49557,0.779866,11.0245,22.5439,33.4515,51.8755,77.9361,104.234,127.155,157.481,189.84,200.0,200.0,200.0,200.0,200.0,109.328,44.6666,22.572,13.4445,5.77925,-0.335368,250.478,251.112,245.241,245.241
28.455729007720947,-0.027609944716095926,0.9999847412109375,0.0,5,-0.0190934,5.0,18555.0,273.535,1.52603,0.687021,10.9701,22.5513,33.6124,52.5122,79.7212,107.759,132.686,166.393,200.0,200.0,200.0,200.0,200.0,200.0,102.24,43.8385,22.5371,13.5223,5.85176,-0.328944,250.763,251.421,245.426,245.426
28.477808713912964,-0.027609944716095926,0.9999847412109375,0.0,5,-0.0224385,5.0,18571.4,273.857,1.54627,0.630599,10.9227,22.5749,33.8029,53.219,81.6956,111.707,138.977,176.763,200.0,200.0,200.0,200.0,200.0,199.082,96.0171,43.0,22.4726,13.5807,5.91688,-0.321543,251.057,251.723,245.643,245.643
28.499558925628662,-0.027609944716095926,0.9999847412109375,0.0,5,-0.0244966,5.0,18588.7,274.179,1.54078,0.511377,10.8799,22.6009,33.9908,53.9149,83.6716,115.742,145.535,200.0,200.0,200.0,200.0,200.0,200.0,193.997,90.9614,42.2538,22.4082,13.6305,5.97563,-0.313226,251.361,251.986,245.872,245.872
28.52046012878418,-0.027609944716095926,0.9999847412109375,0.0,5,-0.0217171,5.0,18633.9,274.474,1.50272,0.33698,10.8419,22.6316,34.1814,54.6123,85.6769,119.918,152.459,200.0,200.0,200.0,200.0,200.0,200.0,187.462,86.7123,41.5698,22.3388,13.6704,6.02806,-0.305181,251.671,252.26,246.437,246.437
28.54356575012207,-0.027609944716095926,0.9999847412109375,0.0,5,-0.0186993,5.0,18653.6,274.792,1.538,0.107272,10.813,22.6917,34.4332,55.4644,88.0978,125.017,161.063,200.0,200.0,200.0,200.0,200.0,200.0,168.96,82.4483,40.7828,22.2191,13.6842,6.07186,-0.29793,251.925,252.56,246.736,246.736
28.564202070236206,-0.027609944716095926,0.9999847412109375,0.0,5,-0.0155584,5.0,18663.5,275.118,1.5705,-0.0172204,10.7922,22.7754,34.7329,56.4404,90.879,130.991,171.388,200.0,200.0,200.0,200.0,200.0,195.997,151.434,78.3899,39.9476,22.0634,13.6766,6.10749,-0.291511,252.214,252.876,246.864,246.864
28.5880708694458,-0.027609944716095926,0.9999847412109375,0.0,5,-0.0124438,5.0,18677.0,275.439,1.59229,-0.130874,10.7783,22.8741,35.0604,57.4891,93.9051,137.662,200.0,200.0,200.0,200.0,200.0,200.0,191.589,137.388,74.7212,39.1233,21.8898,13.6541,6.13582,-0.285941,252.504,253.164,247.042,247.042
28.610638856887817,-0.027609944716095926,0.9999847412109375,0.0,5,-0.00963929,5.0,18692.4,275.76,1.54868,-0.265204,10.7682,22.9699,35.3714,58.4891,96.8551,144.369,200.0,200.0,200.0,200.0,200.0,197.888,187.0,126.892,71.7142,38.4048,21.7294,13.6289,6.15876,-0.281213,252.823,253.423,247.244,247.244
28.629259824752808,-0.027609944716095926,0.9999847412109375,0.0,5,-0.00683898,5.0,18746.1,276.042,1.52723,-0.521091,10.7648,23.0818,35.7125,59.5687,100.079,151.906,200.0,200.0,200.0,200.0,199.972,194.378,181.461,117.877,68.9028,37.6806,21.55,13.5892,6.17473,-0.277295,253.105,253.699,247.952,247.952
28.652573347091675,-0.027609944716095926,0.9999847412109375,0.0,5,-0.00374803,5.0,18753.6,276.368,1.56663,-0.716665,10.7716,23.2298,36.1343,60.8746,104.023,161.414,200.0,200.0,200.0,200.0,196.536,190.478,168.013,109.213,65.9653,36.8591,21.3218,13.5234,6.18189,-0.274193,253.366,254.016,248.06,248.06
28.675742864608765,-0.027609944716095926,0.9999847412109375,0.0,5,-0.000564128,5.0,18764.8,276.687,1.5947,-0.814518,10.7866,23.4024,36.6087,62.3345,108.528,172.727,200.0,200.0,200.0,198.039,192.92,186.22,150.106,101.46,63.1333,36.0106,21.0669,13.4399,6.18138,-0.271929,253.655,254.327,248.205,248.205
28.697459936141968,-0.027609944716095926,0.9999847412109375,0.0,5,0.00249431,5.0,18777.7,277.006,1.602,-0.93614,10.8078,23.586,37.1011,63.8496,113.326,200.0,200.0,200.0,199.194,194.707,189.232,181.649,136.097,94.918,60.583,35.1988,20.8071,13.3469,6.17433,-0.270536,253.95,254.597,248.374,248.374
28.71976637840271,-0.027609944716095926,0.9999847412109375,0.0,5,0.0053167,5.0,18801.6,277.314,1.54596,-1.04493,10.8341,23.7727,37.591,65.357,118.228,200.0,200.0,200.0,196.122,191.416,185.538,176.654,125.214,89.5148,58.3539,34.4489,20.5528,13.249,6.16157,-0.270001,254.264,254.865,248.644,248.644
28.742632389068604,-0.027609944716095926,0.9999847412109375,0.0,5,0.00830612,5.0,18835.6,277.608,1.55373,-1.24409,10.8696,23.9904,38.1512,67.0813,123.996,200.0,200.0,197.087,192.901,187.921,181.481,169.245,115.313,84.3315,56.1016,33.6499,20.2665,13.1314,6.14086,-0.270307,254.522,255.153,249.142,249.142
28.76417374610901,-0.027609944716095926,0.9999847412109375,0.0,5,0.0114625,5.0,18846.7,277.924,1.57985,-1.3498,10.9146,24.2408,38.7866,69.0484,130.814,200.0,199.103,193.906,189.508,184.172,176.885,151.192,106.3,79.3788,53.8419,32.8075,19.9499,12.9947,6.11217,-0.271464,254.797,255.462,249.287,249.287
28.784419059753418,-0.027609944716095926,0.9999847412109375,0.0,5,0.0146505,5.0,18860.4,278.235,1.60009,-1.41788,10.968,24.5156,39.4766,71.2019,138.589,200.0,196.055,190.638,185.99,180.196,171.485,135.8,98.3811,74.8306,51.6686,31.9577,19.6155,12.8436,6.0761,-0.273511,255.077,255.751,249.467,249.467
28.806751012802124,-0.024411464110016823,0.9999847412109375,0.0,5,0.0176453,5.0,18875.1,278.545,1.58043,-1.50096,11.0272,24.7984,40.1773,73.4023,146.874,198.394,193.033,187.386,182.46,176.1,164.022,123.717,91.7876,70.8912,49.7028,31.1516,19.2832,12.6867,6.03412,-0.276435,255.377,256.012,249.661,249.661
28.828154802322388,-0.021409824863076212,0.9999847412109375,0.0,5,0.0203628,5.0,18911.1,278.831,1.54346,-1.62592,11.091,25.0817,40.8681,75.5771,155.396,195.604,190.079,184.199,178.973,171.904,148.486,114.232,86.3536,67.531,47.9576,30.4023,18.9598,12.5271,5.98699,-0.280207,255.688,256.265,250.131,250.131
28.852266311645508,-0.018605026975274087,0.9999847412109375,0.0,5,0.0228754,5.0,18924.3,279.139,1.49667,-1.74507,11.16,25.3698,41.5603,77.7606,200.0,192.855,187.169,181.048,175.487,167.446,135.813,106.435,81.704,64.5691,46.3638,29.6889,18.6389,12.3628,5.93455,-0.284793,255.989,256.521,250.315,250.315
28.87342405319214,-0.014766907691955567,0.9999847412109375,0.0,5,0.0251134,5.0,18938.2,279.443,1.40611,-1.80632,11.2327,25.6552,42.2337,79.878,198.83,190.18,184.34,177.978,172.053,162.559,125.888,100.091,77.7849,62.0045,44.9362,29.0229,18.3266,12.1969,5.87774,-0.290126,256.303,256.778,250.496,250.496
28.893494367599487,-0.012454213201999666,0.9999847412109375,0.0,5,0.0269417,5.0,18952.7,279.746,1.28954,-1.86921,11.3069,25.9249,42.8513,81.7872,196.428,187.637,181.665,175.088,168.803,156.553,118.423,95.1559,74.6361,59.8877,43.7152,28.4261,18.0329,12.0342,5.8177,-0.296157,256.624,257.014,250.688,250.688
28.915820837020874,-0.009354249015450478,0.9999847412109375,0.0,5,0.028268,5.0,18968.6,280.048,1.11609,-1.91887,11.3808,26.1681,43.3827,83.3637,194.162,185.269,179.204,172.462,165.872,148.004,113.102,91.5259,72.2414,58.2303,42.7191,27.9116,17.765,11.8787,5.75559,-0.302796,256.957,257.242,250.897,250.897
28.94002413749695,-0.0059099081903696065,0.9999847412109375,0.0,5,0.0292627,5.0,18998.0,280.334,0.947853,-2.02983,11.4554,26.3957,43.8591,84.7163,191.983,183.019,176.885,170.017,163.166,141.507,109.012,88.6592,70.2945,56.8476,41.8576,27.4451,17.5108,11.7258,5.69118,-0.309951,257.263,257.477,251.287,251.287
28.96234655380249,-0.002711714804172516,0.9999847412109375,0.0,5,0.029959,5.0,19012.3,280.632,0.783319,-2.09143,11.5302,26.608,44.2824,85.8485,189.885,180.878,174.7,167.745,160.695,136.7,105.874,86.3976,68.7108,55.6916,41.1094,27.02,17.2689,11.5755,5.62491,-0.317538,257.573,257.722,251.476,251.476
28.981881380081177,-0.0017769098281860353,0.9999847412109375,0.0,5,0.0303186,5.0,19027.8,280.928,0.615981,-2.12669,11.6039,26.7987,44.6366,86.7009,187.882,178.863,172.673,165.686,158.537,133.514,103.684,84.7541,67.5081,54.7792,40.4877,26.6445,17.0437,11.4305,5.55786,-0.325445,257.883,257.96,251.681,251.681
29.00332808494568,-0.0017769098281860353,0.9999847412109375,0.0,5,0.0304275,5.0,19043.8,281.221,0.447012,-2.16483,11.6766,26.973,44.9382,87.3375,185.948,176.943,170.764,163.786,156.627,131.428,102.146,83.5395,66.5715,54.0377,39.955,26.3038,16.8302,11.2891,5.49013,-0.333598,258.178,258.203,251.892,251.892
29.02677297592163,-0.0010389462113380432,0.9999847412109375,0.0,5,0.0304706,5.0,19067.3,281.504,0.308442,-2.20591,11.7505,27.1461,45.2312,87.9271,184.029,175.043,168.881,161.923,154.774,129.593,100.751,82.4156,65.6879,53.3276,39.436,25.966,16.6158,11.146,5.42091,-0.341973,258.453,258.463,252.2,252.2
29.048718214035034,-0.0004978239536285401,0.9999847412109375,0.0,5,0.0304982,5.0,19084.1,281.792,0.216608,-2.24907,11.8251,27.3201,45.524,88.5093,182.11,173.145,167.002,160.065,152.932,127.808,99.383,81.3069,64.8117,52.6209,38.9171,25.6268,16.3998,11.0016,5.35092,-0.350452,258.717,258.723,252.425,252.425
29.073357105255127,0.0,0.9999847412109375,0.0,5,0.0304623,5.0,19100.7,282.076,0.146874,-2.27228,11.8998,27.4905,45.8042,89.037,180.205,171.267,165.149,158.244,151.15,126.267,98.1596,80.2926,63.9934,51.9507,38.4166,25.294,16.1855,10.8572,5.28039,-0.359035,258.987,258.98,252.645,252.645
29.095377445220947,0.0007448330521583557,0.9999847412109375,0.0,5,0.0303917,5.0,19117.2,282.359,0.0882695,-2.28588,11.9745,27.6589,46.0773,89.534,178.307,169.4,163.309,156.442,149.399,124.855,97.0119,79.3276,63.2053,51.2995,37.9256,24.9647,15.972,10.7129,5.20959,-0.367671,259.251,259.236,252.863,252.863
29.11448359489441,0.0017785374075174332,0.9999847412109375,0.0,5,0.030273,5.0,19133.9,282.638,0.0465986,-2.28932,12.0489,27.8237,46.3392,89.9859,176.419,167.547,161.488,154.668,147.692,123.625,95.9719,78.4335,62.4614,50.6768,37.4495,24.6412,15.7606,10.5693,5.13869,-0.376346,259.515,259.489,253.084,253.084
29.13930606842041,0.0017785374075174332,0.9999847412109375,0.0,5,0.0300569,5.0,19152.6,282.913,0.00539916,-2.29478,12.122,27.9795,46.5755,90.341,174.555,165.728,159.711,152.954,146.08,122.782,95.165,77.6947,61.8157,50.1186,37.0086,24.3329,15.5552,10.4283,5.06829,-0.385016,259.779,259.734,253.331,253.331
29.15874743461609,0.0022215262055397035,0.9999847412109375,0.0,5,0.0297841,5.0,19169.9,283.187,-0.0380328,-2.29647,12.1942,28.1296,46.7958,90.6373,172.705,163.928,157.957,151.272,144.517,122.165,94.4912,77.0445,61.226,49.5972,36.5878,24.0335,15.3536,10.2891,4.99831,-0.393663,260.038,259.981,253.559,253.559
29.182433366775513,0.0022215262055397035,0.9999847412109375,0.0,5,0.0295081,5.0,19187.1,283.459,-0.0699233,-2.29174,12.2659,28.2783,47.0136,90.9266,170.852,162.125,156.201,149.586,142.949,121.555,93.8209,76.396,60.6373,49.0768,36.1679,23.7349,15.1527,10.1503,4.92859,-0.402276,260.289,260.231,253.787,253.787
29.204240322113037,0.0022215262055397035,0.9999847412109375,0.0,5,0.0292411,5.0,19204.1,283.727,-0.0902127,-2.27001,12.3374,28.4267,47.2315,91.2199,168.993,160.315,154.437,147.892,141.365,120.907,93.1264,75.7315,60.039,48.5505,35.7454,23.4357,14.952,10.012,4.85919,-0.410841,260.538,260.482,254.012,254.012
29.224509477615356,0.0022215262055397035,0.9999847412109375,0.0,5,0.0289856,5.0,19218.5,283.996,-0.101872,-2.24083,12.4085,28.5749,47.4499,91.5195,167.126,158.498,152.664,146.185,139.763,120.21,92.4022,75.0474,59.4288,48.0169,35.3197,23.1358,14.7514,9.87396,4.79012,-0.419355,260.783,260.729,254.204,254.204
29.2476224899292,0.0022215262055397035,0.9999847412109375,0.0,5,0.0287413,5.0,19235.2,284.261,-0.107331,-2.20439,12.4793,28.723,47.6695,91.8261,165.253,156.672,150.882,144.468,138.144,119.462,91.6466,74.3427,58.8059,47.4754,34.8901,22.8346,14.5506,9.73612,4.72128,-0.427832,261.026,260.975,254.423,254.423
29.271361112594604,0.0022215262055397035,0.9999847412109375,0.0,5,0.028504,5.0,19252.9,284.522,-0.109664,-2.17765,12.5495,28.8699,47.8874,92.1323,163.374,154.841,149.094,142.744,136.515,118.689,90.8779,73.6304,58.1796,46.9328,34.4612,22.535,14.3513,9.59941,4.65309,-0.436222,261.267,261.216,254.657,254.657
29.292153358459473,0.0022215262055397035,0.9999847412109375,0.0,5,0.0282665,5.0,19270.9,284.779,-0.110687,-2.1306,12.6193,29.0156,48.1032,92.434,161.491,153.006,147.303,141.015,134.88,117.915,90.1073,72.9172,57.5532,46.3905,34.033,22.2362,14.1527,9.46328,4.58525,-0.444567,261.508,261.458,254.896,254.896
29.312865495681763,0.0017785374075174332,0.9999847412109375,0.0,5,0.0280234,5.0,19288.1,285.035,-0.112846,-2.08576,12.6884,29.1595,48.3151,92.7251,159.606,151.17,145.511,139.287,133.245,117.163,89.3493,72.2125,56.9328,45.8529,33.6081,21.9395,13.9555,9.32805,4.51784,-0.452858,261.744,261.693,255.124,255.124
29.33434247970581,0.0017785374075174332,0.9999847412109375,0.0,5,0.0277854,5.0,19297.6,285.296,-0.11284,-2.00075,12.757,29.3023,48.5257,93.0156,157.717,149.329,143.713,137.552,131.6,116.389,88.5798,71.501,56.309,45.314,33.1834,21.6437,13.7593,9.19367,4.45094,-0.461081,261.982,261.932,255.249,255.249
29.357049703598022,0.0017785374075174332,0.9999847412109375,0.0,5,0.0275532,5.0,19315.2,285.547,-0.11164,-1.93259,12.8251,29.4441,48.735,93.306,155.822,147.482,141.91,135.811,129.947,115.593,87.7972,70.782,55.6815,44.7735,32.7589,21.349,13.564,9.06012,4.38454,-0.469238,262.213,262.164,255.481,255.481
29.37817120552063,0.0017785374075174332,0.9999847412109375,0.0,5,0.0273218,5.0,19334.6,285.794,-0.110625,-1.87771,12.8927,29.5847,48.9422,93.5925,153.923,145.632,140.103,134.065,128.288,114.792,87.0112,70.061,55.0537,44.2333,32.3352,21.0553,13.3697,8.92728,4.31853,-0.477343,262.443,262.395,255.737,255.737
29.39969229698181,0.0017785374075174332,0.9999847412109375,0.0,5,0.0270779,5.0,19352.5,286.038,-0.112062,-1.79853,12.9594,29.7223,49.143,93.8602,152.024,143.783,138.298,132.324,126.635,114.048,86.2588,69.3631,54.4412,43.7042,31.9187,20.7657,13.1778,8.79594,4.25321,-0.485367,262.673,262.621,255.975,255.975
29.42337131500244,0.0013847589492797852,0.9999847412109375,0.0,5,0.0268324,5.0,19357.9,286.293,-0.113666,-1.69527,13.0255,29.8584,49.3409,94.1214,150.122,141.931,136.491,130.58,124.978,113.309,85.5096,68.6676,53.8311,43.1773,31.5042,20.4776,12.987,8.66545,4.18835,-0.493334,262.9,262.848,256.051,256.051
29.444385290145874,0.0013847589492797852,0.9999847412109375,0.0,5,0.0266583,5.0,19374.1,286.535,-0.109949,-1.57257,13.0921,30.0,49.5556,94.4482,148.196,140.05,134.65,128.793,123.262,112.268,84.5878,67.8615,53.1537,42.6079,31.0678,20.1811,12.7934,8.53404,4.1236,-0.501249,263.12,263.084,256.26,256.26
29.465949773788452,0.0013847589492797852,0.9999847412109375,0.0,5,0.0265468,5.0,19393.9,286.772,-0.0925344,-1.49339,13.1593,30.1467,49.7856,94.8334,146.249,138.144,132.779,126.969,121.496,110.929,83.515,66.9589,52.418,42.0015,30.6124,19.8772,12.5972,8.40177,4.0589,-0.509125,263.332,263.308,256.52,256.52
29.48931908607483,0.0013847589492797852,0.9999847412109375,0.0,5,0.0264424,5.0,19413.6,287.005,-0.0775779,-1.38703,13.2261,30.2932,50.0158,95.2221,144.296,136.232,130.902,125.139,119.723,109.505,82.4259,66.047,51.6773,41.3926,30.1565,19.5736,12.4015,8.26999,3.99452,-0.516959,263.553,263.53,256.782,256.782
29.511885404586792,0.0013847589492797852,0.9999847412109375,0.0,5,0.0263281,5.0,19425.0,287.242,-0.0697456,-1.28727,13.2926,30.438,50.242,95.598,142.342,134.321,129.027,123.312,117.954,108.071,81.3589,65.1497,50.9463,40.7906,29.7045,19.2722,12.207,8.1389,3.93043,-0.524761,263.767,263.743,256.962,256.962
29.53345823287964,0.0013847589492797852,0.9999847412109375,0.0,5,0.026217,5.0,19430.5,287.485,-0.0629425,-1.10406,13.3587,30.5821,50.4676,95.9739,140.383,132.405,127.147,121.48,116.181,106.595,80.2842,64.2483,50.2135,40.1879,29.253,18.9714,12.0132,8.00833,3.86663,-0.532524,263.991,263.968,257.007,257.007
29.55675435066223,0.0013847589492797852,0.9999847412109375,0.0,5,0.0261073,5.0,19449.2,287.713,-0.0582342,-0.966194,13.4245,30.7257,50.6922,96.3482,138.42,130.485,125.264,119.645,114.404,105.09,79.2049,63.3448,49.4801,39.5854,28.802,18.6714,11.8199,7.8782,3.80308,-0.540255,264.202,264.179,257.252,257.252
29.576181173324585,0.0013847589492797852,0.9999847412109375,0.0,5,0.0259942,5.0,19471.2,287.934,-0.0557333,-0.857722,13.49,30.8681,50.9143,96.716,136.454,128.563,123.379,117.809,112.628,103.573,78.1331,62.4468,48.7508,38.986,28.3533,18.3728,11.6276,7.74869,3.73983,-0.54795,264.412,264.389,257.543,257.543
29.59974455833435,0.0013847589492797852,0.9999847412109375,0.0,6,0.0258677,5.0,19489.2,288.156,-0.0567794,-0.730693,13.5549,31.0084,51.1313,97.067,134.488,126.642,121.497,115.977,110.858,102.065,77.0908,61.5684,48.0343,38.3954,27.9099,18.077,11.4367,7.62005,3.67694,-0.555605,264.619,264.592,257.783,257.783
29.619959592819214,0.0013847589492797852,0.9999847412109375,0.0,6,0.0257387,6.0,17816.3,287.869,-0.0576462,-0.529666,13.6197,31.1481,51.3469,97.4141,132.519,124.719,119.613,114.145,109.088,100.54,76.0476,60.6896,47.3175,37.8048,27.4665,17.7813,11.2459,7.49152,3.61412,-0.563252,264.632,264.605,253.953,253.925
29.642446994781494,0.0013847589492797852,0.9999847412109375,0.0,6,0.0256097,6.0,17771.4,287.267,-0.0578653,-0.321932,13.6839,31.2865,51.5604,97.8174,130.552,122.798,117.731,112.314,107.319,99.0047,75.0072,59.8138,46.6039,37.2171,27.0258,17.4876,11.0565,7.36392,3.55176,-0.570839,264.132,264.105,253.419,253.392
29.663851022720337,0.0004986856132745743,0.9999847412109375,0.0,6,0.0254628,6.0,17489.7,286.624,-0.0622183,-0.218175,13.7473,31.4216,51.7663,99.6086,128.591,120.886,115.859,110.496,105.566,97.4894,74.0092,58.9667,45.9091,36.6426,26.593,17.1981,10.8695,7.23773,3.49002,-0.578359,263.573,263.542,252.516,252.297
29.685916900634766,0.00030174851417541504,0.9999847412109375,0.0,6,0.0253515,6.0,17763.0,286.56,-0.0712078,-0.0921396,13.811,31.5599,51.9813,138.329,126.62,118.962,113.973,108.66,103.789,95.9047,72.9297,58.0679,45.1833,36.0485,26.1503,16.9047,10.681,7.11107,3.42828,-0.585862,263.201,263.179,256.306,256.306
29.70892906188965,0.0,0.9999847412109375,0.0,6,0.0253339,6.0,17765.1,286.769,-0.0548854,0.0237904,13.8758,31.7068,52.2212,136.294,124.622,117.004,112.049,106.776,101.95,94.1726,71.6511,57.0438,44.3824,35.4073,25.6833,16.6017,10.4891,6.98311,3.36649,-0.593333,263.335,263.332,256.362,256.362
29.73237419128418,0.0,0.9999847412109375,0.0,6,0.0253488,6.0,17772.2,286.972,-0.0347117,0.195711,13.9409,31.8565,52.4694,134.249,122.61,115.032,110.108,104.875,100.089,92.3933,70.3085,55.98,43.558,34.7515,25.2091,16.2962,10.2964,6.85499,3.30481,-0.600778,263.522,263.525,256.445,256.445
29.753369331359863,0.00030174851417541504,0.9999847412109375,0.0,6,0.0253681,6.0,17787.1,287.165,-0.0196263,0.303236,14.0058,32.0062,52.7184,132.197,120.593,113.055,108.164,102.969,98.2237,90.6092,68.9615,54.9138,42.7327,34.0955,24.7351,15.9909,10.104,6.72711,3.24326,-0.608206,263.699,263.703,256.657,256.657
29.77488136291504,0.0,0.9999847412109375,0.0,6,0.025383,6.0,17804.8,287.357,-0.0102041,0.344558,14.071,32.1562,52.9672,130.14,118.573,111.076,106.217,101.063,96.3586,88.8287,67.6186,53.8493,41.9076,33.439,24.2603,15.6848,9.91102,6.59874,3.18145,-0.615667,263.875,263.878,256.913,256.913
29.796767473220825,0.0,0.9999847412109375,0.0,6,0.0253922,6.0,17820.4,287.55,-0.00491787,0.348837,14.1357,32.3046,53.2127,128.078,116.55,109.096,104.271,99.1579,94.4973,87.0611,66.2972,52.7999,41.0929,32.79,23.7903,15.3815,9.7196,6.47138,3.1201,-0.623075,264.052,264.054,257.14,257.14
29.820230722427368,0.0,0.9999847412109375,0.0,6,0.0253984,6.0,17826.2,287.754,-0.00202001,0.38847,14.2007,32.4535,53.4587,126.011,114.523,107.112,102.322,97.2506,92.6342,85.2935,64.9754,51.7491,40.2763,32.1391,23.3187,15.0769,9.52727,6.34338,3.05842,-0.630524,264.236,264.237,257.224,257.224
29.841245889663696,0.00030174851417541504,0.9999847412109375,0.0,6,0.0254013,6.0,17841.4,287.946,-0.000708051,0.408605,14.2656,32.602,53.7036,123.939,112.492,105.125,100.37,95.3424,90.7715,83.5307,63.6607,50.7029,39.4627,31.4902,22.8481,14.7728,9.33519,6.21552,2.99679,-0.637969,264.416,264.417,257.441,257.441
29.862199544906616,0.0,0.9999847412109375,0.0,6,0.0254025,6.0,17855.9,288.139,-0.000202337,0.406339,14.3305,32.7505,53.9483,121.86,110.456,103.135,98.4157,93.4319,88.9073,81.7686,62.3479,49.6577,38.6495,30.8414,22.3775,14.4686,9.14297,6.08755,2.93509,-0.645421,264.594,264.594,257.652,257.652
29.884254693984985,0.00030174851417541504,0.9999847412109375,0.0,6,0.0254028,6.0,17868.5,288.332,-8.13658e-05,0.438286,14.3956,32.8993,54.1935,119.776,108.416,101.141,96.4576,91.5185,87.0408,80.0047,61.0328,48.6103,37.8343,30.191,21.9056,14.1635,8.95016,5.95918,2.8732,-0.652898,264.774,264.774,257.835,257.835
29.905930757522583,0.00030174851417541504,0.9999847412109375,0.0,6,0.0254031,6.0,17874.4,288.531,-3.46445e-05,0.489618,14.4605,33.0477,54.438,117.684,106.37,99.1423,94.4966,89.603,85.1732,78.2426,59.7218,47.5662,37.0217,29.5426,21.4352,13.8593,8.75797,5.83122,2.81151,-0.660351,264.952,264.952,257.924,257.924
29.92948007583618,0.0004986856132745743,0.9999847412109375,0.0,6,0.0254033,6.0,17885.1,288.723,1.22356e-05,0.566795,14.5258,33.1968,54.6837,115.586,104.319,97.1389,92.531,87.6832,83.3017,76.4758,58.4038,46.5165,36.2047,28.8907,20.9622,13.5535,8.56474,5.70256,2.74948,-0.667845,265.133,265.133,258.075,258.075
29.950852870941162,0.0004986856132745743,0.9999847412109375,0.0,6,0.0254033,6.0,17898.2,288.912,-1.48389e-05,0.624536,14.5906,33.3451,54.9279,113.481,102.263,95.1321,90.5629,85.7621,81.4301,74.7132,57.0943,45.4735,35.393,28.2429,20.4922,13.2496,8.3727,5.5747,2.68783,-0.675292,265.307,265.307,258.262,258.262
29.97278642654419,0.0004986856132745743,0.9999847412109375,0.0,6,0.0254031,6.0,17912.1,289.099,-7.69901e-05,0.685605,14.6559,33.4942,55.1734,111.369,100.201,93.1201,88.5901,83.8368,79.5548,72.9459,55.7774,44.4247,34.5766,27.5915,20.0195,12.944,8.17956,5.4461,2.62582,-0.682783,265.482,265.482,258.464,258.464
29.994033575057983,0.0004986856132745743,0.9999847412109375,0.0,6,0.0254028,6.0,17924.2,289.286,-0.000181918,0.735595,14.7208,33.6425,55.4177,109.251,98.1338,91.1045,86.6144,81.9097,77.6788,71.1817,54.4674,43.3812,33.7644,26.9433,19.5491,12.6399,7.98737,5.31814,2.56413,-0.690237,265.653,265.653,258.643,258.643
30.01705765724182,0.0004986856132745743,0.9999847412109375,0.0,6,0.0254031,6.0,17930.0,289.48,-0.000113893,0.824355,14.786,33.7916,55.6634,107.124,96.0604,89.0831,84.6336,79.978,75.7987,69.4124,53.1496,42.3318,32.9477,26.2916,19.0763,12.3342,7.79421,5.18953,2.50212,-0.697728,265.829,265.83,258.723,258.723
30.038253784179688,0.0004986856132745743,0.9999847412109375,0.0,6,0.0254031,6.0,17943.0,289.665,-0.000114283,0.889633,14.8512,33.9406,55.9089,104.99,93.9811,87.057,82.6489,78.0433,73.9167,67.6432,51.8333,41.2834,32.1317,25.6404,18.6039,12.0287,7.60118,5.061,2.44015,-0.705214,266.001,266.001,258.908,258.908
30.060917854309082,0.0004986856132745743,0.9999847412109375,0.0,6,0.0254031,6.0,17957.3,289.847,-0.000129005,0.930369,14.9165,34.0898,56.1547,102.848,91.8955,85.0258,80.6599,76.1052,72.032,65.8726,50.5152,40.2336,31.3145,24.9884,18.1307,11.7228,7.40786,4.93229,2.37809,-0.712711,266.17,266.17,259.116,259.116
30.083784580230713,0.0004986856132745743,0.9999847412109375,0.0,6,0.0254027,6.0,17970.2,290.031,-0.000204191,0.973312,14.9819,34.2393,56.4008,100.697,89.8035,82.9894,78.6662,74.1633,70.1444,64.0998,49.1948,39.1818,30.4959,24.3351,17.6567,11.4163,7.21418,4.80333,2.31591,-0.720223,266.339,266.339,259.302,259.302
30.10417628288269,0.0004986856132745743,0.9999847412109375,0.0,6,0.0254032,6.0,17975.4,290.222,-0.000152692,1.03723,15.0473,34.3888,56.6471,98.5386,87.7047,80.9474,76.6679,72.2178,68.2542,62.3263,47.8742,38.1301,29.6774,23.682,17.1829,11.11,7.02059,4.67444,2.25377,-0.72773,266.51,266.51,259.379,259.379
30.125818014144897,0.0004986856132745743,0.9999847412109375,0.0,6,0.0254033,6.0,17987.3,290.404,-0.000104425,1.10669,15.1128,34.5384,56.8937,96.3709,85.5991,78.8998,74.6649,70.2685,66.3612,60.5512,46.5521,37.077,28.8578,23.028,16.7084,10.8032,6.82672,4.54536,2.19154,-0.735248,266.681,266.681,259.548,259.548
30.148662567138672,0.0004986856132745743,0.9999847412109375,0.0,6,0.0254031,6.0,18001.1,290.584,-0.000156998,1.14536,15.1783,34.688,57.142,94.1944,83.4864,76.8467,72.6574,68.3158,64.4661,58.7764,45.2312,36.025,28.039,22.3745,16.2342,10.4966,6.63299,4.41637,2.12934,-0.742762,266.846,266.846,259.746,259.746
30.17079210281372,0.0010401908308267595,0.917633056640625,0.180389404296875,6,0.0254028,6.0,18014.1,290.763,-0.000234955,1.19548,15.2437,34.8376,57.6441,92.0088,81.3666,74.7879,70.6451,66.3595,62.5685,57.0005,43.9098,34.9725,27.2197,21.7208,15.7599,10.1899,6.43915,4.2873,2.06711,-0.750279,267.013,267.013,259.936,259.936
30.193641424179077,0.0013847589492797852,0.51763916015625,0.2784271240234375,6,0.0253412,6.0,17918.2,290.525,-0.00259901,1.24542,15.3084,34.9808,58.8565,89.8256,79.2541,72.7402,68.6475,64.4231,60.6977,55.2774,42.6613,33.9656,26.4276,21.0839,15.294,9.88638,6.2464,4.15858,2.00484,-0.757817,264.0,263.986,258.583,258.583
30.21490979194641,0.0017785374075174332,0.0,0.368621826171875,6,0.0252225,6.0,17715.1,289.568,-0.018513,1.32835,15.3716,35.1164,101.232,87.6492,77.153,70.708,66.6686,62.5101,58.8576,53.6069,41.4883,33.0082,25.6668,20.4679,14.8402,9.58872,6.0565,4.03144,1.94314,-0.765296,261.61,261.584,255.675,255.675
30.23604679107666,0.004485584795475006,0.0,0.4509735107421875,6,0.0250812,6.0,17424.3,287.834,-0.0250825,1.3692,15.4339,35.2484,99.0302,85.4783,75.0602,68.6859,64.7015,60.6112,57.0336,51.9566,40.3438,32.0701,24.919,19.8612,14.3921,9.29426,5.86839,3.9054,1.88193,-0.77272,258.787,258.755,251.338,251.698
30.258176803588867,0.011375798285007477,0.0,0.5058746337890625,6,0.024852,6.0,17260.9,285.676,-0.0253629,1.40854,15.4939,35.3682,96.844,83.3295,72.9952,66.6963,62.771,58.7551,55.261,50.381,39.3119,31.2062,24.2183,19.2863,13.9625,9.00908,5.68499,3.78204,1.82176,-0.780034,255.793,255.746,248.99,249.347
30.280861377716064,0.024417495727539065,0.0,0.5450897216796875,6,0.0240474,6.0,17095.3,283.329,-0.0748826,1.45776,15.5432,35.4207,94.7417,81.2905,71.0661,64.867,61.0226,57.1142,53.7503,49.2084,38.9636,30.7738,23.7794,18.879,13.6228,8.76298,5.51826,3.66666,1.76372,-0.787206,252.901,252.732,246.668,246.901
30.301899671554565,0.04444715715944767,0.0,0.572540283203125,6,0.0219189,6.0,16936.3,280.847,-0.269744,1.56548,15.5678,35.3193,92.8262,79.4926,69.4335,63.3839,59.6649,55.9284,52.7787,48.7636,40.3329,31.3965,23.9657,18.8662,13.4911,8.60644,5.38959,3.56957,1.71065,-0.794028,250.011,249.566,244.711,244.277
30.324147939682007,0.0627541694790125,0.0,0.588226318359375,6,0.0174611,6.0,16765.7,278.291,-0.74039,1.64484,15.5494,34.955,91.2315,78.1028,68.2944,62.468,58.9346,55.45,52.6,49.2039,44.3617,34.336,25.4398,19.6306,13.7509,8.61164,5.32798,3.50432,1.6662,-0.800238,247.098,246.167,242.744,241.329
30.345943212509155,0.09306879192590714,0.0,0.5999908447265625,6,0.0102214,6.0,16595.2,275.683,-1.57113,1.6899,15.479,34.2935,90.0094,77.1775,67.7024,62.1595,58.8542,55.663,53.1338,50.2794,46.8466,41.7023,29.2648,21.6822,14.5983,8.84131,5.35627,3.48171,1.63395,-0.805479,244.212,242.689,240.589,238.568
30.36778998374939,0.11546016670763493,0.0,0.6078338623046875,6,-0.000109911,6.0,16421.2,273.03,-2.66175,1.75015,15.3502,33.3324,89.1837,76.7356,67.66,62.4387,59.3785,56.4817,54.2448,51.8156,49.1057,45.9263,38.7208,26.3059,16.4337,9.40009,5.50786,3.51669,1.61883,-0.809241,241.255,238.981,238.423,235.718
30.389684915542603,0.14400292970240117,0.0,0.6235198974609375,6,-0.0132202,6.0,16249.8,270.351,-4.04612,1.81203,15.1682,32.1454,88.6905,76.6861,68.0406,63.1447,60.3183,57.6859,55.691,53.5768,51.3073,48.8262,44.763,37.2573,20.0415,10.4251,5.81445,3.62126,1.62477,-0.811067,237.84,234.846,236.241,232.933
30.41141438484192,0.17156139016151428,0.0,0.5447089155186404,6,-0.028014,6.0,16067.1,267.651,-5.44643,1.89545,14.9499,30.8677,88.3734,76.8264,68.6012,64.0045,61.3818,58.9676,57.1619,55.2761,53.2936,51.192,47.9779,43.6633,27.207,12.0921,6.301,3.80291,1.65482,-0.810516,233.488,229.84,233.825,230.115
30.434927463531494,0.21053684093058112,0.0,0.5282838032799828,6,-0.0438651,6.0,15921.9,265.039,-6.82199,1.92626,14.7047,29.5699,88.1458,77.049,69.2177,64.8874,62.4394,60.2041,58.5474,56.8327,55.0529,53.196,50.4389,46.9798,38.5777,14.7801,7.01509,4.07417,1.71186,-0.807297,231.049,226.865,231.853,227.876
30.457752227783203,0.24360685944557192,0.0,0.5114767091533576,6,-0.0606227,6.0,15760.3,262.533,-8.15567,1.92732,14.4354,28.2718,43.1502,77.3227,69.86,65.7688,63.4717,61.3872,59.8514,58.2721,56.6456,54.965,52.5091,49.5184,43.0925,19.3939,8.04589,4.45654,1.79941,-0.801175,227.527,222.866,229.635,225.427
30.47782802581787,0.2635866403579712,0.0,0.49822785134165315,6,-0.0781284,6.0,15600.8,260.048,-9.47925,1.92983,14.1448,26.9899,39.3464,77.6218,70.5029,66.6267,64.4613,62.506,61.071,59.6027,58.0978,56.553,54.3166,51.6379,46.1428,28.3438,9.53144,4.97647,1.92069,-0.792002,223.98,218.889,227.429,223.028
30.49976873397827,0.2896685991436243,0.0,0.48204134769548546,6,-0.0956697,6.0,15450.5,257.574,-10.6831,1.95584,13.8417,25.7669,36.4248,77.8538,71.0482,67.3622,65.3119,63.4657,62.116,60.7387,59.3317,57.8946,55.8255,53.3722,48.4567,36.3315,11.647,5.65631,2.07789,-0.77963,220.463,215.03,225.27,220.829
30.522086143493652,0.31141995228827,0.0,0.46523414816140757,6,-0.112229,6.0,15300.3,255.147,-11.5402,1.98996,13.5375,24.6483,34.0924,77.9062,71.3752,67.853,65.8996,64.1457,62.8662,61.563,60.2362,58.884,56.9458,54.6614,50.1481,39.7786,14.5866,6.5053,2.27074,-0.764045,216.887,211.261,223.016,218.758
30.54450535774231,0.3225908908993006,0.0,0.453878002954898,6,-0.127735,6.0,15153.0,252.765,-12.1215,1.98888,13.2314,23.6187,32.1354,77.7876,71.4992,68.1199,66.2506,64.5751,63.3549,62.115,60.8541,59.5721,57.7404,55.5904,51.381,42.0469,18.7267,7.54863,2.5003,-0.745274,213.56,207.824,220.787,216.728
30.566848754882812,0.3225908908993006,0.0,0.44514957982114994,6,-0.142253,6.0,15008.2,250.406,-12.4517,1.97555,12.9219,22.6598,30.4358,77.5229,71.4507,68.1974,66.4013,64.7946,63.6262,62.4398,61.236,60.0139,58.2709,56.2329,52.2669,43.6606,24.7031,8.81733,2.76746,-0.723385,210.629,204.808,218.592,214.739
30.588327646255493,0.3225908908993006,0.0,0.4364211566874019,6,-0.156126,6.0,14865.6,248.053,-12.6002,1.97461,12.6051,21.7457,28.8988,77.163,71.2865,68.1474,66.4181,64.8722,63.7498,62.6119,61.4579,60.288,58.6234,56.6805,52.9192,44.8778,29.0837,10.3636,3.07422,-0.698441,208.318,202.525,216.456,212.755
30.61074423789978,0.28435378670692446,0.0,0.4392676530562312,6,-0.169429,6.0,14733.6,245.724,-12.5871,2.00424,12.2801,20.8669,27.4864,76.7243,71.0263,67.992,66.3222,64.8325,63.7515,62.6564,61.5477,60.4247,58.8285,56.9706,53.3864,45.8059,31.6658,12.2424,3.4216,-0.670528,206.214,200.503,214.479,210.902
30.632943630218506,0.2197393659502268,0.0,0.4718925721535106,6,-0.181545,6.0,14593.8,243.409,-12.3297,2.04989,11.9517,20.0397,26.2253,76.1507,70.6106,67.6694,66.0538,64.6132,63.5695,62.5129,61.4435,60.362,58.8269,57.0424,53.6113,46.4157,33.4043,14.4604,3.80739,-0.639682,204.665,199.154,212.326,209.038
30.654128074645996,0.15945535935461522,0.0,0.49950458992060703,6,-0.192252,6.0,14434.2,241.067,-11.8949,2.0627,11.6216,19.264,25.1079,75.4306,70.0282,67.1699,65.6024,64.2059,63.1947,62.1725,61.1387,60.0935,58.6124,56.8931,53.5966,46.7306,34.5802,17.0151,4.22841,-0.606072,203.167,197.932,209.881,206.883
30.677133560180664,0.12933786548674106,0.0,0.572540283203125,6,-0.201214,6.0,14275.3,238.675,-11.241,2.05344,11.2925,18.5439,24.1406,74.541,69.2566,66.4713,64.9455,63.5884,62.606,61.6137,60.6115,59.5991,58.1651,56.504,53.3261,46.7471,35.2982,19.5198,4.67842,-0.569961,202.032,197.077,207.405,204.773
30.698246479034424,0.1088165793567896,0.0,0.572540283203125,6,-0.208568,6.0,14091.4,236.195,-10.3548,2.05709,10.9634,17.8683,23.2999,73.5045,68.3231,65.6023,64.1139,62.7917,61.8357,60.8703,59.8961,58.9132,57.5222,55.913,52.8419,46.5201,35.6722,21.2047,5.15341,-0.531581,199.393,194.858,204.579,202.304
30.720683813095093,0.09611992873251439,0.0,0.5764617919921875,6,-0.214583,6.0,13945.1,233.665,-9.33572,2.06085,10.6327,17.2333,22.5608,72.3542,67.2653,64.6028,63.1487,61.8582,60.9264,59.9858,59.0373,58.0813,56.7302,55.1686,52.1961,46.1097,35.794,22.3611,5.65036,-0.491168,197.583,193.389,202.323,200.308
30.742445707321167,0.07579538822174073,0.0,0.58038330078125,6,-0.219283,6.0,13810.1,231.138,-8.14175,2.10931,10.3004,16.6468,21.9196,71.0975,66.093,63.4838,62.0613,60.8002,59.8904,58.9732,58.0486,57.1177,55.8036,54.2867,51.4063,45.5383,35.707,23.1483,6.16486,-0.448905,195.894,192.138,200.167,198.58
30.764219522476196,0.05615288988113404,0.0,0.58038330078125,6,-0.222971,6.0,13663.5,228.632,-6.96508,2.12681,9.96539,16.1009,21.3599,69.7659,64.8406,62.2814,60.8889,59.6554,58.7667,57.8714,56.9697,56.0624,54.7834,53.3091,50.5162,44.8547,35.4718,23.6786,6.69425,-0.405058,194.458,191.12,197.919,196.601
30.78679323196411,0.037647056776486956,0.0,0.5843048095703125,6,-0.225876,6.0,13518.4,226.143,-5.87955,2.12036,9.62739,15.5907,20.8717,68.3823,63.5332,61.0219,59.6581,58.4514,57.5828,56.7087,55.8291,54.9446,53.6993,52.2662,49.557,44.0931,35.1293,24.0206,7.23594,-0.359883,193.201,190.28,195.723,194.609
30.807969093322754,0.02736471696019173,0.0,0.5843048095703125,6,-0.228075,6.0,13372.2,223.664,-4.89579,2.11397,9.28745,15.1171,20.459,66.9549,62.1798,59.7149,58.3788,57.1981,56.349,55.4954,54.6373,53.775,52.5624,51.1691,48.5411,43.2674,34.6985,24.2123,7.78569,-0.31367,192.022,189.468,193.517,192.595
30.831406593322754,0.018547244922161723,0.0,0.58038330078125,6,-0.229786,6.0,13227.8,221.211,-4.02677,2.11354,8.94555,14.6771,20.118,65.5036,60.8016,58.3824,57.0735,55.9183,55.0884,54.2549,53.4178,52.5773,51.3967,50.0423,47.4933,42.4035,34.2088,24.2924,8.34192,-0.266657,190.641,188.578,191.362,190.581
30.853639602661133,0.01615065080867149,0.0,0.572540283203125,5,-0.231071,6.0,13095.0,218.797,-3.27108,2.13425,8.60273,14.2723,19.8588,64.0339,59.4046,57.0305,55.7485,54.6185,53.8076,52.9938,52.1773,51.3583,50.2091,48.8927,46.421,41.5093,33.6704,24.2794,8.8653,-0.219085,188.937,187.339,189.402,188.689
30.8741455078125,0.016433403831906616,0.0,0.54901123046875,5,-0.231924,5.0,14216.7,216.5,-2.59015,2.16982,8.25999,13.9063,19.7004,62.5449,57.9879,55.6587,54.4034,53.2982,52.5061,51.7119,50.9157,50.1179,48.9996,47.7207,45.3246,40.5858,33.0866,24.1853,9.3191,-0.171133,187.01,185.834,187.954,187.755
30.89718008041382,0.022597247903468086,0.0,0.5137176513671875,5,-0.232551,5.0,14157.4,214.337,-2.01331,2.17681,7.92442,13.5769,19.6513,61.0539,56.5698,54.2855,53.0567,51.9764,51.2029,50.4281,49.6522,48.8753,47.7876,46.5455,44.2238,39.6533,32.478,24.0329,9.71197,-0.122902,185.446,184.572,186.184,186.059
30.918238401412964,0.0510327442785725,0.0,0.494110107421875,5,-0.23349,5.0,13871.3,212.22,-1.57357,2.16086,7.60775,13.2719,19.6935,59.6048,55.1953,52.9564,51.7543,50.6989,49.9441,49.1886,48.4327,47.6766,46.6191,45.4133,43.1643,38.756,31.8861,23.8583,10.0553,-0.0745127,184.328,183.639,183.864,183.305
30.94050693511963,0.09157964455033031,0.0,0.48626708984375,5,-0.236001,5.0,13730.1,210.097,-1.33274,2.14359,7.30387,12.955,19.7078,58.3003,53.9681,51.7756,50.6007,49.5703,48.8339,48.0976,47.3615,46.6259,45.5978,44.4271,42.2477,37.9915,31.3984,23.7333,10.3713,-0.0259661,183.146,182.243,182.171,181.232
30.963133335113525,0.17483696655778838,0.0,0.42162612853187315,5,-0.233998,5.0,13592.6,208.041,-1.44075,2.12835,7.00485,12.5821,19.4937,57.2479,52.9956,50.8504,49.7027,48.697,47.9787,47.2609,46.544,45.828,44.8278,43.6899,41.5751,37.4555,31.0996,23.7263,10.6842,0.0225932,181.338,179.958,180.655,179.107
30.98420000076294,0.23105478341598062,0.0,0.40277690433866836,5,-0.226466,5.0,13495.4,206.132,-1.93337,2.12554,6.70317,12.1135,18.8308,56.5361,52.3643,50.2662,49.1451,48.1636,47.4626,46.7623,46.0631,45.3653,44.3912,43.2827,41.2253,37.2222,31.0546,23.892,11.0168,0.0689023,179.812,177.606,179.835,177.32
31.006871700286865,0.28982222778342354,0.0,0.3795468337392234,5,-0.223381,5.0,13376.2,204.321,-2.95639,2.14625,6.3964,11.5478,17.7282,56.1659,52.0716,50.0186,48.9229,47.9643,47.28,46.5962,45.9132,45.2318,44.2809,43.1993,41.1909,37.2841,31.2594,24.2336,11.3794,0.112877,177.697,174.341,178.716,175.313
31.029069662094116,0.33011257196893296,0.0,0.3636205407043703,5,-0.223291,5.0,13251.9,202.576,-4.35817,2.12561,6.08978,10.9308,16.4465,56.0274,52.0036,49.9933,48.9212,47.9837,47.3147,46.6465,45.9792,45.313,44.3828,43.3252,41.3606,37.5358,31.6235,24.6871,11.7608,0.154905,175.169,170.702,177.406,173.336
31.050125122070312,0.36669358717932055,0.0,0.34638938613115633,5,-0.224864,5.0,13126.3,200.853,-5.96356,2.07582,5.78931,10.3063,15.1824,56.0161,52.0534,50.0812,49.0308,48.1128,47.4578,46.8038,46.1509,45.4992,44.5892,43.5533,41.6291,37.8777,32.0602,25.1894,12.1478,0.195152,172.453,167.042,175.986,171.433
31.07177472114563,0.39846865980606516,0.0,0.3285859032576962,5,-0.227183,5.0,12998.5,199.151,-7.60004,1.98365,5.49942,9.70558,14.0316,56.0413,52.1321,50.1916,49.1611,48.2609,47.6189,46.978,46.3382,45.6998,44.8086,43.7943,41.9078,38.2256,32.4976,25.6864,12.5265,0.233795,169.723,163.517,174.42,169.617
31.094350814819336,0.4466413068558773,0.0,0.2973956998082113,5,-0.229357,5.0,12874.6,197.467,-9.17602,1.85433,5.2223,9.14258,13.0125,56.0534,52.1902,50.2785,49.2639,48.3796,47.7496,47.1207,46.4931,45.867,44.9931,43.9989,42.1499,38.5351,32.8944,26.1458,12.8877,0.270906,167.029,160.177,172.778,167.976
31.117128372192383,0.45906029468980614,0.0,0.28039160134171554,5,-0.230898,5.0,12768.2,195.817,-10.5901,1.7126,4.95882,8.62187,12.1183,56.0235,52.2003,50.3133,49.3134,48.4421,47.822,47.2041,46.5879,45.9732,45.1155,44.14,42.3265,38.7785,33.2276,26.5495,13.2258,0.306517,164.685,157.374,171.329,166.598
31.13821840286255,0.46388959362669846,0.0,0.2663486381750166,5,-0.231839,5.0,12656.6,194.195,-11.8377,1.55175,4.70904,8.14264,11.3329,55.9367,52.1492,50.2836,49.297,48.438,47.8268,47.2179,46.6112,46.007,45.1646,44.2067,42.4268,38.9453,33.4864,26.8877,13.5368,0.340706,162.679,155.019,169.819,165.152
31.160793781280518,0.4686563677314856,0.0,0.25002614717147015,5,-0.231819,5.0,12549.3,192.594,-12.8892,1.38787,4.47285,7.70344,10.6425,18.8775,52.0287,50.1836,49.2081,48.3601,47.7575,47.1572,46.5591,45.9636,45.1345,44.1934,42.4454,39.0292,33.6649,27.1558,13.8185,0.373487,160.953,153.053,168.296,163.83
31.18321943283081,0.47334870751233776,0.0,0.2217229465015742,5,-0.230662,5.0,12449.5,191.018,-13.7146,1.23663,4.2496,7.30163,10.034,16.3669,51.8372,50.0103,49.0458,48.2075,47.6122,47.0199,46.4303,45.8432,45.0261,44.0993,42.382,39.0291,33.763,27.3523,14.0692,0.404861,159.552,151.551,166.866,162.614
31.20566415786743,0.4779040881371498,0.0,0.16471128119769493,5,-0.228749,5.0,12361.8,189.488,-14.3378,1.08788,4.03859,6.93224,9.49225,14.9452,51.583,49.7728,48.8188,47.99,47.4016,46.8162,46.2341,45.6553,44.8499,43.9366,42.247,38.9555,33.7887,27.4839,14.2905,0.434884,158.836,150.842,165.63,161.518
31.225789785385132,0.48221234680649827,0.0,0.0722612647231677,5,-0.226118,5.0,12307.4,188.041,-14.7836,0.950863,3.83858,6.58934,9.00167,13.8754,51.2834,49.4895,48.5446,47.725,47.1433,46.5648,45.9896,45.4178,44.6234,43.7233,42.059,38.8263,33.7585,27.5644,14.4868,0.463612,159.449,151.644,164.807,160.874
31.24922800064087,0.48604720317562117,0.0,0.0,5,-0.22281,5.0,12297.3,186.753,-15.0674,0.831861,3.64794,6.26724,8.54929,12.9909,50.9551,49.1766,48.2405,47.4289,46.8536,46.2817,45.7132,45.1483,44.3635,43.4757,41.8358,38.6582,33.688,27.6058,14.6618,0.491099,162.002,154.691,164.595,160.785
31.269755125045776,0.5056291368033613,0.0,0.0,5,-0.219391,5.0,12292.0,185.676,-15.232,0.726545,3.46507,5.96069,8.12308,12.2123,50.6148,48.8503,47.9227,47.1186,46.5488,45.983,45.4211,44.8627,44.0872,43.2103,41.5936,38.4669,33.5909,27.6209,14.8209,0.517513,165.068,158.536,164.499,160.73
31.29312562942505,0.5084476921532303,0.0,0.0,5,-0.215868,5.0,12243.4,184.76,-15.3476,0.626052,3.2897,5.66776,7.71838,11.5061,50.2723,48.5203,47.6007,46.8039,46.2394,45.679,45.1226,44.5705,43.804,42.9375,41.3415,38.262,33.4761,27.6173,14.9668,0.542882,166.184,160.471,163.856,160.107
31.314332485198975,0.511032393565774,0.0,0.0,5,-0.211651,5.0,12189.2,183.92,-15.3998,0.527001,3.12149,5.38988,7.33983,10.879,49.9086,48.169,47.2564,46.4667,45.9075,45.3523,44.8013,44.2546,43.4967,42.6404,41.0641,38.0298,33.3305,27.5835,15.0953,0.567272,166.389,161.369,163.109,159.42
31.33575201034546,0.5134693977547438,0.0,0.0,5,-0.20674,5.0,12136.7,183.128,-15.3001,0.444407,2.96119,5.13066,6.99528,10.3485,49.4956,47.7689,46.8635,46.0805,45.5267,44.977,44.4316,43.8905,43.1405,42.2943,40.7381,37.7482,33.1343,27.5029,15.2006,0.590691,166.116,161.675,162.344,158.796
31.359133005142212,0.5158048601025064,0.0,0.0,5,-0.201012,5.0,12086.3,182.369,-15.0468,0.370281,2.80895,4.88989,6.68291,9.90361,49.0318,47.3182,46.4204,45.6442,45.0954,44.5513,44.0117,43.4765,42.7348,41.8984,40.3626,37.4169,32.8881,27.3761,15.2824,0.613177,165.605,161.644,161.588,158.215
31.3799889087677,0.5180603197874998,0.0,0.0,5,-0.194083,5.0,12037.8,181.636,-14.6758,0.292265,2.66504,4.66745,6.40115,9.53547,48.5225,46.822,45.9322,45.1633,44.6198,44.081,43.5472,43.0181,42.285,41.4587,39.943,37.0416,32.5976,27.2077,15.3413,0.634593,164.982,161.405,160.86,157.658
31.403390169143677,0.5202696240901263,0.0,0.0,5,-0.18655,5.0,11992.1,180.918,-14.1519,0.252851,2.52857,4.46094,6.1469,9.23584,47.9733,46.2865,45.405,44.6437,44.1056,43.5725,43.0444,42.5213,41.7972,40.9813,39.4857,36.6292,32.2691,27.0027,15.3797,0.654996,164.309,161.044,160.172,157.133
31.424937963485718,0.522454312188824,0.0,0.0,5,-0.178924,5.0,11946.5,180.208,-13.565,0.238142,2.39833,4.26408,5.9074,8.96852,47.4191,45.7459,44.8722,44.1185,43.586,43.0585,42.536,42.0187,41.3032,40.4976,39.0219,36.2093,31.9299,26.7837,15.4066,0.674498,163.648,160.593,159.53,156.57
31.44669198989868,0.5246143840835926,0.0,0.0,5,-0.17085,5.0,11900.9,179.506,-13.0336,0.210291,2.27457,4.07648,5.67885,8.72013,46.8779,45.2181,44.3518,43.605,43.0778,42.5557,42.0388,41.527,40.8195,40.0238,38.5673,35.7963,31.5937,26.5617,15.4254,0.692968,163.034,160.094,158.928,155.965
31.468133449554443,0.526768301927379,0.0,0.0,5,-0.162924,5.0,11857.6,178.806,-12.4857,0.227423,2.15748,3.8993,5.46375,8.4981,46.3464,44.6993,43.8402,43.0999,42.5777,42.0609,41.5493,41.043,40.3432,39.5565,38.1187,35.3871,31.258,26.3346,15.4352,0.710349,162.432,159.555,158.355,155.388
31.490800142288208,0.5289345278731298,0.0,0.0,5,-0.155482,5.0,11813.0,178.102,-11.939,0.296,2.04597,3.72809,5.25477,8.27919,45.8467,44.211,43.3586,42.6243,42.1065,41.5943,41.0877,40.5866,39.894,39.1156,37.6947,34.9996,30.9384,26.1158,15.4423,0.726796,161.853,158.964,157.799,154.769
31.511844396591187,0.5310884457169164,0.0,0.0,5,-0.148097,5.0,11767.2,177.402,-11.5481,0.336249,1.94022,3.56244,5.04975,8.05389,45.3895,43.7632,42.9168,42.1879,41.674,41.1659,40.6634,40.1668,39.4808,38.71,37.3038,34.6419,30.6416,25.9108,15.4484,0.742275,161.32,158.369,157.254,154.104
31.53428626060486,0.5332331324842293,0.0,0.0,5,-0.141082,5.0,11723.4,176.705,-11.2209,0.402893,1.84106,3.40649,4.85508,7.84214,44.9608,43.3428,42.5015,41.7775,41.2673,40.7627,40.264,39.7711,39.0909,38.3273,36.9346,34.3028,30.3584,25.711,15.4499,0.756665,160.786,157.767,156.717,153.476
31.555765390396118,0.5441886207796632,0.0,0.0,5,-0.134628,5.0,11678.4,175.997,-10.8576,0.5528,1.74775,3.25814,4.66828,7.63448,44.5674,42.9564,42.1192,41.3993,40.8922,40.3909,39.8955,39.4059,38.7306,37.9731,36.5926,33.9876,30.0934,25.521,15.4492,0.770103,160.23,157.11,156.17,152.837
31.578693628311157,0.5463934849351645,0.0,0.0,5,-0.128438,5.0,11631.3,175.292,-10.6855,0.657466,1.66036,3.11571,4.48668,7.41785,44.2246,42.6188,41.7846,41.0675,40.5628,40.0641,39.5714,39.0846,38.4132,37.6603,36.2901,33.7073,29.8564,25.3497,15.4494,0.782608,159.665,156.421,155.628,152.136
31.600804328918457,0.5575183601513413,0.0,0.0,5,-0.122666,5.0,11585.9,174.587,-10.6296,0.761398,1.57991,2.98374,4.31705,7.21519,43.92,42.3173,41.4854,40.7705,40.2673,39.7704,39.2798,38.7953,38.1271,37.378,36.0157,33.4517,29.6378,25.1893,15.4466,0.794017,159.113,155.747,155.093,151.464
31.62268900871277,0.5598194626508685,0.0,0.0,4,-0.117326,5.0,11540.2,173.863,-10.4547,0.990721,1.50575,2.86241,4.16054,7.03587,43.6429,42.0415,41.2113,40.498,39.9961,39.5005,39.0112,38.5283,37.8629,37.1171,35.7612,33.2134,29.4317,25.0345,15.4394,0.804478,158.458,154.971,154.524,150.83
31.644111394882202,0.5619711841870285,0.0,0.0,4,-0.112358,4.0,12792.8,173.186,-10.4758,1.16185,1.43789,2.74891,4.01265,6.85438,43.4182,41.8161,40.9858,40.2732,39.7719,39.277,38.7884,38.3062,37.6421,36.8985,35.547,33.0107,29.2543,24.8987,15.4331,0.81402,157.873,154.24,154.636,151.1
31.66573691368103,0.5639417415761264,0.0,0.0,4,-0.107591,4.0,12743.8,172.566,-10.6345,1.29893,1.37721,2.6471,3.88137,6.70465,43.2275,41.6232,40.792,40.0788,39.5775,39.0827,38.5944,38.1126,37.4489,36.7061,35.3577,32.8292,29.0928,24.7726,15.4228,0.822511,157.326,153.562,154.24,150.64
31.688636779785156,0.5660839281571781,0.0,0.0,4,-0.10277,4.0,12691.0,171.892,-10.5534,1.59887,1.32362,2.5608,3.77446,6.63268,43.0352,41.428,40.596,39.8821,39.3803,38.8853,38.3972,37.9157,37.2525,36.5104,35.164,32.6428,28.9247,24.6382,15.4017,0.830055,156.717,152.869,152.863,148.874
31.709917545318604,0.5685216983465943,0.0,0.0,4,-0.0982488,4.0,12616.4,171.125,-10.6184,1.84201,1.27647,2.48465,3.68047,6.58598,42.886,41.2735,40.4395,39.7242,39.2215,38.7257,38.2367,37.7546,37.0912,36.3489,35.0026,32.4851,28.7793,24.5184,15.3794,0.836732,156.123,152.175,152.064,147.862
31.731879949569702,0.5709848950829667,0.0,0.0,4,-0.0939878,4.0,12554.1,170.35,-10.895,2.00502,1.23667,2.41995,3.60341,6.57723,42.7868,41.1669,40.3292,39.6114,39.1071,38.6098,38.1193,37.6358,36.9705,36.2269,34.8788,32.3603,28.6601,24.4165,15.3565,0.842357,155.515,151.458,151.42,147.016
31.754151821136475,0.5735370847336855,0.0,0.0,4,-0.0899059,4.0,12502.1,169.547,-10.9344,2.36539,1.20419,2.37105,3.55149,6.67399,42.7018,41.0736,40.2319,39.5107,39.0043,38.5052,38.0131,37.528,36.8606,36.1147,34.7638,32.2422,28.5449,24.3156,15.3266,0.847002,154.806,150.66,150.787,146.413
31.776078462600708,0.585387200393801,0.0,0.0,4,-0.0864532,4.0,12440.0,168.742,-11.1079,2.6818,1.1773,2.33132,3.51003,6.81382,42.675,41.0352,40.1884,39.4628,38.9533,38.4512,37.9564,37.469,36.7985,36.0491,34.6925,32.1634,28.4612,24.2371,15.2991,0.850882,154.122,149.847,150.138,145.593
31.798970460891724,0.5786509989902315,0.0,0.0,4,-0.0831612,4.0,12375.3,167.938,-11.5463,2.88316,1.15787,2.30346,3.48673,7.02715,42.709,41.0548,40.2008,39.4697,38.9563,38.4505,37.9519,37.4608,36.7857,36.0317,34.6669,32.125,28.4102,24.1813,15.2736,0.853744,153.423,149.009,149.477,144.719
31.820830583572388,0.581282646600188,0.0,0.0,4,-0.0800378,4.0,12321.7,167.11,-11.7936,3.25607,1.14635,2.29307,3.49391,7.53236,42.7592,41.0899,40.2281,39.4904,38.9728,38.4629,37.9605,37.4656,36.7852,36.0255,34.6517,32.0948,28.3645,24.1278,15.2433,0.855582,152.69,148.175,148.826,144.089
31.841372966766357,0.5933642628405491,0.0,0.0,4,-0.0773348,4.0,12258.5,166.272,-12.0109,3.64545,1.14066,2.29541,3.52084,46.4395,42.8458,41.1588,40.2886,39.5436,39.021,38.5061,37.9992,37.5,36.8137,36.0476,34.6626,32.0875,28.3366,24.0868,15.2133,0.856681,151.933,147.316,148.123,143.298
31.86357355117798,0.5960480437689895,0.0,0.0,4,-0.0743119,4.0,12191.1,165.441,-12.4881,3.89425,1.14223,2.31087,3.56707,46.6235,42.9844,41.277,40.3967,39.6435,39.1152,38.5947,38.0821,37.5775,36.8843,36.1106,34.7121,32.1146,28.3363,24.0648,15.1856,0.856867,151.167,146.444,147.409,142.412
31.887625217437744,0.5987770388165613,0.0,0.0,4,-0.07145,4.0,12133.9,164.596,-12.9057,4.21722,1.15223,2.34409,3.64443,46.8297,43.1421,41.4136,40.5223,39.7599,39.2254,38.699,38.1806,37.6703,36.9692,36.187,34.7744,32.1519,28.3434,24.0467,15.1549,0.855991,150.376,145.573,146.722,141.726
31.909053802490234,0.6015351000835746,0.0,0.0,4,-0.0680964,4.0,12071.8,163.742,-13.0376,4.64029,1.16931,2.39531,3.75943,47.0124,43.2775,41.5278,40.6263,39.8551,39.3144,38.782,38.2581,37.7424,37.034,36.2437,34.817,32.1708,28.3338,24.015,15.116,0.85431,149.485,144.673,145.926,141.057
31.930068969726562,0.6042382584916428,0.0,0.0,4,-0.0648322,4.0,12003.9,162.905,-13.3545,4.90662,1.19318,2.46195,3.89935,47.2134,43.4291,41.6571,40.7445,39.9644,39.4173,38.8787,38.3486,37.827,37.1109,36.3122,34.8704,32.1992,28.331,23.9868,15.0753,0.851797,148.653,143.848,145.14,140.232
31.95214819908142,0.606938187319773,0.0,0.0,4,-0.0617741,4.0,11942.2,162.069,-13.7687,5.12536,1.22513,2.54522,4.06529,47.4408,43.6037,41.8086,40.884,40.0937,39.5399,38.9949,38.4584,37.9304,37.2056,36.3977,34.9401,32.241,28.3385,23.965,15.0333,0.848285,147.871,143.048,144.425,139.46
31.974223375320435,0.609573524549144,0.0,0.0,4,-0.0571123,4.0,11884.7,161.253,-13.7886,5.43317,1.26594,2.65317,4.29716,47.5566,43.6755,41.8609,40.9269,40.1286,39.5692,39.0187,38.4773,37.9445,37.2132,36.398,34.9282,32.2088,28.2835,23.8946,14.9712,0.843934,146.978,142.277,143.559,138.972
31.997246265411377,0.6120958264806866,0.0,0.0,4,-0.0518267,4.0,11821.5,160.472,-13.7603,5.60046,1.3146,2.78656,4.5947,47.5866,43.6681,41.8373,40.8955,40.091,39.5271,38.9723,38.4267,37.89,37.1537,36.3332,34.854,32.1204,28.1808,23.7869,14.8932,0.838697,146.079,141.566,142.685,138.346
32.019174098968506,0.6145632255532841,0.0,0.0,4,-0.0469432,4.0,11760.2,159.708,-13.7841,5.66468,1.37086,2.9422,4.95267,47.5914,43.6369,41.7911,40.8417,40.031,39.4632,38.9046,38.3551,37.8148,37.0735,36.2481,34.7606,32.0142,28.0629,23.6663,14.8078,0.832624,145.247,140.886,141.907,137.662
32.04124116897583,0.6170144767261917,0.0,0.0,4,-0.0415285,4.0,11705.9,158.949,-13.6688,5.76704,1.43529,3.1204,5.39033,47.5593,43.5715,41.7119,40.7558,39.9394,39.3679,38.8058,38.2531,37.7096,36.9641,36.1342,34.6398,31.883,27.9237,23.529,14.7141,0.825733,144.431,140.204,141.181,137.096
32.06190228462219,0.6194334320997198,0.0,0.0,4,-0.0359565,4.0,11648.9,158.2,-13.5463,5.82702,1.50659,3.31978,5.90745,47.518,43.4974,41.6239,40.6613,39.8396,39.2643,38.6987,38.1427,37.5963,36.8469,36.0125,34.5113,31.7443,27.7779,23.3862,14.6165,0.818027,143.645,139.526,140.469,136.453
32.084394693374634,0.6218394691534962,0.0,0.0,4,-0.0317645,4.0,11592.7,157.455,-13.4796,5.85278,1.58348,3.53623,6.51098,47.4968,43.4412,41.5527,40.583,39.7556,39.1764,38.607,38.0473,37.4973,36.7436,35.9047,34.3954,31.6171,27.6408,23.2493,14.5191,0.809612,142.916,138.853,139.804,135.78
32.106592416763306,0.6242422766273344,0.0,0.0,4,-0.0276337,4.0,11540.7,156.711,-13.3837,5.90672,1.66637,3.76934,7.2267,47.4854,43.3932,41.4897,40.5123,39.6787,39.0955,38.5222,37.9587,37.4051,36.6465,35.8027,34.2852,31.4945,27.5072,23.1142,14.4203,0.800566,142.209,138.177,139.17,135.174
32.12878060340881,0.626632165781421,0.0,0.0,3,-0.0233186,4.0,11487.3,155.971,-13.182,5.99432,1.75436,4.02126,8.12697,47.4647,43.3367,41.418,40.4334,39.5937,39.0063,38.4292,37.8622,37.3051,36.5418,35.693,34.1679,31.3652,27.368,22.9747,14.319,0.791002,141.481,137.491,138.501,134.577
32.14942216873169,0.618888509548263,0.0,0.0,3,-0.0197163,3.0,14063.9,155.278,-13.0396,6.04221,1.84583,4.28601,9.29697,47.4652,43.299,41.3639,40.3717,39.5255,38.9337,38.3523,37.7813,37.2205,36.4522,35.5981,34.064,31.2477,27.2382,22.8422,14.219,0.780933,140.794,136.824,138.684,135.21
32.17143106460571,0.6010692364615358,0.0,0.0,3,-0.0167321,3.0,14005.7,154.659,-12.9325,6.06789,1.94096,4.56281,11.3285,47.4807,43.2748,41.3227,40.3221,39.4693,38.8728,38.287,37.7116,37.1467,36.3732,35.5134,33.9696,31.1387,27.1149,22.7142,14.1196,0.77048,140.197,136.243,138.334,135.045
32.1943838596344,0.5835174616818131,0.0,0.0,3,-0.0133529,3.0,13923.1,154.016,-12.6974,6.14638,2.04044,4.86086,55.4784,47.4701,43.2263,41.2585,40.25,39.3908,38.7902,38.2003,37.621,37.0523,36.2738,35.409,33.8568,31.0131,26.978,22.5756,14.0156,0.759686,139.674,135.781,136.525,132.683
32.2162446975708,0.5857683556376025,0.0,0.0,3,-0.00983346,3.0,13797.5,153.26,-12.4489,6.19913,2.14244,5.17363,55.5431,47.4543,43.173,41.1895,40.1734,39.3078,38.7029,38.1091,37.5261,36.9538,36.1704,35.3004,33.7401,30.884,26.8384,22.4351,13.9108,0.748597,139.169,135.363,135.424,131.279
32.2379686832428,0.578352953671217,0.0,0.0,3,-0.00752652,3.0,13712.8,152.486,-12.2915,6.2111,2.24556,5.48976,55.6542,47.478,43.1555,41.1542,40.1296,39.257,38.6472,38.0486,37.4612,36.8849,36.096,35.22,33.6498,30.7781,26.7178,22.3089,13.8107,0.737279,138.613,134.845,134.675,130.375
32.26109457015991,0.5709542054723328,0.12548828125,0.0,3,-0.00578952,3.0,13642.7,151.708,-12.2019,6.22168,2.34992,5.80634,55.8245,47.5519,43.1831,41.1617,40.1272,39.2465,38.6312,38.0273,37.4346,36.8531,36.0578,35.1748,33.5923,30.7016,26.6205,22.1999,13.7157,0.725751,138.065,134.296,134.038,129.643
32.28347611427307,0.5633516669248044,0.7529296875,0.0,3,-0.00421,3.0,13735.4,151.004,-12.0678,6.26537,2.45526,6.12541,56.0215,47.6487,43.2309,41.1885,40.1433,39.2538,38.6327,38.0231,37.4249,36.838,36.0354,35.1449,33.5496,30.6379,26.5335,22.0981,13.6229,0.714045,137.488,133.723,134.566,130.845
32.30449390411377,0.5638923821571843,0.9999847412109375,0.0,3,-0.00300169,3.0,14635.3,150.813,-12.0512,6.2853,2.56053,6.44372,56.2513,47.7729,43.3034,41.2382,40.182,39.283,38.6554,38.0396,37.4356,36.8431,36.0328,35.1338,33.5246,30.5896,26.4591,22.0057,13.5334,0.702204,137.005,133.239,141.254,141.254
32.32721018791199,0.5631959635856375,0.49999237060546875,0.0,3,-0.00300574,3.0,15259.7,151.059,-12.2962,6.29911,2.66587,6.75166,56.5572,47.9612,43.4332,41.3419,40.2728,39.3632,38.7281,38.105,37.4939,36.8948,36.0755,35.1667,33.5405,30.5769,26.413,21.9338,13.45,0.69016,136.776,132.957,147.247,147.247
32.3486533164978,0.562341010705121,0.9999847412109375,0.0,3,-0.00355089,3.0,14683.5,151.361,-12.6444,6.34101,2.77214,7.04762,56.9369,48.2115,43.6178,41.4974,40.4134,39.4916,38.8481,38.2168,37.5976,36.9906,36.1609,35.241,33.5948,30.5978,26.3928,21.8802,13.3714,0.677818,136.785,132.867,142.035,142.035
32.371753215789795,0.5614775649151951,0.49999237060546875,0.0,3,-0.00271976,3.0,15239.9,151.666,-12.7498,6.40752,2.88331,7.38954,57.1852,48.3481,43.6992,41.5547,40.4588,39.5268,38.8765,38.2387,37.6133,37.0001,36.1622,35.2333,33.5723,30.5505,26.3175,21.7856,13.2788,0.665279,136.796,132.913,147.085,147.085
32.392836570739746,0.5605773165178299,0.9999847412109375,0.0,3,-0.0012356,3.0,14672.9,151.984,-12.7328,6.4602,2.99919,7.77364,57.3368,48.4006,43.7045,41.5395,40.4338,39.4935,38.8375,38.1943,37.5639,36.9459,36.1014,35.1654,33.493,30.4528,26.2016,21.6613,13.176,0.652496,136.87,133.077,141.912,141.912
32.41588640213013,0.5597082087882981,0.49999237060546875,0.0,3,0.00152969,3.0,15270.7,152.291,-12.4967,6.48197,3.12226,8.23113,57.3163,48.3051,43.576,41.3976,40.2857,39.3407,38.6813,38.0349,37.4014,36.7808,35.933,34.9936,33.3156,30.269,26.0169,21.487,13.0568,0.639563,136.92,133.307,147.366,147.366
32.43714666366577,0.5587286932364479,0.9999847412109375,0.0,3,0.00491214,3.0,14695.6,152.637,-12.1548,6.5381,3.24959,8.73878,57.2348,48.1571,43.3999,41.2109,40.0938,39.145,38.4832,37.8346,37.1989,36.5763,35.7262,34.7847,33.1034,30.0547,25.8076,21.2952,12.9316,0.626422,137.065,133.614,142.132,142.132
32.45977997779846,0.5578256138692796,0.49999237060546875,0.0,3,0.00911438,3.0,15287.7,152.956,-11.6822,6.58435,3.3812,9.3122,57.0688,47.9368,43.1589,40.9628,39.8427,38.8916,38.2285,37.5788,36.9423,36.3188,35.4678,34.5259,32.8448,29.8,25.5666,21.0805,12.7992,0.613153,137.239,133.965,147.535,147.535
32.481016635894775,0.556891393834278,0.9999847412109375,0.0,3,0.0124218,3.0,14739.4,153.286,-11.3144,6.61186,3.51383,9.90437,56.9541,47.7595,42.9566,40.751,39.627,38.6725,38.0073,37.3559,36.7178,36.093,35.2402,34.2966,32.6141,29.5697,25.3452,20.8801,12.6712,0.599674,137.532,134.337,142.546,142.546
32.50391507148743,0.5559656667086854,0.49999237060546875,0.0,3,0.0157995,3.0,15325.8,153.613,-10.9318,6.62944,3.64918,10.5498,56.8195,47.5651,42.7388,40.5248,39.3971,38.4399,37.7729,37.1198,36.4805,35.8546,35.0006,34.0559,32.3726,29.3301,25.1169,20.6751,12.5419,0.586092,137.824,134.7,147.924,147.924
32.524356842041016,0.554969165338017,0.9999847412109375,0.0,3,0.0188106,3.0,14750.4,153.965,-10.5829,6.68469,3.78479,11.2167,56.7341,47.412,42.5577,40.333,39.2004,38.2397,37.5703,36.915,36.2735,35.6459,34.7898,33.8431,32.157,29.1133,24.9066,20.4833,12.4164,0.572339,138.199,135.089,142.656,142.656
32.54783225059509,0.5540321143332123,0.49999237060546875,0.0,3,0.0221145,3.0,15333.0,154.296,-10.1974,6.7266,3.92277,11.9547,56.6287,47.2358,42.3557,40.1218,38.985,38.0211,37.3498,36.6927,36.0496,35.4205,34.5628,33.6148,31.927,28.8842,24.6868,20.2851,12.289,0.558493,138.542,135.47,147.982,147.982
32.567280292510986,0.5530780775095895,0.9999847412109375,0.0,3,0.0242703,3.0,14786.0,154.633,-9.9366,6.75041,4.06003,12.7007,56.6143,47.1196,42.2073,39.9608,38.8181,37.8495,37.1753,36.5154,35.8699,35.2383,34.3776,33.4267,31.7348,28.6879,24.493,20.1053,12.1675,0.544514,138.946,135.853,142.988,142.988
32.59097719192505,0.5521127168067544,0.49999237060546875,0.0,3,0.0267086,3.0,15365.0,154.974,-9.65074,6.76936,4.19942,13.537,56.5943,46.9818,42.0395,39.7814,38.6335,37.6608,36.9838,36.3216,35.6739,35.0404,34.1771,33.2238,31.5289,28.4798,24.2903,19.9194,12.0441,0.530464,139.295,136.215,148.303,148.303
32.61302042007446,0.5511303702851013,0.9999847412109375,0.0,3,0.0287604,3.0,14809.3,155.321,-9.41063,6.81062,4.33804,14.4016,56.6548,46.8889,41.9115,39.6391,38.4849,37.5071,36.8266,36.1611,35.5104,34.8742,34.0076,33.0508,31.3507,28.2957,24.1063,19.747,11.9247,0.516289,139.702,136.599,143.211,143.211
32.63581562042236,0.5501876573406905,0.49999237060546875,0.0,3,0.0309399,3.0,15403.2,155.654,-9.14812,6.83245,4.47866,15.3929,56.7139,46.7752,41.7643,39.4792,38.3188,37.3364,36.653,35.9846,35.3312,34.6927,33.8232,32.8634,31.159,28.1,23.9136,19.5688,11.8037,0.502061,140.053,136.963,148.659,148.659
32.65764546394348,0.47699153288415325,0.9999847412109375,0.0,3,0.0320811,3.0,14865.0,155.991,-9.01405,6.84265,4.61687,16.3885,56.8984,46.7326,41.6801,39.3781,38.2097,37.2206,36.533,35.8607,35.2034,34.5612,33.687,32.7226,31.0107,27.9418,23.7498,19.411,11.6889,0.487724,140.462,137.328,143.743,143.743
32.68019413948059,0.3852803935691869,0.49999237060546875,0.0,3,0.0335203,3.0,15445.5,156.339,-8.84149,6.86133,4.75677,17.5821,57.0868,46.6673,41.5755,39.2577,38.0819,37.0868,36.3951,35.7192,35.0586,34.4131,33.5347,32.5661,30.848,27.7712,23.5766,19.2465,11.5723,0.473353,141.095,138.021,149.078,149.078
32.70218896865845,0.29658483911786543,0.9999847412109375,0.0,3,0.034528,3.0,14903.0,156.691,-8.73553,6.89166,4.89495,18.8756,57.3889,46.6541,41.5167,39.1797,37.9951,36.9927,36.2961,35.6154,34.9506,34.3011,33.4173,32.4431,30.7162,27.627,23.4238,19.0965,11.4598,0.458876,142.087,139.085,144.108,144.108
32.72198247909546,0.2758464108494421,0.49999237060546875,0.0,3,0.0356858,3.0,15504.5,157.057,-8.60318,6.90225,5.03528,20.7793,57.6819,46.6048,41.4252,39.0714,37.8787,36.87,36.1692,35.4845,34.8157,34.1628,33.2747,32.2958,30.5617,27.4632,23.2562,18.9364,11.3446,0.444393,143.138,140.299,149.639,149.639
32.745758295059204,0.25585011046846395,0.9999847412109375,0.0,3,0.0362874,3.0,14967.2,157.457,-8.54831,6.90974,5.17426,90.3662,58.0874,46.5969,41.3699,38.9967,37.7945,36.7783,36.0725,35.383,34.7097,34.0525,33.1588,32.1744,30.431,27.3199,23.1038,18.7868,11.2323,0.429799,144.001,141.217,144.731,144.731
32.7682089805603,0.2552773999694486,0.9999847412109375,0.0,3,0.0375985,3.0,15548.2,157.888,-8.37967,6.93352,5.31752,92.911,58.4405,46.5219,41.255,38.8659,37.6564,36.6342,35.9244,35.2315,34.5549,33.8944,32.9967,32.0084,30.2592,27.1412,22.9244,18.6184,11.1147,0.415187,144.597,141.939,150.072,150.072
32.78982710838318,0.25440039549299825,0.49999237060546875,0.0,3,0.0381972,3.0,15799.9,158.548,-8.44224,6.96044,5.45721,96.2003,58.9908,46.5417,41.2131,38.803,37.5836,36.5533,35.838,35.1399,34.4585,33.7935,32.8898,31.8951,30.1361,27.004,22.7768,18.4718,11.0031,0.400425,145.207,142.523,152.57,152.57
32.80986285209656,0.2537213814210799,0.9999847412109375,0.0,3,0.037841,3.0,15137.1,159.059,-8.53154,6.98495,5.59371,100.351,59.7383,46.6599,41.2309,38.7957,37.5639,36.5238,35.8018,35.097,34.4095,33.7387,32.8275,31.8246,30.0521,26.8997,22.6539,18.3422,10.8959,0.385508,145.847,143.064,146.401,146.401
32.83330750465393,0.2531061494929033,0.9999847412109375,0.0,3,0.0384872,3.0,15691.7,159.522,-8.43315,7.00201,5.73681,104.565,60.3774,46.6928,41.1526,38.6984,37.4575,36.4101,35.6834,34.9742,34.2822,33.6074,32.6911,31.6831,29.9023,26.7392,22.4879,18.1832,10.7804,0.370607,146.253,143.558,151.471,151.471
32.85591411590576,0.23375556730277836,0.49999237060546875,0.0,3,0.0389056,3.0,15926.3,160.202,-8.47492,7.03133,5.87867,109.709,61.1696,46.7916,41.1031,38.6275,37.3765,36.3207,35.5885,34.8741,34.1774,33.498,32.5755,31.5615,29.7709,26.5943,22.3336,18.0318,10.6671,0.355621,146.758,144.082,153.797,153.797
32.8774631023407,0.2096831727546329,0.9999847412109375,0.0,3,0.0389791,3.0,15266.9,160.713,-8.50115,7.05785,6.01893,116.109,62.1516,46.9703,41.0877,38.588,37.3257,36.2605,35.5218,34.8014,34.0992,33.4145,32.4849,31.4634,29.6611,26.4673,22.1927,17.8892,10.5559,0.340491,147.424,144.708,147.65,147.65
32.897565841674805,0.18702847755040974,0.9999847412109375,0.0,3,0.0398247,3.0,15841.2,161.171,-8.3498,7.06378,6.1667,122.784,62.9983,47.0456,40.9661,38.449,37.1787,36.1074,35.3646,34.6404,33.9345,33.2466,32.3131,31.2876,29.4794,26.2792,22.0056,17.7156,10.436,0.325386,147.935,145.362,152.903,152.903
32.922218561172485,0.17576822812894982,0.49999237060546875,0.0,3,0.0404142,3.0,16074.9,161.868,-8.37542,7.07835,6.31314,131.212,64.0477,47.2002,40.8907,38.3383,37.0589,35.9804,35.2329,34.5041,33.7939,33.1021,32.1637,31.1331,29.3171,26.1074,21.8306,17.5501,10.3183,0.310187,148.586,146.051,155.237,155.237
32.94341230392456,0.17011114489881324,0.9999847412109375,0.0,3,0.0409122,3.0,15405.0,162.406,-8.3369,7.10699,6.45942,141.847,65.2894,47.4195,40.8543,38.2411,36.9519,35.8654,35.1127,34.3792,33.6644,32.9682,32.0243,30.9882,29.1635,25.9427,21.6606,17.3879,10.2013,0.294865,149.286,146.736,148.984,148.984
32.964335441589355,0.17480872113232812,0.9999847412109375,0.0,3,0.0424817,3.0,15970.6,162.895,-8.09089,7.11991,6.61519,153.299,66.341,47.5042,40.7116,38.0307,36.7354,35.6447,34.8894,34.1536,33.4369,32.739,31.7929,30.7551,28.9289,25.7096,21.4396,17.1912,10.0748,0.279522,149.718,147.343,154.159,154.159
32.98576378822327,0.17413884136935076,0.9999847412109375,0.0,3,0.0435309,3.0,16204.3,163.612,-8.02428,7.1279,6.76906,168.571,67.6626,47.6846,40.6294,37.8661,36.5497,35.4538,34.6951,33.9561,33.2367,32.5364,31.5873,30.5465,28.7166,25.4954,21.2327,17.0043,9.95082,0.264109,150.251,147.899,156.489,156.489
33.00868272781372,0.17340449618985257,0.49999237060546875,0.0,3,0.0438411,3.0,16330.5,164.398,-8.11835,7.15309,6.91816,190.915,69.4643,48.0452,40.6645,37.799,36.4396,35.3304,34.5665,33.8225,33.0984,32.3938,31.4395,30.3932,28.5548,25.323,21.0568,16.8379,9.83201,0.248508,150.955,148.501,157.736,157.736
33.0307080745697,0.17287195579250655,0.9999847412109375,0.0,3,0.0441746,3.0,15616.9,164.968,-8.10051,7.18397,7.06788,200.0,71.5651,48.4795,40.7373,37.76,36.353,35.2107,34.439,33.6901,32.9612,32.2521,31.2921,30.2403,28.3931,25.1506,20.8802,16.6707,9.71265,0.232752,151.647,149.138,151.037,151.037
33.05399942398071,0.17240388081168134,0.9999847412109375,0.0,3,0.0456955,3.0,16172.6,165.469,-7.81784,7.19871,7.22981,200.0,73.3832,48.7215,40.6639,37.593,36.1471,34.9756,34.1873,33.4345,32.7044,31.9941,31.0329,29.9804,28.1334,24.8962,20.6432,16.4636,9.58278,0.217054,152.042,149.728,156.116,156.116
33.07337284088135,0.17172185539051887,0.9999847412109375,0.0,3,0.046948,3.0,16391.8,166.199,-7.70332,7.20828,7.39067,200.0,75.6138,49.0728,40.6528,37.4752,35.9851,34.7805,33.9713,33.2014,32.4668,31.7549,30.7917,29.7375,27.8895,24.6549,20.416,16.2632,9.45451,0.201281,152.589,150.32,158.307,158.307
33.097145080566406,0.16100179393811773,0.9999847412109375,0.0,3,0.0474761,3.0,16518.3,166.989,-7.74588,7.23086,7.54582,200.0,78.6307,49.656,40.7813,37.4702,35.9245,34.6784,33.8429,33.0493,32.2944,31.5751,30.6076,29.5491,27.695,24.4546,20.2189,16.0825,9.33117,0.185331,153.308,150.946,159.549,159.549
33.11969184875488,0.1554366488176522,0.49999237060546875,0.0,3,0.0473404,3.0,16615.4,167.794,-7.91303,7.25434,7.69618,200.0,82.5958,50.4808,41.0471,37.5737,35.9607,34.6641,33.7968,32.9743,32.1933,31.4508,30.4698,29.4048,27.5404,24.287,20.0452,15.9169,9.21141,0.169196,154.128,151.647,160.496,160.496
33.140310525894165,0.1454927311253765,0.9999847412109375,0.0,3,0.0472586,3.0,15901.5,168.361,-7.91917,7.27493,7.85027,200.0,87.2008,51.3764,41.3313,37.6847,36.0006,34.6512,33.7507,32.8982,32.0901,31.3231,30.3126,29.237,27.3642,24.1011,19.8577,15.7418,9.08865,0.152939,154.853,152.361,153.78,153.78
33.16437339782715,0.1450858234270755,0.9999847412109375,0.0,3,0.0489626,3.0,16456.5,168.869,-7.61406,7.28949,8.0211,192.872,91.4316,51.9815,41.4051,37.6157,35.8746,34.4835,33.5571,32.6814,31.8529,31.0675,30.0346,28.9404,27.0696,23.8172,19.5988,15.5204,8.9538,0.136729,155.265,153.037,158.864,158.864
33.18426561355591,0.13095216712966562,0.9999847412109375,0.0,3,0.0506091,3.0,16669.9,169.613,-7.44439,7.30353,8.1917,108.055,96.653,52.7295,41.5443,37.5943,35.7893,34.3518,33.3965,32.4954,31.644,30.8384,29.7807,28.6625,26.7808,23.5381,19.3439,15.3018,8.81972,0.120445,155.827,153.678,160.993,160.993
33.20780920982361,0.1175532742517131,0.9999847412109375,0.0,3,0.0514369,3.0,16795.0,170.418,-7.44788,7.31713,8.35799,80.886,103.774,53.7959,41.8469,37.6976,35.8136,34.3182,33.3274,32.3945,31.5148,30.6839,29.5952,28.447,26.5309,23.2907,19.1117,15.0977,8.68891,0.103935,156.614,154.395,162.225,162.225
33.22887134552002,0.10491441935300827,0.9999847412109375,0.0,3,0.0518851,3.0,16880.7,171.248,-7.53931,7.33343,8.52264,67.5366,113.257,55.1512,42.2802,37.8957,35.9189,34.3564,33.324,32.354,31.4414,30.5812,29.4565,28.2735,26.3063,23.0576,18.8891,14.8996,8.55896,0.0872523,157.452,155.167,163.069,163.069
33.252193212509155,0.10054933155653067,0.9999847412109375,0.0,3,0.0525322,3.0,16942.4,172.097,-7.61902,7.36202,8.69107,59.9389,125.502,56.6977,42.7728,38.1284,36.0505,34.415,33.3377,32.3281,31.3803,30.4887,29.3259,28.106,26.0855,22.8116,18.6568,14.6945,8.42621,0.070315,158.279,156.0,163.669,163.669
33.27188062667847,0.09258750164933503,0.9999847412109375,0.0,3,0.0535891,3.0,17001.8,172.952,-7.62988,7.39301,8.86613,55.2352,141.277,58.3717,43.279,38.3578,36.1741,34.4628,33.3392,32.2891,31.3053,30.382,29.1808,27.9242,25.8507,22.5385,18.4047,14.4765,8.28945,0.053154,159.05,156.837,164.242,164.242
33.294472455978394,0.0885265171442305,0.9999847412109375,0.0,3,0.0549331,3.0,17062.0,173.809,-7.5679,7.4228,9.04958,52.1596,161.98,60.1371,43.7713,38.562,36.2698,34.4819,33.312,32.2212,31.2019,30.2473,29.0086,27.7165,25.5926,22.2319,18.1284,14.2426,8.14782,0.0357742,159.818,157.706,164.823,164.823
33.31765651702881,0.08809190108932553,0.9999847412109375,0.0,3,0.05687,3.0,17117.9,174.674,-7.42565,7.45471,9.24204,50.066,190.185,61.9824,44.2373,38.7311,36.3294,34.4649,33.249,32.1184,31.0644,30.0797,28.8049,27.4791,25.3084,21.8953,17.8273,13.9926,8.00118,0.0181694,160.575,158.577,165.367,165.367
33.33918499946594,0.08415052306302823,0.9999847412109375,0.0,3,0.0592978,3.0,17175.4,175.541,-7.21697,7.48809,9.44308,48.5522,200.0,63.9533,44.6941,38.8781,36.3644,34.4223,33.1604,31.9902,30.902,29.8875,28.5778,27.2196,25.0046,21.5439,17.5059,13.7293,7.85036,0.000314077,161.336,159.437,165.921,165.921
33.362236738204956,0.0803147148124377,0.9999847412109375,0.0,3,0.0619092,3.0,17234.7,176.409,-6.97856,7.5164,9.65219,47.394,200.0,66.1106,45.1613,39.0173,36.3871,34.3656,33.0567,31.8464,30.7237,29.6796,28.3353,26.9454,24.6879,21.1832,17.1683,13.4556,7.69603,-0.0178185,162.118,160.301,166.492,166.492
33.382238149642944,0.0733229855727777,0.9999847412109375,0.0,3,0.0647876,3.0,17291.3,177.283,-6.71753,7.54269,9.86956,46.4844,200.0,68.491,45.6428,39.1506,36.3992,34.2958,32.9392,31.6882,30.5309,29.4574,28.0787,26.6577,24.3593,20.8142,16.8153,13.172,7.53818,-0.0362307,162.91,161.166,167.042,167.042
33.406760692596436,0.06364721787340007,0.9999847412109375,0.0,3,0.0680895,3.0,17342.8,178.163,-6.43068,7.57347,10.097,45.7845,200.0,71.0865,46.1204,39.2636,36.3882,34.2021,32.7977,31.5063,30.315,29.2127,27.801,26.3504,24.014,20.4337,16.4451,12.8771,7.3762,-0.05498,163.718,162.055,167.541,167.541
33.42701530456543,0.05196155245966899,0.9999847412109375,0.0,3,0.0718536,3.0,17393.7,179.049,-6.1146,7.60511,10.3369,45.2888,200.0,73.8266,46.5524,39.3261,36.3284,34.062,32.6117,31.2822,30.059,28.93,27.4881,26.0112,23.6422,20.0351,16.0539,12.5685,7.20943,-0.0741208,164.529,162.969,168.033,168.033
33.44987487792969,0.04903963540217528,0.9999847412109375,0.0,3,0.0761082,3.0,17442.4,179.943,-5.75724,7.63778,10.5933,45.0264,200.0,76.5171,46.8572,39.2817,36.1726,33.8348,32.3445,30.9823,29.7323,28.5814,27.1155,25.6184,23.2264,19.6067,15.6423,12.2421,7.03662,-0.0936915,165.336,163.917,168.505,168.505
33.47085094451904,0.046211948896050445,0.9999847412109375,0.0,3,0.0811253,3.0,17485.1,180.848,-5.32627,7.67736,10.8691,44.9748,200.0,79.0271,46.9927,39.1045,35.9003,33.5036,31.9815,30.5938,29.3237,28.1569,26.6744,25.1648,22.7617,19.1455,15.2132,11.8974,6.85718,-0.113777,166.115,164.85,168.919,168.919
33.49422001838684,0.045963885322473946,0.9999847412109375,0.0,3,0.0867825,3.0,17529.7,181.756,-4.85477,7.72238,11.1644,45.0679,200.0,81.3693,46.976,38.8109,35.5271,33.0832,31.5364,30.13,28.8458,27.6686,26.1765,24.6611,22.257,18.6586,14.7716,11.5377,6.67169,-0.134445,166.907,165.775,169.349,169.349
33.514211654663086,0.04571554855112917,0.9999847412109375,0.0,3,0.0926762,3.0,17577.4,182.665,-4.3704,7.77139,11.479,45.2446,200.0,83.6328,46.8449,38.4295,35.0782,32.5961,31.0306,29.6107,28.3172,27.1338,25.6372,24.1212,21.7242,18.1545,14.3225,11.166,6.48052,-0.155801,167.708,166.677,169.808,169.808
33.53814506530762,0.045467758175320915,0.9999847412109375,0.0,3,0.0988297,3.0,17628.3,183.572,-3.9094,7.82479,11.8092,45.4471,200.0,85.9838,46.6537,37.9992,34.5867,32.0717,30.4907,29.0604,27.7603,26.5735,25.0759,23.5625,21.1775,17.6432,13.8723,10.7864,6.28445,-0.177873,168.526,167.56,170.299,170.299
33.55881309509277,0.04522078739281743,0.9999847412109375,0.0,3,0.105186,3.0,17684.8,184.476,-3.49461,7.88344,12.1314,45.6449,200.0,88.5622,46.4373,37.5439,34.0729,31.5275,29.933,28.4941,27.1892,26.0004,24.5037,22.9951,20.6252,17.1305,13.4245,10.4086,6.08367,-0.200726,169.357,168.43,170.841,170.841
33.581690311431885,0.04497490940138698,0.9999847412109375,0.0,3,0.111518,3.0,17747.1,185.376,-3.13546,7.94502,12.4405,45.8168,200.0,91.5416,46.2269,37.0835,33.553,30.9775,29.3698,27.9228,26.6137,25.4236,23.9287,22.4257,20.0726,16.6201,12.9809,10.0363,5.87784,-0.224478,170.19,169.284,171.441,171.441
33.60384726524353,0.04231311885361871,0.9999847412109375,0.0,3,0.117747,3.0,17813.9,186.271,-2.83884,8.00842,12.7363,45.9463,191.837,95.146,46.0535,36.6363,33.0418,30.4339,28.8122,27.3566,26.0428,24.8513,23.3581,21.8609,19.5249,16.1151,12.5435,9.67019,5.66695,-0.249168,171.024,170.123,172.087,172.087
33.6245002746582,0.039744531657006595,0.9999847412109375,0.0,3,0.124058,3.0,17881.5,187.166,-2.60325,8.07746,13.0203,46.0516,177.712,99.4438,45.8967,36.1877,32.5267,29.886,28.2503,26.7863,25.4684,24.2759,22.7852,21.2946,18.9771,15.6122,12.11,9.30898,5.45033,-0.274876,171.859,170.968,172.737,172.737
33.64584517478943,0.03952705632810482,0.9999847412109375,0.0,3,0.130471,3.0,17952.2,188.057,-2.40424,8.15037,13.2947,46.1544,166.45,104.459,45.723,35.7152,31.9896,29.3182,27.6702,26.1995,24.8791,23.6871,22.2008,20.7188,18.4228,15.1069,11.6777,8.95091,5.22716,-0.301692,172.68,171.812,173.42,173.42
33.668906688690186,0.039310069159312795,0.9999847412109375,0.0,3,0.136767,3.0,18025.0,188.946,-2.23169,8.22432,13.5597,46.2466,157.165,110.488,45.5469,35.227,31.4367,28.7358,27.0766,25.6005,24.2787,23.0883,21.608,20.1361,17.8642,14.6006,11.2472,8.59632,4.99848,-0.329652,173.495,172.645,174.123,174.123
33.690194845199585,0.03909332607057566,0.9999847412109375,0.0,3,0.143135,3.0,18096.8,189.834,-2.08931,8.30782,13.8147,46.3198,149.284,117.987,45.3875,34.7335,30.8764,28.146,26.476,24.9949,23.6725,22.4845,21.0111,19.5506,17.3044,14.0956,10.8201,8.24609,4.77287,-0.358754,174.313,173.481,174.816,174.816
33.714744567871094,0.038877559302058065,0.9999847412109375,0.0,3,0.149478,3.0,18170.0,190.718,-1.97637,8.40722,14.0588,46.3547,142.291,127.918,45.2925,34.2595,30.3276,27.5639,25.8816,24.3946,23.0708,21.8849,20.4182,18.9687,16.7485,13.595,10.3979,7.90084,4.55164,-0.389089,175.143,174.296,175.523,175.523
33.73475122451782,0.03866228069365025,0.9999847412109375,0.0,3,0.146837,3.0,18244.8,191.6,-1.89521,8.48418,14.2938,46.3717,136.18,141.124,45.2297,33.7828,29.7722,26.9744,25.2799,23.7873,22.4628,21.2796,19.8204,18.3832,16.1906,13.0949,9.97836,7.55929,4.3344,-0.419946,175.944,175.101,176.245,176.245
33.75784730911255,0.03844480536474845,0.9999847412109375,0.0,3,0.142962,3.0,18303.9,192.491,-1.81546,8.56208,14.5217,46.395,130.977,158.722,45.1454,33.2715,29.1854,26.3572,24.653,23.1575,21.8347,20.6562,19.2074,17.785,15.624,12.5911,9.55918,7.22028,4.12093,-0.450104,176.736,175.916,176.82,176.82
33.777931451797485,0.03823221163694436,0.9999847412109375,0.0,3,0.139273,3.0,18391.2,193.362,-1.73546,8.61192,14.744,46.4402,126.622,182.621,44.9929,32.7003,28.5482,25.6972,23.9882,22.494,21.1765,20.0063,18.5718,17.1682,15.0443,12.0811,9.13901,6.88309,3.91108,-0.479551,177.522,176.739,177.647,177.647
33.80175447463989,0.03802352319001841,0.9999847412109375,0.0,3,0.135635,3.0,18499.0,194.217,-1.683,8.60669,14.959,46.4765,122.735,200.0,44.8478,32.1081,27.8902,25.0184,23.3064,21.8152,20.5048,19.3443,17.9263,16.5434,14.4596,11.5697,8.72046,6.54894,3.70477,-0.508359,178.302,177.533,178.688,178.688
33.8222131729126,0.03565410066582261,0.9999847412109375,0.0,3,0.131916,3.0,18600.7,195.074,-1.67065,8.56611,15.1642,46.4742,119.041,200.0,44.8064,31.54,27.245,24.3477,22.6308,21.1415,19.8376,18.6865,17.2846,15.9224,13.8789,11.063,8.30681,6.2196,3.50243,-0.536528,179.092,178.311,179.675,179.675
33.844276666641235,0.03545618342421949,0.9999847412109375,0.0,3,0.12801,3.0,18688.0,195.934,-1.67881,8.59674,15.3578,46.4117,115.373,200.0,44.9696,31.036,26.6407,23.7068,21.9798,20.4888,19.1885,18.0448,16.657,15.3137,13.3086,10.5646,7.9002,5.89619,3.30424,-0.564065,179.944,179.139,180.526,180.526
33.86777114868164,0.035256425091996786,0.9999847412109375,0.0,3,0.123827,3.0,18762.9,196.802,-1.73691,8.64322,15.5377,46.2723,111.635,200.0,45.4608,30.6376,26.1048,23.116,21.3703,19.8712,18.5699,17.4298,16.0521,14.7248,12.7541,10.0782,7.50248,5.57976,3.11053,-0.590951,180.769,179.91,181.252,181.252
33.88754892349243,0.035050913351587956,0.9999847412109375,0.0,3,0.119658,3.0,18797.3,197.695,-1.78656,8.70034,15.7099,46.1236,108.22,200.0,46.1004,30.2419,25.5594,22.5129,20.7483,19.2416,17.9402,16.8048,15.439,14.1291,12.1956,9.59124,7.10704,5.26684,2.92058,-0.61718,181.555,180.694,181.647,181.647
33.912615060806274,0.036953964389516036,0.9999847412109375,0.0,3,0.115936,3.0,18815.3,198.599,-1.72193,8.83474,15.883,46.0563,105.566,200.0,46.4914,29.6728,24.8792,21.801,20.0324,18.5306,17.2394,16.1176,14.7737,13.4905,11.6067,9.08802,6.70562,4.95324,2.73358,-0.642742,182.337,181.561,181.763,181.763
33.93268609046936,0.04112855802210978,0.9999847412109375,0.0,3,0.112532,3.0,18897.3,199.455,-1.60976,8.92986,16.0541,46.0373,103.408,200.0,46.7061,28.9729,24.0993,21.0102,19.2495,17.7624,16.4897,15.3882,14.074,12.8245,10.9995,8.57693,6.30335,4.64204,2.55053,-0.667564,183.097,182.385,182.542,182.542
33.95575547218323,0.04317415392196427,0.9999847412109375,0.0,3,0.109008,3.0,19003.1,200.283,-1.53795,8.95348,16.2147,45.9758,101.235,200.0,47.2093,28.3166,23.341,20.2334,18.4778,17.0037,15.7486,14.667,13.3821,12.1663,10.4001,8.07354,5.90838,4.33731,2.37212,-0.691689,183.869,183.139,183.557,183.557
33.975825786590576,0.04293913094229996,0.9999847412109375,0.0,3,0.105063,3.0,19106.5,201.098,-1.54972,8.94592,16.3592,45.815,98.7725,200.0,48.4981,27.8413,22.6923,19.5343,17.7696,16.2984,15.0533,13.9858,12.7243,11.5371,9.82384,7.58688,5.5253,4.04137,2.19874,-0.715131,184.678,183.87,184.562,184.562
33.99917936325073,0.04270468470614404,0.9999847412109375,0.0,3,0.100575,3.0,19192.7,201.911,-1.65523,8.94069,16.4847,45.5359,95.9704,200.0,51.1376,27.6367,22.201,18.9438,17.1483,15.6647,14.4185,13.3568,12.1101,10.9445,9.27566,7.11974,5.15558,3.75503,2.03068,-0.737863,185.493,184.569,185.401,185.401
34.020217418670654,0.04246908498297135,0.9999847412109375,0.0,3,0.095824,3.0,19257.6,202.728,-1.7979,8.92286,16.5973,45.2009,93.1397,200.0,55.3921,27.6158,21.7931,18.4012,16.5615,15.0572,13.8044,12.745,11.5099,10.3639,8.73743,6.66115,4.79342,3.47527,1.86728,-0.759894,186.263,185.279,186.063,186.063
34.04360270500183,0.04222598759418974,0.9999847412109375,0.0,3,0.0912468,3.0,19278.5,203.571,-1.86796,8.97382,16.7052,44.892,90.6301,200.0,61.2684,27.5888,21.3384,17.8105,15.9306,14.4107,13.1565,12.1039,10.886,9.76495,8.18826,6.19965,4.43354,3.19981,1.70845,-0.781149,187.01,186.053,186.241,186.241
34.06571364402771,0.0419947134473299,0.9999847412109375,0.0,3,0.0869665,3.0,19346.7,204.373,-1.87134,9.00562,16.8105,44.6277,88.4806,200.0,69.4116,27.4837,20.791,17.1413,15.2327,13.7074,12.4607,11.4227,10.2308,9.14225,7.6252,5.73449,4.07616,2.92914,1.55459,-0.801569,187.726,186.826,186.891,186.891
34.08643317222595,0.04402587374695576,0.9999847412109375,0.0,3,0.0828185,3.0,19427.3,205.157,-1.86033,9.00427,16.9099,44.3763,86.5281,200.0,82.5057,27.3894,20.1982,16.4269,14.4951,12.9707,11.7372,10.7187,9.55871,8.50799,7.05726,5.27113,3.72415,2.66468,1.40594,-0.821169,188.436,187.568,187.667,187.667
34.107651472091675,0.04379121984906184,0.9999847412109375,0.0,3,0.0785687,3.0,19507.8,205.929,-1.85697,8.99526,16.9997,44.0982,84.5999,200.0,109.637,27.4825,19.6389,15.7165,13.7553,12.2302,11.0102,10.0123,8.88585,7.87479,6.49306,4.81414,3.37949,2.40717,1.26235,-0.840013,189.172,188.283,188.448,188.448
34.13074088096619,0.04355808573029935,0.9999847412109375,0.0,3,0.0739884,3.0,19578.6,206.696,-1.90472,9.00571,17.0748,43.7553,82.5561,200.0,200.0,28.0671,19.2277,15.0757,13.0621,11.5238,10.3104,9.32878,8.23256,7.25903,5.94426,4.37058,3.04615,2.15893,1.12464,-0.858025,189.928,188.964,189.136,189.136
34.1534469127655,0.043352003680076454,0.9999847412109375,0.0,3,0.0693641,3.0,19521.4,207.374,-1.96145,8.98798,17.1403,43.3972,80.5831,200.0,200.0,29.1186,18.8787,14.4382,12.3624,10.8091,9.60325,8.64003,7.57703,6.64404,5.40021,3.93534,2.72219,1.91937,0.993038,-0.87514,190.571,189.618,187.937,187.838
34.174389600753784,0.043162639200299356,0.9999847412109375,0.0,3,0.0650749,3.0,19602.9,207.997,-1.9236,9.05316,17.2038,43.0844,78.881,198.856,200.0,30.4051,18.4165,13.6941,11.575,10.0246,8.841,7.90793,6.8907,6.0085,4.84749,3.50184,2.40478,1.68723,0.867341,-0.891352,191.147,190.254,189.253,189.253
34.19676113128662,0.04300519008228245,0.9999847412109375,0.0,3,0.0610411,3.0,19333.9,208.515,-1.88908,8.98164,17.2642,42.8019,77.3747,187.256,200.0,32.1603,17.8482,12.8474,10.7058,9.17682,8.0305,7.13925,6.17984,5.35794,4.29039,3.07269,2.09516,1.46303,0.747491,-0.906697,191.636,190.802,188.167,187.904
34.21895790100098,0.042877528635241705,0.9999847412109375,0.0,3,0.0570915,3.0,19645.4,208.935,-1.83244,8.92648,17.3181,42.5217,75.956,177.242,200.0,35.144,17.2504,11.9351,9.78285,8.28877,7.19107,6.35055,5.4581,4.70353,3.73693,2.65253,1.79569,1.24795,0.63374,-0.921173,192.085,191.241,188.906,188.73
34.23996114730835,0.04274865136489583,0.9999847412109375,0.0,3,0.0532908,3.0,19618.3,209.359,-1.79764,8.83327,17.367,42.2534,74.6475,168.665,200.0,40.5073,16.5635,10.9182,8.78122,7.34429,6.31192,5.53438,4.72083,4.04246,3.18582,2.24099,1.50624,1.04189,0.525968,-0.9348,192.406,191.647,188.494,188.387
34.262221813201904,0.04265016967717869,0.9999847412109375,0.0,3,0.0495179,3.0,19368.7,209.683,-1.71772,8.78508,17.4089,41.9787,73.3827,160.977,200.0,53.4396,15.8455,9.80909,7.71141,6.35324,5.40219,4.69912,3.97532,3.3808,2.64154,1.84064,1.22805,0.845418,0.424249,-0.947588,192.789,192.002,188.431,188.43
34.28576874732971,0.04258998642357377,0.9999847412109375,0.0,3,0.0454843,3.0,19690.5,209.881,-1.70238,8.64986,17.4378,41.6561,72.0309,153.458,200.0,131.274,15.3667,8.66986,6.61217,5.3442,4.48456,3.86341,3.23628,2.73027,2.11221,1.45616,0.963603,0.659908,0.329024,-0.959501,193.094,192.253,189.124,188.66
34.305614709854126,0.042511565820391596,0.9999847412109375,0.0,3,0.0415285,3.0,19628.2,210.139,-1.70469,8.69683,17.452,41.315,70.711,146.696,200.0,200.0,15.396,7.5836,5.56651,4.39726,3.63418,3.09697,2.56623,2.14627,1.64302,1.12019,0.735112,0.50079,0.248091,-0.969573,193.331,192.416,188.527,188.379
34.32560706138611,0.042449558831828965,0.9999847412109375,0.0,3,0.0375979,3.0,19642.1,210.343,-1.68761,8.75935,17.46,40.971,69.4355,140.555,200.0,200.0,15.9856,6.291,4.3898,3.37123,2.73649,2.30305,1.88524,1.56173,1.18205,0.796529,0.518219,0.351146,0.172836,-0.97888,193.535,192.619,188.658,188.498
34.34457802772522,0.042388767666571465,0.9999847412109375,0.0,4,0.0337029,3.0,19661.7,210.543,-1.67518,8.81901,17.4621,40.6254,68.2048,134.961,200.0,200.0,18.7299,4.64791,3.02413,2.24128,1.78051,1.47697,1.19252,0.977535,0.730886,0.486477,0.313696,0.211406,0.103381,-0.987413,193.718,192.812,188.85,188.675
34.363645792007446,0.04242767401233626,0.9999847412109375,0.0,4,0.0298393,4.0,15755.3,210.415,-1.65857,8.85026,17.4584,40.2779,67.0141,129.835,200.0,200.0,170.996,2.32914,1.36646,0.966913,0.748195,0.610211,0.485041,0.392986,0.289963,0.190505,0.121719,0.0815753,0.039632,-0.995192,193.799,192.903,186.075,185.202
34.38584327697754,0.042530107125795136,0.9999847412109375,0.0,4,0.0259256,4.0,15726.3,210.078,-1.6673,8.82471,-1.0,-1.0,-1.0,-1.0,-1.0,-1.0,-1.0,-1.0,-1.0,-1.0,-1.0,-1.0,-1.0,-1.0,-1.0,-1.0,-1.0,-1.0,-1.0,-1.00219,193.566,192.661,185.769,184.851
34.40598773956299,0.04263679562082204,0.9999847412109375,0.0,4,0.0218272,4.0,15530.1,209.727,-1.70447,8.779,-1.0,-1.0,-1.0,-1.0,-1.0,-1.0,-1.0,-1.0,-1.0,-1.0,-1.0,-1.0,-1.0,-1.0,-1.0,-1.0,-1.0,-1.0,-1.0,-1.00844,193.28,192.336,185.156,184.019
34.426185131073,0.04257782819052228,0.9999847412109375,0.0,4,0.0174923,4.0,16072.2,209.921,-1.81535,8.68743,-1.0,-1.0,-1.0,-1.0,-1.0,-1.0,-1.0,-1.0,-1.0,-1.0,-1.0,-1.0,-1.0,-1.0,-1.0,-1.0,-1.0,-1.0,-1.0,-1.01393,193.155,192.158,190.93,190.93
34.44562077522278,0.04241338808850075,0.9999847412109375,0.0,4,0.0129588,4.0,16117.8,210.462,-1.96426,8.62539,-1.0,-1.0,-1.0,-1.0,-1.0,-1.0,-1.0,-1.0,-1.0,-1.0,-1.0,-1.0,-1.0,-1.0,-1.0,-1.0,-1.0,-1.0,-1.0,-1.0187,193.538,192.493,191.521,191.521
34.4657027721405,0.042245300516563784,0.9999847412109375,0.0,4,0.0085361,4.0,16141.0,211.015,-2.06857,8.5873,-1.0,-1.0,-1.0,-1.0,-1.0,-1.0,-1.0,-1.0,-1.0,-1.0,-1.0,-1.0,-1.0,-1.0,-1.0,-1.0,-1.0,-1.0,-1.0,-1.02271,194.013,192.982,191.799,191.799
34.48630666732788,0.042077516900453096,0.9999847412109375,0.0,4,0.0044167,4.0,16164.0,211.567,-2.09137,8.56988,-1.0,-1.0,-1.0,-1.0,-1.0,-1.0,-1.0,-1.0,-1.0,-1.0,-1.0,-1.0,-1.0,-1.0,-1.0,-1.0,-1.0,-1.0,-1.0,-1.02595,194.478,193.508,192.072,192.072
34.50558161735535,0.039762139326396086,0.9999847412109375,0.0,4,0.000658989,4.0,16191.6,212.115,-2.04669,8.55081,-1.0,-1.0,-1.0,-1.0,-1.0,-1.0,-1.0,-1.0,-1.0,-1.0,-1.0,-1.0,-1.0,-1.0,-1.0,-1.0,-1.0,-1.0,-1.0,-1.0284,194.931,194.038,192.396,192.396
34.52479267120361,0.03960526509211709,0.9999847412109375,0.0,4,-0.00272465,4.0,16225.0,212.659,-1.95237,8.53762,-1.0,-1.0,-1.0,-1.0,-1.0,-1.0,-1.0,-1.0,-1.0,-1.0,-1.0,-1.0,-1.0,-1.0,-1.0,-1.0,-1.0,-1.0,-1.0,-1.03008,195.389,194.58,192.789,192.789
34.54479455947876,0.037375913477344445,0.9999847412109375,0.0,4,-0.00589824,4.0,16273.3,213.191,-1.83776,8.5157,-1.0,-1.0,-1.0,-1.0,-1.0,-1.0,-1.0,-1.0,-1.0,-1.0,-1.0,-1.0,-1.0,-1.0,-1.0,-1.0,-1.0,-1.0,-1.0,-1.03101,195.862,195.108,193.347,193.347
34.564422369003296,0.031362058158963924,0.9999847412109375,0.0,4,-0.00904441,4.0,16319.8,213.724,-1.76277,8.47899,-1.0,-1.0,-1.0,-1.0,-1.0,-1.0,-1.0,-1.0,-1.0,-1.0,-1.0,-1.0,-1.0,-1.0,-1.0,-1.0,-1.0,-1.0,-1.0,-1.03122,196.355,195.614,193.912,193.912
34.58447265625,0.022609407439207033,0.9999847412109375,0.0,4,-0.012032,4.0,16357.9,214.264,-1.70783,8.45951,-1.0,-1.0,-1.0,-1.0,-1.0,-1.0,-1.0,-1.0,-1.0,-1.0,-1.0,-1.0,-1.0,-1.0,-1.0,-1.0,-1.0,-1.0,-1.0,-1.03076,196.847,196.139,194.368,194.368
34.60374426841736,0.011651791113844762,0.9999847412109375,0.0,4,-0.0145974,4.0,16394.5,214.806,-1.63565,8.45514,-1.0,-1.0,-1.0,-1.0,-1.0,-1.0,-1.0,-1.0,-1.0,-1.0,-1.0,-1.0,-1.0,-1.0,-1.0,-1.0,-1.0,-1.0,-1.0,-1.02968,197.313,196.697,194.803,194.803
34.62339639663696,0.002492737529799342,0.9999847412109375,0.0,4,-0.0164204,4.0,16430.1,215.35,-1.51849,8.44996,-1.0,-1.0,-1.0,-1.0,-1.0,-1.0,-1.0,-1.0,-1.0,-1.0,-1.0,-1.0,-1.0,-1.0,-1.0,-1.0,-1.0,-1.0,-1.0,-1.02805,197.738,197.286,195.227,195.227
34.64329242706299,0.0,0.9999847412109375,0.0,4,-0.0172741,4.0,16465.4,215.896,-1.31619,8.44632,-1.0,-1.0,-1.0,-1.0,-1.0,-1.0,-1.0,-1.0,-1.0,-1.0,-1.0,-1.0,-1.0,-1.0,-1.0,-1.0,-1.0,-1.0,-1.0,-1.026,198.137,197.905,195.646,195.646
34.66340208053589,-0.0005540739118556182,0.9999847412109375,0.0,4,-0.0174022,4.0,16502.9,216.441,-1.03251,8.4515,-1.0,-1.0,-1.0,-1.0,-1.0,-1.0,-1.0,-1.0,-1.0,-1.0,-1.0,-1.0,-1.0,-1.0,-1.0,-1.0,-1.0,-1.0,-1.0,-1.02359,198.554,198.499,196.081,196.081
34.68571066856384,-0.0011516891910384097,0.9999847412109375,0.0,4,-0.0171859,4.0,16547.9,216.978,-0.754883,8.44117,-1.0,-1.0,-1.0,-1.0,-1.0,-1.0,-1.0,-1.0,-1.0,-1.0,-1.0,-1.0,-1.0,-1.0,-1.0,-1.0,-1.0,-1.0,-1.0,-1.02091,199.007,199.043,196.626,196.626
34.706252336502075,-0.0015271768985657644,0.9999847412109375,0.0,4,-0.0168574,4.0,16584.2,217.521,-0.516886,8.44267,-1.0,-1.0,-1.0,-1.0,-1.0,-1.0,-1.0,-1.0,-1.0,-1.0,-1.0,-1.0,-1.0,-1.0,-1.0,-1.0,-1.0,-1.0,-1.0,-1.01806,199.489,199.56,197.057,197.057
34.72367238998413,-0.0035764911845326424,0.9999847412109375,0.0,4,-0.0164921,4.0,16620.2,218.064,-0.333593,8.45431,-1.0,-1.0,-1.0,-1.0,-1.0,-1.0,-1.0,-1.0,-1.0,-1.0,-1.0,-1.0,-1.0,-1.0,-1.0,-1.0,-1.0,-1.0,-1.0,-1.01507,199.983,200.065,197.485,197.485
34.74416899681091,-0.008249041523644701,0.9999847412109375,0.0,4,-0.0160499,4.0,16656.3,218.605,-0.193557,8.47131,-1.0,-1.0,-1.0,-1.0,-1.0,-1.0,-1.0,-1.0,-1.0,-1.0,-1.0,-1.0,-1.0,-1.0,-1.0,-1.0,-1.0,-1.0,-1.0,-1.01201,200.47,200.571,197.914,197.914
34.76636004447937,-0.014814918148191643,0.9999847412109375,0.0,4,-0.0154109,4.0,16693.6,219.145,-0.0795356,8.48613,-1.0,-1.0,-1.0,-1.0,-1.0,-1.0,-1.0,-1.0,-1.0,-1.0,-1.0,-1.0,-1.0,-1.0,-1.0,-1.0,-1.0,-1.0,-1.0,-1.00894,200.943,201.087,198.356,198.356
34.785688638687134,-0.01737268519609856,0.9999847412109375,0.0,4,-0.0143592,4.0,16732.0,219.681,0.0324645,8.50656,-1.0,-1.0,-1.0,-1.0,-1.0,-1.0,-1.0,-1.0,-1.0,-1.0,-1.0,-1.0,-1.0,-1.0,-1.0,-1.0,-1.0,-1.0,-1.0,-1.00592,201.39,201.626,198.813,198.813
34.80434966087341,-0.017302164777213087,0.9999847412109375,0.0,4,-0.012892,4.0,16777.8,220.21,0.183314,8.51452,-1.0,-1.0,-1.0,-1.0,-1.0,-1.0,-1.0,-1.0,-1.0,-1.0,-1.0,-1.0,-1.0,-1.0,-1.0,-1.0,-1.0,-1.0,-1.0,-1.00302,201.832,202.164,199.355,199.355
34.823424100875854,-0.017231111122646057,0.9999847412109375,0.0,4,-0.0112181,4.0,16816.9,220.743,0.34041,8.5259,-1.0,-1.0,-1.0,-1.0,-1.0,-1.0,-1.0,-1.0,-1.0,-1.0,-1.0,-1.0,-1.0,-1.0,-1.0,-1.0,-1.0,-1.0,-1.0,-1.0003,202.294,202.68,199.821,199.821
34.84428143501282,-0.01457376744202338,0.9999847412109375,0.0,4,-0.0094893,4.0,16855.2,221.275,0.472333,8.54109,16.793,35.8316,55.1909,91.3038,151.309,200.0,200.0,200.0,200.0,200.0,200.0,1.68535,0.665117,0.393177,0.222634,0.119365,0.0675762,0.0423967,0.0191643,-0.997763,202.773,203.177,200.276,200.276
34.8664972782135,-0.00631350567053693,0.9999847412109375,0.0,4,-0.00784111,4.0,16892.6,221.805,0.573788,8.56021,16.801,35.9577,55.5393,92.3491,154.337,200.0,200.0,200.0,200.0,200.0,30.6107,2.82004,1.24183,0.757487,0.437675,0.237601,0.135372,0.0852012,0.0386382,-0.995482,203.268,203.658,200.721,200.721
34.886165142059326,-0.002361490940256044,0.9999847412109375,0.0,4,-0.00664163,4.0,16929.7,222.335,0.636466,8.5778,16.8034,36.0428,55.7848,93.1075,156.591,200.0,200.0,200.0,200.0,200.0,18.9626,3.65692,1.71698,1.06904,0.626276,0.34298,0.196299,0.123829,0.0562877,-0.993411,203.804,204.098,201.163,201.163
34.905783891677856,-0.0011007288793722788,0.9999847412109375,0.0,4,-0.0060463,4.0,16966.8,222.864,0.598021,8.59954,16.7974,36.0698,55.8838,93.4491,157.668,200.0,200.0,200.0,200.0,200.0,18.9611,4.45545,2.15147,1.35244,0.797541,0.43863,0.251603,0.158896,0.0723121,-0.99153,204.359,204.518,201.603,201.603
34.92464900016785,-0.0005252540534734726,0.9999847412109375,0.0,4,-0.00585032,4.0,17007.2,223.388,0.49695,8.61747,16.786,36.0584,55.885,93.5096,157.938,200.0,200.0,200.0,200.0,200.0,21.2982,5.27982,2.57201,1.62176,0.9584,0.52783,0.30299,0.19142,0.0871464,-0.98979,204.892,204.954,202.082,202.082
34.94347262382507,0.0,0.9999847412109375,0.0,4,-0.00582981,4.0,17045.7,223.913,0.383751,8.63436,16.7728,36.0314,55.845,93.4489,157.853,200.0,200.0,200.0,200.0,200.0,24.4814,6.10146,2.97498,1.87644,1.10915,0.610945,0.350727,0.221587,0.100885,-0.98818,205.399,205.413,202.54,202.54
34.96413230895996,0.0,0.9999847412109375,0.0,4,-0.00589657,4.0,17083.4,224.436,0.28724,8.65292,16.7588,35.9969,55.7852,93.3289,157.593,200.0,200.0,200.0,200.0,200.0,28.2875,6.92739,3.3677,2.12195,1.25336,0.690052,0.396042,0.250186,0.11389,-0.986657,205.893,205.884,202.989,202.989
34.985798835754395,0.0010838961822353303,0.9999847412109375,0.0,4,-0.00600696,4.0,17121.1,224.958,0.204448,8.67274,16.7447,35.9592,55.7161,93.1805,157.249,200.0,200.0,200.0,200.0,200.0,32.6513,7.75839,3.75308,2.36069,1.3927,0.766173,0.43955,0.277612,0.126348,-0.985199,206.379,206.359,203.437,203.437
35.00476026535034,0.0018455438043456522,0.9999847412109375,0.0,4,-0.00615335,4.0,17158.5,225.479,0.141878,8.69461,16.7302,35.9184,55.6388,93.0078,156.833,200.0,200.0,200.0,200.0,200.0,37.8406,8.61738,4.1409,2.59864,1.53063,0.841178,0.482314,0.304538,0.138562,-0.983771,206.863,206.833,203.882,203.882
35.02450084686279,0.0022956141044944527,0.9999847412109375,0.0,4,-0.00636506,4.0,17196.1,225.998,0.0892568,8.71728,16.715,35.8714,55.546,92.7901,156.288,200.0,200.0,200.0,200.0,200.0,44.7815,9.53771,4.53813,2.8383,1.6679,0.915227,0.524361,0.330953,0.15052,-0.982374,207.348,207.304,204.328,204.328
35.04374074935913,0.0027925364501929536,0.9999847412109375,0.0,4,-0.00661922,4.0,17233.7,226.515,0.0402801,8.74042,16.6988,35.82,55.4421,92.542,155.658,200.0,200.0,200.0,200.0,200.0,54.2042,10.5442,4.95606,3.08694,1.80888,0.990781,0.567108,0.357761,0.162631,-0.980961,207.829,207.775,204.775,204.775
35.06632161140442,0.002780867431216563,0.9999847412109375,0.0,4,-0.006917,4.0,17271.4,227.031,0.00217851,8.76336,16.6819,35.7638,55.3269,92.2628,154.943,200.0,200.0,200.0,200.0,200.0,67.8811,11.6591,5.39925,3.34646,1.95438,1.06818,0.610725,0.38506,0.174939,-0.979526,208.309,208.244,205.223,205.223
35.08566951751709,0.002769243640995895,0.9999847412109375,0.0,4,-0.0072515,4.0,17309.1,227.545,-0.0344675,8.78567,16.664,35.7033,55.2018,91.9573,154.157,200.0,200.0,200.0,200.0,200.0,89.2548,12.9062,5.87334,3.61976,2.10593,1.14821,0.655655,0.413125,0.187566,-0.978056,208.786,208.713,205.671,205.671
35.10446739196777,0.00275766507953095,0.9999847412109375,0.0,4,-0.00759244,4.0,17346.8,228.057,-0.064094,8.80863,16.6456,35.6415,55.0742,91.6469,153.362,200.0,200.0,200.0,200.0,200.0,124.087,14.2733,6.37534,3.90599,2.26348,1.23103,0.702039,0.442064,0.200571,-0.976543,209.259,209.183,206.118,206.118
35.126033306121826,0.002746109132443865,0.9999847412109375,0.0,4,-0.0079298,4.0,17384.2,228.568,-0.086131,8.83727,16.6269,35.5791,54.9464,91.338,152.577,200.0,200.0,200.0,200.0,200.0,188.447,15.7683,6.90771,4.20687,2.42817,1.31732,0.750278,0.472135,0.214074,-0.974972,209.731,209.655,206.563,206.563
35.14585733413696,0.002734598414112503,0.9999847412109375,0.0,4,-0.00826001,4.0,17421.4,229.077,-0.101749,8.8642,16.6079,35.5168,54.8194,91.0334,151.808,200.0,200.0,200.0,200.0,200.0,200.0,17.3907,7.46772,4.52063,2.599,1.40653,0.800079,0.503154,0.22799,-0.973354,210.198,210.124,207.006,207.006
35.16460180282593,0.0022291719582304362,0.9999847412109375,0.0,4,-0.00858259,4.0,17455.8,229.587,-0.112219,8.89662,16.5884,35.4541,54.6929,90.7325,151.056,200.0,200.0,200.0,200.0,200.0,200.0,19.163,8.06145,4.85077,2.77792,1.49972,0.85203,0.535493,0.242489,-0.971669,210.665,210.593,207.415,207.415
35.18686079978943,0.00030174851417541504,0.9999847412109375,0.0,4,-0.00886035,4.0,17492.7,230.093,-0.119879,8.92878,16.5692,35.395,54.5761,90.4613,150.391,200.0,200.0,200.0,200.0,200.0,200.0,20.9994,8.67155,5.19025,2.96222,1.59585,0.905674,0.568904,0.257477,-0.969926,211.127,211.064,207.853,207.853
35.2071316242218,-0.00030107833445072176,0.9999847412109375,0.0,4,-0.00901222,4.0,17530.3,230.597,-0.117583,8.95784,16.5517,35.3476,54.4891,90.2749,149.965,200.0,200.0,200.0,200.0,200.0,200.0,22.6515,9.25599,5.52378,3.14663,1.69324,0.96038,0.603091,0.272868,-0.968133,211.577,211.542,208.299,208.299
35.2253954410553,-0.0010389462113380432,0.9999847412109375,0.0,4,-0.0090549,4.0,17568.1,231.1,-0.0939067,8.98761,16.5356,35.3105,54.428,90.1619,149.745,200.0,200.0,200.0,200.0,200.0,200.0,24.0733,9.80752,5.84802,3.32957,1.7911,1.01571,0.637787,0.288542,-0.966304,212.029,212.019,208.749,208.749
35.24446201324463,-0.0017769098281860353,0.9999847412109375,0.0,4,-0.0090189,4.0,17605.4,231.6,-0.0683352,9.02442,16.5204,35.2804,54.3849,90.1004,149.67,200.0,200.0,200.0,200.0,200.0,200.0,25.3052,10.3355,6.16719,3.51286,1.89022,1.07208,0.673224,0.304596,-0.964428,212.482,212.491,209.192,209.192
35.265780448913574,-0.002711714804172516,0.9999847412109375,0.0,4,-0.00888753,4.0,17642.4,232.1,-0.0383229,9.0563,16.5067,35.2598,54.3651,90.104,149.776,200.0,200.0,200.0,200.0,200.0,200.0,26.2329,10.8126,6.46837,3.69043,1.98776,1.12797,0.708502,0.32064,-0.962549,212.93,212.961,209.632,209.632
35.284822940826416,-0.0032529328018426895,0.9999847412109375,0.0,4,-0.00865722,4.0,17673.6,232.603,-0.00397271,9.10104,16.4947,35.2491,54.3697,90.1756,150.071,200.0,200.0,200.0,200.0,200.0,200.0,26.8229,11.2286,6.74696,3.8603,2.08289,1.183,0.7434,0.336587,-0.960678,213.379,213.433,210.004,210.004
35.30668640136719,-0.0032529328018426895,0.9999847412109375,0.0,4,-0.00836682,4.0,17710.2,233.099,0.0343905,9.14186,16.4837,35.2444,54.3892,90.2891,150.484,200.0,200.0,200.0,200.0,200.0,200.0,27.1969,11.6008,7.00871,4.02427,2.17611,1.23733,0.777976,0.352443,-0.958813,213.829,213.898,210.438,210.438
35.32571220397949,-0.0032529328018426895,0.9999847412109375,0.0,4,-0.00806069,4.0,17747.9,233.593,0.0668213,9.17597,16.4733,35.2419,54.4135,90.4153,150.933,200.0,200.0,200.0,200.0,200.0,200.0,27.4831,11.9461,7.2581,4.1828,2.26703,1.29054,0.811908,0.368036,-0.956978,214.281,214.355,210.885,210.885
35.34379053115845,-0.0032529328018426895,0.9999847412109375,0.0,4,-0.00775552,4.0,17785.6,234.085,0.0908591,9.21489,16.4631,35.2401,54.4389,90.5434,151.387,200.0,200.0,200.0,200.0,200.0,200.0,27.7273,12.2706,7.49622,4.33568,2.35521,1.3423,0.844965,0.383251,-0.955185,214.738,214.812,211.334,211.334
35.36590051651001,-0.0032529328018426895,0.9999847412109375,0.0,4,-0.00745177,4.0,17823.0,234.576,0.108326,9.25784,16.4534,35.239,54.4654,90.6737,151.846,200.0,200.0,200.0,200.0,200.0,200.0,27.9286,12.5726,7.72178,4.48203,2.44016,1.39233,0.876963,0.398001,-0.953446,215.191,215.264,211.778,211.778
35.384676694869995,-0.0032529328018426895,0.9999847412109375,0.0,4,-0.00715208,4.0,17856.1,235.069,0.120699,9.29785,16.4439,35.2382,54.492,90.8033,152.303,200.0,200.0,200.0,200.0,200.0,183.896,28.11,12.8599,7.93905,4.6241,2.52302,1.44124,0.908292,0.412462,-0.95174,215.641,215.713,212.183,212.183
35.40570569038391,-0.002711714804172516,0.9999847412109375,0.0,4,-0.00686359,4.0,17887.5,235.561,0.127444,9.35277,16.4347,35.2373,54.5174,90.9283,152.745,200.0,200.0,200.0,200.0,200.0,160.729,28.2782,13.131,8.14586,4.76017,2.60271,1.48838,0.938515,0.426427,-0.950091,216.095,216.165,212.546,212.546
35.423728466033936,-0.0022197071462869643,0.9999847412109375,0.0,4,-0.00658464,4.0,17924.2,236.048,0.130468,9.40088,16.4258,35.2365,54.5422,91.0498,153.177,200.0,200.0,200.0,200.0,200.0,144.258,28.431,13.386,8.34234,4.89031,2.67925,1.53376,0.967638,0.439899,-0.9485,216.544,216.612,212.981,212.981
35.444249868392944,-0.0017769098281860353,0.9999847412109375,0.0,4,-0.00634909,4.0,17962.0,236.532,0.132557,9.43853,16.4167,35.2323,54.5578,91.144,153.529,200.0,200.0,200.0,200.0,200.0,133.836,28.6567,13.6455,8.53653,5.0173,2.75346,1.57763,0.995761,0.452893,-0.946966,216.994,217.053,213.429,213.429
35.465731620788574,-0.0013833228498697282,0.9999847412109375,0.0,4,-0.00615692,4.0,18000.0,237.014,0.124459,9.48817,16.4073,35.2247,54.5641,91.2102,153.799,200.0,200.0,200.0,200.0,200.0,127.291,28.9573,13.9126,8.73035,5.14208,2.82581,1.62025,1.02303,0.46547,-0.945483,217.449,217.497,213.881,213.881
35.48413276672363,-0.0013833228498697282,0.9999847412109375,0.0,4,-0.00601459,4.0,18036.8,237.495,0.116578,9.53429,16.3974,35.2129,54.559,91.2431,153.973,200.0,200.0,200.0,200.0,200.0,123.808,29.3547,14.1953,8.92783,5.2666,2.89716,1.66204,1.0497,0.477737,-0.944038,217.898,217.934,214.319,214.319
35.50568747520447,-0.0013833228498697282,0.9999847412109375,0.0,4,-0.00592065,4.0,18064.2,237.982,0.100548,9.5875,16.3871,35.1968,54.543,91.2436,154.052,200.0,200.0,200.0,200.0,200.0,122.668,29.8466,14.4941,9.12914,5.39087,2.9675,1.70299,1.07575,0.489683,-0.942633,218.345,218.37,214.651,214.651
35.52392077445984,-0.0013833228498697282,0.9999847412109375,0.0,4,-0.00585055,4.0,18097.6,238.463,0.0830064,9.65154,16.3766,35.1789,54.5218,91.2286,154.085,200.0,200.0,200.0,200.0,200.0,122.549,30.3778,14.7981,9.33078,5.51413,3.03685,1.74324,1.10133,0.501393,-0.941257,218.793,218.811,215.042,215.042
35.54555296897888,-0.0013833228498697282,0.9999847412109375,0.0,4,-0.00578594,4.0,18134.6,238.939,0.0685149,9.70444,16.3661,35.1607,54.4997,91.2104,154.109,200.0,200.0,200.0,200.0,200.0,122.636,30.9101,15.1003,9.53086,5.63632,3.10555,1.78311,1.12665,0.512986,-0.939895,219.232,219.249,215.481,215.481
35.566344261169434,-0.0017769098281860353,0.9999847412109375,0.0,4,-0.00571728,4.0,18173.0,239.413,0.0582912,9.74457,16.3561,35.1436,54.4795,91.1967,154.143,200.0,200.0,200.0,200.0,200.0,122.48,31.4074,15.3892,9.72354,5.75452,3.17222,1.82184,1.15127,0.524269,-0.938569,219.668,219.685,215.937,215.937
35.5849974155426,-0.0032529328018426895,0.9999847412109375,0.0,4,-0.00559688,4.0,18210.6,239.885,0.0514957,9.80496,16.3469,35.1317,54.4725,91.2201,154.283,200.0,200.0,200.0,200.0,200.0,120.297,31.7561,15.6412,9.90095,5.86711,3.23702,1.85989,1.17558,0.535463,-0.937249,220.105,220.132,216.385,216.385
35.60714316368103,-0.004482999816536904,0.9999847412109375,0.0,4,-0.00537753,4.0,18246.7,240.357,0.0579799,9.8516,16.3397,35.1307,54.4916,91.3163,154.631,200.0,200.0,200.0,200.0,200.0,114.69,31.8086,15.8128,10.0429,5.96519,3.29618,1.89542,1.19853,0.546151,-0.935983,220.526,220.575,216.814,216.814
35.62558674812317,-0.006697177886962891,0.9999847412109375,0.0,4,-0.00505304,4.0,18269.1,240.838,0.0761612,9.92619,16.3346,35.141,54.5382,91.49,155.202,200.0,200.0,200.0,200.0,199.939,106.561,31.5697,15.9034,10.1493,6.04905,3.35007,1.92871,1.22032,0.556431,-0.934756,220.951,221.024,217.083,217.083
35.6435489654541,-0.007533657923340798,0.9999847412109375,0.0,4,-0.0045476,4.0,18304.1,241.307,0.100909,9.99808,16.333,35.1708,54.6324,91.7981,156.162,200.0,200.0,200.0,200.0,198.218,95.3305,30.8704,15.8594,10.1954,6.10851,3.39478,1.95808,1.24008,0.565992,-0.933601,221.364,221.478,217.496,217.496
35.66405010223389,-0.007533657923340798,0.9999847412109375,0.0,4,-0.00384593,4.0,18341.7,241.773,0.152311,10.0534,16.3354,35.2222,54.7793,92.2558,157.56,200.0,200.0,200.0,200.0,196.327,82.931,29.7468,15.6752,10.1759,6.14028,3.42871,1.98269,1.2573,0.574636,-0.932539,221.769,221.928,217.941,217.941
35.6863067150116,-0.007533657923340798,0.9999847412109375,0.0,4,-0.00301313,4.0,18381.0,242.232,0.213575,10.1636,16.3409,35.2893,54.9638,92.8208,159.28,200.0,200.0,200.0,200.0,194.293,71.8378,28.4248,15.3988,10.1073,6.14896,3.45265,2.00253,1.27184,0.582214,-0.931592,222.212,222.373,218.409,218.409
35.704861640930176,-0.007533657923340798,0.9999847412109375,0.0,4,-0.00208831,4.0,18416.9,242.693,0.281275,10.2458,16.349,35.3684,55.177,93.4682,161.257,200.0,200.0,200.0,198.134,192.121,62.5731,27.0353,15.0615,10.0012,6.13803,3.46738,2.01769,1.28365,0.588666,-0.93077,222.602,222.806,218.837,218.837
35.725030183792114,-0.007533657923340798,0.9999847412109375,0.0,4,-0.00120616,4.0,18401.9,243.195,0.330229,10.4339,16.3577,35.4462,55.3852,94.1002,163.199,200.0,200.0,200.0,196.271,189.908,55.7715,25.8166,14.7371,9.88879,6.11826,3.47576,2.02885,1.29282,0.593876,-0.930095,223.026,223.232,218.589,218.589
35.744444847106934,-0.007533657923340798,0.9999847412109375,0.0,4,-0.000358105,4.0,18456.3,243.63,0.352432,10.4714,16.3673,35.5243,55.5915,94.7239,165.126,200.0,200.0,198.714,194.409,187.626,50.4755,24.71,14.4123,9.76384,6.08652,3.47614,2.03506,1.29877,0.597577,-0.9296,223.435,223.642,219.337,219.337
35.76573204994202,-0.0059099081903696065,0.9999847412109375,0.0,4,0.000595808,4.0,18500.0,244.078,0.395164,10.5373,16.3801,35.6166,55.8319,95.4466,167.369,200.0,200.0,196.898,192.463,185.042,45.5277,23.5163,14.0251,9.59921,6.03299,3.46581,2.03567,1.30139,0.59987,-0.929262,223.831,224.059,219.834,219.834
35.78599762916565,-0.0032529328018426895,0.9999847412109375,0.0,4,0.00149274,4.0,18535.1,244.531,0.437943,10.4896,16.3934,35.7068,56.0644,96.1443,169.548,200.0,199.831,195.095,190.526,182.189,41.6293,22.4557,13.6535,9.43058,5.97118,3.44886,2.03189,1.30106,0.600738,-0.929097,224.238,224.463,220.291,220.291
35.80489110946655,-0.0017769098281860353,0.9999847412109375,0.0,4,0.00216222,4.0,18576.8,244.974,0.447925,10.5555,16.4043,35.7764,56.2425,96.6774,171.222,200.0,198.179,193.383,188.71,179.087,39.0772,21.6933,13.3689,9.29454,5.91684,3.43102,2.02593,1.29879,0.60045,-0.929084,224.69,224.857,220.818,220.818
35.82417416572571,-0.0010389462113380432,0.9999847412109375,0.0,4,0.00258279,4.0,18617.9,245.422,0.411316,10.5343,16.4125,35.8232,56.3594,97.0229,172.304,200.0,196.607,191.777,187.041,164.411,37.5486,21.1953,13.1681,9.19151,5.87069,3.41264,2.01791,1.29461,0.598992,-0.929226,225.145,225.244,221.268,221.268
35.844733238220215,-0.0004978239536285401,0.9999847412109375,0.0,4,0.00285339,4.0,18631.2,245.884,0.357987,10.6575,16.4191,35.8563,56.4397,97.2548,173.023,199.364,195.081,190.235,185.462,148.282,36.538,20.8371,13.0112,9.10488,5.82765,3.39294,2.00806,1.28891,0.596657,-0.929483,225.587,225.642,221.481,221.481
35.863840103149414,-0.0004978239536285401,0.9999847412109375,0.0,4,0.00297189,4.0,18682.2,246.321,0.291898,10.6524,16.4242,35.8757,56.4825,97.3698,173.362,197.885,193.605,188.76,183.979,141.62,35.9776,20.6071,12.8957,9.03393,5.78754,3.37189,1.99639,1.28168,0.593446,-0.929854,226.029,226.042,222.035,222.035
35.886106729507446,-0.0004978239536285401,0.9999847412109375,0.0,4,0.00299621,4.0,18728.9,246.749,0.222092,10.7697,16.4284,35.8865,56.502,97.4119,200.0,196.429,192.157,187.323,182.554,139.582,35.6764,20.4527,12.8048,8.97222,5.74908,3.34996,1.98356,1.2735,0.589685,-0.930297,226.458,226.446,222.711,222.711
35.905595779418945,-0.00030107833445072176,0.9999847412109375,0.0,4,0.00298882,4.0,18783.7,247.19,0.163381,10.7954,16.4327,35.8953,56.5151,97.4318,200.0,194.978,190.716,185.898,181.147,138.895,35.4352,20.3091,12.7132,8.90745,5.70725,3.32544,1.969,1.26413,0.585339,-0.930811,226.883,226.862,223.058,223.058
35.92366695404053,-0.00030107833445072176,0.9999847412109375,0.0,4,0.00299501,4.0,18784.6,247.654,0.125979,10.9167,16.4376,35.9064,56.5333,97.4655,199.568,193.519,189.268,184.463,179.727,137.475,35.1272,20.1369,12.6069,8.83343,5.6601,3.29808,1.95284,1.25377,0.580549,-0.931377,227.273,227.272,223.184,223.184
35.9458441734314,0.0,0.9999847412109375,0.0,4,0.00305414,4.0,18814.7,248.103,0.103664,10.9488,16.4436,35.9237,56.5666,97.5435,198.088,192.043,187.798,183.0,178.268,133.653,34.6496,19.9058,12.4756,8.74619,5.60677,3.26812,1.93548,1.24276,0.575511,-0.931969,227.639,227.678,223.474,223.474
35.96319532394409,0.0,0.9999847412109375,0.0,4,0.00317287,4.0,18824.5,248.557,0.100478,11.006,16.451,35.948,56.6172,97.6723,196.592,190.548,186.304,181.507,176.766,127.452,33.9842,19.6069,12.3147,8.64274,5.54551,3.23462,1.91639,1.23076,0.570082,-0.932602,228.051,228.084,223.697,223.697
35.98579454421997,0.0004986856132745743,0.9999847412109375,0.0,4,0.00329447,4.0,18862.8,248.986,0.0978811,11.091,16.4585,35.9729,56.6691,97.8045,195.093,189.049,184.807,180.01,175.26,121.566,33.3172,19.3047,12.1514,8.53754,5.48311,3.20045,1.89691,1.21851,0.564536,-0.93325,228.464,228.481,224.205,224.205
36.00392436981201,0.0013847589492797852,0.9999847412109375,0.0,4,0.00339913,4.0,18943.4,249.384,0.0890036,11.0251,16.466,35.9966,56.7175,97.9249,193.594,187.55,183.312,178.517,173.761,116.62,32.692,19.0114,11.9891,8.43145,5.41931,3.16511,1.87661,1.20568,0.558706,-0.933932,228.873,228.882,225.081,225.081
36.02584099769592,0.0032551348209381107,0.9999847412109375,0.0,4,0.00344419,4.0,18964.4,249.824,0.0866027,11.082,16.4728,36.0145,56.7505,97.9976,192.103,186.065,181.834,177.049,172.299,113.866,32.2229,18.7678,11.845,8.33344,5.35814,3.13018,1.85618,1.19265,0.552714,-0.934638,229.279,229.283,225.312,225.312
36.044588804244995,0.005174625292420388,0.9999847412109375,0.0,4,0.00340557,4.0,18975.1,250.274,0.0821535,11.078,16.4782,36.0236,56.7608,98.0018,190.626,184.6,180.382,175.616,170.891,113.905,31.9747,18.5984,11.73,8.24971,5.30274,3.09714,1.83635,1.17984,0.546734,-0.935348,229.641,229.663,225.378,225.378
36.06592011451721,0.005912876129150391,0.9999847412109375,0.0,4,0.00318313,4.0,18980.9,250.713,0.0583724,11.0992,16.4805,36.0133,56.7212,97.8553,189.181,183.181,178.989,174.263,169.6,120.53,32.2149,18.5929,11.68,8.19806,5.2606,3.06862,1.8181,1.16765,0.540863,-0.936056,230.078,230.027,225.569,225.569
36.085901737213135,0.005912876129150391,0.9999847412109375,0.0,4,0.00275946,4.0,19036.7,251.104,-0.000143458,11.1341,16.4792,35.9811,56.6262,97.5436,187.772,181.813,177.66,172.997,168.433,137.577,33.0524,18.7833,11.7084,8.18603,5.23572,3.04665,1.80255,1.15681,0.535411,-0.936727,230.503,230.39,226.378,226.378
36.10352921485901,0.005912876129150391,0.9999847412109375,0.0,4,0.00219607,4.0,19089.4,251.517,-0.0703635,11.1176,16.475,35.933,56.4921,97.1181,186.388,180.478,176.373,171.785,167.342,158.16,34.4244,19.1367,11.8012,8.20724,5.22607,3.03107,1.78997,1.14759,0.530581,-0.937333,230.911,230.775,226.708,226.708
36.12377214431763,0.005912876129150391,0.9999847412109375,0.0,4,0.00168204,4.0,19073.2,251.966,-0.11391,11.1176,16.4713,35.8895,56.3708,96.7339,184.989,179.126,175.065,170.545,166.207,158.159,35.7994,19.474,11.8867,8.22563,5.21624,3.01621,1.77813,1.13896,0.526078,-0.937897,231.25,231.152,226.645,226.645
36.144248962402344,0.0032551348209381107,0.9999847412109375,0.0,4,0.00115895,4.0,19112.7,252.363,-0.151087,11.1814,16.4667,35.8434,56.2448,96.341,183.59,177.772,173.755,169.303,165.066,157.698,37.4104,19.8709,11.9975,8.25911,5.21515,3.00619,1.76909,1.13211,0.522399,-0.938363,231.655,231.522,227.182,227.182
36.16420650482178,0.0004986856132745743,0.9999847412109375,0.0,4,0.000743389,4.0,19204.7,252.727,-0.189217,11.0491,16.463,35.807,56.1454,96.0317,182.166,176.387,172.407,168.01,163.853,156.901,38.8121,20.1996,12.0866,8.28512,5.21356,2.99775,1.76163,1.1265,0.519401,-0.938743,232.024,231.919,228.11,228.11
36.18588924407959,0.0,0.9999847412109375,0.0,4,0.00062561,4.0,19169.1,253.182,-0.166225,11.1038,16.4638,35.8007,56.1235,95.9549,180.683,174.922,170.961,166.591,162.468,155.647,39.0953,20.2248,12.0701,8.26369,5.19493,2.98491,1.75339,1.12099,0.516745,-0.939063,232.345,232.329,227.775,227.775
36.207178354263306,-0.00030107833445072176,0.9999847412109375,0.0,4,0.000751734,4.0,19205.0,253.57,-0.107216,11.1264,16.4683,35.819,56.1651,96.0681,179.15,173.392,169.435,165.069,160.946,154.063,38.3962,19.9916,11.9643,8.20203,5.16161,2.96803,1.74423,1.11539,0.514284,-0.939346,232.695,232.708,228.324,228.324
36.22393989562988,-0.0004978239536285401,0.9999847412109375,0.0,4,0.000863791,4.0,19256.7,253.958,-0.0565251,11.0877,16.4722,35.8353,56.202,96.1687,177.617,171.863,167.911,163.551,159.43,152.496,37.7923,19.7881,11.8717,8.14795,5.13239,2.95323,1.73619,1.11047,0.512126,-0.939593,233.082,233.098,228.731,228.731
36.2443790435791,-0.0004978239536285401,0.9999847412109375,0.0,4,0.00107408,4.0,19240.4,254.387,0.00299534,11.0788,16.4778,35.8619,56.2652,96.3473,176.063,170.306,166.354,161.991,157.856,150.78,36.8275,19.4821,11.7415,8.07589,5.09589,2.93594,1.72726,1.10517,0.509887,-0.939845,233.406,233.461,228.644,228.644
36.264506816864014,-0.0004978239536285401,0.9999847412109375,0.0,4,0.00124335,4.0,19310.7,254.734,0.0322376,11.0481,16.4828,35.8844,56.3177,96.4943,174.513,168.757,164.808,160.445,156.303,149.11,36.0476,19.2232,11.6274,8.0111,5.06207,2.91942,1.71852,1.09992,0.507624,-0.940102,233.786,233.811,229.643,229.643
36.28455686569214,-0.0004978239536285401,0.9999847412109375,0.0,4,0.0013392,4.0,19324.5,255.147,0.0502576,11.0276,16.4866,35.8991,56.3507,96.5832,172.973,167.224,163.281,158.926,154.789,147.544,35.5521,19.0436,11.5419,7.95988,5.03367,2.9047,1.71041,1.09491,0.505407,-0.940358,234.124,234.184,229.574,229.574
36.304648637771606,-0.0004978239536285401,0.9999847412109375,0.0,4,0.0015223,4.0,19345.5,255.532,0.0713403,10.9783,16.492,35.9235,56.4078,96.7432,171.414,165.666,161.725,157.37,153.224,145.823,34.7513,18.7705,11.4199,7.8901,4.99698,2.88669,1.70085,1.08915,0.502922,-0.94064,234.495,234.524,229.921,229.921
36.32435417175293,0.0,0.9999847412109375,0.0,4,0.00158882,4.0,19381.7,255.909,0.0706961,10.9842,16.4958,35.9363,56.4347,96.8119,169.874,164.134,160.202,155.858,151.721,144.29,34.3456,18.6064,11.3355,7.83699,4.96604,2.86995,1.69137,1.08321,0.500239,-0.940953,234.866,234.885,230.291,230.291
36.344889640808105,0.0,0.9999847412109375,0.0,4,0.0017755,4.0,19381.7,256.307,0.0898111,10.9893,16.5017,35.962,56.4943,96.9777,168.308,162.569,158.639,154.295,150.148,142.524,33.5466,18.3229,11.2053,7.76123,4.92546,2.84965,1.68047,1.07658,0.497354,-0.941282,235.191,235.226,230.388,230.388
36.36423945426941,0.00030174851417541504,0.9999847412109375,0.0,4,0.00183463,4.0,19479.5,256.633,0.0782699,10.8089,16.5055,35.9746,56.5201,97.0423,166.763,161.034,157.113,152.781,148.644,140.989,33.1644,18.1601,11.1191,7.70591,4.89269,2.83168,1.6702,1.07011,0.494422,-0.941625,235.558,235.574,231.382,231.382
36.38417434692383,0.00030174851417541504,0.9999847412109375,0.0,4,0.00199842,4.0,19444.0,257.053,0.0961274,10.8128,16.5115,35.9988,56.5751,97.1928,165.195,159.469,155.552,151.222,147.079,139.22,32.447,17.8911,10.9902,7.62873,4.85005,2.80972,1.65816,1.06271,0.491153,-0.942002,235.894,235.921,231.065,231.065
36.403769731521606,0.0004986856132745743,0.9999847412109375,0.0,5,0.00204849,4.0,19510.3,257.391,0.0798676,10.7701,16.5157,36.0114,56.6001,97.2529,163.645,157.93,154.024,149.706,145.575,137.684,32.0755,17.7232,10.8979,7.5683,4.81356,2.78939,1.64644,1.05529,0.487772,-0.942398,236.252,236.266,231.814,231.814
36.4241156578064,0.0004986856132745743,0.9999847412109375,0.0,5,0.00216985,5.0,17490.4,257.311,0.0858608,10.743,16.5213,36.0322,56.6453,97.3724,162.08,156.37,152.471,148.16,144.029,135.961,31.4813,17.482,10.7752,7.49185,4.76955,2.76586,1.63321,1.04704,0.484068,-0.942828,236.446,236.463,227.044,227.037
36.44479727745056,0.0004986856132745743,0.9999847412109375,0.0,5,0.00215077,5.0,17451.3,256.841,0.0590818,10.6133,16.5248,36.0384,56.6531,97.3792,160.542,154.848,150.964,146.672,142.565,134.59,31.2916,17.3631,10.6979,7.43676,4.73375,2.7448,1.62067,1.03896,0.480317,-0.943273,236.147,236.156,226.597,226.57
36.46560740470886,0.00030174851417541504,0.9999847412109375,0.0,5,0.00209379,5.0,17059.5,256.356,0.0344049,10.5389,16.5278,36.041,56.6514,97.3566,159.013,153.337,149.47,145.202,141.123,133.309,31.1979,17.2707,10.6291,7.38485,4.69858,2.72349,1.60778,1.0306,0.476399,-0.943738,235.741,235.727,225.8,225.599
36.48573040962219,0.0,0.9999847412109375,0.0,5,0.00210857,5.0,17475.5,256.325,0.0206139,10.3441,16.5319,36.051,56.6686,97.3913,157.472,151.81,147.956,143.705,139.643,131.855,30.9038,17.1183,10.5384,7.32286,4.65969,2.70118,1.59469,1.02223,0.472545,-0.944193,235.435,235.425,231.081,231.081
36.50570774078369,-0.00030107833445072176,0.9999847412109375,0.0,5,0.00224829,5.0,17441.2,256.709,0.049057,10.3558,16.5384,36.0748,56.7205,97.5286,155.905,150.249,146.4,142.155,138.091,130.077,30.2443,16.8486,10.4007,7.23687,4.61007,2.67462,1.57975,1.0129,0.468356,-0.94468,235.614,235.647,230.681,230.681
36.525577783584595,-0.0004978239536285401,0.9999847412109375,0.0,5,0.00234365,5.0,17498.0,257.0,0.0496745,10.202,16.5443,36.0942,56.761,97.6312,154.343,148.696,144.856,140.62,136.561,128.372,29.7092,16.6139,10.2748,7.15578,4.56187,2.64812,1.5646,1.00336,0.464026,-0.945186,235.926,235.931,231.379,231.379
36.544872999191284,-0.0004978239536285401,0.9999847412109375,0.0,5,0.00253677,5.0,17462.0,257.38,0.0812223,10.1487,16.552,36.1244,56.8286,97.8146,152.759,147.116,143.279,139.044,134.974,126.128,28.9185,16.295,10.1148,7.05721,4.50587,2.61857,1.54813,0.993138,0.459467,-0.945714,236.186,236.238,230.983,230.983
36.56388783454895,-0.0007437799125909806,0.9999847412109375,0.0,5,0.00264573,5.0,17543.0,257.641,0.0789589,9.98873,16.5584,36.146,56.8738,97.9304,151.188,145.554,141.726,137.499,133.433,121.894,28.3581,16.0462,9.98095,6.97092,4.45458,2.5904,1.53203,0.983001,0.45487,-0.946251,236.51,236.521,232.095,232.095
36.585702896118164,-0.0007437799125909806,0.9999847412109375,0.0,5,0.0027926,5.0,17516.1,258.017,0.0889831,9.99023,16.5655,36.1719,56.9299,98.0784,149.607,143.98,140.159,135.937,131.867,114.287,27.7066,15.7649,9.83292,6.87693,4.39954,2.56058,1.51514,0.972409,0.450094,-0.946808,236.8,236.832,231.663,231.663
36.60475301742554,-0.0007437799125909806,0.9999847412109375,0.0,5,0.0029192,5.0,17575.6,258.303,0.0801359,9.84193,16.5728,36.1965,56.982,98.2125,148.027,142.409,138.595,134.38,130.31,108.087,27.094,15.4889,9.68342,6.7803,4.342,2.52893,1.49704,0.961009,0.444923,-0.947412,237.108,237.135,232.41,232.41
36.62380361557007,-0.0007437799125909806,0.9999847412109375,0.0,5,0.00318623,5.0,17551.4,258.67,0.111298,9.76278,16.5827,36.2369,57.0737,98.4644,146.417,140.799,136.985,132.764,128.67,97.8147,26.1619,15.101,9.48699,6.65898,4.27309,2.49263,1.47685,0.948495,0.43935,-0.948057,237.369,237.426,232.168,232.168
36.64560103416443,-0.0007437799125909806,0.9999847412109375,0.0,5,0.00330138,5.0,17591.7,258.971,0.101977,9.70157,16.5903,36.2615,57.1246,98.5931,144.832,139.225,135.419,131.207,127.114,93.191,25.5789,14.8246,9.33256,6.55743,4.21163,2.4584,1.45713,0.936016,0.433664,-0.948724,237.701,237.729,232.667,232.667
36.664133071899414,-0.0007437799125909806,0.9999847412109375,0.0,5,0.00353765,5.0,17620.6,259.285,0.120761,9.56618,16.6005,36.3002,57.2105,98.8253,143.222,137.617,133.814,129.598,125.485,85.7341,24.7311,14.4502,9.13498,6.43222,4.13864,2.41906,1.43492,0.922136,0.427423,-0.94945,237.97,238.008,233.08,233.08
36.68469953536987,-0.0007437799125909806,0.9999847412109375,0.0,5,0.00363111,5.0,17654.1,259.596,0.107238,9.3629,16.6085,36.3243,57.2585,98.9414,141.635,136.042,132.249,128.043,123.935,82.2732,24.1751,14.1699,8.97245,6.32302,4.07126,2.38094,1.41275,0.908033,0.42096,-0.95021,238.246,238.312,233.474,233.474
36.70474863052368,-0.0007437799125909806,0.9999847412109375,0.0,5,0.0038991,5.0,17697.8,259.892,0.120168,9.17582,16.6197,36.3677,57.3554,99.2049,140.012,134.421,130.628,126.417,122.28,75.3979,23.2853,13.7694,8.75915,6.1873,3.99191,2.33807,1.38854,0.892891,0.414148,-0.951002,238.547,238.6,234.074,234.074
36.72384238243103,-0.0004978239536285401,0.9999847412109375,0.0,5,0.00412631,5.0,17665.4,260.264,0.140664,9.08741,16.6307,36.4078,57.4427,99.4377,138.393,132.807,129.017,124.803,120.645,70.0242,22.4812,13.3906,8.55092,6.05219,3.91136,2.29383,1.36328,0.876994,0.406948,-0.951843,238.828,238.911,233.663,233.663
36.74480485916138,-0.00030107833445072176,0.9999847412109375,0.0,5,0.00417972,5.0,17704.1,260.561,0.117719,9.05116,16.6392,36.4301,57.4837,99.528,136.804,131.232,127.455,123.256,119.108,67.8491,21.9737,13.1103,8.37942,5.93355,3.8362,2.25043,1.33771,0.860629,0.399394,-0.952735,239.181,239.198,234.158,234.158
36.76423716545105,0.0,0.9999847412109375,0.0,5,0.00439072,5.0,17720.5,260.881,0.129578,8.94249,16.6506,36.47,57.5691,99.7525,135.182,129.616,125.843,121.643,117.476,63.329,21.1987,12.7304,8.16516,5.79229,3.75071,2.20289,1.31035,0.843336,0.391524,-0.953656,239.441,239.471,234.411,234.411
36.783233642578125,0.0,0.9999847412109375,0.0,5,0.00441122,5.0,17737.2,261.201,0.104998,8.88653,16.6591,36.49,57.603,99.8186,133.592,128.044,124.285,120.103,115.952,61.7348,20.7291,12.4562,7.99196,5.67041,3.67235,2.15711,1.2832,0.825896,0.383441,-0.954612,239.747,239.774,234.589,234.589
36.80599236488342,0.0,0.9999847412109375,0.0,5,0.00445247,5.0,17778.4,261.493,0.0800488,8.82509,16.6682,36.5129,57.6436,99.9039,131.994,126.463,122.718,118.552,114.413,59.8308,20.214,12.162,7.80841,5.54215,3.59036,2.10944,1.25502,0.807811,0.375074,-0.955601,240.059,240.058,235.133,235.133
36.82340955734253,0.0,0.9999847412109375,0.0,5,0.00456834,5.0,17757.7,261.844,0.0846289,8.90645,16.6788,36.5443,57.7056,100.054,130.38,124.861,121.126,116.969,112.827,56.9806,19.5797,11.8214,7.60406,5.40242,3.50282,2.05933,1.22566,0.789078,0.366456,-0.956616,240.354,240.354,234.897,234.897
36.84575176239014,0.0,0.9999847412109375,0.0,5,0.00456595,5.0,17777.3,262.154,0.0636277,9.02352,16.6877,36.5636,57.7359,100.105,128.783,123.284,119.566,115.429,111.308,55.6341,19.1105,11.5372,7.42099,5.27225,3.41835,2.00965,1.19609,0.770032,0.357609,-0.957663,240.642,240.649,235.133,235.133
36.86627244949341,0.0,0.9999847412109375,0.0,5,0.00457931,5.0,17823.5,262.438,0.0463047,9.00133,16.697,36.5849,57.7709,100.171,127.181,121.701,117.998,113.88,109.777,54.0827,18.6131,11.2414,7.23233,5.13878,3.33214,1.95911,1.16606,0.750718,0.348648,-0.958724,240.913,240.929,235.732,235.732
36.88492488861084,0.0,0.9999847412109375,0.0,5,0.00475121,5.0,17849.9,262.734,0.0617547,9.00022,16.709,36.6236,57.8505,100.372,125.546,120.076,116.381,112.267,108.149,50.7636,17.8956,10.863,7.00818,4.98675,3.23761,1.90536,1.1347,0.730744,0.339481,-0.959802,241.181,241.204,236.213,236.213
36.90584325790405,0.0,0.9999847412109375,0.0,5,0.00489902,5.0,17841.6,263.074,0.0815011,9.11458,16.7209,36.6601,57.9242,100.588,123.912,118.454,114.769,110.661,106.533,47.8866,17.218,10.4964,6.78762,4.83577,3.14296,1.85117,1.10295,0.710484,0.33016,-0.9609,241.482,241.503,235.985,235.985
36.925559282302856,0.0,0.9999847412109375,0.0,5,0.00494075,5.0,17870.8,263.372,0.0700905,9.10826,16.7313,36.6858,57.9693,130.253,122.294,116.855,113.184,109.092,104.976,46.1096,16.6689,10.1737,6.58334,4.69186,3.05034,1.79703,1.07084,0.689849,0.320596,-0.962031,241.753,241.779,236.357,236.357
36.94494414329529,0.0,0.9999847412109375,0.0,5,0.00501156,5.0,17914.9,263.656,0.0632351,8.96907,16.7423,36.715,58.0232,128.616,120.667,115.245,111.588,107.51,103.398,44.0739,16.0782,9.83302,6.36993,4.54243,2.9547,1.74137,1.03791,0.668716,0.310816,-0.963187,242.022,242.05,236.939,236.939
36.96402430534363,0.0,0.9999847412109375,0.0,5,0.00520158,5.0,17951.5,263.945,0.0810245,8.86969,16.7555,36.7576,58.1112,126.96,119.015,113.604,109.954,105.879,101.746,41.1078,15.3524,9.43917,6.13292,4.38028,2.85312,1.68326,1.00389,0.64701,0.300834,-0.964363,242.3,242.325,237.426,237.426
36.9847846031189,0.0,0.9999847412109375,0.0,5,0.00537682,5.0,17930.4,264.288,0.102307,8.90509,16.7688,36.7993,58.1962,125.301,117.362,111.964,108.321,104.25,100.098,38.4189,14.6473,9.04893,5.89525,4.21655,2.74991,1.62393,0.969051,0.624746,0.290577,-0.965572,242.596,242.615,237.175,237.175
37.00671315193176,0.0,0.9999847412109375,0.0,5,0.00542521,5.0,17946.8,264.594,0.0897229,8.95929,16.7802,36.8277,58.2464,123.654,115.729,110.349,106.723,102.667,98.5234,36.7101,14.0735,8.70583,5.67589,4.06125,2.64954,1.56507,0.934073,0.602246,0.280137,-0.966807,242.883,242.896,237.379,237.379
37.02411699295044,0.0,0.9999847412109375,0.0,5,0.00544405,5.0,17977.8,264.886,0.0709385,8.91417,16.7912,36.8532,58.2889,122.007,114.097,108.739,105.129,101.093,96.9636,35.2009,13.5238,8.37,5.4585,3.90632,2.5488,1.50571,0.898707,0.579462,0.269548,-0.968061,243.145,243.169,237.78,237.78
37.044320821762085,0.0,0.9999847412109375,0.0,5,0.00551677,5.0,18014.7,265.171,0.0661971,8.81016,16.8034,36.8852,58.3475,120.348,112.452,107.113,103.517,99.4949,95.3672,33.3389,12.9131,8.00767,5.22798,3.74354,2.44385,1.44429,0.862245,0.556023,0.25868,-0.969347,243.417,243.442,238.269,238.269
37.06458067893982,0.0,0.9999847412109375,0.0,5,0.00568366,5.0,18042.0,265.464,0.0820591,8.7461,16.8173,36.9278,58.4331,118.673,110.786,105.461,101.875,97.8575,93.7093,30.989,12.223,7.61318,4.98291,3.57285,2.33517,1.38132,0.825091,0.532217,0.247682,-0.970645,243.696,243.718,238.631,238.631
37.084357023239136,0.0,0.9999847412109375,0.0,5,0.00590038,5.0,18037.5,265.785,0.108971,8.79345,16.8324,36.9765,58.534,116.986,109.107,103.795,100.215,96.1977,92.0145,28.4968,11.4957,7.20045,4.72792,3.39588,2.22288,1.31645,0.786886,0.507763,0.236397,-0.971976,243.973,243.998,238.608,238.608
37.10392737388611,0.0,0.9999847412109375,0.0,5,0.00600457,5.0,18042.0,266.097,0.108358,8.90331,16.8458,37.0135,58.6041,115.31,107.445,102.151,98.5846,94.5778,90.385,26.6386,10.8584,6.8193,4.48449,3.2237,2.1117,1.25131,0.7482,0.482887,0.224859,-0.973341,244.276,244.28,238.64,238.64
37.124103307724,0.0,0.9999847412109375,0.0,5,0.00603247,5.0,18060.7,266.394,0.0893117,8.99234,16.8582,37.0428,58.6535,113.638,105.792,100.521,96.972,92.9838,88.7996,25.1245,10.2695,6.45398,4.246,3.05291,2.00023,1.18543,0.708871,0.457526,0.213061,-0.97474,244.552,244.551,238.881,238.881
37.14418840408325,0.0,0.9999847412109375,0.0,5,0.00605845,5.0,18088.6,266.682,0.0732238,8.98156,16.8708,37.0723,58.7032,111.962,104.136,98.8873,95.3565,91.3871,87.2112,23.6078,9.67404,6.08375,4.00393,2.87946,1.88692,1.11844,0.668867,0.431725,0.201055,-0.976162,244.801,244.822,239.245,239.245
37.166218757629395,0.0,0.9999847412109375,0.0,5,0.00610876,5.0,18125.0,266.963,0.0681294,8.88036,16.8839,37.1048,58.7601,110.278,102.471,97.2449,93.7307,89.7779,85.6032,22.0036,9.06066,5.70522,3.75754,2.70333,1.77212,1.05068,0.628445,0.40567,0.188939,-0.977598,245.052,245.091,239.721,239.721
37.185993671417236,0.0,0.9999847412109375,0.0,5,0.0061686,5.0,18156.5,267.246,0.0669625,8.73049,16.8974,37.1387,58.8206,108.588,100.801,95.5968,92.0989,88.1615,83.9844,20.3692,8.4357,5.31961,3.50662,2.52399,1.65525,0.981701,0.587299,0.379148,0.176606,-0.979059,245.319,245.353,240.15,240.15
37.20673322677612,0.0,0.9999847412109375,0.0,5,0.00627375,5.0,18176.6,267.538,0.0741528,8.64971,16.9119,37.1781,58.8946,106.887,99.118,93.9347,90.4509,86.5245,82.3311,18.6124,7.78477,4.92183,3.24934,2.34072,1.53617,0.911595,0.545541,0.352253,0.164111,-0.980538,245.598,245.622,240.421,240.421
37.224387884140015,0.00030174851417541504,0.9999847412109375,0.0,5,0.00644135,5.0,18191.3,267.834,0.0923275,8.59265,16.9276,37.2248,58.9874,105.174,97.4205,92.2549,88.7821,84.86,80.6299,16.7259,7.10323,4.50927,2.98408,2.15244,1.41424,0.839993,0.502958,0.324851,0.151392,-0.982044,245.866,245.895,240.617,240.617
37.245725870132446,0.0007448330521583557,0.9999847412109375,0.0,5,0.00664949,5.0,18202.8,268.133,0.114874,8.57121,16.9441,37.2763,59.0923,103.45,95.7117,90.5624,87.0987,83.1766,78.8931,14.8348,6.4156,4.09301,2.71654,1.9626,1.29134,0.767852,0.460066,0.297254,0.138584,-0.983559,246.141,246.167,240.772,240.772
37.263694286346436,0.0013847589492797852,0.9999847412109375,0.0,5,0.00678301,5.0,18209.8,268.436,0.127877,8.62974,16.9597,37.3204,59.1771,101.73,94.0115,88.8825,85.4321,81.5174,77.1976,13.1652,5.7579,3.68488,2.45021,1.77199,1.16698,0.694401,0.416232,0.268995,0.12544,-0.985117,246.434,246.435,240.843,240.843
37.28527855873108,0.0013847589492797852,0.9999847412109375,0.0,5,0.00681877,5.0,18221.8,268.732,0.114328,8.6838,16.9738,37.3541,59.2346,100.017,92.3238,87.2205,83.7886,79.8916,75.5639,11.7032,5.13361,3.28808,2.18744,1.58238,1.04237,0.620368,0.371898,0.240358,0.112093,-0.9867,246.713,246.693,241.017,241.017
37.305556535720825,0.0022215262055397035,0.9999847412109375,0.0,5,0.0068202,5.0,18235.1,269.027,0.0960471,8.78561,16.9876,37.3844,59.2828,98.3034,90.6375,85.562,82.1505,78.2747,73.9485,10.2916,4.51492,2.89188,1.92391,1.39176,0.91681,0.545645,0.327105,0.211408,0.0985928,-0.988302,246.986,246.959,241.195,241.195
37.324286460876465,0.0038457546383142472,0.9999847412109375,0.0,5,0.00677061,5.0,18256.3,269.314,0.079809,8.86126,17.0005,37.4092,59.3165,96.5904,88.9553,83.9104,80.5223,76.673,72.3642,8.93714,3.9047,2.49819,1.66083,1.201,0.790884,0.470575,0.282058,0.182279,0.0850001,-0.989915,247.251,247.22,241.471,241.471
37.34554100036621,0.0067003373056650165,0.9999847412109375,0.0,5,0.00660849,5.0,18281.5,269.596,0.0603537,8.8894,17.0114,37.4215,59.3177,94.8861,87.2877,82.2793,78.9205,75.1097,70.8562,7.69549,3.31641,2.11375,1.4021,1.01265,0.666109,0.395992,0.237232,0.153268,0.0714501,-0.991524,247.522,247.47,241.801,241.801
37.36417269706726,0.009357982873916626,0.9999847412109375,0.0,5,0.00624633,5.0,18321.4,269.864,0.0257034,8.8235,17.0186,37.4108,59.2602,93.2013,85.6494,80.6873,77.3681,73.6162,69.4826,6.63272,2.76706,1.74827,1.15373,0.830936,0.545224,0.3235,0.19358,0.124988,0.0582276,-0.993095,247.796,247.704,242.322,242.322
37.38492941856384,0.011375798285007477,0.9999847412109375,0.0,5,0.00565624,5.0,18342.0,270.151,-0.0337976,8.7159,17.0212,37.3735,59.1353,91.5393,84.0446,79.1395,75.8708,72.1995,68.2446,5.73753,2.25641,1.40442,0.918829,0.658675,0.430418,0.254567,0.152045,0.0980704,0.0456375,-0.994591,248.075,247.932,242.604,242.604
37.405680894851685,0.016001953184604647,0.9999847412109375,0.0,5,0.00483537,5.0,18362.0,270.437,-0.114799,8.60382,17.019,37.309,58.9424,89.9001,82.4728,77.6349,74.427,70.8548,67.1166,4.98408,1.77703,1.08133,0.69855,0.49741,0.323138,0.190257,0.113335,0.0729982,0.033918,-0.995983,248.364,248.167,242.87,242.87
37.423803091049194,0.025992322340607645,0.9999847412109375,0.0,5,0.00366163,5.0,18379.1,270.725,-0.211178,8.49373,17.0096,37.2037,58.6479,88.2981,80.9528,76.1963,73.0634,69.6151,66.1335,4.51698,1.33515,0.78337,0.496296,0.349842,0.225308,0.131786,0.0782043,0.050268,0.0233053,-0.997243,248.666,248.387,243.098,243.098
37.444231033325195,0.03839399814605713,0.9999847412109375,0.0,5,0.00178909,5.0,18393.1,271.013,-0.352373,8.39718,16.986,37.0185,58.1554,86.7749,79.5391,74.8908,71.8587,68.5767,65.4115,5.92591,1.00822,0.551005,0.337058,0.23349,0.148195,0.0857455,0.0505672,0.0323963,0.0149667,-0.998233,249.004,248.568,243.297,243.297
37.46580719947815,0.04872864820063114,0.9999847412109375,0.0,5,-0.00117612,5.0,18399.7,271.303,-0.589841,8.42313,16.9405,36.7112,57.3649,85.3757,78.2887,73.7852,70.8869,67.8189,65.0105,60.3433,0.950838,0.441083,0.251987,0.169145,0.10468,0.0594793,0.0347225,0.0221271,0.010165,-0.998803,249.387,248.708,243.373,243.373
37.485968589782715,0.050943209230899816,0.9999847412109375,0.0,5,-0.00538373,5.0,18414.7,271.58,-0.95377,8.44277,16.8695,36.2694,56.2571,84.1129,77.2129,72.8866,70.1471,67.3181,64.8524,61.5167,2.21379,0.61317,0.304742,0.193527,0.114942,0.0635106,0.03652,0.0230925,0.0105227,-0.998767,249.767,248.814,243.57,243.57
37.505677938461304,0.05788215436041355,0.9999847412109375,0.0,5,-0.0103905,5.0,18432.6,271.847,-1.39411,8.48782,16.7798,35.7443,54.9736,82.9284,76.2319,72.0913,69.5111,66.9055,64.7196,62.0242,57.7667,1.73594,0.635952,0.368884,0.206447,0.10991,0.0620037,0.0388325,0.0175219,-0.997957,250.101,248.962,243.803,243.803
37.52579736709595,0.0627541694790125,0.9999847412109375,0.0,5,-0.015918,5.0,18455.9,272.101,-1.79388,8.53146,16.6751,35.1676,53.6005,81.7864,75.297,71.3385,68.9077,66.4987,64.5342,62.2369,59.2756,14.7908,1.65124,0.819436,0.42154,0.214114,0.118076,0.0731389,0.0326375,-0.996215,250.381,249.125,244.108,244.108
37.54421782493591,0.0652639925479889,0.9999847412109375,0.0,5,-0.0221515,5.0,18480.2,272.343,-2.19434,8.59241,16.5519,34.5243,52.1086,80.7043,74.4286,70.651,68.3626,66.1313,64.3517,62.3423,59.9559,56.7314,5.28062,1.84847,0.83338,0.39763,0.213246,0.130376,0.0574381,-0.993382,250.692,249.26,244.429,244.429
37.56392812728882,0.06782302595674992,0.9999847412109375,0.0,5,-0.0290046,5.0,18512.8,272.572,-2.6551,8.5915,16.4108,33.8268,50.5348,79.6685,73.608,70.0058,67.8504,65.7773,64.1525,62.362,60.3298,57.889,51.8336,4.38498,1.57227,0.689472,0.357434,0.215241,0.0934633,-0.989309,250.974,249.394,244.853,244.853
37.58483028411865,0.07043126970529556,0.9999847412109375,0.0,5,-0.0362577,5.0,18542.5,272.798,-3.14609,8.48544,16.2551,33.0985,48.9375,78.6525,72.8017,69.3647,67.3302,65.3954,63.8994,62.2792,60.4912,58.4564,54.7921,13.1256,2.88552,1.12815,0.561792,0.332578,0.142151,-0.983866,251.213,249.532,245.251,245.251
37.605735778808594,0.08421064354479313,0.9999847412109375,0.0,5,-0.0435598,5.0,18568.0,273.026,-3.60099,8.28669,16.0902,32.3719,47.39,77.6194,71.9652,68.6784,66.7507,64.9341,63.5441,62.0571,60.4464,58.6679,55.7259,50.5284,5.25207,1.75557,0.834961,0.485307,0.204055,-0.977022,251.41,249.703,245.595,245.595
37.62440276145935,0.09922027587890625,0.9999847412109375,0.0,5,-0.0507681,5.0,18573.4,273.274,-3.91017,8.0261,15.9175,31.6566,45.9109,76.5568,71.085,67.9341,66.1005,64.3856,63.084,61.7045,60.2294,58.6316,56.0985,52.4032,9.87094,2.63484,1.1897,0.678221,0.280437,-0.96867,251.559,249.86,245.649,245.649
37.64598035812378,0.11885577589273454,0.9999847412109375,0.0,5,-0.0576124,5.0,18562.2,273.527,-3.95023,7.93277,15.7398,30.9696,44.5342,75.4416,70.1356,67.1057,65.3542,63.7262,62.4984,61.2063,59.8375,58.3741,56.1119,53.0383,20.3208,3.84283,1.63922,0.916249,0.372694,-0.958679,251.688,250.047,245.531,245.531
37.66462278366089,0.13657197691500186,0.9999847412109375,0.0,5,-0.0645142,5.0,18577.8,273.746,-3.87434,7.88168,15.5501,30.2751,43.1788,74.3163,69.1687,66.2522,64.5764,63.027,61.8649,60.649,59.3704,58.0168,55.9609,53.2784,45.216,5.52554,2.20484,1.20644,0.482419,-0.94693,251.822,250.191,245.724,245.724
37.684632301330566,0.1555184364318848,0.9999847412109375,0.0,5,-0.0726333,5.0,18603.8,273.936,-3.98195,7.83174,15.3323,29.4915,41.6736,73.2848,68.3055,65.5064,63.9075,62.4368,61.3394,60.1974,59.0044,57.752,55.8766,53.4993,47.6846,8.0829,2.9349,1.56295,0.612087,-0.93329,252.056,250.219,246.067,246.067
37.70418953895569,0.17987812906503678,0.9999847412109375,0.0,5,-0.0824983,5.0,18631.8,274.105,-4.43429,7.73619,15.0806,28.5952,39.9781,72.3841,67.5861,64.91,63.3903,61.9993,60.9663,59.8966,58.7858,57.6283,55.9151,53.7901,49.0169,12.4537,3.90178,2.00355,0.764143,-0.917672,252.322,250.139,246.435,246.435
37.72573637962341,0.18411031402647496,0.9999847412109375,0.0,5,-0.093858,5.0,18656.2,274.256,-5.17357,7.56819,14.7995,27.6186,38.1679,71.5811,66.9695,64.4166,62.9747,61.6608,60.6894,59.6877,58.6527,57.5808,56.0091,54.0904,49.9842,21.2088,5.2066,2.54945,0.941548,-0.899925,252.506,249.995,246.771,246.771
37.74448370933533,0.18411031402647496,0.9999847412109375,0.0,5,-0.105362,5.0,18670.2,274.41,-5.90986,7.39135,14.5067,26.6533,36.4298,70.7612,66.32,63.88,62.5082,61.2631,60.3457,59.4031,58.4331,57.4332,55.9771,54.2195,50.5658,38.9291,6.93349,3.21104,1.1455,-0.879947,252.616,249.968,246.953,246.953
37.76354718208313,0.18411031402647496,0.7803802490234375,0.0,5,-0.116278,5.0,18695.9,274.548,-6.42719,7.14849,14.2103,25.7377,34.8328,69.8889,65.5765,63.2363,61.926,60.7404,59.8696,58.9772,58.0618,57.1216,55.7595,54.1286,50.8015,42.0233,9.17915,3.99631,1.37662,-0.857682,252.659,250.055,247.28,247.28
37.783838987350464,0.18411031402647496,0.4431304931640625,0.0,5,-0.126804,5.0,18601.0,274.558,-6.79445,6.82252,13.9071,24.8536,33.3344,68.9837,64.765,62.5152,61.26,60.1275,59.2976,58.4492,57.5812,56.6923,55.4098,53.8838,50.8122,43.2847,12.1338,4.9245,1.63649,-0.833076,252.678,250.154,246.049,246.049
37.805917501449585,0.16747683621943,0.007843017578125,0.0,5,-0.137158,5.0,18416.4,274.284,-7.06469,6.46476,13.5945,23.9865,31.9013,68.0644,63.9104,61.7439,60.5391,59.4547,58.6618,57.8529,57.0272,56.1837,54.9708,53.5347,50.6737,43.9633,16.1059,6.01946,1.92643,-0.806142,252.586,250.121,243.637,243.637
37.824137687683105,0.1555184364318848,0.0,0.0,5,-0.147393,5.0,18159.8,273.613,-7.24557,6.12591,13.2721,23.1316,30.5212,67.1374,63.0223,60.9333,59.7751,58.7349,57.9758,57.2028,56.4152,55.6124,54.4613,53.104,50.4221,44.3164,21.5898,7.30823,2.24771,-0.77688,252.317,249.914,241.645,238.886
37.845285177230835,0.15163072384893894,0.0,0.0,5,-0.15814,5.0,18090.4,272.763,-7.50492,5.81105,12.9339,22.2612,29.1404,66.2583,62.153,60.1386,59.0248,58.0265,57.2994,56.5601,55.8082,55.0432,53.9491,52.6636,50.1407,44.524,29.7117,8.85361,2.60368,-0.745305,251.786,249.347,240.88,237.783
37.86420750617981,0.1402628481388092,0.0,0.0,5,-0.169567,5.0,18030.7,271.908,-7.88644,5.50424,12.5791,21.3716,27.7521,65.4434,61.3127,59.3705,58.2994,57.3412,56.6445,55.9371,55.2187,54.4891,53.4479,52.2284,49.8489,44.6427,33.2517,10.7339,2.99804,-0.71137,251.126,248.574,240.183,236.897
37.88568186759949,0.12933786548674106,0.0,0.0,5,-0.181449,5.0,17973.1,271.053,-8.34847,5.21835,12.2104,20.4756,26.3783,64.6748,60.4952,58.6088,57.5782,56.6579,55.9897,55.3121,54.6251,53.9284,52.936,51.7769,49.5262,44.6694,34.8214,13.0322,3.43304,-0.675064,250.437,247.775,239.481,236.073
37.90570425987244,0.12230059541761876,0.0,0.0,5,-0.193209,5.0,17916.0,270.203,-8.74593,4.95145,11.8331,19.5948,25.0555,63.9038,59.6758,57.8118,56.8188,55.9335,55.2916,54.6416,53.9832,53.3165,52.3686,51.2639,49.1278,44.5695,35.7417,15.8148,3.90886,-0.636359,249.69,247.018,238.717,235.327
37.925875186920166,0.12230059541761876,0.0,0.0,5,-0.204437,5.0,17859.7,269.361,-8.98986,4.68722,11.45,18.7402,23.8,63.0933,58.8237,56.9546,55.9959,55.1428,54.5249,53.8999,53.2677,52.6282,51.7204,50.6647,48.6308,44.33,36.2598,19.1476,4.42499,-0.595241,248.891,246.304,237.913,234.641
37.94570994377136,0.12230059541761876,0.0,0.0,5,-0.214994,5.0,17804.3,268.528,-9.04378,4.42115,11.0614,17.9114,22.6083,62.23,57.928,56.0477,55.1066,54.2829,53.6871,53.0851,52.4768,51.8622,50.9909,49.9796,48.0375,43.9628,36.4949,22.9678,4.98138,-0.551699,248.054,245.604,237.102,233.984
37.964513540267944,0.12230059541761876,0.0,0.0,5,-0.225017,5.0,17749.5,267.704,-8.96607,4.14542,10.6659,17.1004,21.4641,30.5144,56.9973,55.1092,54.1674,53.3687,52.7934,52.2127,51.6266,51.0349,50.1974,49.2269,47.3686,43.4964,36.531,25.1212,5.57922,-0.505765,247.228,244.906,236.307,233.328
37.984169006347656,0.11885577589273454,0.0,0.0,5,-0.234639,5.0,17696.1,266.889,-8.80051,3.8697,10.2625,16.3009,20.3548,28.112,56.0411,54.148,53.2043,52.4134,51.8574,51.2967,50.7313,50.1611,49.355,48.4225,46.6417,42.9537,36.4215,26.2984,6.21978,-0.457496,246.426,244.206,235.548,232.672
38.00587558746338,0.11885577589273454,0.0,0.0,5,-0.243867,5.0,17643.4,266.084,-8.56584,3.59536,9.85124,15.5111,19.2761,26.3882,55.0589,53.1636,52.2194,51.4285,50.8826,50.3407,49.7948,49.2449,48.4683,47.5713,45.8626,42.3438,36.1931,27.0105,6.90325,-0.406955,245.646,243.52,234.801,232.026
38.02444672584534,0.1088165793567896,0.0,0.0,5,-0.252776,5.0,17591.4,265.289,-8.27987,3.32143,9.4314,14.7274,18.23,24.9131,54.0561,52.1609,51.2175,50.4275,49.8825,49.3526,48.8252,48.2944,47.5457,46.6821,45.0412,41.6794,35.8707,27.4352,7.63114,-0.354158,244.877,242.832,234.071,231.379
38.0448157787323,0.09611992873251439,0.0,0.0,5,-0.26144,5.0,17540.1,264.507,-7.98891,3.05398,9.00281,13.9473,17.2186,23.5941,53.0379,51.1448,50.2032,49.415,48.8714,48.3432,47.8292,47.3167,46.5945,45.7627,44.1858,40.9708,35.4727,27.6601,8.40467,-0.299174,244.15,242.163,233.359,230.731
38.06381869316101,0.09006686545908452,0.0,0.0,5,-0.269742,5.0,17490.2,263.738,-7.68358,2.7961,8.56632,13.1724,16.2472,22.4341,51.9945,50.1064,49.1679,48.3827,47.8413,47.3155,46.8046,46.3067,45.6098,44.8083,43.292,40.2147,35.0015,27.7251,9.22229,-0.242072,243.439,241.525,232.649,230.119
38.08418083190918,0.09006686545908452,0.0,0.0,5,-0.277565,5.0,17441.5,262.982,-7.30969,2.55771,8.12269,12.4042,15.321,21.4602,50.9169,49.0375,48.104,47.3232,46.7851,46.2626,45.7551,45.2619,44.5877,43.815,42.3564,39.4091,34.4595,27.6558,10.0813,-0.182936,242.708,240.899,231.94,229.541
38.10601210594177,0.09006686545908452,0.0,0.0,5,-0.285092,5.0,17393.1,262.237,-6.90716,2.32448,7.67115,11.6382,14.4356,20.6772,49.8182,47.9501,47.0228,46.2476,45.7135,45.1949,44.6914,44.2023,43.5407,42.7957,41.3923,38.5685,33.8647,27.4849,10.9842,-0.121823,241.985,240.255,231.26,228.939
38.125771045684814,0.09922027587890625,0.0,0.0,5,-0.292578,5.0,17345.0,261.5,-6.54157,2.09839,7.21098,10.8703,13.5852,20.1511,48.7174,46.8614,45.9408,45.1716,44.6417,44.1274,43.6282,43.1433,42.4877,41.7654,40.4151,37.7092,33.236,27.2404,11.857,-0.0588145,241.292,239.591,230.615,228.31
38.14560914039612,0.1257946252822876,0.0,0.0,5,-0.300551,5.0,17296.7,260.762,-6.26139,1.9086,6.74034,10.1136,12.756,51.9461,47.6531,45.8068,44.8916,44.1273,43.601,43.0903,42.5947,42.1136,41.4631,40.7513,39.4519,36.8586,32.6017,26.9556,12.5624,0.00608555,240.635,238.843,230.033,227.616
38.16375684738159,0.1555184364318848,0.04705810546875,0.0,5,-0.309651,5.0,17247.6,260.013,-6.17929,1.72354,6.25742,9.37377,11.9316,50.969,46.6728,44.8289,43.9158,43.1536,42.629,42.1202,41.6265,41.1473,40.4999,39.7916,38.5316,36.0453,31.9906,26.6617,13.141,0.0729108,240.005,237.997,229.522,226.83
38.185059547424316,0.18411031402647496,0.690185546875,0.0,5,-0.320092,5.0,17221.7,259.273,-6.31352,1.57504,5.76235,8.65182,11.1116,50.1142,45.7922,43.9419,43.0267,42.2632,41.738,41.2288,40.7349,40.2558,39.6086,38.901,37.6587,35.2738,31.4071,26.3658,13.6194,0.141713,239.376,237.093,229.262,226.398
38.204108238220215,0.19710213094949725,0.9999847412109375,0.0,5,-0.331407,5.0,17513.3,259.008,-6.6206,1.42097,5.25643,7.95723,10.3161,49.3406,44.9773,43.1147,42.1945,41.4274,40.9,40.389,39.8935,39.4131,38.7644,38.0556,36.8129,34.5172,30.8263,26.0484,14.0059,0.21267,238.825,236.317,231.652,231.652
38.22556662559509,0.2060093939304352,0.9999847412109375,0.0,5,-0.342865,5.0,17681.8,259.074,-6.97826,1.24684,4.74223,7.30316,9.57378,48.5787,44.171,42.295,41.3694,40.5985,40.0689,39.5558,39.0587,38.5768,37.9265,37.2164,35.9725,33.7395,30.2147,25.6828,14.3005,0.285913,238.566,235.95,233.854,233.854
38.24417328834534,0.2197393659502268,0.9999847412109375,0.0,5,-0.354254,5.0,17708.0,259.263,-7.31446,1.06804,4.25239,6.69623,8.89805,47.8076,43.356,41.4674,40.5369,39.7625,39.2308,38.716,38.2175,37.7344,37.083,36.372,35.1278,32.9324,29.5656,25.2655,14.5097,0.36151,238.517,235.858,234.221,234.221
38.2642560005188,0.2485279891639948,0.9999847412109375,0.0,5,-0.336412,5.0,17724.0,259.433,-7.55732,1.00824,3.80266,6.13417,8.28182,47.0833,42.5771,40.672,39.7348,38.9556,38.4209,37.9036,37.4028,36.9179,36.2643,35.5514,34.3052,32.1201,28.9028,24.8194,14.6509,0.437271,238.575,235.823,234.434,234.434
38.28429889678955,0.2687046114355326,0.9999847412109375,0.0,5,-0.305286,5.0,17731.8,259.563,-7.97777,1.10519,3.39167,5.60657,7.69703,46.5459,41.9447,40.0078,39.0567,38.2669,37.7254,37.2018,36.6953,36.2051,35.5449,34.8255,33.5694,31.3716,28.274,24.388,14.7502,0.506047,238.694,235.609,234.557,234.557
38.305909633636475,0.2896685991436243,0.9999847412109375,0.0,5,-0.274806,5.0,17706.3,259.682,-8.53233,1.41722,3.02118,5.12185,7.16134,46.1903,41.4523,39.468,38.4959,37.6896,37.1374,36.6039,36.0882,35.5896,34.9185,34.1881,32.9145,30.6917,27.6674,23.962,14.8085,0.56728,238.83,235.344,234.229,234.229
38.323513984680176,0.30044585503637794,0.9999847412109375,0.0,5,-0.241483,5.0,17675.3,259.826,-8.68078,1.76003,2.70013,4.72511,6.79487,45.6596,40.8184,38.8006,37.8142,36.9971,36.438,35.8983,35.377,34.8732,34.1958,33.4592,32.1766,29.9433,26.9678,23.4428,14.7832,0.620819,238.657,235.269,233.82,233.82
38.34559965133667,0.3059082984924317,0.9999847412109375,0.0,5,-0.204612,5.0,17668.5,259.955,-7.99412,2.218,2.43234,4.43499,6.67883,44.8553,39.9695,37.9414,36.9517,36.1328,35.5729,35.0327,34.5113,34.0077,33.3311,32.5959,31.3172,29.0951,26.162,22.8211,14.6731,0.666462,238.364,235.403,233.665,233.665
38.36462879180908,0.31141995228827,0.9999847412109375,0.0,5,-0.167935,5.0,17710.0,260.007,-7.60487,2.51915,2.21605,4.23455,6.83381,44.1531,39.1986,37.1517,36.1549,35.331,34.7682,34.2257,33.7024,33.1973,32.5192,31.783,30.5044,28.2873,25.3709,22.1958,14.5263,0.70383,238.361,235.477,234.262,234.262
38.38418650627136,0.316980816423893,0.9999847412109375,0.0,5,-0.131958,5.0,17701.1,260.108,-7.60725,2.84232,2.05567,4.14692,7.65767,43.6005,38.5405,36.4615,35.4515,34.6179,34.0491,33.5012,32.9732,32.464,31.7809,31.0402,29.7556,27.5339,24.6224,21.5729,14.3475,0.732685,238.522,235.455,234.147,234.147
38.403971910476685,0.3225908908993006,0.9999847412109375,0.0,5,-0.0958166,5.0,17694.2,260.189,-7.51749,3.29274,1.95788,4.22545,56.2345,43.096,37.9153,35.7995,34.7743,33.9294,33.3537,32.7996,32.2661,31.752,31.0631,30.3169,29.0249,26.7969,23.8885,20.9283,14.1274,0.752933,238.627,235.446,234.053,234.053
38.42417097091675,0.32825017571449283,0.9999847412109375,0.0,5,-0.0609245,5.0,17723.9,260.203,-7.73512,3.70739,1.92598,4.5261,56.631,42.7935,37.4374,35.2659,34.2169,33.3541,32.7669,32.2025,31.6595,31.1369,30.4374,29.6807,28.3732,26.126,23.2063,20.2886,13.88,0.764544,238.794,235.352,234.447,234.447
38.44321393966675,0.32825017571449283,0.9999847412109375,0.0,5,-0.0279906,5.0,17717.9,260.21,-8.21644,4.30589,1.96427,5.18349,57.6439,42.7899,37.1737,34.9173,33.8315,32.9404,32.3351,31.754,31.1957,30.659,29.9417,29.1671,27.8318,25.5462,22.5938,19.6668,13.6105,0.767623,239.015,235.145,234.367,234.367
38.46521735191345,0.32825017571449283,0.9999847412109375,0.0,5,0.00362468,5.0,17709.2,260.187,-8.80242,5.04869,2.07934,6.76043,59.2458,43.0357,37.0792,34.7119,33.5778,32.6497,32.0204,31.4173,30.8388,30.2834,29.5424,28.7439,27.3711,25.0324,22.0316,19.0775,13.3129,0.762416,239.175,234.947,234.256,234.256
38.48428750038147,0.32825017571449283,0.9999847412109375,0.0,5,0.0349157,5.0,17692.1,260.153,-9.22435,5.93969,2.28062,107.744,61.2975,43.4228,37.0676,34.5723,33.3831,32.4126,31.7561,31.128,30.5266,29.9502,29.1825,28.3569,26.9422,24.5444,21.4902,18.5065,12.9799,0.74918,239.184,234.809,234.033,234.033
38.50414276123047,0.32825017571449283,0.9999847412109375,0.0,5,0.0659473,5.0,17680.3,260.08,-9.27964,7.05575,2.57825,110.628,63.8747,43.953,37.1341,34.4931,33.2413,32.2233,31.5363,30.8803,30.2533,29.6535,28.8562,28.0009,26.54,24.0779,20.9665,17.952,12.6131,0.728203,239.121,234.718,233.872,233.872
38.5242977142334,0.32825017571449283,0.9999847412109375,0.0,5,0.0952098,5.0,17674.4,259.969,-9.5078,8.26509,2.97837,114.432,67.7037,44.9002,37.4606,34.6266,33.2925,32.2117,31.4845,30.7917,30.131,29.5003,28.6639,27.7692,26.247,23.6985,20.5074,17.4455,12.225,0.699908,239.183,234.536,233.791,233.791
38.54578113555908,0.3225908908993006,0.9999847412109375,0.0,5,0.12429,5.0,17637.5,259.895,-9.61662,9.56693,3.50517,118.724,72.567,46.0616,37.8898,34.8345,33.407,32.2556,31.4834,30.7496,30.0515,29.3865,28.5071,27.5692,25.9803,23.3391,20.0643,16.9544,11.8051,0.664479,239.088,234.413,233.319,233.319
38.56437802314758,0.3225908908993006,0.9999847412109375,0.0,5,0.154862,5.0,17625.4,259.808,-9.03284,11.0046,4.19938,122.806,77.7625,47.114,38.1992,34.9294,33.4132,32.1955,31.3815,30.6099,29.8775,29.1816,28.2635,27.2874,25.6406,22.922,19.5834,16.4444,11.346,0.622225,238.819,234.535,233.142,233.142
38.58523893356323,0.316980816423893,0.9999847412109375,0.0,5,0.183195,5.0,17633.4,259.672,-8.7262,12.4581,5.07713,128.312,83.1106,48.8559,38.8967,35.3307,33.6926,32.384,31.5126,30.6892,29.9099,29.1714,28.2002,27.1713,25.4442,22.6166,19.1831,15.9926,10.8775,0.573462,238.888,234.439,233.237,233.237
38.60427379608154,0.31141995228827,0.9999847412109375,0.0,5,0.209917,5.0,17601.0,259.592,-8.89371,13.8015,5.94688,134.94,87.7767,51.3461,39.9691,36.0148,34.2187,32.7929,31.8479,30.9582,30.1191,29.3264,28.2878,27.1922,25.3637,22.3985,18.8444,15.5855,10.4317,0.518265,238.97,234.313,232.864,232.864
38.62584638595581,0.3059082984924317,0.9999847412109375,0.0,5,0.238697,5.0,17588.8,259.545,-8.42267,15.1774,6.73748,71.4152,90.8551,53.6623,40.8286,36.5,34.5556,33.0217,32.0097,31.0601,30.1675,29.327,28.2294,27.0763,25.1625,22.0866,18.4443,15.1453,9.99459,0.456824,238.705,234.479,232.654,232.654
38.64436459541321,0.3059082984924317,0.9999847412109375,0.0,5,0.268983,5.0,17608.0,259.523,-7.85384,16.1741,7.46528,61.7046,92.8871,55.7722,41.4691,36.7881,34.7081,33.077,32.0056,31.0036,30.0648,29.1833,28.036,26.8352,24.8527,21.6931,17.9932,14.6797,9.56722,0.38908,238.433,234.722,232.896,232.896
38.66528511047363,0.3059082984924317,0.9999847412109375,0.0,5,0.25967,5.0,17625.8,259.563,-7.48039,16.7317,8.14196,56.8442,94.2326,57.7395,41.9356,36.9192,34.7141,32.995,31.8705,30.8224,29.8433,28.9266,27.7373,26.4971,24.4596,21.2382,17.5053,14.1974,9.14959,0.319002,238.238,234.908,233.14,233.14
38.685914516448975,0.2896685991436243,0.9999847412109375,0.0,5,0.249666,5.0,17664.1,259.651,-7.09971,16.8496,8.7936,54.8396,94.7623,59.0739,41.9886,36.7151,34.4191,32.6384,31.478,30.3995,29.3946,28.4562,27.242,25.98,23.9153,20.673,16.9495,13.6791,8.73493,0.251854,238.041,235.121,233.616,233.616
38.70433259010315,0.2738717928528786,0.9999847412109375,0.0,5,0.241719,5.0,17722.6,259.774,-6.80364,16.4863,9.42891,54.3316,94.7095,59.7218,41.6375,36.193,33.8422,32.0271,30.8481,29.7551,28.7389,27.7919,26.5696,25.3025,23.2369,20.0119,16.3358,13.1307,8.32256,0.18709,237.948,235.413,234.383,234.383
38.72581434249878,0.2635866403579712,0.9999847412109375,0.0,5,0.235196,5.0,17792.1,259.926,-6.57215,15.7677,10.0502,54.5858,94.2392,59.807,40.9717,35.4276,33.0514,31.2239,30.0402,28.9451,27.9291,26.984,25.7665,24.5074,22.4613,19.2824,15.6818,12.5622,7.91299,0.124197,237.94,235.732,235.297,235.297
38.744805574417114,0.25851787962019446,0.9999847412109375,0.0,5,0.229291,5.0,17852.6,260.104,-6.405,14.8695,10.6514,55.047,93.5812,59.6496,40.1588,34.548,32.1604,30.3311,29.1494,28.0584,27.0482,26.11,24.9039,23.6593,21.6427,18.524,15.0129,11.9885,7.50877,0.0628871,237.996,236.051,236.117,236.117
38.765750885009766,0.25851787962019446,0.9999847412109375,0.0,5,0.223651,5.0,17865.0,260.338,-6.21343,13.9912,11.2299,55.5142,92.8399,59.4078,39.2754,33.6126,31.2204,29.3946,28.2184,27.1347,26.1331,25.2046,24.0133,22.7866,20.8049,17.7544,14.3401,11.4162,7.11101,0.00303912,238.105,236.367,236.313,236.313
38.784162521362305,0.25851787962019446,0.9999847412109375,0.0,5,0.217748,5.0,17870.2,260.57,-5.94794,13.2454,11.777,55.7297,92.1877,59.3953,38.4548,32.7188,30.3154,28.4888,27.3157,26.2373,25.2427,24.3225,23.1443,21.934,19.9852,17.0002,13.6807,10.8555,6.72238,-0.0553181,238.292,236.689,236.338,236.338
38.804261207580566,0.25851787962019446,0.9999847412109375,0.0,5,0.210241,5.0,17885.8,260.764,-5.95232,12.5767,12.2663,55.1104,92.089,60.4899,38.0631,32.1251,29.6651,27.8063,26.6174,25.5279,24.5259,23.6013,22.4208,21.2122,19.2743,16.3259,13.0748,10.3302,6.34909,-0.112073,238.612,236.927,236.587,236.587
38.82432723045349,0.25851787962019446,0.9999847412109375,0.0,5,0.200784,5.0,17880.7,260.958,-6.25844,12.0577,12.6881,53.6754,92.7202,62.3572,38.2685,31.9334,29.3502,27.4141,26.1827,25.0591,24.0297,23.0832,21.8796,20.6526,18.6966,15.7472,12.5315,9.84581,5.99302,-0.167046,239.031,237.055,236.518,236.518
38.84580206871033,0.25851787962019446,0.9999847412109375,0.0,5,0.189759,5.0,17884.4,261.121,-6.79933,11.6318,13.0478,51.7781,94.0445,64.4913,39.1088,32.1394,29.3572,27.2941,25.9918,24.8099,23.7325,22.7465,21.4987,20.234,18.2325,15.2484,12.04,9.39565,5.65323,-0.220052,239.44,237.11,236.562,236.562
38.86406636238098,0.25851787962019446,0.9999847412109375,0.0,5,0.177949,5.0,17890.8,261.272,-7.46142,11.2343,13.36,49.8209,95.874,66.534,40.532,32.6664,29.6098,27.3731,25.974,24.7127,23.57,22.5299,21.2216,19.9043,17.8377,14.7966,11.5796,8.96777,5.32748,-0.270929,239.739,237.14,236.646,236.646
38.88407826423645,0.25851787962019446,0.9999847412109375,0.0,5,0.166347,5.0,17897.7,261.419,-8.00045,10.8624,13.6448,48.1271,97.8744,68.1883,42.3557,33.3514,29.9624,27.5199,26.0079,24.6552,23.4378,22.3367,20.9608,19.5855,17.4484,14.3478,11.1236,8.54719,5.01263,-0.319595,239.908,237.204,236.739,236.739
38.906147718429565,0.25851787962019446,0.9999847412109375,0.0,5,0.155196,5.0,17920.9,261.548,-8.39805,10.4626,13.9078,46.6998,99.9543,69.477,44.607,34.1687,30.3847,27.7045,26.0647,24.6099,23.3106,22.1432,20.6949,19.2588,17.0496,13.8922,10.6673,8.13163,4.7085,-0.365994,239.999,237.301,237.033,237.033
38.925673723220825,0.25851787962019446,0.9999847412109375,0.0,5,0.144303,5.0,17940.0,261.68,-8.72642,10.0373,14.1466,45.4349,102.21,70.5337,47.5577,35.217,30.9429,27.9764,26.1857,24.6121,23.2187,21.9761,20.4468,18.9437,16.6567,13.4403,10.217,7.72514,4.41616,-0.410118,240.068,237.404,237.291,237.291
38.94398641586304,0.25851787962019446,0.9999847412109375,0.0,5,0.133715,5.0,17952.6,261.818,-8.96343,9.60899,14.3634,44.3103,104.63,71.3824,51.1856,36.5521,31.6611,28.3468,26.3769,24.6647,23.163,21.8351,20.2154,18.6386,16.2682,12.9916,9.77303,7.32809,4.1358,-0.451962,240.13,237.516,237.462,237.462
38.96432662010193,0.25851787962019446,0.9999847412109375,0.0,5,0.123467,5.0,17961.3,261.96,-9.07759,9.20065,14.5595,43.3054,107.054,72.0422,53.6654,38.259,32.5769,28.8343,26.6498,24.7748,23.148,21.7231,20.002,18.3444,15.8846,12.5468,9.33654,6.94168,3.868,-0.491483,240.193,237.647,237.578,237.578
38.98366570472717,0.25851787962019446,0.9999847412109375,0.0,5,0.113275,5.0,17968.0,262.1,-9.13698,8.81543,14.7303,42.343,109.577,72.616,55.4824,40.6439,33.8681,29.5606,27.1011,25.0212,23.2394,21.6961,19.8528,18.0988,15.534,12.1238,8.91785,6.57182,3.61434,-0.528629,240.282,237.778,237.669,237.669
39.00696921348572,0.25851787962019446,0.9999847412109375,0.0,5,0.103321,5.0,17965.4,262.253,-9.13318,8.44825,14.8799,41.4487,112.09,73.1392,56.8551,43.9143,35.6,30.5448,27.7343,25.3991,23.4282,21.7427,19.7556,17.8902,15.2063,11.7161,8.51383,6.21713,3.37461,-0.563402,240.376,237.915,237.646,237.646
39.02670216560364,0.25851787962019446,0.9999847412109375,0.0,5,0.0939948,5.0,17961.5,262.414,-8.95675,8.11112,15.0161,40.6756,114.351,73.5765,57.7876,46.9435,37.7329,31.7191,28.4795,25.8422,23.6536,21.8083,19.6631,17.679,14.8731,11.3081,8.11735,5.87457,3.14851,-0.595757,240.456,238.087,237.586,237.586
39.045727491378784,0.25349832922220233,0.9999847412109375,0.0,5,0.0852052,5.0,17964.4,262.575,-8.65822,7.77622,15.1379,39.9898,116.393,73.9411,58.4043,48.6603,40.4576,33.1703,29.3916,26.3875,23.9423,21.9133,19.5914,17.4782,14.5444,10.9067,7.73291,5.5468,2.93656,-0.625727,240.541,238.283,237.621,237.621
39.06672549247742,0.24360685944557192,0.9999847412109375,0.0,5,0.0766331,5.0,17969.8,262.737,-8.32627,7.44561,15.2403,39.3294,118.396,74.3286,58.8582,49.8607,43.4072,35.1697,30.6558,27.1705,24.3986,22.1414,19.6046,17.3377,14.2549,10.5323,7.37146,5.23961,2.74001,-0.653312,240.683,238.516,237.691,237.691
39.086878299713135,0.22441444396972657,0.9999847412109375,0.0,5,0.0669839,5.0,17978.0,262.873,-8.05653,7.26209,15.3004,38.5035,121.167,75.2039,59.5565,51.1995,45.7415,38.9693,33.1371,28.8253,25.5079,22.8771,19.9928,17.4776,14.1481,10.261,7.0695,4.97104,2.56277,-0.678436,240.986,238.749,237.798,237.798
39.10555148124695,0.19710213094949725,0.9999847412109375,0.0,5,0.0558478,5.0,17988.6,263.002,-8.20619,7.07089,15.3124,37.484,124.996,76.8152,60.5828,52.7883,47.9906,42.9695,38.055,32.1356,27.7975,24.4931,21.0008,18.061,14.3123,10.1296,6.84158,4.74746,2.40621,-0.701038,241.425,238.945,237.939,237.939
39.125784158706665,0.17987812906503678,0.9999847412109375,0.0,5,0.044996,5.0,17951.7,263.192,-8.23518,7.02977,15.3076,36.5262,128.782,78.5882,61.4252,54.0579,49.678,45.3688,41.775,37.0993,31.1703,26.8192,22.4372,18.9096,14.6106,10.0591,6.64979,4.55108,2.26734,-0.721043,241.807,239.261,237.464,237.464
39.144343852996826,0.15945535935461522,0.9999847412109375,0.0,5,0.0356428,5.0,17951.9,263.372,-7.92824,6.98009,15.3063,35.7621,131.711,79.9906,61.8085,54.7381,50.6289,46.7038,43.5939,40.0229,35.3279,29.571,24.0453,19.8169,14.9093,9.98569,6.46796,4.37081,2.14436,-0.738439,242.012,239.675,237.454,237.454
39.16596293449402,0.14779222160577773,0.9999847412109375,0.0,5,0.027446,5.0,17962.6,263.564,-7.44368,6.88818,15.303,35.1276,133.969,81.0827,61.9443,55.0125,51.1017,47.4325,44.6004,41.4912,37.8912,32.9778,25.9291,20.8418,15.2429,9.93,6.30732,4.21232,2.03813,-0.753303,242.204,240.139,237.59,237.59
39.18664813041687,0.12230059541761876,0.9999847412109375,0.0,5,0.0190055,5.0,17981.5,263.745,-6.88963,6.91837,15.2757,34.4717,136.464,82.5044,62.2311,55.2947,51.558,48.1003,45.4798,42.6787,39.6022,36.0321,28.8896,22.4557,15.8472,9.98995,6.20712,4.09249,1.95121,-0.76572,242.504,240.521,237.838,237.838
39.20454788208008,0.09922027587890625,0.9999847412109375,0.0,5,0.00842732,5.0,18000.0,263.92,-6.91749,6.99828,15.1951,33.5929,140.477,85.3911,63.2755,56.0612,52.499,49.2439,46.8144,44.2687,41.5644,38.6248,33.7515,25.8738,17.2261,10.3387,6.2291,4.03689,1.88826,-0.775599,243.074,240.699,238.084,238.084
39.22595548629761,0.09306879192590714,0.9999847412109375,0.0,5,-0.00187999,5.0,17951.5,264.179,-6.94587,7.22543,15.1006,32.7643,144.404,88.4328,64.4264,56.7288,53.2592,50.1644,47.8784,45.5127,43.0448,40.4396,36.4364,30.7386,19.1834,10.8513,6.31907,4.0217,1.84504,-0.782969,243.4,240.996,237.48,237.48
39.24410533905029,0.08421064354479313,0.9999847412109375,0.0,5,-0.00942737,5.0,17945.7,264.425,-6.29142,7.53522,15.0286,32.2309,146.528,89.9964,64.8117,56.7802,53.2688,50.2888,48.1017,45.8543,43.5329,41.1165,37.5091,32.831,21.1013,11.3187,6.40944,4.02172,1.81813,-0.787761,243.396,241.521,237.372,237.372
39.26525831222534,0.07579538822174073,0.9999847412109375,0.0,5,-0.0151113,5.0,17960.7,264.673,-5.40993,7.75463,14.9658,31.8968,147.423,90.531,64.6292,56.3902,52.814,49.9203,47.8114,45.6555,43.4431,41.1605,37.8081,33.6298,23.025,11.7809,6.51908,4.04469,1.80785,-0.790186,243.436,242.021,237.561,237.561
39.28371524810791,0.07308872379362584,0.9999847412109375,0.0,5,-0.0203231,5.0,17990.9,264.913,-4.58786,7.94965,14.8937,31.6293,148.027,90.8317,64.3299,55.9077,52.2721,49.4215,47.3837,45.3092,43.1919,41.0227,37.8746,34.049,25.3136,12.3605,6.68508,4.10314,1.81454,-0.790544,243.638,242.418,237.955,237.955
39.30774688720703,0.07308872379362584,0.9999847412109375,0.0,5,-0.0277646,5.0,18017.9,265.143,-4.27435,8.31375,14.7739,31.1448,150.209,92.5398,64.948,56.1047,52.3197,49.4108,47.4464,45.4555,43.434,41.3767,38.4228,34.9064,27.5755,13.4435,7.01411,4.23568,1.84412,-0.788785,244.176,242.452,238.315,238.315
39.32566475868225,0.07308872379362584,0.9999847412109375,0.0,5,-0.0364946,5.0,17984.1,265.428,-4.36871,8.73888,14.6225,30.5456,153.399,95.1175,66.2405,56.7785,52.7726,49.7116,47.7377,45.8241,43.8897,41.9316,39.1435,35.8733,29.3671,15.0739,7.4959,4.43498,1.89462,-0.785013,244.551,242.528,237.954,237.954
39.344438791275024,0.07308872379362584,0.9999847412109375,0.0,5,-0.043608,5.0,17971.5,265.702,-3.96843,9.4263,14.4787,30.1303,155.674,96.7743,67.0404,57.0663,52.8845,49.7054,47.6631,45.7767,43.9149,42.038,39.3818,36.2969,30.3154,16.8881,8.02953,4.66645,1.96187,-0.779091,244.638,242.965,237.709,237.709
39.36681580543518,0.07308872379362584,0.9999847412109375,0.0,5,-0.0493911,5.0,17995.3,265.948,-3.43078,9.98578,14.3378,29.8721,157.113,97.6546,67.3774,57.0035,52.6912,49.4271,47.337,45.4198,43.6163,41.8108,39.2674,36.336,30.7501,18.8766,8.61816,4.93174,2.04584,-0.771093,244.718,243.348,238.012,238.012
39.386744260787964,0.07308872379362584,0.9999847412109375,0.0,5,-0.0550168,5.0,18038.9,266.18,-3.09302,10.315,14.1865,29.6607,158.563,98.4745,67.742,56.9464,52.4986,49.1477,47.0088,45.0514,43.253,41.513,39.0721,36.2761,31.0182,20.4646,9.31143,5.24453,2.14671,-0.761302,244.912,243.605,238.58,238.58
39.40668845176697,0.07308872379362584,0.9999847412109375,0.0,5,-0.0627778,5.0,18077.9,266.395,-3.06657,10.8774,13.9964,29.2505,162.019,100.701,69.3384,57.728,53.0084,49.4772,47.2339,45.1884,43.3158,41.5924,39.2446,36.5687,31.5868,21.9134,10.2758,5.65371,2.27061,-0.749721,245.444,243.599,239.102,239.102
39.42575693130493,0.07308872379362584,0.9999847412109375,0.0,5,-0.0727065,5.0,18092.9,266.623,-3.62968,11.3865,13.769,28.6378,167.921,104.4,72.3838,59.5353,54.3596,50.5244,48.1045,45.9092,43.9086,42.0783,39.7509,37.1771,32.4192,23.3562,11.6087,6.18047,2.41996,-0.736276,245.879,243.566,239.402,239.402
39.44576072692871,0.07308872379362584,0.9999847412109375,0.0,5,-0.0813211,5.0,18031.3,266.929,-3.59978,12.356,13.5452,28.1882,173.23,107.328,74.835,61.1117,55.4908,51.3651,48.7791,46.4442,44.326,42.3956,39.9642,37.4588,32.8953,24.3207,13.1065,6.76558,2.58869,-0.72071,245.962,243.97,238.507,238.507
39.46586990356445,0.07308872379362584,0.9999847412109375,0.0,5,-0.0878127,5.0,18052.3,267.161,-3.16641,13.2031,13.3323,27.9838,176.804,108.924,76.1635,61.9806,56.0198,51.6793,48.9733,46.5398,44.3401,42.342,39.8341,37.3141,32.9339,24.8005,14.289,7.38298,2.7744,-0.702969,245.943,244.409,238.768,238.768
39.48724007606506,0.07308872379362584,0.9999847412109375,0.0,5,-0.093694,5.0,18099.0,267.377,-2.86893,13.7039,13.1144,27.8818,180.031,110.154,77.1925,62.7222,56.4304,51.8847,49.0659,46.5411,44.2665,42.207,39.6307,37.0527,32.8184,25.0797,15.1634,8.06092,2.97844,-0.683367,246.068,244.69,239.371,239.371
39.5040066242218,0.07308872379362584,0.9999847412109375,0.0,5,-0.10101,5.0,18145.0,267.577,-2.80432,14.2995,12.8706,27.6647,185.446,112.375,79.1137,64.3762,57.5745,52.6965,49.6937,47.018,44.619,42.4561,39.7625,37.0808,32.872,25.4545,15.9758,8.86541,3.20758,-0.662029,246.502,244.739,239.986,239.986
39.524542808532715,0.07308872379362584,0.9999847412109375,0.0,5,-0.111138,5.0,18181.2,267.774,-3.40657,14.883,12.5987,27.1695,197.393,116.535,82.7968,67.6709,60.308,54.8055,51.4564,48.4964,45.8619,43.502,40.5837,37.7002,33.2839,26.0945,16.8767,9.7226,3.47141,-0.638788,247.005,244.622,240.471,240.471
39.54419302940369,0.06782302595674992,0.9999847412109375,0.0,5,-0.120834,5.0,18098.0,268.08,-3.63931,15.9166,12.3422,26.7545,82.1813,120.472,86.3371,70.8784,63.2796,57.1622,53.4099,50.1234,47.2214,44.6402,41.4718,38.3666,33.6595,26.5853,17.6173,10.4692,3.76038,-0.613485,247.142,244.919,239.393,239.393
39.56423783302307,0.06029355674982071,0.9999847412109375,0.0,5,-0.127467,5.0,18111.9,268.302,-3.17065,16.9766,12.1261,26.7066,72.7096,122.386,88.0809,72.4762,64.7787,58.4743,54.4308,50.9139,47.8275,45.0971,41.7645,38.5185,33.635,26.6375,18.0144,11.0168,4.06315,-0.58591,247.025,245.464,239.557,239.557
39.583322286605835,0.05551996231079102,0.9999847412109375,0.0,5,-0.132529,5.0,18157.1,268.511,-2.7252,17.6476,11.9382,26.8976,70.3706,123.26,88.8947,73.2337,65.4965,59.1524,54.9385,51.2485,48.0264,45.1888,41.7412,38.4,33.4047,26.459,18.2101,11.4257,4.36726,-0.556419,247.057,245.857,240.136,240.136
39.60358476638794,0.050943209230899816,0.9999847412109375,0.0,5,-0.137685,5.0,18209.6,268.714,-2.47495,18.1135,11.7647,27.168,68.2388,124.215,89.7901,74.072,66.2944,59.9089,55.6148,51.7224,48.3428,45.381,41.8009,38.3503,33.2256,26.2474,18.3419,11.7637,4.64491,-0.52539,247.291,246.077,240.836,240.836
39.624640226364136,0.04872864820063114,0.9999847412109375,0.0,5,-0.136334,5.0,18251.1,268.922,-2.71122,18.5542,11.5899,27.2292,64.5532,126.335,91.7602,75.907,68.0356,61.5539,57.1844,53.0583,49.4012,46.2192,42.4008,38.7495,33.3782,26.1771,18.5293,12.0983,4.90519,-0.493383,247.691,246.097,241.392,241.392
39.64417290687561,0.046563297510147095,0.9999847412109375,0.0,5,-0.128182,5.0,18183.1,269.234,-2.89086,19.2063,11.4316,27.2481,61.5893,128.501,93.7641,77.7838,69.8221,63.2496,58.8066,54.5924,50.658,47.2185,43.1247,39.2435,33.5929,26.1255,18.652,12.3709,5.13916,-0.463216,247.91,246.328,240.537,240.537
39.66422367095947,0.046563297510147095,0.9999847412109375,0.0,5,-0.117885,5.0,18197.9,269.467,-2.50552,20.0729,11.3109,27.4719,60.5904,129.33,94.4778,78.4736,70.4937,63.8994,59.4387,55.2034,51.2077,47.5955,43.3223,39.2972,33.4826,25.8798,18.5806,12.514,5.33614,-0.435117,247.923,246.813,240.696,240.696
39.684282302856445,0.04444715715944767,0.9999847412109375,0.0,5,-0.107693,5.0,18235.3,269.671,-2.13927,21.0538,11.2059,27.629,59.4929,130.374,95.3105,79.2792,71.2771,64.6578,60.1765,55.918,51.8965,48.1436,43.6567,39.4607,33.4508,25.6831,18.4765,12.6152,5.50969,-0.409189,248.179,247.013,241.178,241.178
39.704617977142334,0.04444715715944767,0.9999847412109375,0.0,5,-0.0981887,5.0,18263.6,269.884,-2.21287,21.7267,11.1119,27.6599,57.9389,132.113,96.6262,80.5381,72.4926,65.8275,61.3083,57.0079,52.941,49.1183,44.3437,39.9061,33.6167,25.602,18.3752,12.6956,5.66305,-0.385592,248.439,247.128,241.636,241.636
39.72438645362854,0.046563297510147095,0.9999847412109375,0.0,5,-0.0878428,5.0,18237.1,270.155,-2.03864,22.6932,11.0463,27.7454,56.9701,133.367,97.4515,81.3451,73.2822,66.5976,62.061,57.7413,53.6515,49.8037,44.8683,40.2136,33.6805,25.4624,18.1841,12.7053,5.78724,-0.364366,248.578,247.465,241.213,241.213
39.74483871459961,0.04872864820063114,0.9999847412109375,0.0,5,-0.0769666,5.0,18277.6,270.359,-1.82092,23.4427,11.0071,27.85,56.3149,134.332,97.9783,81.8757,73.812,67.1235,62.5824,58.2553,54.1571,50.2988,45.3145,40.454,33.6947,25.2963,17.9535,12.6589,5.88435,-0.345594,248.727,247.71,241.735,241.735
39.7641224861145,0.050943209230899816,0.9999847412109375,0.0,5,-0.0667961,5.0,18325.3,270.555,-1.89481,23.8853,10.9826,27.841,55.2395,136.063,98.9846,82.8557,74.7698,68.0556,63.4922,59.1409,55.0144,51.1253,46.0934,41.0126,33.9243,25.2507,17.7861,12.5975,5.96206,-0.329384,248.988,247.805,242.369,242.369
39.784308195114136,0.05320698060095311,0.9999847412109375,0.0,5,-0.0569528,5.0,18314.0,270.808,-2.0577,24.2964,10.9777,27.7668,54.0176,138.306,100.228,84.0592,75.9413,69.1922,64.5992,60.2143,56.0514,52.1224,47.0295,41.8058,34.3043,25.2851,17.6603,12.5093,6.01824,-0.315797,249.222,247.959,242.232,242.232
39.80577635765076,0.05788215436041355,0.9999847412109375,0.0,5,-0.0467075,5.0,18354.7,271.01,-2.13961,24.556,11.0013,27.7063,53.0372,140.408,101.242,85.0508,76.9133,70.1405,65.5284,61.1205,56.9317,52.973,47.8356,42.5554,34.6763,25.3125,17.5342,12.3749,6.04942,-0.304798,249.378,248.189,242.76,242.76
39.82599449157715,0.05788215436041355,0.9999847412109375,0.0,5,-0.0365098,5.0,18392.4,271.218,-2.27358,24.573,11.0499,27.6149,52.0557,142.799,102.308,86.0929,77.934,71.1378,66.505,62.0724,57.8566,53.8678,48.6835,43.3443,35.1484,25.3893,17.4342,12.2315,6.0584,-0.296469,249.551,248.354,243.262,243.262
39.84668946266174,0.05788215436041355,0.9999847412109375,0.0,5,-0.026418,5.0,18426.1,271.43,-2.47101,24.4444,11.124,27.4895,51.054,145.578,103.459,87.2165,79.0338,72.2111,67.5547,63.097,58.8509,54.8295,49.5946,44.1921,35.7472,25.5267,17.3647,12.1065,6.04589,-0.290844,249.748,248.524,243.702,243.702
39.86370253562927,0.05788215436041355,0.9999847412109375,0.0,5,-0.0163615,5.0,18450.8,271.65,-2.67672,24.2376,11.2081,27.3391,50.067,148.713,104.649,88.3778,80.1715,73.3215,68.6416,64.1568,59.8816,55.8263,50.5393,45.0725,36.4668,25.7202,17.3229,11.9985,6.01199,-0.287926,249.944,248.705,244.047,244.047
39.884339570999146,0.05788215436041355,0.9999847412109375,0.0,5,-0.00593502,5.0,18466.3,271.884,-2.85424,23.8942,11.2859,27.2038,49.2591,151.738,105.613,89.3292,81.1095,74.2427,69.548,65.0457,60.7492,56.6713,51.3471,45.8324,37.128,25.9133,17.2834,11.8958,5.95492,-0.287734,250.099,248.912,244.254,244.254
39.903762340545654,0.05788215436041355,0.9999847412109375,0.0,5,0.00544422,5.0,18479.8,272.124,-2.81339,23.5071,11.3654,27.1379,48.8433,153.82,105.974,89.7137,81.5058,74.6482,69.9594,65.461,61.1671,57.0896,51.7647,46.2436,37.5171,26.011,17.2057,11.78,5.87155,-0.290357,250.208,249.199,244.434,244.434
39.92560815811157,0.05788215436041355,0.9999847412109375,0.0,5,0.0167419,5.0,18587.9,272.272,-2.85972,22.8279,11.4342,27.0447,48.3967,156.384,106.393,90.1492,81.9509,75.0999,70.4139,65.9183,61.6246,57.5468,52.2174,46.6874,37.9317,26.1659,17.1565,11.6815,5.78332,-0.29583,250.375,249.409,245.846,245.846
39.94577956199646,0.05788215436041355,0.9999847412109375,0.0,5,0.0271704,5.0,18575.7,272.538,-3.11897,22.2076,11.4832,26.8575,47.6314,161.266,107.439,91.1034,82.8916,76.0243,71.3236,66.8104,62.4976,58.3972,53.0315,47.4544,38.603,26.5098,17.1894,11.6236,5.70713,-0.304216,250.638,249.513,245.729,245.729
39.96633815765381,0.05788215436041355,0.9999847412109375,0.0,5,0.0320718,5.0,18557.6,272.818,-3.17161,21.5764,11.5355,26.742,47.2457,165.83,107.906,91.4625,83.2635,76.4063,71.7112,67.2029,62.8936,58.795,53.4298,47.8496,38.9797,26.745,17.18,11.5511,5.63319,-0.315175,250.791,249.766,245.475,245.475
39.986764907836914,0.05788215436041355,0.9999847412109375,0.0,5,0.02869,5.0,18659.1,272.981,-3.0247,20.847,11.5865,26.665,47.0997,170.564,107.968,91.4272,83.2565,76.426,71.7507,67.2623,62.9723,58.8919,53.5507,47.9951,39.1583,26.918,17.1504,11.4748,5.56393,-0.325744,250.946,250.091,246.686,246.686
40.003684282302856,0.05788215436041355,0.9999847412109375,0.0,5,0.0237882,5.0,18691.2,273.198,-3.24231,20.0982,11.6104,26.4441,46.4126,187.758,109.188,92.2963,84.116,77.2723,72.5852,68.0829,63.7761,59.6774,54.306,48.7101,39.7898,27.3845,17.2544,11.4604,5.51013,-0.335363,251.246,250.167,247.274,247.274
40.024465799331665,0.0627541694790125,0.9999847412109375,0.0,5,0.0177943,5.0,18640.0,273.492,-3.53603,19.7119,11.6115,26.1271,45.3743,200.0,111.396,93.8216,85.604,78.7205,74.0012,69.4608,65.1133,60.9695,55.5301,49.85,40.7639,28.059,17.4749,11.4997,5.471,-0.343866,251.643,250.295,246.586,246.586
40.045719146728516,0.06782302595674992,0.9999847412109375,0.0,5,0.0117633,5.0,18609.1,273.764,-3.76862,19.3754,11.6014,25.8059,44.3627,200.0,113.892,95.3792,87.1265,80.2044,75.452,70.8759,66.4872,62.2999,56.7928,51.029,41.7749,28.7632,17.7464,11.5652,5.44277,-0.351062,251.891,250.481,246.169,246.169
40.06651973724365,0.07308872379362584,0.9999847412109375,0.0,5,0.00713366,5.0,18592.1,274.027,-3.58384,19.1199,11.5968,25.5928,43.8044,200.0,115.427,96.1118,87.8499,80.9237,76.1679,71.5852,67.19,62.9918,57.4658,51.678,42.3651,29.2216,17.9564,11.6115,5.41831,-0.356907,251.982,250.813,245.934,245.934
40.08691167831421,0.07855126298964024,0.9999847412109375,0.0,5,0.00251168,5.0,18680.8,274.182,-3.39005,18.7001,11.581,25.3749,43.2459,200.0,117.134,96.9236,88.5777,81.65,76.8898,72.3022,67.8993,63.6923,58.1505,52.3368,42.9675,29.6929,18.2138,11.6838,5.40513,-0.361401,252.148,251.059,247.071,247.071
40.10377621650696,0.08135634809732438,0.9999847412109375,0.0,5,-0.00387317,5.0,18676.4,274.419,-3.56136,18.3722,11.5341,25.0175,42.1862,200.0,120.801,99.0257,90.3381,83.3674,78.5718,73.9439,69.4955,65.2386,59.6217,53.7147,44.1565,30.5282,18.6747,11.8441,5.41292,-0.364557,252.496,251.081,247.053,247.053
40.12584471702576,0.08135634809732438,0.9999847412109375,0.0,5,-0.0113958,5.0,18669.6,274.646,-3.8669,18.2211,11.4626,24.5734,40.8645,200.0,126.248,102.226,92.8302,85.7485,80.8979,76.2096,71.695,67.367,61.6398,55.5968,45.7672,31.6352,19.2736,12.0814,5.44043,-0.366187,252.854,251.153,246.956,246.956
40.14672040939331,0.08135634809732438,0.9999847412109375,0.0,5,-0.019132,5.0,18666.0,274.865,-4.15423,18.1305,11.3765,24.1127,39.5528,200.0,132.86,106.05,95.7696,88.2897,83.3849,78.6353,74.0535,69.6519,63.8125,57.6293,47.516,32.847,19.9296,12.3713,5.48444,-0.366136,253.091,251.304,246.907,246.907
40.16643214225769,0.08135634809732438,0.9999847412109375,0.0,5,-0.0264609,5.0,18665.1,275.079,-4.22708,18.1429,11.2821,23.6783,38.3898,200.0,140.498,110.084,98.8283,90.727,85.6878,80.8882,76.2508,71.7883,65.8548,59.5511,49.1902,34.0332,20.5863,12.6951,5.5425,-0.36432,253.25,251.531,246.892,246.892
40.18419528007507,0.08135634809732438,0.9999847412109375,0.0,5,-0.033665,5.0,18685.8,275.27,-4.23968,18.1415,11.1758,23.2473,37.2896,200.0,153.615,114.604,102.223,93.4087,87.9966,83.1168,78.4291,73.9109,67.8901,61.4761,50.8823,35.2516,21.2711,13.0623,5.61718,-0.360666,253.417,251.734,247.159,247.159
40.20414113998413,0.08135634809732438,0.9999847412109375,0.0,5,-0.040964,5.0,18695.0,275.47,-4.25259,18.1732,11.0556,22.8053,36.2008,200.0,185.189,119.938,106.195,96.5311,90.6472,85.4458,80.7007,76.1275,70.0215,63.4973,52.6705,36.5531,22.0074,13.4601,5.71007,-0.355185,253.608,251.911,247.282,247.282
40.22422170639038,0.08135634809732438,0.9999847412109375,0.0,5,-0.0483058,5.0,18704.5,275.667,-4.22632,18.2667,10.9221,22.3556,35.1319,200.0,200.0,126.216,110.813,100.138,93.698,88.0421,83.0364,78.4118,72.2235,65.5921,54.5369,37.9273,22.7926,13.8851,5.82176,-0.347829,253.798,252.096,247.408,247.408
40.244296073913574,0.08135634809732438,0.9999847412109375,0.0,5,-0.0565866,5.0,18715.7,275.849,-4.27991,18.5202,10.7658,21.8427,33.9255,175.28,200.0,135.639,117.211,105.118,97.9108,91.6352,86.1217,81.2395,74.9482,68.1843,56.8417,39.6165,23.7391,14.3833,5.95992,-0.338465,254.098,252.186,247.554,247.554
40.26465034484863,0.08135634809732438,0.9999847412109375,0.0,5,-0.0653399,5.0,18707.1,276.047,-4.45652,18.8022,10.5965,21.2997,32.6837,148.48,200.0,163.346,125.428,111.441,103.228,96.1492,89.9854,84.5705,77.9792,71.0735,59.4242,41.5237,24.8067,14.9393,6.12293,-0.327061,254.322,252.291,247.488,247.488
40.28452229499817,0.08135634809732438,0.9999847412109375,0.0,5,-0.0731452,5.0,18701.8,276.246,-4.32713,19.2069,10.4287,20.8055,31.6239,66.5927,200.0,189.888,135.22,117.887,108.578,100.639,93.7874,87.8159,80.6389,73.5829,61.7014,43.262,25.8217,15.4851,6.30053,-0.313507,254.403,252.565,247.372,247.372
40.3039710521698,0.08135634809732438,0.9999847412109375,0.0,5,-0.0800589,5.0,18717.0,276.43,-4.05187,19.5429,10.2615,20.3525,30.7086,59.7403,200.0,200.0,158.155,124.37,113.879,105.033,97.4694,90.928,83.1284,75.7103,63.6646,44.8155,26.7735,16.0167,6.48389,-0.297863,254.471,252.835,247.567,247.567
40.32457113265991,0.08135634809732438,0.9999847412109375,0.0,5,-0.086736,5.0,18744.0,276.606,-3.83607,19.7583,10.0899,19.9041,29.8329,55.3125,200.0,200.0,183.451,133.151,119.772,109.874,101.493,94.3073,85.8131,77.8169,65.5724,46.3527,27.7375,16.5635,6.67526,-0.280251,254.604,253.043,247.917,247.917
40.3443124294281,0.08135634809732438,0.9999847412109375,0.0,5,-0.0916303,5.0,18771.7,276.782,-3.81357,19.8563,9.90918,19.4308,28.9159,51.5114,200.0,200.0,198.379,161.076,127.866,115.937,106.504,98.4998,89.1317,80.4073,67.6865,48.0558,28.8005,17.159,6.87892,-0.26092,254.806,253.175,248.286,248.286
40.3649845123291,0.08135634809732438,0.9999847412109375,0.0,5,-0.094991,5.0,18780.4,276.976,-3.89864,19.9177,9.72097,18.9406,27.9801,48.1827,200.0,200.0,200.0,184.599,145.923,123.696,112.642,103.597,93.1395,83.5179,69.9602,49.8945,29.9495,17.798,7.09368,-0.240682,255.005,253.308,248.409,248.409
40.385618925094604,0.07855126298964024,0.9999847412109375,0.0,5,-0.0982001,5.0,18799.9,277.159,-3.95811,19.9428,9.52903,18.4546,27.0765,45.3685,200.0,200.0,200.0,198.936,178.23,137.034,119.747,109.383,97.6348,86.9739,72.2269,51.7349,31.1209,18.4561,7.31603,-0.21965,255.163,253.488,248.663,248.663
40.40608620643616,0.07043126970529556,0.9999847412109375,0.0,5,-0.101261,5.0,18817.8,277.345,-4.0137,19.9195,9.3334,17.9722,26.2017,42.9131,176.711,200.0,200.0,200.0,193.395,171.055,130.494,115.992,102.701,90.8239,74.6735,53.5738,32.3128,19.132,7.54601,-0.197845,255.318,253.675,248.902,248.902
40.42581033706665,0.06782302595674992,0.9999847412109375,0.0,5,-0.103693,5.0,18832.7,277.543,-4.06118,19.7799,9.13844,17.5144,25.402,40.8868,149.374,200.0,200.0,200.0,200.0,186.372,160.504,124.065,107.911,94.7238,77.0979,55.2374,33.4354,19.7897,7.77809,-0.175359,255.444,253.916,249.101,249.101
40.44642353057861,0.0652639925479889,0.9999847412109375,0.0,5,-0.104872,5.0,18845.6,277.753,-3.87022,19.5663,8.94934,17.1059,24.7304,39.3825,138.431,200.0,200.0,200.0,200.0,195.605,175.826,135.991,112.441,98.0403,79.0913,56.4923,34.3647,20.3767,8.00461,-0.152313,255.498,254.223,249.272,249.272
40.46717619895935,0.0627541694790125,0.9999847412109375,0.0,5,-0.10575,5.0,18916.4,277.908,-3.73482,19.1188,8.75932,16.7057,24.0861,38.016,126.69,200.0,200.0,200.0,200.0,200.0,185.862,162.524,117.706,101.484,81.1267,57.6524,35.2533,20.9537,8.23294,-0.128815,255.622,254.464,250.2,250.2
40.48676347732544,0.05551996231079102,0.9999847412109375,0.0,5,-0.107198,5.0,18911.4,278.134,-3.74385,18.7542,8.56296,16.2806,23.3916,36.5336,105.692,200.0,200.0,200.0,200.0,200.0,195.345,176.741,127.395,105.96,83.7679,59.0149,36.2547,21.5813,8.47064,-0.104975,255.858,254.612,250.159,250.159
40.50469994544983,0.050943209230899816,0.9999847412109375,0.0,5,-0.108621,5.0,18903.5,278.361,-3.71153,18.5556,8.36411,15.8543,22.7017,35.1103,82.6945,200.0,200.0,200.0,200.0,200.0,200.0,187.257,155.002,111.136,86.7088,60.3775,37.2651,22.219,8.71261,-0.0807292,256.098,254.838,250.047,250.047
40.524306297302246,0.04036250747740269,0.9999847412109375,0.0,5,-0.109461,5.0,18902.9,278.586,-3.58403,18.3794,8.16662,15.4468,22.0621,33.8701,70.5721,153.017,200.0,200.0,200.0,200.0,200.0,195.316,169.209,117.505,89.5504,61.5627,38.1777,22.8215,8.95265,-0.056076,256.257,255.108,250.039,250.039
40.54568099975586,0.029289606586098672,0.9999847412109375,0.0,5,-0.109274,5.0,18904.0,278.815,-3.27638,18.2901,7.9736,15.0729,21.5037,32.883,64.2476,142.451,200.0,200.0,200.0,200.0,200.0,200.0,177.076,125.665,91.8637,62.4697,38.8983,23.3482,9.18497,-0.0310872,256.382,255.459,250.051,250.051
40.565661907196045,0.022891879454255106,0.9999847412109375,0.0,5,-0.108281,5.0,18930.3,279.023,-2.93134,18.1594,7.78431,14.7241,21.0053,32.0746,60.6453,136.161,200.0,200.0,200.0,200.0,200.0,200.0,182.139,143.231,93.7072,63.1494,39.4611,23.8093,9.40961,-0.00591532,256.511,255.787,250.398,250.398
40.58589959144592,0.014771598950028421,0.9999847412109375,0.0,5,-0.10668,5.0,18934.7,279.256,-2.54807,18.1045,7.59837,14.3944,20.5509,31.3929,58.4862,131.284,200.0,200.0,200.0,200.0,200.0,200.0,185.555,153.14,95.1724,63.653,39.8979,24.2163,9.62696,0.0192871,256.662,256.088,250.455,250.455
40.60699534416199,0.011375798285007477,0.9999847412109375,0.0,5,-0.104371,5.0,18940.1,279.489,-2.14858,18.1062,7.41709,14.0879,20.148,30.8558,57.5519,127.679,200.0,200.0,200.0,200.0,200.0,200.0,187.559,157.771,96.1016,63.9206,40.1877,24.5563,9.83413,0.0443776,256.808,256.4,250.526,250.526
40.627094984054565,0.0075370088219642644,0.9999847412109375,0.0,5,-0.10137,5.0,18947.3,279.723,-1.71908,18.1296,7.2417,13.8055,19.7977,30.4607,57.6331,125.365,200.0,200.0,200.0,200.0,200.0,200.0,188.337,159.843,96.4552,63.9391,40.3315,24.8273,10.0293,0.0691884,256.949,256.7,250.62,250.62
40.64461588859558,0.005174625292420388,0.9999847412109375,0.0,5,-0.0979093,5.0,18959.1,279.952,-1.31397,18.1805,7.07138,13.5406,19.484,30.1664,58.3001,123.882,200.0,200.0,200.0,200.0,200.0,200.0,188.282,160.581,96.4225,63.7947,40.3748,25.0464,10.2139,0.0935923,257.112,256.973,250.767,250.767
40.66562795639038,0.0038457546383142472,0.9999847412109375,0.0,5,-0.0941671,5.0,18974.3,280.176,-0.979891,18.2215,6.90634,13.2898,19.1972,29.9435,59.3047,122.877,200.0,200.0,200.0,200.0,200.0,200.0,187.716,160.594,96.1554,63.5535,40.35,25.2259,10.3884,0.117427,257.289,257.217,250.974,250.974
40.685845375061035,0.0032551348209381107,0.9999847412109375,0.0,5,-0.0902799,5.0,18987.9,280.4,-0.710002,18.2655,6.74676,13.0507,18.9305,29.7726,60.4624,122.087,200.0,200.0,200.0,200.0,200.0,200.0,186.896,160.264,95.7983,63.2667,40.2819,25.3758,10.5533,0.140554,257.48,257.442,251.154,251.154
40.70801568031311,0.002713725343346596,0.9999847412109375,0.0,5,-0.0863403,5.0,19001.8,280.622,-0.509352,18.3278,6.59264,12.8213,18.6794,29.639,61.6466,121.335,200.0,200.0,200.0,200.0,200.0,200.0,185.997,159.811,95.4417,62.9701,40.1865,25.503,10.7093,0.162913,257.682,257.656,251.338,251.338
40.72458004951477,0.0022215262055397035,0.9999847412109375,0.0,5,-0.0824321,5.0,19015.5,280.841,-0.368605,18.4222,6.444,12.6002,18.439,29.53,62.7324,120.494,200.0,200.0,200.0,200.0,200.0,200.0,185.18,159.416,95.1687,62.6967,40.0788,25.6134,10.8568,0.184438,257.891,257.857,251.519,251.519
40.745530128479004,0.0022215262055397035,0.9999847412109375,0.0,5,-0.0785225,5.0,19021.9,281.066,-0.278886,18.5309,6.3017,12.3901,18.2149,29.4591,63.7849,119.624,200.0,200.0,200.0,200.0,200.0,200.0,184.375,159.001,94.9457,62.4283,39.951,25.7042,10.9949,0.205058,258.093,258.058,251.61,251.61
40.765949010849,0.0017785374075174332,0.9999847412109375,0.0,5,-0.0745872,5.0,19034.2,281.284,-0.20868,18.6629,6.16614,12.192,18.0097,29.4364,64.8467,118.766,200.0,200.0,200.0,200.0,200.0,200.0,183.536,158.522,94.7531,62.156,39.7994,25.7734,11.1234,0.224752,258.295,258.265,251.766,251.766
40.784173011779785,0.0017785374075174332,0.9999847412109375,0.0,5,-0.070659,5.0,19050.1,281.496,-0.161221,18.7725,6.03736,12.0059,17.8226,29.4596,65.8681,117.871,200.0,200.0,200.0,200.0,200.0,200.0,182.724,158.042,94.6284,61.8906,39.6311,25.8241,11.2425,0.243484,258.492,258.46,251.974,251.974
40.80475211143494,0.0017785374075174332,0.9999847412109375,0.0,5,-0.0667542,5.0,19067.7,281.703,-0.131897,18.925,5.91551,11.8321,17.6535,29.5317,66.8219,116.923,200.0,200.0,200.0,200.0,200.0,200.0,181.966,157.587,94.5939,61.6391,39.4538,25.8576,11.3522,0.261241,258.696,258.656,252.208,252.208
40.82676863670349,0.0017785374075174332,0.9999847412109375,0.0,5,-0.0628837,5.0,19083.6,281.91,-0.120097,19.0876,5.80057,11.67,17.5023,29.6539,67.6916,115.904,200.0,200.0,200.0,200.0,200.0,200.0,181.286,157.177,94.6819,61.4056,39.2845,25.8756,11.4531,0.27803,258.891,258.842,252.418,252.418
40.844191551208496,0.0022215262055397035,0.9999847412109375,0.0,5,-0.0590223,5.0,19076.0,282.137,-0.114332,19.3256,5.69287,11.5215,17.3725,29.8407,68.5163,114.859,200.0,200.0,200.0,200.0,200.0,200.0,180.633,156.763,94.8734,61.18,39.1183,25.8763,11.5447,0.293828,259.09,259.039,252.322,252.322
40.86423707008362,0.0032551348209381107,0.9999847412109375,0.0,5,-0.0551427,5.0,19090.8,282.341,-0.10764,19.5757,5.59269,11.3875,17.2673,30.1092,69.3465,113.829,200.0,200.0,200.0,200.0,200.0,200.0,179.954,156.299,95.1491,60.95,38.9513,25.8581,11.6267,0.308629,259.284,259.235,252.512,252.512
40.88572025299072,0.005174625292420388,0.9999847412109375,0.0,5,-0.0513032,5.0,19111.3,282.538,-0.103508,19.7545,5.49985,11.2671,17.1832,30.4529,70.0814,112.741,200.0,200.0,200.0,200.0,200.0,200.0,179.361,155.881,95.6134,60.7399,38.7925,25.8259,11.6999,0.322444,259.471,259.412,252.779,252.779
40.90590167045593,0.005174625292420388,0.9999847412109375,0.0,5,-0.0476535,5.0,19132.4,282.729,-0.116976,20.0303,5.41345,11.1558,17.1094,30.8055,70.4563,111.398,200.0,200.0,200.0,200.0,200.0,200.0,179.137,155.75,96.559,60.6084,38.6662,25.7912,11.7667,0.335271,259.684,259.577,253.061,253.061
40.9257595539093,0.005174625292420388,0.9999847412109375,0.0,5,-0.0441659,5.0,19146.3,282.924,-0.170056,20.2518,5.33356,11.0543,17.048,31.0975,70.5231,109.84,200.0,200.0,200.0,200.0,200.0,200.0,179.238,155.837,98.1176,60.5471,38.5683,25.7521,11.8267,0.347148,259.876,259.734,253.269,253.269
40.946003913879395,0.005174625292420388,0.9999847412109375,0.0,6,-0.0406736,5.0,19128.8,283.15,-0.205816,20.67,5.26105,10.9678,17.0122,31.3784,70.57,108.294,200.0,200.0,200.0,200.0,200.0,200.0,179.347,155.878,100.222,60.4907,38.4732,25.6976,11.8783,0.358083,260.077,259.935,253.017,253.017
40.96613168716431,0.005174625292420388,0.9999847412109375,0.0,6,-0.0371349,6.0,17491.6,282.864,-0.221393,21.0091,5.19611,10.8982,17.0077,31.6625,70.6715,106.821,200.0,200.0,200.0,200.0,200.0,200.0,179.378,155.809,103.155,60.4202,38.3737,25.6247,11.9209,0.368067,260.092,259.958,249.592,249.459
40.98680806159973,0.005174625292420388,0.9999847412109375,0.0,6,-0.0336202,6.0,17452.5,282.286,-0.237718,21.2375,5.13868,10.8437,17.0302,31.9277,70.716,105.337,200.0,200.0,200.0,200.0,200.0,200.0,179.454,155.743,107.233,60.3626,38.2807,25.5417,11.9555,0.377096,259.606,259.472,249.096,248.958
41.00417613983154,0.005174625292420388,0.9999847412109375,0.0,6,-0.0302346,6.0,17191.7,281.692,-0.270888,21.5361,5.08807,10.8015,17.0715,32.1385,70.4739,103.715,200.0,200.0,200.0,200.0,200.0,200.0,179.786,155.867,110.479,60.3602,38.2106,25.4679,11.9835,0.385193,259.068,258.901,248.286,247.953
41.024455070495605,0.0038457546383142472,0.9999847412109375,0.0,6,-0.0269063,6.0,17429.0,281.613,-0.311704,21.8581,5.04483,10.7741,17.1388,32.32,70.0787,102.051,200.0,200.0,200.0,200.0,200.0,200.0,180.236,156.08,113.021,60.3853,38.1522,25.3999,12.0041,0.392339,258.727,258.549,251.535,251.535
41.04417872428894,0.0038457546383142472,0.9999847412109375,0.0,6,-0.023371,6.0,17432.0,281.767,-0.30044,22.3601,5.00961,10.7693,17.256,32.5555,69.888,100.64,200.0,200.0,200.0,200.0,200.0,200.0,180.293,155.997,114.639,60.3345,38.0654,25.3208,12.0147,0.39861,258.828,258.7,251.536,251.536
41.0647656917572,0.0038457546383142472,0.9999847412109375,0.0,6,-0.0196918,6.0,17448.2,281.904,-0.263995,22.7367,4.98272,10.7865,17.4202,32.826,69.7879,99.4001,200.0,200.0,200.0,200.0,200.0,200.0,180.078,155.712,115.705,60.2318,37.9597,25.2344,12.0159,0.403956,258.939,258.841,251.762,251.762
41.08418011665344,0.0038457546383142472,0.9999847412109375,0.0,6,-0.016003,6.0,17471.2,282.032,-0.232631,23.1102,4.96345,10.8217,17.5945,33.088,69.6102,98.1702,200.0,200.0,200.0,200.0,200.0,200.0,179.854,155.42,116.572,60.1317,37.8561,25.1499,12.0095,0.408391,259.068,258.972,252.096,252.096
41.10467982292175,0.0038457546383142472,0.9999847412109375,0.0,6,-0.0124181,6.0,17488.5,282.164,-0.234853,23.4819,4.95163,10.8728,17.7539,33.3051,69.2466,96.8285,200.0,200.0,200.0,200.0,200.0,200.0,179.852,155.293,117.461,60.0793,37.7723,25.0744,11.9964,0.411875,259.199,259.078,252.348,252.348
41.126312017440796,0.0038457546383142472,0.9999847412109375,0.0,6,-0.00882465,6.0,17452.4,282.353,-0.233406,24.0403,4.94778,10.9439,17.9089,33.5137,68.838,95.4989,200.0,200.0,200.0,200.0,200.0,200.0,179.848,155.164,118.2,60.0298,37.6904,25.0007,11.9757,0.414424,259.347,259.229,251.839,251.839
41.14575481414795,0.005912876129150391,0.9999847412109375,0.0,6,-0.00513012,6.0,17464.8,282.486,-0.208596,24.6615,4.95244,11.0385,18.0682,33.7458,68.4803,94.2863,200.0,200.0,200.0,200.0,200.0,200.0,179.648,154.891,118.671,59.9653,37.5961,24.9222,11.9463,0.416036,259.476,259.38,252.005,252.005
41.16574430465698,0.012458521500229837,0.9999847412109375,0.0,6,-0.00150711,6.0,17490.0,282.607,-0.191761,25.0642,4.96484,11.1401,18.2153,33.9428,68.0062,92.9987,200.0,200.0,200.0,200.0,200.0,200.0,179.61,154.734,119.16,59.9735,37.5167,24.851,11.9102,0.416712,259.599,259.486,252.358,252.358
41.18700814247131,0.019988277927041054,0.9999847412109375,0.0,6,0.00154036,6.0,17515.9,282.721,-0.21828,25.5737,4.98206,11.2173,18.2999,33.9321,66.9678,91.0999,200.0,200.0,200.0,200.0,200.0,200.0,180.791,155.484,120.362,60.2905,37.5341,24.8218,11.875,0.416504,259.793,259.526,252.739,252.739
41.204142570495605,0.025992322340607645,0.9999847412109375,0.0,6,0.0035035,6.0,17533.4,282.843,-0.396877,25.9678,5.00064,11.2506,18.2711,33.55,64.9964,88.1661,110.96,200.0,200.0,200.0,200.0,200.0,184.391,158.004,122.866,61.2087,37.735,24.8712,11.8535,0.415512,260.021,259.505,253.005,253.005
41.224098682403564,0.027616359293460846,0.9999847412109375,0.0,6,0.00478571,6.0,17486.3,283.029,-0.592412,26.7983,5.02094,11.2507,18.1646,32.9442,62.536,84.7744,102.773,200.0,200.0,200.0,200.0,200.0,189.807,161.826,126.015,62.663,38.0655,24.9766,11.8437,0.413915,260.248,259.59,252.32,252.32
41.24566340446472,0.027616359293460846,0.9999847412109375,0.0,6,0.00590056,6.0,17503.5,283.143,-0.764324,27.4831,5.04306,11.2338,18.0278,32.2877,60.0577,81.3661,96.5226,200.0,200.0,200.0,200.0,200.0,196.091,166.23,129.138,64.5161,38.4494,25.1061,11.8409,0.411835,260.377,259.681,252.56,252.56
41.26572585105896,0.027616359293460846,0.9999847412109375,0.0,6,0.00695675,6.0,17535.1,283.242,-0.930757,27.9124,5.0601,11.2032,17.8705,31.6153,57.6549,78.0099,91.3192,200.0,200.0,200.0,200.0,200.0,200.0,171.092,132.124,66.8331,38.8721,25.2538,11.8442,0.409312,260.478,259.772,253.008,253.008
41.28700280189514,0.027616359293460846,0.9999847412109375,0.0,6,0.00631302,6.0,17561.3,283.342,-1.15213,28.3038,5.0687,11.1436,17.6541,30.8078,55.0174,74.3557,86.2593,110.533,200.0,200.0,200.0,200.0,200.0,177.409,135.695,70.2046,39.4174,25.4534,11.8593,0.406432,260.636,259.802,253.393,253.393
41.30414319038391,0.025992322340607645,0.9999847412109375,0.0,6,0.00254219,6.0,17535.6,283.497,-1.38369,28.6802,5.06995,11.0652,17.4073,29.9623,52.4014,70.6893,81.6539,97.6408,200.0,200.0,200.0,200.0,200.0,184.785,139.798,75.0528,40.039,25.6856,11.8833,0.404022,260.757,259.879,253.087,253.087
41.32469892501831,0.019988277927041054,0.9999847412109375,0.0,6,-0.000512902,6.0,17540.7,283.618,-1.37713,29.2413,5.06785,10.9962,17.2031,29.2973,50.3592,67.6808,78.0917,91.2091,200.0,200.0,200.0,200.0,200.0,191.177,143.261,80.8625,40.5701,25.8846,11.9062,0.402442,260.813,260.103,253.101,253.101
41.3452935218811,0.014771598950028421,0.9999847412109375,0.0,6,-0.00282795,6.0,17564.6,283.721,-1.30531,29.5823,5.06315,10.938,17.0417,28.797,48.8192,65.2849,75.2947,86.9095,108.213,200.0,200.0,200.0,200.0,196.22,145.916,85.148,40.994,26.0449,11.9269,0.401617,260.832,260.289,253.437,253.437
41.36562705039978,0.013590455055236816,0.9999847412109375,0.0,6,-0.00456697,6.0,17589.4,283.827,-1.202,29.7209,5.05612,10.8872,16.911,28.4136,47.623,63.3313,72.9795,83.6959,99.2912,200.0,200.0,200.0,200.0,200.0,147.878,88.1738,41.3311,26.1746,11.9461,0.401416,260.864,260.457,253.799,253.799
41.38575315475464,0.013590455055236816,0.9999847412109375,0.0,6,-0.00619251,6.0,17606.8,283.94,-1.09981,29.8589,5.04509,10.8306,16.7758,28.0396,46.4915,61.4832,70.7783,80.7768,93.8332,200.0,200.0,200.0,200.0,200.0,149.77,90.7222,41.6896,26.3071,11.9687,0.401761,260.954,260.576,254.055,254.055
41.40584444999695,0.012458521500229837,0.9999847412109375,0.0,6,-0.0078004,6.0,17588.7,284.091,-1.02524,30.0303,5.03006,10.7662,16.6304,27.656,45.371,59.6751,68.6219,78.0033,89.359,200.0,200.0,200.0,200.0,200.0,151.731,92.9887,42.1069,26.4489,11.9953,0.402596,261.064,260.689,253.836,253.836
41.42634391784668,0.012458521500229837,0.9999847412109375,0.0,6,-0.00907356,6.0,17592.6,284.217,-0.899785,30.34,5.01266,10.7038,16.4984,27.3286,44.406,58.0908,66.7132,75.6372,85.9491,200.0,200.0,200.0,200.0,200.0,153.251,94.7143,42.5177,26.5746,12.0222,0.403916,261.163,260.866,253.852,253.852
41.44360136985779,0.012458521500229837,0.9999847412109375,0.0,6,-0.0101646,6.0,17609.8,284.329,-0.776206,30.5414,4.99258,10.6396,16.3695,27.0249,43.5114,56.6236,64.9387,73.4788,83.0302,200.0,200.0,200.0,200.0,200.0,154.542,96.1138,42.952,26.6949,12.0506,0.405668,261.249,260.994,254.096,254.096
41.46500205993652,0.011375798285007477,0.9999847412109375,0.0,6,-0.0112837,6.0,17628.0,284.44,-0.699122,30.6528,4.96923,10.5682,16.2294,26.7036,42.5923,55.1489,63.1612,71.3342,80.2037,200.0,200.0,200.0,200.0,200.0,155.932,97.4146,43.4601,26.8256,12.0827,0.4078,261.355,261.096,254.362,254.362
41.48402714729309,0.008422890678048134,0.9999847412109375,0.0,6,-0.0125516,6.0,17640.9,284.554,-0.68082,30.8046,4.94224,10.4866,16.0705,26.3427,41.6045,53.6084,61.3126,69.1126,77.3153,95.8024,200.0,200.0,200.0,200.0,157.633,98.7383,44.0794,26.9761,12.1198,0.410287,261.479,261.186,254.55,254.55
41.50678110122681,0.005174625292420388,0.9999847412109375,0.0,6,-0.0136913,6.0,17627.5,284.697,-0.675888,30.9906,4.91317,10.4034,15.9134,25.9983,40.6633,52.1492,59.5606,67.0308,74.6957,89.665,200.0,200.0,200.0,200.0,159.181,99.8459,44.7484,27.1236,12.1582,0.413105,261.576,261.312,254.386,254.386
41.52378487586975,0.0013847589492797852,0.9999847412109375,0.0,6,-0.014386,6.0,17631.7,284.82,-0.593303,31.2767,4.88381,10.3283,15.7806,25.7296,39.88,50.9177,58.0693,65.2901,72.6239,86.1702,200.0,200.0,200.0,200.0,159.997,100.487,45.3789,27.2408,12.1937,0.416217,261.655,261.492,254.418,254.418
41.54463458061218,0.00030174851417541504,0.9999847412109375,0.0,6,-0.0146182,6.0,17645.7,284.932,-0.472701,31.4843,4.85479,10.2626,15.6745,25.5394,39.2436,49.9019,56.8284,63.8736,71.0421,84.0786,200.0,200.0,200.0,200.0,160.017,100.682,45.9551,27.3243,12.2253,0.419555,261.709,261.651,254.615,254.615
41.56496238708496,0.0,0.9999847412109375,0.0,6,-0.0145553,6.0,17662.4,285.041,-0.32733,31.6129,4.82593,10.2028,15.5846,25.3945,38.6861,49.0084,55.7325,62.6508,69.7508,82.717,200.0,200.0,200.0,200.0,159.523,100.598,46.5131,27.3937,12.2546,0.423041,261.777,261.789,254.859,254.859
41.585761070251465,-0.0004978239536285401,0.9999847412109375,0.0,6,-0.0144351,6.0,17675.1,285.153,-0.205815,31.743,4.7964,10.1425,15.4956,25.23,38.122,48.1236,54.6537,61.4603,68.5081,81.4751,200.0,200.0,200.0,200.0,158.939,100.437,47.1231,27.4789,12.284,0.426639,261.872,261.899,255.045,255.045
41.60410475730896,-0.0007437799125909806,0.9999847412109375,0.0,6,-0.0143307,6.0,17666.4,285.288,-0.121799,31.8976,4.76628,10.0807,15.4038,25.0306,37.5295,47.2162,53.5552,60.2549,67.2424,80.1818,200.0,200.0,200.0,200.0,158.385,100.26,47.8111,27.586,12.3142,0.430297,261.982,262.006,254.937,254.937
41.624019145965576,-0.0010389462113380432,0.9999847412109375,0.0,6,-0.0141957,6.0,17673.0,285.405,-0.0652601,32.1105,4.73614,10.0194,15.3135,24.808,36.9279,46.3106,52.4634,59.0684,66.0039,78.9573,200.0,200.0,200.0,200.0,157.781,100.031,48.5687,27.7108,12.3441,0.433974,262.098,262.13,255.013,255.013
41.64467215538025,-0.0010389462113380432,0.9999847412109375,0.0,6,-0.0140346,6.0,17686.4,285.515,-0.0181881,32.2527,4.70586,9.95829,15.224,24.5625,36.3139,45.4037,51.3756,57.897,64.7872,77.7922,198.563,200.0,200.0,200.0,157.136,99.7561,49.4031,27.8545,12.374,0.43768,262.198,262.235,255.204,255.204
41.66431140899658,-0.0010389462113380432,0.9999847412109375,0.0,6,-0.0138806,6.0,17700.7,285.624,0.0142426,32.3309,4.6757,9.89719,15.1344,24.291,35.6813,44.483,50.2764,56.7214,63.5637,76.6117,197.047,200.0,200.0,200.0,156.504,99.4606,50.3344,28.0195,12.4038,0.441369,262.299,262.335,255.413,255.413
41.68437218666077,-0.0010389462113380432,0.9999847412109375,0.0,6,-0.013738,6.0,17711.6,285.735,0.0350539,32.4056,4.64551,9.83583,15.044,23.9942,35.0293,43.548,49.166,55.5388,62.3266,75.4035,195.52,200.0,200.0,200.0,155.892,99.1496,51.2944,28.2076,12.4337,0.445053,262.403,262.436,255.572,255.572
41.704265117645264,-0.0010389462113380432,0.9999847412109375,0.0,6,-0.0136064,6.0,17707.0,285.864,0.0474055,32.505,4.61555,9.77471,14.9477,23.6744,34.3585,42.5999,48.0513,54.3514,61.08,74.1692,193.981,200.0,200.0,200.0,155.301,98.8267,52.1601,28.419,12.4634,0.448702,262.511,262.541,255.516,255.516
41.72475528717041,-0.0010389462113380432,0.9999847412109375,0.0,6,-0.0134895,6.0,17713.9,285.978,0.0526499,32.6425,4.58556,9.71325,14.8309,23.3313,33.6694,41.6377,46.9316,53.1542,59.8194,72.89,192.428,199.129,200.0,200.0,154.732,98.5115,52.9418,28.6557,12.4932,0.452346,262.626,262.653,255.605,255.605
41.74413990974426,-0.0010389462113380432,0.9999847412109375,0.0,6,-0.0133804,6.0,17725.7,286.087,0.054863,32.7295,4.556,9.65256,14.6952,22.9682,32.9679,40.6672,45.814,51.9584,58.5553,71.5995,190.868,197.517,200.0,200.0,154.177,98.2001,53.644,28.9164,12.5227,0.455934,262.729,262.754,255.773,255.773
41.76401996612549,-0.0010389462113380432,0.9999847412109375,0.0,6,-0.0132726,6.0,17736.9,286.196,0.0561401,32.7789,4.52629,9.59106,14.5403,22.5848,32.2502,39.6862,44.6964,50.7586,57.286,70.2975,189.305,195.901,200.0,200.0,153.626,97.8914,54.275,29.2034,12.5524,0.459539,262.83,262.854,255.937,255.937
41.78423571586609,-0.0010389462113380432,0.9999847412109375,0.0,6,-0.0131634,6.0,17746.4,286.307,0.0575909,32.8168,4.49701,9.52057,14.3681,22.1845,31.5216,38.6999,43.5843,49.566,56.0223,69.0104,187.741,194.285,200.0,200.0,153.067,97.5792,54.8377,29.5161,12.5871,0.463093,262.931,262.956,256.075,256.075
41.80346918106079,-0.0010389462113380432,0.9999847412109375,0.0,6,-0.0130547,6.0,17747.0,286.427,0.0585357,32.8712,4.46794,9.43661,14.1792,21.7668,30.7814,37.7063,42.4754,48.3739,54.7596,67.7221,186.176,192.668,200.0,200.0,152.511,97.2666,55.3393,29.8565,12.6295,0.46662,263.036,263.061,256.088,256.088
41.82473683357239,-0.0010389462113380432,0.9999847412109375,0.0,6,-0.0129493,6.0,17754.3,286.539,0.0582874,32.9395,4.43893,9.33902,13.9729,21.3322,30.0286,36.7042,41.3682,47.1817,53.4939,66.4188,184.607,191.046,200.0,200.0,151.96,96.9561,55.7868,30.2259,12.6798,0.470137,263.143,263.168,256.189,256.189
41.84442067146301,-0.0013833228498697282,0.9999847412109375,0.0,6,-0.0128444,6.0,17763.9,286.648,0.0582119,32.9791,4.40959,9.22936,13.7517,20.8824,29.2669,35.6972,40.2663,45.9942,52.2322,65.1329,183.036,189.423,198.666,200.0,151.408,96.6438,56.1801,30.6245,12.7378,0.473594,263.244,263.269,256.327,256.327
41.86318922042847,-0.0017769098281860353,0.9999847412109375,0.0,6,-0.0127357,6.0,17772.1,286.756,0.057624,33.1093,4.37392,9.10641,13.5142,20.4164,28.4927,34.6829,39.1661,44.8093,50.973,63.8504,181.467,187.801,196.969,200.0,150.852,96.3304,56.5256,31.0552,12.804,0.477063,263.351,263.375,256.447,256.447
41.88721585273743,-0.0017769098281860353,0.9999847412109375,0.0,6,-0.0143612,6.0,17777.9,286.864,0.0620212,33.3455,4.33197,8.9733,13.266,19.9447,27.7247,33.6895,38.1024,43.6731,49.7869,62.8206,179.957,186.235,195.334,200.0,150.161,95.9613,56.7999,31.5085,12.8769,0.480632,263.442,263.486,256.531,256.531
41.906201124191284,-0.0017769098281860353,0.9999847412109375,0.0,6,-0.0174134,6.0,17754.9,287.002,0.0798988,33.7028,4.28391,8.83022,13.0071,19.4664,26.9589,32.7177,37.0646,42.574,48.6572,62.0379,178.489,184.708,193.741,200.0,149.38,95.5534,57.0128,31.9876,12.9569,0.484904,263.546,263.602,256.209,256.209
41.92603135108948,-0.0017769098281860353,0.9999847412109375,0.0,6,-0.0204824,6.0,17760.4,287.106,0.0888369,34.1288,4.22943,8.67561,12.7338,18.9726,26.1801,31.7483,36.0274,41.4723,47.5196,61.2788,177.006,183.168,192.134,200.0,148.621,95.1538,57.1918,32.4745,13.0449,0.48999,263.658,263.711,256.277,256.277
41.94558143615723,-0.0017769098281860353,0.9999847412109375,0.0,6,-0.0235618,6.0,17773.4,287.202,0.0924058,34.531,4.16773,8.50813,12.4445,18.4619,25.3862,30.7768,34.9865,40.3624,46.3688,60.5496,175.511,181.616,190.515,200.0,147.884,94.7636,57.3396,32.9289,13.1418,0.495977,263.754,263.804,256.457,256.457
41.9657347202301,-0.0017769098281860353,0.9999847412109375,0.0,6,-0.026604,6.0,17791.0,287.289,0.100737,35.0083,4.09998,8.33083,12.1442,17.9424,24.5894,29.8221,33.9643,39.2774,45.2569,60.1731,174.043,180.09,188.924,200.0,147.086,94.3467,57.4406,33.3436,13.2462,0.502772,263.834,263.894,256.712,256.712
41.98700165748596,-0.0017769098281860353,0.9999847412109375,0.0,6,-0.0296324,6.0,17769.7,287.417,0.112871,35.4678,4.02594,8.14298,11.8321,17.4116,23.7854,28.8772,32.9528,38.2068,44.1645,60.3798,172.581,178.571,187.341,198.52,146.264,93.9185,57.505,33.7236,13.3586,0.510386,263.919,263.982,256.451,256.451
42.007123708724976,-0.0017769098281860353,0.9999847412109375,0.0,6,-0.0327037,6.0,17775.2,287.514,0.109819,36.0611,3.94559,7.94407,11.5057,16.8654,22.9662,27.9295,31.933,37.1186,43.0427,164.405,171.088,177.021,185.724,196.818,145.508,93.5168,57.5501,34.0772,13.4798,0.518804,264.038,264.091,256.487,256.487
42.027270555496216,-0.0017769098281860353,0.9999847412109375,0.0,6,-0.0357965,6.0,17795.1,287.597,0.105756,36.4624,3.85898,7.73449,11.1666,16.306,22.1364,26.9839,30.9135,36.0252,41.9067,162.978,169.578,175.456,184.089,195.096,144.813,93.1264,57.5716,34.4032,13.6095,0.528041,264.12,264.169,256.765,256.765
42.04689264297485,-0.0017769098281860353,0.9999847412109375,0.0,6,-0.0388883,6.0,17818.7,287.678,0.107145,36.6078,3.76627,7.51469,10.8159,15.735,21.3092,26.0449,29.9008,34.9375,40.7808,161.549,168.066,173.889,182.453,193.373,144.317,92.7338,57.5648,34.7003,13.748,0.538101,264.191,264.24,257.11,257.11
42.06587481498718,-0.0017769098281860353,0.9999847412109375,0.0,6,-0.0419772,6.0,17837.9,287.766,0.112691,36.5718,3.66733,7.28508,10.4539,15.1534,20.4909,25.115,28.8958,33.8592,39.6624,160.12,166.554,172.322,180.817,191.649,144.33,92.3387,57.53,34.9692,13.8949,0.548991,264.267,264.316,257.389,257.389
42.08621549606323,-0.0017769098281860353,0.9999847412109375,0.0,6,-0.0450671,6.0,17850.8,287.863,0.118637,36.439,3.56232,7.04581,10.0806,14.561,19.682,24.193,27.8979,32.7882,38.5523,158.686,165.04,170.754,179.179,189.923,200.0,91.9426,57.471,35.2119,14.0506,0.560699,264.35,264.399,257.579,257.579
42.105753660202026,-0.0032529328018426895,0.9999847412109375,0.0,6,-0.0481618,6.0,17859.4,287.966,0.123174,36.2696,3.45131,6.79677,9.6963,13.958,18.8812,23.2779,26.9059,31.7194,37.4473,157.246,163.521,169.181,177.536,188.191,200.0,91.5475,57.3882,35.4296,14.2153,0.573232,264.441,264.489,257.707,257.707
42.12561821937561,-0.004482999816536904,0.9999847412109375,0.0,6,-0.0512336,6.0,17866.1,288.074,0.127903,35.9353,3.33435,6.539,9.30229,13.3466,18.0931,22.3782,25.9311,30.6728,36.3721,155.822,162.016,167.621,175.907,186.476,200.0,91.136,57.2766,35.6199,14.3884,0.586578,264.525,264.578,257.803,257.803
42.14487886428833,-0.0059099081903696065,0.9999847412109375,0.0,6,-0.0542739,6.0,17873.1,288.186,0.134587,35.5139,3.21161,6.27231,8.89876,12.7285,17.3193,21.4928,24.9735,29.6497,35.3366,154.418,160.528,166.079,174.298,184.783,200.0,90.7052,57.134,35.7829,14.5701,0.600749,264.617,264.675,257.906,257.906
42.1638240814209,-0.007533657923340798,0.9999847412109375,0.0,6,-0.0571435,6.0,17964.1,288.207,0.169326,34.6792,3.08334,5.99904,8.4901,12.1267,16.5764,20.6526,24.0759,28.72,34.4718,153.136,159.15,164.643,172.807,183.222,200.0,90.1698,56.9279,35.9036,14.7564,0.615743,264.662,264.753,259.204,259.204
42.186712980270386,-0.010338360071182252,0.9999847412109375,0.0,6,-0.059749,6.0,17941.0,288.356,0.239955,34.0664,2.94986,5.72011,8.07799,11.5504,15.8742,19.8738,23.2656,27.9295,33.881,152.039,157.935,163.371,171.495,181.865,200.0,89.4761,56.6392,35.973,14.9315,0.631556,264.719,264.869,258.913,258.913
42.2047803401947,-0.012454213201999666,0.9999847412109375,0.0,6,-0.0621432,6.0,17917.9,288.507,0.339341,33.4981,2.8116,5.4355,7.6616,10.9976,15.2077,19.1481,22.5307,27.2674,33.5834,151.076,156.843,162.227,170.327,180.669,200.0,88.6586,56.2825,35.997,15.0921,0.648117,264.813,265.013,258.563,258.563
42.22434735298157,-0.014766907691955567,0.9999847412109375,0.0,6,-0.0646594,6.0,17910.4,288.645,0.400502,32.7807,2.66791,5.1416,7.24341,10.4513,14.5406,18.4136,21.7776,26.5741,33.2909,150.01,155.665,161.002,169.068,179.371,200.0,87.9148,55.9387,36.0134,15.2439,0.66539,264.922,265.114,258.451,258.451
42.24620246887207,-0.018605026975274087,0.9999847412109375,0.0,6,-0.0670827,6.0,18050.1,288.624,0.459752,31.6376,2.51923,4.84085,6.83934,9.9225,13.8979,17.7107,21.0697,25.9646,33.3007,148.992,154.534,159.831,167.869,178.14,200.0,87.1194,55.5585,36.0001,15.3834,0.6834,265.009,265.206,260.359,260.359
42.26477026939392,-0.01998282074928284,0.9999847412109375,0.0,6,-0.0688112,6.0,18090.4,288.71,0.643342,30.4942,2.36725,4.55349,6.46443,9.44496,13.3477,17.1633,20.6007,25.8163,35.1492,148.413,153.806,159.09,167.146,177.448,200.0,85.9356,55.0136,35.8921,15.5,0.702082,264.967,265.295,261.09,261.09
42.28413486480713,-0.021409824863076212,0.9999847412109375,0.0,6,-0.0699442,6.0,18009.5,288.934,0.920013,29.6852,2.21249,4.28349,6.11596,9.01255,12.8802,16.7613,20.3738,26.232,142.363,148.17,153.404,158.72,166.835,177.223,200.0,84.443,54.3378,35.7042,15.5951,0.72139,265.026,265.501,259.924,259.924
42.306235790252686,-0.01998282074928284,0.9999847412109375,0.0,6,-0.0690358,6.0,17965.1,289.129,1.07254,28.6529,2.06189,4.01927,5.76786,8.56436,12.3637,16.2625,19.9983,26.475,141.857,147.473,152.612,157.934,166.063,176.477,127.886,83.3253,53.808,35.5683,15.6902,0.741145,265.149,265.586,259.26,259.26
42.325188875198364,-0.021409824863076212,0.9999847412109375,0.0,6,-0.0650409,6.0,18091.1,289.141,0.985054,27.3412,1.91794,3.75963,5.41774,8.09366,11.7769,15.6179,19.3714,26.2027,140.717,146.221,151.298,156.588,164.671,175.027,198.544,82.6764,53.4663,35.5044,15.7893,0.760035,265.343,265.645,260.857,260.857
42.346824169158936,-0.021409824863076212,0.9999847412109375,0.0,6,-0.0604022,6.0,18260.6,289.091,1.05303,25.7385,1.78336,3.51909,5.09721,7.67451,11.2848,15.1422,19.0368,26.8913,139.987,145.344,150.358,155.644,163.724,174.084,124.342,81.693,52.9844,35.3576,15.8666,0.777776,265.385,265.676,263.459,263.459
42.36634969711304,-0.021409824863076212,0.9999847412109375,0.0,6,-0.0548108,6.0,18158.2,289.347,1.28774,24.7159,1.65866,3.3005,4.81182,7.31995,10.9244,14.9207,19.198,31.7053,139.822,144.99,149.972,155.296,163.438,173.89,119.108,80.2408,52.3027,35.1014,15.9169,0.794327,265.394,265.867,262.126,262.126
42.386701822280884,-0.021409824863076212,0.9999847412109375,0.0,6,-0.0493792,6.0,18042.8,289.632,1.51767,23.6151,1.54284,3.09558,4.5428,6.98413,10.5867,14.7471,19.5264,133.95,139.493,144.504,149.49,154.844,163.04,173.57,116.094,78.8931,51.6571,34.8465,15.9588,0.809606,265.525,266.029,260.417,260.417
42.40574359893799,-0.021409824863076212,0.9999847412109375,0.0,6,-0.0454429,6.0,18002.2,289.839,1.33391,22.6174,1.43417,2.89461,4.2681,6.61083,10.1294,14.2992,19.3099,132.815,138.239,143.169,148.121,153.439,161.58,172.045,115.079,78.2716,51.3122,34.7178,16.0148,0.823644,265.748,266.112,259.701,259.701
42.4238657951355,-0.021409824863076212,0.9999847412109375,0.0,6,-0.0415323,6.0,18248.2,289.715,1.16836,20.946,1.33459,2.71004,4.01521,6.26818,9.71522,13.9195,19.2652,131.656,136.967,141.821,146.737,152.017,160.103,170.499,114.173,77.6566,50.9663,34.574,16.0605,0.836461,265.976,266.174,263.207,263.207
42.44702911376953,-0.022886039316654207,0.9999847412109375,0.0,6,-0.0365008,6.0,18236.8,289.878,1.25836,19.7105,1.24551,2.54951,3.80267,6.00315,9.47113,13.9234,20.3801,131.194,136.325,141.082,146.006,151.298,159.407,169.842,111.786,76.5174,50.3958,34.3114,16.0773,0.848083,265.973,266.31,263.25,263.25
42.4667763710022,-0.021409824863076212,0.9999847412109375,0.0,6,-0.0307868,6.0,18109.3,290.175,1.46629,18.8077,1.16695,2.41138,3.62544,5.80283,9.37125,14.3147,24.4972,131.086,136.024,140.712,145.672,151.007,159.188,169.729,108.892,75.0842,49.6935,33.9743,16.0722,0.858414,266.08,266.582,261.393,261.393
42.486740827560425,-0.021409824863076212,0.9999847412109375,0.0,6,-0.0258582,6.0,18038.4,290.411,1.47124,17.9755,1.0979,2.28745,3.46364,5.61417,9.2671,14.7395,122.795,130.457,135.26,139.91,144.874,150.216,158.414,168.983,106.898,74.0148,49.1406,33.693,16.0689,0.867411,266.318,266.741,260.331,260.331
42.505860328674316,-0.015997070446610452,0.9999847412109375,0.0,6,-0.0213702,6.0,18152.2,290.44,1.32227,17.0055,1.03897,2.18129,3.3253,5.45558,9.2059,15.3478,122.157,129.551,134.246,138.864,143.815,149.144,157.325,167.881,105.325,73.1368,48.6658,33.4344,16.0617,0.875056,266.579,266.874,261.829,261.829
42.525811433792114,-0.0032529328018426895,0.9999847412109375,0.0,6,-0.0162342,6.0,18148.7,290.593,1.38386,16.14,0.99118,2.09972,3.2268,5.37447,9.34342,16.9212,121.892,128.981,133.552,138.173,143.137,148.483,156.695,167.301,103.203,71.9878,48.0676,33.1068,16.0336,0.881393,266.631,267.015,261.915,261.915
42.54434680938721,-0.0004978239536285401,0.9999847412109375,0.0,6,-0.0115464,6.0,18094.6,290.796,1.40298,15.6537,0.953278,2.03655,3.15404,5.33132,9.56158,19.9133,121.278,128.139,132.619,137.233,142.191,147.533,155.743,166.353,101.499,71.0297,47.5492,32.8046,16.0024,0.886444,266.856,267.158,261.178,261.178
42.56597089767456,0.0,0.9999847412109375,0.0,6,-0.00802547,6.0,18067.7,290.98,1.15589,15.0863,0.9245,1.98763,3.09654,5.29576,9.74834,110.133,119.938,126.673,131.091,135.654,140.558,145.841,153.961,164.457,100.771,70.5422,47.2339,32.5922,15.9795,0.890254,267.11,267.21,260.723,260.723
42.58489155769348,0.0,0.9999847412109375,0.0,6,-0.00523884,6.0,18073.9,291.123,0.7377,14.7238,0.904816,1.95537,3.06116,5.28581,9.95645,108.5,118.17,124.832,129.2,133.685,138.505,143.696,151.673,161.98,100.784,70.3418,47.0427,32.4347,15.9584,0.892883,267.381,267.287,260.733,260.733
42.607478618621826,0.0,0.9999847412109375,0.0,6,-0.00235588,6.0,18128.6,291.213,0.439445,14.1074,0.894257,1.94325,3.05801,5.33822,10.3399,106.975,116.471,123.052,127.367,131.78,136.52,141.624,149.467,159.597,101.379,70.0955,46.8293,32.2663,15.927,0.89443,267.497,267.377,261.53,261.53
42.626466035842896,0.0,0.9999847412109375,0.0,6,0.000661548,6.0,18110.0,291.378,0.238735,13.7187,0.892334,1.95036,3.08684,5.45364,10.936,105.578,114.859,121.346,125.607,129.951,134.617,139.642,147.361,157.329,200.0,69.791,46.59,32.0852,15.8856,0.894974,267.623,267.526,261.33,261.33
42.6441650390625,0.0,0.9999847412109375,0.0,6,0.00375527,6.0,18093.7,291.542,0.104814,13.4638,0.898931,1.97669,3.14763,5.63635,11.8022,104.247,113.295,119.683,123.888,128.167,132.763,137.711,145.312,155.125,200.0,69.4529,46.3352,31.8969,15.8353,0.894526,267.753,267.675,261.09,261.09
42.667038440704346,-0.0004978239536285401,0.9999847412109375,0.0,6,0.0069043,6.0,18083.2,291.698,0.0176831,13.2253,0.913788,2.02203,3.24049,5.88853,13.0394,102.958,111.766,118.05,122.198,126.414,130.942,135.817,143.303,152.968,175.713,69.0903,46.0695,31.7035,15.7767,0.893133,267.89,267.829,260.939,260.939
42.6864058971405,-0.0017769098281860353,0.9999847412109375,0.0,6,0.0101563,6.0,18120.3,291.801,-0.0261571,13.0032,0.936768,2.08667,3.3672,6.22117,14.9017,101.741,110.295,116.469,120.558,124.715,129.178,133.984,141.364,150.891,172.912,68.6865,45.7853,31.5014,15.7095,0.890808,268.005,267.964,261.451,261.451
42.704834938049316,-0.0038433611392974854,0.9999847412109375,0.0,6,0.0135571,6.0,18116.9,291.948,-0.0424835,12.7888,0.967896,2.17142,3.53089,6.64732,18.0819,100.616,108.902,114.96,118.986,123.088,127.493,132.236,139.519,148.921,170.563,68.2233,45.4757,31.2879,15.6332,0.887573,268.111,268.104,261.422,261.422
42.724053382873535,-0.0059099081903696065,0.9999847412109375,0.0,6,0.017182,6.0,18114.8,292.092,-0.0211676,12.7431,1.0076,2.27796,3.7356,7.19025,22.1509,99.6225,107.62,113.552,117.513,121.568,125.922,130.611,137.812,147.109,168.509,67.6727,45.1276,31.0568,15.5467,0.883403,268.218,268.266,261.398,261.398
42.74354839324951,-0.007533657923340798,0.9999847412109375,0.0,6,0.0210893,6.0,18113.6,292.236,0.039862,12.7438,1.05646,2.40886,3.98796,7.88104,26.6894,98.7809,106.474,112.269,116.163,120.179,124.493,129.139,136.276,145.492,166.717,67.0127,44.7312,30.8034,15.4489,0.87825,268.32,268.435,261.362,261.362
42.76642465591431,-0.010338360071182252,0.9999847412109375,0.0,6,0.025273,6.0,18109.9,292.377,0.128955,12.8754,1.11496,2.56612,4.29388,8.7622,31.9405,98.0641,105.448,111.103,114.93,118.917,123.2,127.814,134.903,144.061,165.171,66.2478,44.2878,30.5278,15.3399,0.872075,268.417,268.595,261.327,261.327
42.784061431884766,-0.013585955277085305,0.9999847412109375,0.0,6,0.0297305,6.0,18106.3,292.521,0.230328,13.0696,1.18393,2.75261,4.66204,9.8953,38.2392,97.4516,104.535,110.045,113.813,117.779,122.04,126.632,133.691,142.815,163.87,65.3823,43.7985,30.2303,15.2194,0.864812,268.517,268.758,261.27,261.27
42.80731916427612,-0.015997070446610452,0.9999847412109375,0.0,6,0.0345485,6.0,18116.4,292.65,0.345182,13.2413,1.26413,2.97258,5.1047,11.2936,46.3509,96.9745,103.763,109.128,112.849,116.804,121.057,125.64,132.691,141.813,162.943,64.3877,43.2497,29.9042,15.0884,0.8564,268.599,268.921,261.412,261.412
42.826823472976685,-0.018605026975274087,0.9999847412109375,0.0,6,0.0398418,6.0,18128.5,292.77,0.490647,13.6021,1.35708,3.23192,5.64109,12.872,57.8272,96.6746,103.174,108.391,112.088,116.048,120.308,124.903,131.977,141.137,162.971,63.2301,42.6243,29.5406,14.9488,0.846741,268.661,269.104,261.587,261.587
42.84482479095459,-0.01998282074928284,0.9999847412109375,0.0,6,0.0456583,6.0,18134.0,292.892,0.689455,13.9378,1.46384,3.53699,6.28987,14.6956,75.8032,96.5494,102.774,107.846,111.555,115.538,119.825,124.452,131.584,140.832,188.037,61.9036,41.918,29.1368,14.7996,0.835744,268.709,269.269,261.706,261.706
42.866369009017944,-0.021409824863076212,0.9999847412109375,0.0,6,0.0515429,6.0,18114.7,293.042,0.821918,14.4946,1.58521,3.88866,7.00059,16.7272,81.5004,96.3744,102.359,107.324,111.054,115.062,119.38,124.044,131.238,140.583,186.159,60.5721,41.2022,28.7248,14.6459,0.823303,268.838,269.407,261.388,261.388
42.88490128517151,-0.021409824863076212,0.9999847412109375,0.0,6,0.0573136,6.0,18127.2,293.155,0.887553,14.9554,1.72156,4.27513,7.75245,18.947,82.7624,96.0819,101.861,106.759,110.506,114.536,118.88,123.576,130.829,140.262,184.293,59.2941,40.5031,28.3168,14.4899,0.809357,268.955,269.501,261.565,261.565
42.90698790550232,-0.021409824863076212,0.9999847412109375,0.0,6,0.0630552,6.0,18149.0,293.258,0.947173,15.2527,1.8725,4.68107,8.55097,21.3973,83.4155,95.7222,101.32,106.185,109.95,114.001,118.371,123.099,130.409,139.931,182.428,58.0379,39.807,27.9063,14.3303,0.79391,269.057,269.595,261.875,261.875
42.92483639717102,-0.021409824863076212,0.9999847412109375,0.0,6,0.0667826,6.0,18169.4,293.364,1.03332,15.3918,2.03116,5.10879,9.4054,24.1536,83.8073,95.3525,100.784,105.652,109.437,113.513,117.914,122.679,130.054,139.676,180.547,56.7674,39.0976,27.4857,14.1657,0.777133,269.14,269.699,262.171,262.171
42.94612240791321,-0.021409824863076212,0.9999847412109375,0.0,6,0.069184,6.0,18169.9,293.491,1.10487,15.5028,2.19607,5.55762,10.3136,27.2222,83.9935,94.9349,100.227,105.118,108.924,113.025,117.457,122.259,129.701,139.425,178.664,55.5137,38.389,27.0618,13.9974,0.759701,269.247,269.803,262.183,262.183
42.966017723083496,-0.021409824863076212,0.9999847412109375,0.0,6,0.0714557,6.0,18185.5,293.602,1.13873,15.5368,2.36702,6.02557,11.2687,30.5741,83.9766,94.4294,99.6242,104.533,108.356,112.478,116.936,121.772,129.272,139.088,176.799,54.3081,37.6963,26.6418,13.8267,0.741672,269.367,269.895,262.406,262.406
42.987223863601685,-0.021409824863076212,0.9999847412109375,0.0,6,0.0736739,6.0,18198.4,293.718,1.16557,15.4819,2.54407,6.51397,12.2767,34.2747,83.8358,93.8723,99.0034,103.928,107.767,111.91,116.392,121.259,128.815,138.721,174.939,53.127,37.0091,26.2207,13.6528,0.723061,269.476,269.991,262.595,262.595
43.005252838134766,-0.021409824863076212,0.9999847412109375,0.0,6,0.0756871,6.0,18209.7,293.839,1.18063,15.2457,2.72682,7.01915,13.3242,38.237,83.5332,93.2144,98.3068,103.24,107.088,111.243,115.743,120.631,128.23,138.205,173.109,52.0074,36.3453,25.8075,13.4772,0.703861,269.596,270.07,262.758,262.758
43.02672600746155,-0.021409824863076212,0.9999847412109375,0.0,6,0.0775096,6.0,18246.4,293.937,1.15928,14.8837,2.9146,7.53912,14.4067,42.4463,83.0976,92.4661,97.5383,102.472,106.323,110.484,114.993,119.895,127.522,137.547,171.308,50.9423,35.7027,25.4015,13.3004,0.68414,269.728,270.157,263.223,263.223
43.044713735580444,-0.021409824863076212,0.9999847412109375,0.0,6,0.0795366,6.0,18264.2,294.054,1.21214,14.3687,3.10853,8.08479,15.5666,47.3091,82.6886,91.7721,96.8482,101.791,105.652,109.827,114.354,119.279,126.951,137.05,169.474,49.8318,35.0335,24.9799,13.1181,0.663922,269.796,270.26,263.56,263.56
43.06666922569275,-0.021409824863076212,0.9999847412109375,0.0,6,0.0817024,6.0,18253.4,294.202,1.25915,14.0419,3.30897,8.65706,16.8069,52.9182,82.281,91.1263,96.2133,101.171,105.048,109.241,113.793,118.75,126.479,136.67,167.618,48.6944,34.3462,24.5463,12.9305,0.64316,269.908,270.406,263.404,263.404
43.083672285079956,-0.021409824863076212,0.9999847412109375,0.0,6,0.0838529,6.0,18250.2,294.341,1.28342,13.7879,3.51565,9.25242,18.1147,59.0574,81.8244,90.4771,95.5747,100.548,104.439,108.651,113.228,118.215,126.003,136.287,68.2102,47.5678,33.659,24.1096,12.7395,0.621834,270.037,270.536,263.352,263.352
43.10587191581726,-0.021409824863076212,0.9999847412109375,0.0,6,0.0858509,6.0,18250.0,294.476,1.2512,13.603,3.72801,9.86603,19.4716,61.3531,81.2809,89.7775,94.8794,99.8608,103.762,107.988,112.583,117.595,125.428,135.791,65.8802,46.4814,32.9864,23.6769,12.5464,0.59994,270.18,270.647,263.347,263.347
43.12419080734253,-0.021409824863076212,0.9999847412109375,0.0,6,0.0879313,6.0,18272.0,294.585,1.23981,13.3855,3.94736,10.5079,20.9167,62.3692,80.7321,89.109,94.2189,99.213,103.127,107.371,111.988,117.029,124.917,135.371,63.7533,45.3808,32.3019,23.2352,12.3484,0.57745,270.286,270.768,263.666,263.666
43.14592266082764,-0.021409824863076212,0.9999847412109375,0.0,6,0.0902001,6.0,18270.8,294.718,1.26179,13.2625,4.17421,11.1837,22.4765,62.9864,80.2105,88.5083,93.6345,98.6497,102.584,106.853,111.502,116.583,124.545,135.154,61.5501,44.2464,31.5956,22.7795,12.1447,0.554377,270.384,270.907,263.648,263.648
43.16459345817566,-0.021409824863076212,0.9999847412109375,0.0,6,0.0925385,6.0,18271.0,294.847,1.28419,13.2087,4.4086,11.8915,24.1432,63.3516,79.6805,87.9358,93.0817,98.1215,102.079,106.377,111.063,116.189,124.232,136.375,59.4731,43.1044,30.8802,22.3159,11.9363,0.530675,270.495,271.036,263.651,263.651
43.184643030166626,-0.021409824863076212,0.9999847412109375,0.0,6,0.0947844,6.0,18272.6,294.975,1.2795,13.1725,4.64975,12.6244,25.8902,63.5019,79.096,87.3354,92.4977,97.559,101.537,105.861,110.58,115.747,123.866,160.104,57.6447,41.9868,30.1718,21.8525,11.7247,0.506344,270.622,271.144,263.672,263.672
43.20521092414856,-0.021409824863076212,0.9999847412109375,0.0,6,0.0969688,6.0,18283.8,295.091,1.25283,13.1552,4.8978,13.3838,27.7251,63.5018,78.4711,86.7172,91.8937,96.9744,100.971,105.32,110.069,115.276,123.468,158.267,55.9633,40.8861,29.467,21.3877,11.5097,0.481385,270.744,271.251,263.823,263.823
43.22413492202759,-0.021409824863076212,0.9999847412109375,0.0,6,0.0992104,6.0,18290.5,295.212,1.24698,13.126,5.1534,14.1769,29.6817,63.4181,77.8617,86.1232,91.3169,96.4201,100.438,104.815,109.599,114.849,123.122,156.42,54.2929,39.7799,28.7546,20.9158,11.2902,0.455808,270.846,271.365,263.927,263.927
43.24699950218201,-0.021409824863076212,0.9999847412109375,0.0,6,0.10149,6.0,18296.0,295.332,1.24858,13.1183,5.41671,15.0042,31.7656,63.2643,77.267,85.547,90.76,95.8882,99.9305,104.337,109.158,114.456,122.817,154.567,52.651,38.6722,28.0365,20.438,11.0663,0.429596,270.952,271.48,264.007,264.007
43.265894412994385,-0.021409824863076212,0.9999847412109375,0.0,6,0.103775,6.0,18301.5,295.453,1.24906,13.1251,5.68754,15.8651,33.9768,63.0422,76.6778,84.9773,90.2108,95.365,99.4322,103.87,108.731,114.078,122.53,152.711,51.0639,37.5687,27.3159,19.9557,10.8384,0.402756,271.062,271.592,264.087,264.087
43.2887065410614,-0.021409824863076212,0.9137115478515625,0.0901947021484375,6,0.106048,6.0,18307.4,295.572,1.24471,13.1435,5.96578,16.7589,36.3176,62.76,76.089,84.408,89.662,94.8425,98.9348,103.404,108.306,113.704,122.249,150.855,49.5422,36.4726,26.5946,19.4699,10.6066,0.375296,271.173,271.701,264.171,264.171
43.30535936355591,-0.021409824863076212,0.5215606689453125,0.188232421875,6,0.108296,6.0,18248.0,295.48,1.23381,13.1644,6.2516,17.6862,38.792,62.4222,75.4979,83.8355,89.1095,94.316,98.4333,102.934,107.876,113.325,121.999,149.0,48.0894,35.3849,25.873,18.9809,10.3711,0.34719,269.706,270.241,263.327,263.327
43.32591199874878,-0.021409824863076212,0.2196044921875,0.23529052734375,6,0.110503,6.0,18064.2,294.843,1.21474,13.1762,6.54426,18.6445,41.0011,62.0324,74.9008,83.2552,88.548,93.7794,97.9208,102.453,107.434,112.933,122.696,147.152,46.7187,34.309,25.1534,18.4901,10.1323,0.318507,267.643,268.19,260.705,260.705
43.34559440612793,-0.021409824863076212,0.0,0.2627410888671875,6,0.112798,6.0,17890.5,293.703,1.2157,13.1838,6.84435,19.6441,42.2045,61.6287,74.3383,82.7168,88.0336,93.2958,97.4662,102.035,107.062,112.619,146.935,145.297,45.3335,33.2273,24.4271,17.9934,9.88977,0.289304,266.021,266.621,257.959,258.479
43.367799520492554,-0.021409824863076212,0.0,0.274505615234375,6,0.115493,6.0,17721.9,292.241,1.30691,13.2018,7.15456,20.716,43.0202,61.2804,73.901,82.334,87.696,93.0111,97.2292,101.856,106.955,112.599,145.056,143.398,43.7225,32.1008,23.6735,17.4801,9.64133,0.259608,264.407,265.082,255.277,256.322
43.38419723510742,-0.021409824863076212,0.0,0.290191650390625,6,0.118519,6.0,17625.1,290.663,1.45342,13.2526,7.47467,21.8614,43.6147,60.9704,73.5729,82.087,87.5132,92.9017,97.1849,101.89,107.083,112.843,143.146,141.462,41.9777,30.9456,22.901,16.9545,9.38795,0.229439,262.773,263.52,253.841,254.959
43.40373778343201,-0.021409824863076212,0.0,0.313720703125,6,0.121637,6.0,17519.5,289.06,1.58593,13.2964,7.80334,23.0647,44.032,60.6509,73.2882,81.8947,87.3932,92.8641,97.2198,102.013,107.311,113.199,141.23,139.519,40.2717,29.7948,22.1266,16.4254,9.13122,0.198748,261.036,261.813,252.309,253.45
43.42582702636719,-0.021409824863076212,0.0,0.3568572998046875,6,0.124793,6.0,17408.1,287.406,1.70423,13.2887,8.14036,24.3239,44.3164,60.3125,73.0327,81.7392,87.3159,92.8751,97.3095,102.197,107.609,114.92,139.315,137.576,38.6302,28.6551,21.3542,15.8946,8.87149,0.167519,259.076,259.874,250.694,251.854
43.444518089294434,-0.021409824863076212,0.0,0.4078369140625,6,0.128063,6.0,17284.4,285.632,1.8003,13.3517,8.48696,25.6527,44.5126,59.9964,72.8313,81.6522,87.3175,92.9771,97.5,102.493,108.035,138.742,137.392,135.623,37.0095,27.5182,20.5791,15.3596,8.60812,0.135731,257.09,257.95,248.901,250.09
43.46737098693848,-0.021409824863076212,0.0,0.4509735107421875,6,0.131456,6.0,17152.8,283.752,1.91417,13.3942,8.84345,27.0575,44.6441,59.7207,72.6895,81.6411,87.4069,93.1801,97.8031,102.917,108.604,136.834,135.459,133.658,35.4098,26.3845,19.8018,14.8207,8.34122,0.103392,254.413,255.312,246.968,248.213
43.48567533493042,-0.021409824863076212,0.0,0.5058746337890625,6,0.134613,6.0,17028.8,281.736,1.92613,13.5553,9.20601,28.3375,44.6713,59.415,72.5009,81.5705,87.4288,93.3073,98.024,103.251,135.856,134.958,133.56,131.732,33.9714,25.2897,19.0418,14.2884,8.07294,0.0704834,251.664,252.52,245.253,246.382
43.50775957107544,-0.021409824863076212,0.0,0.541168212890625,6,0.137486,6.0,16874.8,279.613,1.89061,13.6405,9.57348,29.2001,44.6031,59.0689,72.2489,81.4191,87.3578,93.3289,98.1291,103.458,134.031,133.119,131.703,129.853,32.6928,24.2343,18.3001,13.7634,7.80363,0.0370314,248.495,249.319,243.067,244.144
43.525816440582275,-0.021409824863076212,0.0,0.5960693359375,6,0.140218,6.0,16717.6,277.358,1.85267,13.664,9.94679,29.808,44.4728,58.711,71.9759,81.24,87.2547,93.3147,98.195,103.623,132.227,131.305,129.873,128.004,31.512,23.2027,17.5686,13.2417,7.53271,0.00309547,245.697,246.749,240.811,241.873
43.54598307609558,-0.021409824863076212,0.0,0.6235198974609375,6,0.143157,6.0,16543.7,274.959,1.86257,13.7247,10.3301,30.2701,44.3345,58.4129,71.7912,81.1733,87.2819,93.4503,98.4278,104.636,130.413,129.477,128.027,126.135,30.3011,22.1675,16.8311,12.7148,7.25862,-0.0312707,243.017,243.948,238.279,239.399
43.566654920578,-0.021409824863076212,0.0,0.650970458984375,6,0.146175,6.0,16400.5,272.474,1.90151,13.8092,10.7215,30.6198,44.1754,58.1489,71.6563,81.1705,87.3837,93.6727,98.7584,129.474,128.599,127.65,126.181,124.264,29.1141,21.155,16.0953,12.1872,6.98248,-0.0660237,239.785,240.737,236.122,237.35
43.583937644958496,-0.024411464110016823,0.0,0.67449951171875,6,0.148834,6.0,16241.8,269.937,1.83479,13.9951,11.1149,30.8426,43.943,57.8291,71.4328,81.0527,87.3519,93.7414,98.9191,127.718,126.834,125.875,124.391,122.457,28.1053,20.203,15.3795,11.6686,6.70643,-0.101179,236.434,237.3,233.99,234.989
43.603678941726685,-0.025986099243164064,0.0,0.6862640380859375,6,0.151341,6.0,16060.8,267.378,1.76048,14.051,11.5123,30.9813,43.6694,57.4953,71.1842,80.9014,87.2808,93.7653,99.3005,125.989,125.096,124.129,122.633,120.685,27.2094,19.2962,14.6737,11.154,6.42962,-0.136684,232.87,233.718,231.388,232.38
43.62711453437805,-0.031005266681313516,0.0,0.6941070556640625,6,0.153969,6.0,15880.8,264.71,1.72922,14.0775,11.9177,31.071,43.3935,57.2049,70.9994,80.8315,87.3047,93.8995,125.094,124.26,123.357,122.38,120.871,118.907,26.3303,18.4151,13.9676,10.6379,6.15097,-0.172505,230.343,231.627,228.777,229.803
43.64774775505066,-0.03277674317359924,0.0,0.7019500732421875,6,0.157349,6.0,15699.8,262.013,1.81204,14.1265,12.3419,31.1719,43.1914,57.0929,71.0907,81.1222,87.7514,94.5252,123.316,122.467,121.549,120.556,119.023,117.026,25.2329,17.5138,13.2405,10.109,5.86808,-0.208616,228.377,229.582,226.069,227.28
43.66732978820801,-0.036467327177524565,0.0,0.70587158203125,6,0.161285,6.0,15566.9,259.314,1.9849,14.247,12.7837,31.2733,43.0473,57.1248,71.4086,81.7119,88.5514,122.299,121.494,120.626,119.688,118.674,117.108,115.068,24.0043,16.6089,12.5024,9.57244,5.58175,-0.245085,225.198,226.477,223.979,225.44
43.68691611289978,-0.03838643468916417,0.0,0.70587158203125,6,0.165085,6.0,15409.2,256.654,2.04868,14.4684,13.2325,31.3266,42.9037,57.1564,71.7268,82.3058,89.3608,120.516,119.693,118.807,117.85,116.816,115.219,113.138,22.8904,15.7497,11.7762,9.04064,5.29447,-0.281985,221.803,223.042,221.849,223.106
43.70678901672363,-0.04035475254058838,0.0,0.70587158203125,6,0.168738,6.0,15228.5,254.045,2.10435,14.5428,13.6545,31.3386,42.7605,57.1845,72.0404,82.8969,90.1703,118.753,117.914,117.01,116.036,114.983,113.357,111.239,21.8859,14.9367,11.0759,8.51336,5.00621,-0.31931,218.246,219.506,219.255,220.502
43.72588801383972,-0.03838643468916417,0.0,0.7097930908203125,6,0.172384,6.0,15047.3,251.373,2.16349,14.5595,14.0109,31.3223,42.6339,57.2397,72.3977,83.5503,92.2106,116.999,116.143,115.223,114.231,113.159,111.503,109.347,20.9471,14.1619,10.4095,7.98868,4.71682,-0.357005,215.506,217.515,216.639,217.893
43.74596095085144,-0.03838643468916417,0.0,0.713714599609375,6,0.176583,6.0,14861.7,248.639,2.30725,14.6171,14.3207,31.3237,42.5953,57.454,73.0157,84.5579,116.325,115.2,114.324,113.383,112.368,111.271,109.575,107.369,19.9065,13.3884,9.76257,7.45879,4.42441,-0.39509,214.357,216.171,213.898,215.273
43.764241456985474,-0.04035475254058838,0.0,0.713714599609375,6,0.181147,6.0,14721.8,245.955,2.50572,14.693,14.5915,31.3297,42.623,57.7916,73.8412,85.8553,114.526,113.37,112.472,111.506,110.465,109.339,107.598,105.328,18.8413,12.6336,9.1433,6.93542,4.13014,-0.433533,211.466,213.265,211.545,213.382
43.78395199775696,-0.036467327177524565,0.0,0.713714599609375,6,0.18518,6.0,14589.6,243.295,2.47903,14.9609,14.8133,31.2809,42.6072,58.0446,74.5334,88.2468,112.78,111.599,110.681,109.695,108.631,107.481,105.703,103.381,17.9839,11.9495,8.57278,6.44891,3.83585,-0.472434,208.139,209.735,209.998,211.293
43.80794095993042,-0.027609944716095926,0.0,0.7176361083984375,6,0.18849,6.0,14413.3,240.724,2.38823,15.0921,14.9903,31.1692,42.5205,58.1584,74.9948,112.345,111.107,109.907,108.976,107.975,106.896,105.728,103.926,101.568,17.3683,11.344,8.05129,6.00238,3.54168,-0.511793,204.515,205.983,207.559,208.674
43.82742500305176,-0.025986099243164064,0.0,0.7176361083984375,6,0.191076,6.0,14228.3,238.165,2.28208,15.0759,15.1257,30.9964,42.358,58.1214,75.2016,110.764,109.512,108.3,107.36,106.351,105.263,104.086,102.271,99.8952,17.0293,10.8209,7.58067,5.59766,3.2498,-0.551459,200.519,202.578,204.94,205.951
43.84572148323059,-0.025986099243164064,0.0,0.7215576171875,6,0.193882,6.0,14033.0,235.095,2.07873,15.5141,15.238,30.8316,42.241,58.1659,75.544,109.176,107.908,106.683,105.733,104.713,103.613,102.426,100.594,98.195,16.7487,10.3282,7.14098,5.22192,2.97851,-0.591317,205.22,207.262,202.197,203.085
43.86421322822571,-0.025986099243164064,0.0,0.7254791259765625,6,0.179444,6.0,13845.5,232.326,2.22748,16.066,15.3616,30.8134,42.4104,58.7644,76.837,107.423,106.121,104.862,103.886,102.838,101.708,100.488,98.6014,96.1237,15.9246,9.75699,6.68914,4.85416,2.72937,-0.629661,205.468,206.489,199.219,200.613
43.885932207107544,-0.02610130428314209,0.0,0.729400634765625,6,0.163002,6.0,13821.9,229.468,2.20812,17.2672,15.4716,30.8362,42.6565,59.5159,78.4123,105.643,104.302,103.006,102.001,100.92,99.7558,98.4983,96.5475,93.9732,15.0744,9.20317,6.26033,4.51183,2.50422,-0.663961,203.184,204.301,198.805,200.264
43.90520095825195,-0.026677546033859256,0.0,0.7333221435546875,6,0.146568,6.0,13671.9,226.807,1.85036,18.8257,15.5514,30.8121,42.8006,60.0617,106.181,103.958,102.587,101.264,100.236,99.1316,97.9428,96.657,94.6592,92.0101,14.5483,8.73122,5.87738,4.20293,2.29977,-0.694593,200.373,200.867,196.864,197.934
43.925604581832886,-0.03435385079930226,0.0,0.73724365234375,6,0.132029,6.0,13502.7,224.226,1.52451,20.0913,15.604,30.7438,42.8469,60.405,104.624,102.363,100.972,99.6291,98.5869,97.4671,96.2624,94.9577,92.9301,90.2319,14.3458,8.33813,5.53952,3.92417,2.11565,-0.722037,196.537,196.812,194.385,195.495
43.944164752960205,-0.05211876222744585,0.0,0.745086669921875,6,0.117133,6.0,13342.0,221.629,1.19497,21.2835,15.6357,30.6573,42.8477,60.6488,103.112,100.823,99.4165,98.0591,97.0058,95.8757,94.6595,93.3415,91.2936,88.5609,14.459,8.00707,5.23833,3.67355,1.95145,-0.746429,192.648,192.769,192.252,193.094
43.96579837799072,-0.06309878752708437,0.0,0.745086669921875,6,0.104363,6.0,13129.3,219.164,1.11605,21.8453,15.6659,30.6304,42.964,61.1239,101.557,99.2288,97.7997,96.4207,95.351,94.2043,92.969,91.6295,89.5455,86.7518,14.549,7.6785,4.95304,3.4429,1.80342,-0.767826,187.513,187.535,189.028,190.175
43.98466467857361,-0.06692436973979697,0.0,0.745086669921875,6,0.093682,6.0,12940.5,216.782,1.32128,21.9659,15.6964,30.6726,43.218,61.8849,99.9439,97.5635,96.1035,94.6939,93.6017,92.4303,91.166,89.7948,87.6534,84.7621,14.4989,7.35204,4.6856,3.23077,1.67178,-0.786601,180.871,180.827,186.058,187.651
44.00593662261963,-0.06804263939585536,0.0,0.745086669921875,5,0.0830304,6.0,12750.1,214.556,1.62339,21.7636,15.7135,30.7205,43.4817,62.6725,98.343,95.9123,94.4217,92.9824,91.8685,90.6723,89.3796,87.9766,85.7753,82.7795,14.8991,7.08231,4.45544,3.04576,1.5579,-0.802799,172.05,171.812,183.306,184.946
44.02707314491272,-0.05582067990347743,0.0,0.745086669921875,5,0.0731437,5.0,13838.0,212.511,1.89541,21.2621,15.7093,30.7293,43.6613,63.2863,96.806,94.3364,92.8225,91.3619,90.2319,89.0171,87.7041,86.2776,84.0318,80.9529,24.8988,6.9061,4.2726,2.89382,1.46111,-0.816516,161.438,160.929,181.396,182.692
44.0446081161499,-0.03807810824240247,0.0,0.745086669921875,5,0.062864,5.0,13786.5,210.591,2.06281,20.5738,15.6795,30.6735,43.7026,63.6052,95.3617,92.8703,91.3442,89.8738,88.7365,87.5133,86.1924,84.7559,82.4917,79.3753,31.6279,6.85003,4.14625,2.77711,1.38225,-0.82795,150.025,148.948,178.942,180.003
44.06399703025818,-0.0287225286718458,0.0,0.7529296875,5,0.0515682,5.0,13335.0,208.808,2.08314,19.7522,15.623,30.5423,43.5807,63.5692,94.023,91.5288,90.0032,88.5354,87.401,86.1816,84.8663,83.4363,81.1846,78.0889,39.7399,6.94456,4.08251,2.69649,1.32134,-0.83712,135.985,134.221,175.971,177.117
44.08585214614868,-0.027297132677944994,0.0,0.7529296875,5,0.0404412,5.0,13149.8,206.871,1.91379,19.0345,15.5414,30.3351,43.294,63.1703,92.7907,90.3122,88.7992,87.3462,86.2247,85.0206,83.7236,82.3164,80.1069,77.0878,52.9594,7.2303,4.08451,2.65434,1.27724,-0.84412,122.417,119.922,173.403,174.68
44.10551190376282,-0.02767189157175521,0.0,0.7568511962890625,5,0.028938,5.0,12866.7,204.906,1.65502,18.2455,15.4414,30.0819,42.9065,62.5481,91.6292,89.1774,87.6844,86.253,85.15,83.9678,82.6967,81.3211,79.1696,76.2554,66.0794,7.7493,4.15313,2.64891,1.2499,-0.849093,111.091,107.839,169.768,171.066
44.12600803375244,-0.03179290966987609,0.0,0.760772705078125,5,0.0171987,5.0,12617.0,203.185,1.38991,17.2679,15.3288,29.8098,42.4763,61.8305,90.504,88.0836,86.6133,85.2061,84.1237,82.9659,81.7231,80.3818,78.2931,75.4898,66.8292,8.59384,4.29091,2.67873,1.23881,-0.852071,95.4306,91.5725,165.982,167.998
44.14623522758484,-0.04523650378614664,0.0,0.760772705078125,5,0.00621002,5.0,12524.4,201.144,1.07584,16.56,15.2067,29.5208,42.0092,61.0312,89.4125,87.0269,85.5817,84.2009,83.1408,82.009,80.7962,79.4912,77.4681,74.7773,67.0627,10.0013,4.50568,2.74734,1.24335,-0.853116,82.0115,77.7119,164.555,166.856
44.165536403656006,-0.06686333275865763,0.0,0.760772705078125,5,-0.00459606,5.0,12186.8,199.175,0.777332,15.7412,15.0854,29.2327,41.5418,60.2291,88.3359,85.9851,84.5647,83.2098,82.1715,81.0652,79.8818,78.6117,76.6514,74.0651,67.023,11.6769,4.80361,2.85279,1.26284,-0.852442,71.4709,66.9267,160.128,162.802
44.18563890457153,-0.08275093907987079,0.0,0.760772705078125,5,-0.0152896,5.0,11731.0,197.824,0.524814,14.5125,14.9658,28.9507,41.0865,59.4528,87.2626,84.9451,83.5485,82.2183,81.2009,80.1188,78.9631,77.7259,75.8242,73.3326,66.8044,13.4041,5.19767,2.99711,1.2975,-0.85004,53.712,48.7867,153.447,157.151
44.20595169067383,-0.09036132575006225,0.0,0.760772705078125,4,-0.0251744,5.0,11640.7,196.021,0.285441,13.6223,14.848,28.6748,40.6432,58.7015,86.1933,83.9078,82.5339,81.2274,80.2298,79.1708,78.0415,76.8352,74.9883,72.5833,66.4711,15.1833,5.70519,3.18364,1.34642,-0.845994,36.9977,31.913,151.884,156.101
44.22563910484314,-0.09141881481676363,0.0,0.7568511962890625,4,-0.0346587,4.0,12912.3,194.219,0.0826088,12.7239,14.7333,28.4115,40.2252,58.0033,85.1221,82.8661,81.5131,80.2288,79.2494,78.2114,77.1066,75.9285,74.1314,71.8037,66.0298,16.9801,6.30086,3.41186,1.4095,-0.840444,24.5545,19.4663,148.45,152.675
44.244245290756226,-0.09179850151274353,0.0,0.07568511962890626,4,-0.0442422,4.0,12867.0,193.572,-0.131447,11.2089,14.6174,28.1407,39.7909,57.2705,84.0676,81.8424,80.511,79.2493,78.2887,77.2722,76.1922,75.0425,73.2949,71.0436,65.5785,18.8947,6.91244,3.6896,1.4873,-0.833411,1.7385,0.0,137.393,142.869
44.26472187042236,-0.09251679597314445,0.0,0.07568511962890626,4,-0.0533589,4.0,12502.9,192.348,-0.346353,10.0599,14.5019,27.8706,39.358,56.541,83.0183,80.8236,79.5136,78.2741,77.3318,76.3363,75.2805,74.1583,72.4581,70.2791,65.087,20.902,7.53274,4.00338,1.57906,-0.824928,1.42118,0.358136,145.427,150.86
44.2834575176239,-0.08326874847974629,0.0,0.7568511962890625,4,-0.0618461,4.0,13070.5,190.747,-0.492939,9.14902,14.3911,27.6228,38.9712,55.9203,81.9518,79.7832,78.4918,77.2718,76.3456,75.3685,74.3339,73.2358,71.5768,69.4602,64.49,22.8512,8.14215,4.3142,1.68418,-0.815125,7.74452,6.14892,152.24,158.41
44.30524945259094,-0.03460352285385132,0.0,0.07490081787109375,4,-0.0704539,4.0,11915.8,190.206,-0.682063,7.64555,14.2788,27.3661,38.5654,55.2958,80.9032,78.7624,77.4904,76.2907,75.3811,74.4229,73.41,72.3366,70.7194,68.6652,63.9077,24.953,8.76747,4.62856,1.80094,-0.804029,0.0,0.0,138.576,145.956
44.32438802719116,-0.015197683696169409,0.0,0.0745086669921875,4,-0.0761531,4.0,11709.8,189.626,-0.882106,6.20613,14.1665,27.1089,38.1587,54.7167,79.8577,77.7446,76.4919,75.3122,74.419,73.4794,72.4879,71.4385,69.8617,67.8676,63.3064,27.1652,9.40386,4.94557,1.91889,-0.791717,2.08095,1.85744,135.251,143.212
44.34362840652466,-0.0069869522804394376,0.0,0.7333221435546875,4,-0.0766986,4.0,12354.0,187.885,-0.963097,5.42736,14.0613,26.8862,37.8227,54.4359,78.7788,76.6874,75.4502,74.2869,73.4071,72.4828,71.5089,70.4794,68.936,66.9912,62.5852,29.1378,10.0079,5.25283,2.03514,-0.779239,10.5843,10.4828,143.224,149.835
44.36639595031738,-0.006108871774999424,0.0,0.07176361083984376,4,-0.0772217,4.0,11368.9,186.479,-1.04655,4.44132,13.9573,26.6671,37.4931,54.4365,77.707,75.6369,74.4147,73.2673,72.4006,71.4913,70.5344,69.5243,68.0129,66.1153,61.8539,31.1281,10.6102,5.55828,2.15047,-0.766871,1.13945,1.2227,131.628,139.8
44.38403654098511,-0.007137797871418298,0.0,0.6941070556640625,4,-0.077719,4.0,11929.3,184.385,-1.11007,3.87951,13.8544,26.4515,37.17,80.043,76.6423,74.593,73.3856,72.2538,71.3999,70.5051,69.5646,68.5732,67.093,65.2404,61.1145,33.1327,11.2106,5.86208,2.26499,-0.754599,17.0282,17.1449,137.068,145.648
44.40562868118286,-0.01745665550480286,0.0,0.6548919677734375,4,-0.077803,4.0,11940.7,181.8,-1.08112,3.67213,13.7574,26.263,36.9019,78.9472,75.5607,73.528,72.3328,71.2138,70.3707,69.4881,68.5616,67.5863,66.1322,64.3179,60.3044,34.841,11.7738,6.15463,2.37749,-0.742435,15.319,15.3818,137.719,145.901
44.424150705337524,-0.049332763757000984,0.0,0.6078338623046875,4,-0.0772966,4.0,12162.8,178.891,-0.939473,3.72445,13.6685,26.1126,36.7105,77.8337,74.4523,72.4308,71.2441,70.1346,69.2998,68.4265,67.5107,66.5477,65.1144,63.3298,59.403,36.0535,12.2756,6.42895,2.48683,-0.73043,17.8427,17.8206,140.812,148.085
44.4457323551178,-0.11792837013472804,0.0,0.564697265625,4,-0.0760949,4.0,12340.1,176.033,-0.689774,3.83215,13.5889,26.006,36.6084,76.6971,73.311,71.2944,70.1124,69.0088,68.1794,67.3123,66.4037,65.4493,64.0307,62.2671,58.4017,36.657,12.7002,6.6806,2.59248,-0.718584,22.6134,22.7479,144.057,149.084
44.46433234214783,-0.16496386381639788,0.0,0.47655761938337404,4,-0.0741585,4.0,12412.6,173.412,-0.352274,3.95351,13.5192,25.9458,36.6014,75.5333,72.1329,70.1151,68.9338,67.8325,67.0056,66.1418,65.237,64.2877,62.8779,61.1269,57.299,36.6385,13.0386,6.90638,2.69389,-0.706917,27.3608,27.4473,146.345,148.694
44.48423218727112,-0.18237286074362694,0.0,0.4689114315239783,4,-0.0719102,4.0,12375.0,171.038,-0.016874,4.0879,13.4543,25.9068,36.6377,74.3642,70.9472,68.926,67.7441,66.6442,65.819,64.9572,64.0549,63.1096,61.7067,59.9656,56.1671,36.373,13.3296,7.11639,2.79221,-0.695428,34.2901,34.4143,146.551,147.709
44.50586223602295,-0.18986317605595107,0.0,0.4656216177430039,4,-0.0698679,4.0,12198.8,168.863,0.23958,4.13852,13.3886,25.8583,36.6533,73.2183,69.7898,67.7678,66.587,65.4901,64.6676,63.8091,62.9109,61.9711,60.5771,58.8492,55.0889,36.2473,13.6217,7.32338,2.88871,-0.684159,40.5325,40.7298,144.569,145.614
44.52602767944336,-0.1866569853430738,0.0,0.47036573269193155,4,-0.0681394,4.0,12030.3,166.834,0.421214,4.04107,13.3208,25.7938,36.6339,72.1014,68.6677,66.6484,65.4709,64.3789,63.5607,62.7071,61.8148,60.8823,59.5003,57.7898,54.0794,36.3154,13.9267,7.53087,2.98379,-0.673116,44.6725,45.1202,142.593,143.509
44.5446081161499,-0.1677963845130677,0.0,0.4821037444284681,4,-0.066767,4.0,11889.0,164.937,0.529374,3.8847,13.2507,25.7109,36.5736,71.0158,67.5831,65.5702,64.3984,63.3132,62.5008,61.6538,60.7694,59.8461,58.4793,56.7905,53.1415,36.5866,14.2492,7.7402,3.07748,-0.662321,46.2878,46.8686,140.956,141.771
44.56482410430908,-0.11803539693128628,0.0,0.564697265625,4,-0.0657762,4.0,11748.3,163.099,0.573494,3.71511,13.178,25.6079,36.4688,69.9628,66.5372,64.5342,63.3703,62.2941,61.489,60.6503,59.7756,58.8635,57.5148,55.8519,52.275,37.0683,14.5941,7.95316,3.17011,-0.651763,46.4696,47.1926,139.333,140.053
44.585734844207764,-0.07661970826774835,0.0,0.5686187744140625,4,-0.0651715,4.0,11508.2,161.282,0.573231,3.48924,13.1023,25.4841,36.318,68.9425,65.5297,63.5403,62.3865,61.321,60.5247,59.696,58.8326,57.9334,56.6057,54.9723,51.4769,37.7662,14.9655,8.17151,3.26213,-0.641408,43.4901,44.3349,136.493,137.356
44.60580110549927,-0.036337308925017714,0.0,0.58038330078125,4,-0.0648463,4.0,11312.5,159.47,0.554326,3.17572,13.025,25.3461,36.1349,67.9486,64.5528,62.5793,61.437,60.3835,59.597,58.7793,57.9284,57.043,55.738,54.1364,50.7272,38.6158,15.355,8.39297,3.35329,-0.631251,39.8656,40.9252,134.13,134.91
44.62625789642334,-0.012075825846288354,0.0,0.588226318359375,4,-0.0647729,4.0,11182.3,157.65,0.507854,2.89321,12.946,25.1952,35.923,66.9794,63.604,61.6486,60.519,59.4785,58.7026,57.8967,57.0589,56.1884,54.9074,53.3389,50.0192,39.2754,15.7632,8.61814,3.44389,-0.621255,35.0315,36.1834,132.609,133.296
44.644179821014404,-0.003592836484539633,0.0,0.5999908447265625,4,-0.0649274,4.0,11063.9,155.767,0.436454,2.68955,12.8656,25.033,35.6852,66.0337,62.6818,60.7462,59.6301,58.6035,57.8388,57.0453,56.2214,55.3663,54.1102,52.576,49.3469,39.5122,16.1901,8.84715,3.53403,-0.611411,30.6997,31.923,131.249,131.847
44.66409969329834,-0.002261698276465759,0.0,0.6078338623046875,4,-0.0652497,4.0,10924.9,153.803,0.3501,2.56284,12.7849,24.8637,35.4306,65.1083,61.7819,59.8671,58.7651,57.7528,56.9996,56.219,55.4092,54.5698,53.3388,51.8392,48.7,39.57,16.6297,9.07789,3.62325,-0.601746,27.3719,28.6664,129.641,130.246
44.6841504573822,-0.002284015885110324,0.0,0.6078338623046875,4,-0.0656613,4.0,10681.8,151.867,0.265257,2.34838,12.7042,24.6915,35.1684,64.1987,60.8988,59.0053,57.9175,56.9196,56.1781,55.4103,54.6147,53.7909,52.5849,51.1193,48.0674,39.5151,17.076,9.3092,3.71171,-0.592215,24.8691,26.1962,126.692,127.398
44.70366024971008,-0.002306160578398655,0.0,0.61175537109375,4,-0.0660628,4.0,10547.5,149.946,0.189378,2.13956,12.6248,24.5223,34.9112,63.2991,60.0256,58.153,57.0793,56.0955,55.3653,54.6101,53.8282,53.0196,51.8379,50.4053,47.4364,39.3669,17.5181,9.53777,3.79898,-0.582818,20.7212,22.2248,125.101,125.715
44.725831270217896,-0.005476502126315608,0.0,0.6156768798828125,3,-0.0663999,4.0,10436.8,147.973,0.12827,2.00414,12.5472,24.3593,34.6657,62.4067,59.1586,57.3063,56.2462,55.2762,54.557,53.8138,53.0453,52.2513,51.0928,49.6917,46.8011,39.1421,17.9489,9.76158,3.8848,-0.573558,16.9884,18.5049,123.804,124.379
44.74570631980896,-0.021174134360489746,0.0,0.6235198974609375,3,-0.0666602,3.0,12778.3,145.981,0.0827847,1.9328,12.4716,24.203,34.4349,61.521,58.2975,56.4649,55.418,54.4613,53.7526,53.0211,52.2654,51.4855,50.3493,48.9783,46.1617,38.8594,18.3664,9.98019,3.96917,-0.564426,13.9088,15.4501,123.537,123.701
44.764381647109985,-0.06258249185252934,0.0,0.62744140625,3,-0.0668891,3.0,12733.8,144.065,0.0460177,1.8307,12.3972,24.0504,34.2521,60.6445,57.4454,55.6321,54.5981,53.6544,52.9561,52.2359,51.4927,50.7265,49.612,48.27,45.5241,38.5404,18.7765,10.1954,4.05239,-0.55541,11.155,12.6768,121.739,121.884
44.78389835357666,-0.10439846003345213,0.0,0.635284423828125,3,-0.067076,3.0,12290.1,142.187,0.0179041,1.67299,12.3243,23.9022,34.1465,59.7762,56.6011,54.8067,53.7854,52.8544,52.1662,51.4572,50.7261,49.9732,48.8796,47.5657,44.8873,38.191,19.1772,10.4066,4.13437,-0.546513,7.58724,9.27593,118.728,119.082
44.804152727127075,-0.10965594784665854,0.0,0.06352844238281251,3,-0.0671766,3.0,12033.9,140.281,0.00205209,1.52032,12.2532,23.7608,34.1534,58.9137,55.7619,53.9859,52.9769,52.0581,51.3797,50.6814,49.9621,49.222,48.1485,46.8614,44.2473,37.811,19.5622,10.612,4.21489,-0.537734,2.39323,4.10696,115.988,116.758
44.82466650009155,-0.10199128363927205,0.0,0.635284423828125,3,-0.067129,3.0,12440.0,138.52,0.00175515,1.40427,12.1847,23.6296,34.3495,58.0536,54.9238,53.1653,52.168,51.261,50.592,49.9039,49.1958,48.468,47.4137,46.1521,43.5985,37.3974,19.9223,10.809,4.29368,-0.529067,16.8474,18.5854,119.786,120.507
44.84591889381409,-0.046166903915405275,0.0,0.6313629150390625,3,-0.0668786,3.0,11911.4,136.808,0.0215847,1.33028,12.1192,23.5115,34.9952,57.1917,54.0823,52.3401,51.354,50.4582,49.798,49.1196,48.4222,47.706,46.6699,45.4324,42.9358,36.9477,20.2484,10.995,4.37032,-0.520524,11.9795,13.7561,114.879,115.591
44.86611032485962,-0.009267780714780093,0.0,0.62744140625,3,-0.0665801,3.0,11556.7,134.964,0.0493634,1.19259,12.0553,23.398,60.545,56.3377,53.2485,51.5225,50.5474,49.6626,49.0111,48.3423,47.6552,46.9505,45.9321,44.7179,42.2764,36.4877,20.561,11.1756,4.44551,-0.512109,7.46827,9.21925,111.247,112.407
44.885546922683716,0.0,0.0,0.06235198974609375,3,-0.0662673,3.0,11296.5,133.105,0.0796549,1.02,11.9925,23.287,59.6978,55.4936,52.4248,50.715,49.7509,48.8769,48.2341,47.5746,46.8979,46.2043,45.2035,44.0122,41.6243,36.0236,20.8651,11.3525,4.51945,-0.503816,2.49703,4.4408,108.598,109.894
44.90557503700256,0.01077104297876358,0.0,0.6235198974609375,3,-0.0659421,3.0,11758.9,131.405,0.104989,0.860356,11.9309,23.1787,58.8594,54.6592,51.611,49.9174,48.9641,48.101,47.4666,46.8165,46.1499,45.4675,44.4838,43.3149,40.9792,35.5562,21.1603,11.5253,4.59203,-0.495661,16.0249,18.0089,113.033,114.019
44.923874855041504,0.02087695981096476,0.0,0.6156768798828125,3,-0.0655897,3.0,11264.6,129.775,0.12906,0.746279,11.8703,23.0732,58.0281,53.8326,50.805,49.1276,48.1852,47.3328,46.7069,46.066,45.4095,44.7379,43.7711,42.6243,40.3393,35.0848,21.446,11.6942,4.66351,-0.487604,10.5187,12.5511,108.594,109.37
44.946314096450806,0.03698730889009312,0.0,0.61175537109375,3,-0.0653079,3.0,11036.2,127.946,0.14527,0.682676,11.8098,22.9655,57.2089,53.0201,50.014,48.3531,47.4218,46.5802,45.9628,45.3311,44.6847,44.0241,43.0741,41.9491,39.7141,34.6213,21.7359,11.8631,4.73422,-0.479668,5.57095,7.66126,106.294,107.159
44.965991735458374,0.054647083488013594,0.0,0.0603912353515625,3,-0.0651239,3.0,10754.5,126.11,0.151134,0.583088,11.7495,22.8546,56.4037,52.2236,49.2399,47.5959,46.6757,45.8451,45.2364,44.614,43.9776,43.3279,42.3947,41.2914,39.1058,34.1684,22.0335,12.0327,4.80413,-0.471873,1.64522,3.742,103.451,104.717
44.98393797874451,0.0650480165924877,0.0,0.5960693359375,3,-0.0649679,3.0,11123.7,124.43,0.153368,0.436136,11.6899,22.7438,55.609,51.4387,48.4778,46.851,45.9419,45.1222,44.522,43.9089,43.2825,42.6436,41.727,40.6451,38.5076,33.7187,22.3298,12.2006,4.87309,-0.464197,16.5416,18.822,106.922,107.876
45.00332856178284,0.07266832029104232,0.0,0.588226318359375,3,-0.0648254,3.0,10649.4,122.876,0.153464,0.291234,11.6309,22.6341,54.823,50.6636,47.7256,46.1159,45.218,44.4091,43.8175,43.2135,42.5971,41.9689,41.0686,40.0076,37.9172,33.2701,22.6228,12.3663,4.94105,-0.456637,11.5552,13.8786,102.682,103.383
45.024977922439575,0.0732163946145773,0.0,0.58038330078125,3,-0.0647453,3.0,10433.5,121.163,0.148092,0.18338,11.5722,22.5225,54.0483,49.9013,46.987,45.3946,44.5078,43.7099,43.1268,42.532,41.9254,41.3078,40.4236,39.3834,37.3391,32.8283,22.9205,12.5325,5.00845,-0.449175,6.58352,8.94071,100.516,101.273
45.04522204399109,0.056288521857109544,0.0,0.05686187744140625,3,-0.06471,3.0,10278.9,119.385,0.137482,0.120324,11.514,22.4105,53.285,49.1515,46.261,44.6861,43.8105,43.0235,42.4487,41.8631,41.2662,40.6591,39.7909,38.771,36.7718,32.3914,23.1384,12.6975,5.07485,-0.44185,2.42273,4.81597,98.9911,99.7775
45.064393281936646,0.02411004227028228,0.0,0.5450897216796875,3,-0.0646842,3.0,10627.0,117.773,0.124338,0.102285,11.4568,22.2999,52.5314,48.4121,45.5458,43.9882,43.1237,42.3474,41.7811,41.2044,40.6172,40.0203,39.1678,38.1677,36.2124,31.9568,23.2478,12.8603,5.14023,-0.434642,16.9379,19.389,102.419,102.908
45.084283113479614,0.006340134595235188,0.0,0.5137176513671875,3,-0.0646728,3.0,10086.8,116.272,0.11339,-0.0265877,11.4001,22.19,51.7862,47.682,44.8399,43.2997,42.4462,41.6807,41.1226,40.5548,39.9771,39.3904,38.5534,37.5728,35.6603,31.5244,23.2836,13.0214,5.20479,-0.427533,15.0706,17.4431,97.3309,97.893
45.103410482406616,0.002040204290812835,0.0,0.431365966796875,3,-0.064669,3.0,9894.43,114.635,0.102976,-0.155668,11.3442,22.0881,51.0499,46.9616,44.1438,42.621,41.7784,41.0235,40.4736,39.9146,39.3463,38.7696,37.9476,36.9862,35.1154,31.0943,23.265,13.1805,5.26843,-0.420531,12.8777,15.4654,95.3629,95.9799
45.12413477897644,0.001470821828097105,0.0,0.3097991943359375,3,-0.0646566,3.0,9855.28,113.036,0.0926301,-0.276931,11.2893,22.0187,50.322,46.2501,43.4566,41.951,41.1193,40.3748,39.8331,39.2827,38.7237,38.1568,37.3497,36.4069,34.5766,30.6656,23.2033,13.3367,5.33105,-0.413636,12.7364,15.3624,94.9537,95.5525
45.14576458930969,0.0014802439662069081,0.0,0.1607818603515625,3,-0.0646132,3.0,9880.23,111.518,0.0842781,-0.36511,11.2355,21.9894,49.6013,45.5461,42.7767,41.2882,40.4672,39.7331,39.1993,38.6575,38.1075,37.5502,36.7576,35.833,34.0422,30.2367,23.1055,13.4889,5.39247,-0.406851,16.9072,19.566,95.2557,95.7209
45.16488599777222,0.0014887412699436148,0.0,0.0117645263671875,3,-0.0645421,3.0,9903.05,110.149,0.0777232,-0.410821,11.1827,22.0065,48.8869,44.849,42.1037,40.6322,39.8218,39.0979,38.572,38.0385,37.4975,36.9497,36.1713,35.2646,33.5122,29.8082,22.9787,13.6378,5.45294,-0.400151,26.532,29.2367,95.5538,95.8865
45.184520959854126,0.0014961585657546918,0.0,0.0,3,-0.0644687,3.0,9901.97,108.954,0.0713479,-0.416412,11.1307,22.0782,48.1791,44.159,41.4379,39.9833,39.1835,38.4697,37.9516,37.4264,36.8942,36.3558,35.5914,34.7022,32.9873,29.3813,22.8288,13.784,5.51244,-0.393555,41.5094,44.2862,95.5721,95.8552
45.20390343666077,0.0027942358458042144,0.0,0.0,3,-0.0644,3.0,9807.85,107.858,0.0662515,-0.524205,11.0793,22.2209,47.4772,43.4757,40.779,39.3413,38.5521,37.8484,37.338,36.821,36.2975,35.7683,35.0178,34.1458,32.4677,28.9564,22.6605,13.9288,5.57131,-0.38703,56.8714,59.5937,94.6448,94.9709
45.22484350204468,0.007793037199079991,0.0,0.0,3,-0.0643271,3.0,9715.11,106.832,0.0634076,-0.627221,11.0285,22.4649,46.7805,42.7982,40.126,38.7053,37.9265,37.2328,36.7301,36.2212,35.7064,35.1863,34.4494,33.5942,31.9522,28.5328,22.4758,14.0715,5.62943,-0.380585,71.0674,73.9973,93.7634,94.0537
45.2436728477478,0.01362915611345321,0.0,0.0,3,-0.0642923,3.0,9630.92,105.908,0.0637769,-0.743364,10.9778,22.8582,46.09,42.1279,39.4806,38.0769,37.3086,36.6249,36.1299,35.6292,35.1229,34.6118,33.8884,33.05,31.4433,28.1131,22.2801,14.2149,5.68728,-0.374195,83.7329,86.5876,92.9623,93.2209
45.26423692703247,0.017184872896643357,0.0,0.0,3,-0.0643581,3.0,9556.84,105.169,0.0840863,-0.834326,10.9265,23.5364,45.4078,41.4673,38.8455,37.459,36.7012,36.0276,35.5402,35.0476,34.5499,34.0479,33.3378,32.516,30.9443,27.7007,22.0789,14.3624,5.74536,-0.367852,94.2096,95.5679,92.2592,92.4743
45.28452157974243,0.019112432288924855,0.0,0.0,3,-0.0646814,3.0,9522.73,104.916,0.111779,-0.890295,10.8722,49.2034,44.7382,40.8217,38.2265,36.8579,36.1109,35.4475,34.968,34.4836,33.9946,33.5016,32.8051,31.9998,30.4629,27.3044,21.8833,14.5251,5.80571,-0.361446,96.417,96.3833,91.9495,92.0814
45.303239822387695,0.021137562920078637,0.0,0.0,3,-0.0654319,3.0,9509.01,104.744,0.102418,-0.910974,10.8143,48.5569,44.0861,40.1965,37.6297,36.2796,35.5438,34.8909,34.4194,33.9434,33.4632,32.9793,32.2964,31.5077,30.0055,26.9305,21.7002,14.7085,5.86857,-0.355084,96.3686,96.193,91.8712,91.8902
45.32581090927124,0.027794519156217574,0.0,0.0,3,-0.0664919,3.0,9487.72,104.582,0.0741423,-0.973203,10.7531,47.9188,43.4467,39.5861,37.0488,35.7176,34.9931,34.351,33.8875,33.42,32.9486,32.474,31.8046,31.0325,29.5648,26.5713,21.5223,14.8711,5.9342,-0.34866,96.2522,96.0046,91.898,91.4613
45.34401988983154,0.04382748040934403,0.0,0.0,3,-0.0679916,3.0,9473.94,104.416,0.043472,-1.0768,10.6867,47.2931,42.8251,38.9962,36.4899,35.1783,34.4654,33.8341,33.3788,32.92,32.4575,31.9921,31.3363,30.5807,29.1472,26.2334,21.3572,15.0105,6.00427,-0.342099,96.1555,95.803,91.8371,91.2459
45.36429405212402,0.059982917567836115,0.0,0.0,3,-0.070082,3.0,9460.84,104.249,0.0232233,-1.21747,10.6142,46.685,42.2276,38.4334,35.9598,34.6682,33.9671,33.3469,32.9,32.4499,31.9965,31.5404,30.8981,30.159,28.7592,25.9232,21.2103,15.137,6.07984,-0.335417,96.074,95.5932,91.7796,91.052
45.38482713699341,0.0827152229276703,0.0,0.0,3,-0.0729211,3.0,9446.91,104.083,0.0050142,-1.34153,10.5335,46.0996,41.6603,37.9041,35.465,34.1942,33.5053,32.8964,32.4579,32.0166,31.5725,31.1256,30.4969,29.7741,28.4077,25.6473,21.0885,15.2613,6.16299,-0.328531,96.0048,95.3543,91.7326,90.83
45.404863595962524,0.10446966369654982,0.0,0.0588226318359375,3,-0.0767596,3.0,9432.54,103.915,-0.000933306,-1.43061,10.442,45.545,41.1332,37.419,35.0166,33.7676,33.0911,32.4936,32.0638,31.6315,31.1967,30.7593,30.144,29.4374,28.1039,25.4169,21.0026,15.396,6.2568,-0.321346,95.96,95.0777,91.7134,90.5723
45.424864292144775,0.13924123748109055,0.0,0.117645263671875,3,-0.0818418,3.0,9379.13,103.639,-0.0195131,-1.47055,10.3372,45.029,40.6557,36.9881,34.6246,33.3983,32.7344,32.1488,31.7277,31.3044,30.8789,30.4513,29.8495,29.1589,27.8575,25.2413,20.9617,15.5514,6.36445,-0.31377,94.9897,93.8155,91.3515,89.9167
45.44436502456665,0.17320094286611615,0.0,0.13850380450463542,2,-0.0884798,3.0,9306.72,103.189,-0.0407452,-1.47454,10.2163,44.5617,40.24,36.6241,34.3021,33.0996,32.4488,31.875,31.4628,31.0487,30.6326,30.2147,29.6267,28.9517,27.6815,25.1336,20.9782,15.7389,6.49035,-0.305687,93.8405,92.3087,90.8465,89.0546
45.464399337768555,0.19809596412305722,0.0,0.18480228130299023,2,-0.0972236,2.0,11678.7,102.689,-0.189343,-1.59955,10.0751,44.1595,39.906,36.3488,34.0711,32.8941,32.2566,31.695,31.2917,30.8867,30.4801,30.0719,29.4979,28.8386,27.5985,25.1158,21.0734,15.9786,6.6411,-0.297008,93.2238,91.1739,90.702,88.6498
45.48395848274231,0.2114551277989149,0.0,0.23132724954898926,2,-0.107927,2.0,11640.8,102.128,-0.448487,-1.7148,9.91567,43.8155,39.6448,36.1521,33.9206,32.7697,32.1467,31.5971,31.2027,30.8068,30.4095,30.0108,29.4505,28.8073,27.5962,25.1757,21.2362,16.2635,6.81866,-0.287649,91.724,89.377,90.2238,87.7044
45.505794525146484,0.23223619587560496,0.0,0.271399539808318,2,-0.119382,2.0,11367.3,101.428,-0.764165,-1.83201,9.74895,43.4922,39.408,35.9812,33.7952,32.6697,32.0611,31.5238,31.1379,30.7508,30.3624,29.9728,29.4256,28.7978,27.6153,25.253,21.4098,16.549,7.01537,-0.277583,89.8203,87.187,88.7484,85.6489
45.52580761909485,0.2615668609265487,0.0,0.2976882618068871,2,-0.131325,2.0,11171.7,100.482,-1.07246,-1.90606,9.57762,43.1822,39.1862,35.8257,33.6837,32.5827,31.9878,31.463,31.0859,30.707,30.3271,29.9462,29.4114,28.7982,27.6439,25.3361,21.5831,16.827,7.2303,-0.266819,87.8242,84.9763,87.409,83.9173
45.54468655586243,0.3007127979241836,0.0,0.3037672694728449,2,-0.144027,2.0,11004.3,99.4111,-1.36465,-1.92952,9.3998,42.8939,38.9898,35.6972,33.5982,32.5209,31.9393,31.4266,31.0582,30.6882,30.3165,29.9438,29.4208,28.8214,27.694,25.4383,21.7697,17.1083,7.46816,-0.255306,85.9765,82.9167,86.2639,82.4997
45.56446862220764,0.3180740003928077,0.0,0.3011354142529539,2,-0.157796,2.0,10849.0,98.2774,-1.65474,-1.91253,9.21391,42.6348,38.829,35.6071,33.5506,32.4965,31.9278,31.4267,31.0668,30.7054,30.3426,29.9783,29.4665,28.8802,27.7782,25.5727,21.9827,17.4055,7.73479,-0.243015,84.5078,81.2026,85.2207,81.1659
45.58471918106079,0.33601297039734357,0.0,0.2953387531812978,2,-0.172903,2.0,10665.5,97.1295,-2.02279,-1.90624,9.01888,42.4106,38.7115,35.5646,33.5502,32.5187,31.9626,31.4728,31.1212,30.7682,30.4138,30.0582,29.5583,28.9845,27.9064,25.7499,22.2329,17.7293,8.0315,-0.229899,83.5829,79.9746,83.7671,79.862
45.60376787185669,0.34592051409306,0.0,0.28930102103960603,2,-0.190136,2.0,10423.9,96.0225,-2.62607,-1.9938,8.81153,42.2359,38.6603,35.5958,33.6241,32.6153,32.0716,31.5929,31.2494,30.9046,30.5585,30.2113,29.7233,29.1631,28.1079,25.9979,22.5473,18.1063,8.34542,-0.215993,82.9234,78.7216,82.3606,77.5385
45.625967502593994,0.3560263057921395,0.0,0.28606721704058663,2,-0.209256,2.0,10277.6,94.9011,-3.34713,-2.06898,8.59539,42.0971,38.6623,35.6862,33.759,32.7726,32.2411,31.7733,31.4376,31.1008,30.7627,30.4236,29.9471,29.4002,28.3692,26.3023,22.9139,18.5264,8.67336,-0.201306,81.452,77.3155,81.5807,76.0318
45.64586687088013,0.36629057341826454,0.0,0.28278270151872087,2,-0.229072,2.0,10152.9,93.7951,-4.09722,-2.14857,8.37836,41.9613,38.6718,35.7868,33.908,32.943,32.4233,31.9658,31.6376,31.3083,30.9779,30.6464,30.1808,29.6465,28.6395,26.6149,23.2869,18.9501,9.00362,-0.185818,79.753,75.2536,80.8141,74.8825
45.66614532470703,0.3678899544780453,0.0,0.28227090738906885,2,-0.248923,2.0,10030.6,92.6764,-4.78227,-2.20184,8.16465,16.6722,38.6672,35.8743,34.0469,33.1023,32.5936,32.146,31.8249,31.5026,31.1794,30.8552,30.3997,29.8772,28.8927,26.9111,23.6431,19.3573,9.32941,-0.169513,78.144,73.4156,79.9538,73.8666
45.684767961502075,0.36951549864982564,0.0,0.2817507411913266,2,-0.268529,2.0,9905.64,91.5394,-5.37458,-2.22157,7.95736,15.4779,38.6421,35.941,34.1652,33.2418,32.7436,32.3052,31.9907,31.6752,31.3587,31.0413,30.5955,30.084,29.1206,27.182,23.9728,19.7409,9.64724,-0.152378,76.7212,71.8681,79.0061,72.9015
45.704986810684204,0.3711704941935837,0.0,0.2812211506983569,2,-0.287853,2.0,9775.5,90.3818,-5.86485,-2.20411,7.756,14.5719,38.5976,35.9878,34.2603,33.3618,32.8739,32.4442,32.136,31.8269,31.5168,31.2058,30.769,30.268,29.3245,27.4264,24.2758,20.0999,9.95654,-0.134371,75.5076,70.6216,77.9852,71.9324
45.72606897354126,0.3909002074979531,0.0,0.27490773877744945,2,-0.307101,2.0,9620.04,89.2233,-6.30595,-2.18604,7.55922,13.8083,38.5413,36.023,34.3414,33.4673,32.9924,32.5721,32.2699,31.9667,31.6627,31.3578,30.9296,30.4386,29.5138,27.6541,24.5617,20.4422,10.2605,-0.115499,74.4651,69.5964,76.6593,70.9264
45.74408316612244,0.4111708713451624,0.0,0.26578964468376,2,-0.327228,2.0,9419.85,88.0962,-6.85359,-2.22907,7.36301,13.099,38.4985,36.0726,34.4401,33.5898,33.128,32.7193,32.4247,32.128,31.8298,31.5308,31.111,30.6294,29.7227,27.8994,24.8646,20.7989,10.5721,-0.0958012,73.653,68.3792,75.0892,69.4521
45.764622926712036,0.4320214265053955,0.0,0.2566168132179118,2,-0.348687,2.0,9251.98,86.9761,-7.50438,-2.292,7.16617,12.4193,38.4746,36.1457,34.5688,33.7421,33.2932,32.896,32.6097,32.3214,32.0311,31.7388,31.3271,30.8548,29.9653,28.1768,25.1988,21.1845,10.8985,-0.0753238,72.4605,67.1846,74.1174,67.7857
45.78423762321472,0.4836245536359924,0.0,0.24283212232996274,2,-0.370883,2.0,9129.64,85.8919,-8.21398,-2.38666,6.97153,11.7881,38.4488,36.2226,34.7064,33.9032,33.4668,33.0807,32.8025,32.5223,32.2402,31.9561,31.5554,31.0931,30.2203,28.465,25.5408,21.5788,11.2316,-0.0540918,70.1496,65.7602,73.444,66.5675
45.80593681335449,0.5490898692059399,0.0,0.22208891925074972,2,-0.392488,2.0,9037.88,84.8758,-8.89841,-2.5259,6.78395,11.2341,38.3909,36.2664,34.8075,34.0317,33.607,33.2312,32.9605,32.6879,32.4134,32.137,31.7472,31.2974,30.4431,28.7193,25.8464,21.9391,11.5523,-0.0321304,67.8704,62.9754,72.8367,65.747
45.82574486732483,0.5621796534897474,0.0,0.21578348273087755,2,-0.41276,2.0,8972.46,83.8777,-9.42571,-2.65169,6.60523,10.7577,38.2889,36.261,34.8532,34.105,33.6939,33.3277,33.0638,32.7981,32.5306,32.2613,31.8814,31.4432,30.6106,28.9177,26.0941,22.2446,11.8496,-0.00944805,66.011,60.6847,72.2418,65.325
45.845402240753174,0.5642972095331835,0.0,0.21296796994442396,2,-0.423726,2.0,8899.12,82.8753,-9.77691,-2.74171,6.43436,10.343,38.1472,36.2093,34.8471,34.1234,33.7259,33.3716,33.1148,32.8554,32.5942,32.3313,31.9605,31.5329,30.7205,29.0616,26.2853,22.4962,12.1224,0.0138241,64.5925,58.9496,71.4702,64.9771
45.8642201423645,0.5664648314966411,0.0,0.20586156832659755,2,-0.427512,2.0,8817.1,81.8492,-9.95393,-2.77915,6.26997,9.97336,37.9752,36.1195,34.8008,34.0992,33.714,33.3707,33.1219,32.8702,32.6155,32.3585,31.9961,31.5783,30.7847,29.1618,26.4311,22.7033,12.3736,0.0368875,63.7437,57.9451,70.5823,64.6125
45.885735750198364,0.568618088554776,0.0,0.18597434274906938,2,-0.430976,2.0,8696.21,80.8299,-10.0888,-2.83005,6.10904,9.62662,15.712,36.0103,34.7365,34.0557,33.682,33.349,33.1077,32.8636,32.6167,32.367,32.0129,31.6043,30.8284,29.2424,26.5567,22.8885,12.6139,0.0597235,63.4559,57.5906,69.1607,64.2081
45.90478277206421,0.4740252763815103,0.0,0.13632602810445926,2,-0.435767,2.0,8578.79,79.8191,-10.3235,-2.90373,5.94749,9.27146,13.6786,35.9196,34.6964,34.0366,33.6745,33.3519,33.1181,32.8817,32.6426,32.4007,32.0577,31.6593,30.9009,29.3513,26.7125,23.0997,12.8676,0.0822662,64.1177,57.5725,67.7544,63.7985
45.92557716369629,0.3513234054266612,0.0,0.0823516845703125,2,-0.442209,2.0,8464.28,78.9144,-10.8334,-3.12503,5.78481,8.90631,12.5486,35.8513,34.6847,34.0475,33.6972,33.3851,33.159,32.9303,32.6991,32.4652,32.1335,31.7483,31.0096,29.4957,26.907,23.3451,13.1405,0.104531,65.321,59.2445,67.5101,62.3038
45.945321559906006,0.2850480001683037,0.0,0.0,2,-0.449977,2.0,8469.65,78.0825,-11.4063,-3.35902,5.62271,8.54137,11.6403,35.7947,34.6855,34.077,33.7386,33.4371,33.2187,32.9977,32.7743,32.5483,32.2279,31.8558,31.1415,29.6637,27.1287,23.6142,13.428,0.126472,67.1541,61.8405,67.9864,61.8215
45.96441888809204,0.22537381296157838,0.0,0.0,2,-0.457253,2.0,8576.03,77.4261,-11.8871,-3.6072,5.46505,8.20303,10.921,35.7123,34.6562,34.0764,33.7528,33.4617,33.2504,33.0367,32.8205,32.602,32.292,31.9321,31.2413,29.8029,27.324,23.8565,13.7032,0.148211,70.2253,64.7315,68.8515,62.5338
45.98379135131836,0.18513531929375232,0.0,0.0,2,-0.463346,2.0,8607.85,76.9268,-12.1697,-3.81386,5.3123,7.89522,10.3374,35.5941,34.5853,34.031,33.7218,33.4433,33.2399,33.0329,32.8234,32.6116,32.3111,31.9624,31.2931,29.8964,27.4714,24.0548,13.9549,0.169866,71.5219,66.2798,68.9649,62.9467
46.0047447681427,0.14873609515026212,0.0,0.0,2,-0.467593,2.0,8606.82,76.521,-12.2443,-3.96125,5.16329,7.61361,9.84771,35.4406,34.4737,33.9422,33.6456,33.3786,33.1835,32.9848,32.7825,32.5769,32.2852,31.9465,31.2968,29.9415,27.5689,24.2075,14.1809,0.191587,71.8321,67.08,68.731,63.1815
46.02580809593201,0.13758356567963212,0.0,0.0,2,-0.470307,2.0,8591.97,76.1726,-12.112,-4.03725,5.01689,7.35259,9.42325,35.2621,34.3274,33.8162,33.5309,33.274,33.0864,32.8954,32.7008,32.5028,32.2198,31.8904,31.2586,29.9415,27.6225,24.3193,14.3832,0.213414,71.7044,67.4527,68.3755,63.3163
46.04667019844055,0.1377379674295423,0.0,0.0,2,-0.472382,2.0,8561.04,75.8653,-11.9542,-4.1453,4.87111,7.10201,9.03329,35.082,34.1607,33.6684,33.3936,33.1461,32.9654,32.7814,32.5941,32.4034,32.1308,31.8114,31.1965,29.9153,27.6512,24.4083,14.5724,0.235412,71.4077,67.504,67.8817,63.3523
46.06436514854431,0.13789056037274997,0.0,0.0,2,-0.475604,2.0,8519.45,75.5616,-11.9459,-4.28429,4.72307,6.84344,8.63342,12.9695,34.0066,33.5336,33.2696,33.0318,32.8582,32.6813,32.5013,32.3181,32.0562,31.7492,31.153,29.9078,27.7021,24.5211,14.7761,0.257494,71.2126,67.2828,67.4003,63.1928
46.08695125579834,0.13803938496866078,0.0,0.0,2,-0.479861,2.0,8457.98,75.2654,-12.201,-4.57408,4.57362,6.58026,8.23151,11.378,33.8611,33.4077,33.1545,32.9266,32.76,32.5904,32.4178,32.2421,31.9909,31.6965,31.1234,29.9143,27.7706,24.6534,14.9922,0.279619,71.0705,66.9632,67.1834,62.507
46.10486030578613,0.13267245777156203,0.0,0.0,2,-0.48526,2.0,8414.48,74.9464,-12.5866,-4.87776,4.4239,6.31449,7.83105,10.392,33.7378,33.2904,33.0483,32.8302,32.6709,32.5086,32.3434,32.1752,31.9347,31.6529,31.1042,29.9351,27.8555,24.8033,15.22,0.301646,70.9456,66.6084,67.1077,61.8746
46.12507176399231,0.11690400956365093,0.0,0.0,2,-0.489893,2.0,8389.17,74.6251,-12.9007,-5.16683,4.27722,6.0635,7.46599,9.66316,33.6146,33.1513,32.9168,32.7078,32.555,32.3995,32.241,32.0798,31.8492,31.579,31.0528,29.9259,27.9065,24.9216,15.429,0.32357,70.6707,66.3999,66.9491,61.6372
46.14413142204285,0.1170316647554487,0.0,0.0,2,-0.492819,2.0,8369.0,74.3244,-13.0081,-5.40441,4.13433,5.83224,7.14331,9.10034,33.472,32.9915,32.7499,32.5459,32.399,32.2493,32.0968,31.9416,31.7198,31.4597,30.9535,29.8685,27.9044,24.9877,15.6051,0.345455,70.2791,66.2468,66.6688,61.6061
46.16609025001526,0.11715019262225926,0.0,0.0,2,-0.493583,2.0,8351.45,74.0452,-12.8793,-5.56845,3.99419,5.61667,6.85328,8.63949,33.3086,32.8129,32.5635,32.3535,32.2081,32.0636,31.9164,31.7666,31.5524,31.3013,30.8126,29.7659,27.8555,25.0071,15.7507,0.367376,69.818,66.1031,66.3269,61.6775
46.187949895858765,0.1172614610817544,0.0,0.0,2,-0.492799,2.0,8334.68,73.7831,-12.549,-5.66084,3.85542,5.41093,6.58387,8.23744,11.1054,32.6214,32.365,32.149,31.9994,31.8536,31.7106,31.5656,31.3583,31.1154,30.6427,29.6307,27.7733,24.9931,15.874,0.389358,69.377,65.9556,65.9852,61.7625
46.207703590393066,0.1173648333438188,0.0,0.0,2,-0.491505,2.0,8307.38,73.5396,-12.1943,-5.7749,3.71646,5.20854,6.32276,7.86169,10.1345,32.4284,32.1652,31.9435,31.7898,31.6401,31.4941,31.3517,31.151,30.9157,30.4581,29.4788,27.6747,24.963,15.9863,0.411476,69.0155,65.7925,65.5638,61.7911
46.22585153579712,0.11746973390216008,0.0,0.0,2,-0.491301,2.0,8273.02,73.2925,-11.9728,-5.90926,3.57576,4.9996,6.0512,7.47116,9.34943,32.2646,31.9937,31.7654,31.6072,31.4529,31.3025,31.156,30.9569,30.7296,30.2873,29.3415,27.5938,24.9527,16.1109,0.433639,68.8504,65.5388,65.1605,61.6518
46.24490237236023,0.11757310616422444,0.0,0.0,2,-0.491811,2.0,8231.58,73.049,-11.9171,-6.14326,3.43409,4.78769,5.77588,7.08019,8.66829,32.1243,31.845,31.6095,31.4463,31.2872,31.132,30.9807,30.7752,30.5492,30.1224,29.2099,27.5215,24.9508,16.2413,0.455828,68.7211,65.2644,64.9794,61.2162
46.26448678970337,0.08425846996859182,0.0,0.0,2,-0.493322,2.0,8197.57,72.7937,-11.9952,-6.40699,3.29194,4.57287,5.49658,6.68786,8.04291,9.51715,31.7262,31.4828,31.314,31.1494,30.9888,30.8322,30.6196,30.3856,29.9667,29.0876,27.4614,24.9604,16.3809,0.477939,68.6187,64.9734,64.921,60.7317
46.28441309928894,0.046216363202159605,0.0,0.0,2,-0.494551,2.0,8177.75,72.5392,-12.0361,-6.64839,3.15106,4.36282,5.22703,6.31915,7.50007,8.59066,9.86486,31.3614,31.187,31.0169,30.8509,30.6891,30.4692,30.2273,29.7993,28.9515,27.3847,24.9541,16.5105,0.499985,68.4712,64.8005,64.8176,60.5247
46.30510640144348,0.01197482462295269,0.0,0.0,2,-0.494787,2.0,8162.27,72.3028,-11.951,-6.84711,3.012,4.16051,4.97218,5.98094,7.03241,7.92351,8.70855,31.2302,31.0506,30.8753,30.7044,30.5376,30.3111,30.0616,29.6202,28.791,27.2793,24.9189,16.62,0.521994,68.2495,64.6965,64.6392,60.4641
46.325945138931274,0.002409004816708155,0.0,0.0,2,-0.493164,2.0,8148.91,72.0889,-11.7201,-6.99763,2.87448,3.96556,4.73086,5.66928,6.62158,7.38688,7.99627,8.86839,30.8997,30.7198,30.5442,30.373,30.1404,29.8842,29.4307,28.6055,27.1445,24.8533,16.7078,0.544,67.9911,64.6498,64.4103,60.4871
46.34609532356262,0.0017261735640627643,0.0,0.0,2,-0.489996,2.0,8136.86,71.8963,-11.3433,-7.10163,2.73786,3.77626,4.4999,5.37768,6.25076,6.92758,7.43731,8.07515,8.86673,30.5496,30.37,30.1948,29.9566,29.6944,29.2301,28.3979,26.9838,24.7608,16.7759,0.566019,67.6977,64.6091,64.1628,60.5491
46.36764049530029,0.0017272337097736696,0.070587158203125,0.0,2,-0.485967,2.0,8119.24,71.7255,-10.916,-7.21728,2.60159,3.59038,4.27538,5.09874,5.90493,6.51332,6.95502,7.47356,8.00358,9.19133,30.186,30.0071,29.764,29.4963,29.0221,28.1744,26.8041,24.6482,16.8289,0.588072,67.4194,64.5516,63.8462,60.6061
46.38412141799927,0.0017280884057010212,0.4039154052734375,0.0,2,-0.481944,2.0,8212.67,71.5878,-10.5452,-7.357,2.46508,3.40419,4.05074,4.82093,5.56412,6.11173,6.49776,6.9316,7.33884,7.93226,30.0096,29.827,29.5788,29.3054,28.8212,27.9551,26.6205,24.5323,16.8793,0.610115,67.264,64.436,64.3004,61.5244
46.40703272819519,0.0017276737819686533,0.6392059326171875,0.0,2,-0.477439,2.0,8936.88,71.6546,-10.2118,-7.52883,2.3285,3.21928,3.82875,4.54895,5.23533,5.73108,6.07272,6.4453,6.77912,7.21463,7.91409,29.6442,29.3911,29.1123,28.6185,27.7349,26.4254,24.4044,16.9206,0.632185,67.1685,64.3914,68.3304,68.3304
46.42470455169678,0.0011555459916529555,0.43332672119140625,0.0,2,-0.472694,2.0,9756.5,71.938,-10.0258,-7.73897,2.19192,3.03494,3.60802,4.28025,4.91367,5.36324,5.66728,5.99141,6.27279,6.61994,7.09241,7.99126,29.2052,28.921,28.4177,27.5167,26.2224,24.268,16.956,0.654232,67.3096,64.4628,74.5161,74.5161
46.44667148590088,0.0,0.49999237060546875,0.0,2,-0.467515,2.0,9775.34,72.3635,-9.91802,-7.94365,2.05569,2.85185,3.38959,4.01645,4.60109,5.00983,5.28211,5.56738,5.80952,6.09862,6.46402,6.98867,29.0165,28.7272,28.2146,27.2968,26.0084,24.1185,16.9827,0.676239,67.6136,64.6415,74.9011,74.9011
46.464425563812256,-0.0023996289564607045,0.49999237060546875,0.0,2,-0.461241,2.0,9925.43,72.8389,-9.78807,-8.1487,1.92074,2.67219,3.17689,3.76282,4.30486,4.67951,4.92627,5.18162,5.39513,5.64498,5.94895,6.34867,7.51222,28.5169,27.9962,27.0639,25.7745,23.9456,16.9923,0.698177,67.9174,64.8745,76.0175,76.0175
46.48635458946228,-0.0031888358335196974,0.49999237060546875,0.0,2,-0.452033,2.0,9995.14,73.376,-9.60351,-8.35482,1.78765,2.49749,2.97224,3.52277,4.02929,4.37679,4.604,4.83727,5.03049,5.25395,5.52059,5.85767,6.61302,28.277,27.7504,26.8074,25.5136,23.742,16.9777,0.719965,68.2139,65.0717,76.5739,76.5739
46.5041024684906,-0.0031820725375528757,0.49999237060546875,0.0,2,-0.440557,2.0,10019.4,73.9627,-9.31579,-8.56196,1.65674,2.32829,2.77668,3.29719,3.77512,4.10188,4.31477,4.53247,4.71196,4.91829,5.16274,5.46652,6.10252,27.9983,27.4686,26.5201,25.2224,23.5042,16.9344,0.74151,68.5152,65.2064,76.7724,76.7724
46.52860903739929,-0.0011426453642845154,0.49999237060546875,0.0,2,-0.426829,2.0,10051.6,74.5664,-8.90702,-8.77641,1.52817,2.16428,2.58976,3.08498,3.5404,3.85193,4.05486,4.26228,4.43312,4.62959,4.86256,5.15112,5.74722,27.6772,27.1475,26.1988,24.9012,23.2328,16.8616,0.762768,68.8377,65.3432,77.0074,77.0074
46.54678988456726,0.006214731807489259,0.49999237060546875,0.0,2,-0.411328,2.0,10082.6,75.1867,-8.36273,-8.95522,1.40165,2.00386,2.40825,2.88088,3.31737,3.61695,3.81253,4.01278,4.17818,4.36954,4.59734,4.88102,5.47603,27.3239,26.7964,25.8517,24.5593,22.9371,16.767,0.783698,69.2527,65.3432,77.2521,77.2521
46.56428098678589,0.017225695484104256,0.49999237060546875,0.0,2,-0.395105,2.0,10122.4,75.7422,-7.65402,-9.0416,1.2764,1.84394,2.2266,2.67599,3.09309,3.3805,3.56865,3.76188,3.92252,4.10905,4.33212,4.61185,5.21123,26.9607,26.4362,25.4968,24.2116,22.6334,16.6644,0.804301,69.748,67.2384,77.5558,77.5558
46.58885383605957,0.02358977912068584,0.49999237060546875,0.0,2,-0.380873,2.0,10142.6,76.2913,-6.97075,-9.04136,1.15018,1.67697,2.03256,2.45087,2.83928,3.10659,3.28127,3.46079,3.60973,3.78205,3.98686,4.24083,4.76322,26.6447,26.1199,25.18,23.8937,22.358,16.5848,0.824677,70.4966,68.9551,77.7138,77.7138
46.60590100288391,0.02354016200643343,0.49999237060546875,0.0,2,-0.368532,2.0,10158.6,76.867,-6.51478,-9.0594,1.02356,1.50405,1.82795,2.20848,2.5604,2.80116,2.95783,3.11803,3.24994,3.40114,3.57835,3.79296,4.20498,26.3739,25.8456,24.8996,23.6045,22.1066,16.5249,0.844831,71.2766,69.3514,77.8378,77.8378
46.62465190887451,0.023491553265008455,0.9999847412109375,0.0,2,-0.355907,2.0,10174.9,77.431,-6.16515,-8.98981,0.897618,1.32762,1.61664,1.95498,2.26568,2.47642,2.61267,2.75079,2.86341,2.99099,3.13802,3.31156,3.62459,4.21608,25.6061,24.6494,23.3392,21.8712,16.4781,0.864658,71.9666,69.8054,77.9604,77.9604
46.64921736717224,0.028232432067392083,0.49999237060546875,0.0,2,-0.344089,2.0,11444.8,78.0663,-6.13613,-9.03638,0.773482,1.15046,1.40285,1.69683,1.96441,2.14433,2.25964,2.37542,2.46886,2.57349,2.69218,2.82911,3.06479,3.44644,25.3941,24.4229,23.0927,21.644,16.4381,0.883963,72.6067,70.194,87.2655,87.2655
46.66835570335388,0.051741065311420704,0.49999237060546875,0.0,2,-0.333812,2.0,11117.2,78.7716,-6.39431,-9.08794,0.652254,0.974299,1.18879,1.43692,1.66054,1.80941,1.90382,1.99769,2.07266,2.15568,2.24848,2.35346,2.52776,2.78676,3.91686,24.2303,22.8727,21.4289,16.4083,0.902579,73.4116,70.5092,85.3089,85.3089
46.68738603591919,0.0660360541129522,0.49999237060546875,0.0,2,-0.325151,2.0,10839.3,79.4492,-6.60704,-8.96049,0.533957,0.799897,0.975837,1.17776,1.35803,1.4765,1.55084,1.62404,1.68193,1.74538,1.8154,1.89332,2.01919,2.19626,2.72174,24.0755,22.6823,21.2245,16.3883,0.920539,74.157,70.9314,83.2042,83.2042
46.70706105232239,0.07373137865069881,0.49999237060546875,0.0,2,-0.317017,2.0,10576.1,80.1172,-6.72859,-8.82676,0.41845,0.628392,0.766405,0.923908,1.06295,1.15322,1.20931,1.26407,1.30702,1.35369,1.40466,1.46067,1.54938,1.66982,1.98595,23.9414,22.5084,21.0177,16.3654,0.937942,74.5669,71.59,81.0954,81.0954
46.72651243209839,0.07358196679123957,0.49999237060546875,0.0,2,-0.308164,2.0,10551.6,80.6641,-6.94402,-8.82231,0.306211,0.461612,0.563444,0.678887,0.77979,0.844615,0.884574,0.923324,0.953515,0.986108,1.02142,1.05987,1.11991,1.19956,1.3957,2.57562,22.334,20.801,16.3267,0.954762,74.5676,71.9921,80.8157,80.8157
46.745851039886475,0.07341037127299793,0.9999847412109375,0.0,2,-0.296538,2.0,10332.1,81.2922,-6.86903,-8.54229,0.197798,0.299905,0.366535,0.441658,0.506764,0.548224,0.573614,0.598097,0.617067,0.637438,0.659386,0.683104,0.719763,0.767587,0.880721,1.31577,22.1572,20.5835,16.2722,0.970941,74.5676,72.7387,79.3224,79.3224
46.76672863960266,0.07321495290936436,0.49999237060546875,0.0,2,-0.281249,2.0,11429.0,82.0075,-6.83797,-8.45107,0.093379,0.142789,0.174986,0.211186,0.242387,0.262136,0.274173,0.285734,0.29466,0.304203,0.31444,0.32545,0.342339,0.364125,0.414346,0.582744,21.9462,20.3428,16.186,0.986384,74.5676,73.449,87.0607,87.0607
46.786717653274536,0.07299226940845883,0.49999237060546875,0.0,2,-0.265168,2.0,10856.7,82.8226,-6.93118,-8.30435,-1.0,-1.0,-1.0,-1.0,-1.0,-1.0,-1.0,-1.0,-1.0,-1.0,-1.0,-1.0,-1.0,-1.0,-1.0,-1.0,-1.0,-1.0,-1.0,1.00085,74.5676,73.9728,83.7381,83.7381
46.80668926239014,0.09406951840823267,0.9999847412109375,0.0,2,-0.244007,2.0,10425.6,83.6413,-6.68088,-8.30053,-1.0,-1.0,-1.0,-1.0,-1.0,-1.0,-1.0,-1.0,-1.0,-1.0,-1.0,-1.0,-1.0,-1.0,-1.0,-1.0,-1.0,-1.0,-1.0,1.01412,75.926,73.9745,80.1774,80.1774
46.826672315597534,0.11777524776962772,0.49999237060546875,0.0,2,-0.218511,2.0,11580.3,84.3764,-6.10373,-8.3366,-1.0,-1.0,-1.0,-1.0,-1.0,-1.0,-1.0,-1.0,-1.0,-1.0,-1.0,-1.0,-1.0,-1.0,-1.0,-1.0,-1.0,-1.0,-1.0,1.02623,77.273,73.9745,88.0762,88.0762
46.8477144241333,0.1439396267912686,0.9999847412109375,0.0,2,-0.192344,2.0,10694.2,85.3402,-5.19977,-7.95062,-1.0,-1.0,-1.0,-1.0,-1.0,-1.0,-1.0,-1.0,-1.0,-1.0,-1.0,-1.0,-1.0,-1.0,-1.0,-1.0,-1.0,-1.0,-1.0,1.03715,78.2355,76.0311,82.0688,82.0688
46.86857342720032,0.1667631182807684,0.42352294921875,0.0,2,-0.167745,2.0,11858.8,85.979,-4.51836,-7.75669,-1.0,-1.0,-1.0,-1.0,-1.0,-1.0,-1.0,-1.0,-1.0,-1.0,-1.0,-1.0,-1.0,-1.0,-1.0,-1.0,-1.0,-1.0,-1.0,1.04694,79.2269,77.272,90.1812,90.1812
46.889304399490356,0.1662830808220307,0.4588165283203125,0.0,2,-0.145221,2.0,11152.1,86.739,-4.07778,-7.47538,-1.0,-1.0,-1.0,-1.0,-1.0,-1.0,-1.0,-1.0,-1.0,-1.0,-1.0,-1.0,-1.0,-1.0,-1.0,-1.0,-1.0,-1.0,-1.0,1.05546,80.3192,77.8285,85.0671,85.0671
46.90977597236633,0.16591370463009675,0.062744140625,0.0,2,-0.125723,2.0,10794.2,87.3238,-3.59117,-6.98622,-1.0,-1.0,-1.0,-1.0,-1.0,-1.0,-1.0,-1.0,-1.0,-1.0,-1.0,-1.0,-1.0,-1.0,-1.0,-1.0,-1.0,-1.0,-1.0,1.06278,81.4053,78.3609,82.6032,82.6032
46.92428231239319,0.16593000063856442,0.0,0.0,2,-0.109174,2.0,10466.9,87.298,-3.62349,-6.84233,-1.0,-1.0,-1.0,-1.0,-1.0,-1.0,-1.0,-1.0,-1.0,-1.0,-1.0,-1.0,-1.0,-1.0,-1.0,-1.0,-1.0,-1.0,-1.0,1.06889,81.9696,78.3541,78.6173,81.8491
46.94576454162598,0.15998737922624778,0.0,0.0,2,-0.0923432,2.0,9926.49,87.3263,-3.37521,-6.42599,-1.0,-1.0,-1.0,-1.0,-1.0,-1.0,-1.0,-1.0,-1.0,-1.0,-1.0,-1.0,-1.0,-1.0,-1.0,-1.0,-1.0,-1.0,-1.0,1.07368,81.8542,78.3296,78.0052,74.4919
46.967002630233765,0.13211262882941463,0.0,0.0,2,-0.063844,2.0,9921.47,87.0612,-3.10369,-6.18743,-1.0,-1.0,-1.0,-1.0,-1.0,-1.0,-1.0,-1.0,-1.0,-1.0,-1.0,-1.0,-1.0,-1.0,-1.0,-1.0,-1.0,-1.0,-1.0,1.07691,81.4359,78.5101,77.6801,74.3581
46.98693585395813,0.11173229741520434,0.0,0.0,2,-0.0324519,2.0,9910.58,86.8074,-2.60208,-5.8986,-1.0,-1.0,-1.0,-1.0,-1.0,-1.0,-1.0,-1.0,-1.0,-1.0,-1.0,-1.0,-1.0,-1.0,-1.0,-1.0,-1.0,-1.0,-1.0,1.07816,80.8816,78.5895,77.0912,74.8104
47.00938653945923,0.10220799014468987,0.0,0.0,2,0.002433,2.0,9891.79,86.596,-2.09802,-5.78393,-1.0,-1.0,-1.0,-1.0,-1.0,-1.0,-1.0,-1.0,-1.0,-1.0,-1.0,-1.0,-1.0,-1.0,-1.0,-1.0,-1.0,-1.0,-1.0,1.0772,80.3121,78.6916,76.5626,75.0473
47.02370262145996,0.09310572140916312,0.0,0.0,2,0.0394956,2.0,9879.27,86.3703,-1.29277,-5.35046,-1.0,-1.0,-1.0,-1.0,-1.0,-1.0,-1.0,-1.0,-1.0,-1.0,-1.0,-1.0,-1.0,-1.0,-1.0,-1.0,-1.0,-1.0,-1.0,1.07398,79.7942,78.9552,76.1858,75.2386
47.04732656478882,0.08873606453265157,0.0,0.0,2,0.0795953,2.0,9847.19,86.1827,-0.774397,-5.12263,-1.0,-1.0,-1.0,-1.0,-1.0,-1.0,-1.0,-1.0,-1.0,-1.0,-1.0,-1.0,-1.0,-1.0,-1.0,-1.0,-1.0,-1.0,-1.0,1.06839,79.5536,78.8661,75.953,74.9885
47.06917691230774,0.08879422017884192,0.0,0.0,2,0.13193,2.0,9812.93,86.0098,-0.495705,-5.0817,-1.0,-1.0,-1.0,-1.0,-1.0,-1.0,-1.0,-1.0,-1.0,-1.0,-1.0,-1.0,-1.0,-1.0,-1.0,-1.0,-1.0,-1.0,-1.0,1.0594,79.4632,78.7736,75.7671,74.6482
47.08416390419006,0.08884773413667238,0.0,0.0,2,0.183071,2.0,9781.55,85.8507,-0.425901,-5.29776,-1.0,-1.0,-1.0,-1.0,-1.0,-1.0,-1.0,-1.0,-1.0,-1.0,-1.0,-1.0,-1.0,-1.0,-1.0,-1.0,-1.0,-1.0,-1.0,1.04651,79.3756,78.7736,75.5329,74.3988
47.106035470962524,0.08889045112375264,0.0,0.0,2,0.233607,2.0,9733.18,85.7237,-0.450786,-5.76299,-1.0,-1.0,-1.0,-1.0,-1.0,-1.0,-1.0,-1.0,-1.0,-1.0,-1.0,-1.0,-1.0,-1.0,-1.0,-1.0,-1.0,-1.0,-1.0,1.02968,79.2381,78.7736,75.2868,73.9904
47.1291766166687,0.08890699975181837,0.0,0.0,2,0.28283,2.0,9595.77,85.6745,-0.58115,-6.48403,-1.0,-1.0,-1.0,-1.0,-1.0,-1.0,-1.0,-1.0,-1.0,-1.0,-1.0,-1.0,-1.0,-1.0,-1.0,-1.0,-1.0,-1.0,-1.0,1.00892,79.124,78.7736,74.47,72.7487
47.14489388465881,0.08895819286546887,0.0,0.0,2,0.352275,2.0,9641.87,85.5223,-0.604259,-6.97036,0.241594,34.7797,41.1284,45.5524,48.1885,49.5048,50.2065,50.8201,24.1876,22.7121,21.9164,21.3319,20.6917,20.1276,19.3415,18.1736,16.6099,14.9971,12.2801,0.983829,79.0415,78.7736,74.8974,72.6073
47.167064905166626,0.08902388284638835,0.0,0.0,2,0.425221,2.0,9713.5,85.327,-0.446154,-7.04112,1.03923,34.358,40.5854,44.9459,47.5504,48.8523,49.5468,50.1543,50.5885,22.7407,21.7752,21.1252,20.4368,19.8353,19.0138,17.8469,16.2993,14.7042,12.0132,0.953398,78.8437,78.7736,74.7467,74.1896
47.189181327819824,0.08906229449933767,0.0,0.0,2,0.492358,2.0,9697.02,85.2128,-0.257887,-6.92183,2.44046,33.8964,40.0047,44.3021,46.8748,48.1619,48.8492,49.4507,49.8804,23.1796,21.7792,21.0074,20.2436,19.5891,18.7165,17.5376,16.0026,14.4218,11.7507,0.918082,78.9312,77.621,74.9576,73.6959
47.20448303222656,0.08909172549437328,0.0,0.0,2,0.551997,2.0,9562.74,85.1253,-0.331435,-6.54657,3.70896,33.3132,39.3057,43.5403,46.0809,47.3529,48.0326,48.6279,49.0532,49.4788,22.3856,21.1846,20.2332,19.479,18.5053,17.2799,15.746,14.1684,11.4969,0.878499,79.1511,77.2836,74.7915,71.935
47.229103326797485,0.08910403605915389,0.0,0.0,2,0.578962,2.0,9348.32,85.0887,-0.876825,-6.2662,4.82211,32.623,38.5,42.6709,45.1779,46.4344,47.1061,47.6948,48.1156,48.5367,48.9581,22.1675,20.5156,19.5502,18.3986,17.07,15.5262,13.9413,11.2505,0.835266,79.3865,76.9851,73.4722,69.9568
47.24454998970032,0.0723862347991364,0.0,0.0,2,0.56722,2.0,9148.08,85.0409,-1.60868,-6.16124,5.77926,31.854,37.6137,41.7184,44.1903,45.431,46.094,46.6755,47.0914,47.5078,47.9245,48.3416,21.6227,19.8989,18.4249,16.9001,15.3361,13.7351,11.0101,0.791512,79.5584,76.7184,72.2401,68.1088
47.26843452453613,0.0647168746403198,0.0,0.0,2,0.554645,2.0,9189.44,84.8539,-2.33504,-6.16242,6.61112,31.067,36.7061,40.7415,43.177,44.4011,45.0553,45.629,46.0396,46.4508,46.8627,47.275,47.8529,20.9208,18.602,16.7717,15.1587,13.5379,10.7735,0.747994,79.4981,76.5817,74.3388,66.3581
47.284050703048706,0.05404855409908295,0.0,0.0,2,0.5462,2.0,9677.38,84.3779,-1.55995,-5.27138,7.45837,30.4831,35.9997,39.9659,42.3656,43.5732,44.2191,44.7852,45.1906,45.5968,46.0038,46.4113,46.9829,47.6376,18.7018,16.5837,14.9222,13.3009,10.5328,0.705488,78.6709,76.73,74.8894,73.3831
47.30718469619751,0.04743591631267965,0.0,0.0,2,0.544742,2.0,9663.23,84.1964,-0.593457,-4.15362,8.45249,30.2088,35.6061,39.507,41.8736,43.0661,43.7044,44.2641,44.6649,45.0667,45.4693,45.8726,46.4384,47.0867,18.435,16.2399,14.5838,12.9949,10.2817,0.664239,78.1082,77.2551,74.0841,74.0288
47.33084535598755,0.03273955033885874,0.0,0.0,2,0.54516,2.0,9641.87,84.0338,-0.183035,-3.0634,9.49166,30.0082,35.2908,39.1291,41.4638,42.642,43.273,43.8264,44.223,44.6205,45.019,45.4183,45.9787,46.6209,18.0589,15.8562,14.2214,12.6732,10.0296,0.623601,77.7809,77.288,73.8348,73.9555
47.34685277938843,0.01867827949016355,0.0,0.0,2,0.545405,2.0,9615.03,83.8926,-0.0122785,-2.47436,10.5205,29.7938,34.9652,38.7418,41.0452,42.209,42.8327,43.3801,43.7724,44.1657,44.5601,44.9554,45.5103,46.1465,17.7059,15.4828,13.8641,12.3555,9.7796,0.583218,77.3059,77.194,73.6533,73.7282
47.37036156654358,0.004928898340959102,0.0,0.0,2,0.545371,2.0,9584.12,83.7561,0.0626084,-2.39513,11.4969,29.5632,34.6262,38.3419,40.614,41.7636,42.38,42.9212,43.3092,43.6984,44.0887,44.48,45.0294,45.6595,17.3832,15.1215,13.5122,12.0418,9.53114,0.542982,77.0612,77.0979,73.4382,73.4789
47.38674068450928,-0.0011049617504080135,0.29803466796875,0.0,2,0.545289,2.0,9511.93,83.65,0.100849,-2.69087,12.2373,29.3271,34.2844,37.9399,40.181,41.3164,41.9256,42.4606,42.8443,43.2293,43.6155,44.0028,44.5467,45.1707,17.0753,14.7661,13.1619,11.7294,9.28344,0.502853,76.914,76.9085,73.3389,72.567
47.41016244888306,-0.006018226172541579,0.478424072265625,0.0,2,0.54529,2.0,10054.7,83.6788,0.129227,-3.21972,12.8125,29.0905,33.9449,37.541,39.7514,40.8726,41.4746,42.0036,42.383,42.7638,43.1459,43.5292,44.0676,44.6856,16.7729,14.4125,12.8108,11.4165,9.03579,0.462763,76.8531,76.8475,77.0119,77.0119
47.42572522163391,-0.030146917754229157,0.6588134765625,0.0,2,0.545177,2.0,10996.8,83.7228,0.118525,-3.84177,13.2723,28.8462,33.5998,37.137,39.3166,40.4238,41.0186,41.5414,41.9165,42.2932,42.6711,43.0503,43.5833,44.1952,16.494,14.0659,12.4611,11.1045,8.78829,0.422657,76.9053,76.8956,83.881,83.881
47.449300050735474,-0.06880404566972516,0.35881805419921875,0.0,2,0.545786,2.0,12496.3,83.707,0.0982871,-4.47662,13.6709,28.626,33.2825,36.7625,38.9123,40.0057,40.5935,41.1103,41.4813,41.8539,42.2278,42.6031,43.1307,43.7367,16.1609,13.7031,12.1019,10.786,8.53926,0.38255,76.8387,76.9708,95.1934,95.1934
47.46573758125305,-0.13924489446128907,0.37646484375,0.0,2,0.547866,2.0,13093.9,83.6916,0.112735,-5.1053,14.0442,28.4558,33.021,36.4467,38.5683,39.6487,40.2298,40.7411,41.1082,41.4769,41.8471,42.2187,42.7413,43.3416,15.697,13.3023,11.7243,10.4545,8.28687,0.342364,76.6624,77.119,100.099,100.099
47.48910450935364,-0.1680735485177394,0.37646484375,0.0,2,0.551874,2.0,13410.7,83.867,0.200257,-5.68176,14.4164,28.3492,32.8297,36.2054,38.301,39.3695,39.9443,40.4506,40.8143,41.1795,41.5463,41.9146,42.4325,43.0279,15.0781,12.8514,11.3236,10.1065,8.02981,0.301975,76.468,77.3019,102.701,102.701
47.50524616241455,-0.21286672019591554,0.3411712646484375,0.0,2,0.557067,2.0,13408.0,84.2155,0.385809,-6.19995,14.7727,28.2761,32.6771,36.0057,38.0772,39.1344,39.7036,40.2053,40.5657,40.9278,41.2914,41.6565,42.1701,42.7611,14.4035,12.3743,10.9108,9.74906,7.76926,0.261269,76.4916,77.5844,102.947,102.947
47.53038144111633,-0.24032212678212672,0.2627410888671875,0.0,2,0.56376,2.0,12675.8,84.9482,0.723827,-6.57589,15.1235,28.2441,32.5715,35.8569,37.9064,38.9532,39.5175,40.0151,40.3725,40.7317,41.0924,41.4546,41.9645,42.5516,13.6828,11.867,10.4827,9.38,7.50411,0.220091,76.5509,78.0382,97.4523,97.4523
47.54667949676514,-0.2847417742436131,0.06862640380859375,0.0,2,0.571293,2.0,11568.5,85.7875,1.1237,-6.89179,15.4544,28.2273,32.4854,35.7301,37.7594,38.7966,39.3564,39.8501,40.2048,40.5612,40.9192,41.2788,41.7854,15.1161,12.9729,11.3498,10.0478,9.00499,7.23529,0.178347,76.6844,78.5831,89.0716,89.0716
47.56918907165527,-0.30792574508482,0.0,0.0,2,0.578386,2.0,10175.0,86.5311,1.37726,-7.20023,15.74,28.183,32.3725,35.5773,37.5859,38.6137,39.1689,39.6585,40.0104,40.364,40.7193,41.0763,41.5796,13.9378,12.326,10.8505,9.6195,8.63297,6.96445,0.135958,76.6854,79.0462,78.2244,78.3929
47.585628271102905,-0.3161079135019332,0.0,0.0,2,0.582864,2.0,9873.12,86.5553,1.23895,-7.51466,15.9407,28.0448,32.1609,35.321,37.3059,38.323,38.8727,39.3576,39.7062,40.0565,40.4085,40.7626,41.2618,13.2351,11.8036,10.408,9.21902,8.27774,6.69482,0.0929965,76.6996,79.3025,75.0366,76.3039
47.608248233795166,-0.3163099770569553,0.0,0.0,2,0.586845,2.0,9819.83,86.3869,0.991071,-7.89461,16.1102,27.8873,31.9307,35.0461,37.0069,38.0131,38.5572,39.0373,39.3824,39.7294,40.0783,40.4293,40.9242,12.6077,11.305,9.97701,8.82553,7.92538,6.42425,0.0496718,77.3281,79.3638,74.7997,75.7743
47.63118100166321,-0.30016784739601987,0.0,0.0,2,0.593473,2.0,9745.47,86.2277,0.903936,-8.30777,16.3135,27.8091,31.7904,34.8677,36.8083,37.8057,38.3451,38.8212,39.1635,39.5077,39.8542,40.2027,12.9848,11.8348,10.7225,9.5005,8.40951,7.55725,6.14866,0.00596134,77.7486,79.5709,74.2928,75.0416
47.646082401275635,-0.23215894116748498,0.0,0.0,2,0.603406,2.0,9668.73,86.0732,1.05447,-8.75414,16.5607,27.8271,31.759,34.8069,36.7325,37.7235,38.2595,38.7326,39.073,39.4156,39.7605,13.0927,11.7416,10.9663,10.0623,8.97612,7.96813,7.17226,5.86778,-0.0381882,77.7358,79.9363,73.3638,74.9097
47.66905403137207,-0.21150471020524578,0.0,0.0,2,0.616287,2.0,9640.95,85.9161,1.50872,-9.20313,16.8415,27.9267,31.8209,34.8477,36.7635,37.7504,38.2842,38.7557,39.0953,39.4371,12.1184,11.332,10.6442,10.0946,9.3675,8.42334,7.50992,6.7761,5.58314,-0.0827501,77.4686,80.3356,72.4497,75.2981
47.68404746055603,-0.19181580264622158,0.0,0.0,2,0.630801,2.0,9655.14,85.7386,1.9773,-9.547,17.1301,28.0665,31.9306,34.9419,36.8517,37.8357,38.3685,38.8395,12.268,11.1713,10.5884,10.1572,9.69392,9.27984,8.68628,7.87011,7.04923,6.37771,5.29655,-0.12777,77.1338,80.4448,72.2012,75.7629
47.70603609085083,-0.16700081522456556,0.0,0.0,2,0.64612,2.0,9657.83,85.5656,2.42468,-9.80861,17.4132,28.2216,32.0606,35.0605,36.9665,37.949,38.4816,10.9495,10.3068,9.85268,9.49492,9.20044,8.85639,8.52883,8.0357,7.32918,6.59343,5.98154,5.00859,-0.173318,76.8644,80.3958,72.0353,75.9788
47.728410482406616,-0.1438870996973167,0.0,0.0,2,0.66158,2.0,9651.79,85.3968,2.83082,-10.0085,17.6821,28.3725,32.1905,35.1811,37.0836,38.0659,10.2347,9.5228,9.15479,8.85472,8.59987,8.37731,8.1057,7.83781,7.42133,6.80669,6.14676,5.59013,4.71939,-0.219457,76.6857,80.2582,71.8959,76.0305
47.74918007850647,-0.11737650260794909,0.0,0.0,2,0.676552,2.0,9642.23,85.2314,3.15508,-10.1637,17.9265,28.502,32.3002,35.2817,37.1811,9.68703,8.95455,8.50682,8.24908,8.0254,7.82724,7.64909,7.42627,7.2016,6.84446,6.30581,5.71204,5.2051,4.42897,-0.266208,76.5849,80.0437,71.827,75.9543
47.7641863822937,-0.09810768953381852,0.0,0.0,2,0.690553,2.0,9623.15,85.0769,3.4219,-10.3266,18.139,28.5976,32.3742,35.3455,10.4399,8.48575,8.00659,7.68024,7.48093,7.3025,7.14084,6.99302,6.80526,6.61311,6.30278,5.82682,5.29027,4.82688,4.13708,-0.313586,76.5533,79.7802,71.8228,75.6806
47.784104108810425,-0.06848910967340972,0.0,0.0,2,0.703705,2.0,9606.88,84.9259,3.64559,-10.5071,18.3226,28.6631,32.4165,35.3766,8.58081,7.56763,7.21386,6.95717,6.79549,6.64812,6.5127,6.38746,6.22666,6.06033,5.78857,5.36558,4.87963,4.45418,3.84352,-0.36155,76.5118,79.5452,71.8159,75.4241
47.80451798439026,-0.03818399239741266,0.0,0.0,2,0.715395,2.0,9598.3,84.7788,3.75646,-10.6647,18.4686,28.6815,32.4081,35.3543,7.53082,6.80454,6.52301,6.31178,6.17627,6.05133,5.93545,5.82744,5.68769,5.54201,5.30189,4.92327,4.48146,4.08915,3.54814,-0.410091,76.5536,79.2402,71.8739,75.2318
47.82442355155945,-0.03004314369917102,0.0,0.0,2,0.724952,2.0,9595.95,84.6394,3.72567,-10.8315,18.569,28.635,32.3287,35.2561,6.71407,6.14353,5.90892,5.72938,5.61288,5.50463,5.40359,5.30891,5.18574,5.05659,4.84228,4.50055,4.09677,3.73371,3.25084,-0.459183,76.6783,78.91,72.0809,74.9829
47.84457325935364,-0.030057997676940635,0.0,0.0,2,0.731411,2.0,9591.11,84.5082,3.53271,-11.1088,18.6098,28.4981,32.1487,8.77582,6.04167,5.5637,5.36086,5.2038,5.10115,5.0053,4.91547,4.83099,4.72069,4.6046,4.4109,4.09909,3.72723,3.38932,2.9516,-0.508784,76.9089,78.8414,72.3646,74.6354
47.86556887626648,-0.030070677901865912,0.0,0.0,2,0.734738,2.0,9577.7,84.3962,3.10143,-11.3594,18.5935,28.2731,31.8697,7.18039,5.45557,5.03964,4.85988,4.71968,4.62763,4.54142,4.4604,4.38404,4.2841,4.17863,4.00209,3.71525,3.37088,3.05522,2.65042,-0.55883,77.1573,78.8414,72.5192,74.2763
47.885733127593994,-0.0411938088390613,0.0,0.0,2,0.735598,2.0,9564.09,84.3053,2.63702,-11.6985,18.5339,27.9819,31.5155,6.30214,4.91502,4.54666,4.38556,4.25929,4.17614,4.09809,4.02461,3.95525,3.86431,3.76819,3.60693,3.34283,3.02384,2.72936,2.34727,-0.609274,77.2654,78.8414,72.6181,73.9634
47.90574812889099,-0.07259371226926645,0.0,0.0,2,0.733447,2.0,9569.87,84.2248,2.17731,-12.1148,18.4244,27.612,31.0717,5.609,4.41573,4.08379,3.93765,3.8228,3.74704,3.67585,3.60876,3.54537,3.46221,3.37422,3.22645,2.98322,2.68753,2.41316,2.04315,-0.659941,77.266,78.8414,73.1103,73.5459
47.92578148841858,-0.11283901105760596,0.0,0.0,2,0.702362,2.0,9577.58,84.155,1.70411,-12.565,18.284,27.1953,30.5743,4.97542,3.93142,3.63201,3.49961,3.39537,3.32654,3.26182,3.20079,3.1431,3.06737,2.98722,2.85253,2.63053,2.35829,2.10474,1.7467,-0.710094,77.266,78.8414,73.7402,73.0353
47.946540117263794,-0.11787487992395956,0.0,0.0,2,0.660631,2.0,9561.14,84.1072,1.27577,-13.0853,18.1297,26.7621,30.0577,4.34372,3.44303,3.17696,3.05878,2.96557,2.90396,2.84598,2.79128,2.73955,2.67161,2.59968,2.47875,2.27933,2.03323,1.80262,1.46458,-0.75813,77.266,78.8414,74.0402,72.5619
47.965853452682495,-0.11786291035668302,0.0,0.0,2,0.616832,2.0,9438.04,84.1342,0.92665,-13.7572,17.9748,26.3357,29.5493,3.68628,2.93831,2.70899,2.60652,2.52551,2.47187,2.42134,2.37364,2.32849,2.26916,2.20629,2.10051,1.92595,1.71006,1.5056,1.19669,-0.803778,77.266,78.8414,74.1039,70.6371
47.985820055007935,-0.08939563016281525,0.0,0.0,2,0.571313,2.0,9313.7,84.1707,0.641754,-14.412,17.8243,25.9261,29.0606,3.00425,2.41438,2.22543,2.14032,2.0728,2.02801,1.98575,1.9458,1.90795,1.85815,1.80533,1.71635,1.56928,1.38715,1.2135,0.942998,-0.84682,77.266,78.8414,74.1267,68.7059
48.00613784790039,-0.03542907185219322,0.0,0.0,2,0.524032,2.0,9159.86,84.2333,0.401826,-15.1437,17.6781,25.5325,28.591,2.31044,1.8742,1.72805,1.6616,1.60866,1.57344,1.54015,1.50863,1.47872,1.43932,1.39746,1.32682,1.20981,1.06461,0.925944,0.703667,-0.887033,77.266,78.8414,73.6685,66.861
48.0260009765625,-0.01145011128808558,0.0,0.0,2,0.474512,2.0,8972.66,84.3284,0.145603,-15.973,17.53,25.1435,28.1271,1.61565,1.32268,1.22027,1.17323,1.13558,1.11046,1.08666,1.06408,1.04262,1.0143,0.984165,0.933197,0.848537,0.743236,0.642507,0.478681,-0.924209,77.266,78.8414,72.5172,65.1337
48.046220541000366,-0.0030614802153464404,0.0,0.0,2,0.434438,2.0,8798.11,84.4238,-0.11339,-16.799,17.3788,24.7564,1.60319,0.921231,0.760844,0.702526,0.675454,0.653672,0.639088,0.62524,0.612075,0.599537,0.58296,0.565282,0.535313,0.485372,0.423075,0.363391,0.265447,-0.958517,77.266,78.8414,71.4435,63.5231
48.066940784454346,-0.0006660906532220543,0.0,0.0,2,0.393313,2.0,8634.99,84.518,-0.373873,-17.6259,17.2245,24.3712,0.350077,0.227315,0.189325,0.175,0.168277,0.162837,0.159181,0.155701,0.152383,0.14922,0.145027,0.140544,0.132921,0.120175,0.104218,0.0889068,0.0636091,-0.990207,77.266,78.8414,70.4401,62.0182
48.08671545982361,0.0,0.0,0.0,2,0.350914,2.0,8482.28,84.613,-0.640313,-18.4531,-1.0,-1.0,-1.0,-1.0,-1.0,-1.0,-1.0,-1.0,-1.0,-1.0,-1.0,-1.0,-1.0,-1.0,-1.0,-1.0,-1.0,-1.0,-1.0,-1.01915,77.266,78.8414,69.5009,60.6093
48.108598470687866,0.0006669954769313336,0.0,0.0,2,0.307504,2.0,8339.06,84.7478,-0.907558,-19.0561,-1.0,-1.0,-1.0,-1.0,-1.0,-1.0,-1.0,-1.0,-1.0,-1.0,-1.0,-1.0,-1.0,-1.0,-1.0,-1.0,-1.0,-1.0,-1.0,-1.04521,77.266,77.4322,68.6202,59.2882
48.12810254096985,0.0006668187025934458,0.0,0.0,2,0.263107,2.0,8204.52,84.8181,-1.12893,-19.3916,-1.0,-1.0,-1.0,-1.0,-1.0,-1.0,-1.0,-1.0,-1.0,-1.0,-1.0,-1.0,-1.0,-1.0,-1.0,-1.0,-1.0,-1.0,-1.0,-1.06824,77.4879,77.5325,67.7928,58.0472
48.146968841552734,0.0006667218916118144,0.0,0.0,2,0.225798,2.0,8077.93,84.8566,-1.33385,-19.4636,-1.0,-1.0,-1.0,-1.0,-1.0,-1.0,-1.0,-1.0,-1.0,-1.0,-1.0,-1.0,-1.0,-1.0,-1.0,-1.0,-1.0,-1.0,-1.0,-1.08837,78.2225,77.5194,67.0145,56.8796
48.16670823097229,0.0,0.0,0.0,2,0.18783,2.0,7958.66,84.9093,-1.57749,-19.5155,-1.0,-1.0,-1.0,-1.0,-1.0,-1.0,-1.0,-1.0,-1.0,-1.0,-1.0,-1.0,-1.0,-1.0,-1.0,-1.0,-1.0,-1.0,-1.0,-1.10585,78.4178,77.4917,66.2812,55.7797
48.18818235397339,-0.00305550195509692,0.0,0.0,2,0.148606,2.0,7846.13,84.9424,-1.86507,-19.3661,-1.0,-1.0,-1.0,-1.0,-1.0,-1.0,-1.0,-1.0,-1.0,-1.0,-1.0,-1.0,-1.0,-1.0,-1.0,-1.0,-1.0,-1.0,-1.0,-1.12062,78.5837,77.4326,65.5893,54.7419
48.21016025543213,-0.030005001129730605,0.0,0.0,2,0.108202,2.0,7739.81,84.9763,-2.24058,-19.4239,-1.0,-1.0,-1.0,-1.0,-1.0,-1.0,-1.0,-1.0,-1.0,-1.0,-1.0,-1.0,-1.0,-1.0,-1.0,-1.0,-1.0,-1.0,-1.0,-1.13263,78.6968,77.3845,64.9357,53.7615
48.224181175231934,-0.07238030835725368,0.070587158203125,0.0,2,0.0677454,2.0,7668.17,85.0061,-2.72108,-19.6554,-1.0,-1.0,-1.0,-1.0,-1.0,-1.0,-1.0,-1.0,-1.0,-1.0,-1.0,-1.0,-1.0,-1.0,-1.0,-1.0,-1.0,-1.0,-1.0,-1.14187,78.7294,77.4535,64.5392,52.8343
48.24452757835388,-0.10772901178090274,0.2156829833984375,0.0,2,0.0355985,2.0,8307.02,84.6583,-2.83113,-19.5732,-1.0,-1.0,-1.0,-1.0,-1.0,-1.0,-1.0,-1.0,-1.0,-1.0,-1.0,-1.0,-1.0,-1.0,-1.0,-1.0,-1.0,-1.0,-1.0,-1.14854,78.3952,77.5643,73.9144,53.1367
48.264246702194214,-0.11759723029487457,0.32940673828125,0.0,2,0.00721854,2.0,9891.73,84.7335,-2.48212,-19.4435,-1.0,-1.0,-1.0,-1.0,-1.0,-1.0,-1.0,-1.0,-1.0,-1.0,-1.0,-1.0,-1.0,-1.0,-1.0,-1.0,-1.0,-1.0,-1.0,-1.15265,77.9596,77.8983,75.7861,75.7861
48.284106731414795,-0.11744260121835397,0.45489501953125,0.0,2,-0.0189689,2.0,9947.89,85.0823,-1.97679,-19.0518,-1.0,-1.0,-1.0,-1.0,-1.0,-1.0,-1.0,-1.0,-1.0,-1.0,-1.0,-1.0,-1.0,-1.0,-1.0,-1.0,-1.0,-1.0,-1.0,-1.15422,77.7541,78.408,76.1956,76.1956
48.30514574050903,-0.11722812430545067,0.619598388671875,0.0,2,-0.0432652,2.0,10048.8,85.5661,-1.43076,-18.1589,-1.0,-1.0,-1.0,-1.0,-1.0,-1.0,-1.0,-1.0,-1.0,-1.0,-1.0,-1.0,-1.0,-1.0,-1.0,-1.0,-1.0,-1.0,-1.0,-1.15328,77.7784,79.1871,77.0494,77.0494
48.32581090927124,-0.11690982247935608,0.7646942138671875,0.0,2,-0.0669821,2.0,10258.8,86.2841,-1.07315,-17.3083,-1.0,-1.0,-1.0,-1.0,-1.0,-1.0,-1.0,-1.0,-1.0,-1.0,-1.0,-1.0,-1.0,-1.0,-1.0,-1.0,-1.0,-1.0,-1.0,-1.14999,77.7862,79.7877,78.3756,78.3756
48.345661878585815,-0.11654683426876242,0.8666534423828125,0.0,2,-0.0859473,2.0,10646.6,87.1029,-0.782124,-16.7859,-1.0,-1.0,-1.0,-1.0,-1.0,-1.0,-1.0,-1.0,-1.0,-1.0,-1.0,-1.0,-1.0,-1.0,-1.0,-1.0,-1.0,-1.0,-1.0,-1.14467,77.7862,80.6232,81.7802,81.7802
48.36460304260254,-0.11617994486587123,0.9686126708984375,0.0,2,-0.103937,2.0,11411.0,87.9305,-0.412002,-16.6308,-1.0,-1.0,-1.0,-1.0,-1.0,-1.0,-1.0,-1.0,-1.0,-1.0,-1.0,-1.0,-1.0,-1.0,-1.0,-1.0,-1.0,-1.0,-1.0,-1.13749,77.7862,81.5363,86.9362,86.9362
48.385977029800415,-0.11592853962133327,0.49999237060546875,0.0,2,-0.120833,2.0,12715.7,88.4976,0.0980921,-16.5679,-1.0,-1.0,-1.0,-1.0,-1.0,-1.0,-1.0,-1.0,-1.0,-1.0,-1.0,-1.0,-1.0,-1.0,-1.0,-1.0,-1.0,-1.0,-1.0,-1.12841,79.0242,82.2205,97.289,97.289
48.40587663650513,-0.11566822369893393,0.49999237060546875,0.0,2,-0.137007,2.0,12639.0,89.0848,0.623764,-16.3315,-1.0,-1.0,-1.0,-1.0,-1.0,-1.0,-1.0,-1.0,-1.0,-1.0,-1.0,-1.0,-1.0,-1.0,-1.0,-1.0,-1.0,-1.0,-1.0,-1.11743,80.2602,82.8143,96.7595,96.7595
48.42553687095642,-0.11546930722349012,0.49999237060546875,0.0,2,-0.152948,2.0,12871.6,89.5335,1.13664,-16.306,-1.0,-1.0,-1.0,-1.0,-1.0,-1.0,-1.0,-1.0,-1.0,-1.0,-1.0,-1.0,-1.0,-1.0,-1.0,-1.0,-1.0,-1.0,-1.0,-1.10461,80.6084,83.275,98.4729,98.4729
48.44591522216797,-0.11533950391613568,0.49999237060546875,0.0,2,-0.164922,2.0,13367.8,89.8263,1.66617,-16.3972,-1.0,-1.0,-1.0,-1.0,-1.0,-1.0,-1.0,-1.0,-1.0,-1.0,-1.0,-1.0,-1.0,-1.0,-1.0,-1.0,-1.0,-1.0,-1.0,-1.09011,81.043,83.6787,102.26,102.26
48.46593761444092,-0.11508911830140278,0.49999237060546875,0.0,2,-0.17464,2.0,13385.4,90.3911,2.3185,-16.4794,-1.0,-1.0,-1.0,-1.0,-1.0,-1.0,-1.0,-1.0,-1.0,-1.0,-1.0,-1.0,-1.0,-1.0,-1.0,-1.0,-1.0,-1.0,-1.0,-1.07411,81.1898,84.3598,102.573,102.573
48.4840452671051,-0.15194022862989362,0.49999237060546875,0.0,2,-0.182311,2.0,13110.0,91.0883,3.09953,-16.3602,-1.0,-1.0,-1.0,-1.0,-1.0,-1.0,-1.0,-1.0,-1.0,-1.0,-1.0,-1.0,-1.0,-1.0,-1.0,-1.0,-1.0,-1.0,-1.0,-1.05662,81.3948,85.1296,100.71,100.71
48.50414180755615,-0.22691130964494588,0.49999237060546875,0.0,2,-0.189627,2.0,12342.9,92.0389,3.62752,-15.8547,-1.0,-1.0,-1.0,-1.0,-1.0,-1.0,-1.0,-1.0,-1.0,-1.0,-1.0,-1.0,-1.0,-1.0,-1.0,-1.0,-1.0,-1.0,-1.0,-1.03778,81.5739,85.9083,94.8649,94.8649
48.52427434921265,-0.3085692870343725,0.9999847412109375,0.0,2,-0.19707,2.0,11837.6,92.838,3.87998,-15.4017,-1.0,-1.0,-1.0,-1.0,-1.0,-1.0,-1.0,-1.0,-1.0,-1.0,-1.0,-1.0,-1.0,-1.0,-1.0,-1.0,-1.0,-1.0,-1.0,-1.01783,81.7007,86.4872,90.8008,90.8008
48.54441165924072,-0.37540342280311384,0.49999237060546875,0.0,2,-0.202528,2.0,12894.4,93.5754,4.1793,-15.1993,13.4845,17.668,19.5709,21.2632,22.5101,23.2149,23.616,23.9823,24.2533,24.5323,24.8197,25.1159,25.546,26.0607,27.0987,29.5091,34.8898,0.145454,0.0333061,-0.996947,81.7007,86.9118,98.143,98.143
48.56931161880493,-0.4104121719770233,0.49999237060546875,0.0,2,-0.206563,2.0,12184.0,94.4313,4.52729,-15.07,13.3301,17.4981,19.4024,21.1298,22.4097,23.1344,23.5471,23.9244,24.2037,24.4914,24.7879,25.0937,25.538,26.0703,27.1452,29.6506,35.2893,1.57256,0.273676,-0.975218,81.7007,87.4097,93.9191,93.9191
48.587682247161865,-0.44725595954087377,0.9999847412109375,0.0,2,-0.211211,2.0,11984.2,95.0554,4.78,-15.0695,13.1691,17.3163,19.2216,20.9874,22.299,23.0429,23.4671,23.8552,24.1426,24.4388,24.7444,25.0596,25.5179,26.0676,27.1794,29.7803,35.684,50.2575,0.529366,-0.95272,81.7007,87.8031,92.1901,92.1901
48.60716414451599,-0.4461265244135857,0.49999237060546875,0.0,2,-0.216232,2.0,13189.1,95.6992,5.00467,-15.1099,13.003,17.1262,19.0373,20.8407,22.1837,22.9468,23.3824,23.7813,24.0768,24.3817,24.6962,25.021,25.4936,26.0608,27.2103,29.9093,36.0906,51.688,0.801471,-0.92949,81.7007,88.1295,100.44,100.44
48.62435436248779,-0.4447125375968814,0.49999237060546875,0.0,2,-0.220751,2.0,12432.2,96.5052,5.08193,-14.8584,12.8366,16.9398,18.8659,20.7108,22.0886,22.8733,23.3217,23.7326,24.0373,24.3518,24.6765,25.012,25.5006,26.0877,27.2797,30.0903,36.5912,53.3734,1.08919,-0.905524,82.8576,88.7937,95.332,95.332
48.647685050964355,-0.44377274511833487,0.9999847412109375,0.0,2,-0.2225,2.0,12066.9,97.0409,5.07247,-14.5642,12.6822,16.7859,18.7467,20.6491,22.0751,22.8892,23.3551,23.7826,24.0998,24.4275,24.7662,25.1163,25.6268,26.2411,27.4911,30.454,37.3931,55.6046,1.38116,-0.881143,84.6455,89.628,92.6992,92.6992
48.664225578308105,-0.3783188226355414,0.49999237060546875,0.0,2,-0.220948,2.0,13159.4,97.5936,5.29692,-14.3076,12.5366,16.6559,18.6714,20.6453,22.1312,22.9822,23.4701,23.9182,24.2512,24.5954,24.9515,25.3201,25.8581,26.5066,27.8297,30.9859,38.4894,58.2537,1.67431,-0.856563,85.596,90.3369,100.621,100.621
48.68681597709656,-0.33444667662692074,0.49999237060546875,0.0,2,-0.21778,2.0,12565.5,98.2839,5.78484,-14.0787,12.3984,16.5492,18.6414,20.7024,22.2617,23.1579,23.6729,24.1466,24.499,24.8638,25.2415,25.6329,26.2051,26.8961,28.3108,31.7106,39.9414,61.311,1.96806,-0.831695,86.4124,91.2937,96.4026,96.4026
48.70713520050049,-0.293319225740994,0.9999847412109375,0.0,2,-0.216784,2.0,11949.8,99.0288,5.66063,-13.5346,12.2488,16.4216,18.5826,20.7221,22.349,23.2873,23.8277,24.3254,24.6961,25.0803,25.4786,25.8917,26.4966,27.2285,28.7316,32.371,41.3437,63.9991,2.27145,-0.806706,87.3816,91.9222,91.691,91.691
48.729164838790894,-0.24067641027013956,0.9999847412109375,0.0,2,-0.220941,2.0,12736.8,99.8319,5.06938,-13.0121,12.0738,16.2298,18.4291,20.6152,22.284,23.2493,23.806,24.3194,24.7022,25.0991,25.511,25.9387,26.5656,27.3253,28.8894,32.6987,42.2286,65.6777,2.59727,-0.781872,88.5004,92.2163,97.3889,97.3889
48.74331712722778,-0.19326623896936265,0.49999237060546875,0.0,2,-0.226237,2.0,13298.8,100.777,4.80524,-12.6981,11.8927,16.028,18.2596,20.4866,22.1931,23.1828,23.7545,24.2824,24.6763,25.0851,25.5097,25.9509,26.5984,27.3843,29.0063,32.9795,43.0654,67.1591,2.93947,-0.756795,89.6429,93.0213,101.681,101.681
48.76692461967468,-0.16839772934234082,0.9999847412109375,0.0,2,-0.229923,2.0,12670.5,101.581,4.79053,-12.5617,11.7124,15.8387,18.1073,20.3813,22.1311,23.149,23.7379,24.2824,24.6892,25.1117,25.551,26.0079,26.6792,27.4953,29.1844,33.349,44.0965,68.7761,3.29477,-0.731208,90.6548,94.072,97.2193,97.2193
48.7871994972229,-0.15642416765945344,0.49999237060546875,0.0,2,-0.233433,2.0,13698.1,102.313,4.88106,-12.5415,11.5283,15.6494,17.9544,20.2753,22.069,23.1156,23.7223,24.2839,24.7039,25.1407,25.5951,26.0683,26.7645,27.6122,29.3719,33.7403,45.2138,70.3546,3.66698,-0.705128,91.4869,94.8147,104.628,104.628
48.80582594871521,-0.15591072590309507,0.9999847412109375,0.0,2,-0.23653,2.0,13065.8,103.126,5.08424,-12.4952,11.3427,15.4698,17.8154,20.189,22.0323,23.1114,23.7382,24.3192,24.7543,25.2071,25.6788,26.1706,26.8951,27.779,29.6197,34.2239,46.5601,72.0396,4.05375,-0.678391,92.2777,95.6018,100.331,100.331
48.825533628463745,-0.1553549709884636,0.49999237060546875,0.0,2,-0.240124,2.0,13830.1,104.006,5.06836,-12.2932,11.1522,15.2871,17.6712,20.0962,21.9885,23.1002,23.7472,24.3479,24.7982,25.2674,25.7567,26.2674,27.0209,27.942,29.8665,34.7188,47.9642,73.6395,4.46204,-0.651123,93.1608,96.3532,105.729,105.729
48.84793281555176,-0.15482384612118516,0.9999847412109375,0.0,2,-0.243237,2.0,13135.5,104.847,5.13288,-12.1267,10.9619,15.1171,17.5453,20.0291,21.9776,23.1268,23.7971,24.4204,24.8882,25.3764,25.8861,26.4187,27.2058,28.1702,30.1926,35.3375,49.5176,75.3625,4.88229,-0.623313,93.9424,97.2266,100.825,100.825
48.864221811294556,-0.15433187671380116,0.49999237060546875,0.0,2,-0.24627,2.0,14075.2,105.626,5.20739,-12.0196,10.7683,14.9489,17.4214,19.9654,21.9724,23.1607,23.8556,24.5027,24.9892,25.4974,26.0287,26.5847,27.4078,28.4186,30.5468,36.0127,51.0638,77.0531,5.32028,-0.594979,94.6697,97.9049,107.554,107.554
48.886778116226196,-0.15382980267160573,0.9999847412109375,0.0,2,-0.247787,2.0,13447.0,106.421,5.4103,-11.9448,10.5744,14.7943,17.3177,19.9309,22.0053,23.239,23.9622,24.6371,25.1452,25.6767,26.2333,26.8166,27.6818,28.7471,30.9999,36.8494,52.7532,78.87,5.76941,-0.566106,95.3535,98.6892,103.212,103.212
48.90451622009277,-0.1703635375847419,0.49999237060546875,0.0,2,-0.249478,2.0,14378.8,107.2,5.59977,-11.8803,10.3772,14.6427,17.2181,19.9034,22.0489,23.3308,24.0844,24.789,25.3204,25.8771,26.4609,27.0738,27.9848,29.1096,31.4997,37.7793,54.4395,80.6615,6.21835,-0.53677,96.0313,99.3474,109.931,109.931
48.927937269210815,-0.18154093989302716,0.9999847412109375,0.0,2,-0.251074,2.0,13549.6,108.094,5.69308,-11.6743,10.1774,14.4985,17.1296,19.8932,22.1166,23.4518,24.2391,24.9767,25.5341,26.119,26.7334,27.3795,28.3421,29.5342,32.0808,38.8599,56.178,82.4869,6.62856,-0.506903,96.8014,100.068,104.07,104.07
48.94616389274597,-0.18090755108386278,0.49999237060546875,0.0,2,-0.253019,2.0,14332.6,108.938,5.60969,-11.4088,9.97591,14.3566,17.0439,19.8878,22.1926,23.5839,24.4069,25.1797,25.7648,26.3798,27.027,27.7089,28.7273,29.9925,32.7108,40.0504,57.8764,84.4175,7.00563,-0.476725,97.5506,100.807,109.587,109.587
48.964216232299805,-0.18030343024099865,0.9999847412109375,0.0,2,-0.25457,2.0,13637.7,109.743,5.65395,-11.2179,9.78161,14.2298,16.9809,19.9166,22.3148,23.7709,24.6352,25.4489,26.0663,26.7164,27.402,28.1259,29.2099,30.5616,33.4844,41.5058,59.6887,86.8521,7.3426,-0.446156,98.2727,101.624,104.66,104.66
48.98568558692932,-0.17974959026331702,0.49999237060546875,0.0,2,-0.255615,2.0,14610.3,110.481,5.71965,-11.105,9.59208,14.1055,16.9212,19.9518,22.448,23.9729,24.8813,25.7389,26.391,27.0792,27.8064,28.5759,29.7317,31.1786,34.3287,43.1033,61.4493,89.7921,7.65299,-0.415271,98.9632,102.258,111.647,111.647
49.00664973258972,-0.17918299245417116,0.9999847412109375,0.0,2,-0.255845,2.0,13991.3,111.236,5.94865,-11.0434,9.41097,14.0001,16.8911,20.0325,22.6442,24.2504,25.2113,26.1212,26.8149,27.5486,28.3258,29.1504,30.393,31.9555,35.3848,44.8859,63.355,94.0812,7.92685,-0.383979,99.6023,102.992,107.371,107.371
49.02700185775757,-0.17858262391467888,0.49999237060546875,0.0,2,-0.256446,2.0,14840.1,112.036,6.07239,-10.8888,9.23411,13.897,16.8646,20.1214,22.8554,24.5489,25.5665,26.5332,27.2722,28.0558,28.888,29.7734,31.1123,32.8043,36.5503,46.6308,65.1986,102.141,8.18035,-0.352322,100.357,103.611,113.508,113.508
49.046626567840576,-0.17798075445383787,0.9999847412109375,0.0,2,-0.255427,2.0,14039.8,112.838,5.97073,-10.4005,9.07262,13.8373,16.9075,20.3171,23.2128,25.0223,26.1155,27.1581,27.9578,28.8084,29.7146,30.6821,32.1519,34.0206,38.2036,48.7557,67.4163,160.465,8.3831,-0.320426,101.218,104.746,107.774,107.774
49.06573820114136,-0.17745017875706157,0.49999237060546875,0.0,2,-0.251687,2.0,14946.6,113.545,6.08966,-9.8926,8.93544,13.8514,17.0696,20.6979,23.8261,25.8032,27.006,28.1592,29.0477,29.9966,31.0119,32.101,33.7654,35.8991,40.7168,51.504,70.2505,153.773,8.51736,-0.288663,101.612,105.821,114.255,114.255
49.08689594268799,-0.17693085997040073,0.9999847412109375,0.0,2,-0.240513,2.0,14308.3,114.237,6.67981,-9.57245,8.81861,13.9292,17.34,21.2566,24.6965,26.9016,28.2552,29.5614,30.5738,31.6605,32.8299,34.0916,36.035,38.5539,43.7924,54.7165,73.5307,145.024,8.60171,-0.256927,102.035,106.67,109.78,109.78
49.10592484474182,-0.17646032112757365,0.49999237060546875,0.0,2,-0.220386,2.0,15362.1,114.864,7.42267,-9.4319,8.71132,14.0304,17.6559,21.9037,25.7124,28.1934,29.732,31.228,32.3954,33.6561,35.0217,36.5056,38.8065,41.5772,46.9091,57.9375,76.7903,42.8782,8.67081,-0.226237,102.498,107.137,117.377,117.377
49.126782178878784,-0.17590047746449708,0.9999847412109375,0.0,2,-0.200622,2.0,14599.5,115.61,8.26453,-9.32992,8.61089,14.149,18.0102,22.6345,26.8765,29.6901,31.4554,33.1871,34.549,36.0302,37.6472,39.3502,41.7743,44.5941,49.9964,61.1014,80.3452,36.9015,8.73156,-0.196677,102.974,107.579,112.197,112.197
49.14373850822449,-0.17508472671146194,0.49999237060546875,0.0,2,-0.186456,2.0,14919.9,116.697,8.20196,-8.92898,8.48803,14.1569,18.1792,23.0798,27.6579,30.7393,32.6912,34.6201,36.1469,37.8024,39.5009,41.2234,43.671,46.513,51.9453,63.0774,83.2486,34.494,8.85018,-0.168423,103.731,107.752,114.271,114.271
49.16678595542908,-0.17440931210453312,0.9999847412109375,0.0,2,-0.179372,2.0,14122.7,117.597,7.43587,-8.70454,8.33326,14.0056,18.0677,23.0618,27.7731,30.9695,33.0047,35.0243,36.6267,38.2981,39.9956,41.7167,44.1619,47.0007,52.4257,63.541,84.3337,33.9641,9.04264,-0.141543,104.587,107.867,108.296,108.296
49.18592071533203,-0.17386522811561822,0.49999237060546875,0.0,2,-0.177167,2.0,15237.3,118.322,6.46919,-8.80966,8.15869,13.7453,17.7577,22.7051,27.3871,30.5716,32.6028,34.621,36.2194,37.874,39.5555,41.2618,43.6877,46.5066,51.8997,62.9688,83.7518,34.4824,9.28306,-0.115918,105.543,107.94,116.397,116.397
49.20431423187256,-0.17334440840760867,0.9999847412109375,0.0,2,-0.174886,2.0,14803.8,119.016,5.74432,-9.07812,7.99021,13.4953,17.4613,22.3663,27.0235,30.1997,32.2293,34.2486,35.8411,37.4781,39.1434,40.8343,43.2401,46.0381,51.3978,62.4177,83.2039,34.9374,9.51213,-0.091136,106.662,108.349,113.523,113.523
49.22464299201965,-0.17287612094680468,0.49999237060546875,0.0,2,-0.171226,2.0,16071.5,119.64,5.23208,-9.39188,7.83438,13.2859,17.2328,22.1386,26.8217,30.0299,32.0858,34.1363,35.7277,37.3517,39.0043,40.6831,43.0731,45.8543,51.186,62.1627,83.1845,35.0704,9.71286,-0.0671083,107.718,109.003,122.714,122.714
49.243327140808105,-0.17237406275565428,0.49999237060546875,0.0,2,-0.165015,2.0,15613.9,120.309,5.07009,-9.68917,7.69682,13.1439,17.1218,22.1092,26.9154,30.2338,32.3717,34.4974,36.0857,37.705,39.3527,41.0266,43.4096,46.1826,51.4992,62.4472,84.2775,34.6287,9.86922,-0.0437594,108.515,109.871,119.794,119.794
49.26572585105896,-0.17190277345215282,0.9999847412109375,0.0,2,-0.156772,2.0,15271.0,120.937,5.06744,-9.95302,7.57515,13.0585,17.1108,22.2526,27.2736,30.7789,33.054,35.2261,36.8172,38.4386,40.0876,41.762,44.1448,46.9165,52.2279,63.1592,86.7753,33.7796,9.98742,-0.0211767,109.116,110.788,117.134,117.134
49.28487277030945,-0.17141422355314095,0.49999237060546875,0.0,2,-0.146507,2.0,16434.2,121.588,5.15329,-10.0628,7.47023,13.0334,17.2085,22.5903,27.9393,31.7297,34.1371,36.3246,37.9251,39.5543,41.2102,42.8903,45.2791,48.0557,53.371,64.2964,93.6473,32.6191,10.0673,0.000536521,109.696,111.817,125.548,125.548
49.30570912361145,-0.1708828973956903,0.49999237060546875,0.0,2,-0.132788,2.0,15818.8,122.296,5.63654,-10.1186,7.39101,13.1108,17.4982,23.2831,29.1832,33.3865,35.8442,38.0629,39.6827,41.3294,43.0004,44.694,47.0986,49.8897,55.2233,66.159,149.9,31.0243,10.0909,0.0213056,110.054,112.949,121.41,121.41
49.32565975189209,-0.17042811822702486,0.9999847412109375,0.0,2,-0.117323,2.0,15425.2,122.902,6.25437,-10.2015,7.32945,13.2572,17.9256,24.2556,30.9264,35.3855,37.8905,40.1447,41.7868,43.4532,45.1419,46.8508,49.2741,52.0821,57.4374,68.3867,144.316,29.373,10.0832,0.0410456,110.418,113.802,118.312,118.312
49.34463715553284,-0.16996433353026708,0.49999237060546875,0.0,2,-0.101451,2.0,16588.7,123.52,6.95521,-10.3117,7.27905,13.4441,18.4431,25.4408,32.9307,37.4919,40.0405,42.3272,43.9896,45.6742,47.3788,49.1017,51.5414,54.3643,59.7381,70.7554,137.94,27.8701,10.0626,0.0596865,110.828,114.402,126.734,126.734
49.3655264377594,-0.1324912911149673,0.49999237060546875,0.0,2,-0.0847753,2.0,15905.7,124.23,7.78743,-10.3871,7.2422,13.688,19.0912,26.9436,35.1142,39.7741,42.3646,44.6826,46.3645,48.0662,49.7859,51.522,53.9772,56.8139,62.2044,73.8849,130.025,26.4542,10.0261,0.0772948,111.252,115.014,122.165,122.165
49.38659191131592,-0.1041369987475779,0.9999847412109375,0.0,2,-0.0698689,2.0,15400.3,124.883,8.20333,-10.3693,7.20482,13.9152,19.7243,28.4906,37.031,41.76,44.379,46.7178,48.4123,50.1248,51.8539,53.5979,56.0621,58.9063,64.3035,77.5254,121.881,25.3596,10.0031,0.0936991,111.96,115.578,118.131,118.131
49.405630350112915,-0.07925170147139579,0.49999237060546875,0.0,2,-0.0578645,2.0,16484.7,125.556,8.34321,-10.4107,7.16003,14.0826,20.2446,29.8022,38.4621,43.2249,45.8567,48.2039,49.9031,51.6195,53.3514,55.0974,57.5629,60.407,65.8004,81.5795,115.99,24.6087,10.0037,0.108794,112.816,115.954,125.976,125.976
49.424338817596436,-0.06799697825521231,0.9999847412109375,0.0,2,-0.0468062,2.0,15910.5,126.248,8.5156,-10.5404,7.11832,14.2465,20.767,30.9909,39.7326,44.517,47.1561,49.5077,51.209,52.9265,54.659,56.4048,58.8693,61.7109,67.106,148.182,111.05,23.976,10.0061,0.122765,113.69,116.495,122.054,122.054
49.44390630722046,-0.060937974629302824,0.49999237060546875,0.0,2,-0.0364459,2.0,17086.6,126.898,8.66912,-10.7336,7.08106,14.4139,21.3059,32.0822,40.8825,45.6798,48.3222,50.6753,52.3767,54.0937,55.8251,57.5694,60.0309,62.8682,68.4256,144.594,106.785,23.4233,10.0075,0.135636,114.469,117.028,130.537,130.537
49.465890645980835,-0.06075196661179265,0.49999237060546875,0.0,2,-0.0256313,2.0,16522.1,127.579,8.95748,-10.9477,7.05493,14.6265,21.9602,33.2484,42.1119,46.9241,49.5709,51.9259,53.6279,55.3448,57.0756,58.8187,61.2777,64.111,70.1341,140.692,102.66,22.857,9.99663,0.147534,115.147,117.672,126.771,126.771
49.485687494277954,-0.06059327254692714,0.9999847412109375,0.0,2,-0.0148996,2.0,16187.1,128.16,9.14639,-11.1657,7.0372,14.8685,22.6989,34.4069,43.3258,48.1501,50.8001,53.1563,54.8583,56.5747,58.3043,60.0458,62.5018,65.3554,72.2446,136.601,43.4008,22.3165,9.97909,0.158394,115.76,118.263,124.138,124.138
49.503769397735596,-0.06378180377503546,0.49999237060546875,0.0,2,-0.00436527,2.0,17414.4,128.775,9.2873,-11.3401,7.02809,15.1391,23.5238,35.5401,44.5051,49.3381,51.9898,54.3459,56.0472,57.7625,59.4904,61.2296,63.6817,66.7576,74.9765,132.309,38.5768,21.8044,9.95541,0.168124,116.371,118.819,133.046,133.046
49.52552342414856,-0.08954272204577923,0.49999237060546875,0.0,2,0.00746697,2.0,16817.0,129.452,9.60461,-11.4772,7.03813,15.5084,24.6144,36.8867,45.9179,50.7672,53.424,55.7829,57.4853,59.2008,60.9283,62.6666,65.2581,68.8304,80.189,127.076,35.4637,21.2273,9.91145,0.176765,116.886,119.525,129.049,129.049
49.54465389251709,-0.11961680436033446,0.9999847412109375,0.0,2,0.0198027,2.0,16438.6,130.029,9.87438,-11.6194,7.0634,15.955,25.8177,38.3238,47.4237,52.2905,54.9528,57.3147,59.0183,60.7344,62.4628,64.3151,67.3252,71.7165,141.168,120.836,33.0724,20.6413,9.8552,0.184217,117.301,120.084,126.079,126.079
49.56621527671814,-0.1487026672564602,0.49999237060546875,0.0,2,0.0321357,2.0,17631.8,130.635,10.158,-11.7711,7.10127,16.4647,27.0457,39.7696,48.9311,53.8125,56.4793,58.8432,60.5474,62.2788,64.1809,66.3397,70.0013,76.059,136.817,114.67,31.1513,20.0759,9.79158,0.190429,117.67,120.496,134.725,134.725
49.58440828323364,-0.15344225639695921,0.49999237060546875,0.0,2,0.045324,2.0,16961.8,131.316,10.5779,-11.8958,7.15863,17.0945,28.4038,41.3646,50.5949,55.4939,58.1662,60.5333,62.3007,64.2816,66.5515,69.2369,74.2851,140.34,131.876,108.719,29.3891,19.4869,9.7135,0.195438,118.01,120.965,130.202,130.202
49.60577964782715,-0.15303038079332562,0.9999847412109375,0.0,2,0.0579526,2.0,16516.2,131.903,10.7863,-11.9877,7.22636,17.7804,29.7165,42.8748,52.1572,57.0677,59.7429,62.2403,64.2949,66.6707,69.5258,73.2298,140.183,135.956,126.7,103.54,27.9366,18.9442,9.63311,0.199122,118.47,121.436,126.685,126.685
49.623467206954956,-0.15259605200516682,0.49999237060546875,0.0,2,0.0693094,2.0,17662.8,132.522,10.8718,-12.1008,7.29944,18.4787,30.8839,44.1772,53.4863,58.3988,61.1654,64.0277,66.4672,69.4315,73.377,81.5704,136.238,131.723,121.486,99.2411,26.7816,18.4703,9.55536,0.201394,119.016,121.831,134.984,134.984
49.64439153671265,-0.14190949290990829,0.49999237060546875,0.0,2,0.0807516,2.0,17038.5,133.18,11.0516,-12.2458,7.38809,19.2788,32.0745,45.4949,54.8279,59.7805,62.9163,66.3292,69.4305,73.7057,138.488,135.915,132.057,127.17,115.655,95.2271,25.7052,18.0007,9.46951,0.202376,119.587,122.334,130.732,130.732
49.66363525390625,-0.12223910049195093,0.9999847412109375,0.0,2,0.091787,2.0,16731.6,133.689,11.1068,-12.4175,7.48901,20.1309,33.2211,46.7441,56.0914,61.3323,65.0131,69.3323,73.9522,137.218,134.634,131.9,127.755,122.383,110.354,91.4714,24.7399,17.5537,9.3793,0.202023,120.194,122.867,128.292,128.292
49.68660068511963,-0.10405059317747753,0.49999237060546875,0.0,2,0.102336,2.0,17981.6,134.25,11.1551,-12.5976,7.60194,20.9668,34.3097,47.9103,57.2631,63.1302,67.6447,74.0255,136.072,133.484,130.744,127.82,123.318,117.272,105.668,87.4671,23.8705,17.1287,9.28503,0.200312,120.836,123.394,137.392,137.392
49.705710887908936,-0.09130645249546505,0.49999237060546875,0.0,2,0.113587,2.0,17384.1,134.885,11.3722,-12.7765,7.73765,21.876,35.4998,49.1937,58.7107,65.6998,72.1392,134.706,132.102,129.342,126.392,123.2,118.151,111.636,101.066,82.5276,22.9854,16.6824,9.1786,0.197342,121.471,124.052,133.387,133.387
49.725547790527344,-0.08324804218417654,0.9999847412109375,0.0,2,0.124549,2.0,17033.7,135.42,11.5058,-12.9809,7.88812,22.7781,36.655,50.4249,60.4173,69.3406,134.415,130.789,128.013,125.043,121.822,118.261,112.614,106.582,96.9024,35.9873,22.1655,16.2504,9.0673,0.193061,122.072,124.646,130.627,130.627
49.74354815483093,-0.0650291456117481,0.49999237060546875,0.0,2,0.134667,2.0,18247.4,136.014,11.5668,-13.1835,8.04802,23.6212,37.694,51.5076,62.3391,134.82,130.782,126.942,123.97,120.746,117.178,113.163,107.776,102.233,93.2872,33.0727,21.4386,15.8481,8.95475,0.187461,122.686,125.143,139.444,139.444
49.76419758796692,-0.049080818224567925,0.49999237060546875,0.0,2,0.14503,2.0,17610.9,136.682,11.7146,-13.3699,8.22829,24.4953,38.7671,52.6264,65.0004,131.176,126.906,122.791,119.553,115.963,111.961,108.126,103.192,98.0932,89.8202,30.8332,20.7199,15.4396,8.83387,0.180612,123.353,125.782,135.14,135.14
49.78408980369568,-0.03542987423549096,0.9999847412109375,0.0,2,0.154949,2.0,17242.0,137.238,11.7108,-13.554,8.42289,25.3391,39.7767,53.6672,68.9142,127.508,122.966,118.509,114.916,110.94,107.159,103.635,99.086,94.3691,86.4576,29.0789,20.0506,15.0445,8.7088,0.17244,124.05,126.416,132.213,132.213
49.80419731140137,-0.028285886654776212,0.49999237060546875,0.0,3,0.164371,2.0,18498.6,137.817,11.7031,-13.7615,8.63141,26.1445,40.7141,54.7435,131.688,123.826,118.959,114.058,110.116,106.374,102.885,99.6255,95.4062,91.0174,82.9476,27.63,19.4264,14.6621,8.57961,0.162939,124.719,126.978,141.358,141.358
49.826735496520996,-0.026035658009250957,0.9999847412109375,0.0,3,0.174205,3.0,14510.6,138.427,11.7499,-13.939,8.86485,26.9934,41.7078,56.1326,128.151,119.801,114.478,109.082,105.392,101.951,98.7352,95.7229,91.8132,87.7338,78.9063,26.26,18.7931,14.2679,8.44109,0.152158,125.335,127.618,131.057,131.069
49.84570622444153,-0.026005262790918353,0.9999847412109375,0.0,3,0.18256,3.0,14488.9,138.674,11.3565,-14.0911,9.10103,27.7077,42.4866,57.4812,124.915,116.06,110.214,104.984,101.551,98.343,95.3386,92.5191,88.8518,84.9019,75.0415,25.1974,18.2472,13.9108,8.30354,0.139978,125.928,128.014,124.443,125.388
49.86531472206116,-0.026008093114892637,0.9999847412109375,0.0,3,0.188613,3.0,12683.9,138.651,10.5384,-14.2086,9.32845,28.207,42.9365,58.5153,122.283,112.997,106.946,101.995,98.7393,95.6917,92.8336,90.148,86.6497,82.6198,71.9455,24.4607,17.8144,13.605,8.1697,0.126257,126.382,128.015,121.962,123.276
49.88428354263306,-0.025976098148226736,0.9999847412109375,0.0,3,0.193227,3.0,13686.0,138.911,9.57606,-14.2943,9.55646,28.5735,43.186,59.3625,120.038,110.376,104.382,99.6385,96.5144,93.587,90.8389,88.2541,84.8794,80.7122,69.4173,23.8909,17.4414,13.3255,8.03384,0.110987,126.684,127.906,131.933,131.933
49.90568685531616,-0.02589180371681849,0.49999237060546875,0.0,3,0.198119,3.0,14133.4,139.596,8.88007,-14.3856,9.80755,28.9684,43.4787,60.5723,117.64,107.52,101.767,97.2311,94.239,91.4325,88.7947,86.3115,82.9999,78.6508,38.4946,23.2753,17.0441,13.0312,7.88714,0.094276,127.116,128.266,136.387,136.387
49.92567014694214,-0.02580517119169235,0.9999847412109375,0.0,3,0.203021,3.0,13590.3,140.3,8.37134,-14.5887,10.0767,29.3618,43.7707,62.2307,115.166,104.71,99.2172,94.8778,92.0117,89.3202,86.7883,84.4022,81.0642,76.5132,34.7259,22.6533,16.6394,12.731,7.73231,0.0762827,127.63,128.782,131.491,131.491
49.945237159729004,-0.02786196428794103,0.9999847412109375,0.0,3,0.206157,3.0,14070.8,140.997,7.67918,-14.8235,10.3284,29.5852,43.8145,63.6166,113.245,102.684,97.3649,93.1572,90.3758,87.7622,85.3018,82.9817,79.6031,74.9637,33.7548,22.2133,16.3071,12.465,7.57858,0.0570582,128.283,129.209,135.789,135.789
49.96440768241882,-0.03466320001274347,0.49999237060546875,0.0,3,0.208386,3.0,14332.6,141.842,6.99541,-15.0593,10.5653,29.7202,43.7333,65.119,111.609,101.036,95.8481,91.7409,89.0242,86.4702,84.0648,81.7922,78.3913,73.7269,33.4184,21.8567,16.0075,12.2137,7.42201,0.0367262,129.049,129.746,138.375,138.375
49.98569869995117,-0.03700634703020565,0.9999847412109375,0.0,3,0.210327,3.0,13768.9,142.583,6.29411,-15.3508,10.7959,29.8256,43.6142,68.7227,110.045,99.5003,94.4301,90.4132,87.7549,85.2547,82.899,80.6614,77.2496,72.5788,33.2603,21.5176,15.7128,11.9636,7.25975,0.0153411,129.862,130.429,133.145,133.145
50.00419759750366,-0.03690643451417796,0.49999237060546875,0.0,3,0.212649,3.0,14447.4,143.143,5.71926,-15.7585,11.03,29.9615,43.547,124.362,108.308,97.8221,92.8823,88.9654,86.3716,83.9311,81.6306,79.4182,75.9779,71.2721,32.7598,21.1272,15.3952,11.7013,7.08929,-0.0070099,130.547,131.118,139.353,139.353
50.02572464942932,-0.036784576927665624,0.9999847412109375,0.0,3,0.216298,3.0,13937.1,143.826,5.31877,-16.0385,11.2823,30.2098,43.6517,122.469,106.013,95.6717,90.9079,87.1259,84.6189,82.2584,80.0318,77.809,74.2816,69.4405,31.2997,20.5925,15.0159,11.4078,6.90692,-0.0302842,131.125,131.91,134.859,134.859
50.04346323013306,-0.03665861579138786,0.9999847412109375,0.0,3,0.220395,3.0,14402.2,144.532,4.94287,-16.2368,11.54,30.4905,43.819,120.426,103.449,93.4017,88.8229,85.1825,82.7672,80.491,78.3304,76.0476,72.4086,67.3865,29.7759,20.0088,14.6138,11.102,6.71644,-0.0545643,131.729,132.648,138.997,138.997
50.06423997879028,-0.03650660603486002,0.49999237060546875,0.0,3,0.225136,3.0,14635.9,145.384,4.72625,-16.3769,11.8064,30.8199,44.1178,118.171,100.555,90.9643,86.5836,83.0954,80.7783,78.5927,76.4353,74.0627,70.2755,65.005,28.1715,19.3642,14.183,10.781,6.51876,-0.0798411,132.394,133.456,141.325,141.325
50.084049701690674,-0.033938989284088214,0.9999847412109375,0.0,3,0.230169,3.0,13943.1,146.191,4.50657,-16.4759,12.0758,31.1657,44.5204,115.785,97.6285,88.4958,84.3126,80.9761,78.7572,76.6476,74.4156,71.9429,67.9807,62.3917,26.6642,18.698,13.74,10.453,6.31883,-0.106116,133.136,134.291,134.937,134.937
50.10565209388733,-0.02299083281764761,0.9999847412109375,0.0,3,0.234226,3.0,14358.3,146.93,4.1308,-16.5718,12.3273,31.4189,44.8458,113.626,95.1517,86.387,82.3632,79.1503,77.0114,74.9085,72.6081,70.0629,65.9653,60.1246,25.5687,18.1174,13.3313,10.1409,6.12138,-0.133457,133.918,134.868,138.604,138.604
50.12678122520447,-0.012692330186348407,0.9999847412109375,0.0,3,0.237147,3.0,14552.3,147.83,3.8391,-16.7994,12.5563,31.5648,45.0501,111.757,93.1349,84.6495,80.7482,77.6298,75.5521,73.4271,71.0879,68.4996,64.3296,58.3493,24.8141,17.6291,12.9619,9.84801,5.92769,-0.161739,134.618,135.412,140.524,140.524
50.14427208900452,-0.00991042354290063,0.9999847412109375,0.0,3,0.236736,3.0,14694.4,148.77,3.49034,-17.0504,12.7604,31.6028,45.1072,110.199,91.5439,83.2582,79.4452,76.3959,74.3557,72.2228,69.8761,67.2816,63.1084,57.129,24.3601,17.2311,12.6319,9.57477,5.73851,-0.190793,135.457,136.094,141.91,141.91
50.164695739746094,-0.009863932265136391,0.9999847412109375,0.0,3,0.230747,3.0,14825.3,149.714,3.097,-17.2906,12.9474,31.5781,45.0884,108.812,90.1763,82.0484,78.3058,75.3119,73.2988,71.1719,68.835,66.2551,62.1174,56.2207,24.0728,16.8817,12.323,9.31237,5.55244,-0.219849,136.443,136.911,143.177,143.177
50.18575096130371,-0.009828029572879895,0.49999237060546875,0.0,3,0.224562,3.0,15277.2,150.443,2.77094,-17.709,13.1255,31.5347,45.08,107.448,88.8504,80.8711,77.1951,74.2535,72.264,70.1455,67.8224,65.2615,61.1668,55.3681,23.8274,16.5408,12.0178,9.05217,5.36792,-0.248615,137.416,137.797,147.241,147.241
50.20580434799194,-0.009795131083953504,0.9999847412109375,0.0,3,0.219296,3.0,14781.3,151.111,2.61484,-18.116,13.3121,31.5597,45.2929,105.773,87.2036,79.4281,75.8425,72.9716,70.9971,68.8658,66.5337,63.9635,59.8589,54.0482,23.3211,16.1254,11.6814,8.77776,5.18247,-0.276894,138.101,138.596,143.054,143.054
50.22680139541626,-0.009756618182246263,0.9999847412109375,0.0,3,0.214453,3.0,15172.6,151.893,2.49552,-18.3568,13.4998,31.6124,45.6652,103.926,85.4152,77.8666,74.3812,71.589,69.6093,67.4547,65.1028,62.5109,58.371,52.4973,22.6869,15.674,11.3304,8.49713,4.99732,-0.304779,138.763,139.348,146.469,146.469
50.243895530700684,-0.015371135838413612,0.49999237060546875,0.0,3,0.209757,3.0,15342.8,152.813,2.43975,-18.5458,13.6839,31.6695,46.1747,101.979,83.581,76.2647,72.8821,70.1616,68.1605,65.9805,63.6022,60.9848,56.7988,50.841,22.0092,15.2105,10.9752,8.21547,4.81368,-0.33225,139.506,140.112,148.189,148.189
50.26428437232971,-0.0186024598913112,0.9999847412109375,0.0,3,0.20486,3.0,14553.5,153.697,2.30039,-18.6849,13.8584,31.7041,46.7725,100.038,81.8081,74.7108,71.4257,68.7533,66.7314,64.5315,62.1307,59.4925,55.2713,49.2488,21.3801,14.7613,10.6274,7.93855,4.63279,-0.359291,140.342,140.933,140.867,140.867
50.28583645820618,-0.02029227228067815,0.9999847412109375,0.0,3,0.199254,3.0,14928.0,154.478,1.99723,-18.7486,14.0154,31.6791,47.3509,98.274,80.2408,73.325,70.1211,67.4784,65.4471,63.2428,60.8377,58.1978,53.9829,47.9806,20.9149,14.3598,10.3006,7.67274,4.45561,-0.385985,141.161,141.617,144.133,144.133
50.304789543151855,-0.022032343672849238,0.9999847412109375,0.0,3,0.193473,3.0,15087.6,155.396,1.73882,-18.7823,14.1637,31.6364,48.0672,96.5126,78.7106,71.9681,68.8419,66.2179,64.1797,61.9737,59.569,56.9322,52.7319,46.7685,20.4802,13.967,9.97846,7.41018,4.2808,-0.412268,141.999,142.408,145.692,145.692
50.324708700180054,-0.021929656494213266,0.9999847412109375,0.0,3,0.187804,3.0,15261.6,156.303,1.56083,-18.8659,14.308,31.5975,49.1021,94.6536,77.136,70.5724,67.5266,64.9076,62.8606,60.6492,58.2419,55.6047,51.4122,45.4722,20.0071,13.5637,9.65291,7.14721,4.10779,-0.438094,142.82,143.263,147.388,147.388
50.344510316848755,-0.021821987798642365,0.9999847412109375,0.0,3,0.182366,3.0,15374.2,157.254,1.46268,-18.9353,14.4503,31.5761,50.7794,92.6444,75.489,69.1148,66.1523,63.5191,61.4597,59.2363,56.8221,54.178,49.9796,44.0348,19.4668,13.1426,9.3212,6.88255,3.93645,-0.463444,143.646,144.153,148.497,148.497
50.3647780418396,-0.021712054777191955,0.9999847412109375,0.0,3,0.177025,3.0,15457.4,158.225,1.41017,-19.0038,14.5876,31.5842,54.9953,90.5193,73.8117,67.63,64.7369,62.0823,60.0106,57.7732,55.3487,52.6962,48.487,42.5288,18.9017,12.7165,8.98944,6.61963,3.76791,-0.488225,144.501,145.041,149.311,149.311
50.3843355178833,-0.02160098959280178,0.9999847412109375,0.0,3,0.171644,3.0,15525.1,159.206,1.37462,-19.0773,14.7176,31.616,112.731,88.3187,72.1411,66.1487,63.3045,60.6274,58.5448,56.2957,53.8603,51.202,46.9845,41.0215,18.3456,12.2952,8.66172,6.36042,3.6026,-0.512433,145.378,145.926,149.969,149.969
50.405174016952515,-0.021489924408411604,0.9999847412109375,0.0,3,0.166174,3.0,15590.0,160.187,1.33888,-19.1436,14.8394,31.6694,110.98,86.1305,70.4902,64.6821,61.8655,59.1691,57.0754,54.818,52.3751,49.7121,45.4956,39.5415,17.812,11.8827,8.33993,6.10596,3.44085,-0.536044,146.279,146.82,150.596,150.596
50.42446303367615,-0.02137942530549131,0.9999847412109375,0.0,3,0.160582,3.0,15660.2,161.163,1.30263,-19.203,14.9524,31.7446,109.218,83.9877,68.8647,63.2347,60.4261,57.7137,55.6097,53.3482,50.9016,48.2385,44.0327,38.1076,17.309,11.4814,8.02529,5.85698,3.28294,-0.559027,147.191,147.716,151.261,151.261
50.44567251205444,-0.021271530177332458,0.9999847412109375,0.0,3,0.154872,3.0,15761.7,162.116,1.26753,-19.2777,15.0566,31.8442,107.447,81.8888,67.2638,61.8058,58.9863,56.2619,54.1506,51.8864,49.4416,46.7832,42.5974,36.724,16.8381,11.092,7.71821,5.61383,3.1291,-0.581356,148.088,148.602,152.242,152.242
50.4644832611084,-0.02116261610252783,0.9999847412109375,0.0,3,0.149107,3.0,15848.5,163.078,1.23917,-19.3434,15.153,31.9761,105.65,79.8099,65.6718,60.3693,57.5326,54.7989,52.683,50.4167,47.9764,45.3272,41.1671,35.362,16.3867,10.7113,7.41758,5.37609,2.97939,-0.603001,148.974,149.489,153.086,153.086
50.485976696014404,-0.021053022729959337,0.9999847412109375,0.0,3,0.143292,3.0,15925.6,164.046,1.21535,-19.3936,15.2416,32.1456,103.824,77.7483,64.087,58.9186,56.0647,53.3229,51.2053,48.9389,46.505,43.8689,39.7411,34.0215,15.9568,10.34,7.12384,5.14415,2.834,-0.623936,149.866,150.388,153.835,153.835
50.50410866737366,-0.0209432029248029,0.9999847412109375,0.0,3,0.137443,3.0,15996.5,165.016,1.19455,-19.4209,15.3224,32.3593,101.966,75.6995,62.5066,57.45,54.581,51.8311,49.7143,47.4505,45.024,42.4046,38.3167,32.6989,15.5486,9.97823,6.83756,4.91835,2.69317,-0.644128,150.767,151.289,154.523,154.523
50.525688886642456,-0.02083338311964646,0.9999847412109375,0.0,3,0.131533,3.0,16066.3,165.986,1.17691,-19.4438,15.3953,32.6206,100.078,73.6716,60.9362,55.9686,53.087,50.3316,48.2162,45.959,43.5433,40.9441,36.9052,31.4083,15.1714,9.62841,6.55953,4.69924,2.55706,-0.663572,151.657,152.179,155.196,155.196
50.544352293014526,-0.020723789747077972,0.9999847412109375,0.0,3,0.125535,3.0,16135.9,166.954,1.15754,-19.4634,15.4597,32.9355,98.1676,71.6722,59.3811,54.4791,51.5887,48.8314,46.7186,44.4721,42.0724,39.4973,35.5195,30.1638,14.8361,9.29278,6.29088,4.48741,2.42587,-0.68225,152.547,153.063,155.873,155.873
50.565595626831055,-0.020613064211569727,0.9999847412109375,0.0,3,0.119413,3.0,16190.1,167.932,1.12898,-19.4642,15.5151,33.3093,96.2402,69.709,57.8466,52.9881,50.0933,47.3388,45.232,42.9996,40.6214,38.0773,34.1716,28.979,14.5597,8.97462,6.0331,4.28367,2.2999,-0.700134,153.445,153.946,156.395,156.395
50.58595514297485,-0.020504036920471116,0.9999847412109375,0.0,3,0.113137,3.0,16264.1,168.895,1.09088,-19.4698,15.5609,33.7505,94.3022,67.7883,56.3371,51.5026,48.6072,45.8611,43.7649,41.5496,39.1991,36.6932,32.8717,27.8641,14.3635,8.67682,5.78749,4.08877,2.17942,-0.717202,154.342,154.824,157.101,157.101
50.60355091094971,-0.02039648144119419,0.9999847412109375,0.0,3,0.106764,3.0,16351.2,169.845,1.04821,-19.4534,15.5978,34.2828,92.338,65.8927,54.8411,50.0139,47.1195,44.3853,42.3044,40.1095,37.7907,35.3292,31.6022,26.793,14.2578,8.39885,5.55408,3.903,2.06472,-0.733407,155.25,155.731,157.939,157.939
50.623380184173584,-0.012573595072949927,0.9999847412109375,0.0,3,0.100372,3.0,16443.9,170.79,1.0239,-19.4299,15.6273,34.9426,90.3257,64.0018,53.3429,48.5067,45.6159,42.8941,40.8314,38.6604,36.376,33.9637,30.3379,25.7345,14.2524,8.13768,5.33177,3.72582,1.95575,-0.748746,156.128,156.613,158.833,158.833
50.64423871040344,-0.006659645660792788,0.9999847412109375,0.0,3,0.0937235,3.0,16537.8,171.736,1.02073,-19.4269,15.6453,35.7338,88.3244,62.1737,51.868,47.0286,44.148,41.4446,39.4051,37.2646,35.0209,32.6653,29.1539,24.7716,14.5209,7.90977,5.12705,3.56056,1.85339,-0.763158,157.013,157.459,159.741,159.741
50.66430616378784,-0.0032795433184007803,0.9999847412109375,0.0,3,0.0865895,3.0,16596.4,172.704,0.987061,-19.4146,15.648,36.6668,86.3955,60.4555,50.4533,45.6247,42.764,40.0897,38.0791,35.9777,33.7835,31.494,28.1114,23.9635,15.0559,7.73258,4.94618,3.41011,1.75851,-0.776587,157.924,158.281,160.34,160.34
50.68576192855835,-0.0010928792127314953,0.9999847412109375,0.0,3,0.0788671,3.0,16648.6,173.677,0.895249,-19.3826,15.6339,37.7936,84.5704,58.8603,49.1166,44.3147,41.4845,38.8488,36.8745,34.82,32.6841,30.4684,27.2246,23.3148,15.4108,7.61946,4.7933,3.27663,1.67181,-0.788962,158.873,159.112,160.823,160.823
50.70416331291199,0.0,0.9999847412109375,0.0,3,0.0706417,3.0,16733.2,174.625,0.763325,-19.3643,15.6043,39.3113,82.8298,57.36,47.8427,43.0806,40.2888,37.6989,35.7659,33.7635,31.6908,29.5535,26.4516,22.7712,15.6517,7.57614,4.66901,3.16025,1.59353,-0.800246,159.804,159.94,161.629,161.629
50.7255642414093,0.002585430187017967,0.9999847412109375,0.0,3,0.0621087,3.0,16832.6,175.558,0.619285,-19.2958,15.5623,42.2196,81.1221,55.9064,46.5979,41.8833,39.1343,36.5942,34.7056,32.7575,30.7498,28.6915,25.7296,22.2635,15.7764,7.60665,4.57291,3.06106,1.52394,-0.810376,160.746,160.821,162.584,162.584
50.74562311172485,0.008549526143074035,0.9999847412109375,0.0,3,0.0532948,3.0,16934.3,176.49,0.491709,-19.2624,15.5117,106.685,79.441,54.491,45.3781,40.7171,38.0145,35.5274,33.6852,31.7929,29.8518,27.872,25.0456,21.7794,15.8193,7.73233,4.50902,2.98092,1.46377,-0.819279,161.625,161.647,163.568,163.568
50.76321220397949,0.013457871137360732,0.9999847412109375,0.0,3,0.0440537,3.0,17025.3,177.426,0.369477,-19.2531,15.4638,105.26,77.8305,53.141,44.2071,39.6094,36.9575,34.527,32.7342,30.8992,29.0256,27.1241,24.4288,21.3485,15.8365,8.00279,4.48649,2.92367,1.41412,-0.826861,162.509,162.451,164.476,164.476
50.78590512275696,0.016265590379498897,0.9999847412109375,0.0,3,0.0343463,3.0,17033.0,178.419,0.226758,-19.1724,15.419,103.893,76.3041,51.8594,43.0899,38.5642,35.9674,33.5965,31.8545,30.0777,28.272,26.4471,23.8779,20.9687,15.839,8.474,4.51339,2.89234,1.37579,-0.833061,163.432,163.281,164.547,164.547
50.80431628227234,0.021005090610282495,0.9999847412109375,0.0,3,0.0242192,3.0,17108.2,179.361,0.0727577,-19.1157,15.3777,102.577,74.8512,50.633,42.0175,37.5703,35.031,32.722,31.0324,29.3136,27.5752,25.8239,23.3745,20.6226,15.8217,8.92333,4.59906,2.89009,1.34969,-0.837793,164.348,164.109,165.253,165.253
50.82555532455444,0.03028951036091894,0.9999847412109375,0.0,3,0.0136325,3.0,17211.8,180.275,-0.0755786,-19.0128,15.3395,101.319,73.4883,49.4677,40.9957,36.6333,34.1542,31.9084,30.2711,28.6101,26.9375,25.2575,22.9211,20.3127,15.7984,9.29035,4.75879,2.92169,1.33697,-0.840967,165.3,164.971,166.245,166.245
50.844897985458374,0.03435093994776408,0.9999847412109375,0.0,3,0.00231093,3.0,17324.3,181.182,-0.2443,-18.9299,15.2996,100.174,72.3036,48.4129,40.0659,35.7977,33.3823,31.2017,29.6176,28.0141,26.4048,24.7934,22.5625,20.0811,15.8144,9.62057,5.02215,2.99562,1.33936,-0.842471,166.209,165.73,167.331,167.331
50.86414909362793,0.03416618089675903,0.9999847412109375,0.0,3,-0.0097459,3.0,17431.2,182.09,-0.474675,-18.889,15.2575,99.1419,71.301,47.465,39.2236,35.0575,32.7073,30.5932,29.0615,27.515,25.9655,24.42,22.2845,19.9181,15.8616,9.92473,5.33769,3.11918,1.35815,-0.842224,167.101,166.47,168.369,168.369
50.88551735877991,0.03615726979996078,0.9999847412109375,0.0,3,-0.0221737,3.0,17426.8,183.071,-0.708241,-18.7658,15.2186,98.1544,70.3701,46.5548,38.4094,34.3463,32.0615,30.0135,28.5315,27.0412,25.5481,24.0652,22.0176,19.7578,15.8892,10.1845,5.6193,3.2975,1.39455,-0.84011,167.989,167.276,168.365,168.365
50.90404438972473,0.03595582930182107,0.9999847412109375,0.0,3,-0.034613,3.0,17490.6,184.001,-0.872153,-18.6425,15.1886,97.1443,69.4019,45.6158,37.5686,33.605,31.384,29.4003,27.9662,26.5291,25.0907,23.6661,21.704,19.5451,15.8549,10.3759,5.86074,3.48172,1.44946,-0.836049,168.852,168.132,168.949,168.949
50.92379379272461,0.04029761706137409,0.9999847412109375,0.0,3,-0.0470479,3.0,17594.2,184.9,-1.00815,-18.5789,15.1676,96.1097,68.3939,44.6468,36.7014,32.8345,30.6756,28.754,27.3665,25.98,24.5961,23.2264,21.347,19.2824,15.7619,10.5067,6.06264,3.64521,1.52374,-0.829979,169.678,168.936,169.937,169.937
50.944336891174316,0.044863444711938504,0.9999847412109375,0.0,3,-0.0578883,3.0,17719.2,185.784,-1.12687,-18.6069,15.1549,95.0637,67.366,43.6597,35.8182,32.0461,29.9483,28.0863,26.7452,25.4071,24.0763,22.7591,20.9591,18.9837,15.6244,10.5886,6.2297,3.78963,1.6,-0.821871,170.479,169.701,171.139,171.139
50.96426200866699,0.05225807087659836,0.9999847412109375,0.0,3,-0.054292,3.0,17839.7,186.668,-1.2493,-18.6962,15.1491,94.0328,66.362,42.6803,34.9384,31.2604,29.2235,27.4197,26.1247,24.833,23.5527,22.2872,20.5611,18.6716,15.4637,10.6342,6.36901,3.9162,1.66968,-0.813337,171.287,170.452,172.309,172.309
50.98465347290039,0.06304709285621841,0.9999847412109375,0.0,3,-0.0510686,3.0,18000.5,187.519,-1.39649,-18.8453,15.1462,93.0625,65.4555,41.7508,34.0935,30.5115,28.5356,26.7882,25.5384,24.2913,23.0589,21.8435,20.186,18.3775,15.3081,10.6646,6.48854,4.02912,1.73355,-0.805476,172.137,171.196,173.835,173.835
51.00417113304138,0.07166359538841373,0.9999847412109375,0.0,3,-0.0488799,3.0,18141.5,188.374,-1.64254,-18.9893,15.1353,92.2754,64.8447,40.9874,33.3661,29.8848,27.9715,26.279,25.0724,23.8691,22.6798,21.5107,19.9146,18.1764,15.222,10.7275,6.61138,4.13838,1.79295,-0.798246,173.033,171.882,175.22,175.22
51.024242877960205,0.08406496248267281,0.9999847412109375,0.0,3,-0.0473021,3.0,18247.4,189.249,-2.0039,-19.1349,15.1165,91.6694,64.519,40.392,32.7466,29.3702,27.5179,25.8803,24.7138,23.5537,22.4038,21.275,19.7365,18.0565,15.1991,10.8198,6.74054,4.24476,1.84837,-0.791603,173.919,172.539,176.257,176.257
51.0443332195282,0.0973517438023165,0.9999847412109375,0.0,3,-0.0465243,3.0,18280.5,190.164,-2.40494,-19.2228,15.0913,91.213,64.4181,39.9444,32.2074,28.9379,27.144,25.5627,24.4329,23.3122,22.2023,21.109,19.6223,17.9948,15.2218,10.9324,6.87226,4.34881,1.90065,-0.785495,174.794,173.2,176.626,176.626
51.064311027526855,0.11153348859826412,0.9999847412109375,0.0,3,-0.0465987,3.0,18313.1,191.065,-2.76813,-19.2008,15.0587,90.9011,64.5234,39.6551,31.7427,28.5788,26.8421,25.3155,24.2229,23.1377,22.0654,21.008,19.5653,17.9881,15.2859,11.0694,7.01131,4.45382,1.95085,-0.779765,175.726,173.917,176.91,176.91
51.08462738990784,0.1266179811199351,0.9999847412109375,0.0,3,-0.0470641,3.0,18388.9,191.925,-3.17067,-19.1957,15.0202,90.7161,64.7964,39.5272,31.362,28.2736,26.5972,25.121,24.0677,23.0164,21.9774,20.9549,19.5545,18.021,15.3824,11.2251,7.15862,4.56009,1.99956,-0.774305,176.56,174.565,177.629,177.629
51.10567259788513,0.14689052437181277,0.9999847412109375,0.0,3,-0.0479301,3.0,18457.3,192.777,-3.5959,-19.1929,14.9778,90.6245,65.1783,39.549,31.0589,27.997,26.3834,24.9549,23.9373,22.9238,21.9162,20.9242,19.5683,18.0739,15.4973,11.3909,7.30921,4.66724,2.04747,-0.769079,177.329,175.177,178.325,178.325
51.1240451335907,0.17322924908840406,0.9999847412109375,0.0,3,-0.0493525,3.0,18513.3,193.621,-3.93572,-19.0935,14.931,90.6181,65.6521,39.7411,30.8394,27.7436,26.1882,24.8125,23.8272,22.8482,21.8765,20.9135,19.5967,18.1458,15.6253,11.5683,7.46617,4.77733,2.09523,-0.763969,178.112,175.805,178.833,178.833
51.14476203918457,0.20163224480787914,0.9999847412109375,0.0,3,-0.051195,3.0,18613.8,194.418,-4.34473,-19.0329,14.8768,90.7306,66.2607,40.1888,30.7451,27.5368,26.0325,24.71,23.7602,22.8119,21.8725,20.9432,19.6628,18.2507,15.784,11.7687,7.63809,4.89398,2.14392,-0.758856,178.809,176.331,179.789,179.789
51.16418266296387,0.2320592753223951,0.9999847412109375,0.0,3,-0.0534413,3.0,18723.6,195.189,-4.85378,-19.0169,14.8157,90.954,66.9861,40.9465,30.792,27.4191,25.9091,24.6343,23.7222,22.8086,21.8977,20.9982,19.7599,18.3825,15.9713,11.9915,7.8231,5.0179,2.1939,-0.753796,179.426,176.776,180.893,180.893
51.1841881275177,0.2529986527690168,0.9999847412109375,0.0,3,-0.0562862,3.0,18788.5,195.969,-5.32296,-18.9183,14.7493,91.2622,67.7887,42.0652,30.9881,27.4066,25.822,24.5704,23.6915,22.8137,21.9372,21.0646,19.8641,18.5286,16.1678,12.2277,8.02026,5.14864,2.24534,-0.748706,180.028,177.207,181.486,181.486
51.2047483921051,0.2689748500782127,0.9999847412109375,0.0,3,-0.0595,3.0,18901.9,196.692,-5.89161,-18.864,14.6767,91.6657,68.6812,43.69,31.3818,27.5308,25.8463,24.5365,23.6768,22.8303,21.9874,21.1485,19.9837,18.6864,16.3803,12.4796,8.23084,5.28724,2.29859,-0.743491,180.611,177.619,182.566,182.566
51.224632024765015,0.2854102898406983,0.9999847412109375,0.0,3,-0.0626996,3.0,19020.3,197.384,-6.57312,-18.8693,14.6024,92.1275,69.6138,45.936,31.9854,27.7924,25.9829,24.5862,23.6792,22.8379,22.0241,21.2161,20.0956,18.835,16.5893,12.7344,8.44691,5.43088,2.35324,-0.738266,181.148,178.012,183.745,183.745
51.24351954460144,0.2960822034981599,0.9999847412109375,0.0,3,-0.0659478,3.0,19059.6,198.106,-7.13953,-18.7815,14.5326,92.5763,70.4985,48.6049,32.7738,28.162,26.2026,24.7027,23.7345,22.8409,22.0138,21.2316,20.1512,18.9374,16.7508,12.9584,8.65406,5.57248,2.40832,-0.732975,181.659,178.43,184.118,184.118
51.26339340209961,0.31320325621077166,0.9999847412109375,0.0,3,-0.0689152,3.0,19147.3,198.772,-7.68321,-18.7241,14.4685,93.0057,71.3322,50.7712,33.7914,28.6602,26.5198,24.8966,23.856,22.9004,22.0202,21.2066,20.1527,18.982,16.8656,13.1488,8.84543,5.70947,2.46327,-0.727562,182.152,178.866,184.949,184.949
51.283517837524414,0.33079025087257224,0.9999847412109375,0.0,4,-0.0710872,3.0,19253.3,199.405,-8.2476,-18.7295,14.414,93.3974,72.0967,52.538,35.0775,29.2985,26.9388,25.1691,24.0431,23.0151,22.0731,21.2068,20.1046,18.9632,16.9232,13.2969,9.01622,5.83938,2.51764,-0.722162,182.565,179.255,185.983,185.983
51.30476784706116,0.336646572437007,0.9999847412109375,0.0,4,-0.0724614,4.0,15592.2,199.658,-8.42204,-18.6338,14.3799,93.6464,72.6696,53.8655,36.5135,29.9766,27.3706,25.4397,24.2212,23.1158,22.1086,21.187,20.0212,18.8399,16.8683,13.354,9.13735,5.94686,2.56892,-0.716782,182.87,179.618,178.418,175.894
51.32586741447449,0.3375064271936007,0.9999847412109375,0.0,4,-0.0723975,4.0,15564.3,199.274,-8.18218,-18.5215,14.3712,93.6996,72.9948,54.7644,37.9957,30.617,27.7503,25.6528,24.3408,23.1581,22.0867,21.1116,19.8851,18.6502,16.693,13.3116,9.19744,6.02761,2.61707,-0.71116,182.816,179.798,177.226,174.598
51.344388246536255,0.33849167743553094,0.9999847412109375,0.0,4,-0.0715926,4.0,14730.5,198.834,-7.98124,-18.4432,14.3696,93.7707,73.3317,55.6197,40.03,31.5283,28.3272,26.0198,24.5912,23.313,22.1627,21.1222,19.8219,18.5221,16.502,13.2523,9.2472,6.10499,2.66563,-0.705468,182.58,179.716,176.503,173.683
51.364218950271606,0.3382767137463826,0.9999847412109375,0.0,4,-0.0714,4.0,15327.3,198.93,-7.83674,-18.2366,14.3679,93.9276,73.76,56.5403,42.5465,32.9297,29.2614,26.6666,25.0801,23.6734,22.4179,21.2904,19.8923,18.5067,16.3767,13.1918,9.29778,6.18284,2.71512,-0.699746,182.389,179.523,182.059,182.059
51.385775089263916,0.3373989453490264,0.9999847412109375,0.0,4,-0.0721954,4.0,15420.1,199.322,-7.99494,-18.0535,14.357,48.4766,74.3769,57.6456,44.8274,35.2408,30.8464,27.8161,25.9943,24.3982,22.9885,21.7343,20.1944,18.685,16.3959,13.1594,9.36548,6.2712,2.76668,-0.693906,182.591,179.524,183.201,183.201
51.404913902282715,0.33649430649052686,0.9999847412109375,0.0,4,-0.0725005,4.0,15489.9,199.726,-8.42823,-17.96,14.3498,44.5216,75.0996,58.829,46.8867,38.7156,33.258,29.5704,27.4027,25.5328,23.9035,22.4713,20.7347,19.0552,16.5505,13.1276,9.43186,6.3596,2.8177,-0.688286,182.941,179.659,184.035,184.035
51.423824071884155,0.3354844249925483,0.9999847412109375,0.0,4,-0.0726121,4.0,15497.6,200.177,-8.81025,-17.8206,14.3634,42.035,75.76,59.8956,48.6041,41.571,36.5667,31.9232,29.2708,27.0273,25.105,23.4397,21.4504,19.557,16.7877,13.1047,9.45826,6.42507,2.86406,-0.682968,183.275,179.893,184.157,184.157
51.443806409835815,0.3345170883913804,0.9999847412109375,0.0,4,-0.0718177,4.0,15529.5,200.609,-9.01542,-17.6843,14.3983,40.2188,76.2568,60.7397,49.9396,43.5425,39.4674,34.8996,31.5841,28.8458,26.5464,24.5882,22.2893,20.1409,17.0659,13.0954,9.4208,6.45579,2.90221,-0.677915,183.57,180.225,184.521,184.521
51.46443581581116,0.33355870861059367,0.9999847412109375,0.0,4,-0.0683273,4.0,15582.0,201.037,-9.14344,-17.629,14.4307,38.8048,76.5816,61.3636,50.9499,44.974,41.3521,37.6852,34.4466,31.046,28.2581,25.9314,23.2539,20.8029,17.378,13.0946,9.32018,6.44988,2.93121,-0.673388,183.826,180.59,185.134,185.134
51.48573112487793,0.33247941175466095,0.9999847412109375,0.0,4,-0.0637038,4.0,15579.1,201.519,-9.05618,-17.534,14.4635,37.7067,76.707,61.7451,51.6409,45.966,42.6223,39.382,36.7598,33.6254,30.224,27.4419,24.3117,21.5116,17.699,13.0882,9.16696,6.39772,2.94824,-0.669618,184.077,181.003,185.136,185.136
51.50421953201294,0.33144042059044354,0.9999847412109375,0.0,4,-0.0580218,4.0,15601.3,201.983,-8.71448,-17.4093,14.4942,36.8372,76.653,61.9146,52.0678,46.6241,43.4747,40.4952,38.1723,35.585,32.4981,29.1583,25.484,22.2795,18.0367,13.0826,9.01425,6.30275,2.95194,-0.666534,184.374,181.507,185.376,185.376
51.52405095100403,0.33043277829756035,0.9999847412109375,0.0,4,-0.0495284,4.0,15651.2,202.433,-8.39049,-17.3609,14.5133,36.0617,76.5211,61.99,52.373,47.1238,44.1276,41.3386,39.2107,36.918,34.3679,31.3314,26.9505,23.2351,18.4709,13.1195,8.88623,6.17676,2.94382,-0.664429,184.721,182.005,185.959,185.959
51.54353976249695,0.3293198933651981,0.9999847412109375,0.0,4,-0.0407212,4.0,15643.3,202.93,-8.02254,-17.2536,14.5176,35.3329,76.3509,62.0166,52.6104,47.5317,44.6636,42.0251,40.0413,37.945,35.6905,33.1901,28.8813,24.4846,19.0558,13.2218,8.79251,6.04026,2.92276,-0.663644,185.122,182.501,185.904,185.904
51.56443166732788,0.32828985902136193,0.9999847412109375,0.0,4,-0.0320523,4.0,15663.5,203.39,-7.56339,-17.0626,14.501,34.5904,76.1986,62.0574,52.8516,47.9287,45.1736,42.6622,40.7943,38.8466,36.7933,34.5939,31.1037,26.2425,19.8991,13.4342,8.75229,5.9356,2.88757,-0.664072,185.617,183.05,186.116,186.116
51.5843186378479,0.32731356559981284,0.9999847412109375,0.0,4,-0.0210746,4.0,15715.2,203.826,-7.33663,-16.9485,14.4569,33.7659,76.1402,62.1945,53.185,48.4095,45.7576,43.3588,41.5896,39.7629,37.8643,35.8717,32.8541,28.7993,21.1876,13.8233,8.78932,5.87349,2.83943,-0.66601,186.142,183.521,186.718,186.718
51.604045152664185,0.32624994317954714,0.9999847412109375,0.0,4,-0.0101622,4.0,15715.8,204.301,-7.21262,-16.7767,14.3888,32.8928,76.1515,62.3997,53.5791,48.9406,46.3816,44.0817,42.3967,40.6695,38.8917,37.0514,34.3343,30.9211,23.0727,14.4184,8.9082,5.85449,2.78117,-0.669913,186.661,183.948,186.767,186.767
51.62503457069397,0.3254729390114794,0.9999847412109375,0.0,4,-0.00226432,4.0,15745.2,204.648,-6.94187,-16.1583,14.2587,31.6663,76.6083,63.0764,54.459,49.9623,47.4978,45.2949,43.691,42.0572,40.3888,38.6795,36.2013,33.2022,26.6259,15.6013,9.23863,5.93174,2.74679,-0.675432,187.595,184.401,187.078,187.078
51.64411902427673,0.3248728320459401,0.9999847412109375,0.0,4,-0.0162905,4.0,15814.8,204.916,-7.66891,-15.538,14.0372,29.9418,77.8421,64.57,56.1769,51.8301,49.4616,47.356,45.8305,44.2848,42.7168,41.1233,38.8419,36.1448,30.6921,18.1086,9.97029,6.17111,2.75172,-0.681033,188.649,184.408,187.888,187.888
51.66555380821228,0.3240465653657758,0.9999847412109375,0.0,4,-0.0381148,4.0,15746.8,205.285,-8.90399,-14.829,13.773,28.1838,79.4003,66.3894,58.2094,53.998,51.7139,49.691,48.2308,46.757,45.2681,43.7627,41.6243,39.1284,34.2486,22.5944,11.127,6.5572,2.79117,-0.683831,189.267,184.329,187.231,187.231
51.685628175735474,0.3355756331750751,0.9999847412109375,0.0,4,-0.0550044,4.0,15678.3,205.712,-8.94049,-13.8873,13.559,26.9848,80.207,67.3999,59.3839,55.275,53.053,51.0901,49.6766,48.2528,46.8183,45.3723,43.3267,40.9545,36.3848,26.3911,12.3504,6.95643,2.84752,-0.683373,189.212,184.701,186.325,186.325
51.70369863510132,0.3408738410447041,0.9999847412109375,0.0,4,-0.0651372,4.0,15699.2,206.148,-7.94806,-13.1637,13.4087,26.3321,80.0348,67.3729,59.4801,55.448,53.2726,51.3544,49.9754,48.5886,47.1937,45.7903,43.8103,41.5234,37.1544,27.9242,13.3624,7.297,2.91328,-0.679743,188.812,185.268,186.529,186.529
51.7237274646759,0.3399804962314665,0.9999847412109375,0.0,4,-0.0726231,4.0,15788.9,206.525,-6.58923,-12.6047,13.2709,25.87,79.4855,66.9495,59.1665,55.2032,53.0697,51.1912,49.8428,48.4887,47.1286,45.7625,43.8392,41.6252,37.422,28.7385,14.3698,7.65275,2.99708,-0.67335,188.633,186.0,187.565,187.565
51.745522022247314,0.34562050297320823,0.9999847412109375,0.0,4,-0.0847376,4.0,15902.8,206.821,-6.2216,-12.1875,13.0633,25.0731,79.5807,67.1983,59.5386,55.6499,53.5607,51.7241,50.4073,49.0867,47.7621,46.4336,44.567,42.4243,38.3788,30.1668,16.1943,8.24239,3.12419,-0.664294,189.323,186.426,188.912,188.912
51.763726472854614,0.35127567407881216,0.9999847412109375,0.0,4,-0.100956,4.0,16001.6,207.124,-6.98797,-11.9923,12.7997,24.0303,80.2258,68.0132,60.4815,56.6674,54.6215,52.8253,51.5391,50.2502,48.9589,47.6653,45.8507,43.7721,39.8642,32.0255,19.0712,9.11215,3.29493,-0.652801,190.057,186.49,190.198,190.198
51.784226417541504,0.3627893973612785,0.9999847412109375,0.0,4,-0.115959,4.0,15819.5,207.687,-7.16054,-11.3056,12.538,23.1072,80.6803,68.6235,61.2085,57.4618,55.455,53.695,52.4357,51.175,49.913,48.6499,46.8803,44.8572,41.0647,33.5204,21.3867,10.1318,3.49379,-0.638657,190.403,186.662,188.0,188.0
51.80423140525818,0.3681944047566907,0.9999847412109375,0.0,4,-0.125801,4.0,15857.6,208.123,-6.57374,-10.8534,12.3136,22.5017,80.4216,68.4914,61.1773,57.4903,55.5185,53.7908,52.5559,51.3205,50.0851,48.8497,47.121,45.1475,41.4591,34.1737,22.6829,11.1043,3.70315,-0.621786,190.298,187.059,188.397,188.397
51.824674129486084,0.3671044349236817,0.9999847412109375,0.0,4,-0.132905,4.0,15962.2,208.543,-5.90227,-10.7881,12.1019,22.0541,79.7887,67.9719,60.7519,57.1217,55.183,53.4863,52.2746,51.0636,49.8534,48.6445,46.9548,45.0289,41.4395,34.396,23.4656,12.0776,3.92664,-0.602644,190.234,187.511,189.619,189.619
51.84357452392578,0.36604301191963257,0.9999847412109375,0.0,4,-0.140241,4.0,16079.3,208.952,-5.51677,-10.9535,11.8767,21.5995,79.1801,67.4767,60.3498,56.7749,54.8686,53.2022,52.013,50.8253,49.6395,48.456,46.8037,44.9231,41.4266,34.6048,24.1501,13.1956,4.17482,-0.581597,190.422,187.98,191.01,191.01
51.864262342453,0.3649712082505071,0.9999847412109375,0.0,4,-0.149021,4.0,16190.0,209.365,-5.5941,-11.2775,11.6295,21.0762,78.7522,67.1647,60.1298,56.6089,54.7337,53.0958,51.9282,50.7627,49.6,48.4402,46.8226,44.9839,41.5721,34.9462,24.8804,14.3396,4.45396,-0.558846,190.806,188.373,192.334,192.334
51.88431167602539,0.3637073622774705,0.9999847412109375,0.0,4,-0.158943,4.0,16208.0,209.852,-5.91821,-11.5705,11.3648,20.507,78.4604,66.9886,60.0428,56.5734,54.7277,53.117,51.9694,50.8247,49.6833,48.5457,46.96,45.1596,41.8244,35.3706,25.6257,15.3929,4.76434,-0.534464,191.26,188.714,192.605,192.605
51.9037184715271,0.36250320512862255,0.9999847412109375,0.0,4,-0.168821,4.0,16257.0,210.316,-6.22781,-11.8751,11.0929,19.9565,78.1478,66.7879,59.9281,56.5079,54.6906,53.1056,51.9771,50.8521,49.731,48.6142,47.0587,45.2941,42.0306,35.7348,26.2753,16.313,5.10117,-0.508378,191.689,189.073,193.152,193.152
51.92577147483826,0.36134835613888694,0.9999847412109375,0.0,4,-0.178667,4.0,16325.9,210.761,-6.55306,-12.2271,10.8137,19.4243,77.8167,66.565,59.7881,56.4153,54.6249,53.0646,51.9543,50.848,49.7462,48.6491,47.1222,45.3915,42.1949,36.0455,26.8431,17.1243,5.46553,-0.480606,192.09,189.437,193.968,193.968
51.943723917007446,0.36011565216107916,0.9999847412109375,0.0,4,-0.188032,4.0,16391.1,211.236,-6.97867,-12.7334,10.5312,18.9331,77.4099,66.2623,59.5653,56.2384,54.4741,52.9377,51.8451,50.7568,49.6734,48.5954,47.0961,45.3979,42.2656,36.2554,27.2956,17.8138,5.85391,-0.451229,192.39,189.763,194.747,194.747
51.964035987854004,0.35879211736385397,0.9999847412109375,0.0,4,-0.195403,4.0,16448.5,211.746,-7.12392,-13.3141,10.2563,18.5559,76.736,65.6876,59.0698,55.7888,54.0509,52.5387,51.464,50.3942,49.3299,48.2714,46.8002,45.1357,42.0698,36.205,27.5035,18.3008,6.25072,-0.420395,192.596,190.108,195.435,195.435
51.98557448387146,0.35761650704396575,0.9999847412109375,0.0,4,-0.20162,4.0,16581.1,212.199,-7.02618,-13.9641,9.99043,18.2521,75.9062,64.9544,58.4155,55.1809,53.4695,51.9817,50.9251,49.874,48.8289,47.7902,46.3476,44.7171,41.7186,36.001,27.5615,18.6519,6.64878,-0.38816,192.838,190.57,196.829,196.829
52.00558638572693,0.356871694324743,0.49999237060546875,0.0,4,-0.209735,4.0,16860.4,212.486,-7.37299,-14.785,9.72223,17.8782,75.3022,64.446,57.982,54.7903,53.1035,51.6379,50.5978,49.5636,48.5359,47.5148,46.0977,44.4973,41.558,35.9664,27.7405,19.0524,7.03832,-0.354642,193.235,191.016,200.28,200.28
52.024049520492554,0.35604383628491,0.9999847412109375,0.0,4,-0.220672,4.0,16322.9,212.805,-8.02224,-15.3302,9.44559,17.3932,75.0338,64.27,57.8738,54.7198,53.0542,51.6078,50.5816,49.5616,48.5483,47.5421,46.146,44.5701,41.6782,36.1838,28.1108,19.5562,7.43003,-0.319727,193.806,191.351,194.187,194.187
52.04414463043213,0.3553976398839119,0.9999847412109375,0.0,4,-0.232647,4.0,16592.9,213.054,-8.68434,-15.7444,9.17095,16.8819,74.8785,64.2032,57.8703,54.7509,53.1046,51.6755,50.6619,49.6547,48.6545,47.6614,46.2841,44.7299,41.8794,36.4687,28.5224,20.0689,7.81159,-0.283091,194.286,191.589,197.11,197.11
52.06448435783386,0.3543050748846339,0.9999847412109375,0.0,4,-0.243018,4.0,16644.4,213.475,-9.2656,-16.0784,8.90629,16.4014,74.6819,64.0917,57.8198,54.734,53.1063,51.6941,50.6927,49.6979,48.7101,47.7298,46.3705,44.8374,42.0268,36.6971,28.874,20.5244,8.17125,-0.244671,194.656,191.814,197.788,197.788
52.0844349861145,0.3657965642204136,0.9999847412109375,0.0,4,-0.238543,4.0,16640.0,213.928,-9.57296,-16.2733,8.65148,15.9547,29.5662,63.9185,57.7064,54.6534,53.044,51.6482,50.6588,49.6763,48.7008,47.733,46.3916,44.8792,42.1082,36.8584,29.1586,20.9197,8.50901,-0.206086,195.023,192.119,197.739,197.739
52.10405468940735,0.37762655007457674,0.9999847412109375,0.0,4,-0.23413,4.0,16702.5,214.309,-9.8449,-16.4803,8.4025,15.517,27.7786,63.7492,57.5948,54.5734,52.9816,51.6014,50.6235,49.6526,48.689,47.7331,46.4086,44.9157,42.1823,37.008,29.4238,21.2888,8.83213,-0.168527,195.35,192.4,198.459,198.459
52.12422442436218,0.3895602357895114,0.9999847412109375,0.0,4,-0.230435,4.0,16717.5,214.706,-10.1789,-16.6067,8.15538,15.0624,26.1741,63.6611,57.5608,54.5684,52.9927,51.627,50.6594,49.699,48.7461,47.8011,46.4918,45.0166,42.3164,37.2082,29.7221,21.6701,9.14927,-0.131963,195.675,192.613,198.663,198.663
52.1438193321228,0.3949943886786699,0.9999847412109375,0.0,4,-0.22695,4.0,16710.1,215.105,-10.4598,-16.6489,7.9126,14.6113,24.8094,63.5936,57.5451,54.5803,53.0198,51.6677,50.7101,49.7596,48.8167,47.8817,46.5868,45.128,42.4587,37.4119,30.0157,22.0387,9.45623,-0.0962969,195.969,192.797,198.582,198.582
52.16357088088989,0.3938319084362189,0.9999847412109375,0.0,4,-0.223009,4.0,16700.9,215.502,-10.5884,-16.6399,7.67749,14.1878,23.7348,63.4681,57.471,54.5338,52.9884,51.6499,50.7021,49.7616,48.8288,47.9038,46.6233,45.1811,42.5431,37.5582,30.2547,22.3605,9.74599,-0.0614497,196.232,193.019,198.469,198.469
52.18416118621826,0.39266064370830855,0.9999847412109375,0.0,4,-0.218036,4.0,16696.4,215.902,-10.4816,-16.6078,7.45295,13.8113,22.9765,63.216,57.2717,54.3632,52.8339,51.5096,50.5722,49.6422,48.72,47.806,46.5406,45.1161,42.5119,37.5949,30.3964,22.6053,10.0112,-0.0273844,196.474,193.322,198.418,198.418
52.2056930065155,0.3980449906739406,0.9999847412109375,0.0,4,-0.211734,4.0,16700.2,216.31,-10.1172,-16.573,7.23995,13.4876,22.5173,62.8119,56.9231,54.0454,52.5331,51.2242,50.298,49.3794,48.4688,47.5665,46.3179,44.9128,42.3458,37.5045,30.4266,22.7631,10.2485,0.00589371,196.703,193.7,198.45,198.45
52.224209785461426,0.39682724513436674,0.9999847412109375,0.0,4,-0.204348,4.0,16717.7,216.719,-9.59037,-16.5673,7.03731,13.2074,22.2944,62.2868,56.456,53.6107,52.1165,50.8238,49.9095,49.0031,48.1049,47.2151,45.9843,44.6,42.0728,37.3133,30.3677,22.8496,10.4606,0.0383199,196.924,194.102,198.652,198.652
52.24408841133118,0.4088536080820392,0.9999847412109375,0.0,4,-0.196382,4.0,16747.4,217.127,-9.0413,-16.6126,6.84291,12.954,22.2265,61.6993,55.9279,53.1157,51.6401,50.3642,49.462,48.568,47.6824,46.8056,45.5931,44.2301,41.7439,37.0684,30.259,22.893,10.6533,0.0697988,197.212,194.536,199.0,199.0
52.26401662826538,0.41426426388323306,0.9999847412109375,0.0,4,-0.188258,4.0,16776.5,217.54,-8.54825,-16.6998,6.65559,12.7161,22.2609,61.0935,55.3812,52.6022,51.1452,49.886,48.9961,48.1145,47.2415,46.3774,45.1832,43.8414,41.3958,36.8037,30.1287,22.913,10.8311,0.100212,197.499,194.912,199.347,199.347
52.28467559814453,0.4196810491023119,0.9999847412109375,0.0,4,-0.18024,4.0,16805.1,217.955,-8.14045,-16.8104,6.47466,12.4862,22.3646,60.4973,54.8435,52.0971,50.6583,49.4155,48.5376,47.668,46.8073,45.9557,44.7792,43.4581,41.052,36.5403,29.9945,22.9228,10.9969,0.129496,197.837,195.279,199.676,199.676
52.30461573600769,0.42513867345242456,0.9999847412109375,0.0,4,-0.17259,4.0,16840.0,218.361,-7.87002,-16.946,6.29926,12.2562,22.4746,59.9421,54.3445,51.6294,50.208,48.9808,48.1142,47.2563,46.4073,45.5674,44.4077,43.1061,40.7373,36.301,29.8751,22.9358,11.1542,0.157574,198.21,195.626,200.103,200.103
52.325663566589355,0.423821004837739,0.603912353515625,0.0,4,-0.16541,4.0,16864.9,218.769,-7.72087,-17.0729,6.12925,12.0237,22.5533,59.4373,53.8931,51.2077,49.8027,48.5903,47.7345,46.8873,46.0492,45.2205,44.0765,42.793,40.4588,36.0922,29.7759,22.9564,11.3044,0.184415,198.608,195.955,200.4,200.4
52.34571576118469,0.4299620836829022,0.007843017578125,0.0,4,-0.158279,4.0,16569.0,218.964,-7.57127,-17.2062,5.96708,11.8042,22.7812,58.9361,53.4442,50.7876,49.3987,48.2006,47.3551,46.5185,45.6911,44.8732,43.7444,42.4786,40.1779,35.8785,29.668,22.9642,11.4426,0.209995,198.996,196.281,196.948,196.948
52.36434054374695,0.4312713030683343,0.0,0.0,4,-0.150853,4.0,16132.2,218.565,-7.2359,-17.3082,5.8147,11.6119,23.623,58.3954,52.9564,50.3289,48.9563,47.7728,46.9379,46.112,45.2955,44.4884,43.3751,42.1272,39.8604,35.6295,29.5266,22.9418,11.5641,0.234324,199.158,196.476,193.06,190.488
52.38596844673157,0.433600991699053,0.0,0.0,4,-0.144592,4.0,16055.6,217.855,-7.04963,-17.3837,5.66509,11.3961,67.3786,57.9741,52.5821,49.9803,48.6219,47.4511,46.6254,45.8088,45.0016,44.204,43.1041,41.8714,39.6335,35.4602,29.4463,22.9574,11.6879,0.257412,199.064,196.37,192.344,189.323
52.40403628349304,0.4360291178775485,0.0,0.0,4,-0.140617,4.0,15998.7,217.115,-7.24181,-17.4161,5.51274,11.1192,22.7209,57.7884,52.432,49.8491,48.5011,47.3395,46.5205,45.7105,44.91,44.119,43.0284,41.8064,39.5883,35.4531,29.4952,23.0608,11.8286,0.279332,198.832,195.93,191.929,188.381
52.42688965797424,0.4385064628299325,0.0,0.0,4,-0.138874,4.0,15941.3,216.36,-7.80862,-17.4146,5.35769,10.786,20.7227,57.8288,52.4968,49.9263,48.5848,47.429,46.6141,45.8082,45.0117,44.2248,43.1396,41.9237,39.7165,35.6009,29.6677,23.2492,11.9873,0.300203,198.507,195.265,191.508,187.439
52.4431369304657,0.44802333333333333,0.0,0.0,4,-0.138671,4.0,15882.0,215.593,-8.62212,-17.3991,5.2032,10.4246,19.0551,58.0194,52.7037,50.141,48.8035,47.6509,46.8383,46.0348,45.2404,44.4557,43.3734,42.1605,39.9582,35.8497,29.9201,23.4919,12.1562,0.320108,198.049,194.485,190.992,186.548
52.464014291763306,0.4506366666666667,0.0,0.0,4,-0.139567,4.0,15820.5,214.809,-9.56978,-17.3701,5.05099,10.0524,17.6367,58.3114,53.0062,50.4477,49.1124,47.9615,47.15,46.3474,45.554,44.7701,43.6888,42.4768,40.2755,36.1655,30.2254,23.7701,12.331,0.33917,197.441,193.612,190.396,185.687
52.48410248756409,0.45331,0.0,0.0,4,-0.141325,4.0,15754.2,214.007,-10.6689,-17.3748,4.90183,9.67773,16.3964,58.6852,53.3856,50.8289,49.4941,48.3436,47.5321,46.7295,45.936,45.1518,44.07,42.8573,40.6535,36.5354,30.5733,24.0771,12.5103,0.357441,196.759,192.714,189.738,184.768
52.505945682525635,0.4560533333333333,0.0,0.0,4,-0.143579,4.0,15689.7,213.184,-11.8059,-17.3653,4.75701,9.31171,15.3202,59.1033,53.8066,51.25,49.9148,48.7638,47.9518,47.1486,46.3543,45.5693,44.4861,43.2714,41.0635,36.9334,30.943,24.3981,12.6903,0.374975,196.012,191.805,189.048,183.927
52.52562713623047,0.4588333333333333,0.0,0.0,4,-0.145707,4.0,15624.7,212.35,-12.8887,-17.3639,4.61871,8.96961,14.4185,59.5022,54.2081,51.6517,50.3162,49.1645,48.352,47.5483,46.7533,45.9675,44.883,43.6666,41.4545,37.3136,31.2965,24.7056,12.8633,0.391809,195.19,190.916,188.284,183.148
52.54444408416748,0.46162666666666663,0.0,0.0,4,-0.147249,4.0,15559.7,211.512,-13.8019,-17.3615,4.4884,8.66062,13.6818,59.8304,54.5408,51.9856,50.6507,49.4993,48.6868,47.883,47.0879,46.3018,45.217,43.9998,41.7857,37.6382,31.6028,24.9769,13.0228,0.407977,194.285,190.048,187.459,182.427
52.56430506706238,0.46441,0.0,0.0,4,-0.148076,4.0,15493.0,210.677,-14.5425,-17.3761,4.36574,8.38314,13.0741,60.0776,54.795,52.2427,50.909,49.7587,48.947,48.1437,47.3491,46.5635,45.4792,44.2625,42.0487,37.8998,31.8555,25.2071,13.1675,0.423543,193.332,189.197,186.595,181.71
52.58676600456238,0.46720666666666666,0.0,0.0,4,-0.148454,4.0,15427.8,209.838,-15.1748,-17.401,4.24963,8.12863,12.549,60.2736,54.9993,52.4507,51.1187,49.9698,49.1591,48.3568,47.5632,46.7785,45.6951,44.4795,42.2674,38.1198,32.0723,25.4091,13.3009,0.438492,192.386,188.354,185.77,180.978
52.60626411437988,0.47000333333333333,0.0,0.0,4,-0.148275,4.0,15365.3,208.999,-15.6445,-17.4064,4.1399,7.89709,12.0983,60.4082,55.1437,52.5998,51.2703,50.1234,49.314,48.5131,47.7209,46.9375,45.8559,44.6422,42.4333,38.2909,32.247,25.5782,13.4219,0.452859,191.443,187.517,184.958,180.304
52.62358212471008,0.47276666666666667,0.0,0.0,3,-0.147291,4.0,15304.0,208.17,-15.9281,-17.4067,4.03698,7.69125,11.7247,60.4567,55.2047,52.667,51.341,50.1971,49.3898,48.5909,47.8007,47.0194,45.9407,44.7301,42.5269,38.3948,32.3642,25.7033,13.5271,0.466671,190.5,186.706,184.135,179.668
52.64435601234436,0.47528666666666675,0.0,0.0,3,-0.145494,3.0,18730.5,207.414,-15.9957,-17.3933,3.9407,7.51046,11.4221,60.4124,55.1759,52.6464,51.3247,50.1849,49.3805,48.5844,47.797,47.0184,45.9437,44.7378,42.5431,38.4272,32.4201,25.7814,13.6155,0.479963,189.559,185.921,184.593,180.945
52.6643431186676,0.47741999999999996,0.0,0.0,3,-0.142858,3.0,18646.5,206.774,-15.8953,-17.3959,3.8505,7.3521,11.1807,60.28,55.0621,52.5427,51.2265,50.0915,49.2906,48.4982,47.7144,46.9395,45.8698,44.6697,42.4861,38.392,32.4182,25.8151,13.6881,0.492772,188.686,185.205,184.25,180.978
52.68438649177551,0.47953999999999997,0.0,0.0,3,-0.139524,3.0,18646.3,206.138,-15.6413,-17.3887,3.76577,7.21271,10.9887,60.075,54.8782,52.3704,51.0605,49.9311,49.1344,48.3462,47.5667,46.796,45.7323,44.5391,42.3686,38.3008,32.3683,25.8117,13.7469,0.505104,187.902,184.562,182.211,178.434
52.70670223236084,0.48229333333333324,0.0,0.0,3,-0.135598,3.0,18460.1,205.312,-15.2567,-17.3703,3.68609,7.08991,10.839,59.8088,54.6352,52.1402,50.8375,49.7145,48.9224,48.1389,47.3641,46.5982,45.5413,44.356,42.2003,38.1625,32.2778,25.7767,13.7935,0.516954,187.137,183.935,180.463,176.372
52.72582006454468,0.48522999999999994,0.0,0.0,3,-0.131426,3.0,18364.8,204.431,-14.7976,-17.3353,3.61051,6.97771,10.7141,59.5149,54.3653,51.8836,50.5883,49.4719,48.6847,47.906,47.1361,46.3753,45.3255,44.1483,42.0083,38.0019,32.1676,25.7253,13.8324,0.528309,186.351,183.265,179.51,175.445
52.74521565437317,0.4881833333333334,0.0,0.0,3,-0.127368,3.0,18286.4,203.545,-14.3207,-17.2828,3.53778,6.86963,10.5946,59.2269,54.1009,51.6321,50.344,49.2341,48.4515,47.6776,46.9125,46.1565,45.1137,43.9445,41.8196,37.8438,32.0584,25.6731,13.8685,0.539211,185.56,182.544,178.734,174.703
52.764193534851074,0.4911266666666666,0.0,0.0,3,-0.12373,3.0,18208.4,202.662,-13.9248,-17.2346,3.46682,6.7593,10.461,58.9799,53.8753,51.4182,50.1366,49.0327,48.2542,47.4846,46.7239,45.9722,44.9355,43.7736,41.6622,37.7136,31.9714,25.6361,13.9068,0.549683,184.791,181.784,177.991,173.936
52.78429961204529,0.49407333333333336,0.0,0.0,3,-0.120625,3.0,18133.2,201.778,-13.6116,-17.1706,3.39724,6.64487,10.3072,58.7849,53.6988,51.2519,49.976,48.877,48.1023,47.3364,46.5793,45.8314,44.8001,43.6442,41.5444,37.6188,31.9129,25.6188,13.949,0.559736,184.045,180.997,177.304,173.17
52.804744243621826,0.4970133333333334,0.509796142578125,0.0,3,-0.118001,3.0,18057.3,200.896,-13.3749,-17.0964,3.32894,6.52703,10.1357,58.6363,53.5664,51.1284,49.8572,48.7625,47.9909,47.2281,46.4743,45.7296,44.7027,43.552,41.4619,37.5557,31.8797,25.619,13.9945,0.569403,183.307,180.186,176.616,172.391
52.82676315307617,0.4984966666666667,0.9999847412109375,0.0,3,-0.115422,3.0,18682.6,200.451,-13.1591,-17.0217,3.263,6.41336,9.97142,58.4881,53.4339,51.0045,49.7381,48.6475,47.8789,47.1192,46.3686,45.627,44.6045,43.4588,41.3783,37.491,31.8444,25.6166,14.0374,0.578725,182.605,179.421,180.458,180.458
52.84450554847717,0.49818666666666667,0.9999847412109375,0.0,3,-0.112348,3.0,19372.9,200.544,-12.9768,-16.9674,3.20092,6.31301,9.84264,58.2868,53.2506,50.8309,49.5699,48.4843,47.7192,46.963,46.216,45.478,44.4607,43.3209,41.2516,37.3866,31.7753,25.5879,14.0705,0.587704,182.122,178.914,187.022,187.022
52.8660454750061,0.4968066666666666,0.49999237060546875,0.0,3,-0.109285,3.0,19554.0,200.958,-12.9834,-16.9435,3.14227,6.21909,9.72497,58.0846,53.066,50.6558,49.4003,48.3194,47.5578,46.8051,46.0615,45.3271,44.3147,43.1808,41.1224,37.2795,31.7027,25.5554,14.0999,0.596209,181.986,178.7,188.877,188.877
52.88414001464844,0.49589666666666665,0.9999847412109375,0.0,3,-0.105336,3.0,18925.9,201.231,-12.8386,-16.9465,3.09006,6.14785,9.66855,57.7933,52.796,50.3976,49.1486,48.0736,47.3163,46.5679,45.8287,45.0987,44.0926,42.966,40.9215,37.1063,31.5742,25.4796,14.1132,0.60416,182.028,178.71,183.004,183.004
52.904343605041504,0.4950133333333333,0.9999847412109375,0.0,3,-0.0991958,3.0,19426.5,201.496,-12.2786,-16.9552,3.04751,6.12093,9.74713,57.2869,52.3213,49.9407,48.7015,47.6354,46.8846,46.1428,45.4102,44.687,43.6905,42.5749,40.5515,36.7793,31.317,25.307,14.0936,0.611575,182.012,178.843,187.587,187.587
52.92689561843872,0.49330000000000007,0.49999237060546875,0.0,3,-0.0920852,3.0,19548.1,202.01,-11.6418,-16.9702,3.01236,6.1218,9.91511,56.6816,51.7527,49.3927,48.165,47.1092,46.3658,45.6317,44.9068,44.1914,43.206,42.1033,40.1045,36.382,31.0006,25.0888,14.0566,0.618346,182.118,179.111,188.838,188.838
52.94567370414734,0.49223000000000006,0.9999847412109375,0.0,3,-0.0842007,3.0,18928.0,202.331,-10.814,-16.9785,2.98458,6.1494,10.1809,56.0,51.1121,48.7749,47.5599,46.5155,45.7806,45.0549,44.3386,43.6319,42.6588,41.5703,39.5985,35.9312,30.6392,24.8357,14.005,0.624425,182.369,179.498,183.008,183.008
52.96431064605713,0.4912000000000001,0.9999847412109375,0.0,3,-0.0750969,3.0,19411.1,202.64,-9.73405,-16.9573,2.96516,6.2132,10.6055,55.2035,50.3634,48.0528,46.8526,45.8216,45.0962,44.3803,43.674,42.9773,42.0184,40.9464,39.006,35.4021,30.2125,24.5329,13.9344,0.629855,182.594,179.932,187.456,187.456
52.98772716522217,0.4893766666666667,0.9999847412109375,0.0,3,-0.0664476,3.0,19505.4,203.187,-8.84041,-16.9136,2.95051,6.28678,11.1119,54.4519,49.6578,47.3727,46.1866,45.1682,44.4521,43.7455,43.0486,42.3616,41.4162,40.3598,38.449,34.905,29.8116,24.2478,13.8656,0.634537,182.997,180.432,188.434,188.434
53.00666546821594,0.4874733333333333,0.9999847412109375,0.0,3,-0.0590447,3.0,19536.6,203.758,-8.20861,-16.8397,2.93882,6.35561,11.6454,53.8177,49.0632,46.7998,45.6259,44.6183,43.91,43.2114,42.5226,41.8437,40.9098,39.8667,37.9812,34.4878,29.4755,24.0086,13.8073,0.638426,183.605,180.994,188.748,188.748
53.026702642440796,0.48558333333333337,0.9999847412109375,0.0,3,-0.0528219,3.0,19561.0,204.325,-7.83031,-16.7593,2.93068,6.42132,12.2139,53.2862,48.5649,46.3199,45.1562,44.1578,43.4561,42.7642,42.0822,41.41,40.4858,39.454,37.5896,34.1386,29.1941,23.8079,13.7573,0.641504,184.304,181.557,188.982,188.982
53.04697918891907,0.48368999999999995,0.9999847412109375,0.0,3,-0.0473254,3.0,19575.6,204.893,-7.60453,-16.6573,2.92734,6.49176,12.8792,52.8183,48.1261,45.897,44.7423,43.7519,43.0561,42.37,41.6938,41.0277,40.112,39.0899,37.244,33.8301,28.9446,23.6288,13.7102,0.643762,185.006,182.105,189.129,189.129
53.06622505187988,0.482,0.9999847412109375,0.0,3,-0.0420283,3.0,19548.6,205.4,-7.40881,-16.5459,2.93029,6.57815,13.8127,52.3648,47.7003,45.4867,44.3404,43.3576,42.6673,41.9869,41.3164,40.6559,39.7483,38.7354,36.9073,33.5288,28.6998,23.4514,13.6599,0.645209,185.668,182.651,188.769,188.769
53.085678815841675,0.4804366666666666,0.9999847412109375,0.0,3,-0.0366815,3.0,19579.0,205.869,-7.24083,-16.463,2.94039,6.68742,15.6197,51.9024,47.2658,45.0675,43.9298,42.9547,42.27,41.5952,40.9303,40.2756,39.3761,38.3726,36.5622,33.2193,28.447,23.2662,13.6034,0.645836,186.249,183.171,189.049,189.049
53.105772256851196,0.47902,0.9999847412109375,0.0,3,-0.0311225,3.0,19526.3,206.294,-7.07718,-16.4163,2.95871,6.82632,59.7238,51.4159,46.8081,44.6258,43.497,42.5298,41.8509,41.1819,40.523,39.8743,38.9831,37.9894,36.1974,32.8913,28.1777,23.0671,13.5386,0.64559,186.754,183.667,188.745,188.745
53.12747311592102,0.47782,0.9999847412109375,0.0,3,-0.025626,3.0,19601.3,206.654,-6.91668,-16.3745,2.98482,6.99109,59.2014,50.9299,46.3504,44.184,43.0638,42.1044,41.4311,40.7678,40.1148,39.4719,38.589,37.6049,35.8309,32.5611,27.9053,22.8637,13.4685,0.644444,187.222,184.137,189.099,189.099
53.144054889678955,0.47691000000000006,0.9999847412109375,0.0,3,-0.0208891,3.0,19629.6,206.927,-6.93432,-16.3971,3.01691,7.16534,58.7486,50.5065,45.9506,43.7973,42.6845,41.7316,41.0631,40.4047,39.7565,39.1186,38.2427,37.2667,35.508,32.269,27.6624,22.6799,13.4006,0.642372,187.685,184.546,189.287,189.287
53.164204120635986,0.47607333333333335,0.9999847412109375,0.0,3,-0.0170501,3.0,19577.7,207.178,-7.06936,-16.3695,3.05438,7.34361,58.3783,50.1575,45.6194,43.476,42.3689,41.4211,40.7563,40.1015,39.4571,38.8231,37.9528,36.983,35.2364,32.0218,27.4545,22.5198,13.3362,0.639395,188.121,184.869,188.258,187.797
53.18552803993225,0.47531999999999996,0.9999847412109375,0.0,3,-0.013388,3.0,19643.3,207.404,-7.28608,-16.3772,3.09904,7.54508,58.0193,49.8176,45.2958,43.1617,42.0599,41.1168,40.4555,39.8043,39.1634,38.5329,37.6677,36.7039,34.9687,31.7771,27.2472,22.3584,13.2678,0.635553,188.456,185.118,189.393,189.393
53.20585513114929,0.46710257045910686,0.9999847412109375,0.0,3,-0.0089224,3.0,19625.2,207.645,-7.35873,-16.3935,3.15469,7.80488,57.5723,49.3963,44.8957,42.7736,41.6784,40.7414,40.0844,39.4377,38.8014,38.1755,37.3167,36.3604,34.6395,31.4768,26.9934,22.1611,13.1841,0.630793,188.668,185.359,188.846,188.549
53.22684717178345,0.46649882016607563,0.9999847412109375,0.0,3,-0.00399381,3.0,19658.0,207.829,-7.2916,-16.413,3.22037,8.11973,57.0706,48.9239,44.4475,42.339,41.2514,40.3213,39.6693,39.0276,38.3964,37.7757,36.9242,35.9763,34.2715,31.1411,26.7097,21.9402,13.0893,0.625153,188.878,185.647,189.068,188.781
53.246681451797485,0.4515373341199384,0.9999847412109375,0.0,3,-0.000106637,3.0,19641.2,207.932,-7.47275,-16.5156,3.29145,8.44086,56.675,48.5363,44.0772,41.9787,40.8967,39.9716,39.3233,38.6855,38.0582,37.4413,36.5954,35.654,33.9614,30.8561,26.4655,21.7462,12.999,0.618573,189.128,185.868,188.758,188.244
53.2688934803009,0.4440408761166036,0.9999847412109375,0.0,3,0.00283497,3.0,19633.4,208.019,-7.71878,-16.5148,3.36741,8.76577,56.3865,48.2247,43.7764,41.6846,40.6064,39.6848,39.0391,38.4039,37.7792,37.1651,36.3232,35.3864,33.7027,30.6158,26.2559,21.5756,12.9126,0.611131,189.44,186.071,188.688,188.099
53.28558111190796,0.44373125689476733,0.9999847412109375,0.0,3,0.00585669,3.0,19631.6,208.118,-7.97732,-16.5278,3.4512,9.1335,56.106,47.8988,43.4616,41.3766,40.3023,39.3843,38.7412,38.1087,37.4868,36.8756,36.0377,35.1057,33.4311,30.3633,26.0352,21.3952,12.8198,0.60289,189.659,186.24,188.671,188.079
53.30731654167175,0.4434028728716075,0.9999847412109375,0.0,3,0.00963658,3.0,19625.5,208.223,-8.02275,-16.4995,3.5457,9.58494,55.7556,47.4955,43.0745,40.999,39.9302,39.0171,38.3776,37.7488,37.1306,36.5231,35.6907,34.765,33.1025,30.0594,25.772,21.1825,12.7135,0.593859,189.753,186.393,188.604,188.041
53.32420372962952,0.4431495480537414,0.9999847412109375,0.0,3,0.0138127,3.0,19645.7,208.304,-7.94781,-16.4722,3.64938,10.1175,55.3723,47.0489,42.6469,40.5823,39.5198,38.6123,37.977,37.3523,36.7384,36.1353,35.3089,34.3904,32.7417,29.7263,25.4842,20.9507,12.5984,0.584099,189.816,186.548,188.758,188.244
53.346285581588745,0.4429243704378604,0.9999847412109375,0.0,3,0.0173427,3.0,19658.9,208.376,-8.00868,-16.4636,3.75832,10.6843,55.0742,46.6518,42.2644,40.2084,39.1509,38.248,37.6159,36.9947,36.3842,35.7847,34.9634,34.0507,32.4134,29.4214,25.2181,20.733,12.4846,0.573582,189.923,186.651,188.927,188.376
53.36812663078308,0.44267417308688173,0.9999847412109375,0.0,3,0.0204069,3.0,19660.6,208.456,-8.10707,-16.4088,3.87269,11.2967,54.8474,46.2884,41.9121,39.8632,38.8096,37.9104,37.2812,36.6628,36.0553,35.4587,34.6417,33.734,32.1064,29.1347,24.9654,20.5238,12.3705,0.56235,190.047,186.721,188.951,188.366
53.38563418388367,0.44238644613325595,0.9999847412109375,0.0,3,0.0237262,3.0,19659.7,208.548,-8.19041,-16.3679,3.99547,12.0186,54.611,45.8957,41.5322,39.4912,38.4422,37.5472,36.9211,36.3059,35.7016,35.1083,34.296,33.3939,31.777,28.8276,24.6954,20.3006,12.2494,0.550419,190.124,186.788,188.941,188.362
53.4076566696167,0.4420862093120813,0.9999847412109375,0.0,3,0.0275871,3.0,19655.8,208.644,-8.12132,-16.3007,4.12847,12.9202,54.3225,45.4448,41.0982,39.0673,38.0241,37.1343,36.512,35.9008,35.3005,34.7113,33.9049,33.0095,31.4056,28.4828,24.3944,20.0539,12.1183,0.537795,190.164,186.885,188.898,188.34
53.42411279678345,0.4418485218286514,0.9999847412109375,0.0,3,0.0316912,3.0,19673.6,208.72,-8.00076,-16.2536,4.27038,14.0532,54.0201,44.9651,40.6373,38.6175,37.5806,36.6966,36.0784,35.4715,34.8756,34.2908,33.4907,32.6027,31.0129,28.1188,24.0772,19.7945,11.9805,0.524506,190.207,186.996,189.051,188.528
53.448001861572266,0.441604579411447,0.9999847412109375,0.0,3,0.0353715,3.0,19679.5,208.798,-7.96274,-16.2043,4.41822,15.4678,53.7908,44.5147,40.2027,38.1925,37.1612,36.2822,35.6677,35.0645,34.4725,33.8916,33.0971,32.2158,30.6386,27.7705,23.7715,19.5422,11.8423,0.51052,190.296,187.083,189.128,188.572
53.468050956726074,0.44135125459358104,0.9999847412109375,0.0,3,0.0387923,3.0,19682.2,208.879,-7.95183,-16.1319,4.57235,17.5335,53.6194,44.0894,39.7813,37.7798,36.7535,35.8791,35.2681,34.6684,34.0799,33.5027,32.7134,31.8381,30.2728,27.429,23.4705,19.292,11.7021,0.49587,190.4,187.157,189.158,188.582
53.48718976974487,0.4410791649743914,0.9999847412109375,0.0,3,0.0423233,3.0,19683.5,208.966,-7.9274,-16.0584,4.73482,79.3726,53.4599,43.6642,39.3439,37.3515,36.3306,35.4611,34.8536,34.2576,33.6729,33.0995,32.3157,31.4468,29.8937,27.0754,23.1591,19.0333,11.5568,0.480563,190.488,187.239,189.171,188.596
53.505640506744385,0.44080394788831473,0.9999847412109375,0.0,3,0.0459987,3.0,19684.1,209.054,-7.84025,-15.9672,4.90634,80.5691,53.2999,43.2308,38.8835,36.9011,35.8859,35.0217,34.4182,33.8261,33.2454,32.6762,31.8983,31.0363,29.4965,26.7055,22.8339,18.7636,11.4057,0.464611,190.559,187.331,189.176,188.605
53.525694608688354,0.4405631329379976,0.9999847412109375,0.0,3,0.0496747,3.0,19695.6,209.131,-7.75298,-15.8864,5.08588,81.9547,53.1691,42.8074,38.4154,36.4433,35.4339,34.5751,33.9755,33.3875,32.811,32.246,31.474,30.619,29.0927,26.3293,22.5031,18.4889,11.2507,0.44803,190.635,187.425,189.283,188.721
53.54411029815674,0.4403160630539059,0.9999847412109375,0.0,3,0.0530965,3.0,19701.5,209.21,-7.70953,-15.7991,5.27189,83.6641,53.1103,42.4191,37.9594,35.9966,34.9927,34.1388,33.5429,32.9586,32.386,31.8248,31.0586,30.2102,28.6966,25.9593,22.1763,18.2161,11.0938,0.430815,190.73,187.506,189.346,188.767
53.56414461135864,0.44006899316981435,0.9999847412109375,0.0,3,0.0563294,3.0,19707.0,209.289,-7.68769,-15.6994,5.46461,85.7372,53.1213,42.0623,37.5102,35.5561,34.5572,33.708,33.1156,32.5348,31.9659,31.4085,30.6477,29.8055,28.304,25.5921,21.8508,17.9432,10.9346,0.41298,190.835,187.586,189.402,188.812
53.584250688552856,0.43982817821949716,0.9999847412109375,0.0,3,0.0594017,3.0,19712.7,209.366,-7.68176,-15.5904,5.66406,88.2393,53.2057,41.7364,37.0731,35.1192,34.1251,33.2804,32.6912,32.1139,31.5485,30.9947,30.239,29.403,27.9133,25.2258,21.5255,17.6695,10.7728,0.394548,190.935,187.659,189.459,188.86
53.60328483581543,0.43958736326918,0.9999847412109375,0.0,3,0.0623409,3.0,19718.2,209.443,-7.68308,-15.4765,5.87081,91.2317,53.3591,41.4361,36.6522,34.68,33.6908,32.8504,32.2646,31.6906,31.1286,30.5784,29.8278,28.9979,27.5199,24.8568,21.1974,17.3927,10.608,0.375525,191.025,187.729,189.514,188.911
53.62345051765442,0.4464869862307826,0.9999847412109375,0.0,3,0.0652696,3.0,19722.9,209.521,-7.67772,-15.3579,6.08521,94.7967,53.5784,41.1565,36.2432,34.2343,33.2494,32.4135,31.831,31.2605,30.702,30.1554,29.41,28.5861,27.1201,24.4818,20.8638,17.1111,10.4397,0.355938,191.105,187.799,189.56,188.956
53.645099401474,0.4534427120286598,0.9999847412109375,0.0,3,0.0682208,3.0,19728.8,209.597,-7.66306,-15.2402,6.30763,99.0616,53.866,40.896,35.8444,33.7914,32.7984,31.9672,31.3881,30.8211,30.2663,29.7234,28.9834,28.1658,26.7121,24.0992,20.5236,16.824,10.2676,0.335787,191.147,187.839,189.616,189.015
53.665677070617676,0.45322310059287896,0.9999847412109375,0.0,3,0.0710971,3.0,19735.8,209.665,-7.63598,-15.1099,6.53722,104.303,54.2524,40.6679,35.465,33.3643,32.3512,31.5182,30.9425,30.3791,29.8278,29.2886,28.5539,27.7426,26.3011,23.7137,20.1805,16.5341,10.0927,0.315093,191.168,187.853,189.684,189.082
53.68658471107483,0.45302609621666373,0.9999847412109375,0.0,3,0.0735652,3.0,19745.0,209.726,-7.66428,-14.9709,6.77103,111.147,54.8258,40.5141,35.1351,32.9789,31.9424,31.0922,30.5149,29.9545,29.4064,28.8705,28.1404,27.3347,25.9041,23.3399,19.8458,16.2493,9.91726,0.293865,191.235,187.874,189.778,189.159
53.708709955215454,0.4528355510003244,0.9999847412109375,0.0,3,0.0757396,3.0,19754.2,209.785,-7.75153,-14.8436,7.00992,120.098,55.5856,40.4253,34.8458,32.6269,31.5638,30.6936,30.1035,29.5379,28.9923,28.4595,27.7338,26.9333,25.5128,22.9705,19.5138,15.9655,9.74038,0.272132,191.31,187.898,189.869,189.244
53.723734617233276,0.45260625082472966,0.9999847412109375,0.0,3,0.0780055,3.0,19750.6,209.856,-7.79677,-14.6903,7.25692,131.66,56.4809,40.3658,34.5693,32.2837,31.1925,30.3012,29.6978,29.12,28.5665,28.035,27.314,26.519,25.1095,22.5902,19.1729,15.6747,9.55961,0.249905,191.366,187.933,189.839,189.207
53.74617648124695,0.45238986896888667,0.9999847412109375,0.0,3,0.0805885,3.0,19754.4,209.923,-7.7816,-14.5474,7.51448,146.681,57.4722,40.3085,34.2853,31.9317,30.8121,29.8996,29.2828,28.6931,28.1287,27.5882,26.8682,26.0796,24.6826,22.1893,18.8156,15.3718,9.37356,0.227202,191.397,187.99,189.869,189.257
53.76783847808838,0.45221224207229904,0.9999847412109375,0.0,3,0.0832359,3.0,19762.3,209.978,-7.72075,-14.393,7.78057,167.595,58.6512,40.2894,34.0185,31.5916,30.4418,29.5067,28.8759,28.2736,27.6979,27.1472,26.4153,25.6291,24.2451,21.7791,18.4506,15.0629,9.18403,0.204013,191.438,188.062,189.941,189.344
53.79014205932617,0.44489147040928717,0.9999847412109375,0.0,3,0.0852625,3.0,19773.8,210.023,-7.755,-14.2334,8.04729,200.0,60.2863,40.4155,33.8412,31.3247,30.1379,29.1753,28.5271,27.9091,27.3194,26.756,26.0086,25.2083,23.8317,21.3891,18.1005,14.7636,8.99579,0.180383,191.527,188.107,190.06,189.434
53.80637216567993,0.444735732809181,0.9999847412109375,0.0,3,0.0868789,3.0,19783.9,210.072,-7.8891,-14.0951,8.31676,200.0,62.4165,40.6726,33.7383,31.1167,29.8865,28.8916,28.2232,27.5869,26.9808,26.4027,25.6369,24.8188,23.429,21.0079,17.7565,14.4678,8.80696,0.156311,191.652,188.172,190.167,189.532
53.8303017616272,0.43739500898122785,0.9999847412109375,0.0,3,0.088761,3.0,19771.0,210.144,-7.92543,-13.9039,8.59621,200.0,64.9173,40.9765,33.6481,30.9144,29.6385,28.6097,27.9201,27.265,26.6418,26.0485,25.264,24.4277,23.0117,20.6084,17.3982,14.1616,8.61364,0.131821,191.717,188.231,190.043,189.396
53.846707344055176,0.42314048959241557,0.9999847412109375,0.0,3,0.0912725,3.0,19772.9,210.211,-7.85397,-13.7356,8.89073,200.0,67.7011,41.2677,33.5292,30.6828,29.3617,28.2999,27.5898,26.9164,26.2771,25.6694,24.8674,24.0143,22.5742,20.1763,17.0147,13.8377,8.41387,0.106934,191.77,188.356,190.048,189.44
53.87016749382019,0.4160461875743419,0.9999847412109375,0.0,3,0.0939624,3.0,19782.2,210.264,-7.71652,-13.5599,9.19572,196.83,71.0672,41.6273,33.4328,30.4646,29.095,27.9981,27.2663,26.5738,25.9174,25.2946,24.4745,23.6041,22.1395,19.7303,16.6205,13.5059,8.21044,0.0816231,191.884,188.556,190.131,189.546
53.886157751083374,0.39546383372560145,0.9999847412109375,0.0,3,0.095801,3.0,19796.5,210.308,-7.7204,-13.3799,9.4966,187.982,75.8969,42.2829,33.4968,30.3715,28.9394,27.7971,27.0372,26.3196,25.6411,24.9986,24.1543,23.2607,21.7627,19.3154,16.2471,13.1879,8.00969,0.0559375,192.073,188.708,190.28,189.654
53.91068911552429,0.38196831697016953,0.9999847412109375,0.0,3,0.0970961,3.0,19808.3,210.362,-7.87157,-13.2303,9.79726,152.956,82.6379,43.2294,33.7017,30.3836,28.8753,27.6775,26.8834,26.1355,25.43,24.7635,23.8899,22.9681,21.429,18.9317,15.8831,12.8756,7.80915,0.0298576,192.331,188.9,190.409,189.77
53.9280219078064,0.3621398818509529,0.9999847412109375,0.0,3,0.0988271,3.0,19787.7,210.456,-7.8775,-13.0024,10.1112,112.33,91.3303,44.3023,33.9339,30.4058,28.816,27.5594,26.7293,25.9497,25.2162,24.5247,23.621,22.6704,21.0902,18.5441,15.5002,12.5501,7.60368,0.00341543,192.518,189.11,190.209,189.553
53.945735931396484,0.34286232714372383,0.9999847412109375,0.0,3,0.101508,3.0,19789.1,210.546,-7.72939,-12.8085,10.4476,93.1959,102.169,45.3762,34.1139,30.3744,28.7042,27.3907,26.526,25.7163,24.9563,24.2418,23.3104,22.3337,20.7173,18.131,15.0846,12.2023,7.39084,-0.0233739,192.673,189.408,190.202,189.602
53.96945762634277,0.3241446462804234,0.9999847412109375,0.0,3,0.104541,3.0,19800.6,210.627,-7.49453,-12.6146,10.799,81.5571,117.167,46.6162,34.3291,30.358,28.6013,27.2272,26.3261,25.4846,24.697,23.9585,22.9985,21.9955,20.3426,17.7173,14.6565,11.8442,7.17385,-0.05056,192.861,189.755,190.304,189.741
53.987452030181885,0.31192126977474743,0.9999847412109375,0.0,4,0.106567,3.0,19819.2,210.7,-7.43332,-12.4131,11.142,72.4442,143.416,48.5462,34.8359,30.5516,28.6785,27.2224,26.272,25.3876,24.5627,23.7914,22.7923,21.7523,20.0478,17.3634,14.2685,11.5014,6.96004,-0.0780907,193.183,190.043,190.497,189.881
54.00408339500427,0.28895106660151854,0.9999847412109375,0.0,4,0.107938,4.0,15865.7,210.482,-7.51066,-12.252,11.4819,65.3573,200.0,51.2712,35.6284,30.9389,28.9169,27.3569,26.3441,25.4055,24.5333,23.7207,22.6723,21.5859,19.8161,17.0554,13.9124,11.1653,6.74685,-0.105989,193.42,190.201,187.475,184.525
54.03018760681152,0.2618112409369151,0.9999847412109375,0.0,4,0.109476,4.0,15836.1,210.003,-7.42969,-11.9773,11.8223,60.0838,200.0,54.7334,36.6091,31.435,29.2391,27.5589,26.4747,25.4744,24.5488,23.6897,22.5862,21.4483,19.6065,16.7631,13.5688,10.8231,6.53134,-0.134115,193.377,190.185,186.865,183.78
54.04774236679077,0.2256135900566975,0.9999847412109375,0.0,4,0.111448,4.0,15517.7,209.52,-7.28827,-11.7348,12.1342,56.1054,196.521,59.0533,37.7559,32.0141,29.6197,27.8046,26.6408,25.5725,24.5884,23.6789,22.5158,21.3228,19.4052,16.4766,13.2317,10.4796,6.31287,-0.162407,193.153,190.082,186.03,182.869
54.065850019454956,0.22037905164062976,0.9999847412109375,0.0,4,0.113294,4.0,16106.1,209.625,-7.26743,-11.5061,12.4072,52.7671,190.926,65.0114,39.265,32.8013,30.1616,28.1815,26.9216,25.7714,24.7172,23.7477,22.5142,21.2562,19.2499,16.2219,12.9169,10.154,6.0932,-0.190988,193.065,190.046,191.327,191.327
54.08331084251404,0.21975578906893733,0.9999847412109375,0.0,4,0.113745,4.0,16176.4,210.022,-7.54089,-11.2565,12.6209,49.4589,183.839,75.0295,41.7043,34.1523,31.1521,28.9328,27.5342,26.2664,25.1121,24.0568,22.7227,21.3722,19.2385,16.065,12.6634,9.86781,5.87699,-0.219948,193.429,190.177,192.203,192.203
54.109825134277344,0.21910897753357886,0.9999847412109375,0.0,4,0.113649,4.0,16222.7,210.434,-8.00009,-11.0672,12.7953,46.5173,174.347,91.7769,45.1678,36.0481,32.5517,30.0095,28.4264,27.004,25.7189,24.5524,23.0892,21.6207,19.3262,15.9705,12.4472,9.60644,5.65953,-0.249339,193.82,190.409,192.757,192.757
54.129207372665405,0.2183554106962681,0.9999847412109375,0.0,4,0.114592,4.0,16193.1,210.914,-8.20069,-10.7912,12.96,44.2612,151.078,119.161,49.3671,38.2121,34.1105,31.1865,29.3895,27.7905,26.3583,25.0683,23.4638,21.868,19.4041,15.8633,12.2232,9.34439,5.43449,-0.279156,194.104,190.774,192.433,192.433
54.14723014831543,0.2176316725462675,0.9999847412109375,0.0,4,0.117886,4.0,16211.9,211.375,-7.96237,-10.5525,13.1385,42.7985,127.065,199.161,53.6109,40.1762,35.4479,32.1431,30.1388,28.3718,26.8025,25.3995,23.668,21.9611,19.3544,15.6683,11.9507,9.06044,5.2014,-0.309354,194.27,191.299,192.637,192.637
54.165783405303955,0.2169110742580891,0.9999847412109375,0.0,4,0.122884,4.0,16253.9,211.834,-7.48347,-10.3928,13.3206,41.7993,112.955,195.574,58.0156,41.9984,36.6166,32.9296,30.7227,28.795,27.097,25.5899,23.7441,21.9396,19.2121,15.413,11.6481,8.76596,4.97496,-0.340052,194.455,191.877,193.126,193.126
54.183823347091675,0.20640865411772086,0.9999847412109375,0.0,4,0.128476,4.0,16298.8,212.301,-7.02653,-10.3281,13.4885,40.9526,102.801,192.007,63.4275,44.075,37.9152,33.7887,31.3541,29.2489,27.4104,25.7913,23.8242,21.9177,19.0671,15.157,11.35,8.48004,4.75996,-0.371384,194.749,192.423,193.664,193.664
54.211721658706665,0.18231992909140574,0.9999847412109375,0.0,4,0.121006,4.0,16336.2,212.793,-6.63052,-10.3691,13.6457,40.2465,95.265,188.492,70.0862,46.3979,39.3203,34.6951,32.0085,29.7102,27.7218,25.9848,23.892,21.8818,18.9091,14.8941,11.0531,8.2007,4.5553,-0.402275,195.119,192.984,194.112,194.112
54.230473041534424,0.1473179844204895,0.9999847412109375,0.0,4,0.113888,4.0,16361.5,213.318,-6.16282,-10.4748,13.8032,39.7575,90.0146,185.234,77.4398,48.6068,40.5627,35.4368,32.5057,30.0246,27.8973,26.0534,23.8495,21.7508,18.6788,14.5893,10.7391,7.91828,4.35833,-0.431322,195.544,193.656,194.39,194.39
54.24847102165222,0.13879996491108398,0.9999847412109375,0.0,4,0.107838,4.0,16449.4,213.811,-5.72114,-10.7559,13.9611,39.4399,86.2905,182.241,85.4337,50.6203,41.592,35.9823,32.8232,30.1761,27.9261,25.9902,23.6937,21.5242,18.3786,14.2456,10.4104,7.63403,4.16868,-0.458693,196.046,194.43,195.423,195.423
54.2677264213562,0.13827712986567367,0.9999847412109375,0.0,4,0.101947,4.0,16530.2,214.324,-5.39716,-11.14,14.1061,39.1281,83.0264,179.211,96.2534,53.061,42.8234,36.6429,33.2212,30.3861,27.9989,25.9612,23.5634,21.3172,18.093,13.9142,10.0934,7.36105,3.98815,-0.4846,196.547,195.072,196.395,196.395
54.28688955307007,0.13773493055932223,0.9999847412109375,0.0,4,0.0956818,4.0,16591.5,214.856,-5.19888,-11.5425,14.23,38.7377,79.7697,175.922,113.861,56.6101,44.6482,37.6865,33.9126,30.8278,28.2592,26.0878,23.5567,21.2088,17.8775,13.6264,9.80383,7.10687,3.81781,-0.50914,197.077,195.627,197.135,197.135
54.30557703971863,0.137182539536686,0.9999847412109375,0.0,4,0.0886609,4.0,16635.9,215.398,-5.14643,-11.9202,14.327,38.2173,76.3074,172.147,148.893,62.341,47.5966,39.4407,35.1425,31.6914,28.8594,26.4939,23.7693,21.2731,17.7814,13.4087,9.55417,6.87754,3.65883,-0.532316,197.651,196.126,197.67,197.67
54.324164152145386,0.13662607182753583,0.9999847412109375,0.0,4,0.0809848,4.0,16672.6,215.944,-5.21784,-12.2777,14.399,37.5973,72.7905,167.787,186.465,71.6444,52.1606,42.14,37.0581,33.0722,29.8624,27.2226,24.2274,21.5246,17.8092,13.2602,9.34289,6.67204,3.51109,-0.554096,198.238,196.593,198.108,198.108
54.344335079193115,0.13605329737233,0.9999847412109375,0.0,4,0.0730492,4.0,16686.8,216.506,-5.30236,-12.5801,14.453,36.9455,69.4773,162.811,183.24,86.8129,58.8798,45.9504,39.7233,34.9848,31.2585,28.2514,24.9011,21.9326,17.9337,13.1626,9.16009,6.48538,3.37374,-0.574442,198.804,197.07,198.279,198.279
54.372434854507446,0.1355070213794646,0.9999847412109375,0.0,4,0.0650684,4.0,16729.3,217.042,-5.37769,-12.8843,14.4927,36.2943,66.4481,156.915,179.892,113.845,68.9488,51.2659,43.3321,37.5273,33.0962,29.6031,25.7948,22.4921,18.1458,13.1084,9.00169,6.31567,3.24662,-0.593313,199.348,197.562,198.775,198.775
54.391432762145996,0.1349678795879986,0.9999847412109375,0.0,4,0.056884,4.0,16777.6,217.571,-5.48326,-13.1926,14.5158,35.6233,63.5945,148.01,176.353,183.83,85.8462,59.256,48.5244,41.0866,35.6281,31.4519,27.0214,23.278,18.4863,13.1156,8.87548,6.16664,3.13055,-0.610682,199.878,198.036,199.349,199.349
54.40974712371826,0.13443179531141802,0.9999847412109375,0.0,4,0.048391,4.0,16823.0,218.097,-5.62491,-13.4869,14.5209,34.9227,60.8603,132.39,172.553,180.506,119.708,72.443,56.5104,46.3249,39.2534,34.057,28.7353,24.385,19.0016,13.2017,8.78818,6.04124,3.02618,-0.626527,200.409,198.51,199.89,199.89
54.42930817604065,0.13389673020646595,0.9999847412109375,0.0,4,0.0395572,4.0,16865.2,218.622,-5.81759,-13.7749,14.5078,34.1929,58.2308,119.3,168.421,176.965,180.761,97.5083,69.9141,54.496,44.6523,37.8233,31.1561,25.936,19.7444,13.3838,8.74541,5.94186,2.9341,-0.640809,200.935,198.967,200.394,200.394
54.44757008552551,0.13335860758662846,0.9999847412109375,0.0,4,0.0305921,4.0,16900.5,219.15,-6.01931,-14.0562,14.48,33.4608,55.7685,108.482,163.947,173.235,177.273,180.457,95.0907,67.9707,52.8902,43.2887,34.5205,28.0355,20.7413,13.6625,8.74526,5.86742,2.85424,-0.653493,201.434,199.422,200.826,200.826
54.46605849266052,0.13281640828027702,0.9999847412109375,0.0,4,0.0218031,4.0,16930.2,219.682,-6.15909,-14.3196,14.4425,32.7586,53.5408,99.6728,159.147,169.384,173.697,177.069,179.292,92.3179,65.9347,51.2828,39.1178,30.7793,21.9991,14.0275,8.7817,5.81517,2.78624,-0.664558,201.91,199.905,201.17,201.17
54.483644008636475,0.13228236234695342,0.9999847412109375,0.0,4,0.0132686,4.0,16967.4,220.206,-6.23196,-14.5828,14.3963,32.0894,51.529,92.4085,153.894,165.415,170.047,173.627,175.973,178.173,88.945,63.6849,45.5715,34.397,23.5727,14.4875,8.85676,5.78615,2.73051,-0.673965,202.369,200.4,201.61,201.61
54.51065921783447,0.13174933558525828,0.9999847412109375,0.0,4,0.00490635,4.0,17005.4,220.729,-6.26234,-14.8443,14.3401,31.4407,49.6782,86.242,147.744,161.268,166.285,170.102,172.585,174.902,177.078,85.4235,55.2463,39.362,25.5843,15.0695,8.97884,5.78393,2.68781,-0.681688,202.831,200.9,202.062,202.062
54.529255867004395,0.13122038551007711,0.9999847412109375,0.0,4,-0.00354988,4.0,17042.1,221.248,-6.26585,-15.0692,14.2702,30.7862,47.905,80.7569,138.154,156.771,162.293,166.399,169.042,171.495,173.788,134.772,71.7406,46.7583,28.2974,15.8326,9.16519,5.81519,2.65929,-0.687715,203.323,201.397,202.499,202.499
54.547714710235596,0.1306914354348959,0.9999847412109375,0.0,4,-0.0122016,4.0,17076.9,221.767,-6.30741,-15.2888,14.1852,30.1176,46.1813,75.7784,123.923,151.722,157.971,162.45,165.29,167.904,170.332,172.604,105.788,58.8016,32.0936,16.8377,9.4301,5.88502,2.64586,-0.69201,203.826,201.869,202.915,202.915
54.56680369377136,0.13015127447180141,0.9999847412109375,0.0,4,-0.0208562,4.0,17095.9,222.297,-6.33008,-15.4791,14.088,29.4521,44.5417,71.3287,112.291,145.87,153.288,158.265,161.349,164.156,166.743,169.148,172.263,80.4675,37.4492,18.1194,9.77593,5.99345,2.64758,-0.694555,204.313,202.343,203.151,203.151
54.58481240272522,0.12961417102359235,0.9999847412109375,0.0,4,-0.0292171,4.0,17119.3,222.824,-6.27048,-15.6437,13.9827,28.8114,43.0287,67.4471,102.883,138.395,148.226,153.896,157.285,160.32,163.087,165.643,168.93,126.815,45.0447,19.695,10.1989,6.13866,2.66435,-0.69531,204.782,202.852,203.422,203.422
54.61194086074829,0.1290831826051542,0.9999847412109375,0.0,4,-0.037319,4.0,17149.4,223.345,-6.15305,-15.7994,13.8685,28.1893,41.6176,64.0084,95.0703,125.713,142.48,149.253,153.048,156.365,159.346,162.071,165.55,169.145,56.4635,21.6444,10.7105,6.32418,2.69675,-0.694264,205.242,203.365,203.777,203.777
54.62960124015808,0.1249342583648488,0.9999847412109375,0.0,4,-0.0453737,4.0,17182.0,223.863,-6.00233,-15.9229,13.7429,27.5684,40.2614,60.8553,88.2997,114.17,134.765,144.073,148.481,152.178,155.427,158.357,162.058,165.85,75.7675,24.1324,11.3361,6.55768,2.74584,-0.691411,205.734,203.881,204.163,204.163
54.6475613117218,0.11736910073086618,0.9999847412109375,0.0,4,-0.0538247,4.0,17215.3,224.375,-5.91623,-16.0125,13.6003,26.9183,38.8893,57.8005,82.0633,104.008,121.349,137.534,143.175,147.48,151.114,154.317,158.3,162.332,117.57,27.523,12.128,6.85447,2.81374,-0.686718,206.284,204.368,204.559,204.559
54.66563439369202,0.10344457912445068,0.9999847412109375,0.0,4,-0.0624302,4.0,17244.8,224.891,-5.89412,-16.094,13.4442,26.258,37.5414,54.921,76.4542,95.2264,109.612,126.332,136.661,142.14,146.37,149.956,154.303,158.627,165.51,32.1385,13.1001,7.21549,2.90035,-0.680182,206.827,204.865,204.926,204.926
54.69192147254944,0.09661161060522001,0.9999847412109375,0.0,4,-0.0705469,4.0,17251.5,225.432,-5.7786,-16.1152,13.2824,25.6275,36.2983,52.372,71.6997,88.0414,100.258,114.133,126.666,136.065,141.314,145.435,150.239,154.899,162.186,38.161,14.2237,7.62938,3.00413,-0.671796,207.343,205.451,204.997,204.997
54.7097954750061,0.08119320380152514,0.9999847412109375,0.0,4,-0.0778731,4.0,17277.8,225.964,-5.52664,-16.1318,13.1182,25.0403,35.1811,50.1699,67.7506,82.2513,92.8807,104.741,115.266,128.102,135.9,140.828,146.206,151.247,158.957,45.8504,15.4779,8.08882,3.12406,-0.661584,207.792,206.06,205.304,205.304
54.72672748565674,0.07521986916490829,0.9999847412109375,0.0,4,-0.0844482,4.0,17309.0,226.501,-5.21115,-16.15,12.9511,24.4893,34.168,48.2448,64.4165,77.4875,86.9192,97.2976,106.38,117.343,129.588,136.046,142.198,147.675,155.827,55.7431,16.8642,8.59328,3.25981,-0.649601,208.266,206.713,205.673,205.673
54.74564576148987,0.06687438156411053,0.9999847412109375,0.0,4,-0.0906599,4.0,17341.7,227.039,-4.83477,-16.111,12.7769,23.9498,33.2035,46.4682,61.4291,73.3099,81.768,90.966,98.9234,108.415,119.932,130.614,138.023,144.055,152.702,69.3332,18.4348,9.15454,3.41234,-0.635912,208.778,207.322,206.061,206.061
54.76366853713989,0.05663822688500086,0.9999847412109375,0.0,4,-0.0966881,4.0,17374.3,227.583,-4.52885,-16.0834,12.5941,23.4117,32.2644,44.7843,58.6696,69.5223,77.1566,85.3735,92.4115,100.722,110.685,122.846,133.487,140.296,149.531,89.3376,20.2333,9.78007,3.58199,-0.620583,209.292,207.888,206.45,206.45
54.78945732116699,0.04947866331085253,0.9999847412109375,0.0,4,-0.102116,4.0,17382.6,228.153,-4.19262,-16.016,12.4077,22.8961,31.3898,43.2628,56.2428,66.2532,73.2253,80.6661,86.9877,94.3921,103.183,113.789,128.612,136.545,146.441,118.562,22.1978,10.4523,3.7662,-0.603707,209.775,208.496,206.559,206.559
54.807446002960205,0.033134791322937236,0.9999847412109375,0.0,4,-0.106564,4.0,17409.1,228.715,-3.75072,-15.9284,12.2216,22.419,30.6082,41.9503,54.2112,63.5697,70.038,76.897,82.6887,89.4313,97.3791,106.886,123.313,132.993,143.571,157.656,24.2261,11.1487,3.96232,-0.585352,210.215,209.155,206.863,206.863
54.825900077819824,0.024564611139297487,0.9999847412109375,0.0,4,-0.109947,4.0,17444.9,229.277,-3.28721,-15.8556,12.0372,21.9823,29.9192,40.8368,52.5418,61.4089,67.5039,73.9372,79.3457,85.615,92.9676,101.71,117.149,129.753,140.986,155.434,26.2348,11.8527,4.16774,-0.565687,210.651,209.843,207.285,207.285
54.84405779838562,0.01730455978264411,0.9999847412109375,0.0,4,-0.112406,4.0,17485.5,229.84,-2.78461,-15.7777,11.854,21.5781,29.3039,39.8796,51.1518,59.6458,65.4619,71.581,76.7098,82.637,89.5643,97.7674,112.164,126.839,138.667,153.398,28.1854,12.5573,4.38075,-0.544892,211.097,210.5,207.765,207.765
54.870694160461426,0.012458521500229837,0.9999847412109375,0.0,4,-0.11422,4.0,17525.5,230.406,-2.32632,-15.7092,11.6702,21.1935,28.735,39.0219,49.9399,58.1355,63.7318,69.6061,74.519,80.1847,86.7899,94.5889,108.217,124.165,136.54,151.492,30.0937,13.2656,4.60063,-0.523138,211.558,211.114,208.242,208.242
54.889012575149536,0.0067003373056650165,0.9999847412109375,0.0,4,-0.115405,4.0,17553.2,230.984,-1.88947,-15.6444,11.4866,20.8281,28.2099,38.2559,48.8893,56.8514,62.2789,67.9672,72.7184,78.1899,84.5587,92.0646,105.144,121.791,134.614,149.716,31.913,13.9679,4.82541,-0.500586,212.014,211.715,208.591,208.591
54.905954122543335,0.002713725343346596,0.9999847412109375,0.0,4,-0.116025,4.0,17585.9,231.559,-1.47291,-15.554,11.3035,20.4796,27.7227,37.5683,47.9748,55.7571,61.0571,66.6076,71.2404,76.5718,82.7725,90.0734,102.778,119.744,132.877,148.062,33.6164,14.6581,5.05354,-0.477384,212.484,212.32,208.957,208.957
54.924397706985474,0.0007448330521583557,0.9999847412109375,0.0,4,-0.116199,4.0,17633.2,232.121,-1.10526,-15.4982,11.1206,20.1436,27.2638,36.939,47.1613,54.8032,60.0063,65.4541,70.0,75.2306,81.3131,88.4726,100.926,117.991,131.291,146.502,35.2066,15.3353,5.28395,-0.453676,212.951,212.898,209.515,209.515
54.95095443725586,0.0,0.9999847412109375,0.0,4,-0.116093,4.0,17682.3,232.68,-0.792074,-15.4856,10.9371,19.8141,26.8202,36.3424,46.4055,53.9299,59.0538,64.4197,68.8975,74.0505,80.0431,87.0983,99.3739,116.43,129.798,144.998,36.7183,16.004,5.51627,-0.42958,213.427,213.449,210.1,210.1
54.96812200546265,-0.0010389462113380432,0.9999847412109375,0.0,4,-0.115843,4.0,17730.0,233.241,-0.537786,-15.5336,10.7528,19.4865,26.3827,35.7599,45.6754,53.0934,58.1466,63.4399,67.8586,72.9449,78.862,85.8313,97.9632,114.966,128.349,143.521,38.1845,16.6685,5.75009,-0.405213,213.913,213.969,210.668,210.668
54.986326456069946,-0.0017769098281860353,0.9999847412109375,0.0,4,-0.115527,4.0,17774.9,233.803,-0.338661,-15.6016,10.5674,19.1583,25.9456,35.1804,44.9523,52.2677,57.2532,62.4779,66.8408,71.8647,77.7116,84.6012,96.604,113.539,126.914,142.051,39.6285,17.3322,5.98528,-0.380638,214.417,214.489,211.203,211.203
55.00400257110596,-0.0032529328018426895,0.9999847412109375,0.0,4,-0.115187,4.0,17841.1,234.346,-0.18934,-15.7386,10.381,18.8287,25.5068,34.599,44.2276,51.4408,56.359,61.5155,65.8231,70.7852,76.5628,83.3743,95.2502,112.113,125.479,140.579,41.062,17.9961,6.22148,-0.35592,214.921,214.999,211.99,211.99
55.0302791595459,-0.004482999816536904,0.9999847412109375,0.0,4,-0.114842,4.0,17876.0,234.912,-0.0810699,-15.8513,10.1938,18.4973,25.0655,34.014,43.498,50.6078,55.4584,60.5458,64.7974,69.6971,75.4044,82.1368,93.884,110.676,124.038,139.1,42.4898,18.6604,6.45845,-0.331097,215.434,215.517,212.41,212.41
55.04892349243164,-0.007533657923340798,0.9999847412109375,0.0,4,-0.114449,4.0,17909.4,235.478,0.0036087,-15.9265,10.0063,18.1664,24.6257,33.4325,42.7748,49.7841,54.5689,59.5898,63.7879,68.6279,74.2688,80.9268,92.555,109.266,122.606,137.627,43.8888,19.3202,6.69544,-0.306208,215.953,216.047,212.806,212.806
55.06732535362244,-0.010338360071182252,0.9999847412109375,0.0,4,-0.113874,4.0,17945.0,236.039,0.0725874,-15.9918,9.81992,17.8413,24.1974,32.8732,42.0888,49.0114,53.741,58.7075,62.8632,67.6574,73.2492,79.8552,91.4077,107.997,121.234,136.189,45.1921,19.962,6.93085,-0.281294,216.444,216.584,213.229,213.229
55.08445644378662,-0.012454213201999666,0.9999847412109375,0.0,4,-0.11307,4.0,17981.2,236.599,0.157645,-16.0633,9.63526,17.5241,23.7843,32.3425,41.4502,48.3035,52.9913,57.9193,62.0463,66.8121,72.3769,78.9595,90.4935,106.902,119.938,134.797,46.3688,20.5788,7.16371,-0.256396,216.926,217.123,213.659,213.659
55.112425088882446,-0.012454213201999666,0.9999847412109375,0.0,4,-0.112066,4.0,18025.0,237.151,0.245949,-16.1155,9.45231,17.2139,23.3843,31.8364,40.8525,47.6513,52.3091,57.2117,61.3226,66.0754,71.6327,78.2172,89.7828,105.947,118.707,133.444,47.4253,21.1706,7.39371,-0.231554,217.418,217.666,214.151,214.151
55.130470752716064,-0.012454213201999666,0.9999847412109375,0.0,4,-0.110884,4.0,18076.3,237.693,0.350222,-16.1978,9.27107,16.91,22.9959,31.3519,40.2904,47.048,51.686,56.5755,60.6812,65.4349,71.0026,77.6123,89.2564,105.097,117.531,132.126,48.3675,21.7374,7.62059,-0.2068,217.902,218.189,214.793,214.793
55.14825963973999,-0.012454213201999666,0.9999847412109375,0.0,4,-0.109644,4.0,18107.4,238.249,0.439595,-16.2308,9.09083,16.6083,22.611,30.8731,39.7376,46.4571,51.0784,55.958,60.0619,64.8208,70.4044,77.047,88.7863,104.252,116.364,130.813,49.2526,22.2894,7.84512,-0.182165,218.409,218.71,215.161,215.161
55.166590213775635,-0.012454213201999666,0.9999847412109375,0.0,4,-0.108415,4.0,18139.2,238.803,0.502445,-16.2282,8.91132,16.3067,22.2253,30.3919,39.18,45.8598,50.4629,55.3311,59.4323,64.195,69.7934,76.468,88.3013,103.368,115.184,129.49,50.112,22.8324,8.06764,-0.157679,218.923,219.221,215.539,215.539
55.18487358093262,-0.012454213201999666,0.9999847412109375,0.0,4,-0.107227,4.0,18171.9,239.354,0.540405,-16.2101,8.73247,16.0045,21.8374,29.9049,38.6116,45.2474,49.8288,54.6823,58.7771,63.54,69.1486,75.8495,87.7682,102.429,113.981,128.152,50.9614,23.3693,8.28831,-0.133361,219.43,219.723,215.926,215.926
55.21007061004639,-0.012454213201999666,0.9999847412109375,0.0,4,-0.106097,4.0,18206.8,239.901,0.554915,-16.1744,8.55429,15.7015,21.4462,29.4103,38.0295,44.6153,49.1709,54.0045,58.089,62.8466,68.4588,75.1779,87.166,101.43,112.749,126.793,51.8102,23.9018,8.50723,-0.109223,219.941,220.222,216.34,216.34
55.22759556770325,-0.011371681466698647,0.9999847412109375,0.0,4,-0.104997,4.0,18249.5,240.439,0.556991,-16.1327,8.37699,15.3986,21.054,28.912,37.4399,43.9723,48.4994,53.3105,57.3816,62.1309,67.743,74.4758,86.5266,100.395,111.499,125.421,52.6454,24.4275,8.72414,-0.0852679,220.447,220.721,216.841,216.841
55.244410037994385,-0.007533657923340798,0.9999847412109375,0.0,4,-0.103926,4.0,18289.8,240.978,0.560598,-16.0967,8.20063,15.096,20.661,28.4105,36.8435,43.3193,47.8155,52.6009,56.6563,61.3943,67.003,73.7453,85.8504,99.3261,110.232,124.037,53.4667,24.9464,8.939,-0.0614979,220.946,221.213,217.324,217.324
55.27039980888367,-0.005171848833560944,0.9999847412109375,0.0,4,-0.103013,4.0,18327.9,241.516,0.555683,-16.0546,8.02424,14.7894,20.2587,27.8895,36.2126,42.6179,47.072,51.8191,55.8471,60.5592,66.1455,72.8729,84.9842,98.1518,108.905,122.611,54.343,25.4734,9.15351,-0.0378964,221.461,221.692,217.778,217.778
55.28649067878723,-0.0032529328018426895,0.9999847412109375,0.0,4,-0.102378,4.0,18365.8,242.053,0.519384,-16.008,7.847,14.4751,19.84,27.3351,35.5237,41.8348,46.2284,50.9155,54.8962,59.557,65.088,71.7576,83.7886,96.8114,107.481,121.118,55.3387,26.0232,9.36928,-0.0144482,221.987,222.156,218.228,218.228
55.30400776863098,-0.002711714804172516,0.9999847412109375,0.0,4,-0.102025,4.0,18403.9,242.588,0.449649,-15.9658,7.66868,14.1528,19.4048,26.7476,34.7771,40.9708,45.2854,49.8904,53.8034,58.3874,63.8307,70.3989,82.2595,95.3064,105.959,119.558,56.4635,26.5992,9.58698,0.00888991,222.511,222.614,218.681,218.681
55.328794956207275,-0.0022197071462869643,0.9999847412109375,0.0,4,-0.101832,4.0,18442.4,243.12,0.361301,-15.9222,7.48995,13.8266,18.9609,26.1422,33.9989,40.0622,44.2874,48.7983,52.6326,57.1253,62.4618,68.9039,80.5437,93.7031,104.379,117.956,57.6618,27.1898,9.80562,0.0321418,223.021,223.085,219.138,219.138
55.34667754173279,-0.0022197071462869643,0.9999847412109375,0.0,4,-0.101722,4.0,18483.4,243.649,0.284969,-15.8847,7.31113,13.4985,18.5129,25.5282,33.2053,39.1318,43.2622,47.6729,51.4224,55.8166,61.0371,67.3405,78.7342,92.0427,102.766,116.33,58.8972,27.7877,10.0246,0.0553341,223.52,223.563,219.625,219.625
55.36366009712219,-0.0022197071462869643,0.9999847412109375,0.0,4,-0.101653,4.0,18522.5,244.178,0.217663,-15.8497,7.13233,13.1696,18.063,24.91,32.4045,38.1907,42.2241,46.5313,50.1933,54.4855,59.5852,65.7442,76.878,90.3453,101.133,114.688,60.1509,28.389,10.2437,0.078488,224.012,224.043,220.09,220.09
55.388442516326904,-0.0022197071462869643,0.9999847412109375,0.0,4,-0.101582,4.0,18560.9,244.705,0.166174,-15.8139,6.95368,12.8409,17.6135,24.2922,31.6039,37.25,41.1861,45.3901,48.9646,53.1546,58.1339,64.1476,75.0219,88.6334,99.4927,113.039,61.4009,28.9891,10.4625,0.101623,224.498,224.528,220.546,220.546
55.4054799079895,-0.0022197071462869643,0.9999847412109375,0.0,4,-0.101495,4.0,18598.8,245.23,0.129749,-15.7794,6.77514,12.5127,17.1646,23.6759,30.8057,36.3125,40.1521,44.2537,47.7415,51.8303,56.6899,62.5603,73.1787,86.9134,97.8492,111.386,62.64,29.5868,10.681,0.12475,224.98,225.011,220.998,220.998
55.43072533607483,-0.0022197071462869643,0.9999847412109375,0.0,4,-0.101392,4.0,18636.8,245.754,0.105188,-15.7509,6.59666,12.1848,16.7164,23.0607,30.0096,35.378,39.1217,43.1216,46.5233,50.512,55.2533,60.9819,71.3475,85.185,96.2024,109.729,63.8669,30.1819,10.8993,0.14788,225.46,225.493,221.449,221.449
55.447717905044556,-0.0022197071462869643,0.9999847412109375,0.0,4,-0.10127,4.0,18676.4,246.275,0.0897295,-15.7256,6.41818,11.857,16.2687,22.4466,29.2153,34.4461,38.0948,41.9936,45.3101,49.1995,53.8237,59.4123,69.5283,83.447,94.5527,108.067,65.081,30.7742,11.1173,0.171017,225.938,225.974,221.914,221.914
55.4666793346405,-0.0022197071462869643,0.9999847412109375,0.0,4,-0.101142,4.0,18716.8,246.793,0.0792974,-15.7123,6.23968,11.5293,15.8209,21.8323,28.4209,33.514,37.0674,40.8653,44.0964,47.8864,52.3935,57.8419,67.7083,81.6894,92.8956,106.399,66.2893,31.3652,11.3352,0.194157,226.414,226.451,222.399,222.399
55.49089479446411,-0.0022197071462869643,0.9999847412109375,0.0,4,-0.101005,4.0,18755.1,247.311,0.0721296,-15.6985,6.06106,11.2013,15.3728,21.2177,27.6261,32.5815,36.0396,39.7363,42.8824,46.573,50.963,56.2714,65.8878,79.9111,91.2314,104.725,67.49,31.9548,11.5531,0.217312,226.889,226.93,222.855,222.855
55.5076048374176,-0.0022197071462869643,0.9999847412109375,0.0,4,-0.100858,4.0,18792.8,247.827,0.0681918,-15.683,5.88235,10.8732,14.9246,20.603,26.8312,31.649,35.0121,38.6081,41.6687,45.2602,49.5333,54.7019,64.07,78.1102,89.561,103.044,68.6816,32.5426,11.7708,0.24048,227.363,227.407,223.303,223.303
55.52386283874512,-0.002711714804172516,0.9999847412109375,0.0,4,-0.100702,4.0,18830.2,248.343,0.0666898,-15.6888,5.7036,10.545,14.4763,19.9881,26.0361,30.7163,33.9842,37.4792,40.4547,43.9469,48.1031,53.132,62.2512,76.2806,87.8828,101.356,69.8647,33.1285,11.9884,0.263655,227.833,227.873,223.747,223.747
55.55081081390381,-0.0032529328018426895,0.9999847412109375,0.0,4,-0.100496,4.0,18867.3,248.856,0.0664232,-15.7022,5.52497,10.2176,14.0296,19.3765,25.2467,29.7915,32.9661,36.3624,39.2547,42.6504,46.6931,51.5867,60.4665,74.4484,86.2102,99.6695,71.0123,33.7067,12.2053,0.286835,228.299,228.347,224.189,224.189
55.567023038864136,-0.0032529328018426895,0.9999847412109375,0.0,4,-0.100239,4.0,18916.1,249.357,0.0782638,-15.7539,5.34649,9.89094,13.5844,18.7679,24.4625,28.8742,31.9572,35.2568,38.0678,41.3693,45.3017,50.0643,58.7136,72.6114,84.5431,97.985,72.2909,34.2765,12.4212,0.310019,228.76,228.818,224.767,224.767
55.58434557914734,-0.0032529328018426895,0.9999847412109375,0.0,4,-0.0999749,4.0,18950.7,249.864,0.0886714,-15.8097,5.16798,9.56413,13.1389,18.1586,23.6771,27.9552,30.9461,34.1486,36.878,40.0848,43.9061,48.5368,56.9539,70.728,82.8668,96.2928,111.894,34.844,12.6369,0.3332,229.222,229.284,225.181,225.181
55.60972809791565,-0.0038433611392974854,0.9999847412109375,0.0,4,-0.0996965,4.0,18984.0,250.367,0.0985236,-15.8512,4.9895,9.2373,12.6933,17.5491,22.8913,27.0356,29.9345,33.0397,35.6873,38.7993,42.5094,47.0082,55.1926,68.7889,81.1833,94.5938,110.179,35.4079,12.8522,0.356375,229.686,229.753,225.578,225.578
55.62685298919678,-0.0038433611392974854,0.9999847412109375,0.0,4,-0.0993694,4.0,19017.7,250.867,0.107665,-15.907,4.81124,8.91122,12.2491,16.9422,22.1098,26.1219,28.93,31.9396,34.5067,37.5258,41.1272,45.4971,53.4558,66.8085,79.5033,92.8952,108.461,35.9627,13.0665,0.379537,230.133,230.212,225.977,225.977
55.65082144737244,-0.0059099081903696065,0.9999847412109375,0.0,4,-0.0990031,4.0,19051.8,251.363,0.124047,-15.9924,4.63322,8.58577,11.8059,16.337,21.3311,25.2119,27.9301,30.8448,33.3325,36.2597,39.7538,43.9968,51.7339,64.761,77.8236,91.1948,106.739,36.5093,13.2797,0.402673,230.579,230.666,226.382,226.382
55.667999029159546,-0.009354249015450478,0.9999847412109375,0.0,4,-0.0985382,4.0,19108.6,251.836,0.140315,-16.1147,4.45572,8.26206,11.3658,15.7376,20.5622,24.3155,26.9466,29.7701,32.1816,35.0212,38.4135,42.5371,50.0681,62.7822,76.1632,89.5051,105.021,37.038,13.4908,0.425776,231.022,231.128,227.029,227.029
55.68449020385742,-0.012454213201999666,0.9999847412109375,0.0,4,-0.0978406,4.0,19144.9,252.32,0.178817,-16.276,4.27936,7.94258,10.9337,15.1532,19.8184,23.4541,26.006,28.7476,31.0917,33.8547,37.1599,41.1837,48.55,61.0381,74.5661,87.8541,103.33,37.5263,13.6972,0.448819,231.434,231.59,227.495,227.495
55.70916485786438,-0.013585955277085305,0.9999847412109375,0.0,4,-0.0968378,4.0,19169.3,252.809,0.245916,-16.3813,4.10462,7.6287,10.5118,14.5879,19.1067,22.6372,25.1201,27.7917,30.0795,32.7805,36.0174,39.967,47.2228,59.5985,73.0555,86.2566,101.674,37.9607,13.8971,0.471761,231.851,232.077,227.783,227.783
55.725695848464966,-0.014766907691955567,0.9999847412109375,0.0,4,-0.095547,4.0,19197.1,253.292,0.341624,-16.4593,3.93169,7.32021,10.0995,14.0399,18.4236,21.8601,24.2826,26.8949,29.1366,31.7884,34.9743,38.8732,46.0691,58.4439,71.6245,84.7084,100.052,38.3417,14.0902,0.494555,232.262,232.558,228.113,228.113
55.749727964401245,-0.015997070446610452,0.9999847412109375,0.0,4,-0.0940936,4.0,19225.5,253.77,0.444466,-16.5399,3.76027,7.01506,9.69229,13.5003,17.7539,21.1008,23.467,26.0247,28.2248,30.8336,33.9767,37.8365,44.9988,57.4348,70.2304,83.1822,98.4434,38.6882,14.2783,0.517172,232.677,233.016,228.45,228.45
55.766682624816895,-0.021409824863076212,0.9999847412109375,0.0,4,-0.0925425,4.0,19261.1,254.239,0.531974,-16.5987,3.59049,6.71269,9.28882,12.9658,17.0908,20.35,22.6612,25.1664,27.3266,29.895,32.9991,36.8256,43.9694,56.5073,68.8526,81.6648,96.8393,39.0093,14.462,0.539564,233.103,233.47,228.847,228.847
55.783576011657715,-0.024411464110016823,0.9999847412109375,0.0,4,-0.0906814,4.0,19299.4,254.698,0.621022,-16.6789,3.42334,6.41674,8.89585,12.4493,16.457,19.6393,21.9048,24.3683,26.4995,29.0416,32.1259,35.9463,43.1328,55.8515,67.5553,80.1988,95.271,39.2699,14.6369,0.561679,233.494,233.927,229.33,229.33
55.80840277671814,-0.027609944716095926,0.9999847412109375,0.0,4,-0.0884264,4.0,19327.6,255.162,0.744898,-16.7243,3.25937,6.12868,8.5159,11.9555,15.8602,18.9803,21.2119,23.6488,25.7654,28.3005,31.3915,35.2436,42.5608,55.3762,66.3599,78.8003,93.751,39.4556,14.801,0.583458,233.877,234.398,229.664,229.664
55.82440686225891,-0.03277674317359924,0.9999847412109375,0.0,4,-0.0857895,4.0,19355.8,255.619,0.883986,-16.7448,3.09902,5.84883,8.14905,11.4839,15.2994,18.3714,20.5812,23.0065,25.1235,27.6718,30.798,34.7236,42.2725,54.9883,65.2567,77.4648,92.2768,39.5676,14.9537,0.604827,234.254,234.863,229.998,229.998
55.849021196365356,-0.03838643468916417,0.9999847412109375,0.0,4,-0.0827358,4.0,19384.5,256.071,1.0367,-16.7531,2.9429,5.57833,7.79693,11.037,14.7791,17.8191,20.0214,22.453,24.5886,27.1752,30.3726,34.4256,42.341,54.6693,64.2487,76.1971,90.8528,39.6004,15.0935,0.6257,234.617,235.324,230.339,230.339
55.86566662788391,-0.04655496813356877,0.9999847412109375,0.0,4,-0.0792263,4.0,19414.4,256.516,1.20668,-16.7453,2.79168,5.3184,7.46136,10.6181,14.3045,17.332,19.5438,22.0043,24.1811,26.838,30.1535,34.4066,42.8796,54.4114,63.3389,75.0024,89.484,39.5488,15.2189,0.645991,234.97,235.783,230.693,230.693
55.89040970802307,-0.05319807678461075,0.9999847412109375,0.0,4,-0.0750707,4.0,19448.2,256.95,1.40134,-16.7396,2.64659,5.07251,7.14855,10.239,13.8977,16.9432,19.1919,21.7174,23.9729,26.7534,30.2662,34.844,44.2115,54.2741,62.5676,73.9141,88.1972,39.3852,15.3255,0.665582,235.288,236.246,231.094,231.094
55.9068648815155,-0.06781297326087952,0.9999847412109375,0.0,4,-0.0702127,4.0,19479.9,257.378,1.65758,-16.7308,2.50856,4.8425,6.86141,9.90526,13.5696,16.6716,18.9926,21.6313,24.0167,26.9959,30.8214,35.9134,46.7268,54.2385,61.9339,72.9372,86.9986,39.1053,15.4113,0.684351,235.592,236.71,231.471,231.471
55.92408347129822,-0.09005528092384339,0.9999847412109375,0.0,4,-0.0644506,4.0,19512.3,257.794,1.94172,-16.7228,2.37905,4.63232,6.60718,9.63178,13.3504,16.5667,19.0153,21.8439,24.4433,27.7474,32.0872,38.0395,48.7,54.34,61.4697,72.1024,85.9146,38.6859,15.4718,0.70215,235.847,237.166,231.856,231.856
55.94687795639038,-0.13655771166086197,0.9999847412109375,0.0,4,-0.0572432,4.0,19546.0,258.192,2.31967,-16.6953,2.26073,4.45076,6.40305,9.45567,13.3166,16.7559,19.4393,22.6114,25.5972,29.4941,34.7938,42.4193,50.0551,54.7001,61.2757,71.4962,85.0173,38.0622,15.4961,0.718764,236.012,237.646,232.255,232.255
55.970162868499756,-0.17986175753176215,0.9999847412109375,0.0,4,-0.0478657,4.0,19581.9,258.558,2.8706,-16.6756,2.15729,4.31026,6.27438,9.43549,13.5994,17.4746,20.6133,24.4617,28.2287,33.3702,40.8054,46.9944,51.4997,55.4382,61.4673,71.2256,84.3993,37.1607,15.4705,0.733887,235.99,238.067,232.681,232.681
55.986355781555176,-0.22439615763723852,0.9999847412109375,0.0,4,-0.0362209,4.0,19436.4,258.794,3.6747,-16.6419,2.07167,4.21858,6.23765,9.6174,14.3334,19.017,23.039,28.2764,33.7614,41.751,46.4578,49.5506,53.0546,56.4749,62.0022,71.2776,84.0599,36.0099,15.3927,0.74717,235.837,238.389,231.644,232.167
56.00999617576599,-0.24358780719339848,0.9999847412109375,0.0,4,-0.0229662,4.0,19580.2,258.906,4.62421,-16.6159,2.00519,4.17653,6.29592,10.0261,15.6517,21.7891,27.5613,35.8854,42.9013,46.4668,49.22,51.5978,54.5576,57.6019,62.7031,71.5177,83.8973,34.7301,15.2747,0.758321,235.579,238.507,232.614,232.614
56.025495529174805,-0.258498252928257,0.8509674072265625,0.0,4,-0.00881082,4.0,19588.0,258.973,5.64118,-16.6112,1.95897,4.18512,6.45364,10.6987,17.7909,26.6568,36.3213,43.6948,46.621,49.0796,51.274,53.291,55.9041,58.672,63.4231,71.8204,83.81,33.4231,15.1283,0.767107,235.346,238.536,232.424,232.424
56.04799175262451,-0.258498252928257,0.6548919677734375,0.0,4,0.00581616,4.0,19581.7,258.95,6.5774,-16.5785,1.93443,4.24875,6.72473,11.7135,21.2634,35.9679,43.1078,46.761,48.9834,51.0154,52.9107,54.7018,57.073,59.6292,64.092,72.1185,83.7408,32.1394,14.9607,0.773355,235.113,238.468,232.669,232.669
56.06387209892273,-0.258498252928257,0.3960723876953125,0.0,4,0.0206673,4.0,19479.5,258.869,7.48017,-16.56,1.93329,4.37476,7.13281,13.209,27.2461,42.0564,45.9712,48.8683,50.7603,52.5463,54.2483,55.8811,58.0707,60.46,64.6814,72.3788,83.6585,30.8995,14.7755,0.776917,234.946,238.402,231.494,231.494
56.08669376373291,-0.258498252928257,0.2156829833984375,0.0,4,0.0347192,4.0,19299.0,258.543,8.06812,-16.4973,1.95546,4.55951,7.67339,15.2719,36.4219,44.6007,47.7851,50.3076,52.0038,53.6304,55.1984,56.7164,58.7697,61.0278,65.0526,72.4686,83.4456,29.7776,14.5866,0.777685,234.778,238.159,229.368,229.368
56.10908079147339,-0.258498252928257,0.01568603515625,0.0,4,0.0477034,4.0,19151.5,257.983,8.31148,-16.4407,2.00204,4.80717,8.36196,18.0985,39.9658,46.1696,48.9724,51.2612,52.8237,54.336,55.8049,57.2356,59.1815,61.3339,65.1957,72.3706,83.0818,28.771,14.3962,0.775577,234.514,237.686,226.144,229.097
56.12425470352173,-0.258498252928257,0.0,0.0,4,0.0608794,4.0,18972.0,257.207,8.57583,-16.4178,2.07655,5.14619,9.29836,22.4681,42.0951,47.4087,49.9511,52.0641,53.5213,54.9411,56.3277,57.6839,59.537,61.5964,65.3106,72.2618,82.7197,27.775,14.1873,0.770619,234.03,237.123,223.641,227.365
56.14670920372009,-0.258498252928257,0.0,0.0,4,0.075226,4.0,18888.9,256.319,8.99173,-16.349,2.18319,5.61292,10.6371,30.2329,43.8632,48.599,50.9388,52.9074,54.2753,55.6147,56.928,58.2173,59.9857,61.9584,65.533,72.2659,41.278,26.7284,13.9488,0.762773,233.252,236.472,222.458,226.563
56.16791296005249,-0.258498252928257,0.0,0.0,4,0.0913078,4.0,18815.2,255.403,9.77605,-16.2864,2.3265,6.25312,12.6275,35.1795,45.5426,49.8538,52.028,53.8737,55.163,56.4305,57.6775,58.9058,60.595,62.4855,65.9256,72.4427,37.475,25.6119,13.6759,0.751961,232.304,235.834,221.369,225.9
56.1835572719574,-0.258498252928257,0.0,0.0,4,0.108102,4.0,18748.9,254.466,10.6439,-16.1646,2.50722,7.08875,15.5317,38.0332,47.0271,51.019,53.0597,54.8025,56.0252,57.2308,58.4201,59.5937,61.2122,63.0285,66.3444,72.6587,34.6387,24.4989,13.3827,0.738126,231.347,235.099,220.498,225.191
56.20564603805542,-0.258498252928257,0.0,0.0,4,0.124307,4.0,18676.5,253.536,11.3265,-16.0499,2.72463,8.12767,19.674,40.0294,48.1891,51.9374,53.8706,55.5291,56.6964,57.8496,58.9894,60.1165,61.6737,63.4251,66.6309,72.7635,32.3934,23.4554,13.0835,0.72119,230.47,234.212,219.691,224.284
56.22664403915405,-0.258498252928257,0.0,0.0,4,0.139814,4.0,18602.4,252.615,11.8764,-16.0039,2.97985,9.40526,25.4745,41.5134,49.0841,52.6362,54.4805,56.0679,57.1875,58.2957,59.3929,60.4794,61.9827,63.6764,66.7845,72.7528,30.5002,22.4749,12.7789,0.701188,229.646,233.279,218.865,223.346
56.24868321418762,-0.258498252928257,0.0,0.0,4,0.154967,4.0,18529.7,251.691,12.283,-15.9546,3.27555,10.9881,29.081,42.6896,49.8037,53.1914,54.9589,56.4841,57.5619,58.6304,59.6897,60.7397,62.1944,63.836,66.8553,72.6721,28.8091,21.5333,12.4652,0.678181,228.797,232.32,218.031,222.451
56.26969861984253,-0.258498252928257,0.0,0.0,4,0.170588,4.0,18456.8,250.757,12.7787,-15.916,3.61845,13.0178,31.4782,43.7419,50.479,53.7226,55.4213,56.8905,57.9305,58.9625,59.9865,61.0027,62.4126,64.0057,66.9415,72.6132,27.1948,20.5937,12.135,0.652144,227.899,231.459,217.108,221.644
56.28462767601013,-0.258498252928257,0.0,0.0,4,0.18601,4.0,18393.4,249.816,13.1906,-15.8306,4.00871,15.5868,33.2734,44.6167,51.0378,54.1547,55.7924,57.2114,58.217,59.2158,60.208,61.1935,62.5623,64.1109,66.9695,72.5057,25.7017,19.6812,11.7945,0.623089,227.029,230.592,216.371,220.858
56.305789947509766,-0.258498252928257,0.0,0.0,4,0.199823,4.0,18327.8,248.902,13.1843,-15.7166,4.44055,18.6722,34.5254,45.1786,51.3324,54.3395,55.9236,57.298,58.2732,59.2427,60.2067,61.165,62.4973,64.0063,66.7957,72.2106,24.4056,18.8365,11.4541,0.590967,226.264,229.616,215.795,219.883
56.32675623893738,-0.258498252928257,0.0,0.0,4,0.212056,4.0,18259.8,248.022,12.8957,-15.6805,4.91256,21.2002,35.3796,45.4735,51.3938,54.303,55.8389,57.1735,58.1213,59.0644,60.003,60.9368,62.236,63.7092,66.4358,71.7411,23.2642,18.0468,11.1121,0.55587,225.577,228.626,215.161,218.901
56.34769296646118,-0.258498252928257,0.0,0.0,4,0.22338,4.0,18194.1,247.161,12.436,-15.6798,5.42791,22.9264,35.9897,45.6064,51.3161,54.1354,55.6269,56.9247,57.8472,58.766,59.681,60.592,61.8606,63.3003,65.9683,71.1715,22.2105,17.2838,10.763,0.517916,224.896,227.659,214.491,218.006
56.36787676811218,-0.2534788940101862,0.0,0.0,4,0.235545,4.0,18129.2,246.288,12.0948,-15.6369,6.00355,24.3524,36.5816,45.7806,51.2957,54.0301,55.4795,56.7421,57.6405,58.5359,59.4281,60.3171,61.5559,62.9628,65.5732,70.6749,21.1297,16.497,10.395,0.47713,224.078,226.854,213.641,217.316
56.38888072967529,-0.2534788940101862,0.0,0.0,4,0.24866,4.0,18068.0,245.411,12.0281,-15.5899,6.64662,25.5995,37.1717,46.0022,51.3377,53.9923,55.4019,56.6311,57.5064,58.3793,59.2497,60.1175,61.3272,62.7022,65.2564,30.0775,20.0257,15.6901,10.0088,0.433558,223.256,226.186,212.758,216.721
56.40849995613098,-0.2534788940101862,0.0,0.0,4,0.261134,4.0,18014.9,244.541,11.7142,-15.4195,7.34578,26.5947,37.612,46.1107,51.2803,53.8607,55.2331,56.431,57.2847,58.1367,58.9865,59.8341,61.0164,62.3613,64.8623,27.333,18.9856,14.9113,9.61413,0.387146,222.489,225.409,212.28,215.952
56.4290509223938,-0.2534788940101862,0.0,0.0,4,0.272508,4.0,17953.0,243.705,11.2279,-15.3041,8.09587,27.3542,37.8798,46.0735,51.0878,53.5987,54.9362,56.1046,56.9379,57.7699,58.6003,59.4288,60.5854,61.902,64.3528,25.4126,18.0217,14.1692,9.21278,0.337896,221.807,224.563,211.676,215.089
56.44825077056885,-0.2534788940101862,0.0,0.0,4,0.283337,4.0,17889.4,242.891,10.7491,-15.2837,8.90239,27.9577,38.0421,45.9531,50.821,53.266,54.5702,55.7108,56.5246,57.3374,58.1491,58.9595,60.0915,61.3809,63.7838,23.7927,17.1012,13.45,8.80212,0.285979,221.149,223.753,210.972,214.283
56.46882081031799,-0.2534788940101862,0.0,0.0,4,0.2952,4.0,17826.6,242.063,10.363,-15.1772,9.77563,28.5428,38.2444,45.8975,50.6286,53.0112,54.2837,55.3972,56.1922,56.9867,57.7803,58.5731,59.6811,60.944,63.2995,22.1534,16.1549,12.7212,8.37488,0.231441,220.342,223.0,210.117,213.646
56.48794460296631,-0.2534788940101862,0.0,0.0,3,0.309443,4.0,17760.9,241.214,10.5576,-15.0944,10.6377,29.2107,38.5947,46.0194,50.6249,52.9491,54.1915,55.2792,56.0561,56.8327,57.609,58.3848,59.4692,60.7059,63.0146,20.3817,15.1392,11.9606,7.92643,0.174242,219.406,222.47,209.064,213.141
56.5071759223938,-0.2534788940101862,0.0,0.0,3,0.324785,3.0,19515.1,240.096,10.9366,-14.8745,11.4569,29.8704,38.9775,46.1961,50.6859,52.9553,54.1692,55.2325,55.9922,56.7521,57.5118,58.271,59.333,60.5445,62.8079,18.6897,14.1202,11.1993,7.46463,0.114444,218.396,221.784,209.216,213.047
56.52571654319763,-0.2534788940101862,0.0,0.0,3,0.338959,3.0,19430.6,239.449,10.9703,-14.6209,12.1987,30.3781,39.2167,46.2375,50.6168,52.8335,54.0202,55.0602,55.8037,56.5475,57.2912,58.0349,59.0753,60.2631,62.4833,17.2376,13.1728,10.4746,6.99688,0.0518529,217.592,220.939,209.645,212.978
56.54376697540283,-0.2534788940101862,0.0,0.0,3,0.35172,3.0,20944.0,238.523,10.8373,-14.4609,12.86,30.7311,39.3042,46.1322,50.4041,52.57,53.7305,54.7482,55.4759,56.2041,56.9326,57.6612,58.6813,59.8463,22.7867,15.9717,12.2934,9.78638,6.52421,-0.0134623,217.033,220.157,200.791,203.923
56.56786561012268,-0.2534788940101862,0.0,0.0,3,0.364753,3.0,20944.0,236.991,10.9001,-14.3759,13.4738,31.0472,39.3757,46.0242,50.1948,52.3125,53.448,54.4442,55.1568,55.8702,56.5842,57.2985,58.2989,59.4419,19.8423,14.7541,11.4317,9.11106,6.05866,-0.0810355,216.087,219.037,200.752,203.962
56.58686017990112,-0.2534788940101862,0.0,0.0,3,0.378643,3.0,20944.0,235.635,11.3207,-14.2476,14.0865,31.457,39.5818,46.0739,50.1527,52.226,53.3383,54.3143,55.0129,55.7123,56.4125,57.1133,58.0948,59.2166,17.4192,13.4786,10.5384,8.42247,5.59928,-0.150857,214.691,217.905,200.681,204.034
56.604217290878296,-0.2534788940101862,0.0,0.0,3,0.374184,3.0,20944.0,234.403,12.2272,-14.1511,14.6981,31.9401,39.8951,46.2509,50.247,52.2795,53.3702,54.3276,55.013,55.6994,56.3866,57.0744,58.0379,19.0018,15.2956,12.1955,9.63362,7.73005,5.14736,-0.220464,213.307,216.938,200.412,204.302
56.627283334732056,-0.2534788940101862,0.0,0.0,3,0.369188,3.0,20944.0,233.247,12.8829,-13.9304,15.2624,32.3482,40.1386,46.3635,50.2805,52.2737,53.3439,54.2836,54.9563,55.6302,56.3049,56.9803,18.6781,15.9491,13.5514,11.0179,8.77557,7.06488,4.70893,-0.288036,212.115,215.865,200.314,204.4
56.64552712440491,-0.2534788940101862,0.0,0.0,3,0.362319,3.0,20944.0,232.242,13.199,-13.7932,15.7546,32.6114,40.2282,46.3198,50.1576,52.1124,53.1624,54.0846,54.745,55.4066,56.0692,18.4207,15.529,13.9464,12.1105,9.96566,7.98047,6.43668,4.28594,-0.353662,211.157,214.712,200.529,204.185
56.66779398918152,-0.24850874543190005,0.0,0.0,3,0.354072,3.0,20944.0,231.373,13.3258,-13.7609,16.1856,32.7656,40.2053,46.1634,49.9228,51.8397,52.8699,53.775,54.4233,55.073,17.0645,15.0144,13.496,12.3351,10.845,8.99687,7.23056,5.83676,3.87713,-0.417257,210.347,213.621,200.704,204.01
56.68396759033203,-0.22912025451660156,0.0,0.0,3,0.344752,3.0,20944.0,230.611,13.4037,-13.8386,16.5647,32.8392,40.1022,45.9281,49.6103,51.49,52.5007,53.3891,54.0258,15.9371,14.0233,12.9275,11.8468,10.9328,9.69112,8.0865,6.51463,5.25951,3.48184,-0.478717,209.661,212.725,200.824,203.89
56.70751404762268,-0.2198128216272841,0.0,0.0,3,0.333644,3.0,20944.0,229.95,13.2139,-13.9372,16.8783,32.7974,39.8765,45.5671,49.1716,51.0139,52.0053,52.8771,15.2495,13.2037,12.1098,11.3169,10.4661,9.71082,8.65028,7.24201,5.83867,4.70904,3.10151,-0.537923,209.175,211.978,200.976,203.738
56.72416853904724,-0.20702354948416665,0.0,0.0,3,0.319894,3.0,20942.3,229.399,12.595,-14.1166,17.1106,32.6007,39.4797,45.0269,48.5502,50.354,51.3256,52.1805,12.7119,11.4958,10.6644,10.0205,9.30441,8.65339,7.72262,6.46819,5.20683,4.18826,2.73713,-0.594809,208.84,211.234,201.245,203.449
56.74592137336731,-0.19884726181338544,0.0,0.0,3,0.304178,3.0,20910.7,228.927,11.7197,-14.3833,17.2776,32.2938,38.9633,44.3617,47.8014,49.5658,50.5171,12.6316,11.0468,10.1165,9.43091,8.88312,8.26208,7.68977,6.86297,5.73958,4.60566,3.69015,2.38789,-0.649206,208.609,210.584,201.173,202.937
56.76695775985718,-0.18213550991655947,0.0,0.0,3,0.287352,3.0,20870.2,228.483,10.7293,-14.6806,17.3994,31.9285,38.3873,43.6358,46.9912,48.7158,49.6467,10.7223,9.60982,8.85872,8.28159,7.81095,7.27016,6.76697,6.03463,5.03422,4.02309,3.20827,2.05304,-0.700972,208.395,210.055,200.901,202.427
56.78793406486511,-0.16202154366731644,0.0,0.0,3,0.269749,3.0,20829.1,228.057,9.70516,-14.9675,17.4857,31.5285,37.7789,42.8786,46.1497,47.8345,48.7449,9.11086,8.2675,7.65483,7.16993,6.76815,6.30146,5.8637,5.2227,4.34333,3.45449,2.74042,1.73263,-0.749975,208.204,209.663,200.571,201.964
56.80408716201782,-0.15855107676818966,0.0,0.0,3,0.251482,3.0,20789.5,227.648,8.60887,-15.2008,17.5381,31.0953,37.1393,42.0905,45.2773,46.9222,9.24441,7.6405,6.98651,6.48843,6.08528,5.74688,5.35021,4.97562,4.42429,3.66557,2.89944,2.28663,1.42697,-0.796139,208.036,209.34,200.25,201.517
56.8246386051178,-0.15907590011469092,0.0,0.0,3,0.233348,3.0,20751.9,227.243,7.56336,-15.3555,17.572,30.6655,36.5117,41.3192,44.4238,46.0295,7.229,6.19641,5.70367,5.31326,4.99044,4.71596,4.39111,4.08199,3.62425,2.99173,2.35322,1.84463,1.1359,-0.839389,207.75,209.03,199.864,201.175
56.84496331214905,-0.1596525578657848,0.0,0.0,3,0.21866,3.0,20713.6,226.798,6.91199,-15.211,17.6448,30.379,36.0642,40.7513,43.7852,6.44025,5.2376,4.63008,4.30324,4.03223,3.80165,3.60174,3.36128,3.12939,2.78158,2.29505,1.80023,1.40553,0.856785,-0.879878,206.96,209.016,199.101,201.199
56.8666410446167,-0.16028105002147147,0.0,0.0,3,0.208464,3.0,20675.3,226.313,7.18566,-14.9648,17.7752,30.2753,35.8448,40.4412,43.4201,3.90515,3.39871,3.07542,2.88714,2.72463,2.58237,2.45636,2.30198,2.15038,1.91893,1.58865,1.24736,0.972864,0.589844,-0.917776,205.95,209.163,198.213,201.347
56.88766956329346,-0.17755234973369166,0.0,0.0,3,0.200907,3.0,20620.3,225.798,7.72401,-14.3006,17.9287,30.2615,35.7412,40.2646,2.68032,2.04886,1.8352,1.68575,1.59466,1.51382,1.44158,1.37647,1.29538,1.21449,1.08885,0.905809,0.713186,0.556515,0.336464,-0.953289,205.173,209.144,197.305,201.203
56.90769958496094,-0.23322427647228353,0.0,0.0,3,0.191822,3.0,20568.9,225.279,7.69508,-13.4054,18.0401,30.1701,35.5499,1.42052,0.68638,0.554859,0.504154,0.467078,0.443905,0.423016,0.404042,0.38677,0.365027,0.343096,0.308581,0.257481,0.202978,0.158287,0.0952568,-0.986844,204.75,208.702,196.961,200.547
56.92775583267212,-0.28576185386445063,0.0,0.0,3,0.180386,3.0,20520.9,224.781,7.45682,-12.7345,-1.0,-1.0,-1.0,-1.0,-1.0,-1.0,-1.0,-1.0,-1.0,-1.0,-1.0,-1.0,-1.0,-1.0,-1.0,-1.0,-1.0,-1.0,-1.0,-1.01849,204.281,207.919,196.781,199.8
56.94682168960571,-0.31449208291891967,0.0,0.0,3,0.161609,3.0,20483.5,224.381,6.61789,-12.6508,-1.0,-1.0,-1.0,-1.0,-1.0,-1.0,-1.0,-1.0,-1.0,-1.0,-1.0,-1.0,-1.0,-1.0,-1.0,-1.0,-1.0,-1.0,-1.0,-1.04741,204.237,206.57,197.271,198.568
56.966604232788086,-0.33871623129376516,0.0,0.0,3,0.139849,3.0,20450.1,223.993,5.33422,-12.779,-1.0,-1.0,-1.0,-1.0,-1.0,-1.0,-1.0,-1.0,-1.0,-1.0,-1.0,-1.0,-1.0,-1.0,-1.0,-1.0,-1.0,-1.0,-1.0,-1.07313,204.181,205.346,197.254,197.947
56.98552370071411,-0.3642065802454079,0.0,0.0,3,0.120401,3.0,20437.8,223.503,4.61888,-13.2136,-1.0,-1.0,-1.0,-1.0,-1.0,-1.0,-1.0,-1.0,-1.0,-1.0,-1.0,-1.0,-1.0,-1.0,-1.0,-1.0,-1.0,-1.0,-1.0,-1.0954,203.82,204.681,197.039,197.876
57.004234075546265,-0.37852768315136437,0.0,0.0,3,0.110901,3.0,20468.3,222.857,5.77852,-13.656,-1.0,-1.0,-1.0,-1.0,-1.0,-1.0,-1.0,-1.0,-1.0,-1.0,-1.0,-1.0,-1.0,-1.0,-1.0,-1.0,-1.0,-1.0,-1.0,-1.11423,202.73,204.98,197.039,198.451
57.024821519851685,-0.3934527158980072,0.0,0.0,3,0.111915,3.0,20393.5,222.124,8.87401,-13.7302,-1.0,-1.0,-1.0,-1.0,-1.0,-1.0,-1.0,-1.0,-1.0,-1.0,-1.0,-1.0,-1.0,-1.0,-1.0,-1.0,-1.0,-1.0,-1.0,-1.1299,200.958,205.498,195.205,199.051
57.04386758804321,-0.4091797344261905,0.0,0.0,3,0.117356,3.0,20243.4,221.251,12.0346,-12.9318,-1.0,-1.0,-1.0,-1.0,-1.0,-1.0,-1.0,-1.0,-1.0,-1.0,-1.0,-1.0,-1.0,-1.0,-1.0,-1.0,-1.0,-1.0,-1.0,-1.14322,199.055,205.245,192.26,199.027
57.06641125679016,-0.41228157926226655,0.0,0.0,3,0.121326,3.0,20146.7,220.275,14.6626,-11.959,-1.0,-1.0,-1.0,-1.0,-1.0,-1.0,-1.0,-1.0,-1.0,-1.0,-1.0,-1.0,-1.0,-1.0,-1.0,-1.0,-1.0,-1.0,-1.0,-1.15488,197.753,204.271,191.232,198.166
57.084168434143066,-0.4286855538856859,0.0,0.0,3,0.119012,3.0,20058.1,219.345,15.7264,-10.7931,-1.0,-1.0,-1.0,-1.0,-1.0,-1.0,-1.0,-1.0,-1.0,-1.0,-1.0,-1.0,-1.0,-1.0,-1.0,-1.0,-1.0,-1.0,-1.0,-1.165,197.01,202.558,191.075,196.616
57.10570955276489,-0.4383799088555636,0.0,0.0,3,0.110566,3.0,19974.7,218.478,15.4216,-9.64801,-1.0,-1.0,-1.0,-1.0,-1.0,-1.0,-1.0,-1.0,-1.0,-1.0,-1.0,-1.0,-1.0,-1.0,-1.0,-1.0,-1.0,-1.0,-1.0,-1.17373,196.217,200.808,191.002,195.095
57.126893758773804,-0.4411464066608747,0.0,0.0,3,0.100338,3.0,19898.4,217.648,14.8882,-8.81319,-1.0,-1.0,-1.0,-1.0,-1.0,-1.0,-1.0,-1.0,-1.0,-1.0,-1.0,-1.0,-1.0,-1.0,-1.0,-1.0,-1.0,-1.0,-1.0,-1.18092,195.414,199.412,190.572,194.009
57.145833015441895,-0.4436029233867954,0.0,0.0,3,0.0875956,3.0,19823.0,216.911,14.2415,-8.17728,-1.0,-1.0,-1.0,-1.0,-1.0,-1.0,-1.0,-1.0,-1.0,-1.0,-1.0,-1.0,-1.0,-1.0,-1.0,-1.0,-1.0,-1.0,-1.0,-1.18631,194.911,198.356,190.136,192.985
57.16684556007385,-0.44539948039530464,0.0,0.0,3,0.0665447,3.0,19761.2,216.372,12.5632,-7.92598,-1.0,-1.0,-1.0,-1.0,-1.0,-1.0,-1.0,-1.0,-1.0,-1.0,-1.0,-1.0,-1.0,-1.0,-1.0,-1.0,-1.0,-1.0,-1.0,-1.18937,194.695,197.544,190.528,191.395
57.18413472175598,-0.4472527006118745,0.0,0.0,3,0.0419199,3.0,19716.8,215.816,9.89587,-7.63048,-1.0,-1.0,-1.0,-1.0,-1.0,-1.0,-1.0,-1.0,-1.0,-1.0,-1.0,-1.0,-1.0,-1.0,-1.0,-1.0,-1.0,-1.0,-1.0,-1.18994,194.503,196.253,190.503,190.543
57.20641469955444,-0.44939590312851896,0.0,0.0,3,0.0233309,3.0,19684.2,215.173,8.80471,-7.87493,-1.0,-1.0,-1.0,-1.0,-1.0,-1.0,-1.0,-1.0,-1.0,-1.0,-1.0,-1.0,-1.0,-1.0,-1.0,-1.0,-1.0,-1.0,-1.0,-1.18783,194.046,195.744,189.903,190.54
57.22324204444885,-0.45167909710037213,0.0,0.0,3,0.0123221,3.0,19621.4,214.488,9.19559,-7.81864,-1.0,-1.0,-1.0,-1.0,-1.0,-1.0,-1.0,-1.0,-1.0,-1.0,-1.0,-1.0,-1.0,-1.0,-1.0,-1.0,-1.0,-1.0,-1.0,-1.18289,193.356,195.84,188.302,190.943
57.24649238586426,-0.45410228252743373,0.0,0.0,3,0.00131958,3.0,19354.6,213.761,9.25503,-7.36568,-1.0,-1.0,-1.0,-1.0,-1.0,-1.0,-1.0,-1.0,-1.0,-1.0,-1.0,-1.0,-1.0,-1.0,-1.0,-1.0,-1.0,-1.0,-1.0,-1.17551,192.76,195.499,185.3,189.003
57.26348876953125,-0.4575354063099281,0.0,0.0,3,-0.00877029,3.0,19195.8,212.731,9.08368,-6.64547,-1.0,-1.0,-1.0,-1.0,-1.0,-1.0,-1.0,-1.0,-1.0,-1.0,-1.0,-1.0,-1.0,-1.0,-1.0,-1.0,-1.0,-1.0,-1.0,-1.16614,191.823,194.906,183.429,187.767
57.285523891448975,-0.46105852459934227,0.1450958251953125,0.0,3,-0.0142577,3.0,19039.2,211.674,9.94347,-6.15322,-1.0,-1.0,-1.0,-1.0,-1.0,-1.0,-1.0,-1.0,-1.0,-1.0,-1.0,-1.0,-1.0,-1.0,-1.0,-1.0,-1.0,-1.0,-1.0,-1.15484,190.607,194.463,180.576,187.507
57.303635358810425,-0.46452164655080996,0.4431304931640625,0.0,3,-0.0178207,3.0,19141.0,210.635,11.0849,-5.46404,-1.0,-1.0,-1.0,-1.0,-1.0,-1.0,-1.0,-1.0,-1.0,-1.0,-1.0,-1.0,-1.0,-1.0,-1.0,-1.0,-1.0,-1.0,-1.0,-1.14171,189.549,193.871,182.033,187.868
57.32671403884888,-0.4673014768756647,0.6156768798828125,0.0,3,-0.0254281,3.0,19342.2,209.801,11.3521,-4.68363,-1.0,-1.0,-1.0,-1.0,-1.0,-1.0,-1.0,-1.0,-1.0,-1.0,-1.0,-1.0,-1.0,-1.0,-1.0,-1.0,-1.0,-1.0,-1.0,-1.12693,188.739,192.715,186.841,186.841
57.343913078308105,-0.46853806806333986,0.7803802490234375,0.0,3,-0.0359114,3.0,19534.8,209.43,10.6773,-3.75704,-1.0,-1.0,-1.0,-1.0,-1.0,-1.0,-1.0,-1.0,-1.0,-1.0,-1.0,-1.0,-1.0,-1.0,-1.0,-1.0,-1.0,-1.0,-1.0,-1.11068,188.037,191.408,188.69,188.69
57.365485191345215,-0.46963133466592055,0.9999847412109375,0.0,3,-0.0449427,3.0,19480.4,209.102,10.6239,-3.22676,-1.0,-1.0,-1.0,-1.0,-1.0,-1.0,-1.0,-1.0,-1.0,-1.0,-1.0,-1.0,-1.0,-1.0,-1.0,-1.0,-1.0,-1.0,-1.0,-1.09288,187.471,190.931,189.097,189.011
57.3875515460968,-0.4702646293442448,0.9999847412109375,0.0,3,-0.0538228,3.0,19402.4,208.912,10.7654,-2.70056,-1.0,-1.0,-1.0,-1.0,-1.0,-1.0,-1.0,-1.0,-1.0,-1.0,-1.0,-1.0,-1.0,-1.0,-1.0,-1.0,-1.0,-1.0,-1.0,-1.0733,187.066,190.669,188.341,188.798
57.40573763847351,-0.47077126508690414,0.9999847412109375,0.0,3,-0.0644067,3.0,19413.3,208.76,10.4012,-2.09088,-1.0,-1.0,-1.0,-1.0,-1.0,-1.0,-1.0,-1.0,-1.0,-1.0,-1.0,-1.0,-1.0,-1.0,-1.0,-1.0,-1.0,-1.0,-1.0,-1.05198,186.748,190.329,188.371,188.934
57.42787456512451,-0.4711945725824156,0.9999847412109375,0.0,3,-0.0752595,3.0,19447.5,208.633,10.3004,-1.81252,-1.0,-1.0,-1.0,-1.0,-1.0,-1.0,-1.0,-1.0,-1.0,-1.0,-1.0,-1.0,-1.0,-1.0,-1.0,-1.0,-1.0,-1.0,-1.0,-1.02886,186.568,190.092,188.778,189.105
57.44556665420532,-0.4710112504386902,0.9999847412109375,0.0,3,-0.0876291,3.0,19420.0,208.688,10.1833,-1.77108,-1.0,-1.0,-1.0,-1.0,-1.0,-1.0,-1.0,-1.0,-1.0,-1.0,-1.0,-1.0,-1.0,-1.0,-1.0,-1.0,-1.0,-1.0,-1.0,-1.0036,186.502,189.874,188.357,188.585
57.46669125556946,-0.4710812461662945,0.9999847412109375,0.0,3,-0.10245,3.0,19537.3,208.667,9.77294,-1.89542,14.39,20.8543,23.9947,27.1378,29.572,30.9944,31.8197,32.584,33.156,33.751,34.3704,35.0156,35.9656,37.1233,39.5297,45.523,1.59057,0.651455,0.228365,-0.976035,186.535,189.612,189.693,189.618
57.48432469367981,-0.4706846037098703,0.9999847412109375,0.0,3,-0.119457,3.0,19394.6,208.786,9.07957,-2.11595,14.0419,20.2309,23.3021,26.4016,28.8078,30.2164,31.0344,31.7926,32.3603,32.9512,33.5666,34.2082,35.1533,36.3063,38.7068,44.709,60.7724,1.67344,0.528063,-0.945927,186.615,189.366,188.336,188.812
57.50564122200012,-0.47074126691793095,0.9999847412109375,0.0,3,-0.136862,3.0,19433.7,208.769,8.3049,-2.40734,13.6807,19.5932,22.6002,25.6496,28.0224,29.4136,30.2224,30.9726,31.5345,32.1198,32.7297,33.3658,34.3035,35.4487,37.8365,43.8293,60.0282,3.24101,0.870735,-0.913186,186.766,189.223,188.76,188.884
57.52672457695007,-0.47089125776279717,0.9999847412109375,0.0,3,-0.151514,3.0,19378.7,208.724,7.67901,-2.36344,13.332,19.0117,21.9873,25.0158,27.3806,28.7705,29.5797,30.331,30.8943,31.4814,32.0937,32.7329,33.6761,34.8295,37.2403,43.3251,60.0225,6.49683,1.25378,-0.878022,186.911,189.35,188.209,188.813
57.54397511482239,-0.4710845792961804,0.9999847412109375,0.0,3,-0.162612,3.0,19582.4,208.666,7.56757,-2.22551,12.9992,18.5063,21.4827,24.528,26.9177,28.3272,29.1495,29.9141,30.4881,31.087,31.7124,32.3659,33.3319,34.5154,36.9979,43.3158,61.0476,147.168,1.67181,-0.840701,186.871,189.654,187.945,188.393
57.56364941596985,-0.47058794294317874,0.9999847412109375,0.0,3,-0.172972,3.0,19593.0,208.815,7.34055,-1.73862,12.6623,18.0227,21.0058,24.0755,26.4977,27.9319,28.7706,29.5518,30.139,30.7525,31.3939,32.0651,33.0589,34.2793,36.849,43.4506,62.468,166.482,2.12721,-0.801504,186.835,189.907,188.869,188.869
57.58378052711487,-0.470054642161432,0.9999847412109375,0.0,3,-0.185103,3.0,19548.2,208.975,6.84133,-1.31258,12.3051,17.5119,20.4827,23.5558,25.9926,27.4406,28.2891,29.0806,29.6764,30.2995,30.9517,31.635,32.6483,33.8953,36.5303,43.3587,63.5174,188.413,2.63201,-0.760528,186.984,190.021,187.866,188.349
57.60412573814392,-0.46960133649694735,0.9999847412109375,0.0,3,-0.197951,3.0,19583.9,209.111,6.42446,-1.08497,11.9355,16.9969,19.9483,23.0168,25.4617,26.9196,27.7757,28.5754,29.1782,29.8092,30.4705,31.1643,32.1946,33.4651,36.1595,43.2028,64.5264,200.0,3.19235,-0.717588,187.186,190.124,188.071,188.457
57.62451195716858,-0.469454678781967,0.9999847412109375,0.0,3,-0.210066,3.0,19611.4,209.155,6.32445,-1.05129,11.5604,16.5016,19.4386,22.5095,24.9695,26.442,27.3087,28.1196,28.7317,29.3733,30.0465,30.7537,31.8058,33.1063,35.8752,43.1855,65.9749,200.0,3.81084,-0.672484,187.328,190.271,188.289,188.598
57.64435148239136,-0.46958133771763194,0.9999847412109375,0.0,3,-0.221313,3.0,19604.0,209.117,6.48542,-1.14545,11.1794,16.0267,18.9559,22.0376,24.5212,26.0143,26.8953,27.7212,28.3455,29.0009,29.6896,30.4142,31.4943,32.8329,35.6961,43.3418,68.0171,200.0,4.49388,-0.625136,187.395,190.408,188.156,188.528
57.664177656173706,-0.46976799299124317,0.9999847412109375,0.0,3,-0.231849,3.0,19616.4,209.061,6.81255,-1.31266,10.7907,15.5684,18.4943,21.5939,24.1082,25.6271,26.5259,27.3702,28.0096,28.6819,29.3894,30.1351,31.2492,32.634,35.6112,43.6658,70.742,200.0,5.25014,-0.575511,187.384,190.48,188.271,188.674
57.68353605270386,-0.46997798017405595,0.9999847412109375,0.0,3,-0.24167,3.0,19618.7,208.998,7.23519,-1.48719,10.3945,15.1279,18.0562,21.1821,23.7363,25.2875,26.2084,27.0755,27.7334,28.4263,29.157,29.9286,31.0843,32.5255,35.6425,44.2027,74.4205,200.0,6.07013,-0.523644,187.319,190.514,188.283,188.748
57.70409178733826,-0.47024463056492927,0.9999847412109375,0.0,3,-0.250819,3.0,19616.7,208.918,7.72419,-1.64865,9.99839,14.7053,17.6422,20.8035,23.4078,24.9988,25.9467,26.8416,27.5221,28.2402,28.9991,29.8022,31.0084,32.5185,35.8067,44.9958,79.4213,200.0,6.83809,-0.46961,187.211,190.514,188.254,188.765
57.726646184921265,-0.47050794782591676,0.9999847412109375,0.0,3,-0.259467,3.0,19596.0,208.839,8.14667,-1.71429,9.61375,14.2963,17.2452,20.4485,23.1107,24.7477,25.7269,26.6539,27.3606,28.1081,28.8997,29.7396,31.0051,32.5962,36.0872,46.0401,86.1181,151.557,7.53683,-0.41353,187.075,190.475,188.058,188.576
57.74608254432678,-0.47082459516507885,0.9999847412109375,0.0,3,-0.267993,3.0,19580.4,208.744,8.45644,-1.72667,9.23962,13.8949,16.8557,20.1029,22.827,24.5137,25.5269,26.4891,27.2247,28.0044,28.8323,29.7131,31.0447,32.7269,36.4488,47.3013,94.969,106.238,8.1754,-0.35556,186.931,190.382,187.9,188.437
57.765711545944214,-0.4709445878409719,0.9999847412109375,0.0,3,-0.275785,3.0,19607.5,208.708,8.72235,-1.64413,8.87973,13.5142,16.4944,19.7977,22.5978,24.345,25.3996,26.4047,27.1754,27.9945,28.8668,29.7976,31.2104,33.0049,37.0145,49.0216,108.05,84.2729,8.74786,-0.295848,186.782,190.309,188.196,188.732
57.7842538356781,-0.47111791059503944,0.9999847412109375,0.0,3,-0.267141,3.0,19642.1,208.656,9.06978,-1.56688,8.53412,13.1534,16.1603,19.532,22.4233,24.2431,25.3475,26.4042,27.2171,28.084,29.0101,30.0017,31.5138,33.4464,37.8141,51.3181,128.551,71.1901,9.25889,-0.235575,186.643,190.263,188.608,189.079
57.80587196350098,-0.47120790510195937,0.9999847412109375,0.0,3,-0.253369,3.0,19643.8,208.629,9.30187,-1.46633,8.19819,12.7947,15.8245,19.2625,22.2461,24.1412,25.2977,26.409,27.2671,28.185,29.1692,30.2269,31.8479,33.9337,38.7069,54.0059,160.879,63.136,9.72823,-0.177506,186.543,190.171,188.787,189.13
57.824124336242676,-0.47107791303640856,0.9999847412109375,0.0,3,-0.241235,3.0,19613.0,208.668,9.20521,-1.35016,7.86718,12.4179,15.4529,18.9355,21.9922,23.9506,25.1523,26.3117,27.21,28.1741,29.2114,30.3303,32.0533,34.2855,39.4579,56.6664,200.0,58.3807,10.1779,-0.121808,186.525,190.01,188.351,188.759
57.84669065475464,-0.47097125288005925,0.9999847412109375,0.0,3,-0.230628,3.0,19626.0,208.7,8.89763,-1.31157,7.54162,12.0254,15.0482,18.5529,21.6615,23.6695,24.908,26.1075,27.0401,28.044,29.1276,30.3007,32.1158,34.4826,40.0353,59.2241,200.0,55.4437,10.6113,-0.0684231,186.579,189.841,188.483,188.819
57.86425185203552,-0.4710012510490324,0.9999847412109375,0.0,3,-0.220874,3.0,19689.1,208.691,8.53419,-1.36877,7.22433,11.6299,14.631,18.1456,21.2952,23.346,24.6174,25.8535,26.8178,27.859,28.9867,30.2119,32.1164,34.6168,40.5578,61.9381,200.0,53.3568,11.0213,-0.0172375,186.666,189.717,189.679,189.679
57.885610580444336,-0.4708479270742803,0.9999847412109375,0.0,3,-0.211353,3.0,19604.8,208.737,8.22074,-1.48313,6.91771,11.2428,14.2206,17.7437,20.9347,23.0299,24.3358,25.6106,26.6087,27.6899,28.865,30.1467,32.1493,34.7974,41.1779,65.2228,200.0,51.6057,11.401,0.0318535,186.755,189.656,188.192,188.566
57.90664792060852,-0.47097791913983106,0.9999847412109375,0.0,3,-0.201523,3.0,19586.1,208.698,7.94721,-1.59068,6.62424,10.8745,13.8346,17.376,20.621,22.7715,24.1199,25.4422,26.4817,27.6118,28.845,30.196,32.3192,35.1503,42.0838,69.7244,200.0,49.8999,11.7425,0.0788635,186.827,189.655,187.985,188.389
57.9232759475708,-0.4710379154777775,0.9999847412109375,0.0,3,-0.191064,3.0,19677.6,208.68,7.822,-1.70389,6.34531,10.5313,13.4842,17.0612,20.3825,22.607,24.0115,25.3961,26.4896,27.6837,28.9928,30.4344,32.7159,35.7885,43.4648,76.3728,200.0,48.1329,12.0416,0.123795,186.851,189.692,189.122,189.359
57.944602727890015,-0.47097791913983106,0.9999847412109375,0.0,3,-0.180064,3.0,19573.6,208.698,7.79528,-1.78313,6.08041,10.2116,13.1673,16.7979,20.2195,22.5391,24.0153,25.4795,26.6423,27.9185,29.3254,30.8841,33.3717,36.7625,45.4431,86.4177,200.0,46.3672,12.3015,0.166668,186.86,189.764,187.871,188.35
57.96370983123779,-0.4708279282949648,0.9999847412109375,0.0,3,-0.169161,3.0,19585.8,208.743,7.7299,-1.83233,5.82734,9.90505,12.8658,16.5563,20.0902,22.5172,24.0754,25.6314,26.8745,28.2466,29.7687,31.4668,34.2026,37.9834,47.9458,101.243,179.909,44.7918,12.5345,0.207424,186.879,189.815,188.003,188.454
57.98564028739929,-0.47069793622941397,0.9999847412109375,0.0,3,-0.158359,3.0,19609.7,208.782,7.66003,-1.89524,5.58635,9.6125,12.581,16.3387,19.9987,22.5481,24.2005,25.863,27.2002,28.6855,30.3448,32.2105,35.2491,39.5166,51.1549,125.037,146.429,43.3693,12.742,0.246058,186.909,189.853,188.263,188.676
58.00551724433899,-0.47067793745009845,0.9999847412109375,0.0,3,-0.14751,3.0,19669.1,208.788,7.61652,-1.97922,5.35808,9.33717,12.3189,16.1562,19.9634,22.6571,24.4216,26.212,27.6632,29.2867,31.1153,33.1901,36.6127,41.5124,55.4561,169.902,124.344,42.0375,12.9228,0.282592,186.939,189.889,189.039,189.293
58.02417588233948,-0.4706512724110111,0.9999847412109375,0.0,3,-0.136443,3.0,19587.2,208.796,7.62173,-2.06908,5.14331,9.08287,12.0868,16.023,20.0089,22.8791,24.7822,26.7321,28.3268,30.1261,32.1722,34.5193,38.4515,44.2158,61.5459,200.0,108.351,40.7473,13.0755,0.317041,186.962,189.934,187.993,188.453
58.04413962364197,-0.4706146079822662,0.9999847412109375,0.0,3,-0.124823,3.0,19627.4,208.807,7.68826,-2.13251,4.9438,8.8572,11.8993,15.9671,20.1842,23.284,25.3693,27.5311,29.3183,31.3562,33.7014,36.4286,41.0891,48.1357,71.0019,200.0,95.7953,39.4322,13.1952,0.349363,186.958,189.991,188.43,188.862
58.06567311286926,-0.44170184426718073,0.9999847412109375,0.0,3,-0.112659,3.0,19582.1,208.758,7.85786,-2.20361,4.75987,8.66165,11.7602,15.9996,20.5155,23.9165,26.2445,28.6929,30.7444,33.1146,35.8837,39.1615,44.9105,53.9756,86.914,200.0,85.6598,38.1073,13.2833,0.379537,186.932,190.055,187.925,188.431
58.08450937271118,-0.29830029944353736,0.9999847412109375,0.0,3,-0.100371,3.0,19598.5,208.781,8.05044,-2.25263,4.59029,8.49048,11.6595,16.1058,20.9887,24.7704,27.4125,30.2397,32.6477,35.4754,38.8426,42.9196,50.3207,62.6851,116.346,200.0,77.5849,36.8489,13.3481,0.407544,187.039,190.214,188.12,188.62
58.10409498214722,-0.18297026477181663,0.9999847412109375,0.0,3,-0.0886248,3.0,19638.2,208.804,8.15002,-2.2902,4.43311,8.33338,11.577,16.2485,21.5485,25.7811,28.8073,32.1105,34.9785,38.4123,42.5973,47.8098,57.7025,75.5919,180.742,200.0,71.3581,35.7441,13.4012,0.433362,187.793,190.877,188.588,188.979
58.12577962875366,-0.12417702774281614,0.9999847412109375,0.0,3,-0.0779088,3.0,19579.4,208.831,8.12942,-2.34325,4.28649,8.18171,11.4947,16.3911,22.1335,26.8693,30.3405,34.2134,37.6496,41.8568,47.1268,53.9193,67.5602,95.0639,200.0,197.566,66.6577,34.8311,13.4512,0.457048,188.966,191.773,187.916,188.36
58.145105838775635,-0.08906604046644642,0.9999847412109375,0.0,3,-0.0686916,3.0,19615.1,208.97,7.93912,-2.41753,4.14836,8.02609,11.3919,16.4872,22.6546,27.9042,31.8496,36.3531,40.4412,45.5691,52.191,61.0699,80.1763,124.831,200.0,165.974,63.2451,34.1368,13.5061,0.478708,189.928,192.324,188.309,188.66
58.16608119010925,-0.07078807680392327,0.9999847412109375,0.0,3,-0.0611857,3.0,19595.1,209.091,7.49623,-2.4929,4.01764,7.8618,11.2567,16.5044,23.0378,28.7622,33.1671,38.3068,43.079,49.2138,57.3911,68.8335,95.5038,171.457,200.0,147.51,60.8666,33.655,13.5699,0.49845,190.616,192.551,188.097,188.402
58.18412113189697,-0.06511563477971591,0.9999847412109375,0.0,3,-0.0551475,3.0,19595.7,209.237,6.84028,-2.55313,3.89509,7.69339,11.0966,16.4512,23.2828,29.4246,34.2539,40.0054,45.462,52.6468,62.5346,77.0026,113.915,200.0,200.0,135.843,59.2017,33.3318,13.6392,0.516355,191.093,192.625,188.114,188.363
58.20565629005432,-0.06503745697533711,0.9999847412109375,0.0,3,-0.0502599,3.0,19598.0,209.406,6.06029,-2.61547,3.78141,7.5265,10.9226,16.347,23.4155,29.9164,35.1282,41.4537,47.5777,55.8297,67.5519,85.5117,136.237,200.0,200.0,127.975,58.0107,33.1173,13.71,0.532531,191.448,192.674,188.145,188.351
58.22573709487915,-0.06494956476923078,0.9999847412109375,0.0,3,-0.0461648,3.0,19590.2,209.596,5.21181,-2.64581,3.67734,7.36738,10.7483,16.2196,23.4838,30.303,35.8685,42.7447,49.5317,58.8861,72.6032,94.6611,164.763,200.0,200.0,122.243,57.1055,32.9649,13.778,0.547083,191.742,192.754,188.076,188.261
58.24506855010986,-0.0704394338833013,0.9999847412109375,0.0,3,-0.0425037,3.0,19594.5,209.785,4.39833,-2.66967,3.58348,7.22201,10.5873,16.0997,23.548,30.6784,36.5999,44.0461,51.5406,62.1141,78.1531,105.37,200.0,200.0,200.0,117.619,56.3351,32.8333,13.8386,0.56012,191.998,192.883,188.116,188.291
58.26461052894592,-0.08527505442813038,0.9999847412109375,0.0,3,-0.0387405,3.0,19602.9,209.972,3.71495,-2.69906,3.50077,7.09899,10.4602,16.037,23.7164,31.2278,37.5883,45.7488,54.1513,66.341,85.6226,120.715,200.0,200.0,200.0,113.163,55.5159,32.6652,13.885,0.57176,192.184,193.061,188.191,188.383
58.283714056015015,-0.09812743299516538,0.9999847412109375,0.0,3,-0.0342687,3.0,19612.4,210.15,3.21856,-2.73846,3.43064,7.0087,10.3916,16.094,24.1353,32.2206,39.2439,48.5025,58.3388,73.1867,98.1828,149.127,200.0,200.0,200.0,108.126,54.4681,32.3996,13.9091,0.58208,192.273,193.278,188.27,188.515
58.30342388153076,-0.10139268930022606,0.9999847412109375,0.0,3,-0.028622,3.0,19621.5,210.313,2.95554,-2.76717,3.37436,6.95996,10.4035,16.3312,24.9638,33.9835,42.1108,53.2653,65.7029,85.727,123.323,200.0,200.0,200.0,200.0,102.196,53.0859,31.9954,13.9046,0.59111,192.294,193.545,188.34,188.657
58.32373642921448,-0.10128453671118245,0.9999847412109375,0.0,3,-0.0217622,3.0,19631.1,210.462,2.9432,-2.79414,3.33241,6.95557,10.5045,16.7813,26.3221,36.8343,46.8212,61.3969,78.9621,110.617,184.66,200.0,200.0,200.0,198.474,95.6975,51.4152,31.4608,13.8716,0.598819,192.305,193.834,188.419,188.799
58.345749378204346,-0.10118291682885959,0.9999847412109375,0.0,3,-0.0141533,3.0,19640.3,210.602,3.07893,-2.82405,3.30363,6.98945,10.6833,17.4303,28.245,41.0157,54.0709,74.9606,103.543,167.376,200.0,200.0,200.0,200.0,173.125,89.3348,49.6329,30.8539,13.8174,0.605192,192.345,194.069,188.507,188.926
58.365933656692505,-0.10108347451544367,0.9999847412109375,0.0,4,-0.00628835,3.0,19645.9,210.739,3.23114,-2.82934,3.28702,7.05518,10.9262,18.2568,30.7628,46.8696,65.0558,98.5219,155.773,200.0,200.0,200.0,200.0,200.0,152.187,83.5557,47.8851,30.2274,13.7497,0.610193,192.43,194.239,188.55,188.988
58.38547158241272,-0.09124174323678017,0.9999847412109375,0.0,4,0.00164669,4.0,15768.4,210.594,3.3544,-2.84225,3.2826,7.15199,11.2327,19.2733,34.0213,55.2079,82.7013,146.612,200.0,200.0,200.0,200.0,200.0,199.056,135.613,78.4001,46.2132,29.5993,13.6709,0.61378,192.467,194.301,184.932,186.739
58.405978202819824,-0.07599115485829921,0.9999847412109375,0.0,4,0.0097205,4.0,15739.4,210.255,3.51513,-2.87074,3.29102,7.28397,11.6151,20.5352,38.37,67.9626,115.514,200.0,200.0,200.0,200.0,200.0,200.0,181.809,122.034,73.7247,44.5962,28.9643,13.5803,0.615938,192.253,194.113,184.532,186.423
58.42478537559509,-0.06756319698731103,0.9999847412109375,0.0,4,0.0176341,4.0,15542.7,209.907,3.69133,-2.90838,3.31131,7.44646,12.0641,22.0396,44.0951,88.466,200.0,200.0,200.0,200.0,200.0,200.0,195.663,158.424,111.068,69.6094,43.0877,28.3474,13.4825,0.6167,191.99,193.823,183.725,185.755
58.445672273635864,-0.062062206328846514,0.9999847412109375,0.0,4,0.0250894,4.0,16075.7,210.005,3.8105,-2.92085,3.34248,7.63376,12.566,23.7639,51.5212,124.223,200.0,200.0,200.0,200.0,200.0,197.734,177.162,141.207,102.327,66.084,41.7262,27.769,13.3815,0.616091,191.84,193.577,190.942,190.942
58.46544313430786,-0.05919649674490404,0.9999847412109375,0.0,4,0.0321075,4.0,16149.2,210.535,3.91748,-2.93489,3.38426,7.84613,13.1231,25.7381,61.4105,200.0,200.0,200.0,200.0,200.0,197.512,191.672,156.871,127.993,95.1897,63.0252,40.4883,27.224,13.2773,0.61417,192.2,193.846,191.885,191.885
58.48574757575989,-0.05639192339658737,0.9999847412109375,0.0,4,0.0384919,4.0,16171.7,211.104,3.91442,-2.94286,3.43584,8.07849,13.7213,27.9267,74.5367,200.0,200.0,200.0,200.0,197.44,192.753,172.863,141.915,117.828,89.4206,60.4209,39.3881,26.7223,13.1723,0.610965,192.742,194.255,192.17,192.17
58.505319118499756,-0.05615887878745794,0.9999847412109375,0.0,4,0.0439503,4.0,16191.7,211.678,3.75007,-2.94065,3.49608,8.32219,14.3327,30.2152,91.3028,200.0,200.0,200.0,197.569,193.722,183.066,157.075,131.044,110.194,84.9105,58.2904,38.4499,26.2786,13.0698,0.606483,193.353,194.669,192.4,192.4
58.523947954177856,-0.06106784561028083,0.9999847412109375,0.0,4,0.0485722,4.0,16221.3,212.248,3.46344,-2.94977,3.56491,8.57721,14.955,32.5754,112.784,200.0,200.0,197.794,194.578,189.555,167.713,145.573,122.879,104.313,81.3196,56.5252,37.6416,25.882,12.9686,0.600765,193.963,195.087,192.747,192.747
58.54396343231201,-0.07173108071867378,0.9999847412109375,0.0,4,0.0527946,4.0,16258.3,212.813,3.13549,-2.97383,3.64352,8.85406,15.6201,35.1518,143.192,200.0,198.877,195.182,191.379,181.224,155.544,136.247,116.098,99.3282,78.1939,54.9368,36.8894,25.5012,12.8635,0.593865,194.526,195.539,193.182,193.182
58.565964221954346,-0.07721015603050589,0.9999847412109375,0.0,4,0.057224,4.0,16301.3,213.371,2.85449,-3.00644,3.73419,9.17163,16.3896,38.2898,200.0,199.863,196.47,192.255,187.359,166.365,144.377,127.532,109.637,94.4999,75.1001,53.3237,36.1076,25.0978,12.7478,0.585812,195.016,196.043,193.69,193.69
58.58457922935486,-0.07689878146161636,0.9999847412109375,0.0,4,0.062329,4.0,16348.2,213.922,2.7162,-3.03459,3.83919,9.54873,17.3307,42.4747,200.0,197.519,193.693,188.568,176.564,151.868,133.242,118.694,102.968,89.4413,71.7959,51.5633,35.24,24.6454,12.6166,0.576608,195.463,196.619,194.247,194.247
58.6057493686676,-0.07369910349526132,0.9999847412109375,0.0,4,0.0680796,4.0,16394.4,214.47,2.72493,-3.06505,3.95894,9.99056,18.4717,48.134,200.0,194.866,190.388,182.961,158.427,138.144,122.474,110.004,96.2918,84.2976,68.3676,49.6943,34.3013,24.1498,12.4707,0.566254,195.905,197.209,194.796,194.796
58.62412643432617,-0.05479958723455667,0.9999847412109375,0.0,4,0.0741531,4.0,16427.6,215.026,2.8004,-3.07059,4.09261,10.4922,19.8078,55.6561,197.901,191.896,186.329,164.611,142.681,125.915,112.683,101.974,90.0104,79.3812,65.0203,47.8217,33.3389,23.6329,12.314,0.55474,196.38,197.774,195.196,195.196
58.644325494766235,-0.03280184109235803,0.9999847412109375,0.0,4,0.0798132,4.0,16467.4,215.58,2.8844,-3.07043,4.23678,11.0275,21.2547,64.8798,195.611,188.74,180.96,148.469,130.268,116.051,104.638,95.2759,84.6796,75.1424,62.0689,46.1208,32.4381,23.1362,12.1547,0.542089,196.966,198.295,195.667,195.667
58.66555428504944,-0.023882302804347128,0.9999847412109375,0.0,4,0.0842683,4.0,16506.2,216.142,2.85949,-3.07209,4.38644,11.5574,22.6651,74.6688,193.444,185.673,168.047,137.353,121.511,108.953,98.7541,90.3076,80.6595,71.8946,59.7526,44.7384,31.6763,22.6992,12.0013,0.528399,197.649,198.725,196.13,196.13
58.68510937690735,-0.01918980966322124,0.9999847412109375,0.0,4,0.0873915,4.0,16543.6,216.71,2.64254,-3.07682,4.53931,12.0652,23.963,83.8946,191.483,182.867,157.442,129.972,115.579,104.063,94.64,86.7882,77.7655,69.5185,58.0144,43.6594,31.0527,22.3242,11.8553,0.513771,198.338,199.11,196.575,196.575
58.7051842212677,-0.016331953792174655,0.9999847412109375,0.0,4,0.0895683,4.0,16580.6,217.282,2.31354,-3.06882,4.69594,12.5588,25.1722,92.3411,189.689,180.291,150.176,124.767,111.324,100.502,91.6049,84.1605,75.572,67.6901,56.6438,42.7755,30.5181,21.9886,11.7128,0.4983,198.995,199.532,197.014,197.014
58.72317671775818,-0.014960967167420312,0.9999847412109375,0.0,4,0.0911676,4.0,16617.5,217.855,1.96161,-3.0584,4.85707,13.0494,26.3357,100.242,188.003,177.833,144.692,120.743,107.987,97.6751,89.1672,82.0284,73.7693,66.1676,55.4786,42.0,30.032,21.6732,11.5705,0.48208,199.603,199.992,197.453,197.453
58.745603799819946,-0.013654903139782447,0.9999847412109375,0.0,4,0.0924355,4.0,16650.5,218.431,1.62864,-3.04322,5.02294,13.5446,27.487,107.919,186.375,175.357,140.159,117.354,105.144,95.2424,87.051,80.1626,72.176,64.8086,54.4222,41.2803,29.5692,21.3663,11.4268,0.465209,200.175,200.478,197.852,197.852
58.76369285583496,-0.013595226701522866,0.9999847412109375,0.0,4,0.0935132,4.0,16684.8,219.006,1.33719,-3.01261,5.19351,14.0484,28.6462,115.628,184.777,172.66,136.155,114.317,102.575,93.0272,85.1112,78.4422,70.696,63.537,53.4227,40.5882,29.1165,21.0617,11.2806,0.447766,200.732,200.986,198.252,198.252
58.78570342063904,-0.013536172973923387,0.9999847412109375,0.0,4,0.0945231,4.0,16725.0,219.575,1.09916,-2.98402,5.36885,14.5656,29.836,123.746,183.18,168.651,132.376,111.424,100.114,90.8952,83.2367,76.7739,69.2547,62.2935,52.439,39.9011,28.6629,20.7543,11.1315,0.429818,201.269,201.502,198.727,198.727
58.80486726760864,-0.013477326816543938,0.9999847412109375,0.0,4,0.0955598,4.0,16767.4,220.142,0.921995,-2.96141,5.54898,15.1002,31.0774,132.709,181.558,163.161,128.621,108.534,97.65,88.7555,81.3522,75.0941,67.8011,61.0374,51.4431,39.2033,28.201,20.4407,10.9789,0.411426,201.791,202.026,199.23,199.23
58.82566022872925,-0.012252323432282235,0.9999847412109375,0.0,4,0.0966241,4.0,16810.6,220.707,0.799379,-2.94151,5.73355,15.6516,32.3708,142.65,179.909,157.758,124.894,105.652,95.1861,86.6122,79.4611,73.406,66.3376,59.7707,50.4366,38.4962,27.7318,20.1215,10.8232,0.392634,202.311,202.553,199.743,199.743
58.8431351184845,-0.012198971293400971,0.9999847412109375,0.0,4,0.0976931,4.0,16853.5,221.27,0.71353,-2.91786,5.92203,16.2176,33.7098,153.575,178.238,152.514,121.242,102.813,92.7515,84.4893,77.5837,71.727,64.8789,58.5056,49.4283,37.7851,27.2582,19.7984,10.665,0.373483,202.833,203.076,200.254,200.254
58.86457061767578,-0.012145713918531933,0.9999847412109375,0.0,4,0.0987684,4.0,16895.7,221.832,0.650188,-2.90055,6.11422,16.7977,35.0943,186.304,176.544,147.422,117.666,100.018,90.3467,82.3868,75.7213,70.0585,63.4259,57.243,48.4193,37.0708,26.7808,19.4719,10.5044,0.353998,203.349,203.594,200.755,200.755
58.885680198669434,-0.012092077487614008,0.9999847412109375,0.0,4,0.099858,4.0,16931.3,222.398,0.604024,-2.87244,6.31007,17.3927,36.5285,184.865,174.821,142.453,114.148,97.2549,87.964,80.2988,73.8678,68.3954,61.9755,55.9804,47.4076,36.3522,26.2991,19.1416,10.3415,0.334192,203.866,204.113,201.18,201.18
58.90318584442139,-0.012039104404781635,0.9999847412109375,0.0,4,0.100954,4.0,16972.1,222.957,0.570508,-2.84567,6.50952,18.002,38.0112,183.415,173.07,137.625,110.701,94.5337,85.6107,78.232,72.0296,66.7432,60.5315,54.7211,46.3958,35.6309,25.8139,18.8081,10.1764,0.314067,204.381,204.63,201.664,201.664
58.924262285232544,-0.007940789353614674,0.9999847412109375,0.0,4,0.102061,4.0,17013.9,223.515,0.547979,-2.82346,6.71245,18.6258,39.5452,181.953,171.286,132.922,107.316,91.8489,83.2828,76.1834,70.2043,65.1,59.0925,53.4639,45.3832,34.9068,25.3253,18.4715,10.0092,0.293644,204.893,205.145,202.161,202.161
58.94381642341614,-0.0047045347241374364,0.9999847412109375,0.0,4,0.103036,4.0,17056.0,224.07,0.537856,-2.80634,6.9175,19.2521,41.0758,180.497,169.517,128.65,104.197,89.3521,81.1054,74.2575,68.4804,63.5421,57.7222,52.2611,44.4076,34.2019,24.8447,18.1377,9.84123,0.272939,205.419,205.644,202.66,202.66
58.96476984024048,-0.002319150026440621,0.9999847412109375,0.0,4,0.103746,4.0,17097.5,224.624,0.502421,-2.78334,7.12314,19.8678,42.5427,179.065,167.818,125.039,101.501,87.1595,79.1756,72.5364,66.9294,62.1315,56.4714,51.1547,43.4995,33.5348,24.382,17.8118,9.67361,0.251979,205.962,206.129,203.155,203.155
58.98566436767578,-0.00143890937305366,0.9999847412109375,0.0,4,0.104161,4.0,17138.4,225.178,0.4419,-2.76375,7.32853,20.4668,43.9189,177.664,166.211,122.082,99.2299,85.276,77.4988,71.0266,65.5567,60.8733,55.345,50.1492,42.6627,32.9083,23.939,17.4949,9.5068,0.230804,206.505,206.605,203.641,203.641
59.004154443740845,-0.000770227486649528,0.9999847412109375,0.0,4,0.104342,4.0,17175.3,225.733,0.357206,-2.73999,7.53369,21.0516,45.2157,176.286,164.682,119.606,97.2719,83.6224,76.0105,69.6733,64.3163,59.7285,54.3118,49.2193,41.8793,32.3118,23.5105,17.1847,9.34046,0.209447,207.042,207.085,204.082,204.082
59.0232367515564,-0.0005132399020592372,0.9999847412109375,0.0,4,0.10441,4.0,17214.5,226.284,0.269551,-2.71243,7.73945,21.6311,46.4766,174.917,163.186,117.347,95.4544,82.0704,74.6051,68.3892,63.1341,58.6331,53.3184,48.3214,41.1182,31.7275,23.0872,16.8764,9.17373,0.187923,207.565,207.579,204.546,204.546
59.04574275016785,0.0,0.9999847412109375,0.0,4,0.104448,4.0,17255.0,226.833,0.196892,-2.68711,7.94625,22.2117,47.7337,173.547,161.69,115.134,93.6657,80.5383,73.2154,67.1178,61.9619,57.5459,52.3313,47.4281,40.3597,31.1438,22.6636,16.5673,9.00619,0.166264,208.074,208.079,205.026,205.026
59.06398916244507,0.0,0.9999847412109375,0.0,4,0.104455,4.0,17295.7,227.379,0.143729,-2.66496,8.15386,22.7924,48.9835,172.175,160.196,112.973,91.9092,79.0285,71.8434,65.8604,60.8017,56.4686,51.3516,46.5405,39.6046,30.5614,22.24,16.2578,8.83799,0.144488,208.581,208.578,205.51,205.51
59.08588933944702,0.0007577186639606951,0.9999847412109375,0.0,4,0.104433,4.0,17336.5,227.924,0.0979466,-2.64265,8.36208,23.3729,50.2252,170.801,158.703,110.853,90.1787,77.5374,70.4863,64.6151,59.6511,55.3992,50.3784,45.6577,38.8525,29.9802,21.8164,15.9478,8.66925,0.122618,209.087,209.078,205.995,205.995
59.10567045211792,0.0018012582228984682,0.9999847412109375,0.0,4,0.104374,4.0,17376.9,228.467,0.0641313,-2.62218,8.57067,23.9516,51.453,169.428,157.216,108.791,88.4852,76.0732,69.1509,63.3877,58.5151,54.3422,49.4151,44.7828,38.1057,29.4015,21.3938,15.638,8.50014,0.100666,209.591,209.573,206.476,206.476
59.124104022979736,0.00328198968321085,0.9999847412109375,0.0,4,0.104241,4.0,17415.9,229.01,0.0322427,-2.60234,8.77906,24.5239,52.6463,168.059,155.752,106.849,86.8696,74.6655,67.8617,62.1984,57.4118,53.3131,48.4744,43.9262,37.3717,28.83,20.9744,15.3296,8.331,0.0786489,210.098,210.064,206.94,206.94
59.14417386054993,0.004502368358584742,0.9999847412109375,0.0,4,0.104021,4.0,17454.9,229.551,-0.000978555,-2.58065,8.98678,25.0871,53.7943,166.697,154.319,105.045,85.3449,73.3244,66.6272,61.0551,56.3473,52.3172,47.561,43.0917,36.6534,28.2675,20.5595,15.0232,8.1621,0.0565921,210.606,210.551,207.403,207.403
59.16376280784607,0.0067003373056650165,0.9999847412109375,0.0,4,0.103667,4.0,17494.6,230.089,-0.0362476,-2.56036,9.19315,25.6352,54.8702,165.349,152.939,103.455,83.9599,72.0857,65.477,59.9822,55.3424,51.3725,46.6897,42.2916,35.9598,27.7193,20.1517,14.7204,7.99379,0.0345074,211.116,211.032,207.874,207.874
59.184189558029175,0.0075370088219642644,0.9999847412109375,0.0,4,0.103132,4.0,17534.3,230.626,-0.0824939,-2.54153,9.39722,26.1612,55.844,164.021,151.637,102.155,82.7645,70.986,64.4411,59.0053,54.4188,50.4977,45.8759,41.5385,35.2998,27.1909,19.7542,14.4227,7.82656,0.0124251,211.63,211.505,208.346,208.346
59.20420503616333,0.009357982873916626,0.9999847412109375,0.0,4,0.102438,4.0,17573.8,231.161,-0.141834,-2.5251,9.59883,26.6657,56.7217,162.711,150.402,101.109,81.7331,70.0059,63.5033,58.1101,53.5648,49.6826,45.1113,40.8256,34.6689,26.6795,19.3656,14.1298,7.66043,-0.00962385,212.141,211.978,208.816,208.816
59.224807262420654,0.009357982873916626,0.9999847412109375,0.0,4,0.101624,4.0,17613.2,231.694,-0.203174,-2.51088,9.79822,27.1521,57.5218,161.413,149.215,100.25,80.8202,69.1109,62.6349,57.2725,52.7596,48.9095,44.3809,40.1406,34.058,26.1801,18.9833,13.8401,7.4952,-0.0316277,212.645,212.454,209.284,209.284
59.24587082862854,0.01034228540956974,0.9999847412109375,0.0,4,0.100744,4.0,17652.7,232.226,-0.263188,-2.49742,9.99568,27.6254,58.271,160.119,148.048,99.4865,79.9658,68.2579,61.8003,56.4629,51.9776,48.156,43.667,39.4692,33.4569,25.6866,18.6044,13.5526,7.33075,-0.0535532,213.142,212.935,209.752,209.752
59.26379370689392,0.011375798285007477,0.9999847412109375,0.0,4,0.0998122,4.0,17692.2,232.755,-0.311309,-2.48614,10.1912,28.0865,58.975,158.828,146.895,98.8019,79.1572,67.436,60.9906,55.6737,51.2128,47.4172,42.9649,38.8074,32.8629,25.1977,18.2282,13.2667,7.16711,-0.0753852,213.636,213.416,210.222,210.222
59.283474922180176,0.012458521500229837,0.9999847412109375,0.0,4,0.0988032,4.0,17730.9,233.283,-0.355026,-2.47453,10.3842,28.5317,59.6192,157.543,145.765,98.2442,78.4246,66.6673,60.2236,54.9196,50.4775,46.7038,42.2836,38.1627,32.2813,24.7164,17.8566,12.9836,7.00458,-0.0970985,214.13,213.893,210.683,210.683
59.303752422332764,0.012458521500229837,0.9999847412109375,0.0,4,0.0977046,4.0,17769.2,233.81,-0.398061,-2.46177,10.5743,28.9587,60.1965,156.266,144.662,97.8434,77.7848,65.9631,59.5084,54.2077,49.7779,46.0206,41.6271,37.5383,31.7145,24.2443,17.4901,12.7037,6.84333,-0.11868,214.625,214.367,211.139,211.139
59.32354283332825,0.012458521500229837,0.9999847412109375,0.0,4,0.0965502,4.0,17807.4,234.335,-0.442507,-2.4517,10.7616,29.3709,60.7243,154.992,143.57,97.546,77.2024,65.2969,58.823,53.5207,49.0987,45.3548,40.9848,36.9255,31.1564,23.7779,17.1274,12.4263,6.68335,-0.140099,215.113,214.841,211.592,211.592
59.343977212905884,0.012458521500229837,0.9999847412109375,0.0,4,0.095391,4.0,17845.5,234.858,-0.478202,-2.44668,10.9469,29.7745,61.2308,153.713,142.468,97.2633,76.6199,64.6279,58.1342,52.8299,48.416,44.686,40.3401,36.3109,30.5974,23.3117,16.7655,12.15,6.52436,-0.161357,215.594,215.321,212.046,212.046
59.36379051208496,0.012458521500229837,0.9999847412109375,0.0,4,0.094238,4.0,17885.1,235.379,-0.503714,-2.44229,11.13,30.1704,61.721,152.429,141.352,96.9769,76.026,63.9476,57.4352,52.1302,47.7257,44.0106,39.6901,35.6923,30.036,22.8449,16.4042,11.8747,6.36643,-0.182437,216.074,215.802,212.51,212.51
59.383965730667114,0.012458521500229837,0.9999847412109375,0.0,4,0.0930864,4.0,17925.6,235.897,-0.523439,-2.44634,11.311,30.5581,62.1925,151.141,140.224,96.697,75.4263,63.2602,56.7294,51.4244,47.0301,43.3307,39.0367,35.0712,29.4734,22.3782,16.0439,11.6006,6.20964,-0.203332,216.551,216.279,212.997,212.997
59.40415000915527,0.012458521500229837,0.9999847412109375,0.0,4,0.0919353,4.0,17963.3,236.415,-0.53792,-2.44725,11.4896,30.9375,62.6457,149.848,139.086,96.4266,74.8224,62.5665,56.0176,50.7133,46.3298,42.6468,38.3803,34.448,28.9099,21.912,15.6848,11.328,6.05403,-0.224037,217.028,216.756,213.445,213.445
59.425806283950806,0.012458521500229837,0.9999847412109375,0.0,4,0.0907866,4.0,18000.2,236.933,-0.547847,-2.44423,11.666,31.3087,63.0818,148.55,137.938,96.1633,74.2122,61.8652,55.2987,49.9958,45.6242,41.9585,37.7204,33.8223,28.3454,21.4462,15.3269,11.0568,5.89966,-0.244546,217.504,217.232,213.885,213.885
59.444457054138184,0.012458521500229837,0.9999847412109375,0.0,4,0.0896432,4.0,18036.9,237.449,-0.554674,-2.44393,11.8402,31.6722,63.5021,147.247,136.778,95.9012,73.5919,61.154,54.5709,49.2708,44.9119,41.2647,37.0565,33.1938,27.7795,20.9806,14.9702,10.787,5.74655,-0.264854,217.976,217.705,214.32,214.32
59.463852405548096,0.012458521500229837,0.9999847412109375,0.0,4,0.0885188,4.0,18073.7,237.963,-0.55701,-2.45086,12.0122,32.0299,63.9147,145.937,135.602,95.6129,72.9448,60.4207,53.8245,48.5301,44.1868,40.5601,36.3841,32.5589,27.2099,20.5139,14.614,10.5183,5.59461,-0.284964,218.445,218.179,214.758,214.758
59.48320126533508,0.012458521500229837,0.9999847412109375,0.0,4,0.0874039,4.0,18114.4,238.473,-0.556474,-2.46055,12.1821,32.3804,64.3145,144.622,134.416,95.3182,72.2826,59.6737,53.0664,47.7794,43.4537,39.8489,35.7067,31.9204,26.6385,20.0475,14.259,10.2511,5.44395,-0.304868,218.915,218.653,215.23,215.23
59.504599809646606,0.012458521500229837,0.9999847412109375,0.0,4,0.0862757,4.0,18155.4,238.98,-0.559982,-2.48536,12.3494,32.7211,64.6905,143.304,133.225,95.0658,71.6325,58.9316,52.3111,47.0309,42.722,39.1392,35.0308,31.2836,26.0691,19.5832,13.9062,9.9859,5.29469,-0.324568,219.383,219.118,215.729,215.729
59.52573037147522,0.012458521500229837,0.9999847412109375,0.0,4,0.0851356,4.0,18191.1,239.49,-0.563909,-2.49994,12.5142,33.0522,65.0434,141.982,132.03,94.8569,70.9937,58.193,51.5577,46.2838,41.9916,38.4306,34.3561,30.6482,25.5015,19.1211,13.5556,9.72269,5.14683,-0.34406,219.855,219.587,216.154,216.154
59.54557180404663,0.012458521500229837,0.9999847412109375,0.0,4,0.0839888,4.0,18226.7,239.999,-0.567334,-2.50672,12.6765,33.3744,65.3771,140.658,130.828,94.6813,70.3588,57.4539,50.8026,45.5347,41.2592,37.7206,33.6808,30.0128,24.9347,18.6606,13.2069,9.46131,5.00032,-0.363348,220.324,220.055,216.577,216.577
59.56313920021057,0.012458521500229837,0.9999847412109375,0.0,4,0.0828449,4.0,18261.9,240.507,-0.570441,-2.51844,12.8365,33.6889,65.6956,139.328,129.618,94.5238,69.7183,56.706,50.0397,44.7789,40.5219,37.0065,33.0025,29.3755,24.3675,18.2011,12.8599,9.2017,4.8552,-0.382422,220.787,220.517,216.995,216.995
59.58445358276367,0.012458521500229837,0.9999847412109375,0.0,4,0.0817248,4.0,18297.6,241.012,-0.569044,-2.53793,12.9945,33.9987,66.0115,137.991,128.393,94.3296,69.0416,55.9306,49.2542,44.0047,39.7692,36.2799,32.3147,28.7313,23.7964,17.7407,12.5137,8.9434,4.71136,-0.401287,221.247,220.983,217.42,217.42
59.603713035583496,0.012458521500229837,0.9999847412109375,0.0,4,0.0806128,4.0,18342.3,241.509,-0.566075,-2.56699,13.1502,34.3019,66.3159,136.649,127.159,94.1368,68.3491,55.141,48.4567,43.2207,39.0084,35.5469,31.6225,28.0841,23.2243,17.281,12.169,8.68683,4.56891,-0.419938,221.709,221.449,217.937,217.937
59.62571620941162,0.013590455055236816,0.9999847412109375,0.0,4,0.079478,4.0,18381.2,242.009,-0.570214,-2.61245,13.3032,34.5941,66.5934,135.305,125.924,94.0303,67.6838,54.3644,47.6681,42.4432,38.2534,34.8189,30.9345,27.4409,22.6558,16.8246,11.8272,8.43262,4.42797,-0.438375,222.169,221.904,218.414,218.414
59.646648645401,0.018610292673110963,0.9999847412109375,0.0,4,0.0782477,4.0,18414.9,242.511,-0.574126,-2.64063,13.4522,34.8656,66.8077,133.968,124.708,94.2138,67.1463,53.6647,46.9373,41.7113,37.5352,34.1216,30.2714,26.8178,22.102,16.3776,11.4913,8.18229,4.28889,-0.456586,222.641,222.355,218.814,218.814
59.66444945335388,0.025992322340607645,0.9999847412109375,0.0,4,0.0767204,4.0,18449.2,243.01,-0.594595,-2.65653,13.5938,35.0885,66.8576,132.661,123.563,95.3037,67.0334,53.2265,46.4038,41.1342,36.9419,33.5275,29.6894,26.2589,21.5926,15.9564,11.1692,7.93981,4.15258,-0.474544,223.132,222.782,219.221,219.221
59.68456745147705,0.029289606586098672,0.9999847412109375,0.0,4,0.0746724,4.0,18483.5,243.508,-0.664725,-2.68426,13.7237,35.2316,66.6355,131.411,122.543,98.1785,67.7286,53.2785,46.2365,40.8411,36.576,33.1198,29.2537,25.8144,21.1613,15.5789,10.8698,7.70971,4.02021,-0.492189,223.635,223.172,219.629,219.629
59.70409655570984,0.029289606586098672,0.9999847412109375,0.0,4,0.0721561,4.0,18518.8,244.001,-0.795802,-2.71658,13.8421,35.3014,66.1788,130.208,121.62,103.204,69.2975,53.8311,46.433,40.8255,36.4288,32.8894,28.9545,25.4758,20.8014,15.2415,10.5915,7.49134,3.89193,-0.509458,224.139,223.568,220.047,220.047
59.72557616233826,0.03101206421852112,0.9999847412109375,0.0,4,0.0693785,4.0,18569.7,244.48,-0.955445,-2.77321,13.9518,35.3257,65.5985,129.027,120.731,109.777,71.5966,54.7613,46.89,40.9995,36.4264,32.7735,28.7419,25.2033,20.4855,14.9289,10.327,7.28152,3.76738,-0.5263,224.621,223.984,220.644,220.644
59.74413871765137,0.03101206421852112,0.9999847412109375,0.0,4,0.066384,4.0,18604.9,244.969,-1.11007,-2.8373,14.0532,35.3108,64.9237,127.86,119.862,110.883,74.7575,56.101,47.6174,41.3652,36.5668,32.7682,28.6107,24.9916,20.2095,14.6391,10.0756,7.0799,3.64669,-0.542671,225.09,224.4,221.074,221.074
59.766584157943726,0.03101206421852112,0.9999847412109375,0.0,4,0.0632722,4.0,18637.1,245.458,-1.25022,-2.87775,14.1473,35.2697,64.2037,126.696,118.988,111.043,78.847,57.8326,48.5872,41.8928,36.8224,32.8492,28.5413,24.8251,19.9626,14.3661,9.83457,6.88555,3.52995,-0.55852,225.555,224.834,221.455,221.455
59.78563070297241,0.03101206421852112,0.9999847412109375,0.0,4,0.0601479,4.0,18669.6,245.944,-1.35702,-2.90127,14.2356,35.2155,63.4863,125.524,118.087,110.866,83.9185,59.9132,49.7523,42.5409,37.1578,32.9863,28.5091,24.6846,19.7322,14.1039,9.60151,6.69748,3.4172,-0.573799,226.006,225.278,221.842,221.842
59.80586528778076,0.03101206421852112,0.9999847412109375,0.0,4,0.0570895,4.0,18702.1,246.429,-1.43002,-2.93401,14.3191,35.158,62.8019,124.336,117.146,110.474,90.0619,62.3106,51.0738,43.2734,37.5422,33.154,28.4948,24.5554,19.5091,13.8478,9.37456,6.51503,3.30847,-0.58848,226.439,225.724,222.227,222.227
59.824270725250244,0.03101206421852112,0.9999847412109375,0.0,4,0.054126,4.0,18735.1,246.912,-1.46367,-2.95739,14.3981,35.1001,62.1584,123.129,116.166,109.93,97.5227,65.0411,52.5454,44.0799,37.9662,33.3441,28.4916,24.4325,19.2903,13.5968,9.15346,6.33819,3.20385,-0.602549,226.872,226.178,222.62,222.62
59.84590148925781,0.03101206421852112,0.9999847412109375,0.0,4,0.0511815,4.0,18779.3,247.384,-1.48657,-2.99906,14.4714,35.0326,61.5233,121.913,115.161,109.294,102.848,68.3251,54.2868,45.0369,38.4824,33.5959,28.5282,24.337,19.0891,13.3578,8.94149,6.16858,3.1037,-0.615992,227.309,226.621,223.143,223.143
59.86402630805969,0.029289606586098672,0.9999847412109375,0.0,4,0.0482013,4.0,18812.4,247.863,-1.51089,-3.03443,14.5382,34.9488,60.8744,120.693,114.145,108.601,103.308,72.4455,56.4357,46.2235,39.1438,33.947,28.6295,24.2862,18.916,13.1357,8.74087,6.00725,3.00824,-0.628805,227.751,227.057,223.539,223.539
59.88359260559082,0.025992322340607645,0.9999847412109375,0.0,4,0.0452825,4.0,18845.3,248.34,-1.53028,-3.05862,14.6001,34.8609,60.2486,119.459,113.1,107.836,103.193,77.4146,58.9396,47.5868,39.9037,34.3589,28.7664,24.2584,18.7572,12.9241,8.54887,5.85301,2.91731,-0.640981,228.188,227.506,223.93,223.93
59.90562343597412,0.02141547352075577,0.9999847412109375,0.0,4,0.0425722,4.0,18876.8,248.817,-1.52396,-3.07454,14.6594,34.7862,59.6962,118.199,112.006,106.973,102.76,83.0055,61.6091,48.9857,40.6582,34.7528,28.8833,24.214,18.5896,12.7121,8.36084,5.70375,2.83046,-0.652533,228.607,227.97,224.305,224.305
59.92568302154541,0.016001953184604647,0.9999847412109375,0.0,4,0.0402505,4.0,18907.6,249.292,-1.47702,-3.08552,14.7194,34.7457,59.2754,116.899,110.84,105.988,102.064,88.5731,64.0589,50.1757,41.2409,35.0094,28.8997,24.0978,18.3815,12.4856,8.17088,5.55674,2.74706,-0.663491,229.007,228.455,224.671,224.671
59.94432020187378,0.012458521500229837,0.9999847412109375,0.0,4,0.0384318,4.0,18939.4,249.764,-1.37344,-3.09057,14.7825,34.7526,59.0182,115.55,109.589,104.868,101.136,93.2721,65.8755,50.9217,41.5038,35.0282,28.7516,23.8681,18.1104,12.2348,7.97475,5.40992,2.66647,-0.673912,229.39,228.953,225.046,225.046
59.964864015579224,0.009357982873916626,0.9999847412109375,0.0,4,0.0370991,4.0,18972.0,250.232,-1.22322,-3.09754,14.849,34.8055,58.9144,114.154,108.26,103.63,100.024,93.9922,66.8639,51.1409,41.4071,34.7884,28.4298,23.5209,17.7759,11.96,7.77239,5.26296,2.58832,-0.68386,229.77,229.446,225.436,225.436
59.985830307006836,0.0075370088219642644,0.9999847412109375,0.0,4,0.0361668,4.0,19003.8,250.698,-1.04732,-3.10253,14.9181,34.8955,58.9325,112.721,106.868,102.301,98.7743,93.2085,67.0499,50.8755,40.9909,34.3246,27.962,23.0772,17.3907,11.6668,7.56591,5.1165,2.5124,-0.693399,230.155,229.926,225.813,225.813
60.004721879959106,0.005174625292420388,0.9999847412109375,0.0,4,0.0354831,4.0,19035.6,251.16,-0.867305,-3.10619,14.9882,35.0065,59.0223,111.262,105.436,100.915,97.4443,92.1204,66.6991,50.299,40.3751,33.7239,27.4069,22.5776,16.9778,11.3653,7.35887,4.97174,2.43853,-0.702602,230.552,230.386,226.192,226.192
60.025686264038086,0.002713725343346596,0.9999847412109375,0.0,4,0.0350086,4.0,19067.5,251.619,-0.712562,-3.11231,15.0591,35.1354,59.1719,109.781,103.972,99.4831,96.0487,90.8479,65.8638,49.4502,39.5879,33.0074,26.7789,22.0317,16.5424,11.0571,7.15157,4.82847,2.36639,-0.711528,230.952,230.836,226.571,226.571
60.0447735786438,0.0010401908308267595,0.9999847412109375,0.0,4,0.0347511,4.0,19099.4,252.075,-0.566441,-3.11884,15.1316,35.2846,59.3865,108.278,102.472,98.0029,94.5865,89.4094,64.5053,48.3111,38.6187,32.1676,26.0733,21.4359,16.0819,10.7405,6.94262,4.68571,2.29543,-0.720246,231.348,231.282,226.95,226.95
60.06578826904297,0.0,0.9999847412109375,0.0,4,0.0346844,4.0,19132.2,252.526,-0.432604,-3.12802,15.2059,35.4525,59.6596,106.754,100.942,96.4801,93.0654,87.8228,62.6918,46.9226,37.4943,31.223,25.3015,20.7975,15.5996,10.4161,6.73193,4.54308,2.22531,-0.728808,231.743,231.723,227.34,227.34
60.08579111099243,-0.0004978239536285401,0.9999847412109375,0.0,4,0.0347573,4.0,19164.0,252.974,-0.309753,-3.13845,15.2815,35.6346,59.9766,105.212,99.3882,94.9248,91.4995,86.1062,60.5654,45.363,36.2631,30.2062,24.4842,20.1299,15.1023,10.0864,6.51997,4.40048,2.15573,-0.73727,232.14,232.153,227.717,227.717
60.1058464050293,-0.0010389462113380432,0.9999847412109375,0.0,4,0.0348832,4.0,19195.2,253.418,-0.205129,-3.148,15.3574,35.8215,60.3092,103.661,97.8226,93.3549,89.9138,84.2989,58.3493,43.7553,35.0037,29.1712,23.656,19.4557,14.6024,9.75645,6.30849,4.25851,2.08661,-0.745664,232.543,232.571,228.088,228.088
60.1238968372345,-0.0010389462113380432,0.9999847412109375,0.0,4,0.0350415,4.0,19226.0,253.859,-0.128187,-3.15634,15.4335,36.0116,60.6525,102.102,96.2478,91.7737,88.3131,82.3638,56.0915,42.1265,33.7311,28.1277,22.8227,18.7785,14.1013,9.42645,6.09733,4.11687,2.01775,-0.754021,232.946,232.982,228.455,228.455
60.144296646118164,-0.0010389462113380432,0.9999847412109375,0.0,4,0.0352208,4.0,19256.6,254.296,-0.0655953,-3.16361,15.51,36.2043,61.0033,100.535,94.6652,90.1833,86.6998,80.1145,53.8211,40.4894,32.4533,27.0805,21.9871,18.0999,13.5994,9.09617,5.88613,3.97527,1.94893,-0.762371,233.347,233.388,228.819,228.819
60.164236545562744,-0.0010389462113380432,0.9999847412109375,0.0,4,0.0353896,4.0,19287.2,254.73,-0.0206809,-3.16956,15.5863,36.396,61.3513,98.9641,93.0793,88.5901,85.0831,76.7008,51.6006,38.8801,31.1929,26.0453,21.1594,17.4265,13.1005,8.76715,5.67541,3.83387,1.88014,-0.770723,233.748,233.788,229.181,229.181
60.185651779174805,-0.0004978239536285401,0.9999847412109375,0.0,4,0.0355403,4.0,19317.6,255.159,0.00901343,-3.17521,15.6625,36.5861,61.6942,97.3886,91.4908,86.9952,83.4646,73.2847,49.4371,37.3016,29.9516,25.0229,20.3397,16.7583,12.6041,8.43901,5.46487,3.69243,1.81123,-0.779095,234.147,234.182,229.543,229.543
60.20568823814392,0.0013847589492797852,0.8901824951171875,0.0901947021484375,4,0.0356318,4.0,19347.6,255.586,0.0278151,-3.18013,15.738,36.7698,62.0175,95.8127,89.9056,85.4072,81.8571,70.1464,47.3975,35.792,28.754,24.0306,19.5395,16.103,12.1147,8.11364,5.25528,3.55127,1.74225,-0.787489,234.547,234.569,229.901,229.901
60.22408413887024,0.0075370088219642644,0.494110107421875,0.3019561767578125,4,0.035618,4.0,19267.9,255.779,0.0281298,-3.18302,15.8118,36.941,62.3042,94.2409,88.3309,83.8366,80.2765,67.4211,45.545,34.3894,27.6251,23.0859,18.7703,15.4685,11.6369,7.79334,5.04765,3.4109,1.67335,-0.795897,233.302,233.302,228.968,228.968
60.245654582977295,0.011375798285007477,0.054901123046875,0.4509735107421875,4,0.035237,4.0,18954.4,255.167,0.0125419,-3.18201,15.879,37.067,62.4593,92.7001,86.8074,82.3416,78.8103,66.041,44.3046,33.3354,26.7212,22.2988,18.106,14.9056,11.2,7.49163,4.84801,3.27425,1.60529,-0.804267,229.299,229.226,225.285,225.285
60.26447582244873,0.012458521500229837,0.0,0.5450897216796875,4,0.0344197,4.0,18556.5,253.59,-0.0725305,-3.17709,15.9376,37.137,62.4548,91.2027,85.3506,80.9421,77.4844,66.3046,43.7872,32.6885,26.08,21.6955,17.5639,14.4267,10.8118,7.2131,4.65898,3.14296,1.53881,-0.812516,225.279,225.111,220.489,220.729
60.28405833244324,0.012458521500229837,0.0,0.603912353515625,4,0.033364,4.0,18315.6,251.479,-0.184921,-3.15623,15.9904,37.174,62.36,89.7358,83.9361,79.5987,76.2348,67.6671,43.7015,32.2732,25.5848,21.1941,17.0903,13.9957,10.4527,6.94958,4.47775,3.0162,1.47414,-0.820573,221.735,221.494,217.567,217.956
60.305278062820435,0.012458521500229837,0.0,0.64312744140625,4,0.0321981,4.0,18101.8,249.131,-0.296883,-3.11516,16.0392,37.1929,62.2208,88.2895,82.5473,78.2859,75.0204,69.1742,43.8675,31.9807,25.1639,20.7439,16.6513,13.5897,10.1099,6.69582,4.30242,2.89328,1.41129,-0.82841,218.664,218.371,215.024,215.427
60.32548952102661,0.012458521500229837,0.0,0.682342529296875,4,0.0309779,4.0,17890.8,246.649,-0.395391,-3.0541,16.0848,37.2001,62.056,86.8604,81.1774,76.9929,73.8248,68.7671,44.2297,31.7718,24.7913,20.3269,16.2358,13.2016,9.78002,6.45067,4.13286,2.77439,1.3505,-0.835989,215.807,215.475,212.516,212.927
60.34615135192871,0.011375798285007477,0.0,0.698028564453125,4,0.0297343,4.0,17675.3,244.07,-0.477623,-2.97653,16.1276,37.1992,61.8769,85.446,79.8227,75.7142,72.6395,68.0563,44.7571,31.6238,24.4506,19.9314,15.8358,12.826,9.46009,6.21299,3.96865,2.65936,1.29177,-0.843304,212.688,212.327,209.954,210.373
60.36558985710144,0.0067003373056650165,0.0,0.7097930908203125,4,0.0285417,4.0,17469.4,241.432,-0.541116,-2.8899,16.1686,37.1986,61.7077,84.0408,78.474,74.4368,71.4469,67.1965,45.3208,31.4663,24.1006,19.5304,15.4346,12.4525,9.14474,5.98077,3.80918,2.54805,1.23519,-0.850337,209.731,209.351,207.5,207.933
60.38435173034668,0.0022215262055397035,0.0,0.713714599609375,4,0.0275914,4.0,17266.2,238.772,-0.574448,-2.80436,16.2114,37.2215,61.6132,82.6284,77.1068,73.1269,70.2015,66.1583,45.4531,31.0786,23.6131,19.0407,14.9814,12.0481,8.81637,5.74641,3.65132,2.43904,1.18042,-0.857101,206.658,206.288,205.054,205.541
60.40440320968628,0.0010401908308267595,0.0,0.713714599609375,4,0.0270993,4.0,17066.8,236.105,-0.544215,-2.71943,16.26,37.2939,61.6648,81.1906,75.6941,71.7477,68.8554,64.8866,44.5378,30.1967,22.8434,18.3712,14.4206,11.5774,8.45604,5.50174,3.49157,2.33063,1.127,-0.863632,203.621,203.304,202.643,203.223
60.42427611351013,0.0007448330521583557,0.0,0.70587158203125,4,0.0270292,4.0,16867.8,233.449,-0.439941,-2.64616,16.3141,37.4124,61.8893,79.7302,74.2415,70.3077,67.4212,63.4199,42.6293,28.868,21.8244,17.545,13.7673,11.0502,8.06884,5.2485,3.33027,2.22273,1.0747,-0.869969,200.615,200.37,200.23,200.906
60.4460768699646,0.0007448330521583557,0.0,0.7019500732421875,4,0.0271975,4.0,16674.6,230.819,-0.309028,-2.58932,16.3707,37.5557,84.0868,78.2632,72.7729,68.8403,65.9438,61.8389,40.2403,27.3307,20.6935,16.6511,13.0765,10.5019,7.67341,4.99435,3.17034,2.11652,1.02364,-0.876127,197.753,197.575,197.902,198.638
60.46558856964111,0.0007558379605039954,0.0,0.690185546875,4,0.0274379,4.0,16481.4,228.227,-0.191911,-2.52765,16.4274,37.7051,82.6656,76.8033,71.3092,67.3743,64.4624,60.2088,37.7927,25.7739,19.5563,15.7565,12.3883,9.95747,7.28228,4.74388,3.01315,2.0123,0.973632,-0.882152,194.418,194.754,195.583,196.369
60.4840521812439,0.0018429056405245014,0.0,0.682342529296875,4,0.0276877,4.0,16284.6,225.657,-0.100913,-2.47974,16.4834,37.8538,81.2549,75.3555,69.8582,65.9203,62.9912,58.5438,35.4224,24.2591,18.4472,14.8827,11.7152,9.4245,6.89902,4.49827,2.85892,1.91,0.924535,-0.888068,192.125,192.101,192.928,194.213
60.503682136535645,0.0040659881872683774,0.0,0.6784210205078125,4,0.0279104,4.0,16090.5,223.128,-0.0292372,-2.47239,16.5382,37.9975,79.8565,73.9228,68.4242,64.4845,61.5386,56.8401,33.1887,22.8132,17.381,14.0391,11.0626,8.90626,6.52513,4.25791,2.70765,1.80953,0.876239,-0.893893,189.562,189.352,190.654,192.06
60.525829553604126,0.007223186960083743,0.0,0.6784210205078125,4,0.028033,4.0,15897.6,220.636,0.0185912,-2.45423,16.5905,38.1278,78.4739,72.5113,67.0161,63.0794,60.1228,55.1208,31.1926,21.4839,16.385,13.2431,10.4415,8.40971,6.16417,4.02413,2.55977,1.71101,0.828706,-0.899637,186.789,186.447,188.427,189.891
60.54456400871277,0.0073608788917151596,0.0,0.67449951171875,4,0.0280234,4.0,15722.9,218.17,0.0478541,-2.43139,16.6397,38.2401,77.1092,71.1237,65.6381,61.7111,58.7527,53.3702,29.4486,20.2797,15.4655,12.4993,9.85448,7.93668,5.81723,3.79752,2.41556,1.6146,0.781995,-0.905295,183.447,183.393,186.5,187.658
60.563953161239624,0.00843422691381226,0.0,0.67449951171875,4,0.0278317,4.0,15540.5,215.715,0.0345915,-2.42578,16.685,38.3285,75.7651,69.7641,64.296,60.388,57.441,51.5317,27.9948,19.2184,14.6321,11.8139,9.30582,7.48992,5.48583,3.5787,2.2753,1.52042,0.736139,-0.910865,180.541,180.539,184.406,185.435
60.58374309539795,0.007635816065824279,0.0,0.67449951171875,4,0.0275237,4.0,15347.8,213.246,0.0036197,-2.39641,16.7274,38.4006,74.4381,68.4268,62.9814,59.0982,56.1709,49.8462,26.7055,18.239,13.8496,11.1638,8.78093,7.06,5.16493,3.36562,2.13819,1.42814,0.691097,-0.916343,178.191,177.812,182.19,183.206
60.60563683509827,0.008744751677277188,0.0,0.6705780029296875,4,0.0272109,4.0,15160.7,210.771,-0.0209536,-2.36862,16.7688,38.4701,73.1225,67.1021,61.6799,57.8213,54.9136,48.1326,25.4093,17.2612,13.0709,10.5183,8.26084,6.63468,4.848,3.15553,2.00315,1.33733,0.646803,-0.921728,176.425,175.339,180.018,181.0
60.624120235443115,0.008897752956363062,0.0,0.666656494140625,4,0.0268733,4.0,14962.2,208.335,-0.0387524,-2.36193,16.8089,38.5343,71.8195,65.7921,60.3942,56.5614,53.6746,46.4963,24.1377,16.3005,12.3059,9.88435,7.75022,6.21725,4.53712,2.94956,1.87082,1.24836,0.603422,-0.927001,174.696,173.055,177.196,178.862
60.64454650878906,0.010115751322824508,0.0,0.6627349853515625,4,0.0264603,4.0,14810.2,205.882,-0.0679155,-2.28818,16.8466,38.5869,70.5318,64.5007,59.1305,55.327,52.4661,45.1879,22.9522,15.3836,11.5694,9.27138,7.25484,5.81137,4.23416,2.74845,1.74145,1.16132,0.560952,-0.932165,172.383,170.835,175.797,176.773
60.66477656364441,0.012629654199319579,0.0,0.6548919677734375,4,0.0259806,4.0,14617.6,203.46,-0.100969,-2.2446,16.8821,38.629,69.2588,63.2272,57.8873,54.1161,51.2857,44.1782,21.8343,14.5009,10.8559,8.67573,6.7725,5.41569,3.93846,2.55197,1.615,1.07623,0.519418,-0.937216,170.954,168.54,173.358,174.655
60.6840295791626,0.016865981231133143,0.0,0.650970458984375,4,0.0254361,4.0,14501.3,201.078,-0.122132,-2.17168,16.9153,38.6604,68.0004,61.9712,56.6643,52.9283,50.1324,43.4932,20.7787,13.6504,10.1644,8.09717,6.30329,5.0305,3.65045,2.36056,1.49181,0.993321,0.478954,-0.942137,167.875,166.338,172.214,172.566
60.7041916847229,0.02699509668430934,0.0,0.64312744140625,4,0.0246732,4.0,14315.0,198.735,-0.161421,-2.08077,16.9432,38.6621,66.7651,60.7456,55.48,51.7893,49.0427,43.9258,19.9766,12.9115,9.53883,7.56368,5.86443,4.66698,3.37627,2.177,1.37312,0.913246,0.439762,-0.946911,165.915,164.105,169.55,170.451
60.72413229942322,0.039692340993285176,0.0,0.635284423828125,4,0.023565,4.0,14113.0,196.412,-0.210536,-2.0845,16.9635,38.6184,65.5601,59.5611,54.3489,50.7189,48.0432,43.6761,19.6101,12.3483,9.01203,7.09549,5.46819,4.33318,3.1205,2.00356,1.26011,0.836684,0.402119,-0.951506,163.976,161.939,167.775,168.4
60.7457115650177,0.05773796832905151,0.0,0.635284423828125,4,0.0217912,4.0,13991.0,194.117,-0.312046,-2.066,16.9699,38.4903,64.4035,58.4438,53.3077,49.7658,47.1974,43.4642,20.2673,12.1516,8.67733,6.74849,5.14735,4.04992,2.89447,1.84554,1.15534,0.76504,0.366549,-0.955871,161.814,159.714,166.269,166.367
60.765626192092896,0.07010640442282583,0.0,0.635284423828125,4,0.0191109,4.0,13807.5,191.886,-0.477929,-2.00535,16.9577,38.2498,63.3087,57.4124,52.3803,48.9588,46.5347,43.3599,23.1568,12.5833,8.63921,6.57793,4.93132,3.83493,2.7077,1.70766,1.06133,0.699878,0.333748,-0.959923,159.395,157.079,163.485,164.264
60.78419065475464,0.08721499257490038,0.0,0.635284423828125,4,0.0155141,4.0,13624.8,189.639,-0.732515,-1.98347,16.9262,37.8997,62.2753,56.4647,51.5606,48.283,46.0223,43.3,32.1868,14.0823,9.01323,6.62793,4.83657,3.69571,2.56342,1.5917,0.979396,0.642171,0.304272,-0.963589,157.538,154.207,161.786,161.913
60.80418801307678,0.11022429228052498,0.0,0.62744140625,3,0.0110156,4.0,13483.5,187.42,-1.04429,-1.96866,16.8756,37.4467,61.3014,55.5958,50.8386,47.7188,45.6258,43.2627,40.6464,18.0941,10.0962,7.00194,4.90013,3.64896,2.46855,1.5009,0.911463,0.593258,0.278817,-0.966781,153.863,151.003,161.087,159.542
60.82413077354431,0.12772683446584893,0.0,0.6235198974609375,3,0.00552862,3.0,16450.1,185.313,-1.42242,-1.9725,16.8043,36.8879,60.39,54.8078,50.2139,47.2601,45.3321,43.2591,41.3034,33.1864,12.8711,7.98412,5.21348,3.73352,2.43752,1.44065,0.8601,0.554652,0.258048,-0.969421,151.677,147.8,159.396,158.82
60.8456027507782,0.15577086906790735,0.0,0.5423860850906805,3,-0.000636403,3.0,16380.6,183.272,-1.79383,-1.94,16.7173,36.2646,59.5218,54.0722,49.6457,46.8525,45.074,43.2278,41.6175,39.4326,21.2085,10.2033,5.91035,3.9917,2.48226,1.41523,0.827726,0.527988,0.242803,-0.971404,148.316,144.22,158.644,157.127
60.863752365112305,0.17681168385406335,0.0,0.5319566011404041,3,-0.00717336,3.0,16024.7,181.333,-2.12099,-1.94014,16.6196,35.6133,58.6794,53.3632,49.0996,46.4543,44.8041,43.1367,41.7455,40.0552,37.5712,15.9721,7.29869,4.50421,2.62285,1.43087,0.8173,0.515054,0.23388,-0.972635,147.206,143.086,156.172,154.201
60.884042501449585,0.21028616251178084,0.0,0.512102217148586,3,-0.0146726,3.0,15798.3,179.258,-2.48443,-1.87166,16.5014,34.8792,57.8921,52.7211,48.6269,46.1271,44.5962,43.085,41.8612,40.4559,38.7273,36.0157,10.7893,5.58802,2.93599,1.5081,0.836058,0.519185,0.232265,-0.973032,146.487,141.917,153.772,151.388
60.90406370162964,0.2353039928960055,0.0,0.49659658589860045,3,-0.0236457,3.0,15599.1,177.238,-2.97456,-1.9034,16.3552,34.0252,57.1827,52.1753,48.2624,45.9095,44.4928,43.1217,42.0391,40.8359,39.4589,37.776,27.3778,8.2527,3.5739,1.67675,0.892877,0.544132,0.238975,-0.97251,144.544,140.687,152.35,149.249
60.923768281936646,0.2619100508407379,0.0,0.48047562408153327,3,-0.0341581,3.0,15400.8,175.275,-3.61133,-1.86649,16.181,33.0635,56.5492,51.7204,47.9965,45.7882,44.4783,43.2307,42.2648,41.2174,40.0608,38.751,36.4369,18.3864,4.887,1.98186,0.998983,0.594389,0.255232,-0.970965,142.245,139.289,150.302,147.201
60.94462728500366,0.290170472148334,0.0,0.46673351125453016,3,-0.0459569,3.0,15219.6,173.338,-4.33635,-1.893,15.9844,32.0346,55.9738,51.3306,47.7954,45.7239,44.5103,43.369,42.4981,41.5698,40.5697,39.4753,37.7151,35.0383,7.96657,2.49578,1.16761,0.674393,0.282003,-0.968328,140.113,137.68,149.075,145.189
60.96417737007141,0.3200673740766943,0.0,0.45219563175848243,3,-0.0590957,3.0,14974.9,171.452,-5.18013,-1.94665,15.7657,30.9498,55.454,51.0016,47.6514,45.7106,44.584,43.5351,42.7432,41.9094,41.0256,40.0807,38.6214,36.6604,19.8722,3.3787,1.42196,0.791278,0.320696,-0.964504,139.114,135.663,146.677,143.185
60.98474836349487,0.3373416622956594,0.0,0.44379571389712413,3,-0.0735901,3.0,14800.9,169.615,-6.1543,-1.98357,15.5268,29.8237,54.9849,50.7262,47.5556,45.7393,44.6914,43.7235,42.9987,42.2421,41.4491,40.6136,39.3559,37.7482,33.7634,5.01084,1.7968,0.953659,0.37254,-0.959443,136.547,133.173,145.396,141.245
61.004151821136475,0.3479509840204753,0.0,0.4386367498967818,3,-0.0882228,3.0,14661.9,167.778,-7.01298,-1.90652,15.2849,28.7488,54.5114,50.4329,47.4241,45.7168,44.7383,43.8377,43.1673,42.4718,41.7482,40.9929,39.873,38.4813,35.3603,8.29883,2.32959,1.16889,0.43874,-0.953051,134.147,130.625,144.029,139.266
61.02377223968506,0.35139952194202684,0.0,0.43695983939745314,3,-0.103365,3.0,14487.2,165.972,-7.93544,-1.88792,15.0356,27.6988,54.0488,50.1424,47.2837,45.6745,44.7579,43.9178,43.2939,42.6494,41.9825,41.291,40.2758,39.0357,36.3874,17.4389,3.09772,1.44947,0.520285,-0.945338,131.344,128.127,142.298,137.332
61.0458345413208,0.36230275610220936,0.0,0.43165795545249624,3,-0.118332,3.0,14281.4,164.134,-8.73519,-1.86683,14.7875,26.7123,53.5704,49.8216,47.0974,45.5741,44.7106,43.9224,43.3393,42.7378,42.1172,41.4766,40.5426,39.4142,37.0712,30.3173,4.20284,1.80651,0.618053,-0.93627,129.417,126.115,140.62,135.333
61.06315755844116,0.38106812005922197,0.0,0.4225329765312609,3,-0.133356,3.0,14102.0,162.287,-9.45558,-1.80579,14.5374,25.7697,53.0871,49.4853,46.8841,45.4379,44.6213,43.8785,43.3306,42.7672,42.1872,41.5895,40.7219,39.682,37.5611,32.1235,5.85467,2.25939,0.733359,-0.925832,127.524,124.074,139.264,133.434
61.083874225616455,0.39250853755300247,0.0,0.41696987800996277,3,-0.148788,3.0,13888.8,160.48,-10.2315,-1.77104,14.2816,24.8501,52.6121,49.1509,46.6652,45.2899,44.5161,43.8142,43.2976,42.7678,42.2239,41.665,40.8554,39.8893,37.9435,33.2415,8.51131,2.83765,0.86784,-0.914015,125.916,121.896,136.965,131.685
61.10434412956238,0.40421998583341645,0.0,0.41127498613679025,3,-0.164877,3.0,13705.3,158.652,-11.0317,-1.7168,14.0184,23.9429,52.1533,48.829,46.4533,45.1446,44.4103,43.7458,43.2579,42.7584,42.2467,41.7222,40.9651,40.0645,38.2641,34.0714,13.3563,3.58504,1.02327,-0.900836,124.573,119.41,135.176,130.223
61.124131202697754,0.4161276135619729,0.0,0.4054846986542823,3,-0.180788,3.0,13553.2,156.84,-11.7196,-1.612,13.7562,23.0842,51.6824,48.4842,46.2089,44.9601,44.2614,43.6301,43.1674,42.6945,42.2109,41.7162,41.004,40.16,38.4813,34.6608,23.6142,4.54218,1.20061,-0.886254,122.927,116.694,133.776,128.644
61.14554953575134,0.4281701385974884,0.0,0.3996288150508917,3,-0.19621,3.0,13389.4,155.072,-12.312,-1.52265,13.4974,22.2805,51.1912,48.1071,45.9222,44.7271,44.0597,43.4578,43.0173,42.5677,42.1085,41.6396,40.966,40.1701,38.5957,35.063,26.8603,5.76606,1.40071,-0.870274,120.997,113.862,132.173,127.033
61.163649797439575,0.44884619904164225,0.0,0.3895747273092795,3,-0.210976,3.0,13232.4,153.333,-12.79,-1.43042,13.243,21.5309,50.6768,47.6948,45.5908,44.4435,43.8041,43.2282,42.8072,42.378,41.9403,41.4938,40.8535,40.0989,38.613,35.314,28.2125,7.33261,1.62407,-0.852927,118.847,111.01,130.577,125.415
61.18485474586487,0.4877454719531412,0.0,0.3706592910735671,3,-0.225393,3.0,13066.8,151.617,-13.2235,-1.37781,12.9898,20.8185,50.1507,47.2621,45.2324,44.1286,43.5145,42.9621,42.5587,42.1478,41.7293,41.3028,40.6922,39.974,38.5651,35.4649,29.0842,9.37907,1.87197,-0.834271,116.902,108.443,128.788,123.897
61.20358490943909,0.5192460574478469,0.0,0.35534159303668233,3,-0.239346,3.0,12939.7,149.918,-13.5224,-1.28401,12.7382,20.1426,26.7633,46.8076,44.8455,43.7812,43.19,42.6589,42.2714,41.8771,41.4757,41.0672,40.483,39.7972,38.4559,35.5278,29.676,12.0924,2.14539,-0.81431,114.964,106.254,127.653,122.525
61.22321915626526,0.5422860406314209,0.0,0.3441380074639569,3,-0.252687,3.0,12800.2,148.276,-13.724,-1.2313,12.4888,19.5032,25.3275,46.3284,44.4275,43.3991,42.8286,42.3166,41.9435,41.564,41.1781,40.7857,40.2251,39.568,38.2864,35.5083,30.0696,15.7494,2.44498,-0.793044,112.965,104.399,126.268,121.228
61.244685649871826,0.5658790528436968,0.0,0.3326655020748454,3,-0.265738,3.0,12666.3,146.665,-13.8836,-1.18933,12.2388,18.8871,24.1724,45.8375,43.9933,42.9981,42.4467,41.9524,41.5924,41.2266,40.8549,40.4772,39.9382,39.3072,38.0796,35.4343,30.3385,19.917,2.77274,-0.770517,110.945,102.721,124.892,119.99
61.26424765586853,0.5900184531194004,0.0,0.3209273061522056,3,-0.278378,3.0,12538.2,145.087,-13.9733,-1.15289,11.9888,18.2951,23.1731,45.3322,43.5404,42.5756,42.0419,41.5639,41.216,40.8627,40.504,40.1397,39.6204,39.0133,37.8345,35.3076,30.5036,21.6216,3.12926,-0.746752,108.978,101.165,123.495,118.925
61.28403067588806,0.5944526687026179,0.0,0.3187710930448146,3,-0.290695,3.0,12406.2,143.547,-14.0308,-1.1404,11.738,17.7226,22.2708,44.8167,43.0735,42.137,41.6197,41.1566,40.8199,40.4783,40.1315,39.7797,39.2785,38.6933,37.5591,35.1392,30.5899,22.6292,3.51593,-0.72179,107.186,99.712,122.145,117.722
61.305715799331665,0.5988177796273958,0.0,0.31664848325857775,3,-0.302734,3.0,12267.7,142.031,-14.0605,-1.14094,11.4862,17.167,21.4385,44.2934,42.5954,41.6854,41.1832,40.7342,40.4079,40.077,39.7414,39.4011,38.9168,38.3517,37.2588,34.9361,30.6129,23.3219,3.93408,-0.695672,105.442,98.2179,120.784,116.407
61.32436728477478,0.6031425795014171,0.0,0.3145454754096807,3,-0.314466,3.0,12131.1,140.529,-14.0527,-1.14656,11.2334,16.6273,20.6647,43.7623,42.1064,41.221,40.7331,40.2971,39.9805,39.6597,39.3344,39.0049,38.5361,37.9898,36.9349,34.7014,30.5813,23.8176,4.38463,-0.668437,103.772,96.7145,119.456,115.092
61.34565496444702,0.6074126715208404,0.0,0.31246907019003073,2,-0.325843,3.0,11998.6,139.046,-14.0028,-1.15862,10.9799,16.1032,19.9436,43.2227,41.606,40.7436,40.2689,39.8451,39.5375,39.226,38.9104,38.5908,38.1365,37.6077,36.5879,34.4363,30.5,24.1683,4.86812,-0.640124,102.093,95.2106,118.166,113.817
61.365654945373535,0.6115560716664574,0.0,0.3104542710591634,2,-0.33673,2.0,15048.9,137.607,-13.8797,-1.17111,10.7262,15.5959,19.2759,42.6717,41.0911,40.2499,39.7875,39.375,39.0758,38.773,38.4663,38.1559,37.7152,37.2024,36.2152,34.1389,30.3684,24.4026,5.38409,-0.610761,100.536,93.7297,118.055,114.383
61.38438177108765,0.6154518467859986,0.0,0.3085598838290984,2,-0.346854,2.0,14989.2,136.254,-13.6295,-1.17707,10.4731,15.1084,18.6705,42.1023,40.5543,39.7326,39.2814,38.8793,38.5878,38.2929,37.9945,37.6926,37.2642,36.7662,35.8089,33.8018,30.1812,24.5322,5.92994,-0.580336,99.0663,92.3225,117.426,114.315
61.40364408493042,0.6192554823609535,0.0,0.3067103010272389,2,-0.35601,2.0,14778.9,134.933,-13.2466,-1.17883,10.221,14.6417,18.1334,41.5097,39.9911,39.187,38.7461,38.3533,38.0689,37.7812,37.4904,37.1963,36.7791,36.2948,35.3649,33.4211,29.9369,24.5671,6.50197,-0.548856,97.6685,90.9896,115.121,111.756
61.42336678504944,0.6233556920950456,0.0,0.3027505910432408,2,-0.364512,2.0,14420.9,133.509,-12.8252,-1.18745,9.96831,14.1885,17.646,40.9046,39.4129,38.6252,38.1937,37.8098,37.5319,37.251,36.9672,36.6803,36.2738,35.8022,34.8979,33.0131,29.6548,24.5364,7.10198,-0.516392,96.4187,89.7799,112.622,108.609
61.444533348083496,0.6276315428360055,0.0,0.300684799775837,2,-0.372917,2.0,14184.4,132.024,-12.4146,-1.18967,9.71287,13.7387,17.1789,40.3031,38.8375,38.0656,37.6432,37.2678,36.9962,36.7219,36.4447,36.1648,35.7685,35.309,34.4293,32.6007,29.3608,24.4728,7.73731,-0.48304,95.4146,88.8285,110.976,106.57
61.463900089263916,0.6319822569569418,0.0,0.2966439901635265,2,-0.381581,2.0,13995.9,130.513,-12.0369,-1.18074,9.45348,13.292,16.7131,39.7152,38.2755,37.519,37.1057,36.7386,36.4732,36.2052,35.9347,35.6616,35.2751,34.8275,33.9715,32.1971,29.0697,24.3951,8.41594,-0.448852,94.5543,88.0528,109.624,105.009
61.483349084854126,0.6363531266032563,0.0,0.2887705928887265,2,-0.390734,2.0,13830.1,128.995,-11.7135,-1.163,9.18957,12.849,16.2363,39.1467,37.733,36.992,36.5876,36.2287,35.9694,35.7077,35.4437,35.1773,34.8005,34.3645,33.5317,31.8097,28.7896,24.314,9.14664,-0.413856,93.8533,87.4438,108.41,103.671
61.5047926902771,0.6407067200849609,0.0,0.28098743679089677,2,-0.400522,2.0,13679.0,127.483,-11.456,-1.13942,8.92102,12.4079,15.7409,38.6008,37.2133,36.4877,36.0922,35.7414,35.4882,35.2327,34.9751,34.7153,34.3481,33.9234,33.1134,31.4423,28.5247,24.2352,9.90616,-0.378067,93.3549,87.0286,107.295,102.463
61.52411651611328,0.6449681740220792,0.0,0.26193919360513845,2,-0.410981,2.0,13533.7,126.003,-11.2804,-1.12849,8.64812,11.9683,15.2269,38.0774,36.7164,36.0061,35.6195,35.2767,35.0295,34.7802,34.5289,34.2756,33.9177,33.5042,32.7162,31.0944,28.2747,24.1589,10.5653,-0.341499,92.6299,86.694,106.243,101.286
61.54479146003723,0.6490942980030863,0.0,0.231875367991021,2,-0.421925,2.0,13407.5,124.57,-11.1693,-1.13721,8.37193,11.5336,14.7067,37.571,36.2361,35.5408,35.1628,34.828,34.5866,34.3432,34.0981,33.8511,33.5024,33.0996,32.3331,30.7586,28.032,24.0779,11.1316,-0.304163,92.2194,86.3756,105.343,100.24
61.56363773345947,0.6421177397546545,0.0,0.20405461760848093,2,-0.433246,2.0,13308.0,123.181,-11.0777,-1.14706,8.09301,11.1057,14.1875,37.078,35.7688,35.0882,34.7185,34.3914,34.1556,33.9181,33.6789,33.4381,33.0981,32.7058,31.9599,30.4308,27.7927,23.9893,11.6233,-0.26606,92.4773,86.7029,104.599,99.4448
61.584126710891724,0.6241075299222271,0.0,0.1727927746982289,2,-0.445025,2.0,13220.4,121.842,-10.9979,-1.15287,7.81117,10.6835,13.6665,36.5999,35.3159,34.6497,34.2882,33.9685,33.7382,33.5064,33.273,33.038,32.7066,32.3244,31.5984,30.1129,27.5588,23.8965,12.0565,-0.227175,93.2706,87.5972,103.921,98.7726
61.60487771034241,0.6167615243103728,0.0,0.11720941170510032,2,-0.45757,2.0,13127.5,120.572,-10.9854,-1.18242,7.5257,10.2628,13.1312,36.1432,34.8843,34.2324,33.8789,33.5664,33.3415,33.1152,32.8874,32.6583,32.3352,31.9629,31.2561,29.8127,27.3389,23.8088,12.4473,-0.187485,94.6343,89.0571,103.075,98.1966
61.62375807762146,0.6091552424558128,0.0,0.060313880379219774,2,-0.471328,2.0,13069.4,119.391,-11.0675,-1.2256,7.2357,9.83821,12.5672,35.7169,34.4834,33.8456,33.5001,33.1949,32.9753,32.7544,32.5322,32.3088,31.9939,31.6312,30.9433,29.5407,27.1437,23.7378,12.8109,-0.14696,97.022,91.4714,102.771,97.5886
61.64567160606384,0.6119948622696101,0.0,0.0,2,-0.486521,2.0,13056.9,118.316,-11.2148,-1.24559,6.94085,9.40772,11.9735,35.3241,34.1163,33.4928,33.1553,32.8573,32.643,32.4274,32.2107,31.9929,31.686,31.3327,30.6633,29.3003,26.977,23.6876,13.1562,-0.105524,99.913,94.4765,102.781,97.3611
61.66415238380432,0.6144514635968953,0.0,0.0,2,-0.5032,2.0,13069.5,117.386,-11.4315,-1.24731,6.64102,8.97179,11.358,34.9637,33.782,33.1727,32.8431,32.5523,32.3431,32.1329,31.9216,31.7092,31.4102,31.0661,30.4147,29.0901,26.8372,23.6576,13.4864,-0.0630569,102.979,97.6981,102.957,97.3638
61.683382511138916,0.6274957362050471,0.0,0.0,2,-0.521263,2.0,13017.4,116.579,-11.7368,-1.23509,6.33643,8.53305,10.7336,34.6311,33.4754,32.8803,32.5586,32.2747,32.0707,31.8657,31.6596,31.4526,31.1613,30.8262,30.1922,28.9047,26.7193,23.6428,13.8024,-0.0194461,104.415,99.2544,102.672,96.8778
61.70424675941467,0.6185642896899953,0.0,0.0,2,-0.540349,2.0,12945.9,115.829,-12.1212,-1.2126,6.02786,8.09717,10.1183,34.3168,33.1866,32.6053,32.2912,32.0143,31.8152,31.6152,31.4144,31.2126,30.9286,30.6021,29.9849,28.7331,26.6118,23.6327,14.1005,0.0253695,104.882,99.7655,102.229,96.2332
61.72434091567993,0.6204688160953422,0.0,0.0,2,-0.560036,2.0,12867.8,115.108,-12.5582,-1.18944,5.71614,7.66985,9.52561,34.0107,32.9051,32.3372,32.0305,31.7601,31.5659,31.3708,31.1748,30.978,30.7011,30.383,29.7817,28.5637,26.5037,23.6165,14.3757,0.0714006,104.892,99.7886,101.714,95.5555
61.74429631233215,0.6223205123646185,0.0,0.0,2,-0.579871,2.0,12786.5,114.407,-13.0204,-1.17988,5.40298,7.25612,8.96522,33.7032,32.621,32.0657,31.766,31.5019,31.3122,31.1218,30.9305,30.7384,30.4683,30.158,29.5719,28.386,26.3839,23.5838,14.6227,0.118634,104.615,99.5128,101.148,94.8771
61.76430821418762,0.6241246615114311,0.0,0.0,2,-0.599448,2.0,12703.2,113.724,-13.4869,-1.20213,5.09768,6.85962,8.44218,33.3864,32.3259,31.7825,31.4894,31.2312,31.0458,30.8597,30.6728,30.4853,30.2216,29.9187,29.3469,28.1912,26.244,23.5266,14.8371,0.167038,104.157,99.0965,100.537,94.212
61.783507347106934,0.6258971125766014,0.0,0.0,2,-0.607914,2.0,12619.4,113.053,-13.9099,-1.24039,4.80266,6.48173,7.95653,33.0562,32.0158,31.4835,31.1966,30.9439,30.7626,30.5805,30.3978,30.2145,29.9567,29.6609,29.1026,27.9754,26.0802,23.4416,15.0174,0.216401,103.58,98.5967,99.8845,93.5803
61.80437088012695,0.6276537146009504,0.0,0.0,2,-0.596482,2.0,12535.8,112.388,-14.2908,-1.28937,4.51814,6.12097,7.50249,10.4171,31.694,31.1721,30.8909,30.6434,30.4659,30.2877,30.1088,29.9295,29.6774,29.3881,28.8427,27.7425,25.8964,23.3329,15.1673,0.264649,102.935,98.0379,99.2105,92.9766
61.8234498500824,0.6074319113731385,0.0,0.0,2,-0.58455,2.0,12449.2,111.72,-14.6876,-1.35675,4.24392,5.77373,7.07084,9.55923,31.3696,30.8573,30.5816,30.339,30.1651,29.9905,29.8154,29.6398,29.3931,29.1101,28.5768,27.5023,25.7028,23.2108,15.2938,0.311157,102.261,97.4313,98.481,92.3757
61.84417247772217,0.5147844993720296,0.0,0.0,2,-0.572491,2.0,12356.4,111.045,-15.1216,-1.43041,3.9798,5.43784,6.65548,8.84008,31.0498,30.5468,30.2762,30.0384,29.8678,29.6967,29.5252,29.3531,29.1116,28.8346,28.3128,27.2628,25.5075,23.0832,15.4025,0.355876,101.651,96.8563,97.8347,91.6118
61.864328384399414,0.4024627593472693,0.0,0.0,2,-0.560723,2.0,12265.4,110.357,-15.6366,-1.50205,3.72568,5.11158,6.25161,8.18707,30.7425,30.2483,29.9827,29.7492,29.5819,29.4142,29.246,29.0774,28.8407,28.5694,28.0587,27.032,25.3186,22.9582,15.4998,0.398752,101.32,96.4937,97.2534,90.7883
61.88484001159668,0.28092427653774615,0.0,0.0,2,-0.54921,2.0,12182.3,109.659,-16.1979,-1.54927,3.48175,4.7961,5.86124,7.58708,30.4463,29.9605,29.6996,29.4704,29.3061,29.1415,28.9765,28.8112,28.5792,28.3133,27.8131,26.8085,25.1348,22.8346,15.5854,0.439761,101.242,96.3503,96.6996,90.0647
61.90456557273865,0.17497965820208192,0.0,0.0,2,-0.537787,2.0,12101.5,108.965,-16.7965,-1.57925,3.24832,4.49316,5.48752,7.03682,30.1577,29.6799,29.4234,29.1982,29.0369,28.8752,28.7132,28.5509,28.3233,28.0626,27.5724,26.5887,24.9525,22.709,15.6578,0.478889,101.319,96.3558,96.1501,89.375
61.9239935874939,0.1026140573003143,0.0,0.0,2,-0.52623,2.0,12021.5,108.286,-17.422,-1.59956,3.02578,4.20463,5.13357,6.53525,29.8723,29.4021,29.1498,28.9283,28.7697,28.6108,28.4516,28.2922,28.0687,27.8128,27.3319,26.368,24.7673,22.5772,15.7148,0.516115,101.392,96.3715,95.5923,88.7067
61.94557023048401,0.05577860195562243,0.0,0.0,2,-0.514266,2.0,11943.3,107.628,-18.051,-1.61416,2.81458,3.9324,4.8024,6.08248,29.5852,29.1219,28.8735,28.6555,28.4995,28.3432,28.1867,28.03,27.8103,27.5588,27.0867,26.1415,24.5743,22.4348,15.7534,0.551414,101.29,96.2505,95.0242,88.0735
61.963664531707764,0.02752225703994433,0.0,0.0,2,-0.501625,2.0,11867.0,106.986,-18.6551,-1.62613,2.6156,3.67811,4.49642,5.67845,29.2914,28.8346,28.5899,28.3752,28.2215,28.0677,27.9136,27.7594,27.5433,27.2961,26.8321,25.9044,24.369,22.2775,15.7715,0.584752,100.988,95.9836,94.4457,87.4814
61.984633445739746,0.025295159127991646,0.0,0.0,2,-0.487446,2.0,11792.5,106.358,-19.2094,-1.63771,2.42988,3.44285,4.21698,5.32226,7.3832,28.5371,28.2957,28.084,27.9326,27.781,27.6292,27.4774,27.2646,27.0213,26.5649,25.6536,24.1484,22.103,15.7675,0.616085,100.545,95.625,93.856,86.9278
62.003724813461304,0.025359631976755337,0.0,0.0,2,-0.470968,2.0,11719.2,105.737,-19.6985,-1.65117,2.25772,3.2271,3.9644,5.01285,6.8402,28.2282,27.9899,27.781,27.6316,27.4821,27.3325,27.1828,26.9732,26.7335,26.2843,25.3884,23.9119,21.9106,15.7417,0.645248,99.9956,95.1898,93.2579,86.4028
62.024107217788696,0.025423481899444014,0.0,0.0,2,-0.453509,2.0,11646.5,105.122,-20.1258,-1.66947,2.0994,3.03106,3.73855,4.74896,6.51587,27.9085,27.673,27.4667,27.3193,27.1717,27.0241,26.8765,26.6698,26.4336,25.9911,25.1097,23.6605,21.7016,15.6954,0.672157,99.4071,94.7226,92.6508,85.8947
62.04525446891785,0.030218629262046888,0.0,0.0,2,-0.435172,2.0,11573.7,104.513,-20.5002,-1.69318,1.95513,2.85488,3.53935,4.5305,6.39411,27.5796,27.3468,27.1429,26.9973,26.8515,26.7058,26.5601,26.3561,26.1232,25.6871,24.8194,23.3961,21.478,15.6304,0.696775,98.8109,94.2409,92.047,85.3831
62.06445503234863,0.053304404848059636,0.0,0.0,2,-0.416092,2.0,11502.2,103.907,-20.8268,-1.71837,1.82509,2.69877,3.36827,4.3593,27.6749,27.2436,27.0132,26.8116,26.6676,26.5236,26.3796,26.2356,26.0343,25.8044,25.3743,24.5196,23.1209,21.2421,15.5486,0.719074,98.2075,93.7363,91.4554,84.8772
62.08446907997131,0.10017797925913086,0.0,0.0,2,-0.396407,2.0,11432.5,103.3,-21.1058,-1.74044,1.70946,2.56322,3.22736,4.24027,27.3295,26.9022,26.6741,26.4746,26.3321,26.1897,26.0473,25.9051,25.7061,25.4791,25.0547,24.2124,22.8371,20.9959,15.452,0.739035,97.5603,93.174,90.8779,84.3859
62.1050865650177,0.15063220530247315,0.0,0.0,2,-0.376278,2.0,11364.0,102.686,-21.3453,-1.75886,1.60836,2.45025,3.11851,4.18251,26.982,26.5575,26.3315,26.134,25.9929,25.852,25.7112,25.5705,25.3738,25.1495,24.7304,23.8999,22.5469,20.7417,15.3425,0.756654,96.8369,92.5185,90.3143,83.8986
62.124672174453735,0.1985965887518724,0.0,0.0,2,-0.355834,2.0,11295.7,102.064,-21.5579,-1.77588,1.52195,2.36167,3.04498,4.20531,26.6396,26.2109,25.9869,25.7912,25.6515,25.512,25.3726,25.2334,25.0389,24.8171,24.4031,23.5837,22.2519,20.4812,15.2214,0.77193,96.0563,91.7915,89.7612,83.4056
62.14629411697388,0.23916515148625087,0.0,0.0,2,-0.3352,2.0,11227.3,101.431,-21.7468,-1.78822,1.45093,2.29925,3.01163,4.35301,26.3046,25.8645,25.6416,25.4475,25.3091,25.1708,25.0328,24.895,24.7025,24.4831,24.0739,23.265,21.9534,20.2156,15.0902,0.784867,95.2381,91.0117,89.2124,82.9065
62.16428518295288,0.29129437644347544,0.0,0.0,2,-0.313124,2.0,11158.4,100.787,-21.9194,-1.79458,1.3966,2.26504,3.02525,4.78778,25.9784,25.5257,25.2976,25.1045,24.9672,24.8302,24.6934,24.5569,24.3663,24.1492,23.7444,22.9456,21.6531,19.9466,14.9501,0.795449,94.411,90.2004,88.6665,82.3965
62.18336486816406,0.3487300378582099,0.0,0.0,2,-0.289979,2.0,11088.6,100.129,-22.0836,-1.79503,1.35934,2.26184,3.09682,26.704,25.6625,25.1969,24.9623,24.7645,24.6273,24.4914,24.3559,24.2206,24.0317,23.8167,23.4161,22.6267,21.3524,19.6756,14.8023,0.803514,93.5419,89.3284,88.1225,81.8718
62.20432376861572,0.39333629920238256,0.0,0.0,2,-0.267072,2.0,11017.2,99.4563,-22.2504,-1.79255,1.33937,2.29306,3.2445,26.4305,25.3588,24.8797,24.6384,24.4349,24.2938,24.1562,24.0214,23.8873,23.7,23.487,23.0904,22.3097,21.0526,19.4038,14.6479,0.809078,92.6197,88.384,87.5715,81.3292
62.223286151885986,0.4219279820574615,0.0,0.0,2,-0.244569,2.0,10943.1,98.7666,-22.4323,-1.78959,1.33703,2.36341,3.50459,26.1727,25.0692,24.5762,24.3278,24.1184,23.9732,23.8315,23.6933,23.5585,23.3727,23.1615,22.7685,21.9961,20.755,19.1326,14.488,0.812177,91.6927,87.41,87.0209,80.747
62.24550127983093,0.44202244842848987,0.0,0.0,2,-0.222591,2.0,10868.3,98.0598,-22.6286,-1.7816,1.35264,2.47947,3.97531,25.9324,24.7952,24.2874,24.0317,23.8161,23.6665,23.5207,23.3783,23.2395,23.0508,22.841,22.4514,21.6865,20.4604,18.8627,14.3232,0.812863,90.8027,86.447,86.4699,80.1523
62.263256788253784,0.4432890029740547,0.0,0.0,2,-0.2012,2.0,10792.6,97.3379,-22.8366,-1.76813,1.38655,2.6511,28.1204,25.7104,24.5373,24.014,23.7504,23.5283,23.3742,23.224,23.0773,22.9343,22.7399,22.5258,22.1388,21.3809,20.1687,18.5942,14.154,0.8112,89.9556,85.5132,85.9125,79.55
62.283796072006226,0.4445766112037127,0.0,0.0,2,-0.180455,2.0,10715.5,96.604,-23.0556,-1.74991,1.43911,2.89386,28.0028,25.5074,24.296,23.7562,23.4844,23.2554,23.0966,22.9417,22.7906,22.6432,22.4428,22.2221,21.8307,21.0792,19.8799,18.327,13.9804,0.807257,89.1854,84.6506,85.3457,78.9365
62.30581259727478,0.44588141327538,0.0,0.0,2,-0.160404,2.0,10637.1,95.8603,-23.285,-1.72816,1.51069,3.23552,27.9118,25.3241,24.0719,23.5145,23.2341,22.9978,22.834,22.6742,22.5184,22.3664,22.1598,21.9322,21.5291,20.7813,19.5939,18.0611,13.8028,0.801113,88.4557,83.8317,84.7692,78.3124
62.324475049972534,0.44720130382064727,0.0,0.0,2,-0.141092,2.0,10557.5,95.108,-23.5237,-1.70369,1.6017,3.73709,27.8491,25.1613,23.8654,23.2894,22.9998,22.7558,22.5867,22.4218,22.261,22.1041,21.891,21.6563,21.2405,20.4871,19.3106,17.7965,13.6213,0.79285,87.7479,83.0414,84.1831,77.6794
62.34555459022522,0.4485341774711053,0.0,0.0,2,-0.122556,2.0,10476.8,94.3483,-23.7703,-1.67703,1.71251,4.61556,27.8165,25.02,23.6772,23.0813,22.7819,22.5298,22.3551,22.1848,22.0187,21.8567,21.6367,21.3945,20.9654,20.1965,19.0299,17.5332,13.4361,0.782557,87.0487,82.2674,83.588,77.0385
62.36418795585632,0.4402053364874224,0.0,0.0,2,-0.104828,2.0,10395.2,93.5814,-24.0239,-1.64887,1.84357,33.7767,27.8164,24.9014,23.508,22.8909,22.581,22.3202,22.1396,21.9636,21.7919,21.6246,21.3973,21.1471,20.7042,19.9113,18.7518,17.2712,13.2474,0.770329,86.3478,81.4987,82.9847,76.3911
62.38391304016113,0.4037728859129548,0.0,0.0,2,-0.0879334,2.0,10312.8,92.8085,-24.2829,-1.61929,1.99536,34.1476,27.8511,24.8065,23.3586,22.7187,22.3977,22.1277,21.9407,21.7586,21.5811,21.408,21.173,20.9145,20.457,19.6384,18.4762,17.0104,13.0555,0.756259,85.6775,80.7662,82.3745,75.7389
62.40444302558899,0.3776967051236881,0.0,0.0,2,-0.0718811,2.0,10229.8,92.0327,-24.5454,-1.58866,2.16846,34.5974,27.9233,24.7367,23.2297,22.5653,22.2324,21.9525,21.7588,21.5701,21.3863,21.2072,20.9641,20.6968,20.2239,19.3784,18.203,16.7507,12.8605,0.740443,85.1112,80.144,81.7574,75.085
62.42448401451111,0.3353287230357329,0.0,0.0,2,-0.0566791,2.0,10146.4,91.2561,-24.8099,-1.55762,2.36351,35.1365,28.0362,24.6931,23.1221,22.4313,22.0856,21.7951,21.5942,21.3986,21.2081,21.0226,20.7709,20.4942,20.005,19.1314,17.932,16.4922,12.6626,0.722978,84.5773,79.566,81.135,74.4297
62.44611954689026,0.3114292559477535,0.0,0.0,2,-0.0423277,2.0,10062.9,90.4809,-25.0745,-1.52624,2.58115,35.7776,28.1933,24.6775,23.0367,22.3175,21.958,21.6562,21.4476,21.2446,21.0469,20.8545,20.5936,20.3069,19.8006,18.8974,17.6631,16.2347,12.462,0.703963,84.1116,79.065,80.5094,73.7757
62.465616941452026,0.2578099644424506,0.0,0.0,2,-0.0288203,2.0,9979.58,89.7081,-25.3363,-1.49406,2.82177,36.536,28.3989,24.6917,22.9748,22.2247,21.8503,21.5363,21.3194,21.1084,20.9031,20.7034,20.4326,20.1354,19.6108,18.6764,17.4016,15.9781,12.2587,0.683493,83.6286,78.5586,79.8824,73.1252
62.48566389083862,0.20910898505752565,0.0,0.0,2,-0.0161422,2.0,9896.56,88.9399,-25.5944,-1.46174,3.08629,37.4307,28.658,24.7377,22.9373,22.1537,21.7632,21.436,21.2102,20.9907,20.7772,20.5696,20.2883,19.9798,19.4359,18.4686,17.1515,15.7223,12.0531,0.661669,83.2191,78.1293,79.2551,72.4798
62.50419020652771,0.17138641856008832,0.0,0.0,2,-0.00425655,2.0,9814.11,88.179,-25.8461,-1.42953,3.37609,38.4838,28.9754,24.8171,22.9252,22.1051,21.6972,21.3558,21.1203,20.8916,20.6693,20.4532,20.1607,19.8401,19.2756,18.2735,16.9123,15.4671,11.8451,0.638586,82.8467,77.7448,78.6286,71.8422
62.52369832992554,0.1541113068621295,0.0,0.0,2,0.00659102,2.0,9732.46,87.4269,-26.0879,-1.39771,3.69303,39.7227,29.3568,24.9317,22.9392,22.0794,21.6525,21.2957,21.0499,20.8112,20.5794,20.3543,20.0497,19.7162,19.1297,18.0909,16.6838,15.212,11.6348,0.614337,82.4563,77.3539,78.0038,71.2149
62.54388689994812,0.1488248006063442,0.0,0.0,2,0.0166399,2.0,9651.73,86.6827,-26.3162,-1.36648,4.03953,41.1826,29.8089,25.0838,22.9804,22.0771,21.6298,21.2562,20.9991,20.7497,20.5077,20.2728,19.9554,19.6081,18.9982,17.9205,16.4654,14.9569,11.4224,0.589035,81.983,76.8943,77.3815,70.5992
62.565927505493164,0.14361102258878947,0.0,0.0,2,0.0260393,2.0,9571.91,85.9444,-26.5282,-1.33611,4.41882,42.9096,30.3402,25.2761,23.05,22.0993,21.6295,21.2379,20.9686,20.7076,20.4546,20.2092,19.8778,19.5157,18.8808,17.762,16.2568,14.7024,11.2078,0.562768,81.425,76.36,76.7617,69.995
62.586782693862915,0.14401005751655996,0.0,0.0,2,0.0348265,2.0,9493.05,85.2107,-26.7203,-1.30577,4.83464,44.9654,30.9611,25.5119,23.1498,22.147,21.6528,21.2414,20.9589,20.6853,20.4204,20.1637,19.8174,19.4394,18.7778,17.6154,16.0577,14.4551,10.9913,0.535616,80.8223,75.7848,76.1445,69.403
62.606557846069336,0.1444067538179308,0.0,0.0,2,0.0430319,2.0,9414.81,84.4813,-26.8921,-1.27654,5.29258,47.4351,31.6853,25.7957,23.2822,22.2219,21.701,21.2681,20.9711,20.684,20.4061,20.1371,19.7747,19.3796,18.6894,17.4806,15.868,14.2159,10.773,0.507662,80.182,75.1752,75.5287,68.8192
62.62413048744202,0.14480149219952523,0.0,0.0,2,0.0506689,2.0,9338.13,83.7555,-27.0433,-1.24831,5.80147,50.4407,32.5313,26.134,23.4506,22.3269,21.7764,21.3199,21.0072,20.7052,20.4132,20.1309,19.7509,19.3374,18.6164,17.3581,15.6878,13.9848,10.5531,0.478975,79.5226,74.5464,74.9206,68.2506
62.64671969413757,0.14519421827468276,0.0,0.0,2,0.0577456,2.0,9263.09,83.0334,-27.174,-1.22076,6.37515,54.1597,33.5232,26.5349,23.6598,22.4653,21.8822,21.3996,21.0697,20.7513,20.4439,20.147,19.748,19.3144,18.5601,17.2488,15.5175,13.7618,10.332,0.449638,78.852,73.9048,74.322,67.6981
62.66609859466553,0.1455848776567429,0.0,0.0,2,0.0642716,2.0,9189.2,82.3151,-27.2844,-1.19363,7.03831,58.8587,34.6922,27.0084,23.9152,22.6414,22.022,21.5105,21.1614,20.8249,20.5006,20.1877,19.7678,19.3123,18.5219,17.1534,15.3574,13.5471,10.1098,0.419716,78.1799,73.2594,73.7304,67.1565
62.685622453689575,0.15169710575561254,0.0,0.0,2,0.0702564,2.0,9116.18,81.6007,-27.375,-1.16674,7.7165,64.9568,36.0795,27.567,24.2236,22.8604,22.2002,21.6564,21.286,20.9295,20.5864,20.2558,19.8129,19.3334,18.5034,17.0732,15.2082,13.3408,9.88694,0.389282,77.5063,72.6099,73.1445,66.6227
62.705225229263306,0.1579480502793255,0.0,0.0,2,0.0757086,2.0,9043.87,80.8899,-27.4464,-1.14016,8.28652,73.152,37.7404,28.2264,24.5934,23.1283,22.4221,21.842,21.4477,21.0689,20.7048,20.3546,19.8862,19.3801,18.5068,17.0093,15.0703,13.1432,9.66356,0.3584,76.8184,71.9453,72.5637,66.0948
62.72586274147034,0.15836318392151347,0.0,0.0,2,0.0806414,2.0,8972.12,80.1826,-27.4995,-1.11411,8.76839,84.6965,39.7497,29.0062,25.0346,23.4526,22.6941,22.0729,21.6516,21.2476,20.86,20.4878,19.991,19.4554,18.5342,16.9631,14.9446,12.9545,9.43992,0.327134,76.1237,71.272,71.987,65.5716
62.74397850036621,0.1587759111619865,0.0,0.0,2,0.0850303,2.0,8900.89,79.4794,-27.5348,-1.08871,9.17801,102.085,42.2121,29.9312,25.5594,23.8421,23.0235,22.3554,21.9034,21.471,21.0568,20.6599,20.1312,19.5626,18.5882,16.9363,14.8316,12.7749,9.21621,0.295545,75.4453,70.6122,71.4141,65.0524
62.767110109329224,0.15918593853712082,0.0,0.0,2,0.0887276,2.0,8830.13,78.7808,-27.5526,-1.06421,9.52771,131.104,45.2792,31.0337,26.1829,24.3076,23.4194,22.6974,22.2103,21.7453,21.301,20.876,20.3112,19.7057,18.6717,16.9304,14.7321,12.6047,8.99262,0.263703,74.7755,69.9604,70.8446,64.5371
62.786964416503906,0.15959285519784316,0.0,0.0,2,0.0919763,2.0,8759.87,78.0875,-27.553,-1.04062,9.8272,188.95,49.1778,32.3562,26.9243,24.8623,23.8929,23.1083,22.5807,22.0783,21.5993,21.1423,20.5366,19.889,18.7882,16.9476,14.6471,12.4441,8.7693,0.231667,74.1153,69.318,70.2785,64.026
62.80776023864746,0.15999648506597927,0.0,0.0,2,0.0947973,2.0,8690.12,77.3998,-27.5358,-1.01798,10.0842,200.0,54.266,33.9562,27.8082,25.5231,24.458,23.6,23.0251,22.4793,21.9603,21.4664,20.8137,20.1183,18.9417,16.9901,14.5775,12.2936,8.54641,0.199489,73.4595,68.6809,69.716,63.5191
62.82429242134094,0.15445654208585125,0.101959228515625,0.0,2,0.0972139,2.0,8620.94,76.7184,-27.5008,-0.996084,10.305,200.0,61.1411,35.9133,28.8666,26.3114,25.1319,24.187,23.5566,22.9598,22.3942,21.8575,21.1505,20.4001,19.1372,17.0606,14.5244,12.1534,8.32409,0.167216,72.8113,68.0521,69.1571,63.0174
62.84857177734375,0.13213227256599347,0.5294036865234375,0.0,2,0.0992634,2.0,8756.82,76.0663,-27.4465,-0.975098,10.495,200.0,70.8747,38.3391,30.1408,27.2538,25.9361,24.8872,24.1905,23.5336,22.9131,22.3262,21.5559,20.7418,19.3798,17.162,14.4889,12.0238,8.1024,0.134894,72.1902,67.4509,69.8018,64.3359
62.86567568778992,0.10162564689775463,0.9999847412109375,0.0,2,0.10116,2.0,10006.6,75.6275,-27.3874,-0.953621,10.662,123.821,85.4547,41.3604,31.6648,28.3679,26.8825,25.7087,24.9334,24.2052,23.5201,22.8744,22.0305,21.143,19.6677,17.2911,14.4678,11.9023,7.88329,0.102549,71.6678,66.9569,76.4215,76.4215
62.88806939125061,0.07916540000470354,0.49999237060546875,0.0,2,0.102904,2.0,11692.7,75.4745,-27.408,-0.933212,10.8086,86.905,109.741,45.2295,33.5197,29.7038,28.0108,26.6843,25.8135,24.9995,24.2371,23.5216,22.5908,21.6171,20.0106,17.4533,14.4632,11.7896,7.67086,0.0701323,71.3459,66.6595,89.0511,89.0511
62.90563678741455,0.04899253569799165,0.49999237060546875,0.0,2,0.103903,2.0,11645.2,75.474,-27.569,-0.915239,10.9268,67.9643,160.636,50.59,35.9375,31.4185,29.4513,27.9259,26.932,26.0083,25.1477,24.344,23.3044,22.2237,20.4561,17.6808,14.4943,11.6961,7.46693,0.0375264,71.2536,66.5199,89.2409,89.2409
62.929059982299805,0.028500840531013285,0.49999237060546875,0.0,2,0.104552,2.0,11617.3,75.481,-27.7568,-0.901275,11.027,56.5874,200.0,58.1906,39.0705,33.5855,31.254,29.4687,28.3159,27.2519,26.2669,25.3525,24.1773,22.9649,21.0014,17.9671,14.5539,11.6165,7.2696,0.00470161,71.3124,66.5195,89.0353,89.0353
62.94738006591797,0.008797003495367245,0.49999237060546875,0.0,2,0.105433,2.0,11579.0,75.505,-27.9236,-0.892704,11.121,49.1976,200.0,69.2502,43.0742,36.2566,33.4428,31.3208,29.9655,28.7247,27.5846,26.5334,25.1927,23.8214,21.6258,18.2925,14.6271,11.5409,7.07623,-0.0283368,71.3944,66.5992,88.7427,88.7427
62.96557855606079,0.005080804451622069,0.49999237060546875,0.0,2,0.106925,2.0,11543.1,75.5506,-28.0438,-0.894395,11.2154,44.1283,200.0,86.285,48.2016,39.5182,36.0631,33.5053,31.8925,30.43,29.0978,27.8795,26.3389,24.7787,22.3123,18.641,14.7019,11.4617,6.88494,-0.0615835,71.4768,66.7446,88.4648,88.4648
62.984445571899414,0.0023783625284833835,0.49999237060546875,0.0,2,0.109394,2.0,11518.2,75.6239,-28.116,-0.924544,11.3164,40.5464,164.599,114.965,54.7861,43.454,39.1461,36.0268,34.0895,32.3523,30.7858,29.3662,27.5887,25.808,23.033,18.9897,14.7636,11.3705,6.69373,-0.0950502,71.5041,66.9043,88.2688,88.2688
63.00466799736023,0.0,0.49999237060546875,0.0,2,0.113068,2.0,11512.3,75.7269,-28.1048,-0.972767,11.427,37.9653,119.101,171.918,63.3446,48.176,42.7306,38.8902,36.5473,34.4732,32.6242,30.9658,28.9117,26.8791,23.7597,19.3173,14.7994,11.2607,6.50122,-0.128753,71.4955,67.0976,88.216,88.216
63.023725748062134,-0.0011372933419297139,0.49999237060546875,0.0,2,0.117706,2.0,11520.2,75.8565,-27.9997,-1.02098,11.5427,36.0198,96.0823,200.0,75.0993,54.0359,47.0155,42.2225,39.3599,36.8635,34.6672,32.7203,30.339,28.014,24.5059,19.6313,14.8141,11.1356,6.3085,-0.162685,71.482,67.3207,88.2731,88.2731
63.04361701011658,-0.005068188886146682,0.49999237060546875,0.0,2,0.121712,2.0,11531.6,76.0077,-27.8109,-1.054,11.6568,34.4635,81.9598,200.0,92.8967,61.7836,52.4318,46.3064,42.7433,39.6922,37.0503,34.7405,31.9558,29.2789,25.3162,19.957,14.822,11.0036,6.11773,-0.196817,71.4894,67.5602,88.3609,88.3609
63.0657696723938,-0.013485721001134564,0.49999237060546875,0.0,2,0.106991,2.0,11540.1,76.174,-27.5674,-1.06952,11.7635,33.1431,72.1844,200.0,124.234,72.9325,59.7818,51.6424,47.069,43.2429,39.9948,37.203,33.8953,30.7738,26.2546,20.328,14.8398,10.8737,5.9311,-0.230367,71.5465,67.8067,88.4276,88.4276
63.08795523643494,-0.023575734151124954,0.49999237060546875,0.0,2,0.0923888,2.0,11543.6,76.3504,-27.2955,-1.07097,11.8591,31.9742,64.8741,200.0,195.97,90.7697,70.5803,59.0894,52.9381,47.9501,43.8242,40.3549,36.3327,32.6229,27.3931,20.7767,14.8815,10.7526,5.75016,-0.262707,71.6667,68.0594,88.456,88.456
63.109137773513794,-0.03365204751831293,0.49999237060546875,0.0,2,0.0777747,2.0,11542.2,76.5341,-27.0132,-1.06327,11.9423,30.9129,59.1299,174.902,200.0,124.13,88.1167,70.2851,61.4136,54.5345,49.0445,44.5619,39.5111,34.9859,28.8137,21.3331,14.9573,10.6448,5.57584,-0.293812,71.8454,68.3182,88.447,88.447
63.124157428741455,-0.06288871263509833,0.49999237060546875,0.0,2,0.0628597,2.0,11624.5,76.6693,-26.8097,-1.11502,12.01,29.9105,54.3773,133.979,200.0,200.0,122.289,89.3997,74.9979,64.5972,56.7337,50.5803,43.9175,38.177,30.6756,22.0563,15.0881,10.5586,5.40958,-0.323685,72.0611,68.561,89.036,89.036
63.14844274520874,-0.09187748107302189,0.49999237060546875,0.0,2,0.047167,2.0,11698.1,76.7906,-26.6906,-1.17408,12.0572,28.9148,50.2238,108.283,200.0,200.0,200.0,130.792,101.11,82.4138,69.557,60.1742,50.6208,42.8536,33.2931,23.0566,15.3104,10.5081,5.25345,-0.352373,72.3657,68.799,89.6219,89.6219
63.16434621810913,-0.13718104239179815,0.49999237060546875,0.0,2,0.0309316,2.0,11724.4,76.9308,-26.6012,-1.21136,12.0881,27.954,46.6271,90.8652,200.0,200.0,200.0,200.0,167.581,120.312,93.8475,76.9312,61.4353,49.947,36.9959,24.3978,15.6297,10.4915,5.10659,-0.379859,72.7138,69.0424,89.8369,89.8369
63.1866500377655,-0.15422659300072986,0.49999237060546875,0.0,2,0.0144231,2.0,11725.7,77.0848,-26.5278,-1.2364,12.1072,27.0497,43.537,78.4506,152.392,200.0,200.0,200.0,200.0,200.0,153.937,111.804,80.8385,61.411,42.3513,26.1676,16.051,10.5058,4.9681,-0.406121,73.1224,69.3485,89.8549,89.8549
63.21051478385925,-0.20468402139944336,0.49999237060546875,0.0,2,-0.00212461,2.0,11709.1,77.2555,-26.4515,-1.25086,12.1179,26.2133,40.8919,69.2613,119.468,187.725,200.0,200.0,200.0,200.0,200.0,200.0,123.922,82.2506,50.4627,28.4997,16.5821,10.5488,4.8372,-0.431143,73.4658,69.6303,89.7335,89.7335
63.22719407081604,-0.29373302417506775,0.49999237060546875,0.0,2,-0.0184715,2.0,11681.6,77.4445,-26.3569,-1.257,12.1234,25.452,38.6356,62.2726,99.0068,140.651,181.396,200.0,200.0,200.0,200.0,200.0,200.0,129.994,63.7298,31.5949,17.2307,10.617,4.71313,-0.454907,73.8633,70.0019,89.5253,89.5253
63.25095820426941,-0.34409775280746696,0.49999237060546875,0.0,2,-0.0343846,2.0,11651.0,77.6553,-26.233,-1.25835,12.1264,24.7692,36.7184,56.8526,85.2269,113.735,138.481,171.078,200.0,200.0,200.0,200.0,200.0,200.0,88.5244,35.7637,18.0039,10.7064,4.59509,-0.4774,74.3907,70.5407,89.2915,89.2915
63.26701831817627,-0.3526110532305943,0.49999237060546875,0.0,2,-0.0495938,2.0,11624.0,77.8942,-26.0878,-1.27676,12.1298,24.1687,35.1039,52.6068,75.4823,96.5898,113.558,134.211,154.266,181.382,200.0,200.0,200.0,200.0,148.792,41.4845,18.9003,10.8097,4.48206,-0.498619,74.8423,71.0838,89.0818,89.0818
63.28398871421814,-0.35225572838711117,0.49999237060546875,0.0,2,-0.063577,2.0,11605.0,78.1684,-25.8914,-1.32049,12.139,23.6675,33.7921,49.3363,68.5108,85.1513,97.8556,112.57,126.128,143.412,166.201,197.617,200.0,200.0,200.0,49.3215,19.8726,10.9063,4.37138,-0.518599,75.106,71.5453,88.9325,88.9325
63.31032037734985,-0.2689042582176979,0.49999237060546875,0.0,2,-0.0762785,2.0,11596.8,78.4766,-25.6021,-1.36936,12.154,23.2535,32.7273,46.7868,63.364,77.1086,87.2243,98.5535,108.643,121.044,136.652,156.895,197.98,200.0,200.0,60.5059,20.9081,10.9908,4.26301,-0.537345,75.2876,71.9875,88.8654,88.8654
63.328686475753784,-0.13623553685735632,0.49999237060546875,0.0,2,-0.08793,2.0,11595.9,78.8129,-25.214,-1.41331,12.1715,22.9023,31.8391,44.7307,59.3868,71.1142,79.5115,88.6893,96.6681,106.233,117.909,132.48,160.221,200.0,200.0,78.0151,22.0355,11.0699,4.15852,-0.554845,75.2697,72.2381,88.8571,88.8571
63.34639382362366,-0.06997816344350204,0.49999237060546875,0.0,2,-0.0989164,2.0,11596.0,79.1628,-24.7434,-1.44349,12.187,22.5863,31.0598,42.9855,56.133,66.3517,73.5101,81.1873,87.7405,95.4525,104.66,115.842,136.239,170.598,200.0,110.671,23.3329,11.1603,4.06042,-0.571071,75.0607,72.2536,88.8583,88.8583
63.36392140388489,-0.048258922781741244,0.49999237060546875,0.0,2,-0.109572,2.0,11594.1,79.5134,-24.2227,-1.4604,12.1969,22.285,30.3415,41.4319,53.3331,62.356,68.5621,75.1157,80.6281,87.0206,94.522,103.447,119.223,144.419,200.0,197.136,24.915,11.2799,3.97106,-0.585989,74.8493,72.2,88.8451,88.8451
63.39013171195984,-0.030584498730445282,0.49999237060546875,0.0,2,-0.120103,2.0,11597.6,79.8578,-23.6815,-1.47371,12.1991,21.9869,29.6576,40.0041,50.8405,58.8784,64.3202,69.992,74.7041,80.103,86.3502,93.6619,106.274,125.63,190.925,200.0,26.9286,11.4441,3.89204,-0.599579,74.7936,72.2398,88.8491,88.8491
63.40801954269409,-0.02557303529116325,0.49999237060546875,0.0,2,-0.130958,2.0,11688.0,80.1398,-23.2295,-1.54764,12.1897,21.6722,28.9677,38.6174,48.4954,55.6759,60.4682,65.4048,69.4617,74.0612,79.3195,85.3885,95.6464,110.891,158.268,200.0,29.7035,11.6842,3.82576,-0.611867,74.8604,72.3274,89.5324,89.5324
63.426676988601685,-0.023224634827807546,0.49999237060546875,0.0,2,-0.142576,2.0,11735.1,80.4257,-22.8302,-1.60148,12.1654,21.3249,28.2413,37.2126,46.1931,52.5958,56.8117,61.1077,64.6028,68.5276,72.9661,78.0256,86.4268,98.5748,133.941,200.0,33.8655,12.0412,3.77459,-0.622883,75.0444,72.435,89.9156,89.9156
63.44474506378174,-0.023198935387730598,0.49999237060546875,0.0,2,-0.15472,2.0,11740.8,80.724,-22.4569,-1.6324,12.1288,20.9582,27.5031,35.833,43.9952,49.71,53.4264,57.176,60.1992,63.5651,67.3352,71.5864,78.5385,88.3616,115.508,200.0,40.3054,12.5271,3.73824,-0.632597,75.2934,72.5785,89.97,89.97
63.47035336494446,-0.023172572569549084,0.49999237060546875,0.0,2,-0.167157,2.0,11724.7,81.03,-22.0979,-1.64956,12.0824,20.5833,26.7729,34.5096,41.9407,47.0573,50.3476,53.6379,56.2696,59.1776,62.4076,66.0159,71.8402,79.9119,101.306,200.0,50.9598,13.1574,3.71648,-0.640987,75.5762,72.7676,89.8541,89.8541
63.48912239074707,-0.035813961367138665,0.49999237060546875,0.0,2,-0.179653,2.0,11693.4,81.3461,-21.7335,-1.65417,12.0283,20.2097,26.0663,33.2641,40.0517,44.6552,47.5858,50.4933,52.8027,55.3379,58.1337,61.2316,66.1772,72.9219,90.2056,172.126,70.9064,13.9506,3.70896,-0.648035,75.8669,72.9985,89.618,89.618
63.506688833236694,-0.10409954686152066,0.49999237060546875,0.0,2,-0.19199,2.0,11655.6,81.6732,-21.3487,-1.64964,11.9685,19.8445,25.394,32.1089,38.3363,42.5031,45.1322,47.7228,49.7679,52.0003,54.4466,57.1391,61.3975,67.1273,81.4149,142.234,119.077,14.9292,3.71551,-0.653721,76.1951,73.3073,89.3298,89.3298
63.52600312232971,-0.2357306063591838,0.49999237060546875,0.0,2,-0.20398,2.0,11619.7,82.0128,-20.9373,-1.64089,11.9043,19.4929,24.7626,31.0492,36.7927,40.5899,42.9672,45.2958,47.1242,49.1104,51.2755,53.6445,57.3623,62.3085,74.3711,121.742,200.0,16.1195,3.7359,-0.658035,76.7082,73.8345,89.0524,89.0524
63.54502749443054,-0.3644800397366906,0.49999237060546875,0.0,2,-0.215407,2.0,11590.6,82.3704,-20.5016,-1.6324,11.8373,19.1598,24.1784,30.0897,35.4193,38.9059,41.0741,43.1868,44.8385,46.6251,48.5638,50.6748,53.9657,58.3037,68.6921,107.046,200.0,17.5441,3.76954,-0.660977,77.487,74.669,88.8263,88.8263
63.56341814994812,-0.4587418424050324,0.49999237060546875,0.0,2,-0.22585,2.0,11568.7,82.7612,-20.0511,-1.62716,11.7705,18.856,23.6569,29.2502,34.2359,37.4689,39.4678,41.4075,42.9179,44.5463,46.3068,48.2159,51.1764,55.0493,64.1904,96.3897,200.0,19.178,3.81409,-0.662578,78.2939,75.671,88.6566,88.6566
63.590638160705566,-0.4680510391072333,0.49999237060546875,0.0,2,-0.234352,2.0,11549.8,83.2018,-19.581,-1.62726,11.711,18.6068,23.2377,28.5872,33.3142,36.3586,38.2329,40.0457,41.4534,42.967,44.5989,46.3633,49.0885,52.6336,60.9136,89.1291,200.0,20.8275,3.86282,-0.662918,78.7667,76.6517,88.5118,88.5118
63.60969591140747,-0.4180154842543531,0.49999237060546875,0.0,2,-0.240162,2.0,11526.2,83.7127,-18.9303,-1.63258,11.6636,18.4291,22.9459,28.1343,32.6928,35.6157,37.4102,39.1421,40.4846,41.9257,43.4766,45.1503,47.7287,51.071,58.8255,84.7166,200.0,22.202,3.90953,-0.662073,78.963,77.4801,88.3339,88.3339
63.62895369529724,-0.35304401757073406,0.49999237060546875,0.0,2,-0.243736,2.0,11494.5,84.2869,-18.0275,-1.64117,11.6241,18.3047,22.7492,27.8372,32.2922,35.1413,36.8875,38.5707,39.8741,41.2718,42.7744,44.3941,46.8856,50.1087,57.5571,82.136,200.0,23.243,3.95666,-0.660017,79.1168,78.1252,88.0936,88.0936
63.649938344955444,-0.21917057186409833,0.49999237060546875,0.0,2,-0.245807,2.0,11456.1,84.896,-16.9507,-1.65189,11.5864,18.21,22.6076,27.6323,32.0232,34.8271,36.544,38.1977,39.4774,40.8492,42.3229,43.9105,46.3504,49.5031,56.7729,80.6053,200.0,24.035,4.00906,-0.656701,79.2861,78.6428,87.8017,87.8017
63.669034481048584,-0.11724847256982078,0.49999237060546875,0.0,2,-0.246965,2.0,11413.1,85.5202,-15.7417,-1.66373,11.5461,18.1271,22.4914,27.4727,31.8211,34.5954,36.2934,37.9283,39.193,40.5481,42.0036,43.5709,45.9787,49.0877,56.2485,79.6384,200.0,24.6908,4.07088,-0.652081,79.3556,78.9449,87.4733,87.4733
63.68900465965271,-0.06817662826070656,0.49999237060546875,0.0,2,-0.247751,2.0,11367.9,86.1353,-14.4718,-1.67512,11.4991,18.04,22.3745,27.3182,31.6305,34.3804,36.0627,37.6822,38.9346,40.2764,41.7172,43.2683,45.6505,48.7251,55.8007,78.8572,200.0,25.3483,4.14604,-0.646124,79.4338,79.1524,87.1276,87.1276
63.70803380012512,-0.05701005858135223,0.9999847412109375,0.0,2,-0.24838,2.0,11321.8,86.7359,-13.183,-1.68461,11.4438,17.9427,22.2468,27.153,31.4301,34.1563,35.8236,37.4283,38.6692,39.9983,41.4252,42.9611,45.3193,48.362,55.3595,78.1183,200.0,26.0663,4.23605,-0.638823,79.6461,79.431,86.7747,86.7747
63.72820591926575,-0.05341460256180726,0.49999237060546875,0.0,2,-0.249255,2.0,12495.9,87.4286,-12.0211,-1.69257,11.3777,17.8246,22.0906,26.9495,31.182,33.878,35.5264,37.1123,38.3383,39.6512,41.0604,42.5768,44.9042,47.9058,54.8027,77.1753,200.0,26.9712,4.34351,-0.630205,80.0792,79.8549,95.3783,95.3783
63.747528314590454,-0.053260281422858435,0.49999237060546875,0.0,2,-0.251507,2.0,12044.6,88.1872,-11.0919,-1.70037,11.2941,17.6567,21.858,26.6333,30.7845,33.4246,35.0371,36.5874,37.7851,39.0669,40.442,41.9207,44.1882,47.109,53.8051,75.3826,200.0,28.4637,4.47579,-0.620388,80.8069,80.3551,92.436,92.436
63.76852345466614,-0.05311818635885138,0.49999237060546875,0.0,2,-0.254618,2.0,11728.0,88.8857,-10.2037,-1.70756,11.1968,17.4545,21.5744,26.2442,30.2923,32.8613,34.4283,35.9333,37.095,38.3374,39.669,41.0997,43.2909,46.109,52.5498,73.1216,200.0,30.4705,4.63005,-0.609373,81.5972,80.919,89.9745,89.9745
63.788044452667236,-0.06356055843281994,0.9999847412109375,0.0,2,-0.257738,2.0,11507.9,89.5326,-9.29296,-1.71592,11.0914,17.2408,21.2778,25.841,29.7857,32.2839,33.8056,35.2658,36.392,37.5953,38.8841,40.2675,42.3839,45.1014,51.2942,70.9048,198.483,32.7498,4.8006,-0.597139,82.2792,81.5368,88.2518,88.2518
63.806721687316895,-0.12015581590101589,0.49999237060546875,0.0,2,-0.260623,2.0,12576.8,90.2545,-8.47858,-1.72543,10.9798,17.0225,20.979,25.4401,29.2868,31.7183,33.1977,34.6159,35.7088,36.8759,38.1249,39.4645,41.512,44.137,50.1033,68.8533,185.734,35.2138,4.98528,-0.583713,82.9277,82.221,96.033,96.033
63.8286247253418,-0.16354117772701723,0.49999237060546875,0.0,2,-0.263691,2.0,12048.5,91.0437,-7.90433,-1.73576,10.8603,16.7907,20.6629,25.0174,28.7624,31.1248,32.5604,33.9354,34.9942,36.124,37.3321,38.6268,40.6035,43.134,48.87,66.7552,173.639,38.0796,5.18589,-0.569259,83.8029,83.0613,92.4902,92.4902
63.847819089889526,-0.17503971176575497,0.9999847412109375,0.0,2,-0.265113,2.0,11685.4,91.7828,-7.27994,-1.747,10.7452,16.5915,20.4039,24.6861,28.3644,30.6826,32.0906,33.4385,34.476,35.5828,36.766,38.0335,39.9675,42.4419,48.0435,65.4484,167.552,40.2803,5.38422,-0.553892,84.396,84.0306,89.6603,89.6603
63.86771512031555,-0.1744917153387492,0.49999237060546875,0.0,2,-0.263937,2.0,12654.3,92.5912,-6.54462,-1.75896,10.6403,16.4469,20.2374,24.4993,28.1638,30.475,31.8794,33.2243,34.26,35.365,36.5465,37.8127,39.7455,42.2198,47.8268,65.2993,169.377,41.0191,5.56836,-0.53769,84.8121,85.0389,96.6591,96.6591
63.887736320495605,-0.1449679747397999,0.9999847412109375,0.0,2,-0.261178,2.0,12039.3,93.4686,-5.79536,-1.7728,10.5401,16.3328,20.1235,24.3958,28.0778,30.4043,31.8196,33.1761,34.2213,35.3373,36.5314,37.812,39.7688,42.2769,47.9747,65.855,176.44,40.8554,5.74431,-0.520793,85.4072,86.0036,92.4517,92.4517
63.9074273109436,-0.08596843554538489,0.49999237060546875,0.0,2,-0.257225,2.0,12887.3,94.3619,-4.92591,-1.78986,10.4423,16.2395,20.047,24.3528,28.0766,30.4357,31.8731,33.2525,34.3165,35.4536,36.6716,37.9792,39.98,42.5497,48.4086,66.9874,188.816,40.1065,5.91453,-0.503223,86.0226,86.8961,98.4697,98.4697
63.92792248725891,-0.03134507505838076,0.9999847412109375,0.0,2,-0.253609,2.0,12198.9,95.2812,-4.0549,-1.80854,10.3376,16.1301,19.9473,24.2779,28.0353,30.4215,31.8777,33.2767,34.3569,35.5123,36.751,38.0823,40.1223,42.7469,48.7518,67.9852,200.0,39.6537,6.09375,-0.485,86.7981,87.6141,93.7018,93.7018
63.94750690460205,-0.004694958077790215,0.49999237060546875,0.0,2,-0.251133,2.0,13003.5,96.185,-3.24492,-1.82715,10.2208,15.9843,19.7912,24.1199,27.8841,30.2786,31.7415,33.148,34.2347,35.3979,36.6458,37.9879,40.0463,42.6983,48.7802,68.4001,200.0,39.849,6.29125,-0.466073,87.6404,88.2258,99.3709,99.3709
63.96651244163513,-0.0006345511922966688,0.9999847412109375,0.0,2,-0.250378,2.0,12293.3,97.0886,-2.64463,-1.84519,10.0886,15.7886,19.5564,23.8434,27.5738,29.9482,31.3991,32.7947,33.8731,35.0276,36.2665,37.5991,39.6437,42.2789,48.3269,67.8805,200.0,40.9292,6.51395,-0.446468,88.6337,88.8384,94.428,94.428
63.98697519302368,0.0,0.49999237060546875,0.0,2,-0.250685,2.0,13097.4,97.9716,-2.20993,-1.8621,9.94557,15.5603,19.2706,23.4911,27.1627,29.4991,30.9266,32.2994,33.3603,34.4959,35.7143,37.0249,39.0353,41.6261,47.5703,66.7712,200.0,42.587,6.75573,-0.42622,89.5836,89.5281,100.092,100.092
64.00646877288818,0.0,0.9999847412109375,0.0,2,-0.251757,2.0,12390.1,98.8627,-1.92805,-1.878,9.7942,15.3083,18.9484,23.085,26.6801,28.9661,30.3622,31.7043,32.7412,33.8508,35.0409,36.3207,38.283,40.8103,46.6029,65.2554,199.324,44.7228,7.01352,-0.405404,90.5164,90.2735,95.1625,95.1625
64.02581357955933,0.0,0.49999237060546875,0.0,2,-0.252968,2.0,13207.9,99.7354,-1.6963,-1.8927,9.6385,15.0481,18.6152,22.6644,26.1796,28.413,29.7762,31.0863,32.0979,33.1802,34.3408,35.5883,37.5003,39.9612,45.5948,63.6725,190.839,47.041,7.28032,-0.38405,91.3394,91.0552,100.937,100.937
64.04668307304382,0.0,0.9999847412109375,0.0,2,-0.254349,2.0,12508.2,100.62,-1.53146,-1.90738,9.47869,14.7798,18.2708,22.2288,25.6605,27.8388,29.1676,30.444,31.4293,32.4831,33.6126,34.8263,36.6854,39.0766,44.5432,62.0166,182.056,49.5779,7.5562,-0.362208,92.1853,91.8596,96.0597,96.0597
64.06551051139832,-0.002864803983628129,0.49999237060546875,0.0,2,-0.255538,2.0,13342.3,101.485,-1.37037,-1.93877,9.31692,14.5117,17.9289,21.799,25.1512,27.2772,28.5734,29.8181,30.7786,31.8055,32.9059,34.0879,35.8977,38.2239,43.5362,60.4598,174.455,52.113,7.83645,-0.339894,92.9265,92.6596,101.964,101.964
64.08577823638916,-0.028036543391263113,0.9999847412109375,0.0,2,-0.256642,2.0,12650.9,102.363,-1.25238,-1.98586,9.15288,14.2418,17.5859,21.3697,24.6437,26.7187,27.9832,29.197,30.1334,31.1342,32.2065,33.3578,35.1198,37.3835,42.5475,58.949,167.49,54.7002,8.12172,-0.317153,93.7285,93.47,97.1455,97.1455
64.10526490211487,-0.07499505834057928,0.49999237060546875,0.0,2,-0.256968,2.0,13501.8,103.22,-1.16092,-2.03271,8.99057,13.9851,17.2662,20.9775,24.188,26.2222,27.4617,28.6514,29.5691,30.5499,31.6005,32.7286,34.4549,36.6722,41.7289,57.7752,163.421,56.7985,8.40129,-0.294042,94.4316,94.3416,103.184,103.184
64.12433004379272,-0.10901482889894397,0.9999847412109375,0.0,2,-0.255772,2.0,12811.7,104.093,-1.11091,-2.07236,8.83457,13.7575,16.9951,20.6611,23.8358,25.8489,27.0763,28.2547,29.164,30.1361,31.1777,32.2964,34.0093,36.2106,41.2367,57.2378,164.612,57.7527,8.66134,-0.2707,95.0714,95.3207,98.3748,98.3748
64.15265417098999,-0.11336105448315852,0.49999237060546875,0.0,2,-0.252247,2.0,13668.7,104.943,-0.953808,-2.10234,8.68967,13.5758,16.7998,20.462,23.6434,25.6657,26.9004,28.0872,29.004,29.9849,31.0369,32.168,33.902,36.1347,41.2496,57.6965,174.876,56.9655,8.88612,-0.247271,95.5769,96.3471,104.462,104.462
64.1723244190216,-0.11297201582349836,0.9999847412109375,0.0,2,-0.246719,2.0,13027.4,105.784,-0.639349,-2.15364,8.55447,13.4334,16.6697,20.3644,23.5904,25.649,26.9091,28.1224,29.0611,30.0669,31.1473,32.3109,34.0985,36.4072,41.7256,59.1115,197.021,54.9221,9.07783,-0.223841,96.1565,97.3933,99.9902,99.9902
64.19117879867554,-0.10791141212296984,0.49999237060546875,0.0,2,-0.239934,2.0,13978.6,106.582,-0.239462,-2.22053,8.42561,13.3158,16.5813,20.3332,23.6303,25.7448,27.0431,28.2963,29.2677,30.3105,31.4329,32.6442,34.5105,36.9301,42.5452,61.3074,200.0,52.398,9.24618,-0.200491,96.7388,98.2772,106.807,106.807
64.21118354797363,-0.09410892829167035,0.9999847412109375,0.0,2,-0.232229,2.0,13316.6,107.425,0.21793,-2.26591,8.30156,13.2167,16.5248,20.3541,23.7452,25.9328,27.281,28.586,29.6001,30.6912,31.8683,33.142,35.111,37.676,43.682,64.3105,200.0,49.7531,9.39595,-0.177249,97.3974,99.1599,102.241,102.241
64.22988057136536,-0.0853589595342055,0.49999237060546875,0.0,2,-0.224372,2.0,14203.4,108.26,0.663078,-2.29892,8.17889,13.1213,16.4754,20.389,23.8831,26.1515,27.5552,28.918,29.9798,31.125,32.3639,33.708,35.7937,38.5252,44.9847,67.8795,200.0,47.4131,9.53821,-0.154191,98.1199,99.9335,108.55,108.55
64.24878096580505,-0.07705500967329368,0.9999847412109375,0.0,2,-0.216415,2.0,13500.7,109.118,1.08936,-2.32167,8.05736,13.0285,16.4317,20.436,24.042,26.3991,27.8639,29.2908,30.4058,31.6115,32.9193,34.3428,36.5609,39.4823,46.4681,72.1336,200.0,45.3449,9.67394,-0.131319,98.8879,100.734,103.66,103.66
64.26792192459106,-0.07678566485655805,0.49999237060546875,0.0,2,-0.208898,2.0,14367.0,109.96,1.41431,-2.33544,7.93481,12.9279,16.3753,20.4652,24.1801,26.6247,28.1507,29.6419,30.8106,32.0777,33.4562,34.9613,37.3162,40.4364,47.9839,76.8021,200.0,43.6876,9.81052,-0.108726,99.6795,101.435,109.814,109.814
64.28703784942627,-0.07651152173548625,0.9999847412109375,0.0,2,-0.201394,2.0,13650.9,110.817,1.69664,-2.34473,7.81354,12.8286,16.3219,20.5017,24.3325,26.8714,28.4635,30.0249,31.2523,32.5869,34.0434,35.6389,38.1468,41.4911,49.6835,82.3695,200.0,42.2135,9.94155,-0.0864226,100.465,102.217,104.805,104.805
64.30569839477539,-0.0762456956752638,0.49999237060546875,0.0,2,-0.194255,2.0,14528.4,111.648,1.88103,-2.35345,7.69246,12.7242,16.2596,20.5258,24.4707,27.104,28.763,30.3958,31.6834,33.0876,34.6247,36.3146,38.983,42.5655,51.4586,88.685,200.0,40.9923,10.0714,-0.0645146,101.237,102.913,111.05,111.05
64.32388806343079,-0.07597507131070519,0.9999847412109375,0.0,2,-0.187002,2.0,13823.9,112.494,2.0789,-2.37873,7.57397,12.625,16.2064,20.5668,24.6374,27.3755,29.1092,30.8221,32.1776,33.6604,35.2893,37.0868,39.9401,43.799,53.523,96.5977,200.0,39.8458,10.1933,-0.0429862,101.994,103.693,106.12,106.12
64.35164952278137,-0.07571436344177462,0.49999237060546875,0.0,2,-0.180147,2.0,14727.8,113.309,2.19723,-2.41275,7.45602,12.5207,16.1438,20.5939,24.7873,27.6298,29.4386,31.2328,32.6575,34.221,35.9447,37.8543,40.9016,45.0549,55.6854,105.823,200.0,38.8932,10.3142,-0.0219206,102.757,104.373,112.57,112.57
64.36985325813293,-0.07544853738155216,0.9999847412109375,0.0,2,-0.173076,2.0,14035.6,114.14,2.3427,-2.44927,7.34158,12.4246,16.0955,20.6466,24.9793,27.9407,29.8356,31.7233,33.2279,34.8853,36.7196,38.7606,42.0371,46.5419,58.2821,118.073,164.827,37.9564,10.4255,-0.00128889,103.514,105.165,107.739,107.739
64.38796591758728,-0.0751916681560905,0.49999237060546875,0.0,2,-0.16622,2.0,14958.2,114.943,2.43363,-2.4833,7.22904,12.3282,16.0459,20.6989,25.1745,28.2599,30.2455,32.2324,33.8225,35.5805,37.5343,39.7183,43.2468,48.1436,61.1587,133.696,141.485,37.1296,10.533,0.0188313,104.263,105.871,114.33,114.33
64.40598034858704,-0.07493000062629271,0.9999847412109375,0.0,2,-0.15897,2.0,14277.0,115.761,2.57799,-2.5221,7.1213,12.2451,16.0196,20.7932,25.4381,28.6709,30.765,32.8709,34.5642,36.4442,38.5437,40.9031,44.7431,50.1312,64.7937,156.819,123.51,36.2708,10.6282,0.0384739,104.999,106.681,109.577,109.577
64.42400455474854,-0.07468272800950333,0.49999237060546875,0.0,2,-0.151686,2.0,15254.2,116.534,2.70958,-2.58213,7.01706,12.1682,16.0038,20.9082,25.7387,29.1354,31.351,33.5915,35.4019,37.4216,39.6889,42.2522,46.4585,52.4338,69.1428,191.626,109.931,35.4577,10.7161,0.0575679,105.699,107.391,116.579,116.579
64.45029783248901,-0.07442170025361702,0.9999847412109375,0.0,2,-0.143853,2.0,14560.2,117.35,2.90953,-2.62569,6.91873,12.1094,16.021,21.0844,26.1412,29.7392,32.1052,34.5133,36.4705,38.6662,41.1466,43.9706,48.6514,55.4019,74.9349,200.0,98.5197,34.5921,10.7897,0.0761514,106.389,108.197,111.774,111.774
64.46769690513611,-0.07045669947333634,0.49999237060546875,0.0,2,-0.136047,2.0,15480.6,118.154,3.07008,-2.65941,6.82397,12.0567,16.0492,21.2842,26.5894,30.4123,32.9481,35.5473,37.6737,40.0738,42.8041,45.9373,51.1898,58.8968,82.1196,200.0,89.5291,33.7836,10.857,0.0941455,107.102,108.918,118.331,118.331
64.48604822158813,-0.059689272397086025,0.9999847412109375,0.0,2,-0.127902,2.0,14747.9,118.984,3.27992,-2.6851,6.73451,12.0189,16.1053,21.5395,27.1372,31.2284,33.9695,36.8019,39.1364,41.7906,44.8345,48.361,54.3525,63.3315,91.8171,200.0,81.8867,32.9675,10.9132,0.111579,107.834,109.724,113.222,113.222
64.50357437133789,-0.04985021693229675,0.49999237060546875,0.0,2,-0.120202,2.0,15646.7,119.799,3.42238,-2.70293,6.64688,11.9784,16.156,21.7898,27.6891,32.064,35.0255,38.1119,40.6757,43.6129,47.0112,50.988,57.8462,68.3683,103.832,200.0,75.9684,32.264,10.9691,0.128377,108.615,110.425,119.614,119.614
64.5291359424591,-0.04092149033683352,0.9999847412109375,0.0,2,-0.112658,2.0,14893.8,120.639,3.5756,-2.71675,6.56225,11.9415,16.2133,22.058,28.2841,32.973,36.1825,39.558,42.3864,45.6542,49.4719,53.9909,61.917,74.4151,119.827,200.0,71.0707,31.6173,11.021,0.144592,109.426,111.199,114.34,114.34
64.54563117027283,-0.028123575699329377,0.49999237060546875,0.0,2,-0.106004,2.0,15789.8,121.46,3.61326,-2.73032,6.47731,11.8907,16.2425,22.2767,28.8089,33.801,37.2548,40.92,44.0172,47.6255,51.8826,56.9801,66.0779,80.8438,139.266,200.0,67.4179,31.1174,11.0786,0.160159,110.261,111.849,120.715,120.715
64.57032942771912,-0.02363135062524428,0.9999847412109375,0.0,2,-0.0998433,2.0,15032.2,122.305,3.64895,-2.7479,6.39362,11.8345,16.2598,22.4757,29.3117,34.6127,38.3199,42.2899,45.6741,49.6511,54.3912,60.1371,70.5854,88.0924,164.829,200.0,64.4644,30.6962,11.1371,0.175151,111.126,112.594,115.397,115.397
64.58781576156616,-0.019545445091575384,0.49999237060546875,0.0,2,-0.094756,2.0,15934.9,123.131,3.54529,-2.76668,6.30859,11.7584,16.2353,22.5937,29.683,35.2516,39.1834,43.4288,47.0764,51.3971,56.5958,62.9698,74.768,95.1629,194.983,200.0,62.3698,30.4162,11.2037,0.189518,111.989,113.221,121.826,121.826
64.60466194152832,-0.014189644698612391,0.9999847412109375,0.0,2,-0.0900472,2.0,15175.9,123.98,3.44068,-2.78786,6.22537,11.6792,16.2018,22.6939,30.029,35.8639,40.0231,44.5509,48.4724,53.1553,58.8451,65.9043,79.2184,103.024,200.0,200.0,60.6165,30.181,11.2697,0.20333,112.843,113.971,116.495,116.495
64.63005042076111,-0.011090582959282523,0.49999237060546875,0.0,2,-0.0862301,2.0,16086.2,124.807,3.24613,-2.81074,6.14165,11.584,16.1324,22.7198,30.2468,36.299,40.6487,45.4182,49.5779,54.5808,60.7119,68.4007,83.1548,110.385,200.0,200.0,59.3935,30.0473,11.3417,0.216554,113.697,114.624,122.982,122.982
64.64663004875183,-0.00718532378996412,0.9999847412109375,0.0,2,-0.0827087,2.0,15332.1,125.655,3.07504,-2.84164,6.05988,11.4871,16.0562,22.7294,30.437,36.6993,41.2361,46.2459,50.6455,55.975,62.5633,70.9155,87.2301,118.373,200.0,186.944,58.3556,29.9408,11.4126,0.229277,114.542,115.387,117.69,117.69
64.6640272140503,-0.006058966852258891,0.49999237060546875,0.0,2,-0.0799459,2.0,16245.6,126.486,2.83578,-2.87031,5.97793,11.3767,15.9485,22.6711,30.5034,36.9213,41.6017,46.8004,51.3923,56.9881,63.9569,72.8737,90.5622,125.36,200.0,176.454,57.6842,29.913,11.4885,0.241482,115.379,116.053,124.208,124.208
64.68912267684937,-0.0060356541671790186,0.9999847412109375,0.0,2,-0.0774096,2.0,15472.8,127.346,2.62323,-2.89779,5.89793,11.2657,15.8359,22.599,30.5436,37.1062,41.9224,47.3022,52.0807,57.9381,65.2857,74.7739,93.8898,132.676,200.0,168.04,57.119,29.9017,11.563,0.253252,116.219,116.83,118.77,118.77
64.7056052684784,-0.004103054669673244,0.49999237060546875,0.0,2,-0.0754698,2.0,16378.9,128.184,2.35449,-2.92169,5.81819,11.1448,15.6991,22.472,30.4793,37.136,42.0457,47.5547,52.47,58.5235,66.1617,76.0996,96.3799,138.625,200.0,162.52,56.8051,29.9483,11.6411,0.264572,117.038,117.515,125.236,125.236
64.73010778427124,-0.0013694971603900193,0.9999847412109375,0.0,2,-0.0736707,2.0,15598.7,129.048,2.13073,-2.94377,5.74043,11.0248,15.5609,22.338,30.3992,37.1414,42.138,47.7687,52.8145,59.0572,66.9793,77.3628,98.824,144.735,200.0,157.852,56.5426,30.0016,11.7174,0.275525,117.876,118.311,119.727,119.727
64.74765300750732,0.0,0.9999847412109375,0.0,2,-0.07244,2.0,16509.2,129.885,1.8738,-2.9624,5.66257,10.895,15.3988,22.1491,30.2126,36.9852,42.0212,47.7135,52.8302,59.1813,67.2738,77.9376,100.181,148.714,200.0,155.225,56.5026,30.1102,11.7978,0.28611,118.692,119.0,126.239,126.239
64.76460409164429,0.0009106331755469241,0.49999237060546875,0.0,2,-0.0711973,2.0,17133.5,130.872,1.72134,-2.96681,5.58671,10.7688,15.2415,21.9673,30.0363,36.843,41.9219,47.681,52.8742,59.3419,67.6182,78.5843,101.685,153.167,200.0,152.661,56.4475,30.2102,11.8755,0.296431,119.558,119.853,131.072,131.072
64.78915762901306,0.0013541002818817894,0.9999847412109375,0.0,2,-0.0698708,2.0,16149.4,131.841,1.60269,-2.97312,5.51271,10.6471,15.0918,21.7991,29.8836,36.7356,41.8678,47.7074,52.9915,59.597,68.0898,79.4125,103.527,158.595,200.0,149.953,56.3509,30.2952,11.9499,0.306549,120.454,120.767,124.044,124.044
64.80487275123596,0.0009027996557050696,0.49999237060546875,0.0,2,-0.068908,2.0,16932.6,132.757,1.43607,-2.98176,5.43863,10.5191,14.9267,21.5951,29.6605,36.5201,41.6724,47.5496,52.8821,59.5664,68.1911,79.7431,104.553,162.286,200.0,148.36,56.391,30.4153,12.027,0.31644,121.331,121.568,129.512,129.512
64.82911205291748,0.0013428470958520968,0.9999847412109375,0.0,2,-0.068126,2.0,16078.3,133.654,1.27258,-2.9942,5.36511,10.389,14.7552,21.3751,29.4043,36.2527,41.4084,47.3021,52.6611,59.3941,68.1073,79.8236,105.164,165.09,200.0,147.293,56.4943,30.5506,12.1048,0.32614,122.214,122.408,123.413,123.413
64.84594440460205,0.0013375153325870632,0.9999847412109375,0.0,2,-0.0677331,2.0,16952.9,134.513,1.07594,-2.99349,5.29129,10.2521,14.5673,21.1169,29.0721,35.8674,40.989,46.8501,52.1849,58.896,67.5938,79.3135,104.752,165.419,200.0,147.277,56.742,30.7247,12.186,0.33564,123.027,123.135,129.66,129.66
64.8696403503418,0.0008912758623249829,0.49999237060546875,0.0,2,-0.0673416,2.0,17515.4,135.53,0.94676,-2.99578,5.21847,10.1169,14.3817,20.8616,28.7434,35.4859,40.5737,46.4022,51.7134,58.4026,67.0853,78.8076,104.348,165.779,200.0,147.252,56.9836,30.8954,12.2659,0.345007,123.903,124.001,134.021,134.021
64.88681149482727,0.0008872614431381225,0.9999847412109375,0.0,2,-0.0669049,2.0,16518.7,136.496,0.839234,-3.00543,5.14653,9.98396,14.1999,20.6131,28.4263,35.1209,40.1792,45.9814,51.2749,57.9508,66.6312,78.3771,104.075,166.495,200.0,147.099,57.2022,31.0583,12.3444,0.354283,124.822,124.928,126.85,126.85
64.91107749938965,0.0005346405319869518,0.9999847412109375,0.0,2,-0.0666593,2.0,17344.2,137.383,0.714814,-3.02154,5.07452,9.84789,14.0103,20.3464,28.0727,34.6989,39.7093,45.4603,50.7109,57.3378,65.9629,77.6491,103.279,165.884,200.0,147.439,57.491,31.2404,12.4245,0.363455,125.666,125.732,132.664,132.664
64.92763113975525,-0.0018320344596480331,0.49999237060546875,0.0,2,-0.0664123,2.0,17902.3,138.397,0.631747,-3.0442,5.00298,9.71267,13.8219,20.0812,27.7208,34.2787,39.2412,44.9411,50.1493,56.7272,65.297,76.9238,102.484,165.279,200.0,147.769,57.776,31.4205,12.504,0.372564,126.549,126.61,136.986,136.986
64.944256067276,-0.01037376034502561,0.9999847412109375,0.0,2,-0.0660685,2.0,16886.5,139.362,0.5565,-3.06611,4.93218,9.58016,13.6387,19.8267,27.389,33.8888,38.8127,44.4739,49.6514,56.198,64.739,76.348,101.958,165.387,200.0,147.834,58.0191,31.588,12.5816,0.38163,127.47,127.543,129.679,129.679
64.96815037727356,-0.023747117661405356,0.9999847412109375,0.0,2,-0.0655373,2.0,17696.9,140.25,0.466979,-3.05459,4.8628,9.45296,13.4659,19.5934,27.0964,33.5584,38.4616,44.1078,49.2795,55.83,64.3945,76.0695,101.963,166.936,200.0,147.401,58.1822,31.7314,12.6557,0.390612,128.296,128.415,135.373,135.373
64.98566913604736,-0.04520087067604065,0.49999237060546875,0.0,2,-0.0643199,2.0,18234.2,141.269,0.432676,-3.04916,4.79707,9.34235,13.3272,19.4325,26.9425,33.4409,38.3907,44.1105,49.369,56.0563,64.8443,76.9068,104.006,174.183,200.0,145.224,58.066,31.792,12.7189,0.399491,129.098,129.364,139.539,139.539
65.01013112068176,-0.05674883371219039,0.9999847412109375,0.0,2,-0.0619472,2.0,17192.9,142.235,0.458565,-3.05182,4.73732,9.25931,13.2457,19.3943,27.0266,33.6932,38.8103,44.7663,50.2832,57.3556,66.7491,79.8292,110.028,193.891,200.0,140.378,57.4944,31.7153,12.7637,0.408209,129.875,130.391,132.028,132.028
65.02626752853394,-0.0802557216073914,0.9999847412109375,0.0,2,-0.0585154,2.0,17968.8,143.133,0.557331,-3.04307,4.68391,9.20323,13.2197,19.4764,27.3491,34.3239,39.7409,46.1167,52.0908,59.8483,70.327,85.2618,121.358,200.0,200.0,133.617,56.5338,31.5145,12.7907,0.416658,130.559,131.318,137.494,137.494
65.04922389984131,-0.08355786040261387,0.49999237060546875,0.0,2,-0.0536402,2.0,18408.3,144.193,0.769852,-3.00889,4.63892,9.18419,13.2716,19.7323,28.0279,35.5371,41.4756,48.5878,55.3756,64.3736,76.8703,95.3965,144.004,200.0,200.0,124.835,55.0921,31.1532,12.7939,0.424774,131.271,132.344,140.909,140.909
65.06517291069031,-0.08317459540084005,0.9999847412109375,0.0,2,-0.0474442,2.0,17374.7,145.137,1.08777,-2.98477,4.60252,9.20204,13.4026,20.1722,29.1068,37.4394,44.2011,52.5068,60.6535,71.7989,87.9707,113.558,191.597,200.0,200.0,115.12,53.2888,30.6565,12.7752,0.432473,132.045,133.43,133.37,133.37
65.08801674842834,-0.08283923852428794,0.9999847412109375,0.0,2,-0.0410431,2.0,18243.3,145.963,1.36352,-2.9782,4.57128,9.23477,13.5646,20.6919,30.3923,39.7549,47.5875,57.511,67.5842,81.9439,104.061,142.544,200.0,200.0,200.0,106.585,51.5372,30.1493,12.7494,0.439619,132.772,134.247,139.559,139.559
65.10767841339111,-0.061705756528303034,0.49999237060546875,0.0,2,-0.0338934,2.0,18784.7,146.95,1.77663,-2.99188,4.54749,9.29625,13.7906,21.3768,32.0968,42.9014,52.3082,64.7393,77.9843,98.0521,132.04,200.0,200.0,200.0,200.0,98.4215,49.6853,29.581,12.7096,0.446219,133.53,135.164,143.754,143.754
65.13013410568237,-0.04377748208999633,0.9999847412109375,0.0,2,-0.0264257,2.0,17805.1,147.842,2.23505,-3.01789,4.52945,9.37775,14.0631,22.197,34.2002,46.9464,58.6141,74.9192,93.5073,124.375,185.687,200.0,200.0,200.0,200.0,91.146,47.8789,29.0,12.662,0.452281,134.392,136.123,136.672,136.672
65.1455385684967,-0.024777640531460445,0.9999847412109375,0.0,2,-0.0199803,2.0,18685.2,148.65,2.49674,-2.98387,4.51226,9.44781,14.3078,22.9664,36.285,51.1836,65.5602,86.9415,113.36,162.86,200.0,200.0,200.0,200.0,175.584,85.7346,46.4415,28.5254,12.6238,0.457707,135.308,136.83,142.939,142.939
65.1691427230835,-0.017261959810853007,0.49999237060546875,0.0,2,-0.014068,2.0,19192.3,149.636,2.81786,-2.9547,4.49743,9.51662,14.548,23.7416,38.4874,55.915,73.7474,102.316,141.475,200.0,200.0,200.0,200.0,200.0,157.501,81.3334,45.2036,28.1052,12.5887,0.46257,136.23,137.623,146.911,146.911
65.18392896652222,-0.00638789040957888,0.9999847412109375,0.0,2,-0.00884945,2.0,18154.9,150.553,2.99832,-2.94055,4.48389,9.57863,14.7697,24.482,40.7032,60.9726,83.0555,121.619,181.991,200.0,200.0,200.0,200.0,200.0,144.462,77.8334,44.1735,27.7484,12.5588,0.466913,137.189,138.434,139.381,139.381
65.20560383796692,-0.004487277865074575,0.9999847412109375,0.0,2,-0.00529081,2.0,18926.7,151.427,2.914,-2.90604,4.4681,9.60804,14.9054,24.9853,42.329,64.9451,90.8639,139.657,200.0,200.0,200.0,200.0,200.0,200.0,136.852,75.666,43.5246,27.5264,12.5454,0.470651,138.141,139.028,144.866,144.866
65.22778296470642,-0.0029242753118276597,0.49999237060546875,0.0,2,-0.00269586,2.0,19239.1,152.515,2.76136,-2.83257,4.45257,9.62135,14.9938,25.3476,43.5764,68.1652,97.5534,156.685,200.0,200.0,200.0,200.0,200.0,200.0,131.855,74.1913,43.0794,27.3765,12.5399,0.473847,139.163,139.818,147.334,147.334
65.25066423416138,-0.002910637528896332,0.9999847412109375,0.0,2,-0.000854794,2.0,18208.2,153.436,2.47681,-2.77693,4.43797,9.62326,15.0459,25.5937,44.4815,70.6218,102.907,171.559,200.0,200.0,200.0,200.0,200.0,200.0,128.574,73.204,42.7825,27.2793,12.5395,0.476533,140.2,140.68,139.714,139.714
65.2657675743103,-0.002898613772392273,0.9999847412109375,0.0,2,-0.000164334,2.0,19081.8,154.248,2.05845,-2.75289,4.42286,9.60308,15.033,25.6321,44.7361,71.4416,104.859,177.557,200.0,200.0,200.0,200.0,200.0,200.0,127.486,72.8971,42.7052,27.264,12.549,0.478675,141.074,141.292,146.016,146.016
65.28675889968872,-0.0028836136919260023,0.9999847412109375,0.0,2,0.000434574,2.0,19487.0,155.261,1.76437,-2.76383,4.41079,9.5878,15.0253,25.6718,44.9712,72.1896,106.648,183.193,200.0,200.0,200.0,200.0,200.0,200.0,126.549,72.6282,42.6351,27.2486,12.5562,0.48041,141.963,142.124,149.2,149.2
65.30875492095947,-0.002868421112895012,0.9999847412109375,0.0,2,0.0011999,2.0,19580.0,156.287,1.55315,-2.76384,4.40216,9.58304,15.0386,25.7631,45.3483,73.2908,109.216,191.296,200.0,200.0,200.0,200.0,200.0,198.379,125.307,72.2488,42.5231,27.2142,12.5586,0.481824,142.921,143.104,149.863,149.863
65.323721408844,-0.002853657953739166,0.9999847412109375,0.0,2,0.00213116,2.0,19439.4,157.284,1.38321,-2.70724,4.3968,9.58848,15.0727,25.9062,45.8725,74.7733,112.666,200.0,200.0,200.0,200.0,200.0,200.0,194.492,123.78,71.7643,42.3705,27.1615,12.5564,0.482937,143.871,144.089,149.157,149.157
65.34552454948425,-0.002839250176548958,0.9999847412109375,0.0,2,0.00305003,2.0,19277.0,158.257,1.24041,-2.66666,4.39377,9.59881,15.1145,26.063,46.4279,76.342,116.366,200.0,200.0,200.0,200.0,200.0,200.0,190.773,122.292,71.2804,42.2138,27.105,12.552,0.483771,144.766,144.983,148.987,148.989
65.36711692810059,-0.002825257011651993,0.9999847412109375,0.0,3,0.00385302,2.0,19251.3,159.202,1.10566,-2.6456,4.39242,9.61075,15.1558,26.2099,46.9399,77.7963,119.85,200.0,200.0,200.0,200.0,200.0,200.0,187.62,121.007,70.8561,42.0735,27.053,12.5469,0.484347,145.646,145.84,148.834,148.837
65.38910698890686,-0.002818563984632492,0.9999847412109375,0.0,3,0.00431221,3.0,15380.9,159.654,0.895715,-2.53481,4.39172,9.61777,15.1798,26.2951,47.2391,78.6545,121.944,200.0,200.0,200.0,200.0,200.0,200.0,185.867,120.285,70.6154,41.9936,27.0232,12.5438,0.484667,146.429,146.549,140.907,140.987
65.40462589263916,-0.002821096081137657,0.9999847412109375,0.0,3,0.0043208,3.0,15354.2,159.483,0.650856,-2.42064,4.39123,9.61684,15.1785,26.2939,47.2395,78.6621,121.971,200.0,200.0,200.0,200.0,200.0,200.0,185.841,120.276,70.6137,41.9937,27.0237,12.5443,0.48473,146.554,146.566,140.652,140.645
65.42695760726929,-0.004309366776297489,0.9999847412109375,0.0,3,0.0042774,3.0,14498.0,159.3,0.46225,-2.3535,4.39216,9.61809,15.1793,26.2909,47.2205,78.5957,121.794,200.0,200.0,200.0,200.0,200.0,200.0,185.993,120.336,70.6314,41.9984,27.0246,12.5437,0.484597,146.424,146.415,140.188,140.018
65.4489574432373,-0.006094706010669471,0.9999847412109375,0.0,3,0.0043618,3.0,15332.1,159.707,0.340845,-2.32484,4.39488,9.6256,15.1936,26.3238,47.3067,78.8073,122.267,200.0,200.0,200.0,200.0,200.0,200.0,185.63,120.177,70.5713,41.9742,27.0131,12.5403,0.484323,146.443,146.462,147.981,147.981
65.46459007263184,-0.006068635210941235,0.9999847412109375,0.0,3,0.00470513,3.0,15542.4,160.521,0.283996,-2.3116,4.39967,9.64252,15.23,26.42,47.5909,79.5612,124.038,200.0,200.0,200.0,200.0,200.0,200.0,184.265,119.593,70.3631,41.8971,26.9796,12.5328,0.483939,147.02,147.097,150.096,150.096
65.48613286018372,-0.006040418534576893,0.9999847412109375,0.0,3,0.00526493,3.0,15647.0,161.402,0.267778,-2.19394,4.4063,9.66755,15.2855,26.5708,48.0482,80.7964,127.002,200.0,200.0,200.0,200.0,200.0,200.0,182.099,118.664,70.0331,41.776,26.9277,12.5218,0.483454,147.806,147.935,151.139,151.139
65.5067207813263,-0.006011369129965702,0.9999847412109375,0.0,3,0.00593298,3.0,15716.4,162.309,0.276063,-2.10988,4.41425,9.6976,15.3523,26.7529,48.6047,82.3201,130.723,200.0,200.0,200.0,200.0,200.0,200.0,179.576,117.573,69.6425,41.632,26.8659,12.5086,0.482871,148.592,148.746,151.819,151.819
65.53012228012085,-0.005982095529288053,0.9999847412109375,0.0,3,0.00661915,3.0,15774.1,163.223,0.288103,-2.05206,4.42312,9.73011,15.4238,26.9465,49.1963,83.9556,134.79,200.0,200.0,200.0,200.0,200.0,200.0,177.043,116.467,69.2418,41.4828,26.8012,12.4944,0.482192,149.398,149.557,152.379,152.379
65.54415273666382,-0.0027510414111614227,0.9999847412109375,0.0,3,0.00726097,3.0,15718.1,164.214,0.287883,-1.91701,4.43266,9.76335,15.4953,27.1372,49.7752,85.565,138.859,200.0,200.0,200.0,200.0,200.0,200.0,174.721,115.438,68.8641,41.3402,26.7383,12.4799,0.481413,150.238,150.389,151.888,151.888
65.56668591499329,-0.0016004360333705943,0.9999847412109375,0.0,3,0.00770729,3.0,15742.6,165.147,0.27216,-1.77162,4.4422,9.79295,15.5555,27.2888,50.218,86.7757,141.924,200.0,200.0,200.0,200.0,200.0,200.0,173.1,114.706,68.5877,41.2319,26.6886,12.467,0.480532,151.12,151.232,152.069,152.069
65.58864784240723,-0.0007632222003738085,0.9999847412109375,0.0,3,0.00795382,3.0,15841.0,166.026,0.237911,-1.67711,4.45157,9.81834,15.6032,27.3982,50.5112,87.5374,143.801,200.0,200.0,200.0,200.0,200.0,200.0,172.161,114.269,68.4139,41.159,26.6526,12.4559,0.479567,151.961,152.028,152.995,152.995
65.60975074768066,0.0,0.9999847412109375,0.0,3,0.00808352,3.0,15985.5,166.874,0.202193,-1.66055,4.461,9.84166,15.6442,27.4837,50.7181,88.0312,144.952,200.0,200.0,200.0,200.0,200.0,200.0,171.61,113.999,68.2984,41.1062,26.6242,12.4456,0.478533,152.767,152.805,154.376,154.376
65.62488055229187,0.0,0.9999847412109375,0.0,3,0.00814169,3.0,16134.0,167.72,0.170687,-1.69614,4.47055,9.86384,15.6812,27.5548,50.8711,88.3577,145.643,200.0,200.0,200.0,200.0,200.0,200.0,171.293,113.831,68.2182,41.0653,26.6003,12.4357,0.477448,153.56,153.58,155.816,155.816
65.64798498153687,0.0,0.9999847412109375,0.0,3,0.00817746,3.0,16257.6,168.574,0.13957,-1.59187,4.48037,9.8862,15.7178,27.6229,51.0105,88.6378,146.201,200.0,200.0,200.0,200.0,200.0,200.0,171.044,113.692,68.1475,41.0273,26.5773,12.4258,0.476319,154.444,154.455,157.027,157.027
65.66897797584534,0.0,0.9999847412109375,0.0,3,0.00821465,3.0,16350.3,169.455,0.115867,-1.50413,4.49052,9.90932,15.7557,27.6935,51.155,88.9285,146.78,200.0,200.0,200.0,200.0,200.0,200.0,170.787,113.549,68.0744,40.9879,26.5535,12.4155,0.475153,155.242,155.251,157.934,157.934
65.68425226211548,0.0,0.9999847412109375,0.0,3,0.00824469,3.0,16425.1,170.348,0.0965816,-1.44029,4.5009,9.93282,15.794,27.764,51.2967,89.2071,147.321,200.0,200.0,200.0,200.0,200.0,200.0,170.549,113.412,68.0035,40.9491,26.5297,12.4051,0.473955,156.039,156.047,158.663,158.663
65.70429635047913,0.0,0.9999847412109375,0.0,3,0.00826186,3.0,16338.1,171.35,0.077709,-1.23903,4.51148,9.95649,15.8321,27.833,51.4307,89.4585,147.783,200.0,200.0,200.0,200.0,200.0,200.0,170.351,113.293,67.938,40.9118,26.5063,12.3945,0.472728,156.892,156.896,157.874,157.874
65.72607231140137,0.00044693481177091596,0.9999847412109375,0.0,3,0.00825423,3.0,16374.6,172.262,0.0585548,-1.03571,4.52215,9.97991,15.8691,27.8971,51.5464,89.6516,148.081,200.0,200.0,200.0,200.0,200.0,200.0,170.231,113.208,67.8842,40.8785,26.4843,12.3841,0.471476,157.756,157.755,158.171,158.171
65.7476909160614,0.000735029348259171,0.9999847412109375,0.0,3,0.00823468,3.0,16477.4,173.128,0.0423069,-0.890205,4.53295,10.0034,15.9058,27.9596,51.6542,89.8191,148.303,200.0,200.0,200.0,200.0,200.0,200.0,170.146,113.138,67.8354,40.8466,26.4629,12.3736,0.470203,158.561,158.557,159.142,159.142
65.76867341995239,0.0020313721406459806,0.9999847412109375,0.0,3,0.00818747,3.0,16620.1,173.966,0.0316798,-0.836059,4.54374,10.0262,15.9408,28.0159,51.74,89.9162,148.336,200.0,200.0,200.0,200.0,200.0,200.0,170.154,113.107,67.8007,40.8197,26.4433,12.3634,0.468917,159.338,159.328,160.509,160.509
65.78406810760498,0.003961971158152446,0.9999847412109375,0.0,3,0.00808113,3.0,16761.5,174.803,0.0205626,-0.810608,4.5543,10.0474,15.9712,28.058,51.7766,89.8665,147.965,200.0,200.0,200.0,200.0,200.0,200.0,170.352,113.162,67.7958,40.8033,26.428,12.3538,0.467625,160.143,160.121,161.883,161.883
65.8041033744812,0.006516956629852454,0.9999847412109375,0.0,3,0.00785321,3.0,16877.0,175.656,0.00650746,-0.740294,4.56423,10.0648,15.9919,28.0699,51.7107,89.5096,146.772,200.0,200.0,200.0,200.0,200.0,200.0,170.956,113.394,67.8545,40.8097,26.4219,12.3457,0.466341,160.964,160.913,163.013,163.013
65.82433414459229,0.008547752280235289,0.9999847412109375,0.0,3,0.00741976,3.0,16968.3,176.526,-0.0188454,-0.695904,4.57296,10.0755,15.9956,28.0301,51.4733,88.6469,144.255,200.0,200.0,200.0,200.0,200.0,200.0,172.258,113.931,68.0219,40.855,26.4317,12.3404,0.465085,161.767,161.671,163.905,163.905
65.845956325531,0.008502765147686005,0.9999847412109375,0.0,3,0.00675886,3.0,16989.3,177.439,-0.0641072,-0.627025,4.58022,10.0785,15.9802,27.9333,51.0496,87.2556,140.412,200.0,200.0,200.0,200.0,200.0,200.0,174.371,114.818,68.3122,40.9441,26.4595,12.3383,0.463876,162.582,162.435,164.192,164.192
65.86766004562378,0.009582766578417891,0.9999847412109375,0.0,3,0.00598257,3.0,16977.6,178.377,-0.116268,-0.471112,4.58638,10.0767,15.954,27.8066,50.5367,85.6385,136.098,200.0,200.0,200.0,200.0,200.0,200.0,176.961,115.901,68.6703,41.0573,26.4973,12.3381,0.462733,163.449,163.272,164.014,164.014
65.88826942443848,0.008413529992103576,0.9999847412109375,0.0,3,0.00516003,3.0,17051.7,179.25,-0.158806,-0.345316,4.59161,10.0721,15.922,27.6666,49.993,83.9747,131.791,200.0,200.0,200.0,200.0,200.0,200.0,179.809,117.085,69.0611,41.1823,26.5403,12.3392,0.461674,164.271,164.081,164.706,164.706
65.90918970108032,0.008371844215393066,0.9999847412109375,0.0,3,0.00435894,3.0,17162.2,180.096,-0.203424,-0.27419,4.59615,10.0664,15.8892,27.5286,49.4709,82.4097,127.85,200.0,200.0,200.0,200.0,200.0,200.0,182.689,118.269,69.4502,41.307,26.5835,12.3408,0.460705,165.055,164.867,165.758,165.758
65.9302408695221,0.0072905726963685205,0.9999847412109375,0.0,3,0.00359696,3.0,17286.8,180.931,-0.236392,-0.265178,4.60009,10.0602,15.8569,27.397,48.982,80.9736,124.317,200.0,200.0,200.0,200.0,200.0,200.0,185.523,119.423,69.8268,41.4276,26.6257,12.3427,0.459828,165.818,165.638,166.964,166.964
65.944256067276,0.005391427523363381,0.9999847412109375,0.0,3,0.00285786,3.0,17399.9,181.77,-0.265576,-0.262217,4.60333,10.0529,15.8239,27.2677,48.5126,79.6228,121.068,200.0,200.0,200.0,200.0,200.0,200.0,188.367,120.57,70.1995,41.5472,26.668,12.3452,0.459045,166.605,166.432,168.064,168.064
65.96578907966614,0.004540343426615,0.9999847412109375,0.0,3,0.00217646,3.0,17493.2,182.621,-0.291921,-0.243018,4.60605,10.0457,15.7928,27.1482,48.0855,78.4147,118.217,200.0,200.0,200.0,200.0,200.0,200.0,191.076,121.652,70.5487,41.6593,26.7077,12.3477,0.458355,167.386,167.225,168.975,168.975
65.98555254936218,0.004517042086521785,0.9999847412109375,0.0,3,0.00156754,3.0,17572.0,183.48,-0.301859,-0.232864,4.60832,10.0389,15.7646,27.0416,47.7101,77.3656,115.786,200.0,200.0,200.0,200.0,200.0,200.0,193.569,122.638,70.865,41.7606,26.7437,12.3501,0.457757,168.158,168.014,169.742,169.742
66.00694704055786,0.0037455741763984165,0.9999847412109375,0.0,3,0.00100869,3.0,17600.8,184.372,-0.300203,-0.189111,4.61001,10.0318,15.7375,26.9425,47.3671,76.4227,113.634,198.037,200.0,200.0,200.0,200.0,200.0,195.923,123.561,71.1603,41.8554,26.7778,12.3527,0.457254,168.942,168.81,170.049,170.049
66.02763104438782,0.0030499703530222177,0.9999847412109375,0.0,3,0.000540908,3.0,17645.7,185.25,-0.287839,-0.119399,4.61132,10.0257,15.7146,26.8594,47.0828,75.6497,111.892,192.705,200.0,200.0,200.0,200.0,200.0,197.943,124.346,71.4105,41.9356,26.8066,12.3551,0.456845,169.744,169.632,170.459,170.459
66.04785227775574,0.0024291263911873097,0.9999847412109375,0.0,3,0.00018185,3.0,17722.0,186.104,-0.266621,-0.0643173,4.61238,10.0212,15.6972,26.7966,46.868,75.0692,110.595,188.805,200.0,200.0,200.0,200.0,200.0,199.52,124.957,71.6033,41.9971,26.8286,12.3568,0.456525,170.523,170.435,171.186,171.186
66.06958627700806,0.0018815873809655507,0.9999847412109375,0.0,3,-7.70728e-05,3.0,17812.7,186.946,-0.240452,-0.0328931,4.61326,10.0181,15.6852,26.7522,46.7157,74.6584,109.682,186.106,200.0,200.0,200.0,200.0,200.0,200.0,125.398,71.7423,42.0411,26.8443,12.3579,0.45628,171.289,171.224,172.056,172.056
66.08913969993591,0.0024042713309172536,0.9999847412109375,0.0,3,-0.000274483,3.0,17909.5,187.781,-0.210586,-0.0288162,4.61384,10.0156,15.6757,26.718,46.5997,74.3478,108.996,184.093,200.0,200.0,200.0,200.0,200.0,200.0,125.738,71.8489,42.0751,26.8564,12.3588,0.456104,172.05,172.001,172.993,172.993
66.10918688774109,0.0018622930729389193,0.9999847412109375,0.0,3,-0.00046045,3.0,17998.1,188.618,-0.183545,0.0157043,4.61399,10.0124,15.6654,26.6834,46.4864,74.0498,108.346,182.217,200.0,200.0,200.0,200.0,200.0,200.0,126.065,71.9526,42.1087,26.8688,12.3601,0.455986,172.846,172.802,173.855,173.855
66.12389922142029,0.0023793866283570724,0.9999847412109375,0.0,3,-0.000654523,3.0,18076.7,189.46,-0.163848,0.0532185,4.61364,10.008,15.653,26.6446,46.3644,73.7349,107.667,180.29,200.0,200.0,200.0,200.0,200.0,200.0,126.412,72.0635,42.1453,26.8828,12.362,0.455922,173.618,173.572,174.618,174.618
66.14413046836853,0.0018427910510698956,0.9999847412109375,0.0,3,-0.000849549,3.0,18144.0,190.308,-0.149076,0.0848415,4.61285,10.0026,15.6391,26.6033,46.2374,73.4137,106.98,178.374,200.0,200.0,200.0,200.0,200.0,200.0,126.768,72.1781,42.1838,26.8978,12.3643,0.455909,174.385,174.339,175.3,175.3
66.16530776023865,0.001832682310740153,0.9999847412109375,0.0,3,-0.00103456,3.0,18169.7,191.184,-0.134706,0.167162,4.61171,9.99657,15.6246,26.5617,46.114,73.1044,106.329,176.578,200.0,200.0,200.0,200.0,200.0,200.0,127.111,72.2898,42.2218,26.9129,12.3669,0.455943,175.172,175.128,175.527,175.527
66.18491506576538,0.0018229543791214626,0.9999847412109375,0.0,3,-0.00120622,3.0,18238.2,192.027,-0.121072,0.238738,4.61024,9.99014,15.6097,26.5211,45.996,72.814,105.722,174.928,200.0,200.0,200.0,200.0,200.0,200.0,127.436,72.3958,42.2584,26.9279,12.3697,0.456023,175.951,175.91,176.176,176.176
66.20423650741577,0.0018133880027135214,0.9999847412109375,0.0,3,-0.00137216,3.0,18323.0,192.856,-0.109896,0.287601,4.60845,9.98311,15.5941,26.4797,45.8786,72.5295,105.134,173.347,200.0,200.0,200.0,200.0,200.0,200.0,127.755,72.5009,42.2951,26.9431,12.3728,0.456145,176.715,176.676,176.991,176.991
66.224280834198,0.0013550565953180194,0.9999847412109375,0.0,3,-0.00154001,3.0,18418.5,193.676,-0.102089,0.304817,4.60631,9.97531,15.5773,26.4362,45.7573,72.2387,104.538,171.765,200.0,200.0,200.0,200.0,200.0,200.0,128.083,72.6093,42.3335,26.9593,12.3762,0.456306,177.47,177.431,177.91,177.91
66.24421525001526,0.0,0.9999847412109375,0.0,3,-0.00168497,3.0,18509.9,194.494,-0.0985665,0.334194,4.60398,9.96753,15.5612,26.3959,45.6482,71.9818,104.017,170.402,200.0,200.0,200.0,200.0,200.0,200.0,128.372,72.706,42.3682,26.9744,12.3797,0.456502,178.243,178.209,178.798,178.798
66.26409101486206,-0.0013392103242998324,0.9999847412109375,0.0,3,-0.0017708,3.0,18590.5,195.319,-0.0925458,0.37328,4.60169,9.96096,15.5485,26.3669,45.5748,71.817,103.69,169.572,200.0,200.0,200.0,200.0,200.0,200.0,128.554,72.7685,42.392,26.9853,12.3827,0.456726,178.997,178.975,179.581,179.581
66.28963994979858,-0.003474859142936766,0.9999847412109375,0.0,3,-0.00176651,3.0,18672.1,196.229,-0.0779385,0.401841,4.59945,9.95619,15.5412,26.3548,45.5555,71.7886,103.655,169.526,200.0,200.0,200.0,200.0,200.0,200.0,128.569,72.7792,42.3989,26.9899,12.3849,0.456993,179.814,179.814,180.372,180.372
66.30913710594177,-0.004894808662980796,0.9999847412109375,0.0,3,-0.0016101,3.0,18702.2,197.171,-0.0547959,0.489158,4.59787,9.9557,15.5448,26.3747,45.6319,72.0005,104.12,170.831,200.0,200.0,200.0,200.0,200.0,200.0,128.299,72.6989,42.3753,26.9826,12.3853,0.457265,180.646,180.676,180.671,180.671
66.33009600639343,-0.004865759258369605,0.9999847412109375,0.0,3,-0.00125868,3.0,18778.6,198.078,-0.018046,0.565193,4.5973,9.9611,15.5629,26.4368,45.8354,72.5286,105.252,173.957,200.0,200.0,200.0,200.0,200.0,200.0,127.664,72.5017,42.3124,26.9597,12.3831,0.457522,181.465,181.536,181.398,181.398
66.35578203201294,-0.004837126217881839,0.9999847412109375,0.0,3,-0.000776116,3.0,18871.1,198.972,0.0333294,0.613879,4.59764,9.97097,15.5918,26.5294,46.1295,73.2872,106.876,178.489,200.0,200.0,200.0,200.0,200.0,200.0,126.793,72.2255,42.2222,26.9259,12.379,0.457742,182.274,182.373,182.286,182.286
66.37439322471619,-0.004808877513508001,0.9999847412109375,0.0,3,-0.000242535,3.0,18965.9,199.854,0.0825199,0.627163,4.59865,9.98328,15.626,26.6361,46.466,74.1546,108.75,183.812,200.0,200.0,200.0,200.0,200.0,200.0,125.836,71.9194,42.121,26.8873,12.3738,0.457912,183.082,183.193,183.205,183.205
66.39688682556152,-0.004780820977191131,0.9999847412109375,0.0,3,0.00032204,3.0,19049.7,200.73,0.123945,0.679612,4.60037,9.99774,15.6645,26.7536,46.8336,75.1054,110.818,189.828,200.0,200.0,200.0,200.0,200.0,199.088,124.835,71.5949,42.0124,26.8451,12.3677,0.458016,183.912,184.031,184.021,184.021
66.42229795455933,-0.0021974007314443586,0.9999847412109375,0.0,3,0.000902351,3.0,19124.4,201.603,0.159159,0.715707,4.60282,10.0141,15.7067,26.8798,47.225,76.1218,113.048,196.479,200.0,200.0,200.0,200.0,200.0,196.497,123.814,71.2604,41.8989,26.8005,12.3608,0.458043,184.711,184.834,184.745,184.745
66.4423463344574,-0.0006119376493990423,0.9999847412109375,0.0,3,0.0013563,3.0,19161.6,202.493,0.186584,0.779638,4.60534,10.0283,15.742,26.9828,47.5424,76.9458,114.872,200.0,200.0,200.0,200.0,200.0,200.0,194.509,123.021,70.9971,41.8085,26.7644,12.3547,0.457992,185.524,185.621,185.12,185.12
66.46315717697144,0.0,0.9999847412109375,0.0,3,0.00160282,3.0,19222.7,203.359,0.17728,0.861734,4.60749,10.0378,15.7638,27.0436,47.7241,77.413,115.904,200.0,200.0,200.0,200.0,200.0,200.0,193.434,122.587,70.8509,41.7571,26.7432,12.3507,0.457874,186.35,186.406,185.694,185.694
66.48922801017761,0.0,0.9999847412109375,0.0,3,0.00169104,3.0,19300.9,204.204,0.149872,0.921359,4.60939,10.0436,15.7755,27.0722,47.8014,77.6018,116.307,200.0,200.0,200.0,200.0,200.0,200.0,193.034,122.421,70.7919,41.7348,26.7331,12.3481,0.457697,187.148,187.171,186.446,186.446
66.50766801834106,0.0,0.9999847412109375,0.0,3,0.00169152,3.0,19386.8,205.033,0.113818,0.946872,4.61127,10.0477,15.782,27.0833,47.8215,77.6342,116.359,200.0,200.0,200.0,200.0,200.0,200.0,193.003,122.402,70.7809,41.7284,26.729,12.3462,0.457477,187.925,187.927,187.275,187.275
66.53329944610596,0.0,0.9999847412109375,0.0,3,0.0016672,3.0,19467.6,205.852,0.0815251,0.989584,4.61332,10.0517,15.7876,27.0905,47.8268,77.6257,116.312,200.0,200.0,200.0,200.0,200.0,200.0,193.057,122.422,70.7824,41.7258,26.7262,12.3444,0.457222,188.706,188.702,188.059,188.059
66.5533013343811,0.0,0.9999847412109375,0.0,3,0.00164288,3.0,19539.2,206.668,0.0569921,1.03043,4.61558,10.0562,15.7939,27.099,47.8341,77.6207,116.269,200.0,200.0,200.0,200.0,200.0,200.0,192.954,122.44,70.7826,41.7226,26.723,12.3423,0.456943,189.458,189.454,188.754,188.754
66.57189655303955,0.0,0.9999847412109375,0.0,3,0.00162142,3.0,19583.3,207.494,0.0389935,1.08272,4.61801,10.061,15.8009,27.1091,47.8452,77.6235,116.246,200.0,200.0,200.0,200.0,200.0,200.0,192.703,122.452,70.7804,41.7182,26.7192,12.3401,0.456646,190.202,190.198,189.202,189.202
66.59721684455872,0.0,0.9999847412109375,0.0,3,0.00160187,3.0,19497.5,208.187,0.0254809,1.16609,4.62055,10.0662,15.8085,27.1201,47.8588,77.6317,116.231,200.0,200.0,200.0,200.0,200.0,200.0,192.35,122.459,70.7765,41.7132,26.715,12.3377,0.456336,190.902,190.898,188.465,188.465
66.61625099182129,0.0,0.9999847412109375,0.0,3,0.00158566,3.0,19598.2,208.774,0.0159247,1.22933,4.62318,10.0716,15.8165,27.1323,47.8755,77.6463,116.23,200.0,200.0,200.0,200.0,200.0,200.0,191.914,122.461,70.7705,41.7073,26.7104,12.3352,0.456018,191.502,191.499,188.999,188.999
66.64209842681885,0.0,0.9999847412109375,0.0,3,0.00157326,3.0,19348.4,209.292,0.00958076,1.25661,4.62586,10.0772,15.8249,27.1456,47.8952,77.6695,116.248,200.0,200.0,200.0,200.0,200.0,200.0,191.409,122.455,70.7618,41.7005,26.7055,12.3326,0.455695,192.004,192.001,188.122,188.122
66.66190361976624,0.0,0.9999847412109375,0.0,3,0.00156468,3.0,19663.8,209.676,0.00557512,1.29368,4.62862,10.0831,15.8339,27.1602,47.9184,77.7015,116.284,200.0,200.0,200.0,200.0,200.0,200.0,190.847,122.441,70.7505,41.6926,26.7001,12.3299,0.455366,192.437,192.435,189.521,189.521
66.68646669387817,0.0,0.9999847412109375,0.0,3,0.00156039,3.0,19358.6,210.009,0.00321868,1.3359,4.63141,10.0891,15.8431,27.1756,47.9442,77.7398,116.335,200.0,200.0,200.0,200.0,200.0,200.0,190.239,122.422,70.7371,41.6841,26.6944,12.3272,0.455036,192.781,192.78,188.19,188.19
66.70564484596252,0.0,0.9999847412109375,0.0,4,0.00155753,3.0,19608.0,210.257,0.00184027,1.38724,4.63419,10.0951,15.8525,27.1914,47.9711,77.7815,116.394,200.0,200.0,200.0,200.0,200.0,200.0,189.594,122.398,70.7227,41.6752,26.6886,12.3244,0.454706,193.022,193.022,188.295,188.294
66.73020076751709,0.0,0.9999847412109375,0.0,4,0.00155562,4.0,15714.3,210.118,0.00101788,1.47643,4.63699,10.1011,15.862,27.2075,47.9988,77.8259,116.456,200.0,200.0,200.0,200.0,200.0,200.0,188.919,122.374,70.7075,41.666,26.6827,12.3216,0.454376,193.112,193.112,185.337,185.336
66.74950408935547,0.0,0.9999847412109375,0.0,4,0.00155466,4.0,15682.8,209.782,0.000531476,1.53183,4.63978,10.1072,15.8714,27.2236,48.0271,77.8702,116.522,200.0,200.0,200.0,200.0,200.0,200.0,188.221,122.348,70.6923,41.6569,26.6767,12.3189,0.454047,192.846,192.846,185.033,185.033
66.7738676071167,0.0,0.9999847412109375,0.0,4,0.00154274,4.0,15503.9,209.411,-0.00127402,1.55133,4.64253,10.1129,15.8801,27.2374,48.0478,77.8952,116.543,200.0,200.0,200.0,200.0,200.0,200.0,187.522,122.34,70.683,41.6498,26.6715,12.3162,0.453717,192.532,192.529,184.357,184.166
66.79297995567322,0.0,0.9999847412109375,0.0,4,0.0015065,4.0,16015.4,209.692,-0.00762377,1.58571,4.64517,10.118,15.887,27.2458,48.0513,77.8761,116.466,200.0,200.0,200.0,200.0,200.0,200.0,186.846,122.375,70.6873,41.6473,26.6683,12.3139,0.453387,192.438,192.432,190.272,190.272
66.81852126121521,0.0,0.9999847412109375,0.0,4,0.00149268,4.0,16063.4,210.325,-0.00840278,1.63589,4.6479,10.1237,15.8955,27.259,48.0705,77.8966,116.477,200.0,200.0,200.0,200.0,200.0,200.0,186.109,122.37,70.6795,41.6406,26.6633,12.3112,0.453058,192.928,192.925,190.87,190.87
66.83684182167053,0.0,0.9999847412109375,0.0,4,0.00148838,4.0,16088.8,210.972,-0.00712169,1.6888,4.65068,10.1296,15.9048,27.2744,48.0965,77.9356,116.529,200.0,200.0,200.0,200.0,200.0,200.0,185.336,122.35,70.6658,41.632,26.6576,12.3085,0.452728,193.496,193.495,191.191,191.191
66.86092519760132,0.0,0.9999847412109375,0.0,4,0.00148838,4.0,16117.7,211.616,-0.00527114,1.77268,4.65348,10.1357,15.9144,27.291,48.1254,77.9833,116.599,200.0,200.0,200.0,200.0,200.0,200.0,184.539,122.322,70.6496,41.6225,26.6516,12.3057,0.452399,194.079,194.079,191.513,191.513
66.8799557685852,0.0,0.9999847412109375,0.0,4,0.00149029,4.0,16164.4,212.243,-0.00359848,1.83277,4.65623,10.1418,15.9238,27.3074,48.1551,78.032,116.676,200.0,200.0,200.0,200.0,200.0,200.0,183.725,122.292,70.6331,41.6129,26.6455,12.303,0.452076,194.651,194.651,192.063,192.063
66.90425896644592,0.0,0.9999847412109375,0.0,4,0.0014922,4.0,16219.0,212.863,-0.00232955,1.85805,4.65898,10.1478,15.9334,27.3239,48.1848,78.0815,116.753,200.0,200.0,200.0,200.0,200.0,198.911,182.896,122.261,70.6163,41.6033,26.6394,12.3002,0.451754,195.219,195.219,192.707,192.707
66.92932510375977,0.0,0.9999847412109375,0.0,4,0.00149363,4.0,16277.7,213.478,-0.00145165,1.87052,4.66174,10.1538,15.9429,27.3404,48.2143,78.1311,116.829,200.0,200.0,200.0,200.0,200.0,197.789,182.053,122.232,70.5994,41.5937,26.6334,12.2974,0.45143,195.797,195.797,193.406,193.406
66.94736099243164,0.0,0.9999847412109375,0.0,4,0.00149458,4.0,16330.3,214.097,-0.000895128,1.88767,4.66455,10.16,15.9526,27.3571,48.2443,78.1798,116.904,200.0,200.0,200.0,200.0,200.0,196.663,181.198,122.202,70.5829,41.584,26.6272,12.2946,0.4511,196.37,196.37,194.034,194.034
66.9713089466095,0.0,0.9999847412109375,0.0,4,0.00149554,4.0,16365.5,214.728,-0.000550331,1.91765,4.66735,10.1661,15.9622,27.3736,48.2736,78.2277,116.976,200.0,200.0,200.0,200.0,200.0,195.533,180.332,122.173,70.5666,41.5745,26.6211,12.2918,0.450771,196.941,196.942,194.473,194.473
66.99559617042542,0.0,0.9999847412109375,0.0,4,0.00149601,4.0,16403.6,215.355,-0.000323355,1.98586,4.67016,10.1722,15.9718,27.3902,48.3029,78.2755,117.048,200.0,200.0,200.0,200.0,200.0,194.4,179.453,122.144,70.5503,41.565,26.615,12.289,0.450441,197.523,197.523,194.908,194.908
67.01315546035767,0.0,0.9999847412109375,0.0,4,0.00149649,4.0,16452.6,215.971,-0.000192954,2.04059,4.67296,10.1783,15.9814,27.4067,48.3322,78.3234,117.12,200.0,200.0,200.0,200.0,200.0,193.262,178.563,122.117,70.534,41.5554,26.609,12.2862,0.450111,198.092,198.092,195.488,195.488
67.0368926525116,0.0,0.9999847412109375,0.0,4,0.00149649,4.0,16504.4,216.584,-0.000120494,2.07267,4.67576,10.1844,15.991,27.4231,48.3612,78.3703,117.19,200.0,200.0,200.0,200.0,200.0,192.12,177.662,122.088,70.5179,41.546,26.6029,12.2834,0.449782,198.656,198.656,196.103,196.103
67.0605058670044,0.0003339450806379318,0.9999847412109375,0.0,4,0.00149649,4.0,16554.4,217.196,-8.28486e-05,2.11479,4.67856,10.1905,16.0006,27.4397,48.3902,78.4181,117.261,200.0,200.0,200.0,200.0,200.0,190.974,176.751,122.06,70.5016,41.5364,26.5968,12.2806,0.449452,199.229,199.229,196.7,196.7
67.07919263839722,0.001145856882724911,0.9999847412109375,0.0,4,0.00149649,4.0,16600.9,217.81,-6.83226e-05,2.15754,4.68136,10.1966,16.0102,27.4561,48.4191,78.4651,117.331,200.0,200.0,200.0,200.0,199.966,189.823,175.83,122.033,70.4856,41.527,26.5908,12.2779,0.449122,199.792,199.792,197.253,197.253
67.10222482681274,0.001518238172332446,0.9999847412109375,0.0,4,0.0014531,4.0,16633.4,218.433,0.00045545,2.20801,4.68395,10.2014,16.0164,27.4626,48.4173,78.4311,117.22,200.0,200.0,200.0,200.0,198.771,188.706,174.95,122.079,70.4942,41.526,26.5881,12.2756,0.448794,200.358,200.349,197.65,197.65
67.12552785873413,0.0019408437670984616,0.9999847412109375,0.0,4,0.00132006,4.0,16673.9,219.049,-0.00756129,2.27894,4.686,10.2033,16.0155,27.4481,48.351,78.2284,116.737,200.0,200.0,200.0,200.0,197.648,187.659,174.164,122.281,70.5547,41.5429,26.5926,12.2746,0.448479,200.936,200.908,198.12,198.12
67.14415574073792,0.0019318473320454358,0.9999847412109375,0.0,4,0.0011236,4.0,16722.1,219.656,-0.0256586,2.33202,4.68756,10.2028,16.0091,27.4184,48.2384,77.9092,115.995,200.0,200.0,200.0,200.0,196.574,186.657,173.433,122.594,70.652,41.5726,26.6023,12.2745,0.448187,201.501,201.46,198.691,198.691
67.16803288459778,0.0019228953604275981,0.9999847412109375,0.0,4,0.000907596,4.0,16773.8,220.26,-0.0433753,2.35841,4.6888,10.2013,16.0004,27.3829,48.1107,77.5521,115.18,200.0,200.0,200.0,200.0,195.513,185.664,172.705,122.945,70.7627,41.6071,26.6141,12.2749,0.447921,202.058,202.012,199.304,199.304
67.19202756881714,0.0019139582099548232,0.9999847412109375,0.0,4,0.000683959,4.0,16823.5,220.863,-0.0577036,2.39633,4.68974,10.199,15.9903,27.3443,47.9756,77.1812,114.34,200.0,200.0,200.0,200.0,194.453,184.668,171.966,123.314,70.8794,41.644,26.627,12.2756,0.447687,202.622,202.575,199.897,199.897
67.21553993225098,0.0019050210594820478,0.9999847412109375,0.0,4,0.000456985,4.0,16869.7,221.466,-0.0691504,2.42569,4.69033,10.1959,15.9789,27.3033,47.8357,76.8037,113.492,200.0,200.0,200.0,200.0,193.392,183.668,171.213,123.695,71.0001,41.6827,26.6409,12.2768,0.447492,203.176,203.128,200.447,200.447
67.23245191574097,0.0011088347574044022,0.9999847412109375,0.0,4,0.000234302,4.0,16899.9,222.081,-0.0767567,2.47671,4.6906,10.1922,15.9666,27.2614,47.6966,76.4313,112.667,200.0,200.0,200.0,199.877,192.322,182.657,170.438,124.075,71.121,41.7218,26.6553,12.2782,0.447337,203.732,203.685,200.812,200.812
67.25545454025269,0.0007902492475137115,0.9999847412109375,0.0,4,6.50247e-05,4.0,16943.1,222.683,-0.0808418,2.53593,4.69079,10.1893,15.9572,27.2295,47.5907,76.1505,112.046,200.0,200.0,200.0,198.721,191.205,181.597,169.595,124.365,71.2132,41.7517,26.6663,12.2793,0.447221,204.284,204.247,201.319,201.319
67.27811646461487,0.00031864894554018975,0.9999847412109375,0.0,4,-5.08467e-05,4.0,16990.7,223.279,-0.0738157,2.57828,4.69094,10.1873,15.9509,27.2078,47.5188,75.9598,111.624,200.0,200.0,200.0,197.513,190.039,180.491,168.687,124.564,71.2765,41.7721,26.6737,12.28,0.44714,204.827,204.801,201.883,201.883
67.30120158195496,0.0,0.9999847412109375,0.0,4,-0.000105206,4.0,17040.5,223.871,-0.0655449,2.60225,4.69113,10.1867,15.9483,27.1982,47.4865,75.8719,111.431,200.0,200.0,200.0,196.247,188.818,179.333,167.71,124.656,71.3057,41.7813,26.677,12.2802,0.447087,205.367,205.354,202.475,202.475
67.3237075805664,0.0,0.9999847412109375,0.0,4,-0.000109021,4.0,17087.3,224.463,-0.0494657,2.6425,4.6914,10.1872,15.949,27.199,47.4868,75.8699,111.424,200.0,200.0,200.0,194.933,187.554,178.134,166.679,124.661,71.3063,41.7811,26.6767,12.28,0.447053,205.913,205.912,203.033,203.033
67.341224193573,0.0,0.9999847412109375,0.0,4,-9.75768e-05,4.0,17131.7,225.056,-0.0344631,2.66957,4.6916,10.1879,15.9503,27.2025,47.4961,75.8923,111.47,200.0,200.0,200.0,193.602,186.274,176.92,165.627,124.638,71.2987,41.7784,26.6754,12.2797,0.447035,206.454,206.456,203.561,203.561
67.36512684822083,0.0,0.9999847412109375,0.0,4,-8.32717e-05,4.0,17161.3,225.658,-0.0225839,2.73097,4.69173,10.1884,15.9517,27.2061,47.5067,75.9188,111.527,200.0,200.0,200.0,192.266,184.988,175.7,164.565,124.612,71.2898,41.7752,26.6742,12.2795,0.447028,207.001,207.004,203.915,203.915
67.38780784606934,0.0,0.9999847412109375,0.0,4,-6.99202e-05,4.0,17205.6,226.246,-0.0140854,2.78338,4.6918,10.1888,15.9526,27.2091,47.5156,75.9414,111.575,200.0,200.0,198.761,190.927,183.701,174.478,163.5,124.588,71.2823,41.7727,26.6731,12.2793,0.447027,207.544,207.547,204.439,204.439
67.40969800949097,0.0,0.9999847412109375,0.0,4,-5.99066e-05,4.0,17252.6,226.83,-0.00843147,2.81766,4.6918,10.189,15.9533,27.211,47.5219,75.9588,111.612,200.0,200.0,197.367,189.588,182.413,173.255,162.431,124.571,71.2765,41.7708,26.6725,12.2792,0.447033,208.081,208.084,204.996,204.996
67.43305206298828,0.0,0.9999847412109375,0.0,4,-5.27541e-05,4.0,17300.5,227.411,-0.00483498,2.84773,4.69179,10.1891,15.9536,27.2122,47.5263,75.9696,111.638,200.0,200.0,195.972,188.249,181.124,172.031,161.359,124.559,71.2729,41.7696,26.672,12.2792,0.447039,208.622,208.624,205.567,205.567
67.45481514930725,0.00030679777264595035,0.9999847412109375,0.0,4,-4.84625e-05,4.0,17345.4,227.992,-0.00268839,2.88063,4.69176,10.1892,15.9538,27.213,47.5287,75.9771,111.652,200.0,200.0,194.577,186.908,179.835,170.807,160.283,124.552,71.2704,41.7689,26.6718,12.2792,0.447045,209.158,209.159,206.101,206.101
67.47803115844727,0.0010524997556582091,0.9999847412109375,0.0,4,-4.56015e-05,4.0,17380.0,228.58,-0.00146123,2.91683,4.69172,10.1891,15.9538,27.2132,47.5301,75.9804,111.662,200.0,200.0,193.179,185.565,178.543,169.58,159.202,124.548,71.2693,41.7686,26.6717,12.2792,0.447051,209.691,209.691,206.521,206.521
67.50110960006714,0.00179095752707993,0.9999847412109375,0.0,4,-8.89937e-05,4.0,17419.0,229.162,-0.000531976,2.97088,4.69139,10.1876,15.9501,27.2029,47.4993,75.903,111.496,200.0,200.0,191.819,184.258,177.283,168.382,158.153,124.627,71.2953,41.7775,26.6753,12.2799,0.447065,210.233,210.224,206.976,206.976
67.52210688591003,0.002226395050473511,0.9999847412109375,0.0,4,-0.0002268,4.0,17463.6,229.737,-0.00948046,3.0125,4.69048,10.1829,15.9389,27.1709,47.4035,75.6605,110.977,200.0,198.716,190.54,183.025,176.093,167.246,157.171,124.876,71.3769,41.8055,26.6866,12.2818,0.447096,210.772,210.744,207.505,207.505
67.54447722434998,0.0022215262055397035,0.9999847412109375,0.0,4,-0.000430886,4.0,17510.0,230.309,-0.0294494,3.03592,4.68908,10.1759,15.9221,27.1234,47.2614,75.3038,110.214,200.0,197.448,189.317,181.842,174.948,166.151,156.231,125.246,71.4986,41.8472,26.7034,12.2848,0.447149,211.305,211.263,208.055,208.055
67.56270027160645,0.0022215262055397035,0.9999847412109375,0.0,4,-0.00065786,4.0,17555.3,230.879,-0.0487773,3.07207,4.6873,10.1677,15.9027,27.0693,47.1022,74.906,109.372,200.0,196.197,188.108,180.673,173.817,165.068,155.299,125.665,71.6357,41.8946,26.7226,12.2883,0.447233,211.839,211.792,208.596,208.596
67.58432912826538,0.0022215262055397035,0.9999847412109375,0.0,4,-0.000891511,4.0,17598.4,231.449,-0.0645301,3.09757,4.68519,10.1586,15.8819,27.0124,46.9369,74.4977,108.515,200.0,194.946,186.9,179.505,172.685,163.985,154.36,126.1,71.7787,41.9442,26.743,12.2922,0.447354,212.363,212.314,209.108,209.108
67.60691046714783,0.0022215262055397035,0.9999847412109375,0.0,4,-0.00111992,4.0,17630.2,232.027,-0.0751471,3.14469,4.68274,10.1489,15.8603,26.9547,46.7719,74.0959,107.676,200.0,193.686,185.683,178.328,171.546,162.894,153.407,126.532,71.9216,41.9943,26.7638,12.2964,0.447517,212.889,212.84,209.488,209.488
67.62902331352234,0.0017785374075174332,0.9999847412109375,0.0,4,-0.00133974,4.0,17672.2,232.594,-0.0812725,3.18921,4.67994,10.1386,15.8379,26.8968,46.6101,73.7053,106.873,200.0,192.413,184.453,177.14,170.396,161.794,152.437,126.913,72.0624,42.0441,26.7848,12.3009,0.447725,213.411,213.364,209.985,209.985
67.65129947662354,0.0,0.9999847412109375,0.0,4,-0.00155431,4.0,17716.4,233.157,-0.0849048,3.22002,4.67677,10.1276,15.8148,26.8379,46.4486,73.3223,106.089,199.774,191.129,183.215,175.942,169.238,160.686,151.454,127.076,72.2025,42.0943,26.8064,12.3057,0.447982,213.928,213.883,210.509,210.509
67.67407178878784,0.0,0.9999847412109375,0.0,4,-0.00167543,4.0,17761.4,233.717,-0.0874688,3.24728,4.6737,10.1187,15.7973,26.7973,46.3452,73.0866,105.623,198.341,189.753,181.89,174.666,168.007,159.513,150.397,126.945,72.2897,42.1271,26.8213,12.3097,0.448277,214.439,214.413,211.045,211.045
67.69564270973206,-0.0007437799125909806,0.9999847412109375,0.0,4,-0.00169784,4.0,17804.4,234.277,-0.0693539,3.27599,4.67086,10.1121,15.7865,26.7769,46.3036,73.0084,105.488,196.802,188.279,180.477,173.309,166.7,158.271,149.266,126.582,72.319,42.1409,26.829,12.3127,0.4486,214.945,214.939,211.557,211.557
67.71805906295776,-0.0010389462113380432,0.9999847412109375,0.0,4,-0.00163967,4.0,17839.4,234.841,-0.0488415,3.30736,4.66825,10.1075,15.781,26.7729,46.3129,73.057,105.618,195.178,186.728,178.993,171.885,165.332,156.975,148.076,126.055,72.3012,42.1392,26.8308,12.3149,0.448941,215.449,215.461,211.978,211.978
67.74064469337463,-0.0013833228498697282,0.9999847412109375,0.0,4,-0.00152237,4.0,17878.2,235.401,-0.0216238,3.35069,4.66584,10.1046,15.7796,26.7811,46.3593,73.1997,105.947,193.492,185.12,177.455,170.413,163.92,155.638,146.843,125.414,72.2489,42.126,26.8281,12.3164,0.449289,215.959,215.983,212.434,212.434
67.763840675354,-0.0013833228498697282,0.9999847412109375,0.0,4,-0.00139124,4.0,17920.6,235.955,0.00156421,3.38406,4.66355,10.1021,15.7795,26.7928,46.4157,73.367,106.328,191.79,183.497,175.905,168.928,162.496,154.29,145.599,124.722,72.1879,42.1098,26.8241,12.3177,0.449632,216.468,216.495,212.937,212.937
67.78557682037354,-0.0013833228498697282,0.9999847412109375,0.0,4,-0.00126154,4.0,17964.0,236.506,0.0184574,3.40564,4.66134,10.0998,15.7796,26.8047,46.4725,73.5353,106.711,190.088,181.874,174.354,167.443,161.071,152.942,144.353,124.002,72.1271,42.0934,26.8201,12.3189,0.449963,216.975,217.003,213.453,213.453
67.80664420127869,-0.0013833228498697282,0.9999847412109375,0.0,4,-0.00113565,4.0,18006.9,237.056,0.0299365,3.43633,4.65925,10.0977,15.7798,26.8164,46.5278,73.6988,107.083,188.387,180.253,172.804,165.959,159.647,151.594,143.106,123.259,72.0684,42.0776,26.8161,12.32,0.450279,217.486,217.513,213.963,213.963
67.82821440696716,-0.0007437799125909806,0.9999847412109375,0.0,4,-0.00101501,4.0,18047.7,237.605,0.0375052,3.45758,4.6573,10.0958,15.7802,26.8282,46.5818,73.8588,107.448,186.69,178.634,171.256,164.476,158.224,150.248,141.859,122.495,72.0114,42.0621,26.8122,12.321,0.450575,217.99,218.016,214.451,214.451
67.84940457344055,0.0,0.9999847412109375,0.0,4,-0.000899617,4.0,18081.2,238.159,0.0418325,3.49725,4.65551,10.0941,15.7808,26.8397,46.6344,74.0123,107.798,184.996,177.017,169.711,162.996,156.803,148.902,140.613,121.712,71.9571,42.0472,26.8082,12.322,0.450849,218.497,218.522,214.848,214.848
67.87124443054199,0.00030174851417541504,0.9999847412109375,0.0,4,-0.000836198,4.0,18122.0,238.704,0.0440014,3.53005,4.65364,10.0913,15.7782,26.841,46.6545,74.0833,107.972,183.349,175.443,168.204,161.551,155.415,147.586,139.394,120.953,71.9323,42.042,26.808,12.3233,0.451104,219.005,219.019,215.332,215.332
67.89227962493896,0.0013847589492797852,0.9999847412109375,0.0,4,-0.000826184,4.0,18163.9,239.247,0.0346691,3.55236,4.65164,10.0871,15.772,26.8313,46.6406,74.0673,107.96,181.748,173.913,166.737,160.142,154.059,146.299,138.203,120.215,71.9384,42.047,26.8117,12.3253,0.451346,219.509,219.512,215.829,215.829
67.9189977645874,0.0022215262055397035,0.9999847412109375,0.0,4,-0.00088102,4.0,18205.9,239.787,0.0239261,3.57831,4.64938,10.0812,15.7611,26.8079,46.5843,73.945,107.806,180.205,172.434,165.317,158.776,152.744,145.048,137.045,119.505,71.9822,42.0647,26.8203,12.328,0.451583,220.018,220.007,216.328,216.328
67.9404673576355,0.002713725343346596,0.9999847412109375,0.0,4,-0.00103838,4.0,18246.7,240.326,0.00437502,3.59957,4.64657,10.0721,15.7424,26.7618,46.4602,73.651,107.652,178.752,171.037,163.973,157.48,151.493,143.855,135.94,118.85,72.0878,42.1032,26.8372,12.332,0.451828,220.524,220.492,216.814,216.814
67.96083164215088,0.002713725343346596,0.9999847412109375,0.0,4,-0.00131017,4.0,18281.2,240.869,-0.0242012,3.62866,4.64299,10.0591,15.7146,26.6899,46.2599,73.1693,107.406,177.399,169.732,162.712,156.261,150.313,142.726,134.891,118.251,72.2627,42.1653,26.8635,12.3377,0.452102,221.032,220.975,217.225,217.225
67.98236846923828,0.002713725343346596,0.9999847412109375,0.0,4,-0.00164873,4.0,18320.5,241.405,-0.0593416,3.65877,4.63876,10.0435,15.6808,26.602,46.0147,72.581,188.038,176.101,168.476,161.497,155.084,149.171,141.63,133.87,117.668,72.4804,42.2422,26.8959,12.3445,0.452416,221.533,221.463,217.691,217.691
68.00237369537354,0.002713725343346596,0.9999847412109375,0.0,4,-0.00200159,4.0,18361.1,241.939,-0.0884926,3.68095,4.63402,10.0266,15.6445,26.5091,45.7585,71.9725,186.683,174.809,167.227,160.287,153.911,148.034,140.539,132.847,117.063,72.7103,42.3236,26.9304,12.352,0.452784,222.026,221.952,218.172,218.172
68.0284435749054,0.002713725343346596,0.9999847412109375,0.0,4,-0.00235111,4.0,18401.8,242.47,-0.109357,3.70153,4.62876,10.0086,15.6068,26.4142,45.5012,71.369,185.317,173.508,165.969,159.069,152.731,146.89,139.441,131.813,116.424,72.9432,42.4067,26.9659,12.36,0.453214,222.517,222.443,218.657,218.657
68.04909873008728,0.002713725343346596,0.9999847412109375,0.0,4,-0.00269682,4.0,18442.0,243.0,-0.123778,3.7222,4.62293,9.98946,15.5674,26.3173,45.2431,70.7719,183.941,172.198,164.702,157.843,151.543,145.738,138.337,130.767,115.755,73.1785,42.4912,27.0026,12.3686,0.453715,223.005,222.932,219.134,219.134
68.06874942779541,0.002713725343346596,0.9999847412109375,0.0,4,-0.00303632,4.0,18477.8,243.531,-0.133173,3.74344,4.61653,9.96925,15.5267,26.2188,44.9855,70.1838,182.552,170.876,163.424,156.607,150.346,144.578,137.225,129.709,115.057,73.415,42.5769,27.0401,12.3777,0.454288,223.49,223.418,219.562,219.562
68.09275364875793,0.0022215262055397035,0.9999847412109375,0.0,4,-0.00336773,4.0,18515.7,244.059,-0.138234,3.76949,4.60949,9.94783,15.4843,26.1187,44.7285,69.6066,181.147,169.54,162.134,155.36,149.139,143.409,136.104,128.639,114.33,73.6515,42.6634,27.0786,12.3874,0.454941,223.976,223.906,220.011,220.011
68.11337804794312,0.0017785374075174332,0.9999847412109375,0.0,4,-0.00364477,4.0,18555.1,244.584,-0.140575,3.7899,4.60207,9.92666,15.4438,26.0268,44.5007,69.1067,179.682,168.151,160.796,154.068,147.891,142.201,134.949,127.539,113.549,73.8598,42.7414,27.1142,12.397,0.455668,224.453,224.394,220.479,220.479
68.13773918151855,0.0017785374075174332,0.9999847412109375,0.0,4,-0.00386745,4.0,18594.7,245.106,-0.130871,3.80628,4.59431,9.9058,15.4054,25.943,44.3018,68.6823,178.155,166.709,159.408,152.731,146.601,140.955,133.76,126.408,112.718,74.0387,42.8105,27.1468,12.4066,0.456465,224.929,224.881,220.95,220.95
68.15697598457336,0.0013847589492797852,0.9999847412109375,0.0,4,-0.0040744,4.0,18633.9,245.627,-0.120233,3.82456,4.58608,9.8842,15.3662,25.8595,44.1075,68.2753,176.609,165.249,158.004,151.378,145.297,139.695,132.558,125.267,111.862,74.212,42.8785,27.1794,12.4165,0.457328,225.408,225.363,221.416,221.416
68.1822304725647,0.0013847589492797852,0.9999847412109375,0.0,4,-0.00423128,4.0,18670.8,246.147,-0.111719,3.84024,4.57758,9.86298,15.3291,25.7838,43.9397,67.9368,175.006,163.74,156.556,149.986,143.955,138.402,131.326,124.097,110.963,74.357,42.9378,27.2091,12.4263,0.458249,225.88,225.846,221.857,221.857
68.2013430595398,0.0010401908308267595,0.9999847412109375,0.0,4,-0.00433571,4.0,18707.6,246.666,-0.0944183,3.86129,4.56891,9.84237,15.2942,25.7164,43.7991,67.6669,173.349,162.183,155.062,148.552,142.576,137.073,130.062,122.899,110.023,74.4724,42.9881,27.2356,12.4359,0.45922,226.352,226.329,222.292,222.292
68.22420740127563,0.0007448330521583557,0.9999847412109375,0.0,4,-0.0044263,4.0,18746.0,247.182,-0.0785143,3.87851,4.55993,9.82138,15.2592,25.65,43.664,67.4135,171.672,160.609,153.555,147.105,141.184,135.732,128.787,121.692,109.063,74.5809,43.0366,27.2618,12.4457,0.460234,226.825,226.806,222.748,222.748
68.24429035186768,0.0004986856132745743,0.9999847412109375,0.0,4,-0.00451595,4.0,18784.5,247.696,-0.0668104,3.89164,4.55063,9.79969,15.2231,25.5818,43.5261,67.1561,169.992,159.031,152.043,145.653,139.789,134.389,127.509,120.483,108.093,74.6916,43.0863,27.2887,12.4558,0.461287,227.298,227.279,223.205,223.205
68.26784324645996,0.0004986856132745743,0.9999847412109375,0.0,4,-0.00456173,4.0,18822.8,248.208,-0.0587542,3.90616,4.54128,9.77872,15.1894,25.5213,43.4119,66.9583,168.265,157.413,150.494,144.168,138.363,133.016,126.205,119.249,107.089,74.7756,43.1276,27.3126,12.4656,0.462369,227.765,227.755,223.66,223.66
68.29119348526001,0.0004986856132745743,0.9999847412109375,0.0,4,-0.00455887,4.0,18859.9,248.718,-0.0425999,3.91765,4.53197,9.75873,15.1583,25.4694,43.3245,66.8241,166.488,155.751,148.905,142.646,136.902,131.612,124.873,117.99,106.053,74.8305,43.1597,27.333,12.475,0.463473,228.23,228.23,224.105,224.105
68.31039190292358,0.00030174851417541504,0.9999847412109375,0.0,4,-0.00454361,4.0,18894.9,249.227,-0.0277878,3.93267,4.52258,9.73878,15.1278,25.4194,43.2429,66.7064,164.697,154.076,147.304,141.113,135.431,130.199,123.532,116.724,105.002,74.8778,43.1894,27.3527,12.4843,0.464593,228.697,228.7,224.519,224.519
68.33462524414062,0.00030174851417541504,0.9999847412109375,0.0,4,-0.00452787,4.0,18930.8,249.73,-0.0168564,3.94564,4.5131,9.71866,15.097,25.3689,43.1607,66.5873,162.902,152.398,145.7,139.577,133.957,128.782,122.189,115.455,103.942,74.9256,43.2195,27.3725,12.4938,0.465723,229.161,229.164,224.945,224.945
68.3542833328247,0.0004986856132745743,0.9999847412109375,0.0,4,-0.00451547,4.0,18966.5,250.228,-0.00963618,3.95608,4.50353,9.69828,15.0656,25.3172,43.0759,66.4618,161.107,150.72,144.096,138.04,132.483,127.365,120.845,114.185,102.877,74.9763,43.2506,27.3928,12.5033,0.466862,229.621,229.624,225.37,225.37
68.37825846672058,0.00030174851417541504,0.9999847412109375,0.0,4,-0.00450737,4.0,19001.8,250.722,-0.00520835,3.96578,4.4939,9.67769,15.0338,25.2644,42.9881,66.3302,159.313,149.041,142.492,136.504,131.009,125.948,119.501,112.915,101.804,75.0297,43.2826,27.4135,12.513,0.468007,230.078,230.079,225.79,225.79
68.39794039726257,0.0004986856132745743,0.9999847412109375,0.0,4,-0.0045026,4.0,19036.8,251.211,-0.00264263,3.97364,4.48424,9.65696,15.0018,25.211,42.8984,66.1945,157.518,147.363,140.887,134.967,129.534,124.53,118.155,111.644,100.726,75.0718,43.3154,27.4345,12.5227,0.469153,230.53,230.531,226.206,226.206
68.42200303077698,0.0007448330521583557,0.9999847412109375,0.0,4,-0.00449926,4.0,19070.8,251.696,-0.00122947,3.98211,4.47452,9.63609,14.9694,25.1568,42.8069,66.0547,155.722,145.683,139.281,133.428,128.057,123.11,116.808,110.372,99.6404,75.0149,43.3487,27.4558,12.5325,0.470306,230.978,230.978,226.611,226.611
68.44226121902466,0.0010401908308267595,0.9999847412109375,0.0,4,-0.0045479,4.0,19104.9,252.177,-0.00103915,3.99006,4.46451,9.61366,14.9333,25.0923,42.6854,65.8443,153.967,144.038,137.707,131.919,126.608,121.716,115.484,109.119,98.5681,74.887,43.393,27.4814,12.543,0.471465,231.427,231.417,227.016,227.016
68.4656343460083,0.0010401908308267595,0.9999847412109375,0.0,4,-0.00465042,4.0,19138.7,252.653,-0.0126565,3.99756,4.45414,9.5895,14.8931,25.0164,42.5323,65.5587,152.255,142.431,136.167,130.441,125.186,120.347,114.183,107.886,97.5091,74.7016,43.449,27.5116,12.5543,0.472639,231.872,231.851,227.418,227.418
68.48921632766724,0.0010401908308267595,0.9999847412109375,0.0,4,-0.00476915,4.0,19172.2,253.125,-0.0249489,4.00178,4.44355,9.56457,14.8513,24.9366,42.3685,65.2495,150.552,140.831,134.634,128.969,123.771,118.983,112.885,106.658,96.4475,74.4496,43.5092,27.5435,12.5659,0.473831,232.309,232.284,227.816,227.816
68.5091016292572,0.0010401908308267595,0.9999847412109375,0.0,4,-0.00489027,4.0,19205.5,253.593,-0.0344607,4.00607,4.43277,9.5392,14.8088,24.8554,42.2023,64.9366,148.846,139.229,133.098,127.495,122.353,117.618,111.587,105.427,95.3778,74.1337,43.5704,27.576,12.5778,0.475045,232.741,232.716,228.211,228.211
68.53235363960266,0.0010401908308267595,0.9999847412109375,0.0,4,-0.00500948,4.0,19239.1,254.056,-0.0409531,4.00748,4.42178,9.51344,14.7658,24.7737,42.0357,64.6253,147.133,137.621,131.557,126.015,120.93,116.247,110.283,104.193,94.2989,73.7602,43.632,27.6089,12.5899,0.476284,233.169,233.144,228.61,228.61
68.55191612243652,0.0010401908308267595,0.9999847412109375,0.0,4,-0.00512535,4.0,19271.5,254.515,-0.0450635,4.00989,4.41057,9.48728,14.7222,24.6913,41.8693,64.4382,145.413,136.006,130.01,124.53,119.501,114.872,108.975,102.954,93.2107,73.336,43.694,27.6421,12.6022,0.477551,233.592,233.568,228.996,228.996
68.57703757286072,0.0010401908308267595,0.9999847412109375,0.0,4,-0.00523931,4.0,19303.4,254.971,-0.0475076,4.01419,4.39914,9.46067,14.6781,24.6083,41.7021,64.6883,143.687,134.385,128.457,123.039,118.069,113.492,107.663,101.712,92.1134,72.8662,43.7563,27.6756,12.6147,0.478847,234.013,233.988,229.376,229.376
68.59941911697388,0.0010401908308267595,0.9999847412109375,0.0,4,-0.00535089,4.0,19335.1,255.422,-0.0488808,4.01297,4.38746,9.43358,14.6332,24.5243,41.5344,154.186,141.954,132.759,126.899,121.544,116.631,112.108,106.347,100.466,91.0078,72.3556,43.8191,27.7096,12.6274,0.480174,234.428,234.404,229.752,229.752
68.6170699596405,0.0010401908308267595,0.9999847412109375,0.0,4,-0.00546056,4.0,19366.8,255.869,-0.0495112,4.01323,4.37553,9.40602,14.5877,24.4393,41.3658,152.306,140.215,131.128,125.336,120.044,115.189,110.72,105.028,99.2172,89.8941,71.8085,43.8826,27.744,12.6404,0.48153,234.84,234.817,230.128,230.128
68.64095449447632,0.0010401908308267595,0.9999847412109375,0.0,4,-0.00557024,4.0,19399.9,256.31,-0.0499269,4.00721,4.36336,9.37794,14.5414,24.3532,41.1953,150.421,138.472,129.492,123.77,118.541,113.744,109.328,103.706,97.9652,88.7729,71.2278,43.947,27.7789,12.6536,0.482916,235.249,235.225,230.523,230.523
68.66288375854492,0.0010401908308267595,0.9999847412109375,0.0,4,-0.00568039,4.0,19430.7,256.749,-0.0502542,4.00406,4.35093,9.3493,14.4942,24.2657,41.0225,148.531,136.725,127.853,122.2,117.034,112.296,107.934,102.38,96.7107,87.6445,70.6166,44.0123,27.8146,12.6671,0.484333,235.654,235.631,230.889,230.889
68.68546962738037,0.0010401908308267595,0.9999847412109375,0.0,4,-0.00579054,4.0,19460.9,257.184,-0.0504718,4.00509,4.33824,9.32012,14.4462,24.1768,40.8481,146.636,134.973,126.21,120.626,115.524,110.844,106.537,101.052,95.4536,86.5092,69.9774,44.0788,27.8508,12.6809,0.485782,236.056,236.033,231.248,231.248
68.70691633224487,0.0010401908308267595,0.9999847412109375,0.0,4,-0.00589973,4.0,19490.8,257.616,-0.0505791,3.99832,4.32528,9.29039,14.3975,24.0868,40.6719,144.736,133.216,124.562,119.048,114.01,109.389,105.136,99.721,94.1935,85.3667,69.3116,44.146,27.8875,12.695,0.487262,236.452,236.429,231.604,231.604
68.73067831993103,0.0013847589492797852,0.9999847412109375,0.0,4,-0.00600797,4.0,19521.7,258.043,-0.0504561,3.99324,4.31208,9.26016,14.3479,23.9955,40.494,142.83,131.455,122.91,117.466,112.493,107.931,103.732,98.3867,92.9307,84.2185,68.6211,44.2142,27.9248,12.7092,0.488773,236.847,236.824,231.966,231.966
68.75346422195435,0.0013847589492797852,0.9999847412109375,0.0,4,-0.00611717,4.0,19553.6,258.464,-0.0505542,3.97882,4.29861,9.22936,14.2975,23.9029,40.3139,140.92,129.69,121.254,115.881,110.972,106.469,102.326,97.0498,91.6657,83.0687,67.9079,44.2834,27.9628,12.7238,0.490315,237.236,237.213,232.351,232.351
68.77471661567688,0.0013847589492797852,0.9999847412109375,0.0,4,-0.00622732,4.0,19582.7,258.884,-0.0507595,3.97091,4.28487,9.19798,14.2462,23.8089,40.1313,139.006,127.922,119.596,114.293,109.448,105.005,100.916,95.7106,90.3982,81.9165,67.1731,44.3538,28.0014,12.7387,0.491888,237.624,237.601,232.697,232.697
68.79722452163696,0.0013847589492797852,0.9999847412109375,0.0,4,-0.00633699,4.0,19572.6,259.168,-0.0506409,3.96882,4.27087,9.16607,14.1941,23.7135,39.9471,137.088,126.149,117.934,112.701,107.922,103.538,99.5043,94.369,89.1286,80.7624,66.4184,44.4252,28.0407,12.7538,0.493493,237.951,237.928,232.327,232.327
68.82026433944702,0.0017785374075174332,0.9999847412109375,0.0,5,-0.00644571,4.0,19428.2,259.408,-0.050345,3.95675,4.25663,9.13365,14.1412,23.617,39.7615,135.165,124.373,116.268,111.107,106.392,102.068,98.0898,93.025,87.8571,79.6066,65.6445,44.4974,28.0804,12.7692,0.495128,238.197,238.174,231.814,231.809
68.83796977996826,0.0017785374075174332,0.9999847412109375,0.0,5,-0.00660831,5.0,17504.6,259.153,-0.0506748,3.94117,4.24186,9.09922,14.084,23.5094,39.5459,133.285,122.632,114.634,109.541,104.889,100.623,96.6977,91.7014,86.6032,78.4658,64.867,44.5647,28.1254,12.7855,0.496799,238.23,238.196,228.645,228.608
68.86107206344604,0.0017785374075174332,0.9999847412109375,0.0,5,-0.00684148,5.0,17461.6,258.651,-0.0661141,3.9044,4.22647,9.06228,14.0213,23.3874,39.2916,131.464,120.943,113.045,108.016,103.423,99.2124,95.3377,90.4064,85.3753,77.3461,64.0917,44.5741,28.177,12.8032,0.49851,237.83,237.782,228.193,228.142
68.88317108154297,0.0017785374075174332,0.9999847412109375,0.0,5,-0.00712187,5.0,17173.2,258.105,-0.0866487,3.88325,4.21052,9.02339,13.9544,23.2553,39.0118,129.682,119.287,111.484,106.518,101.982,97.8242,93.9989,89.1308,84.1646,76.2407,63.3129,44.524,28.2335,12.8218,0.500264,237.362,237.304,227.321,227.049
68.90565466880798,0.0017785374075174332,0.9999847412109375,0.0,5,-0.00743467,5.0,17536.4,258.178,-0.110239,3.87626,4.19399,8.98277,13.8842,23.1155,38.74,127.924,117.651,109.942,105.036,100.557,96.4506,92.6733,87.8671,82.965,75.1446,62.5262,44.4188,28.2939,12.8413,0.502072,237.095,237.031,231.94,231.94
68.92676758766174,0.0017785374075174332,0.9999847412109375,0.0,5,-0.00770313,5.0,17558.9,258.555,-0.118669,3.86506,4.17713,8.94222,13.8152,22.9814,38.6608,126.124,115.979,108.369,103.526,99.1049,95.0527,91.3256,86.5837,81.7477,74.034,61.7131,44.2508,28.3517,12.8608,0.503943,237.368,237.311,232.249,232.249
68.94928312301636,0.0017785374075174332,0.9999847412109375,0.0,5,-0.00794202,5.0,17580.7,258.93,-0.118426,3.85363,4.15983,8.90124,13.7463,22.8497,38.8952,124.295,114.283,106.774,101.996,97.6351,93.6385,89.9626,85.2864,80.5182,72.9133,60.8783,44.0287,28.4085,12.8805,0.505881,237.704,237.654,232.532,232.532
68.97193932533264,0.0017785374075174332,0.9999847412109375,0.0,5,-0.00816423,5.0,17603.3,259.303,-0.114858,3.82863,4.14206,8.85958,13.6768,22.7184,39.7586,122.447,112.57,105.165,100.454,96.1534,92.2131,88.5895,83.9802,79.2802,71.7862,60.0254,43.7592,28.4652,12.9006,0.507885,238.041,237.994,232.835,232.835
68.99313831329346,0.0038457546383142472,0.9999847412109375,0.0,5,-0.0083769,5.0,17625.5,259.676,-0.110115,3.80903,4.12378,8.81702,13.6062,22.5863,144.456,120.585,110.846,103.546,98.9018,94.6636,90.7802,87.2093,82.6675,78.0368,70.6542,59.1567,43.4476,28.5223,12.9211,0.509954,238.381,238.336,233.128,233.128
69.01563572883606,0.0075370088219642644,0.9999847412109375,0.0,5,-0.00868589,5.0,17648.9,260.047,-0.107288,3.79149,4.10449,8.77079,13.5278,22.4348,142.362,118.791,109.179,101.976,97.395,93.2147,89.3848,85.8636,81.3856,76.821,69.5447,58.2939,43.1134,28.5892,12.9435,0.512098,238.731,238.666,233.437,233.437
69.03632473945618,0.01034228540956974,0.9999847412109375,0.0,5,-0.0092972,5.0,17673.6,260.415,-0.131581,3.76271,4.08309,8.71526,13.4283,22.228,140.583,117.214,107.696,100.566,96.0335,91.8987,88.1119,84.6306,80.2048,75.6947,68.5079,57.4757,42.7884,28.6842,12.9708,0.51435,239.099,238.973,233.762,233.762
69.05800223350525,0.011375798285007477,0.9999847412109375,0.0,5,-0.0102552,5.0,17705.3,260.775,-0.205884,3.7204,4.05905,8.64874,13.3045,21.9588,139.161,115.884,106.419,99.3362,94.8362,90.7329,86.9762,83.5241,79.1373,74.6689,67.553,56.7065,42.478,28.809,13.0041,0.516756,239.473,239.274,234.177,234.177
69.08005857467651,0.011375798285007477,0.9999847412109375,0.0,5,-0.0114606,5.0,17729.6,261.141,-0.305308,3.67204,4.03243,8.57311,13.1617,21.6446,137.988,114.725,105.286,98.2308,93.7518,89.6698,85.935,82.5049,78.1477,73.7123,66.6547,55.9644,42.1668,28.9147,13.0425,0.519359,239.833,239.581,234.505,234.505
69.10464644432068,0.012458521500229837,0.9999847412109375,0.0,5,-0.012771,5.0,17751.6,261.507,-0.400078,3.64908,4.00346,8.49127,13.008,21.309,136.913,113.63,104.207,97.1719,92.7098,88.6457,84.929,81.5175,77.187,72.7812,65.7771,55.2219,41.8354,28.9795,13.0845,0.522201,240.183,239.907,234.796,234.796
69.1278805732727,0.013590455055236816,0.9999847412109375,0.0,5,-0.0141395,5.0,17774.0,261.87,-0.47192,3.63087,3.97201,8.40375,12.8453,20.9585,135.888,112.568,103.155,96.1359,91.6881,87.6398,83.9403,80.5462,76.2402,71.8628,64.9095,54.4714,41.4799,29.0035,13.1297,0.525322,240.522,240.234,235.092,235.092
69.14909768104553,0.014771598950028421,0.9999847412109375,0.0,5,-0.0156201,5.0,17796.5,262.232,-0.529538,3.6065,3.93757,8.30873,12.6698,20.5845,134.974,111.579,102.163,95.1518,90.7134,86.677,82.9905,79.6106,75.3254,70.9726,64.0651,53.722,41.1082,28.994,13.1794,0.528761,240.865,240.553,235.39,235.39
69.17058753967285,0.016001953184604647,0.9999847412109375,0.0,5,-0.0172485,5.0,17826.6,262.585,-0.594349,3.5695,3.89971,8.2049,12.479,20.221,134.211,110.691,101.254,94.24,89.8042,85.7735,82.0949,78.7248,74.4554,70.1218,63.253,52.9849,40.726,28.9564,13.2344,0.532557,241.21,240.867,235.786,235.786
69.19148969650269,0.016001953184604647,0.9999847412109375,0.0,5,-0.0190266,5.0,17848.1,262.945,-0.664763,3.53394,3.85816,8.09186,12.2726,19.9086,133.61,109.907,100.433,93.4017,88.9616,84.9304,81.2549,77.8897,73.6304,69.311,62.4733,52.2707,40.3339,28.8929,13.295,0.536743,241.553,241.178,236.074,236.074
69.21263885498047,0.016001953184604647,0.9999847412109375,0.0,5,-0.020871,5.0,17869.8,263.302,-0.729492,3.51643,3.81301,7.97117,12.0549,19.6702,133.082,109.169,99.6465,92.5942,88.1462,84.1122,80.4369,77.0752,72.8233,68.5166,61.7066,51.5661,39.923,28.7991,13.3605,0.541352,241.89,241.501,236.36,236.36
69.23709964752197,0.016001953184604647,0.9999847412109375,0.0,5,-0.0227039,5.0,17891.2,263.659,-0.775893,3.4966,3.76437,7.84423,11.8295,19.5349,132.544,108.418,98.8496,91.7763,87.3213,83.2848,79.6109,76.2528,72.0098,67.7159,60.9355,50.8587,39.4851,28.6716,13.4301,0.546408,242.214,241.826,236.643,236.643
69.25878643989563,0.016001953184604647,0.9999847412109375,0.0,5,-0.024474,5.0,17913.3,264.014,-0.797176,3.4716,3.71231,7.71194,11.5989,19.5372,131.936,107.617,98.0092,90.9209,86.4619,82.4261,78.7561,75.4042,71.1727,66.8948,60.1481,50.1408,39.0165,28.5088,13.503,0.551925,242.533,242.158,236.935,236.935
69.27969598770142,0.016001953184604647,0.9999847412109375,0.0,5,-0.0262254,5.0,17944.9,264.358,-0.810635,3.41561,3.65668,7.57338,11.3622,19.7106,131.309,106.799,97.1532,90.0513,85.5899,81.5558,77.8906,74.5458,70.327,66.0661,59.355,49.42,38.5234,28.3154,13.58,0.557904,242.852,242.481,237.352,237.352
69.30083775520325,0.017281517758965494,0.9999847412109375,0.0,5,-0.0280064,5.0,17965.3,264.712,-0.825433,3.37152,3.59726,7.42754,11.1568,20.1117,130.718,105.999,96.3118,89.1937,84.7284,80.6948,77.0332,73.6949,69.4882,65.2438,58.5673,48.7034,38.0118,28.0961,13.6587,0.564353,243.178,242.801,237.624,237.624
69.32184171676636,0.018610292673110963,0.9999847412109375,0.0,5,-0.0298455,5.0,17986.4,265.063,-0.835886,3.34891,3.53387,7.27375,11.0009,20.8572,130.2,105.242,95.5044,88.3642,83.8919,79.8563,76.1968,72.8632,68.6661,64.4363,57.7919,47.9959,37.4853,27.8541,13.7203,0.571287,243.508,243.12,237.903,237.903
69.34411311149597,0.02141547352075577,0.9999847412109375,0.0,5,-0.0317972,5.0,18007.7,265.414,-0.857648,3.28726,3.46618,7.11695,10.8975,22.2377,129.822,104.57,94.7655,87.5929,83.1075,79.0648,75.4027,72.0699,67.8786,63.6588,57.041,47.3059,36.9495,27.5934,13.7629,0.578727,243.832,243.421,238.184,238.184
69.36972832679749,0.027616359293460846,0.9999847412109375,0.0,5,-0.0338591,5.0,18030.0,265.763,-0.882595,3.21192,3.39409,6.98886,10.8529,26.8321,129.591,103.987,94.0965,86.8803,82.3753,78.32,74.6509,71.3154,67.1252,62.9117,56.3145,46.6332,36.4044,27.3149,13.7868,0.586691,244.161,243.727,238.478,238.478
69.38891339302063,0.032783732190728186,0.9999847412109375,0.0,5,-0.036455,5.0,18076.5,266.086,-0.963651,3.01627,3.31592,6.88713,10.8499,200.0,130.047,103.832,93.7753,86.4614,81.9061,77.8127,74.1139,70.7561,66.5438,62.3154,55.7082,46.0425,35.8888,27.0438,13.7987,0.595232,244.516,243.971,239.097,239.097
69.41212439537048,0.03460461050271988,0.9999847412109375,0.0,5,-0.039738,5.0,18090.7,266.442,-1.16611,2.75904,3.2375,6.80932,10.8824,200.0,131.458,104.262,93.9235,86.4382,81.7896,77.6209,73.8619,70.4554,66.1901,61.9179,55.2594,45.558,35.4187,26.7885,13.8013,0.60444,244.87,244.189,239.285,239.285
