{
  "feature_names": [
    "speedX",
    "angle",
    "trackPos",
    "dist_from_start",
    "track_0",
    "track_4",
    "track_9",
    "track_14",
    "track_18",
    "delta_track"
  ],
  "target_names": [
    "steer",
    "accel",
    "brake"
  ],
  "best_arch": [
    128,
    64,
    32
  ],
  "best_lr": 0.001,
  "best_epochs": 201,
  "baseline": {
    "mse_total": 0.006087047513574362,
    "mae_total": 0.04647262766957283,
    "mae_steer": 0.03559496998786926,
    "r2_steer": 0.960527777671814,
    "mae_accel": 0.06731463223695755,
    "r2_accel": 0.9328133463859558,
    "mae_brake": 0.036508262157440186,
    "r2_brake": 0.895775556564331
  },
  "grid_results": [
    {
      "arch": [
        64
      ],
      "lr": 0.001,
      "epochs": 200,
      "metrics": {
        "mse_total": 0.008549747057259083,
        "mae_total": 0.059343546628952026,
        "mae_steer": 0.04354644566774368,
        "r2_steer": 0.9453412890434265,
        "mae_accel": 0.08313680440187454,
        "r2_accel": 0.9086955785751343,
        "mae_brake": 0.05134737864136696,
        "r2_brake": 0.8383061289787292
      },
      "time_s": 11.442791223526001
    },
    {
      "arch": [
        64
      ],
      "lr": 0.0005,
      "epochs": 200,
      "metrics": {
        "mse_total": 0.009649145416915417,
        "mae_total": 0.062108296900987625,
        "mae_steer": 0.04349631443619728,
        "r2_steer": 0.9430536031723022,
        "mae_accel": 0.08970197290182114,
        "r2_accel": 0.8940965533256531,
        "mae_brake": 0.053126510232686996,
        "r2_brake": 0.8211865425109863
      },
      "time_s": 11.368743896484375
    },
    {
      "arch": [
        64,
        32
      ],
      "lr": 0.001,
      "epochs": 200,
      "metrics": {
        "mse_total": 0.004689639899879694,
        "mae_total": 0.04021241515874863,
        "mae_steer": 0.032561272382736206,
        "r2_steer": 0.9650242924690247,
        "mae_accel": 0.05751701071858406,
        "r2_accel": 0.9485123157501221,
        "mae_brake": 0.03055894747376442,
        "r2_brake": 0.9273115396499634
      },
      "time_s": 16.094150066375732
    },
    {
      "arch": [
        64,
        32
      ],
      "lr": 0.0005,
      "epochs": 200,
      "metrics": {
        "mse_total": 0.005768283735960722,
        "mae_total": 0.045040491968393326,
        "mae_steer": 0.0348891019821167,
        "r2_steer": 0.9598326086997986,
        "mae_accel": 0.06398092955350876,
        "r2_accel": 0.9380102157592773,
        "mae_brake": 0.036251362413167953,
        "r2_brake": 0.8990361094474792
      },
      "time_s": 15.795178174972534
    },
    {
      "arch": [
        128,
        64
      ],
      "lr": 0.001,
      "epochs": 185,
      "metrics": {
        "mse_total": 0.003959119785577059,
        "mae_total": 0.03613952174782753,
        "mae_steer": 0.028245272114872932,
        "r2_steer": 0.9730855822563171,
        "mae_accel": 0.051478561013936996,
        "r2_accel": 0.9557112455368042,
        "mae_brake": 0.02869480848312378,
        "r2_brake": 0.9372665286064148
      },
      "time_s": 20.92094659805298
    },
    {
      "arch": [
        128,
        64
      ],
      "lr": 0.0005,
      "epochs": 200,
      "metrics": {
        "mse_total": 0.004671281669288874,
        "mae_total": 0.04027889296412468,
        "mae_steer": 0.030484404414892197,
        "r2_steer": 0.9697588682174683,
        "mae_accel": 0.05835902318358421,
        "r2_accel": 0.9480133056640625,
        "mae_brake": 0.031993307173252106,
        "r2_brake": 0.9218387603759766
      },
      "time_s": 22.693809509277344
    },
    {
      "arch": [
        128,
        64,
        32
      ],
      "lr": 0.001,
      "epochs": 200,
      "metrics": {
        "mse_total": 0.002821872243657708,
        "mae_total": 0.02901049517095089,
        "mae_steer": 0.02378741092979908,
        "r2_steer": 0.9791017770767212,
        "mae_accel": 0.04199235886335373,
        "r2_accel": 0.9676396250724792,
        "mae_brake": 0.021251734346151352,
        "r2_brake": 0.9621783494949341
      },
      "time_s": 27.218284606933594
    },
    {
      "arch": [
        128,
        64,
        32
      ],
      "lr": 0.0005,
      "epochs": 200,
      "metrics": {
        "mse_total": 0.003796170698478818,
        "mae_total": 0.035441383719444275,
        "mae_steer": 0.030633123591542244,
        "r2_steer": 0.9695264101028442,
        "mae_accel": 0.051840994507074356,
        "r2_accel": 0.9576029777526855,
        "mae_brake": 0.02385002002120018,
        "r2_brake": 0.9485812187194824
      },
      "time_s": 27.2170147895813
    }
  ],
  "final_val": {
    "mse_total": 0.002821872243657708,
    "mae_total": 0.02901049517095089,
    "mae_steer": 0.02378741092979908,
    "r2_steer": 0.9791017770767212,
    "mae_accel": 0.04199235886335373,
    "r2_accel": 0.9676396250724792,
    "mae_brake": 0.021251734346151352,
    "r2_brake": 0.9621783494949341
  },
  "final_test": {
    "mse_total": 0.003105022246018052,
    "mae_total": 0.030237210914492607,
    "mae_steer": 0.025200529024004936,
    "r2_steer": 0.9733635187149048,
    "mae_accel": 0.042793020606040955,
    "r2_accel": 0.9668088555335999,
    "mae_brake": 0.022718066349625587,
    "r2_brake": 0.9545655846595764
  },
  "val_test_gap": 0.0012267157435417175,
  "config": {
    "activation": "tanh",
    "solver": "adam",
    "max_iter_grid": 200,
    "max_iter_final": 500,
    "patience": 15,
    "random_state": 42
  }
}